#VRML V2.0 utf8
# 3D model generated by easyeda2kicad.py (https://github.com/uPesy/easyeda2kicad.py)

Shape{
    appearance Appearance {
        material  Material 	{
            diffuseColor 0.6666666666666666 0.6666666666666666 0.6666666666666666
            specularColor 0.4666666666666667 0.4666666666666667 0.4666666666666667
            ambientIntensity 0.6667
            transparency 0.0
            shininess 0.5
        }
    }
    geometry IndexedFaceSet {
        ccw TRUE
        solid FALSE
        coord DEF co Coordinate {
            point [
                1.3091 1.742 2.6772, 1.3091 1.742 0.0, 1.1516 1.742 2.6772, 1.1516 1.742 0.0, 1.3091 1.5059 0.0, 1.1516 1.5059 0.0, 1.3091 0.4035 0.0, 1.3091 0.1674 0.0, 1.1516 0.4035 0.0, 1.1516 0.1674 0.0, 1.3091 0.1674 2.6772, 1.1516 0.1674 2.6772, 1.3091 0.5611 3.0709, 1.1516 0.5611 3.0709, 1.3091 1.3483 3.0709, 1.1516 1.3483 3.0709, 1.3091 0.6259 -1.1903, 1.3091 0.4035 -0.7134, 1.1516 0.6259 -1.1903, 1.1516 0.4035 -0.7134, 1.1516 0.6492 -1.2283, 1.3091 0.6492 -1.2283, 1.1516 0.6804 -1.2601, 1.3091 0.6804 -1.2601, 1.1516 0.718 -1.2841, 1.3091 0.718 -1.2841, 1.1516 0.76 -1.2989, 1.3091 0.76 -1.2989, 1.1516 0.8043 -1.304, 1.3091 0.8043 -1.304, 1.3091 1.1051 -1.304, 1.1516 1.1051 -1.304, 1.1516 1.1494 -1.2989, 1.3091 1.1494 -1.2989, 1.1516 1.1914 -1.2841, 1.3091 1.1914 -1.2841, 1.1516 1.229 -1.2601, 1.3091 1.229 -1.2601, 1.1516 1.2602 -1.2283, 1.3091 1.2602 -1.2283, 1.1516 1.2835 -1.1903, 1.3091 1.2835 -1.1903, 1.3091 1.5059 -0.7134, 1.1516 1.5059 -0.7134, 1.3091 0.8136 2.8053, 1.3091 0.7931 2.9243, 1.3091 0.8591 2.8215, 1.3091 0.8458 2.94, 1.3091 0.9065 2.8313, 1.3091 0.8999 2.9496, 1.3091 0.9547 2.8346, 1.3091 0.9547 2.9528, 1.3091 1.003 2.8313, 1.3091 1.0096 2.9496, 1.3091 1.0503 2.8215, 1.3091 1.2886 2.3617, 1.3091 1.3885 2.2932, 1.3091 1.2693 2.3173, 1.3091 1.3639 2.2441, 1.3091 1.2442 2.276, 1.3091 1.3337 2.1982, 1.3091 1.2137 2.2385, 1.3091 1.2984 2.1561, 1.3091 1.1783 2.2055, 1.3091 1.2584 2.1184, 1.3091 1.1388 2.1776, 1.3091 1.2143 2.0856, 1.3091 1.0959 2.1553, 1.3091 1.2693 2.6433, 1.3091 1.3885 2.6674, 1.3091 1.2886 2.599, 1.3091 1.4073 2.6158, 1.3091 1.3016 2.5524, 1.3091 1.42 2.5624, 1.3091 1.3082 2.5045, 1.3091 1.4264 2.5078, 1.3091 1.3082 2.4561, 1.3091 1.4264 2.4528, 1.3091 1.3016 2.4082, 1.3091 1.42 2.3983, 1.3091 1.4073 2.3448, 1.3091 0.6209 2.599, 1.3091 0.5209 2.6674, 1.3091 0.6401 2.6433, 1.3091 0.5456 2.7165, 1.3091 0.6652 2.6847, 1.3091 0.5758 2.7624, 1.3091 0.6958 2.7222, 1.3091 0.6111 2.8045, 1.3091 0.7311 2.7552, 1.3091 0.651 2.8422, 1.3091 0.7706 2.7831, 1.3091 0.6951 2.875, 1.3091 0.7427 2.9025, 1.3091 0.6401 2.3173, 1.3091 0.5209 2.2932, 1.3091 0.6209 2.3617, 1.3091 0.5021 2.3448, 1.3091 0.6078 2.4082, 1.3091 0.4895 2.3983, 1.3091 0.6012 2.4561, 1.3091 0.4831 2.4528, 1.3091 0.6012 2.5045, 1.3091 0.4831 2.5078, 1.3091 0.6078 2.5524, 1.3091 0.4895 2.5624, 1.3091 0.5021 2.6158, 1.3091 0.8591 2.1391, 1.3091 0.7931 2.0364, 1.3091 0.8136 2.1553, 1.3091 0.7427 2.0581, 1.3091 0.7706 2.1776, 1.3091 0.6951 2.0856, 1.3091 0.7311 2.2055, 1.3091 0.651 2.1184, 1.3091 0.6958 2.2385, 1.3091 0.6111 2.1561, 1.3091 0.6652 2.276, 1.3091 0.5758 2.1982, 1.3091 0.5456 2.2441, 1.3091 1.0637 2.94, 1.3091 1.1163 2.9243, 1.3091 1.0959 2.8053, 1.3091 1.1668 2.9025, 1.3091 1.1388 2.7831, 1.3091 1.2143 2.875, 1.3091 1.1783 2.7552, 1.3091 1.2584 2.8422, 1.3091 1.2137 2.7222, 1.3091 1.2984 2.8045, 1.3091 1.2442 2.6847, 1.3091 1.3337 2.7624, 1.3091 1.3639 2.7165, 1.3091 1.1668 2.0581, 1.3091 1.1163 2.0364, 1.3091 1.0503 2.1391, 1.3091 1.0637 2.0206, 1.3091 1.003 2.1293, 1.3091 1.0096 2.0111, 1.3091 0.9547 2.126, 1.3091 0.9547 2.0079, 1.3091 0.9065 2.1293, 1.3091 0.8999 2.0111, 1.3091 0.8458 2.0206, 1.3681 0.9157 2.9511, 1.3681 0.877 2.9463, 1.3681 0.8999 2.9492, 1.3681 0.7932 2.924, 1.3681 0.8013 2.9272, 1.3681 0.8387 2.9383, 1.3681 0.8458 2.9398, 1.3681 0.7649 2.913, 1.3681 0.7429 2.9022, 1.3681 0.7299 2.8958, 1.3681 0.6963 2.8758, 1.3681 0.6645 2.8531, 1.3681 0.6951 2.875, 1.3681 0.6347 2.8279, 1.3681 0.6513 2.8419, 1.3681 0.576 2.7623, 1.3681 0.5819 2.7705, 1.3681 0.6071 2.8003, 1.3681 0.6112 2.8044, 1.3681 0.5592 2.7387, 1.3681 0.5459 2.7164, 1.3681 0.5392 2.7052, 1.3681 0.5221 2.6701, 1.3681 0.5079 2.6337, 1.3681 0.521 2.6674, 1.3681 0.4967 2.5963, 1.3681 0.5025 2.6157, 1.3681 0.4834 2.5078, 1.3681 0.4839 2.5193, 1.3681 0.4887 2.5581, 1.3681 0.4896 2.5623, 1.3681 0.4823 2.4803, 1.3681 0.4834 2.4529, 1.3681 0.4839 2.4413, 1.3681 0.4887 2.4026, 1.3681 0.4967 2.3643, 1.3681 0.4896 2.3983, 1.3681 0.5079 2.3269, 1.3681 0.5025 2.3449, 1.3681 0.5459 2.2443, 1.3681 0.5392 2.2555, 1.3681 0.5221 2.2905, 1.3681 0.521 2.2932, 1.3681 0.5592 2.2219, 1.3681 0.576 2.1984, 1.3681 0.5819 2.1901, 1.3681 0.6071 2.1603, 1.3681 0.6347 2.1327, 1.3681 0.6112 2.1563, 1.3681 0.6645 2.1075, 1.3681 0.6513 2.1187, 1.3681 0.7429 2.0585, 1.3681 0.7299 2.0648, 1.3681 0.6963 2.0848, 1.3681 0.6951 2.0856, 1.3681 0.7649 2.0477, 1.3681 0.7932 2.0366, 1.3681 0.8013 2.0335, 1.3681 0.8387 2.0223, 1.3681 0.877 2.0143, 1.3681 0.8458 2.0209, 1.3681 0.9157 2.0095, 1.3681 0.8999 2.0115, 1.3681 0.9937 2.0095, 1.3681 0.9547 2.0079, 1.3681 1.0325 2.0143, 1.3681 1.0095 2.0115, 1.3681 1.1162 2.0366, 1.3681 1.1081 2.0335, 1.3681 1.0707 2.0223, 1.3681 1.0636 2.0209, 1.3681 1.1445 2.0477, 1.3681 1.1666 2.0585, 1.3681 1.1796 2.0648, 1.3681 1.2131 2.0848, 1.3681 1.2449 2.1075, 1.3681 1.2143 2.0856, 1.3681 1.2747 2.1327, 1.3681 1.2581 2.1187, 1.3681 1.3334 2.1984, 1.3681 1.3275 2.1901, 1.3681 1.3023 2.1603, 1.3681 1.2982 2.1563, 1.3681 1.3502 2.2219, 1.3681 1.3636 2.2443, 1.3681 1.3702 2.2555, 1.3681 1.3874 2.2905, 1.3681 1.4016 2.3269, 1.3681 1.3884 2.2932, 1.3681 1.4127 2.3643, 1.3681 1.4069 2.3449, 1.3681 1.426 2.4529, 1.3681 1.4255 2.4413, 1.3681 1.4207 2.4026, 1.3681 1.4198 2.3983, 1.3681 1.4272 2.4803, 1.3681 1.426 2.5078, 1.3681 1.4255 2.5193, 1.3681 1.4207 2.5581, 1.3681 1.4127 2.5963, 1.3681 1.4198 2.5623, 1.3681 1.4016 2.6337, 1.3681 1.4069 2.6157, 1.3681 1.3636 2.7164, 1.3681 1.3702 2.7052, 1.3681 1.3874 2.6701, 1.3681 1.3884 2.6674, 1.3681 1.3502 2.7387, 1.3681 1.3334 2.7623, 1.3681 1.3275 2.7705, 1.3681 1.3023 2.8003, 1.3681 1.2747 2.8279, 1.3681 1.2982 2.8044, 1.3681 1.2449 2.8531, 1.3681 1.2581 2.8419, 1.3681 1.1666 2.9022, 1.3681 1.1796 2.8958, 1.3681 1.2131 2.8758, 1.3681 1.2143 2.875, 1.3681 1.1445 2.913, 1.3681 1.1162 2.924, 1.3681 1.1081 2.9272, 1.3681 1.0707 2.9383, 1.3681 1.0325 2.9463, 1.3681 1.0636 2.9398, 1.3681 0.9547 2.9528, 1.3681 0.9937 2.9511, 1.3681 1.0095 2.9492, 1.3681 0.9547 2.8343, 1.3681 0.9704 2.8343, 1.3681 1.0016 2.8315, 1.3681 1.0325 2.826, 1.3681 1.003 2.8313, 1.3681 1.0958 2.8052, 1.3681 1.0921 2.8069, 1.3681 1.0627 2.8178, 1.3681 1.0502 2.8212, 1.3681 1.1205 2.7935, 1.3681 1.1387 2.7828, 1.3681 1.1475 2.7776, 1.3681 1.173 2.7594, 1.3681 1.1968 2.739, 1.3681 1.1782 2.755, 1.3681 1.244 2.6845, 1.3681 1.2386 2.6924, 1.3681 1.2187 2.7166, 1.3681 1.2135 2.722, 1.3681 1.2562 2.6665, 1.3681 1.2692 2.6432, 1.3681 1.2715 2.6391, 1.3681 1.2843 2.6105, 1.3681 1.2945 2.5808, 1.3681 1.2883 2.5989, 1.3681 1.3079 2.5045, 1.3681 1.3069 2.5194, 1.3681 1.3021 2.5504, 1.3681 1.3016 2.5524, 1.3681 1.309 2.4882, 1.3681 1.3083 2.4568, 1.3681 1.3048 2.4257, 1.3681 1.3082 2.4561, 1.3681 1.2885 2.3617, 1.3681 1.2897 2.3649, 1.3681 1.2986 2.3949, 1.3681 1.3013 2.4083, 1.3681 1.2782 2.3357, 1.3681 1.269 2.3174, 1.3681 1.2642 2.3077, 1.3681 1.2477 2.281, 1.3681 1.2289 2.2559, 1.3681 1.244 2.2761, 1.3681 1.1782 2.2057, 1.3681 1.1851 2.2111, 1.3681 1.208 2.2326, 1.3681 1.2135 2.2386, 1.3681 1.1604 2.1918, 1.3681 1.1387 2.1777, 1.3681 1.1341 2.1748, 1.3681 1.1064 2.1601, 1.3681 1.0775 2.148, 1.3681 1.0958 2.1556, 1.3681 1.0029 2.1296, 1.3681 1.0171 2.1315, 1.3681 1.0477 2.1384, 1.3681 1.0503 2.1392, 1.3681 0.986 2.1274, 1.3681 0.9547 2.126, 1.3681 0.9234 2.1274, 1.3681 0.9065 2.1296, 1.3681 0.8923 2.1315, 1.3681 0.8618 2.1384, 1.3681 0.8319 2.148, 1.3681 0.8592 2.1392, 1.3681 0.7707 2.1777, 1.3681 0.7753 2.1748, 1.3681 0.803 2.1601, 1.3681 0.8137 2.1556, 1.3681 0.749 2.1918, 1.3681 0.7313 2.2057, 1.3681 0.7243 2.2111, 1.3681 0.7014 2.2326, 1.3681 0.6805 2.2559, 1.3681 0.696 2.2386, 1.3681 0.6404 2.3174, 1.3681 0.6453 2.3077, 1.3681 0.6618 2.281, 1.3681 0.6654 2.2761, 1.3681 0.6312 2.3357, 1.3681 0.621 2.3617, 1.3681 0.6197 2.3649, 1.3681 0.6108 2.3949, 1.3681 0.6046 2.4257, 1.3681 0.6081 2.4083, 1.3681 0.6016 2.5045, 1.3681 0.6005 2.4882, 1.3681 0.6012 2.4568, 1.3681 0.6012 2.4561, 1.3681 0.6026 2.5194, 1.3681 0.6074 2.5504, 1.3681 0.6149 2.5808, 1.3681 0.6079 2.5524, 1.3681 0.6403 2.6432, 1.3681 0.638 2.6391, 1.3681 0.6252 2.6105, 1.3681 0.6212 2.5989, 1.3681 0.6532 2.6665, 1.3681 0.6655 2.6845, 1.3681 0.6709 2.6924, 1.3681 0.6907 2.7166, 1.3681 0.7126 2.739, 1.3681 0.6959 2.722, 1.3681 0.7708 2.7828, 1.3681 0.762 2.7776, 1.3681 0.7364 2.7594, 1.3681 0.7313 2.755, 1.3681 0.789 2.7935, 1.3681 0.8136 2.8052, 1.3681 0.8173 2.8069, 1.3681 0.8467 2.8178, 1.3681 0.877 2.826, 1.3681 0.8592 2.8212, 1.3681 0.939 2.8343, 1.3681 0.9078 2.8315, 1.3681 0.9065 2.8313, 1.3813 1.0322 2.0158, 1.3813 1.0703 2.0238, 1.3813 1.1439 2.049, 1.3813 1.244 2.1087, 1.3813 1.2737 2.1338, 1.3813 1.3012 2.1613, 1.3813 1.349 2.2227, 1.3813 1.4002 2.3274, 1.3813 1.4113 2.3647, 1.3813 1.4193 2.4028, 1.3813 1.4257 2.4803, 1.3813 1.4113 2.5959, 1.3813 1.386 2.6695, 1.3813 1.349 2.7379, 1.3813 1.2737 2.8268, 1.3813 1.2123 2.8746, 1.3813 1.1439 2.9116, 1.3813 1.0322 2.9449, 1.3813 0.8772 2.9449, 1.3813 0.8391 2.9369, 1.3813 0.7655 2.9116, 1.3813 0.6655 2.852, 1.3813 0.6357 2.8268, 1.3813 0.6082 2.7993, 1.3813 0.5605 2.7379, 1.3813 0.5093 2.6332, 1.3813 0.4982 2.5959, 1.3813 0.4902 2.5578, 1.3813 0.4838 2.4803, 1.3813 0.4982 2.3647, 1.3813 0.5234 2.2911, 1.3813 0.5605 2.2227, 1.3813 0.6357 2.1338, 1.3813 0.6971 2.086, 1.3813 0.7655 2.049, 1.3813 0.8772 2.0158, 1.4272 0.9912 2.0686, 1.4272 0.9889 2.0683, 1.4257 0.9899 2.0552, 1.4272 1.0275 2.0736, 1.4272 1.0228 2.0726, 1.4257 1.0249 2.0596, 1.4272 1.0631 2.0816, 1.4272 1.0562 2.0796, 1.4257 1.0594 2.0668, 1.4272 1.25 2.1915, 1.4272 1.2347 2.1762, 1.4257 1.2436 2.1665, 1.4272 1.2744 2.2187, 1.4272 1.2589 2.2003, 1.4257 1.2685 2.1914, 1.4272 1.2963 2.248, 1.4272 1.2809 2.2264, 1.4257 1.2913 2.2183, 1.4272 1.3156 2.279, 1.4272 1.3008 2.2542, 1.4257 1.3118 2.247, 1.4272 1.332 2.3117, 1.4272 1.3183 2.2836, 1.4257 1.3298 2.2773, 1.4272 1.3455 2.3456, 1.4272 1.3333 2.3143, 1.4257 1.3453 2.309, 1.4272 1.3559 2.3807, 1.4272 1.3555 2.3788, 1.4257 1.3682 2.3756, 1.4272 1.363 2.4166, 1.4272 1.3625 2.4123, 1.4257 1.3754 2.4101, 1.4272 1.367 2.4529, 1.4272 1.3667 2.4462, 1.4257 1.3798 2.4451, 1.4272 1.3677 2.4895, 1.4272 1.3681 2.4803, 1.4257 1.3812 2.4803, 1.4272 1.324 2.6654, 1.4272 1.3333 2.6464, 1.4257 1.3453 2.6517, 1.4272 1.3062 2.6973, 1.4272 1.3183 2.6771, 1.4257 1.3298 2.6833, 1.4272 1.2857 2.7276, 1.4272 1.3008 2.7064, 1.4257 1.3118 2.7136, 1.4272 1.2626 2.7559, 1.4272 1.2809 2.7342, 1.4257 1.2913 2.7423, 1.4272 1.2371 2.7821, 1.4272 1.2589 2.7603, 1.4257 1.2685 2.7692, 1.4272 1.2094 2.8059, 1.4272 1.2347 2.7845, 1.4257 1.2436 2.7941, 1.4272 1.1796 2.8271, 1.4272 1.1808 2.8264, 1.4257 1.188 2.8374, 1.4272 1.148 2.8456, 1.4272 1.1515 2.8439, 1.4257 1.1577 2.8554, 1.4272 1.115 2.8612, 1.4272 1.1208 2.8589, 1.4257 1.1261 2.8709, 1.4272 1.0806 2.8738, 1.4272 1.0889 2.8713, 1.4257 1.0932 2.8837, 1.4272 0.9001 2.8897, 1.4272 0.9206 2.8923, 1.4257 0.9195 2.9054, 1.4272 0.8641 2.8833, 1.4272 0.8867 2.8881, 1.4257 0.8845 2.901, 1.4272 0.8288 2.8738, 1.4272 0.8532 2.8811, 1.4257 0.85 2.8938, 1.4272 0.7945 2.8612, 1.4272 0.8205 2.8713, 1.4257 0.8162 2.8837, 1.4272 0.7614 2.8456, 1.4272 0.7887 2.8589, 1.4257 0.7834 2.8709, 1.4272 0.7299 2.8271, 1.4272 0.758 2.8439, 1.4257 0.7517 2.8554, 1.4272 0.7001 2.8059, 1.4272 0.7008 2.8065, 1.4257 0.6927 2.8169, 1.4272 0.6724 2.7821, 1.4272 0.6747 2.7845, 1.4257 0.6658 2.7941, 1.4272 0.6469 2.7559, 1.4272 0.6506 2.7603, 1.4257 0.6409 2.7692, 1.4272 0.6238 2.7276, 1.4272 0.6285 2.7342, 1.4257 0.6181 2.7423, 1.4272 0.5498 2.562, 1.4272 0.554 2.5818, 1.4257 0.5412 2.585, 1.4272 0.5442 2.5259, 1.4272 0.547 2.5484, 1.4257 0.534 2.5505, 1.4272 0.5417 2.4895, 1.4272 0.5427 2.5145, 1.4257 0.5297 2.5155, 1.4272 0.5425 2.4529, 1.4272 0.5413 2.4803, 1.4257 0.5282 2.4803, 1.4272 0.5464 2.4166, 1.4272 0.5427 2.4462, 1.4257 0.5297 2.4451, 1.4272 0.5536 2.3807, 1.4272 0.547 2.4123, 1.4257 0.534 2.4101, 1.4272 0.5639 2.3456, 1.4272 0.5637 2.3461, 1.4257 0.5513 2.3418, 1.4272 0.5774 2.3117, 1.4272 0.5762 2.3143, 1.4257 0.5641 2.309, 1.4272 0.5939 2.279, 1.4272 0.5912 2.2836, 1.4257 0.5796 2.2773, 1.4272 0.6131 2.248, 1.4272 0.6086 2.2542, 1.4257 0.5976 2.247, 1.4272 0.7456 2.1241, 1.4272 0.7286 2.1342, 1.4257 0.7214 2.1232, 1.4272 0.7779 2.107, 1.4272 0.758 2.1168, 1.4257 0.7517 2.1052, 1.4272 0.8115 2.0928, 1.4272 0.7887 2.1018, 1.4257 0.7834 2.0897, 1.4272 0.8463 2.0816, 1.4272 0.8205 2.0893, 1.4257 0.8162 2.0769, 1.4272 0.882 2.0736, 1.4272 0.8532 2.0796, 1.4257 0.85 2.0668, 1.4272 0.9182 2.0686, 1.4272 0.8867 2.0726, 1.4257 0.8845 2.0596, 1.4272 0.7008 2.1541, 1.4272 0.6861 2.1665, 1.4257 0.6658 2.1665, 1.4272 0.6747 2.1762, 1.4272 0.6594 2.1915, 1.4257 0.6409 2.1914, 1.4272 0.6506 2.2003, 1.4272 0.635 2.2187, 1.4257 0.6181 2.2183, 1.4272 0.6285 2.2264, 1.4272 0.5637 2.6145, 1.4272 0.5706 2.632, 1.4257 0.5641 2.6517, 1.4272 0.5762 2.6464, 1.4272 0.5855 2.6654, 1.4257 0.5796 2.6833, 1.4272 0.5912 2.6771, 1.4272 0.6032 2.6973, 1.4257 0.5976 2.7136, 1.4272 0.6086 2.7064, 1.4272 0.9547 2.8937, 1.4272 0.973 2.8929, 1.4257 0.9899 2.9054, 1.4272 0.9889 2.8923, 1.4272 1.0094 2.8897, 1.4257 1.0249 2.901, 1.4272 1.0228 2.8881, 1.4272 1.0454 2.8833, 1.4257 1.0594 2.8938, 1.4272 1.0562 2.8811, 1.4272 1.3457 2.6145, 1.4272 1.3508 2.5975, 1.4257 1.3682 2.585, 1.4272 1.3555 2.5818, 1.4272 1.3596 2.562, 1.4257 1.3754 2.5505, 1.4272 1.3625 2.5484, 1.4272 1.3653 2.5259, 1.4257 1.3798 2.5155, 1.4272 1.3667 2.5145, 1.4272 1.2086 2.1541, 1.4272 1.1945 2.144, 1.4257 1.188 2.1232, 1.4272 1.1808 2.1342, 1.4272 1.1639 2.1241, 1.4257 1.1577 2.1052, 1.4272 1.1515 2.1168, 1.4272 1.1316 2.107, 1.4257 1.1261 2.0897, 1.4272 1.1208 2.1018, 1.4272 1.0979 2.0928, 1.4257 1.0932 2.0769, 1.4272 1.0889 2.0893, 1.4272 0.9206 2.0683, 1.4257 0.9195 2.0552, 1.4213 0.9185 2.0428, 1.4213 0.8825 2.0473, 1.4143 0.9175 2.0316, 1.4143 0.8806 2.0363, 1.4049 0.9168 2.0223, 1.4049 0.8791 2.027, 1.3937 0.9162 2.0153, 1.3937 0.8779 2.0201, 1.3813 0.9158 2.011, 1.4213 0.8122 2.0651, 1.4213 0.7784 2.0783, 1.4143 0.8085 2.0545, 1.4143 0.7739 2.068, 1.4049 0.8055 2.0457, 1.4049 0.7701 2.0595, 1.3937 0.8032 2.039, 1.3937 0.7673 2.053, 1.3813 0.8018 2.0349, 1.4272 0.7149 2.144, 1.4257 0.6927 2.1437, 1.4213 0.6851 2.1339, 1.4213 0.6574 2.1573, 1.4143 0.6782 2.125, 1.4143 0.6498 2.1491, 1.4049 0.6725 2.1177, 1.4049 0.6435 2.1422, 1.3937 0.6681 2.1121, 1.3937 0.6387 2.137, 1.3813 0.6655 2.1087, 1.4213 0.6083 2.2107, 1.4213 0.5872 2.2402, 1.4143 0.5994 2.2038, 1.4143 0.5778 2.2341, 1.4049 0.5921 2.1981, 1.4049 0.57 2.229, 1.3937 0.5865 2.1937, 1.3937 0.5641 2.2251, 1.3813 0.5831 2.191, 1.4272 0.554 2.3788, 1.4257 0.5412 2.3756, 1.4213 0.5395 2.3378, 1.4213 0.5291 2.3725, 1.4143 0.5289 2.3341, 1.4143 0.5183 2.3698, 1.4049 0.5201 2.3311, 1.4049 0.5092 2.3675, 1.3937 0.5134 2.3288, 1.3937 0.5024 2.3658, 1.3813 0.5093 2.3274, 1.4213 0.5172 2.4441, 1.4213 0.5157 2.4803, 1.4143 0.5061 2.4431, 1.4143 0.5045 2.4803, 1.4049 0.4967 2.4424, 1.4049 0.4952 2.4803, 1.3937 0.4897 2.4418, 1.3937 0.4881 2.4803, 1.3813 0.4854 2.4414, 1.4213 0.5686 2.6893, 1.4213 0.5872 2.7204, 1.4143 0.5588 2.6946, 1.4143 0.5778 2.7266, 1.4049 0.5506 2.699, 1.4049 0.57 2.7317, 1.3937 0.5444 2.7024, 1.3937 0.5641 2.7355, 1.3813 0.5405 2.7045, 1.4213 0.7458 2.8664, 1.4213 0.7784 2.8824, 1.4143 0.7404 2.8763, 1.4143 0.7739 2.8926, 1.4049 0.736 2.8845, 1.4049 0.7701 2.9012, 1.3937 0.7326 2.8907, 1.3937 0.7673 2.9076, 1.3813 0.7306 2.8945, 1.4213 0.991 2.9178, 1.4213 1.027 2.9133, 1.4143 0.9919 2.929, 1.4143 1.0288 2.9244, 1.4049 0.9927 2.9383, 1.4049 1.0304 2.9336, 1.3937 0.9933 2.9453, 1.3937 1.0315 2.9405, 1.3813 0.9936 2.9497, 1.4213 1.0973 2.8955, 1.4213 1.1311 2.8824, 1.4143 1.1009 2.9061, 1.4143 1.1356 2.8926, 1.4049 1.1039 2.915, 1.4049 1.1393 2.9012, 1.3937 1.1062 2.9216, 1.3937 1.1422 2.9076, 1.3813 1.1076 2.9258, 1.4272 1.2086 2.8065, 1.4257 1.2167 2.8169, 1.4213 1.2244 2.8268, 1.4213 1.2521 2.8033, 1.4143 1.2312 2.8356, 1.4143 1.2596 2.8115, 1.4049 1.237 2.843, 1.4049 1.266 2.8184, 1.3937 1.2413 2.8485, 1.3937 1.2707 2.8236, 1.3813 1.244 2.852, 1.4213 1.3012 2.75, 1.4213 1.3222 2.7204, 1.4143 1.31 2.7568, 1.4143 1.3316 2.7266, 1.4049 1.3174 2.7626, 1.4049 1.3394 2.7317, 1.3937 1.3229 2.7669, 1.3937 1.3453 2.7355, 1.3813 1.3264 2.7696, 1.4272 1.3389 2.632, 1.4257 1.3581 2.6188, 1.4213 1.3699 2.6229, 1.4213 1.3803 2.5881, 1.4143 1.3805 2.6265, 1.4143 1.3912 2.5908, 1.4049 1.3894 2.6295, 1.4049 1.4002 2.5931, 1.3937 1.396 2.6318, 1.3937 1.407 2.5949, 1.3813 1.4002 2.6332, 1.4213 1.3922 2.5166, 1.4213 1.3937 2.4803, 1.4143 1.4034 2.5175, 1.4143 1.4049 2.4803, 1.4049 1.4127 2.5183, 1.4049 1.4143 2.4803, 1.3937 1.4197 2.5188, 1.3937 1.4213 2.4803, 1.3813 1.4241 2.5192, 1.4213 1.3408 2.2714, 1.4213 1.3222 2.2402, 1.4143 1.3507 2.266, 1.4143 1.3316 2.2341, 1.4049 1.3589 2.2616, 1.4049 1.3394 2.229, 1.3937 1.3651 2.2582, 1.3937 1.3453 2.2251, 1.3813 1.3689 2.2562, 1.4213 1.1637 2.0942, 1.4213 1.1311 2.0783, 1.4143 1.169 2.0844, 1.4143 1.1356 2.068, 1.4049 1.1734 2.0761, 1.4049 1.1393 2.0595, 1.3937 1.1768 2.07, 1.3937 1.1422 2.053, 1.3813 1.1789 2.0661, 1.4272 0.9547 2.0669, 1.4257 0.9547 2.0538, 1.4213 0.9547 2.0413, 1.4143 0.9547 2.0301, 1.4049 0.9547 2.0208, 1.3937 0.9547 2.0137, 1.3813 0.9547 2.0094, 1.3813 0.8391 2.0238, 1.3937 0.8402 2.028, 1.4049 0.8419 2.0348, 1.4143 0.8442 2.0439, 1.4213 0.847 2.0547, 1.3813 0.7306 2.0661, 1.3937 0.7326 2.07, 1.4049 0.736 2.0761, 1.4143 0.7404 2.0844, 1.4213 0.7458 2.0942, 1.4213 0.7146 2.1128, 1.4143 0.7085 2.1034, 1.4049 0.7034 2.0956, 1.3937 0.6995 2.0897, 1.3813 0.6082 2.1613, 1.3937 0.6114 2.1643, 1.4049 0.6166 2.1691, 1.4143 0.6235 2.1754, 1.4213 0.6317 2.183, 1.3813 0.5405 2.2562, 1.3937 0.5444 2.2582, 1.4049 0.5506 2.2616, 1.4143 0.5588 2.266, 1.4213 0.5686 2.2714, 1.4213 0.5527 2.304, 1.4143 0.5424 2.2995, 1.4049 0.5339 2.2957, 1.3937 0.5274 2.2929, 1.3813 0.4902 2.4028, 1.3937 0.4945 2.4035, 1.4049 0.5014 2.4047, 1.4143 0.5107 2.4062, 1.4213 0.5217 2.4081, 1.3813 0.4854 2.5192, 1.3937 0.4897 2.5188, 1.4049 0.4967 2.5183, 1.4143 0.5061 2.5175, 1.4213 0.5172 2.5166, 1.4213 0.5217 2.5526, 1.4143 0.5107 2.5544, 1.4049 0.5014 2.556, 1.3937 0.4945 2.5571, 1.3937 0.5024 2.5949, 1.4049 0.5092 2.5931, 1.4143 0.5183 2.5908, 1.4213 0.5291 2.5881, 1.3937 0.5134 2.6318, 1.4049 0.5201 2.6295, 1.4143 0.5289 2.6265, 1.4213 0.5395 2.6229, 1.4257 0.5513 2.6188, 1.4272 0.5587 2.5975, 1.3813 0.5234 2.6695, 1.3937 0.5274 2.6677, 1.4049 0.5339 2.6649, 1.4143 0.5424 2.6612, 1.4213 0.5527 2.6567, 1.3813 0.5831 2.7696, 1.3937 0.5865 2.7669, 1.4049 0.5921 2.7626, 1.4143 0.5994 2.7568, 1.4213 0.6083 2.75, 1.4213 0.6317 2.7777, 1.4143 0.6235 2.7852, 1.4049 0.6166 2.7916, 1.3937 0.6114 2.7963, 1.3937 0.6387 2.8236, 1.4049 0.6435 2.8184, 1.4143 0.6498 2.8115, 1.4213 0.6574 2.8033, 1.3937 0.6681 2.8485, 1.4049 0.6725 2.843, 1.4143 0.6782 2.8356, 1.4213 0.6851 2.8268, 1.3813 0.6971 2.8746, 1.3937 0.6995 2.8709, 1.4049 0.7034 2.865, 1.4143 0.7085 2.8572, 1.4213 0.7146 2.8478, 1.4257 0.7214 2.8374, 1.4272 0.7286 2.8264, 1.3813 0.8018 2.9258, 1.3937 0.8032 2.9216, 1.4049 0.8055 2.915, 1.4143 0.8085 2.9061, 1.4213 0.8122 2.8955, 1.4213 0.847 2.9059, 1.4143 0.8442 2.9167, 1.4049 0.8419 2.9258, 1.3937 0.8402 2.9326, 1.3937 0.8779 2.9405, 1.4049 0.8791 2.9336, 1.4143 0.8806 2.9244, 1.4213 0.8825 2.9133, 1.3813 0.9158 2.9497, 1.3937 0.9162 2.9453, 1.4049 0.9168 2.9383, 1.4143 0.9175 2.929, 1.4213 0.9185 2.9178, 1.4272 0.9365 2.8929, 1.4257 0.9547 2.9068, 1.4213 0.9547 2.9193, 1.4143 0.9547 2.9305, 1.4049 0.9547 2.9399, 1.3937 0.9547 2.9469, 1.3813 0.9547 2.9513, 1.3813 1.0703 2.9369, 1.3937 1.0693 2.9326, 1.4049 1.0675 2.9258, 1.4143 1.0652 2.9167, 1.4213 1.0625 2.9059, 1.3813 1.1789 2.8945, 1.3937 1.1768 2.8907, 1.4049 1.1734 2.8845, 1.4143 1.169 2.8763, 1.4213 1.1637 2.8664, 1.4213 1.1948 2.8478, 1.4143 1.201 2.8572, 1.4049 1.2061 2.865, 1.3937 1.2099 2.8709, 1.3813 1.3012 2.7993, 1.3937 1.298 2.7963, 1.4049 1.2928 2.7916, 1.4143 1.286 2.7852, 1.4213 1.2777 2.7777, 1.3813 1.3689 2.7045, 1.3937 1.3651 2.7024, 1.4049 1.3589 2.699, 1.4143 1.3507 2.6946, 1.4213 1.3408 2.6893, 1.4213 1.3568 2.6567, 1.4143 1.367 2.6612, 1.4049 1.3756 2.6649, 1.3937 1.382 2.6677, 1.3813 1.4193 2.5578, 1.3937 1.415 2.5571, 1.4049 1.408 2.556, 1.4143 1.3988 2.5544, 1.4213 1.3877 2.5526, 1.3813 1.4241 2.4414, 1.3937 1.4197 2.4418, 1.4049 1.4127 2.4424, 1.4143 1.4034 2.4431, 1.4213 1.3922 2.4441, 1.4213 1.3877 2.4081, 1.4143 1.3988 2.4062, 1.4049 1.408 2.4047, 1.3937 1.415 2.4035, 1.3937 1.407 2.3658, 1.4049 1.4002 2.3675, 1.4143 1.3912 2.3698, 1.4213 1.3803 2.3725, 1.3937 1.396 2.3288, 1.4049 1.3894 2.3311, 1.4143 1.3805 2.3341, 1.4213 1.3699 2.3378, 1.4257 1.3581 2.3418, 1.4272 1.3457 2.3461, 1.3813 1.386 2.2911, 1.3937 1.382 2.2929, 1.4049 1.3756 2.2957, 1.4143 1.367 2.2995, 1.4213 1.3568 2.304, 1.3813 1.3264 2.191, 1.3937 1.3229 2.1937, 1.4049 1.3174 2.1981, 1.4143 1.31 2.2038, 1.4213 1.3012 2.2107, 1.4213 1.2777 2.183, 1.4143 1.286 2.1754, 1.4049 1.2928 2.1691, 1.3937 1.298 2.1643, 1.3937 1.2707 2.137, 1.4049 1.266 2.1422, 1.4143 1.2596 2.1491, 1.4213 1.2521 2.1573, 1.3937 1.2413 2.1121, 1.4049 1.237 2.1177, 1.4143 1.2312 2.125, 1.4213 1.2244 2.1339, 1.4257 1.2167 2.1437, 1.4272 1.2233 2.1665, 1.3813 1.2123 2.086, 1.3937 1.2099 2.0897, 1.4049 1.2061 2.0956, 1.4143 1.201 2.1034, 1.4213 1.1948 2.1128, 1.3813 1.1076 2.0349, 1.3937 1.1062 2.039, 1.4049 1.1039 2.0457, 1.4143 1.1009 2.0545, 1.4213 1.0973 2.0651, 1.4213 1.0625 2.0547, 1.4143 1.0652 2.0439, 1.4049 1.0675 2.0348, 1.3937 1.0693 2.028, 1.3937 1.0315 2.0201, 1.4049 1.0304 2.027, 1.4143 1.0288 2.0363, 1.4213 1.027 2.0473, 1.3813 0.9936 2.011, 1.3937 0.9933 2.0153, 1.4049 0.9927 2.0223, 1.4143 0.9919 2.0316, 1.4213 0.991 2.0428, 1.4257 0.9901 2.0816, 1.4257 1.0252 2.0863, 1.4257 1.1574 2.1352, 1.4257 1.1871 2.1544, 1.4257 1.215 2.1763, 1.4257 1.2409 2.2005, 1.4257 1.2645 2.2268, 1.4257 1.2857 2.2552, 1.4257 1.3043 2.2853, 1.4257 1.3201 2.317, 1.4257 1.3331 2.3499, 1.4257 1.3502 2.4186, 1.4257 1.3471 2.5595, 1.4257 1.3385 2.5939, 1.4257 1.327 2.6273, 1.4257 1.3125 2.6597, 1.4257 1.2953 2.6906, 1.4257 1.2754 2.7199, 1.4257 1.253 2.7473, 1.4257 1.2282 2.7726, 1.4257 1.2013 2.7956, 1.4257 1.1419 2.8341, 1.4257 1.1099 2.8492, 1.4257 0.9724 2.8802, 1.4257 0.937 2.8802, 1.4257 0.9017 2.877, 1.4257 0.8669 2.8708, 1.4257 0.8327 2.8615, 1.4257 0.7995 2.8492, 1.4257 0.7675 2.8341, 1.4257 0.7082 2.7956, 1.4257 0.6813 2.7726, 1.4257 0.6565 2.7473, 1.4257 0.5825 2.6273, 1.4257 0.5709 2.5939, 1.4257 0.5624 2.5595, 1.4257 0.5569 2.5245, 1.4257 0.5546 2.4892, 1.4257 0.5554 2.4538, 1.4257 0.5593 2.4186, 1.4257 0.5763 2.3499, 1.4257 0.5893 2.317, 1.4257 0.6052 2.2853, 1.4257 0.6944 2.1763, 1.4257 0.7223 2.1544, 1.4257 0.752 2.1352, 1.4257 0.7833 2.1186, 1.4257 0.816 2.1049, 1.4257 0.8497 2.0941, 1.4257 0.8843 2.0863, 1.4257 0.9193 2.0816, 1.4257 0.9547 2.0801, 1.3813 0.9862 2.1259, 1.3813 1.0481 2.137, 1.3813 1.0781 2.1466, 1.3813 1.1349 2.1735, 1.3813 1.1613 2.1906, 1.3813 1.2091 2.2315, 1.3813 1.2655 2.307, 1.3813 1.3 2.3946, 1.3813 1.3104 2.4882, 1.3813 1.3035 2.5507, 1.3813 1.2959 2.5812, 1.3813 1.2728 2.6397, 1.3813 1.2575 2.6672, 1.3813 1.2198 2.7176, 1.3813 1.1978 2.7401, 1.3813 1.1483 2.7789, 1.3813 1.0632 2.8192, 1.3813 0.9705 2.8358, 1.3813 0.9076 2.833, 1.3813 0.8766 2.8275, 1.3813 0.8167 2.8083, 1.3813 0.7883 2.7948, 1.3813 0.7355 2.7606, 1.3813 0.7116 2.7401, 1.3813 0.6697 2.6933, 1.3813 0.6238 2.611, 1.3813 0.6011 2.5196, 1.3813 0.6032 2.4254, 1.3813 0.6183 2.3644, 1.3813 0.6299 2.3351, 1.3813 0.6605 2.2802, 1.3813 0.6794 2.255, 1.3813 0.7233 2.21, 1.3813 0.8024 2.1588, 1.3813 0.8921 2.1301, 1.3813 0.7004 2.2315, 1.3937 0.6972 2.2285, 1.3937 0.676 2.2522, 1.4049 0.6922 2.2235, 1.4049 0.6705 2.2478, 1.4143 0.6855 2.217, 1.3813 0.6366 2.6397, 1.3813 0.652 2.6672, 1.3937 0.6327 2.6417, 1.3937 0.6482 2.6695, 1.4049 0.6264 2.6449, 1.4049 0.6423 2.6732, 1.4143 0.6181 2.649, 1.3813 1.3084 2.5196, 1.3937 1.3127 2.5201, 1.3937 1.3148 2.4883, 1.4049 1.3197 2.5209, 1.4049 1.3218 2.4884, 1.4143 1.329 2.5219, 1.3813 1.1071 2.1588, 1.3937 1.1089 2.1548, 1.3937 1.0796 2.1425, 1.4049 1.112 2.1485, 1.4049 1.082 2.1359, 1.4143 1.116 2.14, 1.3937 0.7205 2.2067, 1.4049 0.7159 2.2013, 1.4143 0.7098 2.1942, 1.4213 0.7026 2.1857, 1.3937 0.6197 2.6126, 1.4049 0.6132 2.6152, 1.4143 0.6045 2.6186, 1.4213 0.5941 2.6227, 1.3813 1.0018 2.833, 1.3813 1.0328 2.8275, 1.3937 1.0024 2.8373, 1.3937 1.0338 2.8317, 1.4049 1.0033 2.8443, 1.4049 1.0353 2.8386, 1.4143 1.0046 2.8536, 1.4143 1.0374 2.8477, 1.4213 1.006 2.8647, 1.3937 1.3078 2.5516, 1.4049 1.3147 2.553, 1.4143 1.3238 2.5548, 1.4213 1.3348 2.557, 1.3937 1.1371 2.1697, 1.4049 1.1407 2.1637, 1.4143 1.1454 2.1556, 1.4213 1.1511 2.1459, 1.3813 0.7481 2.1906, 1.3937 0.7456 2.1871, 1.4049 0.7415 2.1813, 1.4143 0.7361 2.1737, 1.4213 0.7296 2.1646, 1.3813 0.6135 2.5812, 1.3937 0.6093 2.5825, 1.4049 0.6026 2.5845, 1.4143 0.5936 2.5871, 1.4213 0.5829 2.5903, 1.3937 0.9707 2.8401, 1.4049 0.971 2.8472, 1.4143 0.9714 2.8565, 1.4213 0.9719 2.8677, 1.3937 1.3001 2.5825, 1.4049 1.3069 2.5845, 1.4143 1.3158 2.5871, 1.4213 1.3266 2.5903, 1.3937 1.1638 2.1871, 1.4049 1.1679 2.1813, 1.4143 1.1734 2.1737, 1.4213 1.1799 2.1646, 1.4213 0.6546 2.2347, 1.4257 0.645 2.2268, 1.4257 0.6686 2.2005, 1.4213 0.6248 2.684, 1.4257 0.6142 2.6906, 1.4257 0.5969 2.6597, 1.4213 1.0398 2.8586, 1.4257 1.0426 2.8708, 1.4257 1.0077 2.877, 1.4213 1.3424 2.4889, 1.4257 1.3549 2.4892, 1.4257 1.3525 2.5245, 1.4213 1.0891 2.1166, 1.4257 1.0935 2.1049, 1.4257 1.1261 2.1186, 1.4213 0.9205 2.0941, 1.4213 0.9547 2.0926, 1.4143 0.9214 2.1052, 1.4143 0.9547 2.1038, 1.4049 0.9223 2.1145, 1.4049 0.9547 2.1131, 1.3937 0.9229 2.1215, 1.3937 0.9547 2.1201, 1.3813 0.9233 2.1259, 1.3813 0.9547 2.1245, 1.4213 0.8864 2.0986, 1.4143 0.8884 2.1096, 1.4049 0.8901 2.1188, 1.3937 0.8913 2.1258, 1.4213 0.853 2.1061, 1.4143 0.8559 2.1169, 1.4049 0.8584 2.126, 1.3937 0.8602 2.1328, 1.3813 0.8614 2.137, 1.4213 0.8203 2.1166, 1.4143 0.8242 2.1271, 1.4049 0.8274 2.1359, 1.3937 0.8299 2.1425, 1.3813 0.8314 2.1466, 1.4213 0.7887 2.1299, 1.4143 0.7935 2.14, 1.4049 0.7975 2.1485, 1.3937 0.8005 2.1548, 1.4213 0.7584 2.1459, 1.4143 0.764 2.1556, 1.4049 0.7688 2.1637, 1.3937 0.7723 2.1697, 1.3813 0.7745 2.1735, 1.4143 0.6633 2.2418, 1.4213 0.6775 2.2092, 1.4257 0.6238 2.2552, 1.4213 0.6341 2.2622, 1.4143 0.6434 2.2685, 1.4049 0.6511 2.2738, 1.3937 0.6569 2.2777, 1.4213 0.6161 2.2914, 1.4143 0.6259 2.2969, 1.4049 0.634 2.3014, 1.3937 0.6402 2.3048, 1.3813 0.644 2.307, 1.4213 0.6007 2.3221, 1.4143 0.6109 2.3266, 1.4049 0.6195 2.3305, 1.3937 0.6259 2.3333, 1.4213 0.5881 2.354, 1.4143 0.5987 2.3576, 1.4049 0.6075 2.3607, 1.3937 0.6142 2.363, 1.4257 0.5663 2.3839, 1.4213 0.5784 2.3869, 1.4143 0.5893 2.3896, 1.4049 0.5983 2.3918, 1.3937 0.6052 2.3935, 1.3813 0.6094 2.3946, 1.4213 0.5716 2.4205, 1.4143 0.5827 2.4222, 1.4049 0.5919 2.4237, 1.3937 0.5989 2.4248, 1.4213 0.5678 2.4546, 1.4143 0.579 2.4553, 1.4049 0.5883 2.456, 1.3937 0.5953 2.4564, 1.3813 0.5997 2.4567, 1.4213 0.5671 2.4889, 1.4143 0.5782 2.4886, 1.4049 0.5876 2.4884, 1.3937 0.5946 2.4883, 1.3813 0.599 2.4882, 1.4213 0.5693 2.5231, 1.4143 0.5805 2.5219, 1.4049 0.5898 2.5209, 1.3937 0.5967 2.5201, 1.4213 0.5746 2.557, 1.4143 0.5856 2.5548, 1.4049 0.5948 2.553, 1.3937 0.6017 2.5516, 1.3813 0.6059 2.5507, 1.4143 0.6343 2.6781, 1.4213 0.6081 2.6541, 1.4257 0.6341 2.7199, 1.4213 0.6441 2.7124, 1.4143 0.653 2.7057, 1.4049 0.6605 2.7001, 1.3937 0.6662 2.6959, 1.4213 0.6658 2.7389, 1.4143 0.6741 2.7315, 1.4049 0.6811 2.7252, 1.3937 0.6863 2.7205, 1.3813 0.6896 2.7176, 1.4213 0.6898 2.7635, 1.4143 0.6974 2.7553, 1.4049 0.7038 2.7485, 1.3937 0.7086 2.7433, 1.4213 0.7158 2.7858, 1.4143 0.7227 2.7769, 1.4049 0.7285 2.7696, 1.3937 0.7328 2.764, 1.4257 0.737 2.8162, 1.4213 0.7438 2.8057, 1.4143 0.7499 2.7963, 1.4049 0.755 2.7884, 1.3937 0.7588 2.7825, 1.3813 0.7612 2.7789, 1.4213 0.7734 2.823, 1.4143 0.7786 2.8132, 1.4049 0.783 2.8049, 1.3937 0.7863 2.7987, 1.4213 0.8044 2.8377, 1.4143 0.8087 2.8274, 1.4049 0.8123 2.8188, 1.3937 0.815 2.8123, 1.4213 0.8365 2.8496, 1.4143 0.8399 2.839, 1.4049 0.8428 2.8301, 1.3937 0.8449 2.8234, 1.3813 0.8463 2.8192, 1.4213 0.8696 2.8586, 1.4143 0.8721 2.8477, 1.4049 0.8741 2.8386, 1.3937 0.8757 2.8317, 1.4213 0.9034 2.8647, 1.4143 0.9049 2.8536, 1.4049 0.9061 2.8443, 1.3937 0.9071 2.8373, 1.4213 0.9376 2.8677, 1.4143 0.9381 2.8565, 1.4049 0.9385 2.8472, 1.3937 0.9388 2.8401, 1.3813 0.939 2.8358, 1.4257 1.0767 2.8615, 1.4213 1.0729 2.8496, 1.4143 1.0695 2.839, 1.4049 1.0667 2.8301, 1.3937 1.0645 2.8234, 1.4213 1.1051 2.8377, 1.4143 1.1008 2.8274, 1.4049 1.0971 2.8188, 1.3937 1.0944 2.8123, 1.3813 1.0927 2.8083, 1.4213 1.1361 2.823, 1.4143 1.1309 2.8132, 1.4049 1.1265 2.8049, 1.3937 1.1232 2.7987, 1.3813 1.1211 2.7948, 1.3937 1.1507 2.7825, 1.4049 1.1545 2.7884, 1.4143 1.1596 2.7963, 1.4213 1.1657 2.8057, 1.4257 1.1725 2.8162, 1.4213 1.1936 2.7858, 1.4143 1.1867 2.7769, 1.4049 1.1809 2.7696, 1.3937 1.1766 2.764, 1.3813 1.1739 2.7606, 1.4213 1.2197 2.7635, 1.4143 1.212 2.7553, 1.4049 1.2056 2.7485, 1.3937 1.2008 2.7433, 1.4213 1.2437 2.7389, 1.4143 1.2353 2.7315, 1.4049 1.2283 2.7252, 1.3937 1.2231 2.7205, 1.4213 1.2654 2.7124, 1.4143 1.2564 2.7057, 1.4049 1.2489 2.7001, 1.3937 1.2433 2.6959, 1.3813 1.2398 2.6933, 1.4213 1.2847 2.684, 1.4143 1.2751 2.6781, 1.4049 1.2672 2.6732, 1.3937 1.2612 2.6695, 1.4213 1.3014 2.6541, 1.4143 1.2914 2.649, 1.4049 1.283 2.6449, 1.3937 1.2767 2.6417, 1.4213 1.3154 2.6227, 1.4143 1.305 2.6186, 1.4049 1.2963 2.6152, 1.3937 1.2897 2.6126, 1.3813 1.2857 2.611, 1.4143 1.3312 2.4886, 1.4213 1.3401 2.5231, 1.4257 1.3541 2.4538, 1.4213 1.3416 2.4546, 1.4143 1.3305 2.4553, 1.4049 1.3211 2.456, 1.3937 1.3141 2.4564, 1.3813 1.3098 2.4567, 1.4213 1.3378 2.4205, 1.4143 1.3268 2.4222, 1.4049 1.3175 2.4237, 1.3937 1.3106 2.4248, 1.3813 1.3063 2.4254, 1.3937 1.3043 2.3935, 1.4049 1.3111 2.3918, 1.4143 1.3202 2.3896, 1.4213 1.3311 2.3869, 1.4257 1.3432 2.3839, 1.4213 1.3213 2.354, 1.4143 1.3107 2.3576, 1.4049 1.3019 2.3607, 1.3937 1.2952 2.363, 1.3813 1.2911 2.3644, 1.4213 1.3087 2.3221, 1.4143 1.2985 2.3266, 1.4049 1.29 2.3305, 1.3937 1.2835 2.3333, 1.3813 1.2796 2.3351, 1.4213 1.2934 2.2914, 1.4143 1.2836 2.2969, 1.4049 1.2754 2.3014, 1.3937 1.2693 2.3048, 1.4213 1.2753 2.2622, 1.4143 1.2661 2.2685, 1.4049 1.2583 2.2738, 1.3937 1.2525 2.2777, 1.3813 1.2489 2.2802, 1.4213 1.2548 2.2347, 1.4143 1.2461 2.2418, 1.4049 1.2389 2.2478, 1.3937 1.2335 2.2522, 1.3813 1.2301 2.255, 1.4213 1.2319 2.2092, 1.4143 1.2239 2.217, 1.4049 1.2172 2.2235, 1.3937 1.2122 2.2285, 1.4213 1.2069 2.1857, 1.4143 1.1996 2.1942, 1.4049 1.1935 2.2013, 1.3937 1.1889 2.2067, 1.3813 1.1861 2.21, 1.4143 1.0853 2.1271, 1.4213 1.1208 2.1299, 1.4257 1.0597 2.0941, 1.4213 1.0565 2.1061, 1.4143 1.0535 2.1169, 1.4049 1.0511 2.126, 1.3937 1.0492 2.1328, 1.4213 1.023 2.0986, 1.4143 1.021 2.1096, 1.4049 1.0194 2.1188, 1.3937 1.0181 2.1258, 1.3813 1.0174 2.1301, 1.4213 0.989 2.0941, 1.4143 0.988 2.1052, 1.4049 0.9872 2.1145, 1.3937 0.9866 2.1215
            ]
        }
        coordIndex [
            0,1,2,-1,2,1,3,-1,1,4,3,-1,3,4,5,-1,6,7,8,-1,8,7,9,-1,7,10,9,-1,9,10,11,-1,10,12,11,-1,11,12,13,-1,14,15,12,-1,12,15,13,-1,14,0,15,-1,15,0,2,-1,16,17,18,-1,18,17,19,-1,16,18,20,-1,16,20,21,-1,21,20,22,-1,21,22,23,-1,23,22,24,-1,23,24,25,-1,25,24,26,-1,25,26,27,-1,27,26,28,-1,27,28,29,-1,30,29,31,-1,31,29,28,-1,30,31,32,-1,30,32,33,-1,33,32,34,-1,33,34,35,-1,35,34,36,-1,35,36,37,-1,37,36,38,-1,37,38,39,-1,39,38,40,-1,39,40,41,-1,42,41,43,-1,43,41,40,-1,4,42,5,-1,5,42,43,-1,17,6,19,-1,19,6,8,-1,2,3,5,-1,9,11,8,-1,8,11,13,-1,32,31,40,-1,40,18,43,-1,43,18,19,-1,43,19,5,-1,5,19,8,-1,5,8,2,-1,2,8,13,-1,2,13,15,-1,40,31,18,-1,18,31,28,-1,18,28,26,-1,32,40,34,-1,34,40,38,-1,34,38,36,-1,26,24,18,-1,18,24,22,-1,18,22,20,-1,4,1,0,-1,10,7,12,-1,12,7,6,-1,12,6,14,-1,14,6,0,-1,27,29,16,-1,0,6,4,-1,4,6,17,-1,4,17,42,-1,42,17,16,-1,42,16,41,-1,41,16,29,-1,41,29,30,-1,30,33,41,-1,41,33,35,-1,41,35,39,-1,39,35,37,-1,27,16,25,-1,25,16,21,-1,25,21,23,-1,44,45,46,-1,46,45,47,-1,46,47,48,-1,48,47,49,-1,48,49,50,-1,50,49,51,-1,50,51,52,-1,52,51,53,-1,52,53,54,-1,55,56,57,-1,57,56,58,-1,57,58,59,-1,59,58,60,-1,59,60,61,-1,61,60,62,-1,61,62,63,-1,63,62,64,-1,63,64,65,-1,65,64,66,-1,65,66,67,-1,68,69,70,-1,70,69,71,-1,70,71,72,-1,72,71,73,-1,72,73,74,-1,74,73,75,-1,74,75,76,-1,76,75,77,-1,76,77,78,-1,78,77,79,-1,78,79,55,-1,55,79,80,-1,55,80,56,-1,81,82,83,-1,83,82,84,-1,83,84,85,-1,85,84,86,-1,85,86,87,-1,87,86,88,-1,87,88,89,-1,89,88,90,-1,89,90,91,-1,91,90,92,-1,91,92,44,-1,44,92,93,-1,44,93,45,-1,94,95,96,-1,96,95,97,-1,96,97,98,-1,98,97,99,-1,98,99,100,-1,100,99,101,-1,100,101,102,-1,102,101,103,-1,102,103,104,-1,104,103,105,-1,104,105,81,-1,81,105,106,-1,81,106,82,-1,107,108,109,-1,109,108,110,-1,109,110,111,-1,111,110,112,-1,111,112,113,-1,113,112,114,-1,113,114,115,-1,115,114,116,-1,115,116,117,-1,117,116,118,-1,117,118,94,-1,94,118,119,-1,94,119,95,-1,53,120,54,-1,54,120,121,-1,54,121,122,-1,122,121,123,-1,122,123,124,-1,124,123,125,-1,124,125,126,-1,126,125,127,-1,126,127,128,-1,128,127,129,-1,128,129,130,-1,130,129,131,-1,130,131,68,-1,68,131,132,-1,68,132,69,-1,66,133,67,-1,67,133,134,-1,67,134,135,-1,135,134,136,-1,135,136,137,-1,137,136,138,-1,137,138,139,-1,139,138,140,-1,139,140,141,-1,141,140,142,-1,141,142,107,-1,107,142,143,-1,107,143,108,-1,51,49,144,-1,47,145,49,-1,49,145,146,-1,49,146,144,-1,147,148,45,-1,45,148,149,-1,45,149,47,-1,47,149,150,-1,47,150,145,-1,147,45,151,-1,151,45,93,-1,151,93,152,-1,152,93,153,-1,153,93,92,-1,153,92,154,-1,90,155,92,-1,92,155,156,-1,92,156,154,-1,88,157,90,-1,90,157,158,-1,90,158,155,-1,159,160,86,-1,86,160,161,-1,86,161,88,-1,88,161,162,-1,88,162,157,-1,159,86,163,-1,163,86,84,-1,163,84,164,-1,164,84,165,-1,165,84,82,-1,165,82,166,-1,106,167,82,-1,82,167,168,-1,82,168,166,-1,105,169,106,-1,106,169,170,-1,106,170,167,-1,171,172,103,-1,103,172,173,-1,103,173,105,-1,105,173,174,-1,105,174,169,-1,171,103,175,-1,175,103,101,-1,175,101,176,-1,176,101,177,-1,177,101,99,-1,177,99,178,-1,97,179,99,-1,99,179,180,-1,99,180,178,-1,95,181,97,-1,97,181,182,-1,97,182,179,-1,183,184,119,-1,119,184,185,-1,119,185,95,-1,95,185,186,-1,95,186,181,-1,183,119,187,-1,187,119,118,-1,187,118,188,-1,188,118,189,-1,189,118,116,-1,189,116,190,-1,114,191,116,-1,116,191,192,-1,116,192,190,-1,112,193,114,-1,114,193,194,-1,114,194,191,-1,195,196,110,-1,110,196,197,-1,110,197,112,-1,112,197,198,-1,112,198,193,-1,195,110,199,-1,199,110,108,-1,199,108,200,-1,200,108,201,-1,201,108,143,-1,201,143,202,-1,142,203,143,-1,143,203,204,-1,143,204,202,-1,140,205,142,-1,142,205,206,-1,142,206,203,-1,138,207,140,-1,140,207,208,-1,140,208,205,-1,136,209,138,-1,138,209,210,-1,138,210,207,-1,211,212,134,-1,134,212,213,-1,134,213,136,-1,136,213,214,-1,136,214,209,-1,211,134,215,-1,215,134,133,-1,215,133,216,-1,216,133,217,-1,217,133,66,-1,217,66,218,-1,64,219,66,-1,66,219,220,-1,66,220,218,-1,62,221,64,-1,64,221,222,-1,64,222,219,-1,223,224,60,-1,60,224,225,-1,60,225,62,-1,62,225,226,-1,62,226,221,-1,223,60,227,-1,227,60,58,-1,227,58,228,-1,228,58,229,-1,229,58,56,-1,229,56,230,-1,80,231,56,-1,56,231,232,-1,56,232,230,-1,79,233,80,-1,80,233,234,-1,80,234,231,-1,235,236,77,-1,77,236,237,-1,77,237,79,-1,79,237,238,-1,79,238,233,-1,235,77,239,-1,239,77,75,-1,239,75,240,-1,240,75,241,-1,241,75,73,-1,241,73,242,-1,71,243,73,-1,73,243,244,-1,73,244,242,-1,69,245,71,-1,71,245,246,-1,71,246,243,-1,247,248,132,-1,132,248,249,-1,132,249,69,-1,69,249,250,-1,69,250,245,-1,247,132,251,-1,251,132,131,-1,251,131,252,-1,252,131,253,-1,253,131,129,-1,253,129,254,-1,127,255,129,-1,129,255,256,-1,129,256,254,-1,125,257,127,-1,127,257,258,-1,127,258,255,-1,259,260,123,-1,123,260,261,-1,123,261,125,-1,125,261,262,-1,125,262,257,-1,259,123,263,-1,263,123,121,-1,263,121,264,-1,264,121,265,-1,265,121,120,-1,265,120,266,-1,53,267,120,-1,120,267,268,-1,120,268,266,-1,144,269,51,-1,51,269,270,-1,51,270,53,-1,53,270,271,-1,53,271,267,-1,272,50,273,-1,273,50,52,-1,273,52,274,-1,54,275,52,-1,52,275,276,-1,52,276,274,-1,277,278,122,-1,122,278,279,-1,122,279,54,-1,54,279,280,-1,54,280,275,-1,277,122,281,-1,281,122,124,-1,281,124,282,-1,282,124,283,-1,283,124,126,-1,283,126,284,-1,128,285,126,-1,126,285,286,-1,126,286,284,-1,287,288,130,-1,130,288,289,-1,130,289,128,-1,128,289,290,-1,128,290,285,-1,287,130,291,-1,291,130,68,-1,291,68,292,-1,292,68,293,-1,293,68,70,-1,293,70,294,-1,72,295,70,-1,70,295,296,-1,70,296,294,-1,297,298,74,-1,74,298,299,-1,74,299,72,-1,72,299,300,-1,72,300,295,-1,297,74,301,-1,301,74,76,-1,301,76,302,-1,78,303,76,-1,76,303,304,-1,76,304,302,-1,305,306,55,-1,55,306,307,-1,55,307,78,-1,78,307,308,-1,78,308,303,-1,305,55,309,-1,309,55,57,-1,309,57,310,-1,310,57,311,-1,311,57,59,-1,311,59,312,-1,61,313,59,-1,59,313,314,-1,59,314,312,-1,315,316,63,-1,63,316,317,-1,63,317,61,-1,61,317,318,-1,61,318,313,-1,315,63,319,-1,319,63,65,-1,319,65,320,-1,320,65,321,-1,321,65,67,-1,321,67,322,-1,135,323,67,-1,67,323,324,-1,67,324,322,-1,325,326,137,-1,137,326,327,-1,137,327,135,-1,135,327,328,-1,135,328,323,-1,325,137,329,-1,329,137,139,-1,329,139,330,-1,330,139,331,-1,331,139,141,-1,331,141,332,-1,332,141,333,-1,333,141,107,-1,333,107,334,-1,109,335,107,-1,107,335,336,-1,107,336,334,-1,337,338,111,-1,111,338,339,-1,111,339,109,-1,109,339,340,-1,109,340,335,-1,337,111,341,-1,341,111,113,-1,341,113,342,-1,342,113,343,-1,343,113,115,-1,343,115,344,-1,117,345,115,-1,115,345,346,-1,115,346,344,-1,347,348,94,-1,94,348,349,-1,94,349,117,-1,117,349,350,-1,117,350,345,-1,347,94,351,-1,351,94,96,-1,351,96,352,-1,352,96,353,-1,353,96,98,-1,353,98,354,-1,100,355,98,-1,98,355,356,-1,98,356,354,-1,357,358,102,-1,102,358,359,-1,102,359,100,-1,100,359,360,-1,100,360,355,-1,357,102,361,-1,361,102,104,-1,361,104,362,-1,81,363,104,-1,104,363,364,-1,104,364,362,-1,365,366,83,-1,83,366,367,-1,83,367,81,-1,81,367,368,-1,81,368,363,-1,365,83,369,-1,369,83,85,-1,369,85,370,-1,370,85,371,-1,371,85,87,-1,371,87,372,-1,89,373,87,-1,87,373,374,-1,87,374,372,-1,375,376,91,-1,91,376,377,-1,91,377,89,-1,89,377,378,-1,89,378,373,-1,375,91,379,-1,379,91,44,-1,379,44,380,-1,380,44,381,-1,381,44,46,-1,381,46,382,-1,48,383,46,-1,46,383,384,-1,46,384,382,-1,272,385,50,-1,50,385,386,-1,50,386,48,-1,48,386,387,-1,48,387,383,-1,210,209,388,-1,214,213,389,-1,211,215,390,-1,220,219,391,-1,222,221,392,-1,226,225,393,-1,223,227,394,-1,232,231,395,-1,234,233,396,-1,238,237,397,-1,235,239,398,-1,244,243,399,-1,250,249,400,-1,247,251,401,-1,256,255,402,-1,262,261,403,-1,259,263,404,-1,268,267,405,-1,146,145,406,-1,150,149,407,-1,147,151,408,-1,156,155,409,-1,158,157,410,-1,162,161,411,-1,159,163,412,-1,168,167,413,-1,170,169,414,-1,174,173,415,-1,171,175,416,-1,180,179,417,-1,186,185,418,-1,183,187,419,-1,192,191,420,-1,198,197,421,-1,195,199,422,-1,204,203,423,-1,424,425,426,-1,427,428,429,-1,430,431,432,-1,433,434,435,-1,436,437,438,-1,439,440,441,-1,442,443,444,-1,445,446,447,-1,448,449,450,-1,451,452,453,-1,454,455,456,-1,457,458,459,-1,460,461,462,-1,463,464,465,-1,466,467,468,-1,469,470,471,-1,472,473,474,-1,475,476,477,-1,478,479,480,-1,481,482,483,-1,484,485,486,-1,487,488,489,-1,490,491,492,-1,493,494,495,-1,496,497,498,-1,499,500,501,-1,502,503,504,-1,505,506,507,-1,508,509,510,-1,511,512,513,-1,514,515,516,-1,517,518,519,-1,520,521,522,-1,523,524,525,-1,526,527,528,-1,529,530,531,-1,532,533,534,-1,535,536,537,-1,538,539,540,-1,541,542,543,-1,544,545,546,-1,547,548,549,-1,550,551,552,-1,553,554,555,-1,556,557,558,-1,559,560,561,-1,562,563,564,-1,565,566,567,-1,568,569,570,-1,571,572,573,-1,574,575,576,-1,577,578,579,-1,550,552,580,-1,581,582,583,-1,584,585,586,-1,587,588,589,-1,520,522,590,-1,591,592,593,-1,594,595,596,-1,597,598,599,-1,490,492,600,-1,601,602,603,-1,604,605,606,-1,607,608,609,-1,460,462,610,-1,611,612,613,-1,614,615,616,-1,617,618,619,-1,620,621,622,-1,430,432,623,-1,624,568,625,-1,625,568,570,-1,625,570,626,-1,626,570,627,-1,626,627,628,-1,628,627,629,-1,628,629,630,-1,630,629,631,-1,630,631,632,-1,632,631,633,-1,632,633,634,-1,634,633,423,-1,563,559,564,-1,564,559,561,-1,564,561,635,-1,635,561,636,-1,635,636,637,-1,637,636,638,-1,637,638,639,-1,639,638,640,-1,639,640,641,-1,641,640,642,-1,641,642,643,-1,643,642,422,-1,644,571,645,-1,645,571,573,-1,645,573,646,-1,646,573,647,-1,646,647,648,-1,648,647,649,-1,648,649,650,-1,650,649,651,-1,650,651,652,-1,652,651,653,-1,652,653,654,-1,654,653,420,-1,578,580,579,-1,579,580,552,-1,579,552,655,-1,655,552,656,-1,655,656,657,-1,657,656,658,-1,657,658,659,-1,659,658,660,-1,659,660,661,-1,661,660,662,-1,661,662,663,-1,663,662,419,-1,542,664,543,-1,543,664,665,-1,543,665,666,-1,666,665,667,-1,666,667,668,-1,668,667,669,-1,668,669,670,-1,670,669,671,-1,670,671,672,-1,672,671,673,-1,672,673,674,-1,674,673,417,-1,536,532,537,-1,537,532,534,-1,537,534,675,-1,675,534,676,-1,675,676,677,-1,677,676,678,-1,677,678,679,-1,679,678,680,-1,679,680,681,-1,681,680,682,-1,681,682,683,-1,683,682,416,-1,585,587,586,-1,586,587,589,-1,586,589,684,-1,684,589,685,-1,684,685,686,-1,686,685,687,-1,686,687,688,-1,688,687,689,-1,688,689,690,-1,690,689,691,-1,690,691,692,-1,692,691,412,-1,509,505,510,-1,510,505,507,-1,510,507,693,-1,693,507,694,-1,693,694,695,-1,695,694,696,-1,695,696,697,-1,697,696,698,-1,697,698,699,-1,699,698,700,-1,699,700,701,-1,701,700,408,-1,592,594,593,-1,593,594,596,-1,593,596,702,-1,702,596,703,-1,702,703,704,-1,704,703,705,-1,704,705,706,-1,706,705,707,-1,706,707,708,-1,708,707,709,-1,708,709,710,-1,710,709,405,-1,491,487,492,-1,492,487,489,-1,492,489,711,-1,711,489,712,-1,711,712,713,-1,713,712,714,-1,713,714,715,-1,715,714,716,-1,715,716,717,-1,717,716,718,-1,717,718,719,-1,719,718,404,-1,720,478,721,-1,721,478,480,-1,721,480,722,-1,722,480,723,-1,722,723,724,-1,724,723,725,-1,724,725,726,-1,726,725,727,-1,726,727,728,-1,728,727,729,-1,728,729,730,-1,730,729,402,-1,473,469,474,-1,474,469,471,-1,474,471,731,-1,731,471,732,-1,731,732,733,-1,733,732,734,-1,733,734,735,-1,735,734,736,-1,735,736,737,-1,737,736,738,-1,737,738,739,-1,739,738,401,-1,740,601,741,-1,741,601,603,-1,741,603,742,-1,742,603,743,-1,742,743,744,-1,744,743,745,-1,744,745,746,-1,746,745,747,-1,746,747,748,-1,748,747,749,-1,748,749,750,-1,750,749,399,-1,608,610,609,-1,609,610,462,-1,609,462,751,-1,751,462,752,-1,751,752,753,-1,753,752,754,-1,753,754,755,-1,755,754,756,-1,755,756,757,-1,757,756,758,-1,757,758,759,-1,759,758,398,-1,446,442,447,-1,447,442,444,-1,447,444,760,-1,760,444,761,-1,760,761,762,-1,762,761,763,-1,762,763,764,-1,764,763,765,-1,764,765,766,-1,766,765,767,-1,766,767,768,-1,768,767,394,-1,615,617,616,-1,616,617,619,-1,616,619,769,-1,769,619,770,-1,769,770,771,-1,771,770,772,-1,771,772,773,-1,773,772,774,-1,773,774,775,-1,775,774,776,-1,775,776,777,-1,777,776,390,-1,778,624,779,-1,779,624,625,-1,779,625,780,-1,780,625,626,-1,780,626,781,-1,781,626,628,-1,781,628,782,-1,782,628,630,-1,782,630,783,-1,783,630,632,-1,783,632,784,-1,784,632,634,-1,784,634,208,-1,208,634,205,-1,423,203,634,-1,634,203,206,-1,634,206,205,-1,202,204,785,-1,785,204,423,-1,785,423,786,-1,786,423,633,-1,786,633,787,-1,787,633,631,-1,787,631,788,-1,788,631,629,-1,788,629,789,-1,789,629,627,-1,789,627,567,-1,567,627,570,-1,567,570,565,-1,565,570,569,-1,566,562,567,-1,567,562,564,-1,567,564,789,-1,789,564,635,-1,789,635,788,-1,788,635,637,-1,788,637,787,-1,787,637,639,-1,787,639,786,-1,786,639,641,-1,786,641,785,-1,785,641,643,-1,785,643,202,-1,202,643,201,-1,422,199,643,-1,643,199,200,-1,643,200,201,-1,196,195,790,-1,790,195,422,-1,790,422,791,-1,791,422,642,-1,791,642,792,-1,792,642,640,-1,792,640,793,-1,793,640,638,-1,793,638,794,-1,794,638,636,-1,794,636,558,-1,558,636,561,-1,558,561,556,-1,556,561,560,-1,557,553,558,-1,558,553,555,-1,558,555,794,-1,794,555,795,-1,794,795,793,-1,793,795,796,-1,793,796,792,-1,792,796,797,-1,792,797,791,-1,791,797,798,-1,791,798,790,-1,790,798,421,-1,790,421,196,-1,196,421,197,-1,193,198,654,-1,654,198,421,-1,654,421,652,-1,652,421,798,-1,652,798,650,-1,650,798,797,-1,650,797,648,-1,648,797,796,-1,648,796,646,-1,646,796,795,-1,646,795,645,-1,645,795,555,-1,645,555,644,-1,644,555,554,-1,420,191,654,-1,654,191,194,-1,654,194,193,-1,190,192,799,-1,799,192,420,-1,799,420,800,-1,800,420,653,-1,800,653,801,-1,801,653,651,-1,801,651,802,-1,802,651,649,-1,802,649,803,-1,803,649,647,-1,803,647,576,-1,576,647,573,-1,576,573,574,-1,574,573,572,-1,575,577,576,-1,576,577,579,-1,576,579,803,-1,803,579,655,-1,803,655,802,-1,802,655,657,-1,802,657,801,-1,801,657,659,-1,801,659,800,-1,800,659,661,-1,800,661,799,-1,799,661,663,-1,799,663,190,-1,190,663,189,-1,419,187,663,-1,663,187,188,-1,663,188,189,-1,184,183,804,-1,804,183,419,-1,804,419,805,-1,805,419,662,-1,805,662,806,-1,806,662,660,-1,806,660,807,-1,807,660,658,-1,807,658,808,-1,808,658,656,-1,808,656,549,-1,549,656,552,-1,549,552,547,-1,547,552,551,-1,548,544,549,-1,549,544,546,-1,549,546,808,-1,808,546,809,-1,808,809,807,-1,807,809,810,-1,807,810,806,-1,806,810,811,-1,806,811,805,-1,805,811,812,-1,805,812,804,-1,804,812,418,-1,804,418,184,-1,184,418,185,-1,181,186,674,-1,674,186,418,-1,674,418,672,-1,672,418,812,-1,672,812,670,-1,670,812,811,-1,670,811,668,-1,668,811,810,-1,668,810,666,-1,666,810,809,-1,666,809,543,-1,543,809,546,-1,543,546,541,-1,541,546,545,-1,417,179,674,-1,674,179,182,-1,674,182,181,-1,178,180,813,-1,813,180,417,-1,813,417,814,-1,814,417,673,-1,814,673,815,-1,815,673,671,-1,815,671,816,-1,816,671,669,-1,816,669,817,-1,817,669,667,-1,817,667,540,-1,540,667,665,-1,540,665,538,-1,538,665,664,-1,539,535,540,-1,540,535,537,-1,540,537,817,-1,817,537,675,-1,817,675,816,-1,816,675,677,-1,816,677,815,-1,815,677,679,-1,815,679,814,-1,814,679,681,-1,814,681,813,-1,813,681,683,-1,813,683,178,-1,178,683,177,-1,416,175,683,-1,683,175,176,-1,683,176,177,-1,172,171,818,-1,818,171,416,-1,818,416,819,-1,819,416,682,-1,819,682,820,-1,820,682,680,-1,820,680,821,-1,821,680,678,-1,821,678,822,-1,822,678,676,-1,822,676,531,-1,531,676,534,-1,531,534,529,-1,529,534,533,-1,530,526,531,-1,531,526,528,-1,531,528,822,-1,822,528,823,-1,822,823,821,-1,821,823,824,-1,821,824,820,-1,820,824,825,-1,820,825,819,-1,819,825,826,-1,819,826,818,-1,818,826,415,-1,818,415,172,-1,172,415,173,-1,169,174,414,-1,414,174,415,-1,414,415,827,-1,827,415,826,-1,827,826,828,-1,828,826,825,-1,828,825,829,-1,829,825,824,-1,829,824,830,-1,830,824,823,-1,830,823,525,-1,525,823,528,-1,525,528,523,-1,523,528,527,-1,167,170,413,-1,413,170,414,-1,413,414,831,-1,831,414,827,-1,831,827,832,-1,832,827,828,-1,832,828,833,-1,833,828,829,-1,833,829,834,-1,834,829,830,-1,834,830,835,-1,835,830,525,-1,835,525,836,-1,836,525,524,-1,166,168,837,-1,837,168,413,-1,837,413,838,-1,838,413,831,-1,838,831,839,-1,839,831,832,-1,839,832,840,-1,840,832,833,-1,840,833,841,-1,841,833,834,-1,841,834,583,-1,583,834,835,-1,583,835,581,-1,581,835,836,-1,582,584,583,-1,583,584,586,-1,583,586,841,-1,841,586,684,-1,841,684,840,-1,840,684,686,-1,840,686,839,-1,839,686,688,-1,839,688,838,-1,838,688,690,-1,838,690,837,-1,837,690,692,-1,837,692,166,-1,166,692,165,-1,412,163,692,-1,692,163,164,-1,692,164,165,-1,160,159,842,-1,842,159,412,-1,842,412,843,-1,843,412,691,-1,843,691,844,-1,844,691,689,-1,844,689,845,-1,845,689,687,-1,845,687,846,-1,846,687,685,-1,846,685,522,-1,522,685,589,-1,522,589,590,-1,590,589,588,-1,521,517,522,-1,522,517,519,-1,522,519,846,-1,846,519,847,-1,846,847,845,-1,845,847,848,-1,845,848,844,-1,844,848,849,-1,844,849,843,-1,843,849,850,-1,843,850,842,-1,842,850,411,-1,842,411,160,-1,160,411,161,-1,157,162,410,-1,410,162,411,-1,410,411,851,-1,851,411,850,-1,851,850,852,-1,852,850,849,-1,852,849,853,-1,853,849,848,-1,853,848,854,-1,854,848,847,-1,854,847,516,-1,516,847,519,-1,516,519,514,-1,514,519,518,-1,155,158,409,-1,409,158,410,-1,409,410,855,-1,855,410,851,-1,855,851,856,-1,856,851,852,-1,856,852,857,-1,857,852,853,-1,857,853,858,-1,858,853,854,-1,858,854,513,-1,513,854,516,-1,513,516,511,-1,511,516,515,-1,154,156,859,-1,859,156,409,-1,859,409,860,-1,860,409,855,-1,860,855,861,-1,861,855,856,-1,861,856,862,-1,862,856,857,-1,862,857,863,-1,863,857,858,-1,863,858,864,-1,864,858,513,-1,864,513,865,-1,865,513,512,-1,865,508,864,-1,864,508,510,-1,864,510,863,-1,863,510,693,-1,863,693,862,-1,862,693,695,-1,862,695,861,-1,861,695,697,-1,861,697,860,-1,860,697,699,-1,860,699,859,-1,859,699,701,-1,859,701,154,-1,154,701,153,-1,408,151,701,-1,701,151,152,-1,701,152,153,-1,148,147,866,-1,866,147,408,-1,866,408,867,-1,867,408,700,-1,867,700,868,-1,868,700,698,-1,868,698,869,-1,869,698,696,-1,869,696,870,-1,870,696,694,-1,870,694,504,-1,504,694,507,-1,504,507,502,-1,502,507,506,-1,503,499,504,-1,504,499,501,-1,504,501,870,-1,870,501,871,-1,870,871,869,-1,869,871,872,-1,869,872,868,-1,868,872,873,-1,868,873,867,-1,867,873,874,-1,867,874,866,-1,866,874,407,-1,866,407,148,-1,148,407,149,-1,145,150,406,-1,406,150,407,-1,406,407,875,-1,875,407,874,-1,875,874,876,-1,876,874,873,-1,876,873,877,-1,877,873,872,-1,877,872,878,-1,878,872,871,-1,878,871,498,-1,498,871,501,-1,498,501,496,-1,496,501,500,-1,144,146,879,-1,879,146,406,-1,879,406,880,-1,880,406,875,-1,880,875,881,-1,881,875,876,-1,881,876,882,-1,882,876,877,-1,882,877,883,-1,883,877,878,-1,883,878,495,-1,495,878,498,-1,495,498,493,-1,493,498,497,-1,494,884,495,-1,495,884,885,-1,495,885,883,-1,883,885,886,-1,883,886,882,-1,882,886,887,-1,882,887,881,-1,881,887,888,-1,881,888,880,-1,880,888,889,-1,880,889,879,-1,879,889,890,-1,879,890,144,-1,144,890,269,-1,884,591,885,-1,885,591,593,-1,885,593,886,-1,886,593,702,-1,886,702,887,-1,887,702,704,-1,887,704,888,-1,888,704,706,-1,888,706,889,-1,889,706,708,-1,889,708,890,-1,890,708,710,-1,890,710,269,-1,269,710,270,-1,405,267,710,-1,710,267,271,-1,710,271,270,-1,266,268,891,-1,891,268,405,-1,891,405,892,-1,892,405,709,-1,892,709,893,-1,893,709,707,-1,893,707,894,-1,894,707,705,-1,894,705,895,-1,895,705,703,-1,895,703,599,-1,599,703,596,-1,599,596,597,-1,597,596,595,-1,598,600,599,-1,599,600,492,-1,599,492,895,-1,895,492,711,-1,895,711,894,-1,894,711,713,-1,894,713,893,-1,893,713,715,-1,893,715,892,-1,892,715,717,-1,892,717,891,-1,891,717,719,-1,891,719,266,-1,266,719,265,-1,404,263,719,-1,719,263,264,-1,719,264,265,-1,260,259,896,-1,896,259,404,-1,896,404,897,-1,897,404,718,-1,897,718,898,-1,898,718,716,-1,898,716,899,-1,899,716,714,-1,899,714,900,-1,900,714,712,-1,900,712,486,-1,486,712,489,-1,486,489,484,-1,484,489,488,-1,485,481,486,-1,486,481,483,-1,486,483,900,-1,900,483,901,-1,900,901,899,-1,899,901,902,-1,899,902,898,-1,898,902,903,-1,898,903,897,-1,897,903,904,-1,897,904,896,-1,896,904,403,-1,896,403,260,-1,260,403,261,-1,257,262,730,-1,730,262,403,-1,730,403,728,-1,728,403,904,-1,728,904,726,-1,726,904,903,-1,726,903,724,-1,724,903,902,-1,724,902,722,-1,722,902,901,-1,722,901,721,-1,721,901,483,-1,721,483,720,-1,720,483,482,-1,402,255,730,-1,730,255,258,-1,730,258,257,-1,254,256,905,-1,905,256,402,-1,905,402,906,-1,906,402,729,-1,906,729,907,-1,907,729,727,-1,907,727,908,-1,908,727,725,-1,908,725,909,-1,909,725,723,-1,909,723,477,-1,477,723,480,-1,477,480,475,-1,475,480,479,-1,476,472,477,-1,477,472,474,-1,477,474,909,-1,909,474,731,-1,909,731,908,-1,908,731,733,-1,908,733,907,-1,907,733,735,-1,907,735,906,-1,906,735,737,-1,906,737,905,-1,905,737,739,-1,905,739,254,-1,254,739,253,-1,401,251,739,-1,739,251,252,-1,739,252,253,-1,248,247,910,-1,910,247,401,-1,910,401,911,-1,911,401,738,-1,911,738,912,-1,912,738,736,-1,912,736,913,-1,913,736,734,-1,913,734,914,-1,914,734,732,-1,914,732,468,-1,468,732,471,-1,468,471,466,-1,466,471,470,-1,467,463,468,-1,468,463,465,-1,468,465,914,-1,914,465,915,-1,914,915,913,-1,913,915,916,-1,913,916,912,-1,912,916,917,-1,912,917,911,-1,911,917,918,-1,911,918,910,-1,910,918,400,-1,910,400,248,-1,248,400,249,-1,245,250,750,-1,750,250,400,-1,750,400,748,-1,748,400,918,-1,748,918,746,-1,746,918,917,-1,746,917,744,-1,744,917,916,-1,744,916,742,-1,742,916,915,-1,742,915,741,-1,741,915,465,-1,741,465,740,-1,740,465,464,-1,399,243,750,-1,750,243,246,-1,750,246,245,-1,242,244,919,-1,919,244,399,-1,919,399,920,-1,920,399,749,-1,920,749,921,-1,921,749,747,-1,921,747,922,-1,922,747,745,-1,922,745,923,-1,923,745,743,-1,923,743,606,-1,606,743,603,-1,606,603,604,-1,604,603,602,-1,605,607,606,-1,606,607,609,-1,606,609,923,-1,923,609,751,-1,923,751,922,-1,922,751,753,-1,922,753,921,-1,921,753,755,-1,921,755,920,-1,920,755,757,-1,920,757,919,-1,919,757,759,-1,919,759,242,-1,242,759,241,-1,398,239,759,-1,759,239,240,-1,759,240,241,-1,236,235,924,-1,924,235,398,-1,924,398,925,-1,925,398,758,-1,925,758,926,-1,926,758,756,-1,926,756,927,-1,927,756,754,-1,927,754,928,-1,928,754,752,-1,928,752,459,-1,459,752,462,-1,459,462,457,-1,457,462,461,-1,458,454,459,-1,459,454,456,-1,459,456,928,-1,928,456,929,-1,928,929,927,-1,927,929,930,-1,927,930,926,-1,926,930,931,-1,926,931,925,-1,925,931,932,-1,925,932,924,-1,924,932,397,-1,924,397,236,-1,236,397,237,-1,233,238,396,-1,396,238,397,-1,396,397,933,-1,933,397,932,-1,933,932,934,-1,934,932,931,-1,934,931,935,-1,935,931,930,-1,935,930,936,-1,936,930,929,-1,936,929,453,-1,453,929,456,-1,453,456,451,-1,451,456,455,-1,231,234,395,-1,395,234,396,-1,395,396,937,-1,937,396,933,-1,937,933,938,-1,938,933,934,-1,938,934,939,-1,939,934,935,-1,939,935,940,-1,940,935,936,-1,940,936,941,-1,941,936,453,-1,941,453,942,-1,942,453,452,-1,230,232,943,-1,943,232,395,-1,943,395,944,-1,944,395,937,-1,944,937,945,-1,945,937,938,-1,945,938,946,-1,946,938,939,-1,946,939,947,-1,947,939,940,-1,947,940,450,-1,450,940,941,-1,450,941,448,-1,448,941,942,-1,449,445,450,-1,450,445,447,-1,450,447,947,-1,947,447,760,-1,947,760,946,-1,946,760,762,-1,946,762,945,-1,945,762,764,-1,945,764,944,-1,944,764,766,-1,944,766,943,-1,943,766,768,-1,943,768,230,-1,230,768,229,-1,394,227,768,-1,768,227,228,-1,768,228,229,-1,224,223,948,-1,948,223,394,-1,948,394,949,-1,949,394,767,-1,949,767,950,-1,950,767,765,-1,950,765,951,-1,951,765,763,-1,951,763,952,-1,952,763,761,-1,952,761,441,-1,441,761,444,-1,441,444,439,-1,439,444,443,-1,440,436,441,-1,441,436,438,-1,441,438,952,-1,952,438,953,-1,952,953,951,-1,951,953,954,-1,951,954,950,-1,950,954,955,-1,950,955,949,-1,949,955,956,-1,949,956,948,-1,948,956,393,-1,948,393,224,-1,224,393,225,-1,221,226,392,-1,392,226,393,-1,392,393,957,-1,957,393,956,-1,957,956,958,-1,958,956,955,-1,958,955,959,-1,959,955,954,-1,959,954,960,-1,960,954,953,-1,960,953,435,-1,435,953,438,-1,435,438,433,-1,433,438,437,-1,219,222,391,-1,391,222,392,-1,391,392,961,-1,961,392,957,-1,961,957,962,-1,962,957,958,-1,962,958,963,-1,963,958,959,-1,963,959,964,-1,964,959,960,-1,964,960,965,-1,965,960,435,-1,965,435,966,-1,966,435,434,-1,218,220,967,-1,967,220,391,-1,967,391,968,-1,968,391,961,-1,968,961,969,-1,969,961,962,-1,969,962,970,-1,970,962,963,-1,970,963,971,-1,971,963,964,-1,971,964,613,-1,613,964,965,-1,613,965,611,-1,611,965,966,-1,612,614,613,-1,613,614,616,-1,613,616,971,-1,971,616,769,-1,971,769,970,-1,970,769,771,-1,970,771,969,-1,969,771,773,-1,969,773,968,-1,968,773,775,-1,968,775,967,-1,967,775,777,-1,967,777,218,-1,218,777,217,-1,390,215,777,-1,777,215,216,-1,777,216,217,-1,212,211,972,-1,972,211,390,-1,972,390,973,-1,973,390,776,-1,973,776,974,-1,974,776,774,-1,974,774,975,-1,975,774,772,-1,975,772,976,-1,976,772,770,-1,976,770,622,-1,622,770,619,-1,622,619,620,-1,620,619,618,-1,621,623,622,-1,622,623,432,-1,622,432,976,-1,976,432,977,-1,976,977,975,-1,975,977,978,-1,975,978,974,-1,974,978,979,-1,974,979,973,-1,973,979,980,-1,973,980,972,-1,972,980,389,-1,972,389,212,-1,212,389,213,-1,209,214,388,-1,388,214,389,-1,388,389,981,-1,981,389,980,-1,981,980,982,-1,982,980,979,-1,982,979,983,-1,983,979,978,-1,983,978,984,-1,984,978,977,-1,984,977,429,-1,429,977,432,-1,429,432,427,-1,427,432,431,-1,207,210,985,-1,985,210,388,-1,985,388,986,-1,986,388,981,-1,986,981,987,-1,987,981,982,-1,987,982,988,-1,988,982,983,-1,988,983,989,-1,989,983,984,-1,989,984,426,-1,426,984,429,-1,426,429,424,-1,424,429,428,-1,425,778,426,-1,426,778,779,-1,426,779,989,-1,989,779,780,-1,989,780,988,-1,988,780,781,-1,988,781,987,-1,987,781,782,-1,987,782,986,-1,986,782,783,-1,986,783,985,-1,985,783,784,-1,985,784,207,-1,207,784,208,-1,425,424,990,-1,428,427,991,-1,617,615,992,-1,614,612,993,-1,611,966,994,-1,434,433,995,-1,437,436,996,-1,440,439,997,-1,443,442,998,-1,446,445,999,-1,449,448,1000,-1,455,454,1001,-1,607,605,1002,-1,604,602,1003,-1,601,740,1004,-1,464,463,1005,-1,467,466,1006,-1,470,469,1007,-1,473,472,1008,-1,476,475,1009,-1,479,478,1010,-1,485,484,1011,-1,488,487,1012,-1,594,592,1013,-1,591,884,1014,-1,494,493,1015,-1,497,496,1016,-1,500,499,1017,-1,503,502,1018,-1,506,505,1019,-1,512,511,1020,-1,515,514,1021,-1,518,517,1022,-1,584,582,1023,-1,581,836,1024,-1,524,523,1025,-1,527,526,1026,-1,530,529,1027,-1,533,532,1028,-1,536,535,1029,-1,542,541,1030,-1,545,544,1031,-1,548,547,1032,-1,574,572,1033,-1,571,644,1034,-1,554,553,1035,-1,557,556,1036,-1,560,559,1037,-1,563,562,1038,-1,566,565,1039,-1,569,568,1040,-1,624,778,1041,-1,325,329,1042,-1,328,327,1043,-1,324,323,1044,-1,320,321,1045,-1,315,319,1046,-1,318,317,1047,-1,310,311,1048,-1,308,307,1049,-1,297,301,1050,-1,300,299,1051,-1,296,295,1052,-1,292,293,1053,-1,287,291,1054,-1,290,289,1055,-1,286,285,1056,-1,282,283,1057,-1,280,279,1058,-1,272,273,1059,-1,387,386,1060,-1,384,383,1061,-1,380,381,1062,-1,375,379,1063,-1,378,377,1064,-1,374,373,1065,-1,370,371,1066,-1,368,367,1067,-1,357,361,1068,-1,356,355,1069,-1,352,353,1070,-1,347,351,1071,-1,350,349,1072,-1,346,345,1073,-1,342,343,1074,-1,340,339,1075,-1,332,333,1076,-1,332,1076,331,-1,340,1075,335,-1,342,1074,341,-1,357,1068,358,-1,368,1067,363,-1,370,1066,369,-1,280,1058,275,-1,282,1057,281,-1,308,1049,303,-1,310,1048,309,-1,318,1047,313,-1,344,346,1077,-1,1077,346,1073,-1,1077,1073,1078,-1,1078,1073,1079,-1,1078,1079,1080,-1,1080,1079,1081,-1,1080,1081,1082,-1,366,365,1083,-1,1083,365,1084,-1,1083,1084,1085,-1,1085,1084,1086,-1,1085,1086,1087,-1,1087,1086,1088,-1,1087,1088,1089,-1,298,297,1090,-1,1090,297,1050,-1,1090,1050,1091,-1,1091,1050,1092,-1,1091,1092,1093,-1,1093,1092,1094,-1,1093,1094,1095,-1,322,324,1096,-1,1096,324,1044,-1,1096,1044,1097,-1,1097,1044,1098,-1,1097,1098,1099,-1,1099,1098,1100,-1,1099,1100,1101,-1,343,344,1074,-1,1074,344,1077,-1,1074,1077,1102,-1,1102,1077,1078,-1,1102,1078,1103,-1,1103,1078,1080,-1,1103,1080,1104,-1,1104,1080,1082,-1,1104,1082,1105,-1,367,366,1067,-1,1067,366,1083,-1,1067,1083,1106,-1,1106,1083,1085,-1,1106,1085,1107,-1,1107,1085,1087,-1,1107,1087,1108,-1,1108,1087,1089,-1,1108,1089,1109,-1,274,276,1110,-1,1110,276,1111,-1,1110,1111,1112,-1,1112,1111,1113,-1,1112,1113,1114,-1,1114,1113,1115,-1,1114,1115,1116,-1,1116,1115,1117,-1,1116,1117,1118,-1,299,298,1051,-1,1051,298,1090,-1,1051,1090,1119,-1,1119,1090,1091,-1,1119,1091,1120,-1,1120,1091,1093,-1,1120,1093,1121,-1,1121,1093,1095,-1,1121,1095,1122,-1,321,322,1045,-1,1045,322,1096,-1,1045,1096,1123,-1,1123,1096,1097,-1,1123,1097,1124,-1,1124,1097,1099,-1,1124,1099,1125,-1,1125,1099,1101,-1,1125,1101,1126,-1,337,341,1127,-1,1127,341,1074,-1,1127,1074,1128,-1,1128,1074,1102,-1,1128,1102,1129,-1,1129,1102,1103,-1,1129,1103,1130,-1,1130,1103,1104,-1,1130,1104,1131,-1,1131,1104,1105,-1,1131,1105,1034,-1,364,363,1132,-1,1132,363,1067,-1,1132,1067,1133,-1,1133,1067,1106,-1,1133,1106,1134,-1,1134,1106,1107,-1,1134,1107,1135,-1,1135,1107,1108,-1,1135,1108,1136,-1,1136,1108,1109,-1,1136,1109,1024,-1,273,274,1059,-1,1059,274,1110,-1,1059,1110,1137,-1,1137,1110,1112,-1,1137,1112,1138,-1,1138,1112,1114,-1,1138,1114,1139,-1,1139,1114,1116,-1,1139,1116,1140,-1,1140,1116,1118,-1,1140,1118,1013,-1,295,300,1052,-1,1052,300,1051,-1,1052,1051,1141,-1,1141,1051,1119,-1,1141,1119,1142,-1,1142,1119,1120,-1,1142,1120,1143,-1,1143,1120,1121,-1,1143,1121,1144,-1,1144,1121,1122,-1,1144,1122,1003,-1,319,320,1046,-1,1046,320,1045,-1,1046,1045,1145,-1,1145,1045,1123,-1,1145,1123,1146,-1,1146,1123,1124,-1,1146,1124,1147,-1,1147,1124,1125,-1,1147,1125,1148,-1,1148,1125,1126,-1,1148,1126,993,-1,1149,1150,1151,-1,1152,1153,1154,-1,1155,1156,1157,-1,1158,1159,1160,-1,1161,1162,1163,-1,568,624,1040,-1,1040,624,1041,-1,1040,1041,1164,-1,1164,1041,1165,-1,1164,1165,1166,-1,1166,1165,1167,-1,1166,1167,1168,-1,1168,1167,1169,-1,1168,1169,1170,-1,1170,1169,1171,-1,1170,1171,1172,-1,1172,1171,1173,-1,565,569,1039,-1,1039,569,1040,-1,1039,1040,1174,-1,1174,1040,1164,-1,1174,1164,1175,-1,1175,1164,1166,-1,1175,1166,1176,-1,1176,1166,1168,-1,1176,1168,1177,-1,1177,1168,1170,-1,1177,1170,1076,-1,1076,1170,1172,-1,1076,1172,331,-1,331,1172,1173,-1,331,1173,330,-1,562,566,1038,-1,1038,566,1039,-1,1038,1039,1178,-1,1178,1039,1174,-1,1178,1174,1179,-1,1179,1174,1175,-1,1179,1175,1180,-1,1180,1175,1176,-1,1180,1176,1181,-1,1181,1176,1177,-1,1181,1177,1182,-1,1182,1177,1076,-1,1182,1076,334,-1,334,1076,333,-1,559,563,1037,-1,1037,563,1038,-1,1037,1038,1183,-1,1183,1038,1178,-1,1183,1178,1184,-1,1184,1178,1179,-1,1184,1179,1185,-1,1185,1179,1180,-1,1185,1180,1186,-1,1186,1180,1181,-1,1186,1181,1187,-1,1187,1181,1182,-1,1187,1182,336,-1,336,1182,334,-1,556,560,1036,-1,1036,560,1037,-1,1036,1037,1188,-1,1188,1037,1183,-1,1188,1183,1189,-1,1189,1183,1184,-1,1189,1184,1190,-1,1190,1184,1185,-1,1190,1185,1191,-1,1191,1185,1186,-1,1191,1186,1075,-1,1075,1186,1187,-1,1075,1187,335,-1,335,1187,336,-1,553,557,1035,-1,1035,557,1036,-1,1035,1036,1192,-1,1192,1036,1188,-1,1192,1188,1193,-1,1193,1188,1189,-1,1193,1189,1194,-1,1194,1189,1190,-1,1194,1190,1195,-1,1195,1190,1191,-1,1195,1191,1196,-1,1196,1191,1075,-1,1196,1075,338,-1,338,1075,339,-1,644,554,1034,-1,1034,554,1035,-1,1034,1035,1131,-1,1131,1035,1192,-1,1131,1192,1130,-1,1130,1192,1193,-1,1130,1193,1129,-1,1129,1193,1194,-1,1129,1194,1128,-1,1128,1194,1195,-1,1128,1195,1127,-1,1127,1195,1196,-1,1127,1196,337,-1,337,1196,338,-1,1081,1197,1082,-1,1082,1197,1198,-1,1082,1198,1105,-1,1105,1198,1033,-1,1105,1033,1034,-1,1034,1033,572,-1,1034,572,571,-1,1197,1149,1198,-1,1198,1149,1151,-1,1198,1151,1033,-1,1033,1151,575,-1,1033,575,574,-1,551,550,1199,-1,1199,550,1150,-1,1199,1150,1200,-1,1200,1150,1149,-1,1200,1149,1201,-1,1201,1149,1197,-1,1201,1197,1202,-1,1202,1197,1081,-1,1202,1081,1203,-1,1203,1081,1079,-1,1203,1079,1072,-1,1072,1079,1073,-1,1072,1073,350,-1,350,1073,345,-1,550,580,1150,-1,1150,580,578,-1,1150,578,1151,-1,1151,578,577,-1,1151,577,575,-1,547,551,1032,-1,1032,551,1199,-1,1032,1199,1204,-1,1204,1199,1200,-1,1204,1200,1205,-1,1205,1200,1201,-1,1205,1201,1206,-1,1206,1201,1202,-1,1206,1202,1207,-1,1207,1202,1203,-1,1207,1203,1208,-1,1208,1203,1072,-1,1208,1072,348,-1,348,1072,349,-1,544,548,1031,-1,1031,548,1032,-1,1031,1032,1209,-1,1209,1032,1204,-1,1209,1204,1210,-1,1210,1204,1205,-1,1210,1205,1211,-1,1211,1205,1206,-1,1211,1206,1212,-1,1212,1206,1207,-1,1212,1207,1071,-1,1071,1207,1208,-1,1071,1208,347,-1,347,1208,348,-1,541,545,1030,-1,1030,545,1031,-1,1030,1031,1213,-1,1213,1031,1209,-1,1213,1209,1214,-1,1214,1209,1210,-1,1214,1210,1215,-1,1215,1210,1211,-1,1215,1211,1216,-1,1216,1211,1212,-1,1216,1212,1070,-1,1070,1212,1071,-1,1070,1071,352,-1,352,1071,351,-1,539,538,1217,-1,1217,538,664,-1,664,542,1217,-1,1217,542,1030,-1,1217,1030,1218,-1,1218,1030,1213,-1,1218,1213,1219,-1,1219,1213,1214,-1,1219,1214,1220,-1,1220,1214,1215,-1,1220,1215,1221,-1,1221,1215,1216,-1,1221,1216,1222,-1,1222,1216,1070,-1,1222,1070,354,-1,354,1070,353,-1,535,539,1029,-1,1029,539,1217,-1,1029,1217,1223,-1,1223,1217,1218,-1,1223,1218,1224,-1,1224,1218,1219,-1,1224,1219,1225,-1,1225,1219,1220,-1,1225,1220,1226,-1,1226,1220,1221,-1,1226,1221,1069,-1,1069,1221,1222,-1,1069,1222,356,-1,356,1222,354,-1,532,536,1028,-1,1028,536,1029,-1,1028,1029,1227,-1,1227,1029,1223,-1,1227,1223,1228,-1,1228,1223,1224,-1,1228,1224,1229,-1,1229,1224,1225,-1,1229,1225,1230,-1,1230,1225,1226,-1,1230,1226,1231,-1,1231,1226,1069,-1,1231,1069,360,-1,360,1069,355,-1,529,533,1027,-1,1027,533,1028,-1,1027,1028,1232,-1,1232,1028,1227,-1,1232,1227,1233,-1,1233,1227,1228,-1,1233,1228,1234,-1,1234,1228,1229,-1,1234,1229,1235,-1,1235,1229,1230,-1,1235,1230,1236,-1,1236,1230,1231,-1,526,530,1026,-1,1026,530,1027,-1,1026,1027,1237,-1,1237,1027,1232,-1,1237,1232,1238,-1,1238,1232,1233,-1,1238,1233,1239,-1,1239,1233,1234,-1,1239,1234,1240,-1,1240,1234,1235,-1,1240,1235,1068,-1,1068,1235,1236,-1,1068,1236,358,-1,358,1236,1231,-1,358,1231,359,-1,359,1231,360,-1,523,527,1025,-1,1025,527,1026,-1,1025,1026,1241,-1,1241,1026,1237,-1,1241,1237,1242,-1,1242,1237,1238,-1,1242,1238,1243,-1,1243,1238,1239,-1,1243,1239,1244,-1,1244,1239,1240,-1,1244,1240,1245,-1,1245,1240,1068,-1,1245,1068,362,-1,362,1068,361,-1,836,524,1024,-1,1024,524,1025,-1,1024,1025,1136,-1,1136,1025,1241,-1,1136,1241,1135,-1,1135,1241,1242,-1,1135,1242,1134,-1,1134,1242,1243,-1,1134,1243,1133,-1,1133,1243,1244,-1,1133,1244,1132,-1,1132,1244,1245,-1,1132,1245,364,-1,364,1245,362,-1,1088,1246,1089,-1,1089,1246,1247,-1,1089,1247,1109,-1,1109,1247,1023,-1,1109,1023,1024,-1,1024,1023,582,-1,1024,582,581,-1,1246,1152,1247,-1,1247,1152,1154,-1,1247,1154,1023,-1,1023,1154,585,-1,1023,585,584,-1,521,520,1248,-1,1248,520,1153,-1,1248,1153,1249,-1,1249,1153,1152,-1,1249,1152,1250,-1,1250,1152,1246,-1,1250,1246,1251,-1,1251,1246,1088,-1,1251,1088,1252,-1,1252,1088,1086,-1,1252,1086,1066,-1,1066,1086,1084,-1,1066,1084,369,-1,369,1084,365,-1,520,590,1153,-1,1153,590,588,-1,1153,588,1154,-1,1154,588,587,-1,1154,587,585,-1,517,521,1022,-1,1022,521,1248,-1,1022,1248,1253,-1,1253,1248,1249,-1,1253,1249,1254,-1,1254,1249,1250,-1,1254,1250,1255,-1,1255,1250,1251,-1,1255,1251,1256,-1,1256,1251,1252,-1,1256,1252,1257,-1,1257,1252,1066,-1,1257,1066,372,-1,372,1066,371,-1,514,518,1021,-1,1021,518,1022,-1,1021,1022,1258,-1,1258,1022,1253,-1,1258,1253,1259,-1,1259,1253,1254,-1,1259,1254,1260,-1,1260,1254,1255,-1,1260,1255,1261,-1,1261,1255,1256,-1,1261,1256,1065,-1,1065,1256,1257,-1,1065,1257,374,-1,374,1257,372,-1,511,515,1020,-1,1020,515,1021,-1,1020,1021,1262,-1,1262,1021,1258,-1,1262,1258,1263,-1,1263,1258,1259,-1,1263,1259,1264,-1,1264,1259,1260,-1,1264,1260,1265,-1,1265,1260,1261,-1,1265,1261,1064,-1,1064,1261,1065,-1,1064,1065,378,-1,378,1065,373,-1,509,508,1266,-1,1266,508,865,-1,865,512,1266,-1,1266,512,1020,-1,1266,1020,1267,-1,1267,1020,1262,-1,1267,1262,1268,-1,1268,1262,1263,-1,1268,1263,1269,-1,1269,1263,1264,-1,1269,1264,1270,-1,1270,1264,1265,-1,1270,1265,1271,-1,1271,1265,1064,-1,1271,1064,376,-1,376,1064,377,-1,505,509,1019,-1,1019,509,1266,-1,1019,1266,1272,-1,1272,1266,1267,-1,1272,1267,1273,-1,1273,1267,1268,-1,1273,1268,1274,-1,1274,1268,1269,-1,1274,1269,1275,-1,1275,1269,1270,-1,1275,1270,1063,-1,1063,1270,1271,-1,1063,1271,375,-1,375,1271,376,-1,502,506,1018,-1,1018,506,1019,-1,1018,1019,1276,-1,1276,1019,1272,-1,1276,1272,1277,-1,1277,1272,1273,-1,1277,1273,1278,-1,1278,1273,1274,-1,1278,1274,1279,-1,1279,1274,1275,-1,1279,1275,1062,-1,1062,1275,1063,-1,1062,1063,380,-1,380,1063,379,-1,499,503,1017,-1,1017,503,1018,-1,1017,1018,1280,-1,1280,1018,1276,-1,1280,1276,1281,-1,1281,1276,1277,-1,1281,1277,1282,-1,1282,1277,1278,-1,1282,1278,1283,-1,1283,1278,1279,-1,1283,1279,1284,-1,1284,1279,1062,-1,1284,1062,382,-1,382,1062,381,-1,496,500,1016,-1,1016,500,1017,-1,1016,1017,1285,-1,1285,1017,1280,-1,1285,1280,1286,-1,1286,1280,1281,-1,1286,1281,1287,-1,1287,1281,1282,-1,1287,1282,1288,-1,1288,1282,1283,-1,1288,1283,1061,-1,1061,1283,1284,-1,1061,1284,384,-1,384,1284,382,-1,493,497,1015,-1,1015,497,1016,-1,1015,1016,1289,-1,1289,1016,1285,-1,1289,1285,1290,-1,1290,1285,1286,-1,1290,1286,1291,-1,1291,1286,1287,-1,1291,1287,1292,-1,1292,1287,1288,-1,1292,1288,1060,-1,1060,1288,1061,-1,1060,1061,387,-1,387,1061,383,-1,884,494,1014,-1,1014,494,1015,-1,1014,1015,1293,-1,1293,1015,1289,-1,1293,1289,1294,-1,1294,1289,1290,-1,1294,1290,1295,-1,1295,1290,1291,-1,1295,1291,1296,-1,1296,1291,1292,-1,1296,1292,1297,-1,1297,1292,1060,-1,1297,1060,385,-1,385,1060,386,-1,592,591,1013,-1,1013,591,1014,-1,1013,1014,1140,-1,1140,1014,1293,-1,1140,1293,1139,-1,1139,1293,1294,-1,1139,1294,1138,-1,1138,1294,1295,-1,1138,1295,1137,-1,1137,1295,1296,-1,1137,1296,1059,-1,1059,1296,1297,-1,1059,1297,272,-1,272,1297,385,-1,1117,1155,1118,-1,1118,1155,1157,-1,1118,1157,1013,-1,1013,1157,595,-1,1013,595,594,-1,491,490,1298,-1,1298,490,1156,-1,1298,1156,1299,-1,1299,1156,1155,-1,1299,1155,1300,-1,1300,1155,1117,-1,1300,1117,1301,-1,1301,1117,1115,-1,1301,1115,1302,-1,1302,1115,1113,-1,1302,1113,1058,-1,1058,1113,1111,-1,1058,1111,275,-1,275,1111,276,-1,490,600,1156,-1,1156,600,598,-1,1156,598,1157,-1,1157,598,597,-1,1157,597,595,-1,487,491,1012,-1,1012,491,1298,-1,1012,1298,1303,-1,1303,1298,1299,-1,1303,1299,1304,-1,1304,1299,1300,-1,1304,1300,1305,-1,1305,1300,1301,-1,1305,1301,1306,-1,1306,1301,1302,-1,1306,1302,1307,-1,1307,1302,1058,-1,1307,1058,278,-1,278,1058,279,-1,484,488,1011,-1,1011,488,1012,-1,1011,1012,1308,-1,1308,1012,1303,-1,1308,1303,1309,-1,1309,1303,1304,-1,1309,1304,1310,-1,1310,1304,1305,-1,1310,1305,1311,-1,1311,1305,1306,-1,1311,1306,1312,-1,1312,1306,1307,-1,1312,1307,277,-1,277,1307,278,-1,277,281,1312,-1,1312,281,1057,-1,1312,1057,1311,-1,1311,1057,1313,-1,1311,1313,1310,-1,1310,1313,1314,-1,1310,1314,1309,-1,1309,1314,1315,-1,1309,1315,1308,-1,1308,1315,1316,-1,1308,1316,1011,-1,1011,1316,1317,-1,1011,1317,485,-1,720,482,1317,-1,1317,482,481,-1,1317,481,485,-1,478,720,1010,-1,1010,720,1317,-1,1010,1317,1318,-1,1318,1317,1316,-1,1318,1316,1319,-1,1319,1316,1315,-1,1319,1315,1320,-1,1320,1315,1314,-1,1320,1314,1321,-1,1321,1314,1313,-1,1321,1313,1322,-1,1322,1313,1057,-1,1322,1057,284,-1,284,1057,283,-1,475,479,1009,-1,1009,479,1010,-1,1009,1010,1323,-1,1323,1010,1318,-1,1323,1318,1324,-1,1324,1318,1319,-1,1324,1319,1325,-1,1325,1319,1320,-1,1325,1320,1326,-1,1326,1320,1321,-1,1326,1321,1056,-1,1056,1321,1322,-1,1056,1322,286,-1,286,1322,284,-1,472,476,1008,-1,1008,476,1009,-1,1008,1009,1327,-1,1327,1009,1323,-1,1327,1323,1328,-1,1328,1323,1324,-1,1328,1324,1329,-1,1329,1324,1325,-1,1329,1325,1330,-1,1330,1325,1326,-1,1330,1326,1055,-1,1055,1326,1056,-1,1055,1056,290,-1,290,1056,285,-1,469,473,1007,-1,1007,473,1008,-1,1007,1008,1331,-1,1331,1008,1327,-1,1331,1327,1332,-1,1332,1327,1328,-1,1332,1328,1333,-1,1333,1328,1329,-1,1333,1329,1334,-1,1334,1329,1330,-1,1334,1330,1335,-1,1335,1330,1055,-1,1335,1055,288,-1,288,1055,289,-1,466,470,1006,-1,1006,470,1007,-1,1006,1007,1336,-1,1336,1007,1331,-1,1336,1331,1337,-1,1337,1331,1332,-1,1337,1332,1338,-1,1338,1332,1333,-1,1338,1333,1339,-1,1339,1333,1334,-1,1339,1334,1054,-1,1054,1334,1335,-1,1054,1335,287,-1,287,1335,288,-1,463,467,1005,-1,1005,467,1006,-1,1005,1006,1340,-1,1340,1006,1336,-1,1340,1336,1341,-1,1341,1336,1337,-1,1341,1337,1342,-1,1342,1337,1338,-1,1342,1338,1343,-1,1343,1338,1339,-1,1343,1339,1053,-1,1053,1339,1054,-1,1053,1054,292,-1,292,1054,291,-1,740,464,1004,-1,1004,464,1005,-1,1004,1005,1344,-1,1344,1005,1340,-1,1344,1340,1345,-1,1345,1340,1341,-1,1345,1341,1346,-1,1346,1341,1342,-1,1346,1342,1347,-1,1347,1342,1343,-1,1347,1343,1348,-1,1348,1343,1053,-1,1348,1053,294,-1,294,1053,293,-1,602,601,1003,-1,1003,601,1004,-1,1003,1004,1144,-1,1144,1004,1344,-1,1144,1344,1143,-1,1143,1344,1345,-1,1143,1345,1142,-1,1142,1345,1346,-1,1142,1346,1141,-1,1141,1346,1347,-1,1141,1347,1052,-1,1052,1347,1348,-1,1052,1348,296,-1,296,1348,294,-1,1094,1349,1095,-1,1095,1349,1350,-1,1095,1350,1122,-1,1122,1350,1002,-1,1122,1002,1003,-1,1003,1002,605,-1,1003,605,604,-1,1349,1158,1350,-1,1350,1158,1160,-1,1350,1160,1002,-1,1002,1160,608,-1,1002,608,607,-1,458,457,1351,-1,1351,457,1159,-1,1351,1159,1352,-1,1352,1159,1158,-1,1352,1158,1353,-1,1353,1158,1349,-1,1353,1349,1354,-1,1354,1349,1094,-1,1354,1094,1355,-1,1355,1094,1092,-1,1355,1092,1356,-1,1356,1092,1050,-1,1356,1050,302,-1,302,1050,301,-1,457,461,1159,-1,1159,461,460,-1,1159,460,1160,-1,1160,460,610,-1,1160,610,608,-1,454,458,1001,-1,1001,458,1351,-1,1001,1351,1357,-1,1357,1351,1352,-1,1357,1352,1358,-1,1358,1352,1353,-1,1358,1353,1359,-1,1359,1353,1354,-1,1359,1354,1360,-1,1360,1354,1355,-1,1360,1355,1361,-1,1361,1355,1356,-1,1361,1356,304,-1,304,1356,302,-1,304,303,1361,-1,1361,303,1049,-1,1361,1049,1360,-1,1360,1049,1362,-1,1360,1362,1359,-1,1359,1362,1363,-1,1359,1363,1358,-1,1358,1363,1364,-1,1358,1364,1357,-1,1357,1364,1365,-1,1357,1365,1001,-1,1001,1365,1366,-1,1001,1366,455,-1,942,452,1366,-1,1366,452,451,-1,1366,451,455,-1,448,942,1000,-1,1000,942,1366,-1,1000,1366,1367,-1,1367,1366,1365,-1,1367,1365,1368,-1,1368,1365,1364,-1,1368,1364,1369,-1,1369,1364,1363,-1,1369,1363,1370,-1,1370,1363,1362,-1,1370,1362,1371,-1,1371,1362,1049,-1,1371,1049,306,-1,306,1049,307,-1,445,449,999,-1,999,449,1000,-1,999,1000,1372,-1,1372,1000,1367,-1,1372,1367,1373,-1,1373,1367,1368,-1,1373,1368,1374,-1,1374,1368,1369,-1,1374,1369,1375,-1,1375,1369,1370,-1,1375,1370,1376,-1,1376,1370,1371,-1,1376,1371,305,-1,305,1371,306,-1,442,446,998,-1,998,446,999,-1,998,999,1377,-1,1377,999,1372,-1,1377,1372,1378,-1,1378,1372,1373,-1,1378,1373,1379,-1,1379,1373,1374,-1,1379,1374,1380,-1,1380,1374,1375,-1,1380,1375,1048,-1,1048,1375,1376,-1,1048,1376,309,-1,309,1376,305,-1,439,443,997,-1,997,443,998,-1,997,998,1381,-1,1381,998,1377,-1,1381,1377,1382,-1,1382,1377,1378,-1,1382,1378,1383,-1,1383,1378,1379,-1,1383,1379,1384,-1,1384,1379,1380,-1,1384,1380,1385,-1,1385,1380,1048,-1,1385,1048,312,-1,312,1048,311,-1,436,440,996,-1,996,440,997,-1,996,997,1386,-1,1386,997,1381,-1,1386,1381,1387,-1,1387,1381,1382,-1,1387,1382,1388,-1,1388,1382,1383,-1,1388,1383,1389,-1,1389,1383,1384,-1,1389,1384,1390,-1,1390,1384,1385,-1,1390,1385,314,-1,314,1385,312,-1,433,437,995,-1,995,437,996,-1,995,996,1391,-1,1391,996,1386,-1,1391,1386,1392,-1,1392,1386,1387,-1,1392,1387,1393,-1,1393,1387,1388,-1,1393,1388,1394,-1,1394,1388,1389,-1,1394,1389,1047,-1,1047,1389,1390,-1,1047,1390,313,-1,313,1390,314,-1,966,434,994,-1,994,434,995,-1,994,995,1395,-1,1395,995,1391,-1,1395,1391,1396,-1,1396,1391,1392,-1,1396,1392,1397,-1,1397,1392,1393,-1,1397,1393,1398,-1,1398,1393,1394,-1,1398,1394,1399,-1,1399,1394,1047,-1,1399,1047,316,-1,316,1047,317,-1,612,611,993,-1,993,611,994,-1,993,994,1148,-1,1148,994,1395,-1,1148,1395,1147,-1,1147,1395,1396,-1,1147,1396,1146,-1,1146,1396,1397,-1,1146,1397,1145,-1,1145,1397,1398,-1,1145,1398,1046,-1,1046,1398,1399,-1,1046,1399,315,-1,315,1399,316,-1,1100,1400,1101,-1,1101,1400,1401,-1,1101,1401,1126,-1,1126,1401,992,-1,1126,992,993,-1,993,992,615,-1,993,615,614,-1,1400,1161,1401,-1,1401,1161,1163,-1,1401,1163,992,-1,992,1163,618,-1,992,618,617,-1,431,430,1402,-1,1402,430,1162,-1,1402,1162,1403,-1,1403,1162,1161,-1,1403,1161,1404,-1,1404,1161,1400,-1,1404,1400,1405,-1,1405,1400,1100,-1,1405,1100,1406,-1,1406,1100,1098,-1,1406,1098,1043,-1,1043,1098,1044,-1,1043,1044,328,-1,328,1044,323,-1,430,623,1162,-1,1162,623,621,-1,1162,621,1163,-1,1163,621,620,-1,1163,620,618,-1,427,431,991,-1,991,431,1402,-1,991,1402,1407,-1,1407,1402,1403,-1,1407,1403,1408,-1,1408,1403,1404,-1,1408,1404,1409,-1,1409,1404,1405,-1,1409,1405,1410,-1,1410,1405,1406,-1,1410,1406,1411,-1,1411,1406,1043,-1,1411,1043,326,-1,326,1043,327,-1,424,428,990,-1,990,428,991,-1,990,991,1412,-1,1412,991,1407,-1,1412,1407,1413,-1,1413,1407,1408,-1,1413,1408,1414,-1,1414,1408,1409,-1,1414,1409,1415,-1,1415,1409,1410,-1,1415,1410,1042,-1,1042,1410,1411,-1,1042,1411,325,-1,325,1411,326,-1,778,425,1041,-1,1041,425,990,-1,1041,990,1165,-1,1165,990,1412,-1,1165,1412,1167,-1,1167,1412,1413,-1,1167,1413,1169,-1,1169,1413,1414,-1,1169,1414,1171,-1,1171,1414,1415,-1,1171,1415,1173,-1,1173,1415,1042,-1,1173,1042,330,-1,330,1042,329,-1,
        ]
    }
}
Shape{
    appearance Appearance {
        material  Material 	{
            diffuseColor 0.20784313725490197 0.20784313725490197 0.20784313725490197
            specularColor 0.01568627450980392 0.01568627450980392 0.01568627450980392
            ambientIntensity 0.298
            transparency 0.0
            shininess 0.5
        }
    }
    geometry IndexedFaceSet {
        ccw TRUE
        solid FALSE
        coord DEF co Coordinate {
            point [
                0.7648 1.6306 3.8583, 0.7648 1.5909 3.8583, 0.8612 1.5909 3.8583, 0.7648 1.7894 3.8583, 0.7648 1.76 3.8583, 0.8612 1.76 3.8583, 0.9706 1.8788 3.8583, 0.9706 1.8468 3.8583, 0.9976 1.8468 3.8583, 1.0959 1.72 3.8583, 1.0959 1.688 3.8583, 1.1147 1.688 3.8583, 0.9551 1.6308 3.8583, 0.9519 1.6319 3.8583, 0.9519 1.6306 3.8583, 0.9767 1.6311 3.8583, 0.9727 1.6306 3.8583, 0.9976 1.6306 3.8583, 1.183 1.8176 3.8583, 1.1463 1.8176 3.8583, 1.1932 1.7902 3.8583, 1.1463 1.7894 3.8583, 1.2075 1.7902 3.8583, 1.5256 1.7894 3.8583, 1.5256 1.8912 3.8583, 1.1694 1.8903 3.8583, 1.1463 1.8912 3.8583, 1.1414 1.8176 3.8583, 1.1317 1.7902 3.8583, 1.1147 1.7894 3.8583, 1.1175 1.7902 3.8583, 1.1147 1.8912 3.8583, 1.1463 1.866 3.8583, 1.1556 1.8903 3.8583, 0.9519 1.8912 3.8583, 0.9242 1.8912 3.8583, 0.9278 1.8908 3.8583, 0.9376 1.8879 3.8583, 0.9376 1.8744 3.8583, 0.9519 1.7894 3.8583, 0.9376 1.8068 3.8583, 0.9376 1.7944 3.8583, 0.9359 1.7935 3.8583, 0.9252 1.79 3.8583, 0.9188 1.7894 3.8583, 0.9167 1.8002 3.8583, 0.928 1.8024 3.8583, 0.8763 1.8382 3.8583, 0.8763 1.8392 3.8583, 0.8854 1.8677 3.8583, 0.8807 1.8605 3.8583, 0.8776 1.8516 3.8583, 0.9257 1.879 3.8583, 0.914 1.8803 3.8583, 0.9096 1.8801 3.8583, 0.901 1.8784 3.8583, 0.8778 1.8259 3.8583, 0.881 1.8178 3.8583, 0.8861 1.8106 3.8583, 0.8952 1.8037 3.8583, 0.9024 1.8011 3.8583, 0.9118 1.8001 3.8583, 0.936 1.8753 3.8583, 0.8932 1.8746 3.8583, 0.8868 1.8692 3.8583, 0.8885 1.8082 3.8583, 0.9058 1.8912 3.8583, 0.9139 1.892 3.8583, 0.8672 2.1592 3.8583, 0.9519 2.1592 3.8583, 0.9148 1.892 3.8583, 0.8672 1.8912 3.8583, 0.9013 1.8907 3.8583, 0.8905 1.887 3.8583, 0.8703 1.8684 3.8583, 0.8772 1.8773 3.8583, 0.8806 1.8805 3.8583, 0.8672 1.8157 3.8583, 0.8646 1.8224 3.8583, 0.8612 1.7894 3.8583, 0.8627 1.8384 3.8583, 0.8629 1.8445 3.8583, 0.8612 1.8912 3.8583, 0.8654 1.8574 3.8583, 0.8672 1.8615 3.8583, 0.8836 1.7955 3.8583, 0.8755 1.8022 3.8583, 0.8672 1.7894 3.8583, 0.8746 1.8033 3.8583, 0.8686 1.8119 3.8583, 0.9099 1.7885 3.8583, 0.9039 1.7888 3.8583, 0.8672 1.76 3.8583, 0.9012 1.7894 3.8583, 0.8931 1.791 3.8583, 1.0565 1.7029 3.8583, 1.0695 1.7029 3.8583, 1.0763 1.76 3.8583, 1.0336 1.6492 3.8583, 1.0351 1.6433 3.8583, 1.0355 1.6433 3.8583, 1.021 1.76 3.8583, 1.021 1.6855 3.8583, 1.037 1.6491 3.8583, 1.036 1.6458 3.8583, 1.0009 1.7029 3.8583, 0.9976 1.76 3.8583, 1.021 1.6519 3.8583, 1.0149 1.7029 3.8583, 1.021 1.6306 3.8583, 1.0285 1.6306 3.8583, 1.0289 1.6316 3.8583, 1.021 1.6141 3.8583, 1.021 1.6141 3.8583, 1.0234 1.6186 3.8583, 0.9976 1.5909 3.8583, 1.0035 1.5988 3.8583, 1.0035 1.6099 3.8583, 1.0106 1.6085 3.8583, 1.0136 1.6089 3.8583, 1.021 1.6 3.8583, 1.0166 1.5984 3.8583, 1.021 1.5909 3.8583, 1.0116 1.5978 3.8583, 1.0088 1.5979 3.8583, 1.0163 1.6099 3.8583, 1.0186 1.6115 3.8583, 1.0371 1.6206 3.8583, 1.0314 1.6096 3.8583, 1.0763 1.5909 3.8583, 1.041 1.6306 3.8583, 1.0268 1.6041 3.8583, 1.0259 1.6033 3.8583, 1.0216 1.6002 3.8583, 0.9902 1.6627 3.8583, 0.9925 1.6593 3.8583, 0.9909 1.6892 3.8583, 0.9505 1.6955 3.8583, 0.9519 1.6968 3.8583, 0.9519 1.76 3.8583, 0.9542 1.6989 3.8583, 0.9578 1.7011 3.8583, 0.9938 1.6556 3.8583, 0.9944 1.6509 3.8583, 0.9938 1.6458 3.8583, 0.9922 1.6419 3.8583, 0.9899 1.6386 3.8583, 0.9647 1.7035 3.8583, 0.974 1.7046 3.8583, 0.9909 1.7014 3.8583, 0.9811 1.7041 3.8583, 0.9863 1.6354 3.8583, 0.9833 1.6336 3.8583, 0.9728 1.6944 3.8583, 0.9691 1.6941 3.8583, 0.9591 1.6848 3.8583, 0.9657 1.6932 3.8583, 0.9629 1.6917 3.8583, 0.9592 1.6831 3.8583, 0.9597 1.6811 3.8583, 0.9606 1.6795 3.8583, 0.9618 1.6781 3.8583, 0.9662 1.6753 3.8583, 0.981 1.6934 3.8583, 0.974 1.672 3.8583, 0.9881 1.6909 3.8583, 0.9789 1.67 3.8583, 0.9872 1.6654 3.8583, 0.961 1.6901 3.8583, 0.9599 1.6885 3.8583, 0.9593 1.6868 3.8583, 0.8767 1.6655 3.8583, 0.8786 1.6857 3.8583, 0.8742 1.6619 3.8583, 0.8725 1.6575 3.8583, 0.9461 1.6469 3.8583, 0.9291 1.6774 3.8583, 0.9461 1.6339 3.8583, 0.9291 1.6314 3.8583, 0.9103 1.6353 3.8583, 0.9059 1.6323 3.8583, 0.9166 1.6314 3.8583, 0.9011 1.6306 3.8583, 0.8672 1.6306 3.8583, 0.8738 1.6407 3.8583, 0.8723 1.6449 3.8583, 0.9063 1.6939 3.8583, 0.9021 1.6944 3.8583, 0.8954 1.6739 3.8583, 0.8672 1.5909 3.8583, 0.887 1.6306 3.8583, 0.8868 1.6306 3.8583, 0.882 1.6324 3.8583, 0.8915 1.7033 3.8583, 0.882 1.6998 3.8583, 0.8786 1.6979 3.8583, 0.8805 1.6688 3.8583, 0.8859 1.6716 3.8583, 0.8875 1.6913 3.8583, 0.8954 1.6938 3.8583, 0.8778 1.6354 3.8583, 0.8764 1.6368 3.8583, 0.951 1.6439 3.8583, 0.9519 1.6435 3.8583, 0.9519 1.6701 3.8583, 0.9166 1.6425 3.8583, 0.9162 1.6425 3.8583, 0.9143 1.6395 3.8583, 0.9281 1.6871 3.8583, 0.9467 1.6788 3.8583, 0.9467 1.6881 3.8583, 0.9481 1.6922 3.8583, 0.9235 1.6968 3.8583, 0.9033 1.7046 3.8583, 0.9107 1.7039 3.8583, 0.916 1.7023 3.8583, 0.8717 1.6506 3.8583, 0.8717 1.6521 3.8583, 0.9261 1.6927 3.8583, 0.9462 1.6836 3.8583, 0.9202 1.6999 3.8583, 0.9166 1.6769 3.8583, 0.9161 1.6824 3.8583, 0.9148 1.6869 3.8583, 0.9133 1.6895 3.8583, 0.9518 1.6702 3.8583, 0.9497 1.6723 3.8583, 0.9481 1.6749 3.8583, 0.9115 1.6915 3.8583, 0.9092 1.6929 3.8583, 0.9588 1.6409 3.8583, 0.9651 1.6629 3.8583, 0.9577 1.6663 3.8583, 0.9667 1.64 3.8583, 0.9673 1.64 3.8583, 0.9734 1.6594 3.8583, 0.9737 1.6407 3.8583, 0.9815 1.6497 3.8583, 0.9814 1.6512 3.8583, 0.9769 1.6419 3.8583, 0.9781 1.6426 3.8583, 0.9795 1.6439 3.8583, 0.9806 1.6455 3.8583, 0.9812 1.6473 3.8583, 0.9808 1.6532 3.8583, 0.9798 1.6548 3.8583, 0.9783 1.6565 3.8583, 0.9572 1.6306 3.8583, 0.9519 1.5909 3.8583, 0.9655 1.6298 3.8583, 1.006 1.6091 3.8583, 0.9008 1.6305 3.8583, 0.8943 1.6298 3.8583, 0.678 1.8123 3.8583, 0.6973 1.796 3.8583, 0.7648 1.8912 3.8583, 0.5986 1.8912 3.8583, 0.615 1.8802 3.8583, 0.6385 1.8529 3.8583, 0.6534 1.824 3.8583, 0.6568 1.8228 3.8583, 0.483 1.9128 3.8583, 0.5182 1.9172 3.8583, 0.7648 2.1592 3.8583, 0.5475 1.9141 3.8583, 0.5832 1.9015 3.8583, 0.4502 1.9002 3.8583, -1.307 2.1592 3.8583, 0.4356 1.8912 3.8583, -1.307 1.8912 3.8583, 0.4328 1.8894 3.8583, 0.357 1.8561 3.8583, 0.3851 1.8595 3.8583, 0.4161 1.8751 3.8583, 0.3933 1.8591 3.8583, 0.4015 1.8581 3.8583, 0.3033 1.8254 3.8583, 0.308 1.8299 3.8583, 0.3307 1.8458 3.8583, -1.307 1.7894 3.8583, -1.307 1.76 3.8583, 0.2716 1.76 3.8583, 0.2748 1.7778 3.8583, 0.2799 1.7894 3.8583, 0.2861 1.8034 3.8583, 0.3219 1.6478 3.8583, 0.2997 1.6667 3.8583, -1.307 1.6306 3.8583, 0.2835 1.6898 3.8583, 0.3476 1.6352 3.8583, 0.3575 1.6306 3.8583, 0.3566 1.6325 3.8583, 0.2733 1.7163 3.8583, 0.2698 1.7442 3.8583, 0.27 1.751 3.8583, -1.307 1.5909 3.8583, 0.3948 1.5909 3.8583, 0.3883 1.5937 3.8583, 0.3744 1.6041 3.8583, 0.3638 1.6172 3.8583, 0.4537 1.5909 3.8583, 0.4415 1.5863 3.8583, 0.7648 -0.2498 3.8583, 0.4242 1.5841 3.8583, 0.4216 1.5842 3.8583, -1.307 -0.2498 3.8583, 0.4048 1.5868 3.8583, 0.4909 1.6306 3.8583, 0.4908 1.6302 3.8583, 0.4823 1.6143 3.8583, 0.4716 1.6022 3.8583, 0.4574 1.5924 3.8583, 0.7206 1.754 3.8583, 0.7238 1.7307 3.8583, 0.5818 1.6726 3.8583, 0.5867 1.6745 3.8583, 0.595 1.7151 3.8583, 0.6975 1.6631 3.8583, 0.6782 1.6467 3.8583, 0.4776 1.703 3.8583, 0.573 1.7528 3.8583, 0.4651 1.7143 3.8583, 0.45 1.7224 3.8583, 0.5774 1.6695 3.8583, 0.7117 1.6828 3.8583, 0.7206 1.7054 3.8583, 0.5922 1.6752 3.8583, 0.5929 1.6752 3.8583, 0.595 1.6747 3.8583, 0.3207 1.7171 3.8583, 0.329 1.7029 3.8583, 0.3652 1.6954 3.8583, 0.3418 1.6898 3.8583, 0.3573 1.6802 3.8583, 0.3915 1.719 3.8583, 0.3164 1.76 3.8583, 0.3769 1.7089 3.8583, 0.3146 1.7457 3.8583, 0.3155 1.7345 3.8583, 0.4072 1.7251 3.8583, 0.4242 1.7272 3.8583, 0.4328 1.7267 3.8583, 0.5701 1.6532 3.8583, 0.5703 1.656 3.8583, 0.4954 1.6624 3.8583, 0.5717 1.6614 3.8583, 0.5745 1.6662 3.8583, 0.5965 1.6745 3.8583, 0.6285 1.6745 3.8583, 0.6354 1.6754 3.8583, 0.5868 1.6317 3.8583, 0.582 1.6336 3.8583, 0.5774 1.6369 3.8583, 0.5758 1.6386 3.8583, 0.5727 1.643 3.8583, 0.5708 1.6479 3.8583, 0.495 1.6477 3.8583, 0.4954 1.6553 3.8583, 0.6565 1.6361 3.8583, 0.6328 1.6311 3.8583, 0.5908 1.6311 3.8583, 0.6666 1.6939 3.8583, 0.674 1.7052 3.8583, 0.6785 1.7181 3.8583, 0.6797 1.73 3.8583, 0.6793 1.7365 3.8583, 0.6486 1.6799 3.8583, 0.66 1.6873 3.8583, 0.6242 1.7855 3.8583, 0.6185 1.7855 3.8583, 0.6705 1.76 3.8583, 0.636 1.7843 3.8583, 0.6759 1.7502 3.8583, 0.3168 1.7629 3.8583, 0.3229 1.7788 3.8583, 0.6692 1.7625 3.8583, 0.6598 1.7726 3.8583, 0.6486 1.7799 3.8583, 0.6031 1.8284 3.8583, 0.587 1.8476 3.8583, 0.4235 1.8062 3.8583, 0.5854 1.849 3.8583, 0.5654 1.8629 3.8583, 0.4344 1.8287 3.8583, 0.3303 1.7894 3.8583, 0.4186 1.8088 3.8583, 0.6177 1.7894 3.8583, 0.6141 1.8055 3.8583, 0.4027 1.8147 3.8583, 0.3858 1.8168 3.8583, 0.3782 1.8164 3.8583, 0.4504 1.8478 3.8583, 0.5431 1.8715 3.8583, 0.4694 1.8617 3.8583, 0.5189 1.8745 3.8583, 0.4926 1.8711 3.8583, 0.3607 1.8122 3.8583, 0.3448 1.8038 3.8583, 0.3328 1.793 3.8583, 0.7021 1.7894 3.8583, 0.7119 1.7758 3.8583, 0.7182 1.76 3.8583, 1.109 1.823 3.8583, 1.104 1.8127 3.8583, 1.0763 1.8912 3.8583, 1.0763 1.888 3.8583, 1.0873 1.8837 3.8583, 1.0968 1.8771 3.8583, 1.1012 1.8727 3.8583, 1.1071 1.8637 3.8583, 1.0763 1.7928 3.8583, 1.0763 1.7894 3.8583, 1.0861 1.7966 3.8583, 1.0968 1.8043 3.8583, 1.0958 1.8033 3.8583, 1.1106 1.8539 3.8583, 1.1119 1.8416 3.8583, 1.1116 1.8346 3.8583, 1.021 1.8912 3.8583, 1.059 1.8903 3.8583, 1.0754 1.8884 3.8583, 1.0747 1.7922 3.8583, 1.0579 1.7902 3.8583, 1.021 1.7894 3.8583, 1.0304 1.7902 3.8583, 1.0304 1.8903 3.8583, 1.0959 1.6429 3.8583, 1.1147 1.6429 3.8583, 1.0959 1.6765 3.8583, 1.1147 1.6765 3.8583, 1.1346 1.7315 3.8583, 1.1346 1.72 3.8583, 1.1463 1.76 3.8583, 1.1369 1.6429 3.8583, 1.1463 1.6306 3.8583, 1.1369 1.6314 3.8583, 1.1147 1.6306 3.8583, 1.1317 1.6765 3.8583, 1.1317 1.688 3.8583, 1.1147 1.72 3.8583, 1.1147 1.6314 3.8583, 1.083 1.6314 3.8583, 1.0763 1.6306 3.8583, 1.083 1.7315 3.8583, 1.1147 1.7315 3.8583, 1.1147 1.76 3.8583, 0.9706 1.8016 3.8583, 0.9976 1.8016 3.8583, 0.9706 1.8353 3.8583, 0.9976 1.8353 3.8583, 0.9976 1.8912 3.8583, 1.0092 1.8903 3.8583, 0.9976 1.8903 3.8583, 1.0064 1.8353 3.8583, 1.0115 1.8016 3.8583, 1.0064 1.8468 3.8583, 1.0092 1.8788 3.8583, 0.9976 1.8788 3.8583, 1.0115 1.7902 3.8583, 0.9976 1.7894 3.8583, 0.9976 1.7902 3.8583, 0.9577 1.7902 3.8583, 0.9577 1.8903 3.8583, -2.8839 -0.2498 3.8583, -2.8839 1.5909 3.8583, -2.8839 1.6306 3.8583, -2.8839 1.76 3.8583, -2.8839 1.7894 3.8583, -2.8839 1.8912 3.8583, -2.8839 2.1592 3.8583, 0.8586 1.8016 3.8583, 0.8586 1.7902 3.8583, 0.8058 1.7902 3.8583, 0.8187 1.8903 3.8583, 0.8187 1.8016 3.8583, 0.8058 1.8903 3.8583, 0.8612 1.6306 3.8583, 0.8597 1.6314 3.8583, 0.8058 1.6314 3.8583, 0.8597 1.6429 3.8583, 0.8574 1.72 3.8583, 0.8187 1.6765 3.8583, 0.8187 1.6429 3.8583, 0.8545 1.6765 3.8583, 0.8545 1.688 3.8583, 0.8187 1.688 3.8583, 0.8187 1.72 3.8583, 0.8058 1.7315 3.8583, 0.8574 1.7315 3.8583, 0.8612 2.1592 3.8583, 0.9976 2.1592 3.8583, 1.021 2.1592 3.8583, 1.0763 2.1592 3.8583, 1.1147 2.1592 3.8583, 1.1463 2.1592 3.8583, 1.5256 2.1592 3.8583, 1.3186 1.6314 3.8583, 1.3329 1.6314 3.8583, 1.5256 1.6306 3.8583, 1.2947 1.7315 3.8583, 1.5256 1.76 3.8583, 1.3084 1.6588 3.8583, 1.2667 1.6588 3.8583, 1.2571 1.6314 3.8583, 1.2428 1.6314 3.8583, 1.2809 1.7315 3.8583, 1.1558 1.7315 3.8583, 1.1558 1.6314 3.8583, 1.1833 1.6314 3.8583, 1.2 1.6334 3.8583, 1.2115 1.6379 3.8583, 1.1843 1.7315 3.8583, 1.2007 1.7296 3.8583, 1.2126 1.7249 3.8583, 1.2222 1.7183 3.8583, 1.2265 1.7139 3.8583, 1.2325 1.7049 3.8583, 1.2359 1.6951 3.8583, 1.2373 1.6828 3.8583, 1.2369 1.6759 3.8583, 1.2344 1.6642 3.8583, 1.2293 1.6539 3.8583, 1.2222 1.6455 3.8583, 1.2212 1.6446 3.8583, 1.1147 1.5909 3.8583, 1.1463 1.5909 3.8583, 1.5256 1.5909 3.8583, 0.8612 -0.2498 3.8583, 0.8672 -0.2498 3.8583, 0.9519 -0.2498 3.8583, 0.9976 -0.2498 3.8583, 1.021 -0.2498 3.8583, 1.0763 -0.2498 3.8583, 1.1147 -0.2498 3.8583, 1.1463 -0.2498 3.8583, 1.5256 -0.2498 3.8583, -2.8839 -0.8169 4.3307, -4.1831 -0.8169 4.3307, -2.8839 -0.8169 2.5591, -4.1831 -0.8169 0.0, 0.5413 -0.8169 1.9685, 1.5256 -0.8169 2.5591, -0.4035 -0.8169 1.9685, -0.4035 -0.8169 1.8504, 0.5413 -0.8169 1.8504, 1.5256 -0.8169 0.0, 1.1516 -0.0295 1.4324, 1.5256 -0.0295 1.4324, 1.1516 -0.0295 0.4806, 1.5256 -0.0295 0.4806, 1.1516 0.1673 0.4806, 1.1516 0.1673 0.0, 1.1516 1.7421 0.0, 1.1516 1.7421 0.4806, 1.1516 2.3132 3.1858, 1.1516 2.1955 3.395, 1.1516 -0.1971 1.6043, 1.1516 -0.3349 1.8008, 1.1516 1.939 1.4324, 1.1516 2.1065 1.6043, 1.1516 2.4416 2.7248, 1.1516 2.0458 3.5827, 1.1516 -0.1363 3.5827, 1.1516 -0.286 3.395, 1.1516 2.3959 2.9605, 1.1516 1.939 0.4806, 1.1516 -0.5321 2.7248, 1.1516 -0.5395 2.4848, 1.1516 2.2444 1.8008, 1.1516 2.3491 2.0168, 1.1516 -0.4037 3.1858, 1.1516 -0.4865 2.9605, 1.1516 2.4178 2.2468, 1.1516 2.4489 2.4848, 1.1516 -0.5084 2.2468, 1.1516 -0.4396 2.0168, 1.5256 0.1673 0.0, -1.1811 0.4823 0.0, -1.1811 1.4272 0.0, 1.5256 1.7421 0.0, 1.5256 2.7264 0.0, -4.1831 2.7264 0.0, -1.2795 1.4272 0.0, -1.2795 0.4823 0.0, 1.5256 0.1673 0.4806, 1.5256 1.7421 0.4806, 1.5256 1.939 0.4806, 1.5256 -0.1363 3.5827, 1.5256 2.0458 3.5827, 1.5256 -0.1971 1.6043, 1.5256 -0.3349 1.8008, 1.5256 -0.4396 2.0168, 1.5256 2.3256 3.6813, 1.5256 2.1955 3.395, 1.5256 2.4662 3.4833, 1.5256 2.5784 3.2679, 1.5256 2.3132 3.1858, 1.5256 2.6601 3.0391, 1.5256 2.3959 2.9605, 1.5256 2.7097 2.8014, 1.5256 2.4416 2.7248, 1.5256 2.7264 2.5591, 1.5256 -0.4161 3.6813, 1.5256 -0.286 3.395, 1.5256 -0.5568 3.4833, 1.5256 -0.4037 3.1858, 1.5256 -0.669 3.2679, 1.5256 -0.4865 2.9605, 1.5256 -0.7506 3.0391, 1.5256 -0.5321 2.7248, 1.5256 -0.8003 2.8014, 1.5256 -0.5395 2.4848, 1.5256 -0.5084 2.2468, 1.5256 2.4489 2.4848, 1.5256 2.4178 2.2468, 1.5256 2.3491 2.0168, 1.5256 1.939 1.4324, 1.5256 2.1065 1.6043, 1.5256 2.2444 1.8008, -2.8839 2.7264 2.5591, -2.8839 2.7097 2.8014, -2.8839 2.6601 3.0391, -2.8839 2.5784 3.2679, -2.8839 2.4662 3.4833, -2.8839 2.3256 3.6813, -2.8839 2.7264 4.3307, -4.1831 2.7264 4.3307, -2.8839 -0.8003 2.8014, -2.8839 -0.7506 3.0391, -2.8839 -0.669 3.2679, -2.8839 -0.5568 3.4833, -2.8839 -0.4161 3.6813, -4.1831 1.1708 3.6802, -4.1831 0.9547 3.7008, -4.1831 1.4779 1.5442, -4.1831 1.6605 1.6616, -4.1831 0.7386 3.6802, -4.1831 0.5304 3.619, -4.1831 0.3375 3.5195, -4.1831 0.1668 3.3854, -4.1831 0.0247 3.2213, -4.1831 -0.0838 3.0334, -4.1831 -0.1242 2.1856, -4.1831 -0.034 1.9882, -4.1831 0.0919 1.8114, -4.1831 0.249 1.6616, -4.1831 0.4316 1.5442, -4.1831 1.2764 1.4636, -4.1831 1.8176 1.8114, -4.1831 1.9435 1.9882, -4.1831 2.0337 2.1856, -4.1831 -0.1548 2.8282, -4.1831 -0.1857 2.6134, -4.1831 -0.1754 2.3966, -4.1831 0.6331 1.4636, -4.1831 0.8462 1.4225, -4.1831 1.0633 1.4225, -4.1831 1.9933 3.0334, -4.1831 1.8848 3.2213, -4.1831 1.7426 3.3854, -4.1831 2.0848 2.3966, -4.1831 2.0952 2.6134, -4.1831 2.0643 2.8282, -4.1831 1.572 3.5195, -4.1831 1.3791 3.619, -1.4272 0.9547 3.7008, -1.4272 1.1708 3.6802, -1.4272 1.3791 3.619, -1.4272 1.572 3.5195, -1.4272 1.7426 3.3854, -1.4272 1.8848 3.2213, -1.4272 1.9933 3.0334, -1.4272 2.0643 2.8282, -1.4272 2.0952 2.6134, -1.4272 2.0848 2.3966, -1.4272 2.0337 2.1856, -1.4272 1.9435 1.9882, -1.4272 1.8176 1.8114, -1.4272 1.6605 1.6616, -1.4272 1.4779 1.5442, -1.4272 1.2764 1.4636, -1.4272 1.0633 1.4225, -1.4272 0.8462 1.4225, -1.4272 0.6331 1.4636, -1.4272 0.4316 1.5442, -1.4272 0.249 1.6616, -1.4272 0.0919 1.8114, -1.4272 -0.034 1.9882, -1.4272 -0.1242 2.1856, -1.4272 -0.1754 2.3966, -1.4272 -0.1857 2.6134, -1.4272 -0.1548 2.8282, -1.4272 -0.0838 3.0334, -1.4272 0.0247 3.2213, -1.4272 0.1668 3.3854, -1.4272 0.3375 3.5195, -1.4272 0.5304 3.619, -1.4272 0.7386 3.6802, -1.4272 0.7579 2.9, -1.4272 0.8528 2.9393, -1.4272 0.9547 2.9528, -1.4272 1.0566 2.9393, -1.4272 0.5744 2.661, -1.4272 0.6138 2.7559, -1.4272 0.6763 2.8374, -1.4272 0.5744 2.4572, -1.4272 0.561 2.5591, -1.4272 0.7579 2.2181, -1.4272 0.6763 2.2807, -1.4272 0.6138 2.3622, -1.4272 1.0566 2.1788, -1.4272 0.9547 2.1654, -1.4272 0.8528 2.1788, -1.4272 1.2331 2.2807, -1.4272 1.1516 2.2181, -1.4272 1.3484 2.5591, -1.4272 1.335 2.4572, -1.4272 1.2957 2.3622, -1.4272 1.2331 2.8374, -1.4272 1.2957 2.7559, -1.4272 1.335 2.661, -1.4272 1.1516 2.9
            ]
        }
        coordIndex [
            0,1,2,-1,3,4,5,-1,6,7,8,-1,9,10,11,-1,12,13,14,-1,15,16,17,-1,18,19,20,-1,20,19,21,-1,20,21,22,-1,23,24,25,-1,25,24,26,-1,19,27,21,-1,21,27,28,-1,21,28,29,-1,29,28,30,-1,29,30,31,-1,31,30,32,-1,31,32,26,-1,26,32,33,-1,26,33,25,-1,34,35,36,-1,36,37,34,-1,34,37,38,-1,34,38,39,-1,40,41,39,-1,41,42,39,-1,39,42,43,-1,39,43,44,-1,45,46,47,-1,47,46,40,-1,47,40,48,-1,49,50,40,-1,40,50,51,-1,40,51,48,-1,52,53,40,-1,40,53,54,-1,40,54,55,-1,56,57,58,-1,59,60,47,-1,47,60,61,-1,47,61,45,-1,39,38,40,-1,40,38,62,-1,40,62,52,-1,55,63,40,-1,40,63,64,-1,40,64,49,-1,56,58,47,-1,47,58,65,-1,47,65,59,-1,66,67,68,-1,68,67,69,-1,69,67,70,-1,69,70,35,-1,66,71,72,-1,72,71,73,-1,74,75,71,-1,71,75,76,-1,71,76,73,-1,77,78,79,-1,80,81,82,-1,82,81,83,-1,82,83,71,-1,71,83,84,-1,71,84,74,-1,85,86,87,-1,87,86,88,-1,87,88,89,-1,90,91,92,-1,92,91,93,-1,92,93,87,-1,87,93,94,-1,87,94,85,-1,95,96,97,-1,98,99,100,-1,97,101,95,-1,95,101,102,-1,95,102,103,-1,103,102,98,-1,103,98,104,-1,104,98,100,-1,105,106,17,-1,105,17,107,-1,106,105,101,-1,101,105,108,-1,101,108,102,-1,17,109,107,-1,107,109,110,-1,107,110,111,-1,112,113,109,-1,109,113,114,-1,109,114,110,-1,115,116,117,-1,109,118,119,-1,120,121,122,-1,122,121,123,-1,122,123,115,-1,115,123,124,-1,115,124,116,-1,119,125,109,-1,109,125,126,-1,109,126,112,-1,127,128,129,-1,127,129,130,-1,128,131,129,-1,129,131,132,-1,129,132,122,-1,122,132,133,-1,122,133,120,-1,134,135,136,-1,137,138,139,-1,139,138,140,-1,139,140,141,-1,142,143,17,-1,143,144,17,-1,17,144,145,-1,17,145,146,-1,141,147,139,-1,139,147,148,-1,139,148,106,-1,135,142,136,-1,136,142,17,-1,136,17,149,-1,149,17,106,-1,149,106,150,-1,150,106,148,-1,146,151,17,-1,17,151,152,-1,17,152,15,-1,153,154,155,-1,155,154,156,-1,155,156,157,-1,155,158,153,-1,153,158,159,-1,153,159,160,-1,160,161,153,-1,153,161,162,-1,153,162,163,-1,163,162,164,-1,163,164,165,-1,165,164,166,-1,165,166,136,-1,136,166,167,-1,136,167,134,-1,168,169,157,-1,157,169,170,-1,157,170,155,-1,171,172,173,-1,173,172,174,-1,175,176,177,-1,177,176,178,-1,177,178,13,-1,179,180,181,-1,181,180,182,-1,181,182,178,-1,183,184,185,-1,186,187,188,-1,189,190,183,-1,183,190,191,-1,183,191,192,-1,193,92,194,-1,194,92,195,-1,171,196,172,-1,172,196,197,-1,172,197,198,-1,198,197,188,-1,198,188,199,-1,199,188,187,-1,192,200,183,-1,183,200,201,-1,183,201,184,-1,202,203,204,-1,205,206,181,-1,181,206,207,-1,181,207,179,-1,208,176,209,-1,210,211,212,-1,193,213,92,-1,92,213,214,-1,92,214,215,-1,185,216,183,-1,183,216,217,-1,183,217,92,-1,92,217,174,-1,92,174,195,-1,195,174,172,-1,202,204,175,-1,212,218,210,-1,210,218,208,-1,210,208,219,-1,219,208,209,-1,44,90,139,-1,139,90,92,-1,139,92,137,-1,137,92,215,-1,137,215,211,-1,211,215,220,-1,211,220,212,-1,221,222,188,-1,188,222,223,-1,188,223,224,-1,204,225,175,-1,175,225,226,-1,175,226,176,-1,176,226,227,-1,176,227,209,-1,224,228,188,-1,188,228,229,-1,188,229,186,-1,230,231,203,-1,203,231,232,-1,203,232,204,-1,230,233,231,-1,231,233,234,-1,231,234,235,-1,235,234,236,-1,235,237,238,-1,236,239,235,-1,235,239,240,-1,235,240,241,-1,241,242,235,-1,235,242,243,-1,235,243,237,-1,238,244,235,-1,235,244,245,-1,235,245,246,-1,12,14,247,-1,247,14,248,-1,247,248,249,-1,249,248,16,-1,16,248,115,-1,16,115,17,-1,17,115,117,-1,17,117,109,-1,109,117,250,-1,109,250,118,-1,13,178,14,-1,14,178,182,-1,14,182,248,-1,248,182,251,-1,248,251,189,-1,189,251,252,-1,189,252,190,-1,253,254,255,-1,255,254,3,-1,256,257,255,-1,255,257,258,-1,258,259,255,-1,255,259,260,-1,255,260,253,-1,261,262,263,-1,263,262,264,-1,263,264,265,-1,261,263,266,-1,266,263,267,-1,266,267,268,-1,268,267,269,-1,268,269,270,-1,269,271,270,-1,270,271,272,-1,270,272,273,-1,273,272,274,-1,273,274,275,-1,276,277,269,-1,269,277,278,-1,269,278,271,-1,279,280,281,-1,281,282,279,-1,279,282,283,-1,279,283,269,-1,269,283,284,-1,269,284,276,-1,285,286,287,-1,287,286,288,-1,285,287,289,-1,289,287,290,-1,289,290,291,-1,288,292,287,-1,287,292,293,-1,287,293,280,-1,280,293,294,-1,280,294,281,-1,295,296,287,-1,287,296,297,-1,297,298,287,-1,287,298,299,-1,287,299,290,-1,300,301,302,-1,302,301,303,-1,302,303,304,-1,295,305,296,-1,296,305,302,-1,296,302,306,-1,306,302,304,-1,0,307,1,-1,1,307,308,-1,1,308,309,-1,309,310,1,-1,1,310,311,-1,1,311,300,-1,312,313,4,-1,314,315,316,-1,317,318,0,-1,319,320,321,-1,321,320,322,-1,314,316,323,-1,317,0,324,-1,4,313,0,-1,0,313,325,-1,0,325,324,-1,315,326,316,-1,316,326,327,-1,316,327,328,-1,329,330,331,-1,331,330,332,-1,331,332,333,-1,334,335,336,-1,336,335,337,-1,336,337,331,-1,331,337,338,-1,331,338,329,-1,334,339,335,-1,335,339,340,-1,335,340,320,-1,320,340,341,-1,320,341,322,-1,342,343,344,-1,344,343,345,-1,344,345,316,-1,316,345,346,-1,316,346,323,-1,328,347,316,-1,316,347,348,-1,316,348,349,-1,350,351,307,-1,307,351,352,-1,307,352,353,-1,353,354,307,-1,307,354,355,-1,307,355,356,-1,356,355,342,-1,356,342,357,-1,357,342,344,-1,318,358,0,-1,0,358,359,-1,0,359,307,-1,307,359,360,-1,307,360,350,-1,361,362,316,-1,316,362,363,-1,316,363,320,-1,320,363,364,-1,320,364,365,-1,349,366,316,-1,316,366,367,-1,316,367,361,-1,368,369,370,-1,368,370,371,-1,365,372,320,-1,320,372,370,-1,320,370,335,-1,335,370,369,-1,335,369,373,-1,373,369,374,-1,375,376,370,-1,370,376,377,-1,370,377,371,-1,378,379,380,-1,379,381,380,-1,380,381,382,-1,380,382,383,-1,384,380,385,-1,374,369,384,-1,384,369,386,-1,384,386,380,-1,380,386,387,-1,380,387,378,-1,385,388,384,-1,384,388,389,-1,384,389,390,-1,383,382,391,-1,391,382,392,-1,391,392,393,-1,393,392,394,-1,393,394,395,-1,396,397,390,-1,390,397,398,-1,390,398,384,-1,254,399,3,-1,3,399,400,-1,3,400,4,-1,4,400,401,-1,4,401,312,-1,402,403,29,-1,404,405,31,-1,31,405,406,-1,406,407,31,-1,31,407,408,-1,31,408,409,-1,410,411,412,-1,412,411,29,-1,403,413,29,-1,29,413,414,-1,29,414,412,-1,409,415,31,-1,31,415,416,-1,31,416,29,-1,29,416,417,-1,29,417,402,-1,418,419,404,-1,404,419,420,-1,404,420,405,-1,410,421,411,-1,411,421,422,-1,411,422,423,-1,423,422,424,-1,423,424,418,-1,418,424,425,-1,418,425,419,-1,426,427,428,-1,428,427,429,-1,430,431,432,-1,432,431,433,-1,432,433,434,-1,434,433,435,-1,434,435,436,-1,429,427,437,-1,437,427,433,-1,437,433,438,-1,438,433,431,-1,438,431,11,-1,11,431,439,-1,11,439,9,-1,435,440,436,-1,436,440,441,-1,436,441,442,-1,442,441,443,-1,430,432,444,-1,444,432,445,-1,444,445,443,-1,443,445,97,-1,443,97,442,-1,442,97,96,-1,442,96,130,-1,446,447,448,-1,448,447,449,-1,418,450,451,-1,451,450,452,-1,449,447,453,-1,453,447,454,-1,453,454,455,-1,455,454,456,-1,455,456,8,-1,8,456,457,-1,8,457,6,-1,451,456,418,-1,418,456,454,-1,418,454,423,-1,423,454,458,-1,423,458,459,-1,459,458,460,-1,459,460,461,-1,452,450,462,-1,462,450,34,-1,462,34,461,-1,461,34,39,-1,461,39,459,-1,463,305,464,-1,464,305,295,-1,464,295,465,-1,465,295,287,-1,465,287,466,-1,466,287,280,-1,466,280,467,-1,467,280,279,-1,467,279,468,-1,468,279,269,-1,468,269,469,-1,469,269,267,-1,470,471,79,-1,79,471,472,-1,473,82,255,-1,78,80,79,-1,79,80,82,-1,79,82,470,-1,470,82,473,-1,470,473,474,-1,5,79,3,-1,3,79,472,-1,3,472,255,-1,255,472,475,-1,255,475,473,-1,476,477,478,-1,477,476,479,-1,479,476,5,-1,479,5,480,-1,481,482,483,-1,483,482,479,-1,483,479,484,-1,484,479,480,-1,484,480,485,-1,485,480,486,-1,2,476,0,-1,0,476,478,-1,0,478,4,-1,4,478,487,-1,4,487,5,-1,5,487,488,-1,5,488,480,-1,66,68,71,-1,71,68,489,-1,71,489,82,-1,82,489,263,-1,82,263,255,-1,255,263,265,-1,255,265,256,-1,2,189,476,-1,476,189,183,-1,476,183,5,-1,5,183,92,-1,5,92,79,-1,79,92,87,-1,79,87,77,-1,77,87,89,-1,44,139,39,-1,39,139,106,-1,39,106,459,-1,459,106,101,-1,459,101,423,-1,423,101,97,-1,423,97,411,-1,411,97,445,-1,411,445,29,-1,29,445,432,-1,29,432,21,-1,35,34,69,-1,69,34,450,-1,69,450,490,-1,490,450,418,-1,490,418,491,-1,491,418,404,-1,491,404,492,-1,492,404,31,-1,492,31,493,-1,493,31,26,-1,493,26,494,-1,494,26,24,-1,494,24,495,-1,496,434,497,-1,497,434,498,-1,497,498,499,-1,499,498,500,-1,501,502,496,-1,496,502,503,-1,496,503,434,-1,434,503,504,-1,25,22,23,-1,23,22,21,-1,23,21,500,-1,500,21,432,-1,500,432,499,-1,499,432,505,-1,506,432,507,-1,507,432,434,-1,507,434,508,-1,508,434,504,-1,508,504,509,-1,509,504,510,-1,506,511,432,-1,432,511,512,-1,432,512,505,-1,505,512,513,-1,505,513,514,-1,514,515,505,-1,505,515,516,-1,505,516,517,-1,517,518,505,-1,505,518,519,-1,505,519,504,-1,504,519,520,-1,504,520,521,-1,521,522,504,-1,504,522,523,-1,504,523,510,-1,130,129,442,-1,442,129,524,-1,442,524,436,-1,436,524,525,-1,436,525,434,-1,434,525,526,-1,434,526,498,-1,300,302,1,-1,1,302,527,-1,1,527,2,-1,2,527,528,-1,2,528,189,-1,189,528,529,-1,189,529,248,-1,248,529,530,-1,248,530,115,-1,115,530,531,-1,115,531,122,-1,122,531,532,-1,122,532,129,-1,129,532,533,-1,129,533,524,-1,524,533,534,-1,524,534,525,-1,525,534,535,-1,525,535,526,-1,536,537,538,-1,538,537,539,-1,540,541,542,-1,542,541,538,-1,542,538,543,-1,543,538,539,-1,543,539,544,-1,544,539,545,-1,544,545,540,-1,540,545,541,-1,546,547,548,-1,548,547,549,-1,546,548,550,-1,551,552,550,-1,550,552,553,-1,554,555,556,-1,556,555,557,-1,558,559,560,-1,561,562,555,-1,555,562,563,-1,554,556,564,-1,564,556,546,-1,564,546,560,-1,560,546,550,-1,560,550,558,-1,558,550,553,-1,558,553,565,-1,555,566,567,-1,559,568,569,-1,563,570,555,-1,555,570,571,-1,555,571,566,-1,569,572,559,-1,559,572,573,-1,559,573,560,-1,567,574,555,-1,555,574,575,-1,555,575,557,-1,551,576,545,-1,545,539,551,-1,551,539,577,-1,551,577,552,-1,552,577,578,-1,579,552,580,-1,580,552,578,-1,580,578,581,-1,581,578,582,-1,581,582,539,-1,539,582,583,-1,539,583,577,-1,545,576,584,-1,585,579,586,-1,586,579,580,-1,587,588,495,-1,584,549,545,-1,545,549,547,-1,545,547,589,-1,589,590,545,-1,545,590,591,-1,545,591,541,-1,495,588,592,-1,592,588,593,-1,592,593,594,-1,594,593,595,-1,595,593,596,-1,595,596,597,-1,597,596,598,-1,597,598,599,-1,599,598,600,-1,599,600,601,-1,495,535,587,-1,587,535,602,-1,587,602,603,-1,603,602,604,-1,603,604,605,-1,605,604,606,-1,605,606,607,-1,607,606,608,-1,607,608,609,-1,609,608,610,-1,609,610,611,-1,611,610,541,-1,611,541,612,-1,612,541,591,-1,600,613,601,-1,601,613,614,-1,601,614,580,-1,580,614,615,-1,616,586,617,-1,617,586,580,-1,617,580,618,-1,618,580,615,-1,601,619,620,-1,601,620,599,-1,599,620,621,-1,599,621,597,-1,597,621,622,-1,597,622,595,-1,595,622,623,-1,595,623,594,-1,594,623,624,-1,594,624,592,-1,592,624,469,-1,592,469,495,-1,536,625,537,-1,537,625,626,-1,601,580,619,-1,619,580,581,-1,619,581,625,-1,625,581,626,-1,620,619,625,-1,536,538,627,-1,620,625,621,-1,627,628,536,-1,536,628,629,-1,536,629,630,-1,630,631,536,-1,536,631,463,-1,536,463,625,-1,625,463,469,-1,625,469,624,-1,624,623,625,-1,625,623,622,-1,625,622,621,-1,632,633,626,-1,626,633,537,-1,634,635,581,-1,633,636,537,-1,537,636,637,-1,537,637,638,-1,638,639,537,-1,537,639,640,-1,537,640,641,-1,539,642,643,-1,643,644,539,-1,539,644,645,-1,539,645,646,-1,634,581,647,-1,635,648,581,-1,581,648,649,-1,581,649,650,-1,641,651,537,-1,537,651,652,-1,537,652,539,-1,539,652,653,-1,539,653,642,-1,646,654,539,-1,539,654,655,-1,539,655,581,-1,581,655,656,-1,581,656,647,-1,657,658,626,-1,626,658,659,-1,650,660,581,-1,581,660,661,-1,581,661,626,-1,626,661,662,-1,626,662,657,-1,659,663,626,-1,626,663,664,-1,626,664,632,-1,535,463,631,-1,535,631,602,-1,602,631,630,-1,602,630,604,-1,604,630,629,-1,604,629,606,-1,606,629,628,-1,606,628,608,-1,608,628,627,-1,608,627,610,-1,610,627,538,-1,610,538,541,-1,665,633,666,-1,666,633,632,-1,666,632,667,-1,667,632,664,-1,667,664,668,-1,668,664,663,-1,668,663,669,-1,669,663,659,-1,669,659,670,-1,670,659,658,-1,670,658,671,-1,671,658,657,-1,671,657,672,-1,672,657,662,-1,672,662,673,-1,673,662,661,-1,673,661,674,-1,674,661,660,-1,674,660,675,-1,675,660,650,-1,675,650,676,-1,676,650,649,-1,676,649,677,-1,677,649,648,-1,677,648,678,-1,678,648,635,-1,678,635,679,-1,679,635,634,-1,679,634,680,-1,680,634,647,-1,680,647,681,-1,681,647,656,-1,681,656,682,-1,682,656,655,-1,682,655,683,-1,683,655,654,-1,683,654,684,-1,684,654,646,-1,684,646,685,-1,685,646,645,-1,685,645,686,-1,686,645,644,-1,686,644,687,-1,687,644,643,-1,687,643,688,-1,688,643,642,-1,688,642,689,-1,689,642,653,-1,689,653,690,-1,690,653,652,-1,690,652,691,-1,691,652,651,-1,691,651,692,-1,692,651,641,-1,692,641,693,-1,693,641,640,-1,693,640,694,-1,694,640,639,-1,694,639,695,-1,695,639,638,-1,695,638,696,-1,696,638,637,-1,696,637,697,-1,697,637,636,-1,697,636,665,-1,665,636,633,-1,698,696,699,-1,699,696,697,-1,699,697,700,-1,700,697,665,-1,700,665,701,-1,702,692,703,-1,703,692,693,-1,703,693,704,-1,704,693,694,-1,704,694,698,-1,698,694,695,-1,698,695,696,-1,705,689,706,-1,706,689,690,-1,706,690,702,-1,702,690,691,-1,702,691,692,-1,707,685,708,-1,708,685,686,-1,708,686,709,-1,709,686,687,-1,709,687,705,-1,705,687,688,-1,705,688,689,-1,710,681,711,-1,711,681,682,-1,711,682,712,-1,712,682,683,-1,712,683,707,-1,707,683,684,-1,707,684,685,-1,713,678,714,-1,714,678,679,-1,714,679,710,-1,710,679,680,-1,710,680,681,-1,715,674,716,-1,716,674,675,-1,716,675,717,-1,717,675,676,-1,717,676,713,-1,713,676,677,-1,713,677,678,-1,718,670,719,-1,719,670,671,-1,719,671,720,-1,720,671,672,-1,720,672,715,-1,715,672,673,-1,715,673,674,-1,665,666,701,-1,701,666,667,-1,701,667,721,-1,721,667,668,-1,721,668,718,-1,718,668,669,-1,718,669,670,-1,
        ]
    }
}
Shape{
    appearance Appearance {
        material  Material 	{
            diffuseColor 0.6666666666666666 0.6666666666666666 0.6666666666666666
            specularColor 0.4666666666666667 0.4666666666666667 0.4666666666666667
            ambientIntensity 0.6667
            transparency 0.0
            shininess 0.5
        }
    }
    geometry IndexedFaceSet {
        ccw TRUE
        solid FALSE
        coord DEF co Coordinate {
            point [
                -3.002 0.909 2.168, -1.4272 0.9547 2.1654, -1.4272 0.8528 2.1788, -1.4272 0.7579 2.2181, -3.002 0.8201 2.1891, -3.002 0.8534 2.1812, -1.4272 0.6763 2.2807, -3.002 0.7384 2.2301, -3.002 0.7588 2.2199, -1.4272 0.6138 2.3622, -3.002 0.6684 2.2889, -3.002 0.6771 2.2816, -1.4272 0.5744 2.4572, -3.002 0.5776 2.4461, -3.002 0.6138 2.3622, -1.4272 0.561 2.5591, -3.002 0.5617 2.5362, -3.002 0.5756 2.4574, -1.4272 0.5744 2.661, -3.002 0.567 2.6274, -3.002 0.563 2.5589, -1.4272 0.6138 2.7559, -3.002 0.5932 2.715, -3.002 0.5768 2.6602, -1.4272 0.6763 2.8374, -3.002 0.6389 2.7942, -3.002 0.6161 2.7546, -1.4272 0.7579 2.9, -3.002 0.7017 2.8607, -3.002 0.6781 2.8357, -1.4272 0.8528 2.9393, -3.002 0.778 2.9109, -3.002 0.759 2.8983, -1.4272 0.9547 2.9528, -3.002 0.8639 2.9421, -3.002 0.8532 2.9383, -1.4272 1.0566 2.9393, -3.002 1.0455 2.9421, -3.002 0.9547 2.9528, -1.4272 1.1516 2.9, -3.002 1.1314 2.9109, -3.002 1.0562 2.9383, -1.4272 1.2331 2.8374, -3.002 1.2078 2.8607, -3.002 1.1505 2.8983, -1.4272 1.2957 2.7559, -3.002 1.2705 2.7942, -3.002 1.2313 2.8357, -1.4272 1.335 2.661, -3.002 1.3162 2.715, -3.002 1.2934 2.7546, -1.4272 1.3484 2.5591, -3.002 1.3424 2.6274, -3.002 1.3326 2.6602, -1.4272 1.335 2.4572, -3.002 1.3478 2.5362, -3.002 1.3464 2.5589, -1.4272 1.2957 2.3622, -3.002 1.3319 2.4461, -3.002 1.3339 2.4574, -1.4272 1.2331 2.2807, -3.002 1.2411 2.2889, -3.002 1.2957 2.3622, -1.4272 1.1516 2.2181, -3.002 1.1711 2.2301, -3.002 1.2324 2.2816, -1.4272 1.0566 2.1788, -3.002 1.0894 2.1891, -3.002 1.1507 2.2199, -3.002 0.9547 2.1654, -3.002 1.0004 2.168, -3.002 1.056 2.1812, -3.0896 1.127 2.9021, -3.0896 1.2014 2.8531, -3.0896 1.2626 2.7883, -3.0896 1.3072 2.7111, -3.0896 1.3327 2.6257, -3.0896 1.3379 2.5367, -3.0896 1.3224 2.449, -3.0896 1.1656 2.2384, -3.0896 1.086 2.1984, -3.0896 0.9993 2.1778, -3.0896 0.9102 2.1778, -3.0896 0.8234 2.1984, -3.0896 0.7438 2.2384, -3.0896 0.6755 2.2957, -3.0896 0.5715 2.5367, -3.0896 0.5767 2.6257, -3.0896 0.6023 2.7111, -3.0896 0.6468 2.7883, -3.0896 0.708 2.8531, -3.0896 0.7825 2.9021, -3.0896 0.8662 2.9325, -3.0896 0.9547 2.9429, -3.1728 0.8729 2.9042, -3.1728 0.9547 2.9138, -3.2474 0.8837 2.8586, -3.2474 0.9547 2.8669, -3.3098 0.8981 2.7979, -3.3098 0.9547 2.8045, -3.3567 0.9153 2.7253, -3.3567 0.9547 2.7299, -3.3858 0.9345 2.6443, -3.3858 0.9547 2.6467, -3.3957 0.9547 2.5591, -3.1728 0.7955 2.876, -3.2474 0.8166 2.8341, -3.3098 0.8446 2.7784, -3.3567 0.8781 2.7117, -3.3858 0.9154 2.6373, -3.1728 0.7267 2.8308, -3.2474 0.7569 2.7949, -3.3098 0.7969 2.7471, -3.3567 0.8449 2.6899, -3.3858 0.8984 2.6262, -3.1728 0.6702 2.7709, -3.2474 0.7078 2.7429, -3.3098 0.7578 2.7056, -3.3567 0.8177 2.6611, -3.3858 0.8845 2.6114, -3.1728 0.629 2.6996, -3.2474 0.6721 2.681, -3.3098 0.7293 2.6563, -3.3567 0.7979 2.6267, -3.3858 0.8743 2.5938, -3.1728 0.6054 2.6207, -3.2474 0.6516 2.6125, -3.3098 0.713 2.6017, -3.3567 0.7865 2.5887, -3.3858 0.8684 2.5743, -3.1728 0.6006 2.5384, -3.2474 0.6474 2.5412, -3.3098 0.7097 2.5448, -3.3567 0.7842 2.5491, -3.3858 0.8673 2.554, -3.0896 0.587 2.449, -3.1728 0.6149 2.4573, -3.2474 0.6598 2.4708, -3.3098 0.7196 2.4887, -3.3567 0.7911 2.5101, -3.3858 0.8708 2.5339, -3.0896 0.6223 2.3671, -3.1728 0.6475 2.3817, -3.2474 0.6882 2.4052, -3.3098 0.7421 2.4363, -3.3567 0.8068 2.4736, -3.3858 0.8789 2.5153, -3.1728 0.6967 2.3156, -3.2474 0.7308 2.3478, -3.3098 0.7762 2.3906, -3.3567 0.8305 2.4418, -3.3858 0.891 2.4989, -3.1728 0.7598 2.2627, -3.2474 0.7856 2.3019, -3.3098 0.8198 2.354, -3.3567 0.8609 2.4163, -3.3858 0.9066 2.4859, -3.1728 0.8334 2.2257, -3.2474 0.8494 2.2698, -3.3098 0.8708 2.3284, -3.3567 0.8963 2.3985, -3.3858 0.9248 2.4767, -3.1728 0.9135 2.2067, -3.2474 0.919 2.2533, -3.3098 0.9262 2.3152, -3.3567 0.9349 2.3894, -3.3858 0.9446 2.472, -3.1728 0.9959 2.2067, -3.2474 0.9905 2.2533, -3.3098 0.9832 2.3152, -3.3567 0.9746 2.3894, -3.3858 0.9649 2.472, -3.1728 1.076 2.2257, -3.2474 1.06 2.2698, -3.3098 1.0387 2.3284, -3.3567 1.0131 2.3985, -3.3858 0.9847 2.4767, -3.1728 1.1496 2.2627, -3.2474 1.1239 2.3019, -3.3098 1.0896 2.354, -3.3567 1.0486 2.4163, -3.3858 1.0029 2.4859, -3.0896 1.2339 2.2957, -3.1728 1.2127 2.3156, -3.2474 1.1786 2.3478, -3.3098 1.1333 2.3906, -3.3567 1.079 2.4418, -3.3858 1.0184 2.4989, -3.0896 1.2871 2.3671, -3.1728 1.2619 2.3817, -3.2474 1.2213 2.4052, -3.3098 1.1673 2.4363, -3.3567 1.1027 2.4736, -3.3858 1.0306 2.5153, -3.1728 1.2945 2.4573, -3.2474 1.2496 2.4708, -3.3098 1.1899 2.4887, -3.3567 1.1184 2.5101, -3.3858 1.0386 2.5339, -3.1728 1.3088 2.5384, -3.2474 1.262 2.5412, -3.3098 1.1998 2.5448, -3.3567 1.1253 2.5491, -3.3858 1.0422 2.554, -3.1728 1.304 2.6207, -3.2474 1.2579 2.6125, -3.3098 1.1965 2.6017, -3.3567 1.1229 2.5887, -3.3858 1.041 2.5743, -3.1728 1.2804 2.6996, -3.2474 1.2374 2.681, -3.3098 1.1801 2.6563, -3.3567 1.1116 2.6267, -3.3858 1.0352 2.5938, -3.1728 1.2392 2.7709, -3.2474 1.2016 2.7429, -3.3098 1.1516 2.7056, -3.3567 1.0917 2.6611, -3.3858 1.025 2.6114, -3.1728 1.1827 2.8308, -3.2474 1.1526 2.7949, -3.3098 1.1125 2.7471, -3.3567 1.0645 2.6899, -3.3858 1.011 2.6262, -3.1728 1.1139 2.876, -3.2474 1.0929 2.8341, -3.3098 1.0649 2.7784, -3.3567 1.0314 2.7117, -3.3858 0.994 2.6373, -3.0896 1.0432 2.9325, -3.1728 1.0365 2.9042, -3.2474 1.0257 2.8586, -3.3098 1.0113 2.7979, -3.3567 0.9941 2.7253, -3.3858 0.9749 2.6443
            ]
        }
        coordIndex [
            0,1,2,-1,3,4,2,-1,2,4,5,-1,2,5,0,-1,6,7,3,-1,3,7,8,-1,3,8,4,-1,9,10,6,-1,6,10,11,-1,6,11,7,-1,12,13,9,-1,9,13,14,-1,9,14,10,-1,15,16,12,-1,12,16,17,-1,12,17,13,-1,18,19,15,-1,15,19,20,-1,15,20,16,-1,21,22,18,-1,18,22,23,-1,18,23,19,-1,24,25,21,-1,21,25,26,-1,21,26,22,-1,27,28,24,-1,24,28,29,-1,24,29,25,-1,30,31,27,-1,27,31,32,-1,27,32,28,-1,33,34,30,-1,30,34,35,-1,30,35,31,-1,36,37,33,-1,33,37,38,-1,33,38,34,-1,39,40,36,-1,36,40,41,-1,36,41,37,-1,42,43,39,-1,39,43,44,-1,39,44,40,-1,45,46,42,-1,42,46,47,-1,42,47,43,-1,48,49,45,-1,45,49,50,-1,45,50,46,-1,51,52,48,-1,48,52,53,-1,48,53,49,-1,54,55,51,-1,51,55,56,-1,51,56,52,-1,57,58,54,-1,54,58,59,-1,54,59,55,-1,60,61,57,-1,57,61,62,-1,57,62,58,-1,63,64,60,-1,60,64,65,-1,60,65,61,-1,66,67,63,-1,63,67,68,-1,63,68,64,-1,0,69,1,-1,1,69,70,-1,1,70,66,-1,66,70,71,-1,66,71,67,-1,41,40,72,-1,44,43,73,-1,47,46,74,-1,50,49,75,-1,53,52,76,-1,56,55,77,-1,59,58,78,-1,65,64,79,-1,68,67,80,-1,71,70,81,-1,69,0,82,-1,5,4,83,-1,8,7,84,-1,11,10,85,-1,17,16,86,-1,20,19,87,-1,23,22,88,-1,26,25,89,-1,29,28,90,-1,32,31,91,-1,35,34,92,-1,34,38,92,-1,92,38,93,-1,92,93,94,-1,94,93,95,-1,94,95,96,-1,96,95,97,-1,96,97,98,-1,98,97,99,-1,98,99,100,-1,100,99,101,-1,100,101,102,-1,102,101,103,-1,102,103,104,-1,31,35,91,-1,91,35,92,-1,91,92,105,-1,105,92,94,-1,105,94,106,-1,106,94,96,-1,106,96,107,-1,107,96,98,-1,107,98,108,-1,108,98,100,-1,108,100,109,-1,109,100,102,-1,109,102,104,-1,28,32,90,-1,90,32,91,-1,90,91,110,-1,110,91,105,-1,110,105,111,-1,111,105,106,-1,111,106,112,-1,112,106,107,-1,112,107,113,-1,113,107,108,-1,113,108,114,-1,114,108,109,-1,114,109,104,-1,25,29,89,-1,89,29,90,-1,89,90,115,-1,115,90,110,-1,115,110,116,-1,116,110,111,-1,116,111,117,-1,117,111,112,-1,117,112,118,-1,118,112,113,-1,118,113,119,-1,119,113,114,-1,119,114,104,-1,22,26,88,-1,88,26,89,-1,88,89,120,-1,120,89,115,-1,120,115,121,-1,121,115,116,-1,121,116,122,-1,122,116,117,-1,122,117,123,-1,123,117,118,-1,123,118,124,-1,124,118,119,-1,124,119,104,-1,19,23,87,-1,87,23,88,-1,87,88,125,-1,125,88,120,-1,125,120,126,-1,126,120,121,-1,126,121,127,-1,127,121,122,-1,127,122,128,-1,128,122,123,-1,128,123,129,-1,129,123,124,-1,129,124,104,-1,16,20,86,-1,86,20,87,-1,86,87,130,-1,130,87,125,-1,130,125,131,-1,131,125,126,-1,131,126,132,-1,132,126,127,-1,132,127,133,-1,133,127,128,-1,133,128,134,-1,134,128,129,-1,134,129,104,-1,13,17,135,-1,135,17,86,-1,135,86,136,-1,136,86,130,-1,136,130,137,-1,137,130,131,-1,137,131,138,-1,138,131,132,-1,138,132,139,-1,139,132,133,-1,139,133,140,-1,140,133,134,-1,140,134,104,-1,14,13,141,-1,141,13,135,-1,141,135,142,-1,142,135,136,-1,142,136,143,-1,143,136,137,-1,143,137,144,-1,144,137,138,-1,144,138,145,-1,145,138,139,-1,145,139,146,-1,146,139,140,-1,146,140,104,-1,10,14,85,-1,85,14,141,-1,85,141,147,-1,147,141,142,-1,147,142,148,-1,148,142,143,-1,148,143,149,-1,149,143,144,-1,149,144,150,-1,150,144,145,-1,150,145,151,-1,151,145,146,-1,151,146,104,-1,7,11,84,-1,84,11,85,-1,84,85,152,-1,152,85,147,-1,152,147,153,-1,153,147,148,-1,153,148,154,-1,154,148,149,-1,154,149,155,-1,155,149,150,-1,155,150,156,-1,156,150,151,-1,156,151,104,-1,4,8,83,-1,83,8,84,-1,83,84,157,-1,157,84,152,-1,157,152,158,-1,158,152,153,-1,158,153,159,-1,159,153,154,-1,159,154,160,-1,160,154,155,-1,160,155,161,-1,161,155,156,-1,161,156,104,-1,0,5,82,-1,82,5,83,-1,82,83,162,-1,162,83,157,-1,162,157,163,-1,163,157,158,-1,163,158,164,-1,164,158,159,-1,164,159,165,-1,165,159,160,-1,165,160,166,-1,166,160,161,-1,166,161,104,-1,70,69,81,-1,81,69,82,-1,81,82,167,-1,167,82,162,-1,167,162,168,-1,168,162,163,-1,168,163,169,-1,169,163,164,-1,169,164,170,-1,170,164,165,-1,170,165,171,-1,171,165,166,-1,171,166,104,-1,67,71,80,-1,80,71,81,-1,80,81,172,-1,172,81,167,-1,172,167,173,-1,173,167,168,-1,173,168,174,-1,174,168,169,-1,174,169,175,-1,175,169,170,-1,175,170,176,-1,176,170,171,-1,176,171,104,-1,64,68,79,-1,79,68,80,-1,79,80,177,-1,177,80,172,-1,177,172,178,-1,178,172,173,-1,178,173,179,-1,179,173,174,-1,179,174,180,-1,180,174,175,-1,180,175,181,-1,181,175,176,-1,181,176,104,-1,61,65,182,-1,182,65,79,-1,182,79,183,-1,183,79,177,-1,183,177,184,-1,184,177,178,-1,184,178,185,-1,185,178,179,-1,185,179,186,-1,186,179,180,-1,186,180,187,-1,187,180,181,-1,187,181,104,-1,62,61,188,-1,188,61,182,-1,188,182,189,-1,189,182,183,-1,189,183,190,-1,190,183,184,-1,190,184,191,-1,191,184,185,-1,191,185,192,-1,192,185,186,-1,192,186,193,-1,193,186,187,-1,193,187,104,-1,58,62,78,-1,78,62,188,-1,78,188,194,-1,194,188,189,-1,194,189,195,-1,195,189,190,-1,195,190,196,-1,196,190,191,-1,196,191,197,-1,197,191,192,-1,197,192,198,-1,198,192,193,-1,198,193,104,-1,55,59,77,-1,77,59,78,-1,77,78,199,-1,199,78,194,-1,199,194,200,-1,200,194,195,-1,200,195,201,-1,201,195,196,-1,201,196,202,-1,202,196,197,-1,202,197,203,-1,203,197,198,-1,203,198,104,-1,52,56,76,-1,76,56,77,-1,76,77,204,-1,204,77,199,-1,204,199,205,-1,205,199,200,-1,205,200,206,-1,206,200,201,-1,206,201,207,-1,207,201,202,-1,207,202,208,-1,208,202,203,-1,208,203,104,-1,49,53,75,-1,75,53,76,-1,75,76,209,-1,209,76,204,-1,209,204,210,-1,210,204,205,-1,210,205,211,-1,211,205,206,-1,211,206,212,-1,212,206,207,-1,212,207,213,-1,213,207,208,-1,213,208,104,-1,46,50,74,-1,74,50,75,-1,74,75,214,-1,214,75,209,-1,214,209,215,-1,215,209,210,-1,215,210,216,-1,216,210,211,-1,216,211,217,-1,217,211,212,-1,217,212,218,-1,218,212,213,-1,218,213,104,-1,43,47,73,-1,73,47,74,-1,73,74,219,-1,219,74,214,-1,219,214,220,-1,220,214,215,-1,220,215,221,-1,221,215,216,-1,221,216,222,-1,222,216,217,-1,222,217,223,-1,223,217,218,-1,223,218,104,-1,40,44,72,-1,72,44,73,-1,72,73,224,-1,224,73,219,-1,224,219,225,-1,225,219,220,-1,225,220,226,-1,226,220,221,-1,226,221,227,-1,227,221,222,-1,227,222,228,-1,228,222,223,-1,228,223,104,-1,37,41,229,-1,229,41,72,-1,229,72,230,-1,230,72,224,-1,230,224,231,-1,231,224,225,-1,231,225,232,-1,232,225,226,-1,232,226,233,-1,233,226,227,-1,233,227,234,-1,234,227,228,-1,234,228,104,-1,38,37,93,-1,93,37,229,-1,93,229,95,-1,95,229,230,-1,95,230,97,-1,97,230,231,-1,97,231,99,-1,99,231,232,-1,99,232,101,-1,101,232,233,-1,101,233,103,-1,103,233,234,-1,103,234,104,-1,
        ]
    }
}
Shape{
    appearance Appearance {
        material  Material 	{
            diffuseColor 0.20784313725490197 0.20784313725490197 0.20784313725490197
            specularColor 0.01568627450980392 0.01568627450980392 0.01568627450980392
            ambientIntensity 0.298
            transparency 0.0
            shininess 0.5
        }
    }
    geometry IndexedFaceSet {
        ccw TRUE
        solid FALSE
        coord DEF co Coordinate {
            point [
                1.1516 -0.1363 3.5827, 1.5256 -0.1363 3.5827, 1.1516 -0.286 3.395, 1.5256 -0.286 3.395, 1.1516 -0.4037 3.1858, 1.5256 -0.4037 3.1858, 1.1516 -0.4865 2.9605, 1.5256 -0.4865 2.9605, 1.1516 -0.5321 2.7248, 1.5256 -0.5321 2.7248, 1.1516 -0.5395 2.4848, 1.5256 -0.5395 2.4848, 1.1516 -0.5084 2.2468, 1.5256 -0.5084 2.2468, 1.1516 -0.4396 2.0168, 1.5256 -0.4396 2.0168, 1.1516 -0.3349 1.8008, 1.5256 -0.3349 1.8008, 1.1516 -0.1971 1.6043, 1.5256 -0.1971 1.6043, 1.1516 -0.0295 1.4324, 1.5256 -0.0295 1.4324, 1.1516 2.0458 3.5827, 1.5256 2.0458 3.5827, 1.1516 1.939 1.4324, 1.5256 1.939 1.4324, 1.1516 2.1065 1.6043, 1.5256 2.1065 1.6043, 1.1516 2.2444 1.8008, 1.5256 2.2444 1.8008, 1.1516 2.3491 2.0168, 1.5256 2.3491 2.0168, 1.1516 2.4178 2.2468, 1.5256 2.4178 2.2468, 1.1516 2.4489 2.4848, 1.5256 2.4489 2.4848, 1.1516 2.4416 2.7248, 1.5256 2.4416 2.7248, 1.1516 2.3959 2.9605, 1.5256 2.3959 2.9605, 1.1516 2.3132 3.1858, 1.5256 2.3132 3.1858, 1.1516 2.1955 3.395, 1.5256 2.1955 3.395, 1.5256 1.939 0.4806, 1.1516 1.939 0.4806
            ]
        }
        coordIndex [
            0,1,2,-1,2,1,3,-1,2,3,4,-1,4,3,5,-1,4,5,6,-1,6,5,7,-1,6,7,8,-1,8,7,9,-1,8,9,10,-1,10,9,11,-1,10,11,12,-1,12,11,13,-1,12,13,14,-1,14,13,15,-1,14,15,16,-1,16,15,17,-1,16,17,18,-1,18,17,19,-1,18,19,20,-1,20,19,21,-1,0,22,1,-1,1,22,23,-1,24,25,26,-1,26,25,27,-1,26,27,28,-1,28,27,29,-1,28,29,30,-1,30,29,31,-1,30,31,32,-1,32,31,33,-1,32,33,34,-1,34,33,35,-1,34,35,36,-1,36,35,37,-1,36,37,38,-1,38,37,39,-1,38,39,40,-1,40,39,41,-1,40,41,42,-1,42,41,43,-1,42,43,22,-1,22,43,23,-1,25,24,44,-1,44,24,45,-1,
        ]
    }
}
Shape{
    appearance Appearance {
        material  Material 	{
            diffuseColor 0.6666666666666666 0.6666666666666666 0.6666666666666666
            specularColor 0.4666666666666667 0.4666666666666667 0.4666666666666667
            ambientIntensity 0.6667
            transparency 0.0
            shininess 0.5
        }
    }
    geometry IndexedFaceSet {
        ccw TRUE
        solid FALSE
        coord DEF co Coordinate {
            point [
                -1.1811 1.4272 0.0, -1.1811 0.4823 0.0, -1.1811 1.4272 -0.7874, -1.1811 0.4823 -0.7874, -1.1811 1.2048 -1.2643, -1.1811 0.7047 -1.2643, -1.1811 0.7592 -1.3341, -1.1811 0.7968 -1.358, -1.1811 0.8388 -1.3729, -1.1811 1.0707 -1.3729, -1.1811 1.1127 -1.358, -1.1811 1.1503 -1.3341, -1.1811 1.1815 -1.3023, -1.1811 1.0264 -1.378, -1.1811 0.8831 -1.378, -1.1811 0.7279 -1.3023, -1.2795 0.4823 -0.7874, -1.2795 0.4823 0.0, -1.2795 0.7047 -1.2643, -1.2795 1.2048 -1.2643, -1.2795 1.4272 -0.7874, -1.2795 1.4272 0.0, -1.2795 1.1503 -1.3341, -1.2795 1.1127 -1.358, -1.2795 1.0707 -1.3729, -1.2795 0.8831 -1.378, -1.2795 0.8388 -1.3729, -1.2795 1.0264 -1.378, -1.2795 1.1815 -1.3023, -1.2795 0.7968 -1.358, -1.2795 0.7592 -1.3341, -1.2795 0.7279 -1.3023
            ]
        }
        coordIndex [
            0,1,2,-1,2,1,3,-1,2,3,4,-1,4,3,5,-1,6,7,8,-1,9,10,11,-1,11,12,9,-1,9,12,4,-1,9,4,13,-1,13,4,14,-1,14,4,5,-1,14,5,8,-1,8,5,15,-1,8,15,6,-1,3,1,16,-1,16,1,17,-1,18,16,19,-1,19,16,20,-1,20,16,17,-1,20,17,21,-1,22,23,24,-1,18,25,26,-1,25,18,27,-1,27,18,19,-1,27,19,24,-1,24,19,28,-1,24,28,22,-1,29,30,26,-1,26,30,31,-1,26,31,18,-1,20,21,2,-1,2,21,0,-1,13,14,27,-1,27,14,25,-1,19,20,4,-1,4,20,2,-1,5,3,18,-1,18,3,16,-1,19,4,12,-1,19,12,28,-1,28,12,11,-1,28,11,22,-1,22,11,10,-1,22,10,23,-1,23,10,9,-1,23,9,24,-1,24,9,13,-1,24,13,27,-1,5,18,31,-1,5,31,15,-1,15,31,30,-1,15,30,6,-1,6,30,29,-1,6,29,7,-1,7,29,26,-1,7,26,8,-1,8,26,25,-1,8,25,14,-1,
        ]
    }
}
Shape{
    appearance Appearance {
        material  Material 	{
            diffuseColor 0.20784313725490197 0.20784313725490197 0.20784313725490197
            specularColor 0.01568627450980392 0.01568627450980392 0.01568627450980392
            ambientIntensity 0.298
            transparency 0.0
            shininess 0.5
        }
    }
    geometry IndexedFaceSet {
        ccw TRUE
        solid FALSE
        coord DEF co Coordinate {
            point [
                1.5256 0.1673 0.4806, 1.1516 0.1673 0.4806, 1.5256 -0.0295 0.4806, 1.1516 -0.0295 0.4806, 1.5256 0.1673 0.0, 1.1516 0.1673 0.0, 1.1516 1.7421 0.4806, 1.5256 1.7421 0.4806, 1.1516 1.939 0.4806, 1.5256 1.939 0.4806, 1.1516 1.7421 0.0, 1.5256 1.7421 0.0
            ]
        }
        coordIndex [
            0,1,2,-1,2,1,3,-1,4,5,0,-1,0,5,1,-1,6,7,8,-1,8,7,9,-1,10,11,6,-1,6,11,7,-1,
        ]
    }
}
Shape{
    appearance Appearance {
        material  Material 	{
            diffuseColor 0.6666666666666666 0.6666666666666666 0.6666666666666666
            specularColor 0.4666666666666667 0.4666666666666667 0.4666666666666667
            ambientIntensity 0.6667
            transparency 0.0
            shininess 0.5
        }
    }
    geometry IndexedFaceSet {
        ccw TRUE
        solid FALSE
        coord DEF co Coordinate {
            point [
                -0.1812 -0.876 -1.2643, -0.4035 -0.876 -0.7874, -0.0028 -0.876 -1.378, -0.4035 -0.876 1.8425, 0.5413 -0.876 1.8425, 0.5413 -0.876 -0.7874, 0.1406 -0.876 -1.378, -0.0891 -0.876 -1.358, -0.1266 -0.876 -1.3341, -0.1579 -0.876 -1.3023, 0.2957 -0.876 -1.3023, 0.2644 -0.876 -1.3341, 0.319 -0.876 -1.2643, 0.2268 -0.876 -1.358, 0.1848 -0.876 -1.3729, -0.047 -0.876 -1.3729, 0.1406 -0.9941 -1.378, -0.0028 -0.9941 -1.378, 0.319 -0.9941 -1.2643, 0.5413 -0.9941 -0.7874, 0.5413 -0.9941 1.8425, -0.4035 -0.9941 1.8425, -0.4035 -0.9941 -0.7874, 0.1848 -0.9941 -1.3729, -0.1812 -0.9941 -1.2643, -0.1579 -0.9941 -1.3023, -0.1266 -0.9941 -1.3341, -0.0891 -0.9941 -1.358, -0.047 -0.9941 -1.3729, 0.2268 -0.9941 -1.358, 0.2644 -0.9941 -1.3341, 0.2957 -0.9941 -1.3023, 0.5413 -0.9898 1.8751, -0.4035 -0.9898 1.8751, 0.5413 -0.9772 1.9055, -0.4035 -0.9772 1.9055, 0.5413 -0.9572 1.9316, -0.4035 -0.9572 1.9316, 0.5413 -0.9311 1.9516, -0.4035 -0.9311 1.9516, 0.5413 -0.9007 1.9642, -0.4035 -0.9007 1.9642, 0.5413 -0.8681 1.9685, -0.4035 -0.8681 1.9685, -0.4035 -0.8169 1.9685, 0.5413 -0.8169 1.9685, -0.4035 -0.8681 1.8504, -0.4035 -0.8169 1.8504, 0.5413 -0.8681 1.8504, 0.5413 -0.8169 1.8504, -0.4035 -0.8701 1.8501, 0.5413 -0.8701 1.8501, -0.4035 -0.872 1.8493, 0.5413 -0.872 1.8493, -0.4035 -0.8737 1.8481, 0.5413 -0.8737 1.8481, -0.4035 -0.8749 1.8465, 0.5413 -0.8749 1.8465, -0.4035 -0.8757 1.8446, 0.5413 -0.8757 1.8446
            ]
        }
        coordIndex [
            0,1,2,-1,3,4,5,-1,2,1,6,-1,7,8,9,-1,10,11,1,-1,3,5,1,-1,1,5,12,-1,1,12,10,-1,11,13,1,-1,1,13,14,-1,1,14,6,-1,0,2,9,-1,9,2,15,-1,9,15,7,-1,16,17,6,-1,6,17,2,-1,18,19,20,-1,20,21,22,-1,20,17,18,-1,18,17,16,-1,18,16,23,-1,22,24,20,-1,20,24,25,-1,20,25,26,-1,26,27,20,-1,20,27,28,-1,20,28,17,-1,29,30,23,-1,23,30,31,-1,23,31,18,-1,21,20,32,-1,21,32,33,-1,33,32,34,-1,33,34,35,-1,35,34,36,-1,35,36,37,-1,37,36,38,-1,37,38,39,-1,39,38,40,-1,39,40,41,-1,41,40,42,-1,41,42,43,-1,44,43,45,-1,45,43,42,-1,46,47,48,-1,48,47,49,-1,46,48,50,-1,50,48,51,-1,50,51,52,-1,52,51,53,-1,52,53,54,-1,54,53,55,-1,54,55,56,-1,56,55,57,-1,56,57,58,-1,58,57,59,-1,58,59,3,-1,3,59,4,-1,1,22,3,-1,3,22,21,-1,3,21,58,-1,58,21,33,-1,58,33,56,-1,56,33,35,-1,56,35,54,-1,54,35,37,-1,54,37,52,-1,52,37,39,-1,52,39,50,-1,50,39,41,-1,50,41,46,-1,46,41,43,-1,46,43,47,-1,47,43,44,-1,49,45,48,-1,48,45,42,-1,48,42,51,-1,51,42,40,-1,51,40,53,-1,53,40,38,-1,53,38,55,-1,55,38,36,-1,55,36,57,-1,57,36,34,-1,57,34,59,-1,59,34,32,-1,59,32,4,-1,4,32,20,-1,4,20,5,-1,5,20,19,-1,12,5,18,-1,18,5,19,-1,24,22,0,-1,0,22,1,-1,16,6,14,-1,16,14,23,-1,23,14,13,-1,23,13,29,-1,29,13,11,-1,29,11,30,-1,30,11,10,-1,30,10,31,-1,31,10,12,-1,31,12,18,-1,24,0,9,-1,24,9,25,-1,25,9,8,-1,25,8,26,-1,26,8,7,-1,26,7,27,-1,27,7,15,-1,27,15,28,-1,28,15,2,-1,28,2,17,-1,
        ]
    }
}
Shape{
    appearance Appearance {
        material  Material 	{
            diffuseColor 1.0 1.0 1.0
            specularColor 0.5019607843137255 0.5019607843137255 0.5019607843137255
            ambientIntensity 1.0
            transparency 0.0
            shininess 0.5
        }
    }
    geometry IndexedFaceSet {
        ccw TRUE
        solid FALSE
        coord DEF co Coordinate {
            point [
                1.2158 1.7075 3.8622, 1.2265 1.7139 3.8622, 1.2127 1.7106 3.8622, 1.2222 1.7183 3.8622, 1.205 1.7157 3.8622, 1.2126 1.7249 3.8622, 1.1962 1.7187 3.8622, 1.2007 1.7296 3.8622, 1.1838 1.72 3.8622, 1.1843 1.7315 3.8622, 1.1687 1.72 3.8622, 1.1558 1.7315 3.8622, 1.1687 1.6429 3.8622, 1.1558 1.6314 3.8622, 1.1832 1.6429 3.8622, 1.1833 1.6314 3.8622, 1.1957 1.6442 3.8622, 1.2 1.6334 3.8622, 1.2043 1.6472 3.8622, 1.2115 1.6379 3.8622, 1.211 1.6515 3.8622, 1.2212 1.6446 3.8622, 1.213 1.6533 3.8622, 1.2222 1.6455 3.8622, 1.2182 1.6599 3.8622, 1.2293 1.6539 3.8622, 1.2216 1.6674 3.8622, 1.2344 1.6642 3.8622, 1.2234 1.6767 3.8622, 1.2369 1.6759 3.8622, 1.2237 1.6824 3.8622, 1.2373 1.6828 3.8622, 1.2224 1.6943 3.8622, 1.2359 1.6951 3.8622, 1.2196 1.7018 3.8622, 1.2325 1.7049 3.8622, 1.2222 1.6455 3.8583, 1.2293 1.6539 3.8583, 1.2344 1.6642 3.8583, 1.2369 1.6759 3.8583, 1.2373 1.6828 3.8583, 1.2359 1.6951 3.8583, 1.2325 1.7049 3.8583, 1.2265 1.7139 3.8583, 1.2222 1.7183 3.8583, 1.2126 1.7249 3.8583, 1.2007 1.7296 3.8583, 1.1843 1.7315 3.8583, 1.1558 1.7315 3.8583, 1.1558 1.6314 3.8583, 1.1833 1.6314 3.8583, 1.2 1.6334 3.8583, 1.2115 1.6379 3.8583, 1.2212 1.6446 3.8583, 1.2127 1.7106 3.8583, 1.2158 1.7075 3.8583, 1.2196 1.7018 3.8583, 1.2224 1.6943 3.8583, 1.2237 1.6824 3.8583, 1.1838 1.72 3.8583, 1.1962 1.7187 3.8583, 1.205 1.7157 3.8583, 1.1687 1.72 3.8583, 1.1687 1.6429 3.8583, 1.1832 1.6429 3.8583, 1.213 1.6533 3.8583, 1.211 1.6515 3.8583, 1.2043 1.6472 3.8583, 1.1957 1.6442 3.8583, 1.2234 1.6767 3.8583, 1.2216 1.6674 3.8583, 1.2182 1.6599 3.8583
            ]
        }
        coordIndex [
            0,1,2,-1,2,1,3,-1,2,3,4,-1,4,3,5,-1,4,5,6,-1,6,5,7,-1,6,7,8,-1,8,7,9,-1,8,9,10,-1,10,9,11,-1,10,11,12,-1,12,11,13,-1,12,13,14,-1,14,13,15,-1,14,15,16,-1,16,15,17,-1,16,17,18,-1,18,17,19,-1,18,19,20,-1,20,19,21,-1,20,21,22,-1,22,21,23,-1,22,23,24,-1,24,23,25,-1,24,25,26,-1,26,25,27,-1,26,27,28,-1,28,27,29,-1,28,29,30,-1,30,29,31,-1,30,31,32,-1,32,31,33,-1,32,33,34,-1,34,33,35,-1,34,35,0,-1,0,35,1,-1,23,36,37,-1,23,37,25,-1,25,37,38,-1,25,38,27,-1,27,38,39,-1,27,39,29,-1,29,39,40,-1,29,40,31,-1,31,40,41,-1,31,41,33,-1,33,41,42,-1,33,42,35,-1,35,42,43,-1,35,43,1,-1,1,43,44,-1,1,44,3,-1,3,44,45,-1,3,45,5,-1,5,45,46,-1,5,46,7,-1,7,46,47,-1,7,47,9,-1,11,9,48,-1,48,9,47,-1,13,11,49,-1,49,11,48,-1,15,13,50,-1,50,13,49,-1,15,50,51,-1,15,51,17,-1,17,51,52,-1,17,52,19,-1,19,52,53,-1,19,53,21,-1,21,53,36,-1,21,36,23,-1,2,54,55,-1,2,55,0,-1,0,55,56,-1,0,56,34,-1,34,56,57,-1,34,57,32,-1,32,57,58,-1,32,58,30,-1,8,59,60,-1,8,60,6,-1,6,60,61,-1,6,61,4,-1,4,61,54,-1,4,54,2,-1,8,10,59,-1,59,10,62,-1,10,12,62,-1,62,12,63,-1,12,14,63,-1,63,14,64,-1,22,65,66,-1,22,66,20,-1,20,66,67,-1,20,67,18,-1,18,67,68,-1,18,68,16,-1,16,68,64,-1,16,64,14,-1,30,58,69,-1,30,69,28,-1,28,69,70,-1,28,70,26,-1,26,70,71,-1,26,71,24,-1,24,71,65,-1,24,65,22,-1,
        ]
    }
}
Shape{
    appearance Appearance {
        material  Material 	{
            diffuseColor 0.20784313725490197 0.20784313725490197 0.20784313725490197
            specularColor 0.01568627450980392 0.01568627450980392 0.01568627450980392
            ambientIntensity 0.298
            transparency 0.0
            shininess 0.5
        }
    }
    geometry IndexedFaceSet {
        ccw TRUE
        solid FALSE
        coord DEF co Coordinate {
            point [
                1.1687 1.72 3.8583, 1.1687 1.6429 3.8583, 1.1838 1.72 3.8583, 1.1832 1.6429 3.8583, 1.1957 1.6442 3.8583, 1.2043 1.6472 3.8583, 1.211 1.6515 3.8583, 1.213 1.6533 3.8583, 1.2182 1.6599 3.8583, 1.2216 1.6674 3.8583, 1.2234 1.6767 3.8583, 1.2237 1.6824 3.8583, 1.2224 1.6943 3.8583, 1.2196 1.7018 3.8583, 1.2158 1.7075 3.8583, 1.2127 1.7106 3.8583, 1.1962 1.7187 3.8583, 1.205 1.7157 3.8583
            ]
        }
        coordIndex [
            0,1,2,-1,2,1,3,-1,2,3,4,-1,4,5,2,-1,2,5,6,-1,2,6,7,-1,7,8,2,-1,2,8,9,-1,2,9,10,-1,10,11,2,-1,2,11,12,-1,2,12,13,-1,13,14,2,-1,2,14,15,-1,2,15,16,-1,16,15,17,-1,
        ]
    }
}
Shape{
    appearance Appearance {
        material  Material 	{
            diffuseColor 1.0 1.0 1.0
            specularColor 0.5019607843137255 0.5019607843137255 0.5019607843137255
            ambientIntensity 1.0
            transparency 0.0
            shininess 0.5
        }
    }
    geometry IndexedFaceSet {
        ccw TRUE
        solid FALSE
        coord DEF co Coordinate {
            point [
                1.037 1.6491 3.8622, 1.037 1.6491 3.8583, 1.036 1.6458 3.8583, 1.036 1.6458 3.8622, 1.0355 1.6433 3.8583, 1.0355 1.6433 3.8622, 1.0351 1.6433 3.8622, 1.0351 1.6433 3.8583, 1.0336 1.6492 3.8622, 1.0336 1.6492 3.8583, 1.0149 1.7029 3.8583, 1.0149 1.7029 3.8622, 1.021 1.6855 3.8583, 1.0009 1.7029 3.8622, 1.0009 1.7029 3.8583, 1.0289 1.6316 3.8583, 1.0289 1.6316 3.8622, 1.021 1.6519 3.8583, 1.0234 1.6186 3.8583, 1.0234 1.6186 3.8622, 1.0285 1.6306 3.8583, 1.021 1.6141 3.8583, 1.021 1.6141 3.8622, 1.021 1.6141 3.8583, 1.0186 1.6115 3.8622, 1.0186 1.6115 3.8583, 1.0163 1.6099 3.8583, 1.0163 1.6099 3.8622, 1.0136 1.6089 3.8583, 1.0136 1.6089 3.8622, 1.0106 1.6085 3.8583, 1.0106 1.6085 3.8622, 1.006 1.6091 3.8583, 1.006 1.6091 3.8622, 1.0035 1.6099 3.8583, 1.0035 1.6099 3.8622, 1.0035 1.5988 3.8622, 1.0035 1.5988 3.8583, 1.0088 1.5979 3.8583, 1.0088 1.5979 3.8622, 1.0116 1.5978 3.8583, 1.0116 1.5978 3.8622, 1.0166 1.5984 3.8583, 1.0166 1.5984 3.8622, 1.021 1.6 3.8583, 1.0216 1.6002 3.8622, 1.0216 1.6002 3.8583, 1.0259 1.6033 3.8583, 1.0259 1.6033 3.8622, 1.0268 1.6041 3.8583, 1.0268 1.6041 3.8622, 1.0314 1.6096 3.8583, 1.0314 1.6096 3.8622, 1.0371 1.6206 3.8583, 1.0371 1.6206 3.8622, 1.0695 1.7029 3.8583, 1.0695 1.7029 3.8622, 1.041 1.6306 3.8583, 1.0565 1.7029 3.8622, 1.0565 1.7029 3.8583, 0.9655 1.6298 3.8622, 0.9655 1.6298 3.8583, 0.9767 1.6311 3.8622, 0.9727 1.6306 3.8583, 0.9767 1.6311 3.8583, 0.9833 1.6336 3.8583, 0.9833 1.6336 3.8622, 0.9863 1.6354 3.8583, 0.9863 1.6354 3.8622, 0.9899 1.6386 3.8583, 0.9899 1.6386 3.8622, 0.9922 1.6419 3.8583, 0.9922 1.6419 3.8622, 0.9938 1.6458 3.8583, 0.9938 1.6458 3.8622, 0.9944 1.6509 3.8583, 0.9944 1.6509 3.8622, 0.9938 1.6556 3.8583, 0.9938 1.6556 3.8622, 0.9925 1.6593 3.8583, 0.9925 1.6593 3.8622, 0.9902 1.6627 3.8583, 0.9902 1.6627 3.8622, 0.9872 1.6654 3.8583, 0.9872 1.6654 3.8622, 0.9789 1.67 3.8583, 0.9789 1.67 3.8622, 0.974 1.672 3.8583, 0.974 1.672 3.8622, 0.9662 1.6753 3.8583, 0.9662 1.6753 3.8622, 0.9618 1.6781 3.8583, 0.9618 1.6781 3.8622, 0.9606 1.6795 3.8583, 0.9606 1.6795 3.8622, 0.9597 1.6811 3.8583, 0.9597 1.6811 3.8622, 0.9592 1.6831 3.8583, 0.9592 1.6831 3.8622, 0.9591 1.6848 3.8583, 0.9591 1.6848 3.8622, 0.9593 1.6868 3.8583, 0.9593 1.6868 3.8622, 0.9599 1.6885 3.8583, 0.9599 1.6885 3.8622, 0.961 1.6901 3.8583, 0.961 1.6901 3.8622, 0.9629 1.6917 3.8583, 0.9629 1.6917 3.8622, 0.9657 1.6932 3.8583, 0.9657 1.6932 3.8622, 0.9691 1.6941 3.8583, 0.9691 1.6941 3.8622, 0.9728 1.6944 3.8583, 0.9728 1.6944 3.8622, 0.981 1.6934 3.8583, 0.981 1.6934 3.8622, 0.9881 1.6909 3.8583, 0.9881 1.6909 3.8622, 0.9909 1.6892 3.8583, 0.9909 1.6892 3.8622, 0.9909 1.7014 3.8622, 0.9909 1.7014 3.8583, 0.9811 1.7041 3.8583, 0.9811 1.7041 3.8622, 0.974 1.7046 3.8583, 0.974 1.7046 3.8622, 0.9647 1.7035 3.8583, 0.9647 1.7035 3.8622, 0.9578 1.7011 3.8583, 0.9578 1.7011 3.8622, 0.9542 1.6989 3.8583, 0.9542 1.6989 3.8622, 0.9519 1.6968 3.8583, 0.9505 1.6955 3.8622, 0.9505 1.6955 3.8583, 0.9481 1.6922 3.8583, 0.9481 1.6922 3.8622, 0.9467 1.6881 3.8583, 0.9467 1.6881 3.8622, 0.9462 1.6836 3.8583, 0.9462 1.6836 3.8622, 0.9467 1.6788 3.8583, 0.9467 1.6788 3.8622, 0.9481 1.6749 3.8583, 0.9481 1.6749 3.8622, 0.9497 1.6723 3.8583, 0.9497 1.6723 3.8622, 0.9651 1.6629 3.8583, 0.9651 1.6629 3.8622, 0.9577 1.6663 3.8622, 0.9518 1.6702 3.8583, 0.9518 1.6702 3.8622, 0.9519 1.6701 3.8583, 0.9577 1.6663 3.8583, 0.9734 1.6594 3.8583, 0.9734 1.6594 3.8622, 0.9783 1.6565 3.8583, 0.9783 1.6565 3.8622, 0.9798 1.6548 3.8583, 0.9798 1.6548 3.8622, 0.9808 1.6532 3.8583, 0.9808 1.6532 3.8622, 0.9814 1.6512 3.8583, 0.9814 1.6512 3.8622, 0.9815 1.6497 3.8583, 0.9815 1.6497 3.8622, 0.9812 1.6473 3.8583, 0.9812 1.6473 3.8622, 0.9806 1.6455 3.8583, 0.9806 1.6455 3.8622, 0.9795 1.6439 3.8583, 0.9795 1.6439 3.8622, 0.9781 1.6426 3.8583, 0.9781 1.6426 3.8622, 0.9769 1.6419 3.8583, 0.9769 1.6419 3.8622, 0.9737 1.6407 3.8583, 0.9737 1.6407 3.8622, 0.9673 1.64 3.8583, 0.9673 1.64 3.8622, 0.9667 1.64 3.8583, 0.9667 1.64 3.8622, 0.9461 1.6469 3.8583, 0.9461 1.6469 3.8622, 0.951 1.6439 3.8622, 0.9588 1.6409 3.8583, 0.9588 1.6409 3.8622, 0.9519 1.6435 3.8583, 0.951 1.6439 3.8583, 0.9461 1.6339 3.8622, 0.9461 1.6339 3.8583, 0.9551 1.6308 3.8622, 0.9519 1.6319 3.8583, 0.9572 1.6306 3.8583, 0.9551 1.6308 3.8583, 0.9166 1.6314 3.8622, 0.9291 1.6314 3.8622, 0.9166 1.6425 3.8622, 0.9291 1.6774 3.8622, 0.9166 1.6769 3.8622, 0.8895 1.662 3.8622, 0.8926 1.6634 3.8622, 0.9162 1.6425 3.8622, 0.9096 1.6443 3.8622, 0.9143 1.6395 3.8622, 0.9061 1.6419 3.8622, 0.8998 1.6651 3.8622, 0.9166 1.6673 3.8622, 0.9166 1.6605 3.8622, 0.9165 1.6596 3.8622, 0.9157 1.654 3.8622, 0.9139 1.6496 3.8622, 0.9112 1.6459 3.8622, 0.9161 1.6824 3.8622, 0.9281 1.6871 3.8622, 0.9148 1.6869 3.8622, 0.9261 1.6927 3.8622, 0.9133 1.6895 3.8622, 0.9235 1.6968 3.8622, 0.9115 1.6915 3.8622, 0.9202 1.6999 3.8622, 0.9092 1.6929 3.8622, 0.916 1.7023 3.8622, 0.9063 1.6939 3.8622, 0.9107 1.7039 3.8622, 0.9021 1.6944 3.8622, 0.9033 1.7046 3.8622, 0.8954 1.6938 3.8622, 0.8915 1.7033 3.8622, 0.8875 1.6913 3.8622, 0.882 1.6998 3.8622, 0.8786 1.6857 3.8622, 0.8786 1.6979 3.8622, 0.8869 1.6443 3.8622, 0.8778 1.6354 3.8622, 0.888 1.6433 3.8622, 0.882 1.6324 3.8622, 0.8905 1.6416 3.8622, 0.8868 1.6306 3.8622, 0.8933 1.6405 3.8622, 0.8943 1.6298 3.8622, 0.8976 1.64 3.8622, 0.9008 1.6305 3.8622, 0.9023 1.6406 3.8622, 0.9059 1.6323 3.8622, 0.9103 1.6353 3.8622, 0.8845 1.6536 3.8622, 0.8717 1.6521 3.8622, 0.8844 1.6516 3.8622, 0.8717 1.6506 3.8622, 0.8847 1.6487 3.8622, 0.8723 1.6449 3.8622, 0.8855 1.6464 3.8622, 0.8738 1.6407 3.8622, 0.8764 1.6368 3.8622, 0.8954 1.6739 3.8622, 0.8859 1.6716 3.8622, 0.8877 1.6607 3.8622, 0.8805 1.6688 3.8622, 0.8862 1.6588 3.8622, 0.8767 1.6655 3.8622, 0.8851 1.6565 3.8622, 0.8742 1.6619 3.8622, 0.8725 1.6575 3.8622, 0.9021 1.6944 3.8583, 0.9063 1.6939 3.8583, 0.9092 1.6929 3.8583, 0.9115 1.6915 3.8583, 0.9133 1.6895 3.8583, 0.9148 1.6869 3.8583, 0.9161 1.6824 3.8583, 0.9166 1.6769 3.8583, 0.8954 1.6739 3.8583, 0.8859 1.6716 3.8583, 0.8805 1.6688 3.8583, 0.8767 1.6655 3.8583, 0.8742 1.6619 3.8583, 0.8725 1.6575 3.8583, 0.8717 1.6521 3.8583, 0.8717 1.6506 3.8583, 0.8723 1.6449 3.8583, 0.8738 1.6407 3.8583, 0.8764 1.6368 3.8583, 0.8778 1.6354 3.8583, 0.8943 1.6298 3.8583, 0.887 1.6306 3.8583, 0.8868 1.6306 3.8583, 0.882 1.6324 3.8583, 0.9008 1.6305 3.8583, 0.9011 1.6306 3.8583, 0.9059 1.6323 3.8583, 0.9103 1.6353 3.8583, 0.9143 1.6395 3.8583, 0.9162 1.6425 3.8583, 0.9166 1.6425 3.8583, 0.9166 1.6314 3.8583, 0.9291 1.6314 3.8583, 0.9291 1.6774 3.8583, 0.9281 1.6871 3.8583, 0.9261 1.6927 3.8583, 0.9235 1.6968 3.8583, 0.9202 1.6999 3.8583, 0.916 1.7023 3.8583, 0.9107 1.7039 3.8583, 0.9033 1.7046 3.8583, 0.8915 1.7033 3.8583, 0.882 1.6998 3.8583, 0.8786 1.6979 3.8583, 0.8786 1.6857 3.8583, 0.8875 1.6913 3.8583, 0.8954 1.6938 3.8583, 0.9112 1.6459 3.8583, 0.9096 1.6443 3.8583, 0.9061 1.6419 3.8583, 0.9023 1.6406 3.8583, 0.8976 1.64 3.8583, 0.9166 1.6605 3.8583, 0.9165 1.6596 3.8583, 0.9157 1.654 3.8583, 0.9139 1.6496 3.8583, 0.9166 1.6673 3.8583, 0.8998 1.6651 3.8583, 0.8877 1.6607 3.8583, 0.8895 1.662 3.8583, 0.8926 1.6634 3.8583, 0.8844 1.6516 3.8583, 0.8845 1.6536 3.8583, 0.8851 1.6565 3.8583, 0.8862 1.6588 3.8583, 0.888 1.6433 3.8583, 0.8869 1.6443 3.8583, 0.8855 1.6464 3.8583, 0.8847 1.6487 3.8583, 0.8933 1.6405 3.8583, 0.8905 1.6416 3.8583
            ]
        }
        coordIndex [
            0,1,2,-1,0,2,3,-1,3,2,4,-1,3,4,5,-1,6,5,7,-1,7,5,4,-1,8,6,9,-1,9,6,7,-1,10,11,12,-1,12,11,8,-1,12,8,9,-1,13,11,14,-1,14,11,10,-1,15,16,17,-1,17,16,13,-1,17,13,14,-1,18,19,20,-1,20,19,16,-1,20,16,15,-1,19,18,21,-1,19,21,22,-1,22,21,23,-1,22,23,24,-1,23,25,24,-1,24,25,26,-1,24,26,27,-1,27,26,28,-1,27,28,29,-1,29,28,30,-1,29,30,31,-1,31,30,32,-1,31,32,33,-1,33,32,34,-1,33,34,35,-1,36,35,37,-1,37,35,34,-1,36,37,38,-1,36,38,39,-1,39,38,40,-1,39,40,41,-1,41,40,42,-1,41,42,43,-1,43,42,44,-1,43,44,45,-1,44,46,45,-1,45,46,47,-1,45,47,48,-1,48,47,49,-1,48,49,50,-1,50,49,51,-1,50,51,52,-1,52,51,53,-1,52,53,54,-1,55,56,57,-1,57,56,54,-1,57,54,53,-1,58,56,59,-1,59,56,55,-1,0,58,1,-1,1,58,59,-1,3,5,54,-1,56,58,54,-1,54,58,0,-1,54,0,3,-1,11,13,8,-1,8,13,16,-1,8,16,6,-1,52,22,50,-1,50,22,24,-1,35,36,33,-1,33,36,39,-1,33,39,31,-1,31,39,41,-1,31,41,29,-1,29,41,43,-1,29,43,27,-1,27,43,45,-1,27,45,24,-1,24,45,48,-1,24,48,50,-1,5,6,54,-1,54,6,16,-1,54,16,52,-1,52,16,19,-1,52,19,22,-1,60,61,62,-1,62,61,63,-1,63,64,62,-1,62,64,65,-1,62,65,66,-1,66,65,67,-1,66,67,68,-1,68,67,69,-1,68,69,70,-1,70,69,71,-1,70,71,72,-1,72,71,73,-1,72,73,74,-1,74,73,75,-1,74,75,76,-1,76,75,77,-1,76,77,78,-1,78,77,79,-1,78,79,80,-1,80,79,81,-1,80,81,82,-1,82,81,83,-1,82,83,84,-1,84,83,85,-1,84,85,86,-1,86,85,87,-1,86,87,88,-1,88,87,89,-1,88,89,90,-1,90,89,91,-1,90,91,92,-1,92,91,93,-1,92,93,94,-1,94,93,95,-1,94,95,96,-1,96,95,97,-1,96,97,98,-1,98,97,99,-1,98,99,100,-1,100,99,101,-1,100,101,102,-1,102,101,103,-1,102,103,104,-1,104,103,105,-1,104,105,106,-1,106,105,107,-1,106,107,108,-1,108,107,109,-1,108,109,110,-1,110,109,111,-1,110,111,112,-1,112,111,113,-1,112,113,114,-1,114,113,115,-1,114,115,116,-1,116,115,117,-1,116,117,118,-1,118,117,119,-1,118,119,120,-1,121,120,122,-1,122,120,119,-1,121,122,123,-1,121,123,124,-1,124,123,125,-1,124,125,126,-1,126,125,127,-1,126,127,128,-1,128,127,129,-1,128,129,130,-1,130,129,131,-1,130,131,132,-1,131,133,132,-1,132,133,134,-1,133,135,134,-1,134,135,136,-1,134,136,137,-1,137,136,138,-1,137,138,139,-1,139,138,140,-1,139,140,141,-1,141,140,142,-1,141,142,143,-1,143,142,144,-1,143,144,145,-1,145,144,146,-1,145,146,147,-1,148,149,150,-1,147,146,151,-1,147,151,152,-1,152,151,153,-1,152,153,150,-1,150,153,154,-1,150,154,148,-1,149,148,155,-1,149,155,156,-1,156,155,157,-1,156,157,158,-1,158,157,159,-1,158,159,160,-1,160,159,161,-1,160,161,162,-1,162,161,163,-1,162,163,164,-1,164,163,165,-1,164,165,166,-1,166,165,167,-1,166,167,168,-1,168,167,169,-1,168,169,170,-1,170,169,171,-1,170,171,172,-1,172,171,173,-1,172,173,174,-1,174,173,175,-1,174,175,176,-1,176,175,177,-1,176,177,178,-1,178,177,179,-1,178,179,180,-1,180,179,181,-1,180,181,182,-1,183,184,185,-1,182,181,186,-1,182,186,187,-1,187,186,188,-1,187,188,185,-1,185,188,189,-1,185,189,183,-1,190,184,191,-1,191,184,183,-1,190,191,192,-1,192,191,193,-1,61,60,194,-1,194,60,192,-1,194,192,195,-1,195,192,193,-1,106,108,130,-1,130,108,128,-1,156,88,149,-1,149,88,90,-1,66,68,172,-1,172,68,70,-1,172,70,170,-1,170,70,72,-1,170,72,168,-1,168,72,74,-1,168,74,166,-1,166,74,76,-1,166,76,164,-1,164,76,78,-1,164,78,162,-1,162,78,80,-1,162,80,160,-1,160,80,82,-1,160,82,158,-1,158,82,84,-1,158,84,156,-1,156,84,86,-1,156,86,88,-1,60,182,192,-1,192,182,187,-1,192,187,190,-1,190,187,185,-1,190,185,184,-1,108,110,128,-1,128,110,112,-1,128,112,126,-1,126,112,114,-1,126,114,124,-1,124,114,116,-1,124,116,121,-1,121,116,118,-1,121,118,120,-1,172,174,66,-1,66,174,176,-1,66,176,62,-1,62,176,178,-1,62,178,60,-1,60,178,180,-1,60,180,182,-1,130,132,106,-1,106,132,134,-1,106,134,104,-1,104,134,137,-1,104,137,102,-1,102,137,139,-1,102,139,100,-1,100,139,141,-1,100,141,98,-1,98,141,143,-1,98,143,96,-1,96,143,145,-1,96,145,94,-1,94,145,147,-1,94,147,92,-1,92,147,152,-1,92,152,90,-1,90,152,150,-1,90,150,149,-1,196,197,198,-1,198,197,199,-1,200,201,202,-1,203,204,205,-1,205,204,206,-1,207,208,199,-1,199,208,209,-1,209,210,199,-1,199,210,211,-1,199,211,198,-1,198,211,212,-1,198,212,203,-1,203,212,213,-1,203,213,204,-1,202,207,200,-1,200,207,199,-1,200,199,214,-1,214,199,215,-1,214,215,216,-1,216,215,217,-1,216,217,218,-1,218,217,219,-1,218,219,220,-1,220,219,221,-1,220,221,222,-1,222,221,223,-1,222,223,224,-1,224,223,225,-1,224,225,226,-1,226,225,227,-1,226,227,228,-1,228,227,229,-1,228,229,230,-1,230,229,231,-1,230,231,232,-1,232,231,233,-1,234,235,236,-1,236,235,237,-1,236,237,238,-1,238,237,239,-1,238,239,240,-1,240,239,241,-1,240,241,242,-1,242,241,243,-1,242,243,244,-1,244,243,245,-1,244,245,206,-1,206,245,246,-1,206,246,205,-1,247,248,249,-1,249,248,250,-1,249,250,251,-1,251,250,252,-1,251,252,253,-1,253,252,254,-1,253,254,234,-1,234,254,255,-1,234,255,235,-1,200,256,201,-1,201,256,257,-1,201,257,258,-1,258,257,259,-1,258,259,260,-1,260,259,261,-1,260,261,262,-1,262,261,263,-1,262,263,247,-1,247,263,264,-1,247,264,248,-1,226,265,266,-1,226,266,224,-1,224,266,267,-1,224,267,222,-1,222,267,268,-1,222,268,220,-1,220,268,269,-1,220,269,218,-1,218,269,270,-1,218,270,216,-1,216,270,271,-1,216,271,214,-1,214,271,272,-1,214,272,200,-1,256,200,273,-1,273,200,272,-1,256,273,274,-1,256,274,257,-1,257,274,275,-1,257,275,259,-1,259,275,276,-1,259,276,261,-1,261,276,277,-1,261,277,263,-1,263,277,278,-1,263,278,264,-1,264,278,279,-1,264,279,248,-1,248,279,280,-1,248,280,250,-1,250,280,281,-1,250,281,252,-1,252,281,282,-1,252,282,254,-1,254,282,283,-1,254,283,255,-1,255,283,284,-1,255,284,235,-1,285,241,286,-1,286,241,239,-1,286,239,287,-1,287,239,237,-1,287,237,288,-1,288,237,235,-1,288,235,284,-1,241,285,289,-1,241,289,243,-1,243,289,290,-1,243,290,245,-1,290,291,245,-1,245,291,292,-1,245,292,246,-1,246,292,293,-1,246,293,205,-1,205,293,294,-1,205,294,203,-1,198,203,295,-1,295,203,294,-1,196,198,296,-1,296,198,295,-1,197,196,297,-1,297,196,296,-1,199,197,298,-1,298,197,297,-1,199,298,299,-1,199,299,215,-1,215,299,300,-1,215,300,217,-1,217,300,301,-1,217,301,219,-1,219,301,302,-1,219,302,221,-1,221,302,303,-1,221,303,223,-1,223,303,304,-1,223,304,225,-1,225,304,305,-1,225,305,227,-1,227,305,306,-1,227,306,229,-1,229,306,307,-1,229,307,231,-1,231,307,308,-1,231,308,233,-1,232,233,309,-1,309,233,308,-1,232,309,310,-1,232,310,230,-1,230,310,311,-1,230,311,228,-1,228,311,265,-1,228,265,226,-1,213,312,313,-1,213,313,204,-1,204,313,314,-1,204,314,206,-1,206,314,315,-1,206,315,244,-1,244,315,316,-1,244,316,242,-1,209,317,318,-1,209,318,210,-1,210,318,319,-1,210,319,211,-1,211,319,320,-1,211,320,212,-1,212,320,312,-1,212,312,213,-1,209,208,317,-1,317,208,321,-1,208,207,321,-1,321,207,322,-1,258,323,324,-1,258,324,201,-1,201,324,325,-1,201,325,202,-1,202,325,322,-1,202,322,207,-1,249,326,327,-1,249,327,247,-1,247,327,328,-1,247,328,262,-1,262,328,329,-1,262,329,260,-1,260,329,323,-1,260,323,258,-1,236,330,331,-1,236,331,234,-1,234,331,332,-1,234,332,253,-1,253,332,333,-1,253,333,251,-1,251,333,326,-1,251,326,249,-1,242,316,334,-1,242,334,240,-1,240,334,335,-1,240,335,238,-1,238,335,330,-1,238,330,236,-1,
        ]
    }
}
Shape{
    appearance Appearance {
        material  Material 	{
            diffuseColor 0.20784313725490197 0.20784313725490197 0.20784313725490197
            specularColor 0.01568627450980392 0.01568627450980392 0.01568627450980392
            ambientIntensity 0.298
            transparency 0.0
            shininess 0.5
        }
    }
    geometry IndexedFaceSet {
        ccw TRUE
        solid FALSE
        coord DEF co Coordinate {
            point [
                0.9166 1.6673 3.8583, 0.8998 1.6651 3.8583, 0.9166 1.6605 3.8583, 0.8926 1.6634 3.8583, 0.8895 1.662 3.8583, 0.8877 1.6607 3.8583, 0.9165 1.6596 3.8583, 0.9157 1.654 3.8583, 0.8862 1.6588 3.8583, 0.9139 1.6496 3.8583, 0.8869 1.6443 3.8583, 0.888 1.6433 3.8583, 0.9096 1.6443 3.8583, 0.8855 1.6464 3.8583, 0.9061 1.6419 3.8583, 0.9023 1.6406 3.8583, 0.8976 1.64 3.8583, 0.8851 1.6565 3.8583, 0.8845 1.6536 3.8583, 0.9112 1.6459 3.8583, 0.8844 1.6516 3.8583, 0.8847 1.6487 3.8583, 0.8905 1.6416 3.8583, 0.8933 1.6405 3.8583
            ]
        }
        coordIndex [
            0,1,2,-1,2,1,3,-1,3,4,2,-1,2,4,5,-1,2,5,6,-1,6,5,7,-1,7,5,8,-1,7,8,9,-1,10,11,12,-1,10,12,13,-1,14,12,15,-1,15,12,16,-1,8,17,9,-1,9,17,18,-1,9,18,19,-1,19,18,20,-1,19,20,12,-1,12,20,21,-1,12,21,13,-1,11,22,12,-1,12,22,23,-1,12,23,16,-1,
        ]
    }
}
Shape{
    appearance Appearance {
        material  Material 	{
            diffuseColor 1.0 1.0 1.0
            specularColor 0.5019607843137255 0.5019607843137255 0.5019607843137255
            ambientIntensity 1.0
            transparency 0.0
            shininess 0.5
        }
    }
    geometry IndexedFaceSet {
        ccw TRUE
        solid FALSE
        coord DEF co Coordinate {
            point [
                0.3638 1.6172 3.8622, 0.3744 1.6041 3.8622, 0.3573 1.6802 3.8622, 0.3448 1.8038 3.8622, 0.3607 1.8122 3.8622, 0.357 1.8561 3.8622, 0.4015 1.8581 3.8622, 0.4235 1.8062 3.8622, 0.4344 1.8287 3.8622, 0.3418 1.6898 3.8622, 0.3476 1.6352 3.8622, 0.3566 1.6325 3.8622, 0.3851 1.8595 3.8622, 0.4295 1.6817 3.8622, 0.4361 1.6793 3.8622, 0.4954 1.6624 3.8622, 0.4418 1.6755 3.8622, 0.4464 1.6703 3.8622, 0.595 1.7151 3.8622, 0.573 1.7528 3.8622, 0.4776 1.703 3.8622, 0.4235 1.6823 3.8622, 0.4166 1.6814 3.8622, 0.4072 1.7251 3.8622, 0.4104 1.679 3.8622, 0.3915 1.719 3.8622, 0.4048 1.675 3.8622, 0.3769 1.7089 3.8622, 0.402 1.6721 3.8622, 0.3652 1.6954 3.8622, 0.3983 1.6662 3.8622, 0.3962 1.6595 3.8622, 0.3958 1.6525 3.8622, 0.45 1.7224 3.8622, 0.4328 1.7267 3.8622, 0.4242 1.7272 3.8622, 0.4495 1.6645 3.8622, 0.4511 1.6579 3.8622, 0.4954 1.6553 3.8622, 0.4511 1.6514 3.8622, 0.495 1.6477 3.8622, 0.4161 1.8751 3.8622, 0.4504 1.8478 3.8622, 0.4328 1.8894 3.8622, 0.4694 1.8617 3.8622, 0.4502 1.9002 3.8622, 0.3782 1.8164 3.8622, 0.3858 1.8168 3.8622, 0.3933 1.8591 3.8622, 0.4027 1.8147 3.8622, 0.4186 1.8088 3.8622, 0.4651 1.7143 3.8622, 0.6565 1.6361 3.8622, 0.6354 1.6754 3.8622, 0.6328 1.6311 3.8622, 0.6285 1.6745 3.8622, 0.5908 1.6311 3.8622, 0.5965 1.6745 3.8622, 0.5868 1.6317 3.8622, 0.3972 1.6459 3.8622, 0.4 1.6399 3.8622, 0.6185 1.7855 3.8622, 0.6242 1.7855 3.8622, 0.6534 1.824 3.8622, 0.636 1.7843 3.8622, 0.6568 1.8228 3.8622, 0.6486 1.7799 3.8622, 0.678 1.8123 3.8622, 0.6598 1.7726 3.8622, 0.6973 1.796 3.8622, 0.6692 1.7625 3.8622, 0.7119 1.7758 3.8622, 0.6759 1.7502 3.8622, 0.7206 1.754 3.8622, 0.6793 1.7365 3.8622, 0.7238 1.7307 3.8622, 0.6797 1.73 3.8622, 0.7206 1.7054 3.8622, 0.6785 1.7181 3.8622, 0.7117 1.6828 3.8622, 0.674 1.7052 3.8622, 0.6975 1.6631 3.8622, 0.6666 1.6939 3.8622, 0.6782 1.6467 3.8622, 0.66 1.6873 3.8622, 0.6486 1.6799 3.8622, 0.615 1.8802 3.8622, 0.587 1.8476 3.8622, 0.6385 1.8529 3.8622, 0.6031 1.8284 3.8622, 0.6141 1.8055 3.8622, 0.3168 1.7629 3.8622, 0.27 1.751 3.8622, 0.3146 1.7457 3.8622, 0.2698 1.7442 3.8622, 0.3155 1.7345 3.8622, 0.2733 1.7163 3.8622, 0.3207 1.7171 3.8622, 0.2835 1.6898 3.8622, 0.329 1.7029 3.8622, 0.2997 1.6667 3.8622, 0.3219 1.6478 3.8622, 0.4908 1.6302 3.8622, 0.4494 1.6446 3.8622, 0.4823 1.6143 3.8622, 0.4461 1.6384 3.8622, 0.4716 1.6022 3.8622, 0.4422 1.6341 3.8622, 0.4574 1.5924 3.8622, 0.4368 1.6302 3.8622, 0.4415 1.5863 3.8622, 0.4307 1.6277 3.8622, 0.4242 1.5841 3.8622, 0.4235 1.6268 3.8622, 0.4216 1.5842 3.8622, 0.4223 1.6269 3.8622, 0.4048 1.5868 3.8622, 0.4159 1.6279 3.8622, 0.3883 1.5937 3.8622, 0.4095 1.6307 3.8622, 0.404 1.6348 3.8622, 0.483 1.9128 3.8622, 0.4926 1.8711 3.8622, 0.5182 1.9172 3.8622, 0.5189 1.8745 3.8622, 0.5475 1.9141 3.8622, 0.5431 1.8715 3.8622, 0.5832 1.9015 3.8622, 0.5654 1.8629 3.8622, 0.5854 1.849 3.8622, 0.3307 1.8458 3.8622, 0.308 1.8299 3.8622, 0.3328 1.793 3.8622, 0.3033 1.8254 3.8622, 0.3229 1.7788 3.8622, 0.2861 1.8034 3.8622, 0.2748 1.7778 3.8622, 0.5929 1.6752 3.8622, 0.5758 1.6386 3.8622, 0.5774 1.6369 3.8622, 0.595 1.6747 3.8622, 0.582 1.6336 3.8622, 0.5701 1.6532 3.8622, 0.5708 1.6479 3.8622, 0.5727 1.643 3.8622, 0.5867 1.6745 3.8622, 0.5818 1.6726 3.8622, 0.5703 1.656 3.8622, 0.5774 1.6695 3.8622, 0.5745 1.6662 3.8622, 0.5717 1.6614 3.8622, 0.5922 1.6752 3.8622, 0.7021 1.7894 3.8583, 0.7119 1.7758 3.8583, 0.7182 1.76 3.8583, 0.7206 1.754 3.8583, 0.7238 1.7307 3.8583, 0.6973 1.796 3.8583, 0.678 1.8123 3.8583, 0.6568 1.8228 3.8583, 0.6534 1.824 3.8583, 0.6385 1.8529 3.8583, 0.615 1.8802 3.8583, 0.5986 1.8912 3.8583, 0.5832 1.9015 3.8583, 0.5475 1.9141 3.8583, 0.5182 1.9172 3.8583, 0.483 1.9128 3.8583, 0.4502 1.9002 3.8583, 0.4356 1.8912 3.8583, 0.4328 1.8894 3.8583, 0.4161 1.8751 3.8583, 0.4015 1.8581 3.8583, 0.3933 1.8591 3.8583, 0.3851 1.8595 3.8583, 0.357 1.8561 3.8583, 0.3307 1.8458 3.8583, 0.308 1.8299 3.8583, 0.3033 1.8254 3.8583, 0.2716 1.76 3.8583, 0.2748 1.7778 3.8583, 0.2799 1.7894 3.8583, 0.2861 1.8034 3.8583, 0.27 1.751 3.8583, 0.2698 1.7442 3.8583, 0.2733 1.7163 3.8583, 0.2835 1.6898 3.8583, 0.2997 1.6667 3.8583, 0.3219 1.6478 3.8583, 0.3476 1.6352 3.8583, 0.3566 1.6325 3.8583, 0.3575 1.6306 3.8583, 0.3638 1.6172 3.8583, 0.3744 1.6041 3.8583, 0.3883 1.5937 3.8583, 0.3948 1.5909 3.8583, 0.4048 1.5868 3.8583, 0.4216 1.5842 3.8583, 0.4242 1.5841 3.8583, 0.4954 1.6553 3.8583, 0.4415 1.5863 3.8583, 0.4537 1.5909 3.8583, 0.4574 1.5924 3.8583, 0.4716 1.6022 3.8583, 0.4823 1.6143 3.8583, 0.4908 1.6302 3.8583, 0.4909 1.6306 3.8583, 0.495 1.6477 3.8583, 0.4954 1.6624 3.8583, 0.595 1.7151 3.8583, 0.573 1.7528 3.8583, 0.4776 1.703 3.8583, 0.4651 1.7143 3.8583, 0.45 1.7224 3.8583, 0.4328 1.7267 3.8583, 0.4242 1.7272 3.8583, 0.4072 1.7251 3.8583, 0.3915 1.719 3.8583, 0.3769 1.7089 3.8583, 0.3652 1.6954 3.8583, 0.3573 1.6802 3.8583, 0.3418 1.6898 3.8583, 0.329 1.7029 3.8583, 0.3207 1.7171 3.8583, 0.3155 1.7345 3.8583, 0.3146 1.7457 3.8583, 0.3164 1.76 3.8583, 0.3168 1.7629 3.8583, 0.3229 1.7788 3.8583, 0.3303 1.7894 3.8583, 0.3328 1.793 3.8583, 0.3448 1.8038 3.8583, 0.3607 1.8122 3.8583, 0.3782 1.8164 3.8583, 0.3858 1.8168 3.8583, 0.4027 1.8147 3.8583, 0.4186 1.8088 3.8583, 0.4235 1.8062 3.8583, 0.4344 1.8287 3.8583, 0.4504 1.8478 3.8583, 0.4694 1.8617 3.8583, 0.4926 1.8711 3.8583, 0.5189 1.8745 3.8583, 0.5431 1.8715 3.8583, 0.5654 1.8629 3.8583, 0.5854 1.849 3.8583, 0.587 1.8476 3.8583, 0.6031 1.8284 3.8583, 0.6141 1.8055 3.8583, 0.6177 1.7894 3.8583, 0.6185 1.7855 3.8583, 0.6242 1.7855 3.8583, 0.636 1.7843 3.8583, 0.6486 1.7799 3.8583, 0.6598 1.7726 3.8583, 0.6692 1.7625 3.8583, 0.6705 1.76 3.8583, 0.6759 1.7502 3.8583, 0.6793 1.7365 3.8583, 0.6797 1.73 3.8583, 0.6785 1.7181 3.8583, 0.674 1.7052 3.8583, 0.6666 1.6939 3.8583, 0.66 1.6873 3.8583, 0.6486 1.6799 3.8583, 0.6354 1.6754 3.8583, 0.6285 1.6745 3.8583, 0.5965 1.6745 3.8583, 0.595 1.6747 3.8583, 0.5929 1.6752 3.8583, 0.5922 1.6752 3.8583, 0.5867 1.6745 3.8583, 0.5818 1.6726 3.8583, 0.5774 1.6695 3.8583, 0.5745 1.6662 3.8583, 0.5717 1.6614 3.8583, 0.5703 1.656 3.8583, 0.5701 1.6532 3.8583, 0.5708 1.6479 3.8583, 0.5727 1.643 3.8583, 0.5758 1.6386 3.8583, 0.5774 1.6369 3.8583, 0.582 1.6336 3.8583, 0.5868 1.6317 3.8583, 0.5908 1.6311 3.8583, 0.6328 1.6311 3.8583, 0.6565 1.6361 3.8583, 0.6782 1.6467 3.8583, 0.6975 1.6631 3.8583, 0.7117 1.6828 3.8583, 0.7206 1.7054 3.8583, 0.4235 1.6823 3.8583, 0.4295 1.6817 3.8583, 0.4361 1.6793 3.8583, 0.4418 1.6755 3.8583, 0.4464 1.6703 3.8583, 0.4495 1.6645 3.8583, 0.4511 1.6579 3.8583, 0.4511 1.6514 3.8583, 0.4494 1.6446 3.8583, 0.4461 1.6384 3.8583, 0.4422 1.6341 3.8583, 0.4368 1.6302 3.8583, 0.4307 1.6277 3.8583, 0.4235 1.6268 3.8583, 0.4223 1.6269 3.8583, 0.4159 1.6279 3.8583, 0.4095 1.6307 3.8583, 0.404 1.6348 3.8583, 0.4 1.6399 3.8583, 0.3972 1.6459 3.8583, 0.3958 1.6525 3.8583, 0.3962 1.6595 3.8583, 0.3983 1.6662 3.8583, 0.402 1.6721 3.8583, 0.4048 1.675 3.8583, 0.4104 1.679 3.8583, 0.4166 1.6814 3.8583
            ]
        }
        coordIndex [
            0,1,2,-1,3,4,5,-1,6,7,8,-1,9,10,2,-1,2,10,11,-1,2,11,0,-1,5,4,12,-1,13,14,15,-1,15,14,16,-1,15,16,17,-1,18,19,15,-1,15,19,20,-1,15,20,13,-1,13,20,21,-1,22,23,24,-1,24,23,25,-1,24,25,26,-1,26,25,27,-1,26,27,28,-1,28,27,29,-1,28,29,30,-1,30,29,2,-1,30,2,31,-1,31,2,32,-1,33,34,22,-1,22,34,35,-1,22,35,23,-1,17,36,15,-1,15,36,37,-1,15,37,38,-1,38,37,39,-1,38,39,40,-1,6,8,41,-1,41,8,42,-1,41,42,43,-1,43,42,44,-1,43,44,45,-1,4,46,12,-1,12,46,47,-1,12,47,48,-1,48,47,49,-1,48,49,6,-1,6,49,50,-1,6,50,7,-1,21,20,22,-1,22,20,51,-1,22,51,33,-1,52,53,54,-1,54,53,55,-1,54,55,56,-1,56,55,57,-1,56,57,58,-1,32,2,59,-1,59,2,1,-1,59,1,60,-1,61,62,63,-1,63,62,64,-1,63,64,65,-1,65,64,66,-1,65,66,67,-1,67,66,68,-1,67,68,69,-1,69,68,70,-1,69,70,71,-1,71,70,72,-1,71,72,73,-1,73,72,74,-1,73,74,75,-1,75,74,76,-1,75,76,77,-1,77,76,78,-1,77,78,79,-1,79,78,80,-1,79,80,81,-1,81,80,82,-1,81,82,83,-1,83,82,84,-1,83,84,52,-1,52,84,85,-1,52,85,53,-1,86,87,88,-1,88,87,89,-1,88,89,63,-1,63,89,90,-1,63,90,61,-1,91,92,93,-1,93,92,94,-1,93,94,95,-1,95,94,96,-1,95,96,97,-1,97,96,98,-1,97,98,99,-1,99,98,100,-1,99,100,9,-1,9,100,101,-1,9,101,10,-1,40,39,102,-1,102,39,103,-1,102,103,104,-1,104,103,105,-1,104,105,106,-1,106,105,107,-1,106,107,108,-1,108,107,109,-1,108,109,110,-1,110,109,111,-1,110,111,112,-1,112,111,113,-1,112,113,114,-1,114,113,115,-1,114,115,116,-1,116,115,117,-1,116,117,118,-1,118,117,119,-1,118,119,1,-1,1,119,120,-1,1,120,60,-1,45,44,121,-1,121,44,122,-1,121,122,123,-1,123,122,124,-1,123,124,125,-1,125,124,126,-1,125,126,127,-1,127,126,128,-1,127,128,86,-1,86,128,129,-1,86,129,87,-1,5,130,3,-1,3,130,131,-1,3,131,132,-1,132,131,133,-1,132,133,134,-1,134,133,135,-1,134,135,91,-1,91,135,136,-1,91,136,92,-1,137,138,139,-1,57,140,58,-1,58,140,137,-1,58,137,141,-1,141,137,139,-1,142,143,137,-1,137,143,144,-1,137,144,138,-1,145,146,147,-1,146,148,147,-1,147,148,149,-1,147,149,150,-1,142,137,147,-1,147,137,151,-1,147,151,145,-1,152,69,153,-1,153,69,71,-1,153,71,154,-1,154,71,73,-1,154,73,155,-1,155,73,75,-1,155,75,156,-1,152,157,69,-1,69,157,158,-1,69,158,67,-1,67,158,159,-1,67,159,65,-1,65,159,160,-1,65,160,63,-1,63,160,161,-1,63,161,88,-1,88,161,162,-1,88,162,86,-1,127,86,163,-1,163,86,162,-1,163,164,127,-1,127,164,165,-1,127,165,125,-1,125,165,166,-1,125,166,123,-1,123,166,167,-1,123,167,121,-1,121,167,168,-1,121,168,45,-1,45,168,43,-1,43,168,169,-1,43,169,170,-1,43,170,171,-1,43,171,41,-1,41,171,172,-1,41,172,6,-1,6,172,173,-1,6,173,48,-1,48,173,174,-1,48,174,12,-1,12,174,175,-1,12,175,5,-1,5,175,176,-1,5,176,130,-1,130,176,177,-1,130,177,131,-1,131,177,178,-1,131,178,133,-1,179,92,180,-1,180,92,136,-1,180,136,181,-1,181,136,135,-1,181,135,182,-1,182,135,133,-1,182,133,178,-1,179,183,92,-1,92,183,184,-1,92,184,94,-1,94,184,185,-1,94,185,96,-1,96,185,186,-1,96,186,98,-1,98,186,187,-1,98,187,100,-1,100,187,188,-1,100,188,101,-1,101,188,189,-1,101,189,10,-1,10,189,190,-1,10,190,11,-1,11,190,191,-1,11,191,0,-1,191,192,0,-1,0,192,193,-1,0,193,1,-1,1,193,194,-1,1,194,118,-1,118,194,195,-1,118,195,116,-1,195,196,116,-1,116,196,197,-1,116,197,114,-1,114,197,198,-1,114,198,112,-1,199,38,40,-1,112,198,200,-1,201,108,200,-1,200,108,110,-1,200,110,112,-1,201,202,108,-1,108,202,203,-1,108,203,106,-1,106,203,204,-1,106,204,104,-1,104,204,205,-1,104,205,102,-1,102,205,206,-1,102,206,40,-1,40,206,207,-1,40,207,199,-1,15,38,208,-1,208,38,199,-1,18,15,209,-1,209,15,208,-1,19,18,210,-1,210,18,209,-1,20,19,211,-1,211,19,210,-1,20,211,212,-1,20,212,51,-1,51,212,213,-1,51,213,33,-1,33,213,214,-1,33,214,34,-1,34,214,215,-1,34,215,35,-1,35,215,216,-1,35,216,23,-1,23,216,217,-1,23,217,25,-1,25,217,218,-1,25,218,27,-1,27,218,219,-1,27,219,29,-1,29,219,220,-1,29,220,2,-1,2,220,221,-1,2,221,9,-1,9,221,222,-1,9,222,99,-1,99,222,223,-1,99,223,97,-1,97,223,224,-1,97,224,95,-1,95,224,225,-1,95,225,93,-1,91,93,225,-1,225,226,91,-1,91,226,227,-1,91,227,228,-1,229,132,228,-1,228,132,134,-1,228,134,91,-1,229,230,132,-1,132,230,231,-1,132,231,3,-1,3,231,232,-1,3,232,4,-1,4,232,233,-1,4,233,46,-1,46,233,234,-1,46,234,47,-1,47,234,235,-1,47,235,49,-1,49,235,236,-1,49,236,50,-1,50,236,237,-1,50,237,7,-1,7,237,238,-1,7,238,8,-1,8,238,239,-1,8,239,42,-1,42,239,240,-1,42,240,44,-1,44,240,241,-1,44,241,122,-1,122,241,242,-1,122,242,124,-1,124,242,243,-1,124,243,126,-1,126,243,244,-1,126,244,128,-1,128,244,245,-1,128,245,129,-1,129,245,246,-1,129,246,87,-1,87,246,247,-1,87,247,89,-1,89,247,248,-1,89,248,90,-1,90,248,61,-1,61,248,249,-1,61,249,250,-1,62,61,251,-1,251,61,250,-1,62,251,252,-1,62,252,64,-1,64,252,253,-1,64,253,66,-1,66,253,254,-1,66,254,68,-1,68,254,255,-1,68,255,70,-1,70,255,256,-1,70,256,72,-1,256,257,72,-1,72,257,258,-1,72,258,74,-1,74,258,259,-1,74,259,76,-1,76,259,260,-1,76,260,78,-1,78,260,261,-1,78,261,80,-1,80,261,262,-1,80,262,82,-1,82,262,263,-1,82,263,84,-1,84,263,264,-1,84,264,85,-1,85,264,265,-1,85,265,53,-1,53,265,266,-1,53,266,55,-1,57,55,267,-1,267,55,266,-1,57,267,268,-1,57,268,140,-1,140,268,269,-1,140,269,137,-1,137,269,270,-1,137,270,151,-1,151,270,271,-1,151,271,145,-1,145,271,272,-1,145,272,146,-1,146,272,273,-1,146,273,148,-1,148,273,274,-1,148,274,149,-1,149,274,275,-1,149,275,150,-1,150,275,276,-1,150,276,147,-1,147,276,277,-1,147,277,142,-1,142,277,278,-1,142,278,143,-1,143,278,279,-1,143,279,144,-1,144,279,280,-1,144,280,138,-1,138,280,281,-1,138,281,139,-1,139,281,282,-1,139,282,141,-1,141,282,283,-1,141,283,58,-1,58,283,284,-1,58,284,56,-1,54,56,285,-1,285,56,284,-1,54,285,286,-1,54,286,52,-1,52,286,287,-1,52,287,83,-1,83,287,288,-1,83,288,81,-1,81,288,289,-1,81,289,79,-1,79,289,290,-1,79,290,77,-1,77,290,156,-1,77,156,75,-1,21,291,292,-1,21,292,13,-1,13,292,293,-1,13,293,14,-1,14,293,294,-1,14,294,16,-1,16,294,295,-1,16,295,17,-1,17,295,296,-1,17,296,36,-1,36,296,297,-1,36,297,37,-1,37,297,298,-1,37,298,39,-1,39,298,299,-1,39,299,103,-1,103,299,300,-1,103,300,105,-1,105,300,301,-1,105,301,107,-1,107,301,302,-1,107,302,109,-1,109,302,303,-1,109,303,111,-1,111,303,304,-1,111,304,113,-1,113,304,305,-1,113,305,115,-1,115,305,306,-1,115,306,117,-1,117,306,307,-1,117,307,119,-1,119,307,308,-1,119,308,120,-1,120,308,309,-1,120,309,60,-1,60,309,310,-1,60,310,59,-1,59,310,311,-1,59,311,32,-1,32,311,312,-1,32,312,31,-1,31,312,313,-1,31,313,30,-1,30,313,314,-1,30,314,28,-1,28,314,315,-1,28,315,26,-1,26,315,316,-1,26,316,24,-1,24,316,317,-1,24,317,22,-1,22,317,291,-1,22,291,21,-1,
        ]
    }
}
Shape{
    appearance Appearance {
        material  Material 	{
            diffuseColor 0.20784313725490197 0.20784313725490197 0.20784313725490197
            specularColor 0.01568627450980392 0.01568627450980392 0.01568627450980392
            ambientIntensity 0.298
            transparency 0.0
            shininess 0.5
        }
    }
    geometry IndexedFaceSet {
        ccw TRUE
        solid FALSE
        coord DEF co Coordinate {
            point [
                0.4223 1.6269 3.8583, 0.4048 1.675 3.8583, 0.402 1.6721 3.8583, 0.4307 1.6277 3.8583, 0.4368 1.6302 3.8583, 0.4295 1.6817 3.8583, 0.4235 1.6823 3.8583, 0.4166 1.6814 3.8583, 0.4104 1.679 3.8583, 0.3972 1.6459 3.8583, 0.4 1.6399 3.8583, 0.404 1.6348 3.8583, 0.4235 1.6268 3.8583, 0.3983 1.6662 3.8583, 0.3962 1.6595 3.8583, 0.3958 1.6525 3.8583, 0.4095 1.6307 3.8583, 0.4159 1.6279 3.8583, 0.4422 1.6341 3.8583, 0.4461 1.6384 3.8583, 0.4494 1.6446 3.8583, 0.4511 1.6514 3.8583, 0.4511 1.6579 3.8583, 0.4495 1.6645 3.8583, 0.4464 1.6703 3.8583, 0.4418 1.6755 3.8583, 0.4361 1.6793 3.8583
            ]
        }
        coordIndex [
            0,1,2,-1,3,4,5,-1,6,7,0,-1,0,7,8,-1,0,8,1,-1,9,10,2,-1,2,10,11,-1,6,0,5,-1,5,0,12,-1,5,12,3,-1,13,14,2,-1,2,14,15,-1,2,15,9,-1,11,16,2,-1,2,16,17,-1,2,17,0,-1,4,18,5,-1,5,18,19,-1,5,19,20,-1,20,21,5,-1,5,21,22,-1,5,22,23,-1,23,24,5,-1,5,24,25,-1,5,25,26,-1,
        ]
    }
}
Shape{
    appearance Appearance {
        material  Material 	{
            diffuseColor 1.0 1.0 1.0
            specularColor 0.5019607843137255 0.5019607843137255 0.5019607843137255
            ambientIntensity 1.0
            transparency 0.0
            shininess 0.5
        }
    }
    geometry IndexedFaceSet {
        ccw TRUE
        solid FALSE
        coord DEF co Coordinate {
            point [
                1.0905 1.8663 3.8622, 1.1012 1.8727 3.8622, 1.0873 1.8694 3.8622, 1.0968 1.8771 3.8622, 1.0796 1.8744 3.8622, 1.0873 1.8837 3.8622, 1.0709 1.8775 3.8622, 1.0754 1.8884 3.8622, 1.0585 1.8788 3.8622, 1.059 1.8903 3.8622, 1.0433 1.8788 3.8622, 1.0304 1.8903 3.8622, 1.0433 1.8016 3.8622, 1.0304 1.7902 3.8622, 1.0579 1.8016 3.8622, 1.0579 1.7902 3.8622, 1.0704 1.803 3.8622, 1.0747 1.7922 3.8622, 1.079 1.806 3.8622, 1.0861 1.7966 3.8622, 1.0856 1.8103 3.8622, 1.0958 1.8033 3.8622, 1.0876 1.8121 3.8622, 1.0968 1.8043 3.8622, 1.0929 1.8187 3.8622, 1.104 1.8127 3.8622, 1.0962 1.8262 3.8622, 1.109 1.823 3.8622, 1.0981 1.8355 3.8622, 1.1116 1.8346 3.8622, 1.0983 1.8412 3.8622, 1.1119 1.8416 3.8622, 1.097 1.853 3.8622, 1.1106 1.8539 3.8622, 1.0943 1.8605 3.8622, 1.1071 1.8637 3.8622, 1.0968 1.8043 3.8583, 1.104 1.8127 3.8583, 1.109 1.823 3.8583, 1.1116 1.8346 3.8583, 1.1119 1.8416 3.8583, 1.1106 1.8539 3.8583, 1.1071 1.8637 3.8583, 1.1012 1.8727 3.8583, 1.0968 1.8771 3.8583, 1.059 1.8903 3.8583, 1.0873 1.8837 3.8583, 1.0763 1.888 3.8583, 1.0754 1.8884 3.8583, 1.0304 1.8903 3.8583, 1.0304 1.7902 3.8583, 1.0579 1.7902 3.8583, 1.0747 1.7922 3.8583, 1.0763 1.7928 3.8583, 1.0861 1.7966 3.8583, 1.0958 1.8033 3.8583, 1.0873 1.8694 3.8583, 1.0905 1.8663 3.8583, 1.0943 1.8605 3.8583, 1.097 1.853 3.8583, 1.0983 1.8412 3.8583, 1.0585 1.8788 3.8583, 1.0709 1.8775 3.8583, 1.0796 1.8744 3.8583, 1.0433 1.8788 3.8583, 1.0433 1.8016 3.8583, 1.0579 1.8016 3.8583, 1.0876 1.8121 3.8583, 1.0856 1.8103 3.8583, 1.079 1.806 3.8583, 1.0704 1.803 3.8583, 1.0981 1.8355 3.8583, 1.0962 1.8262 3.8583, 1.0929 1.8187 3.8583
            ]
        }
        coordIndex [
            0,1,2,-1,2,1,3,-1,2,3,4,-1,4,3,5,-1,4,5,6,-1,6,5,7,-1,6,7,8,-1,8,7,9,-1,8,9,10,-1,10,9,11,-1,10,11,12,-1,12,11,13,-1,12,13,14,-1,14,13,15,-1,14,15,16,-1,16,15,17,-1,16,17,18,-1,18,17,19,-1,18,19,20,-1,20,19,21,-1,20,21,22,-1,22,21,23,-1,22,23,24,-1,24,23,25,-1,24,25,26,-1,26,25,27,-1,26,27,28,-1,28,27,29,-1,28,29,30,-1,30,29,31,-1,30,31,32,-1,32,31,33,-1,32,33,34,-1,34,33,35,-1,34,35,0,-1,0,35,1,-1,23,36,37,-1,23,37,25,-1,25,37,38,-1,25,38,27,-1,27,38,39,-1,27,39,29,-1,29,39,40,-1,29,40,31,-1,31,40,41,-1,31,41,33,-1,33,41,42,-1,33,42,35,-1,35,42,43,-1,35,43,1,-1,1,43,44,-1,1,44,3,-1,45,9,7,-1,3,44,46,-1,3,46,5,-1,5,46,47,-1,5,47,7,-1,7,47,48,-1,7,48,45,-1,11,9,49,-1,49,9,45,-1,13,11,50,-1,50,11,49,-1,15,13,51,-1,51,13,50,-1,15,51,52,-1,15,52,17,-1,17,52,53,-1,17,53,19,-1,53,54,19,-1,19,54,55,-1,19,55,21,-1,21,55,36,-1,21,36,23,-1,2,56,57,-1,2,57,0,-1,0,57,58,-1,0,58,34,-1,34,58,59,-1,34,59,32,-1,32,59,60,-1,32,60,30,-1,8,61,62,-1,8,62,6,-1,6,62,63,-1,6,63,4,-1,4,63,56,-1,4,56,2,-1,8,10,61,-1,61,10,64,-1,10,12,64,-1,64,12,65,-1,12,14,65,-1,65,14,66,-1,22,67,68,-1,22,68,20,-1,20,68,69,-1,20,69,18,-1,18,69,70,-1,18,70,16,-1,16,70,66,-1,16,66,14,-1,30,60,71,-1,30,71,28,-1,28,71,72,-1,28,72,26,-1,26,72,73,-1,26,73,24,-1,24,73,67,-1,24,67,22,-1,
        ]
    }
}
Shape{
    appearance Appearance {
        material  Material 	{
            diffuseColor 0.20784313725490197 0.20784313725490197 0.20784313725490197
            specularColor 0.01568627450980392 0.01568627450980392 0.01568627450980392
            ambientIntensity 0.298
            transparency 0.0
            shininess 0.5
        }
    }
    geometry IndexedFaceSet {
        ccw TRUE
        solid FALSE
        coord DEF co Coordinate {
            point [
                1.0433 1.8788 3.8583, 1.0433 1.8016 3.8583, 1.0585 1.8788 3.8583, 1.0579 1.8016 3.8583, 1.0704 1.803 3.8583, 1.079 1.806 3.8583, 1.0856 1.8103 3.8583, 1.0876 1.8121 3.8583, 1.0929 1.8187 3.8583, 1.0962 1.8262 3.8583, 1.0981 1.8355 3.8583, 1.0983 1.8412 3.8583, 1.097 1.853 3.8583, 1.0943 1.8605 3.8583, 1.0905 1.8663 3.8583, 1.0873 1.8694 3.8583, 1.0709 1.8775 3.8583, 1.0796 1.8744 3.8583
            ]
        }
        coordIndex [
            0,1,2,-1,2,1,3,-1,2,3,4,-1,4,5,2,-1,2,5,6,-1,2,6,7,-1,7,8,2,-1,2,8,9,-1,2,9,10,-1,10,11,2,-1,2,11,12,-1,2,12,13,-1,13,14,2,-1,2,14,15,-1,2,15,16,-1,16,15,17,-1,
        ]
    }
}
Shape{
    appearance Appearance {
        material  Material 	{
            diffuseColor 1.0 1.0 1.0
            specularColor 0.5019607843137255 0.5019607843137255 0.5019607843137255
            ambientIntensity 1.0
            transparency 0.0
            shininess 0.5
        }
    }
    geometry IndexedFaceSet {
        ccw TRUE
        solid FALSE
        coord DEF co Coordinate {
            point [
                0.9118 1.8001 3.8622, 0.9118 1.8001 3.8583, 0.9024 1.8011 3.8583, 0.9024 1.8011 3.8622, 0.8952 1.8037 3.8583, 0.8952 1.8037 3.8622, 0.8885 1.8082 3.8583, 0.8885 1.8082 3.8622, 0.8861 1.8106 3.8583, 0.8861 1.8106 3.8622, 0.881 1.8178 3.8583, 0.881 1.8178 3.8622, 0.8778 1.8259 3.8583, 0.8778 1.8259 3.8622, 0.8763 1.8382 3.8583, 0.8763 1.8382 3.8622, 0.8763 1.8392 3.8583, 0.8763 1.8392 3.8622, 0.8776 1.8516 3.8583, 0.8776 1.8516 3.8622, 0.8807 1.8605 3.8583, 0.8807 1.8605 3.8622, 0.8854 1.8677 3.8583, 0.8854 1.8677 3.8622, 0.8868 1.8692 3.8583, 0.8868 1.8692 3.8622, 0.8932 1.8746 3.8583, 0.8932 1.8746 3.8622, 0.901 1.8784 3.8583, 0.901 1.8784 3.8622, 0.9096 1.8801 3.8583, 0.9096 1.8801 3.8622, 0.914 1.8803 3.8583, 0.914 1.8803 3.8622, 0.9257 1.879 3.8583, 0.9257 1.879 3.8622, 0.936 1.8753 3.8583, 0.936 1.8753 3.8622, 0.9376 1.8744 3.8583, 0.9376 1.8744 3.8622, 0.9376 1.8879 3.8622, 0.9376 1.8879 3.8583, 0.9139 1.892 3.8583, 0.9139 1.892 3.8622, 0.9148 1.892 3.8622, 0.9278 1.8908 3.8583, 0.9278 1.8908 3.8622, 0.9242 1.8912 3.8583, 0.9148 1.892 3.8583, 0.9013 1.8907 3.8622, 0.9058 1.8912 3.8583, 0.9013 1.8907 3.8583, 0.8905 1.887 3.8583, 0.8905 1.887 3.8622, 0.8806 1.8805 3.8583, 0.8806 1.8805 3.8622, 0.8772 1.8773 3.8583, 0.8772 1.8773 3.8622, 0.8703 1.8684 3.8583, 0.8672 1.8615 3.8583, 0.8654 1.8574 3.8622, 0.8703 1.8684 3.8622, 0.8654 1.8574 3.8583, 0.8629 1.8445 3.8583, 0.8629 1.8445 3.8622, 0.8627 1.8384 3.8583, 0.8627 1.8384 3.8622, 0.8646 1.8224 3.8583, 0.8672 1.8157 3.8583, 0.8686 1.8119 3.8622, 0.8646 1.8224 3.8622, 0.8686 1.8119 3.8583, 0.8746 1.8033 3.8583, 0.8746 1.8033 3.8622, 0.8755 1.8022 3.8583, 0.8755 1.8022 3.8622, 0.8931 1.791 3.8583, 0.8836 1.7955 3.8622, 0.8836 1.7955 3.8583, 0.9012 1.7894 3.8583, 0.9039 1.7888 3.8622, 0.8931 1.791 3.8622, 0.9039 1.7888 3.8583, 0.9099 1.7885 3.8583, 0.9099 1.7885 3.8622, 0.9252 1.79 3.8622, 0.9188 1.7894 3.8583, 0.9252 1.79 3.8583, 0.9359 1.7935 3.8583, 0.9359 1.7935 3.8622, 0.9376 1.7944 3.8583, 0.9376 1.7944 3.8622, 0.9376 1.8068 3.8622, 0.9376 1.8068 3.8583, 0.928 1.8024 3.8583, 0.928 1.8024 3.8622, 0.9167 1.8002 3.8583, 0.9167 1.8002 3.8622, 1.2708 1.6701 3.8622, 1.2667 1.6588 3.8622, 1.3044 1.6701 3.8622, 1.3084 1.6588 3.8622, 1.2858 1.7117 3.8622, 1.2809 1.7315 3.8622, 1.2428 1.6314 3.8622, 1.2571 1.6314 3.8622, 1.2866 1.7147 3.8622, 1.2874 1.7187 3.8622, 1.2947 1.7315 3.8622, 1.2877 1.7187 3.8622, 1.2885 1.7145 3.8622, 1.2893 1.7117 3.8622, 1.3329 1.6314 3.8622, 1.3186 1.6314 3.8622, 1.2809 1.7315 3.8583, 1.2947 1.7315 3.8583, 1.2428 1.6314 3.8583, 1.2571 1.6314 3.8583, 1.2667 1.6588 3.8583, 1.3084 1.6588 3.8583, 1.3186 1.6314 3.8583, 1.3329 1.6314 3.8583, 1.2858 1.7117 3.8583, 1.2866 1.7147 3.8583, 1.2874 1.7187 3.8583, 1.2708 1.6701 3.8583, 1.3044 1.6701 3.8583, 1.2893 1.7117 3.8583, 1.2877 1.7187 3.8583, 1.2885 1.7145 3.8583
            ]
        }
        coordIndex [
            0,1,2,-1,0,2,3,-1,3,2,4,-1,3,4,5,-1,5,4,6,-1,5,6,7,-1,7,6,8,-1,7,8,9,-1,9,8,10,-1,9,10,11,-1,11,10,12,-1,11,12,13,-1,13,12,14,-1,13,14,15,-1,15,14,16,-1,15,16,17,-1,17,16,18,-1,17,18,19,-1,19,18,20,-1,19,20,21,-1,21,20,22,-1,21,22,23,-1,23,22,24,-1,23,24,25,-1,25,24,26,-1,25,26,27,-1,27,26,28,-1,27,28,29,-1,29,28,30,-1,29,30,31,-1,31,30,32,-1,31,32,33,-1,33,32,34,-1,33,34,35,-1,35,34,36,-1,35,36,37,-1,37,36,38,-1,37,38,39,-1,40,39,41,-1,41,39,38,-1,42,43,44,-1,40,41,45,-1,40,45,46,-1,46,45,47,-1,46,47,44,-1,44,47,48,-1,44,48,42,-1,43,42,49,-1,49,42,50,-1,50,51,49,-1,49,51,52,-1,49,52,53,-1,53,52,54,-1,53,54,55,-1,55,54,56,-1,55,56,57,-1,57,56,58,-1,59,60,58,-1,58,60,61,-1,58,61,57,-1,59,62,60,-1,60,62,63,-1,60,63,64,-1,64,63,65,-1,64,65,66,-1,66,65,67,-1,68,69,67,-1,67,69,70,-1,67,70,66,-1,68,71,69,-1,69,71,72,-1,69,72,73,-1,73,72,74,-1,73,74,75,-1,76,77,78,-1,78,77,75,-1,78,75,74,-1,79,80,76,-1,76,80,81,-1,76,81,77,-1,79,82,80,-1,80,82,83,-1,80,83,84,-1,84,83,85,-1,85,83,86,-1,86,87,85,-1,85,87,88,-1,85,88,89,-1,89,88,90,-1,89,90,91,-1,92,91,93,-1,93,91,90,-1,92,93,94,-1,92,94,95,-1,95,94,96,-1,95,96,97,-1,97,96,1,-1,97,1,0,-1,37,39,40,-1,11,13,70,-1,19,21,61,-1,70,13,66,-1,61,21,57,-1,37,40,35,-1,35,40,46,-1,35,46,33,-1,33,46,44,-1,33,44,31,-1,31,44,43,-1,31,43,29,-1,29,43,49,-1,29,49,27,-1,49,53,27,-1,27,53,55,-1,27,55,25,-1,25,55,57,-1,25,57,23,-1,23,57,21,-1,70,69,11,-1,11,69,73,-1,11,73,9,-1,9,73,75,-1,9,75,7,-1,7,75,77,-1,7,77,5,-1,5,77,81,-1,5,81,3,-1,3,81,80,-1,3,80,0,-1,0,80,84,-1,0,84,97,-1,97,84,85,-1,97,85,95,-1,95,85,89,-1,95,89,92,-1,92,89,91,-1,13,15,66,-1,66,15,17,-1,66,17,64,-1,64,17,19,-1,64,19,60,-1,60,19,61,-1,98,99,100,-1,100,99,101,-1,102,103,98,-1,98,103,104,-1,98,104,99,-1,99,104,105,-1,102,106,103,-1,103,106,107,-1,103,107,108,-1,108,107,109,-1,108,109,110,-1,110,111,108,-1,108,111,100,-1,108,100,112,-1,112,100,101,-1,112,101,113,-1,103,108,114,-1,114,108,115,-1,104,103,116,-1,116,103,114,-1,105,104,117,-1,117,104,116,-1,99,105,118,-1,118,105,117,-1,101,99,119,-1,119,99,118,-1,113,101,120,-1,120,101,119,-1,112,113,121,-1,121,113,120,-1,108,112,115,-1,115,112,121,-1,102,122,123,-1,102,123,106,-1,106,123,124,-1,106,124,107,-1,102,98,122,-1,122,98,125,-1,98,100,125,-1,125,100,126,-1,100,111,126,-1,126,111,127,-1,109,128,129,-1,109,129,110,-1,110,129,127,-1,110,127,111,-1,109,107,128,-1,128,107,124,-1,
        ]
    }
}
Shape{
    appearance Appearance {
        material  Material 	{
            diffuseColor 0.20784313725490197 0.20784313725490197 0.20784313725490197
            specularColor 0.01568627450980392 0.01568627450980392 0.01568627450980392
            ambientIntensity 0.298
            transparency 0.0
            shininess 0.5
        }
    }
    geometry IndexedFaceSet {
        ccw TRUE
        solid FALSE
        coord DEF co Coordinate {
            point [
                1.2877 1.7187 3.8583, 1.2874 1.7187 3.8583, 1.2885 1.7145 3.8583, 1.2866 1.7147 3.8583, 1.2893 1.7117 3.8583, 1.2858 1.7117 3.8583, 1.3044 1.6701 3.8583, 1.2708 1.6701 3.8583
            ]
        }
        coordIndex [
            0,1,2,-1,2,1,3,-1,2,3,4,-1,4,3,5,-1,4,5,6,-1,6,5,7,-1,
        ]
    }
}
Shape{
    appearance Appearance {
        material  Material 	{
            diffuseColor 1.0 1.0 1.0
            specularColor 0.5019607843137255 0.5019607843137255 0.5019607843137255
            ambientIntensity 1.0
            transparency 0.0
            shininess 0.5
        }
    }
    geometry IndexedFaceSet {
        ccw TRUE
        solid FALSE
        coord DEF co Coordinate {
            point [
                1.0959 1.6429 3.8583, 1.0959 1.6429 3.8622, 1.1147 1.6429 3.8583, 1.1369 1.6429 3.8622, 1.1369 1.6429 3.8583, 1.0959 1.6765 3.8622, 1.0959 1.6765 3.8583, 1.1317 1.6765 3.8583, 1.1317 1.6765 3.8622, 1.1147 1.6765 3.8583, 1.1317 1.688 3.8622, 1.1317 1.688 3.8583, 1.0959 1.688 3.8583, 1.0959 1.688 3.8622, 1.1147 1.688 3.8583, 1.0959 1.72 3.8622, 1.0959 1.72 3.8583, 1.1346 1.72 3.8583, 1.1346 1.72 3.8622, 1.1147 1.72 3.8583, 1.1346 1.7315 3.8622, 1.1346 1.7315 3.8583, 1.083 1.7315 3.8583, 1.083 1.7315 3.8622, 1.1147 1.7315 3.8583, 1.083 1.6314 3.8622, 1.083 1.6314 3.8583, 1.1369 1.6314 3.8583, 1.1369 1.6314 3.8622, 1.1147 1.6314 3.8583, 0.8187 1.6429 3.8622, 0.8597 1.6429 3.8622, 0.8187 1.6429 3.8583, 0.8597 1.6429 3.8583, 0.8187 1.6765 3.8622, 0.8187 1.6765 3.8583, 0.8545 1.6765 3.8622, 0.8545 1.6765 3.8583, 0.8545 1.688 3.8622, 0.8545 1.688 3.8583, 0.8187 1.688 3.8622, 0.8187 1.688 3.8583, 0.8187 1.72 3.8622, 0.8187 1.72 3.8583, 0.8574 1.72 3.8622, 0.8574 1.72 3.8583, 0.8574 1.7315 3.8622, 0.8574 1.7315 3.8583, 0.8058 1.7315 3.8622, 0.8058 1.7315 3.8583, 0.8058 1.6314 3.8622, 0.8058 1.6314 3.8583, 0.8597 1.6314 3.8622, 0.8597 1.6314 3.8583, 1.1454 1.8289 3.8622, 1.1414 1.8176 3.8622, 1.179 1.8289 3.8622, 1.183 1.8176 3.8622, 1.1604 1.8705 3.8622, 1.1556 1.8903 3.8622, 1.1175 1.7902 3.8622, 1.1317 1.7902 3.8622, 1.1613 1.8735 3.8622, 1.1621 1.8775 3.8622, 1.1694 1.8903 3.8622, 1.1624 1.8775 3.8622, 1.1632 1.8733 3.8622, 1.1639 1.8705 3.8622, 1.2075 1.7902 3.8622, 1.1932 1.7902 3.8622, 1.1556 1.8903 3.8583, 1.1694 1.8903 3.8583, 1.1175 1.7902 3.8583, 1.1463 1.866 3.8583, 1.1317 1.7902 3.8583, 1.1414 1.8176 3.8583, 1.183 1.8176 3.8583, 1.1463 1.8176 3.8583, 1.1932 1.7902 3.8583, 1.2075 1.7902 3.8583, 1.1604 1.8705 3.8583, 1.1613 1.8735 3.8583, 1.1621 1.8775 3.8583, 1.1454 1.8289 3.8583, 1.179 1.8289 3.8583, 1.1639 1.8705 3.8583, 1.1624 1.8775 3.8583, 1.1632 1.8733 3.8583
            ]
        }
        coordIndex [
            0,1,2,-1,2,1,3,-1,2,3,4,-1,5,1,6,-1,6,1,0,-1,7,8,9,-1,9,8,5,-1,9,5,6,-1,10,8,11,-1,11,8,7,-1,12,13,14,-1,14,13,10,-1,14,10,11,-1,15,13,16,-1,16,13,12,-1,17,18,19,-1,19,18,15,-1,19,15,16,-1,20,18,21,-1,21,18,17,-1,22,23,24,-1,24,23,20,-1,24,20,21,-1,25,23,26,-1,26,23,22,-1,27,28,29,-1,29,28,25,-1,29,25,26,-1,3,28,4,-1,4,28,27,-1,25,28,3,-1,3,1,25,-1,25,1,5,-1,25,5,23,-1,18,20,15,-1,15,20,23,-1,15,23,13,-1,13,23,5,-1,13,5,10,-1,10,5,8,-1,30,31,32,-1,32,31,33,-1,34,30,35,-1,35,30,32,-1,36,34,37,-1,37,34,35,-1,38,36,39,-1,39,36,37,-1,40,38,41,-1,41,38,39,-1,42,40,43,-1,43,40,41,-1,44,42,45,-1,45,42,43,-1,46,44,47,-1,47,44,45,-1,48,46,49,-1,49,46,47,-1,50,48,51,-1,51,48,49,-1,52,50,53,-1,53,50,51,-1,31,52,33,-1,33,52,53,-1,50,52,31,-1,31,30,50,-1,50,30,34,-1,50,34,48,-1,44,46,42,-1,42,46,48,-1,42,48,40,-1,40,48,34,-1,40,34,38,-1,38,34,36,-1,54,55,56,-1,56,55,57,-1,58,59,54,-1,54,59,60,-1,54,60,55,-1,55,60,61,-1,58,62,59,-1,59,62,63,-1,59,63,64,-1,64,63,65,-1,64,65,66,-1,66,67,64,-1,64,67,56,-1,64,56,68,-1,68,56,57,-1,68,57,69,-1,59,64,70,-1,70,64,71,-1,72,60,73,-1,73,60,59,-1,73,59,70,-1,61,60,74,-1,74,60,72,-1,55,61,75,-1,75,61,74,-1,76,57,77,-1,77,57,55,-1,77,55,75,-1,69,57,78,-1,78,57,76,-1,68,69,79,-1,79,69,78,-1,64,68,71,-1,71,68,79,-1,58,80,81,-1,58,81,62,-1,62,81,82,-1,62,82,63,-1,58,54,80,-1,80,54,83,-1,54,56,83,-1,83,56,84,-1,56,67,84,-1,84,67,85,-1,65,86,87,-1,65,87,66,-1,66,87,85,-1,66,85,67,-1,65,63,86,-1,86,63,82,-1,
        ]
    }
}
Shape{
    appearance Appearance {
        material  Material 	{
            diffuseColor 0.20784313725490197 0.20784313725490197 0.20784313725490197
            specularColor 0.01568627450980392 0.01568627450980392 0.01568627450980392
            ambientIntensity 0.298
            transparency 0.0
            shininess 0.5
        }
    }
    geometry IndexedFaceSet {
        ccw TRUE
        solid FALSE
        coord DEF co Coordinate {
            point [
                1.1624 1.8775 3.8583, 1.1621 1.8775 3.8583, 1.1632 1.8733 3.8583, 1.1613 1.8735 3.8583, 1.1639 1.8705 3.8583, 1.1604 1.8705 3.8583, 1.179 1.8289 3.8583, 1.1454 1.8289 3.8583
            ]
        }
        coordIndex [
            0,1,2,-1,2,1,3,-1,2,3,4,-1,4,3,5,-1,4,5,6,-1,6,5,7,-1,
        ]
    }
}
Shape{
    appearance Appearance {
        material  Material 	{
            diffuseColor 1.0 1.0 1.0
            specularColor 0.5019607843137255 0.5019607843137255 0.5019607843137255
            ambientIntensity 1.0
            transparency 0.0
            shininess 0.5
        }
    }
    geometry IndexedFaceSet {
        ccw TRUE
        solid FALSE
        coord DEF co Coordinate {
            point [
                0.9706 1.8016 3.8583, 0.9706 1.8016 3.8622, 0.9976 1.8016 3.8583, 1.0115 1.8016 3.8622, 1.0115 1.8016 3.8583, 0.9706 1.8353 3.8622, 0.9706 1.8353 3.8583, 1.0064 1.8353 3.8622, 0.9976 1.8353 3.8583, 1.0064 1.8353 3.8583, 1.0064 1.8468 3.8622, 1.0064 1.8468 3.8583, 0.9706 1.8468 3.8583, 0.9706 1.8468 3.8622, 0.9976 1.8468 3.8583, 0.9706 1.8788 3.8622, 0.9706 1.8788 3.8583, 1.0092 1.8788 3.8622, 0.9976 1.8788 3.8583, 1.0092 1.8788 3.8583, 1.0092 1.8903 3.8622, 1.0092 1.8903 3.8583, 0.9577 1.8903 3.8583, 0.9577 1.8903 3.8622, 0.9976 1.8903 3.8583, 0.9577 1.7902 3.8622, 0.9577 1.7902 3.8583, 1.0115 1.7902 3.8583, 1.0115 1.7902 3.8622, 0.9976 1.7902 3.8583, 0.8187 1.8016 3.8622, 0.8586 1.8016 3.8622, 0.8187 1.8016 3.8583, 0.8586 1.8016 3.8583, 0.8187 1.8903 3.8622, 0.8187 1.8903 3.8583, 0.8058 1.8903 3.8622, 0.8058 1.8903 3.8583, 0.8058 1.7902 3.8622, 0.8058 1.7902 3.8583, 0.8586 1.7902 3.8622, 0.8586 1.7902 3.8583
            ]
        }
        coordIndex [
            0,1,2,-1,2,1,3,-1,2,3,4,-1,5,1,6,-1,6,1,0,-1,5,6,7,-1,7,6,8,-1,7,8,9,-1,10,7,11,-1,11,7,9,-1,12,13,14,-1,14,13,10,-1,14,10,11,-1,15,13,16,-1,16,13,12,-1,15,16,17,-1,17,16,18,-1,17,18,19,-1,20,17,21,-1,21,17,19,-1,22,23,24,-1,24,23,20,-1,24,20,21,-1,25,23,26,-1,26,23,22,-1,27,28,29,-1,29,28,25,-1,29,25,26,-1,3,28,4,-1,4,28,27,-1,25,28,3,-1,3,1,25,-1,25,1,5,-1,25,5,23,-1,17,20,15,-1,15,20,23,-1,15,23,13,-1,13,23,5,-1,13,5,10,-1,10,5,7,-1,30,31,32,-1,32,31,33,-1,34,30,35,-1,35,30,32,-1,36,34,37,-1,37,34,35,-1,38,36,39,-1,39,36,37,-1,40,38,41,-1,41,38,39,-1,31,40,33,-1,33,40,41,-1,34,36,30,-1,30,36,38,-1,30,38,31,-1,31,38,40,-1,
        ]
    }
}