#VRML V2.0 utf8
# 3D model generated by easyeda2kicad.py (https://github.com/uPesy/easyeda2kicad.py)

Shape{
    appearance Appearance {
        material  Material 	{
            diffuseColor 0.9686274509803922 0.8784313725490196 0.6
            specularColor 0.6784313725490196 0.615686274509804 0.4196078431372549
            ambientIntensity 0.8737
            transparency 0.0
            shininess 0.5
        }
    }
    geometry IndexedFaceSet {
        ccw TRUE
        solid FALSE
        coord DEF co Coordinate {
            point [
                -2.0148 0.551 2.6689, -2.0267 0.5525 2.673, -2.0188 0.5779 2.7429, -2.0351 0.5535 2.6758, -2.0428 0.5553 2.6808, -2.053 0.5577 2.6872, -2.0571 0.5593 2.6916, -2.0674 0.5632 2.7025, -2.0688 0.5641 2.7049, -2.0779 0.5701 2.7214, -2.0814 0.575 2.7349, -2.0827 0.5768 2.7397, -2.0827 0.5805 2.7499, -2.0827 0.5842 2.7602, -2.0814 0.586 2.765, -2.0776 0.5912 2.7794, -2.0679 0.5976 2.7968, -2.0572 0.6018 2.8083, -2.0542 0.603 2.8116, -2.0428 0.6057 2.8191, -2.0359 0.6073 2.8236, -2.0267 0.6085 2.827, -2.0166 0.6099 2.8306, -2.0098 0.6102 2.8314, -1.9947 0.6108 2.8332, -1.9781 0.6102 2.8314, -1.9864 0.5802 2.749, -1.9947 0.5502 2.6667, -2.0099 0.5508 2.6683, -1.9746 0.61 2.831, -1.9613 0.6084 2.8264, -1.9544 0.6075 2.824, -1.9454 0.6054 2.8184, -1.9365 0.6033 2.8127, -1.9314 0.6014 2.8073, -1.922 0.5978 2.7974, -1.9201 0.5965 2.794, -1.9115 0.5909 2.7785, -1.9078 0.5857 2.7642, -1.9068 0.5842 2.7602, -1.9068 0.5803 2.7492, -1.9068 0.5768 2.7397, -1.9082 0.5748 2.7343, -1.9119 0.5698 2.7205, -1.9216 0.5635 2.7031, -1.9325 0.5591 2.6912, -1.9352 0.5581 2.6883, -1.9469 0.5553 2.6806, -1.9536 0.5537 2.6762, -1.9629 0.5525 2.6729, -1.9728 0.5512 2.6693, -1.9797 0.5509 2.6685, -2.0269 -1.6497 3.6495, -2.0269 -1.7062 3.4944, -2.0576 -2.3054 3.9956, -2.0576 -2.3035 3.9663, -2.0691 -2.3178 3.9644, -2.0432 -2.4216 4.1276, -2.0269 -2.4297 4.13, -2.0269 -2.398 4.2117, -1.9325 3.0682 3.622, -1.9316 3.0665 3.622, -1.9318 3.0664 3.9225, -1.9368 3.1026 3.622, -1.9369 3.0988 3.622, -1.937 3.0988 3.9225, -1.9325 3.1243 3.622, -1.9344 3.1147 3.622, -1.9351 3.1149 3.9225, -1.9229 3.1442 3.622, -1.9294 3.1306 3.622, -1.93 3.1308 3.9225, -2.0432 -1.6526 3.6416, -1.8909 3.0185 3.622, -1.8827 3.0153 3.622, -1.883 3.0147 3.9225, -1.8945 3.1714 3.622, -1.9088 3.1611 3.622, -1.9095 3.1605 3.9225, -1.8511 3.001 4.2214, -1.8663 3.0031 4.2221, -1.8662 3.0061 4.2144, -1.9947 -2.0732 4.2618, -1.9947 -2.097 4.2616, -2.0099 -2.097 4.2631, -1.9947 -2.2716 3.942, -1.9947 -2.2637 3.9247, -2.0099 -2.2658 3.9238, -1.8531 2.9309 4.4389, -1.8683 2.9313 4.4377, -1.8705 2.8562 4.4377, -1.8459 3.184 4.1858, -1.8611 3.184 4.1859, -1.8611 3.1833 4.2097, -1.8459 3.1848 3.7187, -1.8459 3.1848 3.622, -1.8484 3.1848 3.622, -1.8459 3.1848 3.8089, -1.861 3.1833 3.622, -1.8611 3.1839 3.9225, -1.8459 3.1848 3.8927, -1.8459 3.1848 4.0727, -1.8459 3.1848 4.0411, -1.8611 3.1839 4.0727, -1.8459 3.1848 3.9701, -1.8459 3.1848 3.9225, -1.8611 3.1839 4.1476, -1.8459 3.1849 4.1636, -1.8459 3.1848 4.1476, -1.8459 3.1848 4.1057, -1.8615 3.1723 4.2674, -1.8461 3.1791 4.2393, -1.8613 3.1795 4.2394, -1.846 3.1826 4.2258, -1.846 3.1832 4.2098, -1.8472 3.1387 4.3363, -1.847 3.1474 4.3204, -1.8621 3.1481 4.3204, -1.8466 3.1614 4.2946, -1.8617 3.1618 4.2947, -1.8464 3.1679 4.2827, -1.8463 3.1718 4.2675, -1.8632 3.1121 4.3662, -1.848 3.1123 4.3669, -1.8474 3.1315 4.3447, -1.8645 3.0663 4.4021, -1.8493 3.0661 4.4027, -1.8486 3.0895 4.3851, -1.8494 3.0611 4.4064, -1.8652 3.0405 4.4157, -1.85 3.0399 4.4153, -1.866 3.0132 4.4262, -1.8508 3.0129 4.4266, -1.851 3.0049 4.4299, -1.8668 2.9852 4.4333, -1.8516 2.9847 4.4329, -1.8676 2.9557 4.4371, -1.8525 2.9552 4.4374, -1.8527 2.945 4.4389, -1.879 2.556 4.4377, -1.8574 2.7832 4.439, -1.8553 2.8558 4.4389, -1.9822 -1.0477 4.4377, -1.8981 1.3543 4.439, -1.9133 1.3548 4.4377, -1.8849 1.8145 4.439, -1.8639 2.5555 4.439, -1.9994 -1.6483 4.4377, -1.9722 -1.2276 4.439, -1.9671 -1.0481 4.439, -1.9934 -1.9691 4.439, -1.9928 -1.949 4.439, -2.008 -1.9486 4.4377, -1.9905 -1.8662 4.439, -1.9843 -1.6487 4.439, -1.9948 -2.0435 4.439, -2.0099 -2.1014 4.4375, -1.9947 -2.1014 4.4381, -1.9947 -2.1221 4.4377, -2.0099 -2.1268 4.436, -1.9947 -2.1268 4.4368, -2.0099 -2.1526 4.4322, -1.9947 -2.1525 4.4315, -2.0099 -2.1785 4.4262, -1.9947 -2.1785 4.4261, -1.9947 -2.1926 4.4232, -2.0099 -2.2041 4.4177, -1.9947 -2.2039 4.4177, -2.0099 -2.2286 4.4069, -1.9947 -2.2281 4.406, -2.0099 -2.2518 4.3942, -1.9947 -2.252 4.3943, -2.0099 -2.2938 4.3635, -1.9947 -2.2935 4.3631, -1.9947 -2.2609 4.39, -2.0099 -2.3579 4.2911, -1.9947 -2.3571 4.2904, -1.9947 -2.3283 4.328, -2.0099 -2.4551 3.9954, -1.9947 -2.4539 3.9954, -1.9947 -2.4538 4.0426, -1.9947 -2.4364 3.8764, -1.9947 -2.4412 3.8973, -2.0099 -2.4417 3.8973, -1.9947 -2.4527 3.9467, -1.9947 -2.3546 3.7536, -1.9947 -2.3631 3.7634, -2.0099 -2.3631 3.7635, -1.9947 -2.3971 3.8034, -2.0099 -2.2397 3.6839, -1.9947 -2.2393 3.6847, -1.9947 -2.2829 3.7042, -1.9947 -2.2022 3.6684, -2.0099 -2.1314 3.6441, -1.9947 -2.1318 3.6428, -2.0099 -1.9901 3.5927, -1.9947 -1.9906 3.5915, -1.9947 -1.9123 3.563, -2.0099 -1.7078 3.49, -1.9947 -1.7082 3.4887, -1.9947 -1.0962 3.266, -1.9947 -1.0271 3.4293, -1.9947 -0.8559 3.367, -2.0099 -1.6481 3.654, -1.9947 -1.633 3.6499, -1.9947 -1.436 3.5782, -1.9947 -1.2781 3.5207, -1.9947 -0.6931 3.3078, -1.9947 -0.4394 3.2154, -1.9947 -0.1953 3.1266, -1.9947 0.0617 3.0331, -1.9947 0.3306 2.9352, -1.9947 -1.8106 3.7145, -1.9947 -1.6917 3.6712, -1.9947 -1.6477 3.6552, -1.9947 -2.071 3.8092, -1.9947 -1.9432 3.7628, -2.0099 -1.9304 3.7567, -1.9947 -1.93 3.758, -2.0099 -2.1423 3.8338, -1.9947 -2.1431 3.8354, -2.0099 -2.1746 3.8458, -1.9947 -2.1735 3.8485, -1.9947 -2.2197 3.8735, -1.9947 -2.2039 3.8615, -2.0099 -2.1994 3.8575, -1.9947 -2.1986 3.8592, -2.0099 -2.2397 3.887, -1.9947 -2.2388 3.8879, -1.9947 -2.258 3.9121, -2.0099 -2.2545 3.9043, -1.9947 -2.2528 3.9055, -2.0099 -2.274 3.9455, -1.9947 -2.2723 3.9459, -1.9947 -2.2777 3.9956, -1.9947 -2.2784 3.9773, -2.0099 -2.2789 3.9695, -1.9947 -2.277 3.9698, -2.0099 -2.2806 3.9957, -2.0099 -2.279 4.0234, -1.9947 -2.2767 4.0233, -2.0099 -2.1975 4.2135, -1.9947 -2.2134 4.1909, -2.0099 -2.2145 4.1916, -1.9947 -2.2421 4.1375, -2.0099 -2.2447 4.1388, -1.9947 -2.2526 4.1179, -2.0099 -2.267 4.0812, -1.9947 -2.2633 4.0802, -1.9947 -2.2762 4.0347, -2.0099 -2.161 4.2451, -1.9947 -2.1784 4.23, -2.0099 -2.1796 4.2315, -1.9947 -2.184 4.2258, -1.9947 -2.1956 4.2119, -1.9947 -2.1504 4.2487, -1.9947 -2.158 4.2454, -1.9947 -2.1601 4.2438, -2.0099 -2.1513 4.2505, -2.0099 -2.1414 4.2548, -1.9947 -2.1406 4.253, -2.0099 -2.1313 4.2582, -1.9947 -2.1328 4.2564, -2.0099 -2.1205 4.2607, -1.9947 -2.1201 4.2586, -2.0099 -2.1091 4.2624, -1.9947 -2.1088 4.2605, -1.9947 -2.103 4.2615, -1.9917 -1.949 4.2618, -2.008 -1.9486 4.2631, -1.9851 -1.6771 4.2618, -1.9994 -1.6483 4.2631, -1.9842 -1.6487 4.2618, -1.967 -1.0481 4.2618, -1.968 -1.0829 4.2618, -1.9822 -1.0477 4.2631, -1.975 -1.3242 4.2618, -1.9818 -1.5634 4.2618, -1.9137 1.3548 4.2632, -1.901 1.2646 4.2618, -1.9063 1.0813 4.2618, -1.9117 0.8912 4.2618, -1.9173 0.6953 4.2618, -1.923 0.4936 4.2618, -1.9477 -0.3721 4.2618, -1.9543 -0.6034 4.2618, -1.9611 -0.8407 4.2618, -1.9289 0.286 4.2618, -1.935 0.0726 4.2618, -1.9413 -0.1468 4.2618, -1.8735 2.2263 4.2618, -1.877 2.1045 4.2618, -1.8791 2.556 4.2631, -1.8816 1.9447 4.2618, -1.8878 1.7262 4.2618, -1.8918 1.5874 4.2618, -1.8962 1.4331 4.2618, -1.8985 1.3543 4.2618, -1.864 2.5555 4.2618, -1.8705 2.8563 4.2631, -1.8553 2.8559 4.2618, -1.8683 2.9314 4.2632, -1.8532 2.9309 4.2618, -1.8529 2.9401 4.2618, -1.868 2.9446 4.2629, -1.8528 2.944 4.2612, -1.8677 2.9523 4.2619, -1.8526 2.9515 4.26, -1.8675 2.9605 4.2598, -1.8524 2.9586 4.2589, -1.8673 2.9683 4.2568, -1.8521 2.9671 4.2551, -1.851 3.0044 4.2139, -1.8661 3.0082 4.206, -1.851 3.006 4.2057, -1.8661 3.0092 4.1985, -1.8509 3.0075 4.1976, -1.8661 3.0096 4.1848, -1.8509 3.0075 4.1848, -1.8661 3.0094 4.148, -1.8509 3.0076 4.148, -1.8661 3.0095 4.0727, -1.851 3.0077 4.0727, -1.8661 3.0095 3.9225, -1.851 3.0077 3.9225, -1.851 3.0077 4.0498, -1.91 3.1406 4.2843, -1.9104 3.1283 4.3075, -1.8957 3.1378 4.3136, -1.8967 3.1037 4.3569, -1.8809 3.0878 4.3818, -1.8803 3.1092 4.3628, -1.8638 3.0902 4.3855, -1.848 3.1096 4.37, -1.9108 3.1133 4.329, -1.9113 3.0959 4.3486, -1.8973 3.0831 4.3752, -1.8823 3.039 4.4114, -1.8816 3.0643 4.3981, -1.8979 3.0604 4.3909, -2.0576 -2.3375 4.2769, -2.0432 -2.319 4.3197, -2.0576 -2.3102 4.312, -2.0432 -2.2852 4.3536, -2.0576 -2.2775 4.3447, -2.0432 -2.245 4.383, -2.0576 -2.2389 4.373, -2.0432 -2.2228 4.3952, -2.0576 -2.2176 4.3847, -2.0432 -2.1993 4.4055, -2.0576 -2.1951 4.3945, -2.0432 -2.1749 4.4136, -2.0576 -2.1717 4.4023, -2.0432 -2.1502 4.4193, -2.0576 -2.1481 4.4078, -2.0432 -2.1255 4.4229, -2.0576 -2.1243 4.4113, -2.0432 -2.101 4.4244, -2.0576 -2.1007 4.4127, -2.0413 -1.9477 4.4245, -2.0557 -1.9473 4.4128, -2.0327 -1.6473 4.4245, -2.0471 -1.6469 4.4128, -2.0155 -1.0467 4.4245, -2.0299 -1.0463 4.4128, -1.9466 1.3557 4.4246, -1.961 1.3561 4.413, -1.9123 2.5569 4.4246, -1.9267 2.5573 4.4129, -1.9037 2.8572 4.4245, -1.9181 2.8576 4.4128, -1.9016 2.9323 4.4246, -1.916 2.9327 4.4129, -1.9009 2.9558 4.424, -1.9153 2.9554 4.4123, -1.9001 2.9836 4.4204, -1.9146 2.9818 4.4089, -1.8994 3.0102 4.4137, -1.9138 3.0071 4.4025, -1.8986 3.036 4.4038, -1.9131 3.0316 4.3931, -1.9125 3.0547 4.3809, -2.0269 -2.4478 4.042, -2.0099 -2.4525 4.0425, -2.0269 -2.4406 4.0868, -2.0099 -2.4453 4.0878, -2.0576 -1.6993 3.5133, -2.0432 -1.7033 3.5023, -2.0432 -1.9856 3.6051, -1.8703 3.1821 3.622, -1.878 3.1791 3.622, -1.8783 3.1797 3.9225, -1.8909 3.174 3.622, -1.937 3.0963 3.622, -1.9368 3.0899 3.622, -1.936 3.0827 3.9225, -1.9354 3.0828 3.622, -1.913 3.0357 3.9225, -1.9126 3.036 3.622, -1.9088 3.0314 3.622, -1.851 3.0077 3.622, -1.8661 3.0098 3.622, -1.8703 3.0104 3.622, -1.8793 3.1445 4.318, -1.8789 3.158 4.2927, -1.8954 3.1508 4.2892, -1.8786 3.1683 4.266, -1.8951 3.1607 4.2635, -1.8784 3.1753 4.2385, -1.8949 3.1675 4.2369, -1.8783 3.1791 4.2094, -1.8948 3.1712 4.2089, -1.8783 3.1798 4.1858, -1.8947 3.1718 4.1858, -1.8782 3.1796 4.1476, -1.8947 3.1717 4.1477, -1.8782 3.1797 4.0727, -1.8947 3.1718 4.0727, -1.8947 3.1717 3.9225, -1.9229 3.0483 3.622, -1.9241 3.0504 3.9225, -1.9241 3.0504 4.0727, -1.913 3.0357 4.0727, -1.9241 3.0503 4.1479, -1.913 3.0356 4.1479, -1.9241 3.0505 4.1851, -1.913 3.0358 4.185, -1.9241 3.05 4.201, -1.913 3.0353 4.2001, -1.9242 3.0484 4.2135, -1.9131 3.0339 4.2108, -1.9243 3.0451 4.2263, -1.9131 3.0311 4.2219, -1.9244 3.0404 4.2384, -1.9133 3.027 4.2325, -1.9094 3.1605 4.0727, -1.9094 3.1604 4.1477, -1.9095 3.1606 4.1857, -1.9095 3.1599 4.2081, -1.9096 3.1564 4.2347, -1.9098 3.15 4.2599, -1.9212 3.1463 3.622, -1.9214 3.1464 3.9225, -1.9214 3.1464 4.0727, -1.9214 3.1464 4.1477, -1.9214 3.1465 4.1856, -1.9214 3.1459 4.2072, -1.9215 3.1427 4.2319, -1.9217 3.1366 4.2555, -1.9219 3.1278 4.2784, -1.9226 3.1023 4.3201, -1.9248 3.0269 4.2606, -1.9134 3.0217 4.2424, -1.8992 3.016 4.2276, -1.8991 3.0195 4.2183, -1.899 3.0221 4.2085, -1.899 3.0233 4.1993, -1.899 3.0236 4.1849, -1.899 3.0235 4.1479, -1.899 3.0235 4.0727, -1.899 3.0235 3.9225, -1.8986 3.0241 3.622, -1.8962 3.1221 4.3363, -1.8797 3.1282 4.3415, -1.8626 3.1314 4.3444, -1.9236 3.0677 4.3546, -1.9119 3.0763 4.366, -1.9253 3.0085 4.279, -1.9136 3.0153 4.2517, -1.8993 3.0113 4.2363, -1.8832 3.0079 4.2241, -1.8831 3.0111 4.2158, -1.883 3.0134 4.2069, -1.883 3.0144 4.1988, -1.883 3.0148 4.1849, -1.883 3.0147 4.1479, -1.883 3.0147 4.0727, -1.9141 2.9993 4.2677, -1.9138 3.0078 4.2602, -1.8997 2.9991 4.2519, -1.8995 3.0057 4.2445, -1.8834 2.9986 4.2393, -1.8833 3.0037 4.232, -1.8664 2.9992 4.2295, -1.8513 2.9973 4.2293, -1.926 2.9862 4.2925, -1.9146 2.98 4.2794, -1.9143 2.99 4.2742, -1.9001 2.9835 4.2642, -1.8999 2.9916 4.2585, -1.8838 2.986 4.2519, -1.8836 2.9927 4.246, -1.8667 2.9889 4.2426, -1.8665 2.9944 4.2364, -1.8515 2.9879 4.2413, -1.8514 2.9926 4.2353, -2.0269 -2.2716 4.0826, -2.0432 -2.2566 4.1445, -2.0269 -2.249 4.1409, -2.0432 -2.2253 4.1991, -2.0269 -2.2184 4.1943, -2.0432 -2.2074 4.2222, -2.0269 -2.2011 4.2167, -2.0432 -2.1882 4.2414, -2.0269 -2.1827 4.2351, -2.0432 -2.1678 4.2564, -2.0269 -2.1635 4.2492, -2.0432 -2.1571 4.2623, -2.0269 -2.1534 4.2547, -2.0432 -2.1461 4.2671, -2.0269 -2.1431 4.2593, -2.0432 -2.1349 4.2708, -2.0269 -2.1326 4.2627, -2.0432 -2.1229 4.2736, -2.0269 -2.1213 4.2654, -2.0432 -2.1104 4.2754, -2.0269 -2.1095 4.2671, -2.0432 -2.0973 4.2762, -2.0269 -2.0971 4.2678, -2.0413 -1.9477 4.2763, -2.025 -1.9481 4.2679, -2.0327 -1.6473 4.2763, -2.0164 -1.6478 4.2679, -2.0155 -1.0467 4.2763, -1.9992 -1.0472 4.2679, -1.9469 1.3557 4.2764, -1.9307 1.3553 4.2679, -1.9124 2.5569 4.2763, -1.8961 2.5565 4.2679, -1.9037 2.8573 4.2763, -1.8875 2.8568 4.2679, -1.9016 2.9323 4.2763, -1.8853 2.9318 4.2679, -1.9012 2.9463 4.276, -1.885 2.9453 4.2676, -1.9009 2.9557 4.2748, -1.8847 2.9536 4.2666, -1.9006 2.9655 4.2723, -1.8845 2.9625 4.2643, -1.9004 2.9747 4.2688, -1.8842 2.9708 4.2611, -1.884 2.9787 4.257, -1.8671 2.9757 4.2529, -1.8669 2.9826 4.2482, -1.8519 2.9745 4.2518, -1.8517 2.981 4.2467, -1.883 3.0123 4.4217, -1.8838 2.9848 4.4287, -1.8846 2.9558 4.4324, -1.8854 2.9318 4.433, -1.8875 2.8567 4.4329, -1.8961 2.5565 4.4329, -1.9303 1.3552 4.433, -1.9993 -1.0472 4.4329, -2.0164 -1.6478 4.4329, -2.025 -1.9481 4.4329, -2.0269 -2.1012 4.4328, -2.0269 -2.1263 4.4313, -2.0269 -2.1518 4.4276, -2.0269 -2.1772 4.4216, -2.0269 -2.2024 4.4133, -2.0269 -2.2265 4.4027, -2.0269 -2.2493 4.3901, -2.0269 -2.2907 4.3599, -2.0691 -2.3257 4.2687, -2.0691 -2.2994 4.3026, -2.0691 -2.2681 4.3338, -2.0691 -2.2314 4.3607, -2.0691 -2.2112 4.3718, -2.0691 -2.19 4.3811, -2.0691 -2.1679 4.3885, -2.0691 -2.1454 4.3937, -2.0691 -2.1228 4.397, -2.0691 -2.1004 4.3983, -2.0672 -1.947 4.3984, -2.0586 -1.6466 4.3984, -2.0414 -1.046 4.3984, -1.9725 1.3564 4.3986, -1.9382 2.5577 4.3985, -1.9296 2.8579 4.3984, -1.9275 2.933 4.3985, -1.9268 2.9549 4.398, -1.9262 2.9795 4.3948, -1.9255 3.0031 4.3888, -1.9248 3.026 4.38, -1.93 3.1308 4.0727, -1.93 3.1308 4.1477, -1.93 3.1309 4.1855, -1.93 3.1303 4.2062, -1.9301 3.1273 4.2289, -1.9303 3.1218 4.2507, -1.9305 3.1136 4.2718, -1.9311 3.0901 4.3103, -1.9321 3.0582 4.3422, -1.9332 3.0196 4.3656, -1.9338 2.9985 4.3737, -1.9344 2.9767 4.3792, -1.935 2.9541 4.3822, -1.9356 2.9333 4.3826, -1.9378 2.8582 4.3826, -1.9464 2.5579 4.3826, -1.9807 1.3567 4.3828, -2.0495 -1.0457 4.3826, -2.0667 -1.6463 4.3826, -2.0753 -1.9468 4.3826, -2.0772 -2.1 4.3825, -2.0772 -2.1212 4.3812, -2.0772 -2.1425 4.3781, -2.0772 -2.1636 4.3732, -2.0772 -2.1843 4.3663, -2.0772 -2.2042 4.3576, -2.0772 -2.2232 4.3472, -2.0772 -2.2578 4.3218, -2.0772 -2.2875 4.2921, -2.0772 -2.3127 4.2597, -1.9351 3.1149 4.0727, -1.9351 3.1148 4.1478, -1.9351 3.1149 4.1854, -1.9351 3.1144 4.2052, -1.9352 3.1117 4.2258, -1.9353 3.1066 4.2458, -1.9355 3.0991 4.2651, -1.9361 3.0776 4.3004, -1.937 3.0484 4.3295, -1.938 3.0131 4.351, -1.9385 2.9938 4.3584, -1.9391 2.9738 4.3634, -1.9397 2.9532 4.3661, -1.9403 2.9334 4.3665, -1.9424 2.8583 4.3665, -1.951 2.558 4.3665, -1.9854 1.3568 4.3667, -2.0542 -1.0456 4.3665, -2.0714 -1.6462 4.3665, -2.0799 -1.9466 4.3665, -2.0819 -2.0996 4.3664, -2.0819 -2.1196 4.3652, -2.0819 -2.1395 4.3623, -2.0819 -2.1592 4.3577, -2.0819 -2.1785 4.3513, -2.0819 -2.1971 4.3432, -2.0819 -2.2148 4.3334, -2.0819 -2.2472 4.3097, -2.0819 -2.2753 4.2815, -2.0819 -2.2994 4.2505, -1.937 3.0988 4.0727, -1.937 3.0988 4.1478, -1.937 3.0989 4.1853, -1.937 3.0983 4.2041, -1.937 3.0959 4.2227, -1.9372 3.0913 4.2409, -1.9374 3.0845 4.2584, -1.9379 3.065 4.2904, -1.9387 3.0385 4.3168, -1.9396 3.0065 4.3363, -1.9401 2.989 4.343, -1.9406 2.9708 4.3476, -1.9412 2.9522 4.35, -1.9417 2.9334 4.3504, -1.9438 2.8584 4.3504, -1.9524 2.5581 4.3504, -1.9868 1.3569 4.3506, -2.0556 -1.0456 4.3504, -2.0728 -1.6462 4.3504, -2.0814 -1.9466 4.3504, -2.0833 -2.0992 4.3503, -2.0833 -2.1179 4.3492, -2.0833 -2.1366 4.3465, -2.0833 -2.1549 4.3422, -2.0833 -2.1727 4.3363, -2.0833 -2.1899 4.3287, -2.0833 -2.2064 4.3197, -2.0833 -2.2367 4.2975, -2.0833 -2.2632 4.2709, -2.0833 -2.2862 4.2413, -1.936 3.0827 4.0727, -1.936 3.0826 4.1478, -1.936 3.0827 4.1853, -1.936 3.0822 4.2031, -1.9361 3.0801 4.2196, -1.9362 3.0759 4.236, -1.9364 3.0698 4.2517, -1.9369 3.0523 4.2804, -1.9375 3.0285 4.3042, -1.9384 2.9998 4.3216, -1.9388 2.9841 4.3277, -1.9393 2.9677 4.3318, -1.9398 2.9511 4.3339, -1.9403 2.9334 4.3343, -1.9424 2.8583 4.3343, -1.951 2.558 4.3343, -1.9854 1.3568 4.3345, -2.0542 -1.0456 4.3343, -2.0714 -1.6462 4.3343, -2.0799 -1.9466 4.3343, -2.0819 -2.0988 4.3342, -2.0819 -2.1163 4.3331, -2.0819 -2.1336 4.3306, -2.0819 -2.1505 4.3267, -2.0819 -2.1669 4.3212, -2.0819 -2.1828 4.3143, -2.0819 -2.198 4.3059, -2.0819 -2.2261 4.2853, -2.0819 -2.2511 4.2604, -2.0819 -2.273 4.2322, -1.9318 3.0664 4.0727, -1.9318 3.0664 4.1479, -1.9318 3.0665 4.1852, -1.9318 3.066 4.202, -1.9319 3.0642 4.2166, -1.932 3.0604 4.2311, -1.9321 3.0551 4.245, -1.9326 3.0396 4.2704, -1.9332 3.0185 4.2915, -1.9339 2.993 4.307, -1.9343 2.9791 4.3123, -1.9347 2.9646 4.316, -1.9352 2.95 4.3179, -1.9356 2.9333 4.3182, -1.9378 2.8582 4.3182, -1.9464 2.5579 4.3182, -1.9808 1.3567 4.3184, -2.0495 -1.0457 4.3182, -2.0667 -1.6463 4.3182, -2.0753 -1.9468 4.3182, -2.0772 -2.0984 4.3181, -2.0772 -2.1147 4.3171, -2.0772 -2.1306 4.3148, -2.0772 -2.1462 4.3112, -2.0772 -2.1612 4.3062, -2.0772 -2.1757 4.2999, -2.0772 -2.1896 4.2922, -2.0772 -2.2156 4.2731, -2.0772 -2.239 4.2498, -2.0772 -2.2597 4.223, -1.9263 2.9741 4.2972, -1.9267 2.9613 4.3004, -1.927 2.9487 4.3021, -1.9275 2.933 4.3024, -1.9296 2.858 4.3023, -1.9382 2.5577 4.3024, -1.9727 1.3565 4.3025, -2.0414 -1.046 4.3023, -2.0586 -1.6466 4.3024, -2.0672 -1.947 4.3024, -2.0691 -2.098 4.3023, -2.0691 -2.113 4.3014, -2.0691 -2.1277 4.2992, -2.0691 -2.1419 4.2959, -2.0691 -2.1555 4.2914, -2.0691 -2.1686 4.2857, -2.0691 -2.1814 4.2786, -2.0691 -2.2053 4.2612, -2.0691 -2.227 4.2393, -2.0691 -2.2467 4.214, -1.9149 2.9694 4.2835, -1.9152 2.9583 4.2863, -1.9156 2.9475 4.2877, -1.916 2.9327 4.288, -1.9181 2.8577 4.288, -1.9268 2.5573 4.288, -1.9612 1.3561 4.2881, -2.0299 -1.0463 4.288, -2.0471 -1.6469 4.288, -2.0557 -1.9473 4.288, -2.0576 -2.0976 4.2879, -2.0576 -2.1116 4.2871, -2.0576 -2.125 4.2851, -2.0576 -2.138 4.2821, -2.0576 -2.1503 4.278, -2.0576 -2.1623 4.2728, -2.0576 -2.1739 4.2664, -2.0576 -2.1958 4.2503, -2.0576 -2.2162 4.2299, -2.0576 -2.2349 4.2058, -2.0099 -2.4023 4.2138, -2.0099 -2.4342 4.1314, -2.0833 -2.3658 4.033, -2.0819 -2.384 3.9955, -2.0819 -2.3818 4.0347, -2.0772 -2.4001 3.9955, -2.0772 -2.3978 4.0365, -2.0691 -2.4159 3.9955, -2.0691 -2.4135 4.0382, -2.0576 -2.4303 3.9954, -2.0576 -2.4278 4.0398, -2.0432 -2.4395 4.0411, -2.0432 -2.442 3.9954, -2.0576 -2.4273 3.95, -2.0691 -2.4131 3.9519, -2.0772 -2.3974 3.9539, -2.0819 -2.3814 3.956, -2.0833 -2.3654 3.9581, -2.0819 -2.3498 4.0312, -2.0819 -2.3495 3.9602, -2.0772 -2.3338 4.0294, -2.0772 -2.3335 3.9623, -2.0691 -2.318 4.0277, -2.0576 -2.3037 4.0261, -2.0269 -2.2836 3.9689, -2.0269 -2.2853 3.9957, -2.0269 -2.2838 4.024, -2.0432 -2.2796 4.085, -2.0576 -2.2671 4.1495, -2.0691 -2.2801 4.1557, -2.0772 -2.2944 4.1625, -2.0819 -2.309 4.1694, -2.0833 -2.3235 4.1763, -2.0819 -2.3381 4.1832, -2.0772 -2.3526 4.1901, -2.0691 -2.3669 4.1969, -2.0576 -2.3799 4.2031, -2.0432 -2.3471 4.2836, -2.0269 -2.3254 4.3252, -2.0099 -2.3289 4.3284, -1.9947 -2.3155 4.3449, -2.0269 -2.2785 3.9442, -2.0432 -2.2919 3.9678, -2.0432 -2.2937 3.9957, -2.0432 -2.2921 4.0249, -2.0576 -2.2908 4.0884, -2.0691 -2.3046 4.0925, -2.0772 -2.3198 4.0971, -2.0819 -2.3352 4.1017, -2.0833 -2.3506 4.1063, -2.0819 -2.366 4.1109, -2.0772 -2.3815 4.1156, -2.0691 -2.3966 4.1201, -2.0576 -2.4104 4.1243, -2.0432 -2.3905 4.2081, -2.0269 -2.354 4.2884, -2.0269 -2.2701 3.9217, -2.0432 -2.2866 3.9419, -2.0269 -2.2583 3.9016, -2.0432 -2.2777 3.9181, -2.0576 -2.2979 3.9386, -2.0691 -2.3117 3.9346, -2.0772 -2.3269 3.9303, -2.0819 -2.3424 3.9258, -2.0833 -2.3579 3.9214, -2.0819 -2.3733 3.9169, -2.0772 -2.3888 3.9125, -2.0691 -2.404 3.9081, -2.0576 -2.4179 3.9041, -2.0432 -2.4389 3.9484, -2.0269 -2.4504 3.9954, -1.9947 -2.4336 4.1313, -1.9947 -2.4285 4.1533, -1.9947 -2.4005 4.213, -1.9947 -2.3755 4.2663, -2.0099 -2.2214 3.8713, -2.0269 -2.2431 3.8836, -2.0432 -2.2652 3.8967, -2.0576 -2.2883 3.9131, -2.0691 -2.3013 3.9069, -2.0772 -2.3156 3.9001, -2.0819 -2.3301 3.8932, -2.0833 -2.3446 3.8863, -2.0819 -2.3592 3.8794, -2.0772 -2.3737 3.8725, -2.0691 -2.388 3.8657, -2.0576 -2.401 3.8595, -2.0432 -2.4291 3.9009, -2.0269 -2.4472 3.9473, -2.0099 -2.4519 3.9467, -1.9947 -2.4539 3.9517, -2.0269 -2.2242 3.8675, -2.0432 -2.249 3.8777, -2.0576 -2.2747 3.89, -2.0691 -2.2865 3.8817, -2.0772 -2.2994 3.8725, -2.0819 -2.3125 3.8632, -2.0833 -2.3257 3.8539, -2.0819 -2.3388 3.8446, -2.0772 -2.3519 3.8353, -2.0691 -2.3649 3.8261, -2.0576 -2.3766 3.8178, -2.0432 -2.4116 3.8544, -2.0269 -2.4372 3.8986, -2.0269 -2.2017 3.8533, -2.0432 -2.2291 3.8607, -2.0576 -2.2573 3.8694, -2.0691 -2.2675 3.8592, -2.0772 -2.2787 3.848, -2.0819 -2.29 3.8366, -2.0833 -2.3014 3.8252, -2.0819 -2.3128 3.8139, -2.0772 -2.3242 3.8025, -2.0691 -2.3354 3.7913, -2.0576 -2.3456 3.7811, -2.0432 -2.3861 3.811, -2.0269 -2.4191 3.8508, -2.0099 -2.4234 3.8488, -1.9947 -2.4227 3.8492, -2.0269 -2.1764 3.8414, -2.0432 -2.2057 3.846, -2.0576 -2.236 3.8512, -2.0691 -2.2445 3.8396, -2.0772 -2.2539 3.8269, -2.0819 -2.2634 3.8139, -2.0833 -2.2729 3.8009, -2.0819 -2.2824 3.7879, -2.0772 -2.2919 3.7749, -2.0691 -2.3012 3.7621, -2.0576 -2.3097 3.7505, -2.0432 -2.3538 3.7728, -2.0269 -2.393 3.8062, -2.0099 -2.3968 3.8035, -1.9947 -2.4038 3.8113, -2.0099 -2.0715 3.808, -2.0269 -2.144 3.8293, -2.0432 -2.1795 3.8336, -2.0576 -2.2113 3.8357, -2.0691 -2.2182 3.823, -2.0772 -2.2257 3.8091, -2.0819 -2.2334 3.795, -2.0833 -2.2411 3.7808, -2.0819 -2.2488 3.7667, -2.0772 -2.2565 3.7525, -2.0691 -2.2641 3.7386, -2.0576 -2.2709 3.726, -2.0432 -2.3166 3.741, -2.0269 -2.3598 3.7669, -2.0269 -2.0731 3.8036, -2.0432 -2.1468 3.8214, -2.0576 -2.1839 3.8228, -2.0691 -2.1892 3.8094, -2.0772 -2.1952 3.7947, -2.0819 -2.2012 3.7798, -2.0833 -2.2072 3.7649, -2.0819 -2.2132 3.7499, -2.0772 -2.2192 3.735, -2.0691 -2.2251 3.7203, -2.0576 -2.2304 3.7069, -2.0432 -2.2765 3.7157, -2.0269 -2.3216 3.7343, -2.0099 -2.3244 3.7304, -1.9947 -2.324 3.7309, -2.0269 -2.1297 3.6486, -2.0269 -1.9885 3.5972, -2.0432 -1.9349 3.7444, -2.0576 -1.9389 3.7334, -2.0576 -2.08 3.7847, -2.0691 -1.9438 3.7199, -2.0691 -2.0849 3.7712, -2.0772 -1.9492 3.705, -2.0772 -2.0904 3.7563, -2.0819 -1.9547 3.6899, -2.0819 -2.0959 3.7412, -2.0833 -1.9603 3.6747, -2.0833 -2.1014 3.7261, -2.0819 -1.9658 3.6596, -2.0819 -2.1069 3.711, -2.0772 -1.9713 3.6445, -2.0772 -2.1125 3.6958, -2.0691 -1.9767 3.6296, -2.0691 -2.1179 3.681, -2.0576 -1.9816 3.6161, -2.0576 -2.1228 3.6674, -2.0432 -2.1268 3.6564, -2.0432 -2.1972 3.682, -2.0269 -2.2001 3.6741, -2.0269 -2.2379 3.6883, -2.0099 -2.2017 3.6696, -1.9947 -2.2048 3.6694, -2.0269 -1.932 3.7523, -2.0432 -2.076 3.7957, -2.0576 -2.1508 3.8104, -2.0691 -2.1557 3.7969, -2.0772 -2.1611 3.782, -2.0819 -2.1665 3.7669, -2.0833 -2.172 3.7517, -2.0819 -2.1775 3.7366, -2.0772 -2.183 3.7214, -2.0691 -2.1884 3.7065, -2.0576 -2.1933 3.693, -2.0432 -2.2348 3.6961, -2.0269 -2.2805 3.7083, -2.0099 -2.2828 3.7042, -1.9947 -2.2952 3.7097, -2.0691 -1.6944 3.5268, -2.0772 -1.689 3.5417, -2.0819 -1.6835 3.5568, -2.0576 -1.6566 3.6306, -2.0691 -1.6615 3.6171, -2.0772 -1.6669 3.6022, -2.0819 -1.6724 3.5871, -2.0833 -1.678 3.572, -1.931 -1.6569 3.6297, -1.931 -1.9392 3.7325, -1.9197 -1.9442 3.7189, -1.9451 -1.6529 3.6409, -1.9451 -1.9352 3.7436, -1.835 2.9818 4.2484, -1.8265 3.1821 3.622, -1.8309 3.1827 3.622, -1.8308 3.1831 3.9225, -1.7644 3.1243 3.622, -1.7655 3.1265 3.622, -1.7652 3.1267 3.9225, -1.7601 3.1026 3.622, -1.7616 3.1104 3.622, -1.761 3.1105 3.9225, -1.7881 3.0314 3.622, -1.7866 3.0331 3.622, -1.7864 3.033 3.9225, -1.8484 3.0077 3.622, -1.8343 3.0095 3.622, -1.8342 3.0088 3.9225, -1.8309 3.1825 4.2097, -1.8308 3.1832 4.1859, -1.8315 3.1609 4.2947, -1.8323 3.1306 4.3444, -1.8335 3.0894 4.3855, -1.9796 -1.7078 3.4899, -1.9796 -2.2017 3.6696, -1.9796 -2.1314 3.6441, -1.9796 -1.9901 3.5927, -1.9796 -2.2828 3.7041, -1.9796 -2.2397 3.6839, -1.9796 -2.3244 3.7304, -1.9796 -2.3631 3.7635, -1.9796 -2.3969 3.8034, -1.9796 -2.452 3.9467, -1.9796 -2.4417 3.8973, -1.9796 -2.4234 3.8488, -1.9796 -2.4342 4.1314, -1.9796 -2.4525 4.0425, -1.9796 -2.4551 3.9954, -1.9796 -2.4023 4.2138, -1.9796 -2.3579 4.2911, -1.9796 -2.3289 4.3284, -1.9796 -2.2041 4.4177, -1.9796 -2.2286 4.407, -1.9796 -2.2518 4.3942, -1.9796 -2.2938 4.3635, -1.9796 -2.1785 4.4262, -1.9796 -2.1527 4.4322, -1.9796 -2.1268 4.436, -1.9796 -2.1014 4.4375, -1.9777 -1.9494 4.4377, -1.9692 -1.6491 4.4377, -1.883 1.3539 4.4376, -1.952 -1.0485 4.4377, -1.8488 2.5551 4.4377, -1.8381 2.9305 4.4377, -1.8402 2.8554 4.4377, -1.8365 2.9843 4.4333, -1.8374 2.9548 4.4371, -1.835 3.0396 4.4158, -1.8357 3.0124 4.4262, -1.8312 3.1714 4.2675, -1.831 3.1786 4.2394, -1.8308 3.183 4.1476, -1.8308 3.1831 4.0727, -1.7981 3.1692 3.9225, -1.7985 3.1686 3.622, -1.806 3.174 3.622, -1.8348 2.9881 4.2428, -1.8178 2.9912 4.2464, -1.818 2.9845 4.2523, -1.8016 2.9968 4.2525, -1.8018 2.9893 4.2591, -1.7872 3.0048 4.2609, -1.7875 2.9962 4.2685, -1.7871 3.0513 4.3811, -1.7865 3.0729 4.3662, -1.8007 3.0804 4.3753, -1.8001 3.1011 4.357, -1.8161 3.1074 4.3629, -1.8155 3.1264 4.3415, -1.8319 3.1472 4.3205, -1.8174 3.014 3.622, -1.806 3.0185 3.622, -1.8009 3.0215 3.9225, -1.8012 3.022 3.622, -1.7623 3.0787 3.622, -1.7601 3.0899 3.622, -1.7599 3.0945 3.9225, -1.7599 3.0945 3.622, -1.7598 3.0963 3.622, -1.7841 3.1572 3.9225, -1.7845 3.1568 3.622, -1.7881 3.1611 3.622, -1.8141 3.1779 3.9225, -1.8143 3.1773 3.622, -1.8342 3.0088 4.0727, -1.785 3.1249 4.3077, -1.7847 3.1373 4.2845, -1.7987 3.1482 4.2893, -1.7844 3.1467 4.26, -1.7985 3.1582 4.2635, -1.7842 3.1532 4.2347, -1.7983 3.165 4.2369, -1.7841 3.1566 4.2082, -1.7982 3.1686 4.2089, -1.7841 3.1573 4.1857, -1.7981 3.1693 4.1858, -1.7841 3.1571 4.1477, -1.7981 3.1691 4.1477, -1.7841 3.1572 4.0727, -1.7981 3.1692 4.0727, -1.8346 2.9937 4.2365, -1.8345 2.9985 4.2296, -1.8344 3.0024 4.2223, -1.8343 3.0055 4.2144, -1.8342 3.0076 4.2061, -1.8342 3.0086 4.1985, -1.8342 3.0089 4.1848, -1.8342 3.0088 4.148, -1.8265 3.0104 3.622, -1.8172 3.0134 3.9225, -1.8172 3.0134 4.0727, -1.8172 3.0133 4.1479, -1.8172 3.0135 4.1849, -1.8172 3.0131 4.1988, -1.8172 3.012 4.207, -1.8173 3.0098 4.216, -1.8174 3.0065 4.2243, -1.8175 3.0023 4.2323, -1.8176 2.9972 4.2396, -1.8009 3.0215 4.0727, -1.8009 3.0215 4.1479, -1.8009 3.0216 4.1849, -1.8009 3.0213 4.1994, -1.8009 3.0201 4.2087, -1.801 3.0175 4.2186, -1.8011 3.0139 4.2279, -1.8012 3.0092 4.2368, -1.8014 3.0035 4.245, -1.7864 3.033 4.0727, -1.7864 3.0329 4.1479, -1.7864 3.0331 4.185, -1.7864 3.0327 4.2002, -1.7865 3.0313 4.211, -1.7865 3.0284 4.2222, -1.7867 3.0243 4.2329, -1.7868 3.0189 4.2429, -1.787 3.0124 4.2523, -1.7739 3.0483 3.622, -1.7748 3.0471 3.9225, -1.7748 3.0471 4.0727, -1.7748 3.0471 4.1479, -1.7748 3.0472 4.1851, -1.7748 3.0468 4.2011, -1.7748 3.0451 4.2137, -1.7749 3.0418 4.2266, -1.7751 3.0371 4.2389, -1.7755 3.0234 4.2613, -1.7739 3.1442 3.622, -1.773 3.1426 3.9225, -1.773 3.1426 4.0727, -1.773 3.1426 4.1477, -1.773 3.1427 4.1856, -1.773 3.1421 4.2072, -1.7731 3.1389 4.232, -1.7733 3.1328 4.2557, -1.7735 3.124 4.2786, -1.7743 3.0984 4.3204, -1.7753 3.0638 4.355, -1.7855 3.11 4.3292, -1.7991 3.1352 4.3137, -1.8147 3.1562 4.2927, -1.8144 3.1665 4.266, -1.8142 3.1736 4.2385, -1.8141 3.1773 4.2094, -1.8141 3.178 4.1858, -1.8141 3.1779 4.1476, -1.8141 3.1779 4.0727, -1.8151 3.1428 4.318, -1.7995 3.1194 4.3364, -1.786 3.0925 4.3488, -1.8352 2.9749 4.2532, -1.8182 2.9771 4.2575, -1.802 2.9811 4.2648, -1.7878 2.9868 4.275, -1.7767 2.9824 4.2935, -1.776 3.0048 4.2798, -1.7878 3.0281 4.3934, -1.8013 3.0577 4.391, -1.8167 3.086 4.3818, -1.8329 3.1112 4.3662, -1.9627 -1.7062 3.4943, -1.9465 -1.9857 3.6049, -1.9627 -1.9885 3.5971, -1.9465 -2.1269 3.6563, -1.9627 -2.1298 3.6485, -1.9465 -2.1973 3.6818, -1.9627 -2.2001 3.674, -1.9465 -2.2349 3.6959, -1.9627 -2.238 3.6882, -1.9465 -2.2766 3.7155, -1.9627 -2.2806 3.7083, -1.9465 -2.3168 3.7409, -1.9627 -2.3216 3.7342, -1.9465 -2.354 3.7727, -1.9627 -2.3598 3.7668, -1.9465 -2.3863 3.8109, -1.9627 -2.393 3.8062, -1.9465 -2.4117 3.8544, -1.9627 -2.4192 3.8508, -1.9465 -2.4293 3.9009, -1.9627 -2.4372 3.8986, -1.9465 -2.4391 3.9484, -1.9627 -2.4473 3.9473, -1.9465 -2.4422 3.9954, -1.9627 -2.4505 3.9954, -1.9465 -2.4397 4.0411, -1.9627 -2.4479 4.042, -1.9465 -2.4218 4.1277, -1.9627 -2.4297 4.13, -1.9465 -2.3906 4.2082, -1.9627 -2.3981 4.2118, -1.9465 -2.3473 4.2837, -1.9627 -2.3541 4.2884, -1.9465 -2.3192 4.3198, -1.9627 -2.3254 4.3253, -1.9465 -2.2853 4.3537, -1.9627 -2.2907 4.36, -1.9465 -2.2451 4.3831, -1.9627 -2.2494 4.3902, -1.9465 -2.2229 4.3953, -1.9627 -2.2265 4.4028, -1.9465 -2.1994 4.4056, -1.9627 -2.2024 4.4134, -1.9465 -2.175 4.4137, -1.9627 -2.1772 4.4217, -1.9465 -2.1503 4.4195, -1.9627 -2.1518 4.4276, -1.9465 -2.1255 4.4231, -1.9627 -2.1263 4.4313, -1.9465 -2.101 4.4246, -1.9627 -2.1012 4.4329, -1.9447 -1.9503 4.4247, -1.9608 -1.9499 4.433, -1.9361 -1.6501 4.4247, -1.9523 -1.6496 4.433, -1.9189 -1.0495 4.4247, -1.9351 -1.049 4.433, -1.85 1.3529 4.4246, -1.8661 1.3534 4.4329, -1.8157 2.5542 4.4247, -1.8319 2.5546 4.433, -1.8071 2.8544 4.4247, -1.8233 2.8549 4.433, -1.805 2.9295 4.4248, -1.8212 2.93 4.4331, -1.8043 2.953 4.4242, -1.8205 2.954 4.4324, -1.8035 2.9809 4.4206, -1.8196 2.9829 4.4287, -1.8028 3.0075 4.4139, -1.8189 3.0105 4.4218, -1.802 3.0333 4.404, -1.8181 3.0372 4.4115, -1.8174 3.0625 4.3981, -1.8342 3.0654 4.4021, -1.8354 2.9675 4.2571, -1.8356 2.9597 4.2601, -1.8359 2.9514 4.2622, -1.8361 2.9437 4.2632, -1.8364 2.9304 4.2635, -1.8386 2.8554 4.2634, -1.8472 2.5551 4.2634, -1.8818 1.3539 4.2634, -1.9503 -1.0486 4.2634, -1.9676 -1.6492 4.2634, -1.978 -2.097 4.2633, -1.9761 -1.9495 4.2634, -1.978 -2.1091 4.2626, -1.978 -2.1611 4.2454, -1.978 -2.1514 4.2507, -1.978 -2.1415 4.2551, -1.978 -2.1314 4.2584, -1.978 -2.1205 4.261, -1.978 -2.1798 4.2317, -1.978 -2.245 4.1389, -1.978 -2.2147 4.1918, -1.978 -2.1977 4.2137, -1.7599 3.0945 4.0727, -1.761 3.1105 4.0727, -1.7599 3.0944 4.1478, -1.761 3.1105 4.1478, -1.7599 3.0946 4.1854, -1.761 3.1106 4.1854, -1.7599 3.0941 4.2042, -1.761 3.1101 4.2052, -1.7599 3.0917 4.2229, -1.761 3.1074 4.2259, -1.7601 3.087 4.2411, -1.7612 3.1023 4.246, -1.7603 3.0802 4.2587, -1.7614 3.0948 4.2654, -1.7608 3.0606 4.2908, -1.762 3.0732 4.3008, -1.7616 3.0339 4.3174, -1.7629 3.0438 4.33, -1.7625 3.0018 4.337, -1.7639 3.0084 4.3516, -1.763 2.9842 4.3437, -1.7644 2.989 4.359, -1.7635 2.9659 4.3484, -1.765 2.9689 4.3641, -1.7641 2.9472 4.3507, -1.7656 2.9482 4.3667, -1.7646 2.9284 4.3512, -1.7662 2.9284 4.3672, -1.7668 2.8533 4.3512, -1.7683 2.8533 4.3672, -1.7754 2.553 4.3511, -1.7769 2.553 4.3671, -1.8097 1.3518 4.351, -1.8113 1.3518 4.367, -1.8785 -1.0506 4.3512, -1.8801 -1.0506 4.3672, -1.8957 -1.6512 4.3512, -1.8973 -1.6512 4.3672, -1.9043 -1.9514 4.3512, -1.9058 -1.9514 4.3672, -1.9061 -2.0992 4.3511, -1.9077 -2.0996 4.3671, -1.9061 -2.118 4.3499, -1.9077 -2.1196 4.3658, -1.9061 -2.1367 4.3472, -1.9077 -2.1396 4.3629, -1.9061 -2.1551 4.3429, -1.9077 -2.1594 4.3583, -1.9061 -2.173 4.337, -1.9077 -2.1787 4.3519, -1.9061 -2.1903 4.3294, -1.9077 -2.1974 4.3438, -1.9061 -2.2068 4.3203, -1.9077 -2.2151 4.334, -1.9061 -2.2372 4.2981, -1.9077 -2.2477 4.3102, -1.9061 -2.2638 4.2715, -1.9077 -2.2758 4.282, -1.9061 -2.2868 4.2418, -1.9077 -2.3 4.2509, -1.9061 -2.3242 4.1766, -1.9077 -2.3387 4.1835, -1.9061 -2.3513 4.1065, -1.9077 -2.3667 4.1111, -1.9061 -2.3665 4.033, -1.978 -2.2793 4.0235, -1.978 -2.2673 4.0813, -1.978 -2.2809 3.9957, -1.8184 2.9691 4.2617, -1.8187 2.9607 4.2649, -1.8189 2.9519 4.2671, -1.8192 2.9435 4.2682, -1.8196 2.93 4.2685, -1.8217 2.8549 4.2684, -1.8304 2.5546 4.2684, -1.8649 1.3534 4.2684, -1.9335 -1.0491 4.2684, -1.9507 -1.6497 4.2684, -1.9592 -1.9499 4.2684, -1.9611 -2.0972 4.2684, -1.9611 -2.1096 4.2676, -1.9611 -2.1214 4.2659, -1.9611 -2.1327 4.2633, -1.9611 -2.1433 4.2598, -1.9611 -2.1536 4.2552, -1.9611 -2.1637 4.2497, -1.9611 -2.1831 4.2355, -1.9611 -2.2015 4.217, -1.9611 -2.2188 4.1947, -1.9611 -2.2495 4.1411, -1.9611 -2.2721 4.0828, -1.9611 -2.2843 4.024, -1.9611 -2.2859 3.9957, -1.8023 2.9722 4.2695, -1.8026 2.9629 4.2731, -1.8028 2.953 4.2756, -1.8031 2.9436 4.2768, -1.8035 2.9295 4.2771, -1.8057 2.8544 4.2771, -1.8143 2.5541 4.277, -1.8488 1.3529 4.2769, -1.9174 -1.0495 4.2771, -1.9346 -1.6501 4.2771, -1.9432 -1.9504 4.2771, -1.9451 -2.0974 4.277, -1.9451 -2.1105 4.2762, -1.9451 -2.123 4.2744, -1.9451 -2.1351 4.2716, -1.9451 -2.1464 4.2678, -1.9451 -2.1574 4.263, -1.9451 -2.1682 4.257, -1.9451 -2.1887 4.242, -1.9451 -2.208 4.2227, -1.9451 -2.2259 4.1996, -1.9451 -2.2573 4.1448, -1.9451 -2.2804 4.0852, -1.9451 -2.2929 4.025, -1.9451 -2.2945 3.9957, -1.788 2.9767 4.2803, -1.7883 2.9661 4.2844, -1.7887 2.9549 4.2872, -1.789 2.9439 4.2886, -1.7894 2.9291 4.289, -1.7916 2.854 4.2889, -1.8002 2.5537 4.2889, -1.8347 1.3525 4.2888, -1.9033 -1.0499 4.2889, -1.9205 -1.6505 4.2889, -1.9291 -1.9507 4.2889, -1.931 -2.0977 4.2888, -1.931 -2.1117 4.288, -1.931 -2.1252 4.286, -1.931 -2.1383 4.283, -1.931 -2.1506 4.2789, -1.931 -2.1627 4.2736, -1.931 -2.1744 4.2672, -1.931 -2.1965 4.251, -1.931 -2.2169 4.2305, -1.931 -2.2357 4.2063, -1.931 -2.268 4.1499, -1.931 -2.2917 4.0886, -1.931 -2.3047 4.0263, -1.931 -2.3064 3.9956, -1.9197 -2.3188 3.9643, -1.9197 -2.319 4.0278, -1.9197 -2.3056 4.0928, -1.9197 -2.281 4.1561, -1.9197 -2.2475 4.2145, -1.9197 -2.2278 4.24, -1.9197 -2.2059 4.2619, -1.9197 -2.1819 4.2795, -1.9197 -2.1691 4.2866, -1.9197 -2.1558 4.2924, -1.9197 -2.1422 4.2969, -1.9197 -2.1279 4.3002, -1.9197 -2.1132 4.3024, -1.9197 -2.098 4.3033, -1.9179 -1.9511 4.3034, -1.9093 -1.6509 4.3034, -1.8921 -1.0502 4.3034, -1.8234 1.3522 4.3032, -1.789 2.5534 4.3033, -1.7803 2.8537 4.3034, -1.7782 2.9288 4.3034, -1.7777 2.9445 4.303, -1.7774 2.9573 4.3014, -1.777 2.9701 4.2982, -1.978 -2.2743 3.9454, -1.978 -2.2792 3.9695, -1.978 -2.2547 3.9042, -1.978 -2.2661 3.9236, -1.978 -2.1996 3.8572, -1.978 -2.2215 3.8711, -1.978 -2.2399 3.8868, -1.978 -2.0716 3.8078, -1.978 -2.1424 3.8335, -1.978 -2.1747 3.8456, -1.9611 -2.2842 3.9688, -1.9611 -2.2791 3.944, -1.9611 -2.2706 3.9215, -1.9611 -2.2588 3.9013, -1.9611 -2.2435 3.8832, -1.9611 -2.2245 3.867, -1.9611 -2.202 3.8528, -1.9611 -2.1766 3.8409, -1.9611 -2.1441 3.8288, -1.9611 -2.0733 3.8031, -1.9451 -2.2927 3.9677, -1.9451 -2.2874 3.9416, -1.9451 -2.2784 3.9178, -1.9451 -2.2658 3.8963, -1.9451 -2.2496 3.8771, -1.9451 -2.2296 3.8601, -1.9451 -2.2061 3.8453, -1.9451 -2.1798 3.8329, -1.9451 -2.1471 3.8207, -1.9451 -2.0763 3.795, -1.931 -2.3045 3.9662, -1.931 -2.2988 3.9384, -1.931 -2.2891 3.9127, -1.931 -2.2755 3.8894, -1.931 -2.258 3.8687, -1.931 -2.2366 3.8505, -1.931 -2.2118 3.8348, -1.931 -2.1842 3.8219, -1.931 -2.1511 3.8095, -1.931 -2.0803 3.7838, -1.9197 -2.0853 3.7703, -1.9197 -2.156 3.7959, -1.9197 -2.1896 3.8085, -1.9197 -2.2187 3.8222, -1.9197 -2.2451 3.8388, -1.9197 -2.2682 3.8585, -1.9197 -2.2873 3.8811, -1.9197 -2.3022 3.9065, -1.9197 -2.3126 3.9344, -1.767 3.0629 3.622, -1.7665 3.0626 3.9225, -1.7665 3.0626 4.0727, -1.7665 3.0626 4.1479, -1.7665 3.0628 4.1852, -1.7665 3.0623 4.2021, -1.7665 3.0604 4.2168, -1.7666 3.0567 4.2314, -1.7668 3.0512 4.2454, -1.7672 3.0356 4.271, -1.7678 3.0143 4.2922, -1.7686 2.9887 4.3078, -1.769 2.9747 4.3132, -1.7694 2.96 4.3169, -1.7698 2.9453 4.3188, -1.7703 2.9285 4.3192, -1.7724 2.8535 4.3191, -1.7811 2.5532 4.3191, -1.8155 1.352 4.319, -1.8842 -1.0505 4.3192, -1.9014 -1.6511 4.3191, -1.91 -1.9513 4.3191, -1.9118 -2.0984 4.3191, -1.9118 -2.1148 4.3181, -1.9118 -2.1308 4.3157, -1.9118 -2.1464 4.3121, -1.9118 -2.1615 4.3071, -1.9118 -2.1761 4.3007, -1.9118 -2.1901 4.293, -1.9118 -2.2162 4.2739, -1.9118 -2.2397 4.2504, -1.9118 -2.2605 4.2235, -1.9118 -2.2953 4.1629, -1.9118 -2.3207 4.0973, -1.9118 -2.3347 4.0296, -1.9118 -2.3345 3.9622, -1.9118 -2.3278 3.93, -1.9118 -2.3164 3.8997, -1.9118 -2.3002 3.872, -1.9118 -2.2793 3.8473, -1.9118 -2.2544 3.8261, -1.9118 -2.2262 3.8083, -1.9118 -2.1955 3.7939, -1.9118 -2.1614 3.7811, -1.9118 -2.0907 3.7554, -1.7644 3.0682 3.622, -1.7616 3.0785 3.9225, -1.7616 3.0785 4.0727, -1.7616 3.0785 4.1478, -1.7616 3.0786 4.1853, -1.7616 3.0782 4.2031, -1.7617 3.076 4.2198, -1.7618 3.0718 4.2363, -1.762 3.0657 4.2521, -1.7625 3.048 4.2809, -1.7632 3.0241 4.3048, -1.764 2.9952 4.3224, -1.7644 2.9794 4.3285, -1.7649 2.9629 4.3327, -1.7654 2.9462 4.3348, -1.7659 2.9284 4.3352, -1.768 2.8533 4.3351, -1.7766 2.553 4.3351, -1.8111 1.3518 4.335, -1.8798 -1.0506 4.3352, -1.897 -1.6512 4.3351, -1.9056 -1.9514 4.3351, -1.9074 -2.0988 4.3351, -1.9074 -2.1164 4.334, -1.9074 -2.1337 4.3315, -1.9074 -2.1508 4.3275, -1.9074 -2.1672 4.322, -1.9074 -2.1832 4.3151, -1.9074 -2.1985 4.3066, -1.9074 -2.2267 4.286, -1.9074 -2.2517 4.2609, -1.9074 -2.2737 4.2327, -1.9074 -2.3097 4.1698, -1.9074 -2.336 4.1019, -1.9074 -2.3506 4.0313, -1.9074 -2.3503 3.9601, -1.9074 -2.3432 3.9256, -1.9074 -2.3309 3.8928, -1.9074 -2.3132 3.8627, -1.9074 -2.2907 3.836, -1.9074 -2.2639 3.8132, -1.9074 -2.2338 3.7942, -1.9074 -2.2015 3.779, -1.9074 -2.1668 3.766, -1.9074 -2.0962 3.7404, -1.9061 -2.3662 3.958, -1.9061 -2.3586 3.9212, -1.9061 -2.3453 3.886, -1.9061 -2.3263 3.8534, -1.9061 -2.302 3.8247, -1.9061 -2.2733 3.8002, -1.9061 -2.2415 3.7802, -1.9061 -2.2074 3.7642, -1.9061 -2.1723 3.751, -1.9061 -2.1017 3.7254, -1.9077 -2.3825 4.0348, -1.9077 -2.3846 3.9955, -1.9077 -2.3821 3.9559, -1.9077 -2.374 3.9168, -1.9077 -2.3598 3.8791, -1.9077 -2.3393 3.8442, -1.9077 -2.3133 3.8134, -1.9077 -2.2828 3.7873, -1.9077 -2.2491 3.7661, -1.9077 -2.2134 3.7493, -1.9077 -2.1777 3.7359, -1.9077 -2.1072 3.7103, -1.7652 3.1267 4.0727, -1.7652 3.1266 4.1477, -1.7652 3.1268 4.1855, -1.7653 3.1262 4.2062, -1.7653 3.1233 4.229, -1.7655 3.1176 4.2509, -1.7657 3.1095 4.272, -1.7664 3.0859 4.3107, -1.7673 3.0538 4.3426, -1.7684 3.0152 4.3661, -1.769 2.994 4.3743, -1.7697 2.9721 4.3798, -1.7703 2.9494 4.3827, -1.7709 2.9286 4.3832, -1.773 2.8535 4.3832, -1.7816 2.5532 4.3831, -1.816 1.352 4.383, -1.8848 -1.0505 4.3832, -1.902 -1.6511 4.3832, -1.9106 -1.9513 4.3832, -1.9124 -2.1 4.3831, -1.9124 -2.1213 4.3818, -1.9124 -2.1426 4.3787, -1.9124 -2.1637 4.3738, -1.9124 -2.1845 4.3669, -1.9124 -2.2045 4.3581, -1.9124 -2.2235 4.3476, -1.9124 -2.2581 4.3223, -1.9124 -2.2879 4.2925, -1.9124 -2.3131 4.26, -1.9124 -2.3531 4.1904, -1.9124 -2.382 4.1157, -1.9124 -2.3984 4.0365, -1.9124 -2.4006 3.9955, -1.9124 -2.3979 3.9538, -1.9124 -2.3894 3.9123, -1.9124 -2.3742 3.8722, -1.9124 -2.3524 3.8349, -1.9124 -2.3246 3.8021, -1.9124 -2.2922 3.7744, -1.9124 -2.2568 3.752, -1.9124 -2.2194 3.7344, -1.9124 -2.1832 3.7209, -1.9124 -2.1127 3.6953, -1.7765 3.0219 4.3804, -1.7771 2.999 4.3892, -1.7778 2.9753 4.3953, -1.7785 2.9506 4.3984, -1.7791 2.9288 4.399, -1.7813 2.8537 4.3989, -1.7898 2.5534 4.3989, -1.8241 1.3522 4.3987, -1.893 -1.0502 4.3989, -1.9102 -1.6508 4.3989, -1.9188 -1.951 4.3989, -1.9207 -2.1004 4.3988, -1.9207 -2.1229 4.3974, -1.9207 -2.1455 4.3941, -1.9207 -2.168 4.3889, -1.9207 -2.1901 4.3815, -1.9207 -2.2114 4.3722, -1.9207 -2.2316 4.3611, -1.9207 -2.2684 4.3342, -1.9207 -2.2997 4.3029, -1.9207 -2.3261 4.269, -1.9207 -2.3673 4.1971, -1.9207 -2.3971 4.1202, -1.9207 -2.414 4.0383, -1.9207 -2.4164 3.9955, -1.9207 -2.4135 3.9518, -1.9207 -2.4045 3.908, -1.9207 -2.3884 3.8655, -1.9207 -2.3652 3.8259, -1.9207 -2.3357 3.7909, -1.9207 -2.3015 3.7617, -1.9207 -2.2643 3.7382, -1.9207 -2.2252 3.7199, -1.9207 -2.1885 3.7061, -1.9207 -2.1181 3.6805, -1.7885 3.0036 4.4028, -1.7892 2.9783 4.4092, -1.79 2.9519 4.4126, -1.7906 2.9291 4.4132, -1.7928 2.854 4.4131, -1.8014 2.5537 4.4131, -1.8356 1.3525 4.413, -1.9046 -1.0499 4.4131, -1.9217 -1.6505 4.4131, -1.9303 -1.9507 4.4131, -1.9322 -2.1007 4.413, -1.9322 -2.1243 4.4116, -1.9322 -2.1481 4.4081, -1.9322 -2.1718 4.4026, -1.9322 -2.1953 4.3948, -1.9322 -2.2177 4.385, -1.9322 -2.2391 4.3732, -1.9322 -2.2777 4.3449, -1.9322 -2.3105 4.3122, -1.9322 -2.3378 4.2771, -1.9322 -2.3802 4.2033, -1.9322 -2.4107 4.1243, -1.9322 -2.4282 4.0398, -1.9322 -2.4306 3.9954, -1.9322 -2.4276 3.9499, -1.9322 -2.4182 3.9041, -1.9322 -2.4013 3.8593, -1.9322 -2.3768 3.8176, -1.9322 -2.3458 3.7809, -1.9322 -2.3099 3.7502, -1.9322 -2.2711 3.7257, -1.9322 -2.2306 3.7066, -1.9322 -2.1934 3.6927, -1.9322 -2.1229 3.6671, -1.978 -1.9305 3.7565, -1.978 -1.6482 3.6537, -1.9611 -1.9322 3.7517, -1.9611 -1.6499 3.649, -1.9197 -1.6619 3.6162, -1.9118 -1.9496 3.7041, -1.9118 -1.6673 3.6013, -1.9074 -1.955 3.689, -1.9074 -1.6727 3.5863, -1.9465 -1.7034 3.5021, -1.9322 -1.6994 3.513, -1.9322 -1.9817 3.6158, -1.9207 -1.6945 3.5264, -1.9207 -1.9768 3.6291, -1.9124 -1.6892 3.5412, -1.9124 -1.9715 3.6439, -1.9077 -1.6837 3.5562, -1.9077 -1.966 3.659, -1.9061 -1.9605 3.674, -1.9061 -1.6782 3.5712, -1.937 3.0963 1.2303, -1.9368 3.1026 1.2303, -1.7598 3.0963 1.2303, -1.7601 3.1026 1.2303, -1.7644 3.1243 1.2303, -1.7739 3.1442 1.2303, -1.7881 3.1611 1.2303, -1.8265 3.1821 1.2303, -1.806 3.174 1.2303, -1.8484 3.1848 1.2303, -1.8703 3.1821 1.2303, -1.8909 3.174 1.2303, -1.9088 3.1611 1.2303, -1.9229 3.1442 1.2303, -1.9325 3.1243 1.2303, -1.937 3.0963 -1.1614, -1.9368 3.1026 -1.1614, -1.9325 3.1243 -1.1614, -1.9229 3.1442 -1.1614, -1.9088 3.1611 -1.1614, -1.8909 3.174 -1.1614, -1.8703 3.1821 -1.1614, -1.8484 3.1848 -1.1614, -1.8265 3.1821 -1.1614, -1.806 3.174 -1.1614, -1.7881 3.1611 -1.1614, -1.7739 3.1442 -1.1614, -1.7644 3.1243 -1.1614, -1.7601 3.1026 -1.1614, -1.7598 3.0963 -1.1614, -1.8927 3.052 -1.1614, -1.8041 3.052 -1.1614, -1.8265 3.0104 -1.1614, -1.8484 3.0077 -1.1614, -1.806 3.0185 -1.1614, -1.7601 3.0899 -1.1614, -1.7644 3.0682 -1.1614, -1.7739 3.0483 -1.1614, -1.7881 3.0314 -1.1614, -1.9229 3.0483 -1.1614, -1.9325 3.0682 -1.1614, -1.9368 3.0899 -1.1614, -1.8703 3.0104 -1.1614, -1.8909 3.0185 -1.1614, -1.9088 3.0314 -1.1614, -1.7601 3.0899 1.2303, -1.9368 3.0899 1.2303, -1.9325 3.0682 1.2303, -1.9229 3.0483 1.2303, -1.9088 3.0314 1.2303, -1.8703 3.0104 1.2303, -1.8909 3.0185 1.2303, -1.8484 3.0077 1.2303, -1.8265 3.0104 1.2303, -1.806 3.0185 1.2303, -1.7881 3.0314 1.2303, -1.7739 3.0483 1.2303, -1.7644 3.0682 1.2303, -2.4717 0.5969 2.7949, -2.3976 0.5502 2.6667, -2.3976 0.5502 2.6667, -2.4296 0.5525 2.6729, -2.4507 0.5747 2.7339, -2.4168 0.5509 2.6687, -2.4128 0.5508 2.6683, -2.4367 0.5533 2.6752, -2.4457 0.5554 2.6808, -2.4552 0.5575 2.6867, -2.46 0.5593 2.6917, -2.4703 0.5633 2.7025, -2.4717 0.5641 2.705, -2.4808 0.5701 2.7212, -2.4843 0.575 2.7348, -2.4855 0.5767 2.7394, -2.4855 0.5805 2.75, -2.4855 0.5843 2.7605, -2.4843 0.586 2.7651, -2.4804 0.5913 2.7796, -2.4703 0.5978 2.7974, -2.4602 0.6018 2.8084, -2.4576 0.6028 2.8112, -2.4458 0.6057 2.8193, -2.4412 0.6069 2.8224, -2.4295 0.6085 2.8268, -2.4196 0.6099 2.8306, -2.4127 0.6102 2.8314, -2.3976 0.6108 2.8332, -2.3236 0.5641 2.7049, -2.3976 0.6108 2.8332, -2.3656 0.6085 2.827, -2.3446 0.5863 2.766, -2.3785 0.6101 2.8312, -2.3825 0.6102 2.8316, -2.3586 0.6077 2.8246, -2.3495 0.6057 2.8191, -2.3401 0.6035 2.8132, -2.3353 0.6017 2.8082, -2.3249 0.5978 2.7974, -2.3236 0.5969 2.7949, -2.3144 0.591 2.7786, -2.3109 0.586 2.765, -2.3097 0.5843 2.7604, -2.3097 0.5805 2.7499, -2.3097 0.5767 2.7394, -2.311 0.575 2.7348, -2.3148 0.5697 2.7203, -2.325 0.5632 2.7025, -2.3351 0.5592 2.6915, -2.3377 0.5582 2.6887, -2.3495 0.5553 2.6806, -2.3541 0.5541 2.6775, -2.3658 0.5525 2.6731, -2.3756 0.5512 2.6693, -2.3826 0.5509 2.6685, -2.4855 0.5767 2.7394, -2.4848 0.3441 2.8188, -2.4703 0.5633 2.7025, -2.4605 0.3283 2.7753, -2.4461 0.3242 2.7643, -2.4367 0.5533 2.6752, -2.4298 0.3214 2.7565, -2.4128 0.3198 2.752, -2.4461 -2.1865 4.2592, -2.4461 -2.1549 4.2696, -2.4298 -2.1529 4.2614, -2.4091 2.0317 3.622, -2.3965 2.0226 3.622, -2.3969 2.0221 3.8289, -2.4368 2.0899 3.622, -2.4348 2.0802 3.622, -2.4356 2.0801 3.8289, -2.4325 2.1241 3.622, -2.4349 2.1123 3.622, -2.4356 2.1124 3.8288, -2.4091 2.1608 3.622, -2.411 2.1585 3.622, -2.4112 2.1587 3.8288, -2.3914 2.1737 3.622, -2.3966 2.1699 3.622, -2.3969 2.1704 3.8288, -2.371 2.1819 3.622, -2.3804 2.1782 3.622, -2.3806 2.1788 3.8288, -2.4703 0.5978 2.7974, -2.472 0.366 2.8791, -2.4228 2.0482 3.8289, -2.4112 2.0338 3.8289, -2.4112 2.0338 4.1223, -2.4325 2.0684 3.622, -2.4305 2.0642 3.622, -2.4309 2.064 3.8289, -2.3484 2.0064 4.1665, -2.3484 2.0062 4.1674, -2.3636 2.0081 4.1677, -2.3976 -2.2052 4.2325, -2.3976 -2.2063 4.2316, -2.4128 -2.2073 4.233, -2.3976 -2.2931 3.9856, -2.3976 -2.2924 3.9831, -2.4128 -2.2939 3.9828, -2.3976 -2.0911 3.8166, -2.3976 -2.0763 3.8112, -2.4128 -2.0767 3.81, -2.3976 -0.1812 3.1214, -2.3976 -0.1811 3.1214, -2.4128 -0.1816 3.1202, -2.3977 -2.2189 4.4201, -2.3977 -2.1922 4.4257, -2.4128 -2.1924 4.4266, -2.3906 -1.4616 4.439, -2.3885 -1.2824 4.439, -2.4036 -1.2822 4.4377, -2.3597 1.1468 4.439, -2.3594 1.169 4.439, -2.3746 1.1692 4.4377, -2.3484 2.1848 3.7383, -2.3484 2.1848 3.622, -2.3493 2.1848 3.622, -2.3635 2.1829 3.622, -2.3636 2.1835 3.8288, -2.3484 2.1848 3.8148, -2.3484 2.1848 3.8288, -2.3636 2.1835 4.1215, -2.3484 2.1848 4.1176, -2.3484 2.1848 4.0966, -2.3484 2.1848 4.0229, -2.3484 2.1848 3.9388, -2.3484 2.1848 3.8439, -2.3485 2.1805 4.1897, -2.3485 2.1809 4.187, -2.3636 2.1812 4.1899, -2.3484 2.1846 4.1624, -2.3484 2.1847 4.1215, -2.3485 2.1769 4.2134, -2.3636 2.1765 4.2162, -2.3485 2.1765 4.2163, -2.3486 2.161 4.2632, -2.3486 2.1697 4.2416, -2.3637 2.1695 4.2416, -2.3485 2.1709 4.2387, -2.3485 2.1745 4.2298, -2.3638 2.1601 4.2664, -2.3486 2.1597 4.2664, -2.3488 2.1361 4.3095, -2.3487 2.1493 4.2909, -2.3639 2.1484 4.2903, -2.3487 2.1507 4.289, -2.364 2.1346 4.313, -2.3489 2.1339 4.3126, -2.349 2.1097 4.3465, -2.349 2.1184 4.3343, -2.3641 2.1187 4.3343, -2.349 2.1207 4.331, -2.3643 2.1009 4.3539, -2.3491 2.101 4.354, -2.3494 2.064 4.3853, -2.3493 2.0807 4.3712, -2.3644 2.0814 4.3717, -2.3493 2.0842 4.3682, -2.3495 2.0558 4.3923, -2.3495 2.0605 4.3883, -2.3646 2.0603 4.3877, -2.3496 2.0376 4.4013, -2.3496 2.0419 4.3992, -2.3648 2.0379 4.4017, -2.3498 2.0178 4.411, -2.365 2.0141 4.4135, -2.3498 2.0136 4.413, -2.35 1.9938 4.4228, -2.3652 1.9893 4.4231, -2.35 1.9928 4.4233, -2.3654 1.9629 4.4305, -2.3503 1.9626 4.4297, -2.35 1.9895 4.424, -2.3504 1.9442 4.4335, -2.3656 1.9355 4.4354, -2.3505 1.9353 4.4354, -2.3664 1.8569 4.4376, -2.3511 1.8793 4.4384, -2.3506 1.9234 4.438, -2.3709 1.4808 4.4377, -2.3543 1.5999 4.439, -2.3534 1.6733 4.439, -2.3526 1.7434 4.439, -2.3518 1.8118 4.439, -2.3518 1.8163 4.439, -2.3513 1.8567 4.4386, -2.3557 1.4806 4.439, -2.3719 1.3964 4.4377, -2.3567 1.3962 4.439, -2.3731 1.2899 4.4377, -2.3583 1.2612 4.439, -2.358 1.2897 4.439, -2.357 1.3778 4.439, -2.3758 1.066 4.4377, -2.377 0.9633 4.4377, -2.3619 0.9631 4.439, -2.3609 1.045 4.439, -2.3606 1.0659 4.439, -2.3598 1.138 4.439, -2.3783 0.8512 4.4377, -2.3798 0.729 4.4377, -2.3643 0.755 4.439, -2.3635 0.8265 4.439, -2.3632 0.851 4.439, -2.3621 0.9407 4.439, -2.3853 -1.0123 4.439, -2.37 0.2742 4.439, -2.3683 0.4227 4.439, -2.3666 0.5676 4.439, -2.365 0.7022 4.439, -2.3646 0.7288 4.439, -2.3942 -1.7634 4.439, -2.4117 -1.964 4.4377, -2.3947 -1.8091 4.439, -2.3977 -2.1193 4.4373, -2.3977 -2.0811 4.4382, -2.4128 -2.1193 4.437, -2.3977 -2.0498 4.439, -2.3966 -1.9642 4.439, -2.4128 -2.1557 4.4335, -2.3977 -2.1587 4.4327, -2.3977 -2.1391 4.4368, -2.3977 -2.2236 4.4191, -2.4128 -2.2502 4.4076, -2.3977 -2.2498 4.4068, -2.4128 -2.2782 4.394, -2.3977 -2.278 4.3936, -2.3977 -2.2749 4.395, -2.3977 -2.2955 4.3854, -2.4128 -2.3048 4.3778, -2.3977 -2.3025 4.3798, -2.4128 -2.3307 4.3585, -2.3977 -2.3272 4.3598, -2.3977 -2.3048 4.3779, -2.4128 -2.3544 4.337, -2.3977 -2.3549 4.3374, -2.3977 -2.3299 4.3576, -2.3977 -2.3588 4.3343, -2.4128 -2.3758 4.3134, -2.3977 -2.3704 4.3193, -2.3977 -2.4132 4.2596, -2.3977 -2.4108 4.2647, -2.4128 -2.413 4.2594, -2.3977 -2.4082 4.2701, -2.3977 -2.3752 4.313, -2.3977 -2.4418 4.1992, -2.4128 -2.4434 4.1931, -2.3977 -2.4445 4.1935, -2.4128 -2.4658 4.1054, -2.3977 -2.4655 4.1052, -2.4128 -2.4567 4.1494, -2.3977 -2.4626 4.1177, -2.3977 -2.4451 4.1922, -2.3977 -2.4696 4.0879, -2.4128 -2.4709 4.0622, -2.3977 -2.4711 4.0296, -2.4128 -2.4722 4.0179, -2.3977 -2.4715 4.0178, -2.4128 -2.4656 3.9512, -2.3977 -2.4639 3.9516, -2.3977 -2.4661 3.962, -2.3977 -2.4722 3.9912, -2.3977 -2.4535 3.9014, -2.4128 -2.4496 3.8921, -2.3977 -2.4525 3.8963, -2.4128 -2.4268 3.8421, -2.3977 -2.4274 3.8444, -2.3977 -2.4503 3.8918, -2.3977 -2.4098 3.8149, -2.3977 -2.4114 3.8168, -2.4128 -2.4098 3.8148, -2.3977 -2.4178 3.8245, -2.3977 -2.4264 3.8422, -2.4128 -2.3902 3.7893, -2.3977 -2.3891 3.7901, -2.3977 -2.3908 3.7921, -2.3977 -2.3639 3.7598, -2.4128 -2.3474 3.747, -2.3977 -2.3496 3.7488, -2.3977 -2.2922 3.7094, -2.3977 -2.3006 3.7136, -2.4128 -2.2922 3.7091, -2.3977 -2.31 3.7183, -2.3977 -2.3474 3.7471, -2.3977 -2.233 3.6799, -2.4128 -2.2187 3.6758, -2.3977 -2.2191 3.6748, -2.3977 -2.1519 3.6503, -2.4128 -2.1366 3.646, -2.3977 -2.137 3.6449, -2.3977 -2.0577 3.616, -2.4128 -2.0398 3.6108, -2.3977 -2.0402 3.6096, -2.4128 -2.012 3.6007, -2.3977 -2.0124 3.5995, -2.3977 -1.9091 3.5618, -2.3977 -1.9122 3.5629, -2.4128 -1.9117 3.5642, -2.3977 -1.9601 3.5804, -2.3977 -2.0066 3.5973, -2.3977 -1.2814 3.3334, -2.4128 -1.2799 3.3342, -2.3977 -1.2804 3.333, -2.3977 -1.1314 3.2788, -2.4128 -1.1305 3.2798, -2.3977 -1.131 3.2786, -2.3977 -1.0158 3.2367, -2.4128 -1.0149 3.2378, -2.3977 -1.0154 3.2365, -2.3977 -0.8605 3.1802, -2.4128 -0.8598 3.1813, -2.3977 -0.8603 3.1801, -2.3977 -0.7074 3.1244, -2.4128 -0.7068 3.1256, -2.3977 -0.7073 3.1244, -2.4128 -0.5216 3.0582, -2.3977 -0.5212 3.0567, -2.3977 -0.3808 3.0056, -2.4128 -0.3803 3.0068, -2.3977 -0.3807 3.0055, -2.3976 -0.2418 2.955, -2.4128 -0.2413 2.9562, -2.3976 -0.2417 2.9549, -2.3976 -0.0962 2.902, -2.4128 -0.0957 2.9032, -2.3976 -0.0962 2.902, -2.3976 0.0976 2.8314, -2.4128 0.0982 2.8326, -2.3976 0.0978 2.8314, -2.3976 0.3193 2.7508, -2.3976 0.3193 2.7508, -2.3976 0.3799 2.9172, -2.4128 0.3795 2.916, -2.3976 0.1582 2.9979, -2.3976 0.1584 2.9979, -2.4128 0.1579 2.9966, -2.3976 0.3332 2.9342, -2.3976 0.3799 2.9172, -2.3976 0.0676 3.0309, -2.4128 -0.036 3.0672, -2.3976 -0.0356 3.0684, -2.3976 -0.0357 3.0685, -2.4128 -0.3206 3.1708, -2.3976 -0.3201 3.172, -2.3976 -0.1949 3.1264, -2.3976 -0.4615 3.2235, -2.3976 -0.4614 3.2234, -2.4128 -0.4619 3.2222, -2.3976 -0.3798 3.1937, -2.3976 -0.3202 3.172, -2.3976 -0.5658 3.2614, -2.4128 -0.6471 3.2896, -2.3976 -0.6467 3.2909, -2.4128 -0.8001 3.3453, -2.3976 -0.7997 3.3465, -2.3976 -0.6468 3.2909, -2.3976 -0.9552 3.4032, -2.3976 -0.9548 3.403, -2.4128 -0.9552 3.4018, -2.3976 -0.8525 3.3658, -2.3976 -0.7999 3.3466, -2.3976 -1.0441 3.4355, -2.4128 -1.0708 3.4439, -2.3976 -1.0704 3.4451, -2.3976 -1.2208 3.4998, -2.3976 -1.2198 3.4995, -2.4128 -1.2202 3.4982, -2.3976 -1.1888 3.4882, -2.3976 -1.0708 3.4452, -2.3976 -1.8485 3.7283, -2.4128 -1.852 3.7282, -2.3976 -1.8516 3.7294, -2.3976 -1.946 3.7638, -2.4128 -1.9523 3.7647, -2.3976 -1.9518 3.7659, -2.4128 -1.9801 3.7748, -2.3976 -1.9796 3.776, -2.3976 -1.9972 3.7824, -2.4128 -2.1578 3.8394, -2.4128 -2.2059 3.8609, -2.3976 -2.1915 3.8548, -2.3976 -2.1681 3.8458, -2.3976 -2.157 3.8416, -2.3976 -2.0993 3.8196, -2.3976 -2.2366 3.8836, -2.3976 -2.2091 3.866, -2.3976 -2.2046 3.8631, -2.4128 -2.2361 3.8815, -2.4128 -2.257 3.9022, -2.3976 -2.2554 3.9036, -2.4128 -2.2664 3.9143, -2.3976 -2.2649 3.9152, -2.3976 -2.2629 3.9116, -2.3976 -2.2562 3.9045, -2.4128 -2.2855 3.9516, -2.3976 -2.2838 3.9521, -2.3976 -2.2823 3.9467, -2.4128 -2.2744 3.9272, -2.3976 -2.2727 3.9295, -2.3976 -2.2722 3.9285, -2.3976 -2.2655 3.9163, -2.3976 -2.2852 3.9571, -2.4128 -2.2977 4.0213, -2.3976 -2.2946 4.0214, -2.3976 -2.2932 3.9889, -2.4128 -2.2791 4.1342, -2.3976 -2.2774 4.1335, -2.3976 -2.2795 4.129, -2.4128 -2.2875 4.1066, -2.3976 -2.2882 4.0852, -2.4128 -2.2934 4.0775, -2.3976 -2.2898 4.0768, -2.4128 -2.2969 4.049, -2.3976 -2.2957 4.0471, -2.3976 -2.2949 4.0285, -2.3976 -2.2561 4.1793, -2.4128 -2.2613 4.1731, -2.3976 -2.2398 4.2004, -2.4128 -2.2416 4.2019, -2.3976 -2.2374 4.2036, -2.3976 -2.2582 4.1749, -2.3976 -2.2595 4.1721, -2.3976 -2.2758 4.137, -2.3976 -2.2317 4.2109, -2.4128 -2.2309 4.2136, -2.3976 -2.2299 4.2124, -2.4128 -2.2195 4.2239, -2.3976 -2.218 4.2221, -2.3976 -2.2167 4.2231, -2.4128 -2.1947 4.2407, -2.4128 -2.1813 4.2472, -2.3976 -2.1803 4.245, -2.3976 -2.1922 4.2394, -2.3976 -2.1937 4.2387, -2.3976 -2.203 4.2343, -2.4128 -2.1518 4.2568, -2.3976 -2.1653 4.2515, -2.3976 -2.1673 4.2511, -2.3976 -2.0871 4.2619, -2.3976 -2.1101 4.2612, -2.4128 -2.1102 4.2627, -2.3976 -2.116 4.261, -2.4128 -2.1315 4.2607, -2.3976 -2.1328 4.2578, -2.3976 -2.1513 4.2542, -2.3925 -1.6281 4.2618, -2.4117 -1.964 4.2631, -2.4036 -1.2822 4.2631, -2.394 -1.7634 4.2618, -2.3962 -1.9642 4.2618, -2.3976 -2.0816 4.2619, -2.3798 0.729 4.2631, -2.3649 0.7022 4.2618, -2.3665 0.5676 4.2618, -2.3682 0.4227 4.2618, -2.37 0.2742 4.2618, -2.3884 -1.2824 4.2618, -2.3783 0.8512 4.2631, -2.3634 0.8265 4.2618, -2.3646 0.7288 4.2618, -2.377 0.9633 4.2631, -2.3621 0.9407 4.2618, -2.3632 0.851 4.2618, -2.3758 1.066 4.2631, -2.3609 1.045 4.2618, -2.3618 0.9631 4.2618, -2.3746 1.1692 4.2631, -2.3596 1.1468 4.2618, -2.3606 1.0659 4.2618, -2.3576 1.3182 4.2618, -2.358 1.2897 4.2618, -2.3731 1.2899 4.2631, -2.3583 1.2612 4.2618, -2.3594 1.169 4.2618, -2.3567 1.3962 4.2618, -2.3719 1.3964 4.2631, -2.356 1.4523 4.2618, -2.3709 1.4808 4.2631, -2.3557 1.4806 4.2618, -2.3525 1.7497 4.2618, -2.3664 1.857 4.2631, -2.3518 1.8118 4.2618, -2.3512 1.8573 4.2618, -2.3526 1.7434 4.2618, -2.3534 1.6733 4.2618, -2.3543 1.5999 4.2618, -2.3656 1.9136 4.2622, -2.3504 1.9133 4.2607, -2.3509 1.8802 4.2613, -2.3502 1.9232 4.2585, -2.3504 1.9164 4.2604, -2.3504 1.9153 4.2607, -2.3654 1.9239 4.2603, -2.3652 1.9342 4.2574, -2.35 1.9335 4.2557, -2.365 1.9438 4.2537, -2.3498 1.943 4.2525, -2.3499 1.9402 4.2539, -2.35 1.9352 4.2552, -2.3494 1.9602 4.2422, -2.3496 1.9536 4.2471, -2.3648 1.9529 4.2492, -2.3496 1.9527 4.2478, -2.3498 1.9446 4.2517, -2.3492 1.9697 4.2352, -2.3492 1.9683 4.2362, -2.3644 1.9696 4.2376, -2.3646 1.9615 4.2438, -2.3491 1.974 4.232, -2.3642 1.9772 4.2307, -2.3491 1.9759 4.2297, -2.3641 1.984 4.2232, -2.3489 1.9823 4.2219, -2.364 1.9901 4.215, -2.3639 1.9955 4.2063, -2.3487 1.9937 4.2055, -2.3488 1.9911 4.2112, -2.3488 1.9887 4.2141, -2.3489 1.9833 4.2207, -2.3638 2.0 4.1971, -2.3637 2.0036 4.1875, -2.3485 2.0023 4.1872, -2.3486 1.9986 4.1951, -2.3486 1.998 4.1963, -2.3487 1.9943 4.2042, -2.3636 2.0063 4.1775, -2.3485 2.0026 4.186, -2.3485 2.0023 4.1871, -2.3636 2.009 4.1224, -2.3636 2.009 3.8289, -2.3484 2.0077 3.9779, -2.3484 2.0077 3.8289, -2.3484 2.0074 4.1184, -2.3484 2.0074 4.1224, -2.3484 2.0074 4.1614, -2.4227 2.0482 4.1222, -2.4112 2.0327 4.1708, -2.4228 2.047 4.1726, -2.4113 2.0273 4.1951, -2.4229 2.041 4.1995, -2.4115 2.0174 4.218, -2.423 2.03 4.2249, -2.4118 2.0034 4.2387, -2.4233 2.0146 4.2478, -2.4121 1.9859 4.2565, -2.4236 1.9952 4.2675, -2.4124 1.9654 4.2707, -2.4239 1.9725 4.2832, -2.4128 1.9426 4.2808, -2.4243 1.9473 4.2945, -2.413 1.93 4.2845, -2.4248 1.9192 4.3011, -2.4309 2.064 4.1221, -2.4356 2.0801 4.1221, -2.431 2.0626 4.1746, -2.4356 2.0786 4.1766, -2.431 2.0559 4.2043, -2.4357 2.0712 4.2093, -2.4312 2.0438 4.2324, -2.4358 2.058 4.2401, -2.4315 2.0268 4.2578, -2.4361 2.0392 4.268, -2.4318 2.0053 4.2795, -2.4364 2.0157 4.2918, -2.4321 1.9803 4.2969, -2.4368 1.9882 4.3109, -2.4325 1.9523 4.3094, -2.4372 1.9574 4.3246, -2.433 1.9213 4.3167, -2.4376 1.9234 4.3326, -2.4338 1.8578 4.3181, -2.4384 1.8578 4.3342, -2.4382 1.4816 4.3181, -2.4428 1.4816 4.3342, -2.4392 1.3972 4.3181, -2.4438 1.3972 4.3342, -2.4405 1.2907 4.3181, -2.4451 1.2907 4.3342, -2.4419 1.17 4.3181, -2.4465 1.1701 4.3342, -2.4431 1.0668 4.3181, -2.4478 1.0669 4.3342, -2.4444 0.9641 4.3181, -2.449 0.9642 4.3342, -2.4457 0.852 4.3181, -2.4503 0.852 4.3342, -2.4471 0.7298 4.3181, -2.4518 0.7299 4.3342, -2.471 -1.2814 4.3181, -2.4756 -1.2814 4.3342, -2.479 -1.9631 4.3181, -2.4837 -1.963 4.3342, -2.4801 -2.1131 4.3176, -2.4848 -2.1139 4.3337, -2.4801 -2.1646 4.3103, -2.4848 -2.1684 4.3259, -2.4801 -2.203 4.2977, -2.4848 -2.2094 4.3125, -2.4801 -2.2381 4.2786, -2.4848 -2.247 4.292, -2.4801 -2.2698 4.2524, -2.4848 -2.2812 4.2638, -2.4801 -2.2839 4.237, -2.4848 -2.2962 4.2473, -2.4801 -2.3091 4.2003, -2.4848 -2.3231 4.2082, -2.4801 -2.3309 4.1527, -2.4848 -2.346 4.1582, -2.4801 -2.3477 4.0863, -2.4848 -2.3636 4.0888, -2.4801 -2.3527 4.0202, -2.4848 -2.3688 4.0199, -2.4801 -2.348 3.9729, -2.4848 -2.3638 3.9699, -2.4801 -2.3372 3.9328, -2.4848 -2.3523 3.9273, -2.4801 -2.3224 3.9004, -2.4848 -2.3365 3.8925, -2.4801 -2.299 3.8666, -2.4848 -2.3112 3.8562, -2.4801 -2.2711 3.8391, -2.4848 -2.2814 3.8267, -2.4801 -2.2331 3.8131, -2.4848 -2.241 3.7991, -2.4801 -2.177 3.7879, -2.4848 -2.1826 3.7728, -2.4801 -2.0956 3.7583, -2.4848 -2.1011 3.7432, -2.4801 -1.9989 3.7231, -2.4848 -2.0044 3.708, -2.4801 -1.9711 3.713, -2.4848 -1.9766 3.6979, -2.4801 -1.8708 3.6765, -2.4848 -1.8763 3.6614, -2.4801 -1.239 3.4466, -2.4848 -1.2445 3.4315, -2.4801 -1.0896 3.3922, -2.4848 -1.0951 3.3771, -2.4801 -0.974 3.3501, -2.4848 -0.9795 3.335, -2.4801 -0.8189 3.2937, -2.4848 -0.8244 3.2785, -2.4801 -0.6659 3.238, -2.4848 -0.6714 3.2229, -2.4801 -0.4807 3.1705, -2.4848 -0.4862 3.1554, -2.4801 -0.3394 3.1191, -2.4848 -0.3449 3.104, -2.4801 -0.2004 3.0685, -2.4848 -0.2059 3.0534, -2.4801 -0.0548 3.0155, -2.4848 -0.0603 3.0004, -2.4801 0.1391 2.945, -2.4848 0.1336 2.9299, -2.4801 0.3606 2.8643, -2.4848 0.3551 2.8492, -2.4133 1.9173 4.2868, -2.4141 1.8575 4.2879, -2.4256 1.8577 4.3023, -2.4185 1.4814 4.288, -2.43 1.4815 4.3024, -2.4195 1.3969 4.288, -2.431 1.3971 4.3024, -2.4208 1.2904 4.288, -2.4323 1.2906 4.3024, -2.4222 1.1698 4.288, -2.4337 1.1699 4.3024, -2.4234 1.0666 4.288, -2.435 1.0667 4.3024, -2.4246 0.9639 4.288, -2.4362 0.964 4.3024, -2.426 0.8517 4.288, -2.4375 0.8519 4.3024, -2.4274 0.7296 4.288, -2.4389 0.7297 4.3024, -2.4513 -1.2816 4.288, -2.4628 -1.2815 4.3024, -2.4593 -1.9634 4.288, -2.4709 -1.9632 4.3024, -2.4604 -2.1115 4.2875, -2.472 -2.1122 4.3019, -2.4604 -2.1576 4.281, -2.472 -2.161 4.295, -2.4604 -2.1911 4.27, -2.472 -2.1968 4.2832, -2.4604 -2.2212 4.2536, -2.472 -2.2293 4.2656, -2.4604 -2.2485 4.2311, -2.472 -2.2587 4.2413, -2.4604 -2.2607 4.2177, -2.472 -2.2718 4.2269, -2.4604 -2.2829 4.1854, -2.472 -2.2954 4.1925, -2.4604 -2.3025 4.1426, -2.472 -2.316 4.1474, -2.4604 -2.318 4.0815, -2.472 -2.3322 4.0838, -2.4604 -2.3226 4.0208, -2.472 -2.3369 4.0205, -2.4604 -2.3183 3.9783, -2.472 -2.3325 3.9757, -2.4604 -2.3089 3.9431, -2.472 -2.3224 3.9382, -2.4604 -2.2961 3.9151, -2.472 -2.3087 3.9081, -2.4604 -2.276 3.8861, -2.472 -2.287 3.8768, -2.4604 -2.2519 3.8623, -2.472 -2.2611 3.8512, -2.4604 -2.2182 3.8393, -2.472 -2.2253 3.8268, -2.4604 -2.1665 3.8161, -2.472 -2.1715 3.8026, -2.4604 -2.0852 3.7866, -2.472 -2.0902 3.7731, -2.4604 -1.9886 3.7515, -2.472 -1.9935 3.7379, -2.4604 -1.9608 3.7413, -2.472 -1.9657 3.7278, -2.4604 -1.8605 3.7048, -2.472 -1.8654 3.6913, -2.4604 -1.2287 3.4749, -2.472 -1.2336 3.4614, -2.4604 -1.0793 3.4205, -2.472 -1.0843 3.407, -2.4604 -0.9637 3.3784, -2.472 -0.9687 3.3649, -2.4604 -0.8086 3.322, -2.472 -0.8135 3.3084, -2.4604 -0.6556 3.2663, -2.472 -0.6606 3.2528, -2.4604 -0.4704 3.1989, -2.472 -0.4753 3.1853, -2.4604 -0.3291 3.1474, -2.472 -0.334 3.1339, -2.4604 -0.1901 3.0968, -2.472 -0.195 3.0833, -2.4604 -0.0445 3.0439, -2.472 -0.0494 3.0303, -2.4604 0.1494 2.9733, -2.472 0.1445 2.9598, -2.4604 0.371 2.8926, -2.4368 2.1026 3.622, -2.437 2.0963 3.622, -2.437 2.0962 3.8288, -2.411 2.034 3.622, -2.4231 2.0486 3.622, -2.3484 2.0077 3.622, -2.3484 2.0077 3.8148, -2.3493 2.0077 3.622, -2.3635 2.0096 3.622, -2.371 2.0106 3.622, -2.3803 2.0144 3.622, -2.3914 2.0188 3.622, -2.3806 2.0137 3.8289, -2.3969 2.0221 4.1224, -2.3806 2.0138 4.1224, -2.3969 2.0211 4.1693, -2.3806 2.1788 4.1215, -2.3806 2.1765 4.1892, -2.3807 2.1719 4.2151, -2.3969 2.1704 4.1216, -2.3969 2.1682 4.1881, -2.397 2.1571 4.2374, -2.3806 2.0128 4.1683, -2.3806 2.011 4.1785, -2.397 2.0161 4.1915, -2.3807 2.165 4.24, -2.3808 2.1558 4.2645, -2.3972 2.137 4.2839, -2.3807 2.0081 4.1889, -2.3808 2.0044 4.1989, -2.3972 2.0071 4.2124, -2.3809 2.1443 4.288, -2.381 2.1307 4.3102, -2.3974 2.1087 4.3257, -2.3809 1.9997 4.2085, -2.381 1.9941 4.2176, -2.3974 1.9943 4.2313, -2.3811 2.1151 4.3311, -2.3813 2.0976 4.3504, -2.3977 2.0732 4.3615, -2.3811 1.9878 4.2261, -2.3813 1.9806 4.234, -2.3977 1.9783 4.2475, -2.3814 2.0785 4.368, -2.3816 2.0578 4.3837, -2.3981 2.0318 4.39, -2.3814 1.9728 4.2412, -2.3816 1.9644 4.2476, -2.3981 1.9596 4.2605, -2.3818 2.0357 4.3974, -2.382 2.0123 4.4091, -2.3822 1.988 4.4185, -2.3985 1.9855 4.4105, -2.4112 2.1587 4.1216, -2.4113 2.1566 4.1866, -2.4114 2.146 4.2337, -2.4115 2.1268 4.2781, -2.4118 2.0997 4.3182, -2.4121 2.0658 4.3524, -2.4124 2.0262 4.3797, -2.4128 1.982 4.3993, -2.4231 2.1439 3.622, -2.4228 2.1443 3.8288, -2.4228 2.1443 4.1217, -2.4228 2.1423 4.1848, -2.4229 2.1323 4.2292, -2.4231 2.1142 4.2711, -2.4233 2.0887 4.3089, -2.4236 2.0567 4.3412, -2.424 2.0193 4.3671, -2.4244 1.9776 4.3856, -2.3824 1.962 4.4258, -2.3826 1.9351 4.4306, -2.3834 1.8571 4.4329, -2.3879 1.481 4.4329, -2.3889 1.3966 4.4329, -2.3902 1.2901 4.4329, -2.3916 1.1694 4.4329, -2.3928 1.0662 4.4329, -2.394 0.9635 4.4329, -2.3954 0.8514 4.4329, -2.3968 0.7292 4.4329, -2.4206 -1.282 4.4329, -2.4287 -1.9638 4.4329, -2.4298 -2.119 4.4322, -2.3987 1.9603 4.4176, -2.3989 1.9343 4.4223, -2.3997 1.8573 4.4245, -2.4042 1.4812 4.4245, -2.4052 1.3968 4.4245, -2.4064 1.2903 4.4245, -2.4079 1.1696 4.4245, -2.4091 1.0664 4.4245, -2.4103 0.9637 4.4245, -2.4116 0.8516 4.4245, -2.4131 0.7294 4.4245, -2.4369 -1.2818 4.4245, -2.445 -1.9635 4.4245, -2.4461 -2.1186 4.4239, -2.3818 1.9554 4.2533, -2.382 1.9459 4.258, -2.3985 1.9387 4.2698, -2.3822 1.9359 4.2619, -2.3987 1.9272 4.2731, -2.3824 1.9251 4.2649, -2.3989 1.9157 4.2752, -2.3826 1.9144 4.2669, -2.3997 1.8574 4.2762, -2.3834 1.8572 4.2679, -2.4042 1.4812 4.2762, -2.3879 1.481 4.2679, -2.4052 1.3968 4.2762, -2.3889 1.3966 4.2679, -2.4064 1.2903 4.2762, -2.3901 1.2901 4.2679, -2.4079 1.1696 4.2762, -2.3916 1.1694 4.2679, -2.4091 1.0664 4.2762, -2.3928 1.0662 4.2679, -2.4103 0.9637 4.2762, -2.394 0.9635 4.2679, -2.4116 0.8516 4.2762, -2.3953 0.8514 4.2679, -2.4131 0.7294 4.2762, -2.3968 0.7292 4.2679, -2.4369 -1.2818 4.2762, -2.4206 -1.282 4.2679, -2.445 -1.9635 4.2762, -2.4287 -1.9638 4.2679, -2.4461 -2.1109 4.2758, -2.4298 -2.1105 4.2674, -2.4298 -2.1321 4.2654, -2.4298 -2.1551 4.4288, -2.4298 -2.1913 4.422, -2.4298 -2.2483 4.4032, -2.4461 -2.245 4.3955, -2.4461 -2.1894 4.4138, -2.4298 -2.2759 4.3898, -2.4298 -2.3022 4.3738, -2.4298 -2.3276 4.3548, -2.4461 -2.3223 4.3484, -2.4461 -2.2975 4.3669, -2.4131 1.9579 4.4061, -2.4133 1.933 4.4106, -2.4141 1.8575 4.4128, -2.4185 1.4814 4.4128, -2.4195 1.3969 4.4128, -2.4208 1.2904 4.4128, -2.4222 1.1698 4.4128, -2.4234 1.0666 4.4128, -2.4247 0.9639 4.4128, -2.426 0.8517 4.4128, -2.4274 0.7296 4.4128, -2.4513 -1.2816 4.4128, -2.4594 -1.9634 4.4128, -2.4605 -2.118 4.4122, -2.4605 -2.1866 4.4024, -2.4605 -2.2404 4.3847, -2.4605 -2.2909 4.3572, -2.4605 -2.3368 4.3194, -2.4298 -2.1832 4.2516, -2.4298 -2.197 4.2449, -2.4461 -2.2147 4.2439, -2.4298 -2.21 4.237, -2.4461 -2.2279 4.234, -2.4298 -2.2226 4.2276, -2.4461 -2.2402 4.2228, -2.4298 -2.2343 4.2169, -2.4461 -2.2517 4.2103, -2.4298 -2.2452 4.2049, -2.4461 -2.2727 4.1796, -2.4298 -2.2655 4.1754, -2.4461 -2.2915 4.1386, -2.4298 -2.351 4.3336, -2.4298 -2.3722 4.3104, -2.4298 -2.4089 4.257, -2.4298 -2.4389 4.1915, -2.4298 -2.4521 4.1482, -2.4298 -2.461 4.1046, -2.4461 -2.3451 4.3277, -2.4461 -2.3657 4.305, -2.4461 -2.4016 4.2529, -2.4461 -2.431 4.1887, -2.4461 -2.4528 4.1033, -2.4298 -2.2836 4.1358, -2.4298 -2.2921 4.1078, -2.4461 -2.3064 4.0796, -2.4298 -2.2981 4.0782, -2.4461 -2.3108 4.0211, -2.4461 -2.3068 3.9804, -2.4461 -2.2979 3.9471, -2.4298 -2.4662 4.0619, -2.4298 -2.4674 4.018, -2.4298 -2.4609 3.9521, -2.4298 -2.4451 3.8937, -2.4298 -2.4227 3.8444, -2.4298 -2.4058 3.8175, -2.4461 -2.399 3.8222, -2.4461 -2.4153 3.8485, -2.4461 -2.4373 3.8965, -2.4461 -2.4526 3.9536, -2.4461 -2.4591 4.0181, -2.4605 -2.3712 3.8053, -2.4605 -2.4051 3.8542, -2.4605 -2.4262 3.9005, -2.4605 -2.4411 3.9557, -2.4605 -2.4473 4.0184, -2.4605 -2.4412 4.1014, -2.4605 -2.42 4.1847, -2.4605 -2.3914 4.2471, -2.4605 -2.3567 4.2975, -2.4461 -2.2859 3.9208, -2.4461 -2.2771 3.9068, -2.4461 -2.2671 3.8937, -2.4461 -2.2444 3.8714, -2.4461 -2.2124 3.8495, -2.4461 -2.1624 3.8271, -2.4461 -2.0812 3.7976, -2.4461 -1.9846 3.7625, -2.4461 -1.9568 3.7524, -2.4461 -1.8565 3.7159, -2.4461 -1.2247 3.4859, -2.4461 -1.0753 3.4315, -2.4461 -0.9597 3.3895, -2.4461 -0.8046 3.333, -2.4461 -0.6516 3.2773, -2.4461 -0.4664 3.2099, -2.4461 -0.3251 3.1585, -2.4461 -0.1861 3.1079, -2.4461 -0.0405 3.0549, -2.4461 0.1534 2.9843, -2.4461 0.375 2.9037, -2.4298 0.0998 2.8371, -2.4298 -0.0941 2.9077, -2.4298 -0.2396 2.9607, -2.4298 -0.3786 3.0112, -2.4298 -0.5199 3.0627, -2.4298 -0.7052 3.1301, -2.4298 -0.8582 3.1858, -2.4298 -1.0133 3.2422, -2.4298 -1.1289 3.2843, -2.4298 -1.2783 3.3387, -2.4298 -1.9101 3.5686, -2.4298 -2.0103 3.6051, -2.4298 -2.0381 3.6153, -2.4298 -2.135 3.6505, -2.4298 -2.217 3.6803, -2.4298 -2.2898 3.7133, -2.4298 -2.3444 3.7507, -2.4298 -2.3865 3.7923, -2.4461 0.1027 2.845, -2.4461 -0.0912 2.9155, -2.4461 -0.2368 2.9685, -2.4461 -0.3758 3.0191, -2.4461 -0.5171 3.0705, -2.4461 -0.7023 3.138, -2.4461 -0.8553 3.1936, -2.4461 -1.0104 3.2501, -2.4461 -1.126 3.2922, -2.4461 -1.2754 3.3466, -2.4461 -1.9072 3.5765, -2.4461 -2.0075 3.613, -2.4461 -2.0353 3.6231, -2.4461 -2.1321 3.6584, -2.4461 -2.2141 3.6881, -2.4461 -2.2857 3.7206, -2.4461 -2.339 3.7572, -2.4461 -2.3801 3.7978, -2.4605 0.1067 2.856, -2.4605 -0.0872 2.9266, -2.4605 -0.2328 2.9795, -2.4605 -0.3718 3.0301, -2.4605 -0.5131 3.0816, -2.4605 -0.6983 3.149, -2.4605 -0.8513 3.2047, -2.4605 -1.0064 3.2611, -2.4605 -1.122 3.3032, -2.4605 -1.2714 3.3576, -2.4605 -1.9032 3.5875, -2.4605 -2.0035 3.624, -2.4605 -2.0313 3.6341, -2.4605 -2.1281 3.6694, -2.4605 -2.21 3.6991, -2.4605 -2.2799 3.7308, -2.4605 -2.3315 3.7662, -2.472 0.3332 2.7889, -2.472 0.1116 2.8695, -2.472 -0.0823 2.9401, -2.472 -0.2278 2.9931, -2.472 -0.3668 3.0437, -2.472 -0.5081 3.0951, -2.472 -0.6934 3.1625, -2.472 -0.8464 3.2182, -2.472 -1.0015 3.2747, -2.472 -1.1171 3.3167, -2.472 -1.2665 3.3711, -2.472 -1.8983 3.6011, -2.472 -1.9985 3.6376, -2.472 -2.0263 3.6477, -2.472 -2.1231 3.6829, -2.472 -2.205 3.7126, -2.472 -2.2728 3.7433, -2.472 -2.3224 3.7773, -2.472 -2.3602 3.8147, -2.472 -2.3925 3.8612, -2.472 -2.4127 3.9054, -2.472 -2.4269 3.9583, -2.472 -2.433 4.0187, -2.472 -2.427 4.0991, -2.472 -2.4064 4.1798, -2.472 -2.3789 4.24, -2.472 -2.3456 4.2883, -2.472 -2.3266 4.3092, -2.472 -2.2829 4.3452, -2.472 -2.2347 4.3715, -2.472 -2.1833 4.3884, -2.472 -2.1172 4.3978, -2.4709 -1.9632 4.3984, -2.4628 -1.2815 4.3984, -2.439 0.7297 4.3984, -2.4375 0.8519 4.3984, -2.4362 0.964 4.3984, -2.435 1.0667 4.3984, -2.4337 1.1699 4.3984, -2.4323 1.2906 4.3984, -2.4311 1.3971 4.3984, -2.4301 1.4815 4.3984, -2.4256 1.8576 4.3984, -2.4248 1.9313 4.3963, -2.4305 2.1283 3.622, -2.4309 2.1285 3.8288, -2.4309 2.1285 4.1218, -2.431 2.1267 4.1828, -2.4311 2.1173 4.2243, -2.4312 2.1004 4.2635, -2.4315 2.0765 4.2989, -2.4318 2.0467 4.3291, -2.4321 2.0117 4.3533, -2.4325 1.9727 4.3706, -2.433 1.9294 4.3807, -2.4338 1.8577 4.3826, -2.4382 1.4816 4.3827, -2.4392 1.3972 4.3827, -2.4405 1.2907 4.3827, -2.4419 1.17 4.3827, -2.4431 1.0668 4.3827, -2.4444 0.9641 4.3827, -2.4457 0.852 4.3827, -2.4471 0.7298 4.3827, -2.471 -1.2814 4.3827, -2.4791 -1.9631 4.3827, -2.4802 -2.1164 4.3821, -2.4802 -2.1796 4.3731, -2.4802 -2.2285 4.357, -2.4802 -2.2741 4.3322, -2.4802 -2.3155 4.2981, -2.4802 -2.3335 4.2782, -2.4802 -2.3652 4.2322, -2.4802 -2.3916 4.1745, -2.4802 -2.4114 4.0966, -2.4802 -2.4172 4.019, -2.4802 -2.4115 3.9612, -2.4802 -2.3979 3.9108, -2.4802 -2.3788 3.8689, -2.4802 -2.3482 3.8248, -2.4802 -2.3123 3.7894, -2.4802 -2.265 3.757, -2.4802 -2.1995 3.7274, -2.4802 -2.1177 3.6977, -2.4802 -2.0209 3.6625, -2.4802 -1.9931 3.6524, -2.4802 -1.8929 3.6159, -2.4802 -1.2611 3.3859, -2.4802 -1.1117 3.3315, -2.4802 -0.9961 3.2895, -2.4802 -0.841 3.233, -2.4802 -0.688 3.1773, -2.4802 -0.5027 3.1099, -2.4802 -0.3615 3.0585, -2.4802 -0.2224 3.0079, -2.4802 -0.0769 2.9549, -2.4802 0.117 2.8843, -2.4802 0.3386 2.8037, -2.4356 2.1125 4.1219, -2.4356 2.1107 4.1807, -2.4357 2.102 4.2193, -2.4359 2.0863 4.2557, -2.4361 2.0642 4.2886, -2.4364 2.0364 4.3167, -2.4368 2.0039 4.3392, -2.4372 1.9677 4.3554, -2.4376 1.9274 4.3647, -2.4384 1.8578 4.3666, -2.4429 1.4816 4.3666, -2.4439 1.3972 4.3666, -2.4451 1.2907 4.3666, -2.4465 1.1701 4.3666, -2.4478 1.0669 4.3666, -2.449 0.9642 4.3666, -2.4503 0.852 4.3666, -2.4518 0.7299 4.3666, -2.4756 -1.2814 4.3666, -2.4837 -1.963 4.3666, -2.4848 -2.1156 4.366, -2.4848 -2.1759 4.3574, -2.4848 -2.2221 4.3423, -2.4848 -2.2651 4.3188, -2.4848 -2.3041 4.2867, -2.4848 -2.3212 4.268, -2.4848 -2.3513 4.2242, -2.4848 -2.3765 4.1691, -2.4848 -2.3956 4.094, -2.4848 -2.4011 4.0193, -2.4848 -2.3956 3.9641, -2.4848 -2.3828 3.9163, -2.4848 -2.3648 3.8767, -2.4848 -2.3359 3.8352, -2.4848 -2.302 3.8018, -2.4848 -2.2571 3.7709, -2.4848 -2.1939 3.7425, -2.4848 -2.1122 3.7128, -2.4848 -2.0155 3.6776, -2.4848 -1.9877 3.6675, -2.4848 -1.8874 3.631, -2.4848 -1.2556 3.401, -2.4848 -1.1062 3.3466, -2.4848 -0.9906 3.3046, -2.4848 -0.8355 3.2481, -2.4848 -0.6825 3.1924, -2.4848 -0.4972 3.125, -2.4848 -0.356 3.0736, -2.4848 -0.2169 3.023, -2.4848 -0.0714 2.97, -2.4848 0.1225 2.8994, -2.4862 0.3496 2.834, -2.4862 0.1281 2.9146, -2.4862 -0.0659 2.9852, -2.4862 -0.2114 3.0382, -2.4862 -0.3504 3.0888, -2.4862 -0.4917 3.1402, -2.4862 -0.677 3.2076, -2.4862 -0.83 3.2633, -2.4862 -0.9851 3.3198, -2.4862 -1.1007 3.3619, -2.4862 -1.2501 3.4162, -2.4862 -1.8819 3.6462, -2.4862 -1.9821 3.6827, -2.4862 -2.0099 3.6928, -2.4862 -2.1067 3.728, -2.4862 -2.1882 3.7576, -2.4862 -2.2491 3.785, -2.4862 -2.2917 3.8143, -2.4862 -2.3236 3.8457, -2.4862 -2.3506 3.8846, -2.4862 -2.3676 3.9218, -2.4862 -2.3797 3.967, -2.4862 -2.3849 4.0196, -2.4862 -2.3796 4.0914, -2.4862 -2.3612 4.1636, -2.4862 -2.3372 4.2162, -2.4862 -2.3087 4.2576, -2.4862 -2.2927 4.2752, -2.4862 -2.2561 4.3054, -2.4862 -2.2157 4.3274, -2.4862 -2.1721 4.3417, -2.4862 -2.1147 4.3498, -2.4851 -1.963 4.3504, -2.477 -1.2813 4.3504, -2.4532 0.7299 4.3504, -2.4518 0.8521 4.3504, -2.4504 0.9642 4.3504, -2.4492 1.0669 4.3504, -2.448 1.1701 4.3504, -2.4466 1.2907 4.3504, -2.4453 1.3972 4.3504, -2.4443 1.4817 4.3504, -2.4398 1.8578 4.3504, -2.439 1.9254 4.3487, -2.4386 1.9626 4.34, -2.4382 1.996 4.325, -2.4378 2.026 4.3043, -2.4375 2.0517 4.2783, -2.4373 2.0721 4.2479, -2.4371 2.0866 4.2143, -2.437 2.0947 4.1787, -2.437 2.0963 4.122, -2.4804 0.5913 2.7796, -2.4855 0.5843 2.7605, -2.4196 0.6099 2.8306, -2.4298 0.3778 2.9115, -2.4298 0.1563 2.9922, -2.4298 -0.0376 3.0627, -2.4298 -0.1832 3.1157, -2.4298 -0.3222 3.1663, -2.4298 -0.4635 3.2177, -2.4298 -0.6488 3.2852, -2.4298 -0.8017 3.3409, -2.4298 -0.9569 3.3973, -2.4298 -1.0725 3.4394, -2.4298 -1.2218 3.4938, -2.4298 -1.8536 3.7237, -2.4298 -1.9539 3.7602, -2.4298 -1.9817 3.7703, -2.4298 -2.0784 3.8055, -2.4298 -2.1595 3.835, -2.4298 -2.2083 3.8567, -2.4298 -2.2391 3.8778, -2.4298 -2.2607 3.8991, -2.4298 -2.2703 3.9116, -2.4298 -2.2786 3.9249, -2.4298 -2.29 3.9499, -2.4298 -2.2986 3.982, -2.4298 -2.3025 4.0212, -2.4298 -2.3016 4.0494, -2.4412 0.6069 2.8224, -2.4576 0.6028 2.8112, -2.3655 0.3213 2.7565, -2.3541 0.5541 2.6775, -2.3492 0.3242 2.7643, -2.3348 0.3709 2.8926, -2.3172 2.061 4.3814, -2.3174 2.0392 4.3954, -2.3011 2.0349 4.3883, -2.2868 2.0288 4.3782, -2.2864 2.0681 4.3505, -2.3008 2.0758 4.3593, -2.3275 2.1823 3.622, -2.3333 2.183 3.622, -2.3333 2.1835 3.8148, -2.3069 2.1745 3.622, -2.3165 2.1782 3.622, -2.3163 2.1788 3.8148, -2.289 2.1619 3.622, -2.3003 2.1699 3.622, -2.3 2.1704 3.8148, -2.289 2.0306 3.622, -2.2859 2.0341 3.622, -2.2856 2.0339 3.8148, -2.2741 2.1443 3.8148, -2.2856 2.1587 3.8148, -2.2856 2.1587 4.1177, -2.2649 2.1257 3.622, -2.2662 2.1284 3.622, -2.2659 2.1285 3.8148, -2.3457 1.0448 4.4377, -2.379 -1.7635 4.4377, -2.3825 -2.275 3.9282, -2.3825 -2.1933 4.2415, -2.3344 1.9542 4.2484, -2.3341 1.9708 4.2367, -2.3333 2.0095 3.622, -2.3332 2.009 3.8148, -2.3332 2.009 4.1184, -2.3333 2.0082 4.1668, -2.3333 2.0066 4.1765, -2.3334 2.0039 4.1865, -2.3334 2.0004 4.196, -2.3335 1.9961 4.2052, -2.3338 1.9849 4.2222, -2.3336 1.9909 4.2139, -2.3339 1.9781 4.2298, -2.3342 1.9628 4.243, -2.3348 1.9356 4.257, -2.335 1.9261 4.2598, -2.3358 1.88 4.2632, -2.3352 1.9164 4.2618, -2.3366 1.8116 4.2631, -2.3374 1.7432 4.2631, -2.3383 1.6731 4.2631, -2.3391 1.5997 4.2631, -2.3431 1.261 4.2631, -2.3445 1.1466 4.2631, -2.3457 1.0448 4.2631, -2.3469 0.9405 4.2631, -2.3483 0.8263 4.2631, -2.3548 0.274 4.2631, -2.3531 0.4225 4.2631, -2.3514 0.5674 4.2631, -2.3498 0.702 4.2631, -2.379 -1.7635 4.2631, -2.3825 -2.0816 4.2631, -2.3825 -2.1332 4.2604, -2.3825 -2.1657 4.253, -2.3825 -2.1799 4.2478, -2.3825 -2.2062 4.2338, -2.3825 -2.239 4.2049, -2.3825 -2.2183 4.225, -2.3825 -2.2498 4.1911, -2.3825 -2.2597 4.1758, -2.3825 -2.2778 4.1378, -2.3825 -2.292 4.0859, -2.3825 -2.2978 4.0285, -2.3825 -2.2949 3.9887, -2.3825 -2.2872 3.9564, -2.3825 -2.2817 3.9419, -2.3825 -2.267 3.9153, -2.3825 -2.2106 3.8636, -2.3825 -2.2371 3.8823, -2.3825 -2.2579 3.9031, -2.3825 -2.0916 3.8154, -2.3825 -2.169 3.8436, -2.3825 -1.9976 3.7812, -2.3825 -1.9464 3.7626, -2.3825 -1.2212 3.4986, -2.3825 -1.8489 3.7271, -2.3825 -1.0712 3.444, -2.3825 -0.9557 3.4019, -2.3825 -0.8004 3.3454, -2.3825 -0.6472 3.2897, -2.3825 -0.4619 3.2222, -2.3976 -0.3798 3.1937, -2.3825 -0.3206 3.1708, -2.3825 -0.1816 3.1202, -2.3825 -0.0361 3.0672, -2.3825 0.1578 2.9967, -2.3825 0.3794 2.916, -2.3825 0.3197 2.752, -2.3825 0.0981 2.8327, -2.3825 -0.0958 2.9032, -2.3825 -0.2413 2.9562, -2.3825 -0.3803 3.0068, -2.3825 -0.5216 3.0582, -2.3825 -0.7069 3.1257, -2.3825 -0.8601 3.1814, -2.3825 -1.0154 3.2379, -2.3825 -1.1309 3.28, -2.3825 -1.2809 3.3346, -2.3825 -1.9086 3.563, -2.3825 -2.0061 3.5985, -2.3825 -2.0573 3.6171, -2.3825 -2.1515 3.6515, -2.3825 -2.2322 3.6809, -2.3825 -2.3003 3.7139, -2.3825 -2.3495 3.7488, -2.3825 -2.3919 3.7913, -2.3825 -2.4112 3.8169, -2.3825 -2.428 3.8442, -2.3825 -2.4419 3.8725, -2.3825 -2.4529 3.9017, -2.3825 -2.4674 3.9617, -2.3825 -2.4723 4.0297, -2.3825 -2.4636 4.118, -2.3825 -2.4412 4.199, -2.3825 -2.4102 4.2643, -2.3825 -2.3279 4.3607, -2.3825 -2.3707 4.3195, -2.3825 -2.3919 4.2926, -2.3825 -2.3024 4.3795, -2.3825 -2.2751 4.3956, -2.3825 -2.2473 4.4088, -2.3825 -2.2186 4.4193, -2.3825 -2.0811 4.4377, -2.3825 -2.1589 4.4331, -2.3498 0.702 4.4377, -2.3514 0.5674 4.4377, -2.3531 0.4225 4.4377, -2.3549 0.274 4.4377, -2.3483 0.8263 4.4377, -2.347 0.9405 4.4377, -2.3445 1.1466 4.4377, -2.3432 1.261 4.4377, -2.3392 1.5997 4.4377, -2.3366 1.8116 4.4377, -2.3375 1.7432 4.4377, -2.3383 1.6731 4.4377, -2.3358 1.8792 4.4377, -2.3352 1.9442 4.4341, -2.3348 1.9932 4.4217, -2.335 1.969 4.429, -2.3346 2.018 4.4118, -2.3344 2.0417 4.3995, -2.3343 2.0639 4.3852, -2.3341 2.0846 4.369, -2.3338 2.1211 4.3313, -2.3339 2.1037 4.351, -2.3337 2.1366 4.31, -2.3336 2.1501 4.2873, -2.3335 2.1614 4.2635, -2.3334 2.1705 4.2387, -2.3333 2.1772 4.2134, -2.3333 2.1816 4.1872, -2.3333 2.1835 4.1176, -2.2602 2.1042 3.622, -2.262 2.1123 3.622, -2.2613 2.1125 3.8148, -2.2741 2.1443 4.1178, -2.2856 2.1569 4.1843, -2.2741 2.1426 4.1827, -2.2857 2.1467 4.2314, -2.2742 2.133 4.2271, -2.2859 2.128 4.2759, -2.2744 2.1153 4.2691, -2.2861 2.1014 4.316, -2.2746 2.0902 4.3071, -2.2659 2.1285 4.1179, -2.2613 2.1125 4.1179, -2.2659 2.1269 4.1808, -2.2613 2.111 4.179, -2.266 2.1179 4.2225, -2.2614 2.1026 4.2177, -2.2662 2.1014 4.2618, -2.2616 2.0872 4.2542, -2.2664 2.0778 4.2973, -2.2618 2.0653 4.2873, -2.2667 2.0483 4.3277, -2.2621 2.0378 4.3156, -2.2671 2.0136 4.3522, -2.2624 2.0055 4.3383, -2.2675 1.9743 4.3701, -2.2628 1.969 4.3549, -2.2679 1.9347 4.38, -2.2633 1.9321 4.3641, -2.2685 1.8786 4.3827, -2.2639 1.8787 4.3667, -2.2693 1.8108 4.3827, -2.2647 1.8107 4.3666, -2.2701 1.7424 4.3827, -2.2655 1.7424 4.3666, -2.2709 1.6723 4.3827, -2.2663 1.6722 4.3666, -2.2718 1.5989 4.3827, -2.2672 1.5989 4.3666, -2.2758 1.2602 4.3827, -2.2712 1.2601 4.3666, -2.2772 1.1458 4.3827, -2.2725 1.1458 4.3666, -2.2784 1.044 4.3827, -2.2737 1.044 4.3666, -2.2796 0.9397 4.3827, -2.275 0.9396 4.3666, -2.281 0.8255 4.3827, -2.2763 0.8255 4.3666, -2.2824 0.7012 4.3827, -2.2778 0.7012 4.3666, -2.284 0.5666 4.3827, -2.2794 0.5665 4.3666, -2.2857 0.4217 4.3827, -2.2811 0.4217 4.3666, -2.2875 0.2732 4.3827, -2.2829 0.2732 4.3666, -2.3116 -1.7643 4.3827, -2.307 -1.7644 4.3666, -2.3151 -2.0813 4.3827, -2.3105 -2.0813 4.3666, -2.3151 -2.1508 4.3787, -2.3105 -2.1484 4.3628, -2.3151 -2.2019 4.3669, -2.3105 -2.1971 4.3516, -2.3151 -2.2493 4.3471, -2.3105 -2.2418 4.3329, -2.3151 -2.2934 4.318, -2.3105 -2.2833 4.3055, -2.3151 -2.3292 4.2834, -2.3105 -2.3171 4.2728, -2.3151 -2.3628 4.2364, -2.3105 -2.349 4.2283, -2.3151 -2.3897 4.1797, -2.3105 -2.3747 4.1741, -2.3151 -2.4095 4.1079, -2.3105 -2.3937 4.1049, -2.3151 -2.4173 4.0293, -2.3105 -2.4012 4.0292, -2.3151 -2.413 3.9702, -2.3105 -2.3971 3.9727, -2.3151 -2.4007 3.9189, -2.3105 -2.3855 3.924, -2.3151 -2.3798 3.8707, -2.3105 -2.3657 3.8784, -2.3151 -2.3497 3.8265, -2.3105 -2.3373 3.8368, -2.3151 -2.3141 3.7909, -2.3105 -2.3037 3.8032, -2.3151 -2.2721 3.761, -2.3105 -2.2638 3.7748, -2.3151 -2.2123 3.7322, -2.3105 -2.2064 3.7472, -2.3151 -2.1326 3.7031, -2.3105 -2.1271 3.7182, -2.3151 -2.0385 3.6688, -2.3105 -2.033 3.6839, -2.3151 -1.9873 3.6502, -2.3105 -1.9818 3.6653, -2.3151 -1.8898 3.6147, -2.3105 -1.8843 3.6298, -2.3151 -1.2621 3.3862, -2.3105 -1.2566 3.4014, -2.3151 -1.1121 3.3317, -2.3105 -1.1066 3.3468, -2.3151 -0.9966 3.2896, -2.3105 -0.9911 3.3047, -2.3151 -0.8413 3.2331, -2.3105 -0.8358 3.2482, -2.3151 -0.6881 3.1773, -2.3105 -0.6826 3.1924, -2.3151 -0.5028 3.1099, -2.3105 -0.4973 3.125, -2.3151 -0.3615 3.0585, -2.3105 -0.356 3.0736, -2.3151 -0.2225 3.0079, -2.3105 -0.217 3.023, -2.3151 -0.077 2.9549, -2.3105 -0.0715 2.97, -2.3151 0.1169 2.8843, -2.3105 0.1224 2.8994, -2.3151 0.3385 2.8037, -2.3105 0.344 2.8188, -2.3377 0.5582 2.6887, -2.3348 0.3282 2.7753, -2.325 0.5632 2.7025, -2.2749 2.0586 4.3396, -2.2753 2.0215 4.3658, -2.2872 1.9845 4.3985, -2.2757 1.9796 4.3849, -2.2876 1.9397 4.4097, -2.2761 1.9373 4.3955, -2.2882 1.8787 4.4129, -2.2767 1.8787 4.3985, -2.289 1.811 4.4128, -2.2775 1.8109 4.3984, -2.2898 1.7427 4.4128, -2.2783 1.7425 4.3984, -2.2906 1.6725 4.4128, -2.2791 1.6724 4.3984, -2.2915 1.5992 4.4128, -2.28 1.599 4.3984, -2.2955 1.2604 4.4128, -2.284 1.2603 4.3984, -2.2969 1.1461 4.4128, -2.2853 1.1459 4.3984, -2.2981 1.0443 4.4128, -2.2866 1.0441 4.3984, -2.2993 0.9399 4.4128, -2.2878 0.9398 4.3984, -2.3007 0.8257 4.4128, -2.2891 0.8256 4.3984, -2.3021 0.7015 4.4128, -2.2906 0.7013 4.3984, -2.3037 0.5668 4.4128, -2.2922 0.5667 4.3984, -2.3055 0.422 4.4128, -2.2939 0.4218 4.3984, -2.3072 0.2735 4.4128, -2.2957 0.2733 4.3984, -2.3314 -1.7641 4.4128, -2.3198 -1.7642 4.3984, -2.3348 -2.0812 4.4128, -2.3233 -2.0812 4.3985, -2.3348 -2.1552 4.4085, -2.3233 -2.1531 4.3943, -2.3348 -2.2111 4.3957, -2.3233 -2.2067 4.3819, -2.3348 -2.2635 4.3737, -2.3233 -2.2567 4.361, -2.3348 -2.3123 4.3414, -2.3233 -2.3033 4.3302, -2.3348 -2.352 4.3031, -2.3233 -2.3411 4.2937, -2.3348 -2.3888 4.2517, -2.3233 -2.3764 4.2444, -2.3348 -2.418 4.1903, -2.3233 -2.4045 4.1852, -2.3348 -2.4391 4.1135, -2.3233 -2.425 4.1108, -2.3348 -2.4474 4.0295, -2.3233 -2.4331 4.0294, -2.3348 -2.4428 3.9655, -2.3233 -2.4286 3.9678, -2.3348 -2.4294 3.9095, -2.3233 -2.4157 3.914, -2.3348 -2.4062 3.8562, -2.3233 -2.3936 3.8631, -2.3348 -2.3728 3.8072, -2.3233 -2.3617 3.8164, -2.3348 -2.3335 3.7678, -2.3233 -2.3242 3.7788, -2.3348 -2.2876 3.7352, -2.3233 -2.2802 3.7475, -2.3348 -2.2232 3.7041, -2.3233 -2.218 3.7175, -2.3348 -2.143 3.6748, -2.3233 -2.138 3.6883, -2.3348 -2.0488 3.6405, -2.3233 -2.0438 3.654, -2.3348 -1.9976 3.6219, -2.3233 -1.9927 3.6354, -2.3348 -1.9001 3.5864, -2.3233 -1.8952 3.5999, -2.3348 -1.2724 3.3579, -2.3233 -1.2675 3.3715, -2.3348 -1.1224 3.3033, -2.3233 -1.1175 3.3169, -2.3348 -1.0069 3.2613, -2.3233 -1.0019 3.2748, -2.3348 -0.8516 3.2047, -2.3233 -0.8466 3.2183, -2.3348 -0.6984 3.149, -2.3233 -0.6935 3.1625, -2.3348 -0.5131 3.0816, -2.3233 -0.5082 3.0951, -2.3348 -0.3718 3.0301, -2.3233 -0.3669 3.0437, -2.3348 -0.2328 2.9795, -2.3233 -0.2279 2.9931, -2.3348 -0.0873 2.9266, -2.3233 -0.0824 2.9401, -2.3348 0.1066 2.856, -2.3233 0.1115 2.8695, -2.3233 0.3331 2.7889, -2.3165 2.0144 3.622, -2.3069 2.018 3.622, -2.2999 2.0221 3.8148, -2.3003 2.0226 3.622, -2.262 2.0802 3.622, -2.2602 2.0883 3.622, -2.2598 2.0963 3.8148, -2.2598 2.0963 3.622, -2.2859 2.1584 3.622, -2.2747 2.1453 3.622, -2.3275 2.0102 3.622, -2.3162 2.0138 3.8148, -2.3162 2.0137 4.1184, -2.3162 2.0129 4.1674, -2.2999 2.0221 4.1183, -2.3 2.0212 4.1684, -2.3 2.1704 4.1177, -2.3163 2.1788 4.1177, -2.3 2.1685 4.1857, -2.3163 2.1768 4.1866, -2.3001 2.1579 4.2349, -2.3163 2.1725 4.2125, -2.3163 2.0112 4.1775, -2.3163 2.0084 4.1879, -2.3164 2.0048 4.1979, -2.3002 2.0076 4.2115, -2.3001 2.0164 4.1905, -2.3164 2.1659 4.2373, -2.3164 2.157 4.2617, -2.3002 2.1384 4.2813, -2.3165 2.0002 4.2075, -2.3166 1.9948 4.2166, -2.3005 1.995 4.2306, -2.3005 2.1107 4.3233, -2.3167 1.9885 4.2252, -2.3169 1.9815 4.2332, -2.3008 1.9791 4.2469, -2.3165 2.1458 4.2852, -2.3166 2.1326 4.3075, -2.3168 2.1173 4.3284, -2.3169 2.1002 4.3478, -2.3171 2.0814 4.3655, -2.317 1.9738 4.2404, -2.3172 1.9654 4.2469, -2.3011 1.9605 4.26, -2.3346 1.9451 4.2532, -2.3174 1.9565 4.2527, -2.3176 1.9469 4.2576, -2.3015 1.9395 4.2695, -2.3013 2.0122 4.4, -2.3176 2.0158 4.4075, -2.3015 1.9885 4.4095, -2.3178 1.937 4.2616, -2.318 1.9271 4.2645, -2.3019 1.9181 4.2748, -2.3178 1.9915 4.4173, -2.318 1.9677 4.4244, -2.3019 1.9418 4.4212, -2.3182 1.9433 4.4295, -2.3025 1.8788 4.4246, -2.3188 1.879 4.433, -2.3033 1.8112 4.4246, -2.3196 1.8114 4.4329, -2.3042 1.7428 4.4245, -2.3204 1.743 4.4329, -2.305 1.6727 4.4246, -2.3213 1.6729 4.4329, -2.3059 1.5993 4.4245, -2.3221 1.5995 4.4329, -2.3099 1.2606 4.4246, -2.3262 1.2608 4.4329, -2.3112 1.1462 4.4246, -2.3275 1.1464 4.4329, -2.3124 1.0445 4.4246, -2.3287 1.0446 4.4329, -2.3137 0.9401 4.4246, -2.33 0.9403 4.4329, -2.315 0.8259 4.4246, -2.3313 0.8261 4.4329, -2.3165 0.7016 4.4246, -2.3328 0.7018 4.4329, -2.3181 0.567 4.4246, -2.3344 0.5672 4.4329, -2.3198 0.4221 4.4246, -2.3361 0.4223 4.4329, -2.3216 0.2736 4.4246, -2.3379 0.2738 4.4329, -2.3457 -1.7639 4.4246, -2.362 -1.7637 4.4329, -2.3492 -2.0811 4.4246, -2.3655 -2.0811 4.4329, -2.3492 -2.157 4.4201, -2.3655 -2.1582 4.4284, -2.3492 -2.2146 4.4068, -2.3182 1.917 4.2665, -2.3188 1.8798 4.268, -2.3196 1.8114 4.2679, -2.3204 1.743 4.2679, -2.3212 1.6729 4.2679, -2.3221 1.5995 4.2679, -2.3261 1.2608 4.2679, -2.3275 1.1464 4.2679, -2.3287 1.0446 4.2679, -2.3299 0.9403 4.2679, -2.3313 0.8261 4.2679, -2.3327 0.7018 4.2679, -2.3343 0.5672 4.2679, -2.3361 0.4223 4.2679, -2.3378 0.2738 4.2679, -2.362 -1.7637 4.2679, -2.3654 -2.0816 4.2679, -2.3654 -2.1339 4.2651, -2.3654 -2.1672 4.2575, -2.3654 -2.1818 4.2522, -2.3492 -2.1994 4.2531, -2.3492 -2.1697 4.2655, -2.3492 -2.1352 4.2734, -2.3492 -2.0816 4.2763, -2.3457 -1.7639 4.2763, -2.3215 0.2736 4.2763, -2.3198 0.4221 4.2763, -2.3181 0.567 4.2763, -2.3165 0.7016 4.2763, -2.315 0.8259 4.2763, -2.3136 0.9401 4.2763, -2.3124 1.0445 4.2763, -2.3112 1.1462 4.2763, -2.3098 1.2606 4.2763, -2.3058 1.5993 4.2763, -2.305 1.6727 4.2763, -2.3041 1.7428 4.2763, -2.3033 1.8112 4.2763, -2.3025 1.8796 4.2763, -2.3655 -2.2171 4.4148, -2.3655 -2.2454 4.4044, -2.3492 -2.269 4.384, -2.3654 -2.1955 4.2457, -2.3654 -2.2088 4.2378, -2.3492 -2.2265 4.2352, -2.3654 -2.2213 4.2287, -2.3654 -2.2426 4.208, -2.3492 -2.2489 4.2135, -2.3655 -2.2729 4.3914, -2.3655 -2.2997 4.3755, -2.3492 -2.3197 4.3505, -2.3655 -2.325 4.357, -2.3492 -2.3608 4.3108, -2.3655 -2.3671 4.3163, -2.3492 -2.3989 4.2577, -2.3655 -2.388 4.2898, -2.3655 -2.4061 4.2619, -2.3492 -2.4289 4.1944, -2.3655 -2.4368 4.1973, -2.3492 -2.4507 4.1156, -2.3655 -2.4589 4.1172, -2.3492 -2.4592 4.0296, -2.3655 -2.4675 4.0296, -2.3492 -2.4544 3.9637, -2.3655 -2.4627 3.9624, -2.3492 -2.4405 3.9058, -2.3654 -2.2537 4.1939, -2.3654 -2.2639 4.1782, -2.3654 -2.2823 4.1394, -2.3654 -2.2967 4.0868, -2.3654 -2.3025 4.0285, -2.3654 -2.2996 3.9879, -2.3654 -2.2917 3.9549, -2.3654 -2.2861 3.94, -2.3492 -2.2865 3.9219, -2.3492 -2.2997 3.9523, -2.3492 -2.3079 3.9866, -2.3492 -2.3109 4.0286, -2.3492 -2.3049 4.0883, -2.3492 -2.2901 4.1424, -2.3492 -2.2711 4.1825, -2.3654 -2.2792 3.9259, -2.3654 -2.271 3.9126, -2.3492 -2.2779 3.9079, -2.2856 2.0339 4.1183, -2.2856 2.0329 4.1698, -2.2857 2.0276 4.1941, -2.2859 2.0179 4.2171, -2.2861 2.004 4.238, -2.2864 1.9867 4.2558, -2.2868 1.9663 4.2702, -2.2872 1.9433 4.2806, -2.2876 1.9198 4.2865, -2.2882 1.8793 4.2881, -2.289 1.811 4.288, -2.2898 1.7427 4.288, -2.2906 1.6725 4.288, -2.2915 1.5992 4.288, -2.2955 1.2604 4.288, -2.2968 1.1461 4.288, -2.298 1.0443 4.288, -2.2993 0.9399 4.288, -2.3006 0.8257 4.288, -2.3021 0.7015 4.288, -2.3037 0.5668 4.288, -2.3054 0.422 4.288, -2.3072 0.2735 4.288, -2.3313 -1.7641 4.288, -2.3348 -2.0816 4.288, -2.3348 -2.1369 4.285, -2.3348 -2.1732 4.2767, -2.3348 -2.2049 4.2634, -2.3348 -2.2339 4.2443, -2.3348 -2.2578 4.2212, -2.3348 -2.2812 4.1884, -2.3348 -2.3011 4.1465, -2.3348 -2.3164 4.0905, -2.3348 -2.3226 4.0286, -2.3348 -2.3195 3.9848, -2.3348 -2.3108 3.9486, -2.3348 -2.2968 3.9162, -2.3348 -2.277 3.8872, -2.3492 -2.4165 3.8505, -2.3654 -2.2615 3.9001, -2.3654 -2.2402 3.8787, -2.3654 -2.2131 3.8595, -2.3654 -2.1707 3.8392, -2.3654 -2.0932 3.8109, -2.3654 -1.9992 3.7767, -2.3654 -1.9481 3.7581, -2.3654 -1.8506 3.7226, -2.3654 -1.2229 3.4941, -2.3654 -1.0729 3.4395, -2.3654 -0.9573 3.3975, -2.3654 -0.802 3.3409, -2.3654 -0.6489 3.2852, -2.3654 -0.4636 3.2178, -2.3654 -0.3223 3.1663, -2.3654 -0.1833 3.1157, -2.3654 -0.0377 3.0628, -2.3654 0.1561 2.9922, -2.3654 0.3778 2.9115, -2.2649 2.0668 3.622, -2.2613 2.0801 3.8148, -2.2613 2.0801 4.1181, -2.2598 2.0963 4.118, -2.2613 2.0788 4.1752, -2.2599 2.0949 4.1771, -2.2614 2.0717 4.208, -2.2599 2.0871 4.2128, -2.2616 2.0586 4.239, -2.2601 2.0729 4.2466, -2.2618 2.04 4.267, -2.2604 2.0526 4.2772, -2.2621 2.0167 4.291, -2.2607 2.0272 4.3033, -2.2624 1.9892 4.3103, -2.261 1.9973 4.3243, -2.2628 1.9583 4.3244, -2.2614 1.9636 4.3396, -2.2632 1.9269 4.3321, -2.2618 1.9295 4.3481, -2.2638 1.8788 4.3343, -2.2624 1.8787 4.3505, -2.2647 1.8107 4.3342, -2.2632 1.8107 4.3504, -2.2655 1.7424 4.3342, -2.264 1.7424 4.3504, -2.2663 1.6722 4.3342, -2.2649 1.6722 4.3504, -2.2672 1.5989 4.3342, -2.2657 1.5989 4.3504, -2.2712 1.2601 4.3342, -2.2697 1.2601 4.3504, -2.2725 1.1458 4.3342, -2.2711 1.1458 4.3504, -2.2737 1.044 4.3342, -2.2723 1.044 4.3504, -2.275 0.9396 4.3342, -2.2735 0.9396 4.3504, -2.2763 0.8255 4.3342, -2.2749 0.8254 4.3504, -2.2778 0.7012 4.3342, -2.2764 0.7012 4.3504, -2.2794 0.5665 4.3342, -2.278 0.5665 4.3504, -2.2811 0.4217 4.3342, -2.2797 0.4216 4.3504, -2.2829 0.2732 4.3342, -2.2814 0.2732 4.3504, -2.307 -1.7644 4.3342, -2.3056 -1.7644 4.3504, -2.3105 -2.0814 4.3342, -2.3091 -2.0814 4.3504, -2.3105 -2.1437 4.3307, -2.309 -2.1461 4.3468, -2.3105 -2.1872 4.3207, -2.309 -2.1921 4.3362, -2.3105 -2.2266 4.3043, -2.309 -2.2342 4.3186, -2.3105 -2.2629 4.2803, -2.309 -2.2731 4.2929, -2.3105 -2.2926 4.2516, -2.309 -2.3049 4.2622, -2.3105 -2.321 4.2119, -2.309 -2.335 4.2201, -2.3105 -2.3444 4.1627, -2.309 -2.3595 4.1684, -2.3105 -2.3619 4.099, -2.309 -2.3778 4.102, -2.3105 -2.3688 4.029, -2.309 -2.385 4.0291, -2.3105 -2.3651 3.9777, -2.309 -2.3811 3.9752, -2.3105 -2.3547 3.9341, -2.309 -2.3701 3.9291, -2.3105 -2.3373 3.894, -2.309 -2.3515 3.8862, -2.3105 -2.3124 3.8576, -2.309 -2.3249 3.8472, -2.3105 -2.2829 3.8279, -2.309 -2.2933 3.8156, -2.3105 -2.2472 3.8026, -2.309 -2.2555 3.7887, -2.3105 -2.1947 3.7774, -2.309 -2.2006 3.7623, -2.3105 -2.116 3.7486, -2.309 -2.1216 3.7334, -2.3105 -2.0219 3.7144, -2.309 -2.0274 3.6991, -2.3105 -1.9708 3.6957, -2.309 -1.9763 3.6805, -2.3105 -1.8732 3.6603, -2.309 -1.8788 3.645, -2.3105 -1.2456 3.4318, -2.309 -1.2511 3.4166, -2.3105 -1.0956 3.3772, -2.309 -1.1011 3.362, -2.3105 -0.98 3.3351, -2.309 -0.9855 3.3199, -2.3105 -0.8247 3.2786, -2.309 -0.8302 3.2634, -2.3105 -0.6715 3.2229, -2.309 -0.6771 3.2077, -2.3105 -0.4862 3.1554, -2.309 -0.4918 3.1402, -2.3105 -0.345 3.104, -2.309 -0.3505 3.0888, -2.3105 -0.206 3.0534, -2.309 -0.2115 3.0382, -2.3105 -0.0604 3.0004, -2.309 -0.066 2.9852, -2.3105 0.1335 2.9299, -2.309 0.1279 2.9147, -2.3105 0.3551 2.8492, -2.309 0.3496 2.834, -2.3492 0.3749 2.9037, -2.3492 0.1533 2.9843, -2.3492 -0.0406 3.0549, -2.3492 -0.1861 3.1079, -2.3492 -0.3251 3.1585, -2.3492 -0.4664 3.2099, -2.3492 -0.6517 3.2773, -2.3492 -0.8049 3.3331, -2.3492 -0.9602 3.3896, -2.3492 -1.0757 3.4317, -2.3492 -1.2257 3.4863, -2.3492 -1.8534 3.7147, -2.3492 -1.9509 3.7502, -2.3492 -2.0021 3.7688, -2.3492 -2.0961 3.8031, -2.3492 -2.1737 3.8314, -2.3492 -2.2174 3.8523, -2.3492 -2.2456 3.8723, -2.3492 -2.268 3.8947, -2.3586 0.6077 2.8246, -2.3348 0.1493 2.9733, -2.3348 -0.0446 3.0439, -2.3348 -0.1901 3.0968, -2.3348 -0.3292 3.1474, -2.3348 -0.4704 3.1989, -2.3348 -0.6557 3.2663, -2.3348 -0.8089 3.322, -2.3348 -0.9642 3.3786, -2.3348 -1.0798 3.4206, -2.3348 -1.2298 3.4752, -2.3348 -1.8574 3.7037, -2.3348 -1.9549 3.7392, -2.3348 -2.0061 3.7578, -2.3348 -2.1001 3.792, -2.3348 -2.178 3.8205, -2.3348 -2.2234 3.8423, -2.3348 -2.2531 3.8633, -2.3233 0.366 2.8791, -2.3233 0.1443 2.9598, -2.3233 -0.0495 3.0303, -2.3233 -0.1951 3.0833, -2.3233 -0.3341 3.1339, -2.3233 -0.4754 3.1853, -2.3233 -0.6607 3.2528, -2.3233 -0.8138 3.3085, -2.3233 -0.9691 3.365, -2.3233 -1.0847 3.4071, -2.3233 -1.2347 3.4617, -2.3233 -1.8624 3.6902, -2.3233 -1.9599 3.7257, -2.3233 -2.011 3.7443, -2.3233 -2.1051 3.7785, -2.3233 -2.1832 3.807, -2.3233 -2.2308 3.8299, -2.3233 -2.2624 3.8523, -2.3233 -2.288 3.878, -2.3233 -2.3094 3.9093, -2.3233 -2.3245 3.9441, -2.3233 -2.3337 3.9826, -2.3233 -2.337 4.0287, -2.3233 -2.3306 4.0931, -2.3233 -2.3146 4.1515, -2.3233 -2.2936 4.1957, -2.3233 -2.2686 4.2307, -2.3233 -2.2429 4.2555, -2.3233 -2.2117 4.2761, -2.3233 -2.1776 4.2904, -2.3233 -2.139 4.2993, -2.3233 -2.0815 4.3024, -2.3198 -1.7642 4.3024, -2.2957 0.2733 4.3024, -2.2939 0.4218 4.3024, -2.2922 0.5667 4.3024, -2.2906 0.7013 4.3024, -2.2891 0.8256 4.3024, -2.2878 0.9398 4.3024, -2.2865 1.0441 4.3024, -2.2853 1.1459 4.3024, -2.284 1.2603 4.3024, -2.28 1.599 4.3024, -2.2791 1.6724 4.3024, -2.2783 1.7425 4.3024, -2.2774 1.8109 4.3024, -2.2766 1.8791 4.3025, -2.276 1.922 4.3007, -2.2756 1.9479 4.2943, -2.2752 1.9734 4.2827, -2.2749 1.996 4.2668, -2.2746 2.0152 4.2471, -2.2743 2.0306 4.224, -2.2742 2.0413 4.1984, -2.2741 2.0472 4.1715, -2.2741 2.0482 4.1182, -2.2741 2.0483 3.8148, -2.2747 2.0472 3.622, -2.2662 2.0642 3.622, -2.2659 2.064 3.8148, -2.2659 2.064 4.1181, -2.2659 2.0628 4.1733, -2.266 2.0563 4.2031, -2.2662 2.0444 4.2314, -2.2664 2.0275 4.2569, -2.2667 2.0062 4.2788, -2.2671 1.9812 4.2964, -2.2675 1.953 4.3092, -2.2679 1.9244 4.3162, -2.2685 1.8789 4.3182, -2.2693 1.8108 4.3182, -2.2701 1.7424 4.3181, -2.2709 1.6723 4.3181, -2.2718 1.5989 4.3181, -2.2758 1.2602 4.3181, -2.2771 1.1458 4.3181, -2.2784 1.044 4.3181, -2.2796 0.9397 4.3181, -2.2809 0.8255 4.3181, -2.2824 0.7012 4.3181, -2.284 0.5666 4.3181, -2.2857 0.4217 4.3181, -2.2875 0.2732 4.3181, -2.3116 -1.7643 4.3181, -2.3151 -2.0815 4.3182, -2.3151 -2.1413 4.3148, -2.3151 -2.1824 4.3054, -2.3151 -2.2191 4.2901, -2.3151 -2.2528 4.2678, -2.3151 -2.2805 4.241, -2.3151 -2.3072 4.2037, -2.3151 -2.3293 4.1571, -2.3151 -2.3461 4.096, -2.3151 -2.3528 4.0288, -2.3151 -2.3493 3.9802, -2.3151 -2.3394 3.9392, -2.3151 -2.3232 3.9017, -2.3151 -2.3001 3.8679, -2.3151 -2.2725 3.8403, -2.3151 -2.2389 3.8164, -2.3151 -2.1889 3.7924, -2.3151 -2.1105 3.7637, -2.3151 -2.0164 3.7295, -2.3151 -1.9653 3.7109, -2.3151 -1.8677 3.6754, -2.3151 -1.2401 3.4469, -2.3151 -1.0901 3.3923, -2.3151 -0.9745 3.3502, -2.3151 -0.8192 3.2937, -2.3151 -0.666 3.238, -2.3151 -0.4807 3.1705, -2.3151 -0.3395 3.1191, -2.3151 -0.2005 3.0685, -2.3151 -0.0549 3.0155, -2.3151 0.139 2.945, -2.3151 0.3606 2.8643, -2.3492 0.1026 2.845, -2.3492 -0.0913 2.9156, -2.3492 -0.2369 2.9685, -2.3492 -0.3759 3.0191, -2.3492 -0.5171 3.0705, -2.3492 -0.7024 3.138, -2.3492 -0.8556 3.1937, -2.3492 -1.0109 3.2502, -2.3492 -1.1265 3.2923, -2.3492 -1.2765 3.3469, -2.3492 -1.9041 3.5754, -2.3492 -2.0016 3.6109, -2.3492 -2.0528 3.6295, -2.3492 -2.147 3.6638, -2.3492 -2.2274 3.6932, -2.3492 -2.2936 3.7251, -2.3492 -2.3411 3.7588, -2.3492 -2.3818 3.7997, -2.3492 -2.4004 3.8243, -2.3655 0.0997 2.8371, -2.3655 -0.0942 2.9077, -2.3655 -0.2397 2.9607, -2.3655 -0.3787 3.0113, -2.3655 -0.52 3.0627, -2.3655 -0.7053 3.1301, -2.3655 -0.8584 3.1859, -2.3655 -1.0137 3.2424, -2.3655 -1.1293 3.2845, -2.3655 -1.2793 3.3391, -2.3655 -1.907 3.5675, -2.3655 -2.0045 3.603, -2.3655 -2.0556 3.6216, -2.3655 -2.1499 3.6559, -2.3655 -2.2305 3.6854, -2.3655 -2.2979 3.718, -2.3655 -2.3464 3.7524, -2.3655 -2.3882 3.7943, -2.3655 -2.4073 3.8195, -2.3655 -2.4238 3.8465, -2.3655 -2.4375 3.8744, -2.3655 -2.4484 3.9032, -2.2598 2.0963 1.2303, -2.2602 2.1042 1.2303, -2.2649 2.1257 1.2303, -2.2747 2.1453 1.2303, -2.289 2.1619 1.2303, -2.3069 2.1745 1.2303, -2.3275 2.1823 1.2303, -2.3493 2.1848 1.2303, -2.371 2.1819 1.2303, -2.3914 2.1737 1.2303, -2.4091 2.1608 1.2303, -2.4231 2.1439 1.2303, -2.4325 2.1241 1.2303, -2.437 2.0963 1.2303, -2.4368 2.1026 1.2303, -2.2598 2.0963 -1.1614, -2.2602 2.1042 -1.1614, -2.2649 2.1257 -1.1614, -2.2747 2.1453 -1.1614, -2.289 2.1619 -1.1614, -2.3069 2.1745 -1.1614, -2.437 2.0963 -1.1614, -2.4368 2.1026 -1.1614, -2.4325 2.1241 -1.1614, -2.4231 2.1439 -1.1614, -2.4091 2.1608 -1.1614, -2.3914 2.1737 -1.1614, -2.371 2.1819 -1.1614, -2.3493 2.1848 -1.1614, -2.3484 2.1847 -1.1614, -2.3275 2.1823 -1.1614, -2.3041 2.052 -1.1614, -2.2602 2.0883 -1.1614, -2.2649 2.0668 -1.1614, -2.2747 2.0472 -1.1614, -2.289 2.0306 -1.1614, -2.3069 2.018 -1.1614, -2.4231 2.0486 -1.1614, -2.4325 2.0684 -1.1614, -2.3927 2.052 -1.1614, -2.4368 2.0899 -1.1614, -2.371 2.0106 -1.1614, -2.3493 2.0077 -1.1614, -2.3484 2.0078 -1.1614, -2.3914 2.0188 -1.1614, -2.4091 2.0317 -1.1614, -2.3275 2.0102 -1.1614, -2.4368 2.0899 1.2303, -2.4325 2.0684 1.2303, -2.4231 2.0486 1.2303, -2.4091 2.0317 1.2303, -2.3914 2.0188 1.2303, -2.3493 2.0077 1.2303, -2.371 2.0106 1.2303, -2.3275 2.0102 1.2303, -2.3069 2.018 1.2303, -2.289 2.0306 1.2303, -2.2747 2.0472 1.2303, -2.2649 2.0668 1.2303, -2.2602 2.0883 1.2303, -2.8197 0.551 2.6686, -2.8314 0.5525 2.6726, -2.8242 0.5778 2.7422, -2.8399 0.5535 2.6755, -2.8474 0.5553 2.6803, -2.8578 0.5577 2.6869, -2.8617 0.5592 2.691, -2.8723 0.5632 2.7022, -2.8816 0.5693 2.719, -2.8828 0.5701 2.7211, -2.8861 0.5748 2.734, -2.8876 0.5768 2.7394, -2.8876 0.5803 2.7489, -2.8876 0.5842 2.7598, -2.8865 0.5857 2.7639, -2.8825 0.5912 2.7791, -2.8743 0.5966 2.7937, -2.8728 0.5976 2.7965, -2.863 0.6014 2.8071, -2.8591 0.603 2.8113, -2.8489 0.6054 2.818, -2.8408 0.6073 2.8233, -2.833 0.6084 2.8261, -2.8215 0.6099 2.8303, -2.8163 0.6101 2.8309, -2.7996 0.6108 2.8329, -2.7845 0.6102 2.8312, -2.792 0.5802 2.7488, -2.7996 0.5502 2.6664, -2.8146 0.5508 2.668, -2.7795 0.61 2.8307, -2.7676 0.6085 2.8266, -2.7593 0.6075 2.8237, -2.7515 0.6057 2.8188, -2.7414 0.6033 2.8123, -2.7372 0.6017 2.8079, -2.7269 0.5978 2.7971, -2.7255 0.5969 2.7946, -2.7164 0.5909 2.7782, -2.7129 0.586 2.7647, -2.7117 0.5842 2.7598, -2.7117 0.5805 2.7496, -2.7117 0.5768 2.7394, -2.7129 0.575 2.7346, -2.7168 0.5698 2.7202, -2.7265 0.5635 2.7028, -2.7371 0.5593 2.6912, -2.7401 0.5581 2.6879, -2.7515 0.5553 2.6805, -2.7585 0.5537 2.6759, -2.7676 0.5525 2.6726, -2.7777 0.5511 2.669, -2.7845 0.5509 2.6682, -2.8332 -1.6577 3.6518, -2.8493 -1.6606 3.6437, -2.8634 -1.6647 3.6325, -2.8746 -1.6696 3.6189, -2.8163 -2.3112 4.0014, -2.8163 -2.3125 4.0279, -2.7996 -2.3099 4.0279, -2.8163 -2.2396 4.2096, -2.8163 -2.2209 4.2275, -2.7996 -2.2193 4.2256, -2.8163 -2.181 4.251, -2.8163 -2.1574 4.2578, -2.7996 -2.1568 4.2556, -2.8493 3.0077 3.622, -2.8476 3.0077 3.622, -2.8476 3.0077 3.9235, -2.8914 3.0188 3.622, -2.881 3.0146 3.622, -2.8812 3.014 3.9235, -2.9091 3.0317 3.622, -2.897 3.0229 3.622, -2.8974 3.0225 3.9235, -2.9325 3.0684 3.622, -2.9306 3.0644 3.622, -2.931 3.0642 3.9235, -2.9368 3.0899 3.622, -2.9349 3.0803 3.622, -2.9356 3.0802 3.9235, -2.9368 3.1026 3.622, -2.937 3.0963 3.622, -2.937 3.0962 3.9235, -2.8914 3.1737 3.622, -2.897 3.1696 3.622, -2.8973 3.1701 3.9235, -2.871 3.1819 3.622, -2.881 3.1779 3.622, -2.8812 3.1786 3.9235, -2.9091 3.1608 3.622, -2.9113 3.1582 3.622, -2.9115 3.1584 3.9235, -2.7996 -2.4609 4.1681, -2.8147 -2.4619 4.1682, -2.8147 -2.4749 4.1237, -2.8493 3.1848 3.9235, -2.8493 3.1848 3.8953, -2.8643 3.1834 3.9235, -2.8493 3.1848 3.8105, -2.8643 3.1828 3.622, -2.8493 3.1848 3.7194, -2.8493 3.1848 3.622, -2.8493 3.1848 3.9739, -2.8643 3.1834 4.0743, -2.8493 3.1849 4.0464, -2.8643 3.1826 4.1745, -2.8492 3.184 4.1505, -2.8643 3.1834 4.1505, -2.8493 3.1848 4.1128, -2.8493 3.1848 4.0743, -2.8642 3.1733 4.2286, -2.8492 3.179 4.202, -2.8643 3.1792 4.2022, -2.8492 3.1833 4.183, -2.8492 3.1835 4.1746, -2.8639 3.1408 4.3031, -2.849 3.1534 4.2789, -2.864 3.154 4.2793, -2.8491 3.1657 4.2545, -2.8641 3.1649 4.2544, -2.8491 3.1683 4.2494, -2.8491 3.173 4.2285, -2.8487 3.1254 4.3252, -2.8488 3.137 4.3118, -2.8488 3.1412 4.3033, -2.8638 3.1254 4.3255, -2.8636 3.108 4.3463, -2.8485 3.1076 4.3459, -2.8634 3.0886 4.3654, -2.8484 3.091 4.3651, -2.8632 3.0675 4.3825, -2.8481 3.0672 4.3818, -2.863 3.0448 4.3976, -2.8479 3.0448 4.3975, -2.8478 3.0331 4.4057, -2.8628 3.0208 4.4104, -2.8477 3.0211 4.4103, -2.8625 2.9957 4.4208, -2.8474 2.9955 4.42, -2.8623 2.9698 4.4288, -2.8472 2.9701 4.4297, -2.8472 2.9671 4.4308, -2.862 2.9432 4.4343, -2.847 2.9434 4.4337, -2.8618 2.9159 4.4371, -2.8467 2.9159 4.4369, -2.858 2.5341 4.4377, -2.8444 2.6861 4.439, -2.861 2.8355 4.4377, -2.8459 2.8357 4.439, -2.8466 2.8983 4.439, -2.8469 1.3283 4.4376, -2.8332 1.4759 4.439, -2.843 2.5343 4.439, -2.8098 -0.9522 4.439, -2.811 -0.8192 4.439, -2.8236 -1.0833 4.4377, -2.8123 -0.6851 4.439, -2.8139 -0.5227 4.439, -2.8158 -0.3198 4.439, -2.8318 1.3284 4.439, -2.8072 -1.2212 4.439, -2.8085 -1.0858 4.439, -2.8085 -1.0832 4.439, -2.8047 -1.4845 4.439, -2.8179 -1.6862 4.4377, -2.8037 -1.597 4.439, -2.8147 -2.0626 4.4377, -2.8001 -1.9876 4.439, -2.8149 -1.9877 4.4377, -2.8002 -1.9534 4.439, -2.8028 -1.6861 4.439, -2.7996 -2.1465 4.4342, -2.7996 -2.1 4.439, -2.7998 -2.0626 4.439, -2.8147 -2.2428 4.4139, -2.7996 -2.1965 4.429, -2.8147 -2.1942 4.4282, -2.8147 -2.1466 4.4355, -2.8147 -2.3323 4.3615, -2.7996 -2.2894 4.3905, -2.8147 -2.29 4.3913, -2.7996 -2.2687 4.4042, -2.7996 -2.2426 4.4131, -2.8147 -2.3981 4.2906, -2.7996 -2.3669 4.3265, -2.8147 -2.368 4.3275, -2.7996 -2.3376 4.3588, -2.7996 -2.3328 4.362, -2.7996 -2.4547 4.1909, -2.7996 -2.444 4.2104, -2.8147 -2.4447 4.2109, -2.7996 -2.4219 4.2508, -2.8147 -2.4235 4.2517, -2.7996 -2.4012 4.2886, -2.7996 -2.3988 4.2912, -2.8147 -2.4751 3.9321, -2.7996 -2.4855 3.9801, -2.8147 -2.4843 3.9811, -2.7996 -2.4848 4.0299, -2.8147 -2.4868 4.0299, -2.7996 -2.4842 4.0777, -2.8147 -2.4834 4.0776, -2.7996 -2.4841 4.0822, -2.7996 -2.473 4.1232, -2.8147 -2.4351 3.8391, -2.7996 -2.4582 3.8846, -2.8147 -2.4587 3.8843, -2.7996 -2.4665 3.9004, -2.7996 -2.4741 3.9323, -2.7996 -2.4046 3.7989, -2.7996 -2.4256 3.8223, -2.7996 -2.4345 3.8393, -2.8147 -2.4053 3.7982, -2.8147 -2.3704 3.7627, -2.7996 -2.3713 3.7617, -2.8147 -2.3323 3.7328, -2.7996 -2.3313 3.7342, -2.8147 -2.292 3.7082, -2.7996 -2.2924 3.7075, -2.7996 -2.2889 3.705, -2.8147 -2.2505 3.6883, -2.7996 -2.2501 3.6891, -2.8147 -2.2114 3.6732, -2.7996 -2.2114 3.6732, -2.7996 -0.8276 3.168, -2.7996 -1.716 3.4915, -2.8147 -1.7156 3.4927, -2.7996 -1.9993 3.5947, -2.8147 -1.9988 3.5959, -2.7996 -2.0121 3.5993, -2.8147 -2.1405 3.6475, -2.7996 -2.141 3.6462, -2.7996 -2.1836 3.6618, -2.897 3.1421 4.2736, -2.8971 3.1525 4.2498, -2.9114 3.1415 4.2457, -2.8972 3.1605 4.2252, -2.9115 3.1492 4.2221, -2.8973 3.1661 4.2, -2.9115 3.1546 4.198, -2.8973 3.1693 4.1736, -2.9115 3.1577 4.1728, -2.8973 3.1702 4.1504, -2.9115 3.1585 4.1503, -2.8973 3.1701 4.0743, -2.9116 3.1584 4.0743, -2.8969 3.1295 4.2963, -2.9112 3.1195 4.2902, -2.8968 3.1148 4.3177, -2.9109 3.0895 4.3297, -2.8966 3.0981 4.3375, -2.8621 -2.3782 4.2762, -2.8621 -2.4224 4.2006, -2.8478 -2.4123 4.2452, -2.8478 -2.4329 4.2055, -2.8316 -2.4404 4.2089, -2.8316 -2.4704 4.1227, -2.8316 -2.4575 4.1667, -2.8478 -2.4496 4.164, -2.8478 -1.7111 3.5049, -2.8478 -2.4623 4.1207, -2.8621 -2.4591 4.0744, -2.8478 -2.4706 4.0759, -2.8621 -2.4623 4.0296, -2.8478 -2.4739 4.0297, -2.8621 -2.4599 3.984, -2.8478 -2.4714 3.9826, -2.8621 -2.4514 3.9383, -2.8478 -2.4626 3.9354, -2.8621 -2.4361 3.8939, -2.8478 -2.4468 3.8894, -2.8621 -2.4143 3.8521, -2.8478 -2.4241 3.846, -2.8621 -2.3866 3.8141, -2.8478 -2.3954 3.8066, -2.8621 -2.3541 3.781, -2.8478 -2.3618 3.7724, -2.8621 -2.3183 3.753, -2.8478 -2.3249 3.7434, -2.8621 -2.2804 3.7298, -2.8478 -2.2859 3.7196, -2.8621 -2.2409 3.7109, -2.8478 -2.2454 3.7002, -2.8621 -2.203 3.6963, -2.8478 -2.207 3.6854, -2.8621 -2.1321 3.6705, -2.8478 -2.1361 3.6597, -2.8621 -1.9904 3.6189, -2.8478 -1.9944 3.6081, -2.8621 -1.7072 3.5158, -2.9349 3.1121 3.622, -2.871 3.0106 3.622, -2.8642 3.0097 3.622, -2.8643 3.0091 3.9235, -2.8811 3.1686 4.2273, -2.8812 3.1744 4.2014, -2.8812 3.1778 4.1742, -2.8812 3.1786 4.1505, -2.8812 3.1786 4.0743, -2.9113 3.0344 3.622, -2.9116 3.0342 3.9235, -2.9116 3.0342 4.0742, -2.8974 3.0225 4.0742, -2.9116 3.0342 4.149, -2.8974 3.0225 4.1488, -2.9116 3.0337 4.1642, -2.8974 3.022 4.1633, -2.9116 3.0322 4.1765, -2.8974 3.0207 4.1745, -2.9116 3.0294 4.1893, -2.8973 3.0181 4.1861, -2.9115 3.0254 4.2016, -2.8973 3.0144 4.1974, -2.9114 3.0139 4.2248, -2.8476 3.0077 3.9956, -2.8643 3.0091 4.0742, -2.8476 3.0074 4.0742, -2.8643 3.0092 4.1487, -2.8476 3.0072 4.1487, -2.8643 3.0087 4.1624, -2.8476 3.0072 4.1641, -2.8643 3.0075 4.1721, -2.8476 3.0055 4.1717, -2.8643 3.0052 4.1825, -2.8475 3.0032 4.182, -2.8642 3.0019 4.1926, -2.8475 3.0014 4.1898, -2.8642 2.9978 4.2022, -2.8475 2.9957 4.2011, -2.8641 2.9927 4.2114, -2.8805 3.1044 4.3432, -2.8807 3.1216 4.3227, -2.8808 3.1367 4.3007, -2.8809 3.1497 4.2773, -2.881 3.1604 4.2527, -2.8973 3.0097 4.2082, -2.8972 3.004 4.2186, -2.9113 2.9982 4.2454, -2.8971 2.9973 4.2283, -2.8971 2.9897 4.2374, -2.9111 2.9789 4.2626, -2.897 2.9812 4.2456, -2.8803 3.0853 4.3619, -2.8965 3.0796 4.3557, -2.8801 3.0646 4.3788, -2.8963 3.0595 4.3721, -2.8799 3.0423 4.3935, -2.896 3.0379 4.3864, -2.8797 3.0187 4.4061, -2.8474 2.9911 4.2104, -2.8474 2.9895 4.2137, -2.8641 2.9867 4.22, -2.8474 2.9851 4.2187, -2.864 2.98 4.2281, -2.8473 2.9784 4.2265, -2.8639 2.9725 4.2355, -2.8472 2.972 4.2339, -2.8639 2.9643 4.2421, -2.8472 2.963 4.2401, -2.8638 2.9555 4.2479, -2.8471 2.9546 4.2461, -2.8637 2.9463 4.2528, -2.847 2.95 4.2493, -2.847 2.9456 4.251, -2.8636 2.9366 4.2569, -2.8469 2.936 4.2547, -2.8635 2.9265 4.26, -2.8468 2.9262 4.2584, -2.8634 2.9161 4.2621, -2.8467 2.9159 4.2596, -2.8633 2.906 4.2632, -2.846 2.8358 4.2618, -2.8627 2.8356 4.2634, -2.8465 2.8952 4.2619, -2.8466 2.906 4.2607, -2.8458 2.8187 4.2618, -2.8448 2.7086 4.2618, -2.8599 2.5341 4.2634, -2.8436 2.5835 4.2618, -2.8432 2.5343 4.2618, -2.8422 2.4429 4.2618, -2.8364 1.8539 4.2618, -2.848 1.3283 4.2634, -2.8314 1.3285 4.2618, -2.8252 -1.0833 4.2634, -2.8085 -1.0832 4.2618, -2.8036 -1.598 4.2618, -2.8195 -1.6863 4.2634, -2.8029 -1.6861 4.2618, -2.8165 -1.9877 4.2634, -2.8003 -1.9876 4.2619, -2.8163 -2.0632 4.2634, -2.7997 -2.0632 4.2619, -2.7996 -2.0749 4.2619, -2.8163 -2.1301 4.262, -2.7996 -2.1299 4.259, -2.7996 -2.1477 4.2581, -2.7996 -2.1804 4.2492, -2.7996 -2.1829 4.2485, -2.8163 -2.2018 4.241, -2.7996 -2.2006 4.2389, -2.7996 -2.211 4.2332, -2.8969 2.9721 4.2531, -2.8968 2.9622 4.2596, -2.9109 2.9567 4.2759, -2.8967 2.9518 4.2652, -2.9108 2.9448 4.2809, -2.8966 2.9409 4.2697, -2.9106 2.9324 4.2847, -2.8965 2.9296 4.2732, -2.9105 2.9196 4.2873, -2.8964 2.9179 4.2756, -2.9104 2.907 4.2886, -2.8962 2.9065 4.2768, -2.9097 2.8351 4.2889, -2.8956 2.8353 4.2771, -2.9069 2.5337 4.289, -2.8928 2.5338 4.2771, -2.8952 1.3278 4.2887, -2.881 1.328 4.2769, -2.8723 -1.0838 4.2889, -2.8582 -1.0837 4.2771, -2.8666 -1.6867 4.2889, -2.8524 -1.6866 4.2771, -2.8636 -1.9882 4.2889, -2.8495 -1.988 4.2771, -2.8634 -2.0631 4.2889, -2.8493 -2.0631 4.2771, -2.8634 -2.1325 4.2874, -2.8493 -2.1314 4.2756, -2.8634 -2.1628 4.2828, -2.8493 -2.1602 4.2712, -2.8634 -2.1901 4.2748, -2.8493 -2.1859 4.2637, -2.8634 -2.2147 4.263, -2.8493 -2.2087 4.2528, -2.8634 -2.2372 4.2471, -2.8493 -2.2297 4.238, -2.8634 -2.2584 4.2268, -2.8493 -2.2497 4.2188, -2.8634 -2.2778 4.2031, -2.8316 -2.4194 4.2493, -2.8316 -2.3943 4.2879, -2.8478 -2.3876 4.283, -2.8316 -2.3646 4.3243, -2.8478 -2.3585 4.3187, -2.8316 -2.3293 4.3579, -2.8478 -2.324 4.3516, -2.8316 -2.2876 4.3873, -2.8478 -2.2834 4.3802, -2.8316 -2.2412 4.4095, -2.8478 -2.2382 4.4018, -2.8316 -2.1932 4.4236, -2.8478 -2.1914 4.4155, -2.8316 -2.1462 4.4308, -2.8478 -2.1454 4.4226, -2.8316 -2.0626 4.433, -2.8478 -2.0627 4.4247, -2.8318 -1.9879 4.433, -2.848 -1.988 4.4247, -2.8348 -1.6864 4.433, -2.851 -1.6866 4.4247, -2.8405 -1.0835 4.433, -2.8567 -1.0836 4.4247, -2.8638 1.3281 4.4329, -2.8799 1.328 4.4246, -2.875 2.534 4.433, -2.8912 2.5338 4.4248, -2.8779 2.8354 4.433, -2.8941 2.8352 4.4247, -2.8787 2.9154 4.4325, -2.8949 2.9148 4.4242, -2.879 2.9423 4.4296, -2.8951 2.9409 4.4215, -2.8792 2.9685 4.4242, -2.8954 2.9663 4.4162, -2.8794 2.994 4.4164, -2.8956 2.991 4.4086, -2.8958 3.015 4.3986, -2.9105 3.0525 4.3627, -2.7996 -2.2383 4.2083, -2.7996 -2.2404 4.2063, -2.8163 -2.2572 4.1881, -2.7996 -2.2545 4.1862, -2.8163 -2.2729 4.164, -2.9101 3.0099 4.3882, -2.9099 2.9869 4.3977, -2.9097 2.9632 4.405, -2.9095 2.939 4.41, -2.9092 2.914 4.4126, -2.9084 2.8351 4.4132, -2.9055 2.5337 4.4132, -2.8943 1.3279 4.413, -2.8711 -1.0838 4.4131, -2.8653 -1.6867 4.4131, -2.8624 -1.9882 4.4131, -2.8622 -2.0627 4.4132, -2.8621 -2.1443 4.411, -2.8621 -2.189 4.4042, -2.8621 -2.2341 4.3909, -2.8621 -2.2775 4.3702, -2.8621 -2.3166 4.3427, -2.8621 -2.3499 4.3109, -2.9231 3.1439 3.622, -2.9229 3.1441 3.9235, -2.9229 3.1441 4.0743, -2.9229 3.1441 4.1501, -2.9229 3.1434 4.1718, -2.9229 3.1405 4.1955, -2.9228 3.1353 4.2183, -2.9228 3.1281 4.2406, -2.9226 3.1073 4.2827, -2.9223 3.0789 4.32, -2.922 3.044 4.3513, -2.9216 3.0037 4.3753, -2.9214 2.982 4.3843, -2.9212 2.9596 4.3912, -2.921 2.9366 4.396, -2.9208 2.9131 4.3984, -2.92 2.835 4.3989, -2.9171 2.5336 4.399, -2.9057 1.3277 4.3987, -2.8826 -1.0839 4.3989, -2.8769 -1.6868 4.3989, -2.8739 -1.9883 4.3989, -2.8737 -2.0627 4.3989, -2.8737 -2.1429 4.3969, -2.8737 -2.186 4.3903, -2.8737 -2.2291 4.3776, -2.8737 -2.2703 4.3579, -2.8737 -2.3075 4.3317, -2.8737 -2.3394 4.3012, -2.8737 -2.3667 4.2678, -2.8737 -2.4094 4.1947, -2.8621 -2.4511 4.118, -2.8737 -2.4372 4.1147, -2.9306 3.1281 3.622, -2.931 3.1283 3.9235, -2.931 3.1283 4.0743, -2.931 3.1283 4.15, -2.931 3.1276 4.1707, -2.931 3.1249 4.1928, -2.9309 3.1201 4.2142, -2.9309 3.1133 4.2351, -2.9307 3.0939 4.2744, -2.9304 3.0673 4.3094, -2.9301 3.0346 4.3386, -2.9298 2.9969 4.3611, -2.9296 2.9766 4.3695, -2.9294 2.9556 4.376, -2.9292 2.9341 4.3804, -2.929 2.9121 4.3827, -2.9282 2.8349 4.3832, -2.9253 2.5335 4.3833, -2.9139 1.3277 4.3829, -2.8908 -1.084 4.3832, -2.8851 -1.6869 4.3832, -2.8821 -1.9883 4.3832, -2.8819 -2.0628 4.3832, -2.8819 -2.1414 4.3812, -2.8819 -2.1827 4.3749, -2.8819 -2.2235 4.3629, -2.8819 -2.2624 4.3443, -2.8819 -2.2975 4.3196, -2.8819 -2.3279 4.2906, -2.8819 -2.354 4.2586, -2.8819 -2.3952 4.1881, -2.8819 -2.4219 4.1111, -2.8493 -2.2682 4.1961, -2.8493 -2.2847 4.1709, -2.8634 -2.3095 4.1487, -2.8493 -2.2988 4.1437, -2.8634 -2.3303 4.0891, -2.7996 -2.2708 4.1627, -2.7996 -2.2759 4.1553, -2.8163 -2.2864 4.138, -2.7996 -2.2835 4.1368, -2.8163 -2.2973 4.1109, -2.7996 -2.2945 4.1098, -2.8163 -2.3055 4.0832, -2.9231 3.0486 3.622, -2.923 3.0485 3.9235, -2.923 3.0485 4.0742, -2.923 3.0486 4.1491, -2.923 3.048 4.1652, -2.923 3.0464 4.179, -2.9229 3.0432 4.1931, -2.9229 3.0388 4.2068, -2.9228 3.0261 4.2324, -2.9226 3.0087 4.2552, -2.9224 2.9874 4.2743, -2.9221 2.9628 4.289, -2.922 2.9496 4.2945, -2.9219 2.9359 4.2987, -2.9218 2.9218 4.3016, -2.9216 2.9077 4.303, -2.9209 2.835 4.3034, -2.9181 2.5336 4.3034, -2.9064 1.3277 4.3032, -2.8835 -1.0839 4.3034, -2.8778 -1.6868 4.3034, -2.8748 -1.9883 4.3034, -2.8746 -2.063 4.3034, -2.8746 -2.1339 4.3018, -2.8746 -2.1658 4.2969, -2.8746 -2.1952 4.2883, -2.8746 -2.222 4.2755, -2.8746 -2.2465 4.2582, -2.8746 -2.2691 4.2366, -2.8746 -2.2895 4.2116, -2.8746 -2.3226 4.1547, -2.8746 -2.3443 4.0925, -2.8746 -2.3525 4.0283, -2.7996 -2.3011 4.0936, -2.7996 -2.303 4.0826, -2.8163 -2.3106 4.0553, -2.7996 -2.3079 4.0549, -2.7996 -2.3105 4.04, -2.7996 -2.3085 4.0017, -2.7996 -2.308 3.9904, -2.8163 -2.3065 3.9763, -2.7996 -2.3039 3.9771, -2.8163 -2.2985 3.9529, -2.7996 -2.2963 3.9517, -2.8163 -2.2872 3.9311, -2.7996 -2.2849 3.9325, -2.8163 -2.2726 3.9112, -2.7996 -2.277 3.9192, -2.7996 -2.2707 3.9129, -2.8163 -2.2546 3.8929, -2.7996 -2.2526 3.895, -2.8163 -2.2334 3.8762, -2.7996 -2.2425 3.8849, -2.7996 -2.2318 3.8786, -2.8163 -2.2092 3.8615, -2.7996 -2.2077 3.8642, -2.8163 -2.1828 3.8489, -2.7996 -2.191 3.8542, -2.7996 -2.182 3.8508, -2.8163 -2.1516 3.8369, -2.7996 -2.1508 3.8391, -2.8163 -2.0808 3.8112, -2.7996 -2.089 3.8159, -2.7996 -2.0802 3.8127, -2.8163 -1.9392 3.7596, -2.7996 -1.9387 3.7611, -2.9325 3.1241 3.622, -2.9356 3.1122 3.9235, -2.9356 3.1122 4.0743, -2.9356 3.1123 4.1498, -2.9356 3.1116 4.1696, -2.9356 3.1091 4.19, -2.9355 3.1046 4.21, -2.9355 3.0983 4.2294, -2.9353 3.0802 4.266, -2.9351 3.0555 4.2985, -2.9348 3.0251 4.3257, -2.9344 2.99 4.3466, -2.9342 2.9711 4.3545, -2.9341 2.9516 4.3605, -2.9339 2.9316 4.3646, -2.9337 2.9112 4.3667, -2.9329 2.8349 4.3672, -2.9301 2.5334 4.3673, -2.9186 1.3276 4.3669, -2.8956 -1.084 4.3672, -2.8898 -1.6869 4.3672, -2.8869 -1.9884 4.3672, -2.8866 -2.0628 4.3672, -2.8866 -2.1399 4.3653, -2.8866 -2.1793 4.3593, -2.8866 -2.2178 4.348, -2.8866 -2.2543 4.3305, -2.8866 -2.2873 4.3073, -2.8866 -2.3161 4.2798, -2.8866 -2.3411 4.2492, -2.8866 -2.3806 4.1814, -2.8866 -2.4064 4.1073, -2.8819 -2.4323 4.0293, -2.8866 -2.4163 4.0291, -2.8819 -2.4302 3.9875, -2.8866 -2.4143 3.9893, -2.8819 -2.4224 3.9459, -2.8866 -2.4069 3.95, -2.8819 -2.4086 3.9057, -2.8866 -2.3939 3.912, -2.8819 -2.3889 3.8679, -2.8866 -2.3753 3.8763, -2.8819 -2.3638 3.8335, -2.8866 -2.3516 3.8439, -2.8819 -2.3342 3.8034, -2.8866 -2.3236 3.8153, -2.8819 -2.3013 3.7776, -2.8866 -2.2922 3.7908, -2.8819 -2.2661 3.7562, -2.8866 -2.2585 3.7702, -2.8819 -2.2293 3.7385, -2.8866 -2.2231 3.7532, -2.8819 -2.1927 3.7244, -2.8866 -2.1872 3.7394, -2.8819 -2.1218 3.6987, -2.8866 -2.1164 3.7137, -2.8819 -1.9802 3.6471, -2.8866 -1.9747 3.6621, -2.8819 -1.6969 3.5439, -2.8866 -1.6914 3.559, -2.7996 -1.9228 3.7554, -2.7996 -1.7894 3.7068, -2.8163 -1.6559 3.6565, -2.7996 -1.6648 3.6614, -2.8316 -2.4788 4.077, -2.8316 -2.4821 4.0298, -2.8316 -2.4796 3.9816, -2.8316 -2.4706 3.9333, -2.8316 -2.4544 3.8861, -2.8316 -2.4312 3.8416, -2.8316 -2.4017 3.8012, -2.8316 -2.3673 3.7662, -2.8316 -2.3296 3.7366, -2.8316 -2.2898 3.7123, -2.8316 -2.2486 3.6926, -2.8316 -2.2098 3.6776, -2.8316 -2.1389 3.6519, -2.8316 -1.9972 3.6003, -2.8316 -1.714 3.4971, -2.8737 -2.445 4.0726, -2.8737 -2.448 4.0294, -2.8737 -2.4458 3.9856, -2.8737 -2.4376 3.9419, -2.8737 -2.423 3.8995, -2.8737 -2.4022 3.8596, -2.8737 -2.3757 3.8233, -2.8737 -2.3447 3.7916, -2.8737 -2.3103 3.7647, -2.8737 -2.2736 3.7423, -2.8737 -2.2354 3.724, -2.8737 -2.1981 3.7096, -2.8737 -2.1272 3.6839, -2.8737 -1.9856 3.6323, -2.8737 -1.7023 3.5292, -2.8882 -1.686 3.574, -2.8882 -1.9692 3.6772, -2.8882 -2.1109 3.7287, -2.8882 -2.1817 3.7545, -2.8882 -2.2169 3.768, -2.8882 -2.2509 3.7843, -2.8882 -2.2832 3.804, -2.8882 -2.3129 3.8273, -2.8882 -2.3394 3.8543, -2.8882 -2.3617 3.8848, -2.8882 -2.3792 3.9183, -2.8882 -2.3914 3.9541, -2.8882 -2.3984 3.9912, -2.8882 -2.4003 4.0289, -2.8882 -2.3908 4.1036, -2.8882 -2.3661 4.1747, -2.8882 -2.3281 4.2397, -2.8882 -2.3043 4.2689, -2.8882 -2.277 4.295, -2.8882 -2.2462 4.3167, -2.8882 -2.2121 4.333, -2.8882 -2.1759 4.3436, -2.8882 -2.1384 4.3493, -2.8882 -2.0629 4.3512, -2.8884 -1.9884 4.3512, -2.8914 -1.687 4.3512, -2.8971 -1.084 4.3512, -2.9201 1.3276 4.3509, -2.9316 2.5334 4.3513, -2.9345 2.8349 4.3512, -2.9352 2.9103 4.3507, -2.9354 2.9291 4.3488, -2.9356 2.9476 4.345, -2.9358 2.9657 4.3394, -2.9359 2.9831 4.3322, -2.9362 3.0156 4.3128, -2.9365 3.0437 4.2876, -2.9367 3.0666 4.2576, -2.9369 3.0833 4.2237, -2.9369 3.0892 4.2057, -2.937 3.0933 4.1873, -2.937 3.0956 4.1685, -2.937 3.0962 4.1496, -2.937 3.0962 4.0743, -2.8869 -1.6805 3.5891, -2.8869 -1.9638 3.6922, -2.8869 -2.1054 3.7438, -2.8869 -2.1762 3.7695, -2.8869 -2.2107 3.7828, -2.8869 -2.2433 3.7984, -2.8869 -2.2741 3.8172, -2.8869 -2.3023 3.8393, -2.8869 -2.3272 3.8647, -2.8869 -2.3481 3.8932, -2.8869 -2.3645 3.9246, -2.8869 -2.3759 3.9581, -2.8869 -2.3825 3.9931, -2.8869 -2.3843 4.0287, -2.8869 -2.3752 4.0999, -2.8869 -2.3515 4.168, -2.8869 -2.3152 4.2303, -2.8869 -2.2925 4.2581, -2.8869 -2.2668 4.2827, -2.8869 -2.2381 4.3029, -2.8869 -2.2065 4.318, -2.8869 -2.1725 4.328, -2.8869 -2.1369 4.3334, -2.8869 -2.0629 4.3352, -2.8871 -1.9884 4.3352, -2.8901 -1.6869 4.3351, -2.8958 -1.084 4.3352, -2.9188 1.3276 4.3349, -2.9304 2.5334 4.3352, -2.9332 2.8349 4.3352, -2.9339 2.9094 4.3348, -2.9341 2.9266 4.333, -2.9343 2.9436 4.3295, -2.9344 2.9603 4.3244, -2.9346 2.9763 4.3177, -2.9349 3.0061 4.2999, -2.9351 3.032 4.2768, -2.9353 3.053 4.2491, -2.9355 3.0684 4.218, -2.9355 3.0737 4.2015, -2.9355 3.0775 4.1845, -2.9356 3.0796 4.1674, -2.9356 3.0802 4.1495, -2.9356 3.0802 4.0742, -2.931 3.0642 4.0742, -2.931 3.0643 4.1493, -2.931 3.0637 4.1663, -2.931 3.0618 4.1818, -2.931 3.0583 4.1973, -2.9309 3.0534 4.2124, -2.9308 3.0394 4.2407, -2.9306 3.0203 4.2659, -2.9304 2.9967 4.287, -2.9301 2.9695 4.3032, -2.93 2.9549 4.3093, -2.9298 2.9397 4.314, -2.9297 2.9242 4.3172, -2.9295 2.9085 4.3188, -2.9288 2.8349 4.3192, -2.926 2.5335 4.3192, -2.9144 1.3277 4.3189, -2.8914 -1.084 4.3192, -2.8857 -1.6869 4.3191, -2.8827 -1.9884 4.3192, -2.8825 -2.063 4.3192, -2.8825 -2.1354 4.3175, -2.8825 -2.1691 4.3123, -2.8825 -2.2008 4.3031, -2.8825 -2.23 4.2891, -2.8825 -2.2566 4.2704, -2.8825 -2.2807 4.2473, -2.8825 -2.3022 4.2209, -2.8825 -2.337 4.1613, -2.8825 -2.3597 4.0961, -2.8825 -2.3683 4.0285, -2.8825 -2.3666 3.9949, -2.8825 -2.3604 3.9622, -2.8825 -2.3497 3.9309, -2.8825 -2.3345 3.9017, -2.8825 -2.315 3.875, -2.8825 -2.2916 3.8512, -2.8825 -2.265 3.8304, -2.8825 -2.2357 3.8125, -2.8825 -2.2045 3.7975, -2.8825 -2.1707 3.7845, -2.8825 -2.0999 3.7588, -2.8825 -1.9583 3.7073, -2.8825 -1.675 3.6041, -2.8746 -2.3509 3.9968, -2.8746 -2.3452 3.9662, -2.8746 -2.3352 3.9371, -2.8746 -2.3211 3.91, -2.8746 -2.303 3.8853, -2.8746 -2.2812 3.863, -2.8746 -2.256 3.8433, -2.8746 -2.2282 3.8264, -2.8746 -2.1983 3.8121, -2.8746 -2.1653 3.7994, -2.8746 -2.0945 3.7736, -2.8746 -1.9529 3.7221, -2.8634 -1.9479 3.7357, -2.8634 -2.0895 3.7872, -2.8634 -2.1603 3.8129, -2.8634 -2.1927 3.8254, -2.8634 -2.2213 3.8391, -2.8634 -2.2478 3.8552, -2.8634 -2.2716 3.8738, -2.8634 -2.292 3.8946, -2.8634 -2.3088 3.9176, -2.8634 -2.322 3.9428, -2.8634 -2.3312 3.9699, -2.8634 -2.3365 3.9984, -2.8634 -2.3381 4.0282, -2.8634 -2.3359 4.0586, -2.8493 -1.9439 3.7468, -2.8493 -2.0855 3.7984, -2.8493 -2.1563 3.8241, -2.8493 -2.1881 3.8363, -2.8493 -2.2157 3.8495, -2.8493 -2.2411 3.865, -2.8493 -2.2637 3.8827, -2.8493 -2.283 3.9023, -2.8493 -2.2988 3.9239, -2.8493 -2.3111 3.9475, -2.8493 -2.3197 3.9729, -2.8493 -2.3248 3.9998, -2.8493 -2.3262 4.028, -2.8493 -2.3241 4.0571, -2.8493 -2.3187 4.0863, -2.8493 -2.3102 4.1154, -2.8332 -1.9409 3.7549, -2.8332 -2.0825 3.8065, -2.8332 -2.1533 3.8322, -2.8332 -2.1848 3.8443, -2.8332 -2.2116 3.8571, -2.8332 -2.2362 3.8721, -2.8332 -2.2579 3.8891, -2.8332 -2.2764 3.9079, -2.8332 -2.2915 3.9285, -2.8332 -2.3031 3.9509, -2.8332 -2.3114 3.9751, -2.8332 -2.3162 4.0008, -2.8332 -2.3176 4.0279, -2.8332 -2.3156 4.0559, -2.8332 -2.3103 4.0843, -2.8332 -2.3021 4.1126, -2.8332 -2.2909 4.1401, -2.8332 -2.2772 4.1665, -2.8332 -2.2612 4.1911, -2.8332 -2.2433 4.213, -2.8332 -2.2241 4.2314, -2.8332 -2.2043 4.2454, -2.8332 -2.1828 4.2556, -2.8332 -2.1584 4.2627, -2.8332 -2.1306 4.267, -2.8332 -2.0632 4.2684, -2.8334 -1.9879 4.2684, -2.8364 -1.6864 4.2684, -2.8421 -1.0835 4.2684, -2.8649 1.3281 4.2683, -2.8767 2.5339 4.2685, -2.8796 2.8354 4.2685, -2.8802 2.9061 4.2682, -2.8803 2.9167 4.2671, -2.8804 2.9276 4.2648, -2.8805 2.9381 4.2616, -2.8806 2.9483 4.2574, -2.8807 2.958 4.2522, -2.8808 2.9671 4.2461, -2.8809 2.9756 4.2392, -2.8809 2.9835 4.2315, -2.881 2.9906 4.2231, -2.8811 2.9968 4.214, -2.8811 3.0021 4.2044, -2.8812 3.0065 4.1944, -2.8812 3.0099 4.1839, -2.8812 3.0123 4.173, -2.8812 3.0136 4.1627, -2.8812 3.014 4.1487, -2.8812 3.014 4.0742, -2.7996 -1.6554 3.658, -2.7996 -1.6523 3.6569, -2.7996 -1.4464 3.5819, -2.7996 -1.2979 3.5278, -2.7996 -1.0384 3.4333, -2.7996 -0.8582 3.3677, -2.7996 -0.6888 3.3061, -2.7996 -0.4497 3.219, -2.7996 -0.2032 3.1292, -2.7996 0.0563 3.0347, -2.7996 0.3279 2.9359, -2.7649 3.1257 3.622, -2.7666 3.1291 3.622, -2.7662 3.1292 3.9235, -2.7602 3.0883 3.622, -2.7598 3.0963 3.622, -2.7598 3.0971 3.9235, -2.7747 3.0472 3.622, -2.7738 3.049 3.622, -2.7736 3.0489 3.9235, -2.7986 2.9524 4.2645, -2.7843 2.9575 4.275, -2.7841 2.9457 4.28, -2.789 3.0306 3.622, -2.7854 3.0348 3.622, -2.785 3.0344 3.9235, -2.7844 -2.3981 4.2906, -2.7844 -2.368 4.3275, -2.7844 -2.4234 4.2517, -2.7844 -2.4619 4.1682, -2.8325 3.0096 3.622, -2.8324 3.0091 3.9235, -2.8323 2.9927 4.2112, -2.8323 2.9978 4.2021, -2.8323 3.002 4.1925, -2.8324 3.0052 4.1825, -2.8324 3.0076 4.1721, -2.8324 3.0088 4.1624, -2.8324 3.0092 4.1487, -2.8324 3.0092 4.0742, -2.8322 2.9868 4.2199, -2.8321 2.9801 4.2279, -2.8321 2.9726 4.2353, -2.832 2.9644 4.2419, -2.8319 2.9557 4.2477, -2.8318 2.9465 4.2526, -2.8317 2.9368 4.2566, -2.8316 2.9267 4.2597, -2.8315 2.9164 4.2618, -2.8314 2.9063 4.2629, -2.828 2.5344 4.2631, -2.8308 2.8359 4.2631, -2.7934 -1.083 4.2631, -2.8161 1.3286 4.2632, -2.7844 -2.0632 4.2632, -2.7846 -1.9874 4.2631, -2.7876 -1.686 4.2631, -2.7844 -2.1301 4.2617, -2.7844 -2.1573 4.2576, -2.7844 -2.1809 4.2507, -2.7844 -2.2394 4.2094, -2.7844 -2.2208 4.2273, -2.7844 -2.2017 4.2408, -2.7844 -2.2726 4.1638, -2.7844 -2.2861 4.1379, -2.7844 -2.297 4.1108, -2.7844 -2.3052 4.0831, -2.7844 -2.3103 4.0553, -2.7844 -2.3109 4.0015, -2.7844 -2.3123 4.0279, -2.7844 -2.287 3.9313, -2.7844 -2.2983 3.953, -2.7844 -2.3063 3.9764, -2.7844 -2.2544 3.8931, -2.7844 -2.2724 3.9113, -2.7844 -2.2091 3.8618, -2.7844 -2.2332 3.8765, -2.7844 -2.1827 3.8491, -2.7844 -2.1515 3.8371, -2.7844 -1.9391 3.7599, -2.7844 -1.6558 3.6567, -2.7844 -1.7155 3.4928, -2.7844 -1.9988 3.5959, -2.7844 -2.2504 3.6883, -2.7844 -2.2114 3.6732, -2.7844 -2.1405 3.6475, -2.7844 -2.4053 3.7982, -2.7844 -2.3704 3.7627, -2.7844 -2.3323 3.7328, -2.7844 -2.292 3.7082, -2.7844 -2.4587 3.8843, -2.7844 -2.4351 3.8391, -2.7844 -2.4751 3.9321, -2.7844 -2.4843 3.9811, -2.7844 -2.4868 4.0299, -2.7844 -2.4834 4.0776, -2.7844 -2.4749 4.1237, -2.7844 -2.29 4.3913, -2.7844 -2.3323 4.3615, -2.7844 -2.2428 4.4139, -2.7844 -2.1942 4.4282, -2.7844 -2.1466 4.4355, -2.7844 -2.0626 4.4377, -2.7847 -1.9874 4.4377, -2.7933 -1.083 4.4377, -2.7876 -1.6859 4.4377, -2.8166 1.3286 4.4377, -2.8278 2.5344 4.4376, -2.8307 2.8358 4.4377, -2.8318 2.9435 4.4342, -2.8316 2.9161 4.4371, -2.8325 3.0211 4.4103, -2.8323 2.996 4.4208, -2.832 2.9701 4.4288, -2.8339 3.1652 4.2544, -2.834 3.1736 4.2286, -2.834 3.1795 4.2022, -2.834 3.1829 4.1745, -2.8341 3.1837 4.1505, -2.8341 3.1837 4.0743, -2.8341 3.1837 3.9235, -2.8493 3.1848 3.622, -2.8341 3.1831 3.622, -2.8275 3.1823 3.622, -2.8069 3.018 3.622, -2.7996 3.0231 3.622, -2.7993 3.0226 3.9235, -2.8007 3.1708 3.9235, -2.801 3.1704 3.622, -2.8069 3.1745 3.622, -2.785 3.0345 4.0742, -2.7993 3.0226 4.0742, -2.785 3.0345 4.149, -2.7993 3.0226 4.1488, -2.785 3.034 4.1641, -2.7993 3.0222 4.1633, -2.785 3.0325 4.1764, -2.7993 3.0208 4.1744, -2.7849 3.0296 4.189, -2.7992 3.0182 4.1859, -2.7849 3.0257 4.2013, -2.7992 3.0146 4.1971, -2.7848 3.0143 4.2243, -2.7991 3.0042 4.2181, -2.7991 3.0099 4.2079, -2.7987 2.9627 4.2589, -2.7988 2.9725 4.2524, -2.7845 2.9796 4.2619, -2.7989 2.9816 4.2451, -2.7846 2.9988 4.2448, -2.7989 2.99 4.2368, -2.799 2.9976 4.2278, -2.7985 2.9416 4.269, -2.784 2.9333 4.2838, -2.7984 2.9303 4.2724, -2.7839 2.9207 4.2864, -2.7983 2.9187 4.2748, -2.7837 2.9082 4.2877, -2.7981 2.9074 4.276, -2.7831 2.8364 4.288, -2.7975 2.8362 4.2763, -2.7803 2.5349 4.2879, -2.7947 2.5347 4.2762, -2.7685 1.3291 4.2881, -2.7829 1.3289 4.2764, -2.7457 -1.0826 4.288, -2.7601 -1.0827 4.2763, -2.7399 -1.6855 4.288, -2.7543 -1.6856 4.2763, -2.737 -1.9869 4.288, -2.7514 -1.9871 4.2763, -2.7368 -2.0632 4.288, -2.7511 -2.0632 4.2763, -2.7368 -2.1324 4.2864, -2.7511 -2.1313 4.2748, -2.7368 -2.1626 4.2818, -2.7511 -2.1601 4.2704, -2.7368 -2.1897 4.2739, -2.7511 -2.1856 4.263, -2.7368 -2.2142 4.2622, -2.7511 -2.2083 4.2521, -2.7368 -2.2366 4.2464, -2.7511 -2.2291 4.2374, -2.7368 -2.2577 4.2262, -2.7511 -2.2491 4.2183, -2.7368 -2.277 4.2025, -2.7511 -2.2675 4.1957, -2.7368 -2.3293 4.0889, -2.7368 -2.3349 4.0584, -2.7511 -2.3233 4.0569, -2.7368 -2.0892 3.7881, -2.7512 -2.156 3.8248, -2.7368 -2.16 3.8138, -2.7512 -2.1878 3.837, -2.7368 -2.1924 3.8263, -2.7512 -2.2153 3.8502, -2.7368 -2.2209 3.8399, -2.7512 -2.2406 3.8657, -2.7368 -2.2473 3.856, -2.7512 -2.2631 3.8833, -2.7368 -2.2709 3.8745, -2.7512 -2.2824 3.9028, -2.7368 -2.2913 3.8952, -2.7512 -2.2981 3.9243, -2.7368 -2.308 3.9181, -2.7511 -2.3103 3.9478, -2.7368 -2.3211 3.9432, -2.7511 -2.319 3.9731, -2.7368 -2.3303 3.9701, -2.7511 -2.324 3.9999, -2.7368 -2.3356 3.9986, -2.7511 -2.3254 4.028, -2.7368 -2.3371 4.0282, -2.7512 -1.6603 3.6444, -2.7368 -1.6643 3.6334, -2.8275 3.0102 3.622, -2.8157 3.0147 3.622, -2.8154 3.014 3.9235, -2.7621 3.113 3.622, -2.7862 3.1593 3.9235, -2.7865 3.159 3.622, -2.789 3.1619 3.622, -2.8154 3.0141 4.0742, -2.8154 3.0141 4.1487, -2.8154 3.0137 4.1627, -2.8154 3.0124 4.1729, -2.8154 3.01 4.1837, -2.8154 3.0066 4.1942, -2.8003 3.1303 4.2962, -2.8004 3.1429 4.2735, -2.8167 3.1502 4.2772, -2.8168 3.1609 4.2527, -2.8169 3.1691 4.2273, -2.8169 3.175 4.2014, -2.817 3.1783 4.1742, -2.817 3.1791 4.1505, -2.817 3.1791 4.0743, -2.817 3.1791 3.9235, -2.8172 3.1784 3.622, -2.7858 3.1205 4.29, -2.786 3.1424 4.2456, -2.8005 3.1532 4.2497, -2.7861 3.1501 4.222, -2.8006 3.1612 4.2251, -2.7861 3.1555 4.1979, -2.8006 3.1669 4.1999, -2.7862 3.1585 4.1728, -2.8006 3.1701 4.1736, -2.7862 3.1593 4.1503, -2.8007 3.1709 4.1504, -2.7862 3.1593 4.0743, -2.8007 3.1709 4.0743, -2.8001 3.1156 4.3176, -2.8166 3.1372 4.3006, -2.8338 3.1543 4.2793, -2.7855 3.0905 4.3295, -2.7998 3.0804 4.3556, -2.8 3.0989 4.3374, -2.8163 3.1049 4.3431, -2.8165 3.1221 4.3226, -2.8335 3.1257 4.3255, -2.8337 3.1411 4.3031, -2.7852 3.0535 4.3625, -2.7994 3.0387 4.3863, -2.7996 3.0603 4.3719, -2.8159 3.0651 4.3787, -2.8161 3.0859 4.3619, -2.8332 3.0889 4.3654, -2.8333 3.1082 4.3463, -2.8153 3.0022 4.2042, -2.8153 2.9969 4.2137, -2.8152 2.9907 4.2227, -2.8151 2.9837 4.2311, -2.8151 2.9759 4.2388, -2.815 2.9674 4.2457, -2.8149 2.9583 4.2517, -2.8148 2.9487 4.2569, -2.7847 3.0109 4.3879, -2.8147 2.9386 4.2611, -2.8146 2.9281 4.2643, -2.8145 2.9173 4.2665, -2.8144 2.9067 4.2676, -2.8138 2.8361 4.2679, -2.8109 2.5346 4.2678, -2.7991 1.3288 4.268, -2.7763 -1.0829 4.2679, -2.7706 -1.6858 4.2679, -2.7676 -1.9872 4.2679, -2.7674 -2.0632 4.2679, -2.7674 -2.1305 4.2664, -2.7674 -2.1583 4.2622, -2.7674 -2.1826 4.2551, -2.7674 -2.2041 4.2449, -2.7674 -2.2238 4.231, -2.7674 -2.2429 4.2126, -2.7844 -2.2569 4.1879, -2.7674 -2.2608 4.1907, -2.7747 3.1453 3.622, -2.7745 3.145 3.9235, -2.7662 3.1293 4.0743, -2.7745 3.145 4.0743, -2.7662 3.1293 4.15, -2.7745 3.1451 4.1501, -2.7662 3.1286 4.1707, -2.7745 3.1443 4.1718, -2.7662 3.1259 4.1927, -2.7745 3.1414 4.1954, -2.7661 3.1211 4.214, -2.7744 3.1363 4.2182, -2.7661 3.1143 4.2348, -2.7744 3.1291 4.2405, -2.7659 3.0949 4.2741, -2.7742 3.1083 4.2825, -2.7656 3.0685 4.309, -2.7739 3.08 4.3197, -2.7653 3.0358 4.3381, -2.7736 3.0451 4.3509, -2.765 2.9982 4.3606, -2.7732 3.0049 4.3749, -2.7648 2.978 4.369, -2.773 2.9833 4.3839, -2.7646 2.957 4.3754, -2.7728 2.9609 4.3908, -2.7644 2.9356 4.3799, -2.7726 2.938 4.3955, -2.7642 2.9137 4.3822, -2.7723 2.9145 4.398, -2.7634 2.8365 4.3826, -2.7716 2.8364 4.3984, -2.7605 2.5351 4.3825, -2.7686 2.535 4.3984, -2.7491 1.3292 4.3828, -2.7573 1.3292 4.3986, -2.726 -1.0824 4.3826, -2.7342 -1.0825 4.3984, -2.7203 -1.6853 4.3826, -2.7284 -1.6854 4.3984, -2.7173 -1.9867 4.3826, -2.7255 -1.9868 4.3985, -2.7171 -2.0629 4.3826, -2.7253 -2.0628 4.3985, -2.7171 -2.1414 4.3807, -2.7253 -2.1429 4.3964, -2.7171 -2.1825 4.3743, -2.7253 -2.1859 4.3898, -2.7171 -2.2233 4.3624, -2.7253 -2.2289 4.3772, -2.7171 -2.2621 4.3438, -2.7253 -2.2701 4.3575, -2.7171 -2.2971 4.3192, -2.7253 -2.3072 4.3314, -2.7171 -2.3274 4.2902, -2.7253 -2.3391 4.3009, -2.7171 -2.3535 4.2582, -2.7253 -2.3663 4.2676, -2.7171 -2.3946 4.1879, -2.7253 -2.409 4.1945, -2.7171 -2.4214 4.1109, -2.833 3.0678 4.3825, -2.8157 3.0428 4.3935, -2.7992 3.0158 4.3985, -2.7989 2.9919 4.4084, -2.7845 2.988 4.3974, -2.7987 2.9671 4.416, -2.7843 2.9644 4.4047, -2.7985 2.9418 4.4213, -2.7841 2.9401 4.4097, -2.7983 2.9157 4.424, -2.7839 2.9152 4.4124, -2.7974 2.8362 4.4245, -2.7831 2.8363 4.4128, -2.7945 2.5347 4.4245, -2.7801 2.5349 4.4128, -2.7833 1.3289 4.4247, -2.7689 1.329 4.413, -2.7601 -1.0827 4.4245, -2.7457 -1.0826 4.4128, -2.7543 -1.6856 4.4245, -2.74 -1.6855 4.4128, -2.7514 -1.9871 4.4245, -2.737 -1.9869 4.4128, -2.7512 -2.0627 4.4245, -2.7368 -2.0628 4.4128, -2.7512 -2.1454 4.4224, -2.7368 -2.1443 4.4107, -2.7511 -2.1914 4.4153, -2.7368 -2.1889 4.4039, -2.7511 -2.2382 4.4016, -2.7368 -2.234 4.3907, -2.7511 -2.2833 4.38, -2.7368 -2.2774 4.3699, -2.7511 -2.3239 4.3514, -2.7368 -2.3164 4.3424, -2.7511 -2.3583 4.3186, -2.7368 -2.3497 4.3107, -2.7511 -2.3874 4.2829, -2.7368 -2.378 4.276, -2.7368 -2.4221 4.2005, -2.8327 3.0451 4.3975, -2.8155 3.0192 4.4061, -2.8152 2.9945 4.4163, -2.815 2.9691 4.4242, -2.8148 2.9429 4.4296, -2.8145 2.916 4.4324, -2.8137 2.836 4.4329, -2.8108 2.5346 4.4329, -2.7996 1.3288 4.433, -2.7763 -1.0829 4.4329, -2.7706 -1.6858 4.4329, -2.7676 -1.9872 4.4329, -2.7674 -2.0627 4.4329, -2.7674 -2.1462 4.4307, -2.7674 -2.1932 4.4235, -2.7674 -2.2411 4.4094, -2.7674 -2.2876 4.3872, -2.7674 -2.3293 4.3579, -2.7674 -2.3645 4.3242, -2.7674 -2.3942 4.2878, -2.7511 -2.4121 4.2451, -2.7511 -2.4495 4.1639, -2.7511 -2.4327 4.2054, -2.7674 -2.4404 4.2089, -2.7674 -2.4193 4.2493, -2.7674 -2.2767 4.1662, -2.7511 -2.284 4.1705, -2.7674 -2.2904 4.1399, -2.7511 -2.298 4.1434, -2.7674 -2.3015 4.1124, -2.7511 -2.3094 4.1151, -2.7674 -2.3098 4.0842, -2.7511 -2.318 4.0862, -2.7674 -2.315 4.0559, -2.7368 -2.4508 4.118, -2.7674 -1.7139 3.4972, -2.7511 -1.9943 3.6082, -2.7674 -1.9972 3.6004, -2.7511 -2.136 3.6598, -2.7674 -2.1389 3.6519, -2.7511 -2.2069 3.6856, -2.7674 -2.2098 3.6777, -2.7511 -2.2453 3.7004, -2.7674 -2.2486 3.6927, -2.7511 -2.2858 3.7198, -2.7674 -2.2898 3.7124, -2.7511 -2.3248 3.7436, -2.7674 -2.3296 3.7367, -2.7511 -2.3617 3.7725, -2.7674 -2.3673 3.7662, -2.7511 -2.3953 3.8067, -2.7674 -2.4017 3.8013, -2.7511 -2.424 3.8461, -2.7674 -2.4311 3.8416, -2.7511 -2.4466 3.8894, -2.7674 -2.4543 3.8861, -2.7511 -2.4624 3.9354, -2.7674 -2.4705 3.9333, -2.7511 -2.4712 3.9826, -2.7674 -2.4795 3.9817, -2.7511 -2.4737 4.0297, -2.7674 -2.4821 4.0298, -2.7511 -2.4704 4.0759, -2.7674 -2.4787 4.077, -2.7511 -2.4621 4.1207, -2.7674 -2.4703 4.1226, -2.7674 -2.4574 4.1667, -2.7844 -2.4447 4.2109, -2.7368 -2.3087 4.1483, -2.7736 3.0489 4.0742, -2.7736 3.049 4.1491, -2.7736 3.0484 4.1651, -2.7736 3.0468 4.1788, -2.7736 3.0436 4.1928, -2.7735 3.0392 4.2064, -2.7734 3.0266 4.2319, -2.7732 3.0094 4.2545, -2.773 2.9882 4.2735, -2.7728 2.9638 4.288, -2.7727 2.9507 4.2935, -2.7725 2.937 4.2977, -2.7724 2.923 4.3006, -2.7723 2.9091 4.3021, -2.7716 2.8365 4.3023, -2.7688 2.535 4.3023, -2.7571 1.3292 4.3026, -2.7342 -1.0825 4.3024, -2.7284 -1.6854 4.3024, -2.7255 -1.9868 4.3024, -2.7253 -2.0631 4.3024, -2.7253 -2.1338 4.3008, -2.7253 -2.1656 4.2959, -2.7253 -2.1948 4.2874, -2.7253 -2.2215 4.2746, -2.7253 -2.2458 4.2575, -2.7253 -2.2683 4.2359, -2.7253 -2.2886 4.211, -2.7253 -2.3217 4.1543, -2.7253 -2.3433 4.0922, -2.7253 -2.3515 4.0283, -2.7674 -2.317 4.0279, -2.7674 -2.3156 4.0009, -2.7674 -2.3109 3.9752, -2.7674 -2.3026 3.9511, -2.7674 -2.291 3.9288, -2.7674 -2.276 3.9083, -2.7674 -2.2576 3.8895, -2.7674 -2.2359 3.8726, -2.7674 -2.2113 3.8576, -2.7674 -2.1846 3.8448, -2.7253 -2.0941 3.7746, -2.7253 -2.165 3.8003, -2.7253 -2.1979 3.813, -2.7253 -2.2277 3.8273, -2.7253 -2.2555 3.8442, -2.7253 -2.2805 3.8638, -2.7253 -2.3022 3.8859, -2.7253 -2.3202 3.9106, -2.7253 -2.3343 3.9375, -2.7253 -2.3442 3.9665, -2.7253 -2.3499 3.9969, -2.7649 3.0668 3.622, -2.7656 3.0648 3.9235, -2.7656 3.0649 4.0742, -2.7656 3.0649 4.1493, -2.7656 3.0643 4.1662, -2.7656 3.0624 4.1816, -2.7655 3.059 4.197, -2.7655 3.0541 4.212, -2.7654 3.0402 4.2402, -2.7652 3.0211 4.2653, -2.765 2.9977 4.2862, -2.7647 2.9707 4.3023, -2.7646 2.9561 4.3084, -2.7644 2.941 4.313, -2.7643 2.9256 4.3162, -2.7641 2.9101 4.3179, -2.7634 2.8365 4.3182, -2.7606 2.5351 4.3181, -2.7489 1.3292 4.3184, -2.726 -1.0824 4.3182, -2.7203 -1.6853 4.3182, -2.7173 -1.9867 4.3182, -2.7171 -2.0631 4.3182, -2.7171 -2.1353 4.3165, -2.7171 -2.1689 4.3114, -2.7171 -2.2005 4.3022, -2.7171 -2.2295 4.2883, -2.7171 -2.2559 4.2697, -2.7171 -2.28 4.2466, -2.7171 -2.3015 4.2203, -2.7171 -2.3361 4.1609, -2.7171 -2.3587 4.0959, -2.7171 -2.3673 4.0285, -2.7171 -2.3656 3.995, -2.7171 -2.3595 3.9624, -2.7171 -2.3489 3.9313, -2.7171 -2.3337 3.9022, -2.7171 -2.3143 3.8757, -2.7171 -2.291 3.8519, -2.7171 -2.2644 3.8311, -2.7171 -2.2353 3.8133, -2.7171 -2.2041 3.7984, -2.7171 -2.1704 3.7854, -2.7171 -2.0996 3.7597, -2.7618 3.0811 3.622, -2.7611 3.081 3.9235, -2.7611 3.081 4.0742, -2.7611 3.081 4.1494, -2.7611 3.0804 4.1673, -2.7611 3.0783 4.1844, -2.7611 3.0745 4.2013, -2.761 3.0692 4.2177, -2.7609 3.0539 4.2487, -2.7607 3.033 4.2762, -2.7604 3.0073 4.2992, -2.7601 2.9776 4.3169, -2.76 2.9616 4.3235, -2.7598 2.9451 4.3286, -2.7597 2.9281 4.3321, -2.7595 2.911 4.334, -2.7588 2.8366 4.3343, -2.7559 2.5351 4.3342, -2.7444 1.3293 4.3345, -2.7214 -1.0824 4.3343, -2.7156 -1.6853 4.3343, -2.7127 -1.9867 4.3343, -2.7125 -2.063 4.3343, -2.7125 -2.1368 4.3326, -2.7125 -2.1723 4.3271, -2.7125 -2.2062 4.3172, -2.7125 -2.2377 4.3022, -2.7125 -2.2662 4.282, -2.7125 -2.2919 4.2575, -2.7125 -2.3145 4.2298, -2.7125 -2.3507 4.1677, -2.7125 -2.3744 4.0997, -2.7125 -2.3834 4.0287, -2.7125 -2.3816 3.9932, -2.7125 -2.3751 3.9583, -2.7125 -2.3637 3.925, -2.7125 -2.3474 3.8937, -2.7125 -2.3265 3.8652, -2.7125 -2.3017 3.8399, -2.7125 -2.2736 3.8179, -2.7125 -2.2429 3.7992, -2.7125 -2.2103 3.7836, -2.7125 -2.1759 3.7703, -2.7125 -2.1051 3.7446, -2.7598 3.0971 4.0743, -2.7598 3.0972 4.1496, -2.7598 3.0965 4.1684, -2.7598 3.0942 4.1871, -2.7598 3.0901 4.2055, -2.7597 3.0843 4.2234, -2.7596 3.0676 4.2572, -2.7593 3.0449 4.2871, -2.7591 3.0168 4.3122, -2.7588 2.9845 4.3315, -2.7586 2.9671 4.3387, -2.7584 2.9491 4.3442, -2.7583 2.9307 4.3481, -2.7581 2.9119 4.3501, -2.7574 2.8366 4.3504, -2.7545 2.5351 4.3503, -2.743 1.3293 4.3506, -2.72 -1.0823 4.3504, -2.7142 -1.6852 4.3504, -2.7113 -1.9867 4.3504, -2.711 -2.063 4.3504, -2.711 -2.1383 4.3486, -2.711 -2.1757 4.3429, -2.711 -2.2119 4.3323, -2.711 -2.2458 4.3161, -2.711 -2.2765 4.2944, -2.711 -2.3037 4.2684, -2.711 -2.3275 4.2393, -2.711 -2.3654 4.1744, -2.711 -2.39 4.1034, -2.711 -2.3995 4.0289, -2.711 -2.3976 3.9913, -2.711 -2.3907 3.9543, -2.711 -2.3785 3.9186, -2.711 -2.361 3.8852, -2.711 -2.3388 3.8548, -2.711 -2.3124 3.8279, -2.711 -2.2827 3.8046, -2.711 -2.2506 3.785, -2.711 -2.2166 3.7687, -2.711 -2.1815 3.7552, -2.711 -2.1106 3.7295, -2.7602 3.1042 3.622, -2.7614 3.1132 3.9235, -2.7614 3.1132 4.0743, -2.7614 3.1132 4.1498, -2.7614 3.1126 4.1696, -2.7614 3.1101 4.1899, -2.7614 3.1056 4.2098, -2.7613 3.0993 4.2291, -2.7611 3.0813 4.2656, -2.7609 3.0567 4.298, -2.7606 3.0263 4.3252, -2.7603 2.9914 4.346, -2.7601 2.9725 4.3538, -2.7599 2.9531 4.3598, -2.7597 2.9331 4.364, -2.7595 2.9128 4.3661, -2.7588 2.8365 4.3665, -2.7559 2.5351 4.3664, -2.7445 1.3293 4.3667, -2.7214 -1.0824 4.3665, -2.7156 -1.6852 4.3665, -2.7127 -1.9867 4.3665, -2.7125 -2.0629 4.3665, -2.7125 -2.1399 4.3646, -2.7125 -2.1791 4.3586, -2.7125 -2.2176 4.3473, -2.7125 -2.254 4.33, -2.7125 -2.2868 4.3068, -2.7125 -2.3156 4.2793, -2.7125 -2.3405 4.2488, -2.7125 -2.38 4.1811, -2.7125 -2.4057 4.1072, -2.7125 -2.4156 4.0291, -2.7125 -2.4136 3.9894, -2.7125 -2.4062 3.9502, -2.7125 -2.3933 3.9123, -2.7125 -2.3747 3.8767, -2.7125 -2.3511 3.8443, -2.7125 -2.3231 3.8159, -2.7125 -2.2919 3.7914, -2.7125 -2.2582 3.7708, -2.7125 -2.2228 3.7539, -2.7125 -2.187 3.7401, -2.7125 -2.1161 3.7143, -2.7171 -2.4317 4.0292, -2.7171 -2.4296 3.9875, -2.7171 -2.4218 3.9461, -2.7171 -2.4081 3.9059, -2.7171 -2.3884 3.8682, -2.7171 -2.3633 3.8339, -2.7171 -2.3338 3.8038, -2.7171 -2.301 3.7781, -2.7171 -2.2659 3.7567, -2.7171 -2.2291 3.739, -2.7171 -2.1925 3.7249, -2.7171 -2.1216 3.6992, -2.7253 -2.4368 4.1146, -2.7253 -2.4445 4.0725, -2.7253 -2.4476 4.0294, -2.7253 -2.4453 3.9857, -2.7253 -2.4371 3.9421, -2.7253 -2.4226 3.8997, -2.7253 -2.4018 3.8598, -2.7253 -2.3754 3.8236, -2.7253 -2.3444 3.792, -2.7253 -2.31 3.7651, -2.7253 -2.2734 3.7427, -2.7253 -2.2352 3.7244, -2.7253 -2.198 3.7101, -2.7253 -2.1271 3.6843, -2.7368 -2.4588 4.0744, -2.7368 -2.462 4.0296, -2.7368 -2.4596 3.984, -2.7368 -2.4511 3.9384, -2.7368 -2.4358 3.8941, -2.7368 -2.414 3.8522, -2.7368 -2.3864 3.8143, -2.7368 -2.3539 3.7812, -2.7368 -2.3182 3.7532, -2.7368 -2.2802 3.7301, -2.7368 -2.2408 3.7112, -2.7368 -2.2029 3.6966, -2.7368 -2.132 3.6708, -2.7512 -1.9436 3.7476, -2.7674 -1.9407 3.7554, -2.7674 -2.0823 3.807, -2.7844 -2.0807 3.8114, -2.7674 -2.1531 3.8327, -2.7512 -2.0852 3.7991, -2.7368 -1.9476 3.7366, -2.7253 -1.9525 3.723, -2.7253 -1.6693 3.6199, -2.7171 -1.9579 3.7082, -2.7171 -1.6747 3.605, -2.7125 -1.9635 3.693, -2.7125 -1.6802 3.5899, -2.7511 -1.7111 3.5051, -2.7368 -1.7071 3.5161, -2.7368 -1.9903 3.6192, -2.7253 -1.7021 3.5296, -2.7253 -1.9854 3.6328, -2.7171 -1.6967 3.5445, -2.7171 -1.98 3.6476, -2.7125 -1.6912 3.5596, -2.7125 -1.9745 3.6628, -2.7674 -1.6575 3.6523, -2.711 -1.969 3.6779, -2.711 -1.6857 3.5748, -2.7598 3.0963 1.2303, -2.7602 3.1042 1.2303, -2.7649 3.1257 1.2303, -2.7747 3.1453 1.2303, -2.789 3.1619 1.2303, -2.8069 3.1745 1.2303, -2.8493 3.1848 1.2303, -2.8275 3.1823 1.2303, -2.871 3.1819 1.2303, -2.8914 3.1737 1.2303, -2.9091 3.1608 1.2303, -2.9231 3.1439 1.2303, -2.9325 3.1241 1.2303, -2.937 3.0963 1.2303, -2.9368 3.1026 1.2303, -2.7598 3.0963 -1.1614, -2.7602 3.1042 -1.1614, -2.7649 3.1257 -1.1614, -2.7747 3.1453 -1.1614, -2.789 3.1619 -1.1614, -2.8069 3.1745 -1.1614, -2.937 3.0963 -1.1614, -2.9368 3.1026 -1.1614, -2.9325 3.1241 -1.1614, -2.9231 3.1439 -1.1614, -2.9091 3.1608 -1.1614, -2.8914 3.1737 -1.1614, -2.871 3.1819 -1.1614, -2.8493 3.1848 -1.1614, -2.8484 3.1847 -1.1614, -2.8275 3.1823 -1.1614, -2.8041 3.052 -1.1614, -2.7602 3.0883 -1.1614, -2.7649 3.0668 -1.1614, -2.7747 3.0472 -1.1614, -2.789 3.0306 -1.1614, -2.8069 3.018 -1.1614, -2.8914 3.0188 -1.1614, -2.9091 3.0317 -1.1614, -2.8927 3.052 -1.1614, -2.9231 3.0486 -1.1614, -2.9325 3.0684 -1.1614, -2.9368 3.0899 -1.1614, -2.8484 3.0078 -1.1614, -2.8493 3.0077 -1.1614, -2.871 3.0106 -1.1614, -2.8275 3.0102 -1.1614, -2.9368 3.0899 1.2303, -2.9325 3.0684 1.2303, -2.9231 3.0486 1.2303, -2.9091 3.0317 1.2303, -2.8914 3.0188 1.2303, -2.8493 3.0077 1.2303, -2.871 3.0106 1.2303, -2.8275 3.0102 1.2303, -2.8069 3.018 1.2303, -2.789 3.0306 1.2303, -2.7747 3.0472 1.2303, -2.7649 3.0668 1.2303, -2.7602 3.0883 1.2303, -1.5454 0.5863 2.766, -1.5984 0.6108 2.8332, -1.5984 0.6108 2.8332, -1.5832 0.6102 2.8316, -1.5792 0.6101 2.8312, -1.5664 0.6085 2.827, -1.5594 0.6077 2.8246, -1.5503 0.6057 2.8191, -1.5408 0.6035 2.8132, -1.536 0.6017 2.8082, -1.5257 0.5978 2.7974, -1.5243 0.5969 2.7949, -1.5152 0.591 2.7786, -1.5117 0.586 2.765, -1.5105 0.5843 2.7604, -1.5105 0.5805 2.7499, -1.5105 0.5767 2.7394, -1.5117 0.575 2.7348, -1.5156 0.5697 2.7203, -1.5243 0.5641 2.7049, -1.5257 0.5632 2.7025, -1.5358 0.5592 2.6915, -1.5385 0.5582 2.6887, -1.5502 0.5553 2.6806, -1.5549 0.5541 2.6775, -1.5665 0.5525 2.6731, -1.5764 0.5512 2.6693, -1.5833 0.5509 2.6685, -1.5984 0.5502 2.6667, -1.6514 0.5747 2.7339, -1.5984 0.5502 2.6667, -1.6135 0.5508 2.6683, -1.6175 0.5509 2.6687, -1.6304 0.5525 2.6729, -1.6374 0.5533 2.6752, -1.6465 0.5554 2.6808, -1.6559 0.5575 2.6867, -1.6608 0.5593 2.6917, -1.6711 0.5633 2.7025, -1.6725 0.5641 2.705, -1.6816 0.5701 2.7213, -1.6851 0.575 2.7348, -1.6863 0.5767 2.7394, -1.6863 0.5805 2.75, -1.6863 0.5843 2.7605, -1.6851 0.586 2.7651, -1.6812 0.5913 2.7796, -1.6724 0.5969 2.7949, -1.671 0.5978 2.7974, -1.6609 0.6018 2.8084, -1.6583 0.6028 2.8112, -1.6466 0.6057 2.8193, -1.6419 0.6069 2.8224, -1.6303 0.6085 2.8268, -1.6204 0.6099 2.8306, -1.6135 0.6102 2.8314, -1.6305 0.3796 2.9109, -1.6419 0.6069 2.8224, -1.6468 0.3767 2.903, -1.6711 0.5633 2.7025, -1.6612 0.33 2.7747, -1.6612 -2.2525 3.8647, -1.6612 -2.2716 3.8858, -1.6468 -2.2623 3.8929, -1.4325 2.1243 3.622, -1.4338 2.1176 3.622, -1.4344 2.1177 3.8278, -1.4229 2.1442 3.622, -1.4282 2.1332 3.622, -1.4288 2.1335 3.8278, -1.3909 2.174 3.622, -1.3922 2.173 3.622, -1.3923 2.1732 3.8278, -1.3703 2.1821 3.622, -1.3754 2.1801 3.622, -1.3756 2.1806 3.8278, -1.4255 2.0528 3.8278, -1.4149 2.0378 3.8278, -1.4149 2.0378 4.1214, -1.4364 2.0854 3.8278, -1.4327 2.069 3.8278, -1.4327 2.069 4.1212, -1.367 1.7912 4.439, -1.3661 1.806 4.4389, -1.3812 1.8069 4.4377, -1.3538 2.0078 4.003, -1.3538 2.0078 4.1215, -1.3688 2.0101 4.1215, -1.354 2.0036 4.1837, -1.3541 2.0021 4.187, -1.3692 2.0046 4.1876, -1.3569 1.9561 4.246, -1.3571 1.9525 4.2478, -1.3722 1.9542 4.2491, -1.3801 1.5755 4.2618, -1.3807 1.565 4.2618, -1.3959 1.566 4.2631, -1.5212 -0.7422 4.2618, -1.5214 -0.7466 4.2618, -1.5366 -0.7457 4.2631, -1.5319 -0.9188 4.2618, -1.5322 -0.9233 4.2618, -1.5473 -0.9223 4.2631, -1.5984 -2.1295 4.2573, -1.5984 -2.1325 4.2561, -1.6135 -2.133 4.2577, -1.5984 -1.0631 3.4424, -1.5984 -1.0614 3.4418, -1.6135 -1.0618 3.4406, -1.5984 -0.794 3.3445, -1.5984 -0.7929 3.3441, -1.6135 -0.7934 3.3429, -1.5984 -0.1819 3.1217, -1.5984 -0.1817 3.1216, -1.6135 -0.1822 3.1204, -1.5984 0.3817 2.9166, -1.6135 0.3812 2.9154, -1.5984 0.161 2.9969, -1.5984 0.1619 2.9966, -1.6135 0.1614 2.9954, -1.5984 0.3354 2.9334, -1.5984 0.3813 2.9167, -1.5984 0.0719 3.0293, -1.6135 -0.0374 3.0677, -1.5984 -0.037 3.0689, -1.5984 -0.0372 3.069, -1.6135 -0.3196 3.1704, -1.5984 -0.3191 3.1716, -1.5984 -0.2152 3.1338, -1.5984 -0.4577 3.2221, -1.5984 -0.4575 3.222, -1.6135 -0.4579 3.2208, -1.5984 -0.3896 3.1973, -1.5984 -0.3193 3.1717, -1.5984 -0.578 3.2659, -1.6135 -0.6421 3.2878, -1.5984 -0.6416 3.289, -1.5984 -0.6419 3.2891, -1.5984 -0.8973 3.3821, -1.6135 -0.9463 3.3985, -1.5984 -0.9458 3.3997, -1.5984 -0.9478 3.4005, -1.5984 -1.8753 3.7381, -1.5984 -1.8619 3.7332, -1.6135 -1.8757 3.7368, -1.5984 -1.2476 3.5096, -1.6135 -1.2039 3.4923, -1.5984 -1.208 3.4952, -1.5984 -1.2035 3.4935, -1.5984 -1.0826 3.4495, -1.6135 -2.0265 3.7917, -1.5984 -2.0261 3.7929, -1.5984 -1.9965 3.7821, -1.5984 -1.8975 3.7461, -1.6135 -2.1745 3.8458, -1.5984 -2.1739 3.8472, -1.5984 -2.1716 3.8461, -1.5984 -2.1672 3.8444, -1.5984 -2.0905 3.8164, -1.5984 -2.067 3.8078, -1.5984 -2.2047 3.8632, -1.6135 -2.2095 3.8633, -1.5984 -2.2084 3.8651, -1.5984 -2.2159 3.869, -1.6135 -2.2233 3.8727, -1.5984 -2.2191 3.8718, -1.6135 -2.2356 3.883, -1.5984 -2.2312 3.8824, -1.5984 -2.222 3.8744, -1.5984 -2.2502 3.902, -1.5984 -2.2484 3.8994, -1.6135 -2.2519 3.9008, -1.5984 -2.2451 3.8946, -1.5984 -2.2339 3.8848, -1.5984 -2.2556 3.9098, -1.6135 -2.2589 3.9111, -1.5984 -2.2572 3.9122, -1.5984 -2.2623 3.9197, -1.6135 -2.265 3.9221, -1.5984 -2.2625 3.9202, -1.5984 -2.2719 3.945, -1.5984 -2.2714 3.9438, -1.6135 -2.2733 3.9431, -1.5984 -2.2713 3.9434, -1.5984 -2.2635 3.9228, -1.6135 -2.2789 3.9698, -1.6135 -2.2805 4.0029, -1.5984 -2.2775 4.0028, -1.5984 -2.2782 3.975, -1.5984 -2.2774 3.97, -1.5984 -2.274 3.9505, -1.6135 -2.2533 4.1196, -1.5984 -2.2517 4.1188, -1.5984 -2.254 4.1146, -1.6135 -2.2653 4.0869, -1.5984 -2.2696 4.0576, -1.6135 -2.274 4.0539, -1.5984 -2.2708 4.0531, -1.6135 -2.2785 4.028, -1.5984 -2.2767 4.0316, -1.5984 -2.2774 4.0062, -1.6135 -2.2066 4.2024, -1.5984 -2.2049 4.201, -1.5984 -2.2118 4.1932, -1.6135 -2.2205 4.1825, -1.5984 -2.2153 4.1866, -1.5984 -2.2182 4.1812, -1.5984 -2.2489 4.1239, -1.6135 -2.1713 4.2381, -1.5984 -2.1701 4.2364, -1.5984 -2.18 4.2294, -1.6135 -2.1918 4.2198, -1.5984 -2.1868 4.2217, -1.5984 -2.19 4.2181, -1.5984 -2.2013 4.2052, -1.6135 -2.152 4.2501, -1.5984 -2.1513 4.2486, -1.5984 -2.1544 4.2474, -1.5984 -2.167 4.2385, -1.5984 -2.1482 4.2499, -1.5984 -2.0591 4.2618, -1.5984 -2.0988 4.2617, -1.6135 -2.1108 4.2621, -1.5984 -2.1072 4.2605, -1.5984 -2.1106 4.26, -1.5984 -2.129 4.2574, -1.5898 -1.878 4.2618, -1.5899 -1.879 4.2618, -1.6055 -1.878 4.2631, -1.6135 -2.0592 4.2631, -1.5583 -1.103 4.2631, -1.5429 -1.0994 4.2618, -1.5432 -1.104 4.2618, -1.5882 -1.8442 4.2618, -1.5305 -0.8962 4.2618, -1.5182 -0.6934 4.2618, -1.5261 -0.573 4.2631, -1.5109 -0.5739 4.2618, -1.5004 -0.4011 4.2618, -1.5007 -0.4052 4.2618, -1.5158 -0.4043 4.2631, -1.5062 -0.496 4.2618, -1.5107 -0.5697 4.2618, -1.4945 -0.3039 4.2618, -1.5058 -0.2396 4.2631, -1.4906 -0.2405 4.2618, -1.496 -0.0788 4.2631, -1.4808 -0.0797 4.2618, -1.4831 -0.1172 4.2618, -1.4904 -0.2365 4.2618, -1.4864 0.0781 4.2631, -1.4713 0.0772 4.2618, -1.4721 0.0644 4.2618, -1.4806 -0.0758 4.2618, -1.4613 0.2407 4.2618, -1.4771 0.2313 4.2631, -1.4529 0.3797 4.2618, -1.468 0.3806 4.2631, -1.4527 0.3834 4.2618, -1.4617 0.2341 4.2618, -1.462 0.2303 4.2618, -1.4711 0.0811 4.2618, -1.4592 0.5263 4.2631, -1.4507 0.6645 4.2631, -1.4411 0.5738 4.2618, -1.4356 0.6635 4.2618, -1.4438 0.529 4.2618, -1.444 0.5254 4.2618, -1.4509 0.4121 4.2618, -1.4277 0.7942 4.2618, -1.4278 0.7912 4.2618, -1.443 0.7921 4.2631, -1.4321 0.7219 4.2618, -1.4354 0.6668 4.2618, -1.4238 0.8567 4.2618, -1.4358 0.9095 4.2631, -1.4207 0.9086 4.2618, -1.4293 1.0171 4.2631, -1.4141 1.0162 4.2618, -1.4155 0.9946 4.2618, -1.4205 0.9114 4.2618, -1.4231 1.118 4.2631, -1.4167 1.2245 4.2631, -1.405 1.1663 4.2618, -1.4015 1.2235 4.2618, -1.4078 1.1197 4.2618, -1.408 1.1171 4.2618, -1.414 1.0187 4.2618, -1.3922 1.3774 4.2618, -1.3925 1.3717 4.2618, -1.4076 1.3727 4.2631, -1.396 1.3136 4.2618, -1.4013 1.2264 4.2618, -1.3874 1.4557 4.2618, -1.4023 1.4599 4.2631, -1.3872 1.459 4.2618, -1.3869 1.4632 4.2618, -1.3765 1.6352 4.2618, -1.3897 1.6674 4.2631, -1.3746 1.6665 4.2618, -1.3715 1.716 4.2618, -1.3853 1.7389 4.2631, -1.3702 1.738 4.2618, -1.3812 1.807 4.2631, -1.3672 1.7877 4.2618, -1.3689 1.7587 4.2618, -1.362 1.8735 4.2615, -1.3627 1.8617 4.2618, -1.3771 1.8744 4.2631, -1.3631 1.8547 4.2618, -1.3661 1.8061 4.2618, -1.3596 1.9119 4.2607, -1.3746 1.9161 4.262, -1.3593 1.9162 4.2606, -1.3585 1.9296 4.2568, -1.3734 1.9353 4.2575, -1.3583 1.9338 4.2557, -1.3578 1.941 4.2536, -1.3728 1.9449 4.2537, -1.3577 1.9434 4.2524, -1.3574 1.9477 4.2502, -1.3564 1.9645 4.2393, -1.3717 1.9628 4.2437, -1.3562 1.9686 4.236, -1.3712 1.9709 4.2376, -1.3557 1.9769 4.2294, -1.3708 1.9784 4.2307, -1.3555 1.9795 4.226, -1.3553 1.9827 4.2218, -1.3703 1.9852 4.2231, -1.3548 1.9917 4.21, -1.37 1.9913 4.2149, -1.3547 1.9931 4.2081, -1.3697 1.9966 4.2062, -1.3546 1.9942 4.2055, -1.3694 2.0011 4.1971, -1.3542 2.0001 4.1918, -1.3544 1.9982 4.1963, -1.3545 1.9961 4.2011, -1.3539 2.0053 4.1724, -1.369 2.0074 4.1776, -1.3539 2.0061 4.1675, -1.3689 2.0092 4.1678, -1.3538 2.0077 4.1571, -1.3538 2.0077 4.1542, -1.3538 2.0078 3.9638, -1.3688 2.0101 3.8278, -1.3538 2.0078 3.8278, -1.3431 2.1847 3.7395, -1.343 2.1847 3.622, -1.3484 2.1848 3.622, -1.3582 2.1836 3.622, -1.3583 2.1843 3.8278, -1.3431 2.1847 3.8278, -1.3431 2.1847 3.8459, -1.3431 2.1847 4.0995, -1.3431 2.1847 4.0258, -1.3583 2.1843 4.1206, -1.3431 2.1847 4.003, -1.3431 2.1847 3.9414, -1.3433 2.1804 4.19, -1.3431 2.1843 4.166, -1.3584 2.182 4.1901, -1.3431 2.1844 4.1585, -1.3431 2.1846 4.1206, -1.3435 2.1782 4.204, -1.3587 2.1773 4.2163, -1.3437 2.1735 4.2326, -1.3591 2.1703 4.2416, -1.344 2.1697 4.2416, -1.3454 2.1459 4.2973, -1.3452 2.1488 4.2905, -1.3604 2.1494 4.2902, -1.3449 2.1538 4.2788, -1.3597 2.161 4.2664, -1.3446 2.1592 4.266, -1.3443 2.1642 4.2543, -1.3457 2.142 4.3024, -1.3612 2.1356 4.3128, -1.3471 2.1183 4.3336, -1.3476 2.1098 4.3446, -1.3622 2.1198 4.334, -1.3633 2.1021 4.3536, -1.348 2.1031 4.3535, -1.35 2.0704 4.3794, -1.3494 2.0813 4.3708, -1.3645 2.0827 4.3714, -1.3657 2.0618 4.3874, -1.3514 2.0477 4.3975, -1.3671 2.0394 4.4014, -1.355 1.9877 4.425, -1.3549 1.9896 4.4241, -1.3701 1.9903 4.4231, -1.3534 2.0142 4.4129, -1.3686 2.0153 4.4134, -1.3527 2.0258 4.4075, -1.3519 2.0387 4.4016, -1.3556 1.9788 4.4267, -1.3716 1.9658 4.4301, -1.358 1.9395 4.4343, -1.3731 1.9406 4.4349, -1.3585 1.9304 4.436, -1.3772 1.8734 4.4377, -1.3631 1.8548 4.4387, -1.362 1.8725 4.4386, -1.3592 1.9182 4.4383, -1.3854 1.7389 4.4377, -1.3897 1.6674 4.4377, -1.3746 1.6665 4.439, -1.3716 1.716 4.439, -1.3702 1.738 4.439, -1.3672 1.7876 4.439, -1.3959 1.566 4.4377, -1.3801 1.5755 4.439, -1.3765 1.6352 4.439, -1.4024 1.4599 4.4377, -1.387 1.4632 4.439, -1.3808 1.565 4.439, -1.4077 1.3727 4.4377, -1.3922 1.3774 4.439, -1.3872 1.459 4.439, -1.4016 1.2235 4.439, -1.4014 1.2264 4.439, -1.4167 1.2245 4.4377, -1.4006 1.2399 4.439, -1.3925 1.3717 4.439, -1.4079 1.1197 4.439, -1.4232 1.118 4.4377, -1.408 1.1171 4.439, -1.4125 1.0441 4.439, -1.4293 1.0171 4.4377, -1.414 1.0187 4.439, -1.4359 0.9095 4.4377, -1.4206 0.9114 4.439, -1.4142 1.0162 4.439, -1.443 0.7921 4.4377, -1.4277 0.7942 4.439, -1.4207 0.9086 4.439, -1.4508 0.6645 4.4377, -1.4354 0.6668 4.439, -1.4279 0.7912 4.439, -1.4592 0.5263 4.4377, -1.4438 0.529 4.439, -1.4356 0.6635 4.439, -1.468 0.3806 4.4377, -1.4527 0.3834 4.439, -1.4441 0.5254 4.439, -1.4771 0.2313 4.4377, -1.4618 0.2341 4.439, -1.4529 0.3797 4.439, -1.4865 0.0781 4.4377, -1.4711 0.0811 4.439, -1.462 0.2303 4.439, -1.496 -0.0788 4.4377, -1.4806 -0.0758 4.439, -1.4713 0.0772 4.439, -1.5058 -0.2396 4.4377, -1.4904 -0.2365 4.439, -1.4809 -0.0797 4.439, -1.5158 -0.4043 4.4377, -1.5004 -0.4011 4.439, -1.4907 -0.2405 4.439, -1.5261 -0.573 4.4377, -1.5107 -0.5697 4.439, -1.5007 -0.4052 4.439, -1.5366 -0.7457 4.4377, -1.5212 -0.7422 4.439, -1.511 -0.5739 4.439, -1.5474 -0.9223 4.4377, -1.532 -0.9188 4.439, -1.5215 -0.7466 4.439, -1.5584 -1.103 4.4377, -1.543 -1.0994 4.439, -1.5322 -0.9233 4.439, -1.6055 -1.878 4.4377, -1.5878 -1.8362 4.439, -1.5432 -1.104 4.439, -1.5971 -2.0596 4.439, -1.5971 -2.0595 4.439, -1.6136 -2.0594 4.4377, -1.5896 -1.879 4.439, -1.5895 -1.878 4.439, -1.6136 -2.1309 4.4355, -1.5984 -2.1307 4.4341, -1.5984 -2.1228 4.4351, -1.5984 -2.0917 4.439, -1.5984 -2.175 4.4285, -1.6136 -2.1827 4.425, -1.5984 -2.1828 4.4254, -1.5984 -2.2228 4.4094, -1.6136 -2.2303 4.4061, -1.5984 -2.2305 4.4063, -1.6136 -2.2757 4.378, -1.5984 -2.2754 4.3775, -1.5984 -2.2684 4.3825, -1.5984 -2.2398 4.4026, -1.6136 -2.3184 4.3399, -1.5984 -2.3113 4.3464, -1.5984 -2.2975 4.362, -1.5984 -2.356 4.2961, -1.5984 -2.3448 4.3087, -1.6136 -2.3449 4.3089, -1.5984 -2.3384 4.3159, -1.5984 -2.3176 4.3393, -1.5984 -2.3878 4.2397, -1.5984 -2.367 4.2766, -1.6136 -2.3675 4.2768, -1.5984 -2.3622 4.2851, -1.5984 -2.4099 4.2004, -1.5984 -2.3921 4.232, -1.6136 -2.393 4.2325, -1.6136 -2.4144 4.1868, -1.5984 -2.4144 4.1869, -1.5984 -2.4118 4.1948, -1.5984 -2.4437 4.0976, -1.5984 -2.4301 4.139, -1.6136 -2.4317 4.1396, -1.5984 -2.4276 4.1464, -1.6136 -2.4447 4.0904, -1.5984 -2.4459 4.0907, -1.5984 -2.4461 4.09, -1.6136 -2.455 4.008, -1.5984 -2.4553 4.008, -1.6136 -2.4517 4.05, -1.5984 -2.4546 4.0138, -1.6136 -2.452 3.9473, -1.5984 -2.4514 3.9473, -1.5984 -2.4519 3.9528, -1.5984 -2.4564 3.9975, -1.5984 -2.4392 3.8916, -1.5984 -2.4395 3.8925, -1.6136 -2.4402 3.8922, -1.5984 -2.4404 3.8952, -1.5984 -2.4486 3.9194, -1.5984 -2.4248 3.8486, -1.6136 -2.4216 3.8449, -1.5984 -2.4223 3.8446, -1.5984 -2.3862 3.7872, -1.5984 -2.3911 3.7949, -1.6136 -2.3908 3.7952, -1.5984 -2.403 3.8139, -1.6136 -2.4074 3.8194, -1.5984 -2.4067 3.8198, -1.5984 -2.4188 3.8391, -1.5984 -2.3533 3.7555, -1.6136 -2.354 3.7548, -1.5984 -2.3476 3.75, -1.6136 -2.3283 3.7333, -1.5984 -2.3299 3.7329, -1.5984 -2.2937 3.7121, -1.5984 -2.3006 3.716, -1.6136 -2.3012 3.7148, -1.5984 -2.3222 3.7285, -1.5984 -2.2493 3.6865, -1.6136 -2.2395 3.6838, -1.5984 -2.2398 3.683, -1.5984 -2.0866 3.6264, -1.5984 -2.101 3.6316, -1.6136 -2.0862 3.6276, -1.5984 -2.1511 3.6502, -1.5984 -2.2302 3.6794, -1.6136 -1.9355 3.5728, -1.6136 -1.2636 3.3283, -1.5984 -1.8533 3.5415, -1.5984 -1.2686 3.3287, -1.5984 -1.9225 3.5667, -1.5984 -1.9359 3.5716, -1.5984 -2.057 3.6156, -1.6136 -1.1215 3.2766, -1.5984 -1.1237 3.276, -1.5984 -1.2641 3.3271, -1.6136 -1.006 3.2345, -1.5984 -1.0084 3.234, -1.5984 -1.1219 3.2753, -1.6136 -0.8531 3.1789, -1.5984 -0.8545 3.178, -1.5984 -1.0064 3.2333, -1.6136 -0.7018 3.1238, -1.5984 -0.7025 3.1227, -1.5984 -0.8535 3.1776, -1.6136 -0.5176 3.0568, -1.5984 -0.5182 3.0556, -1.5984 -0.7022 3.1226, -1.6136 -0.3793 3.0064, -1.5984 -0.3799 3.0052, -1.5984 -0.5181 3.0555, -1.5984 -0.2423 2.9552, -1.5984 -0.2425 2.9552, -1.6136 -0.2419 2.9564, -1.5984 -0.3228 2.9845, -1.5984 -0.3797 3.0052, -1.5984 -0.0977 2.9025, -1.6136 -0.0971 2.9037, -1.5984 -0.0975 2.9025, -1.5984 0.1004 2.8304, -1.6136 0.1017 2.8313, -1.5984 0.1013 2.8301, -1.5984 0.3207 2.7502, -1.6136 0.3215 2.7513, -1.5984 0.3211 2.7501, -1.3805 2.0998 4.3502, -1.6306 -2.4271 4.1381, -1.6306 -2.4401 4.0894, -1.6469 -2.4192 4.1356, -1.6469 -2.4319 4.0877, -1.4364 2.0854 4.1211, -1.4328 2.0677 4.1748, -1.4365 2.0839 4.1769, -1.4332 2.0609 4.2046, -1.4369 2.0765 4.2096, -1.434 2.0488 4.2327, -1.4377 2.0632 4.2404, -1.435 2.0317 4.258, -1.4389 2.0443 4.2683, -1.4363 2.0102 4.2797, -1.4403 2.0208 4.2921, -1.4378 1.9851 4.2971, -1.442 1.9933 4.3111, -1.4396 1.9567 4.3097, -1.4439 1.962 4.3249, -1.4413 1.9279 4.3165, -1.4458 1.9304 4.3324, -1.4444 1.8782 4.3181, -1.449 1.8784 4.3342, -1.4484 1.8111 4.3181, -1.4531 1.8114 4.3342, -1.4526 1.743 4.3181, -1.4572 1.7433 4.3342, -1.4569 1.6715 4.3181, -1.4616 1.6718 4.3342, -1.4631 1.5701 4.3181, -1.4677 1.5703 4.3342, -1.4696 1.464 4.3181, -1.4742 1.4643 4.3342, -1.4749 1.3768 4.3181, -1.4795 1.377 4.3342, -1.4839 1.2286 4.3181, -1.4885 1.2288 4.3342, -1.4904 1.1221 4.3181, -1.495 1.1224 4.3342, -1.4965 1.0212 4.3181, -1.5011 1.0215 4.3342, -1.5031 0.9136 4.3181, -1.5077 0.9139 4.3342, -1.5102 0.7962 4.3181, -1.5148 0.7965 4.3342, -1.518 0.6685 4.3181, -1.5226 0.6688 4.3342, -1.5264 0.5304 4.3181, -1.531 0.5307 4.3342, -1.5353 0.3847 4.3181, -1.5399 0.385 4.3342, -1.5444 0.2354 4.3181, -1.549 0.2356 4.3342, -1.5537 0.0822 4.3181, -1.5583 0.0825 4.3342, -1.5632 -0.0747 4.3181, -1.5678 -0.0744 4.3342, -1.573 -0.2355 4.3181, -1.5776 -0.2352 4.3342, -1.583 -0.4002 4.3181, -1.5877 -0.3999 4.3342, -1.5933 -0.5689 4.3181, -1.5979 -0.5686 4.3342, -1.6038 -0.7416 4.3181, -1.6084 -0.7413 4.3342, -1.6146 -0.9182 4.3181, -1.6192 -0.918 4.3342, -1.6256 -1.099 4.3181, -1.6302 -1.0987 4.3342, -1.6727 -1.874 4.3181, -1.6774 -1.8737 4.3342, -1.6809 -2.0593 4.3181, -1.6855 -2.0593 4.3342, -1.6809 -2.1172 4.3168, -1.6855 -2.119 4.3327, -1.6809 -2.1487 4.3104, -1.6855 -2.1533 4.3258, -1.6809 -2.1767 4.2993, -1.6855 -2.1839 4.3136, -1.6809 -2.2042 4.2822, -1.6855 -2.2138 4.2951, -1.6809 -2.2317 4.2576, -1.6855 -2.2434 4.2687, -1.6809 -2.2668 4.2122, -1.6855 -2.2804 4.2209, -1.6809 -2.304 4.1408, -1.6855 -2.3189 4.1469, -1.6809 -2.3278 4.0654, -1.6855 -2.3435 4.0688, -1.6809 -2.3354 4.0045, -1.6855 -2.3515 4.005, -1.6809 -2.3335 3.9627, -1.6855 -2.3494 3.9606, -1.6809 -2.3259 3.9271, -1.6855 -2.3413 3.9224, -1.6809 -2.3143 3.8978, -1.6855 -2.3287 3.8907, -1.6809 -2.2956 3.8675, -1.6855 -2.3084 3.8578, -1.6809 -2.2729 3.8426, -1.6855 -2.2838 3.8308, -1.6809 -2.2384 3.8165, -1.6855 -2.2468 3.8029, -1.6809 -2.195 3.7948, -1.6855 -2.2009 3.7798, -1.6809 -2.0453 3.74, -1.6855 -2.0508 3.7249, -1.6809 -1.8945 3.6852, -1.6855 -1.9 3.6701, -1.6809 -1.2228 3.4406, -1.6855 -1.2283 3.4255, -1.6809 -1.0806 3.3889, -1.6855 -1.0861 3.3738, -1.6809 -0.9651 3.3469, -1.6855 -0.9706 3.3317, -1.6809 -0.8122 3.2912, -1.6855 -0.8177 3.2761, -1.6809 -0.6609 3.2361, -1.6855 -0.6664 3.221, -1.6809 -0.4767 3.1691, -1.6855 -0.4822 3.154, -1.6809 -0.3384 3.1188, -1.6855 -0.3439 3.1036, -1.6809 -0.201 3.0687, -1.6855 -0.2065 3.0536, -1.6809 -0.0562 3.0161, -1.6855 -0.0617 3.0009, -1.6809 0.1426 2.9437, -1.6855 0.1371 2.9286, -1.6809 0.3624 2.8637, -1.6855 0.3569 2.8486, -1.6612 0.3727 2.892, -1.671 0.5978 2.7974, -1.4255 2.0528 4.1213, -1.415 2.0366 4.171, -1.4256 2.0516 4.1728, -1.4153 2.0311 4.1953, -1.426 2.0455 4.1997, -1.4159 2.0212 4.2182, -1.4266 2.0345 4.2251, -1.4168 2.0072 4.2389, -1.4276 2.019 4.248, -1.4178 1.9897 4.2566, -1.4288 1.9996 4.2677, -1.4191 1.9692 4.2708, -1.4301 1.9769 4.2833, -1.4205 1.946 4.2811, -1.4317 1.9512 4.2947, -1.4219 1.9224 4.2866, -1.4333 1.9252 4.3009, -1.4247 1.8772 4.288, -1.4362 1.8778 4.3024, -1.4288 1.8099 4.288, -1.4403 1.8106 4.3024, -1.4329 1.7418 4.288, -1.4444 1.7425 4.3024, -1.4373 1.6703 4.288, -1.4488 1.671 4.3024, -1.4434 1.5689 4.288, -1.4549 1.5696 4.3024, -1.4499 1.4628 4.288, -1.4614 1.4635 4.3024, -1.4552 1.3756 4.288, -1.4667 1.3763 4.3024, -1.4642 1.2274 4.288, -1.4757 1.2281 4.3024, -1.4707 1.1209 4.288, -1.4822 1.1216 4.3024, -1.4769 1.02 4.288, -1.4884 1.0207 4.3024, -1.4834 0.9124 4.288, -1.4949 0.9131 4.3024, -1.4905 0.795 4.288, -1.5021 0.7957 4.3024, -1.4983 0.6673 4.288, -1.5098 0.668 4.3024, -1.5067 0.5292 4.288, -1.5182 0.5299 4.3024, -1.5156 0.3835 4.288, -1.5271 0.3842 4.3024, -1.5247 0.2342 4.288, -1.5362 0.2349 4.3024, -1.534 0.081 4.288, -1.5455 0.0817 4.3024, -1.5436 -0.0759 4.288, -1.5551 -0.0752 4.3024, -1.5533 -0.2367 4.288, -1.5648 -0.236 4.3024, -1.5634 -0.4014 4.288, -1.5749 -0.4007 4.3024, -1.5736 -0.5701 4.288, -1.5851 -0.5694 4.3024, -1.5841 -0.7428 4.288, -1.5956 -0.7421 4.3024, -1.5949 -0.9194 4.288, -1.6064 -0.9187 4.3024, -1.6059 -1.1002 4.288, -1.6174 -1.0995 4.3024, -1.6531 -1.8752 4.288, -1.6646 -1.8745 4.3024, -1.6612 -2.0593 4.288, -1.6727 -2.0593 4.3024, -1.6612 -2.1137 4.2868, -1.6727 -2.1153 4.3011, -1.6612 -2.1401 4.2815, -1.6727 -2.1442 4.2953, -1.6612 -2.1631 4.2723, -1.6727 -2.1696 4.2852, -1.6612 -2.1862 4.258, -1.6727 -2.1948 4.2696, -1.6612 -2.2098 4.2369, -1.6727 -2.2203 4.2468, -1.6612 -2.2415 4.1959, -1.6727 -2.2536 4.2037, -1.6612 -2.2762 4.1292, -1.6727 -2.2895 4.1347, -1.6612 -2.2983 4.0591, -1.6727 -2.3124 4.0621, -1.6612 -2.3053 4.0036, -1.6727 -2.3197 4.0041, -1.6612 -2.3036 3.9666, -1.6727 -2.3179 3.9647, -1.6612 -2.2971 3.9359, -1.6727 -2.3108 3.9317, -1.6612 -2.2873 3.9111, -1.6727 -2.3002 3.9047, -1.6727 -2.2831 3.8771, -1.6727 -2.2622 3.8542, -1.6612 -2.2225 3.8422, -1.6727 -2.2301 3.8299, -1.6612 -2.1837 3.8227, -1.6727 -2.1891 3.8094, -1.6612 -2.035 3.7683, -1.6727 -2.0399 3.7548, -1.6612 -1.8842 3.7135, -1.6727 -1.8892 3.7, -1.6612 -1.2124 3.469, -1.6727 -1.2174 3.4554, -1.6612 -1.0703 3.4172, -1.6727 -1.0752 3.4037, -1.6612 -0.9548 3.3752, -1.6727 -0.9597 3.3616, -1.6612 -0.8019 3.3195, -1.6727 -0.8068 3.306, -1.6612 -0.6506 3.2645, -1.6727 -0.6555 3.2509, -1.6612 -0.4664 3.1974, -1.6727 -0.4714 3.1839, -1.6612 -0.3281 3.1471, -1.6727 -0.333 3.1336, -1.6612 -0.1907 3.0971, -1.6727 -0.1956 3.0835, -1.6612 -0.0459 3.0444, -1.6727 -0.0508 3.0308, -1.6612 0.1529 2.972, -1.6727 0.148 2.9585, -1.6727 0.3678 2.8785, -1.4325 2.0682 3.622, -1.4359 2.0855 3.622, -1.4368 2.0899 3.622, -1.437 2.0962 3.622, -1.4368 2.1026 3.622, -1.4368 2.1016 3.622, -1.4368 2.1016 3.8278, -1.4144 2.0382 3.622, -1.4229 2.0483 3.622, -1.4252 2.053 3.622, -1.4009 2.0257 3.622, -1.3909 2.0185 3.622, -1.3855 2.0158 3.8278, -1.3538 2.0078 3.622, -1.3688 2.0102 3.622, -1.3703 2.0104 3.622, -1.3853 2.0163 3.622, -1.4088 2.0314 3.622, -1.4013 2.0252 3.8278, -1.4013 2.0252 4.1214, -1.3855 2.0159 4.1215, -1.4013 2.0242 4.1695, -1.3755 2.1806 4.1206, -1.3757 2.1783 4.1895, -1.376 2.1737 4.2152, -1.3764 2.1668 4.2401, -1.3923 2.1732 4.1207, -1.3924 2.171 4.1884, -1.3931 2.1599 4.2375, -1.3856 2.0149 4.1684, -1.3857 2.0131 4.1787, -1.4016 2.0191 4.1916, -1.3859 2.0102 4.189, -1.4022 2.0101 4.2126, -1.3861 2.0064 4.199, -1.3769 2.1576 4.2645, -1.3776 2.1462 4.2879, -1.3785 2.1327 4.3101, -1.3961 2.1117 4.3256, -1.3943 2.1399 4.2839, -1.3794 2.1171 4.331, -1.3982 2.0763 4.3614, -1.3816 2.0807 4.3678, -1.3864 2.0018 4.2085, -1.3867 1.9962 4.2176, -1.403 1.9973 4.2315, -1.3871 1.9899 4.2261, -1.4039 1.9813 4.2476, -1.3875 1.9828 4.234, -1.388 1.975 4.2412, -1.4051 1.9626 4.2606, -1.3885 1.9665 4.2477, -1.3829 2.0601 4.3835, -1.3842 2.0381 4.3972, -1.3857 2.0145 4.4091, -1.3872 1.9898 4.4186, -1.4007 2.035 4.3899, -1.4036 1.9881 4.4107, -1.3891 1.9575 4.2533, -1.3897 1.9479 4.2581, -1.4064 1.9414 4.2699, -1.3903 1.9378 4.262, -1.4077 1.9199 4.275, -1.3915 1.9178 4.2668, -1.4103 1.8763 4.2763, -1.3941 1.8754 4.2679, -1.4144 1.809 4.2763, -1.3982 1.808 4.2679, -1.4186 1.7409 4.2762, -1.4023 1.7399 4.2679, -1.4229 1.6695 4.2762, -1.4067 1.6685 4.2679, -1.4291 1.568 4.2762, -1.4129 1.567 4.2679, -1.4356 1.4619 4.2762, -1.4193 1.4609 4.2679, -1.4409 1.3747 4.2762, -1.4246 1.3737 4.2679, -1.4499 1.2265 4.2762, -1.4336 1.2255 4.2679, -1.4564 1.1201 4.2762, -1.4401 1.1191 4.2679, -1.4625 1.0191 4.2762, -1.4463 1.0181 4.2679, -1.4691 0.9115 4.2762, -1.4528 0.9105 4.2679, -1.4762 0.7941 4.2762, -1.46 0.7931 4.2679, -1.484 0.6665 4.2762, -1.4677 0.6655 4.2679, -1.4924 0.5284 4.2762, -1.4761 0.5274 4.2679, -1.5013 0.3827 4.2762, -1.485 0.3817 4.2679, -1.5104 0.2333 4.2762, -1.4941 0.2323 4.2679, -1.5197 0.0802 4.2762, -1.5034 0.0792 4.2679, -1.5292 -0.0768 4.2762, -1.513 -0.0777 4.2679, -1.539 -0.2376 4.2762, -1.5228 -0.2386 4.2679, -1.549 -0.4023 4.2762, -1.5328 -0.4033 4.2679, -1.5593 -0.571 4.2762, -1.543 -0.572 4.2679, -1.5698 -0.7436 4.2762, -1.5536 -0.7446 4.2679, -1.5806 -0.9203 4.2762, -1.5643 -0.9213 4.2679, -1.5916 -1.101 4.2762, -1.5753 -1.102 4.2679, -1.6387 -1.876 4.2762, -1.6225 -1.877 4.2679, -1.6468 -2.0592 4.2762, -1.6306 -2.0592 4.2679, -1.6468 -2.1123 4.2752, -1.6305 -2.1114 4.2669, -1.6468 -2.1367 4.2703, -1.6305 -2.1344 4.2622, -1.6468 -2.1579 4.2618, -1.6305 -2.1541 4.2544, -1.6468 -2.1792 4.2486, -1.6305 -2.1742 4.2419, -1.6468 -2.2013 4.2288, -1.3886 1.9657 4.4254, -1.3901 1.941 4.4301, -1.3942 1.8745 4.4329, -1.3982 1.808 4.4329, -1.4024 1.7399 4.4329, -1.4067 1.6685 4.4329, -1.4129 1.567 4.4329, -1.4194 1.4609 4.4329, -1.4247 1.3737 4.4329, -1.4337 1.2255 4.4329, -1.4402 1.1191 4.4329, -1.4463 1.0181 4.4329, -1.4528 0.9106 4.4329, -1.46 0.7931 4.4329, -1.4678 0.6655 4.4329, -1.4762 0.5274 4.4329, -1.485 0.3817 4.4329, -1.4941 0.2323 4.4329, -1.5034 0.0792 4.4329, -1.513 -0.0777 4.4329, -1.5228 -0.2385 4.4329, -1.5328 -0.4033 4.4329, -1.5431 -0.572 4.4329, -1.5536 -0.7446 4.4329, -1.5644 -0.9213 4.4329, -1.5754 -1.102 4.4329, -1.6225 -1.877 4.4329, -1.6306 -2.0594 4.4329, -1.6306 -2.1304 4.4308, -1.6306 -2.1814 4.4204, -1.6306 -2.2282 4.4019, -1.6306 -2.2729 4.3742, -1.6306 -2.315 4.3366, -1.6306 -2.3411 4.306, -1.6469 -2.3564 4.2697, -1.6469 -2.3089 4.3309, -1.6469 -2.2679 4.3675, -1.6469 -2.2244 4.3944, -1.6469 -2.179 4.4124, -1.6469 -2.1294 4.4225, -1.6469 -2.0594 4.4245, -1.6388 -1.876 4.4245, -1.5916 -1.101 4.4245, -1.5806 -0.9203 4.4245, -1.5698 -0.7436 4.4245, -1.5593 -0.571 4.4245, -1.5491 -0.4023 4.4245, -1.539 -0.2376 4.4245, -1.5293 -0.0768 4.4245, -1.5197 0.0802 4.4245, -1.5104 0.2333 4.4245, -1.5013 0.3827 4.4245, -1.4924 0.5284 4.4245, -1.484 0.6665 4.4245, -1.4762 0.7941 4.4245, -1.4691 0.9115 4.4245, -1.4626 1.0191 4.4245, -1.4564 1.1201 4.4245, -1.4499 1.2265 4.4245, -1.4409 1.3747 4.4245, -1.4356 1.4619 4.4245, -1.4291 1.568 4.4245, -1.423 1.6695 4.4245, -1.4186 1.7409 4.4245, -1.4145 1.809 4.4245, -1.4104 1.8755 4.4245, -1.4065 1.9408 4.4218, -1.6306 -2.41 4.1849, -1.6306 -2.3634 4.2742, -1.6469 -2.4023 4.1817, -1.4088 2.1611 3.622, -1.4074 2.1623 3.8278, -1.4073 2.1624 4.1207, -1.4075 2.1602 4.1869, -1.4081 2.1496 4.2339, -1.4093 2.1305 4.2782, -1.4109 2.1035 4.3182, -1.413 2.0697 4.3524, -1.4154 2.0302 4.3797, -1.4181 1.9853 4.3995, -1.4209 1.94 4.4102, -1.4247 1.8765 4.4128, -1.4288 1.8098 4.4128, -1.4329 1.7418 4.4128, -1.4373 1.6703 4.4128, -1.4435 1.5689 4.4128, -1.4499 1.4628 4.4128, -1.4552 1.3756 4.4128, -1.4643 1.2274 4.4128, -1.4707 1.1209 4.4128, -1.4769 1.02 4.4128, -1.4834 0.9124 4.4128, -1.4906 0.795 4.4128, -1.4983 0.6673 4.4128, -1.5067 0.5292 4.4128, -1.5156 0.3835 4.4128, -1.5247 0.2342 4.4128, -1.534 0.081 4.4128, -1.5436 -0.0759 4.4128, -1.5534 -0.2367 4.4128, -1.5634 -0.4014 4.4128, -1.5737 -0.5701 4.4128, -1.5842 -0.7428 4.4128, -1.5949 -0.9194 4.4128, -1.6059 -1.1001 4.4128, -1.6531 -1.8752 4.4128, -1.6612 -2.0594 4.4128, -1.6612 -2.1281 4.4108, -1.6612 -2.1757 4.4011, -1.6612 -2.2191 4.3839, -1.6612 -2.2609 4.3581, -1.6612 -2.3004 4.3228, -1.6612 -2.3465 4.2633, -1.6612 -2.3914 4.1772, -1.4194 2.1484 3.622, -1.4197 2.1487 3.8278, -1.4197 2.1487 4.1208, -1.4198 2.1467 4.1851, -1.4205 2.1366 4.2294, -1.4215 2.1186 4.2713, -1.4231 2.0931 4.309, -1.425 2.0611 4.3413, -1.4273 2.0238 4.3671, -1.4299 1.9815 4.3859, -1.4325 1.9387 4.396, -1.4362 1.8773 4.3984, -1.4403 1.8105 4.3984, -1.4444 1.7425 4.3984, -1.4488 1.671 4.3984, -1.455 1.5696 4.3984, -1.4614 1.4635 4.3984, -1.4667 1.3763 4.3984, -1.4758 1.2281 4.3984, -1.4822 1.1216 4.3984, -1.4884 1.0207 4.3984, -1.4949 0.9131 4.3984, -1.5021 0.7957 4.3984, -1.5098 0.668 4.3984, -1.5182 0.5299 4.3984, -1.5271 0.3842 4.3984, -1.5362 0.2349 4.3984, -1.5455 0.0817 4.3984, -1.5551 -0.0752 4.3984, -1.5649 -0.236 4.3984, -1.5749 -0.4007 4.3984, -1.5852 -0.5694 4.3984, -1.5957 -0.7421 4.3984, -1.6064 -0.9187 4.3984, -1.6174 -1.0994 4.3984, -1.6646 -1.8745 4.3984, -1.6727 -2.0594 4.3984, -1.6727 -2.1264 4.3965, -1.6727 -2.1716 4.3873, -1.6727 -2.2127 4.371, -1.6727 -2.2522 4.3465, -1.6727 -2.2899 4.3129, -1.6727 -2.3344 4.2556, -1.6727 -2.3781 4.1717, -1.6305 -2.1953 4.223, -1.6305 -2.2104 4.2053, -1.6468 -2.2316 4.1896, -1.6305 -2.2246 4.1851, -1.6468 -2.2654 4.1246, -1.6305 -2.2577 4.1214, -1.6468 -2.2869 4.0566, -1.6305 -2.2698 4.0883, -1.6305 -2.2787 4.0549, -1.6468 -2.2936 4.0033, -1.6306 -2.4469 4.0494, -1.6306 -2.4502 4.0079, -1.6306 -2.4473 3.9479, -1.6306 -2.4357 3.8936, -1.6306 -2.4173 3.8471, -1.6469 -2.4098 3.8508, -1.6469 -2.4277 3.8961, -1.6469 -2.439 3.949, -1.6469 -2.4418 4.0076, -1.6468 -2.292 3.9681, -1.6468 -2.2858 3.9393, -1.6468 -2.2768 3.9163, -1.6468 -2.2701 3.9042, -1.6306 -2.4033 3.8219, -1.6306 -2.387 3.7981, -1.6306 -2.3508 3.7583, -1.6306 -2.3254 3.7371, -1.6469 -2.3204 3.7438, -1.6469 -2.3451 3.7644, -1.6469 -2.3804 3.8032, -1.6612 -2.408 4.1321, -1.6612 -2.4204 4.0852, -1.6612 -2.4301 4.0073, -1.6612 -2.4274 3.9505, -1.6612 -2.4165 3.8995, -1.6612 -2.3992 3.8559, -1.6612 -2.371 3.8103, -1.6612 -2.3371 3.773, -1.6612 -2.2881 3.736, -1.6306 -2.2987 3.7189, -1.6306 -2.2377 3.6882, -1.6306 -2.0845 3.6321, -1.6306 -1.9338 3.5773, -1.6306 -1.262 3.3328, -1.6306 -1.1199 3.281, -1.6306 -1.0043 3.239, -1.6306 -0.8515 3.1833, -1.6306 -0.7001 3.1283, -1.6306 -0.516 3.0612, -1.6306 -0.3776 3.0109, -1.6306 -0.2402 2.9609, -1.6306 -0.0955 2.9082, -1.6306 0.1034 2.8358, -1.6306 0.3232 2.7558, -1.4344 2.1177 4.121, -1.4368 2.1016 4.1211, -1.4345 2.1159 4.181, -1.4369 2.1 4.1789, -1.4351 2.1072 4.2196, -1.4374 2.0919 4.2146, -1.436 2.0915 4.256, -1.4383 2.0774 4.2482, -1.4374 2.0693 4.2888, -1.4396 2.0569 4.2785, -1.4391 2.0415 4.3169, -1.4411 2.0312 4.3045, -1.441 2.0091 4.3393, -1.4429 2.0013 4.3252, -1.4433 1.9722 4.3557, -1.445 1.9672 4.3403, -1.4455 1.935 4.3645, -1.4471 1.9328 4.3484, -1.449 1.8782 4.3666, -1.4504 1.8784 4.3504, -1.4531 1.8113 4.3666, -1.4545 1.8114 4.3504, -1.4572 1.7433 4.3666, -1.4586 1.7433 4.3504, -1.4616 1.6718 4.3666, -1.463 1.6719 4.3504, -1.4677 1.5703 4.3666, -1.4692 1.5704 4.3504, -1.4742 1.4643 4.3666, -1.4756 1.4644 4.3504, -1.4795 1.377 4.3666, -1.4809 1.3771 4.3504, -1.4885 1.2288 4.3666, -1.49 1.2289 4.3504, -1.495 1.1224 4.3666, -1.4964 1.1225 4.3504, -1.5011 1.0215 4.3666, -1.5026 1.0216 4.3504, -1.5077 0.9139 4.3666, -1.5091 0.914 4.3504, -1.5148 0.7965 4.3666, -1.5163 0.7965 4.3504, -1.5226 0.6688 4.3666, -1.524 0.6689 4.3504, -1.531 0.5307 4.3666, -1.5325 0.5308 4.3504, -1.5399 0.385 4.3666, -1.5413 0.3851 4.3504, -1.549 0.2356 4.3666, -1.5504 0.2357 4.3504, -1.5583 0.0825 4.3666, -1.5597 0.0826 4.3504, -1.5679 -0.0744 4.3666, -1.5693 -0.0743 4.3504, -1.5776 -0.2352 4.3666, -1.5791 -0.2351 4.3504, -1.5877 -0.3999 4.3666, -1.5891 -0.3998 4.3504, -1.5979 -0.5686 4.3666, -1.5994 -0.5685 4.3504, -1.6084 -0.7413 4.3666, -1.6099 -0.7412 4.3504, -1.6192 -0.918 4.3666, -1.6206 -0.9179 4.3504, -1.6302 -1.0987 4.3666, -1.6316 -1.0986 4.3504, -1.6774 -1.8737 4.3666, -1.6788 -1.8736 4.3504, -1.6855 -2.0593 4.3666, -1.687 -2.0593 4.3504, -1.6855 -2.1227 4.3649, -1.687 -2.1209 4.3488, -1.6855 -2.1625 4.3568, -1.687 -2.1579 4.3413, -1.6855 -2.1984 4.3426, -1.687 -2.1911 4.3281, -1.6855 -2.2332 4.321, -1.687 -2.2235 4.3081, -1.6855 -2.2669 4.291, -1.687 -2.2551 4.2798, -1.6855 -2.3076 4.2384, -1.687 -2.294 4.2296, -1.6855 -2.3488 4.1594, -1.687 -2.3338 4.1532, -1.6855 -2.3752 4.0755, -1.687 -2.3594 4.0722, -1.6855 -2.3839 4.0059, -1.687 -2.3677 4.0055, -1.6855 -2.3815 3.9564, -1.687 -2.3655 3.9585, -1.6855 -2.3722 3.913, -1.687 -2.3568 3.9177, -1.6855 -2.3578 3.8764, -1.687 -2.3433 3.8835, -1.6855 -2.3342 3.8382, -1.687 -2.3213 3.848, -1.6855 -2.3058 3.807, -1.687 -2.2948 3.8189, -1.6855 -2.2638 3.7753, -1.687 -2.2553 3.7891, -1.6855 -2.213 3.7498, -1.687 -2.207 3.7648, -1.6855 -2.0619 3.6945, -1.687 -2.0563 3.7097, -1.6855 -1.9111 3.6396, -1.687 -1.9056 3.6548, -1.6855 -1.2393 3.3951, -1.687 -1.2338 3.4103, -1.6855 -1.0972 3.3434, -1.687 -1.0916 3.3586, -1.6855 -0.9816 3.3013, -1.687 -0.9761 3.3165, -1.6855 -0.8288 3.2457, -1.687 -0.8232 3.2609, -1.6855 -0.6775 3.1906, -1.687 -0.6719 3.2058, -1.6855 -0.4933 3.1236, -1.687 -0.4878 3.1388, -1.6855 -0.355 3.0732, -1.687 -0.3494 3.0884, -1.6855 -0.2175 3.0232, -1.687 -0.212 3.0384, -1.6855 -0.0728 2.9705, -1.687 -0.0672 2.9857, -1.6855 0.1261 2.8981, -1.687 0.1316 2.9134, -1.6855 0.3458 2.8181, -1.687 0.3514 2.8334, -1.6469 0.326 2.7637, -1.6469 0.1062 2.8437, -1.6469 -0.0926 2.916, -1.6469 -0.2374 2.9687, -1.6469 -0.3748 3.0188, -1.6469 -0.5131 3.0691, -1.6469 -0.6973 3.1361, -1.6469 -0.8486 3.1912, -1.6469 -1.0015 3.2468, -1.6469 -1.117 3.2889, -1.6469 -1.2592 3.3406, -1.6469 -1.931 3.5852, -1.6469 -2.0817 3.64, -1.6469 -2.2346 3.696, -1.6469 -2.2943 3.726, -1.6374 0.5533 2.6752, -1.6612 0.1103 2.8547, -1.6612 -0.0886 2.9271, -1.6612 -0.2334 2.9798, -1.6612 -0.3708 3.0298, -1.6612 -0.5091 3.0801, -1.6612 -0.6933 3.1472, -1.6612 -0.8446 3.2022, -1.6612 -0.9974 3.2579, -1.6612 -1.113 3.2999, -1.6612 -1.2551 3.3517, -1.6612 -1.9269 3.5962, -1.6612 -2.0777 3.651, -1.6612 -2.2302 3.7069, -1.6727 0.335 2.7882, -1.6727 0.1152 2.8682, -1.6727 -0.0837 2.9406, -1.6727 -0.2284 2.9933, -1.6727 -0.3658 3.0433, -1.6727 -0.5042 3.0937, -1.6727 -0.6883 3.1607, -1.6727 -0.8397 3.2158, -1.6727 -0.9925 3.2714, -1.6727 -1.1081 3.3135, -1.6727 -1.2502 3.3652, -1.6727 -1.922 3.6097, -1.6727 -2.0728 3.6646, -1.6727 -2.2249 3.7202, -1.6727 -2.2806 3.7482, -1.6727 -2.3274 3.7836, -1.6727 -2.3596 3.819, -1.6727 -2.3863 3.8623, -1.6727 -2.4027 3.9037, -1.6727 -2.4131 3.9523, -1.6727 -2.4157 4.0069, -1.6727 -2.4063 4.0822, -1.4288 2.1335 4.1209, -1.429 2.1316 4.1831, -1.4295 2.1222 4.2246, -1.4305 2.1053 4.2637, -1.432 2.0814 4.299, -1.4338 2.0515 4.3292, -1.4359 2.0166 4.3534, -1.4384 1.977 4.3709, -1.4408 1.937 4.3804, -1.4444 1.8778 4.3827, -1.4485 1.8111 4.3827, -1.4526 1.743 4.3826, -1.457 1.6715 4.3827, -1.4631 1.5701 4.3827, -1.4696 1.464 4.3826, -1.4749 1.3767 4.3826, -1.4839 1.2286 4.3827, -1.4904 1.1221 4.3827, -1.4965 1.0212 4.3827, -1.5031 0.9136 4.3827, -1.5102 0.7962 4.3827, -1.518 0.6685 4.3827, -1.5264 0.5304 4.3827, -1.5353 0.3847 4.3827, -1.5444 0.2354 4.3827, -1.5537 0.0822 4.3827, -1.5632 -0.0747 4.3827, -1.573 -0.2355 4.3827, -1.5831 -0.4002 4.3827, -1.5933 -0.5689 4.3827, -1.6038 -0.7416 4.3827, -1.6146 -0.9182 4.3827, -1.6256 -1.099 4.3827, -1.6728 -1.874 4.3827, -1.6809 -2.0594 4.3826, -1.6809 -2.1246 4.3809, -1.6809 -2.1671 4.3723, -1.6809 -2.2056 4.3569, -1.6809 -2.2428 4.3339, -1.6809 -2.2785 4.302, -1.6809 -2.3212 4.2471, -1.6809 -2.3636 4.1656, -1.6809 -2.3909 4.0789, -1.6809 -2.4 4.0064, -1.6809 -2.3975 3.9544, -1.6809 -2.3876 3.9083, -1.6809 -2.3722 3.8693, -1.6809 -2.347 3.8285, -1.6809 -2.3167 3.7952, -1.6809 -2.2723 3.7616, -1.6809 -2.219 3.7349, -1.6809 -2.0674 3.6794, -1.6809 -1.9166 3.6245, -1.6809 -1.2448 3.38, -1.6809 -1.1027 3.3283, -1.6809 -0.9871 3.2862, -1.6809 -0.8343 3.2306, -1.6809 -0.683 3.1755, -1.6809 -0.4988 3.1085, -1.6809 -0.3605 3.0581, -1.6809 -0.223 3.0081, -1.6809 -0.0783 2.9554, -1.6809 0.1206 2.883, -1.6809 0.3403 2.803, -1.6816 0.5701 2.7213, -1.6468 0.157 2.983, -1.6468 -0.0419 3.0554, -1.6468 -0.1867 3.1081, -1.6468 -0.3241 3.1581, -1.6468 -0.4624 3.2085, -1.6468 -0.6466 3.2755, -1.6468 -0.7979 3.3305, -1.6468 -0.9507 3.3862, -1.6468 -1.0663 3.4282, -1.6468 -1.2084 3.48, -1.6468 -1.8802 3.7245, -1.6468 -2.031 3.7794, -1.6468 -2.1794 3.8336, -1.6468 -2.2164 3.8521, -1.6468 -2.2312 3.8623, -1.6468 -2.2445 3.8734, -1.6305 0.1598 2.9909, -1.6305 -0.039 3.0633, -1.6305 -0.1838 3.1159, -1.6305 -0.3212 3.166, -1.6305 -0.4596 3.2163, -1.6305 -0.6437 3.2833, -1.6305 -0.795 3.3384, -1.6305 -0.9479 3.394, -1.6305 -1.0634 3.4361, -1.6305 -1.2056 3.4878, -1.6305 -1.8774 3.7324, -1.6305 -2.0282 3.7872, -1.6305 -2.1762 3.8414, -1.6305 -2.212 3.8593, -1.6305 -2.2261 3.8689, -1.6305 -2.2388 3.8795, -1.6305 -2.2556 3.8979, -1.6305 -2.263 3.9086, -1.6305 -2.2693 3.92, -1.6305 -2.2778 3.9418, -1.6305 -2.2837 3.9692, -1.6305 -2.2852 4.003, -1.6305 -2.2832 4.0286, -1.5105 0.5843 2.7604, -1.5112 0.3565 2.8487, -1.5257 0.5978 2.7974, -1.5356 0.3724 2.8921, -1.5499 0.3764 2.9031, -1.5594 0.6077 2.8246, -1.5662 0.3792 2.911, -1.5832 0.3809 2.9155, -1.2644 2.0683 3.622, -1.263 2.075 3.622, -1.2624 2.0748 4.003, -1.2739 2.0483 3.622, -1.2686 2.0594 3.622, -1.268 2.0591 4.003, -1.306 2.0185 3.622, -1.3046 2.0195 3.622, -1.3045 2.0193 4.003, -1.3265 2.0104 3.622, -1.3215 2.0124 3.622, -1.3213 2.012 4.003, -1.5257 0.5632 2.7025, -1.5241 0.3346 2.7883, -1.2713 2.1397 4.003, -1.2819 2.1548 4.003, -1.2819 2.1547 4.1578, -1.3283 2.1779 4.2041, -1.3286 2.1721 4.2296, -1.5833 -2.0596 4.4377, -1.5832 -2.2945 3.7108, -1.5832 -2.273 4.0585, -1.4753 -0.2374 4.2631, -1.4655 -0.0767 4.2631, -1.3718 1.4623 4.2631, -1.3484 2.0077 3.622, -1.3386 2.0089 3.622, -1.3386 2.0082 4.003, -1.3386 2.0082 4.1542, -1.3387 2.0065 4.1728, -1.339 2.001 4.1926, -1.3388 2.0042 4.1829, -1.3393 1.997 4.2019, -1.3396 1.9921 4.2109, -1.3399 1.9863 4.2193, -1.3403 1.9799 4.2272, -1.3407 1.9727 4.2344, -1.3412 1.9649 4.2409, -1.3417 1.9565 4.2467, -1.3423 1.9476 4.2517, -1.3434 1.9293 4.2588, -1.3428 1.9386 4.2556, -1.3445 1.9111 4.2624, -1.348 1.8538 4.2631, -1.3521 1.7868 4.2631, -1.3564 1.7151 4.2631, -1.3613 1.6343 4.2631, -1.365 1.5746 4.2631, -1.377 1.3765 4.2631, -1.3862 1.2255 4.2631, -1.3874 1.4557 4.2618, -1.3927 1.1187 4.2631, -1.3989 1.0178 4.2631, -1.4054 0.9105 4.2631, -1.4125 0.7933 4.2631, -1.4203 0.6659 4.2631, -1.4287 0.5281 4.2631, -1.4375 0.3825 4.2631, -1.4466 0.2332 4.2631, -1.4559 0.0802 4.2631, -1.4853 -0.402 4.2631, -1.4955 -0.5706 4.2631, -1.506 -0.7432 4.2631, -1.5168 -0.9197 4.2631, -1.5278 -1.1003 4.2631, -1.5752 -1.8789 4.2631, -1.5832 -2.0594 4.2631, -1.5832 -2.1075 4.2625, -1.5832 -2.1298 4.2586, -1.5832 -2.1395 4.2555, -1.5832 -2.149 4.2516, -1.5832 -2.1884 4.2233, -1.5832 -2.1683 4.2404, -1.5832 -2.2031 4.2068, -1.5832 -2.2171 4.1878, -1.5832 -2.251 4.1249, -1.5832 -2.2636 4.0919, -1.5832 -2.2352 4.1576, -1.5832 -2.2779 4.0321, -1.5832 -2.2804 4.0063, -1.5832 -2.2793 3.9726, -1.5832 -2.2737 3.9444, -1.5832 -2.2732 3.9427, -1.5832 -2.2638 3.9196, -1.5832 -2.2574 3.9086, -1.5832 -2.2499 3.8983, -1.5832 -2.2329 3.8805, -1.5832 -2.2201 3.8704, -1.5832 -2.2059 3.8611, -1.5832 -2.1677 3.8431, -1.5832 -2.091 3.8152, -1.5832 -1.9969 3.7809, -1.5832 -1.8623 3.7319, -1.5832 -1.2084 3.4939, -1.5832 -1.0635 3.4412, -1.5832 -0.9482 3.3992, -1.5832 -0.7944 3.3432, -1.5832 -0.6424 3.2879, -1.5832 -0.4581 3.2208, -1.5832 -0.3197 3.1705, -1.5832 -0.1823 3.1205, -1.5832 -0.0376 3.0678, -1.5832 0.1605 2.9957, -1.5832 0.3212 2.7515, -1.5832 0.1008 2.8317, -1.5832 -0.0973 2.9038, -1.5832 -0.242 2.9564, -1.5832 -0.3794 3.0065, -1.5832 -0.5178 3.0568, -1.5832 -0.7021 3.1239, -1.5832 -0.8541 3.1792, -1.5832 -1.0079 3.2352, -1.5832 -1.1232 3.2772, -1.5832 -1.2681 3.3299, -1.5832 -1.922 3.5679, -1.5832 -2.0565 3.6169, -1.5832 -2.23 3.6801, -1.5832 -2.1507 3.6512, -1.5832 -2.322 3.7286, -1.5832 -2.3482 3.7495, -1.5832 -2.3863 3.7893, -1.5832 -2.4036 3.8135, -1.5832 -2.4186 3.8391, -1.5832 -2.44 3.8913, -1.5832 -2.4306 3.8649, -1.5832 -2.4411 3.8949, -1.5832 -2.4527 3.9528, -1.5832 -2.4547 4.0139, -1.5832 -2.4508 4.0565, -1.5832 -2.4432 4.0975, -1.5832 -2.4293 4.147, -1.5832 -2.4111 4.1944, -1.5832 -2.3888 4.2403, -1.5832 -2.3621 4.2849, -1.5832 -2.339 4.3164, -1.5832 -2.3118 4.3467, -1.5832 -2.2688 4.383, -1.5832 -2.2229 4.4097, -1.5832 -2.1748 4.4272, -1.5832 -2.123 4.4364, -1.5752 -1.8789 4.4377, -1.5278 -1.1003 4.4377, -1.5168 -0.9197 4.4377, -1.5061 -0.7432 4.4377, -1.4956 -0.5706 4.4377, -1.4853 -0.402 4.4377, -1.4753 -0.2374 4.4377, -1.4655 -0.0767 4.4377, -1.456 0.0802 4.4377, -1.4466 0.2332 4.4377, -1.4376 0.3825 4.4377, -1.4287 0.5281 4.4377, -1.4203 0.6659 4.4377, -1.4126 0.7933 4.4377, -1.4054 0.9105 4.4377, -1.3989 1.0178 4.4377, -1.3927 1.1187 4.4377, -1.3863 1.2255 4.4377, -1.3771 1.3764 4.4377, -1.3718 1.4623 4.4377, -1.365 1.5746 4.4377, -1.3614 1.6343 4.4377, -1.3565 1.7151 4.4377, -1.348 1.8539 4.4377, -1.3521 1.7867 4.4377, -1.3434 1.9295 4.436, -1.3405 1.9777 4.4265, -1.3362 2.0482 4.3951, -1.3376 2.0251 4.408, -1.339 2.0018 4.4183, -1.3325 2.1089 4.3445, -1.3336 2.0903 4.3632, -1.3348 2.0701 4.3801, -1.3306 2.1406 4.3022, -1.3298 2.1533 4.279, -1.3315 2.1257 4.3241, -1.3291 2.1639 4.2546, -1.328 2.1824 4.1584, -1.328 2.1825 4.003, -1.328 2.1823 3.622, -1.322 2.0002 4.204, -1.5159 -2.3164 4.2543, -1.5113 -2.2616 4.2964, -1.5159 -2.273 4.3078, -1.5113 -2.2279 4.3249, -1.5159 -2.2371 4.3381, -1.5113 -2.1928 4.3453, -1.5159 -2.1996 4.3599, -1.5113 -2.1565 4.3586, -1.5159 -2.1606 4.3741, -1.5113 -2.1167 4.3656, -1.5159 -2.1181 4.3816, -1.5113 -2.0595 4.3666, -1.5159 -2.0595 4.3827, -1.5033 -1.8833 4.3666, -1.508 -1.883 4.3827, -1.456 -1.1047 4.3666, -1.4606 -1.1044 4.3827, -1.445 -0.9241 4.3666, -1.4496 -0.9238 4.3827, -1.4342 -0.7475 4.3666, -1.4388 -0.7472 4.3827, -1.4237 -0.575 4.3666, -1.4283 -0.5747 4.3827, -1.4134 -0.4064 4.3666, -1.4181 -0.4061 4.3827, -1.4034 -0.2418 4.3666, -1.408 -0.2415 4.3827, -1.3936 -0.081 4.3666, -1.3983 -0.0808 4.3827, -1.3841 0.0758 4.3666, -1.3887 0.0761 4.3827, -1.3748 0.2288 4.3666, -1.3794 0.2291 4.3827, -1.3657 0.3781 4.3666, -1.3703 0.3784 4.3827, -1.3568 0.5237 4.3666, -1.3615 0.524 4.3827, -1.3484 0.6615 4.3666, -1.3531 0.6618 4.3827, -1.3407 0.7889 4.3666, -1.3453 0.7892 4.3827, -1.3336 0.9061 4.3666, -1.3382 0.9064 4.3827, -1.327 1.0134 4.3666, -1.3316 1.0137 4.3827, -1.3209 1.1144 4.3666, -1.3255 1.1146 4.3827, -1.3144 1.2211 4.3666, -1.319 1.2214 4.3827, -1.3052 1.3721 4.3666, -1.3098 1.3724 4.3827, -1.3 1.4579 4.3666, -1.3046 1.4582 4.3827, -1.2931 1.5702 4.3666, -1.2978 1.5705 4.3827, -1.2895 1.6299 4.3666, -1.2941 1.6302 4.3827, -1.2846 1.7107 4.3666, -1.2892 1.711 4.3827, -1.2802 1.7823 4.3666, -1.2848 1.7826 4.3827, -1.2761 1.8495 4.3666, -1.2808 1.8498 4.3827, -1.272 1.9177 4.3653, -1.2765 1.9196 4.3813, -1.2698 1.9536 4.3582, -1.2741 1.9584 4.3736, -1.2676 1.9892 4.3443, -1.2718 1.9966 4.3587, -1.2656 2.0229 4.3234, -1.2696 2.0328 4.3362, -1.2638 2.052 4.2967, -1.2677 2.0641 4.3075, -1.2624 2.0757 4.265, -1.2662 2.0897 4.2734, -1.2613 2.0932 4.2294, -1.265 2.1085 4.2351, -1.2607 2.1038 4.1913, -1.2643 2.1199 4.1942, -1.2605 2.1071 4.1567, -1.2641 2.1234 4.1571, -1.2605 2.1072 4.003, -1.2641 2.1235 4.003, -1.5662 -2.2069 4.2098, -1.5662 -2.2211 4.1904, -1.5499 -2.2134 4.215, -1.5499 -2.228 4.1951, -1.5159 -2.3404 4.2143, -1.5113 -2.346 4.1661, -1.5113 -2.3031 4.2454, -1.5159 -2.3607 4.1725, -1.5159 -2.3771 4.1296, -1.5113 -2.3739 4.0817, -1.5159 -2.3896 4.0852, -1.5159 -2.3998 4.0115, -1.5113 -2.3837 4.0108, -1.5159 -2.3981 3.959, -1.5113 -2.3821 3.9608, -1.5159 -2.3883 3.9105, -1.5113 -2.3729 3.9151, -1.5159 -2.3874 3.9075, -1.5113 -2.3721 3.9123, -1.5159 -2.3698 3.8645, -1.5113 -2.3556 3.8719, -1.5159 -2.3433 3.8237, -1.5113 -2.3307 3.8337, -1.5159 -2.3119 3.7908, -1.5113 -2.3012 3.8028, -1.5159 -2.2666 3.7581, -1.5113 -2.2584 3.772, -1.5159 -2.2103 3.7314, -1.5113 -2.2046 3.7465, -1.5159 -2.1319 3.7028, -1.5113 -2.1264 3.7179, -1.5159 -2.0378 3.6685, -1.5113 -2.0323 3.6837, -1.5159 -1.9032 3.6196, -1.5113 -1.8977 3.6347, -1.5159 -1.2493 3.3816, -1.5113 -1.2438 3.3967, -1.5159 -1.1044 3.3288, -1.5113 -1.0989 3.344, -1.5159 -0.9891 3.2869, -1.5113 -0.9836 3.302, -1.5159 -0.8353 3.2309, -1.5113 -0.8298 3.246, -1.5159 -0.6833 3.1755, -1.5113 -0.6778 3.1907, -1.5159 -0.499 3.1085, -1.5113 -0.4935 3.1236, -1.5159 -0.3606 3.0581, -1.5113 -0.3551 3.0732, -1.5159 -0.2232 3.0081, -1.5113 -0.2177 3.0232, -1.5159 -0.0785 2.9554, -1.5113 -0.073 2.9705, -1.5159 0.1196 2.8833, -1.5113 0.1251 2.8984, -1.5159 0.34 2.8031, -1.5113 0.3455 2.8182, -1.2713 2.1396 4.1575, -1.2822 2.1506 4.1996, -1.2715 2.1358 4.197, -1.283 2.1378 4.2458, -1.2723 2.1237 4.2407, -1.2843 2.1165 4.2892, -1.2735 2.1036 4.2817, -1.286 2.0876 4.3278, -1.2752 2.0763 4.3181, -1.2882 2.0522 4.3603, -1.2772 2.0428 4.3488, -1.2907 2.0112 4.3857, -1.2796 2.0041 4.3728, -1.2933 1.9679 4.4026, -1.2821 1.9632 4.3888, -1.296 1.924 4.4113, -1.2846 1.9218 4.397, -1.3004 1.851 4.4128, -1.2889 1.8503 4.3984, -1.3045 1.7838 4.4128, -1.293 1.7831 4.3984, -1.3089 1.7122 4.4128, -1.2974 1.7115 4.3984, -1.3138 1.6314 4.4128, -1.3023 1.6307 4.3984, -1.3174 1.5717 4.4128, -1.3059 1.571 4.3984, -1.3243 1.4594 4.4128, -1.3128 1.4587 4.3984, -1.3295 1.3736 4.4128, -1.318 1.3729 4.3984, -1.3387 1.2226 4.4128, -1.3272 1.2219 4.3984, -1.3452 1.1158 4.4128, -1.3337 1.1151 4.3984, -1.3513 1.0149 4.4128, -1.3398 1.0142 4.3984, -1.3579 0.9076 4.4128, -1.3463 0.9069 4.3984, -1.365 0.7904 4.4128, -1.3535 0.7897 4.3984, -1.3727 0.663 4.4128, -1.3612 0.6623 4.3984, -1.3811 0.5252 4.4128, -1.3696 0.5245 4.3984, -1.39 0.3796 4.4128, -1.3785 0.3789 4.3984, -1.3991 0.2303 4.4128, -1.3876 0.2296 4.3984, -1.4084 0.0773 4.4128, -1.3969 0.0766 4.3984, -1.4179 -0.0796 4.4128, -1.4064 -0.0803 4.3984, -1.4277 -0.2403 4.4128, -1.4162 -0.241 4.3984, -1.4377 -0.4049 4.4128, -1.4262 -0.4056 4.3984, -1.448 -0.5735 4.4128, -1.4365 -0.5742 4.3984, -1.4585 -0.7461 4.4128, -1.447 -0.7468 4.3984, -1.4693 -0.9226 4.4128, -1.4578 -0.9233 4.3984, -1.4802 -1.1032 4.4128, -1.4687 -1.1039 4.3984, -1.5276 -1.8818 4.4128, -1.5161 -1.8825 4.3984, -1.5356 -2.0596 4.4128, -1.5241 -2.0596 4.3984, -1.5356 -2.1208 4.4116, -1.5241 -2.1195 4.3973, -1.5356 -2.1684 4.4032, -1.5241 -2.1647 4.3893, -1.5356 -2.2124 4.3872, -1.5241 -2.2063 4.3742, -1.5356 -2.2545 4.3627, -1.5241 -2.2462 4.351, -1.5356 -2.2943 4.3291, -1.5241 -2.2841 4.3189, -1.5356 -2.3415 4.2711, -1.5241 -2.3295 4.2631, -1.5356 -2.367 4.2286, -1.5241 -2.3543 4.2217, -1.5356 -2.3883 4.1845, -1.5241 -2.3751 4.1788, -1.5356 -2.4057 4.1391, -1.5241 -2.3921 4.1346, -1.5356 -2.4189 4.092, -1.5241 -2.4049 4.0888, -1.5356 -2.4299 4.0129, -1.5241 -2.4155 4.0122, -1.5356 -2.428 3.9556, -1.5241 -2.4137 3.9572, -1.5356 -2.4172 3.902, -1.5241 -2.4034 3.9061, -1.5356 -2.4162 3.8987, -1.5241 -2.4025 3.9029, -1.5356 -2.3966 3.8506, -1.5241 -2.3838 3.8572, -1.5356 -2.3669 3.8049, -1.5241 -2.3556 3.8138, -1.5356 -2.3318 3.7682, -1.5241 -2.3223 3.779, -1.5356 -2.2819 3.7322, -1.5241 -2.2746 3.7446, -1.5356 -2.2211 3.7033, -1.5241 -2.216 3.7167, -1.5356 -2.1422 3.6745, -1.5241 -2.1373 3.688, -1.5356 -2.0481 3.6402, -1.5241 -2.0431 3.6538, -1.5356 -1.9135 3.5913, -1.5241 -1.9086 3.6048, -1.5356 -1.2596 3.3533, -1.5241 -1.2547 3.3668, -1.5356 -1.1147 3.3005, -1.5241 -1.1098 3.3141, -1.5356 -0.9994 3.2586, -1.5241 -0.9945 3.2721, -1.5356 -0.8456 3.2026, -1.5241 -0.8407 3.2161, -1.5356 -0.6936 3.1472, -1.5241 -0.6886 3.1608, -1.5356 -0.5093 3.0802, -1.5241 -0.5044 3.0937, -1.5356 -0.3709 3.0298, -1.5241 -0.366 3.0433, -1.5356 -0.2335 2.9798, -1.5241 -0.2286 2.9933, -1.5356 -0.0888 2.9271, -1.5241 -0.0839 2.9406, -1.5356 0.1093 2.855, -1.5241 0.1142 2.8685, -1.5356 0.3297 2.7748, -1.2644 2.1243 3.622, -1.261 2.1071 3.622, -1.2601 2.1026 3.622, -1.2598 2.0963 3.622, -1.2601 2.0899 3.622, -1.26 2.0909 3.622, -1.26 2.0909 4.003, -1.2824 2.1544 3.622, -1.2739 2.1442 3.622, -1.2717 2.1395 3.622, -1.296 2.1668 3.622, -1.306 2.174 3.622, -1.3113 2.1767 4.003, -1.3265 2.1821 3.622, -1.3115 2.1762 3.622, -1.2881 2.1611 3.622, -1.2956 2.1673 4.003, -1.2956 2.1673 4.1581, -1.3113 2.1766 4.1583, -1.2958 2.163 4.2017, -1.3213 2.0119 4.1543, -1.3214 2.0102 4.1737, -1.3215 2.0078 4.1841, -1.3045 2.0193 4.1545, -1.3046 2.0174 4.1752, -1.305 2.0113 4.1973, -1.3217 2.0045 4.1943, -1.3056 2.0012 4.2177, -1.3223 1.9951 4.2134, -1.3116 2.1722 4.2032, -1.3119 2.1665 4.2283, -1.2966 2.1496 4.25, -1.3124 2.1584 4.2529, -1.298 2.1274 4.2953, -1.3131 2.148 4.2769, -1.3138 2.1355 4.2997, -1.2998 2.0972 4.3357, -1.3147 2.1209 4.3212, -1.3227 1.9891 4.2222, -1.3231 1.9823 4.2304, -1.3235 1.9749 4.2379, -1.3075 1.9708 4.2514, -1.3065 1.9875 4.236, -1.3157 2.1043 4.3413, -1.3168 2.0861 4.3597, -1.3021 2.0601 4.3696, -1.324 1.9667 4.2447, -1.3246 1.9579 4.2508, -1.3251 1.9486 4.2559, -1.3087 1.9514 4.2634, -1.318 2.0661 4.3763, -1.3193 2.0447 4.391, -1.3047 2.0172 4.3962, -1.3207 2.0219 4.4037, -1.3074 1.9721 4.4138, -1.3257 1.9393 4.2601, -1.3263 1.9296 4.2634, -1.3275 1.9106 4.2672, -1.331 1.8528 4.2679, -1.3351 1.7857 4.2679, -1.3394 1.7141 4.2679, -1.3443 1.6332 4.2679, -1.348 1.5735 4.2679, -1.3548 1.4612 4.2679, -1.36 1.3754 4.2679, -1.3692 1.2245 4.2679, -1.3757 1.1177 4.2679, -1.3819 1.0168 4.2679, -1.3884 0.9094 4.2679, -1.3955 0.7923 4.2679, -1.4033 0.6649 4.2679, -1.4117 0.527 4.2679, -1.4205 0.3814 4.2679, -1.4296 0.2321 4.2679, -1.4389 0.0791 4.2679, -1.4485 -0.0777 4.2679, -1.4583 -0.2384 4.2679, -1.4683 -0.403 4.2679, -1.4786 -0.5716 4.2679, -1.4891 -0.7442 4.2679, -1.4998 -0.9208 4.2679, -1.5108 -1.1014 4.2679, -1.5582 -1.88 4.2679, -1.5662 -2.0594 4.2679, -1.5662 -2.1079 4.2672, -1.5662 -2.131 4.2632, -1.5499 -2.1332 4.2713, -1.5499 -2.1086 4.2756, -1.5499 -2.0594 4.2763, -1.5419 -1.881 4.2763, -1.4945 -1.1024 4.2763, -1.4836 -0.9218 4.2763, -1.4728 -0.7452 4.2763, -1.4623 -0.5726 4.2763, -1.452 -0.404 4.2763, -1.442 -0.2394 4.2763, -1.4322 -0.0787 4.2763, -1.4227 0.0781 4.2763, -1.4134 0.2312 4.2763, -1.4043 0.3804 4.2763, -1.3954 0.5261 4.2763, -1.387 0.6639 4.2763, -1.3793 0.7913 4.2763, -1.3722 0.9085 4.2763, -1.3656 1.0158 4.2763, -1.3595 1.1167 4.2763, -1.353 1.2235 4.2763, -1.3438 1.3744 4.2763, -1.3386 1.4602 4.2763, -1.3317 1.5725 4.2763, -1.3281 1.6322 4.2763, -1.3232 1.7131 4.2763, -1.3188 1.7847 4.2763, -1.3147 1.8518 4.2762, -1.3112 1.9105 4.2755, -1.3099 1.9309 4.2714, -1.3221 1.999 4.4139, -1.3236 1.9754 4.4219, -1.3102 1.9261 4.423, -1.3264 1.928 4.4313, -1.3148 1.8519 4.4245, -1.331 1.8529 4.4329, -1.3188 1.7847 4.4246, -1.3351 1.7856 4.4329, -1.3232 1.7131 4.4246, -1.3395 1.7141 4.4329, -1.3281 1.6322 4.4245, -1.3444 1.6332 4.4329, -1.3318 1.5725 4.4245, -1.348 1.5735 4.4329, -1.3386 1.4603 4.4246, -1.3549 1.4612 4.4329, -1.3438 1.3744 4.4246, -1.3601 1.3754 4.4329, -1.353 1.2235 4.4246, -1.3693 1.2245 4.4329, -1.3595 1.1167 4.4245, -1.3758 1.1177 4.4329, -1.3656 1.0158 4.4245, -1.3819 1.0168 4.4329, -1.3722 0.9085 4.4245, -1.3884 0.9094 4.4329, -1.3793 0.7913 4.4245, -1.3956 0.7923 4.4329, -1.3871 0.6639 4.4245, -1.4033 0.6649 4.4329, -1.3955 0.5261 4.4245, -1.4117 0.527 4.4329, -1.4043 0.3804 4.4245, -1.4206 0.3814 4.4329, -1.4134 0.2312 4.4245, -1.4297 0.2321 4.4329, -1.4227 0.0781 4.4245, -1.439 0.0791 4.4329, -1.4323 -0.0787 4.4245, -1.4485 -0.0777 4.4329, -1.442 -0.2394 4.4245, -1.4583 -0.2384 4.4329, -1.4521 -0.404 4.4245, -1.4683 -0.403 4.4329, -1.4623 -0.5726 4.4245, -1.4786 -0.5716 4.4329, -1.4728 -0.7452 4.4246, -1.4891 -0.7442 4.4329, -1.4836 -0.9218 4.4246, -1.4998 -0.9208 4.4329, -1.4946 -1.1024 4.4246, -1.5108 -1.1014 4.4329, -1.542 -1.8809 4.4246, -1.5582 -1.88 4.4329, -1.5499 -2.0596 4.4245, -1.5662 -2.0596 4.4329, -1.5499 -2.1218 4.4233, -1.5662 -2.1226 4.4316, -1.5499 -2.1714 4.4146, -1.5662 -2.1735 4.4226, -1.5499 -2.2173 4.3978, -1.5662 -2.2209 4.4054, -1.5499 -2.2613 4.3723, -1.5662 -2.2661 4.3792, -1.5499 -2.3026 4.3374, -1.5662 -2.1412 4.26, -1.5662 -2.151 4.2559, -1.5662 -2.171 4.2443, -1.5662 -2.1918 4.2266, -1.5499 -2.1977 4.2326, -1.5499 -2.1758 4.2511, -1.5499 -2.1545 4.2635, -1.2881 2.0314 3.622, -1.2895 2.0302 4.003, -1.2895 2.0301 4.1548, -1.2896 2.0281 4.1773, -1.29 2.0214 4.2014, -1.2907 2.0103 4.2239, -1.2916 1.9954 4.2439, -1.2927 1.977 4.2607, -1.294 1.9557 4.2739, -1.2954 1.9333 4.2827, -1.2968 1.9108 4.2872, -1.3004 1.8509 4.288, -1.3045 1.7839 4.288, -1.3088 1.7122 4.288, -1.3138 1.6314 4.288, -1.3174 1.5717 4.288, -1.3242 1.4594 4.288, -1.3295 1.3736 4.288, -1.3386 1.2226 4.288, -1.3451 1.1158 4.288, -1.3513 1.0149 4.288, -1.3578 0.9076 4.288, -1.365 0.7904 4.288, -1.3727 0.663 4.288, -1.3811 0.5252 4.288, -1.39 0.3796 4.288, -1.3991 0.2303 4.288, -1.4084 0.0773 4.288, -1.4179 -0.0796 4.288, -1.4277 -0.2403 4.288, -1.4377 -0.4049 4.288, -1.448 -0.5735 4.288, -1.4585 -0.7461 4.288, -1.4692 -0.9226 4.288, -1.4802 -1.1032 4.288, -1.5276 -1.8818 4.288, -1.5356 -2.0594 4.288, -1.5356 -2.1097 4.2873, -1.5356 -2.1362 4.2826, -1.5356 -2.1595 4.2741, -1.5356 -2.1826 4.2607, -1.5356 -2.206 4.2409, -1.5662 -2.3085 4.3433, -1.5662 -2.3353 4.3134, -1.5499 -2.3288 4.3082, -1.5662 -2.2394 4.1598, -1.5662 -2.2554 4.1268, -1.5662 -2.2682 4.0935, -1.5499 -2.2858 4.0615, -1.5499 -2.2631 4.1302, -1.5499 -2.3512 4.2776, -1.5662 -2.3582 4.2823, -1.5499 -2.3773 4.2341, -1.5662 -2.3847 4.2381, -1.5499 -2.3991 4.1892, -1.5662 -2.4068 4.1925, -1.5499 -2.4168 4.1428, -1.5662 -2.4248 4.1455, -1.5499 -2.4304 4.0946, -1.5662 -2.2777 4.0596, -1.5662 -2.2827 4.0328, -1.5499 -2.2935 4.0069, -1.5662 -2.4385 4.0965, -1.5662 -2.4461 4.0558, -1.5499 -2.4416 4.0134, -1.5662 -2.45 4.0137, -1.5499 -2.4397 3.9542, -1.5662 -2.448 3.9533, -1.5499 -2.4285 3.8987, -1.5662 -2.4365 3.8963, -1.5499 -2.4274 3.8952, -1.5662 -2.2851 4.0065, -1.5662 -2.284 3.9721, -1.5662 -2.2782 3.943, -1.5662 -2.2777 3.9413, -1.5832 -2.2689 3.9308, -1.5662 -2.2733 3.929, -1.5499 -2.2754 3.9135, -1.5499 -2.2857 3.9389, -1.5499 -2.2863 3.9407, -1.5499 -2.2923 3.9711, -1.5662 -2.4354 3.8927, -1.5662 -2.4262 3.8667, -1.5499 -2.407 3.8452, -1.5662 -2.268 3.9174, -1.5662 -2.2614 3.906, -1.5499 -2.2684 3.9014, -1.5356 -2.2693 3.8828, -1.5356 -2.2858 3.9081, -1.5356 -2.2969 3.9354, -1.5356 -2.2975 3.9373, -1.5356 -2.304 3.9698, -1.5356 -2.3052 4.0074, -1.5356 -2.2973 4.0641, -1.5356 -2.2738 4.1348, -1.5356 -2.2378 4.2016, -1.5662 -2.4144 3.8413, -1.5662 -2.3997 3.816, -1.5499 -2.3926 3.8206, -1.5662 -2.2536 3.8953, -1.5662 -2.236 3.877, -1.5499 -2.2602 3.8901, -1.5499 -2.2416 3.8707, -1.5499 -2.376 3.7975, -1.5662 -2.3826 3.7923, -1.5499 -2.3395 3.7593, -1.5662 -2.345 3.7531, -1.5499 -2.2878 3.7221, -1.5499 -2.2253 3.6923, -1.5499 -2.1462 3.6635, -1.5499 -2.0521 3.6292, -1.5499 -1.9176 3.5803, -1.5499 -1.2636 3.3422, -1.5499 -1.1187 3.2895, -1.5499 -1.0034 3.2475, -1.5499 -0.8496 3.1916, -1.5499 -0.6976 3.1362, -1.5499 -0.5133 3.0692, -1.5499 -0.3749 3.0188, -1.5499 -0.2375 2.9688, -1.5499 -0.0928 2.9161, -1.5499 0.1053 2.844, -1.5499 0.3256 2.7638, -1.5662 0.1589 2.9912, -1.5662 -0.0392 3.0633, -1.5662 -0.184 3.116, -1.5662 -0.3214 3.166, -1.5662 -0.4597 3.2164, -1.5662 -0.644 3.2834, -1.5662 -0.796 3.3388, -1.5662 -0.9498 3.3947, -1.5662 -1.0652 3.4367, -1.5662 -1.2101 3.4895, -1.5662 -1.864 3.7275, -1.5662 -1.9985 3.7764, -1.5662 -2.0926 3.8107, -1.5662 -2.1694 3.8387, -1.5662 -2.2083 3.857, -1.5662 -2.2229 3.8665, -1.5499 0.156 2.9833, -1.5499 -0.0421 3.0554, -1.5499 -0.1868 3.1081, -1.5499 -0.3242 3.1581, -1.5499 -0.4626 3.2085, -1.5499 -0.6469 3.2756, -1.5499 -0.7989 3.3309, -1.5499 -0.9527 3.3869, -1.5499 -1.068 3.4289, -1.5499 -1.2129 3.4816, -1.5499 -1.8668 3.7196, -1.5499 -2.0014 3.7686, -1.5499 -2.0955 3.8028, -1.5499 -2.1724 3.8309, -1.5499 -2.2125 3.8498, -1.5356 0.152 2.9723, -1.5356 -0.0461 3.0444, -1.5356 -0.1908 3.0971, -1.5356 -0.3282 3.1471, -1.5356 -0.4666 3.1975, -1.5356 -0.6509 3.2645, -1.5356 -0.8029 3.3199, -1.5356 -0.9567 3.3759, -1.5356 -1.072 3.4178, -1.5356 -1.2169 3.4706, -1.5356 -1.8708 3.7086, -1.5356 -2.0054 3.7575, -1.5356 -2.0995 3.7918, -1.5356 -2.1765 3.8199, -1.5356 -2.2185 3.8397, -1.5356 -2.2493 3.8619, -1.524 0.3674 2.8786, -1.524 0.1471 2.9588, -1.524 -0.051 3.0309, -1.524 -0.1958 3.0836, -1.524 -0.3332 3.1336, -1.524 -0.4715 3.1839, -1.524 -0.6558 3.251, -1.524 -0.8078 3.3063, -1.524 -0.9616 3.3623, -1.524 -1.077 3.4043, -1.524 -1.2219 3.457, -1.524 -1.8758 3.695, -1.524 -2.0103 3.744, -1.524 -2.1044 3.7783, -1.524 -2.1817 3.8064, -1.524 -2.2258 3.8273, -1.524 -2.2588 3.8511, -1.524 -2.2806 3.8738, -1.524 -2.2986 3.9015, -1.524 -2.3107 3.9312, -1.524 -2.3113 3.9333, -1.524 -2.3183 3.9682, -1.524 -2.3196 4.008, -1.524 -2.3113 4.0673, -1.524 -2.287 4.1406, -1.524 -2.2497 4.2096, -1.524 -2.2162 4.251, -1.524 -2.1909 4.2725, -1.524 -2.1656 4.2872, -1.524 -2.1399 4.2965, -1.524 -2.1109 4.3016, -1.524 -2.0595 4.3024, -1.5161 -1.8825 4.3024, -1.4687 -1.1039 4.3024, -1.4577 -0.9233 4.3024, -1.447 -0.7468 4.3024, -1.4365 -0.5742 4.3024, -1.4262 -0.4056 4.3024, -1.4162 -0.241 4.3024, -1.4064 -0.0803 4.3024, -1.3969 0.0766 4.3024, -1.3876 0.2296 4.3024, -1.3785 0.3789 4.3024, -1.3696 0.5245 4.3024, -1.3612 0.6623 4.3024, -1.3535 0.7897 4.3024, -1.3463 0.9069 4.3024, -1.3398 1.0142 4.3024, -1.3337 1.1151 4.3024, -1.3272 1.2219 4.3024, -1.318 1.3729 4.3024, -1.3127 1.4587 4.3024, -1.3059 1.571 4.3024, -1.3023 1.6307 4.3024, -1.2974 1.7115 4.3024, -1.293 1.7831 4.3024, -1.2889 1.8502 4.3024, -1.2852 1.9117 4.3015, -1.2837 1.9366 4.2965, -1.2821 1.9614 4.2868, -1.2807 1.9849 4.2722, -1.2795 2.0053 4.2536, -1.2785 2.0219 4.2314, -1.2777 2.0341 4.2065, -1.2773 2.0415 4.1798, -1.2771 2.0438 4.1551, -1.2771 2.0438 4.003, -1.2774 2.0441 3.622, -1.268 2.059 4.1555, -1.2682 2.0565 4.1827, -1.2687 2.0483 4.2121, -1.2695 2.0348 4.2396, -1.2706 2.0164 4.2641, -1.272 1.9939 4.2848, -1.2736 1.9679 4.3009, -1.2752 1.9405 4.3116, -1.2769 1.9128 4.3171, -1.2807 1.8497 4.3181, -1.2848 1.7826 4.3181, -1.2892 1.711 4.3181, -1.2941 1.6302 4.3181, -1.2977 1.5705 4.3181, -1.3046 1.4582 4.3181, -1.3098 1.3724 4.3181, -1.319 1.2214 4.3181, -1.3255 1.1146 4.3181, -1.3316 1.0137 4.3181, -1.3382 0.9064 4.3181, -1.3453 0.7892 4.3181, -1.3531 0.6618 4.3181, -1.3614 0.524 4.3181, -1.3703 0.3784 4.3181, -1.3794 0.2291 4.3181, -1.3887 0.0761 4.3181, -1.3983 -0.0808 4.3181, -1.408 -0.2415 4.3181, -1.4181 -0.4061 4.3181, -1.4283 -0.5747 4.3181, -1.4388 -0.7472 4.3181, -1.4496 -0.9238 4.3181, -1.4606 -1.1044 4.3181, -1.508 -1.883 4.3181, -1.5159 -2.0595 4.3181, -1.5159 -2.1123 4.3173, -1.5159 -2.144 4.3117, -1.5159 -2.1723 4.3014, -1.5159 -2.2 4.2853, -1.5159 -2.2273 4.2622, -1.5159 -2.2628 4.2184, -1.5159 -2.3015 4.1468, -1.5159 -2.3266 4.0708, -1.5159 -2.3353 4.0087, -1.5159 -2.3339 3.9664, -1.5159 -2.3264 3.9288, -1.5159 -2.3257 3.9265, -1.5159 -2.3126 3.8942, -1.5159 -2.2929 3.864, -1.5159 -2.2692 3.8392, -1.5159 -2.2338 3.8137, -1.5159 -2.1873 3.7917, -1.5159 -2.1098 3.7635, -1.5159 -2.0157 3.7292, -1.5159 -1.8811 3.6802, -1.5159 -1.2272 3.4422, -1.5159 -1.0823 3.3895, -1.5159 -0.967 3.3475, -1.5159 -0.8132 3.2915, -1.5159 -0.6612 3.2362, -1.5159 -0.4769 3.1691, -1.5159 -0.3386 3.1188, -1.5159 -0.2012 3.0688, -1.5159 -0.0564 3.0161, -1.5159 0.1417 2.944, -1.5159 0.362 2.8638, -1.2624 2.0748 4.1559, -1.2626 2.072 4.1855, -1.2631 2.063 4.2179, -1.264 2.0482 4.2481, -1.2653 2.028 4.275, -1.2668 2.0033 4.2976, -1.2685 1.9748 4.3153, -1.2703 1.9446 4.3271, -1.2722 1.9142 4.3331, -1.2761 1.8495 4.3342, -1.2802 1.7824 4.3342, -1.2846 1.7107 4.3342, -1.2895 1.6299 4.3342, -1.2931 1.5702 4.3342, -1.3 1.4579 4.3342, -1.3052 1.3721 4.3342, -1.3144 1.2211 4.3342, -1.3209 1.1144 4.3342, -1.327 1.0134 4.3342, -1.3336 0.9061 4.3342, -1.3407 0.7889 4.3342, -1.3484 0.6615 4.3342, -1.3568 0.5237 4.3342, -1.3657 0.3781 4.3342, -1.3748 0.2288 4.3342, -1.3841 0.0758 4.3342, -1.3936 -0.0811 4.3342, -1.4034 -0.2418 4.3342, -1.4134 -0.4064 4.3342, -1.4237 -0.575 4.3342, -1.4342 -0.7475 4.3342, -1.445 -0.9241 4.3342, -1.4559 -1.1047 4.3342, -1.5033 -1.8833 4.3342, -1.5112 -2.0595 4.3342, -1.5112 -2.1138 4.3333, -1.5112 -2.1481 4.3273, -1.5112 -2.1791 4.316, -1.5112 -2.2092 4.2985, -1.5112 -2.2387 4.2735, -1.5112 -2.2762 4.2273, -1.5112 -2.3162 4.1532, -1.5112 -2.3423 4.0744, -1.5112 -2.3514 4.0094, -1.5112 -2.3499 3.9645, -1.5112 -2.3418 3.9242, -1.5112 -2.3411 3.9218, -1.5112 -2.3268 3.8868, -1.5112 -2.3054 3.8539, -1.5112 -2.2798 3.8272, -1.5112 -2.242 3.7999, -1.5112 -2.193 3.7767, -1.5112 -2.1153 3.7484, -1.5112 -2.0212 3.7141, -1.5112 -1.8866 3.6651, -1.5112 -1.2327 3.4271, -1.5112 -1.0878 3.3744, -1.5112 -0.9725 3.3324, -1.5112 -0.8187 3.2764, -1.5112 -0.6667 3.2211, -1.5112 -0.4824 3.154, -1.5112 -0.3441 3.1037, -1.5112 -0.2067 3.0537, -1.5112 -0.0619 3.001, -1.5112 0.1362 2.9289, -1.5098 0.351 2.8335, -1.5098 0.1307 2.9137, -1.5098 -0.0675 2.9858, -1.5098 -0.2122 3.0384, -1.5098 -0.3496 3.0885, -1.5098 -0.488 3.1388, -1.5098 -0.6722 3.2059, -1.5098 -0.8243 3.2612, -1.5098 -0.9781 3.3172, -1.5098 -1.0934 3.3592, -1.5098 -1.2383 3.4119, -1.5098 -1.8922 3.6499, -1.5098 -2.0267 3.6989, -1.5098 -2.1208 3.7332, -1.5098 -2.1988 3.7616, -1.5098 -2.2502 3.7859, -1.5098 -2.2905 3.815, -1.5098 -2.3181 3.8438, -1.5098 -2.3412 3.8794, -1.5098 -2.3566 3.917, -1.5098 -2.3574 3.9197, -1.5098 -2.366 3.9627, -1.5098 -2.3676 4.0101, -1.5098 -2.3581 4.078, -1.5098 -2.3311 4.1597, -1.5098 -2.2896 4.2364, -1.5098 -2.2501 4.285, -1.5098 -2.2186 4.3117, -1.5098 -2.1859 4.3307, -1.5098 -2.1523 4.3429, -1.5098 -2.1152 4.3494, -1.5098 -2.0595 4.3504, -1.5019 -1.8834 4.3504, -1.4545 -1.1048 4.3504, -1.4435 -0.9242 4.3504, -1.4328 -0.7476 4.3504, -1.4223 -0.575 4.3504, -1.412 -0.4065 4.3504, -1.402 -0.2418 4.3504, -1.3922 -0.0811 4.3504, -1.3827 0.0757 4.3504, -1.3733 0.2287 4.3504, -1.3643 0.378 4.3504, -1.3554 0.5236 4.3504, -1.347 0.6615 4.3504, -1.3393 0.7888 4.3504, -1.3321 0.906 4.3504, -1.3256 1.0134 4.3504, -1.3194 1.1143 4.3504, -1.3129 1.221 4.3504, -1.3038 1.372 4.3504, -1.2985 1.4578 4.3504, -1.2917 1.5701 4.3504, -1.2881 1.6298 4.3504, -1.2831 1.7106 4.3504, -1.2788 1.7823 4.3504, -1.2747 1.8494 4.3504, -1.2707 1.9159 4.3492, -1.2686 1.9491 4.3426, -1.2666 1.9819 4.3298, -1.2647 2.013 4.3105, -1.2631 2.0399 4.2858, -1.2618 2.0619 4.2565, -1.2608 2.078 4.2236, -1.2602 2.0878 4.1884, -1.26 2.0908 4.1563, -1.5156 0.5697 2.7203, -1.5105 0.5767 2.7394, -1.5662 0.3228 2.7559, -1.5662 0.1024 2.8361, -1.5662 -0.0957 2.9082, -1.5662 -0.2404 2.9609, -1.5662 -0.3778 3.0109, -1.5662 -0.5162 3.0613, -1.5662 -0.7004 3.1284, -1.5662 -0.8525 3.1837, -1.5662 -1.0063 3.2397, -1.5662 -1.1216 3.2816, -1.5662 -1.2665 3.3344, -1.5662 -1.9204 3.5724, -1.5662 -2.0549 3.6213, -1.5662 -2.1491 3.6556, -1.5662 -2.2283 3.6845, -1.5662 -2.2921 3.7149, -1.5662 -2.3192 3.7325, -1.5549 0.5541 2.6775, -1.437 2.0963 1.2303, -1.4368 2.1026 1.2303, -1.2598 2.0963 1.2303, -1.2601 2.1026 1.2303, -1.2644 2.1243 1.2303, -1.2739 2.1442 1.2303, -1.306 2.174 1.2303, -1.2881 2.1611 1.2303, -1.3265 2.1821 1.2303, -1.3484 2.1848 1.2303, -1.3703 2.1821 1.2303, -1.3909 2.174 1.2303, -1.4088 2.1611 1.2303, -1.4229 2.1442 1.2303, -1.4325 2.1243 1.2303, -1.2598 2.0963 -1.1614, -1.2601 2.1026 -1.1614, -1.2644 2.1243 -1.1614, -1.2739 2.1442 -1.1614, -1.2881 2.1611 -1.1614, -1.306 2.174 -1.1614, -1.437 2.0963 -1.1614, -1.4368 2.1026 -1.1614, -1.4325 2.1243 -1.1614, -1.4229 2.1442 -1.1614, -1.4088 2.1611 -1.1614, -1.3909 2.174 -1.1614, -1.3703 2.1821 -1.1614, -1.3484 2.1848 -1.1614, -1.3484 2.1848 -1.1614, -1.3265 2.1821 -1.1614, -1.3041 2.052 -1.1614, -1.2881 2.0314 -1.1614, -1.306 2.0185 -1.1614, -1.3265 2.0104 -1.1614, -1.3484 2.0077 -1.1614, -1.3484 2.0077 -1.1614, -1.2601 2.0899 -1.1614, -1.2644 2.0683 -1.1614, -1.2739 2.0483 -1.1614, -1.3927 2.1406 -1.1614, -1.3703 2.0104 -1.1614, -1.3909 2.0185 -1.1614, -1.4088 2.0314 -1.1614, -1.4229 2.0483 -1.1614, -1.4325 2.0682 -1.1614, -1.4368 2.0899 -1.1614, -1.2601 2.0899 1.2303, -1.4368 2.0899 1.2303, -1.4325 2.0682 1.2303, -1.4229 2.0483 1.2303, -1.3909 2.0185 1.2303, -1.4088 2.0314 1.2303, -1.3703 2.0104 1.2303, -1.3484 2.0077 1.2303, -1.3265 2.0104 1.2303, -1.306 2.0185 1.2303, -1.2881 2.0314 1.2303, -1.2739 2.0483 1.2303, -1.2644 2.0683 1.2303, -3.1213 0.5641 2.7049, -3.1953 0.6108 2.8332, -3.1953 0.6108 2.8332, -3.1633 0.6085 2.827, -3.1423 0.5863 2.766, -3.1762 0.6101 2.8312, -3.1802 0.6102 2.8316, -3.1563 0.6077 2.8246, -3.1472 0.6057 2.8191, -3.1378 0.6035 2.8132, -3.133 0.6017 2.8082, -3.1226 0.5978 2.7974, -3.1213 0.5969 2.7949, -3.1121 0.591 2.7786, -3.1086 0.586 2.765, -3.1074 0.5843 2.7604, -3.1074 0.5805 2.7499, -3.1074 0.5767 2.7394, -3.1087 0.575 2.7348, -3.1125 0.5697 2.7203, -3.1227 0.5632 2.7025, -3.1328 0.5592 2.6915, -3.1354 0.5582 2.6887, -3.1472 0.5553 2.6806, -3.1518 0.5541 2.6775, -3.1635 0.5525 2.6731, -3.1733 0.5512 2.6693, -3.1803 0.5509 2.6685, -3.1953 0.5502 2.6667, -3.2484 0.5747 2.7339, -3.1954 0.5502 2.6667, -3.2105 0.5508 2.6683, -3.2145 0.5509 2.6687, -3.2273 0.5525 2.6729, -3.2344 0.5533 2.6752, -3.2434 0.5554 2.6808, -3.2529 0.5575 2.6867, -3.2577 0.5593 2.6917, -3.268 0.5633 2.7025, -3.2694 0.5641 2.705, -3.2785 0.5701 2.7212, -3.282 0.575 2.7348, -3.2832 0.5767 2.7394, -3.2832 0.5805 2.75, -3.2832 0.5844 2.7605, -3.282 0.586 2.7651, -3.2781 0.5913 2.7796, -3.2694 0.5969 2.7949, -3.268 0.5978 2.7974, -3.2579 0.6018 2.8084, -3.2553 0.6028 2.8112, -3.2435 0.6057 2.8193, -3.2389 0.6069 2.8224, -3.2272 0.6085 2.8268, -3.2173 0.6099 2.8306, -3.2104 0.6102 2.8314, -3.2275 0.3779 2.9115, -3.2389 0.6069 2.8224, -3.2438 0.3751 2.9036, -3.268 0.5633 2.7025, -3.2582 0.3284 2.7753, -3.371 2.0106 3.622, -3.3602 2.0092 3.622, -3.3603 2.0085 3.7918, -3.4368 2.0899 3.622, -3.4342 2.077 3.622, -3.4349 2.0768 3.7918, -3.4229 2.1442 3.622, -3.4243 2.1414 3.622, -3.4245 2.1415 3.7918, -3.4088 2.1611 3.622, -3.4131 2.1559 3.622, -3.4135 2.1563 3.7918, -3.3909 2.174 3.622, -3.3992 2.168 3.622, -3.3996 2.1685 3.7918, -3.3703 2.1821 3.622, -3.3834 2.1769 3.622, -3.3837 2.1775 3.7918, -3.4209 2.0452 4.1628, -3.4089 2.0312 4.162, -3.4087 2.0275 4.1864, -3.4325 2.0684 3.622, -3.4291 2.0612 3.622, -3.4297 2.0609 3.7918, -3.345 2.0039 4.1799, -3.3602 2.0052 4.1803, -3.3603 2.0072 4.1702, -3.1953 -2.1591 4.2541, -3.1953 -2.1605 4.2535, -3.2105 -2.1609 4.255, -3.1953 -2.2235 4.2128, -3.1953 -2.2248 4.2112, -3.2105 -2.2266 4.2127, -3.1953 -2.2867 4.0867, -3.1953 -2.2873 4.0836, -3.2105 -2.2903 4.0842, -3.1954 -2.4171 3.8282, -3.1954 -2.4184 3.8305, -3.2105 -2.4191 3.8302, -3.3166 1.2395 4.439, -3.3167 1.2421 4.439, -3.3318 1.2415 4.4377, -3.3235 1.4242 4.439, -3.3238 1.4331 4.439, -3.3389 1.4325 4.4377, -3.3596 1.9872 4.4236, -3.3586 1.9626 4.4304, -3.3435 1.963 4.4296, -3.3469 2.0562 4.3921, -3.3471 2.0594 4.3894, -3.3622 2.0584 4.3887, -3.3517 2.1848 3.622, -3.3668 2.1826 3.622, -3.3517 2.1848 3.7384, -3.3668 2.1829 3.7918, -3.3517 2.1848 3.7918, -3.3517 2.1848 3.844, -3.3668 2.183 4.1342, -3.3517 2.1847 4.1267, -3.3517 2.1848 4.0968, -3.3517 2.1848 4.0231, -3.3517 2.1848 3.9389, -3.3517 2.1848 3.8512, -3.3668 2.1824 4.1702, -3.3517 2.1846 4.1627, -3.3517 2.1846 4.1342, -3.3667 2.1796 4.1972, -3.3516 2.1801 4.1921, -3.3517 2.1834 4.1702, -3.3665 2.1743 4.2231, -3.3514 2.1754 4.2233, -3.3515 2.1793 4.1971, -3.3662 2.1666 4.2483, -3.3511 2.1689 4.2435, -3.3513 2.1743 4.23, -3.3508 2.159 4.2682, -3.3658 2.1567 4.2729, -3.3507 2.1571 4.2729, -3.3505 2.1508 4.2886, -3.3654 2.1444 4.2964, -3.3504 2.1482 4.2923, -3.3492 2.1175 4.3356, -3.3497 2.1299 4.3181, -3.3649 2.1301 4.3186, -3.3478 2.0797 4.3721, -3.3636 2.0955 4.3586, -3.3484 2.0958 4.3583, -3.349 2.11 4.3462, -3.3613 2.0355 4.4027, -3.3462 2.0364 4.4018, -3.3604 2.0113 4.4145, -3.3453 2.0123 4.4137, -3.3462 2.0358 4.4021, -3.3444 1.9879 4.4243, -3.3446 1.9933 4.4231, -3.3453 2.0116 4.4141, -3.3426 1.9379 4.4349, -3.3577 1.9377 4.435, -3.342 1.9239 4.4379, -3.3568 1.9124 4.4373, -3.3541 1.8408 4.4377, -3.3403 1.8765 4.4384, -3.3416 1.913 4.438, -3.3365 1.7734 4.439, -3.3378 1.8093 4.439, -3.3381 1.818 4.439, -3.339 1.8414 4.4388, -3.3516 1.7728 4.4377, -3.3423 1.5236 4.4377, -3.3272 1.5242 4.439, -3.3267 1.5122 4.439, -3.3221 1.3864 4.439, -3.3128 1.1361 4.439, -3.3277 1.131 4.4377, -3.3126 1.1316 4.439, -3.3125 1.1294 4.439, -3.3239 1.0295 4.4377, -3.3088 1.0301 4.439, -3.3087 1.0279 4.439, -3.32 0.9236 4.4377, -3.3049 0.9241 4.439, -3.3048 0.9218 4.439, -3.3157 0.8078 4.4377, -3.3006 0.8084 4.439, -3.311 0.6819 4.4377, -3.2971 0.716 4.439, -3.3005 0.8058 4.439, -3.306 0.5456 4.4377, -3.2958 0.6797 4.439, -3.2959 0.6825 4.439, -3.3006 0.4002 4.4377, -3.2907 0.5431 4.439, -3.2908 0.5462 4.439, -3.295 0.2512 4.4377, -3.2853 0.3977 4.439, -3.2854 0.4008 4.439, -3.2893 0.0984 4.4377, -3.2798 0.2486 4.439, -3.2799 0.2518 4.439, -3.2835 -0.0581 4.4377, -3.2741 0.0958 4.439, -3.2742 0.099 4.439, -3.2776 -0.2186 4.4377, -3.2683 -0.0609 4.439, -3.2684 -0.0576 4.439, -3.2715 -0.3829 4.4377, -3.2623 -0.2214 4.439, -3.2624 -0.218 4.439, -3.2652 -0.5513 4.4377, -3.2562 -0.3859 4.439, -3.2563 -0.3824 4.439, -3.2435 -0.7267 4.439, -3.2436 -0.723 4.439, -3.2588 -0.7236 4.4377, -3.2499 -0.5543 4.439, -3.2501 -0.5507 4.439, -3.2177 -1.8292 4.4377, -3.2028 -1.8287 4.439, -3.2029 -1.8266 4.439, -3.2042 -1.7855 4.439, -3.2187 -1.393 4.439, -3.2375 -0.8897 4.439, -3.1954 -2.0632 4.439, -3.2105 -2.0726 4.4377, -3.1954 -2.0704 4.4387, -3.1954 -2.0726 4.4386, -3.2105 -2.1556 4.4341, -3.1954 -2.1538 4.4357, -3.1954 -2.2092 4.4222, -3.2105 -2.2124 4.4218, -3.1954 -2.2124 4.4214, -3.1954 -2.2302 4.4171, -3.2105 -2.2395 4.4121, -3.1954 -2.2623 4.4007, -3.2105 -2.266 4.3998, -3.1954 -2.2656 4.399, -3.1954 -2.2964 4.3832, -3.2105 -2.3124 4.3701, -3.1954 -2.3092 4.3723, -3.2105 -2.3554 4.3305, -3.1954 -2.3544 4.3335, -3.1954 -2.3121 4.3698, -3.1954 -2.3979 4.2743, -3.1954 -2.3949 4.2785, -3.2105 -2.3981 4.2745, -3.1954 -2.3601 4.3273, -3.1954 -2.3564 4.3314, -3.2105 -2.4355 4.2023, -3.1954 -2.4347 4.2019, -3.1954 -2.4324 4.207, -3.1954 -2.41 4.2573, -3.2105 -2.4608 4.1221, -3.1954 -2.459 4.1217, -3.1954 -2.458 4.1265, -3.1954 -2.4488 4.1703, -3.1954 -2.4713 4.0631, -3.2105 -2.4679 4.0817, -3.1954 -2.4709 4.0452, -3.2105 -2.4714 4.0404, -3.1954 -2.4709 4.0405, -3.1954 -2.4697 3.9768, -3.2105 -2.4685 3.9727, -3.1954 -2.4695 3.9703, -3.1954 -2.4551 3.9153, -3.2105 -2.4551 3.91, -3.1954 -2.4537 3.9103, -3.2105 -2.4467 3.8859, -3.1954 -2.4472 3.8856, -3.2105 -2.4342 3.8575, -3.1954 -2.4327 3.8563, -3.1954 -2.4457 3.8797, -3.2105 -2.3836 3.7827, -3.1954 -2.3828 3.7834, -3.1954 -2.3995 3.8016, -3.1954 -2.4067 3.8093, -3.1954 -2.3585 3.7572, -3.2105 -2.3385 3.7404, -3.1954 -2.3506 3.7486, -3.1954 -2.3026 3.7161, -3.1954 -2.3075 3.7194, -3.2105 -2.3079 3.7188, -3.1954 -2.3313 3.7355, -3.1954 -2.3385 3.7404, -3.2105 -2.2763 3.7006, -3.1954 -2.2766 3.7, -3.1954 -2.2823 3.7023, -3.1954 -2.16 3.6531, -3.2105 -2.1957 3.6675, -3.1954 -1.972 3.5847, -3.2105 -1.9594 3.5815, -3.1954 -2.1882 3.6634, -3.1954 -2.196 3.6666, -3.1954 -2.2385 3.6842, -3.1954 -1.8352 3.5349, -3.1954 -1.8762 3.5498, -3.2105 -1.8757 3.5511, -3.1954 -1.8861 3.5535, -3.1954 -1.9598 3.5803, -3.1954 -1.2919 3.3372, -3.2105 -1.2914 3.3384, -3.1954 -1.2886 3.336, -3.2105 -1.1347 3.2814, -3.1954 -1.1352 3.2801, -3.1954 -1.134 3.2797, -3.2105 -1.0199 3.2396, -3.1954 -1.0204 3.2384, -3.1954 -1.0191 3.2379, -3.2105 -0.8645 3.183, -3.1954 -0.8649 3.1818, -3.1954 -0.8643 3.1815, -3.2105 -0.7113 3.1272, -3.1954 -0.7117 3.126, -3.1954 -0.7115 3.1259, -3.2105 -0.5244 3.0592, -3.1954 -0.5248 3.058, -3.2105 -0.3825 3.0076, -3.1954 -0.383 3.0064, -3.1954 -0.4017 3.0132, -3.1954 -0.5247 3.0579, -3.1954 -0.3829 3.0063, -3.2105 -0.2442 2.9572, -3.1954 -0.2446 2.956, -3.1954 -0.2445 2.956, -3.2105 -0.099 2.9044, -3.1954 -0.0995 2.9032, -3.1954 -0.0994 2.9031, -3.2105 0.0986 2.8325, -3.1954 0.0981 2.8313, -3.1954 0.0982 2.8312, -3.2105 0.3199 2.7519, -3.1954 0.3194 2.7507, -3.1954 0.3196 2.7506, -3.2105 0.3796 2.916, -3.1953 0.38 2.9172, -3.1953 0.3802 2.9171, -3.2105 0.1583 2.9965, -3.1953 0.1587 2.9977, -3.1953 0.3335 2.9341, -3.1953 -0.0389 3.0697, -3.1953 -0.0388 3.0696, -3.2105 -0.0393 3.0684, -3.1953 0.0683 3.0306, -3.1953 0.1587 2.9977, -3.1953 -0.1839 3.1224, -3.2105 -0.1845 3.1213, -3.1953 -0.184 3.1225, -3.2105 -0.3228 3.1716, -3.1953 -0.3224 3.1728, -3.1953 -0.3223 3.1728, -3.1953 -0.2075 3.131, -3.1953 -0.3873 3.1965, -3.2105 -0.4647 3.2232, -3.1953 -0.4641 3.2244, -3.1953 -0.6512 3.2925, -3.1953 -0.6509 3.2924, -3.2105 -0.6516 3.2913, -3.1953 -0.5768 3.2654, -3.1953 -0.4642 3.2244, -3.1953 -0.8037 3.348, -3.2105 -0.8048 3.347, -3.1953 -0.8044 3.3483, -3.1953 -0.8744 3.3738, -3.2105 -0.9602 3.4036, -3.1953 -0.9585 3.4044, -3.1953 -1.0746 3.4466, -3.1953 -1.0734 3.4462, -3.2105 -1.075 3.4454, -3.1953 -1.065 3.4431, -3.1953 -0.9598 3.4048, -3.1953 -1.2173 3.4985, -3.2105 -1.2317 3.5024, -3.1953 -1.228 3.5024, -3.1953 -1.2313 3.5036, -3.2105 -1.816 3.7151, -3.1953 -1.8156 3.7163, -3.2105 -1.8997 3.7456, -3.1953 -1.8993 3.7468, -3.1953 -1.8255 3.7199, -3.1953 -2.129 3.8304, -3.1953 -2.0994 3.8196, -3.2105 -2.1365 3.8317, -3.1953 -2.013 3.7882, -3.1953 -1.9114 3.7512, -3.2105 -2.1962 3.8557, -3.1953 -2.1728 3.8487, -3.1953 -2.1359 3.8333, -3.1953 -2.2131 3.8679, -3.1953 -2.2106 3.8659, -3.2105 -2.2143 3.8661, -3.1953 -2.2063 3.8627, -3.1953 -2.1951 3.858, -3.1953 -2.2253 3.8771, -3.2105 -2.2306 3.8776, -3.1953 -2.2289 3.8798, -3.2105 -2.2534 3.8989, -3.1953 -2.2517 3.9003, -3.1953 -2.2451 3.8921, -3.1953 -2.2396 3.8879, -3.2105 -2.2705 3.9219, -3.1953 -2.2694 3.9226, -3.1953 -2.2691 3.922, -3.1953 -2.2591 3.9095, -3.1953 -2.2753 3.9354, -3.2105 -2.2779 3.9351, -3.1953 -2.282 3.95, -3.2105 -2.284 3.9491, -3.1953 -2.2862 3.959, -3.2105 -2.2883 3.9614, -3.1953 -2.2868 3.9618, -3.2105 -2.2954 3.9947, -3.1953 -2.2934 3.9949, -3.1953 -2.2931 3.9878, -3.1953 -2.2875 3.9643, -3.2105 -2.297 4.0337, -3.1953 -2.2953 4.0337, -3.1953 -2.2935 3.9973, -3.2105 -2.2948 4.0589, -3.1953 -2.2955 4.0382, -3.1953 -2.2954 4.0365, -3.2105 -2.2508 4.1808, -3.1953 -2.2491 4.1796, -3.1953 -2.2537 4.1736, -3.2105 -2.2742 4.1356, -3.1953 -2.2696 4.1375, -3.1953 -2.271 4.1343, -3.1953 -2.2832 4.1066, -3.1953 -2.2472 4.1821, -3.2105 -2.206 4.2318, -3.2105 -2.1853 4.245, -3.1953 -2.1918 4.2399, -3.1953 -2.2033 4.231, -3.1953 -2.2046 4.23, -3.1953 -2.2188 4.2189, -3.2105 -2.1736 4.2505, -3.1953 -2.183 4.2438, -3.1953 -2.1844 4.2431, -3.1953 -2.1208 4.261, -3.2105 -2.1327 4.2611, -3.1953 -2.0734 4.2616, -3.2105 -2.0734 4.2632, -3.1953 -2.0712 4.2617, -3.1953 -2.1306 4.2593, -3.1953 -2.1324 4.259, -3.1953 -2.1587 4.2543, -3.2177 -1.8292 4.2631, -3.2029 -1.8287 4.2618, -3.1953 -2.0605 4.2618, -3.2436 -0.723 4.2618, -3.2435 -0.7267 4.2618, -3.2588 -0.7236 4.2631, -3.2057 -1.7438 4.2618, -3.203 -1.8266 4.2618, -3.2499 -0.5543 4.2618, -3.2652 -0.5513 4.2631, -3.25 -0.5507 4.2618, -3.2561 -0.3859 4.2618, -3.2714 -0.3829 4.2631, -3.2563 -0.3824 4.2618, -3.2775 -0.2186 4.2631, -3.2622 -0.2214 4.2618, -3.2572 -0.3571 4.2618, -3.2683 -0.0576 4.2618, -3.2682 -0.0609 4.2618, -3.2835 -0.0581 4.2631, -3.2642 -0.1686 4.2618, -3.2624 -0.218 4.2618, -3.271 0.0146 4.2618, -3.2893 0.0985 4.2631, -3.274 0.0958 4.2618, -3.2798 0.2518 4.2618, -3.2797 0.2486 4.2618, -3.295 0.2512 4.2631, -3.2776 0.1926 4.2618, -3.2742 0.099 4.2618, -3.2841 0.3655 4.2618, -3.3005 0.4002 4.2631, -3.2853 0.3977 4.2618, -3.2908 0.5462 4.2618, -3.2907 0.5431 4.2618, -3.3059 0.5456 4.2631, -3.2902 0.5308 4.2618, -3.2854 0.4008 4.2618, -3.2957 0.6797 4.2618, -3.311 0.6819 4.2631, -3.2958 0.6823 4.2618, -3.3004 0.8058 4.2618, -3.3157 0.8078 4.2631, -3.3005 0.8084 4.2618, -3.32 0.9236 4.2631, -3.3048 0.9241 4.2618, -3.3047 0.9218 4.2618, -3.301 0.8204 4.2618, -3.3239 1.0295 4.2631, -3.3087 1.0279 4.2618, -3.3056 0.9461 4.2618, -3.3125 1.1316 4.2618, -3.3125 1.1294 4.2618, -3.3277 1.131 4.2631, -3.3118 1.1126 4.2618, -3.3088 1.0301 4.2618, -3.3166 1.2395 4.2618, -3.3318 1.2415 4.2631, -3.3167 1.2421 4.2618, -3.3222 1.3916 4.2618, -3.3389 1.4325 4.2631, -3.3234 1.4242 4.2618, -3.3423 1.5236 4.2631, -3.3267 1.5122 4.2618, -3.3238 1.4331 4.2618, -3.3364 1.7734 4.2618, -3.3361 1.7661 4.2618, -3.3516 1.7729 4.2631, -3.3317 1.6448 4.2618, -3.3272 1.5242 4.2618, -3.3377 1.8094 4.2618, -3.3541 1.8405 4.2631, -3.3389 1.8411 4.2618, -3.3564 1.9045 4.2629, -3.3403 1.8775 4.2615, -3.3399 1.8682 4.2618, -3.3568 1.9139 4.2621, -3.3417 1.9142 4.2604, -3.3413 1.905 4.2607, -3.3579 1.9423 4.2542, -3.3427 1.9424 4.2528, -3.3575 1.9331 4.2577, -3.3423 1.9329 4.2557, -3.3572 1.9234 4.2604, -3.342 1.9235 4.2585, -3.3418 1.9175 4.2603, -3.3582 1.9516 4.2496, -3.3585 1.9604 4.2442, -3.3433 1.9599 4.2426, -3.343 1.9514 4.2477, -3.343 1.9512 4.2479, -3.3427 1.9435 4.2525, -3.3591 1.9748 4.2326, -3.3436 1.9682 4.2369, -3.3436 1.9666 4.2385, -3.3596 1.9881 4.2172, -3.3443 1.9854 4.2194, -3.3593 1.9818 4.2252, -3.3442 1.9823 4.2226, -3.3439 1.9739 4.2311, -3.3599 1.9983 4.1996, -3.3447 1.9974 4.1989, -3.3598 1.9936 4.2086, -3.3446 1.9933 4.2059, -3.3443 1.9873 4.2163, -3.3601 2.0022 4.1902, -3.3449 2.0025 4.1868, -3.3449 2.0021 4.1879, -3.3448 1.999 4.1963, -3.3451 2.0074 4.1613, -3.345 2.0061 4.1682, -3.345 2.0058 4.1699, -3.3603 2.0082 4.1606, -3.3603 2.0086 4.1349, -3.3451 2.0075 4.1349, -3.3451 2.0077 3.7918, -3.3451 2.0077 3.8512, -3.3451 2.0077 3.9772, -3.3451 2.0075 4.1277, -3.3493 2.0077 3.622, -3.3451 2.0077 3.622, -3.4297 2.061 4.1347, -3.4349 2.0769 4.1346, -3.4297 2.0606 4.1636, -3.4349 2.0764 4.1645, -3.4295 2.0559 4.1938, -3.4347 2.0713 4.1977, -3.4291 2.0457 4.2227, -3.4343 2.0601 4.2294, -3.4285 2.0303 4.2492, -3.4336 2.0432 4.2585, -3.4278 2.0103 4.2723, -3.4328 2.0212 4.2839, -3.427 1.9888 4.2897, -3.432 1.9976 4.303, -3.426 1.9616 4.3047, -3.4308 1.9678 4.3194, -3.4249 1.9332 4.3139, -3.4297 1.9367 4.3296, -3.4239 1.9045 4.3178, -3.4285 1.905 4.3339, -3.4214 1.8381 4.3181, -3.426 1.838 4.3342, -3.4189 1.7703 4.3181, -3.4235 1.7702 4.3342, -3.4096 1.5211 4.3181, -3.4142 1.521 4.3342, -3.4062 1.43 4.3181, -3.4109 1.4298 4.3342, -3.3991 1.239 4.3181, -3.4037 1.2388 4.3342, -3.395 1.1285 4.3181, -3.3996 1.1283 4.3342, -3.3912 1.027 4.3181, -3.3959 1.0268 4.3342, -3.3873 0.9211 4.3181, -3.3919 0.9209 4.3342, -3.383 0.8053 4.3181, -3.3876 0.8052 4.3342, -3.3783 0.6794 4.3181, -3.3829 0.6793 4.3342, -3.3733 0.5431 4.3181, -3.3779 0.5429 4.3342, -3.3679 0.3977 4.3181, -3.3725 0.3976 4.3342, -3.3623 0.2487 4.3181, -3.3669 0.2485 4.3342, -3.3566 0.0959 4.3181, -3.3613 0.0958 4.3342, -3.3508 -0.0606 4.3181, -3.3554 -0.0608 4.3342, -3.3449 -0.2211 4.3181, -3.3495 -0.2212 4.3342, -3.3387 -0.3854 4.3181, -3.3434 -0.3856 4.3342, -3.3325 -0.5538 4.3181, -3.3371 -0.5539 4.3342, -3.3261 -0.7261 4.3181, -3.3307 -0.7263 4.3342, -3.285 -1.8317 4.3181, -3.2896 -1.8319 4.3342, -3.2778 -2.0732 4.3182, -3.2825 -2.0731 4.3342, -3.2778 -2.1399 4.3156, -3.2825 -2.142 4.3316, -3.2778 -2.1772 4.3075, -3.2825 -2.1819 4.3229, -3.2778 -2.2107 4.2938, -3.2825 -2.2182 4.3081, -3.2778 -2.2395 4.2754, -3.2825 -2.2493 4.2881, -3.2778 -2.2672 4.2498, -3.2825 -2.2791 4.2607, -3.2778 -2.2972 4.2103, -3.2825 -2.3107 4.219, -3.2778 -2.325 4.1566, -3.2825 -2.3398 4.1628, -3.2778 -2.344 4.0961, -3.2825 -2.3597 4.0996, -3.2778 -2.352 4.0358, -3.2825 -2.368 4.0364, -3.2778 -2.3499 3.9878, -3.2825 -2.3659 3.9858, -3.2778 -2.3408 3.9452, -3.2825 -2.3562 3.9404, -3.2778 -2.3353 3.9292, -3.2825 -2.3503 3.9234, -3.2778 -2.3173 3.893, -3.2825 -2.331 3.8845, -3.2778 -2.2944 3.8623, -3.2825 -2.3064 3.8516, -3.2778 -2.2646 3.8344, -3.2825 -2.2745 3.8217, -3.2778 -2.2214 3.8068, -3.2825 -2.2288 3.7926, -3.2778 -2.1552 3.7799, -3.2825 -2.1606 3.7648, -3.2778 -1.9185 3.6939, -3.2825 -1.924 3.6788, -3.2778 -1.8348 3.6634, -3.2825 -1.8403 3.6483, -3.2778 -1.2506 3.4508, -3.2825 -1.2561 3.4356, -3.2778 -1.0939 3.3937, -3.2825 -1.0994 3.3786, -3.2778 -0.979 3.3519, -3.2825 -0.9845 3.3368, -3.2778 -0.8236 3.2954, -3.2825 -0.8291 3.2802, -3.2778 -0.6704 3.2396, -3.2825 -0.6759 3.2245, -3.2778 -0.4835 3.1716, -3.2825 -0.489 3.1564, -3.2778 -0.3416 3.1199, -3.2825 -0.3471 3.1048, -3.2778 -0.2033 3.0696, -3.2825 -0.2088 3.0545, -3.2778 -0.0582 3.0168, -3.2825 -0.0637 3.0016, -3.2778 0.1395 2.9448, -3.2825 0.134 2.9297, -3.2778 0.3607 2.8643, -3.2825 0.3552 2.8492, -3.2553 0.6028 2.8112, -3.2581 0.3711 2.8926, -3.268 0.5978 2.7974, -3.4207 2.041 4.1899, -3.4084 2.0191 4.21, -3.4204 2.0317 4.2161, -3.4079 2.0065 4.2317, -3.4199 2.0178 4.24, -3.4073 1.9902 4.2506, -3.4192 1.9997 4.261, -3.4067 1.9726 4.2648, -3.4185 1.9803 4.2767, -3.4058 1.9504 4.277, -3.4176 1.9557 4.2902, -3.405 1.9272 4.2846, -3.4166 1.93 4.2986, -3.4041 1.9038 4.2877, -3.4156 1.9041 4.3021, -3.4017 1.8388 4.288, -3.4132 1.8384 4.3023, -3.3992 1.7711 4.288, -3.4107 1.7706 4.3024, -3.3899 1.5219 4.288, -3.4015 1.5214 4.3024, -3.3865 1.4308 4.288, -3.3981 1.4303 4.3024, -3.3794 1.2397 4.288, -3.3909 1.2393 4.3024, -3.3753 1.1292 4.288, -3.3868 1.1288 4.3024, -3.3716 1.0277 4.288, -3.3831 1.0273 4.3024, -3.3676 0.9218 4.288, -3.3791 0.9214 4.3024, -3.3633 0.8061 4.288, -3.3748 0.8056 4.3024, -3.3586 0.6802 4.288, -3.3701 0.6797 4.3024, -3.3536 0.5438 4.288, -3.3651 0.5434 4.3024, -3.3482 0.3985 4.288, -3.3597 0.398 4.3024, -3.3426 0.2494 4.288, -3.3541 0.249 4.3024, -3.3369 0.0967 4.288, -3.3485 0.0963 4.3024, -3.3311 -0.0599 4.288, -3.3426 -0.0603 4.3024, -3.3252 -0.2203 4.288, -3.3367 -0.2208 4.3024, -3.319 -0.3847 4.288, -3.3306 -0.3851 4.3024, -3.3128 -0.553 4.288, -3.3243 -0.5535 4.3024, -3.3064 -0.7254 4.288, -3.3179 -0.7258 4.3024, -3.2653 -1.831 4.288, -3.2768 -1.8314 4.3024, -3.2581 -2.0733 4.288, -3.2697 -2.0732 4.3024, -3.2581 -2.136 4.2858, -3.2697 -2.1379 4.3, -3.2581 -2.1683 4.2787, -3.2697 -2.1725 4.2925, -3.2581 -2.1968 4.2671, -3.2697 -2.2035 4.2799, -3.2581 -2.2211 4.2515, -3.2697 -2.2299 4.2629, -3.2581 -2.245 4.2295, -3.2697 -2.2556 4.2392, -3.2581 -2.2717 4.1942, -3.2697 -2.2839 4.2019, -3.2581 -2.2971 4.1451, -3.2697 -2.3104 4.1506, -3.2581 -2.3146 4.0896, -3.2697 -2.3287 4.0927, -3.2581 -2.3219 4.0347, -3.2697 -2.3362 4.0352, -3.2581 -2.32 3.9916, -3.2697 -2.3343 3.9898, -3.2581 -2.312 3.954, -3.2697 -2.3258 3.9498, -3.2581 -2.3072 3.9401, -3.2697 -2.3206 3.9349, -3.2581 -2.2917 3.9088, -3.2697 -2.3039 3.9013, -3.2581 -2.2719 3.8823, -3.2697 -2.2827 3.8727, -3.2581 -2.246 3.8581, -3.2697 -2.2549 3.8467, -3.2581 -2.2076 3.8336, -3.2697 -2.2142 3.8208, -3.2581 -2.145 3.8083, -3.2697 -2.1498 3.7948, -3.2581 -1.9082 3.7222, -3.2697 -1.9131 3.7087, -3.2581 -1.8245 3.6917, -3.2697 -1.8295 3.6782, -3.2581 -1.2402 3.4791, -3.2697 -1.2452 3.4655, -3.2581 -1.0836 3.422, -3.2697 -1.0885 3.4085, -3.2581 -0.9687 3.3802, -3.2697 -0.9736 3.3667, -3.2581 -0.8133 3.3237, -3.2697 -0.8182 3.3102, -3.2581 -0.6601 3.2679, -3.2697 -0.665 3.2544, -3.2581 -0.4732 3.1999, -3.2697 -0.4781 3.1864, -3.2581 -0.3313 3.1483, -3.2697 -0.3363 3.1347, -3.2581 -0.193 3.0979, -3.2697 -0.1979 3.0844, -3.2581 -0.0478 3.0451, -3.2697 -0.0528 3.0316, -3.2581 0.1498 2.9731, -3.2697 0.1448 2.9596, -3.2697 0.3661 2.8791, -3.4368 2.1026 3.622, -3.437 2.0963 3.622, -3.4369 2.093 3.7918, -3.4369 2.093 3.622, -3.4231 2.0486 3.622, -3.4209 2.0455 3.7918, -3.4207 2.0457 3.622, -3.4089 2.0315 3.7918, -3.4091 2.0317 3.622, -3.3939 2.0206 3.622, -3.4209 2.0456 4.1348, -3.4089 2.0316 4.1348, -3.3941 2.0204 3.7918, -3.3914 2.0188 3.622, -3.3941 2.0204 4.1349, -3.3775 2.0126 3.7918, -3.3773 2.0131 3.622, -3.3837 2.1776 4.1342, -3.3836 2.177 4.17, -3.3835 2.1742 4.1964, -3.3996 2.1686 4.1342, -3.3996 2.168 4.1695, -3.3995 2.1653 4.1952, -3.4135 2.1564 4.1343, -3.4135 2.1558 4.1689, -3.4132 2.1484 4.217, -3.3773 2.006 4.1918, -3.3937 2.009 4.2051, -3.3774 2.0091 4.1815, -3.3939 2.0166 4.1835, -3.3774 2.0113 4.171, -3.394 2.0189 4.1723, -3.3775 2.0123 4.1609, -3.3941 2.0201 4.1613, -3.3775 2.0127 4.1349, -3.3831 2.1615 4.2467, -3.3827 2.1517 4.2709, -3.3822 2.1397 4.294, -3.3977 2.1181 4.311, -3.3987 2.1435 4.2673, -3.3993 2.1603 4.2199, -3.3833 2.169 4.222, -3.3771 2.002 4.2016, -3.3769 1.9971 4.211, -3.3932 1.9975 4.2248, -3.3643 2.1137 4.3394, -3.3817 2.1255 4.3159, -3.3811 2.1095 4.3363, -3.3965 2.0852 4.3491, -3.3805 2.0916 4.3552, -3.3791 2.0551 4.3847, -3.3952 2.0498 4.3778, -3.3767 1.9913 4.22, -3.3765 1.9848 4.2283, -3.3927 1.9826 4.2421, -3.3762 1.9774 4.2361, -3.3921 1.9666 4.2551, -3.3756 1.9625 4.2482, -3.3913 1.9463 4.2662, -3.3753 1.9533 4.2538, -3.3783 2.0325 4.3985, -3.3774 2.0088 4.4101, -3.3765 1.9851 4.4191, -3.3756 1.9609 4.4258, -3.3935 2.0049 4.4024, -3.3918 1.9584 4.4176, -3.3749 1.9436 4.2585, -3.3746 1.9339 4.2622, -3.3905 1.9251 4.2732, -3.3742 1.9238 4.265, -3.3897 1.9039 4.276, -3.3747 1.9364 4.4303, -3.3738 1.9115 4.4325, -3.3711 1.8402 4.4329, -3.3686 1.7722 4.4329, -3.3593 1.523 4.4329, -3.3559 1.4319 4.4329, -3.3488 1.2409 4.4329, -3.3447 1.1304 4.4329, -3.341 1.0289 4.4329, -3.337 0.9229 4.4329, -3.3327 0.8072 4.4329, -3.328 0.6813 4.4329, -3.323 0.545 4.4329, -3.3176 0.3996 4.4329, -3.312 0.2506 4.4329, -3.3064 0.0978 4.4329, -3.3005 -0.0588 4.4329, -3.2946 -0.2192 4.4329, -3.2885 -0.3836 4.4329, -3.2822 -0.5519 4.4329, -3.2758 -0.7242 4.4329, -3.2347 -1.8299 4.4329, -3.2275 -2.0726 4.433, -3.2275 -2.155 4.4294, -3.2275 -2.211 4.4172, -3.2438 -2.2085 4.4092, -3.2438 -2.1539 4.4211, -3.2438 -2.0727 4.4246, -3.251 -1.8305 4.4245, -3.2921 -0.7248 4.4245, -3.2985 -0.5525 4.4245, -3.3047 -0.3842 4.4245, -3.3108 -0.2198 4.4245, -3.3168 -0.0594 4.4245, -3.3226 0.0972 4.4245, -3.3283 0.25 4.4245, -3.3338 0.399 4.4245, -3.3392 0.5444 4.4245, -3.3443 0.6807 4.4245, -3.349 0.8066 4.4245, -3.3533 0.9223 4.4245, -3.3572 1.0283 4.4245, -3.361 1.1298 4.4245, -3.3651 1.2403 4.4245, -3.3722 1.4313 4.4245, -3.3756 1.5224 4.4245, -3.3849 1.7716 4.4245, -3.3874 1.8396 4.4245, -3.39 1.9105 4.4242, -3.3738 1.9139 4.2668, -3.3734 1.9041 4.2677, -3.3873 1.8393 4.2762, -3.3711 1.8399 4.2679, -3.3848 1.7716 4.2762, -3.3686 1.7722 4.2679, -3.3756 1.5224 4.2763, -3.3593 1.523 4.2679, -3.3722 1.4313 4.2762, -3.3559 1.4319 4.2679, -3.3651 1.2403 4.2762, -3.3488 1.2409 4.2679, -3.361 1.1298 4.2762, -3.3447 1.1304 4.2679, -3.3572 1.0283 4.2762, -3.3409 1.0289 4.2679, -3.3533 0.9223 4.2762, -3.337 0.9229 4.2679, -3.349 0.8066 4.2762, -3.3327 0.8072 4.2679, -3.3443 0.6807 4.2762, -3.328 0.6813 4.2679, -3.3392 0.5444 4.2762, -3.3229 0.545 4.2679, -3.3338 0.399 4.2762, -3.3175 0.3996 4.2679, -3.3283 0.25 4.2762, -3.312 0.2506 4.2679, -3.3226 0.0972 4.2762, -3.3063 0.0978 4.2679, -3.3168 -0.0594 4.2762, -3.3005 -0.0588 4.2679, -3.3108 -0.2198 4.2762, -3.2945 -0.2192 4.2679, -3.3047 -0.3842 4.2762, -3.2884 -0.3836 4.2679, -3.2984 -0.5525 4.2762, -3.2822 -0.5519 4.2679, -3.292 -0.7248 4.2762, -3.2758 -0.7242 4.2679, -3.2509 -1.8305 4.2762, -3.2347 -1.8299 4.2679, -3.2438 -2.0734 4.2763, -3.2275 -2.0734 4.2679, -3.2438 -2.1344 4.2741, -3.2275 -2.1333 4.2658, -3.2438 -2.1648 4.2675, -3.2275 -2.1623 4.2595, -3.2438 -2.1914 4.2567, -3.2275 -2.2377 4.4077, -3.2275 -2.2638 4.3956, -3.2275 -2.3095 4.3663, -3.2275 -2.3519 4.3273, -3.2275 -2.394 4.2719, -3.2275 -2.4311 4.2005, -3.2275 -2.4561 4.121, -3.2438 -2.4479 4.1192, -3.2438 -2.4233 4.1973, -3.2438 -2.387 4.2674, -3.2438 -2.3457 4.3216, -3.2438 -2.3044 4.3597, -3.2438 -2.2599 4.3882, -3.2275 -2.1754 4.2549, -3.2275 -2.1875 4.2493, -3.2438 -2.214 4.2422, -3.2275 -2.2089 4.2356, -3.2438 -2.2363 4.2216, -3.2275 -2.2301 4.2159, -3.2438 -2.2618 4.1879, -3.2275 -2.2548 4.1834, -3.2438 -2.2863 4.1406, -3.2275 -2.2786 4.1375, -3.2438 -2.3032 4.0871, -3.2275 -2.295 4.0853, -3.2438 -2.3101 4.0342, -3.2275 -2.4632 4.0811, -3.2275 -2.4667 4.0402, -3.2275 -2.4638 3.9733, -3.2275 -2.4506 3.9114, -3.2275 -2.4423 3.8876, -3.2438 -2.4345 3.8907, -3.2438 -2.4426 3.9139, -3.2438 -2.4555 3.9743, -3.2438 -2.4583 4.0399, -3.2275 -2.2996 4.0595, -3.2275 -2.3018 4.0339, -3.2438 -2.3084 3.9931, -3.2275 -2.3001 3.9941, -3.2438 -2.3008 3.9575, -3.2275 -2.2928 3.96, -3.2438 -2.2963 3.9444, -3.2275 -2.2885 3.9474, -3.2438 -2.2817 3.915, -3.2275 -2.2821 3.933, -3.2275 -2.2746 3.9194, -3.2438 -2.2632 3.8901, -3.2275 -2.2569 3.8957, -3.2438 -2.2387 3.8673, -3.2275 -2.4299 3.8596, -3.2275 -2.415 3.8327, -3.2275 -2.3801 3.7858, -3.2275 -2.3355 3.7441, -3.2275 -2.3054 3.7228, -3.2438 -2.2702 3.7123, -3.2438 -2.3304 3.7507, -3.2438 -2.3738 3.7914, -3.2438 -2.4079 3.8371, -3.2275 -2.2741 3.7048, -3.2275 -2.1941 3.672, -3.2275 -1.9578 3.586, -3.2275 -1.8741 3.5556, -3.2275 -1.2898 3.3429, -3.2275 -1.1331 3.2859, -3.2275 -1.0183 3.2441, -3.2275 -0.8629 3.1875, -3.2275 -0.7097 3.1317, -3.2275 -0.5227 3.0637, -3.2275 -0.3809 3.0121, -3.2275 -0.2425 2.9617, -3.2275 -0.0974 2.9089, -3.2275 0.1002 2.837, -3.2275 0.3215 2.7564, -3.4355 2.1091 3.622, -3.4361 2.1092 3.7918, -3.4361 2.1093 4.1345, -3.4369 2.093 4.1346, -3.4361 2.1088 4.1663, -3.4369 2.0926 4.1654, -3.4359 2.1027 4.2057, -3.4367 2.087 4.2017, -3.4354 2.0895 4.243, -3.4363 2.0748 4.2362, -3.4346 2.0696 4.2773, -3.4356 2.0563 4.2679, -3.4337 2.0436 4.3073, -3.4347 2.0324 4.2956, -3.4326 2.0158 4.3298, -3.4337 2.0067 4.3164, -3.4313 1.9806 4.3492, -3.4325 1.9741 4.3343, -3.43 1.9439 4.3612, -3.4313 1.9403 4.3454, -3.4286 1.9065 4.3663, -3.43 1.9057 4.3501, -3.426 1.838 4.3666, -3.4275 1.8379 4.3504, -3.4235 1.7701 4.3666, -3.4249 1.7701 4.3504, -3.4142 1.521 4.3666, -3.4157 1.5209 4.3504, -3.4109 1.4298 4.3666, -3.4123 1.4298 4.3504, -3.4038 1.2388 4.3666, -3.4052 1.2388 4.3504, -3.3996 1.1283 4.3666, -3.4011 1.1283 4.3504, -3.3959 1.0268 4.3666, -3.3973 1.0268 4.3504, -3.3919 0.9209 4.3666, -3.3934 0.9208 4.3504, -3.3876 0.8052 4.3666, -3.3891 0.8051 4.3504, -3.383 0.6793 4.3666, -3.3844 0.6792 4.3504, -3.3779 0.5429 4.3666, -3.3793 0.5429 4.3504, -3.3725 0.3976 4.3666, -3.3739 0.3975 4.3504, -3.3669 0.2485 4.3666, -3.3684 0.2485 4.3504, -3.3613 0.0958 4.3666, -3.3627 0.0957 4.3504, -3.3554 -0.0608 4.3666, -3.3569 -0.0609 4.3504, -3.3495 -0.2212 4.3666, -3.3509 -0.2213 4.3504, -3.3434 -0.3856 4.3666, -3.3448 -0.3857 4.3504, -3.3371 -0.5539 4.3666, -3.3386 -0.554 4.3504, -3.3307 -0.7263 4.3666, -3.3321 -0.7263 4.3504, -3.2896 -1.8319 4.3666, -3.291 -1.8319 4.3504, -3.2825 -2.073 4.3666, -3.2839 -2.073 4.3504, -3.2825 -2.1463 4.3637, -3.2839 -2.1442 4.3476, -3.2825 -2.1914 4.3538, -3.2839 -2.1867 4.3384, -3.2825 -2.2331 4.3368, -3.2839 -2.2256 4.3224, -3.2825 -2.2691 4.3138, -3.2839 -2.2592 4.301, -3.2825 -2.303 4.2825, -3.2839 -2.291 4.2716, -3.2825 -2.3381 4.2363, -3.2839 -2.3244 4.2276, -3.2825 -2.3698 4.1752, -3.2839 -2.3548 4.169, -3.2825 -2.3913 4.1067, -3.2839 -2.3755 4.1031, -3.2825 -2.4004 4.0377, -3.2839 -2.3842 4.037, -3.2825 -2.398 3.9817, -3.2839 -2.382 3.9837, -3.2825 -2.3872 3.9309, -3.2839 -2.3717 3.9357, -3.2825 -2.3805 3.9117, -3.2839 -2.3654 3.9175, -3.2825 -2.3586 3.8675, -3.2839 -2.3448 3.876, -3.2825 -2.3306 3.83, -3.2839 -2.3185 3.8408, -3.2825 -2.2946 3.7963, -3.2839 -2.2846 3.809, -3.2825 -2.2437 3.7638, -3.2839 -2.2362 3.7782, -3.2825 -2.1716 3.7343, -3.2839 -2.1661 3.7496, -3.2825 -1.9351 3.6483, -3.2839 -1.9295 3.6636, -3.2825 -1.8514 3.6179, -3.2839 -1.8459 3.6331, -3.2825 -1.2671 3.4052, -3.2839 -1.2616 3.4204, -3.2825 -1.1104 3.3482, -3.2839 -1.1049 3.3634, -3.2825 -0.9956 3.3064, -3.2839 -0.9901 3.3216, -3.2825 -0.8402 3.2498, -3.2839 -0.8346 3.265, -3.2825 -0.687 3.1941, -3.2839 -0.6814 3.2093, -3.2825 -0.5 3.126, -3.2839 -0.4945 3.1412, -3.2825 -0.3582 3.0744, -3.2839 -0.3527 3.0896, -3.2825 -0.2198 3.024, -3.2839 -0.2143 3.0392, -3.2825 -0.0747 2.9712, -3.2839 -0.0692 2.9864, -3.2825 0.1229 2.8993, -3.2839 0.1284 2.9145, -3.2825 0.3442 2.8187, -3.2839 0.3497 2.834, -3.2438 0.3243 2.7643, -3.2438 0.1031 2.8448, -3.2438 -0.0946 2.9168, -3.2438 -0.2397 2.9696, -3.2438 -0.378 3.0199, -3.2438 -0.5199 3.0716, -3.2438 -0.7068 3.1396, -3.2438 -0.86 3.1954, -3.2438 -1.0154 3.2519, -3.2438 -1.1303 3.2937, -3.2438 -1.287 3.3508, -3.2438 -1.8713 3.5634, -3.2438 -1.9549 3.5939, -3.2438 -2.1913 3.6798, -3.2344 0.5533 2.6752, -3.2582 0.1071 2.8559, -3.2582 -0.0905 2.9278, -3.2582 -0.2357 2.9806, -3.2582 -0.374 3.031, -3.2582 -0.5158 3.0826, -3.2582 -0.7028 3.1506, -3.2582 -0.856 3.2064, -3.2582 -1.0114 3.263, -3.2582 -1.1262 3.3047, -3.2582 -1.2829 3.3618, -3.2582 -1.8672 3.5744, -3.2582 -1.9509 3.6049, -3.2582 -2.1873 3.6909, -3.2582 -2.2648 3.7227, -3.2582 -2.3231 3.7599, -3.2582 -2.3651 3.7992, -3.2582 -2.3979 3.8433, -3.2582 -2.4236 3.8949, -3.2582 -2.4313 3.9173, -3.2582 -2.4439 3.9758, -3.2582 -2.4466 4.0394, -3.2582 -2.4365 4.1167, -3.2582 -2.4125 4.1928, -3.2582 -2.3771 4.2611, -3.2582 -2.3371 4.3137, -3.2582 -2.2973 4.3504, -3.2582 -2.2545 4.3778, -3.2582 -2.2051 4.398, -3.2582 -2.1524 4.4095, -3.2582 -2.0727 4.4128, -3.2653 -1.831 4.4128, -3.3064 -0.7254 4.4128, -3.3128 -0.553 4.4128, -3.3191 -0.3847 4.4128, -3.3252 -0.2203 4.4128, -3.3311 -0.0599 4.4128, -3.337 0.0967 4.4128, -3.3426 0.2494 4.4128, -3.3482 0.3985 4.4128, -3.3536 0.5438 4.4128, -3.3587 0.6802 4.4128, -3.3633 0.8061 4.4128, -3.3676 0.9218 4.4128, -3.3716 1.0277 4.4128, -3.3753 1.1292 4.4128, -3.3795 1.2397 4.4128, -3.3865 1.4308 4.4128, -3.3899 1.5219 4.4128, -3.3992 1.771 4.4128, -3.4017 1.839 4.4128, -3.4044 1.9095 4.4124, -3.406 1.9552 4.4062, -3.4077 1.9997 4.3916, -3.4093 2.0427 4.3681, -3.4106 2.0765 4.3407, -3.4117 2.1081 4.3042, -3.4126 2.1323 4.2624, -3.2697 0.3333 2.7888, -3.2697 0.112 2.8694, -3.2697 -0.0856 2.9413, -3.2697 -0.2307 2.9941, -3.2697 -0.3691 3.0445, -3.2697 -0.5109 3.0961, -3.2697 -0.6979 3.1641, -3.2697 -0.8511 3.2199, -3.2697 -1.0065 3.2765, -3.2697 -1.1213 3.3183, -3.2697 -1.278 3.3753, -3.2697 -1.8623 3.588, -3.2697 -1.946 3.6184, -3.2697 -2.1824 3.7044, -3.2697 -2.2582 3.7355, -3.2697 -2.3142 3.7712, -3.2697 -2.3543 3.8088, -3.2697 -2.3856 3.8508, -3.2697 -2.4101 3.9001, -3.2697 -2.4176 3.9216, -3.2697 -2.4296 3.9776, -3.2697 -2.4322 4.0389, -3.2697 -2.4224 4.1135, -3.2697 -2.3992 4.1873, -3.2697 -2.3649 4.2534, -3.2697 -2.3265 4.304, -3.2697 -2.2885 4.339, -3.2697 -2.2478 4.365, -3.2697 -2.2008 4.3842, -3.2697 -2.1505 4.3952, -3.2697 -2.0728 4.3985, -3.2768 -1.8314 4.3984, -3.3179 -0.7258 4.3984, -3.3243 -0.5535 4.3984, -3.3306 -0.3851 4.3984, -3.3367 -0.2208 4.3984, -3.3427 -0.0603 4.3984, -3.3485 0.0963 4.3984, -3.3542 0.249 4.3984, -3.3597 0.398 4.3984, -3.3651 0.5434 4.3984, -3.3702 0.6797 4.3984, -3.3748 0.8056 4.3984, -3.3791 0.9214 4.3984, -3.3831 1.0273 4.3984, -3.3869 1.1288 4.3984, -3.391 1.2393 4.3984, -3.3981 1.4303 4.3984, -3.4014 1.5214 4.3984, -3.4107 1.7706 4.3984, -3.4132 1.8385 4.3984, -3.4158 1.9084 4.3981, -3.4174 1.9516 4.3922, -3.419 1.9936 4.3784, -3.4205 2.0341 4.3562, -3.4217 2.0661 4.3303, -3.4228 2.0959 4.2958, -3.4237 2.1189 4.2564, -3.4242 2.134 4.2135, -3.4245 2.141 4.1681, -3.4245 2.1415 4.1343, -3.4325 2.1243 3.622, -3.4321 2.1254 3.7918, -3.4321 2.1255 4.1344, -3.4321 2.125 4.1672, -3.4318 2.1185 4.2096, -3.4313 2.1043 4.2498, -3.4305 2.0828 4.2867, -3.4295 2.0549 4.3189, -3.4284 2.025 4.3432, -3.4269 1.9871 4.364, -3.4255 1.9477 4.3768, -3.424 1.9074 4.3823, -3.4214 1.8382 4.3826, -3.4189 1.7703 4.3827, -3.4096 1.5211 4.3827, -3.4062 1.43 4.3827, -3.3991 1.239 4.3827, -3.395 1.1285 4.3827, -3.3913 1.027 4.3827, -3.3873 0.9211 4.3827, -3.383 0.8053 4.3827, -3.3783 0.6794 4.3827, -3.3733 0.5431 4.3827, -3.3679 0.3977 4.3827, -3.3623 0.2487 4.3827, -3.3566 0.0959 4.3827, -3.3508 -0.0606 4.3827, -3.3449 -0.2211 4.3827, -3.3388 -0.3854 4.3827, -3.3325 -0.5538 4.3827, -3.3261 -0.7261 4.3827, -3.285 -1.8317 4.3827, -3.2779 -2.0729 4.3827, -3.2779 -2.1484 4.3796, -3.2779 -2.1962 4.3692, -3.2779 -2.2406 4.3511, -3.2779 -2.2789 4.3265, -3.2779 -2.3148 4.2934, -3.2779 -2.3516 4.245, -3.2779 -2.3846 4.1813, -3.2779 -2.407 4.1101, -3.2779 -2.4165 4.0383, -3.2779 -2.414 3.9796, -3.2779 -2.4025 3.9262, -3.2779 -2.3955 3.9058, -3.2779 -2.3722 3.8591, -3.2779 -2.3426 3.8193, -3.2779 -2.3045 3.7836, -3.2779 -2.251 3.7495, -3.2779 -2.1771 3.7192, -3.2779 -1.9406 3.6332, -3.2779 -1.8569 3.6028, -3.2779 -1.2726 3.3901, -3.2779 -1.1159 3.3331, -3.2779 -1.0011 3.2913, -3.2779 -0.8457 3.2347, -3.2779 -0.6925 3.1789, -3.2779 -0.5055 3.1109, -3.2779 -0.3637 3.0593, -3.2779 -0.2253 3.0089, -3.2779 -0.0802 2.9561, -3.2779 0.1174 2.8842, -3.2779 0.3387 2.8036, -3.2785 0.5701 2.7212, -3.2832 0.5767 2.7394, -3.2781 0.5913 2.7796, -3.2832 0.5844 2.7605, -3.2438 0.1538 2.9842, -3.2438 -0.0438 3.0561, -3.2438 -0.189 3.1089, -3.2438 -0.3273 3.1593, -3.2438 -0.4691 3.2109, -3.2438 -0.6561 3.2789, -3.2438 -0.8093 3.3347, -3.2438 -0.9647 3.3913, -3.2438 -1.0795 3.4331, -3.2438 -1.2362 3.4901, -3.2438 -1.8205 3.7028, -3.2438 -1.9042 3.7332, -3.2438 -2.141 3.8193, -3.2438 -2.2022 3.8441, -3.2275 0.1566 2.992, -3.2275 -0.041 3.064, -3.2275 -0.1861 3.1168, -3.2275 -0.3245 3.1671, -3.2275 -0.4663 3.2188, -3.2275 -0.6532 3.2868, -3.2275 -0.8064 3.3426, -3.2275 -0.9618 3.3991, -3.2275 -1.0767 3.4409, -3.2275 -1.2334 3.498, -3.2275 -1.8177 3.7106, -3.2275 -1.9013 3.7411, -3.2275 -2.1381 3.8272, -3.2275 -2.1984 3.8515, -3.2275 -2.2169 3.8621, -3.2275 -2.2336 3.8739, -3.1082 0.3554 2.8491, -3.1226 0.5978 2.7974, -3.1325 0.3713 2.8925, -3.1469 0.3753 2.9035, -3.1631 0.3781 2.9114, -3.1802 0.3798 2.9159, -3.306 2.174 3.622, -3.3196 2.1794 3.622, -3.3193 2.1799 3.8512, -3.2601 2.1026 3.622, -3.2626 2.1156 3.622, -3.2619 2.1157 3.8512, -3.2747 2.0472 3.622, -3.2727 2.0512 3.622, -3.2723 2.0511 3.8512, -3.289 2.0306 3.622, -3.2838 2.0366 3.622, -3.2833 2.0362 3.8512, -3.307 2.018 3.622, -3.2976 2.0245 3.622, -3.2972 2.024 3.8512, -3.3275 2.0102 3.622, -3.3134 2.0155 3.622, -3.3132 2.015 3.8512, -3.1227 0.5632 2.7025, -3.121 0.3335 2.7887, -3.2759 2.147 3.8512, -3.288 2.161 3.8512, -3.288 2.161 4.1268, -3.2644 2.1243 3.622, -3.2678 2.1313 3.622, -3.2672 2.1316 3.8512, -3.3356 2.1599 4.2683, -3.336 2.1694 4.2436, -3.2973 1.1299 4.4377, -3.2806 0.6803 4.4377, -3.1802 -2.3315 3.735, -3.1802 -1.2881 3.3372, -3.1802 -0.3824 3.0075, -3.1802 -1.826 3.7187, -3.1802 -2.2775 3.9343, -3.33 2.0086 4.1685, -3.33 2.0098 3.622, -3.33 2.0096 3.8512, -3.33 2.0097 4.1277, -3.3299 2.0067 4.1784, -3.3298 2.0039 4.1883, -3.3297 2.0003 4.1978, -3.3295 1.9957 4.2069, -3.3293 1.9904 4.2156, -3.3291 1.9842 4.2237, -3.3288 1.9773 4.2312, -3.3279 1.953 4.2495, -3.3282 1.9616 4.2442, -3.3285 1.9698 4.2381, -3.3272 1.9341 4.2577, -3.3276 1.9438 4.254, -3.3265 1.915 4.2621, -3.3251 1.878 4.2632, -3.3226 1.81 4.2631, -3.3116 1.5128 4.2631, -3.3083 1.4248 4.2631, -3.3014 1.24 4.2631, -3.2973 1.1299 4.2631, -3.2935 1.0285 4.2631, -3.2896 0.9223 4.2631, -3.2853 0.8064 4.2631, -3.2806 0.6803 4.2631, -3.2755 0.5437 4.2631, -3.2701 0.3983 4.2631, -3.2646 0.2492 4.2631, -3.2589 0.0963 4.2631, -3.2531 -0.0603 4.2631, -3.2471 -0.2209 4.2631, -3.241 -0.3853 4.2631, -3.2347 -0.5537 4.2631, -3.2283 -0.7261 4.2631, -3.1874 -1.826 4.2631, -3.1801 -2.0712 4.2632, -3.1802 -2.1309 4.2614, -3.1802 -2.1594 4.2554, -3.1802 -2.1721 4.2511, -3.1802 -2.1839 4.2458, -3.1802 -2.2046 4.2328, -3.1802 -2.2252 4.2142, -3.1802 -2.2491 4.1834, -3.1802 -2.2728 4.1389, -3.1802 -2.2897 4.0873, -3.1802 -2.2944 4.0618, -3.1802 -2.2957 3.9971, -3.1802 -2.2969 4.0365, -3.1953 -2.2862 3.959, -3.1802 -2.289 3.9639, -3.1802 -2.2839 3.9487, -3.1802 -2.2409 3.8863, -3.1802 -2.261 3.9081, -3.1802 -2.2116 3.8644, -3.1802 -2.227 3.8748, -3.1802 -2.0998 3.8184, -3.1802 -2.174 3.8456, -3.1802 -1.9118 3.75, -3.1802 -1.2284 3.5012, -3.1802 -1.0739 3.445, -3.1802 -0.9589 3.4031, -3.1802 -0.8041 3.3468, -3.1802 -0.6514 3.2912, -3.1802 -0.4645 3.2232, -3.1802 -0.3227 3.1716, -3.1802 -0.1844 3.1212, -3.1802 -0.0392 3.0684, -3.1802 0.1583 2.9965, -3.1802 0.3201 2.7519, -3.1802 0.0986 2.8325, -3.1802 -0.0989 2.9044, -3.1802 -0.2441 2.9572, -3.1802 -0.5242 3.0592, -3.1802 -0.7111 3.1272, -3.1802 -0.8638 3.1828, -3.1802 -1.0186 3.2391, -3.1802 -1.1336 3.2809, -3.1802 -1.8857 3.5547, -3.1802 -2.1596 3.6544, -3.1802 -1.9715 3.5859, -3.1802 -2.303 3.7156, -3.1802 -2.2388 3.6835, -3.1802 -2.3585 3.7573, -3.1802 -2.3993 3.8016, -3.1802 -2.4177 3.828, -3.1802 -2.4464 3.885, -3.1802 -2.4334 3.8559, -3.1802 -2.4566 3.9149, -3.1802 -2.4691 3.977, -3.1954 -2.4695 3.9703, -3.1802 -2.4712 4.0451, -3.1802 -2.4597 4.1268, -3.1802 -2.4673 4.0865, -3.1802 -2.4333 4.2074, -3.1802 -2.3953 4.2788, -3.1802 -2.3527 4.3335, -3.1802 -2.3094 4.3724, -3.1802 -2.2628 4.4015, -3.1802 -2.1521 4.4346, -3.1802 -2.2093 4.4227, -3.1802 -2.2363 4.4134, -3.1802 -2.0704 4.4377, -3.1875 -1.826 4.4377, -3.2284 -0.7261 4.4377, -3.2348 -0.5537 4.4377, -3.241 -0.3853 4.4377, -3.2471 -0.2209 4.4377, -3.2531 -0.0603 4.4377, -3.2589 0.0963 4.4377, -3.2646 0.2492 4.4377, -3.2702 0.3983 4.4377, -3.2756 0.5437 4.4377, -3.2853 0.8064 4.4377, -3.2896 0.9223 4.4377, -3.2936 1.0285 4.4377, -3.3083 1.4248 4.4377, -3.3014 1.24 4.4377, -3.3116 1.5128 4.4377, -3.3226 1.8099 4.4377, -3.3274 1.9386 4.4351, -3.3251 1.8771 4.4377, -3.3283 1.9638 4.4304, -3.3293 1.9882 4.4237, -3.3302 2.0132 4.4142, -3.3311 2.0372 4.4024, -3.3319 2.0597 4.3886, -3.3341 2.1181 4.3356, -3.3334 2.1003 4.355, -3.3327 2.0808 4.3727, -3.3352 2.148 4.292, -3.3347 2.1341 4.3145, -3.3363 2.1766 4.2183, -3.3513 2.1743 4.23, -3.3364 2.1814 4.1923, -3.3365 2.1841 4.1267, -3.3365 2.184 3.8512, -3.3484 2.1848 3.622, -3.3366 2.1834 3.622, -3.3265 2.1821 3.622, -3.2672 2.1316 4.127, -3.2619 2.1157 4.1271, -3.2671 2.1295 4.1848, -3.2619 2.1137 4.1826, -3.2667 2.1198 4.2262, -3.2615 2.1047 4.2211, -3.2661 2.1026 4.2652, -3.2609 2.0887 4.2574, -3.2652 2.0784 4.3003, -3.2601 2.0663 4.29, -3.2641 2.0483 4.3303, -3.2591 2.0383 4.3179, -3.2628 2.0132 4.3542, -3.2578 2.0056 4.3401, -3.2613 1.9736 4.3714, -3.2565 1.9688 4.3561, -3.2598 1.9337 4.3806, -3.2551 1.9317 4.3646, -3.2578 1.8799 4.3827, -3.2532 1.8802 4.3666, -3.2553 1.8124 4.3827, -3.2507 1.8126 4.3666, -3.2442 1.5153 4.3827, -3.2396 1.5155 4.3666, -3.241 1.4273 4.3827, -3.2364 1.4274 4.3666, -3.2341 1.2425 4.3827, -3.2295 1.2427 4.3666, -3.23 1.1324 4.3827, -3.2254 1.1326 4.3666, -3.2263 1.031 4.3827, -3.2216 1.0311 4.3666, -3.2223 0.9248 4.3827, -3.2177 0.925 4.3666, -3.218 0.8089 4.3827, -3.2134 0.809 4.3666, -3.2133 0.6828 4.3827, -3.2087 0.6829 4.3666, -3.2082 0.5462 4.3827, -3.2036 0.5464 4.3666, -3.2028 0.4008 4.3827, -3.1982 0.4009 4.3666, -3.1973 0.2517 4.3827, -3.1927 0.2518 4.3666, -3.1916 0.0988 4.3827, -3.187 0.099 4.3666, -3.1858 -0.0578 4.3827, -3.1812 -0.0577 4.3666, -3.1798 -0.2184 4.3827, -3.1752 -0.2182 4.3666, -3.1737 -0.3828 4.3827, -3.1691 -0.3826 4.3666, -3.1674 -0.5512 4.3827, -3.1628 -0.5511 4.3666, -3.161 -0.7236 4.3827, -3.1564 -0.7235 4.3666, -3.1201 -1.8235 4.3827, -3.1155 -1.8234 4.3666, -3.1128 -2.0706 4.3827, -3.1082 -2.0707 4.3666, -3.1128 -2.1454 4.38, -3.1082 -2.1434 4.3641, -3.1128 -2.1936 4.37, -3.1082 -2.189 4.3546, -3.1128 -2.2379 4.3524, -3.1082 -2.2307 4.3381, -3.1128 -2.2764 4.3284, -3.1082 -2.2668 4.3156, -3.1128 -2.3125 4.2959, -3.1082 -2.3008 4.2849, -3.1128 -2.3492 4.2488, -3.1082 -2.3357 4.24, -3.1128 -2.3828 4.1858, -3.1082 -2.368 4.1795, -3.1128 -2.4061 4.1144, -3.1082 -2.3904 4.1107, -3.1128 -2.4163 4.0424, -3.1082 -2.4003 4.0416, -3.1128 -2.4144 3.9833, -3.1082 -2.3985 3.9852, -3.1128 -2.4038 3.9304, -3.1082 -2.3884 3.9349, -3.1128 -2.3843 3.8806, -3.1082 -2.3699 3.8878, -3.1128 -2.3558 3.8351, -3.1082 -2.343 3.8449, -3.1128 -2.3215 3.798, -3.1082 -2.3106 3.8098, -3.1128 -2.2742 3.7625, -3.1082 -2.2658 3.7762, -3.1128 -2.2184 3.7346, -3.1082 -2.2124 3.7495, -3.1128 -2.1407 3.7061, -3.1082 -2.1352 3.7212, -3.1128 -1.9527 3.6376, -3.1082 -1.9472 3.6527, -3.1128 -1.8669 3.6064, -3.1082 -1.8614 3.6215, -3.1128 -1.2693 3.3889, -3.1082 -1.2638 3.404, -3.1128 -1.1147 3.3326, -3.1082 -1.1092 3.3477, -3.1128 -0.9998 3.2908, -3.1082 -0.9943 3.3059, -3.1128 -0.845 3.2344, -3.1082 -0.8395 3.2495, -3.1128 -0.6923 3.1788, -3.1082 -0.6868 3.1939, -3.1128 -0.5054 3.1108, -3.1082 -0.4999 3.1259, -3.1128 -0.3636 3.0592, -3.1082 -0.3581 3.0743, -3.1128 -0.2253 3.0089, -3.1082 -0.2198 3.024, -3.1128 -0.0801 2.956, -3.1082 -0.0746 2.9711, -3.1128 0.1174 2.8841, -3.1082 0.1229 2.8992, -3.1128 0.3389 2.8035, -3.1082 0.3444 2.8186, -3.2759 2.1471 4.1269, -3.2879 2.1586 4.1889, -3.2758 2.1448 4.1869, -3.2875 2.1476 4.2357, -3.2755 2.1344 4.2311, -3.2868 2.1281 4.2799, -3.2748 2.116 4.2729, -3.2857 2.1008 4.3196, -3.2738 2.0902 4.3104, -3.2845 2.0668 4.3535, -3.2726 2.058 4.3424, -3.283 2.027 4.3806, -3.2712 2.0205 4.368, -3.2813 1.9822 4.4, -3.2697 1.9782 4.3863, -3.2796 1.937 4.4104, -3.2681 1.9355 4.3962, -3.2775 1.879 4.4129, -3.266 1.8795 4.3985, -3.275 1.8117 4.4129, -3.2635 1.8121 4.3985, -3.2639 1.5146 4.4128, -3.2524 1.515 4.3984, -3.2607 1.4265 4.4128, -3.2492 1.427 4.3984, -3.2538 1.2418 4.4128, -3.2423 1.2422 4.3984, -3.2497 1.1317 4.4128, -3.2382 1.1321 4.3984, -3.2459 1.0302 4.4128, -3.2344 1.0307 4.3984, -3.242 0.9241 4.4128, -3.2305 0.9245 4.3984, -3.2377 0.8081 4.4128, -3.2262 0.8086 4.3984, -3.233 0.682 4.4128, -3.2215 0.6825 4.3984, -3.2279 0.5455 4.4128, -3.2164 0.5459 4.3984, -3.2225 0.4 4.4128, -3.211 0.4005 4.3984, -3.217 0.2509 4.4128, -3.2055 0.2514 4.3984, -3.2113 0.0981 4.4128, -3.1998 0.0985 4.3984, -3.2055 -0.0586 4.4128, -3.194 -0.0581 4.3984, -3.1995 -0.2191 4.4128, -3.188 -0.2187 4.3984, -3.1934 -0.3835 4.4128, -3.1819 -0.3831 4.3984, -3.1871 -0.552 4.4128, -3.1756 -0.5515 4.3984, -3.1807 -0.7244 4.4128, -3.1692 -0.7239 4.3984, -3.1398 -1.8243 4.4128, -3.1283 -1.8238 4.3984, -3.1325 -2.0705 4.4129, -3.121 -2.0705 4.3985, -3.1325 -2.149 4.4099, -3.121 -2.1473 4.3957, -3.1325 -2.2022 4.3989, -3.121 -2.1981 4.3851, -3.1325 -2.2515 4.3793, -3.121 -2.245 4.3665, -3.1325 -2.2945 4.3525, -3.121 -2.2859 4.341, -3.1325 -2.3345 4.3165, -3.121 -2.324 4.3067, -3.1325 -2.3744 4.2653, -3.121 -2.3624 4.2574, -3.1325 -2.4105 4.1977, -3.121 -2.3972 4.192, -3.1325 -2.4355 4.1212, -3.121 -2.4214 4.1179, -3.1325 -2.4464 4.0439, -3.121 -2.432 4.0432, -3.1325 -2.4444 3.9798, -3.121 -2.4301 3.9815, -3.1325 -2.4327 3.9219, -3.121 -2.4189 3.9259, -3.1325 -2.4112 3.8671, -3.121 -2.3983 3.8735, -3.1325 -2.3796 3.8168, -3.121 -2.3682 3.8255, -3.1325 -2.3418 3.7757, -3.121 -2.3321 3.7863, -3.1325 -2.29 3.7368, -3.121 -2.2824 3.7491, -3.1325 -2.2296 3.7066, -3.121 -2.2242 3.72, -3.1325 -2.151 3.6777, -3.121 -2.1461 3.6913, -3.1325 -1.963 3.6093, -3.121 -1.9581 3.6228, -3.1325 -1.8772 3.578, -3.121 -1.8723 3.5916, -3.1325 -1.2796 3.3605, -3.121 -1.2747 3.3741, -3.1325 -1.1251 3.3043, -3.121 -1.1201 3.3178, -3.1325 -1.0101 3.2625, -3.121 -1.0052 3.276, -3.1325 -0.8553 3.2061, -3.121 -0.8504 3.2196, -3.1325 -0.7026 3.1505, -3.121 -0.6977 3.164, -3.1325 -0.5157 3.0825, -3.121 -0.5108 3.096, -3.1325 -0.3739 3.0309, -3.121 -0.369 3.0444, -3.1325 -0.2356 2.9805, -3.121 -0.2306 2.9941, -3.1325 -0.0904 2.9277, -3.121 -0.0855 2.9412, -3.1325 0.1071 2.8558, -3.121 0.112 2.8693, -3.1325 0.3286 2.7752, -3.2602 2.0883 3.622, -3.2598 2.0963 3.622, -3.2599 2.0996 3.8512, -3.26 2.0996 3.622, -3.2881 2.1611 3.622, -3.2761 2.1468 3.622, -3.2739 2.1442 3.622, -3.3132 2.0151 4.1277, -3.3131 2.014 4.1692, -3.2972 2.024 4.1276, -3.2972 2.0228 4.1703, -3.303 2.1719 3.622, -3.3028 2.1722 3.8512, -3.3028 2.1722 4.1268, -3.3194 2.18 4.1267, -3.3027 2.1697 4.1905, -3.3193 2.1773 4.1916, -3.3022 2.1582 4.2394, -3.3191 2.1726 4.2172, -3.3131 2.012 4.1795, -3.313 2.0091 4.1898, -3.3128 2.0053 4.1998, -3.3126 2.0005 4.2093, -3.297 2.0176 4.1925, -3.2966 2.0084 4.2134, -3.3188 2.1655 4.2421, -3.3185 2.1561 4.2664, -3.3015 2.1378 4.2856, -3.318 2.1445 4.2897, -3.3004 2.1093 4.3272, -3.3175 2.1308 4.3118, -3.3124 1.9949 4.2183, -3.3122 1.9885 4.2268, -3.3119 1.9813 4.2346, -3.2956 1.9794 4.2482, -3.2962 1.9955 4.2322, -3.3169 2.1151 4.3325, -3.3163 2.0976 4.3516, -3.2991 2.0737 4.3626, -3.3116 1.9734 4.2418, -3.3113 1.965 4.2481, -3.311 1.9559 4.2537, -3.2949 1.9606 4.261, -3.3156 2.0784 4.369, -3.3148 2.0576 4.3846, -3.2976 2.0321 4.3909, -3.314 2.0355 4.3982, -3.2958 1.9853 4.4112, -3.3131 2.0119 4.4098, -3.3122 1.9873 4.4191, -3.3113 1.9633 4.4258, -3.294 1.9381 4.4221, -3.3104 1.9386 4.4303, -3.2918 1.8784 4.4246, -3.3081 1.8777 4.433, -3.2894 1.8111 4.4246, -3.3056 1.8105 4.4329, -3.2783 1.514 4.4245, -3.2945 1.5134 4.4329, -3.275 1.426 4.4245, -3.2913 1.4254 4.4329, -3.2682 1.2413 4.4246, -3.2844 1.2407 4.4329, -3.2641 1.1312 4.4246, -3.2803 1.1306 4.4329, -3.2603 1.0297 4.4246, -3.2766 1.0291 4.4329, -3.2564 0.9236 4.4246, -3.2726 0.923 4.4329, -3.252 0.8076 4.4246, -3.2683 0.807 4.4329, -3.2474 0.6815 4.4246, -3.2636 0.6809 4.4329, -3.2423 0.5449 4.4246, -3.2586 0.5443 4.4329, -3.2369 0.3995 4.4246, -3.2531 0.3989 4.4329, -3.2313 0.2504 4.4246, -3.2476 0.2498 4.4329, -3.2257 0.0976 4.4246, -3.2419 0.097 4.4329, -3.2198 -0.0591 4.4246, -3.2361 -0.0597 4.4329, -3.2139 -0.2196 4.4246, -3.2301 -0.2202 4.4329, -3.2077 -0.3841 4.4246, -3.224 -0.3847 4.4329, -3.2015 -0.5525 4.4246, -3.2178 -0.5531 4.4329, -3.1951 -0.7249 4.4246, -3.2114 -0.7255 4.4329, -3.1542 -1.8248 4.4246, -3.1705 -1.8254 4.4329, -3.1469 -2.0704 4.4246, -3.1632 -2.0704 4.433, -3.1469 -2.1505 4.4216, -3.1632 -2.1515 4.4299, -3.1469 -2.2055 4.4101, -3.3106 1.9463 4.2584, -3.3102 1.9362 4.2622, -3.3095 1.9163 4.2668, -3.3081 1.8787 4.2679, -3.3056 1.8106 4.2679, -3.2946 1.5134 4.2679, -3.2913 1.4254 4.2679, -3.2844 1.2407 4.2679, -3.2803 1.1306 4.2679, -3.2765 1.0291 4.2679, -3.2726 0.923 4.2679, -3.2683 0.807 4.2679, -3.2636 0.6809 4.2679, -3.2585 0.5443 4.2679, -3.2531 0.3989 4.2679, -3.2476 0.2498 4.2679, -3.2419 0.097 4.2679, -3.2361 -0.0597 4.2679, -3.2301 -0.2202 4.2679, -3.224 -0.3847 4.2679, -3.2177 -0.5531 4.2679, -3.2113 -0.7255 4.2679, -3.1704 -1.8254 4.2679, -3.1631 -2.0711 4.2679, -3.1631 -2.1315 4.2661, -3.1631 -2.1608 4.26, -3.1631 -2.1739 4.2555, -3.1469 -2.1898 4.2575, -3.1469 -2.1632 4.268, -3.1469 -2.1325 4.2744, -3.1468 -2.0711 4.2763, -3.1542 -1.8248 4.2763, -3.195 -0.7249 4.2763, -3.2014 -0.5525 4.2763, -3.2077 -0.3841 4.2763, -3.2138 -0.2196 4.2763, -3.2198 -0.0591 4.2763, -3.2256 0.0976 4.2763, -3.2313 0.2504 4.2763, -3.2368 0.3995 4.2763, -3.2422 0.5449 4.2763, -3.2473 0.6815 4.2763, -3.252 0.8076 4.2763, -3.2563 0.9236 4.2763, -3.2603 1.0297 4.2763, -3.264 1.1312 4.2763, -3.2681 1.2413 4.2763, -3.275 1.426 4.2763, -3.2783 1.514 4.2762, -3.2893 1.8112 4.2763, -3.2918 1.8792 4.2763, -3.2933 1.918 4.2751, -3.2941 1.9394 4.2702, -3.1632 -2.2079 4.4182, -3.1632 -2.2345 4.409, -3.1469 -2.2568 4.3898, -3.1632 -2.2606 4.3973, -3.1469 -2.3016 4.3619, -3.1632 -2.3066 4.3686, -3.1469 -2.3431 4.3245, -3.1632 -2.3492 4.3302, -3.1469 -2.3843 4.2717, -3.1632 -2.3913 4.2762, -3.1469 -2.4213 4.2023, -3.1632 -2.429 4.2056, -3.1469 -2.4469 4.1239, -3.1631 -2.1861 4.25, -3.1631 -2.2075 4.2367, -3.1631 -2.2287 4.2175, -3.1631 -2.2531 4.186, -3.1631 -2.2772 4.1408, -3.1631 -2.2943 4.0884, -3.1631 -2.2992 4.0625, -3.1469 -2.31 4.0372, -3.1469 -2.3025 4.0903, -3.1469 -2.2849 4.1441, -3.1469 -2.2601 4.1906, -3.1469 -2.2348 4.2232, -3.1469 -2.2125 4.2433, -3.1632 -2.455 4.1258, -3.1632 -2.4626 4.0858, -3.1469 -2.4581 4.0445, -3.1632 -2.4665 4.0449, -3.1469 -2.456 3.9785, -3.1632 -2.4643 3.9775, -3.1469 -2.444 3.9186, -3.1631 -2.3017 4.0368, -3.1631 -2.3004 3.9965, -3.1631 -2.2936 3.9626, -3.1631 -2.2883 3.947, -3.1469 -2.2892 3.9284, -3.1469 -2.3017 3.9602, -3.1469 -2.3087 3.9956, -3.1632 -2.452 3.9163, -3.1632 -2.442 3.8868, -3.1469 -2.4217 3.8618, -3.1802 -2.2699 3.9208, -3.1631 -2.2817 3.9322, -3.1631 -2.2739 3.9182, -3.1469 -2.2714 3.9, -3.1631 -2.2648 3.9052, -3.1631 -2.2441 3.8828, -3.1469 -2.2498 3.8766, -3.1632 -2.4291 3.858, -3.1632 -2.4136 3.8305, -3.1469 -2.3889 3.8096, -3.1632 -2.3956 3.8045, -3.1469 -2.3497 3.767, -3.1632 -2.3553 3.7608, -3.1469 -2.2961 3.7268, -3.1469 -2.2339 3.6957, -3.1469 -2.1551 3.6667, -3.1469 -1.967 3.5983, -3.1469 -1.8812 3.567, -3.1469 -1.2836 3.3495, -3.1469 -1.1291 3.2933, -3.1469 -1.0141 3.2514, -3.1469 -0.8593 3.1951, -3.1469 -0.7066 3.1395, -3.1469 -0.5197 3.0715, -3.1469 -0.3779 3.0199, -3.1469 -0.2396 2.9695, -3.1469 -0.0945 2.9167, -3.1469 0.1031 2.8448, -3.1469 0.3246 2.7642, -3.1631 0.1567 2.992, -3.1631 -0.0409 3.0639, -3.1631 -0.186 3.1167, -3.1631 -0.3244 3.1671, -3.1631 -0.4662 3.2187, -3.1631 -0.653 3.2867, -3.1631 -0.8057 3.3423, -3.1631 -0.9606 3.3986, -3.1631 -1.0755 3.4405, -3.1631 -1.2301 3.4967, -3.1631 -1.8276 3.7142, -3.1631 -1.9135 3.7455, -3.1631 -2.1014 3.8139, -3.1631 -2.1758 3.8412, -3.1631 -2.2141 3.8603, -3.1631 -2.2298 3.871, -3.1469 0.1538 2.9841, -3.1469 -0.0437 3.056, -3.1469 -0.1889 3.1089, -3.1469 -0.3272 3.1592, -3.1469 -0.469 3.2108, -3.1469 -0.6559 3.2788, -3.1469 -0.8086 3.3344, -3.1469 -0.9634 3.3908, -3.1469 -1.0784 3.4326, -3.1469 -1.2329 3.4889, -3.1469 -1.8305 3.7064, -3.1469 -1.9163 3.7376, -3.1469 -2.1043 3.806, -3.1469 -2.1789 3.8334, -3.1469 -2.2185 3.8532, -3.1325 0.1498 2.9731, -3.1325 -0.0478 3.045, -3.1325 -0.1929 3.0978, -3.1325 -0.3312 3.1482, -3.1325 -0.473 3.1998, -3.1325 -0.6599 3.2678, -3.1325 -0.8126 3.3234, -3.1325 -0.9674 3.3798, -3.1325 -1.0824 3.4216, -3.1325 -1.2369 3.4778, -3.1325 -1.8345 3.6953, -3.1325 -1.9203 3.7266, -3.1325 -2.1083 3.795, -3.1325 -2.1833 3.8225, -3.1325 -2.2246 3.8432, -3.1325 -2.2577 3.8679, -3.1325 -2.2807 3.8929, -3.1325 -2.2997 3.9231, -3.1325 -2.3129 3.9569, -3.1325 -2.3204 3.9942, -3.1325 -2.3217 4.0378, -3.1325 -2.3139 4.0929, -3.1325 -2.2957 4.1487, -3.1325 -2.2699 4.197, -3.1325 -2.2434 4.2312, -3.1325 -2.2196 4.2527, -3.1325 -2.1951 4.268, -3.1325 -2.1665 4.2793, -3.1325 -2.1339 4.286, -3.1325 -2.071 4.288, -3.1398 -1.8243 4.288, -3.1807 -0.7244 4.288, -3.1871 -0.552 4.288, -3.1934 -0.3835 4.288, -3.1995 -0.2191 4.288, -3.2054 -0.0586 4.288, -3.2113 0.0981 4.288, -3.2169 0.2509 4.288, -3.2225 0.4 4.288, -3.2279 0.5455 4.288, -3.233 0.682 4.288, -3.2377 0.8081 4.288, -3.242 0.9241 4.288, -3.2459 1.0302 4.288, -3.2497 1.1317 4.288, -3.2538 1.2418 4.288, -3.2607 1.4265 4.288, -3.2639 1.5145 4.288, -3.275 1.8117 4.288, -3.2775 1.8797 4.288, -3.279 1.9201 4.2868, -3.2799 1.9436 4.2813, -3.2807 1.9668 4.2713, -3.2815 1.9874 4.2573, -3.2822 2.0051 4.2397, -3.2827 2.0192 4.2191, -3.2831 2.0293 4.1962, -3.2833 2.035 4.1719, -3.2833 2.0363 4.1276, -3.121 0.3663 2.879, -3.121 0.1449 2.9596, -3.121 -0.0527 3.0315, -3.121 -0.1978 3.0843, -3.121 -0.3362 3.1347, -3.121 -0.478 3.1863, -3.121 -0.6648 3.2543, -3.121 -0.8175 3.3099, -3.121 -0.9724 3.3662, -3.121 -1.0873 3.4081, -3.121 -1.2419 3.4643, -3.121 -1.8394 3.6818, -3.121 -1.9253 3.7131, -3.121 -2.1132 3.7815, -3.121 -2.1886 3.8091, -3.121 -2.2322 3.8309, -3.121 -2.2674 3.8573, -3.121 -2.2921 3.8841, -3.121 -2.3126 3.9167, -3.121 -2.3267 3.9529, -3.121 -2.3347 3.9926, -3.121 -2.3361 4.0385, -3.121 -2.3279 4.0962, -3.121 -2.3089 4.1543, -3.121 -2.282 4.2049, -3.121 -2.2539 4.2411, -3.121 -2.2282 4.2642, -3.121 -2.2016 4.2808, -3.121 -2.1707 4.2931, -3.121 -2.1356 4.3003, -3.121 -2.071 4.3024, -3.1283 -1.8238 4.3024, -3.1692 -0.7239 4.3024, -3.1756 -0.5515 4.3024, -3.1819 -0.3831 4.3024, -3.188 -0.2187 4.3024, -3.1939 -0.0581 4.3024, -3.1998 0.0985 4.3024, -3.2054 0.2514 4.3024, -3.211 0.4005 4.3024, -3.2164 0.5459 4.3024, -3.2215 0.6825 4.3024, -3.2262 0.8086 4.3024, -3.2305 0.9245 4.3024, -3.2344 1.0307 4.3024, -3.2382 1.1321 4.3024, -3.2423 1.2422 4.3024, -3.2491 1.427 4.3024, -3.2524 1.515 4.3024, -3.2634 1.8121 4.3024, -3.266 1.88 4.3024, -3.2676 1.9225 4.301, -3.2685 1.9485 4.295, -3.2695 1.9741 4.2839, -3.2703 1.997 4.2684, -3.2711 2.0165 4.2489, -3.2716 2.0322 4.2261, -3.2721 2.0434 4.2008, -3.2723 2.0497 4.1739, -3.2723 2.0511 4.1275, -3.2649 2.0668 3.622, -3.2648 2.0671 3.8512, -3.2648 2.0671 4.1274, -3.2647 2.0656 4.176, -3.2644 2.0586 4.2057, -3.264 2.0462 4.2338, -3.2633 2.0289 4.259, -3.2625 2.0073 4.2805, -3.2616 1.982 4.2977, -3.2605 1.9537 4.31, -3.2595 1.9249 4.3166, -3.2578 1.8802 4.3182, -3.2553 1.8124 4.3182, -3.2443 1.5153 4.3181, -3.241 1.4273 4.3181, -3.2341 1.2425 4.3181, -3.23 1.1324 4.3181, -3.2262 1.031 4.3181, -3.2223 0.9248 4.3181, -3.218 0.8089 4.3181, -3.2133 0.6828 4.3181, -3.2082 0.5462 4.3181, -3.2028 0.4008 4.3181, -3.1973 0.2517 4.3181, -3.1916 0.0988 4.3181, -3.1858 -0.0578 4.3181, -3.1798 -0.2184 4.3181, -3.1737 -0.3828 4.3181, -3.1674 -0.5512 4.3181, -3.161 -0.7236 4.3181, -3.1201 -1.8235 4.3181, -3.1128 -2.0709 4.3182, -3.1128 -2.1376 4.316, -3.1128 -2.1752 4.3082, -3.1128 -2.2088 4.2949, -3.1128 -2.2377 4.2768, -3.1128 -2.2654 4.2518, -3.1128 -2.2951 4.2135, -3.1128 -2.3234 4.1605, -3.1128 -2.3432 4.0997, -3.1128 -2.3518 4.0392, -3.1128 -2.3503 3.9907, -3.1128 -2.3419 3.9485, -3.1128 -2.3266 3.9096, -3.1128 -2.3046 3.8745, -3.1128 -2.278 3.8457, -3.1128 -2.2404 3.8175, -3.1128 -2.1944 3.7945, -3.1128 -2.1186 3.7667, -3.1128 -1.9306 3.6983, -3.1128 -1.8448 3.667, -3.1128 -1.2472 3.4495, -3.1128 -1.0927 3.3933, -3.1128 -0.9777 3.3514, -3.1128 -0.8229 3.2951, -3.1128 -0.6702 3.2395, -3.1128 -0.4833 3.1715, -3.1128 -0.3415 3.1199, -3.1128 -0.2032 3.0695, -3.1128 -0.0581 3.0167, -3.1128 0.1395 2.9448, -3.1128 0.3609 2.8642, -3.2612 2.0834 3.622, -3.2607 2.0833 3.8512, -3.2607 2.0834 4.1273, -3.2607 2.0817 4.1782, -3.2604 2.074 4.2108, -3.2599 2.0604 4.2416, -3.2592 2.0414 4.2693, -3.2583 2.0177 4.2929, -3.2573 1.99 4.3118, -3.2561 1.9588 4.3253, -3.2549 1.9273 4.3326, -3.2532 1.8803 4.3343, -3.2507 1.8126 4.3343, -3.2396 1.5155 4.3342, -3.2364 1.4274 4.3342, -3.2295 1.2427 4.3342, -3.2254 1.1326 4.3342, -3.2216 1.0311 4.3342, -3.2177 0.925 4.3342, -3.2134 0.8091 4.3342, -3.2087 0.6829 4.3342, -3.2036 0.5464 4.3342, -3.1982 0.4009 4.3342, -3.1927 0.2518 4.3342, -3.187 0.099 4.3342, -3.1811 -0.0577 4.3342, -3.1752 -0.2182 4.3342, -3.1691 -0.3826 4.3342, -3.1628 -0.5511 4.3342, -3.1564 -0.7235 4.3342, -3.1155 -1.8234 4.3342, -3.1082 -2.0708 4.3343, -3.1082 -2.1395 4.3319, -3.1082 -2.1797 4.3236, -3.1082 -2.216 4.3092, -3.1082 -2.2473 4.2897, -3.1082 -2.2771 4.2628, -3.1082 -2.3086 4.2223, -3.1082 -2.3382 4.1668, -3.1082 -2.3589 4.1034, -3.1082 -2.3679 4.04, -3.1082 -2.3663 3.9889, -3.1082 -2.3573 3.944, -3.1082 -2.341 3.9024, -3.1082 -2.3174 3.8647, -3.1082 -2.2888 3.8338, -3.1082 -2.2488 3.8038, -3.1082 -2.2004 3.7796, -3.1082 -2.1241 3.7516, -3.1082 -1.9361 3.6832, -3.1082 -1.8503 3.6519, -3.1082 -1.2527 3.4344, -3.1082 -1.0982 3.3781, -3.1082 -0.9832 3.3363, -3.1082 -0.8284 3.28, -3.1082 -0.6757 3.2244, -3.1082 -0.4888 3.1564, -3.1082 -0.347 3.1048, -3.1082 -0.2087 3.0544, -3.1082 -0.0636 3.0016, -3.1082 0.134 2.9297, -3.1068 0.3499 2.8339, -3.1068 0.1284 2.9145, -3.1068 -0.0691 2.9864, -3.1068 -0.2142 3.0392, -3.1068 -0.3526 3.0895, -3.1068 -0.4944 3.1412, -3.1068 -0.6812 3.2092, -3.1068 -0.834 3.2648, -3.1068 -0.9888 3.3211, -3.1068 -1.1037 3.3629, -3.1068 -1.2583 3.4192, -3.1068 -1.8558 3.6367, -3.1068 -1.9417 3.6679, -3.1068 -2.1297 3.7364, -3.1068 -2.2064 3.7645, -3.1068 -2.2573 3.79, -3.1068 -2.2997 3.8218, -3.1068 -2.3302 3.8548, -3.1068 -2.3555 3.8951, -3.1068 -2.3728 3.9394, -3.1068 -2.3824 3.987, -3.1068 -2.3841 4.0408, -3.1068 -2.3747 4.1071, -3.1068 -2.3531 4.1732, -3.1068 -2.3222 4.2311, -3.1068 -2.289 4.2739, -3.1068 -2.2571 4.3026, -3.1068 -2.2233 4.3237, -3.1068 -2.1844 4.3391, -3.1068 -2.1415 4.348, -3.1067 -2.0708 4.3505, -3.1141 -1.8233 4.3504, -3.155 -0.7234 4.3504, -3.1614 -0.551 4.3504, -3.1676 -0.3826 4.3504, -3.1737 -0.2181 4.3504, -3.1797 -0.0576 4.3504, -3.1855 0.099 4.3504, -3.1912 0.2519 4.3504, -3.1968 0.401 4.3504, -3.2022 0.5464 4.3504, -3.2072 0.683 4.3504, -3.2119 0.8091 4.3504, -3.2162 0.9251 4.3504, -3.2202 1.0312 4.3504, -3.224 1.1326 4.3504, -3.2281 1.2428 4.3504, -3.2349 1.4275 4.3504, -3.2382 1.5155 4.3504, -3.2492 1.8127 4.3505, -3.2517 1.8803 4.3505, -3.2536 1.9295 4.3486, -3.2549 1.9639 4.3407, -3.2561 1.9978 4.3259, -3.2572 2.028 4.3054, -3.2582 2.0539 4.2797, -3.259 2.0746 4.2495, -3.2595 2.0894 4.216, -3.2598 2.0977 4.1804, -3.2599 2.0996 4.1272, -3.1632 0.3217 2.7563, -3.1632 0.1002 2.8369, -3.1632 -0.0973 2.9088, -3.1632 -0.2424 2.9617, -3.1632 -0.3808 3.012, -3.1632 -0.5226 3.0636, -3.1632 -0.7095 3.1316, -3.1632 -0.8622 3.1872, -3.1632 -1.017 3.2436, -3.1632 -1.1319 3.2854, -3.1632 -1.2865 3.3417, -3.1632 -1.8841 3.5592, -3.1632 -1.9699 3.5904, -3.1632 -2.1579 3.6589, -3.1632 -2.237 3.6879, -3.1632 -2.3005 3.7197, -3.1632 -2.3287 3.7388, -3.1518 0.5541 2.6775, -3.2598 2.0963 1.2303, -3.2601 2.1026 1.2303, -3.2644 2.1243 1.2303, -3.2739 2.1442 1.2303, -3.2881 2.1611 1.2303, -3.306 2.174 1.2303, -3.3484 2.1848 1.2303, -3.3265 2.1821 1.2303, -3.3703 2.1821 1.2303, -3.3909 2.174 1.2303, -3.4088 2.1611 1.2303, -3.4229 2.1442 1.2303, -3.4325 2.1243 1.2303, -3.437 2.0963 1.2303, -3.4368 2.1026 1.2303, -3.2598 2.0963 -1.1614, -3.2601 2.1026 -1.1614, -3.2644 2.1243 -1.1614, -3.2739 2.1442 -1.1614, -3.2881 2.1611 -1.1614, -3.306 2.174 -1.1614, -3.3265 2.1821 -1.1614, -3.3484 2.1848 -1.1614, -3.437 2.0963 -1.1614, -3.4368 2.1026 -1.1614, -3.4325 2.1243 -1.1614, -3.4229 2.1442 -1.1614, -3.4088 2.1611 -1.1614, -3.3909 2.174 -1.1614, -3.3703 2.1821 -1.1614, -3.3484 2.1848 -1.1614, -3.3041 2.1406 -1.1614, -3.2602 2.0883 -1.1614, -3.2649 2.0668 -1.1614, -3.2747 2.0472 -1.1614, -3.289 2.0306 -1.1614, -3.307 2.018 -1.1614, -3.3275 2.0102 -1.1614, -3.3484 2.0078 -1.1614, -3.4368 2.0899 -1.1614, -3.3927 2.052 -1.1614, -3.4325 2.0684 -1.1614, -3.4231 2.0486 -1.1614, -3.3493 2.0077 -1.1614, -3.371 2.0106 -1.1614, -3.3914 2.0188 -1.1614, -3.4091 2.0317 -1.1614, -3.4368 2.0899 1.2303, -3.4325 2.0684 1.2303, -3.4231 2.0486 1.2303, -3.4091 2.0317 1.2303, -3.3914 2.0188 1.2303, -3.3493 2.0077 1.2303, -3.371 2.0106 1.2303, -3.3275 2.0102 1.2303, -3.307 2.018 1.2303, -3.289 2.0306 1.2303, -3.2747 2.0472 1.2303, -3.2649 2.0668 1.2303, -3.2602 2.0883 1.2303, -3.6047 0.5502 2.6667, -3.6047 0.5502 2.6667, -3.6282 0.5797 2.7477, -3.6198 0.5508 2.6683, -3.6248 0.551 2.6689, -3.6367 0.5525 2.673, -3.645 0.5535 2.6758, -3.6528 0.5553 2.6808, -3.6629 0.5577 2.6872, -3.6671 0.5593 2.6916, -3.6774 0.5632 2.7025, -3.6788 0.5641 2.7049, -3.6879 0.5701 2.7214, -3.6914 0.575 2.7349, -3.6926 0.5768 2.7397, -3.6926 0.5805 2.75, -3.6926 0.5842 2.7602, -3.6914 0.586 2.765, -3.6875 0.5912 2.7794, -3.6778 0.5976 2.7968, -3.6672 0.6018 2.8083, -3.6642 0.603 2.8116, -3.6528 0.6057 2.8191, -3.6458 0.6073 2.8236, -3.6367 0.6085 2.827, -3.6266 0.6099 2.8306, -3.6198 0.6102 2.8314, -3.6047 0.6108 2.8332, -3.6047 0.6108 2.8332, -3.5806 0.5779 2.7429, -3.5895 0.6102 2.8315, -3.5845 0.61 2.831, -3.5727 0.6085 2.8269, -3.5643 0.6075 2.824, -3.5566 0.6057 2.8191, -3.5464 0.6033 2.8127, -3.5423 0.6017 2.8082, -3.532 0.5978 2.7974, -3.5306 0.5969 2.7949, -3.5215 0.5909 2.7785, -3.518 0.586 2.765, -3.5167 0.5842 2.7601, -3.5167 0.5805 2.7499, -3.5167 0.5768 2.7397, -3.518 0.575 2.7349, -3.5218 0.5698 2.7205, -3.5315 0.5635 2.7031, -3.5422 0.5593 2.6915, -3.5452 0.5581 2.6883, -3.5566 0.5553 2.6808, -3.5635 0.5537 2.6762, -3.5727 0.5525 2.6729, -3.5828 0.5512 2.6693, -3.5896 0.5509 2.6685, -3.8703 3.1821 3.622, -3.8843 3.1766 3.622, -3.8845 3.1772 3.7552, -3.9231 3.0486 3.622, -3.9201 3.045 3.622, -3.9204 3.0447 3.7552, -3.8594 3.0084 3.7552, -3.8594 3.0084 3.8734, -3.8767 3.0123 3.8734, -3.6531 -2.1262 4.2729, -3.6369 -2.1244 4.2647, -3.6369 -2.145 4.2585, -3.6531 -2.2935 3.9867, -3.6369 -2.2851 3.987, -3.6369 -2.2811 3.9545, -3.6918 -0.6943 3.1968, -3.6531 -0.6635 3.2816, -3.6266 0.6099 2.8306, -3.6369 -0.6606 3.2895, -3.8909 3.174 3.622, -3.9 3.1675 3.622, -3.9004 3.168 3.7552, -3.8666 3.1578 4.27, -3.867 3.1675 4.2452, -3.8838 3.1622 4.2436, -3.6531 -2.2893 3.9528, -3.6675 -2.3008 3.9503, -3.6675 -2.3052 3.9862, -3.6531 -2.2811 3.9258, -3.6675 -2.2919 3.9214, -3.8493 3.0077 3.622, -3.8442 3.0078 3.622, -3.8442 3.0078 3.7551, -3.6047 -2.3273 3.7334, -3.6047 -2.3291 3.7347, -3.6199 -2.3295 3.7342, -3.6047 -2.4542 4.0189, -3.6047 -2.4542 4.0217, -3.6199 -2.4543 4.0216, -3.6047 -2.4306 4.147, -3.6199 -2.4288 4.1484, -3.6199 -2.45 4.0617, -3.654 -0.9798 4.439, -3.6552 -0.953 4.439, -3.6704 -0.9537 4.4377, -3.66 -0.852 4.439, -3.6614 -0.8244 4.439, -3.6765 -0.8251 4.4377, -3.6823 -0.3849 4.439, -3.6842 -0.3452 4.439, -3.6994 -0.3459 4.4377, -3.8503 3.1358 4.3135, -3.8508 3.1459 4.2936, -3.866 3.1457 4.2938, -3.8508 3.146 4.2935, -3.8514 3.1581 4.2697, -3.8677 3.1827 3.7552, -3.8526 3.1847 3.7551, -3.8677 3.1825 3.622, -3.8526 3.1847 3.7199, -3.8526 3.1847 3.622, -3.8526 3.1847 3.8734, -3.8526 3.1847 3.8114, -3.8526 3.1847 3.7552, -3.8526 3.1847 3.9753, -3.8526 3.1847 3.8965, -3.8677 3.1827 3.8734, -3.8526 3.1847 3.8734, -3.8677 3.1827 4.0652, -3.8526 3.1847 4.0652, -3.8526 3.1847 4.0651, -3.8677 3.1827 3.9768, -3.8526 3.1848 4.0478, -3.8678 3.1828 4.1387, -3.8526 3.1841 4.1386, -3.8526 3.1847 4.1142, -3.8676 3.1798 4.1944, -3.8526 3.183 4.1848, -3.8526 3.1841 4.1387, -3.8519 3.1689 4.2455, -3.8525 3.1808 4.1944, -3.8525 3.1808 4.1942, -3.8494 3.1158 4.3363, -3.8502 3.1331 4.3166, -3.8653 3.1316 4.3162, -3.8502 3.1332 4.3164, -3.8493 3.1157 4.3365, -3.8645 3.1155 4.3371, -3.8485 3.0983 4.3564, -3.8637 3.0976 4.3564, -3.8485 3.0982 4.3565, -3.8628 3.0778 4.3741, -3.8476 3.0787 4.3739, -3.8481 3.0896 4.3664, -3.8455 3.0352 4.404, -3.8466 3.0569 4.389, -3.8618 3.0566 4.3897, -3.8466 3.0569 4.389, -3.8476 3.0786 4.374, -3.8455 3.0351 4.4041, -3.8607 3.0341 4.4034, -3.8454 3.0314 4.4067, -3.8596 3.0102 4.4149, -3.8444 3.0109 4.4143, -3.8584 2.9854 4.4241, -3.8432 2.986 4.4236, -3.8444 3.0108 4.4143, -3.842 2.9608 4.4318, -3.842 2.9613 4.4317, -3.8571 2.9599 4.431, -3.8422 2.9653 4.4313, -3.8432 2.9859 4.4236, -3.8558 2.9335 4.4356, -3.8407 2.9341 4.4348, -3.8407 2.935 4.4347, -3.8517 2.8461 4.4377, -3.8367 2.8507 4.439, -3.8389 2.8969 4.439, -3.8198 2.4961 4.439, -3.8206 2.5132 4.439, -3.835 2.4954 4.4377, -3.8286 2.6809 4.439, -3.8365 2.8468 4.439, -3.7733 1.5206 4.439, -3.7619 0.9636 4.4377, -3.7467 0.9643 4.439, -3.7443 0.9129 4.439, -3.7501 0.7168 4.4377, -3.7349 0.7175 4.439, -3.7393 0.4907 4.4377, -3.7241 0.4914 4.439, -3.7327 0.6706 4.439, -3.7288 0.271 4.4377, -3.7187 0.058 4.4377, -3.7035 0.0587 4.439, -3.7115 0.2274 4.439, -3.7137 0.2717 4.439, -3.722 0.4458 4.439, -3.7088 -0.1478 4.4377, -3.6917 -0.1885 4.439, -3.6937 -0.1471 4.439, -3.7015 0.0158 4.439, -3.682 -0.3926 4.439, -3.6903 -0.5355 4.4377, -3.6752 -0.5348 4.439, -3.6663 -0.7204 4.439, -3.6677 -0.6914 4.439, -3.6829 -0.6921 4.4377, -3.6726 -0.5887 4.439, -3.6734 -0.5726 4.439, -3.6661 -0.7255 4.439, -3.6597 -0.8602 4.439, -3.6416 -1.2396 4.439, -3.6431 -1.2076 4.439, -3.6583 -1.2083 4.4377, -3.6469 -1.1279 4.439, -3.6644 -1.0787 4.4377, -3.648 -1.1042 4.439, -3.6493 -1.078 4.439, -3.6531 -0.9969 4.439, -3.6396 -1.2817 4.439, -3.6465 -1.454 4.4377, -3.6314 -1.4533 4.439, -3.6416 -1.5579 4.4377, -3.6264 -1.5572 4.439, -3.6208 -1.994 4.4377, -3.6064 -1.9932 4.439, -3.6076 -1.952 4.439, -3.6118 -1.8637 4.439, -3.6201 -1.6904 4.439, -3.6216 -1.658 4.439, -3.6199 -2.0958 4.4376, -3.6047 -2.0496 4.439, -3.6061 -2.0003 4.439, -3.6047 -2.1276 4.4372, -3.6047 -2.1009 4.4378, -3.6047 -2.0958 4.4379, -3.6047 -2.1593 4.4301, -3.6047 -2.1311 4.4364, -3.6199 -2.1271 4.4359, -3.6047 -2.1613 4.4297, -3.6199 -2.1595 4.4309, -3.6047 -2.1974 4.4216, -3.6199 -2.2088 4.4158, -3.6047 -2.2087 4.4158, -3.6199 -2.2566 4.3912, -3.6047 -2.2569 4.3915, -3.6047 -2.2104 4.415, -3.6199 -2.2996 4.3583, -3.6047 -2.2644 4.3876, -3.6047 -2.2584 4.3907, -3.6047 -2.3186 4.3416, -3.6047 -2.3007 4.3568, -3.6047 -2.2994 4.358, -3.6047 -2.3458 4.3052, -3.6199 -2.3457 4.3078, -3.6047 -2.3784 4.2615, -3.6199 -2.3922 4.2339, -3.6047 -2.3912 4.2335, -3.6047 -2.3922 4.2312, -3.6047 -2.4544 4.037, -3.6047 -2.4498 4.0586, -3.6047 -2.4491 4.0614, -3.6047 -2.4537 3.9801, -3.6047 -2.4537 3.9774, -3.6199 -2.4548 3.9801, -3.6047 -2.4533 3.9471, -3.6199 -2.4471 3.9186, -3.6047 -2.4463 3.9188, -3.6047 -2.4458 3.9164, -3.6047 -2.4349 3.8725, -3.6199 -2.4305 3.8648, -3.6047 -2.4309 3.8647, -3.6199 -2.4056 3.8166, -3.6047 -2.4059 3.8163, -3.6047 -2.4299 3.8627, -3.6047 -2.3891 3.7932, -3.6047 -2.4015 3.8078, -3.6047 -2.4048 3.8143, -3.6047 -2.3706 3.7713, -3.6047 -2.3877 3.7915, -3.6199 -2.3892 3.7931, -3.6199 -2.3707 3.7713, -3.6047 -2.3599 3.7585, -3.6047 -2.3692 3.7696, -3.6047 -2.3156 3.7243, -3.6199 -2.3103 3.7207, -3.6047 -2.3104 3.7203, -3.6199 -2.2554 3.6906, -3.6047 -2.2548 3.6918, -3.6047 -2.2609 3.6946, -3.6047 -2.3017 3.7136, -3.6047 -1.9222 3.5666, -3.6047 -1.9763 3.5863, -3.6199 -1.9758 3.5875, -3.6047 -2.1319 3.6429, -3.6199 -2.1315 3.6442, -3.6047 -2.15 3.6494, -3.6047 -2.2125 3.6722, -3.6199 -0.7187 3.1299, -3.6047 -0.8813 3.1877, -3.6047 -1.1286 3.2777, -3.6047 -1.8973 3.5575, -3.6047 -0.7191 3.1287, -3.6199 -0.659 3.2939, -3.6047 -0.6585 3.2952, -3.6047 -0.4392 3.2153, -3.6047 -0.1951 3.1265, -3.6047 0.0618 3.033, -3.6047 0.3307 2.9351, -3.6199 -1.9162 3.7515, -3.6047 -1.9157 3.7528, -3.6047 -1.8616 3.7331, -3.6047 -0.8526 3.3658, -3.6047 -0.8207 3.3542, -3.6047 -0.6897 3.3065, -3.6047 -1.803 3.7117, -3.6047 -1.6836 3.6683, -3.6047 -1.6315 3.6493, -3.6047 -1.4327 3.5769, -3.6047 -1.2802 3.5215, -3.6047 -1.0248 3.4285, -3.6199 -2.1837 3.8497, -3.6047 -2.1826 3.8524, -3.6047 -2.1405 3.8345, -3.6199 -2.0716 3.8081, -3.6047 -2.0892 3.8159, -3.6047 -2.0712 3.8093, -3.6047 -1.9364 3.7603, -3.6047 -2.2156 3.8702, -3.6047 -2.2129 3.8682, -3.6199 -2.2142 3.8663, -3.6047 -2.2036 3.8613, -3.6047 -2.186 3.8539, -3.6047 -2.2215 3.8746, -3.6199 -2.2239 3.8732, -3.6047 -2.2223 3.8752, -3.6047 -2.237 3.8861, -3.6199 -2.2431 3.8904, -3.6047 -2.241 3.891, -3.6047 -2.2416 3.8918, -3.6047 -2.2488 3.9005, -3.6199 -2.2512 3.8999, -3.6047 -2.2495 3.9012, -3.6199 -2.2582 3.9099, -3.6047 -2.2568 3.9101, -3.6047 -2.2709 3.9399, -3.6047 -2.267 3.9316, -3.6199 -2.2689 3.9307, -3.6047 -2.2665 3.9307, -3.6199 -2.2765 3.9555, -3.6047 -2.2743 3.956, -3.6047 -2.274 3.9549, -3.6047 -2.2782 3.9746, -3.6199 -2.2804 3.9872, -3.6047 -2.2779 3.9858, -3.6199 -2.2801 4.0108, -3.6047 -2.2773 4.0091, -3.6047 -2.2779 3.9872, -3.6047 -2.2756 4.0351, -3.6047 -2.2761 4.0333, -3.6199 -2.2775 4.0354, -3.6047 -2.2768 4.0308, -3.6047 -2.2773 4.0107, -3.6047 -2.2609 4.0896, -3.6199 -2.2633 4.0929, -3.6047 -2.2603 4.092, -3.6199 -2.2376 4.1531, -3.6047 -2.2353 4.1499, -3.6047 -2.2547 4.1127, -3.6047 -2.2052 4.2003, -3.6047 -2.206 4.1993, -3.6199 -2.2071 4.2018, -3.6047 -2.2155 4.1878, -3.6047 -2.2345 4.1514, -3.6047 -2.1857 4.2241, -3.6199 -2.1824 4.229, -3.6047 -2.1818 4.2271, -3.6199 -2.163 4.2439, -3.6047 -2.1627 4.2421, -3.6047 -2.1811 4.2276, -3.6047 -2.1431 4.2519, -3.6047 -2.1596 4.2444, -3.6047 -2.1621 4.2425, -3.6047 -2.1345 4.2559, -3.6047 -2.1425 4.2522, -3.6199 -2.1433 4.2541, -3.6047 -2.1238 4.2578, -3.6199 -2.1235 4.2601, -3.6047 -2.123 4.258, -3.6047 -2.1106 4.2603, -3.6199 -2.1092 4.2623, -3.6047 -2.109 4.2606, -3.6199 -2.0934 4.2631, -3.6047 -2.0967 4.2616, -3.6047 -2.1047 4.2614, -3.6079 -1.9933 4.2618, -3.6076 -2.0003 4.2618, -3.6208 -1.994 4.2631, -3.6047 -2.085 4.2618, -3.6047 -2.0934 4.2617, -3.6465 -1.454 4.2631, -3.6264 -1.5572 4.2618, -3.6416 -1.5579 4.2631, -3.6216 -1.658 4.2618, -3.62 -1.6908 4.2618, -3.6141 -1.8149 4.2618, -3.6124 -1.8637 4.2618, -3.6447 -1.1742 4.2618, -3.6431 -1.2076 4.2618, -3.6582 -1.2083 4.2631, -3.6415 -1.2396 4.2618, -3.6314 -1.4533 4.2618, -3.648 -1.1042 4.2618, -3.6644 -1.0787 4.2631, -3.6493 -1.078 4.2618, -3.6539 -0.9798 4.2618, -3.6704 -0.9537 4.2631, -3.6552 -0.953 4.2618, -3.6765 -0.8251 4.2631, -3.66 -0.852 4.2618, -3.6562 -0.9327 4.2618, -3.6829 -0.6921 4.2631, -3.6663 -0.7204 4.2618, -3.6614 -0.8244 4.2618, -3.6903 -0.5355 4.2631, -3.6734 -0.5726 4.2618, -3.6676 -0.6935 4.2618, -3.6842 -0.3452 4.2618, -3.6823 -0.3849 4.2618, -3.6994 -0.3459 4.2631, -3.6787 -0.4604 4.2618, -3.6752 -0.5348 4.2618, -3.6896 -0.2333 4.2618, -3.7088 -0.1478 4.2631, -3.6917 -0.1885 4.2618, -3.7035 0.0587 4.2618, -3.7015 0.0158 4.2618, -3.7187 0.058 4.2631, -3.7001 -0.0122 4.2618, -3.6937 -0.1471 4.2618, -3.7104 0.2031 4.2618, -3.7288 0.271 4.2631, -3.7115 0.2274 4.2618, -3.7241 0.4914 4.2618, -3.722 0.4458 4.2618, -3.7393 0.4907 4.2631, -3.7204 0.4124 4.2618, -3.7137 0.2717 4.2618, -3.7301 0.6158 4.2618, -3.7501 0.7168 4.2631, -3.7327 0.6706 4.2618, -3.7467 0.9643 4.2618, -3.7442 0.9129 4.2618, -3.7619 0.9636 4.2631, -3.7395 0.8134 4.2618, -3.7349 0.7175 4.2618, -3.8206 2.5132 4.2618, -3.8198 2.4961 4.2618, -3.835 2.4954 4.2631, -3.8118 2.3288 4.2618, -3.7658 1.3647 4.2618, -3.7575 1.1915 4.2618, -3.7487 1.0053 4.2618, -3.7894 1.8589 4.2618, -3.7802 1.6672 4.2618, -3.7734 1.5236 4.2618, -3.8365 2.8468 4.2618, -3.8349 2.8126 4.2618, -3.8517 2.8461 4.2631, -3.8296 2.7022 4.2618, -3.8236 2.5771 4.2618, -3.8397 2.9132 4.2599, -3.8397 2.9129 4.2599, -3.8549 2.9124 4.2623, -3.8386 2.8915 4.2619, -3.8367 2.8507 4.2618, -3.8553 2.9223 4.2606, -3.8402 2.9246 4.2589, -3.8558 2.9323 4.2579, -3.8406 2.9324 4.256, -3.8406 2.9325 4.256, -3.8562 2.9419 4.2543, -3.841 2.9419 4.2525, -3.841 2.9419 4.2525, -3.8567 2.9511 4.2499, -3.8413 2.9487 4.25, -3.8571 2.9597 4.2446, -3.8415 2.951 4.2485, -3.8415 2.951 4.2485, -3.8575 2.9679 4.2386, -3.8419 2.9593 4.2428, -3.8419 2.9593 4.2429, -3.8424 2.9709 4.235, -3.8423 2.9676 4.2372, -3.8423 2.9676 4.2372, -3.8426 2.9749 4.2305, -3.8579 2.9755 4.2318, -3.8426 2.9749 4.2304, -3.8582 2.9825 4.2243, -3.8429 2.9816 4.223, -3.8429 2.9817 4.2229, -3.8585 2.9887 4.2163, -3.8433 2.9885 4.2153, -3.8587 2.9941 4.2077, -3.8435 2.993 4.2067, -3.8435 2.993 4.2066, -3.859 2.9987 4.1985, -3.8437 2.9977 4.1977, -3.8591 3.0025 4.189, -3.8439 3.0009 4.1916, -3.8437 2.9977 4.1976, -3.8441 3.0063 4.169, -3.8594 3.0073 4.1692, -3.8441 3.0063 4.1689, -3.8442 3.0071 4.1658, -3.8442 3.0075 4.0651, -3.8442 3.0075 4.0651, -3.8594 3.0084 4.0651, -3.8442 3.0072 4.139, -3.8594 3.0084 3.9768, -3.8442 3.0078 3.9768, -3.8442 3.0078 4.0122, -3.8442 3.0078 3.8734, -3.8442 3.0078 3.9767, -3.8442 3.0078 3.8734, -3.8442 3.0078 3.7552, -3.8593 3.009 3.622, -3.6532 -0.7142 3.1423, -3.6675 -2.2613 3.8735, -3.6531 -2.2318 3.8627, -3.6675 -2.2389 3.8534, -3.6531 -2.2214 3.8554, -3.6675 -2.2279 3.8456, -3.6531 -2.1891 3.8377, -3.6675 -2.1939 3.8271, -3.6531 -2.0761 3.7958, -3.6675 -2.0802 3.7848, -3.6531 -1.9206 3.7392, -3.6675 -1.9246 3.7282, -3.6675 -0.6675 3.2706, -3.6531 -2.2693 3.9029, -3.6675 -2.2792 3.8966, -3.6531 -2.2615 3.8918, -3.6531 -2.2527 3.8815, -3.6675 -2.1286 4.2844, -3.6531 -2.1482 4.2663, -3.6675 -2.1526 4.2771, -3.6531 -2.1701 4.255, -3.6675 -2.1763 4.2648, -3.6531 -2.1912 4.2388, -3.6675 -2.199 4.2474, -3.6531 -2.2175 4.2098, -3.6675 -2.2268 4.2169, -3.6531 -2.2492 4.1591, -3.6675 -2.2596 4.1646, -3.6531 -2.2758 4.0971, -3.6675 -2.2869 4.1008, -3.6531 -2.2904 4.0374, -3.6675 -2.302 4.0391, -3.6675 -2.0938 4.288, -3.6531 -2.0936 4.2762, -3.6684 -1.9966 4.288, -3.654 -1.9958 4.2763, -3.6892 -1.5602 4.288, -3.6748 -1.5595 4.2763, -3.6941 -1.4563 4.288, -3.6798 -1.4556 4.2763, -3.7059 -1.2106 4.288, -3.6915 -1.2099 4.2763, -3.712 -1.081 4.288, -3.6977 -1.0803 4.2763, -3.718 -0.9559 4.288, -3.7036 -0.9553 4.2763, -3.7241 -0.8274 4.288, -3.7098 -0.8267 4.2763, -3.7305 -0.6944 4.288, -3.7161 -0.6937 4.2763, -3.738 -0.5378 4.288, -3.7236 -0.5371 4.2763, -3.747 -0.3482 4.288, -3.7326 -0.3475 4.2763, -3.7565 -0.1501 4.288, -3.7421 -0.1494 4.2763, -3.7663 0.0557 4.288, -3.7519 0.0564 4.2763, -3.7764 0.2687 4.288, -3.7621 0.2694 4.2763, -3.7869 0.4884 4.288, -3.7725 0.4891 4.2763, -3.7977 0.7145 4.288, -3.7833 0.7152 4.2763, -3.8095 0.9613 4.288, -3.7951 0.962 4.2763, -3.8826 2.4931 4.288, -3.8682 2.4938 4.2763, -3.8993 2.8438 4.288, -3.8849 2.8445 4.2763, -3.9026 2.9132 4.287, -3.8882 2.9124 4.2753, -3.8741 2.9581 4.4264, -3.8753 2.9832 4.4196, -3.8914 2.9798 4.4116, -3.8765 3.0076 4.4105, -3.8936 3.0262 4.3918, -3.8776 3.031 4.3992, -3.8956 3.068 4.3639, -3.8786 3.0532 4.3858, -3.8796 3.074 4.3704, -3.8973 3.1039 4.3286, -3.8805 3.0934 4.3531, -3.8814 3.1111 4.334, -3.8821 3.1269 4.3135, -3.8987 3.1327 4.2874, -3.9074 3.0134 4.2199, -3.9079 3.0237 4.197, -3.8928 3.0091 4.2039, -3.8997 3.1535 4.2409, -3.8992 3.1442 4.2646, -3.8834 3.1526 4.2681, -3.8828 3.1408 4.2915, -3.9082 3.0309 3.7552, -3.8933 3.0199 3.7552, -3.8933 3.0199 3.8734, -3.6933 -0.6888 3.2119, -3.6675 -0.7102 3.1533, -3.6369 -0.717 3.1344, -3.6369 -1.9178 3.7471, -3.6369 -2.0733 3.8037, -3.6369 -2.1857 3.8454, -3.6369 -2.2168 3.8624, -3.6369 -2.2267 3.8694, -3.6532 -1.9713 3.5999, -3.6675 -1.9673 3.6109, -3.6532 -2.127 3.6565, -3.6675 -2.123 3.6675, -3.6532 -2.25 3.7025, -3.6675 -2.2452 3.7132, -3.6532 -2.3031 3.7316, -3.6675 -2.2966 3.7414, -3.6532 -2.3215 3.7447, -3.6675 -2.3144 3.754, -3.6532 -2.3611 3.7803, -3.6675 -2.3525 3.7883, -3.6369 -2.2466 3.8872, -3.6369 -2.2549 3.897, -3.6369 -2.2622 3.9074, -3.6675 -2.3846 3.8299, -3.6532 -2.3788 3.8011, -3.6369 -2.3672 3.7746, -3.6369 -2.3266 3.738, -3.6369 -2.3077 3.7246, -3.6369 -2.2534 3.6949, -3.6369 -2.1298 3.6486, -3.6369 -1.9742 3.592, -3.6369 -2.2733 3.929, -3.6369 -2.2849 4.0111, -3.6531 -2.2932 4.0116, -3.6369 -2.2821 4.0361, -3.6675 -2.4254 4.058, -3.6675 -2.43 3.9811, -3.6532 -2.4417 3.9807, -3.6675 -2.4228 3.9238, -3.6532 -2.4342 3.9213, -3.6675 -2.4075 3.8742, -3.6532 -2.4183 3.8697, -3.6532 -2.3945 3.8236, -3.6369 -2.3854 3.796, -3.6369 -2.4016 3.8191, -3.6369 -2.4261 3.8666, -3.6369 -2.4424 3.9196, -3.6369 -2.4501 3.9803, -3.6532 -2.4412 4.0208, -3.6369 -2.4496 4.0213, -3.6369 -2.4453 4.061, -3.6532 -2.437 4.0597, -3.6369 -2.4243 4.1469, -3.6532 -2.4163 4.1443, -3.6369 -2.388 4.2317, -3.6532 -2.3806 4.2278, -3.6369 -2.3419 4.3049, -3.6532 -2.3353 4.2998, -3.6369 -2.3207 4.3305, -3.6532 -2.2908 4.3486, -3.6369 -2.2678 4.0944, -3.6369 -2.2418 4.1553, -3.6369 -2.2109 4.2047, -3.6369 -2.1855 4.2326, -3.6369 -2.1656 4.2479, -3.6369 -2.1097 4.267, -3.6531 -2.1105 4.2754, -3.6369 -2.0935 4.2679, -3.6675 -2.4052 4.1405, -3.6675 -2.3702 4.2224, -3.6675 -2.326 4.2927, -3.6675 -2.2829 4.3399, -3.6532 -2.2496 4.3801, -3.6675 -2.2433 4.3702, -3.6532 -2.2039 4.4037, -3.6675 -2.1995 4.3928, -3.6532 -2.1568 4.418, -3.6675 -2.1544 4.4066, -3.6675 -2.0955 4.4128, -3.6047 -2.3445 4.3069, -3.6199 -2.3242 4.3336, -3.6369 -2.2964 4.3548, -3.6369 -2.2541 4.3872, -3.6369 -2.2071 4.4114, -3.6369 -2.1585 4.4262, -3.6532 -2.1258 4.4229, -3.6378 -1.9949 4.2679, -3.6586 -1.5588 4.2679, -3.6635 -1.4548 4.2679, -3.6752 -1.2091 4.2679, -3.6814 -1.0795 4.2679, -3.6874 -0.9545 4.2679, -3.6935 -0.8259 4.2679, -3.6999 -0.6929 4.2679, -3.7073 -0.5363 4.2679, -3.7164 -0.3467 4.2679, -3.7258 -0.1486 4.2679, -3.7357 0.0572 4.2679, -3.7458 0.2702 4.2679, -3.7563 0.4899 4.2679, -3.7671 0.7159 4.2679, -3.7789 0.9628 4.2679, -3.852 2.4946 4.2679, -3.8687 2.8453 4.2679, -3.8719 2.9122 4.267, -3.6369 -2.1266 4.4312, -3.6532 -2.0957 4.4245, -3.654 -1.9958 4.4245, -3.6684 -1.9965 4.4128, -3.6748 -1.5595 4.4245, -3.6892 -1.5602 4.4128, -3.6798 -1.4556 4.4245, -3.6941 -1.4563 4.4128, -3.6915 -1.2099 4.4245, -3.7059 -1.2106 4.4128, -3.6977 -1.0803 4.4245, -3.712 -1.081 4.4128, -3.7036 -0.9553 4.4245, -3.718 -0.956 4.4128, -3.7098 -0.8267 4.4245, -3.7241 -0.8274 4.4128, -3.7161 -0.6937 4.4245, -3.7305 -0.6944 4.4128, -3.7236 -0.5371 4.4245, -3.738 -0.5378 4.4128, -3.7326 -0.3475 4.4245, -3.747 -0.3482 4.4128, -3.7421 -0.1494 4.4245, -3.7565 -0.1501 4.4128, -3.7519 0.0564 4.4245, -3.7663 0.0557 4.4128, -3.7621 0.2694 4.4245, -3.7764 0.2687 4.4128, -3.7725 0.4891 4.4245, -3.7869 0.4884 4.4128, -3.7833 0.7152 4.4245, -3.7977 0.7145 4.4128, -3.7951 0.962 4.4245, -3.8095 0.9613 4.4128, -3.8682 2.4938 4.4245, -3.8826 2.4931 4.4128, -3.8849 2.8445 4.4245, -3.8993 2.8438 4.4128, -3.889 2.9303 4.4225, -3.9033 2.9282 4.4109, -3.9056 2.9756 4.4004, -3.6369 -2.0958 4.4329, -3.6378 -1.9949 4.4329, -3.6586 -1.5588 4.4329, -3.6635 -1.4548 4.4329, -3.6753 -1.2091 4.4329, -3.6814 -1.0795 4.4329, -3.6874 -0.9545 4.4329, -3.6935 -0.8259 4.4329, -3.6999 -0.6929 4.4329, -3.7074 -0.5363 4.4329, -3.7164 -0.3467 4.4329, -3.7258 -0.1486 4.4329, -3.7357 0.0572 4.4329, -3.7458 0.2702 4.4329, -3.7563 0.4899 4.4329, -3.7671 0.7159 4.4329, -3.7789 0.9628 4.4329, -3.852 2.4946 4.4329, -3.8687 2.8453 4.4329, -3.8728 2.9321 4.4308, -3.8902 2.9555 4.4182, -3.8902 2.9557 4.2614, -3.8911 2.9746 4.2488, -3.8746 2.9701 4.2423, -3.8724 2.9225 4.2652, -3.8887 2.9235 4.2734, -3.8728 2.9329 4.2624, -3.8892 2.9347 4.2704, -3.8733 2.9429 4.2587, -3.8897 2.9454 4.2664, -3.8738 2.9525 4.2541, -3.8742 2.9616 4.2486, -3.8762 3.0022 4.2005, -3.8759 2.9974 4.21, -3.8925 3.0039 4.2141, -3.8757 2.9917 4.219, -3.8919 2.9909 4.2328, -3.8754 2.9853 4.2274, -3.875 2.978 4.2352, -3.679 -0.7052 3.1668, -3.679 -1.9624 3.6244, -3.679 -2.118 3.681, -3.679 -2.2393 3.7263, -3.679 -2.2887 3.7534, -3.679 -2.3057 3.7654, -3.679 -2.342 3.7981, -3.679 -2.3725 3.8376, -3.679 -2.3942 3.8796, -3.679 -2.4087 3.9269, -3.679 -2.4156 3.9817, -3.679 -2.4112 4.0558, -3.679 -2.3916 4.136, -3.679 -2.3575 4.2157, -3.679 -2.3146 4.284, -3.679 -2.2732 4.3293, -3.679 -2.2356 4.3581, -3.679 -2.1941 4.3795, -3.679 -2.1514 4.3925, -3.679 -2.0953 4.3984, -3.6799 -1.9972 4.3984, -3.7007 -1.5608 4.3984, -3.7056 -1.4568 4.3984, -3.7174 -1.2111 4.3984, -3.7235 -1.0815 4.3984, -3.7295 -0.9565 4.3984, -3.7356 -0.8279 4.3984, -3.742 -0.6949 4.3984, -3.7495 -0.5384 4.3984, -3.7585 -0.3488 4.3984, -3.7679 -0.1507 4.3984, -3.7778 0.0552 4.3984, -3.7879 0.2682 4.3984, -3.7984 0.4879 4.3984, -3.8092 0.7139 4.3984, -3.821 0.9608 4.3984, -3.8941 2.4926 4.3984, -3.9108 2.8433 4.3984, -3.9147 2.9259 4.3966, -3.9169 2.9706 4.3867, -3.9189 3.0126 4.3688, -3.9077 3.02 4.3815, -3.9207 3.0503 4.3436, -3.9096 3.0599 4.3548, -3.9222 3.0828 4.3117, -3.9112 3.0943 4.321, -3.9235 3.1088 4.2745, -3.9126 3.1218 4.2816, -3.9244 3.1276 4.2325, -3.9037 2.9376 4.2815, -3.9048 2.9606 4.2717, -3.9058 2.9813 4.2579, -3.9067 2.9991 4.2404, -3.679 -0.6724 3.2571, -3.679 -1.9296 3.7147, -3.679 -2.0851 3.7713, -3.679 -2.1998 3.814, -3.679 -2.2358 3.8336, -3.679 -2.2476 3.8419, -3.679 -2.2718 3.8637, -3.679 -2.2913 3.8889, -3.679 -2.3052 3.9159, -3.679 -2.3148 3.9472, -3.679 -2.3196 3.9856, -3.679 -2.3162 4.0413, -3.679 -2.3005 4.1054, -3.679 -2.2723 4.1712, -3.679 -2.2382 4.2256, -3.679 -2.2087 4.2581, -3.679 -2.184 4.277, -3.679 -2.158 4.2904, -3.679 -2.1316 4.2985, -3.679 -2.094 4.3023, -3.6798 -1.9972 4.3023, -3.7007 -1.5608 4.3023, -3.7056 -1.4568 4.3023, -3.7174 -1.2111 4.3023, -3.7235 -1.0815 4.3024, -3.7295 -0.9565 4.3024, -3.7356 -0.8279 4.3024, -3.742 -0.6949 4.3024, -3.7495 -0.5384 4.3024, -3.7585 -0.3488 4.3024, -3.768 -0.1507 4.3024, -3.7778 0.0552 4.3024, -3.7879 0.2682 4.3024, -3.7984 0.4879 4.3024, -3.8092 0.7139 4.3024, -3.821 0.9608 4.3024, -3.8941 2.4925 4.3024, -3.9108 2.8432 4.3023, -3.9142 2.9143 4.3012, -3.9155 2.9414 4.2952, -3.9167 2.9669 4.2844, -3.9178 2.9898 4.269, -3.9187 3.0096 4.2497, -3.9195 3.0253 4.227, -3.92 3.0368 4.2016, -3.6872 -0.6778 3.2422, -3.6872 -1.935 3.6998, -3.6872 -2.0905 3.7564, -3.6872 -2.2063 3.7995, -3.6872 -2.2445 3.8204, -3.6872 -2.2572 3.8293, -3.6872 -2.2833 3.8529, -3.6872 -2.3047 3.8805, -3.6872 -2.3199 3.9099, -3.6872 -2.3303 3.9439, -3.6872 -2.3354 3.985, -3.6872 -2.3319 4.0437, -3.6872 -2.3155 4.1104, -3.6872 -2.2864 4.1786, -3.6872 -2.2508 4.2352, -3.6872 -2.2193 4.2698, -3.6872 -2.1925 4.2903, -3.6872 -2.1639 4.3051, -3.6872 -2.1348 4.314, -3.6872 -2.0942 4.3182, -3.688 -1.9976 4.3182, -3.7088 -1.5612 4.3182, -3.7138 -1.4572 4.3182, -3.7255 -1.2115 4.3182, -3.7317 -1.0819 4.3182, -3.7377 -0.9569 4.3182, -3.7438 -0.8283 4.3182, -3.7501 -0.6953 4.3182, -3.7576 -0.5387 4.3182, -3.7667 -0.3491 4.3182, -3.7761 -0.151 4.3182, -3.7859 0.0548 4.3182, -3.7961 0.2678 4.3182, -3.8066 0.4875 4.3182, -3.8174 0.7135 4.3182, -3.8291 0.9604 4.3182, -3.9022 2.4922 4.3182, -3.9189 2.8429 4.3182, -3.9224 2.9159 4.317, -3.9238 2.9458 4.3103, -3.9252 2.974 4.2983, -3.9264 2.9994 4.2813, -3.9275 3.0212 4.2599, -3.9283 3.0387 4.2348, -3.9289 3.0513 4.2067, -3.6918 -0.6833 3.2271, -3.6918 -1.9405 3.6847, -3.6918 -2.096 3.7413, -3.6918 -2.2129 3.7848, -3.6918 -2.2534 3.8069, -3.6918 -2.2669 3.8165, -3.6918 -2.2951 3.8419, -3.6918 -2.3183 3.8719, -3.6918 -2.3348 3.9039, -3.6918 -2.346 3.9405, -3.6918 -2.3515 3.9843, -3.6918 -2.3478 4.0461, -3.6918 -2.3308 4.1155, -3.6918 -2.3006 4.186, -3.6918 -2.2636 4.245, -3.6918 -2.2301 4.2817, -3.6918 -2.2012 4.3039, -3.6918 -2.17 4.32, -3.6918 -2.1382 4.3297, -3.6918 -2.0944 4.3343, -3.6926 -1.9978 4.3343, -3.7134 -1.5614 4.3343, -3.7184 -1.4574 4.3343, -3.7301 -1.2117 4.3343, -3.7363 -1.0821 4.3343, -3.7423 -0.9571 4.3343, -3.7484 -0.8285 4.3343, -3.7548 -0.6955 4.3343, -3.7622 -0.539 4.3343, -3.7713 -0.3494 4.3343, -3.7807 -0.1513 4.3343, -3.7905 0.0546 4.3343, -3.8007 0.2676 4.3343, -3.8112 0.4873 4.3343, -3.822 0.7133 4.3343, -3.8338 0.9602 4.3343, -3.9068 2.4919 4.3343, -3.9236 2.8426 4.3343, -3.9271 2.9176 4.3329, -3.9287 2.9505 4.3256, -3.9302 2.9815 4.3124, -3.9315 3.0093 4.2938, -3.9327 3.0333 4.2703, -3.9336 3.0525 4.2428, -3.9342 3.0663 4.2119, -3.6933 -1.946 3.6695, -3.6933 -2.1016 3.7261, -3.6933 -2.2196 3.7701, -3.6933 -2.2623 3.7935, -3.6933 -2.2767 3.8037, -3.6933 -2.3069 3.8309, -3.6933 -2.3319 3.8633, -3.6933 -2.3497 3.8978, -3.6933 -2.3618 3.9371, -3.6933 -2.3676 3.9837, -3.6933 -2.3637 4.0486, -3.6933 -2.3461 4.1207, -3.6933 -2.3149 4.1935, -3.6933 -2.2764 4.2548, -3.6933 -2.241 4.2937, -3.6933 -2.2098 4.3175, -3.6933 -2.176 4.335, -3.6933 -2.1415 4.3455, -3.6933 -2.0946 4.3504, -3.6941 -1.9979 4.3504, -3.7149 -1.5614 4.3504, -3.7198 -1.4575 4.3504, -3.7316 -1.2118 4.3504, -3.7377 -1.0822 4.3504, -3.7437 -0.9572 4.3504, -3.7498 -0.8286 4.3504, -3.7562 -0.6956 4.3504, -3.7637 -0.539 4.3504, -3.7727 -0.3494 4.3504, -3.7822 -0.1513 4.3504, -3.792 0.0545 4.3504, -3.8021 0.2675 4.3504, -3.8126 0.4872 4.3504, -3.8234 0.7133 4.3504, -3.8352 0.9601 4.3504, -3.9083 2.4919 4.3504, -3.925 2.8426 4.3504, -3.9287 2.9195 4.3489, -3.9304 2.9554 4.341, -3.932 2.9891 4.3266, -3.9334 3.0194 4.3063, -3.9347 3.0455 4.2807, -3.9357 3.0664 4.2508, -3.9364 3.0815 4.2171, -3.6918 -1.9515 3.6544, -3.6918 -2.1071 3.711, -3.6918 -2.2262 3.7555, -3.6918 -2.2711 3.7801, -3.6918 -2.2864 3.7909, -3.6918 -2.3187 3.8199, -3.6918 -2.3455 3.8546, -3.6918 -2.3646 3.8917, -3.6918 -2.3775 3.9336, -3.6918 -2.3837 3.983, -3.6918 -2.3796 4.051, -3.6918 -2.3613 4.1258, -3.6918 -2.3292 4.2009, -3.6918 -2.2892 4.2646, -3.6918 -2.2518 4.3056, -3.6918 -2.2184 4.3311, -3.6918 -2.1821 4.3499, -3.6918 -2.1448 4.3612, -3.6918 -2.0949 4.3665, -3.6926 -1.9978 4.3665, -3.7135 -1.5614 4.3665, -3.7184 -1.4574 4.3665, -3.7301 -1.2117 4.3665, -3.7363 -1.0821 4.3665, -3.7423 -0.9571 4.3665, -3.7484 -0.8285 4.3665, -3.7548 -0.6955 4.3665, -3.7622 -0.539 4.3665, -3.7713 -0.3494 4.3665, -3.7807 -0.1513 4.3665, -3.7905 0.0546 4.3665, -3.8007 0.2676 4.3665, -3.8112 0.4873 4.3665, -3.822 0.7133 4.3665, -3.8338 0.9602 4.3665, -3.9068 2.4919 4.3665, -3.9236 2.8426 4.3665, -3.9273 2.9215 4.3649, -3.9292 2.9603 4.3563, -3.9309 2.9968 4.3408, -3.9325 3.0296 4.3188, -3.9338 3.0579 4.2911, -3.9349 3.0805 4.2587, -3.9357 3.0968 4.2223, -3.6872 -0.6998 3.1817, -3.6872 -1.957 3.6393, -3.6872 -2.1126 3.6959, -3.6872 -2.2328 3.7408, -3.6872 -2.28 3.7666, -3.6872 -2.2961 3.778, -3.6872 -2.3304 3.8089, -3.6872 -2.3591 3.846, -3.6872 -2.3795 3.8856, -3.6872 -2.3932 3.9302, -3.6872 -2.3998 3.9824, -3.6872 -2.3956 4.0534, -3.6872 -2.3766 4.1309, -3.6872 -2.3434 4.2084, -3.6872 -2.302 4.2744, -3.6872 -2.2626 4.3175, -3.6872 -2.2271 4.3447, -3.6872 -2.1881 4.3648, -3.6872 -2.1481 4.377, -3.6872 -2.0951 4.3826, -3.688 -1.9976 4.3826, -3.7088 -1.5612 4.3826, -3.7138 -1.4572 4.3826, -3.7255 -1.2115 4.3826, -3.7317 -1.0819 4.3826, -3.7377 -0.9569 4.3826, -3.7438 -0.8283 4.3826, -3.7501 -0.6953 4.3826, -3.7576 -0.5387 4.3826, -3.7667 -0.3491 4.3826, -3.7761 -0.151 4.3826, -3.7859 0.0548 4.3826, -3.7961 0.2678 4.3826, -3.8066 0.4875 4.3826, -3.8174 0.7135 4.3826, -3.8291 0.9604 4.3826, -3.9022 2.4922 4.3826, -3.919 2.8429 4.3826, -3.9228 2.9236 4.3809, -3.9248 2.9654 4.3717, -3.9267 3.0047 4.3549, -3.9284 3.04 4.3313, -3.9298 3.0704 4.3015, -3.931 3.0947 4.2667, -3.9318 3.1123 4.2274, -3.9135 3.1418 4.2372, -3.9002 3.1652 4.1925, -3.8842 3.1694 4.219, -3.8674 3.1748 4.2202, -3.8844 3.1743 4.1937, -3.8514 3.1581 4.2697, -3.8518 3.1676 4.2511, -3.8845 3.1772 4.1387, -3.8845 3.1772 4.0652, -3.9004 3.1681 4.1387, -3.914 3.1529 4.1908, -3.9249 3.1382 4.1888, -3.9323 3.1221 4.1865, -3.9361 3.106 4.1842, -3.9368 3.09 4.1818, -3.9346 3.0742 4.1795, -3.9292 3.0585 4.1772, -3.9203 3.0432 4.1749, -3.9082 3.0295 4.1728, -3.893 3.0133 4.1932, -3.8764 3.0062 4.1905, -3.8767 3.0123 3.9768, -3.8845 3.1771 3.9768, -3.9004 3.168 4.0652, -3.9142 3.1557 4.1387, -3.925 3.1408 4.1388, -3.9324 3.1246 4.1388, -3.9362 3.1083 4.1388, -3.9369 3.0921 4.1389, -3.9347 3.0761 4.1389, -3.9293 3.0602 4.1389, -3.9204 3.0448 4.139, -3.9082 3.031 4.139, -3.8932 3.0186 4.1711, -3.8765 3.0091 4.1802, -3.8593 3.0053 4.1791, -3.9004 3.168 3.8734, -3.9142 3.1556 3.8734, -3.9142 3.1556 3.9768, -3.925 3.1407 3.8734, -3.925 3.1407 3.9768, -3.9324 3.1245 3.8734, -3.9324 3.1245 3.9768, -3.9362 3.1082 3.8734, -3.9362 3.1082 3.9768, -3.9369 3.092 3.8734, -3.9369 3.092 3.9768, -3.9347 3.076 3.8734, -3.9347 3.076 3.9768, -3.9293 3.0602 3.8734, -3.9293 3.0602 3.9768, -3.9204 3.0447 3.8734, -3.9204 3.0447 3.9768, -3.9082 3.0309 3.8734, -3.9082 3.0309 3.9768, -3.8933 3.0199 3.9768, -3.8933 3.0199 4.0651, -3.8767 3.0123 4.0651, -3.8767 3.0124 4.139, -3.8594 3.0085 4.1391, -3.8442 3.0072 4.1391, -3.8845 3.1772 3.8734, -3.9004 3.168 3.9768, -3.9142 3.1556 4.0652, -3.925 3.1407 4.0652, -3.9324 3.1245 4.0652, -3.9362 3.1082 4.0652, -3.9369 3.0921 4.0652, -3.9347 3.076 4.0652, -3.9293 3.0602 4.0652, -3.9204 3.0448 4.0652, -3.9082 3.0309 4.0652, -3.8933 3.02 4.139, -3.8766 3.0111 4.1699, -3.8439 3.0016 4.1885, -3.8767 3.0123 3.7552, -3.871 3.0106 3.622, -3.9091 3.0317 3.622, -3.9081 3.031 3.622, -3.8914 3.0188 3.622, -3.8765 3.0128 3.622, -3.9287 3.0604 3.622, -3.9293 3.0602 3.7552, -3.9325 3.0684 3.622, -3.9347 3.076 3.7552, -3.934 3.0761 3.622, -3.9369 3.092 3.7552, -3.9368 3.0899 3.622, -3.925 3.1407 3.7552, -3.9325 3.1243 3.622, -3.9324 3.1245 3.7552, -3.9357 3.1081 3.622, -3.9362 3.1082 3.7552, -3.9368 3.1026 3.622, -3.937 3.0963 3.622, -3.9088 3.1611 3.622, -3.9137 3.1552 3.622, -3.9142 3.1556 3.7552, -3.9229 3.1442 3.622, -3.9247 3.1405 3.622, -3.7644 3.1243 3.622, -3.7681 3.1321 3.622, -3.7675 3.1324 3.7551, -3.819 3.1557 4.268, -3.8184 3.1439 4.2913, -3.8019 3.1374 4.2872, -3.5562 -2.1587 4.4176, -3.5725 -2.1604 4.4258, -3.5725 -2.2088 4.4107, -3.5562 -2.3596 3.7787, -3.5725 -2.3657 3.773, -3.5725 -2.3249 3.7367, -3.5562 -2.2056 4.403, -3.5418 -2.2011 4.3922, -3.5418 -2.1562 4.4062, -3.5562 -2.2509 4.3792, -3.5418 -2.2446 4.3694, -3.8519 3.1689 4.2455, -3.837 3.1762 4.2201, -3.6264 -1.2389 4.4377, -3.5895 -2.3009 4.3571, -3.5895 -2.2506 3.8991, -3.5895 -2.2802 4.0092, -3.5895 -2.0967 4.2631, -3.6064 -1.6573 4.2631, -3.6049 -1.6901 4.2631, -3.8215 2.8514 4.2631, -3.8291 3.0099 4.139, -3.8291 3.0098 4.0651, -3.8291 3.0098 3.8734, -3.8291 3.01 3.622, -3.8291 3.0098 3.7551, -3.8291 3.0098 3.9767, -3.8288 3.0039 4.189, -3.8439 3.0016 4.1885, -3.8289 3.0068 4.1791, -3.829 3.0087 4.1692, -3.8286 3.0002 4.1985, -3.8284 2.9956 4.2076, -3.8282 2.9902 4.2162, -3.8279 2.984 4.2243, -3.8272 2.9694 4.2386, -3.8275 2.977 4.2318, -3.8267 2.9612 4.2446, -3.8259 2.9434 4.2543, -3.8263 2.9525 4.2499, -3.8254 2.9338 4.2579, -3.8245 2.9142 4.2623, -3.825 2.9239 4.2606, -3.8054 2.514 4.2631, -3.7291 0.9136 4.2631, -3.7175 0.6714 4.2631, -3.7068 0.4465 4.2631, -3.6964 0.2281 4.2631, -3.6863 0.0165 4.2631, -3.6765 -0.1878 4.2631, -3.6672 -0.3842 4.2631, -3.6582 -0.5718 4.2631, -3.6512 -0.7197 4.2631, -3.6449 -0.8513 4.2631, -3.6388 -0.9791 4.2631, -3.6328 -1.1035 4.2631, -3.6264 -1.2389 4.2631, -3.5966 -1.863 4.2631, -3.59 -1.9995 4.2631, -3.5895 -2.1109 4.2622, -3.5895 -2.1243 4.2599, -3.5895 -2.1439 4.2538, -3.5895 -2.1636 4.2435, -3.5895 -2.183 4.2285, -3.5895 -2.2079 4.2008, -3.5895 -2.2384 4.1515, -3.5895 -2.2641 4.0906, -3.5895 -2.2777 4.0336, -3.5895 -2.2763 3.9544, -3.5895 -2.2804 3.9857, -3.5895 -2.2685 3.9298, -3.5895 -2.2577 3.9091, -3.5895 -2.217 3.8682, -3.5895 -2.223 3.8725, -3.5895 -2.2424 3.8897, -3.5895 -2.1872 3.8513, -3.5895 -2.0896 3.8147, -3.5895 -1.8621 3.7318, -3.5895 -0.8212 3.353, -3.5895 -0.8808 3.189, -3.5895 -1.9218 3.5678, -3.5895 -2.1495 3.6507, -3.5895 -2.2615 3.6934, -3.5895 -2.3158 3.7243, -3.5895 -2.3277 3.7329, -3.5895 -2.3691 3.7697, -3.5895 -2.3878 3.7913, -3.5895 -2.4044 3.8147, -3.5895 -2.4296 3.8627, -3.5895 -2.4465 3.9162, -3.5895 -2.4547 3.9774, -3.5895 -2.4545 4.0188, -3.5895 -2.3934 4.2317, -3.5895 -2.4299 4.1451, -3.5895 -2.4504 4.0588, -3.5895 -2.347 4.3061, -3.5895 -2.3255 4.3322, -3.5895 -2.258 4.3903, -3.5895 -2.2106 4.4151, -3.5895 -2.1614 4.4304, -3.5895 -2.131 4.4355, -3.5895 -2.1009 4.4375, -3.5901 -1.9994 4.4377, -3.5966 -1.863 4.4377, -3.6049 -1.6901 4.4377, -3.6064 -1.6573 4.4377, -3.6328 -1.1035 4.4377, -3.6388 -0.9791 4.4377, -3.6449 -0.8513 4.4377, -3.6512 -0.7197 4.4377, -3.6582 -0.5718 4.4377, -3.6672 -0.3842 4.4377, -3.6765 -0.1878 4.4377, -3.6863 0.0165 4.4377, -3.6964 0.2281 4.4377, -3.7068 0.4465 4.4377, -3.7175 0.6714 4.4377, -3.7291 0.9136 4.4377, -3.8054 2.514 4.4377, -3.8216 2.8515 4.4377, -3.8256 2.9358 4.4354, -3.8268 2.9618 4.4309, -3.828 2.987 4.4241, -3.8292 3.0118 4.4149, -3.8304 3.0356 4.4033, -3.8314 3.0582 4.3897, -3.8324 3.0794 4.374, -3.8334 3.0991 4.3563, -3.8342 3.1171 4.3369, -3.835 3.1332 4.316, -3.8356 3.1472 4.2937, -3.8362 3.1592 4.2699, -3.8373 3.1812 4.1943, -3.8374 3.1842 4.1386, -3.8374 3.1842 4.0651, -3.8374 3.1841 3.8734, -3.8374 3.1841 3.7551, -3.5562 -0.8764 3.2013, -3.5418 -2.3511 3.7868, -3.5562 -2.3198 3.7434, -3.5418 -2.3128 3.7527, -3.5562 -2.3083 3.7351, -3.5418 -2.3017 3.7448, -3.5562 -2.2559 3.7052, -3.5418 -2.2509 3.7158, -3.5562 -2.145 3.6631, -3.5418 -2.141 3.6741, -3.5562 -1.9173 3.5802, -3.5418 -1.9133 3.5912, -3.5418 -0.8724 3.2123, -3.5562 -2.2687 3.902, -3.5562 -2.252 3.8807, -3.5725 -2.2459 3.8865, -3.5562 -2.2309 3.862, -3.5725 -2.2258 3.8687, -3.5562 -2.2244 3.8574, -3.5725 -2.2197 3.8643, -3.5562 -2.1928 3.8394, -3.5725 -2.1892 3.847, -3.5562 -2.0941 3.8023, -3.5725 -2.0913 3.8102, -3.5562 -1.8666 3.7195, -3.5725 -1.8637 3.7274, -3.5562 -0.8256 3.3406, -3.5725 -0.8228 3.3485, -3.5725 -2.322 4.329, -3.5725 -2.2977 4.3536, -3.5562 -2.292 4.3475, -3.5418 -2.2841 4.3388, -3.5562 -2.3366 4.2982, -3.5418 -2.3272 4.2911, -3.5562 -2.3817 4.2257, -3.5418 -2.3713 4.2203, -3.5562 -2.4174 4.141, -3.5418 -2.4063 4.1373, -3.5562 -2.4375 4.0569, -3.5418 -2.4259 4.0552, -3.7883 2.853 4.2763, -3.8076 2.9156 4.267, -3.7914 2.9174 4.2753, -3.808 2.9258 4.2652, -3.7924 2.9394 4.2704, -3.8085 2.9361 4.2624, -3.7934 2.9604 4.2615, -3.809 2.946 4.2587, -3.8094 2.9556 4.2541, -3.7943 2.9793 4.2488, -3.8099 2.9647 4.2486, -3.8103 2.9732 4.2423, -3.7951 2.9956 4.2327, -3.8107 2.9812 4.2352, -3.811 2.9884 4.2273, -3.7957 3.0086 4.2141, -3.787 3.1279 4.2814, -3.788 3.1478 4.2372, -3.8024 3.1489 4.2646, -3.8113 2.9949 4.2189, -3.8116 3.0005 4.2099, -3.796 3.0138 4.2039, -3.8118 3.0053 4.2004, -3.7962 3.0179 4.1932, -3.812 3.0092 4.1905, -3.8198 3.1725 4.219, -3.82 3.1774 4.1936, -3.8123 3.0154 3.7551, -3.7965 3.0245 3.7551, -3.7965 3.0245 3.8734, -3.7881 3.1611 3.622, -3.8037 3.1724 3.622, -3.8035 3.1726 3.7551, -3.5725 -0.8792 3.1934, -3.5175 -0.8455 3.2861, -3.5418 -0.8296 3.3296, -3.5643 0.6075 2.824, -3.5845 0.61 2.831, -3.5725 -2.3131 3.7282, -3.5725 -2.2594 3.6976, -3.5725 -2.1479 3.6552, -3.5725 -1.9202 3.5723, -3.5725 -2.2543 3.8962, -3.5725 -2.3841 3.7942, -3.5562 -2.3775 3.7994, -3.5725 -2.4004 3.8172, -3.5562 -2.2933 4.0099, -3.5562 -2.2935 3.9851, -3.5725 -2.2851 3.9855, -3.5562 -2.2891 3.9515, -3.5725 -2.2809 3.9534, -3.5562 -2.2807 3.9248, -3.5725 -2.2729 3.928, -3.5725 -2.2617 3.9065, -3.5725 -2.4498 4.0185, -3.5725 -2.45 3.9777, -3.5562 -2.4416 3.9781, -3.5725 -2.4419 3.9172, -3.5562 -2.4337 3.9191, -3.5725 -2.4253 3.8645, -3.5562 -2.4175 3.8678, -3.5562 -2.3934 3.8218, -3.5725 -2.4458 4.0581, -3.5562 -2.4414 4.0181, -3.5418 -2.4299 3.9786, -3.5418 -2.4223 3.9216, -3.5418 -2.4067 3.8723, -3.5418 -2.3835 3.8281, -3.5418 -1.8706 3.7085, -3.5418 -2.0982 3.7913, -3.5418 -2.1977 3.8288, -3.5418 -2.2311 3.8477, -3.5418 -2.2379 3.8526, -3.5418 -2.2605 3.8726, -3.5418 -2.2786 3.8957, -3.5418 -2.2915 3.9203, -3.5418 -2.3005 3.949, -3.5418 -2.3052 3.9845, -3.5418 -2.3023 4.0372, -3.5562 -2.1124 4.2752, -3.5562 -2.1271 4.2728, -3.5725 -2.1253 4.2646, -3.5562 -2.149 4.266, -3.5725 -2.1458 4.2582, -3.5562 -2.1707 4.2545, -3.5725 -2.1662 4.2475, -3.5562 -2.1919 4.2382, -3.5725 -2.1862 4.232, -3.5562 -2.2183 4.2087, -3.5725 -2.2117 4.2036, -3.5562 -2.2501 4.1575, -3.5725 -2.2426 4.1537, -3.5562 -2.2766 4.0947, -3.5725 -2.2686 4.092, -3.5562 -2.2907 4.0355, -3.5725 -2.2824 4.0343, -3.5725 -2.285 4.0094, -3.5725 -2.4254 4.1436, -3.5725 -2.3892 4.2295, -3.5725 -2.3433 4.3032, -3.5725 -2.2555 4.3863, -3.5725 -2.1305 4.4308, -3.5562 -2.1295 4.4225, -3.5725 -2.1008 4.4328, -3.5418 -2.2877 4.0983, -3.5418 -2.2605 4.1629, -3.5418 -2.2277 4.2158, -3.5418 -2.1998 4.2468, -3.5418 -2.1771 4.2644, -3.5418 -2.1534 4.2768, -3.5418 -2.1296 4.2842, -3.5418 -2.0973 4.2879, -3.5725 -2.1114 4.2669, -3.5725 -2.0969 4.2678, -3.5562 -2.0971 4.2762, -3.5731 -1.9985 4.2679, -3.5568 -1.9977 4.2763, -3.5796 -1.8622 4.2679, -3.5634 -1.8614 4.2763, -3.5879 -1.6893 4.2679, -3.5716 -1.6885 4.2763, -3.5894 -1.6565 4.2679, -3.5732 -1.6557 4.2763, -3.6094 -1.2381 4.2679, -3.5931 -1.2373 4.2763, -3.6158 -1.1027 4.2679, -3.5996 -1.1019 4.2763, -3.6218 -0.9783 4.2679, -3.6055 -0.9775 4.2763, -3.6279 -0.8505 4.2679, -3.6116 -0.8497 4.2763, -3.6342 -0.7189 4.2679, -3.6179 -0.7181 4.2763, -3.6412 -0.571 4.2679, -3.625 -0.5703 4.2763, -3.6502 -0.3833 4.2679, -3.6339 -0.3826 4.2763, -3.6595 -0.187 4.2679, -3.6433 -0.1862 4.2763, -3.6693 0.0173 4.2679, -3.653 0.0181 4.2763, -3.6794 0.2289 4.2679, -3.6631 0.2297 4.2763, -3.6898 0.4473 4.2679, -3.6736 0.4481 4.2763, -3.7005 0.6722 4.2679, -3.6843 0.673 4.2763, -3.7121 0.9144 4.2679, -3.6958 0.9152 4.2763, -3.7884 2.5148 4.2679, -3.7722 2.5155 4.2763, -3.8045 2.8522 4.2679, -3.5562 -2.1006 4.4244, -3.5568 -1.9977 4.4245, -3.5731 -1.9985 4.4329, -3.5634 -1.8614 4.4245, -3.5796 -1.8622 4.4329, -3.5716 -1.6885 4.4245, -3.5879 -1.6893 4.4329, -3.5732 -1.6557 4.4245, -3.5894 -1.6565 4.4329, -3.5932 -1.2373 4.4245, -3.6094 -1.2381 4.4329, -3.5996 -1.1019 4.4245, -3.6158 -1.1027 4.4329, -3.6055 -0.9775 4.4245, -3.6218 -0.9783 4.4329, -3.6116 -0.8497 4.4245, -3.6279 -0.8505 4.4329, -3.6179 -0.7181 4.4245, -3.6342 -0.7189 4.4329, -3.625 -0.5703 4.4245, -3.6412 -0.571 4.4329, -3.6339 -0.3826 4.4245, -3.6502 -0.3833 4.4329, -3.6433 -0.1862 4.4245, -3.6595 -0.187 4.4329, -3.653 0.0181 4.4245, -3.6693 0.0173 4.4329, -3.6631 0.2297 4.4245, -3.6794 0.2289 4.4329, -3.6736 0.4481 4.4245, -3.6898 0.4473 4.4329, -3.6843 0.673 4.4245, -3.7005 0.6722 4.4329, -3.6958 0.9152 4.4245, -3.7121 0.9144 4.4329, -3.7722 2.5155 4.4245, -3.7884 2.5148 4.4329, -3.7883 2.853 4.4245, -3.8046 2.8523 4.4329, -3.7922 2.9358 4.4224, -3.8085 2.936 4.4307, -3.8098 2.9616 4.4263, -3.7946 2.9846 4.4116, -3.811 2.9864 4.4196, -3.7968 3.0309 4.3918, -3.7988 3.0727 4.3638, -3.8153 3.0772 4.3703, -3.8143 3.0563 4.3857, -3.8132 3.0342 4.3992, -3.8121 3.0107 4.4105, -3.8005 3.1087 4.3284, -3.8178 3.1301 4.3133, -3.817 3.1143 4.3338, -3.8162 3.0966 4.3529, -3.5418 -2.1003 4.4127, -3.5425 -1.9969 4.4128, -3.549 -1.8607 4.4128, -3.5573 -1.6879 4.4128, -3.5588 -1.655 4.4128, -3.5788 -1.2366 4.4128, -3.5852 -1.1012 4.4128, -3.5912 -0.9768 4.4128, -3.5973 -0.849 4.4128, -3.6036 -0.7174 4.4128, -3.6106 -0.5696 4.4128, -3.6196 -0.3819 4.4128, -3.6289 -0.1855 4.4128, -3.6387 0.0188 4.4128, -3.6488 0.2304 4.4128, -3.6592 0.4488 4.4128, -3.6699 0.6736 4.4128, -3.6815 0.9159 4.4128, -3.7578 2.5162 4.4128, -3.7739 2.8537 4.4128, -3.7778 2.935 4.4108, -3.7801 2.9817 4.4005, -3.7822 3.0261 4.3815, -3.7841 3.066 4.3547, -3.7857 3.1005 4.3209, -3.5303 -0.8674 3.2258, -3.5303 -1.9084 3.6047, -3.5303 -2.1361 3.6876, -3.5303 -2.2448 3.7288, -3.5303 -2.2936 3.7566, -3.5303 -2.3042 3.7642, -3.5303 -2.3407 3.7967, -3.5303 -2.3715 3.8359, -3.5303 -2.3934 3.8778, -3.5303 -2.4083 3.9248, -3.5303 -2.4155 3.9793, -3.5303 -2.4116 4.0531, -3.5303 -2.3927 4.1328, -3.5303 -2.3586 4.2137, -3.5303 -2.3158 4.2824, -3.5303 -2.2744 4.3282, -3.5303 -2.2368 4.3573, -3.5303 -2.1956 4.3789, -3.5303 -2.1531 4.3921, -3.5303 -2.1 4.3983, -3.531 -1.9963 4.3984, -3.5375 -1.8602 4.3984, -3.5458 -1.6873 4.3984, -3.5473 -1.6545 4.3984, -3.5673 -1.2361 4.3984, -3.5737 -1.1007 4.3984, -3.5797 -0.9762 4.3984, -3.5858 -0.8485 4.3984, -3.5921 -0.7168 4.3984, -3.5991 -0.569 4.3984, -3.6081 -0.3813 4.3984, -3.6174 -0.1849 4.3984, -3.6272 0.0194 4.3984, -3.6373 0.2309 4.3984, -3.6477 0.4493 4.3984, -3.6584 0.6742 4.3984, -3.67 0.9165 4.3984, -3.7463 2.5168 4.3984, -3.7624 2.8543 4.3985, -3.7662 2.9338 4.3965, -3.7684 2.9779 4.3868, -3.7703 3.0198 4.3689, -3.7721 3.0575 4.3436, -3.7737 3.09 4.3116, -3.7749 3.116 4.2743, -3.7758 3.1347 4.2325, -3.5222 -0.862 3.2407, -3.5222 -1.9029 3.6196, -3.5222 -2.1306 3.7024, -3.5222 -2.238 3.7432, -3.5222 -2.2846 3.7697, -3.5222 -2.2947 3.7769, -3.5222 -2.3292 3.8076, -3.5222 -2.3581 3.8445, -3.5222 -2.3788 3.8839, -3.5222 -2.3928 3.9283, -3.5222 -2.3997 3.98, -3.5222 -2.396 4.0509, -3.5222 -2.3776 4.1279, -3.5222 -2.3445 4.2064, -3.5222 -2.3031 4.2729, -3.5222 -2.2637 4.3166, -3.5222 -2.2282 4.344, -3.5222 -2.1896 4.3642, -3.5222 -2.1497 4.3767, -3.5222 -2.0996 4.3825, -3.5228 -1.9959 4.3826, -3.5294 -1.8598 4.3826, -3.5376 -1.6869 4.3826, -3.5392 -1.6541 4.3826, -3.5591 -1.2357 4.3826, -3.5656 -1.1003 4.3826, -3.5715 -0.9759 4.3826, -3.5776 -0.8481 4.3826, -3.5839 -0.7165 4.3826, -3.591 -0.5686 4.3826, -3.5999 -0.381 4.3826, -3.6093 -0.1846 4.3826, -3.619 0.0197 4.3826, -3.6291 0.2313 4.3826, -3.6395 0.4497 4.3826, -3.6503 0.6746 4.3826, -3.6618 0.9168 4.3826, -3.7382 2.5172 4.3826, -3.7543 2.8546 4.3826, -3.758 2.9322 4.3808, -3.76 2.9734 4.3717, -3.7618 3.0126 4.355, -3.7635 3.0479 4.3313, -3.765 3.0783 4.3014, -3.7661 3.1026 4.2665, -3.7669 3.1201 4.2274, -3.5175 -0.8565 3.2558, -3.5175 -1.8974 3.6347, -3.5175 -2.1251 3.7176, -3.5175 -2.2312 3.7577, -3.5175 -2.2755 3.783, -3.5175 -2.285 3.7898, -3.5175 -2.3175 3.8186, -3.5175 -2.3446 3.8532, -3.5175 -2.364 3.8901, -3.5175 -2.3771 3.9318, -3.5175 -2.3836 3.9808, -3.5175 -2.38 4.0485, -3.5175 -2.3623 4.1228, -3.5175 -2.3302 4.199, -3.5175 -2.2903 4.2631, -3.5175 -2.2528 4.3047, -3.5175 -2.2195 4.3304, -3.5175 -2.1834 4.3494, -3.5175 -2.1463 4.3609, -3.5175 -2.0992 4.3664, -3.5182 -1.9956 4.3665, -3.5247 -1.8596 4.3665, -3.533 -1.6867 4.3665, -3.5345 -1.6539 4.3665, -3.5545 -1.2355 4.3665, -3.561 -1.1001 4.3665, -3.5669 -0.9756 4.3665, -3.573 -0.8479 4.3665, -3.5793 -0.7162 4.3665, -3.5863 -0.5684 4.3665, -3.5953 -0.3807 4.3665, -3.6047 -0.1843 4.3665, -3.6144 0.02 4.3665, -3.6245 0.2315 4.3665, -3.6349 0.4499 4.3665, -3.6456 0.6748 4.3665, -3.6572 0.9171 4.3665, -3.7336 2.5174 4.3665, -3.7497 2.8548 4.3665, -3.7533 2.9304 4.3648, -3.7551 2.9688 4.3564, -3.7568 3.0052 4.3408, -3.7584 3.038 4.3188, -3.7597 3.0663 4.291, -3.7608 3.0888 4.2586, -3.7616 3.1051 4.2223, -3.5161 -0.851 3.271, -3.5161 -1.8919 3.6498, -3.5161 -2.1196 3.7327, -3.5161 -2.2243 3.7723, -3.5161 -2.2664 3.7962, -3.5161 -2.2754 3.8027, -3.5161 -2.3058 3.8297, -3.5161 -2.3311 3.8619, -3.5161 -2.3491 3.8963, -3.5161 -2.3614 3.9353, -3.5161 -2.3675 3.9816, -3.5161 -2.3641 4.0462, -3.5161 -2.347 4.1178, -3.5161 -2.3159 4.1916, -3.5161 -2.2775 4.2534, -3.5161 -2.2419 4.2928, -3.5161 -2.2108 4.3169, -3.5161 -2.1773 4.3345, -3.5161 -2.1429 4.3452, -3.5161 -2.0988 4.3503, -3.5168 -1.9956 4.3504, -3.5233 -1.8595 4.3504, -3.5315 -1.6866 4.3504, -3.5331 -1.6538 4.3504, -3.5531 -1.2354 4.3504, -3.5595 -1.1 4.3504, -3.5655 -0.9756 4.3504, -3.5716 -0.8478 4.3504, -3.5778 -0.7162 4.3504, -3.5849 -0.5683 4.3504, -3.5939 -0.3807 4.3504, -3.6032 -0.1843 4.3504, -3.613 0.02 4.3504, -3.6231 0.2316 4.3504, -3.6335 0.45 4.3504, -3.6442 0.6749 4.3504, -3.6558 0.9171 4.3504, -3.7321 2.5175 4.3504, -3.7482 2.8549 4.3504, -3.7517 2.9285 4.3488, -3.7534 2.9639 4.341, -3.755 2.9976 4.3266, -3.7565 3.0279 4.3063, -3.7577 3.0541 4.2806, -3.7587 3.0749 4.2506, -3.7594 3.09 4.2171, -3.5175 -1.8864 3.665, -3.5175 -2.114 3.7478, -3.5175 -2.2175 3.7869, -3.5175 -2.2573 3.8095, -3.5175 -2.2657 3.8156, -3.5175 -2.2941 3.8408, -3.5175 -2.3175 3.8706, -3.5175 -2.3342 3.9025, -3.5175 -2.3457 3.9388, -3.5175 -2.3514 3.9823, -3.5175 -2.3482 4.0439, -3.5175 -2.3317 4.1128, -3.5175 -2.3016 4.1842, -3.5175 -2.2646 4.2437, -3.5175 -2.2311 4.2809, -3.5175 -2.2021 4.3033, -3.5175 -2.1711 4.3196, -3.5175 -2.1394 4.3295, -3.5175 -2.0984 4.3342, -3.5182 -1.9956 4.3343, -3.5247 -1.8596 4.3343, -3.533 -1.6867 4.3343, -3.5345 -1.6539 4.3343, -3.5545 -1.2355 4.3343, -3.561 -1.1001 4.3343, -3.5669 -0.9756 4.3343, -3.573 -0.8479 4.3343, -3.5793 -0.7162 4.3343, -3.5863 -0.5684 4.3343, -3.5953 -0.3807 4.3343, -3.6047 -0.1843 4.3343, -3.6144 0.02 4.3343, -3.6245 0.2315 4.3343, -3.6349 0.4499 4.3343, -3.6456 0.6748 4.3343, -3.6572 0.9171 4.3343, -3.7336 2.5174 4.3343, -3.7497 2.8548 4.3343, -3.7531 2.9264 4.3329, -3.7546 2.9589 4.3257, -3.7561 2.9898 4.3125, -3.7574 3.0177 4.2938, -3.7586 3.0417 4.2702, -3.7595 3.0608 4.2427, -3.7601 3.0747 4.2119, -3.5222 -0.84 3.3012, -3.5222 -1.8809 3.6801, -3.5222 -2.1085 3.763, -3.5222 -2.2106 3.8015, -3.5222 -2.2482 3.8228, -3.5222 -2.256 3.8284, -3.5222 -2.2824 3.8519, -3.5222 -2.304 3.8793, -3.5222 -2.3194 3.9087, -3.5222 -2.33 3.9424, -3.5222 -2.3354 3.9831, -3.5222 -2.3322 4.0415, -3.5222 -2.3164 4.1078, -3.5222 -2.2873 4.1768, -3.5222 -2.2518 4.234, -3.5222 -2.2202 4.2691, -3.5222 -2.1934 4.2898, -3.5222 -2.165 4.3047, -3.5222 -2.136 4.3137, -3.5222 -2.0981 4.3181, -3.5228 -1.9959 4.3182, -3.5294 -1.8598 4.3182, -3.5376 -1.6869 4.3182, -3.5392 -1.6541 4.3182, -3.5591 -1.2357 4.3182, -3.5656 -1.1003 4.3182, -3.5715 -0.9759 4.3182, -3.5776 -0.8481 4.3182, -3.5839 -0.7165 4.3182, -3.591 -0.5686 4.3182, -3.5999 -0.381 4.3182, -3.6093 -0.1846 4.3182, -3.619 0.0197 4.3182, -3.6291 0.2313 4.3182, -3.6395 0.4497 4.3182, -3.6503 0.6746 4.3182, -3.6618 0.9168 4.3182, -3.7382 2.5172 4.3182, -3.7543 2.8546 4.3182, -3.7576 2.9242 4.3169, -3.759 2.9538 4.3103, -3.7603 2.982 4.2983, -3.7616 3.0073 4.2813, -3.7626 3.0292 4.2598, -3.7634 3.0466 4.2348, -3.764 3.0592 4.2067, -3.5303 -0.8346 3.3161, -3.5303 -1.8755 3.695, -3.5303 -2.1031 3.7778, -3.5303 -2.2039 3.8158, -3.5303 -2.2392 3.8359, -3.5303 -2.2465 3.8411, -3.5303 -2.2709 3.8627, -3.5303 -2.2907 3.8879, -3.5303 -2.3048 3.9147, -3.5303 -2.3145 3.9458, -3.5303 -2.3195 3.9839, -3.5303 -2.3166 4.0393, -3.5303 -2.3014 4.1028, -3.5303 -2.2732 4.1695, -3.5303 -2.2392 4.2244, -3.5303 -2.2095 4.2574, -3.5303 -2.1848 4.2765, -3.5303 -2.1589 4.2901, -3.5303 -2.1326 4.2983, -3.5303 -2.0977 4.3023, -3.531 -1.9963 4.3024, -3.5375 -1.8602 4.3024, -3.5458 -1.6873 4.3024, -3.5473 -1.6545 4.3024, -3.5673 -1.2361 4.3024, -3.5737 -1.1007 4.3024, -3.5797 -0.9762 4.3024, -3.5858 -0.8485 4.3024, -3.5921 -0.7168 4.3024, -3.5991 -0.569 4.3024, -3.6081 -0.3813 4.3024, -3.6174 -0.1849 4.3024, -3.6272 0.0194 4.3024, -3.6373 0.2309 4.3024, -3.6477 0.4493 4.3024, -3.6584 0.6742 4.3024, -3.67 0.9165 4.3024, -3.7463 2.5168 4.3024, -3.7624 2.8542 4.3024, -3.7657 2.9219 4.3012, -3.7669 2.9486 4.2953, -3.7681 2.974 4.2844, -3.7692 2.9969 4.269, -3.7702 3.0167 4.2496, -3.7709 3.0325 4.2269, -3.7715 3.0438 4.2016, -3.5425 -1.9969 4.288, -3.549 -1.8607 4.288, -3.5572 -1.6879 4.288, -3.5588 -1.655 4.288, -3.5788 -1.2366 4.288, -3.5852 -1.1012 4.288, -3.5912 -0.9768 4.288, -3.5973 -0.849 4.288, -3.6036 -0.7174 4.288, -3.6106 -0.5696 4.288, -3.6196 -0.3819 4.288, -3.6289 -0.1855 4.288, -3.6387 0.0188 4.288, -3.6488 0.2304 4.288, -3.6592 0.4488 4.288, -3.6699 0.6736 4.288, -3.6815 0.9159 4.288, -3.7578 2.5162 4.288, -3.7739 2.8537 4.288, -3.7771 2.9195 4.2869, -3.7782 2.9437 4.2816, -3.7793 2.9666 4.2717, -3.7803 2.9873 4.2579, -3.7812 3.0052 4.2403, -3.7818 3.0194 4.2198, -3.7823 3.0297 4.197, -3.7964 3.0233 4.1711, -3.8123 3.0142 4.1699, -3.8122 3.0122 4.1802, -3.8123 3.0155 4.139, -3.8123 3.0154 4.0651, -3.7965 3.0246 4.1389, -3.7826 3.0355 4.1728, -3.7718 3.0503 4.1748, -3.7644 3.0664 4.1771, -3.7605 3.0825 4.1794, -3.7598 3.0985 4.1817, -3.762 3.1143 4.184, -3.7674 3.13 4.1863, -3.7763 3.1453 4.1886, -3.7885 3.159 4.1907, -3.8029 3.1581 4.2409, -3.8195 3.1653 4.2437, -3.8367 3.169 4.2452, -3.8202 3.1803 4.1386, -3.8202 3.1802 4.0651, -3.8035 3.1726 4.0651, -3.8035 3.1726 3.9767, -3.7886 3.1616 3.9767, -3.7886 3.1616 3.8734, -3.7764 3.1478 3.9767, -3.7764 3.1478 3.8734, -3.7827 3.0369 3.8734, -3.7827 3.0369 3.9767, -3.7719 3.0518 3.8734, -3.7719 3.0518 3.9767, -3.7645 3.068 3.8734, -3.7645 3.068 3.9767, -3.7606 3.0843 3.8734, -3.7606 3.0843 3.9767, -3.7599 3.1005 3.8734, -3.7599 3.1005 3.9767, -3.8123 3.0154 3.9767, -3.7965 3.0245 4.0651, -3.7827 3.037 4.1389, -3.7719 3.0519 4.1389, -3.7645 3.0681 4.1389, -3.7606 3.0844 4.1388, -3.7599 3.1006 4.1388, -3.7621 3.1166 4.1388, -3.7675 3.1325 4.1387, -3.7764 3.1479 4.1387, -3.7886 3.1617 4.1387, -3.8034 3.1698 4.1924, -3.8374 3.1841 3.9767, -3.8202 3.1802 3.9767, -3.8035 3.1726 3.8734, -3.7886 3.1616 3.7551, -3.7764 3.1478 3.7551, -3.7719 3.0518 3.7551, -3.7645 3.068 3.7551, -3.7606 3.0843 3.7551, -3.7599 3.1005 3.7551, -3.8123 3.0154 3.8734, -3.7965 3.0245 3.9767, -3.7827 3.0369 4.0651, -3.7719 3.0518 4.0651, -3.7645 3.068 4.0651, -3.7606 3.0843 4.0651, -3.7599 3.1005 4.0651, -3.7621 3.1165 4.0651, -3.7675 3.1324 4.0651, -3.7764 3.1478 4.0651, -3.7886 3.1616 4.0651, -3.8036 3.1727 4.1386, -3.806 3.174 3.622, -3.8204 3.1797 3.622, -3.8202 3.1802 3.7551, -3.8265 3.1821 3.622, -3.8375 3.1835 3.622, -3.8484 3.1848 3.622, -3.8202 3.1802 3.8734, -3.7739 3.1442 3.622, -3.7767 3.1475 3.622, -3.7675 3.1324 3.8734, -3.7675 3.1324 3.9767, -3.7628 3.1164 3.622, -3.7621 3.1165 3.7551, -3.7621 3.1165 3.8734, -3.7621 3.1165 3.9767, -3.7601 3.1026 3.622, -3.7747 3.0472 3.622, -3.7723 3.052 3.622, -3.7649 3.0668 3.622, -3.761 3.0844 3.622, -3.7602 3.0883 3.622, -3.7598 3.0963 3.622, -3.7827 3.0369 3.7551, -3.7832 3.0373 3.622, -3.8275 3.0102 3.622, -3.8125 3.0159 3.622, -3.807 3.018 3.622, -3.7969 3.0251 3.622, -3.789 3.0306 3.622, -3.7598 3.0963 1.2303, -3.7601 3.1026 1.2303, -3.7644 3.1243 1.2303, -3.7739 3.1442 1.2303, -3.7881 3.1611 1.2303, -3.806 3.174 1.2303, -3.8265 3.1821 1.2303, -3.8484 3.1848 1.2303, -3.8703 3.1821 1.2303, -3.8909 3.174 1.2303, -3.9088 3.1611 1.2303, -3.9229 3.1442 1.2303, -3.9325 3.1243 1.2303, -3.937 3.0963 1.2303, -3.9368 3.1026 1.2303, -3.7598 3.0963 -1.1614, -3.7601 3.1026 -1.1614, -3.7644 3.1243 -1.1614, -3.7739 3.1442 -1.1614, -3.7881 3.1611 -1.1614, -3.806 3.174 -1.1614, -3.8265 3.1821 -1.1614, -3.8484 3.1848 -1.1614, -3.937 3.0963 -1.1614, -3.9368 3.1026 -1.1614, -3.9325 3.1243 -1.1614, -3.9229 3.1442 -1.1614, -3.9088 3.1611 -1.1614, -3.8909 3.174 -1.1614, -3.8703 3.1821 -1.1614, -3.8484 3.1848 -1.1614, -3.8041 3.1406 -1.1614, -3.7602 3.0883 -1.1614, -3.7649 3.0668 -1.1614, -3.7747 3.0472 -1.1614, -3.789 3.0306 -1.1614, -3.807 3.018 -1.1614, -3.8275 3.0102 -1.1614, -3.8484 3.0078 -1.1614, -3.9325 3.0684 -1.1614, -3.9368 3.0899 -1.1614, -3.8927 3.052 -1.1614, -3.9231 3.0486 -1.1614, -3.8493 3.0077 -1.1614, -3.871 3.0106 -1.1614, -3.8914 3.0188 -1.1614, -3.9091 3.0317 -1.1614, -3.9368 3.0899 1.2303, -3.9325 3.0684 1.2303, -3.9231 3.0486 1.2303, -3.9091 3.0317 1.2303, -3.8914 3.0188 1.2303, -3.871 3.0106 1.2303, -3.8493 3.0077 1.2303, -3.8275 3.0102 1.2303, -3.807 3.018 1.2303, -3.789 3.0306 1.2303, -3.7747 3.0472 1.2303, -3.7649 3.0668 1.2303, -3.7602 3.0883 1.2303
            ]
        }
        coordIndex [
            0,1,2,-1,2,1,3,-1,3,4,2,-1,2,4,5,-1,2,5,6,-1,6,7,2,-1,2,7,8,-1,2,8,9,-1,9,10,2,-1,2,10,11,-1,2,11,12,-1,12,13,2,-1,2,13,14,-1,2,14,15,-1,15,16,2,-1,2,16,17,-1,2,17,18,-1,18,19,2,-1,2,19,20,-1,2,20,21,-1,21,22,2,-1,2,22,23,-1,2,23,24,-1,25,26,24,-1,24,26,27,-1,24,27,2,-1,2,27,28,-1,2,28,0,-1,25,29,26,-1,26,29,30,-1,26,30,31,-1,31,32,26,-1,26,32,33,-1,26,33,34,-1,34,35,26,-1,26,35,36,-1,26,36,37,-1,37,38,26,-1,26,38,39,-1,26,39,40,-1,40,41,26,-1,26,41,42,-1,26,42,43,-1,43,44,26,-1,26,44,45,-1,26,45,46,-1,46,47,26,-1,26,47,48,-1,26,48,49,-1,49,50,26,-1,26,50,51,-1,26,51,27,-1,22,21,52,-1,3,1,53,-1,54,55,56,-1,57,58,59,-1,60,61,62,-1,63,64,65,-1,66,67,68,-1,69,70,71,-1,20,19,72,-1,73,74,75,-1,76,77,78,-1,79,80,81,-1,82,83,84,-1,85,86,87,-1,88,89,90,-1,91,92,93,-1,94,95,96,-1,94,96,97,-1,98,99,96,-1,96,99,100,-1,96,100,97,-1,101,102,103,-1,103,102,104,-1,103,104,99,-1,99,104,105,-1,99,105,100,-1,92,91,106,-1,91,107,106,-1,106,107,108,-1,106,108,103,-1,103,108,109,-1,103,109,101,-1,110,111,112,-1,112,111,113,-1,112,113,93,-1,93,113,114,-1,93,114,91,-1,115,116,117,-1,117,116,118,-1,117,118,119,-1,119,118,120,-1,119,120,110,-1,110,120,121,-1,110,121,111,-1,122,123,124,-1,125,126,127,-1,126,125,128,-1,128,125,129,-1,128,129,130,-1,130,129,131,-1,130,131,132,-1,132,131,133,-1,133,131,134,-1,133,134,135,-1,135,134,136,-1,135,136,137,-1,89,88,136,-1,136,88,138,-1,136,138,137,-1,139,140,90,-1,90,140,141,-1,90,141,88,-1,142,143,144,-1,144,143,145,-1,144,145,139,-1,139,145,146,-1,139,146,140,-1,147,148,142,-1,142,148,149,-1,142,149,143,-1,150,151,152,-1,152,151,153,-1,152,153,147,-1,147,153,154,-1,147,154,148,-1,150,152,155,-1,155,152,156,-1,155,156,157,-1,157,156,158,-1,158,156,159,-1,158,159,160,-1,160,159,161,-1,160,161,162,-1,162,161,163,-1,162,163,164,-1,164,163,165,-1,165,163,166,-1,165,166,167,-1,167,166,168,-1,167,168,169,-1,169,168,170,-1,169,170,171,-1,172,173,170,-1,170,173,174,-1,170,174,171,-1,175,176,177,-1,178,179,180,-1,181,182,183,-1,183,182,184,-1,185,186,187,-1,187,186,188,-1,189,190,191,-1,192,193,194,-1,194,193,195,-1,194,195,196,-1,196,195,197,-1,197,195,198,-1,197,198,199,-1,199,198,200,-1,200,198,28,-1,200,28,27,-1,201,202,203,-1,204,205,203,-1,203,205,206,-1,203,206,201,-1,202,207,203,-1,203,207,208,-1,203,208,23,-1,23,208,209,-1,209,210,23,-1,23,210,211,-1,23,211,24,-1,212,213,203,-1,203,213,214,-1,203,214,204,-1,215,216,217,-1,217,216,218,-1,217,218,212,-1,219,220,215,-1,221,222,220,-1,223,224,225,-1,225,224,226,-1,225,226,222,-1,227,228,223,-1,86,229,230,-1,230,229,231,-1,230,231,228,-1,232,233,85,-1,234,235,236,-1,236,235,237,-1,236,237,233,-1,236,238,234,-1,234,238,239,-1,234,239,240,-1,241,242,243,-1,243,242,244,-1,243,244,245,-1,245,244,246,-1,245,246,247,-1,247,246,248,-1,247,248,239,-1,239,248,249,-1,239,249,240,-1,250,251,252,-1,252,251,253,-1,252,253,241,-1,241,253,254,-1,241,254,242,-1,255,256,250,-1,250,256,257,-1,250,257,251,-1,250,258,255,-1,255,258,259,-1,255,259,260,-1,260,259,261,-1,260,261,262,-1,262,261,263,-1,262,263,264,-1,264,263,265,-1,264,265,266,-1,84,83,265,-1,265,83,267,-1,265,267,266,-1,82,84,268,-1,268,84,269,-1,268,269,270,-1,270,269,271,-1,270,271,272,-1,273,274,275,-1,275,274,276,-1,275,276,271,-1,271,276,277,-1,271,277,272,-1,278,279,280,-1,280,281,278,-1,278,281,282,-1,278,282,283,-1,284,285,275,-1,275,285,286,-1,275,286,273,-1,283,287,278,-1,278,287,288,-1,278,288,275,-1,275,288,289,-1,275,289,284,-1,290,291,292,-1,292,291,293,-1,292,293,278,-1,278,293,294,-1,278,294,295,-1,295,296,278,-1,278,296,297,-1,278,297,279,-1,290,292,298,-1,298,292,299,-1,298,299,300,-1,300,299,301,-1,300,301,302,-1,302,301,303,-1,303,301,304,-1,303,304,305,-1,305,304,306,-1,305,306,307,-1,307,306,308,-1,307,308,309,-1,309,308,310,-1,309,310,311,-1,79,81,312,-1,312,81,313,-1,312,313,314,-1,314,313,315,-1,314,315,316,-1,316,315,317,-1,316,317,318,-1,318,317,319,-1,318,319,320,-1,320,319,321,-1,320,321,322,-1,323,324,321,-1,321,324,325,-1,321,325,322,-1,326,327,328,-1,329,330,331,-1,331,330,332,-1,331,332,122,-1,122,332,333,-1,122,333,123,-1,334,335,329,-1,329,335,336,-1,329,336,330,-1,337,338,339,-1,340,341,342,-1,342,341,343,-1,342,343,344,-1,344,343,345,-1,344,345,346,-1,346,345,347,-1,346,347,348,-1,348,347,349,-1,348,349,350,-1,350,349,351,-1,350,351,352,-1,352,351,353,-1,352,353,354,-1,354,353,355,-1,354,355,356,-1,356,355,357,-1,356,357,358,-1,358,357,359,-1,358,359,360,-1,360,359,361,-1,360,361,362,-1,362,361,363,-1,362,363,364,-1,364,363,365,-1,364,365,366,-1,366,365,367,-1,366,367,368,-1,368,367,369,-1,368,369,370,-1,370,369,371,-1,370,371,372,-1,372,371,373,-1,372,373,374,-1,374,373,375,-1,374,375,376,-1,376,375,377,-1,376,377,378,-1,378,377,379,-1,378,379,380,-1,380,379,381,-1,382,383,384,-1,384,383,385,-1,386,387,388,-1,389,390,391,-1,391,390,392,-1,393,394,395,-1,60,62,396,-1,397,398,399,-1,400,324,401,-1,401,324,323,-1,401,323,402,-1,402,323,74,-1,403,404,405,-1,405,404,406,-1,405,406,407,-1,407,406,408,-1,407,408,409,-1,409,408,410,-1,409,410,411,-1,411,410,412,-1,411,412,413,-1,413,412,414,-1,413,414,415,-1,415,414,416,-1,415,416,417,-1,417,416,391,-1,417,391,418,-1,418,391,392,-1,418,392,76,-1,419,398,420,-1,420,398,397,-1,420,397,421,-1,421,397,422,-1,421,422,423,-1,423,422,424,-1,423,424,425,-1,425,424,426,-1,425,426,427,-1,427,426,428,-1,427,428,429,-1,429,428,430,-1,429,430,431,-1,431,430,432,-1,431,432,433,-1,433,432,434,-1,98,389,99,-1,99,389,391,-1,99,391,103,-1,103,391,416,-1,103,416,106,-1,106,416,414,-1,106,414,92,-1,92,414,412,-1,92,412,93,-1,93,412,410,-1,93,410,112,-1,112,410,408,-1,112,408,110,-1,110,408,406,-1,110,406,119,-1,119,406,404,-1,119,404,117,-1,117,404,403,-1,76,78,418,-1,418,78,435,-1,418,435,417,-1,417,435,436,-1,417,436,415,-1,415,436,437,-1,415,437,413,-1,413,437,438,-1,413,438,411,-1,411,438,439,-1,411,439,409,-1,409,439,440,-1,409,440,407,-1,407,440,326,-1,407,326,405,-1,405,326,328,-1,405,328,403,-1,77,441,78,-1,78,441,442,-1,78,442,435,-1,435,442,443,-1,435,443,436,-1,436,443,444,-1,436,444,437,-1,437,444,445,-1,437,445,438,-1,438,445,446,-1,438,446,439,-1,439,446,447,-1,439,447,440,-1,440,447,448,-1,440,448,326,-1,326,448,449,-1,326,449,327,-1,327,449,450,-1,451,433,452,-1,452,433,434,-1,452,434,453,-1,453,434,432,-1,453,432,454,-1,454,432,430,-1,454,430,455,-1,455,430,428,-1,455,428,456,-1,456,428,426,-1,456,426,457,-1,457,426,424,-1,457,424,458,-1,458,424,422,-1,458,422,459,-1,459,422,397,-1,459,397,460,-1,460,397,399,-1,460,399,461,-1,334,329,462,-1,462,329,331,-1,462,331,463,-1,463,331,122,-1,463,122,464,-1,464,122,124,-1,464,124,115,-1,450,465,466,-1,115,117,464,-1,464,117,403,-1,464,403,463,-1,463,403,328,-1,463,328,462,-1,462,328,327,-1,462,327,334,-1,334,327,450,-1,334,450,335,-1,335,450,466,-1,335,466,336,-1,467,451,468,-1,468,451,452,-1,468,452,469,-1,469,452,453,-1,469,453,470,-1,470,453,454,-1,470,454,471,-1,471,454,455,-1,471,455,472,-1,472,455,456,-1,472,456,473,-1,473,456,457,-1,473,457,474,-1,474,457,458,-1,474,458,475,-1,475,458,459,-1,475,459,476,-1,476,459,460,-1,476,460,75,-1,75,460,461,-1,75,461,73,-1,477,478,479,-1,479,478,480,-1,479,480,481,-1,481,480,482,-1,481,482,483,-1,483,482,80,-1,483,80,484,-1,484,80,79,-1,74,323,75,-1,75,323,321,-1,75,321,476,-1,476,321,319,-1,476,319,475,-1,475,319,317,-1,475,317,474,-1,474,317,315,-1,474,315,473,-1,473,315,313,-1,473,313,472,-1,472,313,81,-1,472,81,471,-1,471,81,80,-1,471,80,470,-1,470,80,482,-1,470,482,469,-1,469,482,480,-1,469,480,468,-1,468,480,478,-1,468,478,467,-1,467,478,477,-1,467,477,485,-1,486,487,488,-1,488,487,489,-1,488,489,490,-1,490,489,491,-1,490,491,492,-1,492,491,493,-1,492,493,494,-1,494,493,495,-1,496,497,498,-1,498,497,499,-1,498,499,500,-1,500,499,501,-1,500,501,502,-1,502,501,503,-1,502,503,504,-1,504,503,505,-1,504,505,506,-1,506,505,507,-1,506,507,508,-1,508,507,509,-1,508,509,510,-1,510,509,511,-1,510,511,512,-1,512,511,513,-1,512,513,514,-1,514,513,515,-1,514,515,516,-1,516,515,517,-1,516,517,518,-1,518,517,519,-1,518,519,520,-1,520,519,521,-1,520,521,522,-1,522,521,523,-1,522,523,524,-1,524,523,525,-1,524,525,526,-1,526,525,527,-1,526,527,528,-1,528,527,529,-1,528,529,530,-1,530,529,531,-1,530,531,532,-1,532,531,533,-1,532,533,534,-1,534,533,535,-1,534,535,536,-1,536,535,537,-1,536,537,538,-1,538,537,539,-1,538,539,540,-1,540,539,541,-1,540,541,542,-1,542,541,543,-1,542,543,544,-1,544,543,545,-1,125,338,129,-1,129,338,337,-1,129,337,131,-1,131,337,546,-1,131,546,134,-1,134,546,547,-1,134,547,136,-1,136,547,548,-1,136,548,89,-1,89,548,549,-1,89,549,90,-1,90,549,550,-1,90,550,139,-1,139,550,551,-1,139,551,144,-1,144,551,552,-1,144,552,142,-1,142,552,553,-1,142,553,147,-1,147,553,554,-1,147,554,152,-1,152,554,555,-1,152,555,156,-1,156,555,556,-1,156,556,159,-1,159,556,557,-1,159,557,161,-1,161,557,558,-1,161,558,163,-1,163,558,559,-1,163,559,166,-1,166,559,560,-1,166,560,168,-1,168,560,561,-1,168,561,170,-1,170,561,562,-1,170,562,172,-1,172,562,563,-1,341,563,343,-1,343,563,562,-1,343,562,345,-1,345,562,561,-1,345,561,347,-1,347,561,560,-1,347,560,349,-1,349,560,559,-1,349,559,351,-1,351,559,558,-1,351,558,353,-1,353,558,557,-1,353,557,355,-1,355,557,556,-1,355,556,357,-1,357,556,555,-1,357,555,359,-1,359,555,554,-1,359,554,361,-1,361,554,553,-1,361,553,363,-1,363,553,552,-1,363,552,365,-1,365,552,551,-1,365,551,367,-1,367,551,550,-1,367,550,369,-1,369,550,549,-1,369,549,371,-1,371,549,548,-1,371,548,373,-1,373,548,547,-1,373,547,375,-1,375,547,546,-1,375,546,377,-1,377,546,337,-1,377,337,379,-1,379,337,339,-1,379,339,381,-1,564,340,565,-1,565,340,342,-1,565,342,566,-1,566,342,344,-1,566,344,567,-1,567,344,346,-1,567,346,568,-1,568,346,348,-1,568,348,569,-1,569,348,350,-1,569,350,570,-1,570,350,352,-1,570,352,571,-1,571,352,354,-1,571,354,572,-1,572,354,356,-1,572,356,573,-1,573,356,358,-1,573,358,574,-1,574,358,360,-1,574,360,575,-1,575,360,362,-1,575,362,576,-1,576,362,364,-1,576,364,577,-1,577,364,366,-1,577,366,578,-1,578,366,368,-1,578,368,579,-1,579,368,370,-1,579,370,580,-1,580,370,372,-1,580,372,581,-1,581,372,374,-1,581,374,582,-1,582,374,376,-1,582,376,583,-1,583,376,378,-1,583,378,584,-1,584,378,380,-1,584,380,465,-1,465,380,381,-1,465,381,466,-1,466,381,339,-1,466,339,336,-1,336,339,338,-1,336,338,330,-1,330,338,125,-1,330,125,332,-1,332,125,127,-1,332,127,333,-1,441,69,442,-1,442,69,71,-1,442,71,443,-1,443,71,585,-1,443,585,444,-1,444,585,586,-1,444,586,445,-1,445,586,587,-1,445,587,446,-1,446,587,588,-1,446,588,447,-1,447,588,589,-1,447,589,448,-1,448,589,590,-1,448,590,449,-1,449,590,591,-1,449,591,450,-1,450,591,592,-1,450,592,465,-1,465,592,593,-1,465,593,584,-1,584,593,594,-1,584,594,583,-1,583,594,595,-1,583,595,582,-1,582,595,596,-1,582,596,581,-1,581,596,597,-1,581,597,580,-1,580,597,598,-1,580,598,579,-1,579,598,599,-1,579,599,578,-1,578,599,600,-1,578,600,577,-1,577,600,601,-1,577,601,576,-1,576,601,602,-1,576,602,575,-1,575,602,603,-1,575,603,574,-1,574,603,604,-1,574,604,573,-1,573,604,605,-1,573,605,572,-1,572,605,606,-1,572,606,571,-1,571,606,607,-1,571,607,570,-1,570,607,608,-1,570,608,569,-1,569,608,609,-1,569,609,568,-1,568,609,610,-1,568,610,567,-1,567,610,611,-1,567,611,566,-1,566,611,612,-1,566,612,565,-1,565,612,613,-1,565,613,564,-1,564,613,614,-1,70,66,71,-1,71,66,68,-1,71,68,585,-1,585,68,615,-1,585,615,586,-1,586,615,616,-1,586,616,587,-1,587,616,617,-1,587,617,588,-1,588,617,618,-1,588,618,589,-1,589,618,619,-1,589,619,590,-1,590,619,620,-1,590,620,591,-1,591,620,621,-1,591,621,592,-1,592,621,622,-1,592,622,593,-1,593,622,623,-1,593,623,594,-1,594,623,624,-1,594,624,595,-1,595,624,625,-1,595,625,596,-1,596,625,626,-1,596,626,597,-1,597,626,627,-1,597,627,598,-1,598,627,628,-1,598,628,599,-1,599,628,629,-1,599,629,600,-1,600,629,630,-1,600,630,601,-1,601,630,631,-1,601,631,602,-1,602,631,632,-1,602,632,603,-1,603,632,633,-1,603,633,604,-1,604,633,634,-1,604,634,605,-1,605,634,635,-1,605,635,606,-1,606,635,636,-1,606,636,607,-1,607,636,637,-1,607,637,608,-1,608,637,638,-1,608,638,609,-1,609,638,639,-1,609,639,610,-1,610,639,640,-1,610,640,611,-1,611,640,641,-1,611,641,612,-1,612,641,642,-1,612,642,613,-1,613,642,643,-1,613,643,614,-1,614,643,644,-1,67,63,68,-1,68,63,65,-1,68,65,615,-1,615,65,645,-1,615,645,616,-1,616,645,646,-1,616,646,617,-1,617,646,647,-1,617,647,618,-1,618,647,648,-1,618,648,619,-1,619,648,649,-1,619,649,620,-1,620,649,650,-1,620,650,621,-1,621,650,651,-1,621,651,622,-1,622,651,652,-1,622,652,623,-1,623,652,653,-1,623,653,624,-1,624,653,654,-1,624,654,625,-1,625,654,655,-1,625,655,626,-1,626,655,656,-1,626,656,627,-1,627,656,657,-1,627,657,628,-1,628,657,658,-1,628,658,629,-1,629,658,659,-1,629,659,630,-1,630,659,660,-1,630,660,631,-1,631,660,661,-1,631,661,632,-1,632,661,662,-1,632,662,633,-1,633,662,663,-1,633,663,634,-1,634,663,664,-1,634,664,635,-1,635,664,665,-1,635,665,636,-1,636,665,666,-1,636,666,637,-1,637,666,667,-1,637,667,638,-1,638,667,668,-1,638,668,639,-1,639,668,669,-1,639,669,640,-1,640,669,670,-1,640,670,641,-1,641,670,671,-1,641,671,642,-1,642,671,672,-1,642,672,643,-1,643,672,673,-1,643,673,644,-1,644,673,674,-1,64,393,65,-1,65,393,395,-1,65,395,645,-1,645,395,675,-1,645,675,646,-1,646,675,676,-1,646,676,647,-1,647,676,677,-1,647,677,648,-1,648,677,678,-1,648,678,649,-1,649,678,679,-1,649,679,650,-1,650,679,680,-1,650,680,651,-1,651,680,681,-1,651,681,652,-1,652,681,682,-1,652,682,653,-1,653,682,683,-1,653,683,654,-1,654,683,684,-1,654,684,655,-1,655,684,685,-1,655,685,656,-1,656,685,686,-1,656,686,657,-1,657,686,687,-1,657,687,658,-1,658,687,688,-1,658,688,659,-1,659,688,689,-1,659,689,660,-1,660,689,690,-1,660,690,661,-1,661,690,691,-1,661,691,662,-1,662,691,692,-1,662,692,663,-1,663,692,693,-1,663,693,664,-1,664,693,694,-1,664,694,665,-1,665,694,695,-1,665,695,666,-1,666,695,696,-1,666,696,667,-1,667,696,697,-1,667,697,668,-1,668,697,698,-1,668,698,669,-1,669,698,699,-1,669,699,670,-1,670,699,700,-1,670,700,671,-1,671,700,701,-1,671,701,672,-1,672,701,702,-1,672,702,673,-1,673,702,703,-1,673,703,674,-1,674,703,704,-1,394,396,395,-1,395,396,62,-1,395,62,675,-1,675,62,705,-1,675,705,676,-1,676,705,706,-1,676,706,677,-1,677,706,707,-1,677,707,678,-1,678,707,708,-1,678,708,679,-1,679,708,709,-1,679,709,680,-1,680,709,710,-1,680,710,681,-1,681,710,711,-1,681,711,682,-1,682,711,712,-1,682,712,683,-1,683,712,713,-1,683,713,684,-1,684,713,714,-1,684,714,685,-1,685,714,715,-1,685,715,686,-1,686,715,716,-1,686,716,687,-1,687,716,717,-1,687,717,688,-1,688,717,718,-1,688,718,689,-1,689,718,719,-1,689,719,690,-1,690,719,720,-1,690,720,691,-1,691,720,721,-1,691,721,692,-1,692,721,722,-1,692,722,693,-1,693,722,723,-1,693,723,694,-1,694,723,724,-1,694,724,695,-1,695,724,725,-1,695,725,696,-1,696,725,726,-1,696,726,697,-1,697,726,727,-1,697,727,698,-1,698,727,728,-1,698,728,699,-1,699,728,729,-1,699,729,700,-1,700,729,730,-1,700,730,701,-1,701,730,731,-1,701,731,702,-1,702,731,732,-1,702,732,703,-1,703,732,733,-1,703,733,704,-1,704,733,734,-1,61,419,62,-1,62,419,420,-1,62,420,705,-1,705,420,421,-1,705,421,706,-1,706,421,423,-1,706,423,707,-1,707,423,425,-1,707,425,708,-1,708,425,427,-1,708,427,709,-1,709,427,429,-1,709,429,710,-1,710,429,431,-1,710,431,711,-1,711,431,433,-1,711,433,712,-1,712,433,451,-1,712,451,713,-1,713,451,467,-1,713,467,714,-1,714,467,485,-1,714,485,715,-1,715,485,735,-1,715,735,716,-1,716,735,736,-1,716,736,717,-1,717,736,737,-1,717,737,718,-1,718,737,738,-1,718,738,719,-1,719,738,739,-1,719,739,720,-1,720,739,740,-1,720,740,721,-1,721,740,741,-1,721,741,722,-1,722,741,742,-1,722,742,723,-1,723,742,743,-1,723,743,724,-1,724,743,744,-1,724,744,725,-1,725,744,745,-1,725,745,726,-1,726,745,746,-1,726,746,727,-1,727,746,747,-1,727,747,728,-1,728,747,748,-1,728,748,729,-1,729,748,749,-1,729,749,730,-1,730,749,750,-1,730,750,731,-1,731,750,751,-1,731,751,732,-1,732,751,752,-1,732,752,733,-1,733,752,753,-1,733,753,734,-1,734,753,754,-1,484,495,483,-1,483,495,493,-1,483,493,481,-1,481,493,491,-1,481,491,479,-1,479,491,489,-1,479,489,477,-1,477,489,487,-1,477,487,485,-1,485,487,486,-1,485,486,735,-1,735,486,755,-1,735,755,736,-1,736,755,756,-1,736,756,737,-1,737,756,757,-1,737,757,738,-1,738,757,758,-1,738,758,739,-1,739,758,759,-1,739,759,740,-1,740,759,760,-1,740,760,741,-1,741,760,761,-1,741,761,742,-1,742,761,762,-1,742,762,743,-1,743,762,763,-1,743,763,744,-1,744,763,764,-1,744,764,745,-1,745,764,765,-1,745,765,746,-1,746,765,766,-1,746,766,747,-1,747,766,767,-1,747,767,748,-1,748,767,768,-1,748,768,749,-1,749,768,769,-1,749,769,750,-1,750,769,770,-1,750,770,751,-1,751,770,771,-1,751,771,752,-1,752,771,772,-1,752,772,753,-1,753,772,773,-1,753,773,754,-1,754,773,774,-1,494,545,492,-1,492,545,543,-1,492,543,490,-1,490,543,541,-1,490,541,488,-1,488,541,539,-1,488,539,486,-1,486,539,537,-1,486,537,755,-1,755,537,535,-1,755,535,756,-1,756,535,533,-1,756,533,757,-1,757,533,531,-1,757,531,758,-1,758,531,529,-1,758,529,759,-1,759,529,527,-1,759,527,760,-1,760,527,525,-1,760,525,761,-1,761,525,523,-1,761,523,762,-1,762,523,521,-1,762,521,763,-1,763,521,519,-1,763,519,764,-1,764,519,517,-1,764,517,765,-1,765,517,515,-1,765,515,766,-1,766,515,513,-1,766,513,767,-1,767,513,511,-1,767,511,768,-1,768,511,509,-1,768,509,769,-1,769,509,507,-1,769,507,770,-1,770,507,505,-1,770,505,771,-1,771,505,503,-1,771,503,772,-1,772,503,501,-1,772,501,773,-1,773,501,499,-1,773,499,774,-1,774,499,497,-1,775,59,776,-1,776,59,58,-1,776,58,385,-1,544,311,542,-1,542,311,310,-1,542,310,540,-1,540,310,308,-1,540,308,538,-1,538,308,306,-1,538,306,536,-1,536,306,304,-1,536,304,534,-1,534,304,301,-1,534,301,532,-1,532,301,299,-1,532,299,530,-1,530,299,292,-1,530,292,528,-1,528,292,278,-1,528,278,526,-1,526,278,275,-1,526,275,524,-1,524,275,271,-1,524,271,522,-1,522,271,269,-1,522,269,520,-1,520,269,84,-1,520,84,518,-1,518,84,265,-1,518,265,516,-1,516,265,263,-1,516,263,514,-1,514,263,261,-1,514,261,512,-1,512,261,259,-1,512,259,510,-1,510,259,258,-1,510,258,508,-1,508,258,250,-1,508,250,506,-1,506,250,252,-1,506,252,504,-1,504,252,241,-1,504,241,502,-1,502,241,243,-1,502,243,500,-1,500,243,245,-1,500,245,498,-1,498,245,247,-1,498,247,496,-1,496,247,239,-1,777,778,779,-1,779,778,780,-1,779,780,781,-1,781,780,782,-1,781,782,783,-1,783,782,784,-1,783,784,785,-1,785,784,786,-1,785,786,57,-1,385,58,384,-1,384,58,57,-1,384,57,382,-1,382,57,786,-1,382,786,787,-1,787,786,784,-1,787,784,788,-1,788,784,782,-1,788,782,789,-1,789,782,780,-1,789,780,790,-1,790,780,778,-1,790,778,791,-1,791,778,777,-1,791,777,792,-1,792,777,793,-1,792,793,794,-1,794,793,795,-1,794,795,796,-1,796,795,797,-1,796,797,56,-1,56,797,798,-1,56,798,54,-1,233,232,236,-1,236,232,799,-1,236,799,238,-1,238,799,800,-1,238,800,239,-1,239,800,801,-1,239,801,496,-1,496,801,802,-1,496,802,497,-1,497,802,803,-1,497,803,774,-1,774,803,804,-1,774,804,754,-1,754,804,805,-1,754,805,734,-1,734,805,806,-1,734,806,704,-1,704,806,807,-1,704,807,674,-1,674,807,808,-1,674,808,644,-1,644,808,809,-1,644,809,614,-1,614,809,810,-1,614,810,564,-1,564,810,811,-1,564,811,340,-1,340,811,812,-1,340,812,341,-1,341,812,813,-1,341,813,563,-1,563,813,814,-1,563,814,172,-1,172,814,815,-1,172,815,173,-1,85,87,232,-1,232,87,816,-1,232,816,799,-1,799,816,817,-1,799,817,800,-1,800,817,818,-1,800,818,801,-1,801,818,819,-1,801,819,802,-1,802,819,820,-1,802,820,803,-1,803,820,821,-1,803,821,804,-1,804,821,822,-1,804,822,805,-1,805,822,823,-1,805,823,806,-1,806,823,824,-1,806,824,807,-1,807,824,825,-1,807,825,808,-1,808,825,826,-1,808,826,809,-1,809,826,827,-1,809,827,810,-1,810,827,828,-1,810,828,811,-1,811,828,829,-1,811,829,812,-1,812,829,830,-1,812,830,813,-1,813,830,175,-1,813,175,814,-1,814,175,177,-1,814,177,815,-1,86,230,87,-1,87,230,831,-1,87,831,816,-1,816,831,832,-1,816,832,817,-1,817,832,55,-1,817,55,818,-1,818,55,54,-1,818,54,819,-1,819,54,798,-1,819,798,820,-1,820,798,797,-1,820,797,821,-1,821,797,795,-1,821,795,822,-1,822,795,793,-1,822,793,823,-1,823,793,777,-1,823,777,824,-1,824,777,779,-1,824,779,825,-1,825,779,781,-1,825,781,826,-1,826,781,783,-1,826,783,827,-1,827,783,785,-1,827,785,828,-1,828,785,57,-1,828,57,829,-1,829,57,59,-1,829,59,830,-1,830,59,775,-1,830,775,175,-1,228,227,230,-1,230,227,833,-1,230,833,831,-1,831,833,834,-1,831,834,832,-1,832,834,835,-1,832,835,55,-1,55,835,836,-1,55,836,56,-1,56,836,837,-1,56,837,796,-1,796,837,838,-1,796,838,794,-1,794,838,839,-1,794,839,792,-1,792,839,840,-1,792,840,791,-1,791,840,841,-1,791,841,790,-1,790,841,842,-1,790,842,789,-1,789,842,843,-1,789,843,788,-1,788,843,844,-1,788,844,787,-1,787,844,845,-1,787,845,382,-1,382,845,178,-1,382,178,383,-1,383,178,180,-1,383,180,385,-1,385,180,846,-1,385,846,776,-1,776,846,847,-1,776,847,775,-1,775,847,848,-1,775,848,175,-1,175,848,849,-1,175,849,176,-1,223,850,227,-1,227,850,851,-1,227,851,833,-1,833,851,852,-1,833,852,834,-1,834,852,853,-1,834,853,835,-1,835,853,854,-1,835,854,836,-1,836,854,855,-1,836,855,837,-1,837,855,856,-1,837,856,838,-1,838,856,857,-1,838,857,839,-1,839,857,858,-1,839,858,840,-1,840,858,859,-1,840,859,841,-1,841,859,860,-1,841,860,842,-1,842,860,861,-1,842,861,843,-1,843,861,862,-1,843,862,844,-1,844,862,863,-1,844,863,845,-1,845,863,864,-1,845,864,178,-1,178,864,865,-1,178,865,179,-1,223,225,850,-1,850,225,866,-1,850,866,851,-1,851,866,867,-1,851,867,852,-1,852,867,868,-1,852,868,853,-1,853,868,869,-1,853,869,854,-1,854,869,870,-1,854,870,855,-1,855,870,871,-1,855,871,856,-1,856,871,872,-1,856,872,857,-1,857,872,873,-1,857,873,858,-1,858,873,874,-1,858,874,859,-1,859,874,875,-1,859,875,860,-1,860,875,876,-1,860,876,861,-1,861,876,877,-1,861,877,862,-1,862,877,878,-1,862,878,863,-1,863,878,183,-1,863,183,864,-1,864,183,184,-1,864,184,865,-1,222,221,225,-1,225,221,879,-1,225,879,866,-1,866,879,880,-1,866,880,867,-1,867,880,881,-1,867,881,868,-1,868,881,882,-1,868,882,869,-1,869,882,883,-1,869,883,870,-1,870,883,884,-1,870,884,871,-1,871,884,885,-1,871,885,872,-1,872,885,886,-1,872,886,873,-1,873,886,887,-1,873,887,874,-1,874,887,888,-1,874,888,875,-1,875,888,889,-1,875,889,876,-1,876,889,890,-1,876,890,877,-1,877,890,891,-1,877,891,878,-1,878,891,892,-1,878,892,183,-1,183,892,893,-1,183,893,181,-1,220,219,221,-1,221,219,894,-1,221,894,879,-1,879,894,895,-1,879,895,880,-1,880,895,896,-1,880,896,881,-1,881,896,897,-1,881,897,882,-1,882,897,898,-1,882,898,883,-1,883,898,899,-1,883,899,884,-1,884,899,900,-1,884,900,885,-1,885,900,901,-1,885,901,886,-1,886,901,902,-1,886,902,887,-1,887,902,903,-1,887,903,888,-1,888,903,904,-1,888,904,889,-1,889,904,905,-1,889,905,890,-1,890,905,906,-1,890,906,891,-1,891,906,907,-1,891,907,892,-1,892,907,908,-1,892,908,893,-1,215,909,219,-1,219,909,910,-1,219,910,894,-1,894,910,911,-1,894,911,895,-1,895,911,912,-1,895,912,896,-1,896,912,913,-1,896,913,897,-1,897,913,914,-1,897,914,898,-1,898,914,915,-1,898,915,899,-1,899,915,916,-1,899,916,900,-1,900,916,917,-1,900,917,901,-1,901,917,918,-1,901,918,902,-1,902,918,919,-1,902,919,903,-1,903,919,920,-1,903,920,904,-1,904,920,921,-1,904,921,905,-1,905,921,922,-1,905,922,906,-1,906,922,187,-1,906,187,907,-1,907,187,188,-1,907,188,908,-1,215,217,909,-1,909,217,923,-1,909,923,910,-1,910,923,924,-1,910,924,911,-1,911,924,925,-1,911,925,912,-1,912,925,926,-1,912,926,913,-1,913,926,927,-1,913,927,914,-1,914,927,928,-1,914,928,915,-1,915,928,929,-1,915,929,916,-1,916,929,930,-1,916,930,917,-1,917,930,931,-1,917,931,918,-1,918,931,932,-1,918,932,919,-1,919,932,933,-1,919,933,920,-1,920,933,934,-1,920,934,921,-1,921,934,935,-1,921,935,922,-1,922,935,936,-1,922,936,187,-1,187,936,937,-1,187,937,185,-1,193,938,195,-1,195,938,939,-1,195,939,198,-1,198,939,53,-1,21,20,52,-1,52,20,72,-1,52,72,940,-1,940,72,941,-1,940,941,942,-1,942,941,943,-1,942,943,944,-1,944,943,945,-1,944,945,946,-1,946,945,947,-1,946,947,948,-1,948,947,949,-1,948,949,950,-1,950,949,951,-1,950,951,952,-1,952,951,953,-1,952,953,954,-1,954,953,955,-1,954,955,956,-1,956,955,957,-1,956,957,958,-1,958,957,959,-1,958,959,960,-1,960,959,961,-1,960,961,962,-1,962,961,963,-1,962,963,189,-1,189,963,964,-1,189,964,190,-1,212,203,217,-1,217,203,965,-1,217,965,923,-1,923,965,966,-1,923,966,924,-1,924,966,967,-1,924,967,925,-1,925,967,968,-1,925,968,926,-1,926,968,969,-1,926,969,927,-1,927,969,970,-1,927,970,928,-1,928,970,971,-1,928,971,929,-1,929,971,972,-1,929,972,930,-1,930,972,973,-1,930,973,931,-1,931,973,974,-1,931,974,932,-1,932,974,975,-1,932,975,933,-1,933,975,976,-1,933,976,934,-1,934,976,977,-1,934,977,935,-1,935,977,978,-1,935,978,936,-1,936,978,979,-1,936,979,937,-1,53,1,198,-1,198,1,0,-1,198,0,28,-1,938,388,939,-1,939,388,387,-1,939,387,53,-1,53,387,4,-1,53,4,3,-1,8,7,386,-1,386,7,6,-1,386,6,387,-1,387,6,5,-1,387,5,4,-1,386,980,8,-1,8,980,981,-1,8,981,9,-1,9,981,982,-1,9,982,10,-1,18,17,983,-1,983,17,16,-1,983,16,984,-1,984,16,15,-1,984,15,985,-1,985,15,14,-1,985,14,986,-1,986,14,13,-1,986,13,987,-1,987,13,12,-1,987,12,982,-1,982,12,11,-1,982,11,10,-1,19,18,72,-1,72,18,983,-1,72,983,941,-1,941,983,984,-1,941,984,943,-1,943,984,985,-1,943,985,945,-1,945,985,986,-1,945,986,947,-1,947,986,987,-1,947,987,949,-1,949,987,982,-1,949,982,951,-1,951,982,981,-1,951,981,953,-1,953,981,980,-1,953,980,955,-1,955,980,386,-1,955,386,957,-1,957,386,388,-1,957,388,959,-1,959,388,938,-1,959,938,961,-1,961,938,193,-1,961,193,963,-1,963,193,192,-1,963,192,964,-1,23,22,203,-1,203,22,52,-1,203,52,965,-1,965,52,940,-1,965,940,966,-1,966,940,942,-1,966,942,967,-1,967,942,944,-1,967,944,968,-1,968,944,946,-1,968,946,969,-1,969,946,948,-1,969,948,970,-1,970,948,950,-1,970,950,971,-1,971,950,952,-1,971,952,972,-1,972,952,954,-1,972,954,973,-1,973,954,956,-1,973,956,974,-1,974,956,958,-1,974,958,975,-1,975,958,960,-1,975,960,976,-1,976,960,962,-1,976,962,977,-1,977,962,189,-1,977,189,978,-1,978,189,191,-1,978,191,979,-1,988,989,990,-1,991,992,989,-1,544,545,993,-1,994,995,996,-1,997,998,999,-1,1000,1001,1002,-1,1003,1004,1005,-1,1006,1007,1008,-1,114,1009,1010,-1,120,118,1011,-1,115,124,1012,-1,333,127,1013,-1,27,51,200,-1,200,51,1014,-1,1015,194,1016,-1,1016,194,196,-1,1016,196,1017,-1,1017,196,197,-1,1017,197,1014,-1,1014,197,199,-1,1014,199,200,-1,979,191,1018,-1,1018,191,190,-1,1018,190,1019,-1,1019,190,964,-1,1019,964,1015,-1,1015,964,192,-1,1015,192,194,-1,979,1018,937,-1,937,1018,1020,-1,937,1020,185,-1,185,1020,1021,-1,185,1021,186,-1,186,1021,1022,-1,186,1022,188,-1,1023,182,1024,-1,1024,182,181,-1,1024,181,1025,-1,1025,181,893,-1,1025,893,1022,-1,1022,893,908,-1,1022,908,188,-1,847,846,1026,-1,1026,846,180,-1,1026,180,1027,-1,1027,180,179,-1,1027,179,1028,-1,1028,179,865,-1,1028,865,1023,-1,1023,865,184,-1,1023,184,182,-1,847,1026,848,-1,848,1026,1029,-1,848,1029,849,-1,849,1029,1030,-1,849,1030,176,-1,176,1030,1031,-1,176,1031,177,-1,1032,169,1033,-1,1033,169,171,-1,1033,171,1034,-1,1034,171,174,-1,1034,174,1035,-1,1035,174,173,-1,1035,173,1031,-1,1031,173,815,-1,1031,815,177,-1,164,165,1032,-1,1032,165,167,-1,1032,167,169,-1,1032,1036,164,-1,164,1036,1037,-1,164,1037,162,-1,162,1037,1038,-1,162,1038,160,-1,160,1038,158,-1,158,1038,1039,-1,158,1039,157,-1,157,1039,155,-1,155,1039,1040,-1,155,1040,150,-1,1041,153,1040,-1,1040,153,151,-1,1040,151,150,-1,1042,149,1043,-1,1043,149,148,-1,1043,148,1041,-1,1041,148,154,-1,1041,154,153,-1,1044,145,1042,-1,1042,145,143,-1,1042,143,149,-1,1045,141,1046,-1,1046,141,140,-1,1046,140,1044,-1,1044,140,146,-1,1044,146,145,-1,1047,137,1048,-1,1048,137,138,-1,1048,138,1045,-1,1045,138,88,-1,1045,88,141,-1,128,130,1049,-1,1049,130,132,-1,1049,132,1050,-1,1050,132,133,-1,1050,133,1047,-1,1047,133,135,-1,1047,135,137,-1,115,1012,116,-1,120,1011,121,-1,1011,1051,121,-1,121,1051,1052,-1,121,1052,111,-1,1009,114,1052,-1,1052,114,113,-1,1052,113,111,-1,1053,107,1010,-1,1010,107,91,-1,1010,91,114,-1,102,101,1054,-1,1054,101,109,-1,1054,109,1053,-1,1053,109,108,-1,1053,108,107,-1,102,1054,104,-1,104,1054,996,-1,104,996,105,-1,95,94,995,-1,995,94,97,-1,995,97,996,-1,996,97,100,-1,996,100,105,-1,1055,1056,1057,-1,545,494,1058,-1,545,1058,993,-1,993,1058,1059,-1,993,1059,1060,-1,1060,1059,1061,-1,1060,1061,1062,-1,1062,1061,1063,-1,1062,1063,1064,-1,1065,1066,1067,-1,1067,1066,1068,-1,1067,1068,1069,-1,1069,1068,1070,-1,1069,1070,1012,-1,1012,1070,1071,-1,1012,1071,116,-1,1072,1073,1074,-1,1003,1005,1075,-1,1076,1077,1078,-1,1078,1077,1079,-1,1078,1079,1080,-1,1081,1082,1083,-1,1084,1085,994,-1,400,1006,324,-1,324,1006,1008,-1,324,1008,325,-1,325,1008,1086,-1,1087,1088,1089,-1,1089,1088,1090,-1,1089,1090,1091,-1,1091,1090,1092,-1,1091,1092,1093,-1,1093,1092,1094,-1,1093,1094,1095,-1,1095,1094,1096,-1,1095,1096,1097,-1,1097,1096,1098,-1,1097,1098,1099,-1,1099,1098,1100,-1,1099,1100,1101,-1,1101,1100,1081,-1,1101,1081,1055,-1,1055,1081,1083,-1,1055,1083,1056,-1,1102,495,1103,-1,1103,495,484,-1,1103,484,1104,-1,1104,484,79,-1,1104,79,1105,-1,1105,79,312,-1,1105,312,1106,-1,1106,312,314,-1,1106,314,1107,-1,1107,314,316,-1,1107,316,1108,-1,1108,316,318,-1,1108,318,1109,-1,1109,318,320,-1,1109,320,1086,-1,1086,320,322,-1,1086,322,325,-1,1007,1110,1008,-1,1008,1110,1111,-1,1008,1111,1086,-1,1086,1111,1112,-1,1086,1112,1109,-1,1109,1112,1113,-1,1109,1113,1108,-1,1108,1113,1114,-1,1108,1114,1107,-1,1107,1114,1115,-1,1107,1115,1106,-1,1106,1115,1116,-1,1106,1116,1105,-1,1105,1116,1117,-1,1105,1117,1104,-1,1104,1117,1118,-1,1104,1118,1103,-1,1103,1118,1119,-1,1103,1119,1102,-1,1102,1119,1120,-1,1110,1072,1111,-1,1111,1072,1074,-1,1111,1074,1112,-1,1112,1074,1121,-1,1112,1121,1113,-1,1113,1121,1122,-1,1113,1122,1114,-1,1114,1122,1123,-1,1114,1123,1115,-1,1115,1123,1124,-1,1115,1124,1116,-1,1116,1124,1125,-1,1116,1125,1117,-1,1117,1125,1126,-1,1117,1126,1118,-1,1118,1126,1127,-1,1118,1127,1119,-1,1119,1127,1128,-1,1119,1128,1120,-1,1120,1128,1129,-1,1073,1075,1074,-1,1074,1075,1005,-1,1074,1005,1121,-1,1121,1005,1130,-1,1121,1130,1122,-1,1122,1130,1131,-1,1122,1131,1123,-1,1123,1131,1132,-1,1123,1132,1124,-1,1124,1132,1133,-1,1124,1133,1125,-1,1125,1133,1134,-1,1125,1134,1126,-1,1126,1134,1135,-1,1126,1135,1127,-1,1127,1135,1136,-1,1127,1136,1128,-1,1128,1136,1137,-1,1128,1137,1129,-1,1129,1137,1138,-1,1004,1139,1005,-1,1005,1139,1140,-1,1005,1140,1130,-1,1130,1140,1141,-1,1130,1141,1131,-1,1131,1141,1142,-1,1131,1142,1132,-1,1132,1142,1143,-1,1132,1143,1133,-1,1133,1143,1144,-1,1133,1144,1134,-1,1134,1144,1145,-1,1134,1145,1135,-1,1135,1145,1146,-1,1135,1146,1136,-1,1136,1146,1147,-1,1136,1147,1137,-1,1137,1147,1148,-1,1137,1148,1138,-1,1149,1082,1150,-1,1150,1082,1081,-1,1150,1081,1151,-1,1151,1081,1100,-1,1151,1100,1152,-1,1152,1100,1098,-1,1152,1098,1153,-1,1153,1098,1096,-1,1153,1096,1154,-1,1154,1096,1094,-1,1154,1094,1155,-1,1155,1094,1092,-1,1155,1092,1156,-1,1156,1092,1090,-1,1156,1090,1157,-1,1157,1090,1088,-1,1157,1088,1158,-1,1158,1088,1087,-1,1159,1158,1160,-1,1160,1158,1087,-1,1160,1087,1161,-1,1161,1087,1089,-1,1161,1089,1162,-1,1162,1089,1091,-1,1162,1091,1163,-1,1163,1091,1093,-1,1163,1093,1164,-1,1164,1093,1095,-1,1164,1095,1165,-1,1165,1095,1097,-1,1165,1097,1166,-1,1166,1097,1099,-1,1166,1099,1167,-1,1167,1099,1101,-1,1167,1101,1168,-1,1168,1101,1055,-1,1168,1055,1084,-1,1084,1055,1057,-1,1084,1057,1085,-1,994,996,1084,-1,1084,996,1054,-1,1084,1054,1168,-1,1168,1054,1053,-1,1168,1053,1167,-1,1167,1053,1010,-1,1167,1010,1166,-1,1166,1010,1009,-1,1166,1009,1165,-1,1165,1009,1052,-1,1165,1052,1164,-1,1164,1052,1051,-1,1164,1051,1163,-1,1163,1051,1011,-1,1163,1011,1162,-1,1162,1011,1169,-1,1162,1169,1161,-1,1161,1169,1170,-1,1161,1170,1160,-1,1160,1170,1171,-1,1160,1171,1159,-1,544,993,1172,-1,1172,993,1060,-1,1172,1060,1173,-1,1173,1060,1062,-1,1173,1062,1174,-1,1174,1062,1064,-1,1174,1064,1175,-1,1176,1175,1177,-1,1177,1175,1064,-1,1177,1064,1148,-1,1148,1064,1063,-1,1148,1063,1138,-1,1138,1063,1061,-1,1138,1061,1129,-1,1129,1061,1059,-1,1129,1059,1120,-1,1120,1059,1058,-1,1120,1058,1102,-1,1102,1058,494,-1,1102,494,495,-1,1178,1065,1179,-1,1179,1065,1067,-1,1179,1067,1180,-1,1180,1067,1069,-1,1180,1069,1181,-1,1181,1069,1012,-1,1181,1012,123,-1,123,1012,124,-1,1182,1183,1184,-1,1184,1183,1185,-1,1184,1185,1186,-1,1186,1185,1187,-1,1186,1187,1188,-1,1188,1187,1189,-1,1188,1189,1190,-1,1190,1189,1191,-1,1190,1191,1192,-1,1192,1191,1193,-1,1192,1193,1194,-1,1194,1193,1195,-1,1194,1195,1196,-1,1196,1195,1197,-1,1196,1197,1198,-1,1198,1197,1199,-1,1198,1199,1200,-1,1200,1199,1201,-1,1200,1201,1202,-1,1202,1201,1203,-1,1202,1203,1204,-1,1204,1203,1205,-1,1204,1205,1206,-1,1206,1205,1207,-1,1206,1207,1208,-1,1208,1207,1209,-1,1208,1209,1210,-1,1210,1209,1211,-1,1210,1211,1212,-1,1212,1211,1213,-1,1212,1213,1214,-1,1214,1213,1215,-1,1214,1215,1216,-1,1216,1215,1217,-1,1216,1217,1218,-1,1218,1217,1219,-1,1218,1219,1220,-1,1220,1219,1221,-1,1220,1221,1222,-1,1222,1221,1223,-1,1222,1223,1224,-1,1224,1223,1225,-1,1224,1225,1226,-1,1226,1225,1227,-1,1226,1227,1228,-1,1228,1227,1229,-1,1228,1229,1230,-1,1230,1229,1231,-1,1230,1231,1232,-1,1232,1231,1233,-1,1232,1233,1234,-1,1234,1233,1235,-1,1234,1235,1236,-1,1236,1235,1237,-1,1236,1237,1238,-1,1238,1237,1239,-1,1238,1239,1240,-1,1240,1239,1241,-1,1240,1241,1242,-1,1242,1241,1243,-1,1242,1243,1244,-1,1244,1243,1245,-1,1244,1245,1246,-1,1246,1245,1247,-1,1246,1247,1248,-1,1248,1247,1249,-1,1248,1249,1250,-1,1250,1249,1251,-1,1250,1251,1252,-1,1252,1251,1253,-1,1252,1253,1254,-1,1254,1253,1255,-1,1254,1255,1256,-1,1256,1255,1013,-1,1256,1013,126,-1,126,1013,127,-1,311,1257,309,-1,309,1257,1258,-1,309,1258,307,-1,307,1258,1259,-1,307,1259,305,-1,305,1259,1260,-1,305,1260,303,-1,303,1260,302,-1,302,1260,1261,-1,302,1261,300,-1,300,1261,1262,-1,300,1262,298,-1,298,1262,1263,-1,298,1263,290,-1,1264,296,295,-1,295,294,1264,-1,1264,294,293,-1,1264,293,1263,-1,1263,293,291,-1,1263,291,290,-1,273,286,1265,-1,1265,286,285,-1,1265,285,284,-1,284,289,1265,-1,1265,289,288,-1,1265,288,1264,-1,1264,288,287,-1,1264,287,283,-1,283,282,1264,-1,1264,282,281,-1,1264,281,280,-1,280,279,1264,-1,1264,279,297,-1,1264,297,296,-1,272,277,1266,-1,1266,277,276,-1,1266,276,1265,-1,1265,276,274,-1,1265,274,273,-1,1267,82,1268,-1,1268,82,268,-1,1268,268,1266,-1,1266,268,270,-1,1266,270,272,-1,1269,267,1267,-1,1267,267,83,-1,1267,83,82,-1,1270,256,1271,-1,1271,256,255,-1,1271,255,1272,-1,1272,255,260,-1,1272,260,1273,-1,1273,260,262,-1,1273,262,1274,-1,1274,262,264,-1,1274,264,1269,-1,1269,264,266,-1,1269,266,267,-1,1275,251,1270,-1,1270,251,257,-1,1270,257,256,-1,1276,244,1277,-1,1277,244,242,-1,1277,242,1278,-1,1278,242,254,-1,1278,254,1275,-1,1275,254,253,-1,1275,253,251,-1,1080,1000,1078,-1,1078,1000,1002,-1,1078,1002,1279,-1,1279,1002,1280,-1,1279,1280,1281,-1,1281,1280,1282,-1,1281,1282,1283,-1,1283,1282,1284,-1,1283,1284,1285,-1,1285,1284,1286,-1,1285,1286,1287,-1,1287,1286,1288,-1,1287,1288,1289,-1,1289,1288,1290,-1,1289,1290,1291,-1,1291,1290,1292,-1,1291,1292,1293,-1,1293,1292,1294,-1,1293,1294,1295,-1,1295,1294,1296,-1,1295,1296,1297,-1,1297,1296,1298,-1,1297,1298,1299,-1,1299,1298,1300,-1,1299,1300,1301,-1,1301,1300,1302,-1,1301,1302,1303,-1,1303,1302,1304,-1,1303,1304,1305,-1,1305,1304,1306,-1,1305,1306,1307,-1,1307,1306,1308,-1,1307,1308,1309,-1,1309,1308,1310,-1,1309,1310,1311,-1,1311,1310,1312,-1,1311,1312,1313,-1,1313,1312,1314,-1,1313,1314,1315,-1,1315,1314,1316,-1,1315,1316,1317,-1,1317,1316,1318,-1,1317,1318,1319,-1,1319,1318,1320,-1,1319,1320,1321,-1,1321,1320,1322,-1,1321,1322,1323,-1,1323,1322,1324,-1,1323,1324,1325,-1,1325,1324,1326,-1,1325,1326,1327,-1,1327,1326,1328,-1,1327,1328,1329,-1,1329,1328,1330,-1,1329,1330,1331,-1,1331,1330,1332,-1,1331,1332,1333,-1,1333,1332,1334,-1,1333,1334,1335,-1,1335,1334,1336,-1,1335,1336,1337,-1,1337,1336,1338,-1,1337,1338,1339,-1,1339,1338,1340,-1,1339,1340,1341,-1,1341,1340,1342,-1,1341,1342,1343,-1,1344,249,1345,-1,1345,249,248,-1,1345,248,1276,-1,1276,248,246,-1,1276,246,244,-1,1346,234,1344,-1,1344,234,240,-1,1344,240,249,-1,1257,1347,1258,-1,1258,1347,1348,-1,1258,1348,1259,-1,1259,1348,1349,-1,1259,1349,1260,-1,1260,1349,1350,-1,1260,1350,1261,-1,1261,1350,1351,-1,1261,1351,1262,-1,1262,1351,1352,-1,1262,1352,1263,-1,1263,1352,1353,-1,1263,1353,1264,-1,1264,1353,1354,-1,1264,1354,1265,-1,1265,1354,1355,-1,1265,1355,1266,-1,1266,1355,1356,-1,1266,1356,1268,-1,1268,1356,1357,-1,1268,1357,1267,-1,1267,1357,1358,-1,1267,1358,1269,-1,1269,1358,1359,-1,1269,1359,1274,-1,1274,1359,1360,-1,1274,1360,1273,-1,1273,1360,1361,-1,1273,1361,1272,-1,1272,1361,1362,-1,1272,1362,1271,-1,1271,1362,1363,-1,1271,1363,1270,-1,1270,1363,1364,-1,1270,1364,1275,-1,1275,1364,1365,-1,1275,1365,1278,-1,1278,1365,1366,-1,1278,1366,1277,-1,1277,1366,1367,-1,1277,1367,1276,-1,1276,1367,1368,-1,1276,1368,1345,-1,1345,1368,1369,-1,1345,1369,1344,-1,1344,1369,1370,-1,1344,1370,1346,-1,1346,1370,1371,-1,1347,1372,1348,-1,1348,1372,1373,-1,1348,1373,1349,-1,1349,1373,1374,-1,1349,1374,1350,-1,1350,1374,1375,-1,1350,1375,1351,-1,1351,1375,1376,-1,1351,1376,1352,-1,1352,1376,1377,-1,1352,1377,1353,-1,1353,1377,1378,-1,1353,1378,1354,-1,1354,1378,1379,-1,1354,1379,1355,-1,1355,1379,1380,-1,1355,1380,1356,-1,1356,1380,1381,-1,1356,1381,1357,-1,1357,1381,1382,-1,1357,1382,1358,-1,1358,1382,1383,-1,1358,1383,1359,-1,1359,1383,1384,-1,1359,1384,1360,-1,1360,1384,1385,-1,1360,1385,1361,-1,1361,1385,1386,-1,1361,1386,1362,-1,1362,1386,1387,-1,1362,1387,1363,-1,1363,1387,1388,-1,1363,1388,1364,-1,1364,1388,1389,-1,1364,1389,1365,-1,1365,1389,1390,-1,1365,1390,1366,-1,1366,1390,1391,-1,1366,1391,1367,-1,1367,1391,1392,-1,1367,1392,1368,-1,1368,1392,1393,-1,1368,1393,1369,-1,1369,1393,1394,-1,1369,1394,1370,-1,1370,1394,1395,-1,1370,1395,1371,-1,1371,1395,1396,-1,1372,1397,1373,-1,1373,1397,1398,-1,1373,1398,1374,-1,1374,1398,1399,-1,1374,1399,1375,-1,1375,1399,1400,-1,1375,1400,1376,-1,1376,1400,1401,-1,1376,1401,1377,-1,1377,1401,1402,-1,1377,1402,1378,-1,1378,1402,1403,-1,1378,1403,1379,-1,1379,1403,1404,-1,1379,1404,1380,-1,1380,1404,1405,-1,1380,1405,1381,-1,1381,1405,1406,-1,1381,1406,1382,-1,1382,1406,1407,-1,1382,1407,1383,-1,1383,1407,1408,-1,1383,1408,1384,-1,1384,1408,1409,-1,1384,1409,1385,-1,1385,1409,1410,-1,1385,1410,1386,-1,1386,1410,1411,-1,1386,1411,1387,-1,1387,1411,1412,-1,1387,1412,1388,-1,1388,1412,1413,-1,1388,1413,1389,-1,1389,1413,1414,-1,1389,1414,1390,-1,1390,1414,1415,-1,1390,1415,1391,-1,1391,1415,1416,-1,1391,1416,1392,-1,1392,1416,1417,-1,1392,1417,1393,-1,1393,1417,1418,-1,1393,1418,1394,-1,1394,1418,1419,-1,1394,1419,1395,-1,1395,1419,1420,-1,1395,1420,1396,-1,1396,1420,1421,-1,1422,1421,1423,-1,1423,1421,1420,-1,1423,1420,1424,-1,1424,1420,1419,-1,1424,1419,1425,-1,1425,1419,1418,-1,1425,1418,1426,-1,1426,1418,1417,-1,1426,1417,1427,-1,1427,1417,1416,-1,1427,1416,1428,-1,1428,1416,1415,-1,1428,1415,1429,-1,1429,1415,1414,-1,1429,1414,1430,-1,1430,1414,1413,-1,1430,1413,1431,-1,1431,1413,1412,-1,1431,1412,1432,-1,1432,1412,1411,-1,1432,1411,1433,-1,1433,1411,1410,-1,1433,1410,1434,-1,1434,1410,1409,-1,1434,1409,1435,-1,1435,1409,1408,-1,1435,1408,1436,-1,1436,1408,1407,-1,1436,1407,1437,-1,1437,1407,1406,-1,1437,1406,1438,-1,1438,1406,1405,-1,1438,1405,1439,-1,1439,1405,1404,-1,1439,1404,1440,-1,1440,1404,1403,-1,1440,1403,1441,-1,1441,1403,1402,-1,1441,1402,1442,-1,1442,1402,1401,-1,1442,1401,1443,-1,1443,1401,1400,-1,1443,1400,1444,-1,1444,1400,1399,-1,1444,1399,1445,-1,1445,1399,1398,-1,1445,1398,1176,-1,1176,1398,1397,-1,1176,1397,1175,-1,1175,1397,1372,-1,1175,1372,1174,-1,1174,1372,1347,-1,1174,1347,1173,-1,1173,1347,1257,-1,1173,1257,1172,-1,1172,1257,311,-1,1172,311,544,-1,1446,233,1447,-1,1447,233,237,-1,1447,237,235,-1,1448,229,1449,-1,1449,229,86,-1,1449,86,1446,-1,1446,86,85,-1,1446,85,233,-1,1450,224,1451,-1,1451,224,223,-1,1451,223,1452,-1,1452,223,228,-1,1452,228,1448,-1,1448,228,231,-1,1448,231,229,-1,1453,215,1454,-1,1454,215,220,-1,1454,220,1455,-1,1455,220,222,-1,1455,222,1450,-1,1450,222,226,-1,1450,226,224,-1,1447,1456,1446,-1,1446,1456,1457,-1,1446,1457,1449,-1,1449,1457,1458,-1,1449,1458,1448,-1,1448,1458,1459,-1,1448,1459,1452,-1,1452,1459,1460,-1,1452,1460,1451,-1,1451,1460,1461,-1,1451,1461,1450,-1,1450,1461,1462,-1,1450,1462,1455,-1,1455,1462,1463,-1,1455,1463,1454,-1,1454,1463,1464,-1,1454,1464,1453,-1,1453,1464,1465,-1,1456,1466,1457,-1,1457,1466,1467,-1,1457,1467,1458,-1,1458,1467,1468,-1,1458,1468,1459,-1,1459,1468,1469,-1,1459,1469,1460,-1,1460,1469,1470,-1,1460,1470,1461,-1,1461,1470,1471,-1,1461,1471,1462,-1,1462,1471,1472,-1,1462,1472,1463,-1,1463,1472,1473,-1,1463,1473,1464,-1,1464,1473,1474,-1,1464,1474,1465,-1,1465,1474,1475,-1,1466,1476,1467,-1,1467,1476,1477,-1,1467,1477,1468,-1,1468,1477,1478,-1,1468,1478,1469,-1,1469,1478,1479,-1,1469,1479,1470,-1,1470,1479,1480,-1,1470,1480,1471,-1,1471,1480,1481,-1,1471,1481,1472,-1,1472,1481,1482,-1,1472,1482,1473,-1,1473,1482,1483,-1,1473,1483,1474,-1,1474,1483,1484,-1,1474,1484,1475,-1,1475,1484,1485,-1,1486,1485,1487,-1,1487,1485,1484,-1,1487,1484,1488,-1,1488,1484,1483,-1,1488,1483,1489,-1,1489,1483,1482,-1,1489,1482,1490,-1,1490,1482,1481,-1,1490,1481,1491,-1,1491,1481,1480,-1,1491,1480,1492,-1,1492,1480,1479,-1,1492,1479,1493,-1,1493,1479,1478,-1,1493,1478,1494,-1,1494,1478,1477,-1,1494,1477,1422,-1,1422,1477,1476,-1,1422,1476,1421,-1,1421,1476,1466,-1,1421,1466,1396,-1,1396,1466,1456,-1,1396,1456,1371,-1,1371,1456,1447,-1,1371,1447,1346,-1,1346,1447,235,-1,1346,235,234,-1,1139,1495,1140,-1,1140,1495,1496,-1,1140,1496,1141,-1,1141,1496,1497,-1,1141,1497,1142,-1,1142,1497,1498,-1,1142,1498,1143,-1,1143,1498,1499,-1,1143,1499,1144,-1,1144,1499,1500,-1,1144,1500,1145,-1,1145,1500,1501,-1,1145,1501,1146,-1,1146,1501,1502,-1,1146,1502,1147,-1,1147,1502,1503,-1,1147,1503,1148,-1,1148,1503,1504,-1,1148,1504,1177,-1,1177,1504,1505,-1,1177,1505,1176,-1,1176,1505,1506,-1,1176,1506,1445,-1,1445,1506,1507,-1,1445,1507,1444,-1,1444,1507,1508,-1,1444,1508,1443,-1,1443,1508,1509,-1,1443,1509,1442,-1,1442,1509,1510,-1,1442,1510,1441,-1,1441,1510,1511,-1,1441,1511,1440,-1,1440,1511,1512,-1,1440,1512,1439,-1,1439,1512,1513,-1,1439,1513,1438,-1,1438,1513,1514,-1,1438,1514,1437,-1,1437,1514,1515,-1,1437,1515,1436,-1,1436,1515,1516,-1,1436,1516,1435,-1,1435,1516,1517,-1,1435,1517,1434,-1,1434,1517,1518,-1,1434,1518,1433,-1,1433,1518,1519,-1,1433,1519,1432,-1,1432,1519,1520,-1,1432,1520,1431,-1,1431,1520,1521,-1,1431,1521,1430,-1,1430,1521,1522,-1,1430,1522,1429,-1,1429,1522,1523,-1,1429,1523,1428,-1,1428,1523,1524,-1,1428,1524,1427,-1,1427,1524,1525,-1,1427,1525,1426,-1,1426,1525,1526,-1,1426,1526,1425,-1,1425,1526,1527,-1,1425,1527,1424,-1,1424,1527,1528,-1,1424,1528,1423,-1,1423,1528,1529,-1,1423,1529,1422,-1,1422,1529,1530,-1,1422,1530,1494,-1,1494,1530,1531,-1,1494,1531,1493,-1,1493,1531,1532,-1,1493,1532,1492,-1,1492,1532,1533,-1,1492,1533,1491,-1,1491,1533,1534,-1,1491,1534,1490,-1,1490,1534,1535,-1,1490,1535,1489,-1,1489,1535,1536,-1,1489,1536,1488,-1,1488,1536,1537,-1,1488,1537,1487,-1,1487,1537,1538,-1,1487,1538,1486,-1,1486,1538,1539,-1,1495,1540,1496,-1,1496,1540,1541,-1,1496,1541,1497,-1,1497,1541,1542,-1,1497,1542,1498,-1,1498,1542,1543,-1,1498,1543,1499,-1,1499,1543,1544,-1,1499,1544,1500,-1,1500,1544,1545,-1,1500,1545,1501,-1,1501,1545,1546,-1,1501,1546,1502,-1,1502,1546,1547,-1,1502,1547,1503,-1,1503,1547,1548,-1,1503,1548,1504,-1,1504,1548,1549,-1,1504,1549,1505,-1,1505,1549,1550,-1,1505,1550,1506,-1,1506,1550,1551,-1,1506,1551,1507,-1,1507,1551,1552,-1,1507,1552,1508,-1,1508,1552,1553,-1,1508,1553,1509,-1,1509,1553,1554,-1,1509,1554,1510,-1,1510,1554,1555,-1,1510,1555,1511,-1,1511,1555,1556,-1,1511,1556,1512,-1,1512,1556,1557,-1,1512,1557,1513,-1,1513,1557,1558,-1,1513,1558,1514,-1,1514,1558,1559,-1,1514,1559,1515,-1,1515,1559,1560,-1,1515,1560,1516,-1,1516,1560,1561,-1,1516,1561,1517,-1,1517,1561,1562,-1,1517,1562,1518,-1,1518,1562,1563,-1,1518,1563,1519,-1,1519,1563,1564,-1,1519,1564,1520,-1,1520,1564,1565,-1,1520,1565,1521,-1,1521,1565,1566,-1,1521,1566,1522,-1,1522,1566,1567,-1,1522,1567,1523,-1,1523,1567,1568,-1,1523,1568,1524,-1,1524,1568,1569,-1,1524,1569,1525,-1,1525,1569,1570,-1,1525,1570,1526,-1,1526,1570,1571,-1,1526,1571,1527,-1,1527,1571,1572,-1,1527,1572,1528,-1,1528,1572,1573,-1,1528,1573,1529,-1,1529,1573,1574,-1,1529,1574,1530,-1,1530,1574,1575,-1,1530,1575,1531,-1,1531,1575,1576,-1,1531,1576,1532,-1,1532,1576,1577,-1,1532,1577,1533,-1,1533,1577,1578,-1,1533,1578,1534,-1,1534,1578,1579,-1,1534,1579,1535,-1,1535,1579,1580,-1,1535,1580,1536,-1,1536,1580,1581,-1,1536,1581,1537,-1,1537,1581,1582,-1,1537,1582,1538,-1,1538,1582,1583,-1,1538,1583,1539,-1,1539,1583,1584,-1,1540,1076,1541,-1,1541,1076,1078,-1,1541,1078,1542,-1,1542,1078,1279,-1,1542,1279,1543,-1,1543,1279,1281,-1,1543,1281,1544,-1,1544,1281,1283,-1,1544,1283,1545,-1,1545,1283,1285,-1,1545,1285,1546,-1,1546,1285,1287,-1,1546,1287,1547,-1,1547,1287,1289,-1,1547,1289,1548,-1,1548,1289,1291,-1,1548,1291,1549,-1,1549,1291,1293,-1,1549,1293,1550,-1,1550,1293,1295,-1,1550,1295,1551,-1,1551,1295,1297,-1,1551,1297,1552,-1,1552,1297,1299,-1,1552,1299,1553,-1,1553,1299,1301,-1,1553,1301,1554,-1,1554,1301,1303,-1,1554,1303,1555,-1,1555,1303,1305,-1,1555,1305,1556,-1,1556,1305,1307,-1,1556,1307,1557,-1,1557,1307,1309,-1,1557,1309,1558,-1,1558,1309,1311,-1,1558,1311,1559,-1,1559,1311,1313,-1,1559,1313,1560,-1,1560,1313,1315,-1,1560,1315,1561,-1,1561,1315,1317,-1,1561,1317,1562,-1,1562,1317,1319,-1,1562,1319,1563,-1,1563,1319,1321,-1,1563,1321,1564,-1,1564,1321,1323,-1,1564,1323,1565,-1,1565,1323,1325,-1,1565,1325,1566,-1,1566,1325,1327,-1,1566,1327,1567,-1,1567,1327,1329,-1,1567,1329,1568,-1,1568,1329,1331,-1,1568,1331,1569,-1,1569,1331,1333,-1,1569,1333,1570,-1,1570,1333,1335,-1,1570,1335,1571,-1,1571,1335,1337,-1,1571,1337,1572,-1,1572,1337,1339,-1,1572,1339,1573,-1,1573,1339,1341,-1,1573,1341,1574,-1,1574,1341,1343,-1,1574,1343,1575,-1,1575,1343,1585,-1,1575,1585,1576,-1,1576,1585,1586,-1,1576,1586,1577,-1,1577,1586,1587,-1,1577,1587,1578,-1,1578,1587,1588,-1,1578,1588,1579,-1,1579,1588,1589,-1,1579,1589,1580,-1,1580,1589,1590,-1,1580,1590,1581,-1,1581,1590,1591,-1,1581,1591,1582,-1,1582,1591,1592,-1,1582,1592,1583,-1,1583,1592,1593,-1,1583,1593,1584,-1,1584,1593,1594,-1,1342,1595,1343,-1,1343,1595,1596,-1,1343,1596,1585,-1,1585,1596,1597,-1,1585,1597,1586,-1,1586,1597,1598,-1,1586,1598,1587,-1,1587,1598,1599,-1,1587,1599,1588,-1,1588,1599,1600,-1,1588,1600,1589,-1,1589,1600,1601,-1,1589,1601,1590,-1,1590,1601,1602,-1,1590,1602,1591,-1,1591,1602,1603,-1,1591,1603,1592,-1,1592,1603,1604,-1,1592,1604,1593,-1,1593,1604,1605,-1,1593,1605,1594,-1,1594,1605,1606,-1,1001,997,1002,-1,1002,997,999,-1,1002,999,1280,-1,1280,999,1607,-1,1280,1607,1282,-1,1282,1607,1608,-1,1282,1608,1284,-1,1284,1608,1609,-1,1284,1609,1286,-1,1286,1609,1610,-1,1286,1610,1288,-1,1288,1610,1611,-1,1288,1611,1290,-1,1290,1611,1612,-1,1290,1612,1292,-1,1292,1612,1613,-1,1292,1613,1294,-1,1294,1613,1614,-1,1294,1614,1296,-1,1296,1614,1615,-1,1296,1615,1298,-1,1298,1615,1616,-1,1298,1616,1300,-1,1300,1616,1617,-1,1300,1617,1302,-1,1302,1617,1618,-1,1302,1618,1304,-1,1304,1618,1619,-1,1304,1619,1306,-1,1306,1619,1620,-1,1306,1620,1308,-1,1308,1620,1621,-1,1308,1621,1310,-1,1310,1621,1622,-1,1310,1622,1312,-1,1312,1622,1623,-1,1312,1623,1314,-1,1314,1623,1624,-1,1314,1624,1316,-1,1316,1624,1625,-1,1316,1625,1318,-1,1318,1625,1626,-1,1318,1626,1320,-1,1320,1626,1627,-1,1320,1627,1322,-1,1322,1627,1628,-1,1322,1628,1324,-1,1324,1628,1629,-1,1324,1629,1326,-1,1326,1629,1630,-1,1326,1630,1328,-1,1328,1630,1631,-1,1328,1631,1330,-1,1330,1631,1632,-1,1330,1632,1332,-1,1332,1632,1633,-1,1332,1633,1334,-1,1334,1633,1634,-1,1334,1634,1336,-1,1336,1634,1635,-1,1336,1635,1338,-1,1338,1635,1636,-1,1338,1636,1340,-1,1340,1636,1637,-1,1340,1637,1342,-1,1342,1637,1638,-1,1342,1638,1595,-1,1595,1638,1639,-1,1595,1639,1596,-1,1596,1639,1640,-1,1596,1640,1597,-1,1597,1640,1641,-1,1597,1641,1598,-1,1598,1641,1642,-1,1598,1642,1599,-1,1599,1642,1643,-1,1599,1643,1600,-1,1600,1643,1644,-1,1600,1644,1601,-1,1601,1644,1645,-1,1601,1645,1602,-1,1602,1645,1646,-1,1602,1646,1603,-1,1603,1646,1647,-1,1603,1647,1604,-1,1604,1647,1648,-1,1604,1648,1605,-1,1605,1648,1649,-1,1605,1649,1606,-1,1606,1649,1650,-1,998,1149,999,-1,999,1149,1150,-1,999,1150,1607,-1,1607,1150,1151,-1,1607,1151,1608,-1,1608,1151,1152,-1,1608,1152,1609,-1,1609,1152,1153,-1,1609,1153,1610,-1,1610,1153,1154,-1,1610,1154,1611,-1,1611,1154,1155,-1,1611,1155,1612,-1,1612,1155,1156,-1,1612,1156,1613,-1,1613,1156,1157,-1,1613,1157,1614,-1,1614,1157,1158,-1,1614,1158,1615,-1,1615,1158,1159,-1,1615,1159,1616,-1,1616,1159,1651,-1,1616,1651,1617,-1,1617,1651,1652,-1,1617,1652,1618,-1,1618,1652,1653,-1,1618,1653,1619,-1,1619,1653,1654,-1,1619,1654,1620,-1,1620,1654,1655,-1,1620,1655,1621,-1,1621,1655,1656,-1,1621,1656,1622,-1,1622,1656,1657,-1,1622,1657,1623,-1,1623,1657,1658,-1,1623,1658,1624,-1,1624,1658,1659,-1,1624,1659,1625,-1,1625,1659,1660,-1,1625,1660,1626,-1,1626,1660,1661,-1,1626,1661,1627,-1,1627,1661,1662,-1,1627,1662,1628,-1,1628,1662,1663,-1,1628,1663,1629,-1,1629,1663,1664,-1,1629,1664,1630,-1,1630,1664,1665,-1,1630,1665,1631,-1,1631,1665,1666,-1,1631,1666,1632,-1,1632,1666,1667,-1,1632,1667,1633,-1,1633,1667,1668,-1,1633,1668,1634,-1,1634,1668,1669,-1,1634,1669,1635,-1,1635,1669,1670,-1,1635,1670,1636,-1,1636,1670,1671,-1,1636,1671,1637,-1,1637,1671,1672,-1,1637,1672,1638,-1,1638,1672,1673,-1,1638,1673,1639,-1,1639,1673,1674,-1,1639,1674,1640,-1,1640,1674,1675,-1,1640,1675,1641,-1,1641,1675,1676,-1,1641,1676,1642,-1,1642,1676,1677,-1,1642,1677,1643,-1,1643,1677,1678,-1,1643,1678,1644,-1,1644,1678,1679,-1,1644,1679,1645,-1,1645,1679,1680,-1,1645,1680,1646,-1,1646,1680,1681,-1,1646,1681,1647,-1,1647,1681,1682,-1,1647,1682,1648,-1,1648,1682,1683,-1,1648,1683,1649,-1,1649,1683,1684,-1,1649,1684,1650,-1,1650,1684,1685,-1,118,116,1011,-1,1011,116,1071,-1,1011,1071,1169,-1,1169,1071,1070,-1,1169,1070,1170,-1,1170,1070,1068,-1,1170,1068,1171,-1,1171,1068,1066,-1,1171,1066,1159,-1,1159,1066,1065,-1,1159,1065,1651,-1,1651,1065,1178,-1,1651,1178,1652,-1,1652,1178,1686,-1,1652,1686,1653,-1,1653,1686,1687,-1,1653,1687,1654,-1,1654,1687,1688,-1,1654,1688,1655,-1,1655,1688,1689,-1,1655,1689,1656,-1,1656,1689,1690,-1,1656,1690,1657,-1,1657,1690,1691,-1,1657,1691,1658,-1,1658,1691,1692,-1,1658,1692,1659,-1,1659,1692,1693,-1,1659,1693,1660,-1,1660,1693,1694,-1,1660,1694,1661,-1,1661,1694,1695,-1,1661,1695,1662,-1,1662,1695,1696,-1,1662,1696,1663,-1,1663,1696,1697,-1,1663,1697,1664,-1,1664,1697,1698,-1,1664,1698,1665,-1,1665,1698,1699,-1,1665,1699,1666,-1,1666,1699,1700,-1,1666,1700,1667,-1,1667,1700,1701,-1,1667,1701,1668,-1,1668,1701,1702,-1,1668,1702,1669,-1,1669,1702,1703,-1,1669,1703,1670,-1,1670,1703,1704,-1,1670,1704,1671,-1,1671,1704,1705,-1,1671,1705,1672,-1,1672,1705,1706,-1,1672,1706,1673,-1,1673,1706,1707,-1,1673,1707,1674,-1,1674,1707,1708,-1,1674,1708,1675,-1,1675,1708,1709,-1,1675,1709,1676,-1,1676,1709,1710,-1,1676,1710,1677,-1,1677,1710,1711,-1,1677,1711,1678,-1,1678,1711,1712,-1,1678,1712,1679,-1,1679,1712,1713,-1,1679,1713,1680,-1,1680,1713,1714,-1,1680,1714,1681,-1,1681,1714,1715,-1,1681,1715,1682,-1,1682,1715,1716,-1,1682,1716,1683,-1,1683,1716,1717,-1,1683,1717,1684,-1,1684,1717,1718,-1,1684,1718,1685,-1,1685,1718,1719,-1,212,218,1720,-1,1720,218,216,-1,123,333,1181,-1,1181,333,1013,-1,1181,1013,1180,-1,1180,1013,1255,-1,1180,1255,1179,-1,1179,1255,1253,-1,1179,1253,1178,-1,1178,1253,1251,-1,1178,1251,1686,-1,1686,1251,1249,-1,1686,1249,1687,-1,1687,1249,1247,-1,1687,1247,1688,-1,1688,1247,1245,-1,1688,1245,1689,-1,1689,1245,1243,-1,1689,1243,1690,-1,1690,1243,1241,-1,1690,1241,1691,-1,1691,1241,1239,-1,1691,1239,1692,-1,1692,1239,1237,-1,1692,1237,1693,-1,1693,1237,1235,-1,1693,1235,1694,-1,1694,1235,1233,-1,1694,1233,1695,-1,1695,1233,1231,-1,1695,1231,1696,-1,1696,1231,1229,-1,1696,1229,1697,-1,1697,1229,1227,-1,1697,1227,1698,-1,1698,1227,1225,-1,1698,1225,1699,-1,1699,1225,1223,-1,1699,1223,1700,-1,1700,1223,1221,-1,1700,1221,1701,-1,1701,1221,1219,-1,1701,1219,1702,-1,1702,1219,1217,-1,1702,1217,1703,-1,1703,1217,1215,-1,1703,1215,1704,-1,1704,1215,1213,-1,1704,1213,1705,-1,1705,1213,1211,-1,1705,1211,1706,-1,1706,1211,1209,-1,1706,1209,1707,-1,1707,1209,1207,-1,1707,1207,1708,-1,1708,1207,1205,-1,1708,1205,1709,-1,1709,1205,1203,-1,1709,1203,1710,-1,1710,1203,1201,-1,1710,1201,1711,-1,1711,1201,1199,-1,1711,1199,1712,-1,1712,1199,1197,-1,1712,1197,1713,-1,1713,1197,1195,-1,1713,1195,1714,-1,1714,1195,1193,-1,1714,1193,1715,-1,1715,1193,1191,-1,1715,1191,1716,-1,1716,1191,1189,-1,1716,1189,1717,-1,1717,1189,1187,-1,1717,1187,1718,-1,1718,1187,1185,-1,1718,1185,1719,-1,1719,1185,1183,-1,1721,213,212,-1,212,1720,1721,-1,1721,1720,1722,-1,1721,1722,1723,-1,988,990,1724,-1,1724,990,1725,-1,1724,1725,1726,-1,1726,1725,1727,-1,1726,1727,1728,-1,1729,1730,1731,-1,1731,1730,1732,-1,1731,1732,1733,-1,1733,1732,1734,-1,1733,1734,1735,-1,1735,1734,1736,-1,1735,1736,1737,-1,206,205,1721,-1,206,1721,201,-1,24,211,25,-1,25,211,210,-1,25,210,209,-1,208,207,1721,-1,1721,207,202,-1,1721,202,201,-1,205,204,1721,-1,1721,204,214,-1,1721,214,213,-1,209,208,25,-1,25,208,1721,-1,25,1721,29,-1,29,1721,1723,-1,29,1723,30,-1,30,1723,31,-1,32,31,991,-1,991,31,1723,-1,991,1723,992,-1,992,1723,1722,-1,989,988,991,-1,991,988,33,-1,991,33,32,-1,39,38,1728,-1,1728,38,37,-1,1728,37,1726,-1,1726,37,36,-1,1726,36,1724,-1,1724,36,35,-1,1724,35,988,-1,988,35,34,-1,988,34,33,-1,1727,1738,1728,-1,1728,1738,1739,-1,1728,1739,39,-1,42,41,1739,-1,1739,41,40,-1,1739,40,39,-1,1738,1737,1739,-1,1739,1737,1736,-1,1739,1736,42,-1,42,1736,1734,-1,42,1734,43,-1,43,1734,1732,-1,43,1732,44,-1,44,1732,1730,-1,44,1730,45,-1,49,48,1729,-1,1729,48,47,-1,1729,47,1730,-1,1730,47,46,-1,1730,46,45,-1,50,49,1182,-1,1182,49,1729,-1,1182,1729,1183,-1,1183,1729,1731,-1,1183,1731,1719,-1,1719,1731,1733,-1,1719,1733,1685,-1,1685,1733,1735,-1,1685,1735,1650,-1,1650,1735,1737,-1,1650,1737,1606,-1,1606,1737,1738,-1,1606,1738,1594,-1,1594,1738,1727,-1,1594,1727,1584,-1,1584,1727,1725,-1,1584,1725,1539,-1,1539,1725,990,-1,1539,990,1486,-1,1486,990,989,-1,1486,989,1485,-1,1485,989,992,-1,1485,992,1475,-1,1475,992,1722,-1,1475,1722,1465,-1,1465,1722,1720,-1,1465,1720,1453,-1,1453,1720,216,-1,1453,216,215,-1,126,128,1256,-1,1256,128,1049,-1,1256,1049,1254,-1,1254,1049,1050,-1,1254,1050,1252,-1,1252,1050,1047,-1,1252,1047,1250,-1,1250,1047,1048,-1,1250,1048,1248,-1,1248,1048,1045,-1,1248,1045,1246,-1,1246,1045,1046,-1,1246,1046,1244,-1,1244,1046,1044,-1,1244,1044,1242,-1,1242,1044,1042,-1,1242,1042,1240,-1,1240,1042,1043,-1,1240,1043,1238,-1,1238,1043,1041,-1,1238,1041,1236,-1,1236,1041,1040,-1,1236,1040,1234,-1,1234,1040,1039,-1,1234,1039,1232,-1,1232,1039,1038,-1,1232,1038,1230,-1,1230,1038,1037,-1,1230,1037,1228,-1,1228,1037,1036,-1,1228,1036,1226,-1,1226,1036,1032,-1,1226,1032,1224,-1,1224,1032,1033,-1,1224,1033,1222,-1,1222,1033,1034,-1,1222,1034,1220,-1,1220,1034,1035,-1,1220,1035,1218,-1,1218,1035,1031,-1,1218,1031,1216,-1,1216,1031,1030,-1,1216,1030,1214,-1,1214,1030,1029,-1,1214,1029,1212,-1,1212,1029,1026,-1,1212,1026,1210,-1,1210,1026,1027,-1,1210,1027,1208,-1,1208,1027,1028,-1,1208,1028,1206,-1,1206,1028,1023,-1,1206,1023,1204,-1,1204,1023,1024,-1,1204,1024,1202,-1,1202,1024,1025,-1,1202,1025,1200,-1,1200,1025,1022,-1,1200,1022,1198,-1,1198,1022,1021,-1,1198,1021,1196,-1,1196,1021,1020,-1,1196,1020,1194,-1,1194,1020,1018,-1,1194,1018,1192,-1,1192,1018,1019,-1,1192,1019,1190,-1,1190,1019,1015,-1,1190,1015,1188,-1,1188,1015,1016,-1,1188,1016,1186,-1,1186,1016,1017,-1,1186,1017,1184,-1,1184,1017,1014,-1,1184,1014,1182,-1,1182,1014,51,-1,1182,51,50,-1,1740,393,1741,-1,1741,393,64,-1,1080,1742,1000,-1,1000,1742,1743,-1,1000,1743,1001,-1,1001,1743,1744,-1,1001,1744,997,-1,997,1744,998,-1,998,1744,1745,-1,998,1745,1149,-1,1746,1083,1745,-1,1745,1083,1082,-1,1745,1082,1149,-1,1747,1085,1748,-1,1748,1085,1057,-1,1748,1057,1746,-1,1746,1057,1056,-1,1746,1056,1083,-1,95,995,1747,-1,1747,995,994,-1,1747,994,1085,-1,95,1747,96,-1,96,1747,1749,-1,96,1749,98,-1,98,1749,389,-1,389,1749,1750,-1,389,1750,390,-1,390,1750,1751,-1,390,1751,392,-1,392,1751,76,-1,76,1751,1752,-1,76,1752,77,-1,1753,69,1752,-1,1752,69,441,-1,1752,441,77,-1,64,63,1741,-1,1741,63,67,-1,1741,67,1754,-1,1754,67,66,-1,1754,66,1753,-1,1753,66,70,-1,1753,70,69,-1,1755,1740,1756,-1,1756,1740,1741,-1,1756,1741,1757,-1,1757,1741,1754,-1,1757,1754,1758,-1,1758,1754,1753,-1,1758,1753,1759,-1,1759,1753,1752,-1,1759,1752,1760,-1,1760,1752,1751,-1,1760,1751,1761,-1,1761,1751,1750,-1,1761,1750,1762,-1,1762,1750,1749,-1,1762,1749,1763,-1,1763,1749,1747,-1,1763,1747,1764,-1,1764,1747,1748,-1,1764,1748,1765,-1,1765,1748,1746,-1,1765,1746,1766,-1,1766,1746,1745,-1,1766,1745,1767,-1,1767,1745,1744,-1,1767,1744,1768,-1,1768,1744,1743,-1,1768,1743,1769,-1,1769,1743,1742,-1,1761,1762,1770,-1,1764,1765,1771,-1,1765,1766,1771,-1,1771,1766,1767,-1,1771,1767,1768,-1,1772,1773,1771,-1,1772,1771,1774,-1,1768,1769,1771,-1,1771,1769,1775,-1,1771,1775,1776,-1,1776,1777,1771,-1,1771,1777,1778,-1,1771,1778,1774,-1,1779,1780,1770,-1,1770,1780,1781,-1,1770,1781,1755,-1,1782,1783,1770,-1,1770,1783,1784,-1,1770,1784,1779,-1,1782,1770,1773,-1,1773,1770,1762,-1,1773,1762,1771,-1,1771,1762,1763,-1,1771,1763,1764,-1,1755,1756,1770,-1,1770,1756,1757,-1,1770,1757,1758,-1,1758,1759,1770,-1,1770,1759,1760,-1,1770,1760,1761,-1,1742,1080,1785,-1,1785,1080,1079,-1,393,1740,394,-1,394,1740,1786,-1,394,1786,396,-1,396,1786,1787,-1,396,1787,60,-1,60,1787,61,-1,61,1787,1788,-1,61,1788,419,-1,1789,399,1788,-1,1788,399,398,-1,1788,398,419,-1,1790,74,1791,-1,1791,74,73,-1,1791,73,1789,-1,1789,73,461,-1,1789,461,399,-1,400,401,1790,-1,1790,401,402,-1,1790,402,74,-1,400,1790,1006,-1,1006,1790,1792,-1,1006,1792,1007,-1,1007,1792,1110,-1,1110,1792,1793,-1,1110,1793,1072,-1,1072,1793,1794,-1,1072,1794,1073,-1,1073,1794,1075,-1,1075,1794,1795,-1,1075,1795,1003,-1,1003,1795,1004,-1,1004,1795,1796,-1,1004,1796,1139,-1,1079,1077,1785,-1,1785,1077,1076,-1,1785,1076,1797,-1,1797,1076,1540,-1,1797,1540,1796,-1,1796,1540,1495,-1,1796,1495,1139,-1,1769,1742,1775,-1,1775,1742,1785,-1,1775,1785,1776,-1,1776,1785,1797,-1,1776,1797,1777,-1,1777,1797,1796,-1,1777,1796,1778,-1,1778,1796,1795,-1,1778,1795,1774,-1,1774,1795,1794,-1,1774,1794,1772,-1,1772,1794,1793,-1,1772,1793,1773,-1,1773,1793,1792,-1,1773,1792,1782,-1,1782,1792,1790,-1,1782,1790,1783,-1,1783,1790,1791,-1,1783,1791,1784,-1,1784,1791,1789,-1,1784,1789,1779,-1,1779,1789,1788,-1,1779,1788,1780,-1,1780,1788,1787,-1,1780,1787,1781,-1,1781,1787,1786,-1,1781,1786,1755,-1,1755,1786,1740,-1,1798,1799,1800,-1,1801,1802,1803,-1,1803,1802,1804,-1,1801,1805,1802,-1,1802,1805,1806,-1,1802,1806,1807,-1,1807,1808,1802,-1,1802,1808,1809,-1,1802,1809,1810,-1,1810,1811,1802,-1,1802,1811,1812,-1,1802,1812,1813,-1,1813,1814,1802,-1,1802,1814,1815,-1,1802,1815,1816,-1,1800,1804,1798,-1,1798,1804,1802,-1,1798,1802,1817,-1,1817,1802,1816,-1,1798,1818,1799,-1,1799,1818,1819,-1,1799,1819,1820,-1,1820,1821,1799,-1,1799,1821,1822,-1,1799,1822,1823,-1,1823,1824,1799,-1,1799,1824,1825,-1,1799,1825,1826,-1,1827,1826,1828,-1,1829,1830,1831,-1,1831,1830,1832,-1,1829,1833,1830,-1,1830,1833,1834,-1,1830,1834,1835,-1,1835,1836,1830,-1,1830,1836,1837,-1,1830,1837,1838,-1,1838,1839,1830,-1,1830,1839,1840,-1,1830,1840,1841,-1,1841,1842,1830,-1,1830,1842,1843,-1,1830,1843,1844,-1,1828,1832,1827,-1,1827,1832,1830,-1,1827,1830,1845,-1,1845,1830,1844,-1,1827,1846,1826,-1,1826,1846,1847,-1,1826,1847,1848,-1,1848,1849,1826,-1,1826,1849,1850,-1,1826,1850,1851,-1,1851,1852,1826,-1,1826,1852,1853,-1,1826,1853,1799,-1,1854,1812,1855,-1,1856,1808,1857,-1,1807,1806,1858,-1,1859,1801,1860,-1,1803,1804,1861,-1,1862,1863,1864,-1,1865,1866,1867,-1,1868,1869,1870,-1,1871,1872,1873,-1,1874,1875,1876,-1,1877,1878,1879,-1,1880,1881,1882,-1,1883,1798,1884,-1,1885,1886,1887,-1,1888,1889,1890,-1,1891,1892,1893,-1,1894,1895,1896,-1,1897,1898,1899,-1,1900,1901,1902,-1,1903,1904,1905,-1,1906,1907,1908,-1,1909,1910,1911,-1,1912,1913,1914,-1,1915,1916,1917,-1,1917,1918,1915,-1,1915,1918,1919,-1,1915,1919,1920,-1,1920,1919,1921,-1,1922,1923,1924,-1,1924,1925,1922,-1,1922,1925,1926,-1,1922,1926,1919,-1,1919,1926,1927,-1,1919,1927,1921,-1,1928,1929,1930,-1,1930,1929,1931,-1,1930,1931,1922,-1,1922,1931,1932,-1,1922,1932,1923,-1,1928,1930,1933,-1,1933,1930,1934,-1,1933,1934,1935,-1,1936,1937,1938,-1,1938,1937,1939,-1,1938,1939,1940,-1,1941,1942,1936,-1,1943,1944,1945,-1,1945,1944,1946,-1,1947,1948,1943,-1,1949,1950,1951,-1,1951,1950,1952,-1,1953,1954,1949,-1,1955,1956,1957,-1,1957,1956,1958,-1,1959,1960,1961,-1,1961,1960,1955,-1,1962,1963,1964,-1,1964,1963,1959,-1,1962,1964,1965,-1,1965,1964,1966,-1,1965,1966,1967,-1,1967,1966,1968,-1,1968,1966,1969,-1,1968,1969,1970,-1,1971,1972,1973,-1,1972,1971,1974,-1,1974,1971,1975,-1,1974,1975,1976,-1,1977,1978,1975,-1,1975,1978,1979,-1,1975,1979,1976,-1,1980,1981,1982,-1,1980,1982,1977,-1,1977,1982,1983,-1,1977,1983,1984,-1,1984,1985,1977,-1,1977,1985,1986,-1,1977,1986,1978,-1,1981,1980,1987,-1,1987,1980,1988,-1,1987,1988,1989,-1,1914,1913,1990,-1,1913,1991,1990,-1,1990,1991,1992,-1,1990,1992,1988,-1,1988,1992,1993,-1,1988,1993,1989,-1,1994,1995,1996,-1,1996,1997,1994,-1,1994,1997,1998,-1,1994,1998,1914,-1,1914,1998,1999,-1,1914,1999,1912,-1,2000,2001,2002,-1,2002,2003,2000,-1,2000,2003,2004,-1,2000,2004,1995,-1,1995,2004,2005,-1,1995,2005,1996,-1,1910,2006,1911,-1,1911,2006,2007,-1,1911,2007,2001,-1,2001,2007,2008,-1,2001,2008,2009,-1,2009,2010,2001,-1,2001,2010,2011,-1,2001,2011,2002,-1,1909,1911,2012,-1,2012,1911,2013,-1,2012,2013,2014,-1,2015,2016,2017,-1,2017,2016,2018,-1,2017,2018,2013,-1,2013,2018,2019,-1,2013,2019,2014,-1,1908,1907,2020,-1,2020,1907,2021,-1,2020,2021,2022,-1,1906,1908,2023,-1,2023,1908,2024,-1,2023,2024,2025,-1,2026,2027,2028,-1,2027,2026,2029,-1,2029,2026,2030,-1,2029,2030,2031,-1,2032,2033,2030,-1,2030,2033,2034,-1,2030,2034,2031,-1,2035,2036,2037,-1,2036,2035,2038,-1,2038,2035,2039,-1,2038,2039,2040,-1,2041,2042,2043,-1,2043,2042,2044,-1,2043,2044,2039,-1,2039,2044,2045,-1,2039,2045,2040,-1,2041,2043,2046,-1,2046,2043,2047,-1,2046,2047,2048,-1,2049,2050,2051,-1,2051,2050,2052,-1,2051,2052,2047,-1,2047,2052,2053,-1,2047,2053,2048,-1,2054,2055,2056,-1,2056,2055,2057,-1,2056,2057,2058,-1,2059,2060,2061,-1,2059,2061,2057,-1,2057,2061,2062,-1,2057,2062,2058,-1,2060,2059,2063,-1,2063,2059,2064,-1,2063,2064,2065,-1,2066,2067,2064,-1,2064,2067,2068,-1,2064,2068,2065,-1,2069,2070,2071,-1,2071,2070,2072,-1,2071,2072,2066,-1,2066,2072,2073,-1,2066,2073,2067,-1,2074,2075,2076,-1,2075,2074,2077,-1,2077,2074,2078,-1,2077,2078,2079,-1,2080,2081,2082,-1,2082,2081,2083,-1,2082,2083,2078,-1,2078,2083,2084,-1,2078,2084,2079,-1,2080,2082,2085,-1,2085,2082,2086,-1,2085,2086,2087,-1,2087,2086,2088,-1,2088,2086,2089,-1,2088,2089,2090,-1,2090,2089,2091,-1,2091,2089,2092,-1,2091,2092,2093,-1,2093,2092,2094,-1,2093,2094,2095,-1,2096,2097,2098,-1,2098,2097,2099,-1,2098,2099,2094,-1,2094,2099,2100,-1,2094,2100,2095,-1,2096,2098,2101,-1,2101,2098,2102,-1,2101,2102,2103,-1,2103,2102,2104,-1,2104,2102,2105,-1,2104,2105,2106,-1,2106,2105,2107,-1,2107,2105,2108,-1,2107,2108,2109,-1,2109,2108,2110,-1,2110,2108,2111,-1,2110,2111,2112,-1,2112,2111,2113,-1,2113,2111,2114,-1,2113,2114,2115,-1,2115,2114,2116,-1,2115,2116,2117,-1,2117,2116,2118,-1,2118,2116,2119,-1,2118,2119,2120,-1,2120,2119,2121,-1,2121,2119,2122,-1,2121,2122,2123,-1,2123,2122,2124,-1,2124,2122,2125,-1,2124,2125,2126,-1,2126,2125,2127,-1,2127,2125,2128,-1,2127,2128,2129,-1,2129,2128,2130,-1,2130,2128,1861,-1,2130,1861,2131,-1,2131,1861,1804,-1,2131,1804,1800,-1,2132,1828,2133,-1,2133,1828,1826,-1,2133,1826,1825,-1,2134,2135,2136,-1,2136,2135,2137,-1,2136,2137,2133,-1,2133,2137,2138,-1,2133,2138,2132,-1,2134,2136,2139,-1,2139,2136,2140,-1,2139,2140,2141,-1,1905,1904,2140,-1,2140,1904,2142,-1,2140,2142,2141,-1,2143,2144,1905,-1,1905,2144,2145,-1,1905,2145,1903,-1,2146,2147,2148,-1,2148,2147,2149,-1,2148,2149,2143,-1,2143,2149,2150,-1,2143,2150,2144,-1,2146,2148,2151,-1,2151,2148,2152,-1,2151,2152,2153,-1,2154,2155,2152,-1,2152,2155,2156,-1,2152,2156,2153,-1,2157,2158,2159,-1,2159,2158,2160,-1,2159,2160,2154,-1,2154,2160,2161,-1,2154,2161,2155,-1,2157,2159,2162,-1,2162,2159,2163,-1,2162,2163,2164,-1,2165,2166,2167,-1,2167,2166,2168,-1,2167,2168,2163,-1,2163,2168,2169,-1,2163,2169,2164,-1,2165,2167,2170,-1,2170,2167,2171,-1,2170,2171,2172,-1,2172,2171,2173,-1,2173,2171,2174,-1,2173,2174,2175,-1,2175,2174,2176,-1,2175,2176,2177,-1,1902,1901,2176,-1,2176,1901,2178,-1,2176,2178,2177,-1,2179,2180,2181,-1,2181,2182,2179,-1,2179,2182,2183,-1,2179,2183,1902,-1,1902,2183,2184,-1,1902,2184,1900,-1,2185,2186,2180,-1,2180,2186,2187,-1,2180,2187,2181,-1,2180,2188,2185,-1,2185,2188,2189,-1,2185,2189,2190,-1,2191,2192,2193,-1,2191,2193,2189,-1,2189,2193,2194,-1,2189,2194,2190,-1,2195,2196,2197,-1,2195,2197,2198,-1,2197,2199,2198,-1,2198,2199,2200,-1,2198,2200,2191,-1,2191,2200,2201,-1,2191,2201,2192,-1,1899,1898,2195,-1,2195,1898,2202,-1,2195,2202,2196,-1,2203,2204,1899,-1,1899,2204,2205,-1,1899,2205,1897,-1,2206,2207,2208,-1,2206,2208,2209,-1,2209,2208,2210,-1,2209,2210,2211,-1,2211,2210,2212,-1,2211,2212,2213,-1,2213,2212,2214,-1,2213,2214,2203,-1,2203,2214,2215,-1,2203,2215,2204,-1,2216,2217,2218,-1,2218,2217,2219,-1,2218,2219,2220,-1,2216,2221,2217,-1,2217,2221,2222,-1,2217,2222,2206,-1,2206,2222,2223,-1,2206,2223,2207,-1,2220,2219,2224,-1,2224,2219,2225,-1,2224,2225,2226,-1,2226,2225,2227,-1,2226,2227,2228,-1,1896,1895,2227,-1,2227,1895,2229,-1,2227,2229,2228,-1,2230,2231,2232,-1,2232,2233,2230,-1,2230,2233,2234,-1,2230,2234,1896,-1,1896,2234,2235,-1,1896,2235,1894,-1,2236,2237,2231,-1,2231,2237,2238,-1,2231,2238,2232,-1,2239,2240,2241,-1,2241,2240,2242,-1,2241,2242,2243,-1,2243,2242,2244,-1,2243,2244,2236,-1,2236,2244,2245,-1,2236,2245,2237,-1,2246,2247,2248,-1,2246,2249,2247,-1,2247,2249,2250,-1,2247,2250,2241,-1,2241,2250,2251,-1,2241,2251,2239,-1,2252,2253,2254,-1,2254,2255,2252,-1,2252,2255,2256,-1,2252,2256,2248,-1,2248,2256,2257,-1,2248,2257,2246,-1,2258,2259,2252,-1,2252,2259,2260,-1,2252,2260,2253,-1,2261,2262,2258,-1,2258,2262,2263,-1,2258,2263,2259,-1,2264,2265,2261,-1,2261,2265,2266,-1,2261,2266,2262,-1,2267,2268,2264,-1,2264,2268,2269,-1,2264,2269,2265,-1,2270,2271,2272,-1,2272,2271,2273,-1,2272,2273,2267,-1,2267,2273,2274,-1,2267,2274,2268,-1,2270,2272,2275,-1,2275,2272,2276,-1,2275,2276,2277,-1,2277,2276,2278,-1,2277,2278,2279,-1,2280,2281,2282,-1,2282,2281,2283,-1,2280,2284,2281,-1,2281,2284,2285,-1,2281,2285,2278,-1,2278,2285,2286,-1,2278,2286,2279,-1,2287,2288,2281,-1,2281,2288,2289,-1,2281,2289,2283,-1,2290,2291,2287,-1,2287,2291,2292,-1,2287,2292,2288,-1,2287,2293,2290,-1,2290,2293,2294,-1,2290,2294,2295,-1,2296,2297,2298,-1,2296,2298,2294,-1,2294,2298,2299,-1,2294,2299,2295,-1,2300,2301,2302,-1,2302,2301,2303,-1,2302,2303,2296,-1,2296,2303,2304,-1,2296,2304,2297,-1,2305,2306,2307,-1,2307,2306,2300,-1,2307,2300,2308,-1,2308,2300,2302,-1,2305,2307,2309,-1,2309,2307,2310,-1,2309,2310,2311,-1,2311,2310,2312,-1,2311,2312,2313,-1,2314,2315,2316,-1,2316,2317,2314,-1,2314,2317,2318,-1,2314,2318,2312,-1,2312,2318,2319,-1,2312,2319,2313,-1,2320,2321,2322,-1,2322,2323,2320,-1,2320,2323,2324,-1,2320,2324,2315,-1,2315,2324,2325,-1,2315,2325,2316,-1,1893,1892,2326,-1,2326,1892,2327,-1,2326,2327,2321,-1,2321,2327,2328,-1,2321,2328,2322,-1,2329,2330,2331,-1,2331,2330,2332,-1,2331,2333,2329,-1,2329,2333,2334,-1,2329,2334,1893,-1,1893,2334,2335,-1,1893,2335,1891,-1,1888,1890,1869,-1,1885,1887,2336,-1,2336,1887,2337,-1,2336,2337,2338,-1,2338,2337,2339,-1,2338,2339,2340,-1,2340,2339,2341,-1,2340,2341,2342,-1,2342,2341,2343,-1,2342,2343,2344,-1,2344,2343,2345,-1,2344,2345,2346,-1,2346,2345,2347,-1,2346,2347,2348,-1,2348,2347,2349,-1,2348,2349,2350,-1,2350,2349,2351,-1,2350,2351,2352,-1,1869,1890,1870,-1,1870,1890,2353,-1,1870,2353,2354,-1,2354,2353,2355,-1,2354,2355,2356,-1,2356,2355,2357,-1,2356,2357,2358,-1,2358,2357,2359,-1,2358,2359,2360,-1,2360,2359,2361,-1,2360,2361,2362,-1,2362,2361,2363,-1,2362,2363,2364,-1,2364,2363,2365,-1,2364,2365,2366,-1,2366,2365,2367,-1,2366,2367,2368,-1,2368,2367,2369,-1,2368,2369,2370,-1,2370,2369,2371,-1,2370,2371,2372,-1,2372,2371,2373,-1,2372,2373,2374,-1,2374,2373,2375,-1,2374,2375,2376,-1,2376,2375,2377,-1,2376,2377,2378,-1,2378,2377,2379,-1,2378,2379,2380,-1,2380,2379,2381,-1,2380,2381,2382,-1,2382,2381,2383,-1,2382,2383,2384,-1,2384,2383,2385,-1,2384,2385,2386,-1,2386,2385,2387,-1,2386,2387,2388,-1,2388,2387,2389,-1,2388,2389,2390,-1,2390,2389,2391,-1,2390,2391,2392,-1,2392,2391,2393,-1,2392,2393,2394,-1,2394,2393,2395,-1,2394,2395,2396,-1,2396,2395,2397,-1,2396,2397,2398,-1,2398,2397,2399,-1,2398,2399,2400,-1,2400,2399,2401,-1,2400,2401,2402,-1,2402,2401,2403,-1,2402,2403,2404,-1,2404,2403,2405,-1,2404,2405,2406,-1,2406,2405,2407,-1,2406,2407,2408,-1,2408,2407,2409,-1,2408,2409,2410,-1,2410,2409,2411,-1,2410,2411,2412,-1,2412,2411,2413,-1,2412,2413,2414,-1,2414,2413,2415,-1,2414,2415,2416,-1,2416,2415,2417,-1,2416,2417,2418,-1,2418,2417,2419,-1,2418,2419,2420,-1,2420,2419,2421,-1,2420,2421,2422,-1,2422,2421,2423,-1,2422,2423,2424,-1,2424,2423,2425,-1,2424,2425,2426,-1,2426,2425,2427,-1,2426,2427,2428,-1,2428,2427,2429,-1,2428,2429,2430,-1,2430,2429,2431,-1,2430,2431,2432,-1,2432,2431,2433,-1,2432,2433,2434,-1,2434,2433,2435,-1,2434,2435,2436,-1,2436,2435,2437,-1,2436,2437,2438,-1,2438,2437,2439,-1,2438,2439,2440,-1,2440,2439,2441,-1,2440,2441,2442,-1,2442,2441,2443,-1,2442,2443,2444,-1,2444,2443,2445,-1,2444,2445,2446,-1,2446,2445,2447,-1,2446,2447,2448,-1,2448,2447,2449,-1,2448,2449,2450,-1,2450,2449,2451,-1,2450,2451,2452,-1,2452,2451,2453,-1,2452,2453,2454,-1,2454,2453,2455,-1,2454,2455,2456,-1,2351,2457,2352,-1,2352,2457,2458,-1,2352,2458,2459,-1,2459,2458,2460,-1,2459,2460,2461,-1,2461,2460,2462,-1,2461,2462,2463,-1,2463,2462,2464,-1,2463,2464,2465,-1,2465,2464,2466,-1,2465,2466,2467,-1,2467,2466,2468,-1,2467,2468,2469,-1,2469,2468,2470,-1,2469,2470,2471,-1,2471,2470,2472,-1,2471,2472,2473,-1,2473,2472,2474,-1,2473,2474,2475,-1,2475,2474,2476,-1,2475,2476,2477,-1,2477,2476,2478,-1,2477,2478,2479,-1,2479,2478,2480,-1,2479,2480,2481,-1,2481,2480,2482,-1,2481,2482,2483,-1,2483,2482,2484,-1,2483,2484,2485,-1,2485,2484,2486,-1,2485,2486,2487,-1,2487,2486,2488,-1,2487,2488,2489,-1,2489,2488,2490,-1,2489,2490,2491,-1,2491,2490,2492,-1,2491,2492,2493,-1,2493,2492,2494,-1,2493,2494,2495,-1,2495,2494,2496,-1,2495,2496,2497,-1,2497,2496,2498,-1,2497,2498,2499,-1,2499,2498,2500,-1,2499,2500,2501,-1,2501,2500,2502,-1,2501,2502,2503,-1,2503,2502,2504,-1,2503,2504,2505,-1,2505,2504,2506,-1,2505,2506,2507,-1,2507,2506,2508,-1,2507,2508,2509,-1,2509,2508,2510,-1,2509,2510,2511,-1,2511,2510,2512,-1,2511,2512,2513,-1,2513,2512,2514,-1,2513,2514,2515,-1,2515,2514,2516,-1,2515,2516,2517,-1,2517,2516,2518,-1,2517,2518,2519,-1,2519,2518,2520,-1,2519,2520,2521,-1,2521,2520,2522,-1,2521,2522,2523,-1,2523,2522,2524,-1,2523,2524,2525,-1,2525,2524,2526,-1,2525,2526,2527,-1,2527,2526,2528,-1,2527,2528,2529,-1,2529,2528,2530,-1,2529,2530,2531,-1,2531,2530,2532,-1,2531,2532,2533,-1,2533,2532,2534,-1,2533,2534,2535,-1,2535,2534,2536,-1,2535,2536,2537,-1,2537,2536,2538,-1,2537,2538,2539,-1,2539,2538,2540,-1,2539,2540,2541,-1,2541,2540,2542,-1,2541,2542,1884,-1,1884,2542,1819,-1,1884,1819,1883,-1,2543,2544,2545,-1,2545,2544,1868,-1,2546,1886,2547,-1,2547,1886,1885,-1,2547,1885,1889,-1,2548,2549,2550,-1,2550,2549,2332,-1,2550,2332,2551,-1,2551,2332,2330,-1,2551,2330,2552,-1,2552,2330,2553,-1,1866,2554,1867,-1,1867,2554,2555,-1,1867,2555,2556,-1,2556,2555,2557,-1,2556,2557,2558,-1,1918,1880,1919,-1,1919,1880,1882,-1,1919,1882,1922,-1,1922,1882,2559,-1,1922,2559,1930,-1,1930,2559,2560,-1,1930,2560,1934,-1,1934,2560,2561,-1,1881,1877,1882,-1,1882,1877,1879,-1,1882,1879,2559,-1,2559,1879,2562,-1,2559,2562,2560,-1,2560,2562,2563,-1,2560,2563,2561,-1,2561,2563,2564,-1,2557,2565,2558,-1,2558,2565,2566,-1,2558,2566,2567,-1,1936,1938,1941,-1,1941,1938,2568,-1,1941,2568,2569,-1,2570,2569,2564,-1,2564,2569,2568,-1,2564,2568,2561,-1,2561,2568,1938,-1,2561,1938,1934,-1,1934,1938,1940,-1,1934,1940,1935,-1,2566,2571,2567,-1,2567,2571,2572,-1,2567,2572,2573,-1,1943,1945,1947,-1,1947,1945,2574,-1,1947,2574,2575,-1,2576,2575,2570,-1,2570,2575,2574,-1,2570,2574,2569,-1,2569,2574,1945,-1,2569,1945,1941,-1,1941,1945,1946,-1,1941,1946,1942,-1,2572,2577,2573,-1,2573,2577,2578,-1,2573,2578,2579,-1,1949,1951,1953,-1,1953,1951,2580,-1,1953,2580,2581,-1,2582,2581,2576,-1,2576,2581,2580,-1,2576,2580,2575,-1,2575,2580,1951,-1,2575,1951,1947,-1,1947,1951,1952,-1,1947,1952,1948,-1,2578,2583,2579,-1,2579,2583,2584,-1,2579,2584,2585,-1,1955,1957,1961,-1,1961,1957,2586,-1,1961,2586,2587,-1,2588,2587,2582,-1,2582,2587,2586,-1,2582,2586,2581,-1,2581,2586,1957,-1,2581,1957,1953,-1,1953,1957,1958,-1,1953,1958,1954,-1,2584,2589,2585,-1,2585,2589,2590,-1,2585,2590,2591,-1,1964,2592,1966,-1,1966,2592,2593,-1,1966,2593,1969,-1,1969,2593,2594,-1,1959,1961,1964,-1,1964,1961,2587,-1,1964,2587,2592,-1,2592,2587,2588,-1,2592,2588,2593,-1,2593,2588,2595,-1,2593,2595,2594,-1,1878,1874,1879,-1,1879,1874,1876,-1,1879,1876,2562,-1,2562,1876,2596,-1,2562,2596,2563,-1,2563,2596,2597,-1,2563,2597,2564,-1,2564,2597,2598,-1,2564,2598,2570,-1,2570,2598,2599,-1,2570,2599,2576,-1,2576,2599,2600,-1,2576,2600,2582,-1,2582,2600,2601,-1,2582,2601,2588,-1,2588,2601,2602,-1,2588,2602,2595,-1,2595,2602,2603,-1,1875,2604,1876,-1,1876,2604,2605,-1,1876,2605,2596,-1,2596,2605,2606,-1,2596,2606,2597,-1,2597,2606,2607,-1,2597,2607,2598,-1,2598,2607,2608,-1,2598,2608,2599,-1,2599,2608,2609,-1,2599,2609,2600,-1,2600,2609,2610,-1,2600,2610,2601,-1,2601,2610,2611,-1,2601,2611,2602,-1,2602,2611,2612,-1,2602,2612,2603,-1,2603,2612,2613,-1,1971,2614,1975,-1,1975,2614,2615,-1,1975,2615,1977,-1,1977,2615,2616,-1,1977,2616,1980,-1,1980,2616,2617,-1,1980,2617,1988,-1,1988,2617,2618,-1,1988,2618,1990,-1,1990,2618,2619,-1,1990,2619,1914,-1,1914,2619,2620,-1,1914,2620,1994,-1,1994,2620,2621,-1,1994,2621,1995,-1,1995,2621,2622,-1,1995,2622,2000,-1,2000,2622,2623,-1,2000,2623,2001,-1,2001,2623,2624,-1,2001,2624,1911,-1,1911,2624,2625,-1,1911,2625,2013,-1,2013,2625,2626,-1,2013,2626,2017,-1,2017,2626,2627,-1,2614,2628,2615,-1,2615,2628,2629,-1,2615,2629,2616,-1,2616,2629,2630,-1,2616,2630,2617,-1,2617,2630,2631,-1,2617,2631,2618,-1,2618,2631,2632,-1,2618,2632,2619,-1,2619,2632,2633,-1,2619,2633,2620,-1,2620,2633,2634,-1,2620,2634,2621,-1,2621,2634,2635,-1,2621,2635,2622,-1,2622,2635,2636,-1,2622,2636,2623,-1,2623,2636,2637,-1,2623,2637,2624,-1,2624,2637,2638,-1,2624,2638,2625,-1,2625,2638,2639,-1,2625,2639,2626,-1,2626,2639,2640,-1,2626,2640,2627,-1,2627,2640,2641,-1,2590,2642,2591,-1,2591,2642,2643,-1,2591,2643,2644,-1,2644,2643,2645,-1,2644,2645,2646,-1,2646,2645,2647,-1,2646,2647,2648,-1,2648,2647,2649,-1,2648,2649,2650,-1,2650,2649,2651,-1,2650,2651,2652,-1,2652,2651,2653,-1,2652,2653,2654,-1,2654,2653,2655,-1,2654,2655,2656,-1,2656,2655,2657,-1,2656,2657,2658,-1,2658,2657,2659,-1,2658,2659,2660,-1,2660,2659,2661,-1,2660,2661,2662,-1,2662,2661,2663,-1,2662,2663,2664,-1,2664,2663,2665,-1,2664,2665,2666,-1,2666,2665,2667,-1,2666,2667,2668,-1,2668,2667,2669,-1,2668,2669,2670,-1,2670,2669,2671,-1,2670,2671,2672,-1,2672,2671,2673,-1,2672,2673,1863,-1,1863,2673,2674,-1,1863,2674,1864,-1,2020,2675,1908,-1,1908,2675,2676,-1,1908,2676,2024,-1,2024,2676,2677,-1,2678,2677,2679,-1,2679,2677,2676,-1,2679,2676,2641,-1,2641,2676,2675,-1,2641,2675,2627,-1,2627,2675,2020,-1,2627,2020,2017,-1,2017,2020,2022,-1,2017,2022,2015,-1,2546,1865,1886,-1,1886,1865,1867,-1,1886,1867,1887,-1,1887,1867,2556,-1,1887,2556,2337,-1,2337,2556,2558,-1,2337,2558,2339,-1,2339,2558,2567,-1,2339,2567,2341,-1,2341,2567,2573,-1,2341,2573,2343,-1,2343,2573,2579,-1,2343,2579,2345,-1,2345,2579,2585,-1,2345,2585,2347,-1,2347,2585,2591,-1,2347,2591,2349,-1,2349,2591,2644,-1,2349,2644,2351,-1,2351,2644,2646,-1,2351,2646,2457,-1,2457,2646,2648,-1,2457,2648,2458,-1,2458,2648,2650,-1,2458,2650,2460,-1,2460,2650,2652,-1,2460,2652,2462,-1,2462,2652,2654,-1,2462,2654,2464,-1,2464,2654,2656,-1,2464,2656,2466,-1,2466,2656,2658,-1,2466,2658,2468,-1,2468,2658,2660,-1,2468,2660,2470,-1,2470,2660,2662,-1,2470,2662,2472,-1,2472,2662,2664,-1,2472,2664,2474,-1,2474,2664,2666,-1,2474,2666,2476,-1,2476,2666,2668,-1,2476,2668,2478,-1,2478,2668,2670,-1,2478,2670,2480,-1,2480,2670,2672,-1,2480,2672,2482,-1,2482,2672,1863,-1,2482,1863,2484,-1,2484,1863,1862,-1,2484,1862,2486,-1,2026,2680,2030,-1,2030,2680,2681,-1,2030,2681,2032,-1,2032,2681,2682,-1,2683,2682,2684,-1,2684,2682,2681,-1,2684,2681,2678,-1,2678,2681,2680,-1,2678,2680,2677,-1,2677,2680,2026,-1,2677,2026,2024,-1,2024,2026,2028,-1,2024,2028,2025,-1,2628,2685,2629,-1,2629,2685,2686,-1,2629,2686,2630,-1,2630,2686,2687,-1,2630,2687,2631,-1,2631,2687,2688,-1,2631,2688,2632,-1,2632,2688,2689,-1,2632,2689,2633,-1,2633,2689,2690,-1,2633,2690,2634,-1,2634,2690,2691,-1,2634,2691,2635,-1,2635,2691,2692,-1,2635,2692,2636,-1,2636,2692,2693,-1,2636,2693,2637,-1,2637,2693,2694,-1,2637,2694,2638,-1,2638,2694,2695,-1,2638,2695,2639,-1,2639,2695,2696,-1,2639,2696,2640,-1,2640,2696,2697,-1,2640,2697,2641,-1,2641,2697,2698,-1,2641,2698,2679,-1,2679,2698,2699,-1,2679,2699,2678,-1,2678,2699,2700,-1,2678,2700,2684,-1,2684,2700,2701,-1,2684,2701,2683,-1,2683,2701,2702,-1,2703,2704,2705,-1,2705,2704,2706,-1,2705,2706,2707,-1,2707,2706,2708,-1,2707,2708,2709,-1,2709,2708,2710,-1,2709,2710,2711,-1,2711,2710,2712,-1,2711,2712,2713,-1,2713,2712,2714,-1,2713,2714,2715,-1,2035,2716,2039,-1,2039,2716,2717,-1,2039,2717,2043,-1,2043,2717,2718,-1,2043,2718,2047,-1,2047,2718,2719,-1,2047,2719,2051,-1,2051,2719,2720,-1,2051,2720,2049,-1,2049,2720,2721,-1,2716,2722,2717,-1,2717,2722,2723,-1,2717,2723,2718,-1,2718,2723,2724,-1,2718,2724,2719,-1,2719,2724,2725,-1,2719,2725,2720,-1,2720,2725,2726,-1,2720,2726,2721,-1,2714,2727,2715,-1,2715,2727,2728,-1,2715,2728,2729,-1,2729,2728,2730,-1,2729,2730,2731,-1,1864,2703,1862,-1,1862,2703,2705,-1,1862,2705,2486,-1,2486,2705,2707,-1,2486,2707,2488,-1,2488,2707,2709,-1,2488,2709,2490,-1,2490,2709,2711,-1,2490,2711,2492,-1,2492,2711,2713,-1,2492,2713,2494,-1,2494,2713,2715,-1,2494,2715,2496,-1,2496,2715,2729,-1,2496,2729,2498,-1,2498,2729,2731,-1,2498,2731,2500,-1,2500,2731,2732,-1,2500,2732,2502,-1,2502,2732,2733,-1,2502,2733,2504,-1,2055,2734,2057,-1,2057,2734,2735,-1,2057,2735,2059,-1,2059,2735,2736,-1,2059,2736,2064,-1,2064,2736,2737,-1,2064,2737,2066,-1,2066,2737,2738,-1,2066,2738,2071,-1,2071,2738,2739,-1,2740,2739,2741,-1,2741,2739,2738,-1,2741,2738,2742,-1,2742,2738,2737,-1,2742,2737,2743,-1,2743,2737,2736,-1,2743,2736,2744,-1,2744,2736,2735,-1,2744,2735,2726,-1,2726,2735,2734,-1,2726,2734,2721,-1,2721,2734,2055,-1,2721,2055,2049,-1,2049,2055,2054,-1,2049,2054,2050,-1,2745,2740,2746,-1,2746,2740,2741,-1,2746,2741,2747,-1,2747,2741,2742,-1,2747,2742,2748,-1,2748,2742,2743,-1,2748,2743,2749,-1,2749,2743,2744,-1,2749,2744,2750,-1,2750,2744,2726,-1,2750,2726,2751,-1,2751,2726,2725,-1,2751,2725,2752,-1,2752,2725,2724,-1,2752,2724,2753,-1,2753,2724,2723,-1,2753,2723,2702,-1,2702,2723,2722,-1,2702,2722,2683,-1,2683,2722,2716,-1,2683,2716,2682,-1,2682,2716,2035,-1,2682,2035,2032,-1,2032,2035,2037,-1,2032,2037,2033,-1,2733,2754,2504,-1,2504,2754,2755,-1,2504,2755,2506,-1,2506,2755,2756,-1,2506,2756,2508,-1,2508,2756,2757,-1,2508,2757,2510,-1,2510,2757,2758,-1,2510,2758,2512,-1,2512,2758,2759,-1,2512,2759,2514,-1,2514,2759,2760,-1,2514,2760,2516,-1,2516,2760,2761,-1,2516,2761,2518,-1,2518,2761,2762,-1,2518,2762,2520,-1,2520,2762,2763,-1,2520,2763,2522,-1,2522,2763,2764,-1,2522,2764,2524,-1,2524,2764,2765,-1,2524,2765,2526,-1,2526,2765,2766,-1,2526,2766,2528,-1,2528,2766,2767,-1,2528,2767,2530,-1,2530,2767,2768,-1,2530,2768,2532,-1,2532,2768,2769,-1,2532,2769,2534,-1,2534,2769,2770,-1,2534,2770,2536,-1,2536,2770,2771,-1,2536,2771,2538,-1,2538,2771,2772,-1,2538,2772,2540,-1,2540,2772,2773,-1,2540,2773,2542,-1,2542,2773,2774,-1,1801,1803,1860,-1,1860,1803,1861,-1,1860,1861,2775,-1,2775,1861,2128,-1,2775,2128,2776,-1,2776,2128,2125,-1,2776,2125,2777,-1,2777,2125,2122,-1,2777,2122,2778,-1,2778,2122,2119,-1,2778,2119,2779,-1,2779,2119,2116,-1,2779,2116,2780,-1,2780,2116,2114,-1,2780,2114,2781,-1,2781,2114,2111,-1,2781,2111,2782,-1,2782,2111,2108,-1,2782,2108,2783,-1,2783,2108,2105,-1,2783,2105,2784,-1,2784,2105,2102,-1,2784,2102,2785,-1,2785,2102,2098,-1,2785,2098,2786,-1,2786,2098,2094,-1,2786,2094,2787,-1,2787,2094,2092,-1,2787,2092,2788,-1,2788,2092,2089,-1,2788,2089,2789,-1,2789,2089,2086,-1,2789,2086,2790,-1,2790,2086,2082,-1,2790,2082,2791,-1,2791,2082,2078,-1,2791,2078,2792,-1,2792,2078,2074,-1,1806,1859,1858,-1,1858,1859,1860,-1,1858,1860,2793,-1,2793,1860,2775,-1,2793,2775,2794,-1,2794,2775,2776,-1,2794,2776,2795,-1,2795,2776,2777,-1,2795,2777,2796,-1,2796,2777,2778,-1,2796,2778,2797,-1,2797,2778,2779,-1,2797,2779,2798,-1,2798,2779,2780,-1,2798,2780,2799,-1,2799,2780,2781,-1,2799,2781,2800,-1,2800,2781,2782,-1,2800,2782,2801,-1,2801,2782,2783,-1,2801,2783,2802,-1,2802,2783,2784,-1,2802,2784,2803,-1,2803,2784,2785,-1,2803,2785,2804,-1,2804,2785,2786,-1,2804,2786,2805,-1,2805,2786,2787,-1,2805,2787,2806,-1,2806,2787,2788,-1,2806,2788,2807,-1,2807,2788,2789,-1,2807,2789,2808,-1,2808,2789,2790,-1,2808,2790,2809,-1,2809,2790,2791,-1,2809,2791,2810,-1,2810,2791,2792,-1,1808,1807,1857,-1,1857,1807,1858,-1,1857,1858,2811,-1,2811,1858,2793,-1,2811,2793,2812,-1,2812,2793,2794,-1,2812,2794,2813,-1,2813,2794,2795,-1,2813,2795,2814,-1,2814,2795,2796,-1,2814,2796,2815,-1,2815,2796,2797,-1,2815,2797,2816,-1,2816,2797,2798,-1,2816,2798,2817,-1,2817,2798,2799,-1,2817,2799,2818,-1,2818,2799,2800,-1,2818,2800,2819,-1,2819,2800,2801,-1,2819,2801,2820,-1,2820,2801,2802,-1,2820,2802,2821,-1,2821,2802,2803,-1,2821,2803,2822,-1,2822,2803,2804,-1,2822,2804,2823,-1,2823,2804,2805,-1,2823,2805,2824,-1,2824,2805,2806,-1,2824,2806,2825,-1,2825,2806,2807,-1,2825,2807,2826,-1,2826,2807,2808,-1,2826,2808,2827,-1,2827,2808,2809,-1,2827,2809,2745,-1,2745,2809,2810,-1,2745,2810,2740,-1,2740,2810,2792,-1,2740,2792,2739,-1,2739,2792,2074,-1,2739,2074,2071,-1,2071,2074,2076,-1,2071,2076,2069,-1,1810,1856,2828,-1,2828,1856,1857,-1,2828,1857,2829,-1,2829,1857,2811,-1,2829,2811,2830,-1,2830,2811,2812,-1,2830,2812,2831,-1,2831,2812,2813,-1,2831,2813,2832,-1,2832,2813,2814,-1,2832,2814,2833,-1,2833,2814,2815,-1,2833,2815,2834,-1,2834,2815,2816,-1,2834,2816,2835,-1,2835,2816,2817,-1,2835,2817,2836,-1,2836,2817,2818,-1,2836,2818,2837,-1,2837,2818,2819,-1,2837,2819,2838,-1,2838,2819,2820,-1,2838,2820,2839,-1,2839,2820,2821,-1,2839,2821,2840,-1,2840,2821,2822,-1,2840,2822,2841,-1,2841,2822,2823,-1,2841,2823,2842,-1,2842,2823,2824,-1,2842,2824,2843,-1,2843,2824,2825,-1,2843,2825,2844,-1,2844,2825,2826,-1,2844,2826,2845,-1,2845,2826,2827,-1,2845,2827,2846,-1,2846,2827,2745,-1,2846,2745,2847,-1,2847,2745,2746,-1,2847,2746,2848,-1,2848,2746,2747,-1,2848,2747,2849,-1,2849,2747,2748,-1,2849,2748,2850,-1,2850,2748,2749,-1,2850,2749,2851,-1,2851,2749,2750,-1,2851,2750,2852,-1,2852,2750,2751,-1,2852,2751,2853,-1,2853,2751,2752,-1,2853,2752,2854,-1,2854,2752,2753,-1,2854,2753,2855,-1,2855,2753,2702,-1,2855,2702,2856,-1,2856,2702,2701,-1,2856,2701,2857,-1,2857,2701,2700,-1,2857,2700,2858,-1,2858,2700,2699,-1,2858,2699,2859,-1,2859,2699,2698,-1,2859,2698,2860,-1,2860,2698,2697,-1,2860,2697,2861,-1,2861,2697,2696,-1,2861,2696,2862,-1,2862,2696,2695,-1,2862,2695,2863,-1,2863,2695,2694,-1,2863,2694,2864,-1,2864,2694,2693,-1,2864,2693,2865,-1,2865,2693,2692,-1,2865,2692,2866,-1,2866,2692,2691,-1,2866,2691,2867,-1,2867,2691,2690,-1,2867,2690,2868,-1,2868,2690,2689,-1,2868,2689,2869,-1,2869,2689,2688,-1,2869,2688,2870,-1,2870,2688,2687,-1,2870,2687,2871,-1,2871,2687,2686,-1,2871,2686,2613,-1,2613,2686,2685,-1,2613,2685,2603,-1,2603,2685,2628,-1,2603,2628,2595,-1,2595,2628,2614,-1,2595,2614,2594,-1,2594,2614,1971,-1,2594,1971,1969,-1,1969,1971,1973,-1,1969,1973,1970,-1,2604,2872,2605,-1,2605,2872,2873,-1,2605,2873,2606,-1,2606,2873,2874,-1,2606,2874,2607,-1,2607,2874,2875,-1,2607,2875,2608,-1,2608,2875,2876,-1,2608,2876,2609,-1,2609,2876,2877,-1,2609,2877,2610,-1,2610,2877,2878,-1,2610,2878,2611,-1,2611,2878,2879,-1,2611,2879,2612,-1,2612,2879,2880,-1,2612,2880,2613,-1,2613,2880,2881,-1,2613,2881,2871,-1,2871,2881,2882,-1,2871,2882,2870,-1,2870,2882,2883,-1,2870,2883,2869,-1,2869,2883,2884,-1,2869,2884,2868,-1,2868,2884,2885,-1,2868,2885,2867,-1,2867,2885,2886,-1,2867,2886,2866,-1,2866,2886,2887,-1,2866,2887,2865,-1,2865,2887,2888,-1,2865,2888,2864,-1,2864,2888,2889,-1,2864,2889,2863,-1,2863,2889,2890,-1,2863,2890,2862,-1,2862,2890,2891,-1,2862,2891,2861,-1,2861,2891,2892,-1,2861,2892,2860,-1,2860,2892,2893,-1,2860,2893,2859,-1,2859,2893,2894,-1,2859,2894,2858,-1,2858,2894,2895,-1,2858,2895,2857,-1,2857,2895,2896,-1,2857,2896,2856,-1,2856,2896,2897,-1,2856,2897,2855,-1,2855,2897,2898,-1,2855,2898,2854,-1,2854,2898,2899,-1,2854,2899,2853,-1,2853,2899,2900,-1,2853,2900,2852,-1,2852,2900,2901,-1,2852,2901,2851,-1,2851,2901,2902,-1,2851,2902,2850,-1,2850,2902,2903,-1,2850,2903,2849,-1,2849,2903,2904,-1,2849,2904,2848,-1,2848,2904,2905,-1,2848,2905,2847,-1,2847,2905,2906,-1,2847,2906,2846,-1,2846,2906,2907,-1,2846,2907,2845,-1,2845,2907,2908,-1,2845,2908,2844,-1,2844,2908,2909,-1,2844,2909,2843,-1,2843,2909,2910,-1,2843,2910,2842,-1,2842,2910,2911,-1,2842,2911,2841,-1,2841,2911,2912,-1,2841,2912,2840,-1,2840,2912,2913,-1,2840,2913,2839,-1,2839,2913,2914,-1,2839,2914,2838,-1,2838,2914,2915,-1,2838,2915,2837,-1,2837,2915,2916,-1,2837,2916,2836,-1,2836,2916,2917,-1,2836,2917,2835,-1,2835,2917,2918,-1,2835,2918,2834,-1,2834,2918,2919,-1,2834,2919,2833,-1,2833,2919,2920,-1,2833,2920,2832,-1,2832,2920,2921,-1,2832,2921,2831,-1,2831,2921,2922,-1,2831,2922,2830,-1,2830,2922,2923,-1,2830,2923,2829,-1,2829,2923,2924,-1,2829,2924,2828,-1,2828,2924,2925,-1,2828,2925,1810,-1,1810,2925,1811,-1,2872,1871,2873,-1,2873,1871,1873,-1,2873,1873,2874,-1,2874,1873,2926,-1,2874,2926,2875,-1,2875,2926,2927,-1,2875,2927,2876,-1,2876,2927,2928,-1,2876,2928,2877,-1,2877,2928,2929,-1,2877,2929,2878,-1,2878,2929,2930,-1,2878,2930,2879,-1,2879,2930,2931,-1,2879,2931,2880,-1,2880,2931,2932,-1,2880,2932,2881,-1,2881,2932,2933,-1,2881,2933,2882,-1,2882,2933,2934,-1,2882,2934,2883,-1,2883,2934,2935,-1,2883,2935,2884,-1,2884,2935,2936,-1,2884,2936,2885,-1,2885,2936,2937,-1,2885,2937,2886,-1,2886,2937,2938,-1,2886,2938,2887,-1,2887,2938,2939,-1,2887,2939,2888,-1,2888,2939,2940,-1,2888,2940,2889,-1,2889,2940,2941,-1,2889,2941,2890,-1,2890,2941,2942,-1,2890,2942,2891,-1,2891,2942,2943,-1,2891,2943,2892,-1,2892,2943,2944,-1,2892,2944,2893,-1,2893,2944,2945,-1,2893,2945,2894,-1,2894,2945,2946,-1,2894,2946,2895,-1,2895,2946,2947,-1,2895,2947,2896,-1,2896,2947,2948,-1,2896,2948,2897,-1,2897,2948,2949,-1,2897,2949,2898,-1,2898,2949,2950,-1,2898,2950,2899,-1,2899,2950,2951,-1,2899,2951,2900,-1,2900,2951,2952,-1,2900,2952,2901,-1,2901,2952,2953,-1,2901,2953,2902,-1,2902,2953,2954,-1,2902,2954,2903,-1,2903,2954,2955,-1,2903,2955,2904,-1,2904,2955,2956,-1,2904,2956,2905,-1,2905,2956,2957,-1,2905,2957,2906,-1,2906,2957,2958,-1,2906,2958,2907,-1,2907,2958,2959,-1,2907,2959,2908,-1,2908,2959,2960,-1,2908,2960,2909,-1,2909,2960,2961,-1,2909,2961,2910,-1,2910,2961,2962,-1,2910,2962,2911,-1,2911,2962,2963,-1,2911,2963,2912,-1,2912,2963,2964,-1,2912,2964,2913,-1,2913,2964,2965,-1,2913,2965,2914,-1,2914,2965,2966,-1,2914,2966,2915,-1,2915,2966,2967,-1,2915,2967,2916,-1,2916,2967,2968,-1,2916,2968,2917,-1,2917,2968,2969,-1,2917,2969,2918,-1,2918,2969,2970,-1,2918,2970,2919,-1,2919,2970,2971,-1,2919,2971,2920,-1,2920,2971,2972,-1,2920,2972,2921,-1,2921,2972,2973,-1,2921,2973,2922,-1,2922,2973,2974,-1,2922,2974,2923,-1,2923,2974,2975,-1,2923,2975,2924,-1,2924,2975,2976,-1,2924,2976,2925,-1,2925,2976,1855,-1,2925,1855,1811,-1,1811,1855,1812,-1,1814,1854,2977,-1,2977,1854,1855,-1,2977,1855,2978,-1,2978,1855,2976,-1,2978,2976,2979,-1,2979,2976,2975,-1,2979,2975,2980,-1,2980,2975,2974,-1,2980,2974,2981,-1,2981,2974,2973,-1,2981,2973,2982,-1,2982,2973,2972,-1,2982,2972,2983,-1,2983,2972,2971,-1,2983,2971,2984,-1,2984,2971,2970,-1,2984,2970,2985,-1,2985,2970,2969,-1,2985,2969,2986,-1,2986,2969,2968,-1,2986,2968,2987,-1,2987,2968,2967,-1,2987,2967,2988,-1,2988,2967,2966,-1,2988,2966,2989,-1,2989,2966,2965,-1,2989,2965,2990,-1,2990,2965,2964,-1,2990,2964,2991,-1,2991,2964,2963,-1,2991,2963,2992,-1,2992,2963,2962,-1,2992,2962,2993,-1,2993,2962,2961,-1,2993,2961,2994,-1,2994,2961,2960,-1,2994,2960,2995,-1,2995,2960,2959,-1,2995,2959,2996,-1,2996,2959,2958,-1,2996,2958,2997,-1,2997,2958,2957,-1,2997,2957,2998,-1,2998,2957,2956,-1,2998,2956,2999,-1,2999,2956,2955,-1,2999,2955,3000,-1,3000,2955,2954,-1,3000,2954,3001,-1,3001,2954,2953,-1,3001,2953,3002,-1,3002,2953,2952,-1,3002,2952,3003,-1,3003,2952,2951,-1,3003,2951,3004,-1,3004,2951,2950,-1,3004,2950,3005,-1,3005,2950,2949,-1,3005,2949,3006,-1,3006,2949,2948,-1,3006,2948,3007,-1,3007,2948,2947,-1,3007,2947,3008,-1,3008,2947,2946,-1,3008,2946,3009,-1,3009,2946,2945,-1,3009,2945,3010,-1,3010,2945,2944,-1,3010,2944,3011,-1,3011,2944,2943,-1,3011,2943,3012,-1,3012,2943,2942,-1,3012,2942,3013,-1,3013,2942,2941,-1,3013,2941,3014,-1,3014,2941,2940,-1,3014,2940,3015,-1,3015,2940,2939,-1,3015,2939,3016,-1,3016,2939,2938,-1,3016,2938,3017,-1,3017,2938,2937,-1,3017,2937,3018,-1,3018,2937,2936,-1,3018,2936,3019,-1,3019,2936,2935,-1,3019,2935,3020,-1,3020,2935,2934,-1,3020,2934,3021,-1,3021,2934,2933,-1,3021,2933,3022,-1,3022,2933,2932,-1,3022,2932,3023,-1,3023,2932,2931,-1,3023,2931,3024,-1,3024,2931,2930,-1,3024,2930,3025,-1,3025,2930,2929,-1,3025,2929,3026,-1,3026,2929,2928,-1,3026,2928,3027,-1,3027,2928,2927,-1,3027,2927,3028,-1,3028,2927,2926,-1,3028,2926,2545,-1,2545,2926,1873,-1,2545,1873,2543,-1,2543,1873,1872,-1,2455,3029,2456,-1,2456,3029,1816,-1,2456,1816,3030,-1,1868,1870,2545,-1,2545,1870,2354,-1,2545,2354,3028,-1,3028,2354,2356,-1,3028,2356,3027,-1,3027,2356,2358,-1,3027,2358,3026,-1,3026,2358,2360,-1,3026,2360,3025,-1,3025,2360,2362,-1,3025,2362,3024,-1,3024,2362,2364,-1,3024,2364,3023,-1,3023,2364,2366,-1,3023,2366,3022,-1,3022,2366,2368,-1,3022,2368,3021,-1,3021,2368,2370,-1,3021,2370,3020,-1,3020,2370,2372,-1,3020,2372,3019,-1,3019,2372,2374,-1,3019,2374,3018,-1,3018,2374,2376,-1,3018,2376,3017,-1,3017,2376,2378,-1,3017,2378,3016,-1,3016,2378,2380,-1,3016,2380,3015,-1,3015,2380,2382,-1,3015,2382,3014,-1,3014,2382,2384,-1,3014,2384,3013,-1,3013,2384,2386,-1,3013,2386,3012,-1,3012,2386,2388,-1,3012,2388,3011,-1,3011,2388,2390,-1,3011,2390,3010,-1,3010,2390,2392,-1,3010,2392,3009,-1,3009,2392,2394,-1,3009,2394,3008,-1,3008,2394,2396,-1,3008,2396,3007,-1,3007,2396,2398,-1,3007,2398,3006,-1,3006,2398,2400,-1,3006,2400,3005,-1,3005,2400,2402,-1,3005,2402,3004,-1,3004,2402,2404,-1,3004,2404,3003,-1,3003,2404,2406,-1,3003,2406,3002,-1,3002,2406,2408,-1,3002,2408,3001,-1,3001,2408,2410,-1,3001,2410,3000,-1,3000,2410,2412,-1,3000,2412,2999,-1,2999,2412,2414,-1,2999,2414,2998,-1,2998,2414,2416,-1,2998,2416,2997,-1,2997,2416,2418,-1,2997,2418,2996,-1,2996,2418,2420,-1,2996,2420,2995,-1,2995,2420,2422,-1,2995,2422,2994,-1,2994,2422,2424,-1,2994,2424,2993,-1,2993,2424,2426,-1,2993,2426,2992,-1,2992,2426,2428,-1,2992,2428,2991,-1,2991,2428,2430,-1,2991,2430,2990,-1,2990,2430,2432,-1,2990,2432,2989,-1,2989,2432,2434,-1,2989,2434,2988,-1,2988,2434,2436,-1,2988,2436,2987,-1,2987,2436,2438,-1,2987,2438,2986,-1,2986,2438,2440,-1,2986,2440,2985,-1,2985,2440,2442,-1,2985,2442,2984,-1,2984,2442,2444,-1,2984,2444,2983,-1,2983,2444,2446,-1,2983,2446,2982,-1,2982,2446,2448,-1,2982,2448,2981,-1,2981,2448,2450,-1,2981,2450,2980,-1,2980,2450,2452,-1,2980,2452,2979,-1,2979,2452,2454,-1,2979,2454,2978,-1,2978,2454,2456,-1,2978,2456,2977,-1,2977,2456,3030,-1,2977,3030,1814,-1,1889,1885,1890,-1,1890,1885,2336,-1,1890,2336,2353,-1,2353,2336,2338,-1,2353,2338,2355,-1,2355,2338,2340,-1,2355,2340,2357,-1,2357,2340,2342,-1,2357,2342,2359,-1,2359,2342,2344,-1,2359,2344,2361,-1,2361,2344,2346,-1,2361,2346,2363,-1,2363,2346,2348,-1,2363,2348,2365,-1,2365,2348,2350,-1,2365,2350,2367,-1,2367,2350,2352,-1,2367,2352,2369,-1,2369,2352,2459,-1,2369,2459,2371,-1,2371,2459,2461,-1,2371,2461,2373,-1,2373,2461,2463,-1,2373,2463,2375,-1,2375,2463,2465,-1,2375,2465,2377,-1,2377,2465,2467,-1,2377,2467,2379,-1,2379,2467,2469,-1,2379,2469,2381,-1,2381,2469,2471,-1,2381,2471,2383,-1,2383,2471,2473,-1,2383,2473,2385,-1,2385,2473,2475,-1,2385,2475,2387,-1,2387,2475,2477,-1,2387,2477,2389,-1,2389,2477,2479,-1,2389,2479,2391,-1,2391,2479,2481,-1,2391,2481,2393,-1,2393,2481,2483,-1,2393,2483,2395,-1,2395,2483,2485,-1,2395,2485,2397,-1,2397,2485,2487,-1,2397,2487,2399,-1,2399,2487,2489,-1,2399,2489,2401,-1,2401,2489,2491,-1,2401,2491,2403,-1,2403,2491,2493,-1,2403,2493,2405,-1,2405,2493,2495,-1,2405,2495,2407,-1,2407,2495,2497,-1,2407,2497,2409,-1,2409,2497,2499,-1,2409,2499,2411,-1,2411,2499,2501,-1,2411,2501,2413,-1,2413,2501,2503,-1,2413,2503,2415,-1,2415,2503,2505,-1,2415,2505,2417,-1,2417,2505,2507,-1,2417,2507,2419,-1,2419,2507,2509,-1,2419,2509,2421,-1,2421,2509,2511,-1,2421,2511,2423,-1,2423,2511,2513,-1,2423,2513,2425,-1,2425,2513,2515,-1,2425,2515,2427,-1,2427,2515,2517,-1,2427,2517,2429,-1,2429,2517,2519,-1,2429,2519,2431,-1,2431,2519,2521,-1,2431,2521,2433,-1,2433,2521,2523,-1,2433,2523,2435,-1,2435,2523,2525,-1,2435,2525,2437,-1,2437,2525,2527,-1,2437,2527,2439,-1,2439,2527,2529,-1,2439,2529,2441,-1,2441,2529,2531,-1,2441,2531,2443,-1,2443,2531,2533,-1,2443,2533,2445,-1,2445,2533,2535,-1,2445,2535,2447,-1,2447,2535,2537,-1,2447,2537,2449,-1,2449,2537,2539,-1,2449,2539,2451,-1,2451,2539,2541,-1,2451,2541,2453,-1,2453,2541,1884,-1,2453,1884,2455,-1,2455,1884,1798,-1,2455,1798,3029,-1,3031,1823,3032,-1,3032,1823,2774,-1,3032,2774,3033,-1,3033,2774,2773,-1,3033,2773,3034,-1,3034,2773,2772,-1,3034,2772,3035,-1,3035,2772,2771,-1,3035,2771,3036,-1,3036,2771,2770,-1,3036,2770,3037,-1,3037,2770,2769,-1,3037,2769,3038,-1,3038,2769,2768,-1,3038,2768,3039,-1,3039,2768,2767,-1,3039,2767,3040,-1,3040,2767,2766,-1,3040,2766,3041,-1,3041,2766,2765,-1,3041,2765,3042,-1,3042,2765,2764,-1,3042,2764,3043,-1,3043,2764,2763,-1,3043,2763,3044,-1,3044,2763,2762,-1,3044,2762,3045,-1,3045,2762,2761,-1,3045,2761,3046,-1,3046,2761,2760,-1,3046,2760,3047,-1,3047,2760,2759,-1,3047,2759,3048,-1,3048,2759,2758,-1,3048,2758,3049,-1,3049,2758,2757,-1,3049,2757,3050,-1,3050,2757,2756,-1,3050,2756,3051,-1,3051,2756,2755,-1,3051,2755,3052,-1,3052,2755,2754,-1,3052,2754,3053,-1,3053,2754,2733,-1,3053,2733,3054,-1,3054,2733,2732,-1,3054,2732,3055,-1,3055,2732,2731,-1,3055,2731,3056,-1,3056,2731,2730,-1,1823,3057,2774,-1,2774,3057,1821,-1,2774,1821,2542,-1,2542,1821,3058,-1,2542,3058,1819,-1,1825,3031,2133,-1,2133,3031,3032,-1,2133,3032,2136,-1,2136,3032,3033,-1,2136,3033,2140,-1,2140,3033,3034,-1,2140,3034,1905,-1,1905,3034,3035,-1,1905,3035,2143,-1,2143,3035,3036,-1,2143,3036,2148,-1,2148,3036,3037,-1,2148,3037,2152,-1,2152,3037,3038,-1,2152,3038,2154,-1,2154,3038,3039,-1,2154,3039,2159,-1,2159,3039,3040,-1,2159,3040,2163,-1,2163,3040,3041,-1,2163,3041,2167,-1,2167,3041,3042,-1,2167,3042,2171,-1,2171,3042,3043,-1,2171,3043,2174,-1,2174,3043,3044,-1,2174,3044,2176,-1,2176,3044,3045,-1,2176,3045,1902,-1,1902,3045,3046,-1,1902,3046,2179,-1,2179,3046,3047,-1,2179,3047,2180,-1,2180,3047,3048,-1,2180,3048,2188,-1,2188,3048,3049,-1,2188,3049,2189,-1,2189,3049,3050,-1,2189,3050,2191,-1,2191,3050,3051,-1,2191,3051,2198,-1,2198,3051,3052,-1,2198,3052,2195,-1,2195,3052,3053,-1,2195,3053,1899,-1,1899,3053,3054,-1,1899,3054,2203,-1,2203,3054,3055,-1,2203,3055,2213,-1,2213,3055,3056,-1,2213,3056,2211,-1,2211,3056,2730,-1,2211,2730,2209,-1,2209,2730,2728,-1,2209,2728,2206,-1,2206,2728,2727,-1,2206,2727,2217,-1,2217,2727,2714,-1,2217,2714,2219,-1,2219,2714,2712,-1,2219,2712,2225,-1,2225,2712,2710,-1,2225,2710,2227,-1,2227,2710,2708,-1,2227,2708,1896,-1,1896,2708,2706,-1,1896,2706,2230,-1,2230,2706,2704,-1,2230,2704,2231,-1,2231,2704,2703,-1,2231,2703,2236,-1,2236,2703,1864,-1,2236,1864,2243,-1,2243,1864,2674,-1,2243,2674,2241,-1,2241,2674,2673,-1,2241,2673,2247,-1,2247,2673,2671,-1,2247,2671,2248,-1,2248,2671,2669,-1,2248,2669,2252,-1,2252,2669,2667,-1,2252,2667,2258,-1,2258,2667,2665,-1,2258,2665,2261,-1,2261,2665,2663,-1,2261,2663,2264,-1,2264,2663,2661,-1,2264,2661,2267,-1,2267,2661,2659,-1,2267,2659,2272,-1,2272,2659,2657,-1,2272,2657,2276,-1,2276,2657,2655,-1,2276,2655,2278,-1,2278,2655,2653,-1,2278,2653,2281,-1,2281,2653,2651,-1,2281,2651,2287,-1,2287,2651,2649,-1,2287,2649,2293,-1,2293,2649,2647,-1,2293,2647,2294,-1,2294,2647,2645,-1,2294,2645,2296,-1,2296,2645,2643,-1,2296,2643,2302,-1,2302,2643,2642,-1,2302,2642,2308,-1,2308,2642,2590,-1,2308,2590,2307,-1,2307,2590,2589,-1,2307,2589,2310,-1,2310,2589,2584,-1,2310,2584,2312,-1,2312,2584,2583,-1,2312,2583,2314,-1,2314,2583,2578,-1,2314,2578,2315,-1,2315,2578,2577,-1,2315,2577,2320,-1,2320,2577,2572,-1,2320,2572,2321,-1,2321,2572,2571,-1,2321,2571,2326,-1,2326,2571,2566,-1,2326,2566,1893,-1,1893,2566,2565,-1,1893,2565,2329,-1,2329,2565,2557,-1,2329,2557,2330,-1,2330,2557,2555,-1,2330,2555,2553,-1,2553,2555,2554,-1,1852,1851,3059,-1,3060,1849,3061,-1,1837,1836,3062,-1,3063,3064,3065,-1,3066,3067,3068,-1,3069,3070,3071,-1,3072,3073,3074,-1,3075,3076,3077,-1,3078,3079,3080,-1,3081,3082,3083,-1,3084,3085,3086,-1,1998,1997,3087,-1,1909,2012,3088,-1,2200,2199,3089,-1,2234,2233,3090,-1,2303,2301,3091,-1,2306,2305,3092,-1,3093,3094,2548,-1,2548,3094,2549,-1,3095,2331,3094,-1,3094,2331,2332,-1,3094,2332,2549,-1,1891,2335,3096,-1,3096,2335,2334,-1,3096,2334,3095,-1,3095,2334,2333,-1,3095,2333,2331,-1,1892,3097,2327,-1,2327,3097,3098,-1,2327,3098,2328,-1,2328,3098,2322,-1,2322,3098,3099,-1,2322,3099,2323,-1,2316,2325,3100,-1,3100,2325,2324,-1,2313,2319,3101,-1,3101,2319,2318,-1,3102,2317,2316,-1,2309,2311,3103,-1,3103,2311,2313,-1,3104,2300,2306,-1,2303,3091,2304,-1,2295,2299,3105,-1,3105,2299,2298,-1,3105,2298,2297,-1,3106,2290,2295,-1,2283,2289,3107,-1,3107,2289,2288,-1,3107,2288,3108,-1,3108,2288,2292,-1,3108,2292,2291,-1,2283,3107,2282,-1,2282,3107,3109,-1,2282,3109,2280,-1,2280,3109,3110,-1,2280,3110,2284,-1,2284,3110,3111,-1,2284,3111,2285,-1,2285,3111,3112,-1,2285,3112,2286,-1,3113,2271,2270,-1,2270,2275,3113,-1,3113,2275,2277,-1,3113,2277,3112,-1,3112,2277,2279,-1,3112,2279,2286,-1,3114,2274,3113,-1,3113,2274,2273,-1,3113,2273,2271,-1,3115,2269,3114,-1,3114,2269,2268,-1,3114,2268,2274,-1,3116,2266,3115,-1,3115,2266,2265,-1,3115,2265,2269,-1,3117,2263,3116,-1,3116,2263,2262,-1,3116,2262,2266,-1,3118,2255,3119,-1,3119,2255,2254,-1,3119,2254,3120,-1,3120,2254,2253,-1,3120,2253,3121,-1,3121,2253,2260,-1,3121,2260,3117,-1,3117,2260,2259,-1,3117,2259,2263,-1,2249,2246,3122,-1,3122,2246,2257,-1,3122,2257,3118,-1,3118,2257,2256,-1,3118,2256,2255,-1,2249,3122,2250,-1,2250,3122,3123,-1,2250,3123,2251,-1,2244,2242,3124,-1,3124,2242,2240,-1,3124,2240,3123,-1,3123,2240,2239,-1,3123,2239,2251,-1,2244,3124,2245,-1,2245,3124,3125,-1,2245,3125,2237,-1,3126,2232,3125,-1,3125,2232,2238,-1,3125,2238,2237,-1,1894,2235,3127,-1,3127,2235,2234,-1,2218,2220,3128,-1,3128,2220,2224,-1,3128,2224,2226,-1,2226,2228,3129,-1,3129,2228,2229,-1,3129,2229,1895,-1,3130,3131,2216,-1,2207,2223,3132,-1,3132,2223,2222,-1,3132,2222,3131,-1,3131,2222,2221,-1,3131,2221,2216,-1,3133,3134,2214,-1,2214,2212,3133,-1,3133,2212,2210,-1,3133,2210,3132,-1,3132,2210,2208,-1,3132,2208,2207,-1,1897,2205,3135,-1,3135,2205,2204,-1,3135,2204,3134,-1,3134,2204,2215,-1,3134,2215,2214,-1,1897,3135,1898,-1,1898,3135,3136,-1,1898,3136,2202,-1,2202,3136,2196,-1,2196,3136,3137,-1,2196,3137,2197,-1,2193,2192,3138,-1,3138,2192,2201,-1,3138,2201,2200,-1,2187,2186,3139,-1,3139,2186,2185,-1,3139,2185,3140,-1,3140,2185,2190,-1,3140,2190,3141,-1,3141,2190,2194,-1,3142,1900,2184,-1,3142,2184,3143,-1,2184,2183,3143,-1,3143,2183,2182,-1,3143,2182,3139,-1,3139,2182,2181,-1,3139,2181,2187,-1,3144,2178,3142,-1,3142,2178,1901,-1,3142,1901,1900,-1,3145,2175,3144,-1,3144,2175,2177,-1,3144,2177,2178,-1,2166,2165,3146,-1,3146,2165,2170,-1,3146,2170,3147,-1,3147,2170,2172,-1,3147,2172,3145,-1,3145,2172,2173,-1,3145,2173,2175,-1,2162,3148,2157,-1,2157,3148,3149,-1,2157,3149,2158,-1,2162,2164,3148,-1,3148,2164,2169,-1,3148,2169,3146,-1,3146,2169,2168,-1,3146,2168,2166,-1,2158,3149,2160,-1,2160,3149,3150,-1,2160,3150,2161,-1,2161,3150,2155,-1,2155,3150,3151,-1,2155,3151,2156,-1,2147,2146,3152,-1,3152,2146,2151,-1,3152,2151,3151,-1,3151,2151,2153,-1,3151,2153,2156,-1,2147,3152,3153,-1,3153,3152,3154,-1,3153,3154,2150,-1,3155,1903,2145,-1,3155,2145,3154,-1,3154,2145,2144,-1,3154,2144,2150,-1,1903,3155,1904,-1,1904,3155,3156,-1,1904,3156,2142,-1,2135,2134,3157,-1,3157,2134,2139,-1,3157,2139,3156,-1,3156,2139,2141,-1,3156,2141,2142,-1,2135,3157,2137,-1,2137,3157,3158,-1,2137,3158,2138,-1,1832,1828,3158,-1,3158,1828,2132,-1,3158,2132,2138,-1,3159,2130,2131,-1,1800,1799,2131,-1,2131,1799,1853,-1,2131,1853,3159,-1,2130,3159,2129,-1,2129,3159,3160,-1,2129,3160,2127,-1,2127,3160,2126,-1,2126,3160,3161,-1,2126,3161,2124,-1,2124,3161,2123,-1,2123,3161,3162,-1,2123,3162,2121,-1,2121,3162,2120,-1,2120,3162,3163,-1,2120,3163,2118,-1,2118,3163,3164,-1,2118,3164,2117,-1,2117,3164,2115,-1,2115,3164,3165,-1,2115,3165,2113,-1,2113,3165,2112,-1,2112,3165,3166,-1,2112,3166,2110,-1,2110,3166,2109,-1,2109,3166,3167,-1,2109,3167,2107,-1,2107,3167,2106,-1,2106,3167,3168,-1,2106,3168,2104,-1,2104,3168,2103,-1,2103,3168,3169,-1,2103,3169,2101,-1,2101,3169,3170,-1,2101,3170,2096,-1,2095,2100,3171,-1,3171,2100,2099,-1,3171,2099,3170,-1,3170,2099,2097,-1,3170,2097,2096,-1,2095,3171,2093,-1,2093,3171,3172,-1,2093,3172,2091,-1,2091,3172,2090,-1,2090,3172,3173,-1,2090,3173,2088,-1,2088,3173,2087,-1,2087,3173,3174,-1,2087,3174,2085,-1,2085,3174,2080,-1,2080,3174,3175,-1,2080,3175,2081,-1,3176,2079,2084,-1,3176,2084,3175,-1,3175,2084,2083,-1,3175,2083,2081,-1,3177,2076,2075,-1,3177,2075,3176,-1,3176,2075,2077,-1,3176,2077,2079,-1,2076,3177,2069,-1,2069,3177,3178,-1,2069,3178,2070,-1,3179,2067,2073,-1,3179,2073,3178,-1,3178,2073,2072,-1,3178,2072,2070,-1,2067,3179,2068,-1,2068,3179,3180,-1,2068,3180,2065,-1,2065,3180,3181,-1,2065,3181,2063,-1,2063,3181,2060,-1,2060,3181,3182,-1,2060,3182,2061,-1,3183,2056,2058,-1,3183,2058,3182,-1,3182,2058,2062,-1,3182,2062,2061,-1,2056,3183,2054,-1,2054,3183,3184,-1,2054,3184,2050,-1,2046,2048,3185,-1,3185,2048,2053,-1,3185,2053,3184,-1,3184,2053,2052,-1,3184,2052,2050,-1,2046,3185,2041,-1,2041,3185,3186,-1,2041,3186,2042,-1,3187,2037,3188,-1,3188,2037,2036,-1,2036,2038,3188,-1,3188,2038,2040,-1,3188,2040,3189,-1,3189,2040,2045,-1,3189,2045,3186,-1,3186,2045,2044,-1,3186,2044,2042,-1,3190,2034,3187,-1,3187,2034,2033,-1,3187,2033,2037,-1,2028,2027,3191,-1,3191,2027,2029,-1,3191,2029,3190,-1,3190,2029,2031,-1,3190,2031,2034,-1,2028,3191,2025,-1,2025,3191,3192,-1,2025,3192,2023,-1,2023,3192,3193,-1,2023,3193,1906,-1,3194,2016,2015,-1,3194,2015,3195,-1,2015,2022,3195,-1,3195,2022,2021,-1,3195,2021,3193,-1,3193,2021,1907,-1,3193,1907,1906,-1,2012,2014,3088,-1,3088,2014,2019,-1,3088,2019,3194,-1,3194,2019,2018,-1,3194,2018,2016,-1,2011,2010,3196,-1,3196,2010,2009,-1,3196,2009,3197,-1,3197,2009,2008,-1,3197,2008,3198,-1,3198,2008,2007,-1,3198,2007,3199,-1,3199,2007,2006,-1,3199,2006,3088,-1,3088,2006,1910,-1,3088,1910,1909,-1,2011,3196,2002,-1,2002,3196,3200,-1,2002,3200,2003,-1,3087,1997,3201,-1,1997,1996,3201,-1,3201,1996,2005,-1,3201,2005,3200,-1,3200,2005,2004,-1,3200,2004,2003,-1,1998,3087,1999,-1,1999,3087,3202,-1,1999,3202,1912,-1,1993,3203,1989,-1,1989,3203,3204,-1,1993,1992,3203,-1,3203,1992,1991,-1,3203,1991,3202,-1,3202,1991,1913,-1,3202,1913,1912,-1,1985,1984,3205,-1,3205,1984,1983,-1,3205,1983,3206,-1,3206,1983,1982,-1,3206,1982,3207,-1,3207,1982,1981,-1,3207,1981,3204,-1,3204,1981,1987,-1,3204,1987,1989,-1,1985,3205,1986,-1,1986,3205,3208,-1,1986,3208,1978,-1,1978,3208,1979,-1,1979,3208,3209,-1,1979,3209,1976,-1,1968,1970,3210,-1,3210,1970,1973,-1,3210,1973,3211,-1,3211,1973,1972,-1,3211,1972,3209,-1,3209,1972,1974,-1,3209,1974,1976,-1,1968,3210,1967,-1,1967,3210,3212,-1,1967,3212,1965,-1,1965,3212,1962,-1,1962,3212,3213,-1,1962,3213,1963,-1,1963,3213,1959,-1,1959,3213,3214,-1,1959,3214,1960,-1,3215,1956,3214,-1,3214,1956,1955,-1,3214,1955,1960,-1,1952,1950,3216,-1,3216,1950,1949,-1,3216,1949,3217,-1,3217,1949,1954,-1,3217,1954,3215,-1,3215,1954,1958,-1,3215,1958,1956,-1,1952,3216,1948,-1,1948,3216,3218,-1,1948,3218,1943,-1,1943,3218,1944,-1,1944,3218,3219,-1,1944,3219,1946,-1,1946,3219,1942,-1,1942,3219,3220,-1,1942,3220,1936,-1,1936,3220,1937,-1,1937,3220,3221,-1,1937,3221,1939,-1,3222,1933,1935,-1,3222,1935,3221,-1,3221,1935,1940,-1,3221,1940,1939,-1,1933,3222,1928,-1,1928,3222,3223,-1,1928,3223,1929,-1,1924,1923,3224,-1,3224,1923,1932,-1,3224,1932,3223,-1,3223,1932,1931,-1,3223,1931,1929,-1,3071,1920,1921,-1,1921,1927,3071,-1,3071,1927,1926,-1,3071,1926,3224,-1,3224,1926,1925,-1,3224,1925,1924,-1,1920,3071,1915,-1,1915,3071,3070,-1,1915,3070,1916,-1,3225,3226,3227,-1,3227,3226,3084,-1,3081,3083,3228,-1,3228,3083,3229,-1,3228,3229,3230,-1,3230,3229,3231,-1,3230,3231,3232,-1,3232,3231,3233,-1,3232,3233,3234,-1,3234,3233,3235,-1,3234,3235,3236,-1,3084,3086,3227,-1,3227,3086,3237,-1,3227,3237,3238,-1,3238,3237,3239,-1,3238,3239,3240,-1,3240,3239,3241,-1,3240,3241,3242,-1,3242,3241,3243,-1,3242,3243,3244,-1,3244,3243,3245,-1,3244,3245,3246,-1,3246,3245,3247,-1,3246,3247,3248,-1,3248,3247,3249,-1,3248,3249,3250,-1,3250,3249,3251,-1,3250,3251,3252,-1,3252,3251,3253,-1,3252,3253,3254,-1,3254,3253,3255,-1,3254,3255,3256,-1,3256,3255,3257,-1,3256,3257,3258,-1,3258,3257,3259,-1,3258,3259,3260,-1,3260,3259,3261,-1,3260,3261,3262,-1,3262,3261,3263,-1,3262,3263,3264,-1,3264,3263,3265,-1,3264,3265,3266,-1,3266,3265,3267,-1,3266,3267,3268,-1,3268,3267,3269,-1,3268,3269,3270,-1,3270,3269,3271,-1,3270,3271,3272,-1,3272,3271,3273,-1,3272,3273,3274,-1,3274,3273,3275,-1,3274,3275,3276,-1,3276,3275,3277,-1,3276,3277,3278,-1,3278,3277,3279,-1,3278,3279,3280,-1,3280,3279,3281,-1,3280,3281,3282,-1,3282,3281,3283,-1,3282,3283,3284,-1,3284,3283,3285,-1,3284,3285,3286,-1,3286,3285,3287,-1,3286,3287,3288,-1,3288,3287,3289,-1,3288,3289,3290,-1,3290,3289,3291,-1,3290,3291,3292,-1,3292,3291,3293,-1,3292,3293,3294,-1,3294,3293,3295,-1,3294,3295,3296,-1,3296,3295,3297,-1,3296,3297,3298,-1,3298,3297,3299,-1,3298,3299,3300,-1,3300,3299,3301,-1,3300,3301,3302,-1,3302,3301,3303,-1,3302,3303,3304,-1,3304,3303,3305,-1,3304,3305,3306,-1,3306,3305,3307,-1,3306,3307,3308,-1,3308,3307,3309,-1,3308,3309,3310,-1,3310,3309,3311,-1,3310,3311,3312,-1,3312,3311,3313,-1,3312,3313,3314,-1,3314,3313,3315,-1,3314,3315,3316,-1,3316,3315,3317,-1,3316,3317,3318,-1,3318,3317,3319,-1,3318,3319,3320,-1,3320,3319,3321,-1,3320,3321,3322,-1,3322,3321,3323,-1,3322,3323,3324,-1,3324,3323,3325,-1,3324,3325,3326,-1,3326,3325,3327,-1,3326,3327,3328,-1,3328,3327,3329,-1,3328,3329,3330,-1,3330,3329,3331,-1,3330,3331,3332,-1,3332,3331,3333,-1,3332,3333,3334,-1,3334,3333,3335,-1,3334,3335,3336,-1,3336,3335,3337,-1,3336,3337,3338,-1,3338,3337,3339,-1,3338,3339,3340,-1,3340,3339,3341,-1,3340,3341,3342,-1,3342,3341,3343,-1,3342,3343,3344,-1,3344,3343,3345,-1,3344,3345,3346,-1,3346,3345,3347,-1,3346,3347,3348,-1,3349,1847,3350,-1,3350,1847,3351,-1,3236,3067,3352,-1,3352,3067,3066,-1,3352,3066,3353,-1,3353,3066,3354,-1,3353,3354,3355,-1,3355,3354,3356,-1,3355,3356,3357,-1,3357,3356,3358,-1,3357,3358,3359,-1,3359,3358,3360,-1,3359,3360,3361,-1,3361,3360,3362,-1,3361,3362,3363,-1,3363,3362,3364,-1,3363,3364,3365,-1,3365,3364,3366,-1,3365,3366,3367,-1,3367,3366,3368,-1,3367,3368,3369,-1,3369,3368,3370,-1,3369,3370,3371,-1,3371,3370,3372,-1,3371,3372,3373,-1,3373,3372,3374,-1,3373,3374,3375,-1,3375,3374,3376,-1,3375,3376,3377,-1,3377,3376,3378,-1,3377,3378,3379,-1,3379,3378,3380,-1,3379,3380,3381,-1,3381,3380,3382,-1,3381,3382,3383,-1,3383,3382,3384,-1,3383,3384,3385,-1,3385,3384,3386,-1,3385,3386,3387,-1,3387,3386,3388,-1,3387,3388,3389,-1,3389,3388,3390,-1,3389,3390,3391,-1,3391,3390,3392,-1,3391,3392,3393,-1,3393,3392,3394,-1,3393,3394,3395,-1,3395,3394,3396,-1,3395,3396,3397,-1,3397,3396,3398,-1,3397,3398,3399,-1,3399,3398,3400,-1,3399,3400,3401,-1,3401,3400,3402,-1,3401,3402,3403,-1,3403,3402,3404,-1,3403,3404,3405,-1,3405,3404,3406,-1,3405,3406,3407,-1,3407,3406,3408,-1,3407,3408,3409,-1,3409,3408,3410,-1,3409,3410,3411,-1,3411,3410,3412,-1,3411,3412,3413,-1,3413,3412,3414,-1,3413,3414,3415,-1,3415,3414,3416,-1,3415,3416,3417,-1,3417,3416,3418,-1,3417,3418,3419,-1,3419,3418,3420,-1,3419,3420,3421,-1,3421,3420,3422,-1,3421,3422,3423,-1,3423,3422,3424,-1,3423,3424,3425,-1,3425,3424,3426,-1,3425,3426,3427,-1,3427,3426,3428,-1,3427,3428,3429,-1,3429,3428,3430,-1,3429,3430,3431,-1,3431,3430,3432,-1,3431,3432,3433,-1,3433,3432,3434,-1,3433,3434,3435,-1,3435,3434,3436,-1,3435,3436,3437,-1,3437,3436,3438,-1,3437,3438,3439,-1,3439,3438,3440,-1,3439,3440,3441,-1,3441,3440,3442,-1,3441,3442,3443,-1,3443,3442,3444,-1,3443,3444,3445,-1,3445,3444,3446,-1,3445,3446,3447,-1,3447,3446,3448,-1,3447,3448,3449,-1,3449,3448,3350,-1,3449,3350,3450,-1,3450,3350,3351,-1,3450,3351,1827,-1,3451,3452,3453,-1,3078,3080,3454,-1,3455,3456,3457,-1,3457,3456,3458,-1,3457,3458,3225,-1,3459,3082,3460,-1,3460,3082,3081,-1,3460,3081,3085,-1,3093,3461,3094,-1,3094,3461,3462,-1,3094,3462,3095,-1,3095,3462,3463,-1,3095,3463,3096,-1,3096,3463,3464,-1,3461,3451,3462,-1,3462,3451,3453,-1,3462,3453,3463,-1,3463,3453,3465,-1,3463,3465,3464,-1,3464,3465,3466,-1,3076,3072,3077,-1,3077,3072,3074,-1,3077,3074,3467,-1,3467,3074,3468,-1,3467,3468,3469,-1,3469,3468,3470,-1,3469,3470,3471,-1,3471,3470,3472,-1,3097,3473,3098,-1,3098,3473,3474,-1,3098,3474,3099,-1,3099,3474,3475,-1,3476,3475,3477,-1,3477,3475,3474,-1,3477,3474,3466,-1,3466,3474,3473,-1,3466,3473,3464,-1,3464,3473,3097,-1,3464,3097,3096,-1,3096,3097,1892,-1,3096,1892,1891,-1,3472,3478,3471,-1,3471,3478,3479,-1,3471,3479,3480,-1,2316,3100,3102,-1,3102,3100,3481,-1,3102,3481,3482,-1,3483,3482,3476,-1,3476,3482,3481,-1,3476,3481,3475,-1,3475,3481,3100,-1,3475,3100,3099,-1,3099,3100,2324,-1,3099,2324,2323,-1,3459,3075,3082,-1,3082,3075,3077,-1,3082,3077,3083,-1,3083,3077,3467,-1,3083,3467,3229,-1,3229,3467,3469,-1,3229,3469,3231,-1,3231,3469,3471,-1,3231,3471,3233,-1,3233,3471,3480,-1,3233,3480,3235,-1,3235,3480,3484,-1,2313,3101,3103,-1,3103,3101,3485,-1,3103,3485,3486,-1,3487,3486,3483,-1,3483,3486,3485,-1,3483,3485,3482,-1,3482,3485,3101,-1,3482,3101,3102,-1,3102,3101,2318,-1,3102,2318,2317,-1,3479,3488,3480,-1,3480,3488,3489,-1,3480,3489,3484,-1,3484,3489,3490,-1,3484,3490,3491,-1,3236,3235,3067,-1,3067,3235,3484,-1,3067,3484,3068,-1,3068,3484,3491,-1,3068,3491,3492,-1,2306,3092,3104,-1,3104,3092,3493,-1,3104,3493,3494,-1,3495,3494,3487,-1,3487,3494,3493,-1,3487,3493,3486,-1,3486,3493,3092,-1,3486,3092,3103,-1,3103,3092,2305,-1,3103,2305,2309,-1,2304,3091,3496,-1,3496,3091,3497,-1,3496,3497,3498,-1,3499,3498,3495,-1,3495,3498,3497,-1,3495,3497,3494,-1,3494,3497,3091,-1,3494,3091,3104,-1,3104,3091,2301,-1,3104,2301,2300,-1,3065,3064,3500,-1,3500,3064,3501,-1,3500,3501,3502,-1,2295,3105,3106,-1,3106,3105,3503,-1,3106,3503,3504,-1,3505,3504,3499,-1,3499,3504,3503,-1,3499,3503,3498,-1,3498,3503,3105,-1,3498,3105,3496,-1,3496,3105,2297,-1,3496,2297,2304,-1,3501,3506,3502,-1,3502,3506,3507,-1,3502,3507,3508,-1,3508,3507,3509,-1,3508,3509,3510,-1,3510,3509,3511,-1,3510,3511,3512,-1,3512,3511,3513,-1,3512,3513,3514,-1,3514,3513,3515,-1,3514,3515,3516,-1,3516,3515,3517,-1,3516,3517,3518,-1,3518,3517,3519,-1,3518,3519,3520,-1,3520,3519,3521,-1,3520,3521,3522,-1,3522,3521,3523,-1,3522,3523,3524,-1,3524,3523,3525,-1,3524,3525,3526,-1,3526,3525,3527,-1,3526,3527,3528,-1,3528,3527,3529,-1,3528,3529,3530,-1,3530,3529,3531,-1,3530,3531,3532,-1,3532,3531,3533,-1,3532,3533,3534,-1,3534,3533,3535,-1,3534,3535,3536,-1,3536,3535,3537,-1,3536,3537,3538,-1,3538,3537,3539,-1,3538,3539,3540,-1,3540,3539,3541,-1,3540,3541,3542,-1,3542,3541,3543,-1,3542,3543,3544,-1,3108,3545,3107,-1,3107,3545,3546,-1,3107,3546,3109,-1,3109,3546,3547,-1,3109,3547,3110,-1,3110,3547,3548,-1,3110,3548,3111,-1,3111,3548,3549,-1,3111,3549,3112,-1,3112,3549,3550,-1,3112,3550,3113,-1,3113,3550,3551,-1,3113,3551,3114,-1,3114,3551,3552,-1,3114,3552,3115,-1,3115,3552,3553,-1,3115,3553,3116,-1,3116,3553,3554,-1,3116,3554,3117,-1,3117,3554,3555,-1,3117,3555,3121,-1,3121,3555,3556,-1,3121,3556,3120,-1,3120,3556,3557,-1,3120,3557,3119,-1,3119,3557,3558,-1,3119,3558,3118,-1,3118,3558,3559,-1,3118,3559,3122,-1,3122,3559,3560,-1,3122,3560,3123,-1,3123,3560,3561,-1,3123,3561,3124,-1,3124,3561,3562,-1,3124,3562,3125,-1,3125,3562,3563,-1,3125,3563,3126,-1,3126,3563,3564,-1,3565,3564,3566,-1,3566,3564,3563,-1,3566,3563,3567,-1,3567,3563,3562,-1,3567,3562,3568,-1,3568,3562,3561,-1,3568,3561,3569,-1,3569,3561,3560,-1,3569,3560,3570,-1,3570,3560,3559,-1,3570,3559,3571,-1,3571,3559,3558,-1,3571,3558,3572,-1,3572,3558,3557,-1,3572,3557,3573,-1,3573,3557,3556,-1,3573,3556,3574,-1,3574,3556,3555,-1,3574,3555,3575,-1,3575,3555,3554,-1,3575,3554,3576,-1,3576,3554,3553,-1,3576,3553,3577,-1,3577,3553,3552,-1,3577,3552,3578,-1,3578,3552,3551,-1,3578,3551,3579,-1,3579,3551,3550,-1,3579,3550,3580,-1,3580,3550,3549,-1,3580,3549,3581,-1,3581,3549,3548,-1,3581,3548,3582,-1,3582,3548,3547,-1,3582,3547,3583,-1,3583,3547,3546,-1,3583,3546,3505,-1,3505,3546,3545,-1,3505,3545,3504,-1,3504,3545,3108,-1,3504,3108,3106,-1,3106,3108,2291,-1,3106,2291,2290,-1,3543,3584,3544,-1,3544,3584,3585,-1,3544,3585,3586,-1,2234,3090,3127,-1,3127,3090,3587,-1,3127,3587,3588,-1,3589,3588,3565,-1,3565,3588,3587,-1,3565,3587,3564,-1,3564,3587,3090,-1,3564,3090,3126,-1,3126,3090,2233,-1,3126,2233,2232,-1,2226,3129,3128,-1,3128,3129,3590,-1,3128,3590,3591,-1,3592,3591,3589,-1,3589,3591,3590,-1,3589,3590,3588,-1,3588,3590,3129,-1,3588,3129,3127,-1,3127,3129,1895,-1,3127,1895,1894,-1,3585,3593,3586,-1,3586,3593,3594,-1,3586,3594,3595,-1,3595,3594,3596,-1,3595,3596,3597,-1,3597,3596,3598,-1,3597,3598,3599,-1,3598,3600,3599,-1,3599,3600,3601,-1,3599,3601,3602,-1,3602,3601,3603,-1,3602,3603,3604,-1,3604,3603,3605,-1,3604,3605,3606,-1,3606,3605,3607,-1,3606,3607,3608,-1,3608,3607,3609,-1,3608,3609,3610,-1,3130,3611,3131,-1,3131,3611,3612,-1,3131,3612,3132,-1,3132,3612,3613,-1,3132,3613,3133,-1,3133,3613,3614,-1,3133,3614,3134,-1,3134,3614,3615,-1,3134,3615,3135,-1,3135,3615,3616,-1,3135,3616,3136,-1,3136,3616,3617,-1,3136,3617,3137,-1,3137,3617,3618,-1,3619,3618,3620,-1,3620,3618,3617,-1,3620,3617,3621,-1,3621,3617,3616,-1,3621,3616,3622,-1,3622,3616,3615,-1,3622,3615,3623,-1,3623,3615,3614,-1,3623,3614,3624,-1,3624,3614,3613,-1,3624,3613,3625,-1,3625,3613,3612,-1,3625,3612,3592,-1,3592,3612,3611,-1,3592,3611,3591,-1,3591,3611,3130,-1,3591,3130,3128,-1,3128,3130,2216,-1,3128,2216,2218,-1,2200,3089,3138,-1,3138,3089,3626,-1,3138,3626,3627,-1,3628,3627,3619,-1,3619,3627,3626,-1,3619,3626,3618,-1,3618,3626,3089,-1,3618,3089,3137,-1,3137,3089,2199,-1,3137,2199,2197,-1,3452,3454,3453,-1,3453,3454,3080,-1,3453,3080,3465,-1,3465,3080,3629,-1,3465,3629,3466,-1,3466,3629,3630,-1,3466,3630,3477,-1,3477,3630,3631,-1,3477,3631,3476,-1,3476,3631,3632,-1,3476,3632,3483,-1,3483,3632,3633,-1,3483,3633,3487,-1,3487,3633,3634,-1,3487,3634,3495,-1,3495,3634,3635,-1,3495,3635,3499,-1,3499,3635,3636,-1,3499,3636,3505,-1,3505,3636,3637,-1,3505,3637,3583,-1,3583,3637,3638,-1,3583,3638,3582,-1,3582,3638,3639,-1,3582,3639,3581,-1,3581,3639,3640,-1,3581,3640,3580,-1,3580,3640,3641,-1,3580,3641,3579,-1,3579,3641,3642,-1,3579,3642,3578,-1,3578,3642,3643,-1,3578,3643,3577,-1,3577,3643,3644,-1,3577,3644,3576,-1,3576,3644,3645,-1,3576,3645,3575,-1,3575,3645,3646,-1,3575,3646,3574,-1,3574,3646,3647,-1,3574,3647,3573,-1,3573,3647,3648,-1,3573,3648,3572,-1,3572,3648,3649,-1,3572,3649,3571,-1,3571,3649,3650,-1,3571,3650,3570,-1,3570,3650,3651,-1,3570,3651,3569,-1,3569,3651,3652,-1,3569,3652,3568,-1,3568,3652,3653,-1,3568,3653,3567,-1,3567,3653,3654,-1,3567,3654,3566,-1,3566,3654,3655,-1,3566,3655,3565,-1,3565,3655,3656,-1,3565,3656,3589,-1,3589,3656,3657,-1,3589,3657,3592,-1,3592,3657,3658,-1,3592,3658,3625,-1,3625,3658,3659,-1,3625,3659,3624,-1,3624,3659,3660,-1,3624,3660,3623,-1,3623,3660,3661,-1,3623,3661,3622,-1,3622,3661,3662,-1,3622,3662,3621,-1,3621,3662,3663,-1,3621,3663,3620,-1,3620,3663,3664,-1,3620,3664,3619,-1,3619,3664,3665,-1,3619,3665,3628,-1,3628,3665,3666,-1,3492,3063,3068,-1,3068,3063,3065,-1,3068,3065,3066,-1,3066,3065,3500,-1,3066,3500,3354,-1,3354,3500,3502,-1,3354,3502,3356,-1,3356,3502,3508,-1,3356,3508,3358,-1,3358,3508,3510,-1,3358,3510,3360,-1,3360,3510,3512,-1,3360,3512,3362,-1,3362,3512,3514,-1,3362,3514,3364,-1,3364,3514,3516,-1,3364,3516,3366,-1,3366,3516,3518,-1,3366,3518,3368,-1,3368,3518,3520,-1,3368,3520,3370,-1,3370,3520,3522,-1,3370,3522,3372,-1,3372,3522,3524,-1,3372,3524,3374,-1,3374,3524,3526,-1,3374,3526,3376,-1,3376,3526,3528,-1,3376,3528,3378,-1,3378,3528,3530,-1,3378,3530,3380,-1,3380,3530,3532,-1,3380,3532,3382,-1,3382,3532,3534,-1,3382,3534,3384,-1,3384,3534,3536,-1,3384,3536,3386,-1,3386,3536,3538,-1,3386,3538,3388,-1,3388,3538,3540,-1,3388,3540,3390,-1,3390,3540,3542,-1,3390,3542,3392,-1,3392,3542,3544,-1,3392,3544,3394,-1,3394,3544,3586,-1,3394,3586,3396,-1,3396,3586,3595,-1,3396,3595,3398,-1,3398,3595,3597,-1,3398,3597,3400,-1,3400,3597,3599,-1,3400,3599,3402,-1,3402,3599,3602,-1,3402,3602,3404,-1,3404,3602,3604,-1,3404,3604,3406,-1,3406,3604,3606,-1,3406,3606,3408,-1,3408,3606,3608,-1,3408,3608,3410,-1,3410,3608,3610,-1,3410,3610,3412,-1,3412,3610,3667,-1,3412,3667,3414,-1,3141,3668,3140,-1,3140,3668,3669,-1,3140,3669,3139,-1,3139,3669,3670,-1,3139,3670,3143,-1,3143,3670,3671,-1,3143,3671,3142,-1,3142,3671,3672,-1,3142,3672,3144,-1,3144,3672,3673,-1,3144,3673,3145,-1,3145,3673,3674,-1,3145,3674,3147,-1,3147,3674,3675,-1,3147,3675,3146,-1,3146,3675,3676,-1,3146,3676,3148,-1,3148,3676,3677,-1,3148,3677,3149,-1,3149,3677,3678,-1,3149,3678,3150,-1,3150,3678,3679,-1,3150,3679,3151,-1,3151,3679,3680,-1,3151,3680,3152,-1,3152,3680,3681,-1,3152,3681,3154,-1,3154,3681,3682,-1,3154,3682,3155,-1,3155,3682,3683,-1,3155,3683,3156,-1,3156,3683,3684,-1,3156,3684,3157,-1,3157,3684,3685,-1,3157,3685,3158,-1,3158,3685,3686,-1,3687,3455,3688,-1,3688,3455,3457,-1,3688,3457,3689,-1,3689,3457,3690,-1,3689,3690,3691,-1,3691,3690,3692,-1,3691,3692,3693,-1,3693,3692,3694,-1,3693,3694,3695,-1,3695,3694,3696,-1,3695,3696,3697,-1,3697,3696,3698,-1,3697,3698,3699,-1,3699,3698,3700,-1,3699,3700,3701,-1,3701,3700,3702,-1,3701,3702,3703,-1,3703,3702,3704,-1,3703,3704,3705,-1,3705,3704,3706,-1,3705,3706,3707,-1,3707,3706,3708,-1,3707,3708,3709,-1,3709,3708,3710,-1,3709,3710,3711,-1,3711,3710,3712,-1,3711,3712,3713,-1,3713,3712,3714,-1,3713,3714,3715,-1,3715,3714,3716,-1,3715,3716,3717,-1,3717,3716,3718,-1,3717,3718,3719,-1,3719,3718,3720,-1,3719,3720,3721,-1,3721,3720,3722,-1,3721,3722,3723,-1,3723,3722,3724,-1,3723,3724,3725,-1,3725,3724,3726,-1,3725,3726,3727,-1,3727,3726,3728,-1,3727,3728,3729,-1,3729,3728,3730,-1,3729,3730,3731,-1,3731,3730,3732,-1,3731,3732,3733,-1,3733,3732,3734,-1,3733,3734,3735,-1,3735,3734,3736,-1,3735,3736,3737,-1,3737,3736,3738,-1,3737,3738,3739,-1,3739,3738,3740,-1,3739,3740,3741,-1,3741,3740,3742,-1,3741,3742,3743,-1,3743,3742,3744,-1,3743,3744,3745,-1,3745,3744,3746,-1,3745,3746,3747,-1,3747,3746,3748,-1,3747,3748,3749,-1,3749,3748,3750,-1,3749,3750,3751,-1,3751,3750,3752,-1,3751,3752,3753,-1,3753,3752,3754,-1,3753,3754,3755,-1,3755,3754,3756,-1,3755,3756,3757,-1,3757,3756,3758,-1,3757,3758,3759,-1,3759,3758,3760,-1,3759,3760,3761,-1,3761,3760,3762,-1,3761,3762,3763,-1,3763,3762,3764,-1,3763,3764,3765,-1,3765,3764,3766,-1,3765,3766,3767,-1,3767,3766,3768,-1,3767,3768,3769,-1,3769,3768,3770,-1,3769,3770,3771,-1,3771,3770,3772,-1,3771,3772,3773,-1,3773,3772,3774,-1,3773,3774,3775,-1,3775,3774,3776,-1,3775,3776,3777,-1,3777,3776,3778,-1,3777,3778,3779,-1,3779,3778,3780,-1,3779,3780,3781,-1,3781,3780,3782,-1,3781,3782,3783,-1,3783,3782,3784,-1,3783,3784,3785,-1,3785,3784,3786,-1,3785,3786,3787,-1,3787,3786,3788,-1,3787,3788,3789,-1,3789,3788,3790,-1,3789,3790,3791,-1,3791,3790,3792,-1,3791,3792,3793,-1,3793,3792,3794,-1,3793,3794,3795,-1,3795,3794,3796,-1,3795,3796,3797,-1,3797,3796,3798,-1,3797,3798,3799,-1,3799,3798,3800,-1,1835,1834,3801,-1,3801,1834,3686,-1,3801,3686,3802,-1,3802,3686,3685,-1,3802,3685,3803,-1,3803,3685,3684,-1,3803,3684,3804,-1,3804,3684,3683,-1,3804,3683,3805,-1,3805,3683,3682,-1,3805,3682,3806,-1,3806,3682,3681,-1,3806,3681,3807,-1,3807,3681,3680,-1,3807,3680,3808,-1,3808,3680,3679,-1,3808,3679,3809,-1,3809,3679,3678,-1,3809,3678,3810,-1,3810,3678,3677,-1,3810,3677,3811,-1,3811,3677,3676,-1,3811,3676,3812,-1,3812,3676,3675,-1,3812,3675,3813,-1,3813,3675,3674,-1,3813,3674,3814,-1,3814,3674,3673,-1,3814,3673,3815,-1,3815,3673,3672,-1,3815,3672,3816,-1,3816,3672,3671,-1,3816,3671,3817,-1,3817,3671,3670,-1,3817,3670,3818,-1,3818,3670,3669,-1,3818,3669,3819,-1,3819,3669,3668,-1,1834,3820,3686,-1,3686,3820,1829,-1,3686,1829,3158,-1,3158,1829,1831,-1,3158,1831,1832,-1,1836,1835,3062,-1,3062,1835,3801,-1,3062,3801,3821,-1,3821,3801,3802,-1,3821,3802,3822,-1,3822,3802,3803,-1,3822,3803,3823,-1,3823,3803,3804,-1,3823,3804,3824,-1,3824,3804,3805,-1,3824,3805,3825,-1,3825,3805,3806,-1,3825,3806,3826,-1,3826,3806,3807,-1,3826,3807,3827,-1,3827,3807,3808,-1,3827,3808,3828,-1,3828,3808,3809,-1,3828,3809,3829,-1,3829,3809,3810,-1,3829,3810,3830,-1,3830,3810,3811,-1,3830,3811,3831,-1,3831,3811,3812,-1,3831,3812,3832,-1,3832,3812,3813,-1,3832,3813,3833,-1,3833,3813,3814,-1,3833,3814,3834,-1,3834,3814,3815,-1,3834,3815,3835,-1,3835,3815,3816,-1,3835,3816,3836,-1,3836,3816,3817,-1,3836,3817,3837,-1,3837,3817,3818,-1,3837,3818,3666,-1,3666,3818,3819,-1,3666,3819,3628,-1,3628,3819,3668,-1,3628,3668,3627,-1,3627,3668,3141,-1,3627,3141,3138,-1,3138,3141,2194,-1,3138,2194,2193,-1,1838,1837,3838,-1,3838,1837,3062,-1,3838,3062,3839,-1,3839,3062,3821,-1,3839,3821,3840,-1,3840,3821,3822,-1,3840,3822,3841,-1,3841,3822,3823,-1,3841,3823,3842,-1,3842,3823,3824,-1,3842,3824,3843,-1,3843,3824,3825,-1,3843,3825,3844,-1,3844,3825,3826,-1,3844,3826,3845,-1,3845,3826,3827,-1,3845,3827,3846,-1,3846,3827,3828,-1,3846,3828,3847,-1,3847,3828,3829,-1,3847,3829,3848,-1,3848,3829,3830,-1,3848,3830,3849,-1,3849,3830,3831,-1,3849,3831,3850,-1,3850,3831,3832,-1,3850,3832,3851,-1,3851,3832,3833,-1,3851,3833,3852,-1,3852,3833,3834,-1,3852,3834,3853,-1,3853,3834,3835,-1,3853,3835,3854,-1,3854,3835,3836,-1,3854,3836,3855,-1,3855,3836,3837,-1,3855,3837,3856,-1,3856,3837,3666,-1,3856,3666,3857,-1,3857,3666,3665,-1,3857,3665,3858,-1,3858,3665,3664,-1,3858,3664,3859,-1,3859,3664,3663,-1,3859,3663,3860,-1,3860,3663,3662,-1,3860,3662,3861,-1,3861,3662,3661,-1,3861,3661,3862,-1,3862,3661,3660,-1,3862,3660,3863,-1,3863,3660,3659,-1,3863,3659,3864,-1,3864,3659,3658,-1,3864,3658,3865,-1,3865,3658,3657,-1,3865,3657,3866,-1,3866,3657,3656,-1,3866,3656,3867,-1,3867,3656,3655,-1,3867,3655,3868,-1,3868,3655,3654,-1,3868,3654,3869,-1,3869,3654,3653,-1,3869,3653,3870,-1,3870,3653,3652,-1,3870,3652,3871,-1,3871,3652,3651,-1,3871,3651,3872,-1,3872,3651,3650,-1,3872,3650,3873,-1,3873,3650,3649,-1,3873,3649,3874,-1,3874,3649,3648,-1,3874,3648,3875,-1,3875,3648,3647,-1,3875,3647,3876,-1,3876,3647,3646,-1,3876,3646,3877,-1,3877,3646,3645,-1,3877,3645,3878,-1,3878,3645,3644,-1,3878,3644,3879,-1,3879,3644,3643,-1,3879,3643,3880,-1,3880,3643,3642,-1,3880,3642,3881,-1,3881,3642,3641,-1,3881,3641,3882,-1,3882,3641,3640,-1,3882,3640,3883,-1,3883,3640,3639,-1,3883,3639,3884,-1,3884,3639,3638,-1,3884,3638,3885,-1,3885,3638,3637,-1,3885,3637,3886,-1,3886,3637,3636,-1,3886,3636,3887,-1,3887,3636,3635,-1,3887,3635,3888,-1,3888,3635,3634,-1,3888,3634,3889,-1,3889,3634,3633,-1,3889,3633,3890,-1,3890,3633,3632,-1,3890,3632,3891,-1,3891,3632,3631,-1,3891,3631,3892,-1,3892,3631,3630,-1,3892,3630,3893,-1,3893,3630,3629,-1,3893,3629,3894,-1,3894,3629,3080,-1,3894,3080,3895,-1,3895,3080,3079,-1,3895,3896,3894,-1,3894,3896,3897,-1,3894,3897,3893,-1,3893,3897,3898,-1,3893,3898,3892,-1,3892,3898,3899,-1,3892,3899,3891,-1,3891,3899,3900,-1,3891,3900,3890,-1,3890,3900,3901,-1,3890,3901,3889,-1,3889,3901,3902,-1,3889,3902,3888,-1,3888,3902,3903,-1,3888,3903,3887,-1,3887,3903,3904,-1,3887,3904,3886,-1,3886,3904,3905,-1,3886,3905,3885,-1,3885,3905,3906,-1,3885,3906,3884,-1,3884,3906,3907,-1,3884,3907,3883,-1,3883,3907,3908,-1,3883,3908,3882,-1,3882,3908,3909,-1,3882,3909,3881,-1,3881,3909,3910,-1,3881,3910,3880,-1,3880,3910,3911,-1,3880,3911,3879,-1,3879,3911,3912,-1,3879,3912,3878,-1,3878,3912,3913,-1,3878,3913,3877,-1,3877,3913,3914,-1,3877,3914,3876,-1,3876,3914,3915,-1,3876,3915,3875,-1,3875,3915,3916,-1,3875,3916,3874,-1,3874,3916,3917,-1,3874,3917,3873,-1,3873,3917,3918,-1,3873,3918,3872,-1,3872,3918,3919,-1,3872,3919,3871,-1,3871,3919,3920,-1,3871,3920,3870,-1,3870,3920,3921,-1,3870,3921,3869,-1,3869,3921,3922,-1,3869,3922,3868,-1,3868,3922,3923,-1,3868,3923,3867,-1,3867,3923,3924,-1,3867,3924,3866,-1,3866,3924,3925,-1,3866,3925,3865,-1,3865,3925,3926,-1,3865,3926,3864,-1,3864,3926,3927,-1,3864,3927,3863,-1,3863,3927,3928,-1,3863,3928,3862,-1,3862,3928,3929,-1,3862,3929,3861,-1,3861,3929,3930,-1,3861,3930,3860,-1,3860,3930,3931,-1,3860,3931,3859,-1,3859,3931,3932,-1,3859,3932,3858,-1,3858,3932,3933,-1,3858,3933,3857,-1,3857,3933,3934,-1,3857,3934,3856,-1,3856,3934,3935,-1,3856,3935,3855,-1,3855,3935,3936,-1,3855,3936,3854,-1,3854,3936,3937,-1,3854,3937,3853,-1,3853,3937,3938,-1,3853,3938,3852,-1,3852,3938,3939,-1,3852,3939,3851,-1,3851,3939,3940,-1,3851,3940,3850,-1,3850,3940,3941,-1,3850,3941,3849,-1,3849,3941,3942,-1,3849,3942,3848,-1,3848,3942,3943,-1,3848,3943,3847,-1,3847,3943,3944,-1,3847,3944,3846,-1,3846,3944,3945,-1,3846,3945,3845,-1,3845,3945,3946,-1,3845,3946,3844,-1,3844,3946,3947,-1,3844,3947,3843,-1,3843,3947,3948,-1,3843,3948,3842,-1,3842,3948,3949,-1,3842,3949,3841,-1,3841,3949,3950,-1,3841,3950,3840,-1,3840,3950,3951,-1,3840,3951,3839,-1,3839,3951,3952,-1,3839,3952,3838,-1,3838,3952,3953,-1,3838,3953,1838,-1,1838,3953,1839,-1,3896,3687,3897,-1,3897,3687,3688,-1,3897,3688,3898,-1,3898,3688,3689,-1,3898,3689,3899,-1,3899,3689,3691,-1,3899,3691,3900,-1,3900,3691,3693,-1,3900,3693,3901,-1,3901,3693,3695,-1,3901,3695,3902,-1,3902,3695,3697,-1,3902,3697,3903,-1,3903,3697,3699,-1,3903,3699,3904,-1,3904,3699,3701,-1,3904,3701,3905,-1,3905,3701,3703,-1,3905,3703,3906,-1,3906,3703,3705,-1,3906,3705,3907,-1,3907,3705,3707,-1,3907,3707,3908,-1,3908,3707,3709,-1,3908,3709,3909,-1,3909,3709,3711,-1,3909,3711,3910,-1,3910,3711,3713,-1,3910,3713,3911,-1,3911,3713,3715,-1,3911,3715,3912,-1,3912,3715,3717,-1,3912,3717,3913,-1,3913,3717,3719,-1,3913,3719,3914,-1,3914,3719,3721,-1,3914,3721,3915,-1,3915,3721,3723,-1,3915,3723,3916,-1,3916,3723,3725,-1,3916,3725,3917,-1,3917,3725,3727,-1,3917,3727,3918,-1,3918,3727,3729,-1,3918,3729,3919,-1,3919,3729,3731,-1,3919,3731,3920,-1,3920,3731,3733,-1,3920,3733,3921,-1,3921,3733,3735,-1,3921,3735,3922,-1,3922,3735,3737,-1,3922,3737,3923,-1,3923,3737,3739,-1,3923,3739,3924,-1,3924,3739,3741,-1,3924,3741,3925,-1,3925,3741,3743,-1,3925,3743,3926,-1,3926,3743,3745,-1,3926,3745,3927,-1,3927,3745,3747,-1,3927,3747,3928,-1,3928,3747,3749,-1,3928,3749,3929,-1,3929,3749,3751,-1,3929,3751,3930,-1,3930,3751,3753,-1,3930,3753,3931,-1,3931,3753,3755,-1,3931,3755,3932,-1,3932,3755,3757,-1,3932,3757,3933,-1,3933,3757,3759,-1,3933,3759,3934,-1,3934,3759,3761,-1,3934,3761,3935,-1,3935,3761,3763,-1,3935,3763,3936,-1,3936,3763,3765,-1,3936,3765,3937,-1,3937,3765,3767,-1,3937,3767,3938,-1,3938,3767,3769,-1,3938,3769,3939,-1,3939,3769,3771,-1,3939,3771,3940,-1,3940,3771,3773,-1,3940,3773,3941,-1,3941,3773,3775,-1,3941,3775,3942,-1,3942,3775,3777,-1,3942,3777,3943,-1,3943,3777,3779,-1,3943,3779,3944,-1,3944,3779,3781,-1,3944,3781,3945,-1,3945,3781,3783,-1,3945,3783,3946,-1,3946,3783,3785,-1,3946,3785,3947,-1,3947,3785,3787,-1,3947,3787,3948,-1,3948,3787,3789,-1,3948,3789,3949,-1,3949,3789,3791,-1,3949,3791,3950,-1,3950,3791,3793,-1,3950,3793,3951,-1,3951,3793,3795,-1,3951,3795,3952,-1,3952,3795,3797,-1,3952,3797,3953,-1,3953,3797,3799,-1,3953,3799,1839,-1,1839,3799,1840,-1,3800,1842,3799,-1,3799,1842,1841,-1,3799,1841,1840,-1,3347,1845,3348,-1,3348,1845,1844,-1,3348,1844,1843,-1,3225,3227,3457,-1,3457,3227,3238,-1,3457,3238,3690,-1,3690,3238,3240,-1,3690,3240,3692,-1,3692,3240,3242,-1,3692,3242,3694,-1,3694,3242,3244,-1,3694,3244,3696,-1,3696,3244,3246,-1,3696,3246,3698,-1,3698,3246,3248,-1,3698,3248,3700,-1,3700,3248,3250,-1,3700,3250,3702,-1,3702,3250,3252,-1,3702,3252,3704,-1,3704,3252,3254,-1,3704,3254,3706,-1,3706,3254,3256,-1,3706,3256,3708,-1,3708,3256,3258,-1,3708,3258,3710,-1,3710,3258,3260,-1,3710,3260,3712,-1,3712,3260,3262,-1,3712,3262,3714,-1,3714,3262,3264,-1,3714,3264,3716,-1,3716,3264,3266,-1,3716,3266,3718,-1,3718,3266,3268,-1,3718,3268,3720,-1,3720,3268,3270,-1,3720,3270,3722,-1,3722,3270,3272,-1,3722,3272,3724,-1,3724,3272,3274,-1,3724,3274,3726,-1,3726,3274,3276,-1,3726,3276,3728,-1,3728,3276,3278,-1,3728,3278,3730,-1,3730,3278,3280,-1,3730,3280,3732,-1,3732,3280,3282,-1,3732,3282,3734,-1,3734,3282,3284,-1,3734,3284,3736,-1,3736,3284,3286,-1,3736,3286,3738,-1,3738,3286,3288,-1,3738,3288,3740,-1,3740,3288,3290,-1,3740,3290,3742,-1,3742,3290,3292,-1,3742,3292,3744,-1,3744,3292,3294,-1,3744,3294,3746,-1,3746,3294,3296,-1,3746,3296,3748,-1,3748,3296,3298,-1,3748,3298,3750,-1,3750,3298,3300,-1,3750,3300,3752,-1,3752,3300,3302,-1,3752,3302,3754,-1,3754,3302,3304,-1,3754,3304,3756,-1,3756,3304,3306,-1,3756,3306,3758,-1,3758,3306,3308,-1,3758,3308,3760,-1,3760,3308,3310,-1,3760,3310,3762,-1,3762,3310,3312,-1,3762,3312,3764,-1,3764,3312,3314,-1,3764,3314,3766,-1,3766,3314,3316,-1,3766,3316,3768,-1,3768,3316,3318,-1,3768,3318,3770,-1,3770,3318,3320,-1,3770,3320,3772,-1,3772,3320,3322,-1,3772,3322,3774,-1,3774,3322,3324,-1,3774,3324,3776,-1,3776,3324,3326,-1,3776,3326,3778,-1,3778,3326,3328,-1,3778,3328,3780,-1,3780,3328,3330,-1,3780,3330,3782,-1,3782,3330,3332,-1,3782,3332,3784,-1,3784,3332,3334,-1,3784,3334,3786,-1,3786,3334,3336,-1,3786,3336,3788,-1,3788,3336,3338,-1,3788,3338,3790,-1,3790,3338,3340,-1,3790,3340,3792,-1,3792,3340,3342,-1,3792,3342,3794,-1,3794,3342,3344,-1,3794,3344,3796,-1,3796,3344,3346,-1,3796,3346,3798,-1,3798,3346,3348,-1,3798,3348,3800,-1,3800,3348,1843,-1,3800,1843,1842,-1,3085,3081,3086,-1,3086,3081,3228,-1,3086,3228,3237,-1,3237,3228,3230,-1,3237,3230,3239,-1,3239,3230,3232,-1,3239,3232,3241,-1,3241,3232,3234,-1,3241,3234,3243,-1,3243,3234,3236,-1,3243,3236,3245,-1,3245,3236,3352,-1,3245,3352,3247,-1,3247,3352,3353,-1,3247,3353,3249,-1,3249,3353,3355,-1,3249,3355,3251,-1,3251,3355,3357,-1,3251,3357,3253,-1,3253,3357,3359,-1,3253,3359,3255,-1,3255,3359,3361,-1,3255,3361,3257,-1,3257,3361,3363,-1,3257,3363,3259,-1,3259,3363,3365,-1,3259,3365,3261,-1,3261,3365,3367,-1,3261,3367,3263,-1,3263,3367,3369,-1,3263,3369,3265,-1,3265,3369,3371,-1,3265,3371,3267,-1,3267,3371,3373,-1,3267,3373,3269,-1,3269,3373,3375,-1,3269,3375,3271,-1,3271,3375,3377,-1,3271,3377,3273,-1,3273,3377,3379,-1,3273,3379,3275,-1,3275,3379,3381,-1,3275,3381,3277,-1,3277,3381,3383,-1,3277,3383,3279,-1,3279,3383,3385,-1,3279,3385,3281,-1,3281,3385,3387,-1,3281,3387,3283,-1,3283,3387,3389,-1,3283,3389,3285,-1,3285,3389,3391,-1,3285,3391,3287,-1,3287,3391,3393,-1,3287,3393,3289,-1,3289,3393,3395,-1,3289,3395,3291,-1,3291,3395,3397,-1,3291,3397,3293,-1,3293,3397,3399,-1,3293,3399,3295,-1,3295,3399,3401,-1,3295,3401,3297,-1,3297,3401,3403,-1,3297,3403,3299,-1,3299,3403,3405,-1,3299,3405,3301,-1,3301,3405,3407,-1,3301,3407,3303,-1,3303,3407,3409,-1,3303,3409,3305,-1,3305,3409,3411,-1,3305,3411,3307,-1,3307,3411,3413,-1,3307,3413,3309,-1,3309,3413,3415,-1,3309,3415,3311,-1,3311,3415,3417,-1,3311,3417,3313,-1,3313,3417,3419,-1,3313,3419,3315,-1,3315,3419,3421,-1,3315,3421,3317,-1,3317,3421,3423,-1,3317,3423,3319,-1,3319,3423,3425,-1,3319,3425,3321,-1,3321,3425,3427,-1,3321,3427,3323,-1,3323,3427,3429,-1,3323,3429,3325,-1,3325,3429,3431,-1,3325,3431,3327,-1,3327,3431,3433,-1,3327,3433,3329,-1,3329,3433,3435,-1,3329,3435,3331,-1,3331,3435,3437,-1,3331,3437,3333,-1,3333,3437,3439,-1,3333,3439,3335,-1,3335,3439,3441,-1,3335,3441,3337,-1,3337,3441,3443,-1,3337,3443,3339,-1,3339,3443,3445,-1,3339,3445,3341,-1,3341,3445,3447,-1,3341,3447,3343,-1,3343,3447,3449,-1,3343,3449,3345,-1,3345,3449,3450,-1,3345,3450,3347,-1,3347,3450,1827,-1,3347,1827,1845,-1,1849,3349,3061,-1,3061,3349,3350,-1,3061,3350,3954,-1,3954,3350,3448,-1,3954,3448,3955,-1,3955,3448,3446,-1,3955,3446,3956,-1,3956,3446,3444,-1,3956,3444,3957,-1,3957,3444,3442,-1,3957,3442,3958,-1,3958,3442,3440,-1,3958,3440,3959,-1,3959,3440,3438,-1,3959,3438,3960,-1,3960,3438,3436,-1,3960,3436,3961,-1,3961,3436,3434,-1,3961,3434,3962,-1,3962,3434,3432,-1,3962,3432,3963,-1,3963,3432,3430,-1,3963,3430,3964,-1,3964,3430,3428,-1,3964,3428,3965,-1,3965,3428,3426,-1,3965,3426,3966,-1,3966,3426,3424,-1,3966,3424,3967,-1,3967,3424,3422,-1,3967,3422,3968,-1,3968,3422,3420,-1,3968,3420,3969,-1,3969,3420,3418,-1,3969,3418,3970,-1,3970,3418,3416,-1,3970,3416,3971,-1,3971,3416,3414,-1,3971,3414,3972,-1,3972,3414,3667,-1,1851,3060,3059,-1,3059,3060,3061,-1,3059,3061,3973,-1,3973,3061,3954,-1,3973,3954,3974,-1,3974,3954,3955,-1,3974,3955,3975,-1,3975,3955,3956,-1,3975,3956,3976,-1,3976,3956,3957,-1,3976,3957,3977,-1,3977,3957,3958,-1,3977,3958,3978,-1,3978,3958,3959,-1,3978,3959,3979,-1,3979,3959,3960,-1,3979,3960,3980,-1,3980,3960,3961,-1,3980,3961,3981,-1,3981,3961,3962,-1,3981,3962,3982,-1,3982,3962,3963,-1,3982,3963,3983,-1,3983,3963,3964,-1,3983,3964,3984,-1,3984,3964,3965,-1,3984,3965,3985,-1,3985,3965,3966,-1,3985,3966,3986,-1,3986,3966,3967,-1,3986,3967,3987,-1,3987,3967,3968,-1,3987,3968,3988,-1,3988,3968,3969,-1,3988,3969,3989,-1,3989,3969,3970,-1,3989,3970,3990,-1,3990,3970,3971,-1,3990,3971,3991,-1,3991,3971,3972,-1,3991,3972,3992,-1,3992,3972,3667,-1,3992,3667,3993,-1,3993,3667,3610,-1,3993,3610,3994,-1,3994,3610,3609,-1,1853,1852,3159,-1,3159,1852,3059,-1,3159,3059,3160,-1,3160,3059,3973,-1,3160,3973,3161,-1,3161,3973,3974,-1,3161,3974,3162,-1,3162,3974,3975,-1,3162,3975,3163,-1,3163,3975,3976,-1,3163,3976,3164,-1,3164,3976,3977,-1,3164,3977,3165,-1,3165,3977,3978,-1,3165,3978,3166,-1,3166,3978,3979,-1,3166,3979,3167,-1,3167,3979,3980,-1,3167,3980,3168,-1,3168,3980,3981,-1,3168,3981,3169,-1,3169,3981,3982,-1,3169,3982,3170,-1,3170,3982,3983,-1,3170,3983,3171,-1,3171,3983,3984,-1,3171,3984,3172,-1,3172,3984,3985,-1,3172,3985,3173,-1,3173,3985,3986,-1,3173,3986,3174,-1,3174,3986,3987,-1,3174,3987,3175,-1,3175,3987,3988,-1,3175,3988,3176,-1,3176,3988,3989,-1,3176,3989,3177,-1,3177,3989,3990,-1,3177,3990,3178,-1,3178,3990,3991,-1,3178,3991,3179,-1,3179,3991,3992,-1,3179,3992,3180,-1,3180,3992,3993,-1,3180,3993,3181,-1,3181,3993,3994,-1,3181,3994,3182,-1,3182,3994,3609,-1,3182,3609,3183,-1,3183,3609,3607,-1,3183,3607,3184,-1,3184,3607,3605,-1,3184,3605,3185,-1,3185,3605,3603,-1,3185,3603,3186,-1,3186,3603,3601,-1,3186,3601,3189,-1,3189,3601,3600,-1,3189,3600,3188,-1,3188,3600,3598,-1,3188,3598,3187,-1,3187,3598,3596,-1,3187,3596,3190,-1,3190,3596,3594,-1,3190,3594,3191,-1,3191,3594,3593,-1,3191,3593,3192,-1,3192,3593,3585,-1,3192,3585,3193,-1,3193,3585,3584,-1,3193,3584,3195,-1,3195,3584,3543,-1,3195,3543,3194,-1,3194,3543,3541,-1,3194,3541,3088,-1,3088,3541,3539,-1,3088,3539,3199,-1,3199,3539,3537,-1,3199,3537,3198,-1,3198,3537,3535,-1,3198,3535,3197,-1,3197,3535,3533,-1,3197,3533,3196,-1,3196,3533,3531,-1,3196,3531,3200,-1,3200,3531,3529,-1,3200,3529,3201,-1,3201,3529,3527,-1,3201,3527,3087,-1,3087,3527,3525,-1,3087,3525,3202,-1,3202,3525,3523,-1,3202,3523,3203,-1,3203,3523,3521,-1,3203,3521,3204,-1,3204,3521,3519,-1,3204,3519,3207,-1,3207,3519,3517,-1,3207,3517,3206,-1,3206,3517,3515,-1,3206,3515,3205,-1,3205,3515,3513,-1,3205,3513,3208,-1,3208,3513,3511,-1,3208,3511,3209,-1,3209,3511,3509,-1,3209,3509,3211,-1,3211,3509,3507,-1,3211,3507,3210,-1,3210,3507,3506,-1,3210,3506,3212,-1,3212,3506,3501,-1,3212,3501,3213,-1,3213,3501,3064,-1,3213,3064,3214,-1,3214,3064,3063,-1,3214,3063,3215,-1,3215,3063,3492,-1,3215,3492,3217,-1,3217,3492,3491,-1,3217,3491,3216,-1,3216,3491,3490,-1,3216,3490,3218,-1,3218,3490,3489,-1,3218,3489,3219,-1,3219,3489,3488,-1,3219,3488,3220,-1,3220,3488,3479,-1,3220,3479,3221,-1,3221,3479,3478,-1,3221,3478,3222,-1,3222,3478,3472,-1,3222,3472,3223,-1,3223,3472,3470,-1,3223,3470,3224,-1,3224,3470,3468,-1,3224,3468,3071,-1,3071,3468,3074,-1,3071,3074,3069,-1,3069,3074,3073,-1,3458,3995,3225,-1,3225,3995,3996,-1,3225,3996,3226,-1,3226,3996,3997,-1,3459,3460,3998,-1,3998,3460,3085,-1,3998,3085,3997,-1,3997,3085,3084,-1,3997,3084,3226,-1,3459,3998,3075,-1,3075,3998,3999,-1,3075,3999,3076,-1,3076,3999,3072,-1,3072,3999,4000,-1,3072,4000,3073,-1,3073,4000,4001,-1,3073,4001,3069,-1,1918,1917,4002,-1,4002,1917,1916,-1,4002,1916,4001,-1,4001,1916,3070,-1,4001,3070,3069,-1,1918,4002,1880,-1,1880,4002,4003,-1,1880,4003,1881,-1,1881,4003,4004,-1,1881,4004,1877,-1,1877,4004,1878,-1,1878,4004,4005,-1,1878,4005,1874,-1,1874,4005,1875,-1,1875,4005,4006,-1,1875,4006,2604,-1,4007,1871,4006,-1,4006,1871,2872,-1,4006,2872,2604,-1,4008,2544,4009,-1,4009,2544,2543,-1,4009,2543,4007,-1,4007,2543,1872,-1,4007,1872,1871,-1,3995,4010,3996,-1,3996,4010,4011,-1,3996,4011,3997,-1,3997,4011,4012,-1,3997,4012,3998,-1,3998,4012,4013,-1,3998,4013,3999,-1,3999,4013,4014,-1,3999,4014,4000,-1,4000,4014,4015,-1,4000,4015,4001,-1,4016,4008,4017,-1,4017,4008,4009,-1,4017,4009,4018,-1,4018,4009,4007,-1,4018,4007,4019,-1,4019,4007,4006,-1,4019,4006,4020,-1,4020,4006,4005,-1,4020,4005,4021,-1,4021,4005,4004,-1,4021,4004,4022,-1,4022,4004,4003,-1,4022,4003,4023,-1,4023,4003,4002,-1,4023,4002,4024,-1,4024,4002,4001,-1,4024,4001,4025,-1,4025,4001,4015,-1,4024,4025,4026,-1,4026,4025,4015,-1,4026,4015,4014,-1,4014,4013,4026,-1,4026,4013,4012,-1,4026,4012,4011,-1,4011,4010,4026,-1,4026,4010,4027,-1,4026,4027,4028,-1,4028,4029,4026,-1,4026,4029,4030,-1,4026,4030,4031,-1,4032,4033,4034,-1,4034,4033,4035,-1,4034,4035,4016,-1,4036,4034,4037,-1,4037,4034,4038,-1,4036,4039,4034,-1,4034,4039,4040,-1,4034,4040,4032,-1,4016,4017,4034,-1,4034,4017,4018,-1,4034,4018,4019,-1,4019,4020,4034,-1,4034,4020,4021,-1,4034,4021,4022,-1,4031,4041,4026,-1,4026,4041,4038,-1,4026,4038,4024,-1,4024,4038,4034,-1,4024,4034,4023,-1,4023,4034,4022,-1,2544,4008,1868,-1,1868,4008,4042,-1,1868,4042,1869,-1,1869,4042,4043,-1,1869,4043,1888,-1,1888,4043,1889,-1,1889,4043,4044,-1,1889,4044,2547,-1,4045,4046,2554,-1,2554,1866,4045,-1,4045,1866,1865,-1,4045,1865,4044,-1,4044,1865,2546,-1,4044,2546,2547,-1,4047,2551,4048,-1,4048,2551,2552,-1,4048,2552,4046,-1,4046,2552,2553,-1,4046,2553,2554,-1,3093,2548,4047,-1,4047,2548,2550,-1,4047,2550,2551,-1,3093,4047,3461,-1,3461,4047,4049,-1,3461,4049,3451,-1,3451,4049,3452,-1,3452,4049,4050,-1,3452,4050,3454,-1,3454,4050,4051,-1,3454,4051,3078,-1,3078,4051,3079,-1,3079,4051,4052,-1,3079,4052,3895,-1,4053,3687,4052,-1,4052,3687,3896,-1,4052,3896,3895,-1,3995,3458,4054,-1,4054,3458,3456,-1,4054,3456,4053,-1,4053,3456,3455,-1,4053,3455,3687,-1,4008,4016,4042,-1,4042,4016,4035,-1,4042,4035,4043,-1,4043,4035,4033,-1,4043,4033,4044,-1,4044,4033,4032,-1,4044,4032,4045,-1,4045,4032,4040,-1,4045,4040,4046,-1,4046,4040,4039,-1,4046,4039,4048,-1,4048,4039,4036,-1,4048,4036,4047,-1,4047,4036,4037,-1,4047,4037,4049,-1,4010,3995,4027,-1,4027,3995,4054,-1,4027,4054,4028,-1,4028,4054,4053,-1,4028,4053,4029,-1,4029,4053,4052,-1,4029,4052,4030,-1,4030,4052,4051,-1,4030,4051,4031,-1,4031,4051,4050,-1,4031,4050,4041,-1,4041,4050,4049,-1,4041,4049,4038,-1,4038,4049,4037,-1,4055,4056,4057,-1,4057,4056,4058,-1,4057,4058,4059,-1,4059,4060,4057,-1,4057,4060,4061,-1,4057,4061,4062,-1,4062,4063,4057,-1,4057,4063,4064,-1,4057,4064,4065,-1,4065,4066,4057,-1,4057,4066,4067,-1,4057,4067,4068,-1,4068,4069,4057,-1,4057,4069,4070,-1,4057,4070,4071,-1,4071,4072,4057,-1,4057,4072,4073,-1,4057,4073,4074,-1,4074,4075,4057,-1,4057,4075,4076,-1,4057,4076,4077,-1,4077,4078,4057,-1,4057,4078,4079,-1,4057,4079,4080,-1,4081,4082,4080,-1,4080,4082,4083,-1,4080,4083,4057,-1,4057,4083,4084,-1,4057,4084,4055,-1,4081,4085,4082,-1,4082,4085,4086,-1,4082,4086,4087,-1,4087,4088,4082,-1,4082,4088,4089,-1,4082,4089,4090,-1,4090,4091,4082,-1,4082,4091,4092,-1,4082,4092,4093,-1,4093,4094,4082,-1,4082,4094,4095,-1,4082,4095,4096,-1,4096,4097,4082,-1,4082,4097,4098,-1,4082,4098,4099,-1,4099,4100,4082,-1,4082,4100,4101,-1,4082,4101,4102,-1,4102,4103,4082,-1,4082,4103,4104,-1,4082,4104,4105,-1,4105,4106,4082,-1,4082,4106,4107,-1,4082,4107,4083,-1,4078,4077,4108,-1,4076,4075,4109,-1,4074,4073,4110,-1,4072,4071,4111,-1,4112,4113,4114,-1,4115,4116,4117,-1,4118,4119,4120,-1,4121,4122,4123,-1,4124,4125,4126,-1,4127,4128,4129,-1,4130,4131,4132,-1,4133,4134,4135,-1,4136,4137,4138,-1,4139,4140,4141,-1,4142,4143,4144,-1,4145,4146,4147,-1,4148,4149,4150,-1,4151,4152,4153,-1,4153,4152,4154,-1,4153,4154,4155,-1,4155,4154,4156,-1,4155,4156,4157,-1,4151,4153,4158,-1,4158,4153,4159,-1,4158,4159,4160,-1,4161,4162,4163,-1,4163,4162,4164,-1,4163,4164,4159,-1,4159,4164,4165,-1,4159,4165,4160,-1,4166,4167,4168,-1,4168,4167,4169,-1,4168,4169,4161,-1,4161,4169,4170,-1,4161,4170,4162,-1,4171,4172,4173,-1,4173,4172,4174,-1,4173,4174,4175,-1,4175,4174,4176,-1,4175,4176,4166,-1,4166,4176,4177,-1,4166,4177,4167,-1,4178,4179,4171,-1,4171,4179,4180,-1,4171,4180,4172,-1,4171,4181,4178,-1,4178,4181,4182,-1,4178,4182,4183,-1,4183,4182,4184,-1,4183,4184,4185,-1,4185,4184,4186,-1,4185,4186,4187,-1,4187,4186,4188,-1,4187,4188,4189,-1,4189,4188,4190,-1,4190,4188,4191,-1,4190,4191,4192,-1,4192,4191,4193,-1,4192,4193,4194,-1,4194,4193,4195,-1,4194,4195,4196,-1,4196,4195,4197,-1,4197,4195,4198,-1,4197,4198,4199,-1,4199,4198,4200,-1,4199,4200,4201,-1,4202,4203,4204,-1,4204,4203,4205,-1,4204,4205,4200,-1,4200,4205,4206,-1,4200,4206,4201,-1,4207,4208,4202,-1,4202,4208,4209,-1,4202,4209,4203,-1,4210,4211,4212,-1,4212,4211,4213,-1,4213,4214,4212,-1,4212,4214,4215,-1,4212,4215,4207,-1,4207,4215,4216,-1,4207,4216,4208,-1,4217,4218,4212,-1,4212,4218,4219,-1,4212,4219,4210,-1,4217,4212,4220,-1,4220,4212,4221,-1,4220,4221,4222,-1,4223,4224,4225,-1,4225,4224,4226,-1,4225,4226,4221,-1,4221,4226,4227,-1,4221,4227,4222,-1,4228,4229,4223,-1,4223,4229,4230,-1,4223,4230,4224,-1,4231,4232,4233,-1,4233,4232,4228,-1,4233,4228,4234,-1,4234,4228,4223,-1,4235,4236,4237,-1,4237,4236,4238,-1,4237,4238,4231,-1,4231,4238,4239,-1,4231,4239,4232,-1,4240,4241,4242,-1,4242,4241,4243,-1,4242,4243,4235,-1,4235,4243,4244,-1,4235,4244,4236,-1,4245,4246,4247,-1,4247,4246,4248,-1,4247,4248,4249,-1,4249,4248,4250,-1,4249,4250,4240,-1,4240,4250,4251,-1,4240,4251,4241,-1,4252,4253,4254,-1,4254,4253,4255,-1,4254,4255,4256,-1,4256,4255,4257,-1,4256,4257,4258,-1,4258,4257,4259,-1,4258,4259,4150,-1,4150,4259,4260,-1,4150,4260,4148,-1,4261,4262,4263,-1,4263,4262,4264,-1,4263,4264,4252,-1,4252,4264,4265,-1,4252,4265,4253,-1,4266,4267,4261,-1,4261,4267,4268,-1,4261,4268,4262,-1,4261,4269,4266,-1,4266,4269,4270,-1,4266,4270,4271,-1,4271,4270,4272,-1,4271,4272,4273,-1,4273,4272,4274,-1,4273,4274,4275,-1,4275,4274,4276,-1,4276,4274,4277,-1,4276,4277,4278,-1,4278,4277,4279,-1,4278,4279,4280,-1,4281,4282,4283,-1,4283,4282,4284,-1,4283,4284,4285,-1,4285,4284,4286,-1,4285,4286,4287,-1,4287,4286,4288,-1,4287,4288,4279,-1,4279,4288,4289,-1,4279,4289,4280,-1,4290,4291,4292,-1,4292,4291,4293,-1,4292,4293,4294,-1,4294,4293,4295,-1,4294,4295,4296,-1,4296,4295,4297,-1,4296,4297,4298,-1,4298,4297,4299,-1,4298,4299,4300,-1,4300,4299,4301,-1,4300,4301,4302,-1,4302,4301,4141,-1,4302,4141,4147,-1,4147,4141,4140,-1,4147,4140,4145,-1,4290,4292,4303,-1,4303,4292,4304,-1,4303,4304,4305,-1,4305,4304,4306,-1,4305,4306,4307,-1,4308,4309,4310,-1,4310,4309,4311,-1,4310,4311,4312,-1,4313,4314,4315,-1,4060,4059,4316,-1,4317,4318,4319,-1,4319,4318,4320,-1,4319,4320,4321,-1,4321,4320,4322,-1,4321,4322,4323,-1,4323,4322,4324,-1,4323,4324,4325,-1,4325,4324,4326,-1,4325,4326,4327,-1,4327,4326,4328,-1,4327,4328,4329,-1,4329,4328,4330,-1,4329,4330,4331,-1,4331,4330,4332,-1,4331,4332,4333,-1,4333,4332,4334,-1,4333,4334,4335,-1,4335,4334,4336,-1,4335,4336,4337,-1,4337,4336,4338,-1,4337,4338,4339,-1,4339,4338,4340,-1,4339,4340,4341,-1,4341,4340,4342,-1,4341,4342,4343,-1,4343,4342,4344,-1,4343,4344,4345,-1,4345,4344,4346,-1,4345,4346,4316,-1,4316,4346,4061,-1,4316,4061,4060,-1,4136,4138,4347,-1,4348,4349,4350,-1,4350,4349,4121,-1,4291,4351,4293,-1,4293,4351,4352,-1,4293,4352,4295,-1,4295,4352,4353,-1,4295,4353,4297,-1,4297,4353,4354,-1,4297,4354,4299,-1,4299,4354,4355,-1,4299,4355,4301,-1,4301,4355,4144,-1,4301,4144,4141,-1,4141,4144,4143,-1,4141,4143,4139,-1,4356,4127,4357,-1,4357,4127,4129,-1,4357,4129,4358,-1,4358,4129,4359,-1,4358,4359,4360,-1,4360,4359,4361,-1,4360,4361,4362,-1,4362,4361,4363,-1,4362,4363,4364,-1,4364,4363,4365,-1,4364,4365,4366,-1,4366,4365,4367,-1,4366,4367,4368,-1,4368,4367,4369,-1,4368,4369,4370,-1,4121,4123,4350,-1,4350,4123,4371,-1,4350,4371,4372,-1,4372,4371,4373,-1,4372,4373,4374,-1,4374,4373,4375,-1,4374,4375,4376,-1,4376,4375,4377,-1,4376,4377,4378,-1,4378,4377,4379,-1,4378,4379,4380,-1,4380,4379,4381,-1,4380,4381,4382,-1,4382,4381,4383,-1,4382,4383,4384,-1,4384,4383,4385,-1,4384,4385,4386,-1,4307,4387,4305,-1,4305,4387,4388,-1,4305,4388,4303,-1,4303,4388,4389,-1,4303,4389,4290,-1,4290,4389,4390,-1,4290,4390,4291,-1,4291,4390,4391,-1,4291,4391,4351,-1,4369,4392,4370,-1,4370,4392,4393,-1,4370,4393,4394,-1,4393,4395,4394,-1,4394,4395,4396,-1,4394,4396,4397,-1,4397,4396,4398,-1,4399,4400,4401,-1,4401,4400,4402,-1,4401,4402,4403,-1,4403,4402,4404,-1,4403,4404,4405,-1,4385,4406,4386,-1,4386,4406,4407,-1,4386,4407,4408,-1,4408,4407,4409,-1,4408,4409,4410,-1,4410,4409,4411,-1,4410,4411,4412,-1,4412,4411,4413,-1,4412,4413,4414,-1,4414,4413,4415,-1,4414,4415,4416,-1,4416,4415,4417,-1,4416,4417,4418,-1,4417,4419,4418,-1,4418,4419,4420,-1,4418,4420,4421,-1,4421,4420,4422,-1,4421,4422,4423,-1,4423,4422,4424,-1,4423,4424,4425,-1,4425,4424,4426,-1,4425,4426,4427,-1,4428,4429,4430,-1,4430,4429,4427,-1,4430,4427,4431,-1,4431,4427,4426,-1,4428,4432,4429,-1,4429,4432,4433,-1,4429,4433,4434,-1,4434,4433,4435,-1,4434,4435,4436,-1,4436,4437,4434,-1,4434,4437,4438,-1,4434,4438,4439,-1,4439,4438,4440,-1,4439,4440,4441,-1,4440,4442,4441,-1,4441,4442,4443,-1,4441,4443,4444,-1,4444,4443,4445,-1,4444,4445,4446,-1,4446,4445,4447,-1,4446,4447,4448,-1,4447,4449,4448,-1,4448,4449,4450,-1,4448,4450,4451,-1,4451,4450,4452,-1,4451,4452,4119,-1,4119,4452,4453,-1,4119,4453,4120,-1,4120,4454,4118,-1,4118,4454,4455,-1,4118,4455,4456,-1,4456,4455,4457,-1,4456,4457,4116,-1,4116,4457,4458,-1,4116,4458,4117,-1,4398,4459,4397,-1,4397,4459,4460,-1,4397,4460,4461,-1,4461,4460,4462,-1,4461,4462,4463,-1,4463,4462,4464,-1,4463,4464,4465,-1,4465,4464,4466,-1,4465,4466,4467,-1,4467,4466,4468,-1,4467,4468,4469,-1,4469,4468,4470,-1,4469,4470,4471,-1,4471,4470,4472,-1,4471,4472,4473,-1,4473,4472,4474,-1,4473,4474,4475,-1,4475,4474,4476,-1,4475,4476,4477,-1,4477,4476,4478,-1,4477,4478,4479,-1,4479,4478,4480,-1,4479,4480,4481,-1,4481,4480,4482,-1,4481,4482,4483,-1,4483,4482,4484,-1,4483,4484,4485,-1,4485,4484,4486,-1,4485,4486,4487,-1,4487,4486,4488,-1,4487,4488,4489,-1,4489,4488,4490,-1,4489,4490,4491,-1,4491,4490,4492,-1,4491,4492,4493,-1,4493,4492,4494,-1,4493,4494,4495,-1,4495,4494,4496,-1,4495,4496,4497,-1,4498,4499,4500,-1,4500,4499,4501,-1,4500,4501,4502,-1,4502,4501,4503,-1,4502,4503,4504,-1,4504,4503,4505,-1,4504,4505,4506,-1,4506,4505,4507,-1,4506,4507,4508,-1,4508,4507,4509,-1,4508,4509,4510,-1,4510,4509,4511,-1,4510,4511,4512,-1,4512,4511,4513,-1,4512,4513,4514,-1,4514,4513,4515,-1,4514,4515,4516,-1,4516,4515,4517,-1,4516,4517,4518,-1,4518,4517,4519,-1,4518,4519,4520,-1,4520,4519,4521,-1,4520,4521,4522,-1,4522,4521,4523,-1,4522,4523,4524,-1,4524,4523,4525,-1,4524,4525,4526,-1,4526,4525,4527,-1,4526,4527,4528,-1,4528,4527,4529,-1,4528,4529,4530,-1,4530,4529,4531,-1,4530,4531,4532,-1,4532,4531,4533,-1,4532,4533,4534,-1,4534,4533,4405,-1,4534,4405,4535,-1,4535,4405,4404,-1,4535,4404,4536,-1,4536,4404,4402,-1,4536,4402,4306,-1,4306,4402,4400,-1,4306,4400,4307,-1,4307,4400,4399,-1,4307,4399,4387,-1,4117,4537,4115,-1,4115,4537,4538,-1,4115,4538,4539,-1,4539,4538,4540,-1,4539,4540,4541,-1,4155,4142,4153,-1,4153,4142,4144,-1,4153,4144,4159,-1,4159,4144,4355,-1,4159,4355,4163,-1,4163,4355,4354,-1,4163,4354,4161,-1,4161,4354,4353,-1,4161,4353,4168,-1,4168,4353,4352,-1,4168,4352,4166,-1,4166,4352,4351,-1,4166,4351,4175,-1,4175,4351,4391,-1,4175,4391,4173,-1,4173,4391,4390,-1,4173,4390,4171,-1,4171,4390,4389,-1,4171,4389,4181,-1,4181,4389,4388,-1,4181,4388,4182,-1,4182,4388,4387,-1,4182,4387,4184,-1,4184,4387,4399,-1,4184,4399,4186,-1,4186,4399,4401,-1,4186,4401,4188,-1,4188,4401,4403,-1,4188,4403,4191,-1,4191,4403,4405,-1,4191,4405,4193,-1,4193,4405,4533,-1,4193,4533,4195,-1,4195,4533,4531,-1,4195,4531,4198,-1,4198,4531,4529,-1,4198,4529,4200,-1,4200,4529,4527,-1,4200,4527,4204,-1,4204,4527,4525,-1,4204,4525,4202,-1,4202,4525,4523,-1,4202,4523,4207,-1,4207,4523,4521,-1,4207,4521,4212,-1,4212,4521,4519,-1,4212,4519,4221,-1,4221,4519,4517,-1,4221,4517,4225,-1,4225,4517,4515,-1,4225,4515,4223,-1,4223,4515,4513,-1,4223,4513,4234,-1,4234,4513,4511,-1,4234,4511,4233,-1,4233,4511,4509,-1,4233,4509,4231,-1,4231,4509,4507,-1,4231,4507,4237,-1,4237,4507,4505,-1,4237,4505,4235,-1,4235,4505,4503,-1,4235,4503,4242,-1,4242,4503,4501,-1,4242,4501,4240,-1,4240,4501,4499,-1,4240,4499,4249,-1,4249,4499,4498,-1,4249,4498,4247,-1,4536,4542,4535,-1,4535,4542,4543,-1,4535,4543,4534,-1,4534,4543,4544,-1,4534,4544,4532,-1,4532,4544,4545,-1,4532,4545,4530,-1,4530,4545,4546,-1,4530,4546,4528,-1,4528,4546,4547,-1,4528,4547,4526,-1,4526,4547,4548,-1,4526,4548,4524,-1,4524,4548,4549,-1,4524,4549,4522,-1,4522,4549,4550,-1,4522,4550,4520,-1,4520,4550,4551,-1,4520,4551,4518,-1,4518,4551,4552,-1,4518,4552,4516,-1,4516,4552,4553,-1,4516,4553,4514,-1,4514,4553,4554,-1,4514,4554,4512,-1,4512,4554,4555,-1,4512,4555,4510,-1,4510,4555,4556,-1,4510,4556,4508,-1,4508,4556,4557,-1,4508,4557,4506,-1,4506,4557,4558,-1,4506,4558,4504,-1,4504,4558,4559,-1,4504,4559,4502,-1,4502,4559,4308,-1,4502,4308,4500,-1,4500,4308,4310,-1,4500,4310,4498,-1,4498,4310,4312,-1,4498,4312,4247,-1,4146,4560,4147,-1,4147,4560,4561,-1,4147,4561,4302,-1,4302,4561,4562,-1,4302,4562,4300,-1,4300,4562,4563,-1,4300,4563,4298,-1,4298,4563,4564,-1,4298,4564,4296,-1,4296,4564,4565,-1,4296,4565,4294,-1,4294,4565,4566,-1,4294,4566,4292,-1,4292,4566,4567,-1,4292,4567,4304,-1,4304,4567,4568,-1,4304,4568,4306,-1,4306,4568,4569,-1,4306,4569,4536,-1,4536,4569,4570,-1,4536,4570,4542,-1,4542,4570,4571,-1,4542,4571,4543,-1,4543,4571,4572,-1,4543,4572,4544,-1,4544,4572,4573,-1,4544,4573,4545,-1,4545,4573,4574,-1,4545,4574,4546,-1,4546,4574,4575,-1,4546,4575,4547,-1,4547,4575,4576,-1,4547,4576,4548,-1,4548,4576,4577,-1,4548,4577,4549,-1,4549,4577,4578,-1,4549,4578,4550,-1,4550,4578,4579,-1,4550,4579,4551,-1,4551,4579,4580,-1,4551,4580,4552,-1,4552,4580,4581,-1,4552,4581,4553,-1,4553,4581,4582,-1,4553,4582,4554,-1,4554,4582,4583,-1,4554,4583,4555,-1,4555,4583,4584,-1,4555,4584,4556,-1,4556,4584,4585,-1,4556,4585,4557,-1,4557,4585,4586,-1,4557,4586,4558,-1,4558,4586,4587,-1,4558,4587,4559,-1,4559,4587,4588,-1,4559,4588,4308,-1,4308,4588,4589,-1,4308,4589,4309,-1,4309,4589,4590,-1,4309,4590,4591,-1,4591,4590,4592,-1,4560,4593,4561,-1,4561,4593,4594,-1,4561,4594,4562,-1,4562,4594,4595,-1,4562,4595,4563,-1,4563,4595,4596,-1,4563,4596,4564,-1,4564,4596,4597,-1,4564,4597,4565,-1,4565,4597,4598,-1,4565,4598,4566,-1,4566,4598,4599,-1,4566,4599,4567,-1,4567,4599,4600,-1,4567,4600,4568,-1,4568,4600,4601,-1,4568,4601,4569,-1,4569,4601,4602,-1,4569,4602,4570,-1,4570,4602,4603,-1,4570,4603,4571,-1,4571,4603,4604,-1,4571,4604,4572,-1,4572,4604,4605,-1,4572,4605,4573,-1,4573,4605,4606,-1,4573,4606,4574,-1,4574,4606,4607,-1,4574,4607,4575,-1,4575,4607,4608,-1,4575,4608,4576,-1,4576,4608,4609,-1,4576,4609,4577,-1,4577,4609,4610,-1,4577,4610,4578,-1,4578,4610,4611,-1,4578,4611,4579,-1,4579,4611,4612,-1,4579,4612,4580,-1,4580,4612,4613,-1,4580,4613,4581,-1,4581,4613,4614,-1,4581,4614,4582,-1,4582,4614,4615,-1,4582,4615,4583,-1,4583,4615,4616,-1,4583,4616,4584,-1,4584,4616,4617,-1,4584,4617,4585,-1,4585,4617,4618,-1,4585,4618,4586,-1,4586,4618,4619,-1,4586,4619,4587,-1,4587,4619,4620,-1,4587,4620,4588,-1,4588,4620,4621,-1,4588,4621,4589,-1,4589,4621,4622,-1,4589,4622,4590,-1,4590,4622,4623,-1,4590,4623,4592,-1,4592,4623,4624,-1,4496,4625,4497,-1,4497,4625,4626,-1,4497,4626,4627,-1,4627,4626,4628,-1,4627,4628,4629,-1,4540,4630,4541,-1,4541,4630,4631,-1,4541,4631,4632,-1,4632,4631,4633,-1,4632,4633,4634,-1,4634,4633,4635,-1,4634,4635,4636,-1,4637,4356,4638,-1,4638,4356,4357,-1,4638,4357,4639,-1,4639,4357,4358,-1,4639,4358,4640,-1,4640,4358,4360,-1,4640,4360,4641,-1,4641,4360,4362,-1,4641,4362,4642,-1,4642,4362,4364,-1,4642,4364,4643,-1,4643,4364,4366,-1,4643,4366,4644,-1,4644,4366,4368,-1,4644,4368,4645,-1,4645,4368,4370,-1,4645,4370,4646,-1,4646,4370,4394,-1,4646,4394,4647,-1,4647,4394,4397,-1,4647,4397,4648,-1,4648,4397,4461,-1,4648,4461,4649,-1,4649,4461,4463,-1,4649,4463,4650,-1,4650,4463,4465,-1,4650,4465,4651,-1,4651,4465,4467,-1,4651,4467,4652,-1,4652,4467,4469,-1,4652,4469,4653,-1,4653,4469,4471,-1,4653,4471,4654,-1,4654,4471,4473,-1,4654,4473,4655,-1,4655,4473,4475,-1,4655,4475,4656,-1,4656,4475,4477,-1,4656,4477,4657,-1,4657,4477,4479,-1,4657,4479,4658,-1,4658,4479,4481,-1,4658,4481,4659,-1,4659,4481,4483,-1,4659,4483,4660,-1,4660,4483,4485,-1,4660,4485,4661,-1,4661,4485,4487,-1,4661,4487,4662,-1,4662,4487,4489,-1,4662,4489,4663,-1,4663,4489,4491,-1,4663,4491,4664,-1,4664,4491,4493,-1,4664,4493,4665,-1,4665,4493,4495,-1,4665,4495,4666,-1,4666,4495,4497,-1,4666,4497,4667,-1,4667,4497,4627,-1,4667,4627,4668,-1,4668,4627,4629,-1,4668,4629,4669,-1,4635,4670,4636,-1,4636,4670,4671,-1,4636,4671,4672,-1,4672,4671,4673,-1,4672,4673,4113,-1,4113,4673,4674,-1,4113,4674,4114,-1,4114,4675,4112,-1,4112,4675,4676,-1,4112,4676,4677,-1,4677,4676,4678,-1,4677,4678,4679,-1,4679,4678,4680,-1,4679,4680,4681,-1,4681,4680,4682,-1,4681,4682,4683,-1,4682,4684,4683,-1,4683,4684,4685,-1,4683,4685,4686,-1,4686,4685,4687,-1,4686,4687,4688,-1,4687,4689,4688,-1,4688,4689,4690,-1,4688,4690,4691,-1,4691,4690,4692,-1,4691,4692,4693,-1,4692,4694,4693,-1,4693,4694,4695,-1,4693,4695,4696,-1,4696,4695,4697,-1,4696,4697,4698,-1,4697,4699,4698,-1,4698,4699,4700,-1,4698,4700,4701,-1,4701,4700,4702,-1,4593,4703,4594,-1,4594,4703,4704,-1,4594,4704,4595,-1,4595,4704,4705,-1,4595,4705,4596,-1,4596,4705,4706,-1,4596,4706,4597,-1,4597,4706,4707,-1,4597,4707,4598,-1,4598,4707,4708,-1,4598,4708,4599,-1,4599,4708,4709,-1,4599,4709,4600,-1,4600,4709,4710,-1,4600,4710,4601,-1,4601,4710,4711,-1,4601,4711,4602,-1,4602,4711,4712,-1,4602,4712,4603,-1,4603,4712,4713,-1,4603,4713,4604,-1,4604,4713,4714,-1,4604,4714,4605,-1,4605,4714,4715,-1,4605,4715,4606,-1,4606,4715,4716,-1,4606,4716,4607,-1,4607,4716,4717,-1,4607,4717,4608,-1,4608,4717,4718,-1,4608,4718,4609,-1,4609,4718,4719,-1,4609,4719,4610,-1,4610,4719,4720,-1,4610,4720,4611,-1,4611,4720,4721,-1,4611,4721,4612,-1,4612,4721,4722,-1,4612,4722,4613,-1,4613,4722,4723,-1,4613,4723,4614,-1,4614,4723,4724,-1,4614,4724,4615,-1,4615,4724,4725,-1,4615,4725,4616,-1,4616,4725,4726,-1,4616,4726,4617,-1,4617,4726,4727,-1,4617,4727,4618,-1,4618,4727,4728,-1,4618,4728,4619,-1,4619,4728,4729,-1,4619,4729,4620,-1,4620,4729,4730,-1,4620,4730,4621,-1,4621,4730,4731,-1,4621,4731,4622,-1,4622,4731,4732,-1,4622,4732,4623,-1,4623,4732,4733,-1,4623,4733,4624,-1,4624,4733,4734,-1,4624,4734,4735,-1,4735,4734,4736,-1,4735,4736,4737,-1,4737,4736,4738,-1,4737,4738,4739,-1,4739,4738,4740,-1,4739,4740,4741,-1,4741,4740,4742,-1,4741,4742,4743,-1,4743,4742,4744,-1,4743,4744,4745,-1,4745,4744,4746,-1,4745,4746,4747,-1,4747,4746,4748,-1,4747,4748,4749,-1,4749,4748,4750,-1,4749,4750,4751,-1,4751,4750,4752,-1,4751,4752,4753,-1,4753,4752,4754,-1,4753,4754,4755,-1,4755,4754,4756,-1,4755,4756,4757,-1,4757,4756,4758,-1,4757,4758,4759,-1,4759,4758,4760,-1,4759,4760,4761,-1,4761,4760,4762,-1,4702,4763,4701,-1,4701,4763,4764,-1,4701,4764,4765,-1,4765,4764,4766,-1,4083,4281,4084,-1,4084,4281,4283,-1,4084,4283,4055,-1,4055,4283,4056,-1,4149,4314,4150,-1,4150,4314,4313,-1,4150,4313,4258,-1,4258,4313,4767,-1,4258,4767,4256,-1,4256,4767,4768,-1,4256,4768,4254,-1,4254,4768,4769,-1,4254,4769,4252,-1,4252,4769,4770,-1,4252,4770,4263,-1,4263,4770,4771,-1,4263,4771,4261,-1,4261,4771,4772,-1,4261,4772,4269,-1,4269,4772,4773,-1,4269,4773,4270,-1,4270,4773,4774,-1,4270,4774,4272,-1,4272,4774,4775,-1,4272,4775,4274,-1,4274,4775,4776,-1,4274,4776,4277,-1,4277,4776,4777,-1,4277,4777,4279,-1,4279,4777,4778,-1,4279,4778,4287,-1,4287,4778,4779,-1,4287,4779,4285,-1,4285,4779,4780,-1,4285,4780,4283,-1,4283,4780,4781,-1,4283,4781,4056,-1,4056,4781,4058,-1,4315,4317,4313,-1,4313,4317,4319,-1,4313,4319,4767,-1,4767,4319,4321,-1,4767,4321,4768,-1,4768,4321,4323,-1,4768,4323,4769,-1,4769,4323,4325,-1,4769,4325,4770,-1,4770,4325,4327,-1,4770,4327,4771,-1,4771,4327,4329,-1,4771,4329,4772,-1,4772,4329,4331,-1,4772,4331,4773,-1,4773,4331,4333,-1,4773,4333,4774,-1,4774,4333,4335,-1,4774,4335,4775,-1,4775,4335,4337,-1,4775,4337,4776,-1,4776,4337,4339,-1,4776,4339,4777,-1,4777,4339,4341,-1,4777,4341,4778,-1,4778,4341,4343,-1,4778,4343,4779,-1,4779,4343,4345,-1,4779,4345,4780,-1,4780,4345,4316,-1,4780,4316,4781,-1,4781,4316,4059,-1,4781,4059,4058,-1,4318,4782,4320,-1,4320,4782,4783,-1,4320,4783,4322,-1,4322,4783,4784,-1,4322,4784,4324,-1,4324,4784,4785,-1,4324,4785,4326,-1,4326,4785,4786,-1,4326,4786,4328,-1,4328,4786,4787,-1,4328,4787,4330,-1,4330,4787,4788,-1,4330,4788,4332,-1,4332,4788,4789,-1,4332,4789,4334,-1,4334,4789,4790,-1,4334,4790,4336,-1,4336,4790,4791,-1,4336,4791,4338,-1,4338,4791,4792,-1,4338,4792,4340,-1,4340,4792,4793,-1,4340,4793,4342,-1,4342,4793,4794,-1,4342,4794,4344,-1,4344,4794,4795,-1,4344,4795,4346,-1,4346,4795,4796,-1,4346,4796,4061,-1,4061,4796,4062,-1,4063,4062,4761,-1,4761,4062,4796,-1,4761,4796,4759,-1,4759,4796,4795,-1,4759,4795,4757,-1,4757,4795,4794,-1,4757,4794,4755,-1,4755,4794,4793,-1,4755,4793,4753,-1,4753,4793,4792,-1,4753,4792,4751,-1,4751,4792,4791,-1,4751,4791,4749,-1,4749,4791,4790,-1,4749,4790,4747,-1,4747,4790,4789,-1,4747,4789,4745,-1,4745,4789,4788,-1,4745,4788,4743,-1,4743,4788,4787,-1,4743,4787,4741,-1,4741,4787,4786,-1,4741,4786,4739,-1,4739,4786,4785,-1,4739,4785,4737,-1,4737,4785,4784,-1,4737,4784,4735,-1,4735,4784,4783,-1,4735,4783,4624,-1,4624,4783,4782,-1,4624,4782,4592,-1,4592,4782,4318,-1,4592,4318,4591,-1,4591,4318,4317,-1,4591,4317,4309,-1,4309,4317,4315,-1,4309,4315,4311,-1,4311,4315,4314,-1,4311,4314,4312,-1,4312,4314,4149,-1,4312,4149,4247,-1,4247,4149,4148,-1,4247,4148,4245,-1,4068,4067,4797,-1,4797,4067,4762,-1,4797,4762,4798,-1,4798,4762,4760,-1,4798,4760,4799,-1,4799,4760,4758,-1,4799,4758,4800,-1,4800,4758,4756,-1,4800,4756,4801,-1,4801,4756,4754,-1,4801,4754,4802,-1,4802,4754,4752,-1,4802,4752,4803,-1,4803,4752,4750,-1,4803,4750,4804,-1,4804,4750,4748,-1,4804,4748,4805,-1,4805,4748,4746,-1,4805,4746,4806,-1,4806,4746,4744,-1,4806,4744,4807,-1,4807,4744,4742,-1,4807,4742,4808,-1,4808,4742,4740,-1,4808,4740,4809,-1,4809,4740,4738,-1,4809,4738,4810,-1,4810,4738,4736,-1,4810,4736,4811,-1,4811,4736,4734,-1,4811,4734,4812,-1,4812,4734,4733,-1,4812,4733,4813,-1,4813,4733,4732,-1,4813,4732,4814,-1,4814,4732,4731,-1,4814,4731,4815,-1,4815,4731,4730,-1,4815,4730,4816,-1,4816,4730,4729,-1,4816,4729,4817,-1,4817,4729,4728,-1,4817,4728,4818,-1,4818,4728,4727,-1,4818,4727,4819,-1,4819,4727,4726,-1,4819,4726,4820,-1,4820,4726,4725,-1,4820,4725,4821,-1,4821,4725,4724,-1,4821,4724,4822,-1,4822,4724,4723,-1,4822,4723,4823,-1,4823,4723,4722,-1,4823,4722,4824,-1,4824,4722,4721,-1,4824,4721,4825,-1,4825,4721,4720,-1,4825,4720,4826,-1,4826,4720,4719,-1,4826,4719,4827,-1,4827,4719,4718,-1,4827,4718,4828,-1,4828,4718,4717,-1,4828,4717,4829,-1,4829,4717,4716,-1,4829,4716,4830,-1,4830,4716,4715,-1,4830,4715,4831,-1,4831,4715,4714,-1,4831,4714,4832,-1,4832,4714,4713,-1,4832,4713,4833,-1,4833,4713,4712,-1,4833,4712,4834,-1,4834,4712,4711,-1,4834,4711,4835,-1,4835,4711,4710,-1,4835,4710,4836,-1,4836,4710,4709,-1,4836,4709,4837,-1,4837,4709,4708,-1,4837,4708,4838,-1,4838,4708,4707,-1,4838,4707,4839,-1,4839,4707,4706,-1,4839,4706,4840,-1,4840,4706,4705,-1,4840,4705,4138,-1,4138,4705,4704,-1,4138,4704,4347,-1,4347,4704,4703,-1,4067,4066,4762,-1,4762,4066,4065,-1,4762,4065,4761,-1,4761,4065,4064,-1,4761,4064,4063,-1,4069,4068,4841,-1,4841,4068,4797,-1,4841,4797,4842,-1,4842,4797,4798,-1,4842,4798,4843,-1,4843,4798,4799,-1,4843,4799,4844,-1,4844,4799,4800,-1,4844,4800,4845,-1,4845,4800,4801,-1,4845,4801,4846,-1,4846,4801,4802,-1,4846,4802,4847,-1,4847,4802,4803,-1,4847,4803,4848,-1,4848,4803,4804,-1,4848,4804,4849,-1,4849,4804,4805,-1,4849,4805,4850,-1,4850,4805,4806,-1,4850,4806,4851,-1,4851,4806,4807,-1,4851,4807,4852,-1,4852,4807,4808,-1,4852,4808,4853,-1,4853,4808,4809,-1,4853,4809,4854,-1,4854,4809,4810,-1,4854,4810,4855,-1,4855,4810,4811,-1,4855,4811,4856,-1,4856,4811,4812,-1,4856,4812,4857,-1,4857,4812,4813,-1,4857,4813,4858,-1,4858,4813,4814,-1,4858,4814,4859,-1,4859,4814,4815,-1,4859,4815,4860,-1,4860,4815,4816,-1,4860,4816,4861,-1,4861,4816,4817,-1,4861,4817,4862,-1,4862,4817,4818,-1,4862,4818,4863,-1,4863,4818,4819,-1,4863,4819,4864,-1,4864,4819,4820,-1,4864,4820,4865,-1,4865,4820,4821,-1,4865,4821,4866,-1,4866,4821,4822,-1,4866,4822,4867,-1,4867,4822,4823,-1,4867,4823,4868,-1,4868,4823,4824,-1,4868,4824,4869,-1,4869,4824,4825,-1,4869,4825,4870,-1,4870,4825,4826,-1,4870,4826,4871,-1,4871,4826,4827,-1,4871,4827,4872,-1,4872,4827,4828,-1,4872,4828,4873,-1,4873,4828,4829,-1,4873,4829,4874,-1,4874,4829,4830,-1,4874,4830,4875,-1,4875,4830,4831,-1,4875,4831,4876,-1,4876,4831,4832,-1,4876,4832,4877,-1,4877,4832,4833,-1,4877,4833,4878,-1,4878,4833,4834,-1,4878,4834,4879,-1,4879,4834,4835,-1,4879,4835,4880,-1,4880,4835,4836,-1,4880,4836,4881,-1,4881,4836,4837,-1,4881,4837,4882,-1,4882,4837,4838,-1,4882,4838,4883,-1,4883,4838,4839,-1,4883,4839,4884,-1,4884,4839,4840,-1,4884,4840,4135,-1,4135,4840,4138,-1,4135,4138,4133,-1,4133,4138,4137,-1,4134,4130,4135,-1,4135,4130,4132,-1,4135,4132,4884,-1,4884,4132,4885,-1,4884,4885,4883,-1,4883,4885,4886,-1,4883,4886,4882,-1,4882,4886,4887,-1,4882,4887,4881,-1,4881,4887,4888,-1,4881,4888,4880,-1,4880,4888,4889,-1,4880,4889,4879,-1,4879,4889,4890,-1,4879,4890,4878,-1,4878,4890,4891,-1,4878,4891,4877,-1,4877,4891,4892,-1,4877,4892,4876,-1,4876,4892,4893,-1,4876,4893,4875,-1,4875,4893,4894,-1,4875,4894,4874,-1,4874,4894,4895,-1,4874,4895,4873,-1,4873,4895,4896,-1,4873,4896,4872,-1,4872,4896,4897,-1,4872,4897,4871,-1,4871,4897,4898,-1,4871,4898,4870,-1,4870,4898,4899,-1,4870,4899,4869,-1,4869,4899,4900,-1,4869,4900,4868,-1,4868,4900,4901,-1,4868,4901,4867,-1,4867,4901,4902,-1,4867,4902,4866,-1,4866,4902,4903,-1,4866,4903,4865,-1,4865,4903,4904,-1,4865,4904,4864,-1,4864,4904,4905,-1,4864,4905,4863,-1,4863,4905,4906,-1,4863,4906,4862,-1,4862,4906,4907,-1,4862,4907,4861,-1,4861,4907,4908,-1,4861,4908,4860,-1,4860,4908,4909,-1,4860,4909,4859,-1,4859,4909,4910,-1,4859,4910,4858,-1,4858,4910,4911,-1,4858,4911,4857,-1,4857,4911,4912,-1,4857,4912,4856,-1,4856,4912,4913,-1,4856,4913,4855,-1,4855,4913,4914,-1,4855,4914,4854,-1,4854,4914,4915,-1,4854,4915,4853,-1,4853,4915,4916,-1,4853,4916,4852,-1,4852,4916,4917,-1,4852,4917,4851,-1,4851,4917,4918,-1,4851,4918,4850,-1,4850,4918,4919,-1,4850,4919,4849,-1,4849,4919,4920,-1,4849,4920,4848,-1,4848,4920,4921,-1,4848,4921,4847,-1,4847,4921,4922,-1,4847,4922,4846,-1,4846,4922,4923,-1,4846,4923,4845,-1,4845,4923,4924,-1,4845,4924,4844,-1,4844,4924,4925,-1,4844,4925,4843,-1,4843,4925,4926,-1,4843,4926,4842,-1,4842,4926,4927,-1,4842,4927,4841,-1,4841,4927,4928,-1,4841,4928,4069,-1,4069,4928,4070,-1,4131,4637,4132,-1,4132,4637,4638,-1,4132,4638,4885,-1,4885,4638,4639,-1,4885,4639,4886,-1,4886,4639,4640,-1,4886,4640,4887,-1,4887,4640,4641,-1,4887,4641,4888,-1,4888,4641,4642,-1,4888,4642,4889,-1,4889,4642,4643,-1,4889,4643,4890,-1,4890,4643,4644,-1,4890,4644,4891,-1,4891,4644,4645,-1,4891,4645,4892,-1,4892,4645,4646,-1,4892,4646,4893,-1,4893,4646,4647,-1,4893,4647,4894,-1,4894,4647,4648,-1,4894,4648,4895,-1,4895,4648,4649,-1,4895,4649,4896,-1,4896,4649,4650,-1,4896,4650,4897,-1,4897,4650,4651,-1,4897,4651,4898,-1,4898,4651,4652,-1,4898,4652,4899,-1,4899,4652,4653,-1,4899,4653,4900,-1,4900,4653,4654,-1,4900,4654,4901,-1,4901,4654,4655,-1,4901,4655,4902,-1,4902,4655,4656,-1,4902,4656,4903,-1,4903,4656,4657,-1,4903,4657,4904,-1,4904,4657,4658,-1,4904,4658,4905,-1,4905,4658,4659,-1,4905,4659,4906,-1,4906,4659,4660,-1,4906,4660,4907,-1,4907,4660,4661,-1,4907,4661,4908,-1,4908,4661,4662,-1,4908,4662,4909,-1,4909,4662,4663,-1,4909,4663,4910,-1,4910,4663,4664,-1,4910,4664,4911,-1,4911,4664,4665,-1,4911,4665,4912,-1,4912,4665,4666,-1,4912,4666,4913,-1,4913,4666,4667,-1,4913,4667,4914,-1,4914,4667,4668,-1,4914,4668,4915,-1,4915,4668,4669,-1,4915,4669,4916,-1,4916,4669,4929,-1,4916,4929,4917,-1,4917,4929,4930,-1,4917,4930,4918,-1,4918,4930,4931,-1,4918,4931,4919,-1,4919,4931,4932,-1,4919,4932,4920,-1,4920,4932,4933,-1,4920,4933,4921,-1,4921,4933,4934,-1,4921,4934,4922,-1,4922,4934,4935,-1,4922,4935,4923,-1,4923,4935,4936,-1,4923,4936,4924,-1,4924,4936,4937,-1,4924,4937,4925,-1,4925,4937,4938,-1,4925,4938,4926,-1,4926,4938,4939,-1,4926,4939,4927,-1,4927,4939,4940,-1,4927,4940,4928,-1,4928,4940,4111,-1,4928,4111,4070,-1,4070,4111,4071,-1,4073,4072,4110,-1,4110,4072,4111,-1,4110,4111,4941,-1,4941,4111,4940,-1,4941,4940,4942,-1,4942,4940,4939,-1,4942,4939,4943,-1,4943,4939,4938,-1,4943,4938,4944,-1,4944,4938,4937,-1,4944,4937,4945,-1,4945,4937,4936,-1,4945,4936,4946,-1,4946,4936,4935,-1,4946,4935,4947,-1,4947,4935,4934,-1,4947,4934,4948,-1,4948,4934,4933,-1,4948,4933,4949,-1,4949,4933,4932,-1,4949,4932,4950,-1,4950,4932,4931,-1,4950,4931,4951,-1,4951,4931,4930,-1,4951,4930,4952,-1,4952,4930,4929,-1,4952,4929,4953,-1,4953,4929,4669,-1,4953,4669,4954,-1,4954,4669,4629,-1,4075,4074,4109,-1,4109,4074,4110,-1,4109,4110,4955,-1,4955,4110,4941,-1,4955,4941,4956,-1,4956,4941,4942,-1,4956,4942,4957,-1,4957,4942,4943,-1,4957,4943,4958,-1,4958,4943,4944,-1,4958,4944,4959,-1,4959,4944,4945,-1,4959,4945,4960,-1,4960,4945,4946,-1,4960,4946,4961,-1,4961,4946,4947,-1,4961,4947,4962,-1,4962,4947,4948,-1,4962,4948,4963,-1,4963,4948,4949,-1,4963,4949,4964,-1,4964,4949,4950,-1,4964,4950,4965,-1,4965,4950,4951,-1,4965,4951,4966,-1,4966,4951,4952,-1,4966,4952,4967,-1,4967,4952,4953,-1,4967,4953,4968,-1,4968,4953,4954,-1,4968,4954,4969,-1,4969,4954,4629,-1,4969,4629,4970,-1,4970,4629,4628,-1,4077,4076,4108,-1,4108,4076,4109,-1,4108,4109,4971,-1,4971,4109,4955,-1,4971,4955,4972,-1,4972,4955,4956,-1,4972,4956,4973,-1,4973,4956,4957,-1,4973,4957,4974,-1,4974,4957,4958,-1,4974,4958,4975,-1,4975,4958,4959,-1,4975,4959,4976,-1,4976,4959,4960,-1,4976,4960,4977,-1,4977,4960,4961,-1,4977,4961,4978,-1,4978,4961,4962,-1,4978,4962,4979,-1,4979,4962,4963,-1,4979,4963,4980,-1,4980,4963,4964,-1,4980,4964,4981,-1,4981,4964,4965,-1,4981,4965,4982,-1,4982,4965,4966,-1,4982,4966,4983,-1,4983,4966,4967,-1,4983,4967,4984,-1,4984,4967,4968,-1,4984,4968,4985,-1,4985,4968,4969,-1,4985,4969,4986,-1,4986,4969,4970,-1,4986,4970,4987,-1,4987,4970,4628,-1,4987,4628,4988,-1,4988,4628,4626,-1,4988,4626,4989,-1,4989,4626,4625,-1,4989,4625,4990,-1,4990,4625,4496,-1,4990,4496,4991,-1,4991,4496,4494,-1,4991,4494,4992,-1,4992,4494,4492,-1,4992,4492,4993,-1,4993,4492,4490,-1,4993,4490,4994,-1,4994,4490,4488,-1,4994,4488,4995,-1,4995,4488,4486,-1,4995,4486,4996,-1,4996,4486,4484,-1,4996,4484,4997,-1,4997,4484,4482,-1,4997,4482,4998,-1,4998,4482,4480,-1,4998,4480,4999,-1,4999,4480,4478,-1,4999,4478,5000,-1,5000,4478,4476,-1,5000,4476,5001,-1,5001,4476,4474,-1,5001,4474,5002,-1,5002,4474,4472,-1,5002,4472,5003,-1,5003,4472,4470,-1,5003,4470,5004,-1,5004,4470,4468,-1,5004,4468,5005,-1,5005,4468,4466,-1,5005,4466,5006,-1,5006,4466,4464,-1,5006,4464,5007,-1,5007,4464,4462,-1,5007,4462,5008,-1,5008,4462,4460,-1,5008,4460,5009,-1,5009,4460,4459,-1,5009,4459,5010,-1,5010,4459,4398,-1,5010,4398,5011,-1,5011,4398,4396,-1,5011,4396,5012,-1,5012,4396,4395,-1,5012,4395,5013,-1,5013,4395,4393,-1,5013,4393,5014,-1,5014,4393,4392,-1,5014,4392,5015,-1,5015,4392,4369,-1,5015,4369,5016,-1,5016,4369,4367,-1,5016,4367,5017,-1,5017,4367,4365,-1,5017,4365,5018,-1,5018,4365,4363,-1,5018,4363,5019,-1,5019,4363,4361,-1,5019,4361,5020,-1,5020,4361,4359,-1,5020,4359,4126,-1,4126,4359,4129,-1,4126,4129,4124,-1,4124,4129,4128,-1,4079,4078,4765,-1,4765,4078,4108,-1,4765,4108,4701,-1,4701,4108,4971,-1,4701,4971,4698,-1,4698,4971,4972,-1,4698,4972,4696,-1,4696,4972,4973,-1,4696,4973,4693,-1,4693,4973,4974,-1,4693,4974,4691,-1,4691,4974,4975,-1,4691,4975,4688,-1,4688,4975,4976,-1,4688,4976,4686,-1,4686,4976,4977,-1,4686,4977,4683,-1,4683,4977,4978,-1,4683,4978,4681,-1,4681,4978,4979,-1,4681,4979,4679,-1,4679,4979,4980,-1,4679,4980,4677,-1,4677,4980,4981,-1,4677,4981,4112,-1,4112,4981,4982,-1,4112,4982,4113,-1,4113,4982,4983,-1,4113,4983,4672,-1,4672,4983,4984,-1,4672,4984,4636,-1,4636,4984,4985,-1,4636,4985,4634,-1,4634,4985,4986,-1,4634,4986,4632,-1,4632,4986,4987,-1,4632,4987,4541,-1,4541,4987,4988,-1,4541,4988,4539,-1,4539,4988,4989,-1,4539,4989,4115,-1,4115,4989,4990,-1,4115,4990,4116,-1,4116,4990,4991,-1,4116,4991,4456,-1,4456,4991,4992,-1,4456,4992,4118,-1,4118,4992,4993,-1,4118,4993,4119,-1,4119,4993,4994,-1,4119,4994,4451,-1,4451,4994,4995,-1,4451,4995,4448,-1,4448,4995,4996,-1,4448,4996,4446,-1,4446,4996,4997,-1,4446,4997,4444,-1,4444,4997,4998,-1,4444,4998,4441,-1,4441,4998,4999,-1,4441,4999,4439,-1,4439,4999,5000,-1,4439,5000,4434,-1,4434,5000,5001,-1,4434,5001,4429,-1,4429,5001,5002,-1,4429,5002,4427,-1,4427,5002,5003,-1,4427,5003,4425,-1,4425,5003,5004,-1,4425,5004,4423,-1,4423,5004,5005,-1,4423,5005,4421,-1,4421,5005,5006,-1,4421,5006,4418,-1,4418,5006,5007,-1,4418,5007,4416,-1,4416,5007,5008,-1,4416,5008,4414,-1,4414,5008,5009,-1,4414,5009,4412,-1,4412,5009,5010,-1,4412,5010,4410,-1,4410,5010,5011,-1,4410,5011,4408,-1,4408,5011,5012,-1,4408,5012,4386,-1,4386,5012,5013,-1,4386,5013,4384,-1,4384,5013,5014,-1,4384,5014,4382,-1,4382,5014,5015,-1,4382,5015,4380,-1,4380,5015,5016,-1,4380,5016,4378,-1,4378,5016,5017,-1,4378,5017,4376,-1,4376,5017,5018,-1,4376,5018,4374,-1,4374,5018,5019,-1,4374,5019,4372,-1,4372,5019,5020,-1,4372,5020,4350,-1,4350,5020,4126,-1,4350,4126,4348,-1,4348,4126,4125,-1,4766,5021,4765,-1,4765,5021,5022,-1,4765,5022,5023,-1,5023,5024,4765,-1,4765,5024,5025,-1,4765,5025,5026,-1,5026,5027,4765,-1,4765,5027,5028,-1,4765,5028,4079,-1,4079,5028,5029,-1,5029,5030,4079,-1,4079,5030,5031,-1,4079,5031,4080,-1,5032,5033,5034,-1,5035,5036,5037,-1,5038,5039,5040,-1,5041,5042,5043,-1,5044,5045,5046,-1,4251,5047,5048,-1,4250,4248,5049,-1,4245,4148,5050,-1,4122,5051,5052,-1,5053,4385,5054,-1,5054,4385,4383,-1,5054,4383,5055,-1,5055,4383,4381,-1,5055,4381,5056,-1,5056,4381,4379,-1,5056,4379,5057,-1,5057,4379,4377,-1,5057,4377,5058,-1,5058,4377,4375,-1,5058,4375,5059,-1,5059,4375,4373,-1,5059,4373,5060,-1,5060,4373,4371,-1,5060,4371,5052,-1,5052,4371,4123,-1,5052,4123,4122,-1,4409,4407,5053,-1,5053,4407,4406,-1,5053,4406,4385,-1,5053,5061,4409,-1,4409,5061,5062,-1,4409,5062,4411,-1,4411,5062,5063,-1,4411,5063,4413,-1,4413,5063,5064,-1,4413,5064,4415,-1,4415,5064,5065,-1,4415,5065,4417,-1,4417,5065,4419,-1,4419,5065,5066,-1,4419,5066,4420,-1,4420,5066,5067,-1,4420,5067,4422,-1,4422,5067,5068,-1,4422,5068,4424,-1,4424,5068,5069,-1,4424,5069,4426,-1,4426,5069,5070,-1,4426,5070,4431,-1,4436,4435,5071,-1,5071,4435,4433,-1,5071,4433,5072,-1,4433,4432,5072,-1,5072,4432,4428,-1,5072,4428,5070,-1,5070,4428,4430,-1,5070,4430,4431,-1,5073,4440,5074,-1,5074,4440,4438,-1,5074,4438,5071,-1,5071,4438,4437,-1,5071,4437,4436,-1,4450,4449,5075,-1,5075,4449,4447,-1,5075,4447,5076,-1,5076,4447,4445,-1,5076,4445,5077,-1,5077,4445,4443,-1,5077,4443,5073,-1,5073,4443,4442,-1,5073,4442,4440,-1,4450,5075,4452,-1,4452,5075,5078,-1,4452,5078,4453,-1,4453,5078,5079,-1,4453,5079,4120,-1,4120,5079,5080,-1,4120,5080,4454,-1,4538,4537,5081,-1,5081,4537,4117,-1,5081,4117,5082,-1,5082,4117,4458,-1,5082,4458,5083,-1,5083,4458,4457,-1,5083,4457,5080,-1,5080,4457,4455,-1,5080,4455,4454,-1,4633,4631,5084,-1,5084,4631,4630,-1,5084,4630,4540,-1,5084,5085,4633,-1,4633,5085,5086,-1,4633,5086,4635,-1,4635,5086,4670,-1,4670,5086,5087,-1,4670,5087,4671,-1,4671,5087,5088,-1,4671,5088,4673,-1,5089,4114,5090,-1,5090,4114,4674,-1,4678,4676,5089,-1,5089,4676,4675,-1,5089,4675,4114,-1,5091,4680,5092,-1,5092,4680,4678,-1,5092,4678,5093,-1,5093,4678,5089,-1,5094,4685,5095,-1,5095,4685,4684,-1,5095,4684,5091,-1,5091,4684,4682,-1,5091,4682,4680,-1,5096,4690,5097,-1,5097,4690,4689,-1,5097,4689,5094,-1,5094,4689,4687,-1,5094,4687,4685,-1,5098,4694,5096,-1,5096,4694,4692,-1,5096,4692,4690,-1,4699,4697,5099,-1,5099,4697,4695,-1,4763,4702,5100,-1,5100,4702,4700,-1,4766,4764,5101,-1,4080,5031,4081,-1,4081,5031,5030,-1,4081,5030,5029,-1,5028,5027,5101,-1,5101,5027,5026,-1,5026,5025,5101,-1,5101,5025,5024,-1,5101,5024,5023,-1,5023,5022,5101,-1,5101,5022,5021,-1,5101,5021,4766,-1,4083,4107,4281,-1,4281,4107,5102,-1,4281,5102,4282,-1,4282,5102,5103,-1,4282,5103,4284,-1,5104,4280,5105,-1,5105,4280,4289,-1,5105,4289,5106,-1,5106,4289,4288,-1,5106,4288,5103,-1,5103,4288,4286,-1,5103,4286,4284,-1,5107,4271,5108,-1,5108,4271,4273,-1,5108,4273,5109,-1,5109,4273,4275,-1,5109,4275,5110,-1,5110,4275,4276,-1,5110,4276,5104,-1,5104,4276,4278,-1,5104,4278,4280,-1,5111,4268,5112,-1,5112,4268,4267,-1,5112,4267,5107,-1,5107,4267,4266,-1,5107,4266,4271,-1,4265,4264,5111,-1,5111,4264,4262,-1,5111,4262,4268,-1,5111,5113,4265,-1,4265,5113,5114,-1,4265,5114,4253,-1,4253,5114,5115,-1,4253,5115,4255,-1,4255,5115,5116,-1,4255,5116,4257,-1,4257,5116,4259,-1,4259,5116,5117,-1,4259,5117,4260,-1,5118,4244,5119,-1,5119,4244,4243,-1,5119,4243,5048,-1,5048,4243,4241,-1,5048,4241,4251,-1,4239,4238,5118,-1,5118,4238,4236,-1,5118,4236,4244,-1,5118,5120,4239,-1,4239,5120,5121,-1,4239,5121,4232,-1,4232,5121,5122,-1,4232,5122,4228,-1,4228,5122,4229,-1,4229,5122,5123,-1,4229,5123,4230,-1,4230,5123,5124,-1,4230,5124,4224,-1,4218,4217,5125,-1,5125,4217,4220,-1,5125,4220,5126,-1,4220,4222,5126,-1,5126,4222,4227,-1,5126,4227,5124,-1,5124,4227,4226,-1,5124,4226,4224,-1,4215,5125,5127,-1,4215,4214,5125,-1,5125,4214,4213,-1,5125,4213,4211,-1,4211,4210,5125,-1,5125,4210,4219,-1,5125,4219,4218,-1,5128,4208,5127,-1,5127,4208,4216,-1,5127,4216,4215,-1,5129,4203,5128,-1,5128,4203,4209,-1,5128,4209,4208,-1,5130,4201,5131,-1,5131,4201,4206,-1,5131,4206,5129,-1,5129,4206,4205,-1,5129,4205,4203,-1,5132,4194,5133,-1,5133,4194,4196,-1,5133,4196,5134,-1,5134,4196,4197,-1,5134,4197,5130,-1,5130,4197,4199,-1,5130,4199,4201,-1,4189,4190,5132,-1,5132,4190,4192,-1,5132,4192,4194,-1,4174,5135,4176,-1,4176,5135,5136,-1,4176,5136,4177,-1,4177,5136,5137,-1,4177,5137,4167,-1,4167,5137,4169,-1,4169,5137,5138,-1,4169,5138,4170,-1,4170,5138,5139,-1,4170,5139,4162,-1,5140,4165,5139,-1,5139,4165,4164,-1,5139,4164,4162,-1,5141,4158,5140,-1,5140,4158,4160,-1,5140,4160,4165,-1,4154,4152,5141,-1,5141,4152,4151,-1,5141,4151,4158,-1,4157,4156,5142,-1,5142,4156,4154,-1,5142,4154,5143,-1,5143,4154,5141,-1,5143,5141,5144,-1,5145,5146,5147,-1,5147,5146,5044,-1,5148,5149,5150,-1,5044,5046,5147,-1,5147,5046,5151,-1,5147,5151,5152,-1,5152,5151,5153,-1,5152,5153,5154,-1,5154,5153,5155,-1,5154,5155,5156,-1,5156,5155,5157,-1,5156,5157,5158,-1,5158,5157,5159,-1,5158,5159,5160,-1,5160,5159,5161,-1,5160,5161,5162,-1,5163,5164,5161,-1,5161,5164,5165,-1,5161,5165,5162,-1,5166,5167,5168,-1,5168,5167,5169,-1,5168,5169,5170,-1,5170,5169,5171,-1,5170,5171,5163,-1,5163,5171,5172,-1,5163,5172,5164,-1,5041,5043,5173,-1,5173,5043,5174,-1,5173,5174,5175,-1,5175,5174,5176,-1,5175,5176,5177,-1,5177,5176,5178,-1,5177,5178,5179,-1,5179,5178,5180,-1,5179,5180,5181,-1,5181,5180,5182,-1,5181,5182,5183,-1,5183,5182,5184,-1,5183,5184,5185,-1,5185,5184,5186,-1,5185,5186,5187,-1,5187,5186,5188,-1,5187,5188,5189,-1,5189,5188,5190,-1,5189,5190,5191,-1,5191,5190,5192,-1,5191,5192,5193,-1,5193,5192,5194,-1,5193,5194,5195,-1,5195,5194,5196,-1,5195,5196,5197,-1,5197,5196,5198,-1,5197,5198,5199,-1,5199,5198,5200,-1,5199,5200,5201,-1,5201,5200,5202,-1,5201,5202,5203,-1,5203,5202,5204,-1,5203,5204,5205,-1,5205,5204,5206,-1,5205,5206,5207,-1,5208,5209,5210,-1,5211,5212,5213,-1,5213,5212,5214,-1,5213,5214,5215,-1,5215,5214,5216,-1,5215,5216,5217,-1,5217,5216,5218,-1,5217,5218,5219,-1,5219,5218,5220,-1,5219,5220,5221,-1,5221,5220,5222,-1,5221,5222,5223,-1,5223,5222,5224,-1,5223,5224,5225,-1,5225,5224,5226,-1,5225,5226,5227,-1,5227,5226,5228,-1,5227,5228,5229,-1,5229,5228,5230,-1,5229,5230,5231,-1,5231,5230,5232,-1,5231,5232,5233,-1,4088,5234,4089,-1,4089,5234,5235,-1,5236,5237,5238,-1,5238,5237,5145,-1,5032,5034,5239,-1,5240,5241,5242,-1,5145,5147,5238,-1,5238,5147,5152,-1,5238,5152,5243,-1,5243,5152,5154,-1,5243,5154,5244,-1,5244,5154,5156,-1,5244,5156,5245,-1,5245,5156,5158,-1,5245,5158,5246,-1,5246,5158,5160,-1,5246,5160,5247,-1,5247,5160,5162,-1,5247,5162,5248,-1,5249,5250,5251,-1,5251,5250,5252,-1,5251,5252,5135,-1,5135,5252,5253,-1,5135,5253,5136,-1,5136,5253,5254,-1,5136,5254,5137,-1,5137,5254,5255,-1,5137,5255,5138,-1,5138,5255,5256,-1,5138,5256,5139,-1,5139,5256,5257,-1,5139,5257,5140,-1,5140,5257,5258,-1,5140,5258,5141,-1,5141,5258,5259,-1,5141,5259,5144,-1,5260,5261,5262,-1,5262,5261,5263,-1,5262,5263,5264,-1,5264,5263,5265,-1,5264,5265,5266,-1,5266,5265,5267,-1,5266,5267,5268,-1,5268,5267,5269,-1,5268,5269,5270,-1,5270,5269,5271,-1,5270,5271,5272,-1,5272,5271,5240,-1,5272,5240,5148,-1,5148,5240,5242,-1,5148,5242,5149,-1,5273,5249,5274,-1,5274,5249,5251,-1,5274,5251,5275,-1,5275,5251,5135,-1,5275,5135,4172,-1,4172,5135,4174,-1,5273,5276,5249,-1,5249,5276,5260,-1,5249,5260,5250,-1,5250,5260,5262,-1,5250,5262,5252,-1,5252,5262,5264,-1,5252,5264,5253,-1,5253,5264,5266,-1,5253,5266,5254,-1,5254,5266,5268,-1,5254,5268,5255,-1,5255,5268,5270,-1,5255,5270,5256,-1,5256,5270,5272,-1,5256,5272,5257,-1,5257,5272,5148,-1,5257,5148,5258,-1,5258,5148,5150,-1,5258,5150,5259,-1,5277,5278,5279,-1,5279,5278,5280,-1,5279,5280,5281,-1,5281,5280,5282,-1,5281,5282,4179,-1,4179,5282,4180,-1,4172,4180,5275,-1,5275,4180,5282,-1,5275,5282,5274,-1,5274,5282,5280,-1,5274,5280,5273,-1,5273,5280,5278,-1,5273,5278,5276,-1,5276,5278,5277,-1,5276,5277,5283,-1,5284,5285,5286,-1,5286,5285,5287,-1,5286,5287,5288,-1,5288,5287,5289,-1,5248,5162,5290,-1,5290,5162,5165,-1,5290,5165,5291,-1,5291,5165,5164,-1,5291,5164,5292,-1,5292,5164,5172,-1,5292,5172,5293,-1,5293,5172,5171,-1,5293,5171,5294,-1,5294,5171,5169,-1,5294,5169,5295,-1,5295,5169,5167,-1,5295,5167,5296,-1,5296,5167,5166,-1,5296,5166,5297,-1,5281,5289,5279,-1,5279,5289,5287,-1,5279,5287,5277,-1,5277,5287,5285,-1,5277,5285,5283,-1,5283,5285,5284,-1,5283,5284,5298,-1,5051,5236,5052,-1,5052,5236,5238,-1,5052,5238,5060,-1,5060,5238,5243,-1,5060,5243,5059,-1,5059,5243,5244,-1,5059,5244,5058,-1,5058,5244,5245,-1,5058,5245,5057,-1,5057,5245,5246,-1,5057,5246,5056,-1,5056,5246,5247,-1,5056,5247,5055,-1,5055,5247,5248,-1,5055,5248,5054,-1,5054,5248,5290,-1,5054,5290,5053,-1,5053,5290,5291,-1,5053,5291,5061,-1,5061,5291,5292,-1,5061,5292,5062,-1,5062,5292,5293,-1,5062,5293,5063,-1,5063,5293,5294,-1,5063,5294,5064,-1,5064,5294,5295,-1,5064,5295,5065,-1,5065,5295,5296,-1,5065,5296,5066,-1,5066,5296,5297,-1,5066,5297,5067,-1,5067,5297,5299,-1,5067,5299,5068,-1,5068,5299,5300,-1,5068,5300,5069,-1,5069,5300,5301,-1,5069,5301,5070,-1,5070,5301,5302,-1,5070,5302,5072,-1,5072,5302,5303,-1,5072,5303,5071,-1,5071,5303,5304,-1,5071,5304,5074,-1,5074,5304,5305,-1,5074,5305,5073,-1,5073,5305,5306,-1,5073,5306,5077,-1,5077,5306,5307,-1,5077,5307,5076,-1,5076,5307,5308,-1,5076,5308,5075,-1,5075,5308,5309,-1,5075,5309,5078,-1,5078,5309,5310,-1,5078,5310,5079,-1,5079,5310,5311,-1,5079,5311,5080,-1,5080,5311,5312,-1,5080,5312,5083,-1,5083,5312,5313,-1,5083,5313,5082,-1,5082,5313,5314,-1,5082,5314,5081,-1,5081,5314,5315,-1,5081,5315,5316,-1,5316,5315,5317,-1,5168,5042,5166,-1,5166,5042,5041,-1,5166,5041,5297,-1,5297,5041,5173,-1,5297,5173,5299,-1,5299,5173,5175,-1,5299,5175,5300,-1,5300,5175,5177,-1,5300,5177,5301,-1,5301,5177,5179,-1,5301,5179,5302,-1,5302,5179,5181,-1,5302,5181,5303,-1,5303,5181,5183,-1,5303,5183,5304,-1,5304,5183,5185,-1,5304,5185,5305,-1,5305,5185,5187,-1,5305,5187,5306,-1,5306,5187,5189,-1,5306,5189,5307,-1,5307,5189,5191,-1,5307,5191,5308,-1,5308,5191,5193,-1,5308,5193,5309,-1,5309,5193,5195,-1,5309,5195,5310,-1,5310,5195,5197,-1,5310,5197,5311,-1,5311,5197,5199,-1,5311,5199,5312,-1,5312,5199,5201,-1,5312,5201,5313,-1,5313,5201,5203,-1,5313,5203,5314,-1,5314,5203,5205,-1,5314,5205,5315,-1,5315,5205,5207,-1,5315,5207,5317,-1,5033,5318,5034,-1,5034,5318,5319,-1,5034,5319,5320,-1,5320,5319,5321,-1,5320,5321,5322,-1,5322,5321,5323,-1,5322,5323,5324,-1,5324,5323,5325,-1,5324,5325,5326,-1,5326,5325,5327,-1,5326,5327,5328,-1,5328,5327,5329,-1,5328,5329,5330,-1,5330,5329,5331,-1,5330,5331,5332,-1,5332,5331,5333,-1,5332,5333,5334,-1,5334,5333,5335,-1,5334,5335,5336,-1,5336,5335,5337,-1,5336,5337,5338,-1,5338,5337,5339,-1,5338,5339,5340,-1,5340,5339,5341,-1,5340,5341,5342,-1,5342,5341,5343,-1,5342,5343,5344,-1,5344,5343,5345,-1,5344,5345,5346,-1,5346,5345,5347,-1,5346,5347,5348,-1,5348,5347,5349,-1,5348,5349,5350,-1,5350,5349,5351,-1,5350,5351,5352,-1,5352,5351,5353,-1,5352,5353,5354,-1,5354,5353,5355,-1,5354,5355,5356,-1,5356,5355,5357,-1,5356,5357,5358,-1,5358,5357,5359,-1,5358,5359,5360,-1,5360,5359,5361,-1,5360,5361,5362,-1,5362,5361,5363,-1,5362,5363,5364,-1,5364,5363,5365,-1,5364,5365,5366,-1,5366,5365,5367,-1,5366,5367,5368,-1,5368,5367,5369,-1,5368,5369,5370,-1,5370,5369,5371,-1,5370,5371,5372,-1,5372,5371,5373,-1,5372,5373,5374,-1,5374,5373,5375,-1,5374,5375,5376,-1,5376,5375,5377,-1,5376,5377,5378,-1,5288,5379,5286,-1,5286,5379,5380,-1,5286,5380,5284,-1,5284,5380,5381,-1,5284,5381,5298,-1,5298,5381,5382,-1,5298,5382,5383,-1,5383,5382,5384,-1,5383,5384,5385,-1,5385,5384,5386,-1,5385,5386,5387,-1,5387,5386,5388,-1,5387,5388,5389,-1,5389,5388,5390,-1,5389,5390,5391,-1,5391,5390,5392,-1,5391,5392,5393,-1,5393,5392,5394,-1,5393,5394,5395,-1,5395,5394,5396,-1,5395,5396,5397,-1,5397,5396,5398,-1,5397,5398,5399,-1,5399,5398,5400,-1,5399,5400,5401,-1,5401,5400,5402,-1,5401,5402,5403,-1,5403,5402,5404,-1,5403,5404,5405,-1,5405,5404,5406,-1,5405,5406,5407,-1,5407,5406,5408,-1,5407,5408,5409,-1,5409,5408,5410,-1,5409,5410,5411,-1,5411,5410,5412,-1,5411,5412,5413,-1,5413,5412,5414,-1,5413,5414,5415,-1,5415,5414,5416,-1,5415,5416,5417,-1,5417,5416,5418,-1,5379,5419,5380,-1,5380,5419,5420,-1,5380,5420,5381,-1,5381,5420,5421,-1,5381,5421,5382,-1,5382,5421,5422,-1,5382,5422,5384,-1,5384,5422,5423,-1,5384,5423,5386,-1,5386,5423,5424,-1,5386,5424,5388,-1,5388,5424,5425,-1,5388,5425,5390,-1,5390,5425,5426,-1,5390,5426,5392,-1,5392,5426,5427,-1,5392,5427,5394,-1,5394,5427,5428,-1,5394,5428,5396,-1,5396,5428,5429,-1,5396,5429,5398,-1,5398,5429,5430,-1,5398,5430,5400,-1,5400,5430,5431,-1,5400,5431,5402,-1,5402,5431,5432,-1,5402,5432,5404,-1,5404,5432,5433,-1,5404,5433,5406,-1,5406,5433,5434,-1,5406,5434,5408,-1,5408,5434,5435,-1,5408,5435,5410,-1,5410,5435,5436,-1,5410,5436,5412,-1,5412,5436,5437,-1,5412,5437,5414,-1,5414,5437,5438,-1,5414,5438,5416,-1,5416,5438,5439,-1,5416,5439,5418,-1,5440,5441,5442,-1,5442,5441,5443,-1,5442,5443,5049,-1,5049,5443,5047,-1,5049,5047,4250,-1,4250,5047,4251,-1,5444,5445,5446,-1,5446,5445,5447,-1,5446,5447,5448,-1,5448,5447,5449,-1,5448,5449,5450,-1,5450,5449,5451,-1,5450,5451,5452,-1,4179,4178,5281,-1,5281,4178,4183,-1,5281,4183,5289,-1,5289,4183,4185,-1,5289,4185,5288,-1,5288,4185,4187,-1,5288,4187,5379,-1,5379,4187,4189,-1,5379,4189,5419,-1,5419,4189,5132,-1,5419,5132,5420,-1,5420,5132,5133,-1,5420,5133,5421,-1,5421,5133,5134,-1,5421,5134,5422,-1,5422,5134,5130,-1,5422,5130,5423,-1,5423,5130,5131,-1,5423,5131,5424,-1,5424,5131,5129,-1,5424,5129,5425,-1,5425,5129,5128,-1,5425,5128,5426,-1,5426,5128,5127,-1,5426,5127,5427,-1,5427,5127,5125,-1,5427,5125,5428,-1,5428,5125,5126,-1,5428,5126,5429,-1,5429,5126,5124,-1,5429,5124,5430,-1,5430,5124,5123,-1,5430,5123,5431,-1,5431,5123,5122,-1,5431,5122,5432,-1,5432,5122,5121,-1,5432,5121,5433,-1,5433,5121,5120,-1,5433,5120,5434,-1,5434,5120,5118,-1,5434,5118,5435,-1,5435,5118,5119,-1,5435,5119,5436,-1,5436,5119,5048,-1,5436,5048,5437,-1,5437,5048,5047,-1,5437,5047,5438,-1,5438,5047,5443,-1,5438,5443,5439,-1,5439,5443,5441,-1,5439,5441,5418,-1,5418,5441,5440,-1,5418,5440,5453,-1,5454,5455,5456,-1,5456,5455,5457,-1,5456,5457,5458,-1,5458,5457,5459,-1,5458,5459,5460,-1,5460,5459,5461,-1,5460,5461,5462,-1,5462,5461,5463,-1,5462,5463,5464,-1,5464,5463,5465,-1,5464,5465,5466,-1,5466,5465,5467,-1,5466,5467,5468,-1,5468,5467,5469,-1,5468,5469,5470,-1,5470,5469,5471,-1,5470,5471,5472,-1,5472,5471,5473,-1,5472,5473,5474,-1,5474,5473,5475,-1,5474,5475,5476,-1,5476,5475,5477,-1,5476,5477,5478,-1,5478,5477,5479,-1,5478,5479,5480,-1,5480,5479,5481,-1,5480,5481,5482,-1,5482,5481,5483,-1,5482,5483,5484,-1,5484,5483,5485,-1,5484,5485,5050,-1,5050,5485,5486,-1,5050,5486,4245,-1,4245,5486,4246,-1,5084,5444,5085,-1,5085,5444,5446,-1,5085,5446,5086,-1,5086,5446,5448,-1,5086,5448,5087,-1,5087,5448,5450,-1,5087,5450,5088,-1,5088,5450,5452,-1,4538,5081,4540,-1,4540,5081,5316,-1,4540,5316,5084,-1,5084,5316,5317,-1,5084,5317,5444,-1,5444,5317,5207,-1,5444,5207,5445,-1,5445,5207,5206,-1,5445,5206,5447,-1,5447,5206,5487,-1,5447,5487,5449,-1,5449,5487,5208,-1,5449,5208,5451,-1,5451,5208,5210,-1,5451,5210,5452,-1,5045,5038,5046,-1,5046,5038,5040,-1,5046,5040,5151,-1,5151,5040,5488,-1,5151,5488,5153,-1,5153,5488,5489,-1,5153,5489,5155,-1,5155,5489,5490,-1,5155,5490,5157,-1,5157,5490,5491,-1,5157,5491,5159,-1,5159,5491,5492,-1,5159,5492,5161,-1,5161,5492,5493,-1,5161,5493,5163,-1,5163,5493,5494,-1,5163,5494,5170,-1,5170,5494,5495,-1,5170,5495,5168,-1,5168,5495,5496,-1,5168,5496,5042,-1,5042,5496,5497,-1,5042,5497,5043,-1,5043,5497,5498,-1,5043,5498,5174,-1,5174,5498,5499,-1,5174,5499,5176,-1,5176,5499,5500,-1,5176,5500,5178,-1,5178,5500,5501,-1,5178,5501,5180,-1,5180,5501,5502,-1,5180,5502,5182,-1,5182,5502,5503,-1,5182,5503,5184,-1,5184,5503,5504,-1,5184,5504,5186,-1,5186,5504,5505,-1,5186,5505,5188,-1,5188,5505,5506,-1,5188,5506,5190,-1,5190,5506,5507,-1,5190,5507,5192,-1,5192,5507,5508,-1,5192,5508,5194,-1,5194,5508,5509,-1,5194,5509,5196,-1,5196,5509,5510,-1,5196,5510,5198,-1,5198,5510,5511,-1,5198,5511,5200,-1,5200,5511,5512,-1,5200,5512,5202,-1,5202,5512,5513,-1,5202,5513,5204,-1,5204,5513,5514,-1,5204,5514,5206,-1,5206,5514,5515,-1,5206,5515,5487,-1,5487,5515,5516,-1,5487,5516,5208,-1,5208,5516,5517,-1,5208,5517,5209,-1,5209,5517,5518,-1,5090,5519,5089,-1,5089,5519,5520,-1,5089,5520,5093,-1,5093,5520,5521,-1,5093,5521,5092,-1,5092,5521,5522,-1,5092,5522,5091,-1,5091,5522,5523,-1,5091,5523,5095,-1,5095,5523,5524,-1,5095,5524,5094,-1,5094,5524,5525,-1,5094,5525,5097,-1,5097,5525,5526,-1,5097,5526,5096,-1,5096,5526,5527,-1,5096,5527,5098,-1,5098,5527,5528,-1,5212,5528,5214,-1,5214,5528,5527,-1,5214,5527,5216,-1,5216,5527,5526,-1,5216,5526,5218,-1,5218,5526,5525,-1,5218,5525,5220,-1,5220,5525,5524,-1,5220,5524,5222,-1,5222,5524,5523,-1,5222,5523,5224,-1,5224,5523,5522,-1,5224,5522,5226,-1,5226,5522,5521,-1,5226,5521,5228,-1,5228,5521,5520,-1,5228,5520,5230,-1,5230,5520,5519,-1,5230,5519,5232,-1,5529,5211,5530,-1,5530,5211,5213,-1,5530,5213,5531,-1,5531,5213,5215,-1,5531,5215,5532,-1,5532,5215,5217,-1,5532,5217,5533,-1,5533,5217,5219,-1,5533,5219,5534,-1,5534,5219,5221,-1,5534,5221,5535,-1,5535,5221,5223,-1,5535,5223,5536,-1,5536,5223,5225,-1,5536,5225,5537,-1,5537,5225,5227,-1,5537,5227,5538,-1,5538,5227,5229,-1,5538,5229,5539,-1,5539,5229,5231,-1,5539,5231,5518,-1,5518,5231,5233,-1,5518,5233,5209,-1,5209,5233,5232,-1,5209,5232,5210,-1,5210,5232,5519,-1,5210,5519,5452,-1,5452,5519,5090,-1,5452,5090,5088,-1,5088,5090,4674,-1,5088,4674,4673,-1,5039,5540,5040,-1,5040,5540,5541,-1,5040,5541,5488,-1,5488,5541,5542,-1,5488,5542,5489,-1,5489,5542,5543,-1,5489,5543,5490,-1,5490,5543,5544,-1,5490,5544,5491,-1,5491,5544,5545,-1,5491,5545,5492,-1,5492,5545,5546,-1,5492,5546,5493,-1,5493,5546,5547,-1,5493,5547,5494,-1,5494,5547,5548,-1,5494,5548,5495,-1,5495,5548,5549,-1,5495,5549,5496,-1,5496,5549,5550,-1,5496,5550,5497,-1,5497,5550,5551,-1,5497,5551,5498,-1,5498,5551,5552,-1,5498,5552,5499,-1,5499,5552,5553,-1,5499,5553,5500,-1,5500,5553,5554,-1,5500,5554,5501,-1,5501,5554,5555,-1,5501,5555,5502,-1,5502,5555,5556,-1,5502,5556,5503,-1,5503,5556,5557,-1,5503,5557,5504,-1,5504,5557,5558,-1,5504,5558,5505,-1,5505,5558,5559,-1,5505,5559,5506,-1,5506,5559,5560,-1,5506,5560,5507,-1,5507,5560,5561,-1,5507,5561,5508,-1,5508,5561,5562,-1,5508,5562,5509,-1,5509,5562,5563,-1,5509,5563,5510,-1,5510,5563,5564,-1,5510,5564,5511,-1,5511,5564,5565,-1,5511,5565,5512,-1,5512,5565,5566,-1,5512,5566,5513,-1,5513,5566,5567,-1,5513,5567,5514,-1,5514,5567,5568,-1,5514,5568,5515,-1,5515,5568,5569,-1,5515,5569,5516,-1,5516,5569,5570,-1,5516,5570,5517,-1,5517,5570,5571,-1,5517,5571,5518,-1,5518,5571,5572,-1,5518,5572,5539,-1,5539,5572,5573,-1,5539,5573,5538,-1,5538,5573,5574,-1,5538,5574,5537,-1,5537,5574,5575,-1,5537,5575,5536,-1,5536,5575,5576,-1,5536,5576,5535,-1,5535,5576,5577,-1,5535,5577,5534,-1,5534,5577,5578,-1,5534,5578,5533,-1,5533,5578,5579,-1,5533,5579,5532,-1,5532,5579,5580,-1,5532,5580,5531,-1,5531,5580,5581,-1,5531,5581,5530,-1,5530,5581,5582,-1,5530,5582,5529,-1,5529,5582,5583,-1,5540,5584,5541,-1,5541,5584,5585,-1,5541,5585,5542,-1,5542,5585,5586,-1,5542,5586,5543,-1,5543,5586,5587,-1,5543,5587,5544,-1,5544,5587,5588,-1,5544,5588,5545,-1,5545,5588,5589,-1,5545,5589,5546,-1,5546,5589,5590,-1,5546,5590,5547,-1,5547,5590,5591,-1,5547,5591,5548,-1,5548,5591,5592,-1,5548,5592,5549,-1,5549,5592,5593,-1,5549,5593,5550,-1,5550,5593,5594,-1,5550,5594,5551,-1,5551,5594,5595,-1,5551,5595,5552,-1,5552,5595,5596,-1,5552,5596,5553,-1,5553,5596,5597,-1,5553,5597,5554,-1,5554,5597,5598,-1,5554,5598,5555,-1,5555,5598,5599,-1,5555,5599,5556,-1,5556,5599,5600,-1,5556,5600,5557,-1,5557,5600,5601,-1,5557,5601,5558,-1,5558,5601,5602,-1,5558,5602,5559,-1,5559,5602,5603,-1,5559,5603,5560,-1,5560,5603,5604,-1,5560,5604,5561,-1,5561,5604,5605,-1,5561,5605,5562,-1,5562,5605,5606,-1,5562,5606,5563,-1,5563,5606,5607,-1,5563,5607,5564,-1,5564,5607,5608,-1,5564,5608,5565,-1,5565,5608,5609,-1,5565,5609,5566,-1,5566,5609,5610,-1,5566,5610,5567,-1,5567,5610,5611,-1,5567,5611,5568,-1,5568,5611,5612,-1,5568,5612,5569,-1,5569,5612,5613,-1,5569,5613,5570,-1,5570,5613,5614,-1,5570,5614,5571,-1,5571,5614,5615,-1,5571,5615,5572,-1,5572,5615,5616,-1,5572,5616,5573,-1,5573,5616,5617,-1,5573,5617,5574,-1,5574,5617,5618,-1,5574,5618,5575,-1,5575,5618,5619,-1,5575,5619,5576,-1,5576,5619,5620,-1,5576,5620,5577,-1,5577,5620,5621,-1,5577,5621,5578,-1,5578,5621,5622,-1,5578,5622,5579,-1,5579,5622,5623,-1,5579,5623,5580,-1,5580,5623,5624,-1,5580,5624,5581,-1,5581,5624,5625,-1,5581,5625,5582,-1,5582,5625,5626,-1,5582,5626,5583,-1,5583,5626,5627,-1,5584,5035,5585,-1,5585,5035,5037,-1,5585,5037,5586,-1,5586,5037,5628,-1,5586,5628,5587,-1,5587,5628,5629,-1,5587,5629,5588,-1,5588,5629,5630,-1,5588,5630,5589,-1,5589,5630,5631,-1,5589,5631,5590,-1,5590,5631,5632,-1,5590,5632,5591,-1,5591,5632,5633,-1,5591,5633,5592,-1,5592,5633,5634,-1,5592,5634,5593,-1,5593,5634,5635,-1,5593,5635,5594,-1,5594,5635,5636,-1,5594,5636,5595,-1,5595,5636,5637,-1,5595,5637,5596,-1,5596,5637,5638,-1,5596,5638,5597,-1,5597,5638,5639,-1,5597,5639,5598,-1,5598,5639,5640,-1,5598,5640,5599,-1,5599,5640,5641,-1,5599,5641,5600,-1,5600,5641,5642,-1,5600,5642,5601,-1,5601,5642,5643,-1,5601,5643,5602,-1,5602,5643,5644,-1,5602,5644,5603,-1,5603,5644,5645,-1,5603,5645,5604,-1,5604,5645,5646,-1,5604,5646,5605,-1,5605,5646,5647,-1,5605,5647,5606,-1,5606,5647,5648,-1,5606,5648,5607,-1,5607,5648,5649,-1,5607,5649,5608,-1,5608,5649,5650,-1,5608,5650,5609,-1,5609,5650,5651,-1,5609,5651,5610,-1,5610,5651,5652,-1,5610,5652,5611,-1,5611,5652,5653,-1,5611,5653,5612,-1,5612,5653,5654,-1,5612,5654,5613,-1,5613,5654,5655,-1,5613,5655,5614,-1,5614,5655,5656,-1,5614,5656,5615,-1,5615,5656,5657,-1,5615,5657,5616,-1,5616,5657,5658,-1,5616,5658,5617,-1,5617,5658,5659,-1,5617,5659,5618,-1,5618,5659,5660,-1,5618,5660,5619,-1,5619,5660,5661,-1,5619,5661,5620,-1,5620,5661,5662,-1,5620,5662,5621,-1,5621,5662,5663,-1,5621,5663,5622,-1,5622,5663,5664,-1,5622,5664,5623,-1,5623,5664,5665,-1,5623,5665,5624,-1,5624,5665,5666,-1,5624,5666,5625,-1,5625,5666,5667,-1,5625,5667,5626,-1,5626,5667,5668,-1,5626,5668,5627,-1,5627,5668,5669,-1,5036,5670,5037,-1,5037,5670,5671,-1,5037,5671,5628,-1,5628,5671,5672,-1,5628,5672,5629,-1,5629,5672,5673,-1,5629,5673,5630,-1,5630,5673,5674,-1,5630,5674,5631,-1,5631,5674,5675,-1,5631,5675,5632,-1,5632,5675,5676,-1,5632,5676,5633,-1,5633,5676,5677,-1,5633,5677,5634,-1,5634,5677,5678,-1,5634,5678,5635,-1,5635,5678,5679,-1,5635,5679,5636,-1,5636,5679,5680,-1,5636,5680,5637,-1,5637,5680,5681,-1,5637,5681,5638,-1,5638,5681,5682,-1,5638,5682,5639,-1,5639,5682,5683,-1,5639,5683,5640,-1,5640,5683,5684,-1,5640,5684,5641,-1,5641,5684,5685,-1,5641,5685,5642,-1,5642,5685,5686,-1,5642,5686,5643,-1,5643,5686,5687,-1,5643,5687,5644,-1,5644,5687,5688,-1,5644,5688,5645,-1,5645,5688,5689,-1,5645,5689,5646,-1,5646,5689,5690,-1,5646,5690,5647,-1,5647,5690,5691,-1,5647,5691,5648,-1,5648,5691,5692,-1,5648,5692,5649,-1,5649,5692,5693,-1,5649,5693,5650,-1,5650,5693,5694,-1,5650,5694,5651,-1,5651,5694,5695,-1,5651,5695,5652,-1,5652,5695,5696,-1,5652,5696,5653,-1,5653,5696,5697,-1,5653,5697,5654,-1,5654,5697,5698,-1,5654,5698,5655,-1,5655,5698,5699,-1,5655,5699,5656,-1,5656,5699,5700,-1,5656,5700,5657,-1,5657,5700,5701,-1,5657,5701,5658,-1,5658,5701,5702,-1,5658,5702,5659,-1,5659,5702,5703,-1,5659,5703,5660,-1,5660,5703,5704,-1,5660,5704,5661,-1,5661,5704,5705,-1,5661,5705,5662,-1,5662,5705,5706,-1,5662,5706,5663,-1,5663,5706,5707,-1,5663,5707,5664,-1,5664,5707,5708,-1,5664,5708,5665,-1,5665,5708,5709,-1,5665,5709,5666,-1,5666,5709,5710,-1,5666,5710,5667,-1,5667,5710,5711,-1,5667,5711,5668,-1,5668,5711,5712,-1,5668,5712,5669,-1,5669,5712,5713,-1,5670,5239,5671,-1,5671,5239,5034,-1,5671,5034,5672,-1,5672,5034,5320,-1,5672,5320,5673,-1,5673,5320,5322,-1,5673,5322,5674,-1,5674,5322,5324,-1,5674,5324,5675,-1,5675,5324,5326,-1,5675,5326,5676,-1,5676,5326,5328,-1,5676,5328,5677,-1,5677,5328,5330,-1,5677,5330,5678,-1,5678,5330,5332,-1,5678,5332,5679,-1,5679,5332,5334,-1,5679,5334,5680,-1,5680,5334,5336,-1,5680,5336,5681,-1,5681,5336,5338,-1,5681,5338,5682,-1,5682,5338,5340,-1,5682,5340,5683,-1,5683,5340,5342,-1,5683,5342,5684,-1,5684,5342,5344,-1,5684,5344,5685,-1,5685,5344,5346,-1,5685,5346,5686,-1,5686,5346,5348,-1,5686,5348,5687,-1,5687,5348,5350,-1,5687,5350,5688,-1,5688,5350,5352,-1,5688,5352,5689,-1,5689,5352,5354,-1,5689,5354,5690,-1,5690,5354,5356,-1,5690,5356,5691,-1,5691,5356,5358,-1,5691,5358,5692,-1,5692,5358,5360,-1,5692,5360,5693,-1,5693,5360,5362,-1,5693,5362,5694,-1,5694,5362,5364,-1,5694,5364,5695,-1,5695,5364,5366,-1,5695,5366,5696,-1,5696,5366,5368,-1,5696,5368,5697,-1,5697,5368,5370,-1,5697,5370,5698,-1,5698,5370,5372,-1,5698,5372,5699,-1,5699,5372,5374,-1,5699,5374,5700,-1,5700,5374,5376,-1,5700,5376,5701,-1,5701,5376,5378,-1,5701,5378,5702,-1,5702,5378,5714,-1,5702,5714,5703,-1,5703,5714,5715,-1,5703,5715,5704,-1,5704,5715,5716,-1,5704,5716,5705,-1,5705,5716,5717,-1,5705,5717,5706,-1,5706,5717,5718,-1,5706,5718,5707,-1,5707,5718,5719,-1,5707,5719,5708,-1,5708,5719,5720,-1,5708,5720,5709,-1,5709,5720,5721,-1,5709,5721,5710,-1,5710,5721,5722,-1,5710,5722,5711,-1,5711,5722,5723,-1,5711,5723,5712,-1,5712,5723,5724,-1,5712,5724,5713,-1,5713,5724,5725,-1,5377,5726,5378,-1,5378,5726,5727,-1,5378,5727,5714,-1,5714,5727,5728,-1,5714,5728,5715,-1,5715,5728,5729,-1,5715,5729,5716,-1,5716,5729,5730,-1,5716,5730,5717,-1,5717,5730,5731,-1,5717,5731,5718,-1,5718,5731,5732,-1,5718,5732,5719,-1,5719,5732,5733,-1,5719,5733,5720,-1,5720,5733,5734,-1,5720,5734,5721,-1,5721,5734,5735,-1,5721,5735,5722,-1,5722,5735,5736,-1,5722,5736,5723,-1,5723,5736,5737,-1,5723,5737,5724,-1,5724,5737,5738,-1,5724,5738,5725,-1,5725,5738,5739,-1,5318,5241,5319,-1,5319,5241,5240,-1,5319,5240,5321,-1,5321,5240,5271,-1,5321,5271,5323,-1,5323,5271,5269,-1,5323,5269,5325,-1,5325,5269,5267,-1,5325,5267,5327,-1,5327,5267,5265,-1,5327,5265,5329,-1,5329,5265,5263,-1,5329,5263,5331,-1,5331,5263,5261,-1,5331,5261,5333,-1,5333,5261,5260,-1,5333,5260,5335,-1,5335,5260,5276,-1,5335,5276,5337,-1,5337,5276,5283,-1,5337,5283,5339,-1,5339,5283,5298,-1,5339,5298,5341,-1,5341,5298,5383,-1,5341,5383,5343,-1,5343,5383,5385,-1,5343,5385,5345,-1,5345,5385,5387,-1,5345,5387,5347,-1,5347,5387,5389,-1,5347,5389,5349,-1,5349,5389,5391,-1,5349,5391,5351,-1,5351,5391,5393,-1,5351,5393,5353,-1,5353,5393,5395,-1,5353,5395,5355,-1,5355,5395,5397,-1,5355,5397,5357,-1,5357,5397,5399,-1,5357,5399,5359,-1,5359,5399,5401,-1,5359,5401,5361,-1,5361,5401,5403,-1,5361,5403,5363,-1,5363,5403,5405,-1,5363,5405,5365,-1,5365,5405,5407,-1,5365,5407,5367,-1,5367,5407,5409,-1,5367,5409,5369,-1,5369,5409,5411,-1,5369,5411,5371,-1,5371,5411,5413,-1,5371,5413,5373,-1,5373,5413,5415,-1,5373,5415,5375,-1,5375,5415,5417,-1,5375,5417,5377,-1,5377,5417,5418,-1,5377,5418,5726,-1,5726,5418,5453,-1,5726,5453,5727,-1,5727,5453,5740,-1,5727,5740,5728,-1,5728,5740,5741,-1,5728,5741,5729,-1,5729,5741,5742,-1,5729,5742,5730,-1,5730,5742,5743,-1,5730,5743,5731,-1,5731,5743,5744,-1,5731,5744,5732,-1,5732,5744,5745,-1,5732,5745,5733,-1,5733,5745,5746,-1,5733,5746,5734,-1,5734,5746,5747,-1,5734,5747,5735,-1,5735,5747,5748,-1,5735,5748,5736,-1,5736,5748,5749,-1,5736,5749,5737,-1,5737,5749,5750,-1,5737,5750,5738,-1,5738,5750,5751,-1,5738,5751,5739,-1,5739,5751,5752,-1,4248,4246,5049,-1,5049,4246,5486,-1,5049,5486,5442,-1,5442,5486,5485,-1,5442,5485,5440,-1,5440,5485,5483,-1,5440,5483,5453,-1,5453,5483,5481,-1,5453,5481,5740,-1,5740,5481,5479,-1,5740,5479,5741,-1,5741,5479,5477,-1,5741,5477,5742,-1,5742,5477,5475,-1,5742,5475,5743,-1,5743,5475,5473,-1,5743,5473,5744,-1,5744,5473,5471,-1,5744,5471,5745,-1,5745,5471,5469,-1,5745,5469,5746,-1,5746,5469,5467,-1,5746,5467,5747,-1,5747,5467,5465,-1,5747,5465,5748,-1,5748,5465,5463,-1,5748,5463,5749,-1,5749,5463,5461,-1,5749,5461,5750,-1,5750,5461,5459,-1,5750,5459,5751,-1,5751,5459,5457,-1,5751,5457,5752,-1,5752,5457,5455,-1,5235,5234,5753,-1,5753,5234,5754,-1,5753,5754,5755,-1,5755,5754,5100,-1,5755,5100,5756,-1,5756,5100,4700,-1,5756,4700,4699,-1,4699,5099,5756,-1,5756,5099,5757,-1,5756,5757,5755,-1,5755,5757,5758,-1,5755,5758,5753,-1,5753,5758,5759,-1,5753,5759,5235,-1,5235,5759,5760,-1,5235,5760,5761,-1,5761,5760,5762,-1,5761,5762,5763,-1,5763,5762,5764,-1,5763,5764,5765,-1,5766,5767,5768,-1,5768,5767,5769,-1,5768,5769,5770,-1,5770,5769,5771,-1,5770,5771,5772,-1,5772,5771,5773,-1,5772,5773,5774,-1,5029,5028,4081,-1,4081,5028,5101,-1,4081,5101,4085,-1,4085,5101,5775,-1,4085,5775,4086,-1,4086,5775,4087,-1,4088,4087,5234,-1,5234,4087,5775,-1,5234,5775,5754,-1,5754,5775,5101,-1,5754,5101,5100,-1,5100,5101,4764,-1,5100,4764,4763,-1,4095,4094,5765,-1,5765,4094,4093,-1,5765,4093,5763,-1,5763,4093,4092,-1,5763,4092,5761,-1,5761,4092,4091,-1,5761,4091,5235,-1,5235,4091,4090,-1,5235,4090,4089,-1,5764,5776,5765,-1,5765,5776,5777,-1,5765,5777,4095,-1,4098,4097,5777,-1,5777,4097,4096,-1,5777,4096,4095,-1,5776,5774,5777,-1,5777,5774,5773,-1,5777,5773,4098,-1,4098,5773,5771,-1,4098,5771,4099,-1,4099,5771,5769,-1,4099,5769,4100,-1,4100,5769,5767,-1,4100,5767,4101,-1,4105,4104,5766,-1,5766,4104,4103,-1,5766,4103,5767,-1,5767,4103,4102,-1,5767,4102,4101,-1,4106,4105,5454,-1,5454,4105,5766,-1,5454,5766,5455,-1,5455,5766,5768,-1,5455,5768,5752,-1,5752,5768,5770,-1,5752,5770,5739,-1,5739,5770,5772,-1,5739,5772,5725,-1,5725,5772,5774,-1,5725,5774,5713,-1,5713,5774,5776,-1,5713,5776,5669,-1,5669,5776,5764,-1,5669,5764,5627,-1,5627,5764,5762,-1,5627,5762,5583,-1,5583,5762,5760,-1,5583,5760,5529,-1,5529,5760,5759,-1,5529,5759,5211,-1,5211,5759,5758,-1,5211,5758,5212,-1,5212,5758,5757,-1,5212,5757,5528,-1,5528,5757,5099,-1,5528,5099,5098,-1,5098,5099,4695,-1,5098,4695,4694,-1,4148,4260,5050,-1,5050,4260,5117,-1,5050,5117,5484,-1,5484,5117,5116,-1,5484,5116,5482,-1,5482,5116,5115,-1,5482,5115,5480,-1,5480,5115,5114,-1,5480,5114,5478,-1,5478,5114,5113,-1,5478,5113,5476,-1,5476,5113,5111,-1,5476,5111,5474,-1,5474,5111,5112,-1,5474,5112,5472,-1,5472,5112,5107,-1,5472,5107,5470,-1,5470,5107,5108,-1,5470,5108,5468,-1,5468,5108,5109,-1,5468,5109,5466,-1,5466,5109,5110,-1,5466,5110,5464,-1,5464,5110,5104,-1,5464,5104,5462,-1,5462,5104,5105,-1,5462,5105,5460,-1,5460,5105,5106,-1,5460,5106,5458,-1,5458,5106,5103,-1,5458,5103,5456,-1,5456,5103,5102,-1,5456,5102,5454,-1,5454,5102,4107,-1,5454,4107,4106,-1,5036,5778,5670,-1,5670,5778,5779,-1,5670,5779,5239,-1,5239,5779,5780,-1,5239,5780,5032,-1,5032,5780,5033,-1,5033,5780,5781,-1,5033,5781,5318,-1,5782,5783,5150,-1,5150,5149,5782,-1,5782,5149,5242,-1,5782,5242,5781,-1,5781,5242,5241,-1,5781,5241,5318,-1,5784,5143,5785,-1,5785,5143,5144,-1,5785,5144,5783,-1,5783,5144,5259,-1,5783,5259,5150,-1,4155,4157,5784,-1,5784,4157,5142,-1,5784,5142,5143,-1,4155,5784,4142,-1,4142,5784,5786,-1,4142,5786,4143,-1,4143,5786,5787,-1,4143,5787,4139,-1,4139,5787,4140,-1,4140,5787,5788,-1,4140,5788,4145,-1,4145,5788,4146,-1,4146,5788,5789,-1,4146,5789,4560,-1,5790,4703,5789,-1,5789,4703,4593,-1,5789,4593,4560,-1,5791,4137,5792,-1,5792,4137,4136,-1,5792,4136,5790,-1,5790,4136,4347,-1,5790,4347,4703,-1,5778,5793,5779,-1,5779,5793,5794,-1,5779,5794,5780,-1,5780,5794,5795,-1,5780,5795,5781,-1,5781,5795,5796,-1,5781,5796,5782,-1,5782,5796,5797,-1,5782,5797,5783,-1,5783,5797,5798,-1,5783,5798,5785,-1,5799,5791,5800,-1,5800,5791,5792,-1,5800,5792,5801,-1,5801,5792,5790,-1,5801,5790,5802,-1,5802,5790,5789,-1,5802,5789,5803,-1,5803,5789,5788,-1,5803,5788,5804,-1,5804,5788,5787,-1,5804,5787,5805,-1,5805,5787,5786,-1,5805,5786,5806,-1,5806,5786,5784,-1,5806,5784,5807,-1,5807,5784,5785,-1,5807,5785,5808,-1,5808,5785,5798,-1,5807,5808,5809,-1,5809,5808,5798,-1,5809,5798,5797,-1,5797,5796,5809,-1,5809,5796,5795,-1,5809,5795,5794,-1,5794,5793,5809,-1,5809,5793,5810,-1,5809,5810,5811,-1,5811,5812,5809,-1,5809,5812,5813,-1,5809,5813,5814,-1,5815,5816,5817,-1,5817,5816,5818,-1,5818,5819,5817,-1,5817,5819,5820,-1,5817,5820,5799,-1,5821,5822,5817,-1,5817,5822,5823,-1,5817,5823,5815,-1,5799,5800,5817,-1,5817,5800,5801,-1,5817,5801,5802,-1,5802,5803,5817,-1,5817,5803,5804,-1,5817,5804,5805,-1,5814,5824,5809,-1,5809,5824,5821,-1,5809,5821,5807,-1,5807,5821,5817,-1,5807,5817,5806,-1,5806,5817,5805,-1,4137,5791,4133,-1,4133,5791,5825,-1,4133,5825,4134,-1,4134,5825,5826,-1,4134,5826,4130,-1,4130,5826,4131,-1,4131,5826,5827,-1,4131,5827,4637,-1,5828,5829,4124,-1,4124,4128,5828,-1,5828,4128,4127,-1,5828,4127,5827,-1,5827,4127,4356,-1,5827,4356,4637,-1,5830,4349,5831,-1,5831,4349,4348,-1,5831,4348,5829,-1,5829,4348,4125,-1,5829,4125,4124,-1,5051,4122,5830,-1,5830,4122,4121,-1,5830,4121,4349,-1,5051,5830,5236,-1,5236,5830,5832,-1,5236,5832,5237,-1,5237,5832,5145,-1,5145,5832,5833,-1,5145,5833,5146,-1,5146,5833,5834,-1,5146,5834,5044,-1,5044,5834,5045,-1,5045,5834,5835,-1,5045,5835,5038,-1,5038,5835,5039,-1,5039,5835,5836,-1,5039,5836,5540,-1,5778,5036,5837,-1,5837,5036,5035,-1,5837,5035,5836,-1,5836,5035,5584,-1,5836,5584,5540,-1,5791,5799,5825,-1,5825,5799,5820,-1,5825,5820,5826,-1,5826,5820,5819,-1,5826,5819,5827,-1,5827,5819,5818,-1,5827,5818,5828,-1,5828,5818,5816,-1,5828,5816,5829,-1,5829,5816,5815,-1,5829,5815,5831,-1,5831,5815,5823,-1,5831,5823,5830,-1,5830,5823,5822,-1,5830,5822,5832,-1,5793,5778,5810,-1,5810,5778,5837,-1,5810,5837,5811,-1,5811,5837,5836,-1,5811,5836,5812,-1,5812,5836,5835,-1,5812,5835,5813,-1,5813,5835,5834,-1,5813,5834,5814,-1,5814,5834,5833,-1,5814,5833,5824,-1,5824,5833,5832,-1,5824,5832,5821,-1,5821,5832,5822,-1,5838,5839,5840,-1,5840,5841,5838,-1,5838,5841,5842,-1,5838,5842,5843,-1,5843,5844,5838,-1,5838,5844,5845,-1,5838,5845,5846,-1,5846,5847,5838,-1,5838,5847,5848,-1,5838,5848,5849,-1,5849,5850,5838,-1,5838,5850,5851,-1,5838,5851,5852,-1,5852,5853,5838,-1,5838,5853,5854,-1,5838,5854,5855,-1,5855,5856,5838,-1,5838,5856,5857,-1,5838,5857,5839,-1,5857,5858,5839,-1,5839,5858,5859,-1,5839,5859,5860,-1,5860,5861,5839,-1,5839,5861,5862,-1,5839,5862,5863,-1,5863,5864,5839,-1,5839,5864,5865,-1,5839,5865,5866,-1,5867,5866,5868,-1,5868,5869,5867,-1,5867,5869,5870,-1,5867,5870,5871,-1,5871,5872,5867,-1,5867,5872,5873,-1,5867,5873,5874,-1,5874,5875,5867,-1,5867,5875,5876,-1,5867,5876,5877,-1,5877,5878,5867,-1,5867,5878,5879,-1,5867,5879,5880,-1,5880,5881,5867,-1,5867,5881,5882,-1,5867,5882,5883,-1,5883,5884,5867,-1,5867,5884,5885,-1,5867,5885,5866,-1,5885,5886,5866,-1,5866,5886,5887,-1,5866,5887,5888,-1,5888,5889,5866,-1,5866,5889,5890,-1,5866,5890,5891,-1,5891,5892,5866,-1,5866,5892,5893,-1,5866,5893,5839,-1,5892,5891,5894,-1,5895,5889,5896,-1,5897,5875,5898,-1,5899,5900,5901,-1,5902,5903,5904,-1,5905,5906,5907,-1,5908,5909,5910,-1,5911,5912,5913,-1,5914,5915,5916,-1,5917,5918,5919,-1,5920,5921,5922,-1,5923,5924,5925,-1,5926,5927,5928,-1,5929,5930,5931,-1,5932,5933,5934,-1,5935,5936,5937,-1,5938,5939,5940,-1,5941,5942,5943,-1,5944,5945,5946,-1,5947,5948,5949,-1,5950,5951,5952,-1,5953,5840,5954,-1,5954,5840,5839,-1,5954,5839,5893,-1,5955,5956,5957,-1,5957,5956,5958,-1,5957,5958,5954,-1,5954,5958,5959,-1,5954,5959,5953,-1,5955,5957,5960,-1,5960,5957,5961,-1,5960,5961,5962,-1,5952,5951,5961,-1,5961,5951,5963,-1,5961,5963,5962,-1,5964,5965,5952,-1,5952,5965,5966,-1,5952,5966,5950,-1,5967,5968,5969,-1,5969,5968,5970,-1,5969,5970,5964,-1,5964,5970,5971,-1,5964,5971,5965,-1,5967,5969,5972,-1,5972,5969,5973,-1,5972,5973,5974,-1,5949,5948,5973,-1,5973,5948,5975,-1,5973,5975,5974,-1,5947,5949,5976,-1,5976,5949,5977,-1,5976,5977,5978,-1,5946,5945,5977,-1,5977,5945,5979,-1,5977,5979,5978,-1,5980,5981,5982,-1,5982,5981,5983,-1,5982,5983,5984,-1,5983,5985,5984,-1,5984,5985,5986,-1,5984,5986,5946,-1,5946,5986,5987,-1,5946,5987,5944,-1,5988,5989,5990,-1,5988,5990,5982,-1,5982,5990,5991,-1,5982,5991,5980,-1,5992,5993,5994,-1,5994,5995,5992,-1,5992,5995,5996,-1,5992,5996,5988,-1,5988,5996,5997,-1,5988,5997,5989,-1,5993,5992,5998,-1,5998,5992,5999,-1,5998,5999,6000,-1,6000,5999,6001,-1,6001,5999,6002,-1,6001,6002,6003,-1,6004,6005,6002,-1,6002,6005,6006,-1,6002,6006,6003,-1,6007,6008,6009,-1,6009,6008,6010,-1,6009,6010,6004,-1,6004,6010,6011,-1,6004,6011,6005,-1,6007,6009,6012,-1,6012,6009,6013,-1,6012,6013,6014,-1,6014,6013,6015,-1,6015,6013,6016,-1,6015,6016,6017,-1,6018,6019,6020,-1,6020,6019,6021,-1,6020,6021,6016,-1,6016,6021,6022,-1,6016,6022,6017,-1,6023,6024,6025,-1,6025,6026,6023,-1,6023,6026,6027,-1,6023,6027,6020,-1,6020,6027,6028,-1,6020,6028,6018,-1,6029,6030,6031,-1,6029,6031,6032,-1,6032,6031,6033,-1,6032,6033,6034,-1,6034,6033,6035,-1,6034,6035,6036,-1,6036,6035,6037,-1,6036,6037,6024,-1,6024,6037,6038,-1,6024,6038,6025,-1,6039,6040,6041,-1,6039,6041,6042,-1,6041,6043,6042,-1,6042,6043,6044,-1,6042,6044,6029,-1,6029,6044,6045,-1,6029,6045,6030,-1,6046,6047,6048,-1,6046,6048,6049,-1,6048,6050,6049,-1,6049,6050,6051,-1,6049,6051,6039,-1,6039,6051,6052,-1,6039,6052,6040,-1,6053,6054,6055,-1,6053,6055,6046,-1,6046,6055,6056,-1,6046,6056,6047,-1,5943,5942,6053,-1,6053,5942,6057,-1,6053,6057,6054,-1,6058,6059,6060,-1,6059,6061,6060,-1,6060,6061,6062,-1,6060,6062,5943,-1,5943,6062,6063,-1,5943,6063,5941,-1,6064,6065,6066,-1,6066,6065,6058,-1,6066,6058,6067,-1,6067,6058,6060,-1,5940,5939,6068,-1,5939,6069,6068,-1,6068,6069,6070,-1,6068,6070,6066,-1,6066,6070,6071,-1,6066,6071,6064,-1,5937,5936,5940,-1,5940,5936,6072,-1,5940,6072,5938,-1,5935,5937,6073,-1,6073,5937,6074,-1,6073,6074,6075,-1,6076,6077,6078,-1,6078,6077,6079,-1,6078,6079,6074,-1,6074,6079,6080,-1,6074,6080,6075,-1,6076,6078,6081,-1,6081,6078,6082,-1,6081,6082,6083,-1,6084,6085,6086,-1,6084,6086,6082,-1,6082,6086,6087,-1,6082,6087,6083,-1,6088,6089,6090,-1,6088,6090,6084,-1,6084,6090,6091,-1,6084,6091,6085,-1,6092,6093,6094,-1,6094,6093,6095,-1,6094,6095,6096,-1,6092,6097,6093,-1,6093,6097,6098,-1,6093,6098,6088,-1,6088,6098,6099,-1,6088,6099,6089,-1,6100,6101,6102,-1,6102,6101,6103,-1,6102,6104,6100,-1,6100,6104,6105,-1,6100,6105,6095,-1,6095,6105,6106,-1,6095,6106,6096,-1,6107,6108,6109,-1,6109,6108,6110,-1,6109,6110,6101,-1,6101,6110,6111,-1,6101,6111,6103,-1,6107,6109,6112,-1,6112,6109,6113,-1,6112,6113,6114,-1,6115,6116,6117,-1,6115,6117,6113,-1,6113,6117,6118,-1,6113,6118,6114,-1,6119,6120,6121,-1,6121,6120,6122,-1,6121,6123,6119,-1,6119,6123,6124,-1,6119,6124,6115,-1,6115,6124,6125,-1,6115,6125,6116,-1,6126,6127,6128,-1,6128,6127,6129,-1,6128,6129,6120,-1,6120,6129,6130,-1,6120,6130,6122,-1,6126,6128,6131,-1,6131,6128,6132,-1,6131,6132,6133,-1,5934,5933,6132,-1,6132,5933,6134,-1,6132,6134,6133,-1,5932,5934,6135,-1,6135,5934,6136,-1,6135,6136,6137,-1,6137,6136,6138,-1,6138,6136,6139,-1,6138,6139,6140,-1,6141,6142,6139,-1,6139,6142,6143,-1,6139,6143,6140,-1,6144,6145,6146,-1,6146,6145,6147,-1,6146,6147,6141,-1,6141,6147,6148,-1,6141,6148,6142,-1,6144,6146,6149,-1,6149,6146,6150,-1,6149,6150,6151,-1,6151,6150,6152,-1,6152,6150,6153,-1,6152,6153,6154,-1,6154,6153,6155,-1,6155,6153,6156,-1,6155,6156,6157,-1,5931,5930,6156,-1,6156,5930,6158,-1,6156,6158,6157,-1,5929,5931,6159,-1,6159,5931,6160,-1,6159,6160,6161,-1,6161,6160,6162,-1,6161,6162,6163,-1,6163,6162,6164,-1,6163,6164,6165,-1,6165,6164,6166,-1,6166,6164,6167,-1,6166,6167,6168,-1,6168,6167,6169,-1,6168,6169,6170,-1,6170,6169,6171,-1,6170,6171,6172,-1,5928,5927,6173,-1,5927,6174,6173,-1,6173,6174,6175,-1,6173,6175,6171,-1,6171,6175,6176,-1,6171,6176,6172,-1,5926,5928,6177,-1,6177,5928,6178,-1,6177,6178,6179,-1,6179,6178,6180,-1,6179,6180,6181,-1,5925,5924,6180,-1,6180,5924,6182,-1,6180,6182,6181,-1,5923,5925,6183,-1,6183,5925,6184,-1,6183,6184,6185,-1,6186,6187,6188,-1,6188,6189,6186,-1,6186,6189,6190,-1,6186,6190,6191,-1,6191,6190,6192,-1,6193,6194,6195,-1,6195,6194,6196,-1,6195,6196,6190,-1,6190,6196,6197,-1,6190,6197,6192,-1,6198,6199,6200,-1,6200,6199,6201,-1,6200,6201,6195,-1,6195,6201,6202,-1,6195,6202,6193,-1,6198,6200,6203,-1,6203,6200,6204,-1,6203,6204,6205,-1,6205,6204,6206,-1,6205,6206,6207,-1,6208,6209,6210,-1,6210,6209,6211,-1,6210,6211,6212,-1,6212,6211,6213,-1,6212,6213,6214,-1,6208,6210,6215,-1,6215,6210,6216,-1,6215,6216,6217,-1,6218,6217,6219,-1,6220,6221,6218,-1,6222,6223,6224,-1,6222,6225,6226,-1,6226,6225,6227,-1,6228,6229,6230,-1,6230,6229,6231,-1,6230,6231,6232,-1,6232,6231,6233,-1,6232,6233,6227,-1,6227,6233,6234,-1,6227,6234,6226,-1,6235,6236,6237,-1,6237,6236,6238,-1,6237,6238,6239,-1,5922,5921,6240,-1,5921,6241,6240,-1,6240,6241,6242,-1,6240,6242,6238,-1,6238,6242,6243,-1,6238,6243,6239,-1,6244,6245,6246,-1,6246,6247,6244,-1,6244,6247,6248,-1,6244,6248,5922,-1,5922,6248,6249,-1,5922,6249,5920,-1,6250,6251,6245,-1,6245,6251,6252,-1,6245,6252,6246,-1,6253,6254,6250,-1,6250,6254,6255,-1,6250,6255,6251,-1,6256,6257,6253,-1,6253,6257,6258,-1,6253,6258,6254,-1,6259,6260,6261,-1,6261,6260,6262,-1,6261,6262,6256,-1,6256,6262,6263,-1,6256,6263,6257,-1,6259,6261,6264,-1,6264,6261,6265,-1,6264,6265,6266,-1,6266,6265,6267,-1,6267,6265,6268,-1,6267,6268,6269,-1,6270,6271,6268,-1,6268,6271,6272,-1,6268,6272,6269,-1,6273,6274,6270,-1,6270,6274,6275,-1,6270,6275,6271,-1,6276,6277,6273,-1,6273,6277,6278,-1,6273,6278,6274,-1,6279,6280,6276,-1,6276,6280,6281,-1,6276,6281,6277,-1,6282,6283,6279,-1,6279,6283,6284,-1,6279,6284,6280,-1,6285,6286,6282,-1,6282,6286,6287,-1,6282,6287,6283,-1,6288,6289,6285,-1,6285,6289,6290,-1,6285,6290,6286,-1,6291,6292,6288,-1,6288,6292,6293,-1,6288,6293,6289,-1,6294,6295,6291,-1,6291,6295,6296,-1,6291,6296,6292,-1,6297,6298,6294,-1,6294,6298,6299,-1,6294,6299,6295,-1,6300,6301,6297,-1,6297,6301,6302,-1,6297,6302,6298,-1,6303,6304,6300,-1,6300,6304,6305,-1,6300,6305,6301,-1,6306,6307,6303,-1,6303,6307,6308,-1,6303,6308,6304,-1,6309,6310,6306,-1,6306,6310,6311,-1,6306,6311,6307,-1,6312,6313,6309,-1,6309,6313,6314,-1,6309,6314,6310,-1,6315,6316,6317,-1,6317,6316,6318,-1,6317,6318,6312,-1,6312,6318,6319,-1,6312,6319,6313,-1,6320,6321,6322,-1,6320,6322,6317,-1,6317,6322,6323,-1,6317,6323,6315,-1,6321,6320,6324,-1,6324,6320,6325,-1,6324,6325,6326,-1,6326,6325,6327,-1,6327,6325,6328,-1,6327,6328,6329,-1,6330,6331,6332,-1,6330,6332,6328,-1,6328,6332,6333,-1,6328,6333,6329,-1,6334,6335,6330,-1,6330,6335,6336,-1,6330,6336,6331,-1,6337,6338,6339,-1,6339,6338,6340,-1,6339,6340,6334,-1,6334,6340,6341,-1,6334,6341,6335,-1,6342,6343,6344,-1,6344,6343,6345,-1,6346,6347,6348,-1,6348,6347,6342,-1,6349,6350,6351,-1,6352,6353,6354,-1,6354,6353,6355,-1,6356,6357,6352,-1,6357,6356,6358,-1,6359,6360,6361,-1,6361,6360,6362,-1,6363,6364,6365,-1,6363,6365,6359,-1,6359,6365,6366,-1,6359,6366,6360,-1,6367,6368,6369,-1,6369,6368,6370,-1,6369,6370,6363,-1,6363,6370,6371,-1,6363,6371,6364,-1,6367,6369,6372,-1,6372,6369,6373,-1,6372,6373,6374,-1,6375,6376,6377,-1,6377,6376,6378,-1,6377,6378,6379,-1,6379,6378,6380,-1,6379,6380,6381,-1,6375,6377,6382,-1,6382,6377,6383,-1,6382,6383,6384,-1,6384,6383,6385,-1,6384,6385,6386,-1,6387,6388,6389,-1,6389,6388,6390,-1,6387,6389,6391,-1,6391,6389,6392,-1,6391,6392,6393,-1,6394,6395,6396,-1,6396,6395,6397,-1,6396,6397,6392,-1,6392,6397,6398,-1,6392,6398,6393,-1,6399,6400,6401,-1,6401,6400,6402,-1,6401,6403,6399,-1,6399,6403,6404,-1,6399,6404,6396,-1,6396,6404,6405,-1,6396,6405,6394,-1,6406,6407,6400,-1,6400,6407,6408,-1,6400,6408,6402,-1,6409,6410,6406,-1,6406,6410,6411,-1,6406,6411,6407,-1,6412,6413,6409,-1,6409,6413,6414,-1,6409,6414,6410,-1,6415,6416,6412,-1,6412,6416,6417,-1,6412,6417,6413,-1,6418,6419,6415,-1,6415,6419,6420,-1,6415,6420,6416,-1,6421,6422,6418,-1,6418,6422,6423,-1,6418,6423,6419,-1,6424,6425,6426,-1,6426,6425,6427,-1,6426,6427,6421,-1,6421,6427,6428,-1,6421,6428,6422,-1,6424,6426,6429,-1,6429,6426,6430,-1,6429,6430,6431,-1,6431,6430,6432,-1,6432,6430,6433,-1,6432,6433,6434,-1,6434,6433,6435,-1,6435,6433,6436,-1,6435,6436,6437,-1,6437,6436,5869,-1,6437,5869,5868,-1,6438,6224,6220,-1,6220,6224,6223,-1,6220,6223,6221,-1,6352,6354,6356,-1,6356,6354,6439,-1,6356,6439,6440,-1,6440,6439,6441,-1,6440,6441,6442,-1,5917,5919,6443,-1,6443,5919,6444,-1,6443,6444,6445,-1,6445,6444,6446,-1,6445,6446,6447,-1,6447,6446,6448,-1,6447,6448,6449,-1,6449,6448,6450,-1,6449,6450,6451,-1,6451,6450,6452,-1,6451,6452,6453,-1,6453,6452,6454,-1,6453,6454,6455,-1,6455,6454,6456,-1,6455,6456,6457,-1,6457,6456,6458,-1,6457,6458,6459,-1,6459,6458,6460,-1,6459,6460,6461,-1,6461,6460,6462,-1,6461,6462,6463,-1,6463,6462,6464,-1,6463,6464,6465,-1,6465,6464,6466,-1,6465,6466,6467,-1,6467,6466,6468,-1,6467,6468,6469,-1,6469,6468,6470,-1,6469,6470,6471,-1,6471,6470,6472,-1,6471,6472,6473,-1,6473,6472,6474,-1,6473,6474,6475,-1,6475,6474,6476,-1,6475,6476,6477,-1,6477,6476,6478,-1,6477,6478,6479,-1,6479,6478,6480,-1,6479,6480,6481,-1,6481,6480,6482,-1,6481,6482,6483,-1,6483,6482,6484,-1,6483,6484,6485,-1,6485,6484,6486,-1,6485,6486,6487,-1,6487,6486,6488,-1,6487,6488,6489,-1,6489,6488,6490,-1,6489,6490,6491,-1,6491,6490,6492,-1,6491,6492,6493,-1,6493,6492,6494,-1,6493,6494,6495,-1,6495,6494,6496,-1,6495,6496,6497,-1,6497,6496,6498,-1,6497,6498,6499,-1,6499,6498,6500,-1,6499,6500,6501,-1,6501,6500,6502,-1,6501,6502,6503,-1,6503,6502,6504,-1,6503,6504,6505,-1,6505,6504,6506,-1,6505,6506,6507,-1,6507,6506,6508,-1,6507,6508,6509,-1,6509,6508,6510,-1,6509,6510,6511,-1,6511,6510,6512,-1,6511,6512,6513,-1,6513,6512,6514,-1,6513,6514,6515,-1,6515,6514,6516,-1,6515,6516,6517,-1,6517,6516,6518,-1,6517,6518,6519,-1,6519,6518,6520,-1,6519,6520,6521,-1,6521,6520,6522,-1,6521,6522,6523,-1,6523,6522,6524,-1,6523,6524,6525,-1,6525,6524,6526,-1,6525,6526,6527,-1,6527,6526,6528,-1,6527,6528,6529,-1,6529,6528,6530,-1,6529,6530,6531,-1,6531,6530,6532,-1,6531,6532,6533,-1,6533,6532,6534,-1,6533,6534,6535,-1,6535,6534,6536,-1,6535,6536,6537,-1,6537,6536,6538,-1,6537,6538,6539,-1,6539,6538,6540,-1,6539,6540,6541,-1,6541,6540,6542,-1,6541,6542,6543,-1,6543,6542,6544,-1,6543,6544,6545,-1,6545,6544,6546,-1,6545,6546,6547,-1,6547,6546,6548,-1,6547,6548,6549,-1,6549,6548,6550,-1,6549,6550,6551,-1,6551,6550,6552,-1,6551,6552,6553,-1,6553,6552,6554,-1,6553,6554,6555,-1,6555,6554,6556,-1,6555,6556,6557,-1,6557,6556,6558,-1,6557,6558,6559,-1,6559,6558,6560,-1,6559,6560,6561,-1,6561,6560,6562,-1,6561,6562,6563,-1,6563,6562,6564,-1,6563,6564,6565,-1,6565,6564,6566,-1,6565,6566,6567,-1,6567,6566,6568,-1,6567,6568,6569,-1,5888,5887,6570,-1,6570,5887,6571,-1,5914,5916,6572,-1,6572,5916,6573,-1,6572,6573,6574,-1,6574,6573,6575,-1,6574,6575,6576,-1,6576,6575,6577,-1,6576,6577,6578,-1,6578,6577,6579,-1,6578,6579,6580,-1,6580,6579,6581,-1,6580,6581,6582,-1,6582,6581,6583,-1,6582,6583,6584,-1,6584,6583,6585,-1,6584,6585,6586,-1,6586,6585,6587,-1,6586,6587,6588,-1,6588,6587,6589,-1,6588,6589,6590,-1,6590,6589,6591,-1,6590,6591,6592,-1,6592,6591,6593,-1,6592,6593,6594,-1,6594,6593,6595,-1,6594,6595,6596,-1,6596,6595,6597,-1,6596,6597,6598,-1,6598,6597,6599,-1,6598,6599,6600,-1,6600,6599,6601,-1,6600,6601,6602,-1,6602,6601,6603,-1,6602,6603,6604,-1,6604,6603,6605,-1,6604,6605,6606,-1,6606,6605,6607,-1,6606,6607,6608,-1,6608,6607,6609,-1,6608,6609,6610,-1,6610,6609,6611,-1,6610,6611,6612,-1,6612,6611,6613,-1,6612,6613,6614,-1,6614,6613,6615,-1,6614,6615,6616,-1,6616,6615,6617,-1,6616,6617,6618,-1,6618,6617,6619,-1,6618,6619,6620,-1,6620,6619,6621,-1,6620,6621,6622,-1,6622,6621,6623,-1,6622,6623,6624,-1,6624,6623,6625,-1,6624,6625,6626,-1,6626,6625,6627,-1,6626,6627,6628,-1,6628,6627,6629,-1,6628,6629,6630,-1,6630,6629,6631,-1,6630,6631,6632,-1,6632,6631,6633,-1,6632,6633,6634,-1,6634,6633,6635,-1,6634,6635,6636,-1,6636,6635,6637,-1,6636,6637,6638,-1,6638,6637,6639,-1,6638,6639,6640,-1,6640,6639,6641,-1,6640,6641,6642,-1,6642,6641,6643,-1,6642,6643,6644,-1,6644,6643,6645,-1,6644,6645,6646,-1,6646,6645,6647,-1,6646,6647,6648,-1,6648,6647,6649,-1,6648,6649,6650,-1,6650,6649,6651,-1,6650,6651,6652,-1,6652,6651,6653,-1,6652,6653,6654,-1,6654,6653,6655,-1,6654,6655,6656,-1,6656,6655,6657,-1,6656,6657,6658,-1,6658,6657,6659,-1,6658,6659,6660,-1,6660,6659,6661,-1,6660,6661,6662,-1,6662,6661,6663,-1,6662,6663,6664,-1,6664,6663,5900,-1,6664,5900,6665,-1,6665,5900,5899,-1,6665,5899,6666,-1,6666,5899,6667,-1,6666,6667,6668,-1,6668,6667,6669,-1,6668,6669,6670,-1,6670,6669,6671,-1,6670,6671,6672,-1,6672,6671,6673,-1,6672,6673,6674,-1,6674,6673,6675,-1,6674,6675,6676,-1,6676,6675,6677,-1,6676,6677,6678,-1,6678,6677,6679,-1,6678,6679,6680,-1,6680,6679,6681,-1,6680,6681,6682,-1,6682,6681,6683,-1,6682,6683,6684,-1,6684,6683,6685,-1,6684,6685,6686,-1,6686,6685,6687,-1,6686,6687,6688,-1,6688,6687,6689,-1,6688,6689,6690,-1,6690,6689,6691,-1,6690,6691,6692,-1,6692,6691,6693,-1,6692,6693,6694,-1,6694,6693,6570,-1,6694,6570,6695,-1,6695,6570,6571,-1,6695,6571,5885,-1,6696,5918,6697,-1,6697,5918,5917,-1,6697,5917,6698,-1,6698,5917,6699,-1,6700,6701,6702,-1,6702,6701,6699,-1,6703,5915,6704,-1,6704,5915,5914,-1,6704,5914,6705,-1,6705,5914,6696,-1,6706,6707,6708,-1,6709,6185,6710,-1,6710,6185,6184,-1,6710,6184,6711,-1,6711,6184,6712,-1,6713,6706,6714,-1,6714,6706,6708,-1,6714,6708,6715,-1,6715,6708,6716,-1,6715,6716,6717,-1,6189,5911,6190,-1,6190,5911,5913,-1,6190,5913,6195,-1,6195,5913,6718,-1,6195,6718,6200,-1,6200,6718,6719,-1,6200,6719,6204,-1,6204,6719,6720,-1,6204,6720,6206,-1,6206,6720,6721,-1,5912,5908,5913,-1,5913,5908,5910,-1,5913,5910,6718,-1,6718,5910,6722,-1,6718,6722,6719,-1,6719,6722,6723,-1,6719,6723,6720,-1,6720,6723,6724,-1,6720,6724,6721,-1,6716,6725,6717,-1,6717,6725,6726,-1,6717,6726,6727,-1,6727,6726,6728,-1,6727,6728,6729,-1,6729,6728,6730,-1,6212,6731,6210,-1,6210,6731,6732,-1,6210,6732,6216,-1,6216,6732,6733,-1,6734,6733,6735,-1,6735,6733,6732,-1,6735,6732,6724,-1,6724,6732,6731,-1,6724,6731,6721,-1,6721,6731,6212,-1,6721,6212,6206,-1,6206,6212,6214,-1,6206,6214,6207,-1,6218,6219,6220,-1,6220,6219,6736,-1,6220,6736,6438,-1,6734,6737,6738,-1,6217,6216,6219,-1,6219,6216,6733,-1,6219,6733,6736,-1,6736,6733,6734,-1,6736,6734,6438,-1,6438,6734,6738,-1,6438,6738,6224,-1,6730,6739,6729,-1,6729,6739,6740,-1,6729,6740,6741,-1,6741,6740,6742,-1,6741,6742,6743,-1,6742,6744,6743,-1,6743,6744,6745,-1,6743,6745,6746,-1,6746,6745,6747,-1,6225,6748,6227,-1,6227,6748,6749,-1,6227,6749,6232,-1,6232,6749,6750,-1,6232,6750,6230,-1,6230,6750,6751,-1,6222,6224,6225,-1,6225,6224,6738,-1,6225,6738,6748,-1,6748,6738,6737,-1,6748,6737,6749,-1,6749,6737,6752,-1,6749,6752,6750,-1,6750,6752,6753,-1,6750,6753,6751,-1,6747,6754,6746,-1,6746,6754,6755,-1,6746,6755,6756,-1,6756,6755,6757,-1,6756,6757,6758,-1,6758,6757,6759,-1,6758,6759,6760,-1,6760,6759,6761,-1,6760,6761,6762,-1,6762,6761,6763,-1,6762,6763,6764,-1,6764,6763,6765,-1,6764,6765,6766,-1,6766,6765,6767,-1,6766,6767,6768,-1,6768,6767,6769,-1,6768,6769,6770,-1,6770,6769,6771,-1,6770,6771,6772,-1,6772,6771,6773,-1,6772,6773,6774,-1,6774,6773,6775,-1,6774,6775,6776,-1,6776,6775,6777,-1,6776,6777,6778,-1,6778,6777,6779,-1,6778,6779,6780,-1,6780,6779,6781,-1,6780,6781,6782,-1,6782,6781,6783,-1,6782,6783,6784,-1,6784,6783,6785,-1,6784,6785,6786,-1,6786,6785,6787,-1,6786,6787,6788,-1,6788,6787,6789,-1,6788,6789,6790,-1,6790,6789,6791,-1,6790,6791,6792,-1,6792,6791,6793,-1,6792,6793,6794,-1,6794,6793,6795,-1,6794,6795,6796,-1,6796,6795,6797,-1,6796,6797,6798,-1,6798,6797,6799,-1,6798,6799,6800,-1,6800,6799,6801,-1,6800,6801,6802,-1,6802,6801,6803,-1,6802,6803,6804,-1,6804,6803,6805,-1,6804,6805,6806,-1,6806,6805,6807,-1,6806,6807,6808,-1,6808,6807,6809,-1,6808,6809,6810,-1,6810,6809,6811,-1,6810,6811,6812,-1,6812,6811,6813,-1,6812,6813,6814,-1,6814,6813,6815,-1,6814,6815,6816,-1,6816,6815,6817,-1,6816,6817,6818,-1,6818,6817,6819,-1,6818,6819,6820,-1,6236,6821,6238,-1,6238,6821,6822,-1,6238,6822,6240,-1,6240,6822,6823,-1,6240,6823,5922,-1,5922,6823,6824,-1,5922,6824,6244,-1,6244,6824,6825,-1,6244,6825,6245,-1,6245,6825,6826,-1,6245,6826,6250,-1,6250,6826,6827,-1,6250,6827,6253,-1,6253,6827,6828,-1,6253,6828,6256,-1,6256,6828,6829,-1,6256,6829,6261,-1,6261,6829,6830,-1,6261,6830,6265,-1,6265,6830,6831,-1,6265,6831,6268,-1,6268,6831,6832,-1,6268,6832,6270,-1,6270,6832,6833,-1,6270,6833,6273,-1,6273,6833,6834,-1,6273,6834,6276,-1,6276,6834,6835,-1,6276,6835,6279,-1,6279,6835,6836,-1,6279,6836,6282,-1,6282,6836,6837,-1,6282,6837,6285,-1,6285,6837,6838,-1,6285,6838,6288,-1,6288,6838,6839,-1,6288,6839,6291,-1,6291,6839,6840,-1,6291,6840,6294,-1,6294,6840,6841,-1,6294,6841,6297,-1,6297,6841,6842,-1,6297,6842,6300,-1,6300,6842,6843,-1,6300,6843,6303,-1,6303,6843,6844,-1,6303,6844,6306,-1,6306,6844,6845,-1,6306,6845,6309,-1,6309,6845,6846,-1,6309,6846,6312,-1,6312,6846,6847,-1,6312,6847,6317,-1,6317,6847,6848,-1,6317,6848,6320,-1,6320,6848,6849,-1,6320,6849,6325,-1,6325,6849,6850,-1,6325,6850,6328,-1,6328,6850,6851,-1,6328,6851,6330,-1,6330,6851,6852,-1,6330,6852,6334,-1,6334,6852,6853,-1,6334,6853,6339,-1,6339,6853,6854,-1,6855,6854,6856,-1,6856,6854,6853,-1,6856,6853,6857,-1,6857,6853,6852,-1,6857,6852,6858,-1,6858,6852,6851,-1,6858,6851,6859,-1,6859,6851,6850,-1,6859,6850,6860,-1,6860,6850,6849,-1,6860,6849,6861,-1,6861,6849,6848,-1,6861,6848,6862,-1,6862,6848,6847,-1,6862,6847,6863,-1,6863,6847,6846,-1,6863,6846,6864,-1,6864,6846,6845,-1,6864,6845,6865,-1,6865,6845,6844,-1,6865,6844,6866,-1,6866,6844,6843,-1,6866,6843,6867,-1,6867,6843,6842,-1,6867,6842,6868,-1,6868,6842,6841,-1,6868,6841,6869,-1,6869,6841,6840,-1,6869,6840,6870,-1,6870,6840,6839,-1,6870,6839,6871,-1,6871,6839,6838,-1,6871,6838,6872,-1,6872,6838,6837,-1,6872,6837,6873,-1,6873,6837,6836,-1,6873,6836,6874,-1,6874,6836,6835,-1,6874,6835,6875,-1,6875,6835,6834,-1,6875,6834,6876,-1,6876,6834,6833,-1,6876,6833,6877,-1,6877,6833,6832,-1,6877,6832,6878,-1,6878,6832,6831,-1,6878,6831,6879,-1,6879,6831,6830,-1,6879,6830,6880,-1,6880,6830,6829,-1,6880,6829,6881,-1,6881,6829,6828,-1,6881,6828,6882,-1,6882,6828,6827,-1,6882,6827,6883,-1,6883,6827,6826,-1,6883,6826,6884,-1,6884,6826,6825,-1,6884,6825,6885,-1,6885,6825,6824,-1,6885,6824,6886,-1,6886,6824,6823,-1,6886,6823,6887,-1,6887,6823,6822,-1,6887,6822,6753,-1,6753,6822,6821,-1,6753,6821,6751,-1,6751,6821,6236,-1,6751,6236,6230,-1,6230,6236,6235,-1,6230,6235,6228,-1,6351,6346,6349,-1,6349,6346,6348,-1,6349,6348,6888,-1,6342,6344,6348,-1,6348,6344,6889,-1,6348,6889,6888,-1,6890,6888,6855,-1,6855,6888,6889,-1,6855,6889,6854,-1,6854,6889,6344,-1,6854,6344,6339,-1,6339,6344,6345,-1,6339,6345,6337,-1,5909,6891,5910,-1,5910,6891,6892,-1,5910,6892,6722,-1,6722,6892,6893,-1,6722,6893,6723,-1,6723,6893,6894,-1,6723,6894,6724,-1,6724,6894,6895,-1,6724,6895,6735,-1,6735,6895,6896,-1,6735,6896,6734,-1,6734,6896,6897,-1,6734,6897,6737,-1,6737,6897,6898,-1,6737,6898,6752,-1,6752,6898,6899,-1,6752,6899,6753,-1,6753,6899,6900,-1,6753,6900,6887,-1,6887,6900,6901,-1,6887,6901,6886,-1,6886,6901,6902,-1,6886,6902,6885,-1,6885,6902,6903,-1,6885,6903,6884,-1,6884,6903,6904,-1,6884,6904,6883,-1,6883,6904,6905,-1,6883,6905,6882,-1,6882,6905,6906,-1,6882,6906,6881,-1,6881,6906,6907,-1,6881,6907,6880,-1,6880,6907,6908,-1,6880,6908,6879,-1,6879,6908,6909,-1,6879,6909,6878,-1,6878,6909,6910,-1,6878,6910,6877,-1,6877,6910,6911,-1,6877,6911,6876,-1,6876,6911,6912,-1,6876,6912,6875,-1,6875,6912,6913,-1,6875,6913,6874,-1,6874,6913,6914,-1,6874,6914,6873,-1,6873,6914,6915,-1,6873,6915,6872,-1,6872,6915,6916,-1,6872,6916,6871,-1,6871,6916,6917,-1,6871,6917,6870,-1,6870,6917,6918,-1,6870,6918,6869,-1,6869,6918,6919,-1,6869,6919,6868,-1,6868,6919,6920,-1,6868,6920,6867,-1,6867,6920,6921,-1,6867,6921,6866,-1,6866,6921,6922,-1,6866,6922,6865,-1,6865,6922,6923,-1,6865,6923,6864,-1,6864,6923,6924,-1,6864,6924,6863,-1,6863,6924,6925,-1,6863,6925,6862,-1,6862,6925,6926,-1,6862,6926,6861,-1,6861,6926,6927,-1,6861,6927,6860,-1,6860,6927,6928,-1,6860,6928,6859,-1,6859,6928,6929,-1,6859,6929,6858,-1,6858,6929,6930,-1,6858,6930,6857,-1,6857,6930,6931,-1,6857,6931,6856,-1,6856,6931,6932,-1,6856,6932,6855,-1,6855,6932,6933,-1,6855,6933,6890,-1,6890,6933,6934,-1,6891,6935,6892,-1,6892,6935,6936,-1,6892,6936,6893,-1,6893,6936,6937,-1,6893,6937,6894,-1,6894,6937,6938,-1,6894,6938,6895,-1,6895,6938,6939,-1,6895,6939,6896,-1,6896,6939,6940,-1,6896,6940,6897,-1,6897,6940,6941,-1,6897,6941,6898,-1,6898,6941,6942,-1,6898,6942,6899,-1,6899,6942,6943,-1,6899,6943,6900,-1,6900,6943,6944,-1,6900,6944,6901,-1,6901,6944,6945,-1,6901,6945,6902,-1,6902,6945,6946,-1,6902,6946,6903,-1,6903,6946,6947,-1,6903,6947,6904,-1,6904,6947,6948,-1,6904,6948,6905,-1,6905,6948,6949,-1,6905,6949,6906,-1,6906,6949,6950,-1,6906,6950,6907,-1,6907,6950,6951,-1,6907,6951,6908,-1,6908,6951,6952,-1,6908,6952,6909,-1,6909,6952,6953,-1,6909,6953,6910,-1,6910,6953,6954,-1,6910,6954,6911,-1,6911,6954,6955,-1,6911,6955,6912,-1,6912,6955,6956,-1,6912,6956,6913,-1,6913,6956,6957,-1,6913,6957,6914,-1,6914,6957,6958,-1,6914,6958,6915,-1,6915,6958,6959,-1,6915,6959,6916,-1,6916,6959,6960,-1,6916,6960,6917,-1,6917,6960,6961,-1,6917,6961,6918,-1,6918,6961,6962,-1,6918,6962,6919,-1,6919,6962,6963,-1,6919,6963,6920,-1,6920,6963,6964,-1,6920,6964,6921,-1,6921,6964,6965,-1,6921,6965,6922,-1,6922,6965,6966,-1,6922,6966,6923,-1,6923,6966,6967,-1,6923,6967,6924,-1,6924,6967,6968,-1,6924,6968,6925,-1,6925,6968,6969,-1,6925,6969,6926,-1,6926,6969,6970,-1,6926,6970,6927,-1,6927,6970,6971,-1,6927,6971,6928,-1,6928,6971,6972,-1,6928,6972,6929,-1,6929,6972,6973,-1,6929,6973,6930,-1,6930,6973,6974,-1,6930,6974,6931,-1,6931,6974,6975,-1,6931,6975,6932,-1,6932,6975,6976,-1,6932,6976,6933,-1,6933,6976,6977,-1,6933,6977,6934,-1,6934,6977,6978,-1,6819,6979,6820,-1,6820,6979,6980,-1,6820,6980,6981,-1,6981,6980,6982,-1,6981,6982,6983,-1,6983,6982,6984,-1,6983,6984,6985,-1,6984,6986,6985,-1,6985,6986,6987,-1,6985,6987,6988,-1,6361,6989,6359,-1,6359,6989,6990,-1,6359,6990,6363,-1,6363,6990,6991,-1,6363,6991,6369,-1,6369,6991,6992,-1,6369,6992,6373,-1,6373,6992,6993,-1,6994,6993,6995,-1,6995,6993,6992,-1,6995,6992,6996,-1,6996,6992,6991,-1,6996,6991,6997,-1,6997,6991,6990,-1,6997,6990,6442,-1,6442,6990,6989,-1,6442,6989,6440,-1,6440,6989,6361,-1,6440,6361,6356,-1,6356,6361,6362,-1,6356,6362,6358,-1,6703,6713,5915,-1,5915,6713,6714,-1,5915,6714,5916,-1,5916,6714,6715,-1,5916,6715,6573,-1,6573,6715,6717,-1,6573,6717,6575,-1,6575,6717,6727,-1,6575,6727,6577,-1,6577,6727,6729,-1,6577,6729,6579,-1,6579,6729,6741,-1,6579,6741,6581,-1,6581,6741,6743,-1,6581,6743,6583,-1,6583,6743,6746,-1,6583,6746,6585,-1,6585,6746,6756,-1,6585,6756,6587,-1,6587,6756,6758,-1,6587,6758,6589,-1,6589,6758,6760,-1,6589,6760,6591,-1,6591,6760,6762,-1,6591,6762,6593,-1,6593,6762,6764,-1,6593,6764,6595,-1,6595,6764,6766,-1,6595,6766,6597,-1,6597,6766,6768,-1,6597,6768,6599,-1,6599,6768,6770,-1,6599,6770,6601,-1,6601,6770,6772,-1,6601,6772,6603,-1,6603,6772,6774,-1,6603,6774,6605,-1,6605,6774,6776,-1,6605,6776,6607,-1,6607,6776,6778,-1,6607,6778,6609,-1,6609,6778,6780,-1,6609,6780,6611,-1,6611,6780,6782,-1,6611,6782,6613,-1,6613,6782,6784,-1,6613,6784,6615,-1,6615,6784,6786,-1,6615,6786,6617,-1,6617,6786,6788,-1,6617,6788,6619,-1,6619,6788,6790,-1,6619,6790,6621,-1,6621,6790,6792,-1,6621,6792,6623,-1,6623,6792,6794,-1,6623,6794,6625,-1,6625,6794,6796,-1,6625,6796,6627,-1,6627,6796,6798,-1,6627,6798,6629,-1,6629,6798,6800,-1,6629,6800,6631,-1,6631,6800,6802,-1,6631,6802,6633,-1,6633,6802,6804,-1,6633,6804,6635,-1,6635,6804,6806,-1,6635,6806,6637,-1,6637,6806,6808,-1,6637,6808,6639,-1,6639,6808,6810,-1,6639,6810,6641,-1,6641,6810,6812,-1,6641,6812,6643,-1,6643,6812,6814,-1,6643,6814,6645,-1,6645,6814,6816,-1,6645,6816,6647,-1,6647,6816,6818,-1,6647,6818,6649,-1,6649,6818,6820,-1,6649,6820,6651,-1,6651,6820,6981,-1,6651,6981,6653,-1,6653,6981,6983,-1,6653,6983,6655,-1,6655,6983,6985,-1,6655,6985,6657,-1,6657,6985,6988,-1,6657,6988,6659,-1,6659,6988,6998,-1,6659,6998,6661,-1,6661,6998,6999,-1,6661,6999,6663,-1,6663,6999,7000,-1,6663,7000,5900,-1,5900,7000,7001,-1,5900,7001,5901,-1,6379,7002,6377,-1,6377,7002,7003,-1,6377,7003,6383,-1,6383,7003,7004,-1,6383,7004,6385,-1,6385,7004,7005,-1,7006,7005,7007,-1,7007,7005,7004,-1,7007,7004,7008,-1,7008,7004,7003,-1,7008,7003,6994,-1,6994,7003,7002,-1,6994,7002,6993,-1,6993,7002,6379,-1,6993,6379,6373,-1,6373,6379,6381,-1,6373,6381,6374,-1,6441,7009,6442,-1,6442,7009,7010,-1,6442,7010,6997,-1,6997,7010,7011,-1,6997,7011,6996,-1,6996,7011,7012,-1,6996,7012,6995,-1,6995,7012,7013,-1,6995,7013,6994,-1,6994,7013,7014,-1,6994,7014,7008,-1,7008,7014,7015,-1,7008,7015,7007,-1,7007,7015,7016,-1,7007,7016,7006,-1,7006,7016,7017,-1,6389,7018,6392,-1,6392,7018,7019,-1,6392,7019,6396,-1,6396,7019,7020,-1,6396,7020,6399,-1,6399,7020,7021,-1,6399,7021,6400,-1,6400,7021,7022,-1,6400,7022,6406,-1,6406,7022,7023,-1,6406,7023,6409,-1,6409,7023,7024,-1,6409,7024,6412,-1,6412,7024,7025,-1,6412,7025,6415,-1,6415,7025,7026,-1,6415,7026,6418,-1,6418,7026,7027,-1,6418,7027,6421,-1,6421,7027,7028,-1,6421,7028,6426,-1,6426,7028,7029,-1,6426,7029,6430,-1,6430,7029,7030,-1,6430,7030,6433,-1,6433,7030,7031,-1,6433,7031,6436,-1,6436,7031,7032,-1,5903,6700,5904,-1,5904,6700,6702,-1,5904,6702,7033,-1,7033,6702,7034,-1,7033,7034,7035,-1,7035,7034,7036,-1,7035,7036,7037,-1,7037,7036,7038,-1,7037,7038,7039,-1,7039,7038,7040,-1,7039,7040,7041,-1,7041,7040,7042,-1,7041,7042,7043,-1,7043,7042,7044,-1,7043,7044,7045,-1,7045,7044,7046,-1,7045,7046,7047,-1,7047,7046,7048,-1,7047,7048,7049,-1,7049,7048,7050,-1,7049,7050,7051,-1,7051,7050,7052,-1,7051,7052,7053,-1,7053,7052,7054,-1,7053,7054,7055,-1,7055,7054,7056,-1,7055,7056,7057,-1,7057,7056,7058,-1,7057,7058,7059,-1,7059,7058,7060,-1,7059,7060,7061,-1,7061,7060,7062,-1,7061,7062,7063,-1,7063,7062,7064,-1,7063,7064,7065,-1,7065,7064,7066,-1,7065,7066,7067,-1,7067,7066,7068,-1,7067,7068,7069,-1,7069,7068,7070,-1,7069,7070,7071,-1,7071,7070,7072,-1,7071,7072,7073,-1,7073,7072,7074,-1,7073,7074,7075,-1,7075,7074,7076,-1,7075,7076,7077,-1,7077,7076,7078,-1,7077,7078,7079,-1,7079,7078,7080,-1,7079,7080,7081,-1,7081,7080,7082,-1,7081,7082,7083,-1,7083,7082,7084,-1,7083,7084,7085,-1,7085,7084,7086,-1,7085,7086,7087,-1,7087,7086,7088,-1,7087,7088,7089,-1,7089,7088,7090,-1,7089,7090,7091,-1,7091,7090,7092,-1,7091,7092,7093,-1,7093,7092,7094,-1,7093,7094,7095,-1,7095,7094,7096,-1,7095,7096,7097,-1,7097,7096,7098,-1,7097,7098,7099,-1,7099,7098,7100,-1,7099,7100,7101,-1,7101,7100,7102,-1,7101,7102,7103,-1,7103,7102,7104,-1,7103,7104,7105,-1,7105,7104,7106,-1,7105,7106,7107,-1,7107,7106,7108,-1,7107,7108,7109,-1,7109,7108,7110,-1,7109,7110,7111,-1,7111,7110,7112,-1,7111,7112,7113,-1,7113,7112,7114,-1,7113,7114,7115,-1,7115,7114,7116,-1,7115,7116,7117,-1,7117,7116,7118,-1,7117,7118,7119,-1,7119,7118,7120,-1,7119,7120,7121,-1,7121,7120,7122,-1,7121,7122,7123,-1,7123,7122,7124,-1,7123,7124,7125,-1,7125,7124,7126,-1,7125,7126,7127,-1,7127,7126,7128,-1,7127,7128,7129,-1,7129,7128,7130,-1,7129,7130,7131,-1,7131,7130,7132,-1,7131,7132,7133,-1,7133,7132,7134,-1,7133,7134,7135,-1,7135,7134,7136,-1,7135,7136,7137,-1,7137,7136,7138,-1,7137,7138,7139,-1,7139,7138,7140,-1,7139,7140,7141,-1,7141,7140,7142,-1,7141,7142,7143,-1,7143,7142,7144,-1,7143,7144,7145,-1,7145,7144,7146,-1,7145,7146,7147,-1,7147,7146,7148,-1,7147,7148,7149,-1,7149,7148,7150,-1,7149,7150,7151,-1,7151,7150,7152,-1,7151,7152,7153,-1,7153,7152,7154,-1,7153,7154,7155,-1,7155,7154,7156,-1,7155,7156,7157,-1,7157,7156,7158,-1,7157,7158,7159,-1,7159,7158,7160,-1,5874,5873,7161,-1,7161,5873,7032,-1,7161,7032,7162,-1,7162,7032,7031,-1,7162,7031,7163,-1,7163,7031,7030,-1,7163,7030,7164,-1,7164,7030,7029,-1,7164,7029,7165,-1,7165,7029,7028,-1,7165,7028,7166,-1,7166,7028,7027,-1,7166,7027,7167,-1,7167,7027,7026,-1,7167,7026,7168,-1,7168,7026,7025,-1,7168,7025,7169,-1,7169,7025,7024,-1,7169,7024,7170,-1,7170,7024,7023,-1,7170,7023,7171,-1,7171,7023,7022,-1,7171,7022,7172,-1,7172,7022,7021,-1,7172,7021,7173,-1,7173,7021,7020,-1,7173,7020,7174,-1,7174,7020,7019,-1,7174,7019,7175,-1,7175,7019,7018,-1,5873,7176,7032,-1,7032,7176,5871,-1,7032,5871,6436,-1,6436,5871,5870,-1,6436,5870,5869,-1,5875,5874,5898,-1,5898,5874,7161,-1,5898,7161,7177,-1,7177,7161,7162,-1,7177,7162,7178,-1,7178,7162,7163,-1,7178,7163,7179,-1,7179,7163,7164,-1,7179,7164,7180,-1,7180,7164,7165,-1,7180,7165,7181,-1,7181,7165,7166,-1,7181,7166,7182,-1,7182,7166,7167,-1,7182,7167,7183,-1,7183,7167,7168,-1,7183,7168,7184,-1,7184,7168,7169,-1,7184,7169,7185,-1,7185,7169,7170,-1,7185,7170,7186,-1,7186,7170,7171,-1,7186,7171,7187,-1,7187,7171,7172,-1,7187,7172,7188,-1,7188,7172,7173,-1,7188,7173,7189,-1,7189,7173,7174,-1,7189,7174,7017,-1,7017,7174,7175,-1,7017,7175,7006,-1,7006,7175,7018,-1,7006,7018,7005,-1,7005,7018,6389,-1,7005,6389,6385,-1,6385,6389,6390,-1,6385,6390,6386,-1,5877,5897,7190,-1,7190,5897,5898,-1,7190,5898,7191,-1,7191,5898,7177,-1,7191,7177,7192,-1,7192,7177,7178,-1,7192,7178,7193,-1,7193,7178,7179,-1,7193,7179,7194,-1,7194,7179,7180,-1,7194,7180,7195,-1,7195,7180,7181,-1,7195,7181,7196,-1,7196,7181,7182,-1,7196,7182,7197,-1,7197,7182,7183,-1,7197,7183,7198,-1,7198,7183,7184,-1,7198,7184,7199,-1,7199,7184,7185,-1,7199,7185,7200,-1,7200,7185,7186,-1,7200,7186,7201,-1,7201,7186,7187,-1,7201,7187,7202,-1,7202,7187,7188,-1,7202,7188,7203,-1,7203,7188,7189,-1,7203,7189,7204,-1,7204,7189,7017,-1,7204,7017,7205,-1,7205,7017,7016,-1,7205,7016,7206,-1,7206,7016,7015,-1,7206,7015,7207,-1,7207,7015,7014,-1,7207,7014,7208,-1,7208,7014,7013,-1,7208,7013,7209,-1,7209,7013,7012,-1,7209,7012,7210,-1,7210,7012,7011,-1,7210,7011,7211,-1,7211,7011,7010,-1,7211,7010,6978,-1,6978,7010,7009,-1,6978,7009,6934,-1,6934,7009,6441,-1,6934,6441,6890,-1,6890,6441,6439,-1,6890,6439,6888,-1,6888,6439,6354,-1,6888,6354,6349,-1,6349,6354,6355,-1,6349,6355,6350,-1,6935,5905,6936,-1,6936,5905,5907,-1,6936,5907,6937,-1,6937,5907,7212,-1,6937,7212,6938,-1,6938,7212,7213,-1,6938,7213,6939,-1,6939,7213,7214,-1,6939,7214,6940,-1,6940,7214,7215,-1,6940,7215,6941,-1,6941,7215,7216,-1,6941,7216,6942,-1,6942,7216,7217,-1,6942,7217,6943,-1,6943,7217,7218,-1,6943,7218,6944,-1,6944,7218,7219,-1,6944,7219,6945,-1,6945,7219,7220,-1,6945,7220,6946,-1,6946,7220,7221,-1,6946,7221,6947,-1,6947,7221,7222,-1,6947,7222,6948,-1,6948,7222,7223,-1,6948,7223,6949,-1,6949,7223,7224,-1,6949,7224,6950,-1,6950,7224,7225,-1,6950,7225,6951,-1,6951,7225,7226,-1,6951,7226,6952,-1,6952,7226,7227,-1,6952,7227,6953,-1,6953,7227,7228,-1,6953,7228,6954,-1,6954,7228,7229,-1,6954,7229,6955,-1,6955,7229,7230,-1,6955,7230,6956,-1,6956,7230,7231,-1,6956,7231,6957,-1,6957,7231,7232,-1,6957,7232,6958,-1,6958,7232,7233,-1,6958,7233,6959,-1,6959,7233,7234,-1,6959,7234,6960,-1,6960,7234,7235,-1,6960,7235,6961,-1,6961,7235,7236,-1,6961,7236,6962,-1,6962,7236,7237,-1,6962,7237,6963,-1,6963,7237,7238,-1,6963,7238,6964,-1,6964,7238,7239,-1,6964,7239,6965,-1,6965,7239,7240,-1,6965,7240,6966,-1,6966,7240,7241,-1,6966,7241,6967,-1,6967,7241,7242,-1,6967,7242,6968,-1,6968,7242,7243,-1,6968,7243,6969,-1,6969,7243,7244,-1,6969,7244,6970,-1,6970,7244,7245,-1,6970,7245,6971,-1,6971,7245,7246,-1,6971,7246,6972,-1,6972,7246,7247,-1,6972,7247,6973,-1,6973,7247,7248,-1,6973,7248,6974,-1,6974,7248,7249,-1,6974,7249,6975,-1,6975,7249,7250,-1,6975,7250,6976,-1,6976,7250,7251,-1,6976,7251,6977,-1,6977,7251,7252,-1,6977,7252,6978,-1,6978,7252,7253,-1,6978,7253,7211,-1,7211,7253,7254,-1,7211,7254,7210,-1,7210,7254,7255,-1,7210,7255,7209,-1,7209,7255,7256,-1,7209,7256,7208,-1,7208,7256,7257,-1,7208,7257,7207,-1,7207,7257,7258,-1,7207,7258,7206,-1,7206,7258,7259,-1,7206,7259,7205,-1,7205,7259,7260,-1,7205,7260,7204,-1,7204,7260,7261,-1,7204,7261,7203,-1,7203,7261,7262,-1,7203,7262,7202,-1,7202,7262,7263,-1,7202,7263,7201,-1,7201,7263,7264,-1,7201,7264,7200,-1,7200,7264,7265,-1,7200,7265,7199,-1,7199,7265,7266,-1,7199,7266,7198,-1,7198,7266,7267,-1,7198,7267,7197,-1,7197,7267,7268,-1,7197,7268,7196,-1,7196,7268,7269,-1,7196,7269,7195,-1,7195,7269,7270,-1,7195,7270,7194,-1,7194,7270,7271,-1,7194,7271,7193,-1,7193,7271,7272,-1,7193,7272,7192,-1,7192,7272,7273,-1,7192,7273,7191,-1,7191,7273,7274,-1,7191,7274,7190,-1,7190,7274,7275,-1,7190,7275,5877,-1,5877,7275,7276,-1,5906,5902,5907,-1,5907,5902,5904,-1,5907,5904,7212,-1,7212,5904,7033,-1,7212,7033,7213,-1,7213,7033,7035,-1,7213,7035,7214,-1,7214,7035,7037,-1,7214,7037,7215,-1,7215,7037,7039,-1,7215,7039,7216,-1,7216,7039,7041,-1,7216,7041,7217,-1,7217,7041,7043,-1,7217,7043,7218,-1,7218,7043,7045,-1,7218,7045,7219,-1,7219,7045,7047,-1,7219,7047,7220,-1,7220,7047,7049,-1,7220,7049,7221,-1,7221,7049,7051,-1,7221,7051,7222,-1,7222,7051,7053,-1,7222,7053,7223,-1,7223,7053,7055,-1,7223,7055,7224,-1,7224,7055,7057,-1,7224,7057,7225,-1,7225,7057,7059,-1,7225,7059,7226,-1,7226,7059,7061,-1,7226,7061,7227,-1,7227,7061,7063,-1,7227,7063,7228,-1,7228,7063,7065,-1,7228,7065,7229,-1,7229,7065,7067,-1,7229,7067,7230,-1,7230,7067,7069,-1,7230,7069,7231,-1,7231,7069,7071,-1,7231,7071,7232,-1,7232,7071,7073,-1,7232,7073,7233,-1,7233,7073,7075,-1,7233,7075,7234,-1,7234,7075,7077,-1,7234,7077,7235,-1,7235,7077,7079,-1,7235,7079,7236,-1,7236,7079,7081,-1,7236,7081,7237,-1,7237,7081,7083,-1,7237,7083,7238,-1,7238,7083,7085,-1,7238,7085,7239,-1,7239,7085,7087,-1,7239,7087,7240,-1,7240,7087,7089,-1,7240,7089,7241,-1,7241,7089,7091,-1,7241,7091,7242,-1,7242,7091,7093,-1,7242,7093,7243,-1,7243,7093,7095,-1,7243,7095,7244,-1,7244,7095,7097,-1,7244,7097,7245,-1,7245,7097,7099,-1,7245,7099,7246,-1,7246,7099,7101,-1,7246,7101,7247,-1,7247,7101,7103,-1,7247,7103,7248,-1,7248,7103,7105,-1,7248,7105,7249,-1,7249,7105,7107,-1,7249,7107,7250,-1,7250,7107,7109,-1,7250,7109,7251,-1,7251,7109,7111,-1,7251,7111,7252,-1,7252,7111,7113,-1,7252,7113,7253,-1,7253,7113,7115,-1,7253,7115,7254,-1,7254,7115,7117,-1,7254,7117,7255,-1,7255,7117,7119,-1,7255,7119,7256,-1,7256,7119,7121,-1,7256,7121,7257,-1,7257,7121,7123,-1,7257,7123,7258,-1,7258,7123,7125,-1,7258,7125,7259,-1,7259,7125,7127,-1,7259,7127,7260,-1,7260,7127,7129,-1,7260,7129,7261,-1,7261,7129,7131,-1,7261,7131,7262,-1,7262,7131,7133,-1,7262,7133,7263,-1,7263,7133,7135,-1,7263,7135,7264,-1,7264,7135,7137,-1,7264,7137,7265,-1,7265,7137,7139,-1,7265,7139,7266,-1,7266,7139,7141,-1,7266,7141,7267,-1,7267,7141,7143,-1,7267,7143,7268,-1,7268,7143,7145,-1,7268,7145,7269,-1,7269,7145,7147,-1,7269,7147,7270,-1,7270,7147,7149,-1,7270,7149,7271,-1,7271,7149,7151,-1,7271,7151,7272,-1,7272,7151,7153,-1,7272,7153,7273,-1,7273,7153,7155,-1,7273,7155,7274,-1,7274,7155,7157,-1,7274,7157,7275,-1,7275,7157,7159,-1,7275,7159,7276,-1,7276,7159,5879,-1,7160,5881,7159,-1,7159,5881,5880,-1,7159,5880,5879,-1,6568,5884,6569,-1,6569,5884,5883,-1,6569,5883,5882,-1,6699,5917,6702,-1,6702,5917,6443,-1,6702,6443,7034,-1,7034,6443,6445,-1,7034,6445,7036,-1,7036,6445,6447,-1,7036,6447,7038,-1,7038,6447,6449,-1,7038,6449,7040,-1,7040,6449,6451,-1,7040,6451,7042,-1,7042,6451,6453,-1,7042,6453,7044,-1,7044,6453,6455,-1,7044,6455,7046,-1,7046,6455,6457,-1,7046,6457,7048,-1,7048,6457,6459,-1,7048,6459,7050,-1,7050,6459,6461,-1,7050,6461,7052,-1,7052,6461,6463,-1,7052,6463,7054,-1,7054,6463,6465,-1,7054,6465,7056,-1,7056,6465,6467,-1,7056,6467,7058,-1,7058,6467,6469,-1,7058,6469,7060,-1,7060,6469,6471,-1,7060,6471,7062,-1,7062,6471,6473,-1,7062,6473,7064,-1,7064,6473,6475,-1,7064,6475,7066,-1,7066,6475,6477,-1,7066,6477,7068,-1,7068,6477,6479,-1,7068,6479,7070,-1,7070,6479,6481,-1,7070,6481,7072,-1,7072,6481,6483,-1,7072,6483,7074,-1,7074,6483,6485,-1,7074,6485,7076,-1,7076,6485,6487,-1,7076,6487,7078,-1,7078,6487,6489,-1,7078,6489,7080,-1,7080,6489,6491,-1,7080,6491,7082,-1,7082,6491,6493,-1,7082,6493,7084,-1,7084,6493,6495,-1,7084,6495,7086,-1,7086,6495,6497,-1,7086,6497,7088,-1,7088,6497,6499,-1,7088,6499,7090,-1,7090,6499,6501,-1,7090,6501,7092,-1,7092,6501,6503,-1,7092,6503,7094,-1,7094,6503,6505,-1,7094,6505,7096,-1,7096,6505,6507,-1,7096,6507,7098,-1,7098,6507,6509,-1,7098,6509,7100,-1,7100,6509,6511,-1,7100,6511,7102,-1,7102,6511,6513,-1,7102,6513,7104,-1,7104,6513,6515,-1,7104,6515,7106,-1,7106,6515,6517,-1,7106,6517,7108,-1,7108,6517,6519,-1,7108,6519,7110,-1,7110,6519,6521,-1,7110,6521,7112,-1,7112,6521,6523,-1,7112,6523,7114,-1,7114,6523,6525,-1,7114,6525,7116,-1,7116,6525,6527,-1,7116,6527,7118,-1,7118,6527,6529,-1,7118,6529,7120,-1,7120,6529,6531,-1,7120,6531,7122,-1,7122,6531,6533,-1,7122,6533,7124,-1,7124,6533,6535,-1,7124,6535,7126,-1,7126,6535,6537,-1,7126,6537,7128,-1,7128,6537,6539,-1,7128,6539,7130,-1,7130,6539,6541,-1,7130,6541,7132,-1,7132,6541,6543,-1,7132,6543,7134,-1,7134,6543,6545,-1,7134,6545,7136,-1,7136,6545,6547,-1,7136,6547,7138,-1,7138,6547,6549,-1,7138,6549,7140,-1,7140,6549,6551,-1,7140,6551,7142,-1,7142,6551,6553,-1,7142,6553,7144,-1,7144,6553,6555,-1,7144,6555,7146,-1,7146,6555,6557,-1,7146,6557,7148,-1,7148,6557,6559,-1,7148,6559,7150,-1,7150,6559,6561,-1,7150,6561,7152,-1,7152,6561,6563,-1,7152,6563,7154,-1,7154,6563,6565,-1,7154,6565,7156,-1,7156,6565,6567,-1,7156,6567,7158,-1,7158,6567,6569,-1,7158,6569,7160,-1,7160,6569,5882,-1,7160,5882,5881,-1,6696,5914,5918,-1,5918,5914,6572,-1,5918,6572,5919,-1,5919,6572,6574,-1,5919,6574,6444,-1,6444,6574,6576,-1,6444,6576,6446,-1,6446,6576,6578,-1,6446,6578,6448,-1,6448,6578,6580,-1,6448,6580,6450,-1,6450,6580,6582,-1,6450,6582,6452,-1,6452,6582,6584,-1,6452,6584,6454,-1,6454,6584,6586,-1,6454,6586,6456,-1,6456,6586,6588,-1,6456,6588,6458,-1,6458,6588,6590,-1,6458,6590,6460,-1,6460,6590,6592,-1,6460,6592,6462,-1,6462,6592,6594,-1,6462,6594,6464,-1,6464,6594,6596,-1,6464,6596,6466,-1,6466,6596,6598,-1,6466,6598,6468,-1,6468,6598,6600,-1,6468,6600,6470,-1,6470,6600,6602,-1,6470,6602,6472,-1,6472,6602,6604,-1,6472,6604,6474,-1,6474,6604,6606,-1,6474,6606,6476,-1,6476,6606,6608,-1,6476,6608,6478,-1,6478,6608,6610,-1,6478,6610,6480,-1,6480,6610,6612,-1,6480,6612,6482,-1,6482,6612,6614,-1,6482,6614,6484,-1,6484,6614,6616,-1,6484,6616,6486,-1,6486,6616,6618,-1,6486,6618,6488,-1,6488,6618,6620,-1,6488,6620,6490,-1,6490,6620,6622,-1,6490,6622,6492,-1,6492,6622,6624,-1,6492,6624,6494,-1,6494,6624,6626,-1,6494,6626,6496,-1,6496,6626,6628,-1,6496,6628,6498,-1,6498,6628,6630,-1,6498,6630,6500,-1,6500,6630,6632,-1,6500,6632,6502,-1,6502,6632,6634,-1,6502,6634,6504,-1,6504,6634,6636,-1,6504,6636,6506,-1,6506,6636,6638,-1,6506,6638,6508,-1,6508,6638,6640,-1,6508,6640,6510,-1,6510,6640,6642,-1,6510,6642,6512,-1,6512,6642,6644,-1,6512,6644,6514,-1,6514,6644,6646,-1,6514,6646,6516,-1,6516,6646,6648,-1,6516,6648,6518,-1,6518,6648,6650,-1,6518,6650,6520,-1,6520,6650,6652,-1,6520,6652,6522,-1,6522,6652,6654,-1,6522,6654,6524,-1,6524,6654,6656,-1,6524,6656,6526,-1,6526,6656,6658,-1,6526,6658,6528,-1,6528,6658,6660,-1,6528,6660,6530,-1,6530,6660,6662,-1,6530,6662,6532,-1,6532,6662,6664,-1,6532,6664,6534,-1,6534,6664,6665,-1,6534,6665,6536,-1,6536,6665,6666,-1,6536,6666,6538,-1,6538,6666,6668,-1,6538,6668,6540,-1,6540,6668,6670,-1,6540,6670,6542,-1,6542,6670,6672,-1,6542,6672,6544,-1,6544,6672,6674,-1,6544,6674,6546,-1,6546,6674,6676,-1,6546,6676,6548,-1,6548,6676,6678,-1,6548,6678,6550,-1,6550,6678,6680,-1,6550,6680,6552,-1,6552,6680,6682,-1,6552,6682,6554,-1,6554,6682,6684,-1,6554,6684,6556,-1,6556,6684,6686,-1,6556,6686,6558,-1,6558,6686,6688,-1,6558,6688,6560,-1,6560,6688,6690,-1,6560,6690,6562,-1,6562,6690,6692,-1,6562,6692,6564,-1,6564,6692,6694,-1,6564,6694,6566,-1,6566,6694,6695,-1,6566,6695,6568,-1,6568,6695,5885,-1,6568,5885,5884,-1,5889,5888,5896,-1,5896,5888,6570,-1,5896,6570,7277,-1,7277,6570,6693,-1,7277,6693,7278,-1,7278,6693,6691,-1,7278,6691,7279,-1,7279,6691,6689,-1,7279,6689,7280,-1,7280,6689,6687,-1,7280,6687,7281,-1,7281,6687,6685,-1,7281,6685,7282,-1,7282,6685,6683,-1,7282,6683,7283,-1,7283,6683,6681,-1,7283,6681,7284,-1,7284,6681,6679,-1,7284,6679,7285,-1,7285,6679,6677,-1,7285,6677,7286,-1,7286,6677,6675,-1,7286,6675,7287,-1,7287,6675,6673,-1,7287,6673,7288,-1,7288,6673,6671,-1,7288,6671,7289,-1,7289,6671,6669,-1,7289,6669,7290,-1,7290,6669,6667,-1,7290,6667,7291,-1,7291,6667,5899,-1,7291,5899,7292,-1,7292,5899,5901,-1,5891,5895,5894,-1,5894,5895,5896,-1,5894,5896,7293,-1,7293,5896,7277,-1,7293,7277,7294,-1,7294,7277,7278,-1,7294,7278,7295,-1,7295,7278,7279,-1,7295,7279,7296,-1,7296,7279,7280,-1,7296,7280,7297,-1,7297,7280,7281,-1,7297,7281,7298,-1,7298,7281,7282,-1,7298,7282,7299,-1,7299,7282,7283,-1,7299,7283,7300,-1,7300,7283,7284,-1,7300,7284,7301,-1,7301,7284,7285,-1,7301,7285,7302,-1,7302,7285,7286,-1,7302,7286,7303,-1,7303,7286,7287,-1,7303,7287,7304,-1,7304,7287,7288,-1,7304,7288,7305,-1,7305,7288,7289,-1,7305,7289,7306,-1,7306,7289,7290,-1,7306,7290,7307,-1,7307,7290,7291,-1,7307,7291,7308,-1,7308,7291,7292,-1,7308,7292,7309,-1,7309,7292,5901,-1,7309,5901,7310,-1,7310,5901,7001,-1,7310,7001,7311,-1,7311,7001,7000,-1,7311,7000,7312,-1,7312,7000,6999,-1,7312,6999,7313,-1,7313,6999,6998,-1,7313,6998,7314,-1,7314,6998,6988,-1,7314,6988,7315,-1,7315,6988,6987,-1,5893,5892,5954,-1,5954,5892,5894,-1,5954,5894,5957,-1,5957,5894,7293,-1,5957,7293,5961,-1,5961,7293,7294,-1,5961,7294,5952,-1,5952,7294,7295,-1,5952,7295,5964,-1,5964,7295,7296,-1,5964,7296,5969,-1,5969,7296,7297,-1,5969,7297,5973,-1,5973,7297,7298,-1,5973,7298,5949,-1,5949,7298,7299,-1,5949,7299,5977,-1,5977,7299,7300,-1,5977,7300,5946,-1,5946,7300,7301,-1,5946,7301,5984,-1,5984,7301,7302,-1,5984,7302,5982,-1,5982,7302,7303,-1,5982,7303,5988,-1,5988,7303,7304,-1,5988,7304,5992,-1,5992,7304,7305,-1,5992,7305,5999,-1,5999,7305,7306,-1,5999,7306,6002,-1,6002,7306,7307,-1,6002,7307,6004,-1,6004,7307,7308,-1,6004,7308,6009,-1,6009,7308,7309,-1,6009,7309,6013,-1,6013,7309,7310,-1,6013,7310,6016,-1,6016,7310,7311,-1,6016,7311,6020,-1,6020,7311,7312,-1,6020,7312,6023,-1,6023,7312,7313,-1,6023,7313,6024,-1,6024,7313,7314,-1,6024,7314,6036,-1,6036,7314,7315,-1,6036,7315,6034,-1,6034,7315,6987,-1,6034,6987,6032,-1,6032,6987,6986,-1,6032,6986,6029,-1,6029,6986,6984,-1,6029,6984,6042,-1,6042,6984,6982,-1,6042,6982,6039,-1,6039,6982,6980,-1,6039,6980,6049,-1,6049,6980,6979,-1,6049,6979,6046,-1,6046,6979,6819,-1,6046,6819,6053,-1,6053,6819,6817,-1,6053,6817,5943,-1,5943,6817,6815,-1,5943,6815,6060,-1,6060,6815,6813,-1,6060,6813,6067,-1,6067,6813,6811,-1,6067,6811,6066,-1,6066,6811,6809,-1,6066,6809,6068,-1,6068,6809,6807,-1,6068,6807,5940,-1,5940,6807,6805,-1,5940,6805,5937,-1,5937,6805,6803,-1,5937,6803,6074,-1,6074,6803,6801,-1,6074,6801,6078,-1,6078,6801,6799,-1,6078,6799,6082,-1,6082,6799,6797,-1,6082,6797,6084,-1,6084,6797,6795,-1,6084,6795,6088,-1,6088,6795,6793,-1,6088,6793,6093,-1,6093,6793,6791,-1,6093,6791,6095,-1,6095,6791,6789,-1,6095,6789,6100,-1,6100,6789,6787,-1,6100,6787,6101,-1,6101,6787,6785,-1,6101,6785,6109,-1,6109,6785,6783,-1,6109,6783,6113,-1,6113,6783,6781,-1,6113,6781,6115,-1,6115,6781,6779,-1,6115,6779,6119,-1,6119,6779,6777,-1,6119,6777,6120,-1,6120,6777,6775,-1,6120,6775,6128,-1,6128,6775,6773,-1,6128,6773,6132,-1,6132,6773,6771,-1,6132,6771,5934,-1,5934,6771,6769,-1,5934,6769,6136,-1,6136,6769,6767,-1,6136,6767,6139,-1,6139,6767,6765,-1,6139,6765,6141,-1,6141,6765,6763,-1,6141,6763,6146,-1,6146,6763,6761,-1,6146,6761,6150,-1,6150,6761,6759,-1,6150,6759,6153,-1,6153,6759,6757,-1,6153,6757,6156,-1,6156,6757,6755,-1,6156,6755,5931,-1,5931,6755,6754,-1,5931,6754,6160,-1,6160,6754,6747,-1,6160,6747,6162,-1,6162,6747,6745,-1,6162,6745,6164,-1,6164,6745,6744,-1,6164,6744,6167,-1,6167,6744,6742,-1,6167,6742,6169,-1,6169,6742,6740,-1,6169,6740,6171,-1,6171,6740,6739,-1,6171,6739,6173,-1,6173,6739,6730,-1,6173,6730,5928,-1,5928,6730,6728,-1,5928,6728,6178,-1,6178,6728,6726,-1,6178,6726,6180,-1,6180,6726,6725,-1,6180,6725,5925,-1,5925,6725,6716,-1,5925,6716,6184,-1,6184,6716,6708,-1,6184,6708,6712,-1,6712,6708,6707,-1,7316,5851,7317,-1,7318,5847,7319,-1,5846,5845,7320,-1,7321,5843,7322,-1,5842,5841,7323,-1,7324,7325,7326,-1,7327,7328,7329,-1,7330,7331,7332,-1,7333,7334,7335,-1,7336,5857,7337,-1,7338,7339,7340,-1,6198,6203,7341,-1,7341,6203,7342,-1,6316,6315,7343,-1,6388,6387,7344,-1,6035,6033,7345,-1,6083,6087,7346,-1,6085,6091,7347,-1,6133,6134,7348,-1,6185,6709,7349,-1,7350,7351,7349,-1,7349,7351,6183,-1,7349,6183,6185,-1,6181,6182,7352,-1,7352,6182,5924,-1,7352,5924,7351,-1,7351,5924,5923,-1,7351,5923,6183,-1,6181,7352,6179,-1,6179,7352,7353,-1,6179,7353,6177,-1,6175,6174,7354,-1,7354,6174,5927,-1,6177,7353,5926,-1,5926,7353,7355,-1,5926,7355,5927,-1,7356,6176,6175,-1,6168,6170,7357,-1,7357,6170,6172,-1,6166,7358,6165,-1,6165,7358,7359,-1,6165,7359,6163,-1,6163,7359,6161,-1,6161,7359,7360,-1,6161,7360,6159,-1,6159,7361,5929,-1,5929,7361,7362,-1,5929,7362,5930,-1,5930,7362,7363,-1,5930,7363,6158,-1,7364,6154,7365,-1,7365,6154,6155,-1,7365,6155,6157,-1,7366,6151,7364,-1,7364,6151,6152,-1,7364,6152,6154,-1,6147,6145,7367,-1,7367,6145,6144,-1,7367,6144,7366,-1,7366,6144,6149,-1,7366,6149,6151,-1,6147,7367,6148,-1,6148,7367,7368,-1,6148,7368,6142,-1,7369,6138,6140,-1,7369,6140,7368,-1,7368,6140,6143,-1,7368,6143,6142,-1,6138,7369,6137,-1,6137,7369,7370,-1,6137,7370,6135,-1,6135,7370,7371,-1,6135,7371,5932,-1,7348,6134,7371,-1,7371,6134,5933,-1,7371,5933,5932,-1,7372,7373,6129,-1,6129,7373,6130,-1,6129,6127,7372,-1,7372,6127,6126,-1,7372,6126,7348,-1,7348,6126,7374,-1,7348,7374,6133,-1,7375,6121,7373,-1,7373,6121,6122,-1,7373,6122,6130,-1,6116,6125,7376,-1,7376,6125,6124,-1,7376,6124,7375,-1,7375,6124,6123,-1,7375,6123,6121,-1,7377,6118,7376,-1,7376,6118,6117,-1,7376,6117,6116,-1,6108,6107,7378,-1,7378,6107,6112,-1,7378,6112,7377,-1,7377,6112,6114,-1,7377,6114,6118,-1,6108,7378,6110,-1,6110,7378,7379,-1,6110,7379,6111,-1,6105,6104,7380,-1,7380,6104,6102,-1,7380,6102,7379,-1,7379,6102,6103,-1,7379,6103,6111,-1,6105,7380,6106,-1,6106,7380,7381,-1,6106,7381,6096,-1,7382,6092,7381,-1,7381,6092,6094,-1,7381,6094,6096,-1,6089,6099,7383,-1,7383,6099,6098,-1,7383,6098,7382,-1,7382,6098,6097,-1,7382,6097,6092,-1,7347,6091,7383,-1,7383,6091,6090,-1,7383,6090,6089,-1,7346,6087,7347,-1,7347,6087,6086,-1,7347,6086,6085,-1,6083,7346,6081,-1,6081,7346,7384,-1,6081,7384,6076,-1,6075,6080,7385,-1,7385,6080,6079,-1,7385,6079,7384,-1,7384,6079,6077,-1,7384,6077,6076,-1,6075,7385,6073,-1,6073,7385,7386,-1,6073,7386,5935,-1,7387,5938,6072,-1,7387,6072,7386,-1,7386,6072,5936,-1,7386,5936,5935,-1,5938,7387,5939,-1,5939,7387,7388,-1,5939,7388,6069,-1,7389,6071,7388,-1,7388,6071,6070,-1,7388,6070,6069,-1,7390,6065,7389,-1,7389,6065,6064,-1,7389,6064,6071,-1,7391,6059,7390,-1,7390,6059,6058,-1,7390,6058,6065,-1,5941,6063,7392,-1,7392,6063,6062,-1,7392,6062,7391,-1,7391,6062,6061,-1,7391,6061,6059,-1,5942,7393,6057,-1,6057,7393,7394,-1,6057,7394,6054,-1,7395,6050,6048,-1,7395,6048,7396,-1,6048,6047,7396,-1,7396,6047,6056,-1,7396,6056,7394,-1,7394,6056,6055,-1,7394,6055,6054,-1,6040,6052,7397,-1,7397,6052,6051,-1,6043,6041,7398,-1,7398,6041,6040,-1,6031,7399,7400,-1,6044,7401,6045,-1,6045,7401,7399,-1,6045,7399,6030,-1,6030,7399,6031,-1,7402,6037,6035,-1,6038,7403,6025,-1,6025,7403,7404,-1,6025,7404,6026,-1,6026,7404,6027,-1,6027,7404,7405,-1,6027,7405,6028,-1,7406,6019,7405,-1,7405,6019,6018,-1,7405,6018,6028,-1,6014,6015,7407,-1,7407,6015,6017,-1,7407,6017,6022,-1,7408,6012,6014,-1,6011,6010,7409,-1,7409,6010,6008,-1,7409,6008,6007,-1,7410,6005,6011,-1,7411,6003,6006,-1,7412,6000,7411,-1,7411,6000,6001,-1,7411,6001,6003,-1,7413,5993,7412,-1,7412,5993,5998,-1,7412,5998,6000,-1,5997,5996,7414,-1,7414,5996,5995,-1,7414,5995,7413,-1,7413,5995,5994,-1,7413,5994,5993,-1,5997,7414,5989,-1,5989,7414,7415,-1,5989,7415,5990,-1,5990,7415,5991,-1,5991,7415,7416,-1,5991,7416,5980,-1,5986,5985,7417,-1,7417,5985,5983,-1,7417,5983,7416,-1,7416,5983,5981,-1,7416,5981,5980,-1,5986,7417,5987,-1,5987,7417,7418,-1,5987,7418,5944,-1,5944,7418,5945,-1,5945,7418,7419,-1,5945,7419,5979,-1,7420,5947,5976,-1,7420,5976,7419,-1,7419,5976,5978,-1,7419,5978,5979,-1,5947,7420,5948,-1,5948,7420,7421,-1,5948,7421,5975,-1,7422,5967,5972,-1,7422,5972,7421,-1,7421,5972,5974,-1,7421,5974,5975,-1,7423,5971,5970,-1,7423,5970,7422,-1,7422,5970,5968,-1,7422,5968,5967,-1,7424,5950,5966,-1,7424,5966,7423,-1,7423,5966,5965,-1,7423,5965,5971,-1,5950,7424,5951,-1,5951,7424,7425,-1,5951,7425,5963,-1,5956,5955,7426,-1,7426,5955,5960,-1,7426,5960,7425,-1,7425,5960,5962,-1,7425,5962,5963,-1,5956,7426,5958,-1,5958,7426,7323,-1,5958,7323,5959,-1,5841,5840,7323,-1,7323,5840,5953,-1,7323,5953,5959,-1,6437,5868,7427,-1,7427,5868,5866,-1,7427,5866,5865,-1,7428,6434,7427,-1,7427,6434,6435,-1,7427,6435,6437,-1,7429,6431,7428,-1,7428,6431,6432,-1,7428,6432,6434,-1,7430,6424,7429,-1,7429,6424,6429,-1,7429,6429,6431,-1,6422,6428,7431,-1,7431,6428,6427,-1,7431,6427,7430,-1,7430,6427,6425,-1,7430,6425,6424,-1,6422,7431,6423,-1,6423,7431,7432,-1,6423,7432,6419,-1,6419,7432,6420,-1,6420,7432,7433,-1,6420,7433,6416,-1,6416,7433,6417,-1,6417,7433,7434,-1,6417,7434,6413,-1,6413,7434,6414,-1,6414,7434,7435,-1,6414,7435,6410,-1,6410,7435,6411,-1,6411,7435,7436,-1,6411,7436,6407,-1,6407,7436,6408,-1,6408,7436,7437,-1,6408,7437,6402,-1,6402,7437,6401,-1,6401,7437,7438,-1,6401,7438,6403,-1,7439,6405,7438,-1,7438,6405,6404,-1,7438,6404,6403,-1,6397,6395,7439,-1,7439,6395,6394,-1,7439,6394,6405,-1,6393,6398,7440,-1,7440,6398,6397,-1,7440,6397,7441,-1,7441,6397,7439,-1,7344,6387,7440,-1,7440,6387,6391,-1,7440,6391,6393,-1,6388,7344,6390,-1,6390,7344,7442,-1,6390,7442,6386,-1,6386,7442,7443,-1,6386,7443,6384,-1,7444,6375,7443,-1,7443,6375,6382,-1,7443,6382,6384,-1,7445,7446,6381,-1,6381,6380,7445,-1,7445,6380,6378,-1,7445,6378,7444,-1,7444,6378,6376,-1,7444,6376,6375,-1,7447,6367,7448,-1,7448,6367,6372,-1,7448,6372,7446,-1,7446,6372,6374,-1,7446,6374,6381,-1,7449,7450,6364,-1,6364,6371,7449,-1,7449,6371,6370,-1,7449,6370,7447,-1,7447,6370,6368,-1,7447,6368,6367,-1,6362,6360,7451,-1,7451,6360,6366,-1,7451,6366,7450,-1,7450,6366,6365,-1,7450,6365,6364,-1,6362,7451,6358,-1,6358,7451,7452,-1,6358,7452,6357,-1,6357,7452,7453,-1,6357,7453,6352,-1,6352,7453,6353,-1,6353,7453,7454,-1,6353,7454,6355,-1,6355,7454,6350,-1,6350,7454,7455,-1,6350,7455,6351,-1,7456,6342,6347,-1,7456,6347,7455,-1,7455,6347,6346,-1,7455,6346,6351,-1,6342,7456,6343,-1,6343,7456,7457,-1,6343,7457,6345,-1,7458,6340,6338,-1,7458,6338,7457,-1,7457,6338,6337,-1,7457,6337,6345,-1,6340,7458,6341,-1,6341,7458,7459,-1,6341,7459,6335,-1,7460,6331,7459,-1,7459,6331,6336,-1,7459,6336,6335,-1,6327,6329,7461,-1,7461,6329,6333,-1,7461,6333,7460,-1,7460,6333,6332,-1,7460,6332,6331,-1,6327,7461,6326,-1,6326,7461,7462,-1,6326,7462,6324,-1,6324,7462,6321,-1,6321,7462,7463,-1,6321,7463,6322,-1,7343,6315,7463,-1,7463,6315,6323,-1,7463,6323,6322,-1,6316,7343,6318,-1,6318,7343,7464,-1,6318,7464,6319,-1,7465,6314,7464,-1,7464,6314,6313,-1,7464,6313,6319,-1,7466,6311,7465,-1,7465,6311,6310,-1,7465,6310,6314,-1,7467,6308,7466,-1,7466,6308,6307,-1,7466,6307,6311,-1,7468,6305,7467,-1,7467,6305,6304,-1,7467,6304,6308,-1,7469,6302,7468,-1,7468,6302,6301,-1,7468,6301,6305,-1,7470,6299,7469,-1,7469,6299,6298,-1,7469,6298,6302,-1,7471,6296,7470,-1,7470,6296,6295,-1,7470,6295,6299,-1,7472,6293,7471,-1,7471,6293,6292,-1,7471,6292,6296,-1,7473,6290,7472,-1,7472,6290,6289,-1,7472,6289,6293,-1,7474,6287,7473,-1,7473,6287,6286,-1,7473,6286,6290,-1,7475,6284,7474,-1,7474,6284,6283,-1,7474,6283,6287,-1,7476,6281,7475,-1,7475,6281,6280,-1,7475,6280,6284,-1,7477,6278,7476,-1,7476,6278,6277,-1,7476,6277,6281,-1,7478,6275,7477,-1,7477,6275,6274,-1,7477,6274,6278,-1,6267,6269,7479,-1,7479,6269,6272,-1,7479,6272,7478,-1,7478,6272,6271,-1,7478,6271,6275,-1,6267,7479,6266,-1,6266,7479,7480,-1,6266,7480,6264,-1,6264,7480,6259,-1,6259,7480,7481,-1,6259,7481,6260,-1,7482,6257,6263,-1,7482,6263,7481,-1,7481,6263,6262,-1,7481,6262,6260,-1,6257,7482,6258,-1,6258,7482,7483,-1,6258,7483,6254,-1,6254,7483,6255,-1,6255,7483,7484,-1,6255,7484,6251,-1,6251,7484,7485,-1,6251,7485,6252,-1,7486,6247,7485,-1,7485,6247,6246,-1,7485,6246,6252,-1,7487,6241,7488,-1,7488,6241,5921,-1,5921,5920,7488,-1,7488,5920,6249,-1,7488,6249,7486,-1,7486,6249,6248,-1,7486,6248,6247,-1,6237,6239,7489,-1,7489,6239,6243,-1,7489,6243,7487,-1,7487,6243,6242,-1,7487,6242,6241,-1,6237,7489,6235,-1,6235,7489,7490,-1,6235,7490,6228,-1,7491,6234,7492,-1,7492,6234,6233,-1,7492,6233,7493,-1,7493,6233,6231,-1,7493,6231,7490,-1,7490,6231,6229,-1,7490,6229,6228,-1,7494,6221,7495,-1,7495,6221,6223,-1,7495,6223,7496,-1,7496,6223,6222,-1,7496,6222,7491,-1,7491,6222,6226,-1,7491,6226,6234,-1,7497,7498,6209,-1,6209,6208,7497,-1,7497,6208,6215,-1,7497,6215,7499,-1,7499,6215,6217,-1,7499,6217,7494,-1,7494,6217,6218,-1,7494,6218,6221,-1,7500,6213,7498,-1,7498,6213,6211,-1,7498,6211,6209,-1,6203,6205,7342,-1,7342,6205,6207,-1,7342,6207,7500,-1,7500,6207,6214,-1,7500,6214,6213,-1,6198,7341,6199,-1,6199,7341,7501,-1,6199,7501,6201,-1,6196,6194,7502,-1,7502,6194,6193,-1,7502,6193,7501,-1,7501,6193,6202,-1,7501,6202,6201,-1,7503,6187,6186,-1,6191,6192,7502,-1,7502,6192,6197,-1,7502,6197,6196,-1,7504,7357,7356,-1,7356,7357,6172,-1,7356,6172,6176,-1,7505,7506,7507,-1,7507,7506,7508,-1,7507,7508,7509,-1,7509,7508,7510,-1,7509,7510,7511,-1,7511,7510,7512,-1,7511,7512,7513,-1,7513,7512,7514,-1,7513,7514,7515,-1,7515,7514,7516,-1,7515,7516,7517,-1,7517,7516,7518,-1,7517,7518,7519,-1,7519,7518,7520,-1,7519,7520,7521,-1,7521,7520,7522,-1,7521,7522,7523,-1,7523,7522,7524,-1,7523,7524,7525,-1,7525,7524,7526,-1,7525,7526,7527,-1,7527,7526,7528,-1,7527,7528,7529,-1,7529,7528,7530,-1,7529,7530,7531,-1,7531,7530,7532,-1,7531,7532,7533,-1,7533,7532,7534,-1,7533,7534,7535,-1,7535,7534,7536,-1,7535,7536,7537,-1,7537,7536,7538,-1,7537,7538,7539,-1,7539,7538,7540,-1,7539,7540,7541,-1,7541,7540,7542,-1,7541,7542,7543,-1,7543,7542,7544,-1,7543,7544,7545,-1,7545,7544,7546,-1,7545,7546,7547,-1,7547,7546,7548,-1,7547,7548,7549,-1,7549,7548,7550,-1,7549,7550,7551,-1,7551,7550,7552,-1,7551,7552,7553,-1,7553,7552,7554,-1,7553,7554,7555,-1,7555,7554,7556,-1,7555,7556,7557,-1,7557,7556,7558,-1,7557,7558,7559,-1,7559,7558,7560,-1,7559,7560,7561,-1,7561,7560,7562,-1,7561,7562,7563,-1,7563,7562,7564,-1,7563,7564,7565,-1,7565,7564,7566,-1,7565,7566,7567,-1,7567,7566,7568,-1,7567,7568,7569,-1,7569,7568,7570,-1,7569,7570,7571,-1,7571,7570,7572,-1,7571,7572,7573,-1,7573,7572,7574,-1,7573,7574,7575,-1,7575,7574,7576,-1,7575,7576,7577,-1,7577,7576,7578,-1,7577,7578,7579,-1,7579,7578,7580,-1,7579,7580,7581,-1,7581,7580,7582,-1,7581,7582,7583,-1,7583,7582,7584,-1,7583,7584,7585,-1,7585,7584,7586,-1,7585,7586,7587,-1,6040,7397,7398,-1,7398,7397,7588,-1,7398,7588,7589,-1,7589,7588,7590,-1,7589,7590,7591,-1,7592,7593,7505,-1,7505,7593,7594,-1,7505,7594,7506,-1,7592,7595,7593,-1,7593,7595,7596,-1,7593,7596,7597,-1,7596,7598,7597,-1,7597,7598,7599,-1,7597,7599,7600,-1,7600,7599,7601,-1,7600,7601,7602,-1,7602,7601,7603,-1,7602,7603,7604,-1,7604,7603,7605,-1,7604,7605,7606,-1,7606,7605,7607,-1,7606,7607,7608,-1,7608,7607,7609,-1,7608,7609,7610,-1,7610,7609,7611,-1,7610,7611,7612,-1,7612,7611,7613,-1,7612,7613,7614,-1,7614,7613,7615,-1,7614,7615,7616,-1,7616,7615,7617,-1,7616,7617,7618,-1,7618,7617,7619,-1,7618,7619,7620,-1,7620,7619,7621,-1,7620,7621,7622,-1,7622,7621,7623,-1,7622,7623,7624,-1,7624,7623,7625,-1,7624,7625,7626,-1,7626,7625,7627,-1,7626,7627,7628,-1,7628,7627,7629,-1,7628,7629,7630,-1,7630,7629,7631,-1,7630,7631,7632,-1,7632,7631,7633,-1,7632,7633,7634,-1,7634,7633,7635,-1,7634,7635,7636,-1,7636,7635,7637,-1,7636,7637,7638,-1,7638,7637,7639,-1,7638,7639,7640,-1,7640,7639,7641,-1,7640,7641,7642,-1,7642,7641,7643,-1,7642,7643,7644,-1,7338,7340,7645,-1,7645,7340,7646,-1,7645,7646,7647,-1,7647,7646,7648,-1,7647,7648,7649,-1,7649,7648,7650,-1,7649,7650,7651,-1,7651,7650,7652,-1,7651,7652,7653,-1,7653,7652,7654,-1,7653,7654,7655,-1,7655,7654,7656,-1,7655,7656,7657,-1,7657,7656,7658,-1,7657,7658,7659,-1,7659,7658,7660,-1,7659,7660,7661,-1,7661,7660,7662,-1,7661,7662,7663,-1,7663,7662,7664,-1,7663,7664,7665,-1,7665,7664,7666,-1,7665,7666,7667,-1,7667,7666,7668,-1,7667,7668,7669,-1,7669,7668,7670,-1,7669,7670,7671,-1,7671,7670,7672,-1,7671,7672,7673,-1,7673,7672,7674,-1,7673,7674,7675,-1,7675,7674,7676,-1,7675,7676,7677,-1,7677,7676,7678,-1,7677,7678,7679,-1,7679,7678,7680,-1,7679,7680,7681,-1,7681,7680,7682,-1,7681,7682,7683,-1,7683,7682,7684,-1,7683,7684,7685,-1,7685,7684,7686,-1,7685,7686,7687,-1,7687,7686,7688,-1,7687,7688,7689,-1,7689,7688,7690,-1,7689,7690,7691,-1,7691,7690,7692,-1,7691,7692,7693,-1,7693,7692,7694,-1,7693,7694,7695,-1,7695,7694,7696,-1,7695,7696,7697,-1,7697,7696,7698,-1,7697,7698,7699,-1,7699,7698,7700,-1,7699,7700,7701,-1,7701,7700,7702,-1,7701,7702,7703,-1,7703,7702,7704,-1,7703,7704,7705,-1,7705,7704,7706,-1,7705,7706,7707,-1,7707,7706,7708,-1,7707,7708,7709,-1,7709,7708,7710,-1,7709,7710,7711,-1,7711,7710,7712,-1,7711,7712,7713,-1,7713,7712,7714,-1,7713,7714,7715,-1,7715,7714,7716,-1,7715,7716,7717,-1,7717,7716,7718,-1,7717,7718,7719,-1,7719,7718,7720,-1,7719,7720,7721,-1,7721,7720,7722,-1,7721,7722,7723,-1,7723,7722,7724,-1,7723,7724,7725,-1,7725,7724,7726,-1,7725,7726,7727,-1,7727,7726,7728,-1,7727,7728,7729,-1,7729,7728,7730,-1,7729,7730,7731,-1,7731,7730,7732,-1,7731,7732,7733,-1,7733,7732,7734,-1,7733,7734,7735,-1,7735,7734,7736,-1,7735,7736,7737,-1,7737,7736,7738,-1,7737,7738,7739,-1,7739,7738,7740,-1,7739,7740,7741,-1,7741,7740,7742,-1,7741,7742,7743,-1,7743,7742,7744,-1,7743,7744,7745,-1,7745,7744,7746,-1,7745,7746,7747,-1,7747,7746,7748,-1,7747,7748,7749,-1,7749,7748,7750,-1,7749,7750,7751,-1,7751,7750,7752,-1,7751,7752,7753,-1,7753,7752,7754,-1,7753,7754,7755,-1,7755,7754,7756,-1,7755,7756,7757,-1,7757,7756,7758,-1,7757,7758,7759,-1,7759,7758,7760,-1,7759,7760,7761,-1,7761,7760,7762,-1,7761,7762,7763,-1,7763,7762,7764,-1,7763,7764,7765,-1,7765,7764,7766,-1,7765,7766,7767,-1,7767,7766,7768,-1,7767,7768,7769,-1,7769,7768,7770,-1,7769,7770,7771,-1,7771,7770,7772,-1,7771,7772,7773,-1,7773,7772,7774,-1,7773,7774,7775,-1,7775,7774,7776,-1,7775,7776,7777,-1,7777,7776,7778,-1,7777,7778,7337,-1,7337,7778,5859,-1,7337,5859,7336,-1,7779,7587,7780,-1,7780,7587,7586,-1,7780,7586,7781,-1,7781,7586,7782,-1,7783,7784,7785,-1,7785,7784,7782,-1,7786,7339,7787,-1,7787,7339,7338,-1,7787,7338,7788,-1,7788,7338,7779,-1,7789,7790,7791,-1,6186,6191,7503,-1,7503,6191,7502,-1,7503,7502,7792,-1,7792,7502,7793,-1,7794,7789,7795,-1,7795,7789,7791,-1,7795,7791,7796,-1,7796,7791,7797,-1,7796,7797,7798,-1,7350,7333,7351,-1,7351,7333,7335,-1,7351,7335,7352,-1,7352,7335,7799,-1,7352,7799,7353,-1,7353,7799,7800,-1,7353,7800,7355,-1,7355,7800,7801,-1,7334,7330,7335,-1,7335,7330,7332,-1,7335,7332,7799,-1,7799,7332,7802,-1,7799,7802,7800,-1,7800,7802,7803,-1,7800,7803,7801,-1,7801,7803,7804,-1,6175,7354,7356,-1,7356,7354,7805,-1,7356,7805,7504,-1,7804,7806,7807,-1,5927,7355,7354,-1,7354,7355,7801,-1,7354,7801,7805,-1,7805,7801,7804,-1,7805,7804,7504,-1,7504,7804,7807,-1,7504,7807,7357,-1,7797,7808,7798,-1,7798,7808,7809,-1,7798,7809,7810,-1,7810,7809,7811,-1,7810,7811,7812,-1,7811,7813,7812,-1,7812,7813,7814,-1,7812,7814,7815,-1,7815,7814,7816,-1,7358,7817,7359,-1,7359,7817,7818,-1,7359,7818,7360,-1,7360,7818,7819,-1,7820,7819,7821,-1,7821,7819,7818,-1,7821,7818,7806,-1,7806,7818,7817,-1,7806,7817,7807,-1,7807,7817,7358,-1,7807,7358,7357,-1,7357,7358,6166,-1,7357,6166,6168,-1,7816,7822,7815,-1,7815,7822,7823,-1,7815,7823,7824,-1,7361,7825,7362,-1,7362,7825,7826,-1,7362,7826,7363,-1,7363,7826,7827,-1,6159,7360,7361,-1,7361,7360,7819,-1,7361,7819,7825,-1,7825,7819,7820,-1,7825,7820,7826,-1,7826,7820,7828,-1,7826,7828,7827,-1,7823,7829,7824,-1,7824,7829,7830,-1,7824,7830,7831,-1,7831,7830,7832,-1,7831,7832,7833,-1,7365,7834,7364,-1,7364,7834,7835,-1,7364,7835,7366,-1,7366,7835,7836,-1,7366,7836,7367,-1,7367,7836,7837,-1,7367,7837,7368,-1,7368,7837,7838,-1,7368,7838,7369,-1,7369,7838,7839,-1,7369,7839,7370,-1,7370,7839,7840,-1,7370,7840,7371,-1,7371,7840,7841,-1,7371,7841,7348,-1,7348,7841,7842,-1,7348,7842,7372,-1,7372,7842,7843,-1,7372,7843,7373,-1,7373,7843,7844,-1,7373,7844,7375,-1,7375,7844,7845,-1,7375,7845,7376,-1,7376,7845,7846,-1,7376,7846,7377,-1,7377,7846,7847,-1,7377,7847,7378,-1,7378,7847,7848,-1,7378,7848,7379,-1,7379,7848,7849,-1,7379,7849,7380,-1,7380,7849,7850,-1,7380,7850,7381,-1,7381,7850,7851,-1,7381,7851,7382,-1,7382,7851,7852,-1,7382,7852,7383,-1,7383,7852,7853,-1,7383,7853,7347,-1,7347,7853,7854,-1,7347,7854,7346,-1,7346,7854,7855,-1,7346,7855,7384,-1,7384,7855,7856,-1,7384,7856,7385,-1,7385,7856,7857,-1,7385,7857,7386,-1,7386,7857,7858,-1,7386,7858,7387,-1,7387,7858,7859,-1,7387,7859,7388,-1,7388,7859,7860,-1,7388,7860,7389,-1,7389,7860,7861,-1,7389,7861,7390,-1,7390,7861,7862,-1,7390,7862,7391,-1,7391,7862,7863,-1,7391,7863,7392,-1,7392,7863,7864,-1,7865,7864,7866,-1,7866,7864,7863,-1,7866,7863,7867,-1,7867,7863,7862,-1,7867,7862,7868,-1,7868,7862,7861,-1,7868,7861,7869,-1,7869,7861,7860,-1,7869,7860,7870,-1,7870,7860,7859,-1,7870,7859,7871,-1,7871,7859,7858,-1,7871,7858,7872,-1,7872,7858,7857,-1,7872,7857,7873,-1,7873,7857,7856,-1,7873,7856,7874,-1,7874,7856,7855,-1,7874,7855,7875,-1,7875,7855,7854,-1,7875,7854,7876,-1,7876,7854,7853,-1,7876,7853,7877,-1,7877,7853,7852,-1,7877,7852,7878,-1,7878,7852,7851,-1,7878,7851,7879,-1,7879,7851,7850,-1,7879,7850,7880,-1,7880,7850,7849,-1,7880,7849,7881,-1,7881,7849,7848,-1,7881,7848,7882,-1,7882,7848,7847,-1,7882,7847,7883,-1,7883,7847,7846,-1,7883,7846,7884,-1,7884,7846,7845,-1,7884,7845,7885,-1,7885,7845,7844,-1,7885,7844,7886,-1,7886,7844,7843,-1,7886,7843,7887,-1,7887,7843,7842,-1,7887,7842,7888,-1,7888,7842,7841,-1,7888,7841,7889,-1,7889,7841,7840,-1,7889,7840,7890,-1,7890,7840,7839,-1,7890,7839,7891,-1,7891,7839,7838,-1,7891,7838,7892,-1,7892,7838,7837,-1,7892,7837,7893,-1,7893,7837,7836,-1,7893,7836,7894,-1,7894,7836,7835,-1,7894,7835,7828,-1,7828,7835,7834,-1,7828,7834,7827,-1,7827,7834,7365,-1,7827,7365,7363,-1,7363,7365,6157,-1,7363,6157,6158,-1,7832,7895,7833,-1,7833,7895,7896,-1,7833,7896,7897,-1,7897,7896,7898,-1,7897,7898,7899,-1,7899,7898,7900,-1,7899,7900,7901,-1,7901,7900,7902,-1,7901,7902,7903,-1,7903,7902,7904,-1,7903,7904,7905,-1,7905,7904,7906,-1,7905,7906,7907,-1,7907,7906,7908,-1,7907,7908,7909,-1,7909,7908,7910,-1,7909,7910,7911,-1,7911,7910,7912,-1,7911,7912,7913,-1,7913,7912,7914,-1,7913,7914,7915,-1,7915,7914,7916,-1,7915,7916,7917,-1,7917,7916,7918,-1,7917,7918,7919,-1,7919,7918,7920,-1,7919,7920,7921,-1,7921,7920,7922,-1,7921,7922,7923,-1,7923,7922,7924,-1,7923,7924,7925,-1,7925,7924,7926,-1,7925,7926,7927,-1,7927,7926,7928,-1,7927,7928,7929,-1,7929,7928,7930,-1,7929,7930,7931,-1,7931,7930,7932,-1,7931,7932,7933,-1,7933,7932,7934,-1,7933,7934,7935,-1,7935,7934,7936,-1,7935,7936,7937,-1,7937,7936,7938,-1,7937,7938,7939,-1,7939,7938,7940,-1,7939,7940,7941,-1,7941,7940,7942,-1,7941,7942,7943,-1,7943,7942,7944,-1,7943,7944,7945,-1,7945,7944,7946,-1,7945,7946,7947,-1,7947,7946,7948,-1,7947,7948,7949,-1,7949,7948,7950,-1,7949,7950,7951,-1,7951,7950,7952,-1,7951,7952,7953,-1,7953,7952,7954,-1,7953,7954,7955,-1,7955,7954,7956,-1,7955,7956,7957,-1,7957,7956,7958,-1,7957,7958,7959,-1,7393,7960,7394,-1,7394,7960,7961,-1,7394,7961,7396,-1,7396,7961,7962,-1,7396,7962,7395,-1,7395,7962,7963,-1,7964,7963,7965,-1,7965,7963,7962,-1,7965,7962,7966,-1,7966,7962,7961,-1,7966,7961,7865,-1,7865,7961,7960,-1,7865,7960,7864,-1,7864,7960,7393,-1,7864,7393,7392,-1,7392,7393,5942,-1,7392,5942,5941,-1,7331,7967,7332,-1,7332,7967,7968,-1,7332,7968,7802,-1,7802,7968,7969,-1,7802,7969,7803,-1,7803,7969,7970,-1,7803,7970,7804,-1,7804,7970,7971,-1,7804,7971,7806,-1,7806,7971,7972,-1,7806,7972,7821,-1,7821,7972,7973,-1,7821,7973,7820,-1,7820,7973,7974,-1,7820,7974,7828,-1,7828,7974,7975,-1,7828,7975,7894,-1,7894,7975,7976,-1,7894,7976,7893,-1,7893,7976,7977,-1,7893,7977,7892,-1,7892,7977,7978,-1,7892,7978,7891,-1,7891,7978,7979,-1,7891,7979,7890,-1,7890,7979,7980,-1,7890,7980,7889,-1,7889,7980,7981,-1,7889,7981,7888,-1,7888,7981,7982,-1,7888,7982,7887,-1,7887,7982,7983,-1,7887,7983,7886,-1,7886,7983,7984,-1,7886,7984,7885,-1,7885,7984,7985,-1,7885,7985,7884,-1,7884,7985,7986,-1,7884,7986,7883,-1,7883,7986,7987,-1,7883,7987,7882,-1,7882,7987,7988,-1,7882,7988,7881,-1,7881,7988,7989,-1,7881,7989,7880,-1,7880,7989,7990,-1,7880,7990,7879,-1,7879,7990,7991,-1,7879,7991,7878,-1,7878,7991,7992,-1,7878,7992,7877,-1,7877,7992,7993,-1,7877,7993,7876,-1,7876,7993,7994,-1,7876,7994,7875,-1,7875,7994,7995,-1,7875,7995,7874,-1,7874,7995,7996,-1,7874,7996,7873,-1,7873,7996,7997,-1,7873,7997,7872,-1,7872,7997,7998,-1,7872,7998,7871,-1,7871,7998,7999,-1,7871,7999,7870,-1,7870,7999,8000,-1,7870,8000,7869,-1,7869,8000,8001,-1,7869,8001,7868,-1,7868,8001,8002,-1,7868,8002,7867,-1,7867,8002,8003,-1,7867,8003,7866,-1,7866,8003,8004,-1,7866,8004,7865,-1,7865,8004,8005,-1,7865,8005,7966,-1,7966,8005,8006,-1,7966,8006,7965,-1,7965,8006,8007,-1,7965,8007,7964,-1,7964,8007,8008,-1,7786,7794,7339,-1,7339,7794,7795,-1,7339,7795,7340,-1,7340,7795,7796,-1,7340,7796,7646,-1,7646,7796,7798,-1,7646,7798,7648,-1,7648,7798,7810,-1,7648,7810,7650,-1,7650,7810,7812,-1,7650,7812,7652,-1,7652,7812,7815,-1,7652,7815,7654,-1,7654,7815,7824,-1,7654,7824,7656,-1,7656,7824,7831,-1,7656,7831,7658,-1,7658,7831,7833,-1,7658,7833,7660,-1,7660,7833,7897,-1,7660,7897,7662,-1,7662,7897,7899,-1,7662,7899,7664,-1,7664,7899,7901,-1,7664,7901,7666,-1,7666,7901,7903,-1,7666,7903,7668,-1,7668,7903,7905,-1,7668,7905,7670,-1,7670,7905,7907,-1,7670,7907,7672,-1,7672,7907,7909,-1,7672,7909,7674,-1,7674,7909,7911,-1,7674,7911,7676,-1,7676,7911,7913,-1,7676,7913,7678,-1,7678,7913,7915,-1,7678,7915,7680,-1,7680,7915,7917,-1,7680,7917,7682,-1,7682,7917,7919,-1,7682,7919,7684,-1,7684,7919,7921,-1,7684,7921,7686,-1,7686,7921,7923,-1,7686,7923,7688,-1,7688,7923,7925,-1,7688,7925,7690,-1,7690,7925,7927,-1,7690,7927,7692,-1,7692,7927,7929,-1,7692,7929,7694,-1,7694,7929,7931,-1,7694,7931,7696,-1,7696,7931,7933,-1,7696,7933,7698,-1,7698,7933,7935,-1,7698,7935,7700,-1,7700,7935,7937,-1,7700,7937,7702,-1,7702,7937,7939,-1,7702,7939,7704,-1,7704,7939,7941,-1,7704,7941,7706,-1,7706,7941,7943,-1,7706,7943,7708,-1,7708,7943,7945,-1,7708,7945,7710,-1,7710,7945,7947,-1,7710,7947,7712,-1,7712,7947,7949,-1,7712,7949,7714,-1,7714,7949,7951,-1,7714,7951,7716,-1,7716,7951,7953,-1,7716,7953,7718,-1,7718,7953,7955,-1,7718,7955,7720,-1,7720,7955,7957,-1,7720,7957,7722,-1,7722,7957,7959,-1,7722,7959,7724,-1,8009,8010,8011,-1,7401,8012,7399,-1,7399,8012,8013,-1,7399,8013,7400,-1,7400,8013,8014,-1,8015,8014,8016,-1,8016,8014,8013,-1,8016,8013,7591,-1,7591,8013,8012,-1,7591,8012,7589,-1,7589,8012,7401,-1,7589,7401,7398,-1,7398,7401,6044,-1,7398,6044,6043,-1,8011,8010,8017,-1,8017,8010,8018,-1,8017,8018,8019,-1,8019,8018,8020,-1,8019,8020,8021,-1,8021,8020,8022,-1,8021,8022,8023,-1,8023,8022,8024,-1,8023,8024,8025,-1,6035,7345,7402,-1,7402,7345,8026,-1,7402,8026,8027,-1,8028,8027,8015,-1,8015,8027,8026,-1,8015,8026,8014,-1,8014,8026,7345,-1,8014,7345,7400,-1,7400,7345,6033,-1,7400,6033,6031,-1,8024,8029,8025,-1,8025,8029,8030,-1,8025,8030,8031,-1,8031,8030,8032,-1,8031,8032,8033,-1,8033,8032,8034,-1,8033,8034,8035,-1,8035,8034,8036,-1,8035,8036,8037,-1,7403,8038,7404,-1,7404,8038,8039,-1,7404,8039,7405,-1,7405,8039,8040,-1,7405,8040,7406,-1,7406,8040,8041,-1,7406,8041,8042,-1,8042,8041,8043,-1,8044,8043,8045,-1,8045,8043,8041,-1,8045,8041,8046,-1,8046,8041,8040,-1,8046,8040,8047,-1,8047,8040,8039,-1,8047,8039,8028,-1,8028,8039,8038,-1,8028,8038,8027,-1,8027,8038,7403,-1,8027,7403,7402,-1,7402,7403,6038,-1,7402,6038,6037,-1,8036,8048,8037,-1,8037,8048,8049,-1,8037,8049,8050,-1,6014,7407,7408,-1,7408,7407,8051,-1,7408,8051,8052,-1,8053,8052,8044,-1,8044,8052,8051,-1,8044,8051,8043,-1,8043,8051,7407,-1,8043,7407,8042,-1,8042,7407,6022,-1,8042,6022,7406,-1,7406,6022,6021,-1,7406,6021,6019,-1,8054,8053,8055,-1,8055,8053,8044,-1,8055,8044,8056,-1,8056,8044,8045,-1,8056,8045,8057,-1,8057,8045,8046,-1,8057,8046,8058,-1,8058,8046,8047,-1,8058,8047,8059,-1,8059,8047,8028,-1,8059,8028,8060,-1,8060,8028,8015,-1,8060,8015,8061,-1,8061,8015,8016,-1,8061,8016,8062,-1,8062,8016,7591,-1,8062,7591,8008,-1,8008,7591,7590,-1,8008,7590,7964,-1,7964,7590,7588,-1,7964,7588,7963,-1,7963,7588,7397,-1,7963,7397,7395,-1,7395,7397,6051,-1,7395,6051,6050,-1,7958,8009,7959,-1,7959,8009,8011,-1,7959,8011,7724,-1,7724,8011,8017,-1,7724,8017,7726,-1,7726,8017,8019,-1,7726,8019,7728,-1,7728,8019,8021,-1,7728,8021,7730,-1,7730,8021,8023,-1,7730,8023,7732,-1,7732,8023,8025,-1,7732,8025,7734,-1,7734,8025,8031,-1,7734,8031,7736,-1,7736,8031,8033,-1,7736,8033,7738,-1,7738,8033,8035,-1,7738,8035,7740,-1,7740,8035,8037,-1,7740,8037,7742,-1,7742,8037,8050,-1,7742,8050,7744,-1,8063,8064,8065,-1,6011,7409,7410,-1,7410,7409,8066,-1,7410,8066,8067,-1,8067,8066,8068,-1,8067,8068,8069,-1,8065,8064,8070,-1,8070,8064,8071,-1,8070,8071,8072,-1,8072,8071,8073,-1,8072,8073,8074,-1,8049,8063,8050,-1,8050,8063,8065,-1,8050,8065,7744,-1,7744,8065,8070,-1,7744,8070,7746,-1,7746,8070,8072,-1,7746,8072,7748,-1,7748,8072,8074,-1,7748,8074,7750,-1,7750,8074,8075,-1,7750,8075,7752,-1,7752,8075,8076,-1,7752,8076,7754,-1,7754,8076,8077,-1,7754,8077,7756,-1,7756,8077,8078,-1,7756,8078,7758,-1,7758,8078,8079,-1,7758,8079,7760,-1,7760,8079,8080,-1,7760,8080,7762,-1,7762,8080,8081,-1,7762,8081,7764,-1,7764,8081,8082,-1,7764,8082,7766,-1,7766,8082,8083,-1,7766,8083,7768,-1,7768,8083,8084,-1,7768,8084,7770,-1,7770,8084,8085,-1,7770,8085,7772,-1,7772,8085,8086,-1,7772,8086,7774,-1,7774,8086,8087,-1,7774,8087,7776,-1,7776,8087,8088,-1,7776,8088,7778,-1,7778,8088,8089,-1,5843,5842,7322,-1,7322,5842,7323,-1,7322,7323,8090,-1,8090,7323,7426,-1,8090,7426,8091,-1,8091,7426,7425,-1,8091,7425,8092,-1,8092,7425,7424,-1,8092,7424,8093,-1,8093,7424,7423,-1,8093,7423,8094,-1,8094,7423,7422,-1,8094,7422,8095,-1,8095,7422,7421,-1,8095,7421,8096,-1,8096,7421,7420,-1,8096,7420,8097,-1,8097,7420,7419,-1,8097,7419,8098,-1,8098,7419,7418,-1,8098,7418,8099,-1,8099,7418,7417,-1,8099,7417,8100,-1,8100,7417,7416,-1,8100,7416,8101,-1,8101,7416,7415,-1,8101,7415,8102,-1,8102,7415,7414,-1,8102,7414,8103,-1,8103,7414,7413,-1,8103,7413,8104,-1,8104,7413,7412,-1,8104,7412,8105,-1,8105,7412,7411,-1,5845,7321,7320,-1,7320,7321,7322,-1,7320,7322,8106,-1,8106,7322,8090,-1,8106,8090,8107,-1,8107,8090,8091,-1,8107,8091,8108,-1,8108,8091,8092,-1,8108,8092,8109,-1,8109,8092,8093,-1,8109,8093,8110,-1,8110,8093,8094,-1,8110,8094,8111,-1,8111,8094,8095,-1,8111,8095,8112,-1,8112,8095,8096,-1,8112,8096,8113,-1,8113,8096,8097,-1,8113,8097,8114,-1,8114,8097,8098,-1,8114,8098,8115,-1,8115,8098,8099,-1,8115,8099,8116,-1,8116,8099,8100,-1,8116,8100,8117,-1,8117,8100,8101,-1,8117,8101,8118,-1,8118,8101,8102,-1,8118,8102,8119,-1,8119,8102,8103,-1,8119,8103,8120,-1,8120,8103,8104,-1,8120,8104,8069,-1,8069,8104,8105,-1,8069,8105,8067,-1,8067,8105,7411,-1,8067,7411,7410,-1,7410,7411,6006,-1,7410,6006,6005,-1,5847,5846,7319,-1,7319,5846,7320,-1,7319,7320,8121,-1,8121,7320,8106,-1,8121,8106,8122,-1,8122,8106,8107,-1,8122,8107,8123,-1,8123,8107,8108,-1,8123,8108,8124,-1,8124,8108,8109,-1,8124,8109,8125,-1,8125,8109,8110,-1,8125,8110,8126,-1,8126,8110,8111,-1,8126,8111,8127,-1,8127,8111,8112,-1,8127,8112,8128,-1,8128,8112,8113,-1,8128,8113,8129,-1,8129,8113,8114,-1,8129,8114,8130,-1,8130,8114,8115,-1,8130,8115,8131,-1,8131,8115,8116,-1,8131,8116,8132,-1,8132,8116,8117,-1,8132,8117,8133,-1,8133,8117,8118,-1,8133,8118,8134,-1,8134,8118,8119,-1,8134,8119,8135,-1,8135,8119,8120,-1,8135,8120,8136,-1,8136,8120,8069,-1,8136,8069,8054,-1,8054,8069,8068,-1,8054,8068,8053,-1,8053,8068,8066,-1,8053,8066,8052,-1,8052,8066,7409,-1,8052,7409,7408,-1,7408,7409,6007,-1,7408,6007,6012,-1,5849,7318,8137,-1,8137,7318,7319,-1,8137,7319,8138,-1,8138,7319,8121,-1,8138,8121,8139,-1,8139,8121,8122,-1,8139,8122,8140,-1,8140,8122,8123,-1,8140,8123,8141,-1,8141,8123,8124,-1,8141,8124,8142,-1,8142,8124,8125,-1,8142,8125,8143,-1,8143,8125,8126,-1,8143,8126,8144,-1,8144,8126,8127,-1,8144,8127,8145,-1,8145,8127,8128,-1,8145,8128,8146,-1,8146,8128,8129,-1,8146,8129,8147,-1,8147,8129,8130,-1,8147,8130,8148,-1,8148,8130,8131,-1,8148,8131,8149,-1,8149,8131,8132,-1,8149,8132,8150,-1,8150,8132,8133,-1,8150,8133,8151,-1,8151,8133,8134,-1,8151,8134,8152,-1,8152,8134,8135,-1,8152,8135,8153,-1,8153,8135,8136,-1,8153,8136,8154,-1,8154,8136,8054,-1,8154,8054,8155,-1,8155,8054,8055,-1,8155,8055,8156,-1,8156,8055,8056,-1,8156,8056,8157,-1,8157,8056,8057,-1,8157,8057,8158,-1,8158,8057,8058,-1,8158,8058,8159,-1,8159,8058,8059,-1,8159,8059,8160,-1,8160,8059,8060,-1,8160,8060,8161,-1,8161,8060,8061,-1,8161,8061,8162,-1,8162,8061,8062,-1,8162,8062,8163,-1,8163,8062,8008,-1,8163,8008,8164,-1,8164,8008,8007,-1,8164,8007,8165,-1,8165,8007,8006,-1,8165,8006,8166,-1,8166,8006,8005,-1,8166,8005,8167,-1,8167,8005,8004,-1,8167,8004,8168,-1,8168,8004,8003,-1,8168,8003,8169,-1,8169,8003,8002,-1,8169,8002,8170,-1,8170,8002,8001,-1,8170,8001,8171,-1,8171,8001,8000,-1,8171,8000,8172,-1,8172,8000,7999,-1,8172,7999,8173,-1,8173,7999,7998,-1,8173,7998,8174,-1,8174,7998,7997,-1,8174,7997,8175,-1,8175,7997,7996,-1,8175,7996,8176,-1,8176,7996,7995,-1,8176,7995,8177,-1,8177,7995,7994,-1,8177,7994,8178,-1,8178,7994,7993,-1,8178,7993,8179,-1,8179,7993,7992,-1,8179,7992,8180,-1,8180,7992,7991,-1,8180,7991,8181,-1,8181,7991,7990,-1,8181,7990,8182,-1,8182,7990,7989,-1,8182,7989,8183,-1,8183,7989,7988,-1,8183,7988,8184,-1,8184,7988,7987,-1,8184,7987,8185,-1,8185,7987,7986,-1,8185,7986,8186,-1,8186,7986,7985,-1,8186,7985,8187,-1,8187,7985,7984,-1,8187,7984,8188,-1,8188,7984,7983,-1,8188,7983,8189,-1,8189,7983,7982,-1,8189,7982,8190,-1,8190,7982,7981,-1,8190,7981,8191,-1,8191,7981,7980,-1,8191,7980,8192,-1,8192,7980,7979,-1,8192,7979,8193,-1,8193,7979,7978,-1,8193,7978,8194,-1,8194,7978,7977,-1,8194,7977,8195,-1,8195,7977,7976,-1,8195,7976,8196,-1,8196,7976,7975,-1,8196,7975,8197,-1,8197,7975,7974,-1,8197,7974,8198,-1,8198,7974,7973,-1,8198,7973,8199,-1,8199,7973,7972,-1,8199,7972,8200,-1,8200,7972,7971,-1,8200,7971,8201,-1,8201,7971,7970,-1,8201,7970,8202,-1,8202,7970,7969,-1,8202,7969,8203,-1,8203,7969,7968,-1,8203,7968,8204,-1,8204,7968,7967,-1,8204,7327,8203,-1,8203,7327,7329,-1,8203,7329,8202,-1,8202,7329,8205,-1,8202,8205,8201,-1,8201,8205,8206,-1,8201,8206,8200,-1,8200,8206,8207,-1,8200,8207,8199,-1,8199,8207,8208,-1,8199,8208,8198,-1,8198,8208,8209,-1,8198,8209,8197,-1,8197,8209,8210,-1,8197,8210,8196,-1,8196,8210,8211,-1,8196,8211,8195,-1,8195,8211,8212,-1,8195,8212,8194,-1,8194,8212,8213,-1,8194,8213,8193,-1,8193,8213,8214,-1,8193,8214,8192,-1,8192,8214,8215,-1,8192,8215,8191,-1,8191,8215,8216,-1,8191,8216,8190,-1,8190,8216,8217,-1,8190,8217,8189,-1,8189,8217,8218,-1,8189,8218,8188,-1,8188,8218,8219,-1,8188,8219,8187,-1,8187,8219,8220,-1,8187,8220,8186,-1,8186,8220,8221,-1,8186,8221,8185,-1,8185,8221,8222,-1,8185,8222,8184,-1,8184,8222,8223,-1,8184,8223,8183,-1,8183,8223,8224,-1,8183,8224,8182,-1,8182,8224,8225,-1,8182,8225,8181,-1,8181,8225,8226,-1,8181,8226,8180,-1,8180,8226,8227,-1,8180,8227,8179,-1,8179,8227,8228,-1,8179,8228,8178,-1,8178,8228,8229,-1,8178,8229,8177,-1,8177,8229,8230,-1,8177,8230,8176,-1,8176,8230,8231,-1,8176,8231,8175,-1,8175,8231,8232,-1,8175,8232,8174,-1,8174,8232,8233,-1,8174,8233,8173,-1,8173,8233,8234,-1,8173,8234,8172,-1,8172,8234,8235,-1,8172,8235,8171,-1,8171,8235,8236,-1,8171,8236,8170,-1,8170,8236,8237,-1,8170,8237,8169,-1,8169,8237,8238,-1,8169,8238,8168,-1,8168,8238,8239,-1,8168,8239,8167,-1,8167,8239,8240,-1,8167,8240,8166,-1,8166,8240,8241,-1,8166,8241,8165,-1,8165,8241,8242,-1,8165,8242,8164,-1,8164,8242,8243,-1,8164,8243,8163,-1,8163,8243,8244,-1,8163,8244,8162,-1,8162,8244,8245,-1,8162,8245,8161,-1,8161,8245,8246,-1,8161,8246,8160,-1,8160,8246,8247,-1,8160,8247,8159,-1,8159,8247,8248,-1,8159,8248,8158,-1,8158,8248,8249,-1,8158,8249,8157,-1,8157,8249,8250,-1,8157,8250,8156,-1,8156,8250,8251,-1,8156,8251,8155,-1,8155,8251,8252,-1,8155,8252,8154,-1,8154,8252,8253,-1,8154,8253,8153,-1,8153,8253,8254,-1,8153,8254,8152,-1,8152,8254,8255,-1,8152,8255,8151,-1,8151,8255,8256,-1,8151,8256,8150,-1,8150,8256,8257,-1,8150,8257,8149,-1,8149,8257,8258,-1,8149,8258,8148,-1,8148,8258,8259,-1,8148,8259,8147,-1,8147,8259,8260,-1,8147,8260,8146,-1,8146,8260,8261,-1,8146,8261,8145,-1,8145,8261,8262,-1,8145,8262,8144,-1,8144,8262,8263,-1,8144,8263,8143,-1,8143,8263,8264,-1,8143,8264,8142,-1,8142,8264,8265,-1,8142,8265,8141,-1,8141,8265,8266,-1,8141,8266,8140,-1,8140,8266,8267,-1,8140,8267,8139,-1,8139,8267,8268,-1,8139,8268,8138,-1,8138,8268,8269,-1,8138,8269,8137,-1,8137,8269,8270,-1,8137,8270,5849,-1,5849,8270,5850,-1,7328,7324,7329,-1,7329,7324,7326,-1,7329,7326,8205,-1,8205,7326,8271,-1,8205,8271,8206,-1,8206,8271,8272,-1,8206,8272,8207,-1,8207,8272,8273,-1,8207,8273,8208,-1,8208,8273,8274,-1,8208,8274,8209,-1,8209,8274,8275,-1,8209,8275,8210,-1,8210,8275,8276,-1,8210,8276,8211,-1,8211,8276,8277,-1,8211,8277,8212,-1,8212,8277,8278,-1,8212,8278,8213,-1,8213,8278,8279,-1,8213,8279,8214,-1,8214,8279,8280,-1,8214,8280,8215,-1,8215,8280,8281,-1,8215,8281,8216,-1,8216,8281,8282,-1,8216,8282,8217,-1,8217,8282,8283,-1,8217,8283,8218,-1,8218,8283,8284,-1,8218,8284,8219,-1,8219,8284,8285,-1,8219,8285,8220,-1,8220,8285,8286,-1,8220,8286,8221,-1,8221,8286,8287,-1,8221,8287,8222,-1,8222,8287,8288,-1,8222,8288,8223,-1,8223,8288,8289,-1,8223,8289,8224,-1,8224,8289,8290,-1,8224,8290,8225,-1,8225,8290,8291,-1,8225,8291,8226,-1,8226,8291,8292,-1,8226,8292,8227,-1,8227,8292,8293,-1,8227,8293,8228,-1,8228,8293,8294,-1,8228,8294,8229,-1,8229,8294,8295,-1,8229,8295,8230,-1,8230,8295,8296,-1,8230,8296,8231,-1,8231,8296,8297,-1,8231,8297,8232,-1,8232,8297,8298,-1,8232,8298,8233,-1,8233,8298,8299,-1,8233,8299,8234,-1,8234,8299,8300,-1,8234,8300,8235,-1,8235,8300,8301,-1,8235,8301,8236,-1,8236,8301,8302,-1,8236,8302,8237,-1,8237,8302,8303,-1,8237,8303,8238,-1,8238,8303,8304,-1,8238,8304,8239,-1,8239,8304,8305,-1,8239,8305,8240,-1,8240,8305,8306,-1,8240,8306,8241,-1,8241,8306,8307,-1,8241,8307,8242,-1,8242,8307,8308,-1,8242,8308,8243,-1,8243,8308,8309,-1,8243,8309,8244,-1,8244,8309,8310,-1,8244,8310,8245,-1,8245,8310,8311,-1,8245,8311,8246,-1,8246,8311,8312,-1,8246,8312,8247,-1,8247,8312,8313,-1,8247,8313,8248,-1,8248,8313,8314,-1,8248,8314,8249,-1,8249,8314,8315,-1,8249,8315,8250,-1,8250,8315,8316,-1,8250,8316,8251,-1,8251,8316,8317,-1,8251,8317,8252,-1,8252,8317,8318,-1,8252,8318,8253,-1,8253,8318,8319,-1,8253,8319,8254,-1,8254,8319,8320,-1,8254,8320,8255,-1,8255,8320,8321,-1,8255,8321,8256,-1,8256,8321,8322,-1,8256,8322,8257,-1,8257,8322,8323,-1,8257,8323,8258,-1,8258,8323,8324,-1,8258,8324,8259,-1,8259,8324,8325,-1,8259,8325,8260,-1,8260,8325,8326,-1,8260,8326,8261,-1,8261,8326,8327,-1,8261,8327,8262,-1,8262,8327,8328,-1,8262,8328,8263,-1,8263,8328,8329,-1,8263,8329,8264,-1,8264,8329,8330,-1,8264,8330,8265,-1,8265,8330,8331,-1,8265,8331,8266,-1,8266,8331,8332,-1,8266,8332,8267,-1,8267,8332,8333,-1,8267,8333,8268,-1,8268,8333,8334,-1,8268,8334,8269,-1,8269,8334,8335,-1,8269,8335,8270,-1,8270,8335,7317,-1,8270,7317,5850,-1,5850,7317,5851,-1,5853,7316,8336,-1,8336,7316,7317,-1,8336,7317,8337,-1,8337,7317,8335,-1,8337,8335,8338,-1,8338,8335,8334,-1,8338,8334,8339,-1,8339,8334,8333,-1,8339,8333,8340,-1,8340,8333,8332,-1,8340,8332,8341,-1,8341,8332,8331,-1,8341,8331,8342,-1,8342,8331,8330,-1,8342,8330,8343,-1,8343,8330,8329,-1,8343,8329,8344,-1,8344,8329,8328,-1,8344,8328,8345,-1,8345,8328,8327,-1,8345,8327,8346,-1,8346,8327,8326,-1,8346,8326,8347,-1,8347,8326,8325,-1,8347,8325,8348,-1,8348,8325,8324,-1,8348,8324,8349,-1,8349,8324,8323,-1,8349,8323,8350,-1,8350,8323,8322,-1,8350,8322,8351,-1,8351,8322,8321,-1,8351,8321,8352,-1,8352,8321,8320,-1,8352,8320,8353,-1,8353,8320,8319,-1,8353,8319,8354,-1,8354,8319,8318,-1,8354,8318,8355,-1,8355,8318,8317,-1,8355,8317,8356,-1,8356,8317,8316,-1,8356,8316,8357,-1,8357,8316,8315,-1,8357,8315,8358,-1,8358,8315,8314,-1,8358,8314,8359,-1,8359,8314,8313,-1,8359,8313,8360,-1,8360,8313,8312,-1,8360,8312,8361,-1,8361,8312,8311,-1,8361,8311,8362,-1,8362,8311,8310,-1,8362,8310,8363,-1,8363,8310,8309,-1,8363,8309,8364,-1,8364,8309,8308,-1,8364,8308,8365,-1,8365,8308,8307,-1,8365,8307,8366,-1,8366,8307,8306,-1,8366,8306,8367,-1,8367,8306,8305,-1,8367,8305,8368,-1,8368,8305,8304,-1,8368,8304,8369,-1,8369,8304,8303,-1,8369,8303,8370,-1,8370,8303,8302,-1,8370,8302,8371,-1,8371,8302,8301,-1,8371,8301,8372,-1,8372,8301,8300,-1,8372,8300,8373,-1,8373,8300,8299,-1,8373,8299,8374,-1,8374,8299,8298,-1,8374,8298,8375,-1,8375,8298,8297,-1,8375,8297,8376,-1,8376,8297,8296,-1,8376,8296,8377,-1,8377,8296,8295,-1,8377,8295,8378,-1,8378,8295,8294,-1,8378,8294,8379,-1,8379,8294,8293,-1,8379,8293,8380,-1,8380,8293,8292,-1,8380,8292,8381,-1,8381,8292,8291,-1,8381,8291,8382,-1,8382,8291,8290,-1,8382,8290,8383,-1,8383,8290,8289,-1,8383,8289,8384,-1,8384,8289,8288,-1,8384,8288,8385,-1,8385,8288,8287,-1,8385,8287,8386,-1,8386,8287,8286,-1,8386,8286,8387,-1,8387,8286,8285,-1,8387,8285,8388,-1,8388,8285,8284,-1,8388,8284,8389,-1,8389,8284,8283,-1,8389,8283,8390,-1,8390,8283,8282,-1,8390,8282,8391,-1,8391,8282,8281,-1,8391,8281,8392,-1,8392,8281,8280,-1,8392,8280,8393,-1,8393,8280,8279,-1,8393,8279,8394,-1,8394,8279,8278,-1,8394,8278,8395,-1,8395,8278,8277,-1,8395,8277,8396,-1,8396,8277,8276,-1,8396,8276,8397,-1,8397,8276,8275,-1,8397,8275,8398,-1,8398,8275,8274,-1,8398,8274,8399,-1,8399,8274,8273,-1,8399,8273,8400,-1,8400,8273,8272,-1,8400,8272,8401,-1,8401,8272,8271,-1,8401,8271,7785,-1,7785,8271,7326,-1,7785,7326,7783,-1,7783,7326,7325,-1,7643,8402,7644,-1,7644,8402,5855,-1,7644,5855,8403,-1,7782,7586,7785,-1,7785,7586,7584,-1,7785,7584,8401,-1,8401,7584,7582,-1,8401,7582,8400,-1,8400,7582,7580,-1,8400,7580,8399,-1,8399,7580,7578,-1,8399,7578,8398,-1,8398,7578,7576,-1,8398,7576,8397,-1,8397,7576,7574,-1,8397,7574,8396,-1,8396,7574,7572,-1,8396,7572,8395,-1,8395,7572,7570,-1,8395,7570,8394,-1,8394,7570,7568,-1,8394,7568,8393,-1,8393,7568,7566,-1,8393,7566,8392,-1,8392,7566,7564,-1,8392,7564,8391,-1,8391,7564,7562,-1,8391,7562,8390,-1,8390,7562,7560,-1,8390,7560,8389,-1,8389,7560,7558,-1,8389,7558,8388,-1,8388,7558,7556,-1,8388,7556,8387,-1,8387,7556,7554,-1,8387,7554,8386,-1,8386,7554,7552,-1,8386,7552,8385,-1,8385,7552,7550,-1,8385,7550,8384,-1,8384,7550,7548,-1,8384,7548,8383,-1,8383,7548,7546,-1,8383,7546,8382,-1,8382,7546,7544,-1,8382,7544,8381,-1,8381,7544,7542,-1,8381,7542,8380,-1,8380,7542,7540,-1,8380,7540,8379,-1,8379,7540,7538,-1,8379,7538,8378,-1,8378,7538,7536,-1,8378,7536,8377,-1,8377,7536,7534,-1,8377,7534,8376,-1,8376,7534,7532,-1,8376,7532,8375,-1,8375,7532,7530,-1,8375,7530,8374,-1,8374,7530,7528,-1,8374,7528,8373,-1,8373,7528,7526,-1,8373,7526,8372,-1,8372,7526,7524,-1,8372,7524,8371,-1,8371,7524,7522,-1,8371,7522,8370,-1,8370,7522,7520,-1,8370,7520,8369,-1,8369,7520,7518,-1,8369,7518,8368,-1,8368,7518,7516,-1,8368,7516,8367,-1,8367,7516,7514,-1,8367,7514,8366,-1,8366,7514,7512,-1,8366,7512,8365,-1,8365,7512,7510,-1,8365,7510,8364,-1,8364,7510,7508,-1,8364,7508,8363,-1,8363,7508,7506,-1,8363,7506,8362,-1,8362,7506,7594,-1,8362,7594,8361,-1,8361,7594,7593,-1,8361,7593,8360,-1,8360,7593,7597,-1,8360,7597,8359,-1,8359,7597,7600,-1,8359,7600,8358,-1,8358,7600,7602,-1,8358,7602,8357,-1,8357,7602,7604,-1,8357,7604,8356,-1,8356,7604,7606,-1,8356,7606,8355,-1,8355,7606,7608,-1,8355,7608,8354,-1,8354,7608,7610,-1,8354,7610,8353,-1,8353,7610,7612,-1,8353,7612,8352,-1,8352,7612,7614,-1,8352,7614,8351,-1,8351,7614,7616,-1,8351,7616,8350,-1,8350,7616,7618,-1,8350,7618,8349,-1,8349,7618,7620,-1,8349,7620,8348,-1,8348,7620,7622,-1,8348,7622,8347,-1,8347,7622,7624,-1,8347,7624,8346,-1,8346,7624,7626,-1,8346,7626,8345,-1,8345,7626,7628,-1,8345,7628,8344,-1,8344,7628,7630,-1,8344,7630,8343,-1,8343,7630,7632,-1,8343,7632,8342,-1,8342,7632,7634,-1,8342,7634,8341,-1,8341,7634,7636,-1,8341,7636,8340,-1,8340,7636,7638,-1,8340,7638,8339,-1,8339,7638,7640,-1,8339,7640,8338,-1,8338,7640,7642,-1,8338,7642,8337,-1,8337,7642,7644,-1,8337,7644,8336,-1,8336,7644,8403,-1,8336,8403,5853,-1,7779,7338,7587,-1,7587,7338,7645,-1,7587,7645,7585,-1,7585,7645,7647,-1,7585,7647,7583,-1,7583,7647,7649,-1,7583,7649,7581,-1,7581,7649,7651,-1,7581,7651,7579,-1,7579,7651,7653,-1,7579,7653,7577,-1,7577,7653,7655,-1,7577,7655,7575,-1,7575,7655,7657,-1,7575,7657,7573,-1,7573,7657,7659,-1,7573,7659,7571,-1,7571,7659,7661,-1,7571,7661,7569,-1,7569,7661,7663,-1,7569,7663,7567,-1,7567,7663,7665,-1,7567,7665,7565,-1,7565,7665,7667,-1,7565,7667,7563,-1,7563,7667,7669,-1,7563,7669,7561,-1,7561,7669,7671,-1,7561,7671,7559,-1,7559,7671,7673,-1,7559,7673,7557,-1,7557,7673,7675,-1,7557,7675,7555,-1,7555,7675,7677,-1,7555,7677,7553,-1,7553,7677,7679,-1,7553,7679,7551,-1,7551,7679,7681,-1,7551,7681,7549,-1,7549,7681,7683,-1,7549,7683,7547,-1,7547,7683,7685,-1,7547,7685,7545,-1,7545,7685,7687,-1,7545,7687,7543,-1,7543,7687,7689,-1,7543,7689,7541,-1,7541,7689,7691,-1,7541,7691,7539,-1,7539,7691,7693,-1,7539,7693,7537,-1,7537,7693,7695,-1,7537,7695,7535,-1,7535,7695,7697,-1,7535,7697,7533,-1,7533,7697,7699,-1,7533,7699,7531,-1,7531,7699,7701,-1,7531,7701,7529,-1,7529,7701,7703,-1,7529,7703,7527,-1,7527,7703,7705,-1,7527,7705,7525,-1,7525,7705,7707,-1,7525,7707,7523,-1,7523,7707,7709,-1,7523,7709,7521,-1,7521,7709,7711,-1,7521,7711,7519,-1,7519,7711,7713,-1,7519,7713,7517,-1,7517,7713,7715,-1,7517,7715,7515,-1,7515,7715,7717,-1,7515,7717,7513,-1,7513,7717,7719,-1,7513,7719,7511,-1,7511,7719,7721,-1,7511,7721,7509,-1,7509,7721,7723,-1,7509,7723,7507,-1,7507,7723,7725,-1,7507,7725,7505,-1,7505,7725,7727,-1,7505,7727,7592,-1,7592,7727,7729,-1,7592,7729,7595,-1,7595,7729,7731,-1,7595,7731,7596,-1,7596,7731,7733,-1,7596,7733,7598,-1,7598,7733,7735,-1,7598,7735,7599,-1,7599,7735,7737,-1,7599,7737,7601,-1,7601,7737,7739,-1,7601,7739,7603,-1,7603,7739,7741,-1,7603,7741,7605,-1,7605,7741,7743,-1,7605,7743,7607,-1,7607,7743,7745,-1,7607,7745,7609,-1,7609,7745,7747,-1,7609,7747,7611,-1,7611,7747,7749,-1,7611,7749,7613,-1,7613,7749,7751,-1,7613,7751,7615,-1,7615,7751,7753,-1,7615,7753,7617,-1,7617,7753,7755,-1,7617,7755,7619,-1,7619,7755,7757,-1,7619,7757,7621,-1,7621,7757,7759,-1,7621,7759,7623,-1,7623,7759,7761,-1,7623,7761,7625,-1,7625,7761,7763,-1,7625,7763,7627,-1,7627,7763,7765,-1,7627,7765,7629,-1,7629,7765,7767,-1,7629,7767,7631,-1,7631,7767,7769,-1,7631,7769,7633,-1,7633,7769,7771,-1,7633,7771,7635,-1,7635,7771,7773,-1,7635,7773,7637,-1,7637,7773,7775,-1,7637,7775,7639,-1,7639,7775,7777,-1,7639,7777,7641,-1,7641,7777,7337,-1,7641,7337,7643,-1,7643,7337,5857,-1,7643,5857,8402,-1,5864,5863,8404,-1,8404,5863,8089,-1,8404,8089,8405,-1,8405,8089,8088,-1,8405,8088,8406,-1,8406,8088,8087,-1,8406,8087,8407,-1,8407,8087,8086,-1,8407,8086,8408,-1,8408,8086,8085,-1,8408,8085,8409,-1,8409,8085,8084,-1,8409,8084,8410,-1,8410,8084,8083,-1,8410,8083,8411,-1,8411,8083,8082,-1,8411,8082,8412,-1,8412,8082,8081,-1,8412,8081,8413,-1,8413,8081,8080,-1,8413,8080,8414,-1,8414,8080,8079,-1,8414,8079,8415,-1,8415,8079,8078,-1,8415,8078,8416,-1,8416,8078,8077,-1,8416,8077,8417,-1,8417,8077,8076,-1,8417,8076,8418,-1,8418,8076,8075,-1,8418,8075,8419,-1,8419,8075,8074,-1,8419,8074,8420,-1,8420,8074,8073,-1,5863,8421,8089,-1,8089,8421,5861,-1,8089,5861,7778,-1,7778,5861,5860,-1,7778,5860,5859,-1,5865,5864,7427,-1,7427,5864,8404,-1,7427,8404,7428,-1,7428,8404,8405,-1,7428,8405,7429,-1,7429,8405,8406,-1,7429,8406,7430,-1,7430,8406,8407,-1,7430,8407,7431,-1,7431,8407,8408,-1,7431,8408,7432,-1,7432,8408,8409,-1,7432,8409,7433,-1,7433,8409,8410,-1,7433,8410,7434,-1,7434,8410,8411,-1,7434,8411,7435,-1,7435,8411,8412,-1,7435,8412,7436,-1,7436,8412,8413,-1,7436,8413,7437,-1,7437,8413,8414,-1,7437,8414,7438,-1,7438,8414,8415,-1,7438,8415,7439,-1,7439,8415,8416,-1,7439,8416,7441,-1,7441,8416,8417,-1,7441,8417,7440,-1,7440,8417,8418,-1,7440,8418,7344,-1,7344,8418,8419,-1,7344,8419,7442,-1,7442,8419,8420,-1,7442,8420,7443,-1,7443,8420,8073,-1,7443,8073,7444,-1,7444,8073,8071,-1,7444,8071,7445,-1,7445,8071,8064,-1,7445,8064,7446,-1,7446,8064,8063,-1,7446,8063,7448,-1,7448,8063,8049,-1,7448,8049,7447,-1,7447,8049,8048,-1,7447,8048,7449,-1,7449,8048,8036,-1,7449,8036,7450,-1,7450,8036,8034,-1,7450,8034,7451,-1,7451,8034,8032,-1,7451,8032,7452,-1,7452,8032,8030,-1,7452,8030,7453,-1,7453,8030,8029,-1,7453,8029,7454,-1,7454,8029,8024,-1,7454,8024,7455,-1,7455,8024,8022,-1,7455,8022,7456,-1,7456,8022,8020,-1,7456,8020,7457,-1,7457,8020,8018,-1,7457,8018,7458,-1,7458,8018,8010,-1,7458,8010,7459,-1,7459,8010,8009,-1,7459,8009,7460,-1,7460,8009,7958,-1,7460,7958,7461,-1,7461,7958,7956,-1,7461,7956,7462,-1,7462,7956,7954,-1,7462,7954,7463,-1,7463,7954,7952,-1,7463,7952,7343,-1,7343,7952,7950,-1,7343,7950,7464,-1,7464,7950,7948,-1,7464,7948,7465,-1,7465,7948,7946,-1,7465,7946,7466,-1,7466,7946,7944,-1,7466,7944,7467,-1,7467,7944,7942,-1,7467,7942,7468,-1,7468,7942,7940,-1,7468,7940,7469,-1,7469,7940,7938,-1,7469,7938,7470,-1,7470,7938,7936,-1,7470,7936,7471,-1,7471,7936,7934,-1,7471,7934,7472,-1,7472,7934,7932,-1,7472,7932,7473,-1,7473,7932,7930,-1,7473,7930,7474,-1,7474,7930,7928,-1,7474,7928,7475,-1,7475,7928,7926,-1,7475,7926,7476,-1,7476,7926,7924,-1,7476,7924,7477,-1,7477,7924,7922,-1,7477,7922,7478,-1,7478,7922,7920,-1,7478,7920,7479,-1,7479,7920,7918,-1,7479,7918,7480,-1,7480,7918,7916,-1,7480,7916,7481,-1,7481,7916,7914,-1,7481,7914,7482,-1,7482,7914,7912,-1,7482,7912,7483,-1,7483,7912,7910,-1,7483,7910,7484,-1,7484,7910,7908,-1,7484,7908,7485,-1,7485,7908,7906,-1,7485,7906,7486,-1,7486,7906,7904,-1,7486,7904,7488,-1,7488,7904,7902,-1,7488,7902,7487,-1,7487,7902,7900,-1,7487,7900,7489,-1,7489,7900,7898,-1,7489,7898,7490,-1,7490,7898,7896,-1,7490,7896,7493,-1,7493,7896,7895,-1,7493,7895,7492,-1,7492,7895,7832,-1,7492,7832,7491,-1,7491,7832,7830,-1,7491,7830,7496,-1,7496,7830,7829,-1,7496,7829,7495,-1,7495,7829,7823,-1,7495,7823,7494,-1,7494,7823,7822,-1,7494,7822,7499,-1,7499,7822,7816,-1,7499,7816,7497,-1,7497,7816,7814,-1,7497,7814,7498,-1,7498,7814,7813,-1,7498,7813,7500,-1,7500,7813,7811,-1,7500,7811,7342,-1,7342,7811,7809,-1,7342,7809,7341,-1,7341,7809,7808,-1,7341,7808,7501,-1,7501,7808,7797,-1,7501,7797,7502,-1,7502,7797,7791,-1,7502,7791,7793,-1,7793,7791,7790,-1,6699,6701,8422,-1,8422,6701,8423,-1,7782,8424,7781,-1,7781,8424,8425,-1,7781,8425,7780,-1,7780,8425,8426,-1,7780,8426,7779,-1,8427,7787,8426,-1,8426,7787,7788,-1,8426,7788,7779,-1,8428,7789,8429,-1,8429,7789,7794,-1,8429,7794,8427,-1,8427,7794,7786,-1,8427,7786,7787,-1,8430,7793,8428,-1,8428,7793,7790,-1,8428,7790,7789,-1,6187,7503,8430,-1,8430,7503,7792,-1,8430,7792,7793,-1,6187,8430,6188,-1,6188,8430,8431,-1,6188,8431,6189,-1,6189,8431,8432,-1,6189,8432,5911,-1,5911,8432,5912,-1,5912,8432,8433,-1,5912,8433,5908,-1,5908,8433,5909,-1,5909,8433,8434,-1,5909,8434,6891,-1,8435,5905,8434,-1,8434,5905,6935,-1,8434,6935,6891,-1,6701,6700,8423,-1,8423,6700,5903,-1,8423,5903,8436,-1,8436,5903,5902,-1,8436,5902,8435,-1,8435,5902,5906,-1,8435,5906,5905,-1,8424,8437,8425,-1,8425,8437,8438,-1,8425,8438,8426,-1,8426,8438,8439,-1,8426,8439,8427,-1,8427,8439,8440,-1,8427,8440,8429,-1,8429,8440,8441,-1,8429,8441,8428,-1,8428,8441,8442,-1,8428,8442,8430,-1,8443,8422,8444,-1,8444,8422,8423,-1,8444,8423,8445,-1,8445,8423,8436,-1,8445,8436,8446,-1,8446,8436,8435,-1,8446,8435,8447,-1,8447,8435,8434,-1,8447,8434,8448,-1,8448,8434,8433,-1,8448,8433,8449,-1,8449,8433,8432,-1,8449,8432,8450,-1,8450,8432,8431,-1,8450,8431,8451,-1,8451,8431,8430,-1,8451,8430,8452,-1,8452,8430,8442,-1,8453,8452,8442,-1,8442,8441,8453,-1,8453,8441,8440,-1,8453,8440,8439,-1,8453,8454,8455,-1,8455,8456,8453,-1,8453,8456,8457,-1,8453,8457,8458,-1,8439,8438,8453,-1,8453,8438,8437,-1,8453,8437,8459,-1,8459,8460,8453,-1,8453,8460,8461,-1,8453,8461,8454,-1,8452,8453,8451,-1,8451,8453,8458,-1,8451,8458,8462,-1,8462,8458,8463,-1,8462,8463,8464,-1,8464,8465,8462,-1,8462,8465,8466,-1,8462,8466,8467,-1,8462,8447,8448,-1,8448,8449,8462,-1,8462,8449,8450,-1,8462,8450,8451,-1,8467,8468,8462,-1,8462,8468,8443,-1,8462,8443,8444,-1,8444,8445,8462,-1,8462,8445,8446,-1,8462,8446,8447,-1,7782,7784,8424,-1,8424,7784,8469,-1,6699,8422,6698,-1,6698,8422,8470,-1,6698,8470,6697,-1,6697,8470,8471,-1,6697,8471,6696,-1,8472,6704,8471,-1,8471,6704,6705,-1,8471,6705,6696,-1,8473,6706,8474,-1,8474,6706,6713,-1,8474,6713,8472,-1,8472,6713,6703,-1,8472,6703,6704,-1,6710,6711,8475,-1,8475,6711,6712,-1,8475,6712,8473,-1,8473,6712,6707,-1,8473,6707,6706,-1,6710,8475,6709,-1,6709,8475,8476,-1,6709,8476,7349,-1,7349,8476,7350,-1,7350,8476,8477,-1,7350,8477,7333,-1,7333,8477,7334,-1,7334,8477,8478,-1,7334,8478,7330,-1,7330,8478,7331,-1,7331,8478,8479,-1,7331,8479,7967,-1,8480,7327,8479,-1,8479,7327,8204,-1,8479,8204,7967,-1,7784,7783,8469,-1,8469,7783,7325,-1,8469,7325,8481,-1,8481,7325,7324,-1,8481,7324,8480,-1,8480,7324,7328,-1,8480,7328,7327,-1,8422,8443,8470,-1,8470,8443,8468,-1,8470,8468,8471,-1,8471,8468,8467,-1,8471,8467,8472,-1,8472,8467,8466,-1,8472,8466,8474,-1,8474,8466,8465,-1,8474,8465,8473,-1,8473,8465,8464,-1,8473,8464,8475,-1,8437,8424,8459,-1,8459,8424,8469,-1,8459,8469,8460,-1,8460,8469,8481,-1,8460,8481,8461,-1,8461,8481,8480,-1,8461,8480,8454,-1,8454,8480,8479,-1,8454,8479,8455,-1,8455,8479,8478,-1,8455,8478,8456,-1,8456,8478,8477,-1,8456,8477,8457,-1,8457,8477,8476,-1,8457,8476,8458,-1,8458,8476,8475,-1,8458,8475,8463,-1,8463,8475,8464,-1,8482,8483,8484,-1,8485,8486,8487,-1,8487,8486,8488,-1,8485,8489,8486,-1,8486,8489,8490,-1,8486,8490,8491,-1,8491,8492,8486,-1,8486,8492,8493,-1,8486,8493,8494,-1,8494,8495,8486,-1,8486,8495,8496,-1,8486,8496,8497,-1,8497,8498,8486,-1,8486,8498,8499,-1,8486,8499,8500,-1,8484,8488,8482,-1,8482,8488,8486,-1,8482,8486,8501,-1,8501,8486,8500,-1,8482,8502,8483,-1,8483,8502,8503,-1,8483,8503,8504,-1,8504,8505,8483,-1,8483,8505,8506,-1,8483,8506,8507,-1,8507,8508,8483,-1,8483,8508,8509,-1,8483,8509,8510,-1,8511,8510,8512,-1,8512,8513,8511,-1,8511,8513,8514,-1,8511,8514,8515,-1,8515,8516,8511,-1,8511,8516,8517,-1,8511,8517,8518,-1,8518,8519,8511,-1,8511,8519,8520,-1,8511,8520,8521,-1,8521,8522,8511,-1,8511,8522,8523,-1,8511,8523,8524,-1,8524,8525,8511,-1,8511,8525,8526,-1,8511,8526,8527,-1,8527,8528,8511,-1,8511,8528,8529,-1,8511,8529,8510,-1,8529,8530,8510,-1,8510,8530,8531,-1,8510,8531,8532,-1,8532,8533,8510,-1,8510,8533,8534,-1,8510,8534,8535,-1,8535,8536,8510,-1,8510,8536,8537,-1,8510,8537,8483,-1,8536,8535,8538,-1,8539,8533,8540,-1,8541,8519,8542,-1,8543,8544,8545,-1,8546,8547,8548,-1,8549,8550,8551,-1,8552,8553,8554,-1,8555,8556,8557,-1,8558,8559,8560,-1,8561,8562,8563,-1,8564,8565,8566,-1,8567,8568,8569,-1,8570,8571,8572,-1,8573,8574,8575,-1,8576,8577,8578,-1,8579,8580,8581,-1,8582,8583,8584,-1,8585,8586,8587,-1,8588,8589,8590,-1,8591,8592,8593,-1,8594,8595,8596,-1,8596,8595,8597,-1,8596,8597,8598,-1,8598,8597,8599,-1,8600,8601,8602,-1,8602,8603,8600,-1,8600,8603,8604,-1,8600,8604,8597,-1,8597,8604,8605,-1,8597,8605,8599,-1,8606,8607,8600,-1,8600,8607,8608,-1,8600,8608,8601,-1,8609,8610,8606,-1,8606,8610,8611,-1,8606,8611,8607,-1,8612,8613,8614,-1,8615,8616,8617,-1,8616,8615,8618,-1,8618,8615,8619,-1,8618,8619,8620,-1,8620,8619,8621,-1,8621,8619,8622,-1,8621,8622,8623,-1,8624,8625,8626,-1,8592,8627,8628,-1,8628,8627,8629,-1,8628,8629,8630,-1,8631,8632,8591,-1,8633,8634,8631,-1,8631,8634,8635,-1,8631,8635,8632,-1,8590,8636,8588,-1,8588,8636,8637,-1,8588,8637,8633,-1,8633,8637,8638,-1,8633,8638,8634,-1,8639,8640,8641,-1,8641,8640,8642,-1,8643,8644,8642,-1,8642,8644,8645,-1,8642,8645,8641,-1,8646,8647,8643,-1,8647,8648,8643,-1,8643,8648,8649,-1,8643,8649,8644,-1,8643,8650,8646,-1,8646,8650,8651,-1,8646,8651,8652,-1,8587,8586,8651,-1,8651,8586,8653,-1,8651,8653,8652,-1,8584,8583,8587,-1,8587,8583,8654,-1,8587,8654,8585,-1,8582,8584,8655,-1,8655,8584,8656,-1,8655,8656,8657,-1,8657,8656,8658,-1,8658,8656,8659,-1,8658,8659,8660,-1,8660,8659,8661,-1,8661,8659,8662,-1,8661,8662,8663,-1,8663,8662,8664,-1,8664,8662,8665,-1,8664,8665,8666,-1,8667,8668,8665,-1,8665,8668,8669,-1,8665,8669,8666,-1,8670,8671,8667,-1,8667,8671,8672,-1,8667,8672,8668,-1,8673,8674,8670,-1,8670,8674,8675,-1,8670,8675,8671,-1,8676,8677,8673,-1,8673,8677,8678,-1,8673,8678,8674,-1,8679,8680,8676,-1,8676,8680,8681,-1,8676,8681,8677,-1,8682,8683,8679,-1,8679,8683,8684,-1,8679,8684,8680,-1,8685,8686,8682,-1,8682,8686,8687,-1,8682,8687,8683,-1,8688,8689,8685,-1,8685,8689,8690,-1,8685,8690,8686,-1,8691,8692,8688,-1,8688,8692,8693,-1,8688,8693,8689,-1,8694,8695,8696,-1,8696,8695,8697,-1,8696,8697,8691,-1,8691,8697,8698,-1,8691,8698,8692,-1,8699,8700,8701,-1,8701,8702,8699,-1,8699,8702,8703,-1,8699,8703,8696,-1,8696,8703,8704,-1,8696,8704,8694,-1,8700,8699,8705,-1,8705,8699,8706,-1,8705,8706,8707,-1,8707,8706,8708,-1,8708,8706,8709,-1,8708,8709,8710,-1,8710,8709,8711,-1,8711,8709,8712,-1,8711,8712,8713,-1,8714,8715,8716,-1,8716,8715,8717,-1,8716,8717,8718,-1,8718,8717,8719,-1,8719,8717,8720,-1,8719,8720,8721,-1,8722,8723,8720,-1,8720,8723,8724,-1,8720,8724,8721,-1,8725,8726,8727,-1,8727,8726,8728,-1,8727,8728,8722,-1,8722,8728,8729,-1,8722,8729,8723,-1,8730,8731,8732,-1,8730,8732,8727,-1,8727,8732,8733,-1,8727,8733,8725,-1,8734,8735,8736,-1,8734,8736,8730,-1,8730,8736,8737,-1,8730,8737,8731,-1,8738,8739,8740,-1,8740,8739,8741,-1,8740,8741,8742,-1,8742,8741,8743,-1,8743,8741,8744,-1,8743,8744,8745,-1,8745,8744,8746,-1,8746,8744,8747,-1,8746,8747,8748,-1,8748,8747,8749,-1,8748,8749,8750,-1,8581,8580,8751,-1,8751,8580,8752,-1,8751,8752,8753,-1,8754,8755,8756,-1,8754,8756,8581,-1,8581,8756,8757,-1,8581,8757,8579,-1,8755,8754,8758,-1,8758,8754,8759,-1,8758,8759,8760,-1,8761,8762,8763,-1,8763,8762,8764,-1,8763,8764,8759,-1,8759,8764,8765,-1,8759,8765,8760,-1,8766,8767,8768,-1,8769,8770,8771,-1,8771,8770,8772,-1,8769,8773,8770,-1,8770,8773,8774,-1,8770,8774,8766,-1,8766,8774,8775,-1,8766,8775,8767,-1,8776,8777,8778,-1,8778,8777,8779,-1,8778,8779,8772,-1,8772,8779,8780,-1,8772,8780,8771,-1,8776,8778,8781,-1,8781,8778,8782,-1,8781,8782,8783,-1,8783,8782,8784,-1,8783,8784,8785,-1,8785,8784,8786,-1,8786,8784,8787,-1,8786,8787,8788,-1,8788,8787,8789,-1,8789,8787,8790,-1,8789,8790,8791,-1,8791,8790,8792,-1,8792,8790,8793,-1,8792,8793,8794,-1,8794,8793,8795,-1,8795,8793,8796,-1,8795,8796,8797,-1,8798,8799,8800,-1,8798,8800,8796,-1,8796,8800,8801,-1,8796,8801,8797,-1,8799,8798,8802,-1,8802,8798,8803,-1,8802,8803,8804,-1,8804,8803,8805,-1,8805,8803,8806,-1,8805,8806,8807,-1,8807,8806,8808,-1,8808,8806,8809,-1,8808,8809,8810,-1,8810,8809,8811,-1,8811,8809,8812,-1,8811,8812,8813,-1,8813,8812,8814,-1,8814,8812,8513,-1,8814,8513,8512,-1,8815,8816,8817,-1,8817,8484,8815,-1,8815,8484,8483,-1,8815,8483,8537,-1,8818,8819,8815,-1,8815,8819,8820,-1,8815,8820,8816,-1,8821,8822,8823,-1,8823,8822,8824,-1,8823,8824,8818,-1,8818,8824,8825,-1,8818,8825,8819,-1,8821,8823,8826,-1,8826,8823,8827,-1,8826,8827,8828,-1,8829,8830,8831,-1,8829,8831,8827,-1,8827,8831,8832,-1,8827,8832,8828,-1,8830,8829,8833,-1,8833,8829,8834,-1,8833,8834,8835,-1,8836,8837,8838,-1,8838,8837,8839,-1,8838,8839,8834,-1,8834,8839,8840,-1,8834,8840,8835,-1,8836,8838,8841,-1,8841,8838,8842,-1,8841,8842,8843,-1,8843,8842,8844,-1,8844,8842,8845,-1,8844,8845,8846,-1,8847,8848,8849,-1,8849,8848,8850,-1,8849,8850,8845,-1,8845,8850,8851,-1,8845,8851,8846,-1,8847,8849,8852,-1,8852,8849,8853,-1,8852,8853,8854,-1,8854,8853,8855,-1,8855,8853,8856,-1,8855,8856,8857,-1,8858,8859,8856,-1,8856,8859,8860,-1,8856,8860,8857,-1,8861,8862,8863,-1,8863,8862,8864,-1,8863,8864,8858,-1,8858,8864,8865,-1,8858,8865,8859,-1,8866,8867,8863,-1,8863,8867,8868,-1,8863,8868,8861,-1,8869,8870,8871,-1,8871,8870,8872,-1,8871,8872,8866,-1,8866,8872,8873,-1,8866,8873,8867,-1,8869,8871,8874,-1,8874,8871,8875,-1,8874,8875,8876,-1,8877,8878,8879,-1,8877,8879,8875,-1,8875,8879,8880,-1,8875,8880,8876,-1,8881,8882,8883,-1,8881,8883,8877,-1,8877,8883,8884,-1,8877,8884,8878,-1,8882,8881,8885,-1,8885,8881,8886,-1,8885,8886,8887,-1,8887,8886,8888,-1,8887,8888,8889,-1,8889,8888,8890,-1,8889,8890,8891,-1,8892,8893,8894,-1,8892,8894,8890,-1,8890,8894,8895,-1,8890,8895,8891,-1,8896,8897,8892,-1,8892,8897,8898,-1,8892,8898,8893,-1,8578,8577,8899,-1,8899,8577,8900,-1,8899,8900,8896,-1,8896,8900,8901,-1,8896,8901,8897,-1,8902,8903,8904,-1,8902,8904,8905,-1,8904,8906,8905,-1,8905,8906,8907,-1,8905,8907,8578,-1,8578,8907,8908,-1,8578,8908,8576,-1,8575,8574,8902,-1,8902,8574,8909,-1,8902,8909,8903,-1,8910,8911,8912,-1,8912,8913,8910,-1,8910,8913,8914,-1,8910,8914,8575,-1,8575,8914,8915,-1,8575,8915,8573,-1,8572,8571,8916,-1,8916,8571,8917,-1,8916,8917,8911,-1,8911,8917,8918,-1,8911,8918,8912,-1,8919,8920,8921,-1,8921,8920,8922,-1,8921,8922,8923,-1,8919,8924,8920,-1,8920,8924,8925,-1,8920,8925,8572,-1,8572,8925,8926,-1,8572,8926,8570,-1,8927,8928,8922,-1,8922,8928,8929,-1,8922,8929,8923,-1,8930,8931,8932,-1,8932,8931,8933,-1,8932,8933,8927,-1,8927,8933,8934,-1,8927,8934,8928,-1,8930,8932,8935,-1,8935,8932,8936,-1,8935,8936,8937,-1,8937,8936,8938,-1,8938,8936,8939,-1,8938,8939,8940,-1,8941,8942,8939,-1,8939,8942,8943,-1,8939,8943,8940,-1,8944,8945,8946,-1,8946,8945,8947,-1,8946,8947,8941,-1,8941,8947,8948,-1,8941,8948,8942,-1,8944,8946,8949,-1,8949,8946,8950,-1,8949,8950,8951,-1,8952,8953,8954,-1,8954,8953,8955,-1,8954,8955,8950,-1,8950,8955,8956,-1,8950,8956,8951,-1,8952,8954,8957,-1,8957,8954,8958,-1,8957,8958,8959,-1,8960,8961,8962,-1,8962,8961,8963,-1,8962,8963,8958,-1,8958,8963,8964,-1,8958,8964,8959,-1,8960,8962,8965,-1,8965,8962,8966,-1,8965,8966,8967,-1,8967,8966,8968,-1,8968,8966,8969,-1,8968,8969,8970,-1,8971,8972,8973,-1,8971,8973,8969,-1,8969,8973,8974,-1,8969,8974,8970,-1,8975,8976,8971,-1,8971,8976,8977,-1,8971,8977,8972,-1,8978,8979,8980,-1,8980,8979,8981,-1,8980,8981,8975,-1,8975,8981,8982,-1,8975,8982,8976,-1,8978,8980,8983,-1,8983,8980,8984,-1,8983,8984,8985,-1,8985,8984,8986,-1,8986,8984,8987,-1,8986,8987,8988,-1,8989,8990,8987,-1,8987,8990,8991,-1,8987,8991,8988,-1,8992,8993,8994,-1,8994,8993,8995,-1,8994,8995,8989,-1,8989,8995,8996,-1,8989,8996,8990,-1,8992,8994,8997,-1,8997,8994,8998,-1,8997,8998,8999,-1,9000,9001,8998,-1,8998,9001,9002,-1,8998,9002,8999,-1,9003,9004,9000,-1,9000,9004,9005,-1,9000,9005,9001,-1,9006,9007,9008,-1,9008,9007,9009,-1,9008,9009,9010,-1,9010,9009,9011,-1,9010,9011,9003,-1,9003,9011,9012,-1,9003,9012,9004,-1,9013,9014,9015,-1,9015,9016,9013,-1,9013,9016,9017,-1,9013,9017,9006,-1,9006,9017,9018,-1,9006,9018,9007,-1,9019,9020,9014,-1,9014,9020,9021,-1,9014,9021,9015,-1,9022,9023,9024,-1,9024,9023,9025,-1,9024,9025,9019,-1,9019,9025,9026,-1,9019,9026,9020,-1,9027,9028,9029,-1,9029,9028,9030,-1,9029,9030,9022,-1,9022,9030,9031,-1,9022,9031,9023,-1,8568,8567,9032,-1,8567,9033,9032,-1,9032,9033,9034,-1,9032,9034,9027,-1,9027,9034,9035,-1,9027,9035,9028,-1,9036,9037,8569,-1,8569,9037,9038,-1,8569,9038,8567,-1,8569,9039,9036,-1,9036,9039,9040,-1,9036,9040,9041,-1,9042,9043,8545,-1,8545,9043,9044,-1,8545,9044,9040,-1,9040,9044,9045,-1,9040,9045,9041,-1,8545,8544,9042,-1,9042,8544,9046,-1,9042,9046,9047,-1,8564,8566,8547,-1,8547,8566,8548,-1,8548,8566,9048,-1,8548,9048,9049,-1,9049,9048,9050,-1,9049,9050,9051,-1,9051,9050,9052,-1,9051,9052,9053,-1,9053,9052,9054,-1,9053,9054,9055,-1,9055,9054,9056,-1,9055,9056,9057,-1,9057,9056,9058,-1,9057,9058,9059,-1,9059,9058,9060,-1,9059,9060,9061,-1,9061,9060,9062,-1,9061,9062,9063,-1,9063,9062,9064,-1,9063,9064,9065,-1,9065,9064,9066,-1,9065,9066,9067,-1,9067,9066,9068,-1,9067,9068,9069,-1,9069,9068,9070,-1,9069,9070,9071,-1,9071,9070,9072,-1,9071,9072,9073,-1,9073,9072,9074,-1,9073,9074,9075,-1,9075,9074,9076,-1,9075,9076,9077,-1,9077,9076,9078,-1,9077,9078,9079,-1,9079,9078,9080,-1,9079,9080,9081,-1,9081,9080,9082,-1,9081,9082,9083,-1,9083,9082,9084,-1,9083,9084,9085,-1,9085,9084,9086,-1,9085,9086,9087,-1,9087,9086,9088,-1,9087,9088,9089,-1,9089,9088,9090,-1,9089,9090,9091,-1,9091,9090,9092,-1,9091,9092,9093,-1,9093,9092,9094,-1,9093,9094,9095,-1,9095,9094,9096,-1,9095,9096,9097,-1,9097,9096,9098,-1,9097,9098,9099,-1,9099,9098,9100,-1,9099,9100,9101,-1,9101,9100,9102,-1,9101,9102,9103,-1,9103,9102,9104,-1,9103,9104,9105,-1,9105,9104,9106,-1,9105,9106,9107,-1,9107,9106,9108,-1,9107,9108,9109,-1,9109,9108,9110,-1,9109,9110,9111,-1,9111,9110,9112,-1,9111,9112,9113,-1,9113,9112,9114,-1,9113,9114,9115,-1,9115,9114,9116,-1,9115,9116,9117,-1,9117,9116,9118,-1,9117,9118,9119,-1,9119,9118,9120,-1,9119,9120,9121,-1,9121,9120,9122,-1,9121,9122,9123,-1,9123,9122,9124,-1,9123,9124,9125,-1,9125,9124,9126,-1,9125,9126,9127,-1,9127,9126,9128,-1,9127,9128,9129,-1,9129,9128,9130,-1,9129,9130,9131,-1,9131,9130,9132,-1,9131,9132,9133,-1,9133,9132,9134,-1,9133,9134,9135,-1,9135,9134,9136,-1,9135,9136,9137,-1,9137,9136,9138,-1,9137,9138,9139,-1,9139,9138,9140,-1,9139,9140,9141,-1,9141,9140,9142,-1,9141,9142,9143,-1,9143,9142,9144,-1,9143,9144,9145,-1,9145,9144,9146,-1,9145,9146,9147,-1,9147,9146,9148,-1,9147,9148,9149,-1,9149,9148,9150,-1,9149,9150,9151,-1,9151,9150,9152,-1,9151,9152,9153,-1,9153,9152,9154,-1,9153,9154,9155,-1,9155,9154,9156,-1,9155,9156,9157,-1,9157,9156,9158,-1,9157,9158,9159,-1,9159,9158,9160,-1,9159,9160,9161,-1,9161,9160,9162,-1,9161,9162,9163,-1,9163,9162,9164,-1,9163,9164,9165,-1,9165,9164,9166,-1,9165,9166,9167,-1,9167,9166,9168,-1,9167,9168,9169,-1,9170,8531,9171,-1,9171,8531,9172,-1,8561,8563,9173,-1,9173,8563,9174,-1,9173,9174,9175,-1,9175,9174,9176,-1,9175,9176,9177,-1,9177,9176,9178,-1,9177,9178,9179,-1,9179,9178,9180,-1,9179,9180,9181,-1,9181,9180,9182,-1,9181,9182,9183,-1,9183,9182,9184,-1,9183,9184,9185,-1,9185,9184,9186,-1,9185,9186,9187,-1,9187,9186,9188,-1,9187,9188,9189,-1,9189,9188,9190,-1,9189,9190,9191,-1,9191,9190,9192,-1,9191,9192,9193,-1,9193,9192,9194,-1,9193,9194,9195,-1,9195,9194,9196,-1,9195,9196,9197,-1,9197,9196,9198,-1,9197,9198,9199,-1,9199,9198,9200,-1,9199,9200,9201,-1,9201,9200,9202,-1,9201,9202,9203,-1,9203,9202,9204,-1,9203,9204,9205,-1,9205,9204,9206,-1,9205,9206,9207,-1,9207,9206,9208,-1,9207,9208,9209,-1,9209,9208,9210,-1,9209,9210,9211,-1,9211,9210,9212,-1,9211,9212,9213,-1,9213,9212,9214,-1,9213,9214,9215,-1,9215,9214,9216,-1,9215,9216,9217,-1,9217,9216,9218,-1,9217,9218,9219,-1,9219,9218,9220,-1,9219,9220,9221,-1,9221,9220,9222,-1,9221,9222,9223,-1,9223,9222,9224,-1,9223,9224,9225,-1,9225,9224,9226,-1,9225,9226,9227,-1,9227,9226,9228,-1,9227,9228,9229,-1,9229,9228,9230,-1,9229,9230,9231,-1,9231,9230,9232,-1,9231,9232,9233,-1,9233,9232,9234,-1,9233,9234,9235,-1,9235,9234,9236,-1,9235,9236,9237,-1,9237,9236,9238,-1,9237,9238,9239,-1,9239,9238,9240,-1,9239,9240,9241,-1,9241,9240,9242,-1,9241,9242,9243,-1,9243,9242,9244,-1,9243,9244,9245,-1,9245,9244,9246,-1,9245,9246,9247,-1,9247,9246,9248,-1,9247,9248,9249,-1,9249,9248,9250,-1,9249,9250,9251,-1,9251,9250,9252,-1,9251,9252,9253,-1,9253,9252,9254,-1,9253,9254,9255,-1,9255,9254,9256,-1,9255,9256,9257,-1,9257,9256,9258,-1,9257,9258,9259,-1,9259,9258,9260,-1,9259,9260,9261,-1,9261,9260,9262,-1,9261,9262,9263,-1,9263,9262,9264,-1,9263,9264,9265,-1,9265,9264,9266,-1,9265,9266,9267,-1,9267,9266,9268,-1,9267,9268,9269,-1,9269,9268,9270,-1,9269,9270,9271,-1,9271,9270,9272,-1,9271,9272,9273,-1,9273,9272,9274,-1,9273,9274,9275,-1,9275,9274,9276,-1,9275,9276,9277,-1,9277,9276,9278,-1,9277,9278,9279,-1,9279,9278,9280,-1,9279,9280,9281,-1,9281,9280,9282,-1,9281,9282,9283,-1,9283,9282,9284,-1,9283,9284,9285,-1,9285,9284,9286,-1,9285,9286,9287,-1,9287,9286,9171,-1,9287,9171,9288,-1,9288,9171,9172,-1,9288,9172,8529,-1,9289,9290,9291,-1,9291,9290,9292,-1,9291,9292,8546,-1,8565,9293,9294,-1,9294,9293,9295,-1,9294,9295,9296,-1,9296,9295,9297,-1,9296,9297,9298,-1,9299,9294,9300,-1,9300,9294,9296,-1,9300,9296,9301,-1,9301,9296,9298,-1,9301,9298,9302,-1,8561,9299,8562,-1,8562,9299,9300,-1,8562,9300,9303,-1,9303,9300,9301,-1,9303,9301,9304,-1,9304,9301,9302,-1,9304,9302,9305,-1,8595,8558,8597,-1,8597,8558,8560,-1,8597,8560,8600,-1,8600,8560,9306,-1,8600,9306,8606,-1,8606,9306,9307,-1,8606,9307,8609,-1,8609,9307,9308,-1,8559,8555,8560,-1,8560,8555,8557,-1,8560,8557,9306,-1,9306,8557,9309,-1,9306,9309,9307,-1,9307,9309,9310,-1,9307,9310,9308,-1,9308,9310,9311,-1,8556,8552,8557,-1,8557,8552,8554,-1,8557,8554,9309,-1,9309,8554,9312,-1,9309,9312,9310,-1,9310,9312,9313,-1,9310,9313,9311,-1,9311,9313,9314,-1,9315,9316,9317,-1,9317,9316,9318,-1,9317,9318,9319,-1,9319,9318,9320,-1,9319,9320,9321,-1,9321,9320,9322,-1,9321,9322,9323,-1,8615,9324,8619,-1,8619,9324,9325,-1,8619,9325,8622,-1,8622,9325,9326,-1,9327,9326,9328,-1,9328,9326,9325,-1,9328,9325,9329,-1,9329,9325,9324,-1,9329,9324,9330,-1,9330,9324,8615,-1,9330,8615,8612,-1,8612,8615,8617,-1,8612,8617,8613,-1,9315,9331,9316,-1,9316,9331,9332,-1,9316,9332,9333,-1,8624,8626,9334,-1,9334,8626,9335,-1,9334,9335,9336,-1,9337,9336,9327,-1,9327,9336,9335,-1,9327,9335,9326,-1,9326,9335,8626,-1,9326,8626,8622,-1,8622,8626,8625,-1,8622,8625,8623,-1,8592,8628,8593,-1,8593,8628,9338,-1,8593,9338,9339,-1,9340,9339,9337,-1,9337,9339,9338,-1,9337,9338,9336,-1,9336,9338,8628,-1,9336,8628,9334,-1,9334,8628,8630,-1,9334,8630,8624,-1,9332,9341,9333,-1,9333,9341,9342,-1,9333,9342,9343,-1,9343,9342,9344,-1,9343,9344,9345,-1,9345,9344,9346,-1,9345,9346,9347,-1,9347,9346,9348,-1,8631,9349,8633,-1,8633,9349,9350,-1,8633,9350,8588,-1,8588,9350,9351,-1,8588,9351,8589,-1,8589,9351,9352,-1,8591,8593,8631,-1,8631,8593,9339,-1,8631,9339,9349,-1,9349,9339,9340,-1,9349,9340,9350,-1,9350,9340,9353,-1,9350,9353,9351,-1,9351,9353,9354,-1,9351,9354,9352,-1,9348,9355,9347,-1,9347,9355,9356,-1,9347,9356,9357,-1,9357,9356,9358,-1,9357,9358,9359,-1,8640,9360,8642,-1,8642,9360,9361,-1,8642,9361,8643,-1,8643,9361,9362,-1,8643,9362,8650,-1,8650,9362,9363,-1,8650,9363,8651,-1,8651,9363,9364,-1,8651,9364,8587,-1,8587,9364,9365,-1,8587,9365,8584,-1,8584,9365,9366,-1,8584,9366,8656,-1,8656,9366,9367,-1,8656,9367,8659,-1,8659,9367,9368,-1,8659,9368,8662,-1,8662,9368,9369,-1,8662,9369,8665,-1,8665,9369,9370,-1,8665,9370,8667,-1,8667,9370,9371,-1,8667,9371,8670,-1,8670,9371,9372,-1,8670,9372,8673,-1,8673,9372,9373,-1,8673,9373,8676,-1,8676,9373,9374,-1,8676,9374,8679,-1,8679,9374,9375,-1,8679,9375,8682,-1,8682,9375,9376,-1,8682,9376,8685,-1,8685,9376,9377,-1,8685,9377,8688,-1,8688,9377,9378,-1,8688,9378,8691,-1,8691,9378,9379,-1,8691,9379,8696,-1,8696,9379,9380,-1,8696,9380,8699,-1,8699,9380,9381,-1,8699,9381,8706,-1,8706,9381,9382,-1,8706,9382,8709,-1,8709,9382,9383,-1,8709,9383,8712,-1,8712,9383,9384,-1,9385,9384,9386,-1,9386,9384,9383,-1,9386,9383,9387,-1,9387,9383,9382,-1,9387,9382,9388,-1,9388,9382,9381,-1,9388,9381,9389,-1,9389,9381,9380,-1,9389,9380,9390,-1,9390,9380,9379,-1,9390,9379,9391,-1,9391,9379,9378,-1,9391,9378,9392,-1,9392,9378,9377,-1,9392,9377,9393,-1,9393,9377,9376,-1,9393,9376,9394,-1,9394,9376,9375,-1,9394,9375,9395,-1,9395,9375,9374,-1,9395,9374,9396,-1,9396,9374,9373,-1,9396,9373,9397,-1,9397,9373,9372,-1,9397,9372,9398,-1,9398,9372,9371,-1,9398,9371,9399,-1,9399,9371,9370,-1,9399,9370,9400,-1,9400,9370,9369,-1,9400,9369,9401,-1,9401,9369,9368,-1,9401,9368,9402,-1,9402,9368,9367,-1,9402,9367,9403,-1,9403,9367,9366,-1,9403,9366,9404,-1,9404,9366,9365,-1,9404,9365,9405,-1,9405,9365,9364,-1,9405,9364,9406,-1,9406,9364,9363,-1,9406,9363,9407,-1,9407,9363,9362,-1,9407,9362,9408,-1,9408,9362,9361,-1,9408,9361,9354,-1,9354,9361,9360,-1,9354,9360,9352,-1,9352,9360,8640,-1,9352,8640,8589,-1,8589,8640,8639,-1,8589,8639,8590,-1,9358,9409,9359,-1,9359,9409,9410,-1,9359,9410,9411,-1,9411,9410,9412,-1,9411,9412,9413,-1,9413,9412,9414,-1,9413,9414,9415,-1,9415,9414,9416,-1,9415,9416,9417,-1,9417,9416,9418,-1,9417,9418,9419,-1,9419,9418,9420,-1,9419,9420,9421,-1,9421,9420,9422,-1,9421,9422,9423,-1,9423,9422,9424,-1,9423,9424,9425,-1,9425,9424,9426,-1,9425,9426,9427,-1,9427,9426,9428,-1,9427,9428,9429,-1,9429,9428,9430,-1,9429,9430,9431,-1,9431,9430,9432,-1,9431,9432,9433,-1,9433,9432,9434,-1,9433,9434,9435,-1,9435,9434,9436,-1,9435,9436,9437,-1,9437,9436,9438,-1,9437,9438,9439,-1,9439,9438,9440,-1,9439,9440,9441,-1,9441,9440,9442,-1,9441,9442,9443,-1,9443,9442,9444,-1,9443,9444,9445,-1,9445,9444,9446,-1,9445,9446,9447,-1,9447,9446,9448,-1,9447,9448,9449,-1,9449,9448,9450,-1,9449,9450,9451,-1,9451,9450,9452,-1,9451,9452,9453,-1,9453,9452,9454,-1,9453,9454,9455,-1,9455,9454,9456,-1,9455,9456,9457,-1,8715,9458,8717,-1,8717,9458,9459,-1,8717,9459,8720,-1,8720,9459,9460,-1,8720,9460,8722,-1,8722,9460,9461,-1,8722,9461,8727,-1,8727,9461,9462,-1,8727,9462,8730,-1,8730,9462,9463,-1,8730,9463,8734,-1,8734,9463,9464,-1,9465,9464,9466,-1,9466,9464,9463,-1,9466,9463,9467,-1,9467,9463,9462,-1,9467,9462,9468,-1,9468,9462,9461,-1,9468,9461,9469,-1,9469,9461,9460,-1,9469,9460,9470,-1,9470,9460,9459,-1,9470,9459,9385,-1,9385,9459,9458,-1,9385,9458,9384,-1,9384,9458,8715,-1,9384,8715,8712,-1,8712,8715,8714,-1,8712,8714,8713,-1,9456,9471,9457,-1,9457,9471,9472,-1,9457,9472,9473,-1,9473,9472,9474,-1,9473,9474,9475,-1,9475,9474,9476,-1,9475,9476,9477,-1,9477,9476,9478,-1,9477,9478,9479,-1,9479,9478,9480,-1,9479,9480,9481,-1,9481,9480,9482,-1,9481,9482,9483,-1,8739,9484,8741,-1,8741,9484,9485,-1,8741,9485,8744,-1,8744,9485,9486,-1,8744,9486,8747,-1,8747,9486,9487,-1,8747,9487,8749,-1,8749,9487,9488,-1,9489,9488,9490,-1,9490,9488,9487,-1,9490,9487,9491,-1,9491,9487,9486,-1,9491,9486,9492,-1,9492,9486,9485,-1,9492,9485,9465,-1,9465,9485,9484,-1,9465,9484,9464,-1,9464,9484,8739,-1,9464,8739,8734,-1,8734,8739,8738,-1,8734,8738,8735,-1,9482,9493,9483,-1,9483,9493,9494,-1,9483,9494,9495,-1,9495,9494,9496,-1,9495,9496,9497,-1,9497,9496,9498,-1,9497,9498,9499,-1,9499,9498,9500,-1,9499,9500,9501,-1,9500,9502,9501,-1,9501,9502,9503,-1,9501,9503,9504,-1,9504,9503,9505,-1,9504,9505,9506,-1,8751,9507,8581,-1,8581,9507,9508,-1,8581,9508,8754,-1,8754,9508,9509,-1,8754,9509,8759,-1,8759,9509,9510,-1,8759,9510,8763,-1,8763,9510,9511,-1,9512,9511,9513,-1,9513,9511,9510,-1,9513,9510,9514,-1,9514,9510,9509,-1,9514,9509,9515,-1,9515,9509,9508,-1,9515,9508,9489,-1,9489,9508,9507,-1,9489,9507,9488,-1,9488,9507,8751,-1,9488,8751,8749,-1,8749,8751,8753,-1,8749,8753,8750,-1,8766,9516,8770,-1,8770,9516,9517,-1,8770,9517,8772,-1,8772,9517,9518,-1,8772,9518,8778,-1,8778,9518,9519,-1,8778,9519,8782,-1,8782,9519,9520,-1,8782,9520,8784,-1,8784,9520,9521,-1,8784,9521,8787,-1,8787,9521,9522,-1,8787,9522,8790,-1,8790,9522,9523,-1,8790,9523,8793,-1,8793,9523,9524,-1,8793,9524,8796,-1,8796,9524,9525,-1,8796,9525,8798,-1,8798,9525,9526,-1,8798,9526,8803,-1,8803,9526,9527,-1,8803,9527,8806,-1,8806,9527,9528,-1,8806,9528,8809,-1,8809,9528,9529,-1,8809,9529,8812,-1,8812,9529,9530,-1,9531,9289,9532,-1,9532,9289,9291,-1,9532,9291,9533,-1,9533,9291,9534,-1,9533,9534,9535,-1,9535,9534,9536,-1,9535,9536,9537,-1,9537,9536,9538,-1,9537,9538,9539,-1,9539,9538,9540,-1,9539,9540,9541,-1,9541,9540,9542,-1,9541,9542,9543,-1,9543,9542,9544,-1,9543,9544,9545,-1,9545,9544,9546,-1,9545,9546,9547,-1,9547,9546,9548,-1,9547,9548,9549,-1,9549,9548,9550,-1,9549,9550,9551,-1,9551,9550,9552,-1,9551,9552,9553,-1,9553,9552,9554,-1,9553,9554,9555,-1,9555,9554,9556,-1,9555,9556,9557,-1,9557,9556,9558,-1,9557,9558,9559,-1,9559,9558,9560,-1,9559,9560,9561,-1,9561,9560,9562,-1,9561,9562,9563,-1,9563,9562,9564,-1,9563,9564,9565,-1,9565,9564,9566,-1,9565,9566,9567,-1,9567,9566,9568,-1,9567,9568,9569,-1,9569,9568,9570,-1,9569,9570,9571,-1,9571,9570,9572,-1,9571,9572,9573,-1,9573,9572,9574,-1,9573,9574,9575,-1,9575,9574,9576,-1,9575,9576,9577,-1,9577,9576,9578,-1,9577,9578,9579,-1,9579,9578,9580,-1,9579,9580,9581,-1,9581,9580,9582,-1,9581,9582,9583,-1,9583,9582,9584,-1,9583,9584,9585,-1,9585,9584,9586,-1,9585,9586,9587,-1,9587,9586,9588,-1,9587,9588,9589,-1,9589,9588,9590,-1,9589,9590,9591,-1,9591,9590,9592,-1,9591,9592,9593,-1,9593,9592,9594,-1,9593,9594,9595,-1,9595,9594,9596,-1,9595,9596,9597,-1,9597,9596,9598,-1,9597,9598,9599,-1,9599,9598,9600,-1,9599,9600,9601,-1,9601,9600,9602,-1,9601,9602,9603,-1,9603,9602,9604,-1,9603,9604,9605,-1,9605,9604,9606,-1,9605,9606,9607,-1,9607,9606,9608,-1,9607,9608,9609,-1,9609,9608,9610,-1,9609,9610,9611,-1,9611,9610,9612,-1,9611,9612,9613,-1,9613,9612,9614,-1,9613,9614,9615,-1,9615,9614,9616,-1,9615,9616,9617,-1,9617,9616,9618,-1,9617,9618,9619,-1,9619,9618,9620,-1,9619,9620,9621,-1,9621,9620,9622,-1,9621,9622,9623,-1,9623,9622,9624,-1,9623,9624,9625,-1,9625,9624,9626,-1,9625,9626,9627,-1,9627,9626,9628,-1,9627,9628,9629,-1,9629,9628,9630,-1,9629,9630,9631,-1,9631,9630,9632,-1,9631,9632,9633,-1,9633,9632,9634,-1,9633,9634,9635,-1,9635,9634,9636,-1,9635,9636,9637,-1,9637,9636,9638,-1,9637,9638,9639,-1,9639,9638,9640,-1,9639,9640,9641,-1,9641,9640,9642,-1,9641,9642,9643,-1,9643,9642,9644,-1,9643,9644,9645,-1,9645,9644,9646,-1,9645,9646,9647,-1,9647,9646,9648,-1,9647,9648,9649,-1,9649,9648,9650,-1,9649,9650,9651,-1,9651,9650,9652,-1,9651,9652,9653,-1,9653,9652,9654,-1,8518,8517,9655,-1,9655,8517,9530,-1,9655,9530,9656,-1,9656,9530,9529,-1,9656,9529,9657,-1,9657,9529,9528,-1,9657,9528,9658,-1,9658,9528,9527,-1,9658,9527,9659,-1,9659,9527,9526,-1,9659,9526,9660,-1,9660,9526,9525,-1,9660,9525,9661,-1,9661,9525,9524,-1,9661,9524,9662,-1,9662,9524,9523,-1,9662,9523,9663,-1,9663,9523,9522,-1,9663,9522,9664,-1,9664,9522,9521,-1,9664,9521,9665,-1,9665,9521,9520,-1,9665,9520,9666,-1,9666,9520,9519,-1,9666,9519,9667,-1,9667,9519,9518,-1,9667,9518,9668,-1,9668,9518,9517,-1,9668,9517,9512,-1,9512,9517,9516,-1,9512,9516,9511,-1,9511,9516,8766,-1,9511,8766,8763,-1,8763,8766,8768,-1,8763,8768,8761,-1,8517,9669,9530,-1,9530,9669,8515,-1,9530,8515,8812,-1,8812,8515,8514,-1,8812,8514,8513,-1,8519,8518,8542,-1,8542,8518,9655,-1,8542,9655,9670,-1,9670,9655,9656,-1,9670,9656,9671,-1,9671,9656,9657,-1,9671,9657,9672,-1,9672,9657,9658,-1,9672,9658,9673,-1,9673,9658,9659,-1,9673,9659,9674,-1,9674,9659,9660,-1,9674,9660,9675,-1,9675,9660,9661,-1,9675,9661,9676,-1,9676,9661,9662,-1,9676,9662,9677,-1,9677,9662,9663,-1,9677,9663,9678,-1,9678,9663,9664,-1,9678,9664,9679,-1,9679,9664,9665,-1,9679,9665,9680,-1,9680,9665,9666,-1,9680,9666,9681,-1,9681,9666,9667,-1,9681,9667,9682,-1,9682,9667,9668,-1,9682,9668,9683,-1,9683,9668,9512,-1,9683,9512,9684,-1,9684,9512,9513,-1,9684,9513,9685,-1,9685,9513,9514,-1,9685,9514,9686,-1,9686,9514,9515,-1,9686,9515,9687,-1,9687,9515,9489,-1,9687,9489,9688,-1,9688,9489,9490,-1,9688,9490,9689,-1,9689,9490,9491,-1,9689,9491,9690,-1,9690,9491,9492,-1,9690,9492,9691,-1,9691,9492,9465,-1,9691,9465,9692,-1,9692,9465,9466,-1,9692,9466,9693,-1,9693,9466,9467,-1,9693,9467,9694,-1,9694,9467,9468,-1,9694,9468,9695,-1,9695,9468,9469,-1,9695,9469,9696,-1,9696,9469,9470,-1,9696,9470,9697,-1,9697,9470,9385,-1,9697,9385,9698,-1,9698,9385,9386,-1,9698,9386,9699,-1,9699,9386,9387,-1,9699,9387,9700,-1,9700,9387,9388,-1,9700,9388,9701,-1,9701,9388,9389,-1,9701,9389,9702,-1,9702,9389,9390,-1,9702,9390,9703,-1,9703,9390,9391,-1,9703,9391,9704,-1,9704,9391,9392,-1,9704,9392,9705,-1,9705,9392,9393,-1,9705,9393,9706,-1,9706,9393,9394,-1,9706,9394,9707,-1,9707,9394,9395,-1,9707,9395,9708,-1,9708,9395,9396,-1,9708,9396,9709,-1,9709,9396,9397,-1,9709,9397,9710,-1,9710,9397,9398,-1,9710,9398,9711,-1,9711,9398,9399,-1,9711,9399,9712,-1,9712,9399,9400,-1,9712,9400,9713,-1,9713,9400,9401,-1,9713,9401,9714,-1,9714,9401,9402,-1,9714,9402,9715,-1,9715,9402,9403,-1,9715,9403,9716,-1,9716,9403,9404,-1,9716,9404,9717,-1,9717,9404,9405,-1,9717,9405,9718,-1,9718,9405,9406,-1,9718,9406,9719,-1,9719,9406,9407,-1,9719,9407,9720,-1,9720,9407,9408,-1,9720,9408,9721,-1,9721,9408,9354,-1,9721,9354,9722,-1,9722,9354,9353,-1,9722,9353,9723,-1,9723,9353,9340,-1,9723,9340,9724,-1,9724,9340,9337,-1,9724,9337,9725,-1,9725,9337,9327,-1,9725,9327,9726,-1,9726,9327,9328,-1,9726,9328,9314,-1,9314,9328,9329,-1,9314,9329,9311,-1,9311,9329,9330,-1,9311,9330,9308,-1,9308,9330,8612,-1,9308,8612,8609,-1,8609,8612,8614,-1,8609,8614,8610,-1,8521,8541,9727,-1,9727,8541,8542,-1,9727,8542,9728,-1,9728,8542,9670,-1,9728,9670,9729,-1,9729,9670,9671,-1,9729,9671,9730,-1,9730,9671,9672,-1,9730,9672,9731,-1,9731,9672,9673,-1,9731,9673,9732,-1,9732,9673,9674,-1,9732,9674,9733,-1,9733,9674,9675,-1,9733,9675,9734,-1,9734,9675,9676,-1,9734,9676,9735,-1,9735,9676,9677,-1,9735,9677,9736,-1,9736,9677,9678,-1,9736,9678,9737,-1,9737,9678,9679,-1,9737,9679,9738,-1,9738,9679,9680,-1,9738,9680,9739,-1,9739,9680,9681,-1,9739,9681,9740,-1,9740,9681,9682,-1,9740,9682,9741,-1,9741,9682,9683,-1,9741,9683,9742,-1,9742,9683,9684,-1,9742,9684,9743,-1,9743,9684,9685,-1,9743,9685,9744,-1,9744,9685,9686,-1,9744,9686,9745,-1,9745,9686,9687,-1,9745,9687,9746,-1,9746,9687,9688,-1,9746,9688,9747,-1,9747,9688,9689,-1,9747,9689,9748,-1,9748,9689,9690,-1,9748,9690,9749,-1,9749,9690,9691,-1,9749,9691,9750,-1,9750,9691,9692,-1,9750,9692,9751,-1,9751,9692,9693,-1,9751,9693,9752,-1,9752,9693,9694,-1,9752,9694,9753,-1,9753,9694,9695,-1,9753,9695,9754,-1,9754,9695,9696,-1,9754,9696,9755,-1,9755,9696,9697,-1,9755,9697,9756,-1,9756,9697,9698,-1,9756,9698,9757,-1,9757,9698,9699,-1,9757,9699,9758,-1,9758,9699,9700,-1,9758,9700,9759,-1,9759,9700,9701,-1,9759,9701,9760,-1,9760,9701,9702,-1,9760,9702,9761,-1,9761,9702,9703,-1,9761,9703,9762,-1,9762,9703,9704,-1,9762,9704,9763,-1,9763,9704,9705,-1,9763,9705,9764,-1,9764,9705,9706,-1,9764,9706,9765,-1,9765,9706,9707,-1,9765,9707,9766,-1,9766,9707,9708,-1,9766,9708,9767,-1,9767,9708,9709,-1,9767,9709,9768,-1,9768,9709,9710,-1,9768,9710,9769,-1,9769,9710,9711,-1,9769,9711,9770,-1,9770,9711,9712,-1,9770,9712,9771,-1,9771,9712,9713,-1,9771,9713,9772,-1,9772,9713,9714,-1,9772,9714,9773,-1,9773,9714,9715,-1,9773,9715,9774,-1,9774,9715,9716,-1,9774,9716,9775,-1,9775,9716,9717,-1,9775,9717,9776,-1,9776,9717,9718,-1,9776,9718,9777,-1,9777,9718,9719,-1,9777,9719,9778,-1,9778,9719,9720,-1,9778,9720,9779,-1,9779,9720,9721,-1,9779,9721,9780,-1,9780,9721,9722,-1,9780,9722,9781,-1,9781,9722,9723,-1,9781,9723,9782,-1,9782,9723,9724,-1,9782,9724,9783,-1,9783,9724,9725,-1,9783,9725,9784,-1,9784,9725,9726,-1,9784,9726,9785,-1,9785,9726,9314,-1,9785,9314,9786,-1,9786,9314,9313,-1,9786,9313,9787,-1,9787,9313,9312,-1,9787,9312,8551,-1,8551,9312,8554,-1,8551,8554,8549,-1,8549,8554,8553,-1,8550,9788,8551,-1,8551,9788,9789,-1,8551,9789,9787,-1,9787,9789,9790,-1,9787,9790,9786,-1,9786,9790,9791,-1,9786,9791,9785,-1,9785,9791,9792,-1,9785,9792,9784,-1,9784,9792,9793,-1,9784,9793,9783,-1,9783,9793,9794,-1,9783,9794,9782,-1,9782,9794,9795,-1,9782,9795,9781,-1,9781,9795,9796,-1,9781,9796,9780,-1,9780,9796,9797,-1,9780,9797,9779,-1,9779,9797,9798,-1,9779,9798,9778,-1,9778,9798,9799,-1,9778,9799,9777,-1,9777,9799,9800,-1,9777,9800,9776,-1,9776,9800,9801,-1,9776,9801,9775,-1,9775,9801,9802,-1,9775,9802,9774,-1,9774,9802,9803,-1,9774,9803,9773,-1,9773,9803,9804,-1,9773,9804,9772,-1,9772,9804,9805,-1,9772,9805,9771,-1,9771,9805,9806,-1,9771,9806,9770,-1,9770,9806,9807,-1,9770,9807,9769,-1,9769,9807,9808,-1,9769,9808,9768,-1,9768,9808,9809,-1,9768,9809,9767,-1,9767,9809,9810,-1,9767,9810,9766,-1,9766,9810,9811,-1,9766,9811,9765,-1,9765,9811,9812,-1,9765,9812,9764,-1,9764,9812,9813,-1,9764,9813,9763,-1,9763,9813,9814,-1,9763,9814,9762,-1,9762,9814,9815,-1,9762,9815,9761,-1,9761,9815,9816,-1,9761,9816,9760,-1,9760,9816,9817,-1,9760,9817,9759,-1,9759,9817,9818,-1,9759,9818,9758,-1,9758,9818,9819,-1,9758,9819,9757,-1,9757,9819,9820,-1,9757,9820,9756,-1,9756,9820,9821,-1,9756,9821,9755,-1,9755,9821,9822,-1,9755,9822,9754,-1,9754,9822,9823,-1,9754,9823,9753,-1,9753,9823,9824,-1,9753,9824,9752,-1,9752,9824,9825,-1,9752,9825,9751,-1,9751,9825,9826,-1,9751,9826,9750,-1,9750,9826,9827,-1,9750,9827,9749,-1,9749,9827,9828,-1,9749,9828,9748,-1,9748,9828,9829,-1,9748,9829,9747,-1,9747,9829,9830,-1,9747,9830,9746,-1,9746,9830,9831,-1,9746,9831,9745,-1,9745,9831,9832,-1,9745,9832,9744,-1,9744,9832,9833,-1,9744,9833,9743,-1,9743,9833,9834,-1,9743,9834,9742,-1,9742,9834,9835,-1,9742,9835,9741,-1,9741,9835,9836,-1,9741,9836,9740,-1,9740,9836,9837,-1,9740,9837,9739,-1,9739,9837,9838,-1,9739,9838,9738,-1,9738,9838,9839,-1,9738,9839,9737,-1,9737,9839,9840,-1,9737,9840,9736,-1,9736,9840,9841,-1,9736,9841,9735,-1,9735,9841,9842,-1,9735,9842,9734,-1,9734,9842,9843,-1,9734,9843,9733,-1,9733,9843,9844,-1,9733,9844,9732,-1,9732,9844,9845,-1,9732,9845,9731,-1,9731,9845,9846,-1,9731,9846,9730,-1,9730,9846,9847,-1,9730,9847,9729,-1,9729,9847,9848,-1,9729,9848,9728,-1,9728,9848,9849,-1,9728,9849,9727,-1,9727,9849,9850,-1,9727,9850,8521,-1,8521,9850,9851,-1,9788,9531,9789,-1,9789,9531,9532,-1,9789,9532,9790,-1,9790,9532,9533,-1,9790,9533,9791,-1,9791,9533,9535,-1,9791,9535,9792,-1,9792,9535,9537,-1,9792,9537,9793,-1,9793,9537,9539,-1,9793,9539,9794,-1,9794,9539,9541,-1,9794,9541,9795,-1,9795,9541,9543,-1,9795,9543,9796,-1,9796,9543,9545,-1,9796,9545,9797,-1,9797,9545,9547,-1,9797,9547,9798,-1,9798,9547,9549,-1,9798,9549,9799,-1,9799,9549,9551,-1,9799,9551,9800,-1,9800,9551,9553,-1,9800,9553,9801,-1,9801,9553,9555,-1,9801,9555,9802,-1,9802,9555,9557,-1,9802,9557,9803,-1,9803,9557,9559,-1,9803,9559,9804,-1,9804,9559,9561,-1,9804,9561,9805,-1,9805,9561,9563,-1,9805,9563,9806,-1,9806,9563,9565,-1,9806,9565,9807,-1,9807,9565,9567,-1,9807,9567,9808,-1,9808,9567,9569,-1,9808,9569,9809,-1,9809,9569,9571,-1,9809,9571,9810,-1,9810,9571,9573,-1,9810,9573,9811,-1,9811,9573,9575,-1,9811,9575,9812,-1,9812,9575,9577,-1,9812,9577,9813,-1,9813,9577,9579,-1,9813,9579,9814,-1,9814,9579,9581,-1,9814,9581,9815,-1,9815,9581,9583,-1,9815,9583,9816,-1,9816,9583,9585,-1,9816,9585,9817,-1,9817,9585,9587,-1,9817,9587,9818,-1,9818,9587,9589,-1,9818,9589,9819,-1,9819,9589,9591,-1,9819,9591,9820,-1,9820,9591,9593,-1,9820,9593,9821,-1,9821,9593,9595,-1,9821,9595,9822,-1,9822,9595,9597,-1,9822,9597,9823,-1,9823,9597,9599,-1,9823,9599,9824,-1,9824,9599,9601,-1,9824,9601,9825,-1,9825,9601,9603,-1,9825,9603,9826,-1,9826,9603,9605,-1,9826,9605,9827,-1,9827,9605,9607,-1,9827,9607,9828,-1,9828,9607,9609,-1,9828,9609,9829,-1,9829,9609,9611,-1,9829,9611,9830,-1,9830,9611,9613,-1,9830,9613,9831,-1,9831,9613,9615,-1,9831,9615,9832,-1,9832,9615,9617,-1,9832,9617,9833,-1,9833,9617,9619,-1,9833,9619,9834,-1,9834,9619,9621,-1,9834,9621,9835,-1,9835,9621,9623,-1,9835,9623,9836,-1,9836,9623,9625,-1,9836,9625,9837,-1,9837,9625,9627,-1,9837,9627,9838,-1,9838,9627,9629,-1,9838,9629,9839,-1,9839,9629,9631,-1,9839,9631,9840,-1,9840,9631,9633,-1,9840,9633,9841,-1,9841,9633,9635,-1,9841,9635,9842,-1,9842,9635,9637,-1,9842,9637,9843,-1,9843,9637,9639,-1,9843,9639,9844,-1,9844,9639,9641,-1,9844,9641,9845,-1,9845,9641,9643,-1,9845,9643,9846,-1,9846,9643,9645,-1,9846,9645,9847,-1,9847,9645,9647,-1,9847,9647,9848,-1,9848,9647,9649,-1,9848,9649,9849,-1,9849,9649,9651,-1,9849,9651,9850,-1,9850,9651,9653,-1,9850,9653,9851,-1,9851,9653,8523,-1,9654,8525,9653,-1,9653,8525,9852,-1,9653,9852,8523,-1,9168,9853,9169,-1,9169,9853,8527,-1,9169,8527,9854,-1,8546,8548,9291,-1,9291,8548,9049,-1,9291,9049,9534,-1,9534,9049,9051,-1,9534,9051,9536,-1,9536,9051,9053,-1,9536,9053,9538,-1,9538,9053,9055,-1,9538,9055,9540,-1,9540,9055,9057,-1,9540,9057,9542,-1,9542,9057,9059,-1,9542,9059,9544,-1,9544,9059,9061,-1,9544,9061,9546,-1,9546,9061,9063,-1,9546,9063,9548,-1,9548,9063,9065,-1,9548,9065,9550,-1,9550,9065,9067,-1,9550,9067,9552,-1,9552,9067,9069,-1,9552,9069,9554,-1,9554,9069,9071,-1,9554,9071,9556,-1,9556,9071,9073,-1,9556,9073,9558,-1,9558,9073,9075,-1,9558,9075,9560,-1,9560,9075,9077,-1,9560,9077,9562,-1,9562,9077,9079,-1,9562,9079,9564,-1,9564,9079,9081,-1,9564,9081,9566,-1,9566,9081,9083,-1,9566,9083,9568,-1,9568,9083,9085,-1,9568,9085,9570,-1,9570,9085,9087,-1,9570,9087,9572,-1,9572,9087,9089,-1,9572,9089,9574,-1,9574,9089,9091,-1,9574,9091,9576,-1,9576,9091,9093,-1,9576,9093,9578,-1,9578,9093,9095,-1,9578,9095,9580,-1,9580,9095,9097,-1,9580,9097,9582,-1,9582,9097,9099,-1,9582,9099,9584,-1,9584,9099,9101,-1,9584,9101,9586,-1,9586,9101,9103,-1,9586,9103,9588,-1,9588,9103,9105,-1,9588,9105,9590,-1,9590,9105,9107,-1,9590,9107,9592,-1,9592,9107,9109,-1,9592,9109,9594,-1,9594,9109,9111,-1,9594,9111,9596,-1,9596,9111,9113,-1,9596,9113,9598,-1,9598,9113,9115,-1,9598,9115,9600,-1,9600,9115,9117,-1,9600,9117,9602,-1,9602,9117,9119,-1,9602,9119,9604,-1,9604,9119,9121,-1,9604,9121,9606,-1,9606,9121,9123,-1,9606,9123,9608,-1,9608,9123,9125,-1,9608,9125,9610,-1,9610,9125,9127,-1,9610,9127,9612,-1,9612,9127,9129,-1,9612,9129,9614,-1,9614,9129,9131,-1,9614,9131,9616,-1,9616,9131,9133,-1,9616,9133,9618,-1,9618,9133,9135,-1,9618,9135,9620,-1,9620,9135,9137,-1,9620,9137,9622,-1,9622,9137,9139,-1,9622,9139,9624,-1,9624,9139,9141,-1,9624,9141,9626,-1,9626,9141,9143,-1,9626,9143,9628,-1,9628,9143,9145,-1,9628,9145,9630,-1,9630,9145,9147,-1,9630,9147,9632,-1,9632,9147,9149,-1,9632,9149,9634,-1,9634,9149,9151,-1,9634,9151,9636,-1,9636,9151,9153,-1,9636,9153,9638,-1,9638,9153,9155,-1,9638,9155,9640,-1,9640,9155,9157,-1,9640,9157,9642,-1,9642,9157,9159,-1,9642,9159,9644,-1,9644,9159,9161,-1,9644,9161,9646,-1,9646,9161,9163,-1,9646,9163,9648,-1,9648,9163,9165,-1,9648,9165,9650,-1,9650,9165,9167,-1,9650,9167,9652,-1,9652,9167,9169,-1,9652,9169,9654,-1,9654,9169,9854,-1,9654,9854,8525,-1,8565,9294,8566,-1,8566,9294,9299,-1,8566,9299,9048,-1,9048,9299,8561,-1,9048,8561,9050,-1,9050,8561,9173,-1,9050,9173,9052,-1,9052,9173,9175,-1,9052,9175,9054,-1,9054,9175,9177,-1,9054,9177,9056,-1,9056,9177,9179,-1,9056,9179,9058,-1,9058,9179,9181,-1,9058,9181,9060,-1,9060,9181,9183,-1,9060,9183,9062,-1,9062,9183,9185,-1,9062,9185,9064,-1,9064,9185,9187,-1,9064,9187,9066,-1,9066,9187,9189,-1,9066,9189,9068,-1,9068,9189,9191,-1,9068,9191,9070,-1,9070,9191,9193,-1,9070,9193,9072,-1,9072,9193,9195,-1,9072,9195,9074,-1,9074,9195,9197,-1,9074,9197,9076,-1,9076,9197,9199,-1,9076,9199,9078,-1,9078,9199,9201,-1,9078,9201,9080,-1,9080,9201,9203,-1,9080,9203,9082,-1,9082,9203,9205,-1,9082,9205,9084,-1,9084,9205,9207,-1,9084,9207,9086,-1,9086,9207,9209,-1,9086,9209,9088,-1,9088,9209,9211,-1,9088,9211,9090,-1,9090,9211,9213,-1,9090,9213,9092,-1,9092,9213,9215,-1,9092,9215,9094,-1,9094,9215,9217,-1,9094,9217,9096,-1,9096,9217,9219,-1,9096,9219,9098,-1,9098,9219,9221,-1,9098,9221,9100,-1,9100,9221,9223,-1,9100,9223,9102,-1,9102,9223,9225,-1,9102,9225,9104,-1,9104,9225,9227,-1,9104,9227,9106,-1,9106,9227,9229,-1,9106,9229,9108,-1,9108,9229,9231,-1,9108,9231,9110,-1,9110,9231,9233,-1,9110,9233,9112,-1,9112,9233,9235,-1,9112,9235,9114,-1,9114,9235,9237,-1,9114,9237,9116,-1,9116,9237,9239,-1,9116,9239,9118,-1,9118,9239,9241,-1,9118,9241,9120,-1,9120,9241,9243,-1,9120,9243,9122,-1,9122,9243,9245,-1,9122,9245,9124,-1,9124,9245,9247,-1,9124,9247,9126,-1,9126,9247,9249,-1,9126,9249,9128,-1,9128,9249,9251,-1,9128,9251,9130,-1,9130,9251,9253,-1,9130,9253,9132,-1,9132,9253,9255,-1,9132,9255,9134,-1,9134,9255,9257,-1,9134,9257,9136,-1,9136,9257,9259,-1,9136,9259,9138,-1,9138,9259,9261,-1,9138,9261,9140,-1,9140,9261,9263,-1,9140,9263,9142,-1,9142,9263,9265,-1,9142,9265,9144,-1,9144,9265,9267,-1,9144,9267,9146,-1,9146,9267,9269,-1,9146,9269,9148,-1,9148,9269,9271,-1,9148,9271,9150,-1,9150,9271,9273,-1,9150,9273,9152,-1,9152,9273,9275,-1,9152,9275,9154,-1,9154,9275,9277,-1,9154,9277,9156,-1,9156,9277,9279,-1,9156,9279,9158,-1,9158,9279,9281,-1,9158,9281,9160,-1,9160,9281,9283,-1,9160,9283,9162,-1,9162,9283,9285,-1,9162,9285,9164,-1,9164,9285,9287,-1,9164,9287,9166,-1,9166,9287,9288,-1,9166,9288,9168,-1,9168,9288,8529,-1,9168,8529,9853,-1,8533,9170,8540,-1,8540,9170,9171,-1,8540,9171,9855,-1,9855,9171,9286,-1,9855,9286,9856,-1,9856,9286,9284,-1,9856,9284,9857,-1,9857,9284,9282,-1,9857,9282,9858,-1,9858,9282,9280,-1,9858,9280,9859,-1,9859,9280,9278,-1,9859,9278,9860,-1,9860,9278,9276,-1,9860,9276,9861,-1,9861,9276,9274,-1,9861,9274,9862,-1,9862,9274,9272,-1,9862,9272,9863,-1,9863,9272,9270,-1,9863,9270,9864,-1,9864,9270,9268,-1,9864,9268,9865,-1,9865,9268,9266,-1,9865,9266,9866,-1,9866,9266,9264,-1,9866,9264,9867,-1,9867,9264,9262,-1,9867,9262,9868,-1,9868,9262,9260,-1,9868,9260,9506,-1,9506,9260,9258,-1,9506,9258,9504,-1,9504,9258,9256,-1,9504,9256,9501,-1,9501,9256,9254,-1,9501,9254,9499,-1,9499,9254,9252,-1,9499,9252,9497,-1,9497,9252,9250,-1,9497,9250,9495,-1,9495,9250,9248,-1,9495,9248,9483,-1,9483,9248,9246,-1,9483,9246,9481,-1,9481,9246,9244,-1,9481,9244,9479,-1,9479,9244,9242,-1,9479,9242,9477,-1,9477,9242,9240,-1,9477,9240,9475,-1,9475,9240,9238,-1,9475,9238,9473,-1,9473,9238,9236,-1,9473,9236,9457,-1,9457,9236,9234,-1,9457,9234,9455,-1,9455,9234,9232,-1,9455,9232,9453,-1,9453,9232,9230,-1,9453,9230,9451,-1,9451,9230,9228,-1,9451,9228,9449,-1,9449,9228,9226,-1,9449,9226,9447,-1,9447,9226,9224,-1,9447,9224,9445,-1,9445,9224,9222,-1,9445,9222,9443,-1,9443,9222,9220,-1,9443,9220,9441,-1,9441,9220,9218,-1,9441,9218,9439,-1,9439,9218,9216,-1,9439,9216,9437,-1,9437,9216,9214,-1,9437,9214,9435,-1,9435,9214,9212,-1,9435,9212,9433,-1,9433,9212,9210,-1,9433,9210,9431,-1,9431,9210,9208,-1,9431,9208,9429,-1,9429,9208,9206,-1,9429,9206,9427,-1,9427,9206,9204,-1,9427,9204,9425,-1,9425,9204,9202,-1,9425,9202,9423,-1,9423,9202,9200,-1,9423,9200,9421,-1,9421,9200,9198,-1,9421,9198,9419,-1,9419,9198,9196,-1,9419,9196,9417,-1,9417,9196,9194,-1,9417,9194,9415,-1,9415,9194,9192,-1,9415,9192,9413,-1,9413,9192,9190,-1,9413,9190,9411,-1,9411,9190,9188,-1,9411,9188,9359,-1,9359,9188,9186,-1,9359,9186,9357,-1,9357,9186,9184,-1,9357,9184,9347,-1,9347,9184,9182,-1,9347,9182,9345,-1,9345,9182,9180,-1,9345,9180,9343,-1,9343,9180,9178,-1,9343,9178,9333,-1,9333,9178,9176,-1,9333,9176,9316,-1,9316,9176,9174,-1,9316,9174,9318,-1,9318,9174,8563,-1,9318,8563,9320,-1,9320,8563,8562,-1,9320,8562,9322,-1,9322,8562,9303,-1,9322,9303,9323,-1,9323,9303,9304,-1,8535,8539,8538,-1,8538,8539,8540,-1,8538,8540,9869,-1,9869,8540,9855,-1,9869,9855,9870,-1,9870,9855,9856,-1,9870,9856,9871,-1,9871,9856,9857,-1,9871,9857,9872,-1,9872,9857,9858,-1,9872,9858,9873,-1,9873,9858,9859,-1,9873,9859,9874,-1,9874,9859,9860,-1,9874,9860,9875,-1,9875,9860,9861,-1,9875,9861,9876,-1,9876,9861,9862,-1,9876,9862,9877,-1,9877,9862,9863,-1,9877,9863,9878,-1,9878,9863,9864,-1,9878,9864,9879,-1,9879,9864,9865,-1,9879,9865,9880,-1,9880,9865,9866,-1,9880,9866,9881,-1,9881,9866,9867,-1,9881,9867,9882,-1,9882,9867,9868,-1,9882,9868,9883,-1,9883,9868,9506,-1,9883,9506,9884,-1,9884,9506,9505,-1,8537,8536,8815,-1,8815,8536,8538,-1,8815,8538,8818,-1,8818,8538,9869,-1,8818,9869,8823,-1,8823,9869,9870,-1,8823,9870,8827,-1,8827,9870,9871,-1,8827,9871,8829,-1,8829,9871,9872,-1,8829,9872,8834,-1,8834,9872,9873,-1,8834,9873,8838,-1,8838,9873,9874,-1,8838,9874,8842,-1,8842,9874,9875,-1,8842,9875,8845,-1,8845,9875,9876,-1,8845,9876,8849,-1,8849,9876,9877,-1,8849,9877,8853,-1,8853,9877,9878,-1,8853,9878,8856,-1,8856,9878,9879,-1,8856,9879,8858,-1,8858,9879,9880,-1,8858,9880,8863,-1,8863,9880,9881,-1,8863,9881,8866,-1,8866,9881,9882,-1,8866,9882,8871,-1,8871,9882,9883,-1,8871,9883,8875,-1,8875,9883,9884,-1,8875,9884,8877,-1,8877,9884,9505,-1,8877,9505,8881,-1,8881,9505,9503,-1,8881,9503,8886,-1,8886,9503,9502,-1,8886,9502,8888,-1,8888,9502,9500,-1,8888,9500,8890,-1,8890,9500,9498,-1,8890,9498,8892,-1,8892,9498,9496,-1,8892,9496,8896,-1,8896,9496,9494,-1,8896,9494,8899,-1,8899,9494,9493,-1,8899,9493,8578,-1,8578,9493,9482,-1,8578,9482,8905,-1,8905,9482,9480,-1,8905,9480,8902,-1,8902,9480,9478,-1,8902,9478,8575,-1,8575,9478,9476,-1,8575,9476,8910,-1,8910,9476,9474,-1,8910,9474,8911,-1,8911,9474,9472,-1,8911,9472,8916,-1,8916,9472,9471,-1,8916,9471,8572,-1,8572,9471,9456,-1,8572,9456,8920,-1,8920,9456,9454,-1,8920,9454,8922,-1,8922,9454,9452,-1,8922,9452,8927,-1,8927,9452,9450,-1,8927,9450,8932,-1,8932,9450,9448,-1,8932,9448,8936,-1,8936,9448,9446,-1,8936,9446,8939,-1,8939,9446,9444,-1,8939,9444,8941,-1,8941,9444,9442,-1,8941,9442,8946,-1,8946,9442,9440,-1,8946,9440,8950,-1,8950,9440,9438,-1,8950,9438,8954,-1,8954,9438,9436,-1,8954,9436,8958,-1,8958,9436,9434,-1,8958,9434,8962,-1,8962,9434,9432,-1,8962,9432,8966,-1,8966,9432,9430,-1,8966,9430,8969,-1,8969,9430,9428,-1,8969,9428,8971,-1,8971,9428,9426,-1,8971,9426,8975,-1,8975,9426,9424,-1,8975,9424,8980,-1,8980,9424,9422,-1,8980,9422,8984,-1,8984,9422,9420,-1,8984,9420,8987,-1,8987,9420,9418,-1,8987,9418,8989,-1,8989,9418,9416,-1,8989,9416,8994,-1,8994,9416,9414,-1,8994,9414,8998,-1,8998,9414,9412,-1,8998,9412,9000,-1,9000,9412,9410,-1,9000,9410,9003,-1,9003,9410,9409,-1,9003,9409,9010,-1,9010,9409,9358,-1,9010,9358,9008,-1,9008,9358,9356,-1,9008,9356,9006,-1,9006,9356,9355,-1,9006,9355,9013,-1,9013,9355,9348,-1,9013,9348,9014,-1,9014,9348,9346,-1,9014,9346,9019,-1,9019,9346,9344,-1,9019,9344,9024,-1,9024,9344,9342,-1,9024,9342,9022,-1,9022,9342,9341,-1,9022,9341,9029,-1,9029,9341,9332,-1,9029,9332,9027,-1,9027,9332,9331,-1,9027,9331,9032,-1,9032,9331,9315,-1,9032,9315,8568,-1,8568,9315,9317,-1,8568,9317,8569,-1,8569,9317,9319,-1,8569,9319,9039,-1,9039,9319,9321,-1,9039,9321,9040,-1,9040,9321,9323,-1,9040,9323,8545,-1,8545,9323,9304,-1,8545,9304,8543,-1,8543,9304,9305,-1,8497,8496,9885,-1,9886,8492,9887,-1,8491,8490,9888,-1,8489,8485,9889,-1,8487,8488,9890,-1,9891,9892,9893,-1,9894,9895,9896,-1,9897,9898,9899,-1,9900,9901,9902,-1,9903,9904,9905,-1,9906,9907,9908,-1,9909,8482,9910,-1,9911,9912,9913,-1,9914,9915,9916,-1,8618,9917,9918,-1,8657,8658,9919,-1,8672,8671,9920,-1,8765,8764,9921,-1,8781,8783,9922,-1,8799,8802,9923,-1,8857,8860,9924,-1,8882,8885,9925,-1,9038,9037,9926,-1,9047,9927,9042,-1,9042,9927,9928,-1,9929,9044,9928,-1,9928,9044,9043,-1,9928,9043,9042,-1,9037,9036,9926,-1,9926,9036,9041,-1,9926,9041,9929,-1,9929,9041,9045,-1,9929,9045,9044,-1,9930,8567,9038,-1,8567,9930,9033,-1,9033,9930,9931,-1,9033,9931,9034,-1,9034,9931,9932,-1,9034,9932,9035,-1,9035,9932,9028,-1,9028,9932,9933,-1,9028,9933,9030,-1,9031,9934,9023,-1,9023,9934,9935,-1,9023,9935,9025,-1,9025,9935,9026,-1,9026,9935,9936,-1,9026,9936,9020,-1,9937,9016,9938,-1,9938,9016,9015,-1,9938,9015,9939,-1,9939,9015,9021,-1,9939,9021,9020,-1,9940,9007,9941,-1,9941,9007,9018,-1,9941,9018,9017,-1,9004,9012,9942,-1,9942,9012,9011,-1,9942,9011,9940,-1,9940,9011,9009,-1,9940,9009,9007,-1,9943,9001,9942,-1,9942,9001,9005,-1,9942,9005,9004,-1,8992,8997,9944,-1,9944,8997,8999,-1,9944,8999,9943,-1,9943,8999,9002,-1,9943,9002,9001,-1,9945,8996,8995,-1,9945,8995,9944,-1,9944,8995,8993,-1,9944,8993,8992,-1,8986,8988,9946,-1,9946,8988,8991,-1,9946,8991,9945,-1,9945,8991,8990,-1,9945,8990,8996,-1,8986,9946,8985,-1,8985,9946,9947,-1,8985,9947,8983,-1,8983,9947,8978,-1,8978,9947,9948,-1,8978,9948,8979,-1,9949,8976,8982,-1,9949,8982,9948,-1,9948,8982,8981,-1,9948,8981,8979,-1,8976,9949,8977,-1,8977,9949,9950,-1,8977,9950,8972,-1,8968,8970,9951,-1,9951,8970,8974,-1,9951,8974,9950,-1,9950,8974,8973,-1,9950,8973,8972,-1,8968,9951,8967,-1,8967,9951,9952,-1,8967,9952,8965,-1,8965,9952,8960,-1,8960,9952,9953,-1,8960,9953,8961,-1,8957,8959,9954,-1,9954,8959,8964,-1,9954,8964,9953,-1,9953,8964,8963,-1,9953,8963,8961,-1,8957,9954,8952,-1,8952,9954,9955,-1,8952,9955,8953,-1,8953,9955,8955,-1,8955,9955,9956,-1,8955,9956,8956,-1,8945,8944,9957,-1,9957,8944,8949,-1,9957,8949,9956,-1,9956,8949,8951,-1,9956,8951,8956,-1,8945,9957,8947,-1,8947,9957,9958,-1,8947,9958,8948,-1,8938,8940,9959,-1,9959,8940,8943,-1,9959,8943,9958,-1,9958,8943,8942,-1,9958,8942,8948,-1,8938,9959,8937,-1,8937,9959,9960,-1,8937,9960,8935,-1,8935,9960,8930,-1,8930,9960,9961,-1,8930,9961,8931,-1,8931,9961,8933,-1,8933,9961,9962,-1,8933,9962,8934,-1,9963,8923,8929,-1,9963,8929,9962,-1,9962,8929,8928,-1,9962,8928,8934,-1,9964,8924,8919,-1,9964,8919,9963,-1,9963,8919,8921,-1,9963,8921,8923,-1,8924,9964,8925,-1,8925,9964,9965,-1,8925,9965,8926,-1,9966,8571,9965,-1,9965,8571,8570,-1,9965,8570,8926,-1,8917,9967,8918,-1,8918,9967,8912,-1,8912,9967,8913,-1,8913,9967,9968,-1,8913,9968,8914,-1,8914,9968,9969,-1,8914,9969,8915,-1,8903,8909,9970,-1,9970,8909,8574,-1,9970,8574,9969,-1,9969,8574,8573,-1,9969,8573,8915,-1,9971,9972,8908,-1,8908,8907,9971,-1,9971,8907,8906,-1,9971,8906,9970,-1,9970,8906,8904,-1,9970,8904,8903,-1,9973,8577,9972,-1,9972,8577,8576,-1,9972,8576,8908,-1,8893,8898,9974,-1,9974,8898,8897,-1,9974,8897,9975,-1,9975,8897,8901,-1,9975,8901,8900,-1,9976,9977,8887,-1,8887,9977,9978,-1,9976,8891,9977,-1,9977,8891,8895,-1,9977,8895,9974,-1,9974,8895,8894,-1,9974,8894,8893,-1,9979,8880,8879,-1,8879,8878,9980,-1,9980,8878,8884,-1,9980,8884,8883,-1,8872,8870,9981,-1,9981,8870,8869,-1,9981,8869,9982,-1,9982,8869,8874,-1,9982,8874,8876,-1,8862,8861,9983,-1,9983,8861,8868,-1,9983,8868,9984,-1,9984,8868,8867,-1,9984,8867,9981,-1,9981,8867,8873,-1,9981,8873,8872,-1,8862,9983,8864,-1,8864,9983,9985,-1,8864,9985,8865,-1,9924,8860,9985,-1,9985,8860,8859,-1,9985,8859,8865,-1,8857,9924,8855,-1,8855,9924,9986,-1,8855,9986,8854,-1,9987,8848,8847,-1,9987,8847,9986,-1,9986,8847,8852,-1,9986,8852,8854,-1,9988,8851,9987,-1,9987,8851,8850,-1,9987,8850,8848,-1,8841,8843,9989,-1,9989,8843,8844,-1,9989,8844,9988,-1,9988,8844,8846,-1,9988,8846,8851,-1,8841,9989,8836,-1,8836,9989,9990,-1,8836,9990,8837,-1,8837,9990,8839,-1,8839,9990,9991,-1,8839,9991,8840,-1,8831,8830,9992,-1,9992,8830,8833,-1,9992,8833,9991,-1,9991,8833,8835,-1,9991,8835,8840,-1,8831,9992,8832,-1,8832,9992,9993,-1,8832,9993,8828,-1,9994,8821,9993,-1,9993,8821,8826,-1,9993,8826,8828,-1,8819,8825,9995,-1,9995,8825,8824,-1,9995,8824,9994,-1,9994,8824,8822,-1,9994,8822,8821,-1,8819,9995,8820,-1,8820,9995,9890,-1,8820,9890,8816,-1,8816,9890,8817,-1,8817,9890,8488,-1,8817,8488,8484,-1,8814,8512,9996,-1,9996,8512,8510,-1,9996,8510,8509,-1,9997,9998,8808,-1,8808,8810,9997,-1,9997,8810,8811,-1,9997,8811,9996,-1,9996,8811,8813,-1,9996,8813,8814,-1,9923,8802,9999,-1,8802,8804,9999,-1,9999,8804,8805,-1,9999,8805,9998,-1,9998,8805,8807,-1,9998,8807,8808,-1,10000,10001,8795,-1,8795,8797,10000,-1,10000,8797,8801,-1,10000,8801,9923,-1,9923,8801,8800,-1,9923,8800,8799,-1,10002,10003,8789,-1,8789,8791,10002,-1,10002,8791,8792,-1,10002,8792,10001,-1,10001,8792,8794,-1,10001,8794,8795,-1,9922,8783,10004,-1,8783,8785,10004,-1,10004,8785,8786,-1,10004,8786,10003,-1,10003,8786,8788,-1,10003,8788,8789,-1,8781,9922,8776,-1,8776,9922,10005,-1,8776,10005,8777,-1,8773,8769,10006,-1,10006,8769,8771,-1,10006,8771,10007,-1,10007,8771,8780,-1,10007,8780,10005,-1,10005,8780,8779,-1,10005,8779,8777,-1,8761,8768,10008,-1,10008,8768,8767,-1,10008,8767,10009,-1,10009,8767,8775,-1,10009,8775,10006,-1,10006,8775,8774,-1,10006,8774,8773,-1,9921,8764,10008,-1,10008,8764,8762,-1,10008,8762,8761,-1,8765,9921,8760,-1,8760,9921,10010,-1,8760,10010,8758,-1,8758,10010,8755,-1,8755,10010,10011,-1,8755,10011,8756,-1,10012,8579,10011,-1,10011,8579,8757,-1,10011,8757,8756,-1,10013,8753,10014,-1,10014,8753,8752,-1,10014,8752,10012,-1,10012,8752,8580,-1,10012,8580,8579,-1,10015,8748,10013,-1,10013,8748,8750,-1,10013,8750,8753,-1,10016,10017,10015,-1,10015,10017,8746,-1,10015,8746,8748,-1,10018,8742,10016,-1,10016,8742,8743,-1,10016,8743,10017,-1,10019,8735,10020,-1,10020,8735,8738,-1,10020,8738,10018,-1,10018,8738,8740,-1,10018,8740,8742,-1,8732,8731,10021,-1,10021,8731,8737,-1,10021,8737,10019,-1,10019,8737,8736,-1,10019,8736,8735,-1,8732,10021,8733,-1,8733,10021,10022,-1,8733,10022,8725,-1,8723,8729,10023,-1,10023,8729,8728,-1,10023,8728,10022,-1,10022,8728,8726,-1,10022,8726,8725,-1,8723,10023,8724,-1,8724,10023,10024,-1,8724,10024,8721,-1,10025,8718,10024,-1,10024,8718,8719,-1,10024,8719,8721,-1,10026,8711,10027,-1,10027,8711,8713,-1,10027,8713,10028,-1,10028,8713,8714,-1,10028,8714,10025,-1,10025,8714,8716,-1,10025,8716,8718,-1,8705,8707,10029,-1,10029,8707,8708,-1,10029,8708,10026,-1,10026,8708,8710,-1,10026,8710,8711,-1,8705,10029,8700,-1,8700,10029,10030,-1,8700,10030,8701,-1,8694,8704,10031,-1,10031,8704,8703,-1,10031,8703,10030,-1,10030,8703,8702,-1,10030,8702,8701,-1,10032,8697,10031,-1,10031,8697,8695,-1,10031,8695,8694,-1,10033,10034,8689,-1,8689,8693,10033,-1,10033,8693,8692,-1,10033,8692,10032,-1,10032,8692,8698,-1,10032,8698,8697,-1,10035,10036,8683,-1,8683,8687,10035,-1,10035,8687,8686,-1,10035,8686,10034,-1,10034,8686,8690,-1,10034,8690,8689,-1,10037,10038,8677,-1,8677,8681,10037,-1,10037,8681,8680,-1,10037,8680,10036,-1,10036,8680,8684,-1,10036,8684,8683,-1,9920,8671,10039,-1,8671,8675,10039,-1,10039,8675,8674,-1,10039,8674,10038,-1,10038,8674,8678,-1,10038,8678,8677,-1,10040,10041,8664,-1,8664,8666,10040,-1,10040,8666,8669,-1,10040,8669,9920,-1,9920,8669,8668,-1,9920,8668,8672,-1,9919,8658,10042,-1,8658,8660,10042,-1,10042,8660,8661,-1,10042,8661,10041,-1,10041,8661,8663,-1,10041,8663,8664,-1,10043,8585,8654,-1,10043,8654,10044,-1,8654,8583,10044,-1,10044,8583,8582,-1,10044,8582,9919,-1,9919,8582,8655,-1,9919,8655,8657,-1,10045,8653,10043,-1,10043,8653,8586,-1,10043,8586,8585,-1,8648,8647,10046,-1,10046,8647,8646,-1,10046,8646,10045,-1,10045,8646,8652,-1,10045,8652,8653,-1,8639,8641,10047,-1,10047,8641,8645,-1,10047,8645,10048,-1,10048,8645,8644,-1,10048,8644,10046,-1,10046,8644,8649,-1,10046,8649,8648,-1,8639,10047,8590,-1,8590,10047,10049,-1,8590,10049,8636,-1,8636,10049,10050,-1,8636,10050,8637,-1,8637,10050,10051,-1,8637,10051,8638,-1,10052,8635,10051,-1,10051,8635,8634,-1,10051,8634,8638,-1,10053,8591,10052,-1,10052,8591,8632,-1,10052,8632,8635,-1,10054,8630,10055,-1,10055,8630,8629,-1,10055,8629,10056,-1,10056,8629,8627,-1,10056,8627,10053,-1,10053,8627,8592,-1,10053,8592,8591,-1,8618,8620,9917,-1,9917,8620,8621,-1,9917,8621,10057,-1,10057,8621,8623,-1,10057,8623,10058,-1,10058,8623,8625,-1,10058,8625,10054,-1,10054,8625,8624,-1,10054,8624,8630,-1,10059,10060,9918,-1,9918,10060,8616,-1,9918,8616,8618,-1,8611,8610,10061,-1,10061,8610,8614,-1,10061,8614,10059,-1,10059,8614,8613,-1,10059,8613,10060,-1,8602,8601,10062,-1,10062,8601,8608,-1,10062,8608,10061,-1,10061,8608,8607,-1,10061,8607,8611,-1,8602,10062,8603,-1,8603,10062,10063,-1,8603,10063,8604,-1,8598,8599,10063,-1,10063,8599,8605,-1,10063,8605,8604,-1,8594,8596,10064,-1,10064,8596,8598,-1,10064,8598,10065,-1,10065,8598,10063,-1,10065,10063,10066,-1,9914,9916,9895,-1,9895,9916,9896,-1,9896,9916,10067,-1,9896,10067,10068,-1,10068,10067,10069,-1,10068,10069,10070,-1,10070,10069,10071,-1,10070,10071,10072,-1,10072,10071,10073,-1,10072,10073,10074,-1,10074,10073,10075,-1,10074,10075,10076,-1,10076,10075,10077,-1,10076,10077,10078,-1,10078,10077,10079,-1,10078,10079,10080,-1,10080,10079,10081,-1,10080,10081,10082,-1,10082,10081,10083,-1,10082,10083,10084,-1,10084,10083,10085,-1,10084,10085,10086,-1,10086,10085,10087,-1,10086,10087,10088,-1,10088,10087,10089,-1,10088,10089,10090,-1,10090,10089,10091,-1,10090,10091,10092,-1,10092,10091,10093,-1,10092,10093,10094,-1,10094,10093,10095,-1,10094,10095,10096,-1,10096,10095,10097,-1,10096,10097,10098,-1,10098,10097,10099,-1,10098,10099,10100,-1,10100,10099,10101,-1,10100,10101,10102,-1,10102,10101,10103,-1,10102,10103,10104,-1,10104,10103,10105,-1,10104,10105,10106,-1,10106,10105,10107,-1,10106,10107,10108,-1,10108,10107,10109,-1,10108,10109,10110,-1,10110,10109,10111,-1,10110,10111,10112,-1,10112,10111,10113,-1,10112,10113,10114,-1,10114,10113,10115,-1,10114,10115,10116,-1,10116,10115,10117,-1,10116,10117,10118,-1,10118,10117,10119,-1,10118,10119,10120,-1,10120,10119,10121,-1,10120,10121,10122,-1,10122,10121,10123,-1,10122,10123,10124,-1,10124,10123,10125,-1,10124,10125,10126,-1,10126,10125,10127,-1,10126,10127,10128,-1,10128,10127,10129,-1,10128,10129,10130,-1,10130,10129,10131,-1,10130,10131,10132,-1,10132,10131,10133,-1,10132,10133,10134,-1,10134,10133,10135,-1,10134,10135,10136,-1,10136,10135,10137,-1,10136,10137,10138,-1,10138,10137,10139,-1,10138,10139,10140,-1,10140,10139,10141,-1,10140,10141,10142,-1,10142,10141,10143,-1,10142,10143,10144,-1,10144,10143,10145,-1,10144,10145,10146,-1,10146,10145,10147,-1,10146,10147,10148,-1,10148,10147,10149,-1,10148,10149,10150,-1,10150,10149,10151,-1,10150,10151,10152,-1,10152,10151,10153,-1,10152,10153,10154,-1,10154,10153,10155,-1,10154,10155,10156,-1,10156,10155,10157,-1,10156,10157,10158,-1,10158,10157,10159,-1,10158,10159,10160,-1,10160,10159,10161,-1,10160,10161,10162,-1,10162,10161,10163,-1,10162,10163,10164,-1,10164,10163,10165,-1,10164,10165,10166,-1,10166,10165,10167,-1,10166,10167,10168,-1,10168,10167,10169,-1,10168,10169,10170,-1,10170,10169,10171,-1,10170,10171,10172,-1,10172,10171,10173,-1,10172,10173,10174,-1,10174,10173,10175,-1,10174,10175,10176,-1,10176,10175,10177,-1,10176,10177,10178,-1,10178,10177,10179,-1,10178,10179,10180,-1,10180,10179,10181,-1,10180,10181,10182,-1,10182,10181,10183,-1,10182,10183,10184,-1,10184,10183,10185,-1,10184,10185,10186,-1,9911,9913,10187,-1,10187,9913,10188,-1,10187,10188,10189,-1,10189,10188,10190,-1,10189,10190,10191,-1,10191,10190,10192,-1,10191,10192,10193,-1,10193,10192,10194,-1,10193,10194,10195,-1,10195,10194,10196,-1,10195,10196,10197,-1,10197,10196,10198,-1,10197,10198,10199,-1,10199,10198,10200,-1,10199,10200,10201,-1,10201,10200,10202,-1,10201,10202,10203,-1,10203,10202,10204,-1,10203,10204,10205,-1,10205,10204,10206,-1,10205,10206,10207,-1,10207,10206,10208,-1,10207,10208,10209,-1,10209,10208,10210,-1,10209,10210,10211,-1,10211,10210,10212,-1,10211,10212,10213,-1,10213,10212,10214,-1,10213,10214,10215,-1,10215,10214,10216,-1,10215,10216,10217,-1,10217,10216,10218,-1,10217,10218,10219,-1,10219,10218,10220,-1,10219,10220,10221,-1,10221,10220,10222,-1,10221,10222,10223,-1,10223,10222,10224,-1,10223,10224,10225,-1,10225,10224,10226,-1,10225,10226,10227,-1,10227,10226,10228,-1,10227,10228,10229,-1,10229,10228,10230,-1,10229,10230,10231,-1,10231,10230,10232,-1,10231,10232,10233,-1,10233,10232,10234,-1,10233,10234,10235,-1,10235,10234,10236,-1,10235,10236,10237,-1,10237,10236,10238,-1,10237,10238,10239,-1,10239,10238,10240,-1,10239,10240,10241,-1,10241,10240,10242,-1,10241,10242,10243,-1,10243,10242,10244,-1,10243,10244,10245,-1,10245,10244,10246,-1,10245,10246,10247,-1,10247,10246,10248,-1,10247,10248,10249,-1,10249,10248,10250,-1,10249,10250,10251,-1,10251,10250,10252,-1,10251,10252,10253,-1,10253,10252,10254,-1,10253,10254,10255,-1,10255,10254,10256,-1,10255,10256,10257,-1,10257,10256,10258,-1,10257,10258,10259,-1,10259,10258,10260,-1,10259,10260,10261,-1,10261,10260,10262,-1,10261,10262,10263,-1,10263,10262,10264,-1,10263,10264,10265,-1,10265,10264,10266,-1,10265,10266,10267,-1,10267,10266,10268,-1,10267,10268,10269,-1,10269,10268,10270,-1,10269,10270,10271,-1,10271,10270,10272,-1,10271,10272,10273,-1,10273,10272,10274,-1,10273,10274,10275,-1,10275,10274,10276,-1,10275,10276,10277,-1,10277,10276,10278,-1,10277,10278,10279,-1,10279,10278,10280,-1,10279,10280,10281,-1,10281,10280,10282,-1,10281,10282,10283,-1,10283,10282,10284,-1,10283,10284,10285,-1,10285,10284,10286,-1,10285,10286,10287,-1,10287,10286,10288,-1,10287,10288,10289,-1,10289,10288,10290,-1,10289,10290,10291,-1,10291,10290,10292,-1,10291,10292,10293,-1,10293,10292,10294,-1,10293,10294,10295,-1,10295,10294,10296,-1,10295,10296,10297,-1,10297,10296,10298,-1,10297,10298,10299,-1,10299,10298,10300,-1,10299,10300,10301,-1,10301,10300,10302,-1,10301,10302,10303,-1,10303,10302,10304,-1,10303,10304,9910,-1,9910,10304,8503,-1,9910,8503,9909,-1,10305,10306,10307,-1,10307,10306,10308,-1,10307,10308,9894,-1,10309,9912,10310,-1,10310,9912,9911,-1,10310,9911,10311,-1,10311,9911,9915,-1,9927,9906,9928,-1,9928,9906,9908,-1,9928,9908,9929,-1,9929,9908,10312,-1,9929,10312,9926,-1,9926,10312,10313,-1,9907,9903,9908,-1,9908,9903,9905,-1,9908,9905,10312,-1,10312,9905,10314,-1,10312,10314,10313,-1,10313,10314,10315,-1,10316,9891,10317,-1,10317,9891,9893,-1,10317,9893,10318,-1,10318,9893,10319,-1,10318,10319,10320,-1,10320,10319,10321,-1,10320,10321,10322,-1,10322,10321,10323,-1,9930,10324,9931,-1,9931,10324,10325,-1,9931,10325,9932,-1,9932,10325,10326,-1,9932,10326,9933,-1,9933,10326,10327,-1,9038,9926,9930,-1,9930,9926,10313,-1,9930,10313,10324,-1,10324,10313,10315,-1,10324,10315,10325,-1,10325,10315,10328,-1,10325,10328,10326,-1,10326,10328,10329,-1,10326,10329,10327,-1,10323,10330,10322,-1,10322,10330,10331,-1,10322,10331,10332,-1,10332,10331,10333,-1,10332,10333,10334,-1,10334,10333,10335,-1,9934,10336,9935,-1,9935,10336,10337,-1,9935,10337,9936,-1,9936,10337,10338,-1,10339,10338,10340,-1,10340,10338,10337,-1,10340,10337,10329,-1,10329,10337,10336,-1,10329,10336,10327,-1,10327,10336,9934,-1,10327,9934,9933,-1,9933,9934,9031,-1,9933,9031,9030,-1,10335,10341,10334,-1,10334,10341,10342,-1,10334,10342,10343,-1,9939,10344,9938,-1,9938,10344,10345,-1,9938,10345,9937,-1,9937,10345,10346,-1,9020,9936,9939,-1,9939,9936,10338,-1,9939,10338,10344,-1,10344,10338,10339,-1,10344,10339,10345,-1,10345,10339,10347,-1,10345,10347,10346,-1,10342,10348,10343,-1,10343,10348,10349,-1,10343,10349,10350,-1,10350,10349,10351,-1,10350,10351,10352,-1,10352,10351,10353,-1,10353,10354,10352,-1,10352,10354,10355,-1,10352,10355,10356,-1,10356,10355,10357,-1,10356,10357,10358,-1,10358,10357,10359,-1,10358,10359,10360,-1,10360,10359,10361,-1,10360,10361,10362,-1,10362,10361,10363,-1,10362,10363,10364,-1,10364,10363,10365,-1,10364,10365,10366,-1,10366,10365,10367,-1,10366,10367,10368,-1,10368,10367,10369,-1,10368,10369,10370,-1,10370,10369,10371,-1,10370,10371,10372,-1,10372,10371,10373,-1,10372,10373,10374,-1,10374,10373,10375,-1,10374,10375,10376,-1,10376,10375,10377,-1,10376,10377,10378,-1,10378,10377,10379,-1,10378,10379,10380,-1,10380,10379,10381,-1,10380,10381,10382,-1,10382,10381,10383,-1,10382,10383,10384,-1,10384,10383,10385,-1,10384,10385,10386,-1,10386,10385,10387,-1,10386,10387,10388,-1,10388,10387,10389,-1,10388,10389,10390,-1,10390,10389,10391,-1,10390,10391,10392,-1,10392,10391,10393,-1,10392,10393,10394,-1,10394,10393,10395,-1,10394,10395,10396,-1,10396,10395,10397,-1,10396,10397,10398,-1,10398,10397,10399,-1,10398,10399,10400,-1,10400,10399,10401,-1,10400,10401,10402,-1,9941,10403,9940,-1,9940,10403,10404,-1,9940,10404,9942,-1,9942,10404,10405,-1,9942,10405,9943,-1,9943,10405,10406,-1,9943,10406,9944,-1,9944,10406,10407,-1,9944,10407,9945,-1,9945,10407,10408,-1,9945,10408,9946,-1,9946,10408,10409,-1,9946,10409,9947,-1,9947,10409,10410,-1,9947,10410,9948,-1,9948,10410,10411,-1,9948,10411,9949,-1,9949,10411,10412,-1,9949,10412,9950,-1,9950,10412,10413,-1,9950,10413,9951,-1,9951,10413,10414,-1,9951,10414,9952,-1,9952,10414,10415,-1,9952,10415,9953,-1,9953,10415,10416,-1,9953,10416,9954,-1,9954,10416,10417,-1,9954,10417,9955,-1,9955,10417,10418,-1,9955,10418,9956,-1,9956,10418,10419,-1,9956,10419,9957,-1,9957,10419,10420,-1,9957,10420,9958,-1,9958,10420,10421,-1,9958,10421,9959,-1,9959,10421,10422,-1,9959,10422,9960,-1,9960,10422,10423,-1,9960,10423,9961,-1,9961,10423,10424,-1,9961,10424,9962,-1,9962,10424,10425,-1,9962,10425,9963,-1,9963,10425,10426,-1,9963,10426,9964,-1,9964,10426,10427,-1,9964,10427,9965,-1,9965,10427,10428,-1,9965,10428,9966,-1,9966,10428,10429,-1,10430,10429,10431,-1,10431,10429,10428,-1,10431,10428,10432,-1,10432,10428,10427,-1,10432,10427,10433,-1,10433,10427,10426,-1,10433,10426,10434,-1,10434,10426,10425,-1,10434,10425,10435,-1,10435,10425,10424,-1,10435,10424,10436,-1,10436,10424,10423,-1,10436,10423,10437,-1,10437,10423,10422,-1,10437,10422,10438,-1,10438,10422,10421,-1,10438,10421,10439,-1,10439,10421,10420,-1,10439,10420,10440,-1,10440,10420,10419,-1,10440,10419,10441,-1,10441,10419,10418,-1,10441,10418,10442,-1,10442,10418,10417,-1,10442,10417,10443,-1,10443,10417,10416,-1,10443,10416,10444,-1,10444,10416,10415,-1,10444,10415,10445,-1,10445,10415,10414,-1,10445,10414,10446,-1,10446,10414,10413,-1,10446,10413,10447,-1,10447,10413,10412,-1,10447,10412,10448,-1,10448,10412,10411,-1,10448,10411,10449,-1,10449,10411,10410,-1,10449,10410,10450,-1,10450,10410,10409,-1,10450,10409,10451,-1,10451,10409,10408,-1,10451,10408,10452,-1,10452,10408,10407,-1,10452,10407,10453,-1,10453,10407,10406,-1,10453,10406,10454,-1,10454,10406,10405,-1,10454,10405,10455,-1,10455,10405,10404,-1,10455,10404,10347,-1,10347,10404,10403,-1,10347,10403,10346,-1,10346,10403,9941,-1,10346,9941,9937,-1,9937,9941,9017,-1,9937,9017,9016,-1,10401,10456,10402,-1,10402,10456,10457,-1,10402,10457,10458,-1,10458,10457,10459,-1,10458,10459,10460,-1,10460,10459,10461,-1,10460,10461,10462,-1,10462,10461,10463,-1,10462,10463,10464,-1,10464,10463,10465,-1,10464,10465,10466,-1,10466,10465,10467,-1,10466,10467,10468,-1,9967,10469,9968,-1,9968,10469,10470,-1,9968,10470,9969,-1,9969,10470,10471,-1,9969,10471,9970,-1,9970,10471,10472,-1,9970,10472,9971,-1,9971,10472,10473,-1,9971,10473,9972,-1,9972,10473,10474,-1,9972,10474,9973,-1,9973,10474,10475,-1,10476,10475,10477,-1,10477,10475,10474,-1,10477,10474,10478,-1,10478,10474,10473,-1,10478,10473,10479,-1,10479,10473,10472,-1,10479,10472,10480,-1,10480,10472,10471,-1,10480,10471,10481,-1,10481,10471,10470,-1,10481,10470,10430,-1,10430,10470,10469,-1,10430,10469,10429,-1,10429,10469,9967,-1,10429,9967,9966,-1,9966,9967,8917,-1,9966,8917,8571,-1,10467,10482,10468,-1,10468,10482,10483,-1,10468,10483,10484,-1,10484,10483,10485,-1,10484,10485,10486,-1,10486,10485,10487,-1,10486,10487,10488,-1,9975,10489,9974,-1,9974,10489,10490,-1,9974,10490,9977,-1,9977,10490,10491,-1,9977,10491,9978,-1,9978,10491,10492,-1,10493,10492,10494,-1,10494,10492,10491,-1,10494,10491,10495,-1,10495,10491,10490,-1,10495,10490,10476,-1,10476,10490,10489,-1,10476,10489,10475,-1,10475,10489,9975,-1,10475,9975,9973,-1,9973,9975,8900,-1,9973,8900,8577,-1,10487,10496,10488,-1,10488,10496,10497,-1,10488,10497,10498,-1,8882,9925,10499,-1,10499,9925,10500,-1,10499,10500,10501,-1,10502,10501,10493,-1,10493,10501,10500,-1,10493,10500,10492,-1,10492,10500,9925,-1,10492,9925,9978,-1,9978,9925,8885,-1,9978,8885,8887,-1,8879,9980,9979,-1,9979,9980,10503,-1,9979,10503,10504,-1,10505,10504,10502,-1,10502,10504,10503,-1,10502,10503,10501,-1,10501,10503,9980,-1,10501,9980,10499,-1,10499,9980,8883,-1,10499,8883,8882,-1,10497,10506,10498,-1,10498,10506,10507,-1,10498,10507,10508,-1,10508,10507,10509,-1,10508,10509,10510,-1,10510,10509,10511,-1,10510,10511,10512,-1,10309,10316,9912,-1,9912,10316,10317,-1,9912,10317,9913,-1,9913,10317,10318,-1,9913,10318,10188,-1,10188,10318,10320,-1,10188,10320,10190,-1,10190,10320,10322,-1,10190,10322,10192,-1,10192,10322,10332,-1,10192,10332,10194,-1,10194,10332,10334,-1,10194,10334,10196,-1,10196,10334,10343,-1,10196,10343,10198,-1,10198,10343,10350,-1,10198,10350,10200,-1,10200,10350,10352,-1,10200,10352,10202,-1,10202,10352,10356,-1,10202,10356,10204,-1,10204,10356,10358,-1,10204,10358,10206,-1,10206,10358,10360,-1,10206,10360,10208,-1,10208,10360,10362,-1,10208,10362,10210,-1,10210,10362,10364,-1,10210,10364,10212,-1,10212,10364,10366,-1,10212,10366,10214,-1,10214,10366,10368,-1,10214,10368,10216,-1,10216,10368,10370,-1,10216,10370,10218,-1,10218,10370,10372,-1,10218,10372,10220,-1,10220,10372,10374,-1,10220,10374,10222,-1,10222,10374,10376,-1,10222,10376,10224,-1,10224,10376,10378,-1,10224,10378,10226,-1,10226,10378,10380,-1,10226,10380,10228,-1,10228,10380,10382,-1,10228,10382,10230,-1,10230,10382,10384,-1,10230,10384,10232,-1,10232,10384,10386,-1,10232,10386,10234,-1,10234,10386,10388,-1,10234,10388,10236,-1,10236,10388,10390,-1,10236,10390,10238,-1,10238,10390,10392,-1,10238,10392,10240,-1,10240,10392,10394,-1,10240,10394,10242,-1,10242,10394,10396,-1,10242,10396,10244,-1,10244,10396,10398,-1,10244,10398,10246,-1,10246,10398,10400,-1,10246,10400,10248,-1,10248,10400,10402,-1,10248,10402,10250,-1,10250,10402,10458,-1,10250,10458,10252,-1,10252,10458,10460,-1,10252,10460,10254,-1,10254,10460,10462,-1,10254,10462,10256,-1,10256,10462,10464,-1,10256,10464,10258,-1,10258,10464,10466,-1,10258,10466,10260,-1,10260,10466,10468,-1,10260,10468,10262,-1,10262,10468,10484,-1,10262,10484,10264,-1,10264,10484,10486,-1,10264,10486,10266,-1,10266,10486,10488,-1,10266,10488,10268,-1,10268,10488,10498,-1,10268,10498,10270,-1,10270,10498,10508,-1,10270,10508,10272,-1,10272,10508,10510,-1,10272,10510,10274,-1,10274,10510,10512,-1,10274,10512,10276,-1,10276,10512,10513,-1,10276,10513,10278,-1,10278,10513,10514,-1,10278,10514,10280,-1,10280,10514,10515,-1,10280,10515,10282,-1,10282,10515,10516,-1,10282,10516,10284,-1,10284,10516,10517,-1,10284,10517,10286,-1,10286,10517,10518,-1,10286,10518,10288,-1,10288,10518,10519,-1,10288,10519,10290,-1,10290,10519,10520,-1,10290,10520,10292,-1,10292,10520,10521,-1,10292,10521,10294,-1,10294,10521,10522,-1,10294,10522,10296,-1,10296,10522,10523,-1,10296,10523,10298,-1,10298,10523,10524,-1,10298,10524,10300,-1,10300,10524,10525,-1,10300,10525,10302,-1,10302,10525,10526,-1,10302,10526,10304,-1,10304,10526,10527,-1,8485,8487,9889,-1,9889,8487,9890,-1,9889,9890,10528,-1,10528,9890,9995,-1,10528,9995,10529,-1,10529,9995,9994,-1,10529,9994,10530,-1,10530,9994,9993,-1,10530,9993,10531,-1,10531,9993,9992,-1,10531,9992,10532,-1,10532,9992,9991,-1,10532,9991,10533,-1,10533,9991,9990,-1,10533,9990,10534,-1,10534,9990,9989,-1,10534,9989,10535,-1,10535,9989,9988,-1,10535,9988,10536,-1,10536,9988,9987,-1,10536,9987,10537,-1,10537,9987,9986,-1,10537,9986,10538,-1,10538,9986,9924,-1,10538,9924,10539,-1,10539,9924,9985,-1,10539,9985,10540,-1,10540,9985,9983,-1,10540,9983,10541,-1,10541,9983,9984,-1,10541,9984,10542,-1,10542,9984,9981,-1,10542,9981,10543,-1,10543,9981,9982,-1,8490,8489,9888,-1,9888,8489,9889,-1,9888,9889,10544,-1,10544,9889,10528,-1,10544,10528,10545,-1,10545,10528,10529,-1,10545,10529,10546,-1,10546,10529,10530,-1,10546,10530,10547,-1,10547,10530,10531,-1,10547,10531,10548,-1,10548,10531,10532,-1,10548,10532,10549,-1,10549,10532,10533,-1,10549,10533,10550,-1,10550,10533,10534,-1,10550,10534,10551,-1,10551,10534,10535,-1,10551,10535,10552,-1,10552,10535,10536,-1,10552,10536,10553,-1,10553,10536,10537,-1,10553,10537,10554,-1,10554,10537,10538,-1,10554,10538,10555,-1,10555,10538,10539,-1,10555,10539,10556,-1,10556,10539,10540,-1,10556,10540,10557,-1,10557,10540,10541,-1,10557,10541,10558,-1,10558,10541,10542,-1,10558,10542,10505,-1,10505,10542,10543,-1,10505,10543,10504,-1,10504,10543,9982,-1,10504,9982,9979,-1,9979,9982,8876,-1,9979,8876,8880,-1,8492,8491,9887,-1,9887,8491,9888,-1,9887,9888,10559,-1,10559,9888,10544,-1,10559,10544,10560,-1,10560,10544,10545,-1,10560,10545,10561,-1,10561,10545,10546,-1,10561,10546,10562,-1,10562,10546,10547,-1,10562,10547,10563,-1,10563,10547,10548,-1,10563,10548,10564,-1,10564,10548,10549,-1,10564,10549,10565,-1,10565,10549,10550,-1,10565,10550,10566,-1,10566,10550,10551,-1,10566,10551,10567,-1,10567,10551,10552,-1,10567,10552,10568,-1,10568,10552,10553,-1,10568,10553,10569,-1,10569,10553,10554,-1,10569,10554,10570,-1,10570,10554,10555,-1,10570,10555,10571,-1,10571,10555,10556,-1,10571,10556,10572,-1,10572,10556,10557,-1,10572,10557,10573,-1,10573,10557,10558,-1,10573,10558,10574,-1,10574,10558,10505,-1,10574,10505,10575,-1,10575,10505,10502,-1,10575,10502,10576,-1,10576,10502,10493,-1,10576,10493,10577,-1,10577,10493,10494,-1,10577,10494,10578,-1,10578,10494,10495,-1,10578,10495,10579,-1,10579,10495,10476,-1,10579,10476,10580,-1,10580,10476,10477,-1,10580,10477,10581,-1,10581,10477,10478,-1,10581,10478,10582,-1,10582,10478,10479,-1,10582,10479,10583,-1,10583,10479,10480,-1,10583,10480,10584,-1,10584,10480,10481,-1,10584,10481,10585,-1,10585,10481,10430,-1,10585,10430,10586,-1,10586,10430,10431,-1,10586,10431,10587,-1,10587,10431,10432,-1,10587,10432,10588,-1,10588,10432,10433,-1,10588,10433,10589,-1,10589,10433,10434,-1,10589,10434,10590,-1,10590,10434,10435,-1,10590,10435,10591,-1,10591,10435,10436,-1,10591,10436,10592,-1,10592,10436,10437,-1,10592,10437,10593,-1,10593,10437,10438,-1,10593,10438,10594,-1,10594,10438,10439,-1,10594,10439,10595,-1,10595,10439,10440,-1,10595,10440,10596,-1,10596,10440,10441,-1,10596,10441,10597,-1,10597,10441,10442,-1,10597,10442,10598,-1,10598,10442,10443,-1,10598,10443,10599,-1,10599,10443,10444,-1,10599,10444,10600,-1,10600,10444,10445,-1,10600,10445,10601,-1,10601,10445,10446,-1,10601,10446,10602,-1,10602,10446,10447,-1,10602,10447,10603,-1,10603,10447,10448,-1,10603,10448,10604,-1,10604,10448,10449,-1,10604,10449,10605,-1,10605,10449,10450,-1,10605,10450,10606,-1,10606,10450,10451,-1,10606,10451,10607,-1,10607,10451,10452,-1,10607,10452,10608,-1,10608,10452,10453,-1,10608,10453,10609,-1,10609,10453,10454,-1,10609,10454,10610,-1,10610,10454,10455,-1,10610,10455,10611,-1,10611,10455,10347,-1,10611,10347,10612,-1,10612,10347,10339,-1,10612,10339,10613,-1,10613,10339,10340,-1,10613,10340,10614,-1,10614,10340,10329,-1,10614,10329,10615,-1,10615,10329,10328,-1,10615,10328,10616,-1,10616,10328,10315,-1,10616,10315,10617,-1,10617,10315,10314,-1,10617,10314,9902,-1,9902,10314,9905,-1,9902,9905,9900,-1,9900,9905,9904,-1,8494,9886,10618,-1,10618,9886,9887,-1,10618,9887,10619,-1,10619,9887,10559,-1,10619,10559,10620,-1,10620,10559,10560,-1,10620,10560,10621,-1,10621,10560,10561,-1,10621,10561,10622,-1,10622,10561,10562,-1,10622,10562,10623,-1,10623,10562,10563,-1,10623,10563,10624,-1,10624,10563,10564,-1,10624,10564,10625,-1,10625,10564,10565,-1,10625,10565,10626,-1,10626,10565,10566,-1,10626,10566,10627,-1,10627,10566,10567,-1,10627,10567,10628,-1,10628,10567,10568,-1,10628,10568,10629,-1,10629,10568,10569,-1,10629,10569,10630,-1,10630,10569,10570,-1,10630,10570,10631,-1,10631,10570,10571,-1,10631,10571,10632,-1,10632,10571,10572,-1,10632,10572,10633,-1,10633,10572,10573,-1,10633,10573,10634,-1,10634,10573,10574,-1,10634,10574,10635,-1,10635,10574,10575,-1,10635,10575,10636,-1,10636,10575,10576,-1,10636,10576,10637,-1,10637,10576,10577,-1,10637,10577,10638,-1,10638,10577,10578,-1,10638,10578,10639,-1,10639,10578,10579,-1,10639,10579,10640,-1,10640,10579,10580,-1,10640,10580,10641,-1,10641,10580,10581,-1,10641,10581,10642,-1,10642,10581,10582,-1,10642,10582,10643,-1,10643,10582,10583,-1,10643,10583,10644,-1,10644,10583,10584,-1,10644,10584,10645,-1,10645,10584,10585,-1,10645,10585,10646,-1,10646,10585,10586,-1,10646,10586,10647,-1,10647,10586,10587,-1,10647,10587,10648,-1,10648,10587,10588,-1,10648,10588,10649,-1,10649,10588,10589,-1,10649,10589,10650,-1,10650,10589,10590,-1,10650,10590,10651,-1,10651,10590,10591,-1,10651,10591,10652,-1,10652,10591,10592,-1,10652,10592,10653,-1,10653,10592,10593,-1,10653,10593,10654,-1,10654,10593,10594,-1,10654,10594,10655,-1,10655,10594,10595,-1,10655,10595,10656,-1,10656,10595,10596,-1,10656,10596,10657,-1,10657,10596,10597,-1,10657,10597,10658,-1,10658,10597,10598,-1,10658,10598,10659,-1,10659,10598,10599,-1,10659,10599,10660,-1,10660,10599,10600,-1,10660,10600,10661,-1,10661,10600,10601,-1,10661,10601,10662,-1,10662,10601,10602,-1,10662,10602,10663,-1,10663,10602,10603,-1,10663,10603,10664,-1,10664,10603,10604,-1,10664,10604,10665,-1,10665,10604,10605,-1,10665,10605,10666,-1,10666,10605,10606,-1,10666,10606,10667,-1,10667,10606,10607,-1,10667,10607,10668,-1,10668,10607,10608,-1,10668,10608,10669,-1,10669,10608,10609,-1,10669,10609,10670,-1,10670,10609,10610,-1,10670,10610,10671,-1,10671,10610,10611,-1,10671,10611,10672,-1,10672,10611,10612,-1,10672,10612,10673,-1,10673,10612,10613,-1,10673,10613,10674,-1,10674,10613,10614,-1,10674,10614,10675,-1,10675,10614,10615,-1,10675,10615,10676,-1,10676,10615,10616,-1,10676,10616,10677,-1,10677,10616,10617,-1,10677,10617,9899,-1,9899,10617,9902,-1,9899,9902,9897,-1,9897,9902,9901,-1,9898,10678,9899,-1,9899,10678,10679,-1,9899,10679,10677,-1,10677,10679,10680,-1,10677,10680,10676,-1,10676,10680,10681,-1,10676,10681,10675,-1,10675,10681,10682,-1,10675,10682,10674,-1,10674,10682,10683,-1,10674,10683,10673,-1,10673,10683,10684,-1,10673,10684,10672,-1,10672,10684,10685,-1,10672,10685,10671,-1,10671,10685,10686,-1,10671,10686,10670,-1,10670,10686,10687,-1,10670,10687,10669,-1,10669,10687,10688,-1,10669,10688,10668,-1,10668,10688,10689,-1,10668,10689,10667,-1,10667,10689,10690,-1,10667,10690,10666,-1,10666,10690,10691,-1,10666,10691,10665,-1,10665,10691,10692,-1,10665,10692,10664,-1,10664,10692,10693,-1,10664,10693,10663,-1,10663,10693,10694,-1,10663,10694,10662,-1,10662,10694,10695,-1,10662,10695,10661,-1,10661,10695,10696,-1,10661,10696,10660,-1,10660,10696,10697,-1,10660,10697,10659,-1,10659,10697,10698,-1,10659,10698,10658,-1,10658,10698,10699,-1,10658,10699,10657,-1,10657,10699,10700,-1,10657,10700,10656,-1,10656,10700,10701,-1,10656,10701,10655,-1,10655,10701,10702,-1,10655,10702,10654,-1,10654,10702,10703,-1,10654,10703,10653,-1,10653,10703,10704,-1,10653,10704,10652,-1,10652,10704,10705,-1,10652,10705,10651,-1,10651,10705,10706,-1,10651,10706,10650,-1,10650,10706,10707,-1,10650,10707,10649,-1,10649,10707,10708,-1,10649,10708,10648,-1,10648,10708,10709,-1,10648,10709,10647,-1,10647,10709,10710,-1,10647,10710,10646,-1,10646,10710,10711,-1,10646,10711,10645,-1,10645,10711,10712,-1,10645,10712,10644,-1,10644,10712,10713,-1,10644,10713,10643,-1,10643,10713,10714,-1,10643,10714,10642,-1,10642,10714,10715,-1,10642,10715,10641,-1,10641,10715,10716,-1,10641,10716,10640,-1,10640,10716,10717,-1,10640,10717,10639,-1,10639,10717,10718,-1,10639,10718,10638,-1,10638,10718,10719,-1,10638,10719,10637,-1,10637,10719,10720,-1,10637,10720,10636,-1,10636,10720,10721,-1,10636,10721,10635,-1,10635,10721,10722,-1,10635,10722,10634,-1,10634,10722,10723,-1,10634,10723,10633,-1,10633,10723,10724,-1,10633,10724,10632,-1,10632,10724,10725,-1,10632,10725,10631,-1,10631,10725,10726,-1,10631,10726,10630,-1,10630,10726,10727,-1,10630,10727,10629,-1,10629,10727,10728,-1,10629,10728,10628,-1,10628,10728,10729,-1,10628,10729,10627,-1,10627,10729,10730,-1,10627,10730,10626,-1,10626,10730,10731,-1,10626,10731,10625,-1,10625,10731,10732,-1,10625,10732,10624,-1,10624,10732,10733,-1,10624,10733,10623,-1,10623,10733,10734,-1,10623,10734,10622,-1,10622,10734,10735,-1,10622,10735,10621,-1,10621,10735,10736,-1,10621,10736,10620,-1,10620,10736,10737,-1,10620,10737,10619,-1,10619,10737,10738,-1,10619,10738,10618,-1,10618,10738,10739,-1,10618,10739,8494,-1,8494,10739,8495,-1,10678,10740,10679,-1,10679,10740,10741,-1,10679,10741,10680,-1,10680,10741,10742,-1,10680,10742,10681,-1,10681,10742,10743,-1,10681,10743,10682,-1,10682,10743,10744,-1,10682,10744,10683,-1,10683,10744,10745,-1,10683,10745,10684,-1,10684,10745,10746,-1,10684,10746,10685,-1,10685,10746,10747,-1,10685,10747,10686,-1,10686,10747,10748,-1,10686,10748,10687,-1,10687,10748,10749,-1,10687,10749,10688,-1,10688,10749,10750,-1,10688,10750,10689,-1,10689,10750,10751,-1,10689,10751,10690,-1,10690,10751,10752,-1,10690,10752,10691,-1,10691,10752,10753,-1,10691,10753,10692,-1,10692,10753,10754,-1,10692,10754,10693,-1,10693,10754,10755,-1,10693,10755,10694,-1,10694,10755,10756,-1,10694,10756,10695,-1,10695,10756,10757,-1,10695,10757,10696,-1,10696,10757,10758,-1,10696,10758,10697,-1,10697,10758,10759,-1,10697,10759,10698,-1,10698,10759,10760,-1,10698,10760,10699,-1,10699,10760,10761,-1,10699,10761,10700,-1,10700,10761,10762,-1,10700,10762,10701,-1,10701,10762,10763,-1,10701,10763,10702,-1,10702,10763,10764,-1,10702,10764,10703,-1,10703,10764,10765,-1,10703,10765,10704,-1,10704,10765,10766,-1,10704,10766,10705,-1,10705,10766,10767,-1,10705,10767,10706,-1,10706,10767,10768,-1,10706,10768,10707,-1,10707,10768,10769,-1,10707,10769,10708,-1,10708,10769,10770,-1,10708,10770,10709,-1,10709,10770,10771,-1,10709,10771,10710,-1,10710,10771,10772,-1,10710,10772,10711,-1,10711,10772,10773,-1,10711,10773,10712,-1,10712,10773,10774,-1,10712,10774,10713,-1,10713,10774,10775,-1,10713,10775,10714,-1,10714,10775,10776,-1,10714,10776,10715,-1,10715,10776,10777,-1,10715,10777,10716,-1,10716,10777,10778,-1,10716,10778,10717,-1,10717,10778,10779,-1,10717,10779,10718,-1,10718,10779,10780,-1,10718,10780,10719,-1,10719,10780,10781,-1,10719,10781,10720,-1,10720,10781,10782,-1,10720,10782,10721,-1,10721,10782,10783,-1,10721,10783,10722,-1,10722,10783,10784,-1,10722,10784,10723,-1,10723,10784,10785,-1,10723,10785,10724,-1,10724,10785,10786,-1,10724,10786,10725,-1,10725,10786,10787,-1,10725,10787,10726,-1,10726,10787,10788,-1,10726,10788,10727,-1,10727,10788,10789,-1,10727,10789,10728,-1,10728,10789,10790,-1,10728,10790,10729,-1,10729,10790,10791,-1,10729,10791,10730,-1,10730,10791,10792,-1,10730,10792,10731,-1,10731,10792,10793,-1,10731,10793,10732,-1,10732,10793,10794,-1,10732,10794,10733,-1,10733,10794,10795,-1,10733,10795,10734,-1,10734,10795,10796,-1,10734,10796,10735,-1,10735,10796,10797,-1,10735,10797,10736,-1,10736,10797,10798,-1,10736,10798,10737,-1,10737,10798,10799,-1,10737,10799,10738,-1,10738,10799,10800,-1,10738,10800,10739,-1,10739,10800,9885,-1,10739,9885,8495,-1,8495,9885,8496,-1,8498,8497,10801,-1,10801,8497,9885,-1,10801,9885,10802,-1,10802,9885,10800,-1,10802,10800,10803,-1,10803,10800,10799,-1,10803,10799,10804,-1,10804,10799,10798,-1,10804,10798,10805,-1,10805,10798,10797,-1,10805,10797,10806,-1,10806,10797,10796,-1,10806,10796,10807,-1,10807,10796,10795,-1,10807,10795,10808,-1,10808,10795,10794,-1,10808,10794,10809,-1,10809,10794,10793,-1,10809,10793,10810,-1,10810,10793,10792,-1,10810,10792,10811,-1,10811,10792,10791,-1,10811,10791,10812,-1,10812,10791,10790,-1,10812,10790,10813,-1,10813,10790,10789,-1,10813,10789,10814,-1,10814,10789,10788,-1,10814,10788,10815,-1,10815,10788,10787,-1,10815,10787,10816,-1,10816,10787,10786,-1,10816,10786,10817,-1,10817,10786,10785,-1,10817,10785,10818,-1,10818,10785,10784,-1,10818,10784,10819,-1,10819,10784,10783,-1,10819,10783,10820,-1,10820,10783,10782,-1,10820,10782,10821,-1,10821,10782,10781,-1,10821,10781,10822,-1,10822,10781,10780,-1,10822,10780,10823,-1,10823,10780,10779,-1,10823,10779,10824,-1,10824,10779,10778,-1,10824,10778,10825,-1,10825,10778,10777,-1,10825,10777,10826,-1,10826,10777,10776,-1,10826,10776,10827,-1,10827,10776,10775,-1,10827,10775,10828,-1,10828,10775,10774,-1,10828,10774,10829,-1,10829,10774,10773,-1,10829,10773,10830,-1,10830,10773,10772,-1,10830,10772,10831,-1,10831,10772,10771,-1,10831,10771,10832,-1,10832,10771,10770,-1,10832,10770,10833,-1,10833,10770,10769,-1,10833,10769,10834,-1,10834,10769,10768,-1,10834,10768,10835,-1,10835,10768,10767,-1,10835,10767,10836,-1,10836,10767,10766,-1,10836,10766,10837,-1,10837,10766,10765,-1,10837,10765,10838,-1,10838,10765,10764,-1,10838,10764,10839,-1,10839,10764,10763,-1,10839,10763,10840,-1,10840,10763,10762,-1,10840,10762,10841,-1,10841,10762,10761,-1,10841,10761,10842,-1,10842,10761,10760,-1,10842,10760,10843,-1,10843,10760,10759,-1,10843,10759,10844,-1,10844,10759,10758,-1,10844,10758,10845,-1,10845,10758,10757,-1,10845,10757,10846,-1,10846,10757,10756,-1,10846,10756,10847,-1,10847,10756,10755,-1,10847,10755,10848,-1,10848,10755,10754,-1,10848,10754,10849,-1,10849,10754,10753,-1,10849,10753,10850,-1,10850,10753,10752,-1,10850,10752,10851,-1,10851,10752,10751,-1,10851,10751,10852,-1,10852,10751,10750,-1,10852,10750,10853,-1,10853,10750,10749,-1,10853,10749,10854,-1,10854,10749,10748,-1,10854,10748,10855,-1,10855,10748,10747,-1,10855,10747,10856,-1,10856,10747,10746,-1,10856,10746,10857,-1,10857,10746,10745,-1,10857,10745,10858,-1,10858,10745,10744,-1,10858,10744,10859,-1,10859,10744,10743,-1,10859,10743,10860,-1,10860,10743,10742,-1,10860,10742,10307,-1,10307,10742,10741,-1,10307,10741,10305,-1,10305,10741,10740,-1,10185,8501,10186,-1,10186,8501,8500,-1,10186,8500,8499,-1,9894,9896,10307,-1,10307,9896,10068,-1,10307,10068,10860,-1,10860,10068,10070,-1,10860,10070,10859,-1,10859,10070,10072,-1,10859,10072,10858,-1,10858,10072,10074,-1,10858,10074,10857,-1,10857,10074,10076,-1,10857,10076,10856,-1,10856,10076,10078,-1,10856,10078,10855,-1,10855,10078,10080,-1,10855,10080,10854,-1,10854,10080,10082,-1,10854,10082,10853,-1,10853,10082,10084,-1,10853,10084,10852,-1,10852,10084,10086,-1,10852,10086,10851,-1,10851,10086,10088,-1,10851,10088,10850,-1,10850,10088,10090,-1,10850,10090,10849,-1,10849,10090,10092,-1,10849,10092,10848,-1,10848,10092,10094,-1,10848,10094,10847,-1,10847,10094,10096,-1,10847,10096,10846,-1,10846,10096,10098,-1,10846,10098,10845,-1,10845,10098,10100,-1,10845,10100,10844,-1,10844,10100,10102,-1,10844,10102,10843,-1,10843,10102,10104,-1,10843,10104,10842,-1,10842,10104,10106,-1,10842,10106,10841,-1,10841,10106,10108,-1,10841,10108,10840,-1,10840,10108,10110,-1,10840,10110,10839,-1,10839,10110,10112,-1,10839,10112,10838,-1,10838,10112,10114,-1,10838,10114,10837,-1,10837,10114,10116,-1,10837,10116,10836,-1,10836,10116,10118,-1,10836,10118,10835,-1,10835,10118,10120,-1,10835,10120,10834,-1,10834,10120,10122,-1,10834,10122,10833,-1,10833,10122,10124,-1,10833,10124,10832,-1,10832,10124,10126,-1,10832,10126,10831,-1,10831,10126,10128,-1,10831,10128,10830,-1,10830,10128,10130,-1,10830,10130,10829,-1,10829,10130,10132,-1,10829,10132,10828,-1,10828,10132,10134,-1,10828,10134,10827,-1,10827,10134,10136,-1,10827,10136,10826,-1,10826,10136,10138,-1,10826,10138,10825,-1,10825,10138,10140,-1,10825,10140,10824,-1,10824,10140,10142,-1,10824,10142,10823,-1,10823,10142,10144,-1,10823,10144,10822,-1,10822,10144,10146,-1,10822,10146,10821,-1,10821,10146,10148,-1,10821,10148,10820,-1,10820,10148,10150,-1,10820,10150,10819,-1,10819,10150,10152,-1,10819,10152,10818,-1,10818,10152,10154,-1,10818,10154,10817,-1,10817,10154,10156,-1,10817,10156,10816,-1,10816,10156,10158,-1,10816,10158,10815,-1,10815,10158,10160,-1,10815,10160,10814,-1,10814,10160,10162,-1,10814,10162,10813,-1,10813,10162,10164,-1,10813,10164,10812,-1,10812,10164,10166,-1,10812,10166,10811,-1,10811,10166,10168,-1,10811,10168,10810,-1,10810,10168,10170,-1,10810,10170,10809,-1,10809,10170,10172,-1,10809,10172,10808,-1,10808,10172,10174,-1,10808,10174,10807,-1,10807,10174,10176,-1,10807,10176,10806,-1,10806,10176,10178,-1,10806,10178,10805,-1,10805,10178,10180,-1,10805,10180,10804,-1,10804,10180,10182,-1,10804,10182,10803,-1,10803,10182,10184,-1,10803,10184,10802,-1,10802,10184,10186,-1,10802,10186,10801,-1,10801,10186,8499,-1,10801,8499,8498,-1,9915,9911,9916,-1,9916,9911,10187,-1,9916,10187,10067,-1,10067,10187,10189,-1,10067,10189,10069,-1,10069,10189,10191,-1,10069,10191,10071,-1,10071,10191,10193,-1,10071,10193,10073,-1,10073,10193,10195,-1,10073,10195,10075,-1,10075,10195,10197,-1,10075,10197,10077,-1,10077,10197,10199,-1,10077,10199,10079,-1,10079,10199,10201,-1,10079,10201,10081,-1,10081,10201,10203,-1,10081,10203,10083,-1,10083,10203,10205,-1,10083,10205,10085,-1,10085,10205,10207,-1,10085,10207,10087,-1,10087,10207,10209,-1,10087,10209,10089,-1,10089,10209,10211,-1,10089,10211,10091,-1,10091,10211,10213,-1,10091,10213,10093,-1,10093,10213,10215,-1,10093,10215,10095,-1,10095,10215,10217,-1,10095,10217,10097,-1,10097,10217,10219,-1,10097,10219,10099,-1,10099,10219,10221,-1,10099,10221,10101,-1,10101,10221,10223,-1,10101,10223,10103,-1,10103,10223,10225,-1,10103,10225,10105,-1,10105,10225,10227,-1,10105,10227,10107,-1,10107,10227,10229,-1,10107,10229,10109,-1,10109,10229,10231,-1,10109,10231,10111,-1,10111,10231,10233,-1,10111,10233,10113,-1,10113,10233,10235,-1,10113,10235,10115,-1,10115,10235,10237,-1,10115,10237,10117,-1,10117,10237,10239,-1,10117,10239,10119,-1,10119,10239,10241,-1,10119,10241,10121,-1,10121,10241,10243,-1,10121,10243,10123,-1,10123,10243,10245,-1,10123,10245,10125,-1,10125,10245,10247,-1,10125,10247,10127,-1,10127,10247,10249,-1,10127,10249,10129,-1,10129,10249,10251,-1,10129,10251,10131,-1,10131,10251,10253,-1,10131,10253,10133,-1,10133,10253,10255,-1,10133,10255,10135,-1,10135,10255,10257,-1,10135,10257,10137,-1,10137,10257,10259,-1,10137,10259,10139,-1,10139,10259,10261,-1,10139,10261,10141,-1,10141,10261,10263,-1,10141,10263,10143,-1,10143,10263,10265,-1,10143,10265,10145,-1,10145,10265,10267,-1,10145,10267,10147,-1,10147,10267,10269,-1,10147,10269,10149,-1,10149,10269,10271,-1,10149,10271,10151,-1,10151,10271,10273,-1,10151,10273,10153,-1,10153,10273,10275,-1,10153,10275,10155,-1,10155,10275,10277,-1,10155,10277,10157,-1,10157,10277,10279,-1,10157,10279,10159,-1,10159,10279,10281,-1,10159,10281,10161,-1,10161,10281,10283,-1,10161,10283,10163,-1,10163,10283,10285,-1,10163,10285,10165,-1,10165,10285,10287,-1,10165,10287,10167,-1,10167,10287,10289,-1,10167,10289,10169,-1,10169,10289,10291,-1,10169,10291,10171,-1,10171,10291,10293,-1,10171,10293,10173,-1,10173,10293,10295,-1,10173,10295,10175,-1,10175,10295,10297,-1,10175,10297,10177,-1,10177,10297,10299,-1,10177,10299,10179,-1,10179,10299,10301,-1,10179,10301,10181,-1,10181,10301,10303,-1,10181,10303,10183,-1,10183,10303,9910,-1,10183,9910,10185,-1,10185,9910,8482,-1,10185,8482,8501,-1,8508,8507,10861,-1,10861,8507,10527,-1,10861,10527,10862,-1,10862,10527,10526,-1,10862,10526,10863,-1,10863,10526,10525,-1,10863,10525,10864,-1,10864,10525,10524,-1,10864,10524,10865,-1,10865,10524,10523,-1,10865,10523,10866,-1,10866,10523,10522,-1,10866,10522,10867,-1,10867,10522,10521,-1,10867,10521,10868,-1,10868,10521,10520,-1,10868,10520,10869,-1,10869,10520,10519,-1,10869,10519,10870,-1,10870,10519,10518,-1,10870,10518,10871,-1,10871,10518,10517,-1,10871,10517,10872,-1,10872,10517,10516,-1,10872,10516,10873,-1,10873,10516,10515,-1,10873,10515,10874,-1,10874,10515,10514,-1,10874,10514,10875,-1,10875,10514,10513,-1,10875,10513,10876,-1,10876,10513,10512,-1,10876,10512,10877,-1,10877,10512,10511,-1,8507,10878,10527,-1,10527,10878,8505,-1,10527,8505,10304,-1,10304,8505,8504,-1,10304,8504,8503,-1,8509,8508,9996,-1,9996,8508,10861,-1,9996,10861,9997,-1,9997,10861,10862,-1,9997,10862,9998,-1,9998,10862,10863,-1,9998,10863,9999,-1,9999,10863,10864,-1,9999,10864,9923,-1,9923,10864,10865,-1,9923,10865,10000,-1,10000,10865,10866,-1,10000,10866,10001,-1,10001,10866,10867,-1,10001,10867,10002,-1,10002,10867,10868,-1,10002,10868,10003,-1,10003,10868,10869,-1,10003,10869,10004,-1,10004,10869,10870,-1,10004,10870,9922,-1,9922,10870,10871,-1,9922,10871,10005,-1,10005,10871,10872,-1,10005,10872,10007,-1,10007,10872,10873,-1,10007,10873,10006,-1,10006,10873,10874,-1,10006,10874,10009,-1,10009,10874,10875,-1,10009,10875,10008,-1,10008,10875,10876,-1,10008,10876,9921,-1,9921,10876,10877,-1,9921,10877,10010,-1,10010,10877,10511,-1,10010,10511,10011,-1,10011,10511,10509,-1,10011,10509,10012,-1,10012,10509,10507,-1,10012,10507,10014,-1,10014,10507,10506,-1,10014,10506,10013,-1,10013,10506,10497,-1,10013,10497,10015,-1,10015,10497,10496,-1,10015,10496,10016,-1,10016,10496,10487,-1,10016,10487,10018,-1,10018,10487,10485,-1,10018,10485,10020,-1,10020,10485,10483,-1,10020,10483,10019,-1,10019,10483,10482,-1,10019,10482,10021,-1,10021,10482,10467,-1,10021,10467,10022,-1,10022,10467,10465,-1,10022,10465,10023,-1,10023,10465,10463,-1,10023,10463,10024,-1,10024,10463,10461,-1,10024,10461,10025,-1,10025,10461,10459,-1,10025,10459,10028,-1,10028,10459,10457,-1,10028,10457,10027,-1,10027,10457,10456,-1,10027,10456,10026,-1,10026,10456,10401,-1,10026,10401,10029,-1,10029,10401,10399,-1,10029,10399,10030,-1,10030,10399,10397,-1,10030,10397,10031,-1,10031,10397,10395,-1,10031,10395,10032,-1,10032,10395,10393,-1,10032,10393,10033,-1,10033,10393,10391,-1,10033,10391,10034,-1,10034,10391,10389,-1,10034,10389,10035,-1,10035,10389,10387,-1,10035,10387,10036,-1,10036,10387,10385,-1,10036,10385,10037,-1,10037,10385,10383,-1,10037,10383,10038,-1,10038,10383,10381,-1,10038,10381,10039,-1,10039,10381,10379,-1,10039,10379,9920,-1,9920,10379,10377,-1,9920,10377,10040,-1,10040,10377,10375,-1,10040,10375,10041,-1,10041,10375,10373,-1,10041,10373,10042,-1,10042,10373,10371,-1,10042,10371,9919,-1,9919,10371,10369,-1,9919,10369,10044,-1,10044,10369,10367,-1,10044,10367,10043,-1,10043,10367,10365,-1,10043,10365,10045,-1,10045,10365,10363,-1,10045,10363,10046,-1,10046,10363,10361,-1,10046,10361,10048,-1,10048,10361,10359,-1,10048,10359,10047,-1,10047,10359,10357,-1,10047,10357,10049,-1,10049,10357,10355,-1,10049,10355,10050,-1,10050,10355,10354,-1,10050,10354,10051,-1,10051,10354,10353,-1,10051,10353,10052,-1,10052,10353,10351,-1,10052,10351,10053,-1,10053,10351,10349,-1,10053,10349,10056,-1,10056,10349,10348,-1,10056,10348,10055,-1,10055,10348,10342,-1,10055,10342,10054,-1,10054,10342,10341,-1,10054,10341,10058,-1,10058,10341,10335,-1,10058,10335,10057,-1,10057,10335,10333,-1,10057,10333,9917,-1,9917,10333,10331,-1,9917,10331,9918,-1,9918,10331,10330,-1,9918,10330,10059,-1,10059,10330,10323,-1,10059,10323,10061,-1,10061,10323,10321,-1,10061,10321,10062,-1,10062,10321,10319,-1,10062,10319,10063,-1,10063,10319,9893,-1,10063,9893,10066,-1,10066,9893,9892,-1,10308,10306,10879,-1,10308,10879,9894,-1,9894,10879,10880,-1,9894,10880,9895,-1,9895,10880,9914,-1,9914,10880,10881,-1,9914,10881,9915,-1,9915,10881,10882,-1,9915,10882,10311,-1,10311,10882,10310,-1,10310,10882,10883,-1,10310,10883,10309,-1,10884,9891,10883,-1,10883,9891,10316,-1,10883,10316,10309,-1,10885,10065,10886,-1,10886,10065,10066,-1,10886,10066,10884,-1,10884,10066,9892,-1,10884,9892,9891,-1,8595,8594,10885,-1,10885,8594,10064,-1,10885,10064,10065,-1,8595,10885,8558,-1,8558,10885,10887,-1,8558,10887,8559,-1,8559,10887,8555,-1,8555,10887,10888,-1,8555,10888,8556,-1,8556,10888,10889,-1,8556,10889,8552,-1,8552,10889,8553,-1,8553,10889,10890,-1,8553,10890,8549,-1,8549,10890,8550,-1,8550,10890,10891,-1,8550,10891,9788,-1,10892,9290,10893,-1,10893,9290,9289,-1,10893,9289,10891,-1,10891,9289,9531,-1,10891,9531,9788,-1,10879,10894,10880,-1,10880,10894,10895,-1,10880,10895,10881,-1,10881,10895,10896,-1,10881,10896,10882,-1,10882,10896,10897,-1,10882,10897,10883,-1,10883,10897,10898,-1,10883,10898,10884,-1,10884,10898,10899,-1,10884,10899,10886,-1,10886,10899,10900,-1,10886,10900,10885,-1,10885,10900,10901,-1,10885,10901,10887,-1,10902,10892,10903,-1,10903,10892,10893,-1,10903,10893,10904,-1,10904,10893,10891,-1,10904,10891,10905,-1,10905,10891,10890,-1,10905,10890,10906,-1,10906,10890,10889,-1,10906,10889,10907,-1,10907,10889,10888,-1,10907,10888,10908,-1,10908,10888,10887,-1,10908,10887,10909,-1,10909,10887,10901,-1,10899,10898,10910,-1,10910,10898,10897,-1,10910,10897,10896,-1,10896,10895,10910,-1,10910,10895,10894,-1,10910,10894,10911,-1,10911,10912,10910,-1,10910,10912,10913,-1,10910,10913,10914,-1,10914,10915,10910,-1,10910,10915,10916,-1,10910,10916,10917,-1,10918,10919,10920,-1,10920,10919,10921,-1,10917,10922,10919,-1,10919,10922,10923,-1,10923,10924,10919,-1,10919,10924,10925,-1,10919,10925,10921,-1,10918,10902,10919,-1,10919,10902,10903,-1,10919,10903,10904,-1,10904,10905,10919,-1,10919,10905,10906,-1,10919,10906,10907,-1,10907,10908,10919,-1,10919,10908,10909,-1,10919,10909,10917,-1,10917,10909,10901,-1,10917,10901,10910,-1,10910,10901,10900,-1,10910,10900,10899,-1,9292,9290,10892,-1,9292,10892,8546,-1,8546,10892,10926,-1,8546,10926,8547,-1,8547,10926,8564,-1,8564,10926,10927,-1,8564,10927,8565,-1,8565,10927,10928,-1,8565,10928,9293,-1,9293,10928,9295,-1,9295,10928,10929,-1,9295,10929,9297,-1,10930,9302,10929,-1,10929,9302,9298,-1,10929,9298,9297,-1,10931,8544,10932,-1,10932,8544,8543,-1,10932,8543,10930,-1,10930,8543,9305,-1,10930,9305,9302,-1,9927,9047,10931,-1,10931,9047,9046,-1,10931,9046,8544,-1,9927,10931,9906,-1,9906,10931,10933,-1,9906,10933,9907,-1,9907,10933,9903,-1,9903,10933,10934,-1,9903,10934,9904,-1,9904,10934,9900,-1,9900,10934,10935,-1,9900,10935,9901,-1,9901,10935,10936,-1,9901,10936,9897,-1,9897,10936,9898,-1,9898,10936,10937,-1,9898,10937,10678,-1,10879,10306,10938,-1,10938,10306,10305,-1,10938,10305,10937,-1,10937,10305,10740,-1,10937,10740,10678,-1,10892,10902,10926,-1,10926,10902,10918,-1,10926,10918,10927,-1,10927,10918,10920,-1,10927,10920,10928,-1,10928,10920,10921,-1,10928,10921,10929,-1,10929,10921,10925,-1,10929,10925,10930,-1,10930,10925,10924,-1,10930,10924,10932,-1,10932,10924,10923,-1,10932,10923,10931,-1,10931,10923,10922,-1,10931,10922,10933,-1,10894,10879,10911,-1,10911,10879,10938,-1,10911,10938,10912,-1,10912,10938,10937,-1,10912,10937,10913,-1,10913,10937,10936,-1,10913,10936,10914,-1,10914,10936,10935,-1,10914,10935,10915,-1,10915,10935,10934,-1,10915,10934,10916,-1,10916,10934,10933,-1,10916,10933,10917,-1,10917,10933,10922,-1,10939,10940,10941,-1,10941,10940,10942,-1,10941,10942,10943,-1,10943,10944,10941,-1,10941,10944,10945,-1,10941,10945,10946,-1,10946,10947,10941,-1,10941,10947,10948,-1,10941,10948,10949,-1,10949,10950,10941,-1,10941,10950,10951,-1,10941,10951,10952,-1,10952,10953,10941,-1,10941,10953,10954,-1,10941,10954,10955,-1,10955,10956,10941,-1,10941,10956,10957,-1,10941,10957,10958,-1,10958,10959,10941,-1,10941,10959,10960,-1,10941,10960,10961,-1,10961,10962,10941,-1,10941,10962,10963,-1,10941,10963,10939,-1,10939,10963,10964,-1,10939,10964,10965,-1,10965,10966,10939,-1,10939,10966,10967,-1,10939,10967,10968,-1,10968,10967,10969,-1,10969,10970,10968,-1,10968,10970,10971,-1,10968,10971,10972,-1,10972,10973,10968,-1,10968,10973,10974,-1,10968,10974,10975,-1,10975,10976,10968,-1,10968,10976,10977,-1,10968,10977,10978,-1,10978,10979,10968,-1,10968,10979,10980,-1,10968,10980,10981,-1,10981,10982,10968,-1,10968,10982,10983,-1,10968,10983,10984,-1,10984,10985,10968,-1,10968,10985,10986,-1,10968,10986,10987,-1,10987,10988,10968,-1,10968,10988,10989,-1,10968,10989,10990,-1,10990,10991,10968,-1,10968,10991,10992,-1,10968,10992,10939,-1,10993,10994,10995,-1,10996,10997,10998,-1,10999,11000,11001,-1,11002,11003,11004,-1,11005,11006,11007,-1,10953,10952,11008,-1,10962,10961,11009,-1,11010,10963,11011,-1,11012,11013,11014,-1,11015,11016,11017,-1,11018,11019,11020,-1,11021,11022,11019,-1,11023,11024,11025,-1,11026,11027,11028,-1,11029,11030,11031,-1,11032,11033,11034,-1,11035,11036,11037,-1,11038,11039,11040,-1,11041,11042,11043,-1,11044,11045,11046,-1,11047,11048,11015,-1,11049,11050,11051,-1,11051,11050,11052,-1,11051,11052,11053,-1,11054,11055,11049,-1,11049,11055,11056,-1,11049,11056,11050,-1,11057,11058,11059,-1,11059,11058,11060,-1,11059,11060,11054,-1,11061,11062,11063,-1,11057,11064,11065,-1,11065,11064,11063,-1,11066,11067,11068,-1,11069,11070,11066,-1,11066,11070,11071,-1,11066,11071,11067,-1,11072,11073,11069,-1,11069,11073,11074,-1,11069,11074,11070,-1,11075,11076,11077,-1,11077,11076,11078,-1,11079,11080,11081,-1,11081,11080,11082,-1,11081,11082,11083,-1,11084,11085,11082,-1,11082,11085,11086,-1,11082,11086,11083,-1,11087,11088,11089,-1,11089,11088,11090,-1,11089,11090,11084,-1,11084,11090,11091,-1,11084,11091,11085,-1,11087,11089,11092,-1,11092,11089,11093,-1,11092,11093,11094,-1,11094,11093,11095,-1,11094,11095,11096,-1,11097,11098,11095,-1,11095,11098,11099,-1,11095,11099,11096,-1,11100,11101,11102,-1,11102,11101,11103,-1,11102,11103,11097,-1,11097,11103,11104,-1,11097,11104,11098,-1,11105,11106,11107,-1,11108,11109,11105,-1,11105,11109,11110,-1,11105,11110,11106,-1,11111,11112,11113,-1,11113,11112,11114,-1,11113,11114,11108,-1,11108,11114,11115,-1,11108,11115,11109,-1,11111,11113,11116,-1,11116,11113,11117,-1,11116,11117,11118,-1,11118,11117,11119,-1,11119,11117,11120,-1,11119,11120,11121,-1,11122,11123,11120,-1,11120,11123,11124,-1,11120,11124,11121,-1,11125,11126,11127,-1,11127,11128,11125,-1,11125,11128,11129,-1,11125,11129,11122,-1,11122,11129,11130,-1,11122,11130,11123,-1,11043,11042,11131,-1,11042,11132,11131,-1,11131,11132,11133,-1,11131,11133,11126,-1,11126,11133,11134,-1,11126,11134,11127,-1,11041,11043,11135,-1,11135,11043,11136,-1,11135,11136,11137,-1,11138,11139,11140,-1,11140,11139,11141,-1,11140,11141,11136,-1,11136,11141,11142,-1,11136,11142,11137,-1,11040,11039,11140,-1,11140,11039,11143,-1,11140,11143,11138,-1,11037,11036,11040,-1,11040,11036,11144,-1,11040,11144,11038,-1,11145,11146,11147,-1,11147,11146,11148,-1,11147,11148,11149,-1,11148,11150,11149,-1,11149,11150,11151,-1,11149,11151,11037,-1,11037,11151,11152,-1,11037,11152,11035,-1,11145,11147,11153,-1,11153,11147,11154,-1,11153,11154,11155,-1,11155,11154,11156,-1,11155,11156,11157,-1,11158,11159,11160,-1,11160,11161,11158,-1,11158,11161,11162,-1,11158,11162,11156,-1,11156,11162,11163,-1,11156,11163,11157,-1,11164,11165,11158,-1,11158,11165,11166,-1,11158,11166,11159,-1,11167,11168,11164,-1,11164,11168,11169,-1,11164,11169,11165,-1,11170,11171,11172,-1,11173,11174,11175,-1,11175,11174,11176,-1,11175,11176,11177,-1,11178,11179,11176,-1,11176,11179,11180,-1,11176,11180,11177,-1,11181,11182,11178,-1,11178,11182,11183,-1,11178,11183,11179,-1,11184,11185,11181,-1,11181,11185,11186,-1,11181,11186,11182,-1,11187,11188,11189,-1,11189,11188,11190,-1,11189,11190,11191,-1,11033,11032,11190,-1,11190,11032,11192,-1,11190,11192,11191,-1,11193,11194,11034,-1,11034,11194,11195,-1,11034,11195,11032,-1,11029,11031,11196,-1,11197,11198,11199,-1,11199,11198,11200,-1,11199,11200,11201,-1,11201,11200,11202,-1,11202,11200,11203,-1,11203,11200,11204,-1,11203,11204,11205,-1,11206,11207,11204,-1,11204,11207,11208,-1,11204,11208,11205,-1,11209,11210,11206,-1,11206,11210,11211,-1,11206,11211,11207,-1,11212,11213,11214,-1,11028,11027,11215,-1,11215,11027,11216,-1,11215,11216,11217,-1,11026,11028,11218,-1,11218,11028,11219,-1,11218,11219,11220,-1,11221,11222,11223,-1,11221,11223,11219,-1,11219,11223,11224,-1,11219,11224,11220,-1,11225,11226,11227,-1,11227,11226,11228,-1,11227,11228,11229,-1,11229,11228,11230,-1,11229,11230,11221,-1,11221,11230,11231,-1,11221,11231,11222,-1,11232,11233,11234,-1,11232,11234,11227,-1,11227,11234,11235,-1,11227,11235,11225,-1,11233,11232,11236,-1,11236,11232,10942,-1,11236,10942,10940,-1,11237,11238,11239,-1,11239,11240,11237,-1,11237,11240,11241,-1,11237,11241,10965,-1,10965,11241,11242,-1,10965,11242,10966,-1,11243,11244,11245,-1,11246,11247,11237,-1,11237,11247,11248,-1,11237,11248,11238,-1,11245,11249,11243,-1,11243,11249,11250,-1,11243,11250,11251,-1,11251,11252,11243,-1,11243,11252,11253,-1,11243,11253,11237,-1,11237,11253,11254,-1,11237,11254,11246,-1,11255,11256,11257,-1,11255,11257,11258,-1,11257,11259,11258,-1,11258,11259,11260,-1,11258,11260,11243,-1,11243,11260,11261,-1,11243,11261,11244,-1,11262,11263,11264,-1,11264,11263,11265,-1,11264,11265,11255,-1,11255,11265,11266,-1,11255,11266,11256,-1,11262,11264,11267,-1,11267,11264,11268,-1,11267,11268,11269,-1,11270,11271,11272,-1,11272,11271,11273,-1,11273,11271,11274,-1,11274,11271,11275,-1,11274,11275,11276,-1,11276,11275,11277,-1,11276,11277,11278,-1,11279,11280,11281,-1,11281,11280,11282,-1,11283,11284,11285,-1,11284,11283,11286,-1,11286,11283,11287,-1,11286,11287,11288,-1,11289,11290,11287,-1,11287,11290,11291,-1,11287,11291,11288,-1,11292,11293,11294,-1,11294,11293,11295,-1,11294,11295,11289,-1,11289,11295,11296,-1,11289,11296,11290,-1,11292,11294,11297,-1,11297,11294,11298,-1,11297,11298,11299,-1,11300,11301,11298,-1,11298,11301,11302,-1,11298,11302,11299,-1,11303,11304,11305,-1,11305,11304,11306,-1,11305,11306,11300,-1,11300,11306,11307,-1,11300,11307,11301,-1,11303,11305,11308,-1,11308,11305,11309,-1,11308,11309,11310,-1,11311,11312,11309,-1,11309,11312,11313,-1,11309,11313,11310,-1,11314,11315,11311,-1,11311,11315,11316,-1,11311,11316,11312,-1,11317,11318,11319,-1,11319,11318,11314,-1,11317,11319,11320,-1,11320,11319,11321,-1,11320,11321,11322,-1,11322,11321,11323,-1,11323,11321,11324,-1,11323,11324,11325,-1,11326,11327,11324,-1,11324,11327,11328,-1,11324,11328,11325,-1,11329,11330,11331,-1,11331,11330,11332,-1,11331,11332,11326,-1,11326,11332,11333,-1,11326,11333,11327,-1,11334,11335,11336,-1,11336,11335,11337,-1,11337,11338,11336,-1,11336,11338,11339,-1,11336,11339,11331,-1,11331,11339,11340,-1,11331,11340,11329,-1,11341,11342,11343,-1,11343,11342,11344,-1,11343,11344,11334,-1,11334,11344,11345,-1,11334,11345,11335,-1,11341,11343,11346,-1,11346,11343,11347,-1,11346,11347,11348,-1,11348,11347,11349,-1,11349,11347,11350,-1,11349,11350,11351,-1,11352,11353,11350,-1,11350,11353,11354,-1,11350,11354,11351,-1,11355,11356,11352,-1,11352,11356,11357,-1,11352,11357,11353,-1,11358,11359,11355,-1,11355,11359,11360,-1,11355,11360,11356,-1,11361,11362,11363,-1,11363,11362,11364,-1,11363,11364,11358,-1,11358,11364,11365,-1,11358,11365,11359,-1,11361,11363,11366,-1,11366,11363,11367,-1,11366,11367,11368,-1,11369,11370,11371,-1,11371,11370,11372,-1,11371,11372,11367,-1,11367,11372,11373,-1,11367,11373,11368,-1,11369,11371,11374,-1,11374,11371,11375,-1,11374,11375,11376,-1,11377,11378,11379,-1,11379,11378,11380,-1,11379,11380,11375,-1,11375,11380,11381,-1,11375,11381,11376,-1,11377,11379,11382,-1,11382,11379,11383,-1,11382,11383,11384,-1,11385,11386,11387,-1,11387,11386,11388,-1,11387,11388,11383,-1,11383,11388,11389,-1,11383,11389,11384,-1,11390,11391,11392,-1,11392,11391,11393,-1,11394,11395,11387,-1,11387,11395,11396,-1,11387,11396,11385,-1,11393,11397,11392,-1,11392,11397,11398,-1,11392,11398,11387,-1,11387,11398,11399,-1,11387,11399,11394,-1,11400,11401,11402,-1,11402,11401,11403,-1,11402,11403,11392,-1,11392,11403,11404,-1,11392,11404,11390,-1,11405,11406,11407,-1,11407,11406,11408,-1,11407,11408,11402,-1,11402,11408,11409,-1,11402,11409,11400,-1,11405,11410,11411,-1,11411,11410,11412,-1,11411,11412,11413,-1,11413,11412,11414,-1,11414,11412,11415,-1,11414,11415,11416,-1,11416,11415,11417,-1,11417,11415,11418,-1,11417,11418,11419,-1,11420,11421,11418,-1,11418,11421,11422,-1,11418,11422,11419,-1,11423,11424,11420,-1,11420,11424,11425,-1,11420,11425,11421,-1,11426,11427,11423,-1,11423,11427,11428,-1,11423,11428,11424,-1,11426,11423,11429,-1,11429,11423,11430,-1,11429,11430,11431,-1,11431,11430,11432,-1,11431,11432,11433,-1,11433,11432,11434,-1,11434,11432,11435,-1,11434,11435,11436,-1,11436,11435,11437,-1,11436,11437,11438,-1,11438,11437,11439,-1,11439,11437,11440,-1,11439,11440,11441,-1,11442,11443,11444,-1,11445,11446,11447,-1,11447,11446,11448,-1,11449,11450,11451,-1,11451,11450,11452,-1,11453,11454,11455,-1,11000,11456,11457,-1,11456,11000,11458,-1,11458,11000,10999,-1,11458,10999,11459,-1,11459,10999,11025,-1,11025,10999,11460,-1,11025,11460,11023,-1,10947,10946,11461,-1,11461,10946,10945,-1,11462,11463,11464,-1,11464,11463,11465,-1,11464,11465,11466,-1,11466,11465,11467,-1,11466,11467,11468,-1,11468,11467,11469,-1,11468,11469,11470,-1,11470,11469,11471,-1,11470,11471,11472,-1,11472,11471,11009,-1,11472,11009,11473,-1,11473,11009,10961,-1,11473,10961,10960,-1,11022,11474,11475,-1,11475,11474,11476,-1,11475,11476,11462,-1,11462,11476,11477,-1,11462,11477,11463,-1,11478,11479,11480,-1,11480,11479,11481,-1,11480,11481,11482,-1,11482,11481,11483,-1,11482,11483,11484,-1,11484,11483,11485,-1,11484,11485,11486,-1,11486,11485,11487,-1,11486,11487,11488,-1,11488,11487,11489,-1,11488,11489,11490,-1,11490,11489,11491,-1,11490,11491,11492,-1,11492,11491,11020,-1,11478,11493,11494,-1,11494,11493,11495,-1,11494,11495,11496,-1,11496,11495,11497,-1,11496,11497,11498,-1,11498,11497,11499,-1,11498,11499,11500,-1,11500,11499,11501,-1,11500,11501,11502,-1,11502,11501,11503,-1,11502,11503,11504,-1,11504,11503,11505,-1,11504,11505,11506,-1,11506,11505,11507,-1,11506,11507,11508,-1,11508,11507,11509,-1,11508,11509,11510,-1,11510,11509,11511,-1,11510,11511,11512,-1,11512,11511,11513,-1,11512,11513,11514,-1,11514,11513,11515,-1,11514,11515,11516,-1,11516,11515,11517,-1,11516,11517,11518,-1,11518,11517,11519,-1,11518,11519,11520,-1,11520,11519,11521,-1,11520,11521,11522,-1,11522,11521,11523,-1,11522,11523,11524,-1,11524,11523,11525,-1,11524,11525,11526,-1,11526,11525,11527,-1,11526,11527,11528,-1,11528,11527,11529,-1,11528,11529,11530,-1,11530,11529,11531,-1,11530,11531,11532,-1,11533,11534,11535,-1,11535,11534,11536,-1,11535,11536,11537,-1,11537,11536,11538,-1,11537,11538,11539,-1,11538,11540,11539,-1,11539,11540,11541,-1,11539,11541,11542,-1,11542,11541,11543,-1,11543,11544,11542,-1,11542,11544,11545,-1,11542,11545,11546,-1,11547,11548,11549,-1,11550,11551,11552,-1,11552,11551,11553,-1,11552,11553,11046,-1,11046,11553,11077,-1,11046,11077,11044,-1,11044,11077,11078,-1,11554,11555,11556,-1,10955,10954,11557,-1,10955,11557,10956,-1,10949,10948,11558,-1,11558,10948,10947,-1,11559,10944,10943,-1,10965,11010,11237,-1,11237,11010,11011,-1,11237,11011,11243,-1,11243,11011,11560,-1,11243,11560,11258,-1,11258,11560,11561,-1,11258,11561,11255,-1,11255,11561,11562,-1,11255,11562,11264,-1,11264,11562,11563,-1,11264,11563,11268,-1,11268,11563,11564,-1,11477,11564,11463,-1,11463,11564,11563,-1,11463,11563,11465,-1,11465,11563,11562,-1,11465,11562,11467,-1,11467,11562,11561,-1,11467,11561,11469,-1,11469,11561,11560,-1,11469,11560,11471,-1,11471,11560,11011,-1,11471,11011,11009,-1,11009,11011,10963,-1,11009,10963,10962,-1,10947,11461,11558,-1,11558,11461,11565,-1,11558,11565,11566,-1,11566,11565,11567,-1,11566,11567,11568,-1,11568,11567,11569,-1,11568,11569,11570,-1,11570,11569,11571,-1,11570,11571,11572,-1,11572,11571,11573,-1,11572,11573,11574,-1,11574,11573,11575,-1,11574,11575,11576,-1,11271,11577,11275,-1,11275,11577,11578,-1,11275,11578,11277,-1,11277,11578,11579,-1,11580,11576,11581,-1,11581,11576,11575,-1,11581,11575,11582,-1,11582,11575,11573,-1,11582,11573,11583,-1,11583,11573,11571,-1,11583,11571,11584,-1,11584,11571,11569,-1,11584,11569,11585,-1,11585,11569,11567,-1,11585,11567,11586,-1,11586,11567,11565,-1,11586,11565,11587,-1,11587,11565,11461,-1,11587,11461,11559,-1,11559,11461,10945,-1,11559,10945,10944,-1,11022,11021,11474,-1,11474,11021,11579,-1,11474,11579,11476,-1,11476,11579,11578,-1,11476,11578,11477,-1,11477,11578,11577,-1,11477,11577,11564,-1,11564,11577,11271,-1,11564,11271,11268,-1,11268,11271,11270,-1,11268,11270,11269,-1,11019,11018,11021,-1,11021,11018,11588,-1,11021,11588,11579,-1,11579,11588,11281,-1,11579,11281,11277,-1,11277,11281,11282,-1,11277,11282,11278,-1,11006,11005,11589,-1,11589,11005,11590,-1,11589,11590,11591,-1,11592,11593,11594,-1,11594,11593,11595,-1,11594,11595,11596,-1,11596,11595,11597,-1,11596,11597,11598,-1,11598,11597,11580,-1,11598,11580,11599,-1,11599,11580,11581,-1,11599,11581,11600,-1,11600,11581,11582,-1,11600,11582,11215,-1,11215,11582,11583,-1,11215,11583,11028,-1,11028,11583,11584,-1,11028,11584,11219,-1,11219,11584,11585,-1,11219,11585,11221,-1,11221,11585,11586,-1,11221,11586,11229,-1,11229,11586,11587,-1,11229,11587,11227,-1,11227,11587,11559,-1,11227,11559,11232,-1,11232,11559,10943,-1,11232,10943,10942,-1,11217,11212,11215,-1,11215,11212,11214,-1,11215,11214,11600,-1,11600,11214,11601,-1,11600,11601,11599,-1,11599,11601,11602,-1,11599,11602,11598,-1,11598,11602,11603,-1,11598,11603,11596,-1,11596,11603,11604,-1,11596,11604,11594,-1,11594,11604,11605,-1,11594,11605,11592,-1,11197,11196,11198,-1,11198,11196,11031,-1,11198,11031,11606,-1,11606,11031,11607,-1,11606,11607,11608,-1,11608,11607,11609,-1,11608,11609,11610,-1,11610,11609,11611,-1,11610,11611,11612,-1,11612,11611,11613,-1,11612,11613,11614,-1,11030,11193,11031,-1,11031,11193,11034,-1,11031,11034,11607,-1,11607,11034,11033,-1,11607,11033,11609,-1,11609,11033,11190,-1,11609,11190,11611,-1,11611,11190,11188,-1,11611,11188,11613,-1,11613,11188,11615,-1,11613,11615,11614,-1,11614,11615,11616,-1,11283,11007,11287,-1,11287,11007,11006,-1,11287,11006,11289,-1,11289,11006,11589,-1,11289,11589,11294,-1,11294,11589,11591,-1,11294,11591,11298,-1,11298,11591,11617,-1,11298,11617,11300,-1,11300,11617,11618,-1,11300,11618,11305,-1,11305,11618,11619,-1,11305,11619,11309,-1,11309,11619,11620,-1,11309,11620,11311,-1,11311,11620,11621,-1,11479,11621,11481,-1,11481,11621,11620,-1,11481,11620,11483,-1,11483,11620,11619,-1,11483,11619,11485,-1,11485,11619,11618,-1,11485,11618,11487,-1,11487,11618,11617,-1,11487,11617,11489,-1,11489,11617,11591,-1,11489,11591,11491,-1,11491,11591,11590,-1,11491,11590,11020,-1,11020,11590,11005,-1,11020,11005,11018,-1,11018,11005,11007,-1,11018,11007,11588,-1,11588,11007,11283,-1,11588,11283,11281,-1,11281,11283,11285,-1,11281,11285,11279,-1,11003,11002,11622,-1,11622,11002,11623,-1,11622,11623,11624,-1,11213,11209,11214,-1,11214,11209,11206,-1,11214,11206,11601,-1,11601,11206,11204,-1,11601,11204,11602,-1,11602,11204,11200,-1,11602,11200,11603,-1,11603,11200,11198,-1,11603,11198,11604,-1,11604,11198,11606,-1,11604,11606,11605,-1,11605,11606,11608,-1,11605,11608,11592,-1,11592,11608,11610,-1,11592,11610,11625,-1,11625,11610,11612,-1,11625,11612,11626,-1,11626,11612,11614,-1,11626,11614,11627,-1,11627,11614,11616,-1,11627,11616,11628,-1,11628,11616,11629,-1,11628,11629,11630,-1,11630,11629,11631,-1,11630,11631,11632,-1,11632,11631,11633,-1,11632,11633,11634,-1,11634,11633,11635,-1,11187,11636,11188,-1,11188,11636,11637,-1,11188,11637,11615,-1,11615,11637,11638,-1,11615,11638,11616,-1,11616,11638,11639,-1,11616,11639,11629,-1,11629,11639,11640,-1,11629,11640,11631,-1,11631,11640,11641,-1,11631,11641,11633,-1,11633,11641,11642,-1,11633,11642,11635,-1,11319,11004,11321,-1,11321,11004,11003,-1,11321,11003,11324,-1,11324,11003,11622,-1,11324,11622,11326,-1,11326,11622,11624,-1,11326,11624,11331,-1,11331,11624,11643,-1,11331,11643,11336,-1,11336,11643,11644,-1,11336,11644,11334,-1,11334,11644,11645,-1,11334,11645,11343,-1,11343,11645,11646,-1,11343,11646,11347,-1,11347,11646,11647,-1,11347,11647,11350,-1,11350,11647,11648,-1,11350,11648,11352,-1,11352,11648,11649,-1,11352,11649,11355,-1,11355,11649,11650,-1,11355,11650,11358,-1,11358,11650,11651,-1,11358,11651,11363,-1,11363,11651,11652,-1,11363,11652,11367,-1,11367,11652,11653,-1,11367,11653,11371,-1,11371,11653,11654,-1,11371,11654,11375,-1,11375,11654,11655,-1,11375,11655,11379,-1,11379,11655,11656,-1,11379,11656,11383,-1,11383,11656,11657,-1,11383,11657,11387,-1,11387,11657,11658,-1,11387,11658,11392,-1,11392,11658,11659,-1,11392,11659,11402,-1,11402,11659,11660,-1,11402,11660,11407,-1,11407,11660,11661,-1,11314,11311,11319,-1,11319,11311,11621,-1,11319,11621,11004,-1,11004,11621,11479,-1,11004,11479,11002,-1,11002,11479,11478,-1,11002,11478,11623,-1,11623,11478,11494,-1,11623,11494,11624,-1,11624,11494,11496,-1,11624,11496,11643,-1,11643,11496,11498,-1,11643,11498,11644,-1,11644,11498,11500,-1,11644,11500,11645,-1,11645,11500,11502,-1,11645,11502,11646,-1,11646,11502,11504,-1,11646,11504,11647,-1,11647,11504,11506,-1,11647,11506,11648,-1,11648,11506,11508,-1,11648,11508,11649,-1,11649,11508,11510,-1,11649,11510,11650,-1,11650,11510,11512,-1,11650,11512,11651,-1,11651,11512,11514,-1,11651,11514,11652,-1,11652,11514,11516,-1,11652,11516,11653,-1,11653,11516,11518,-1,11653,11518,11654,-1,11654,11518,11520,-1,11654,11520,11655,-1,11655,11520,11522,-1,11655,11522,11656,-1,11656,11522,11524,-1,11656,11524,11657,-1,11657,11524,11526,-1,11657,11526,11658,-1,11658,11526,11528,-1,11658,11528,11659,-1,11659,11528,11530,-1,11659,11530,11660,-1,11660,11530,11532,-1,11660,11532,11661,-1,11636,11184,11637,-1,11637,11184,11181,-1,11637,11181,11638,-1,11638,11181,11178,-1,11638,11178,11639,-1,11639,11178,11176,-1,11639,11176,11640,-1,11640,11176,11174,-1,11640,11174,11641,-1,11641,11174,11662,-1,11641,11662,11642,-1,11642,11662,11663,-1,11642,11663,11635,-1,11635,11663,11664,-1,11635,11664,11665,-1,11665,11664,11666,-1,11665,11666,11667,-1,11667,11666,11668,-1,11667,11668,11669,-1,11669,11668,11670,-1,11669,11670,11671,-1,11671,11670,11672,-1,11671,11672,11673,-1,11673,11672,11674,-1,11673,11674,11675,-1,11675,11674,11676,-1,11675,11676,11677,-1,11677,11676,11678,-1,11677,11678,11679,-1,11679,11678,11680,-1,11679,11680,11681,-1,11681,11680,11682,-1,11681,11682,11683,-1,11683,11682,11684,-1,11683,11684,11685,-1,11685,11684,11686,-1,11685,11686,11687,-1,11687,11686,11688,-1,11687,11688,11689,-1,11689,11688,11690,-1,11689,11690,11691,-1,11691,11690,11692,-1,11691,11692,11693,-1,11693,11692,11694,-1,11693,11694,11695,-1,11695,11694,11696,-1,11695,11696,11697,-1,11697,11696,11698,-1,11697,11698,11699,-1,11699,11698,11700,-1,11699,11700,11701,-1,11701,11700,11702,-1,11173,11170,11174,-1,11174,11170,11172,-1,11174,11172,11662,-1,11662,11172,11703,-1,11662,11703,11663,-1,11663,11703,11704,-1,11663,11704,11664,-1,11664,11704,11705,-1,11664,11705,11666,-1,11666,11705,11706,-1,11666,11706,11668,-1,11668,11706,11707,-1,11668,11707,11670,-1,11670,11707,11708,-1,11670,11708,11672,-1,11672,11708,11709,-1,11672,11709,11674,-1,11674,11709,11710,-1,11674,11710,11676,-1,11676,11710,11711,-1,11676,11711,11678,-1,11678,11711,11712,-1,11678,11712,11680,-1,11680,11712,11713,-1,11680,11713,11682,-1,11682,11713,11714,-1,11682,11714,11684,-1,11684,11714,11715,-1,11684,11715,11686,-1,11686,11715,11716,-1,11686,11716,11688,-1,11688,11716,11717,-1,11688,11717,11690,-1,11690,11717,11718,-1,11690,11718,11692,-1,11692,11718,11719,-1,11692,11719,11694,-1,11694,11719,11720,-1,11694,11720,11696,-1,11696,11720,11721,-1,11696,11721,11698,-1,11698,11721,11722,-1,11698,11722,11700,-1,11700,11722,11723,-1,11700,11723,11702,-1,11533,11105,11102,-1,11102,11105,11107,-1,11102,11107,11100,-1,11724,11725,11726,-1,11727,11728,11729,-1,11729,11728,11730,-1,11729,11730,11731,-1,11731,11730,11732,-1,11731,11732,11733,-1,11733,11732,11724,-1,11733,11724,11734,-1,11734,11724,11726,-1,11533,11102,11534,-1,11534,11102,11097,-1,11534,11097,11536,-1,11536,11097,11095,-1,11536,11095,11538,-1,11538,11095,11093,-1,11538,11093,11540,-1,11540,11093,11089,-1,11540,11089,11541,-1,11541,11089,11084,-1,11541,11084,11543,-1,11543,11084,11082,-1,11543,11082,11544,-1,11544,11082,11080,-1,11544,11080,11545,-1,11735,11736,11737,-1,11737,11736,11738,-1,11737,11738,11739,-1,11739,11738,11740,-1,11739,11740,11725,-1,11725,11740,11741,-1,11725,11741,11726,-1,10950,10949,11742,-1,11742,10949,11558,-1,11742,11558,11743,-1,11743,11558,11566,-1,11743,11566,11744,-1,11744,11566,11568,-1,11744,11568,11745,-1,11745,11568,11570,-1,11745,11570,11746,-1,11746,11570,11572,-1,11746,11572,11747,-1,11747,11572,11574,-1,11747,11574,11748,-1,11748,11574,11576,-1,11748,11576,11749,-1,11749,11576,11580,-1,11749,11580,11750,-1,11750,11580,11597,-1,11750,11597,11751,-1,11751,11597,11595,-1,11751,11595,11752,-1,11752,11595,11593,-1,11752,11593,11753,-1,11753,11593,11592,-1,11753,11592,11754,-1,11754,11592,11625,-1,11754,11625,11755,-1,11755,11625,11626,-1,11755,11626,11756,-1,11756,11626,11627,-1,11756,11627,11757,-1,11757,11627,11628,-1,11757,11628,11758,-1,11758,11628,11630,-1,11758,11630,11759,-1,11759,11630,11632,-1,11759,11632,11760,-1,11760,11632,11634,-1,11760,11634,11761,-1,11761,11634,11635,-1,11761,11635,11762,-1,11762,11635,11665,-1,11762,11665,11763,-1,11763,11665,11667,-1,11763,11667,11764,-1,11764,11667,11669,-1,11764,11669,11765,-1,11765,11669,11671,-1,11765,11671,11766,-1,11766,11671,11673,-1,11766,11673,11767,-1,11767,11673,11675,-1,11767,11675,11768,-1,11768,11675,11677,-1,11768,11677,11769,-1,11769,11677,11679,-1,11769,11679,11770,-1,11770,11679,11681,-1,11770,11681,11771,-1,11771,11681,11683,-1,11771,11683,11772,-1,11772,11683,11685,-1,11772,11685,11773,-1,11773,11685,11687,-1,11773,11687,11774,-1,11774,11687,11689,-1,11774,11689,11775,-1,11775,11689,11691,-1,11775,11691,11776,-1,11776,11691,11693,-1,11776,11693,11777,-1,11777,11693,11695,-1,11777,11695,11778,-1,11778,11695,11697,-1,11778,11697,11779,-1,11779,11697,11699,-1,11779,11699,11780,-1,11780,11699,11701,-1,11780,11701,11781,-1,11781,11701,11702,-1,11781,11702,11782,-1,11782,11702,11783,-1,11782,11783,11784,-1,11784,11783,11785,-1,11784,11785,11786,-1,11786,11785,11787,-1,11786,11787,11788,-1,11788,11787,11789,-1,11788,11789,11790,-1,11410,11727,11412,-1,11412,11727,11729,-1,11412,11729,11415,-1,11415,11729,11731,-1,11415,11731,11418,-1,11418,11731,11733,-1,11418,11733,11420,-1,11420,11733,11734,-1,11420,11734,11423,-1,11423,11734,11726,-1,11423,11726,11430,-1,11430,11726,11741,-1,11430,11741,11432,-1,11432,11741,11740,-1,11432,11740,11435,-1,11435,11740,11738,-1,11435,11738,11437,-1,11437,11738,11736,-1,11437,11736,11440,-1,11440,11736,11735,-1,11405,11407,11410,-1,11410,11407,11661,-1,11410,11661,11727,-1,11727,11661,11532,-1,11727,11532,11728,-1,11728,11532,11531,-1,11728,11531,11730,-1,11730,11531,11791,-1,11730,11791,11732,-1,11732,11791,11792,-1,11732,11792,11724,-1,11724,11792,11793,-1,11724,11793,11725,-1,11725,11793,11794,-1,11725,11794,11739,-1,11739,11794,11547,-1,11739,11547,11737,-1,11737,11547,11549,-1,11737,11549,11735,-1,11473,11795,11472,-1,11472,11795,11796,-1,11472,11796,11470,-1,11470,11796,11797,-1,11470,11797,11468,-1,11468,11797,11798,-1,11468,11798,11466,-1,11466,11798,11799,-1,11466,11799,11464,-1,11464,11799,11800,-1,11464,11800,11462,-1,11462,11800,11801,-1,11462,11801,11475,-1,11475,11801,11802,-1,11475,11802,11022,-1,11022,11802,11803,-1,11022,11803,11019,-1,11019,11803,11804,-1,11019,11804,11020,-1,11020,11804,11805,-1,11020,11805,11492,-1,11492,11805,11806,-1,11492,11806,11490,-1,11490,11806,11807,-1,11490,11807,11488,-1,11488,11807,11808,-1,11488,11808,11486,-1,11486,11808,11809,-1,11486,11809,11484,-1,11484,11809,11810,-1,11484,11810,11482,-1,11482,11810,11811,-1,11482,11811,11480,-1,11480,11811,11812,-1,11480,11812,11478,-1,11478,11812,11813,-1,11478,11813,11493,-1,11493,11813,11814,-1,11493,11814,11495,-1,11495,11814,11815,-1,11495,11815,11497,-1,11497,11815,11816,-1,11497,11816,11499,-1,11499,11816,11817,-1,11499,11817,11501,-1,11501,11817,11818,-1,11501,11818,11503,-1,11503,11818,11819,-1,11503,11819,11505,-1,11505,11819,11820,-1,11505,11820,11507,-1,11507,11820,11821,-1,11507,11821,11509,-1,11509,11821,11822,-1,11509,11822,11511,-1,11511,11822,11823,-1,11511,11823,11513,-1,11513,11823,11824,-1,11513,11824,11515,-1,11515,11824,11825,-1,11515,11825,11517,-1,11517,11825,11826,-1,11517,11826,11519,-1,11519,11826,11827,-1,11519,11827,11521,-1,11521,11827,11828,-1,11521,11828,11523,-1,11523,11828,11829,-1,11523,11829,11525,-1,11525,11829,11830,-1,11525,11830,11527,-1,11527,11830,11831,-1,11527,11831,11529,-1,11529,11831,11832,-1,11529,11832,11531,-1,11531,11832,11833,-1,11531,11833,11791,-1,11791,11833,11834,-1,11791,11834,11792,-1,11792,11834,11835,-1,11792,11835,11793,-1,11793,11835,11836,-1,11793,11836,11794,-1,11794,11836,11837,-1,11794,11837,11547,-1,11547,11837,11838,-1,11547,11838,11548,-1,11548,11838,11839,-1,11795,11840,11796,-1,11796,11840,11841,-1,11796,11841,11797,-1,11797,11841,11842,-1,11797,11842,11798,-1,11798,11842,11843,-1,11798,11843,11799,-1,11799,11843,11844,-1,11799,11844,11800,-1,11800,11844,11845,-1,11800,11845,11801,-1,11801,11845,11846,-1,11801,11846,11802,-1,11802,11846,11847,-1,11802,11847,11803,-1,11803,11847,11848,-1,11803,11848,11804,-1,11804,11848,11849,-1,11804,11849,11805,-1,11805,11849,11850,-1,11805,11850,11806,-1,11806,11850,11851,-1,11806,11851,11807,-1,11807,11851,11852,-1,11807,11852,11808,-1,11808,11852,11853,-1,11808,11853,11809,-1,11809,11853,11854,-1,11809,11854,11810,-1,11810,11854,11855,-1,11810,11855,11811,-1,11811,11855,11856,-1,11811,11856,11812,-1,11812,11856,11857,-1,11812,11857,11813,-1,11813,11857,11858,-1,11813,11858,11814,-1,11814,11858,11859,-1,11814,11859,11815,-1,11815,11859,11860,-1,11815,11860,11816,-1,11816,11860,11861,-1,11816,11861,11817,-1,11817,11861,11862,-1,11817,11862,11818,-1,11818,11862,11863,-1,11818,11863,11819,-1,11819,11863,11864,-1,11819,11864,11820,-1,11820,11864,11865,-1,11820,11865,11821,-1,11821,11865,11866,-1,11821,11866,11822,-1,11822,11866,11867,-1,11822,11867,11823,-1,11823,11867,11868,-1,11823,11868,11824,-1,11824,11868,11869,-1,11824,11869,11825,-1,11825,11869,11870,-1,11825,11870,11826,-1,11826,11870,11871,-1,11826,11871,11827,-1,11827,11871,11872,-1,11827,11872,11828,-1,11828,11872,11873,-1,11828,11873,11829,-1,11829,11873,11874,-1,11829,11874,11830,-1,11830,11874,11875,-1,11830,11875,11831,-1,11831,11875,11876,-1,11831,11876,11832,-1,11832,11876,11877,-1,11832,11877,11833,-1,11833,11877,11878,-1,11833,11878,11834,-1,11834,11878,11879,-1,11834,11879,11835,-1,11835,11879,11880,-1,11835,11880,11836,-1,11836,11880,11881,-1,11836,11881,11837,-1,11837,11881,11882,-1,11837,11882,11838,-1,11838,11882,11883,-1,11838,11883,11839,-1,11839,11883,11884,-1,11840,11885,11841,-1,11841,11885,11886,-1,11841,11886,11842,-1,11842,11886,11887,-1,11842,11887,11843,-1,11843,11887,11888,-1,11843,11888,11844,-1,11844,11888,11889,-1,11844,11889,11845,-1,11845,11889,11890,-1,11845,11890,11846,-1,11846,11890,11891,-1,11846,11891,11847,-1,11847,11891,11892,-1,11847,11892,11848,-1,11848,11892,11893,-1,11848,11893,11849,-1,11849,11893,11894,-1,11849,11894,11850,-1,11850,11894,11895,-1,11850,11895,11851,-1,11851,11895,11896,-1,11851,11896,11852,-1,11852,11896,11897,-1,11852,11897,11853,-1,11853,11897,11898,-1,11853,11898,11854,-1,11854,11898,11899,-1,11854,11899,11855,-1,11855,11899,11900,-1,11855,11900,11856,-1,11856,11900,11901,-1,11856,11901,11857,-1,11857,11901,11902,-1,11857,11902,11858,-1,11858,11902,11903,-1,11858,11903,11859,-1,11859,11903,11904,-1,11859,11904,11860,-1,11860,11904,11905,-1,11860,11905,11861,-1,11861,11905,11906,-1,11861,11906,11862,-1,11862,11906,11907,-1,11862,11907,11863,-1,11863,11907,11908,-1,11863,11908,11864,-1,11864,11908,11909,-1,11864,11909,11865,-1,11865,11909,11910,-1,11865,11910,11866,-1,11866,11910,11911,-1,11866,11911,11867,-1,11867,11911,11912,-1,11867,11912,11868,-1,11868,11912,11913,-1,11868,11913,11869,-1,11869,11913,11914,-1,11869,11914,11870,-1,11870,11914,11915,-1,11870,11915,11871,-1,11871,11915,11916,-1,11871,11916,11872,-1,11872,11916,11917,-1,11872,11917,11873,-1,11873,11917,11918,-1,11873,11918,11874,-1,11874,11918,11919,-1,11874,11919,11875,-1,11875,11919,11920,-1,11875,11920,11876,-1,11876,11920,11921,-1,11876,11921,11877,-1,11877,11921,11922,-1,11877,11922,11878,-1,11878,11922,11923,-1,11878,11923,11879,-1,11879,11923,11924,-1,11879,11924,11880,-1,11880,11924,11925,-1,11880,11925,11881,-1,11881,11925,11926,-1,11881,11926,11882,-1,11882,11926,11927,-1,11882,11927,11883,-1,11883,11927,11928,-1,11883,11928,11884,-1,11884,11928,11929,-1,10960,10959,11473,-1,11473,10959,10958,-1,11473,10958,11795,-1,11795,10958,10957,-1,11795,10957,11840,-1,11840,10957,10956,-1,11840,10956,11885,-1,11885,10956,11557,-1,11885,11557,11886,-1,11886,11557,11930,-1,11886,11930,11887,-1,11887,11930,11931,-1,11887,11931,11888,-1,11888,11931,11932,-1,11888,11932,11889,-1,11889,11932,11933,-1,11889,11933,11890,-1,11890,11933,11934,-1,11890,11934,11891,-1,11891,11934,11935,-1,11891,11935,11892,-1,11892,11935,11936,-1,11892,11936,11893,-1,11893,11936,11937,-1,11893,11937,11894,-1,11894,11937,11938,-1,11894,11938,11895,-1,11895,11938,11939,-1,11895,11939,11896,-1,11896,11939,11940,-1,11896,11940,11897,-1,11897,11940,11941,-1,11897,11941,11898,-1,11898,11941,11942,-1,11898,11942,11899,-1,11899,11942,11943,-1,11899,11943,11900,-1,11900,11943,11944,-1,11900,11944,11901,-1,11901,11944,11945,-1,11901,11945,11902,-1,11902,11945,11946,-1,11902,11946,11903,-1,11903,11946,11947,-1,11903,11947,11904,-1,11904,11947,11948,-1,11904,11948,11905,-1,11905,11948,11949,-1,11905,11949,11906,-1,11906,11949,11950,-1,11906,11950,11907,-1,11907,11950,11951,-1,11907,11951,11908,-1,11908,11951,11952,-1,11908,11952,11909,-1,11909,11952,11953,-1,11909,11953,11910,-1,11910,11953,11954,-1,11910,11954,11911,-1,11911,11954,11955,-1,11911,11955,11912,-1,11912,11955,11956,-1,11912,11956,11913,-1,11913,11956,11957,-1,11913,11957,11914,-1,11914,11957,11958,-1,11914,11958,11915,-1,11915,11958,11959,-1,11915,11959,11916,-1,11916,11959,11960,-1,11916,11960,11917,-1,11917,11960,11961,-1,11917,11961,11918,-1,11918,11961,11962,-1,11918,11962,11919,-1,11919,11962,11963,-1,11919,11963,11920,-1,11920,11963,11964,-1,11920,11964,11921,-1,11921,11964,11965,-1,11921,11965,11922,-1,11922,11965,11966,-1,11922,11966,11923,-1,11923,11966,11967,-1,11923,11967,11924,-1,11924,11967,11968,-1,11924,11968,11925,-1,11925,11968,11969,-1,11925,11969,11926,-1,11926,11969,11970,-1,11926,11970,11927,-1,11927,11970,11971,-1,11927,11971,11928,-1,11928,11971,11972,-1,11928,11972,11929,-1,11929,11972,11973,-1,10954,10953,11557,-1,11557,10953,11008,-1,11557,11008,11930,-1,11930,11008,11974,-1,11930,11974,11931,-1,11931,11974,11975,-1,11931,11975,11932,-1,11932,11975,11976,-1,11932,11976,11933,-1,11933,11976,11977,-1,11933,11977,11934,-1,11934,11977,11978,-1,11934,11978,11935,-1,11935,11978,11979,-1,11935,11979,11936,-1,11936,11979,11980,-1,11936,11980,11937,-1,11937,11980,11981,-1,11937,11981,11938,-1,11938,11981,11982,-1,11938,11982,11939,-1,11939,11982,11983,-1,11939,11983,11940,-1,11940,11983,11984,-1,11940,11984,11941,-1,11941,11984,11985,-1,11941,11985,11942,-1,11942,11985,11986,-1,11942,11986,11943,-1,11943,11986,11987,-1,11943,11987,11944,-1,11944,11987,11988,-1,11944,11988,11945,-1,11945,11988,11989,-1,11945,11989,11946,-1,11946,11989,11990,-1,11946,11990,11947,-1,11947,11990,11991,-1,11947,11991,11948,-1,11948,11991,11992,-1,11948,11992,11949,-1,11949,11992,11993,-1,11949,11993,11950,-1,11950,11993,11994,-1,11950,11994,11951,-1,11951,11994,11995,-1,11951,11995,11952,-1,11952,11995,11996,-1,11952,11996,11953,-1,11953,11996,11997,-1,11953,11997,11954,-1,11954,11997,11998,-1,11954,11998,11955,-1,11955,11998,11999,-1,11955,11999,11956,-1,11956,11999,12000,-1,11956,12000,11957,-1,11957,12000,12001,-1,11957,12001,11958,-1,11958,12001,12002,-1,11958,12002,11959,-1,11959,12002,12003,-1,11959,12003,11960,-1,11960,12003,12004,-1,11960,12004,11961,-1,11961,12004,12005,-1,11961,12005,11962,-1,11962,12005,12006,-1,11962,12006,11963,-1,11963,12006,12007,-1,11963,12007,11964,-1,11964,12007,12008,-1,11964,12008,11965,-1,11965,12008,12009,-1,11965,12009,11966,-1,11966,12009,12010,-1,11966,12010,11967,-1,11967,12010,12011,-1,11967,12011,11968,-1,11968,12011,12012,-1,11968,12012,11969,-1,11969,12012,12013,-1,11969,12013,11970,-1,11970,12013,12014,-1,11970,12014,11971,-1,11971,12014,12015,-1,11971,12015,11972,-1,11972,12015,12016,-1,11972,12016,11973,-1,11973,12016,12017,-1,10952,10951,11008,-1,11008,10951,12018,-1,11008,12018,11974,-1,11974,12018,12019,-1,11974,12019,11975,-1,11975,12019,12020,-1,11975,12020,11976,-1,11976,12020,12021,-1,11976,12021,11977,-1,11977,12021,12022,-1,11977,12022,11978,-1,11978,12022,12023,-1,11978,12023,11979,-1,11979,12023,12024,-1,11979,12024,11980,-1,11980,12024,12025,-1,11980,12025,11981,-1,11981,12025,12026,-1,11981,12026,11982,-1,11982,12026,12027,-1,11982,12027,11983,-1,11983,12027,12028,-1,11983,12028,11984,-1,11984,12028,12029,-1,11984,12029,11985,-1,11985,12029,12030,-1,11985,12030,11986,-1,11986,12030,12031,-1,11986,12031,11987,-1,11987,12031,12032,-1,11987,12032,11988,-1,11988,12032,12033,-1,11988,12033,11989,-1,11989,12033,12034,-1,11989,12034,11990,-1,11990,12034,12035,-1,11990,12035,11991,-1,11991,12035,12036,-1,11991,12036,11992,-1,11992,12036,12037,-1,11992,12037,11993,-1,11993,12037,12038,-1,11993,12038,11994,-1,11994,12038,12039,-1,11994,12039,11995,-1,11995,12039,12040,-1,11995,12040,11996,-1,11996,12040,12041,-1,11996,12041,11997,-1,11997,12041,12042,-1,11997,12042,11998,-1,11998,12042,12043,-1,11998,12043,11999,-1,11999,12043,12044,-1,11999,12044,12000,-1,12000,12044,12045,-1,12000,12045,12001,-1,12001,12045,12046,-1,12001,12046,12002,-1,12002,12046,12047,-1,12002,12047,12003,-1,12003,12047,12048,-1,12003,12048,12004,-1,12004,12048,12049,-1,12004,12049,12005,-1,12005,12049,12050,-1,12005,12050,12006,-1,12006,12050,12051,-1,12006,12051,12007,-1,12007,12051,12052,-1,12007,12052,12008,-1,12008,12052,12053,-1,12008,12053,12009,-1,12009,12053,12054,-1,12009,12054,12010,-1,12010,12054,12055,-1,12010,12055,12011,-1,12011,12055,12056,-1,12011,12056,12012,-1,12012,12056,12057,-1,12012,12057,12013,-1,12013,12057,12058,-1,12013,12058,12014,-1,12014,12058,12059,-1,12014,12059,12015,-1,12015,12059,12060,-1,12015,12060,12016,-1,12016,12060,12061,-1,12016,12061,12017,-1,12017,12061,12062,-1,10951,10950,12018,-1,12018,10950,11742,-1,12018,11742,12019,-1,12019,11742,11743,-1,12019,11743,12020,-1,12020,11743,11744,-1,12020,11744,12021,-1,12021,11744,11745,-1,12021,11745,12022,-1,12022,11745,11746,-1,12022,11746,12023,-1,12023,11746,11747,-1,12023,11747,12024,-1,12024,11747,11748,-1,12024,11748,12025,-1,12025,11748,11749,-1,12025,11749,12026,-1,12026,11749,11750,-1,12026,11750,12027,-1,12027,11750,11751,-1,12027,11751,12028,-1,12028,11751,11752,-1,12028,11752,12029,-1,12029,11752,11753,-1,12029,11753,12030,-1,12030,11753,11754,-1,12030,11754,12031,-1,12031,11754,11755,-1,12031,11755,12032,-1,12032,11755,11756,-1,12032,11756,12033,-1,12033,11756,11757,-1,12033,11757,12034,-1,12034,11757,11758,-1,12034,11758,12035,-1,12035,11758,11759,-1,12035,11759,12036,-1,12036,11759,11760,-1,12036,11760,12037,-1,12037,11760,11761,-1,12037,11761,12038,-1,12038,11761,11762,-1,12038,11762,12039,-1,12039,11762,11763,-1,12039,11763,12040,-1,12040,11763,11764,-1,12040,11764,12041,-1,12041,11764,11765,-1,12041,11765,12042,-1,12042,11765,11766,-1,12042,11766,12043,-1,12043,11766,11767,-1,12043,11767,12044,-1,12044,11767,11768,-1,12044,11768,12045,-1,12045,11768,11769,-1,12045,11769,12046,-1,12046,11769,11770,-1,12046,11770,12047,-1,12047,11770,11771,-1,12047,11771,12048,-1,12048,11771,11772,-1,12048,11772,12049,-1,12049,11772,11773,-1,12049,11773,12050,-1,12050,11773,11774,-1,12050,11774,12051,-1,12051,11774,11775,-1,12051,11775,12052,-1,12052,11775,11776,-1,12052,11776,12053,-1,12053,11776,11777,-1,12053,11777,12054,-1,12054,11777,11778,-1,12054,11778,12055,-1,12055,11778,11779,-1,12055,11779,12056,-1,12056,11779,11780,-1,12056,11780,12057,-1,12057,11780,11781,-1,12057,11781,12058,-1,12058,11781,11782,-1,12058,11782,12059,-1,12059,11782,11784,-1,12059,11784,12060,-1,12060,11784,11786,-1,12060,11786,12061,-1,12061,11786,11788,-1,12061,11788,12062,-1,12062,11788,11790,-1,11171,11167,11172,-1,11172,11167,11164,-1,11172,11164,11703,-1,11703,11164,11158,-1,11703,11158,11704,-1,11704,11158,11156,-1,11704,11156,11705,-1,11705,11156,11154,-1,11705,11154,11706,-1,11706,11154,11147,-1,11706,11147,11707,-1,11707,11147,11149,-1,11707,11149,11708,-1,11708,11149,11037,-1,11708,11037,11709,-1,11709,11037,11040,-1,11709,11040,11710,-1,11710,11040,11140,-1,11710,11140,11711,-1,11711,11140,11136,-1,11711,11136,11712,-1,11712,11136,11043,-1,11712,11043,11713,-1,11713,11043,11131,-1,11713,11131,11714,-1,11714,11131,11126,-1,11714,11126,11715,-1,11715,11126,11125,-1,11715,11125,11716,-1,11716,11125,11122,-1,11716,11122,11717,-1,11717,11122,11120,-1,11717,11120,11718,-1,11718,11120,11117,-1,11718,11117,11719,-1,11719,11117,11113,-1,11719,11113,11720,-1,11720,11113,11108,-1,11720,11108,11721,-1,11721,11108,11105,-1,11721,11105,11722,-1,11722,11105,11533,-1,11722,11533,11723,-1,11723,11533,11535,-1,11723,11535,11702,-1,11702,11535,11537,-1,11702,11537,11783,-1,11783,11537,11539,-1,11783,11539,11785,-1,11785,11539,11542,-1,11785,11542,11787,-1,11787,11542,11546,-1,11787,11546,11789,-1,11789,11546,12063,-1,11789,12063,11790,-1,11079,11075,11080,-1,11080,11075,11077,-1,11080,11077,11545,-1,11545,11077,11553,-1,11545,11553,11546,-1,11546,11553,11551,-1,11546,11551,12063,-1,12063,11551,11550,-1,12063,11550,12064,-1,11017,11016,12065,-1,12065,11016,12066,-1,12065,12066,12067,-1,11048,12068,11015,-1,11015,12068,12069,-1,11015,12069,11016,-1,11016,12069,11072,-1,11016,11072,12066,-1,12066,11072,11069,-1,12066,11069,12067,-1,12067,11069,11066,-1,11045,11047,11046,-1,11046,11047,11015,-1,11046,11015,11552,-1,11552,11015,11017,-1,11552,11017,11550,-1,11550,11017,12065,-1,11550,12065,12064,-1,12064,12065,12067,-1,12064,12067,12070,-1,12070,12067,11066,-1,12070,11066,11061,-1,11061,11066,11068,-1,11061,11068,11062,-1,11063,11064,11061,-1,11061,11064,12071,-1,11061,12071,12070,-1,12070,12071,12072,-1,12070,12072,12064,-1,12064,12072,12073,-1,12064,12073,12063,-1,12063,12073,12074,-1,12063,12074,11790,-1,11790,12074,12075,-1,11790,12075,12062,-1,12062,12075,12076,-1,12062,12076,12017,-1,12017,12076,12077,-1,12017,12077,11973,-1,11973,12077,12078,-1,11973,12078,11929,-1,11929,12078,12079,-1,11929,12079,11884,-1,11884,12079,12080,-1,11884,12080,11839,-1,11839,12080,12081,-1,11839,12081,11548,-1,11548,12081,12082,-1,11548,12082,11549,-1,11549,12082,12083,-1,11549,12083,11735,-1,11735,12083,11442,-1,11735,11442,11440,-1,11440,11442,11444,-1,11440,11444,11441,-1,11556,11001,12084,-1,12084,11001,11000,-1,12084,11000,11453,-1,11453,11000,11457,-1,11453,11457,11454,-1,11057,11059,11064,-1,11064,11059,12085,-1,11064,12085,12071,-1,12071,12085,12086,-1,12071,12086,12072,-1,12072,12086,12087,-1,12072,12087,12073,-1,12073,12087,12088,-1,12073,12088,12074,-1,12074,12088,12089,-1,12074,12089,12075,-1,12075,12089,12090,-1,12075,12090,12076,-1,12076,12090,12091,-1,12076,12091,12077,-1,12077,12091,12092,-1,12077,12092,12078,-1,12078,12092,12093,-1,12078,12093,12079,-1,12079,12093,12094,-1,12079,12094,12080,-1,12080,12094,12095,-1,12080,12095,12081,-1,12081,12095,12096,-1,12081,12096,12082,-1,12082,12096,12097,-1,12082,12097,12083,-1,12083,12097,12098,-1,12083,12098,11442,-1,10994,11012,10995,-1,10995,11012,11014,-1,10995,11014,12099,-1,12099,11014,12100,-1,12099,12100,12101,-1,12101,12100,12102,-1,12101,12102,12103,-1,12103,12102,12104,-1,12103,12104,12105,-1,12105,12104,12106,-1,12105,12106,12107,-1,12107,12106,12108,-1,12107,12108,12109,-1,12109,12108,12110,-1,12109,12110,12111,-1,12111,12110,12112,-1,12111,12112,12113,-1,12113,12112,12114,-1,12113,12114,12115,-1,12115,12114,12116,-1,12115,12116,12117,-1,12117,12116,12118,-1,12117,12118,12119,-1,12119,12118,12120,-1,12119,12120,12121,-1,12121,12120,11451,-1,12121,11451,12122,-1,12122,11451,11452,-1,12122,11452,12123,-1,11054,11049,11059,-1,11059,11049,12124,-1,11059,12124,12085,-1,12085,12124,12125,-1,12085,12125,12086,-1,12086,12125,12126,-1,12086,12126,12087,-1,12087,12126,12127,-1,12087,12127,12088,-1,12088,12127,12128,-1,12088,12128,12089,-1,12089,12128,12129,-1,12089,12129,12090,-1,12090,12129,12130,-1,12090,12130,12091,-1,12091,12130,12131,-1,12091,12131,12092,-1,12092,12131,12132,-1,12092,12132,12093,-1,12093,12132,12133,-1,12093,12133,12094,-1,12094,12133,12134,-1,12094,12134,12095,-1,12095,12134,12135,-1,12095,12135,12096,-1,12096,12135,12136,-1,12096,12136,12097,-1,12097,12136,11446,-1,12097,11446,12098,-1,12098,11446,11445,-1,12098,11445,11442,-1,11442,11445,12137,-1,11442,12137,11443,-1,11556,11555,11001,-1,11001,11555,12138,-1,11001,12138,10999,-1,10999,12138,12139,-1,10999,12139,11460,-1,10998,10997,11554,-1,10997,12140,11554,-1,11554,12140,12141,-1,11554,12141,11555,-1,11555,12141,12142,-1,11555,12142,12138,-1,12138,12142,12143,-1,12138,12143,12139,-1,10996,10998,12144,-1,12144,10998,12145,-1,12144,12145,12146,-1,12146,12145,12147,-1,12146,12147,12148,-1,12148,12147,12149,-1,12148,12149,12150,-1,12151,12152,12153,-1,12153,12152,12154,-1,12153,12154,12155,-1,12155,12154,12156,-1,12155,12156,12149,-1,12149,12156,12157,-1,12149,12157,12150,-1,12158,12159,12160,-1,12160,12159,12161,-1,12160,12161,12151,-1,12151,12161,12162,-1,12151,12162,12152,-1,11013,12158,11014,-1,11014,12158,12160,-1,11014,12160,12100,-1,12100,12160,12151,-1,12100,12151,12102,-1,12102,12151,12153,-1,12102,12153,12104,-1,12104,12153,12155,-1,12104,12155,12106,-1,12106,12155,12149,-1,12106,12149,12108,-1,12108,12149,12147,-1,12108,12147,12110,-1,12110,12147,12145,-1,12110,12145,12112,-1,12112,12145,10998,-1,12112,10998,12114,-1,12114,10998,11554,-1,12114,11554,12116,-1,12116,11554,11556,-1,12116,11556,12118,-1,12118,11556,12084,-1,12118,12084,12120,-1,12120,12084,11453,-1,12120,11453,11451,-1,11451,11453,11455,-1,11451,11455,11449,-1,11051,10993,11049,-1,11049,10993,10995,-1,11049,10995,12124,-1,12124,10995,12099,-1,12124,12099,12125,-1,12125,12099,12101,-1,12125,12101,12126,-1,12126,12101,12103,-1,12126,12103,12127,-1,12127,12103,12105,-1,12127,12105,12128,-1,12128,12105,12107,-1,12128,12107,12129,-1,12129,12107,12109,-1,12129,12109,12130,-1,12130,12109,12111,-1,12130,12111,12131,-1,12131,12111,12113,-1,12131,12113,12132,-1,12132,12113,12115,-1,12132,12115,12133,-1,12133,12115,12117,-1,12133,12117,12134,-1,12134,12117,12119,-1,12134,12119,12135,-1,12135,12119,12121,-1,12135,12121,12136,-1,12136,12121,12122,-1,12136,12122,11446,-1,11446,12122,12123,-1,11446,12123,11448,-1,12163,12164,12165,-1,12166,12167,12168,-1,12169,12170,12171,-1,12172,12173,12174,-1,12175,12176,12177,-1,12178,12179,12176,-1,11073,12180,12181,-1,11146,11145,12182,-1,11186,11185,12183,-1,11273,11274,12184,-1,11291,11290,12185,-1,11328,11327,12186,-1,11337,12187,12188,-1,11400,11409,12189,-1,12123,11452,12190,-1,11450,11449,12191,-1,11456,11458,12192,-1,11024,12193,12194,-1,11458,11459,12194,-1,12194,11459,11025,-1,12194,11025,11024,-1,11456,12192,11457,-1,11449,11455,12195,-1,12195,11455,11454,-1,12195,11454,11457,-1,12123,12190,11448,-1,11444,11443,12196,-1,12196,11443,12197,-1,12196,12197,12198,-1,12198,12197,11445,-1,12198,11445,12199,-1,12199,11445,11447,-1,12199,11447,11448,-1,11441,12200,11439,-1,11439,12200,12201,-1,11439,12201,11438,-1,11438,12201,11436,-1,12201,12202,11436,-1,11436,12202,12203,-1,11436,12203,11434,-1,12204,11427,11426,-1,12204,11426,12205,-1,11426,11429,12205,-1,12205,11429,11431,-1,12205,11431,12203,-1,12203,11431,11433,-1,12203,11433,11434,-1,12206,11424,12204,-1,12204,11424,11428,-1,12204,11428,11427,-1,12207,11417,12208,-1,12208,11417,11419,-1,11419,11422,12208,-1,12208,11422,11421,-1,12208,11421,12206,-1,12206,11421,11425,-1,12206,11425,11424,-1,11411,11413,12209,-1,12209,11413,11414,-1,12209,11414,12207,-1,12207,11414,11416,-1,12207,11416,11417,-1,11406,11405,12210,-1,12210,11405,11411,-1,12210,11411,12211,-1,12211,11411,12209,-1,12189,11409,12210,-1,12210,11409,11408,-1,12210,11408,11406,-1,12212,11404,11403,-1,12212,11403,12189,-1,12189,11403,11401,-1,12189,11401,11400,-1,12213,11386,11385,-1,11385,11396,12213,-1,12213,11396,11395,-1,12213,11395,11394,-1,11393,11391,12212,-1,12212,11391,11390,-1,12212,11390,11404,-1,11394,11399,12213,-1,12213,11399,11398,-1,12213,11398,12212,-1,12212,11398,11397,-1,12212,11397,11393,-1,11386,12213,11388,-1,11388,12213,12214,-1,11388,12214,11389,-1,11378,11377,12215,-1,12215,11377,11382,-1,12215,11382,12214,-1,12214,11382,11384,-1,12214,11384,11389,-1,12216,11376,11381,-1,12216,11381,12215,-1,12215,11381,11380,-1,12215,11380,11378,-1,12217,11370,11369,-1,12217,11369,12216,-1,12216,11369,11374,-1,12216,11374,11376,-1,12218,11368,11373,-1,12218,11373,12217,-1,12217,11373,11372,-1,12217,11372,11370,-1,12219,11362,11361,-1,12219,11361,12218,-1,12218,11361,11366,-1,12218,11366,11368,-1,11362,12219,11364,-1,11364,12219,12220,-1,11364,12220,11365,-1,12221,11360,12220,-1,12220,11360,11359,-1,12220,11359,11365,-1,12222,11357,12221,-1,12221,11357,11356,-1,12221,11356,11360,-1,11349,11351,12223,-1,12223,11351,11354,-1,12223,11354,12222,-1,12222,11354,11353,-1,12222,11353,11357,-1,11349,12223,11348,-1,11348,12223,12224,-1,11348,12224,11346,-1,11346,12224,11341,-1,11341,12224,12225,-1,11341,12225,11342,-1,11337,11335,12187,-1,12187,11335,11345,-1,12187,11345,12225,-1,12225,11345,11344,-1,12225,11344,11342,-1,12226,11339,12188,-1,12188,11339,11338,-1,12188,11338,11337,-1,12227,11329,12226,-1,12226,11329,11340,-1,12226,11340,11339,-1,11327,11333,12186,-1,12186,11333,11332,-1,12186,11332,12227,-1,12227,11332,11330,-1,12227,11330,11329,-1,11322,11323,12228,-1,12228,11323,11325,-1,11320,12229,11317,-1,11317,12229,12230,-1,11317,12230,11318,-1,11312,11316,12231,-1,12231,11316,11315,-1,12231,11315,12230,-1,12230,11315,11314,-1,12230,11314,11318,-1,11312,12231,11313,-1,11313,12231,12232,-1,11313,12232,11310,-1,11306,11304,12233,-1,12233,11304,11303,-1,12233,11303,12232,-1,12232,11303,11308,-1,12232,11308,11310,-1,11306,12233,11307,-1,11307,12233,12234,-1,11307,12234,11301,-1,11301,12234,11302,-1,11302,12234,12235,-1,11302,12235,11299,-1,12236,11292,12235,-1,12235,11292,11297,-1,12235,11297,11299,-1,11296,11295,12236,-1,12236,11295,11293,-1,12236,11293,11292,-1,12237,11284,12238,-1,12238,11284,11286,-1,12238,11286,11288,-1,12239,11279,12237,-1,12237,11279,11285,-1,12237,11285,11284,-1,11276,11278,12240,-1,12240,11278,11282,-1,12240,11282,12239,-1,12239,11282,11280,-1,12239,11280,11279,-1,11263,11262,12241,-1,12241,11262,11267,-1,12241,11267,12242,-1,12242,11267,11269,-1,12242,11269,12243,-1,12243,11269,11270,-1,12243,11270,11272,-1,12244,12245,11257,-1,11257,12245,11259,-1,11257,11256,12244,-1,12244,11256,11266,-1,12244,11266,12241,-1,12241,11266,11265,-1,12241,11265,11263,-1,11245,11244,12246,-1,12246,11244,11261,-1,12246,11261,12245,-1,12245,11261,11260,-1,12245,11260,11259,-1,11251,11250,12246,-1,12246,11250,11249,-1,12246,11249,11245,-1,11246,11254,12247,-1,12247,11254,11253,-1,12247,11253,12246,-1,12246,11253,11252,-1,12246,11252,11251,-1,10966,11242,10967,-1,10967,11242,11241,-1,10967,11241,10969,-1,11238,12247,11239,-1,11239,12247,11240,-1,11238,11248,12247,-1,12247,11248,11247,-1,12247,11247,11246,-1,10939,10992,12248,-1,10940,10939,11236,-1,11236,10939,12248,-1,11236,12248,11233,-1,11233,12248,11234,-1,11234,12248,12249,-1,11234,12249,11235,-1,11230,11228,12250,-1,12250,11228,11226,-1,12250,11226,12249,-1,12249,11226,11225,-1,12249,11225,11235,-1,11230,12250,11231,-1,11231,12250,12251,-1,11231,12251,11222,-1,12252,11224,12251,-1,12251,11224,11223,-1,12251,11223,11222,-1,11027,11026,12253,-1,12253,11026,11218,-1,12253,11218,12252,-1,12252,11218,11220,-1,12252,11220,11224,-1,11027,12253,11216,-1,11216,12253,12254,-1,11216,12254,11217,-1,11217,12254,11212,-1,11212,12254,12255,-1,11212,12255,11213,-1,12256,11210,12255,-1,12255,11210,11209,-1,12255,11209,11213,-1,11205,11208,12257,-1,12257,11208,11207,-1,12257,11207,12256,-1,12256,11207,11211,-1,12256,11211,11210,-1,12258,11202,12257,-1,12257,11202,11203,-1,12257,11203,11205,-1,12259,11199,12258,-1,12258,11199,11201,-1,12258,11201,11202,-1,11030,11029,12260,-1,12260,11029,11196,-1,12260,11196,12259,-1,12259,11196,11197,-1,12259,11197,11199,-1,12261,11032,12262,-1,12262,11032,11195,-1,12262,11195,12263,-1,12263,11195,11194,-1,12263,11194,12260,-1,12260,11194,11193,-1,12260,11193,11030,-1,11189,11191,12261,-1,12261,11191,11192,-1,12261,11192,11032,-1,11189,12261,11187,-1,11187,12261,12264,-1,11187,12264,11636,-1,11185,11184,12265,-1,11179,11183,12266,-1,12266,11183,11182,-1,11175,11177,12267,-1,12267,11177,11180,-1,12267,11180,11179,-1,11175,12267,11173,-1,11173,12267,12268,-1,11173,12268,11170,-1,11170,12268,12269,-1,11170,12269,11171,-1,11171,12269,11167,-1,11167,12269,12270,-1,11167,12270,11168,-1,11159,11166,12271,-1,12271,11166,11165,-1,12271,11165,12270,-1,12270,11165,11169,-1,12270,11169,11168,-1,11159,12271,11160,-1,11160,12271,12272,-1,11160,12272,11161,-1,11161,12272,12273,-1,11161,12273,11162,-1,11162,12273,12274,-1,11162,12274,11163,-1,11145,11153,12182,-1,12182,11153,11155,-1,12182,11155,12274,-1,12274,11155,11157,-1,12274,11157,11163,-1,11146,12182,11148,-1,11148,12182,12275,-1,11148,12275,11150,-1,12276,11035,11152,-1,12276,11152,12275,-1,12275,11152,11151,-1,12275,11151,11150,-1,12277,11038,11144,-1,12277,11144,12276,-1,12276,11144,11036,-1,12276,11036,11035,-1,12278,11138,11143,-1,12278,11143,12277,-1,12277,11143,11039,-1,12277,11039,11038,-1,12279,11142,11141,-1,12279,11141,12278,-1,12278,11141,11139,-1,12278,11139,11138,-1,12280,11041,11135,-1,12280,11135,12279,-1,12279,11135,11137,-1,12279,11137,11142,-1,12281,12282,11134,-1,11134,11133,12281,-1,12281,11133,11132,-1,12281,11132,12280,-1,12280,11132,11042,-1,12280,11042,11041,-1,12283,12284,11130,-1,11130,11129,12283,-1,12283,11129,11128,-1,12283,11128,12282,-1,12282,11128,11127,-1,12282,11127,11134,-1,12285,12286,11119,-1,11119,11121,12285,-1,12285,11121,11124,-1,12285,11124,12284,-1,12284,11124,11123,-1,12284,11123,11130,-1,11112,11111,12287,-1,12287,11111,11116,-1,12287,11116,12286,-1,12286,11116,11118,-1,12286,11118,11119,-1,11112,12287,11114,-1,11114,12287,12288,-1,11114,12288,11115,-1,11107,11106,12289,-1,12289,11106,11110,-1,12289,11110,12288,-1,12288,11110,11109,-1,12288,11109,11115,-1,11107,12289,11100,-1,11100,12289,12290,-1,11100,12290,11101,-1,11101,12290,11103,-1,11103,12290,12291,-1,11103,12291,11104,-1,12292,11099,12291,-1,12291,11099,11098,-1,12291,11098,11104,-1,11087,11092,12293,-1,12293,11092,11094,-1,12293,11094,12292,-1,12292,11094,11096,-1,12292,11096,11099,-1,11087,12293,11088,-1,11088,12293,12294,-1,11088,12294,11090,-1,11090,12294,11091,-1,11091,12294,12295,-1,11091,12295,11085,-1,12296,11083,12295,-1,12295,11083,11086,-1,12295,11086,11085,-1,12297,11079,12296,-1,12296,11079,11081,-1,12296,11081,11083,-1,12298,11076,12297,-1,12297,11076,11075,-1,12297,11075,11079,-1,11047,11045,12299,-1,12299,11045,11044,-1,12299,11044,12298,-1,12298,11044,11078,-1,12298,11078,11076,-1,11047,12299,11048,-1,11048,12299,12300,-1,11048,12300,12068,-1,11070,11074,12301,-1,12301,11074,11073,-1,11062,11068,12302,-1,12302,11068,11067,-1,12302,11067,11071,-1,11057,11065,12303,-1,12303,11065,11063,-1,12303,11063,11062,-1,11054,11060,12304,-1,12304,11060,11058,-1,11052,11050,12305,-1,12305,11050,11056,-1,12305,11056,11055,-1,12306,10988,10987,-1,12307,12308,12309,-1,12309,12308,12310,-1,12309,12310,12311,-1,12311,12310,12312,-1,12311,12312,12313,-1,12313,12312,12314,-1,12313,12314,12315,-1,12315,12314,12316,-1,12315,12316,12317,-1,12317,12316,12306,-1,12317,12306,12318,-1,12318,12306,10987,-1,12318,10987,10986,-1,12319,12320,12321,-1,12321,12320,12322,-1,12321,12322,12323,-1,12323,12322,12324,-1,12323,12324,12325,-1,12325,12324,12326,-1,12325,12326,12327,-1,12327,12326,12328,-1,12327,12328,12329,-1,12329,12328,12330,-1,12329,12330,12331,-1,12331,12330,12332,-1,12331,12332,12333,-1,11185,12265,12183,-1,12183,12265,12334,-1,12183,12334,12335,-1,12179,12336,12337,-1,12337,12336,12338,-1,12337,12338,12339,-1,12339,12338,12340,-1,12339,12340,12341,-1,12341,12340,12342,-1,12341,12342,12343,-1,12343,12342,12344,-1,12343,12344,12345,-1,12346,12347,12348,-1,12348,12347,12349,-1,12348,12349,12350,-1,12350,12349,12351,-1,12350,12351,12352,-1,12351,12353,12352,-1,12352,12353,12354,-1,12352,12354,12355,-1,12354,12356,12355,-1,12355,12356,12357,-1,12355,12357,12358,-1,12357,12359,12358,-1,12358,12359,12360,-1,12358,12360,12361,-1,12362,12363,12364,-1,12360,12365,12361,-1,12361,12365,12366,-1,12361,12366,12367,-1,12367,12366,12368,-1,12367,12368,12369,-1,12369,12368,12370,-1,11073,12181,12301,-1,12301,12181,12371,-1,12301,12371,12372,-1,12373,12374,12375,-1,12376,12377,12378,-1,10991,10990,12379,-1,12379,10990,10989,-1,10981,10980,12380,-1,10976,10975,12381,-1,10976,12381,10977,-1,10975,10974,12332,-1,12332,10974,10973,-1,12332,10973,12333,-1,12333,10973,12382,-1,12333,12382,10971,-1,11241,11240,10969,-1,10969,11240,12247,-1,10969,12247,12383,-1,12383,12247,10971,-1,12308,12384,12310,-1,12310,12384,12385,-1,12310,12385,12312,-1,12312,12385,12386,-1,12312,12386,12314,-1,12314,12386,12387,-1,12314,12387,12316,-1,12316,12387,12379,-1,12316,12379,12306,-1,12306,12379,10989,-1,12306,10989,10988,-1,10971,12247,12333,-1,12333,12247,12246,-1,12333,12246,12331,-1,12331,12246,12245,-1,12331,12245,12329,-1,12329,12245,12244,-1,12329,12244,12327,-1,12327,12244,12241,-1,12327,12241,12325,-1,12325,12241,12242,-1,12325,12242,12323,-1,12323,12242,12243,-1,12323,12243,12321,-1,12321,12243,12388,-1,12321,12388,12319,-1,12173,12172,12389,-1,12389,12172,12390,-1,12389,12390,12391,-1,12392,12393,12394,-1,12394,12393,12395,-1,12394,12395,12396,-1,12396,12395,12397,-1,12396,12397,12398,-1,12398,12397,12319,-1,12398,12319,12399,-1,12399,12319,12388,-1,12399,12388,12184,-1,12184,12388,12243,-1,12184,12243,11273,-1,11273,12243,11272,-1,12400,12401,12402,-1,12402,12401,12403,-1,12402,12403,12404,-1,12404,12403,12405,-1,12404,12405,12406,-1,12406,12405,12391,-1,12406,12391,12407,-1,12407,12391,12390,-1,12407,12390,12307,-1,12307,12390,12172,-1,12307,12172,12308,-1,12308,12172,12174,-1,12308,12174,12384,-1,12408,12400,12409,-1,12409,12400,12402,-1,12409,12402,12410,-1,12410,12402,12404,-1,12410,12404,12411,-1,12411,12404,12406,-1,12411,12406,12412,-1,12412,12406,12407,-1,12412,12407,12413,-1,12413,12407,12307,-1,10975,12332,12381,-1,12381,12332,12330,-1,12381,12330,12414,-1,12414,12330,12328,-1,12414,12328,12415,-1,12415,12328,12326,-1,12415,12326,12416,-1,12416,12326,12324,-1,12416,12324,12417,-1,12417,12324,12322,-1,12417,12322,12418,-1,12418,12322,12320,-1,12418,12320,12419,-1,12419,12320,12319,-1,12419,12319,12420,-1,12420,12319,12397,-1,12420,12397,12421,-1,12421,12397,12395,-1,12421,12395,12422,-1,12422,12395,12393,-1,12422,12393,12423,-1,12423,12393,12392,-1,12423,12392,12424,-1,12425,12426,12427,-1,12427,12426,12428,-1,12427,12428,12429,-1,12429,12428,12430,-1,12429,12430,12431,-1,12431,12430,12432,-1,12431,12432,12433,-1,12433,12432,12434,-1,12433,12434,12435,-1,12435,12434,12436,-1,12435,12436,12437,-1,12437,12436,12438,-1,12437,12438,12439,-1,12439,12438,12440,-1,12439,12440,12441,-1,12441,12440,12442,-1,12441,12442,12185,-1,12185,12442,12238,-1,12185,12238,11291,-1,11291,12238,11288,-1,10992,10991,12248,-1,12248,10991,12379,-1,12248,12379,12249,-1,12249,12379,12387,-1,12249,12387,12250,-1,12250,12387,12386,-1,12250,12386,12251,-1,12251,12386,12385,-1,12251,12385,12252,-1,12252,12385,12384,-1,12252,12384,12253,-1,12253,12384,12174,-1,12253,12174,12254,-1,12254,12174,12173,-1,12254,12173,12255,-1,12255,12173,12389,-1,12255,12389,12256,-1,12256,12389,12391,-1,12256,12391,12257,-1,12257,12391,12405,-1,12257,12405,12258,-1,12258,12405,12403,-1,12258,12403,12259,-1,12259,12403,12401,-1,12259,12401,12260,-1,12260,12401,12400,-1,12260,12400,12263,-1,12263,12400,12408,-1,12263,12408,12262,-1,12262,12408,12443,-1,12262,12443,12261,-1,12261,12443,12444,-1,12261,12444,12264,-1,12264,12444,12445,-1,12410,12345,12409,-1,12409,12345,12344,-1,12409,12344,12408,-1,12408,12344,12342,-1,12408,12342,12443,-1,12443,12342,12340,-1,12443,12340,12444,-1,12444,12340,12338,-1,12444,12338,12445,-1,12179,12178,12336,-1,12336,12178,12335,-1,12336,12335,12338,-1,12338,12335,12334,-1,12338,12334,12445,-1,12445,12334,12265,-1,12445,12265,12264,-1,12264,12265,11184,-1,12264,11184,11636,-1,12176,12175,12178,-1,12178,12175,12446,-1,12178,12446,12335,-1,12335,12446,12266,-1,12335,12266,12183,-1,12183,12266,11182,-1,12183,11182,11186,-1,12170,12169,12447,-1,12447,12169,12448,-1,12447,12448,12449,-1,11274,11276,12184,-1,12184,11276,12240,-1,12184,12240,12399,-1,12399,12240,12239,-1,12399,12239,12398,-1,12398,12239,12237,-1,12398,12237,12396,-1,12396,12237,12238,-1,12396,12238,12394,-1,12394,12238,12442,-1,12394,12442,12392,-1,12392,12442,12440,-1,12392,12440,12424,-1,12424,12440,12438,-1,12424,12438,12450,-1,12450,12438,12436,-1,12450,12436,12451,-1,12451,12436,12434,-1,12451,12434,12452,-1,12452,12434,12432,-1,12452,12432,12453,-1,12453,12432,12430,-1,12453,12430,12454,-1,12454,12430,12428,-1,12454,12428,12455,-1,12455,12428,12426,-1,12455,12426,12456,-1,12456,12426,12425,-1,12456,12425,12457,-1,11320,11322,12229,-1,12229,11322,12228,-1,12229,12228,12458,-1,12458,12228,12459,-1,12458,12459,12460,-1,12460,12459,12461,-1,12460,12461,12462,-1,12462,12461,12463,-1,12462,12463,12464,-1,12464,12463,12465,-1,12464,12465,12466,-1,12466,12465,12467,-1,12466,12467,12468,-1,12468,12467,12469,-1,12468,12469,12470,-1,12470,12469,12471,-1,12470,12471,12472,-1,12472,12471,12473,-1,12472,12473,12474,-1,12474,12473,12475,-1,12474,12475,12476,-1,12476,12475,12477,-1,12476,12477,12478,-1,12478,12477,12479,-1,12478,12479,12480,-1,12480,12479,12481,-1,12480,12481,12482,-1,12482,12481,12483,-1,12482,12483,12484,-1,12484,12483,12485,-1,12484,12485,12486,-1,12486,12485,12487,-1,12486,12487,12488,-1,12488,12487,12489,-1,12488,12489,12490,-1,12490,12489,12491,-1,12490,12491,12492,-1,12492,12491,12493,-1,12492,12493,12494,-1,12494,12493,12495,-1,12494,12495,12496,-1,12496,12495,12497,-1,12496,12497,12346,-1,12448,12498,12449,-1,12449,12498,12499,-1,12449,12499,12500,-1,12500,12499,12501,-1,12500,12501,12502,-1,12502,12501,12503,-1,12502,12503,12504,-1,12504,12503,12505,-1,12504,12505,12506,-1,12506,12505,12507,-1,12506,12507,12508,-1,12508,12507,12509,-1,12508,12509,12510,-1,12510,12509,12511,-1,12510,12511,12512,-1,12512,12511,12513,-1,12512,12513,12514,-1,12514,12513,12515,-1,12514,12515,12516,-1,12516,12515,12517,-1,12516,12517,12518,-1,12518,12517,12519,-1,12518,12519,12520,-1,12520,12519,12521,-1,12520,12521,12522,-1,12522,12521,12523,-1,12522,12523,12524,-1,12524,12523,12525,-1,12524,12525,12526,-1,12526,12525,12527,-1,12526,12527,12528,-1,12528,12527,12529,-1,12528,12529,12530,-1,12530,12529,12531,-1,12530,12531,12532,-1,12532,12531,12533,-1,12532,12533,12534,-1,12534,12533,12535,-1,12534,12535,12536,-1,12536,12535,12537,-1,12536,12537,12538,-1,11325,11328,12228,-1,12228,11328,12186,-1,12228,12186,12459,-1,12459,12186,12227,-1,12459,12227,12461,-1,12461,12227,12226,-1,12461,12226,12463,-1,12463,12226,12188,-1,12463,12188,12465,-1,12465,12188,12187,-1,12465,12187,12467,-1,12467,12187,12225,-1,12467,12225,12469,-1,12469,12225,12224,-1,12469,12224,12471,-1,12471,12224,12223,-1,12471,12223,12473,-1,12473,12223,12222,-1,12473,12222,12475,-1,12475,12222,12221,-1,12475,12221,12477,-1,12477,12221,12220,-1,12477,12220,12479,-1,12479,12220,12219,-1,12479,12219,12481,-1,12481,12219,12218,-1,12481,12218,12483,-1,12483,12218,12217,-1,12483,12217,12485,-1,12485,12217,12216,-1,12485,12216,12487,-1,12487,12216,12215,-1,12487,12215,12489,-1,12489,12215,12214,-1,12489,12214,12491,-1,12491,12214,12213,-1,12491,12213,12493,-1,12493,12213,12212,-1,12493,12212,12495,-1,12495,12212,12189,-1,12495,12189,12497,-1,12497,12189,12210,-1,12538,12537,12539,-1,12539,12537,12540,-1,12539,12540,12541,-1,12542,12543,12544,-1,12544,12545,12542,-1,12542,12545,12546,-1,12542,12546,12540,-1,12540,12546,12547,-1,12540,12547,12541,-1,12168,12167,12548,-1,12167,12549,12548,-1,12548,12549,12550,-1,12548,12550,12543,-1,12543,12550,12551,-1,12543,12551,12544,-1,12267,12171,12268,-1,12268,12171,12170,-1,12268,12170,12269,-1,12269,12170,12447,-1,12269,12447,12270,-1,12270,12447,12449,-1,12270,12449,12271,-1,12271,12449,12500,-1,12271,12500,12272,-1,12272,12500,12502,-1,12272,12502,12273,-1,12273,12502,12504,-1,12273,12504,12274,-1,12274,12504,12506,-1,12274,12506,12182,-1,12182,12506,12508,-1,12182,12508,12275,-1,12275,12508,12510,-1,12275,12510,12276,-1,12276,12510,12512,-1,12276,12512,12277,-1,12277,12512,12514,-1,12277,12514,12278,-1,12278,12514,12516,-1,12278,12516,12279,-1,12279,12516,12518,-1,12279,12518,12280,-1,12280,12518,12520,-1,12280,12520,12281,-1,12281,12520,12522,-1,12281,12522,12282,-1,12282,12522,12524,-1,12282,12524,12283,-1,12283,12524,12526,-1,12283,12526,12284,-1,12284,12526,12528,-1,12284,12528,12285,-1,12285,12528,12530,-1,12285,12530,12286,-1,12286,12530,12532,-1,12286,12532,12287,-1,12287,12532,12534,-1,12287,12534,12288,-1,12288,12534,12536,-1,12288,12536,12289,-1,12289,12536,12538,-1,12289,12538,12290,-1,12290,12538,12539,-1,12290,12539,12291,-1,12291,12539,12541,-1,12291,12541,12292,-1,12292,12541,12547,-1,12292,12547,12293,-1,12293,12547,12546,-1,12293,12546,12294,-1,12294,12546,12545,-1,12294,12545,12295,-1,12295,12545,12544,-1,12295,12544,12296,-1,12296,12544,12551,-1,12296,12551,12297,-1,12297,12551,12550,-1,12297,12550,12298,-1,12298,12550,12549,-1,12298,12549,12299,-1,12299,12549,12167,-1,12299,12167,12300,-1,12300,12167,12166,-1,11179,12266,12267,-1,12267,12266,12446,-1,12267,12446,12171,-1,12171,12446,12175,-1,12171,12175,12169,-1,12169,12175,12177,-1,12169,12177,12448,-1,12448,12177,12552,-1,12448,12552,12498,-1,12498,12552,12553,-1,12498,12553,12499,-1,12499,12553,12554,-1,12499,12554,12501,-1,12501,12554,12555,-1,12501,12555,12503,-1,12503,12555,12556,-1,12503,12556,12505,-1,12505,12556,12557,-1,12505,12557,12507,-1,12507,12557,12558,-1,12507,12558,12509,-1,12509,12558,12559,-1,12509,12559,12511,-1,12511,12559,12560,-1,12511,12560,12513,-1,12513,12560,12561,-1,12513,12561,12515,-1,12515,12561,12562,-1,12515,12562,12517,-1,12517,12562,12563,-1,12517,12563,12519,-1,12519,12563,12564,-1,12519,12564,12521,-1,12521,12564,12565,-1,12521,12565,12523,-1,12523,12565,12566,-1,12523,12566,12525,-1,12525,12566,12567,-1,12525,12567,12527,-1,12527,12567,12568,-1,12527,12568,12529,-1,12529,12568,12569,-1,12529,12569,12531,-1,12531,12569,12570,-1,12531,12570,12533,-1,12533,12570,12571,-1,12533,12571,12535,-1,12535,12571,12572,-1,12535,12572,12537,-1,12537,12572,12573,-1,12537,12573,12540,-1,12540,12573,12574,-1,12540,12574,12542,-1,12542,12574,12575,-1,12542,12575,12543,-1,12543,12575,12576,-1,12543,12576,12548,-1,12548,12576,12362,-1,12548,12362,12168,-1,12168,12362,12364,-1,12168,12364,12166,-1,10986,10985,12318,-1,12318,10985,12577,-1,12318,12577,12317,-1,12317,12577,12578,-1,12317,12578,12315,-1,12315,12578,12579,-1,12315,12579,12313,-1,12313,12579,12580,-1,12313,12580,12311,-1,12311,12580,12581,-1,12311,12581,12309,-1,12309,12581,12582,-1,12309,12582,12307,-1,12307,12582,12583,-1,12307,12583,12413,-1,12413,12583,12584,-1,12413,12584,12412,-1,12412,12584,12585,-1,12412,12585,12411,-1,12411,12585,12586,-1,12411,12586,12410,-1,12410,12586,12587,-1,12410,12587,12345,-1,12345,12587,12588,-1,12345,12588,12343,-1,12343,12588,12589,-1,12343,12589,12341,-1,12341,12589,12590,-1,12341,12590,12339,-1,12339,12590,12591,-1,12339,12591,12337,-1,12337,12591,12592,-1,12337,12592,12179,-1,12179,12592,12593,-1,12179,12593,12176,-1,12176,12593,12594,-1,12176,12594,12177,-1,12177,12594,12595,-1,12177,12595,12552,-1,12552,12595,12596,-1,12552,12596,12553,-1,12553,12596,12597,-1,12553,12597,12554,-1,12554,12597,12598,-1,12554,12598,12555,-1,12555,12598,12599,-1,12555,12599,12556,-1,12556,12599,12600,-1,12556,12600,12557,-1,12557,12600,12601,-1,12557,12601,12558,-1,12558,12601,12602,-1,12558,12602,12559,-1,12559,12602,12603,-1,12559,12603,12560,-1,12560,12603,12604,-1,12560,12604,12561,-1,12561,12604,12605,-1,12561,12605,12562,-1,12562,12605,12606,-1,12562,12606,12563,-1,12563,12606,12607,-1,12563,12607,12564,-1,12564,12607,12608,-1,12564,12608,12565,-1,12565,12608,12609,-1,12565,12609,12566,-1,12566,12609,12610,-1,12566,12610,12567,-1,12567,12610,12611,-1,12567,12611,12568,-1,12568,12611,12612,-1,12568,12612,12569,-1,12569,12612,12613,-1,12569,12613,12570,-1,12570,12613,12614,-1,12570,12614,12571,-1,12571,12614,12615,-1,12571,12615,12572,-1,12572,12615,12616,-1,12572,12616,12573,-1,12573,12616,12617,-1,12573,12617,12574,-1,12574,12617,12618,-1,12574,12618,12575,-1,12575,12618,12619,-1,12575,12619,12576,-1,12576,12619,12620,-1,12576,12620,12362,-1,12362,12620,12621,-1,12362,12621,12363,-1,12363,12621,12622,-1,10985,10984,12577,-1,12577,10984,12623,-1,12577,12623,12578,-1,12578,12623,12624,-1,12578,12624,12579,-1,12579,12624,12625,-1,12579,12625,12580,-1,12580,12625,12626,-1,12580,12626,12581,-1,12581,12626,12627,-1,12581,12627,12582,-1,12582,12627,12628,-1,12582,12628,12583,-1,12583,12628,12629,-1,12583,12629,12584,-1,12584,12629,12630,-1,12584,12630,12585,-1,12585,12630,12631,-1,12585,12631,12586,-1,12586,12631,12632,-1,12586,12632,12587,-1,12587,12632,12633,-1,12587,12633,12588,-1,12588,12633,12634,-1,12588,12634,12589,-1,12589,12634,12635,-1,12589,12635,12590,-1,12590,12635,12636,-1,12590,12636,12591,-1,12591,12636,12637,-1,12591,12637,12592,-1,12592,12637,12638,-1,12592,12638,12593,-1,12593,12638,12639,-1,12593,12639,12594,-1,12594,12639,12640,-1,12594,12640,12595,-1,12595,12640,12641,-1,12595,12641,12596,-1,12596,12641,12642,-1,12596,12642,12597,-1,12597,12642,12643,-1,12597,12643,12598,-1,12598,12643,12644,-1,12598,12644,12599,-1,12599,12644,12645,-1,12599,12645,12600,-1,12600,12645,12646,-1,12600,12646,12601,-1,12601,12646,12647,-1,12601,12647,12602,-1,12602,12647,12648,-1,12602,12648,12603,-1,12603,12648,12649,-1,12603,12649,12604,-1,12604,12649,12650,-1,12604,12650,12605,-1,12605,12650,12651,-1,12605,12651,12606,-1,12606,12651,12652,-1,12606,12652,12607,-1,12607,12652,12653,-1,12607,12653,12608,-1,12608,12653,12654,-1,12608,12654,12609,-1,12609,12654,12655,-1,12609,12655,12610,-1,12610,12655,12656,-1,12610,12656,12611,-1,12611,12656,12657,-1,12611,12657,12612,-1,12612,12657,12658,-1,12612,12658,12613,-1,12613,12658,12659,-1,12613,12659,12614,-1,12614,12659,12660,-1,12614,12660,12615,-1,12615,12660,12661,-1,12615,12661,12616,-1,12616,12661,12662,-1,12616,12662,12617,-1,12617,12662,12663,-1,12617,12663,12618,-1,12618,12663,12664,-1,12618,12664,12619,-1,12619,12664,12665,-1,12619,12665,12620,-1,12620,12665,12666,-1,12620,12666,12621,-1,12621,12666,12667,-1,12621,12667,12622,-1,12622,12667,12668,-1,10984,10983,12623,-1,12623,10983,12669,-1,12623,12669,12624,-1,12624,12669,12670,-1,12624,12670,12625,-1,12625,12670,12671,-1,12625,12671,12626,-1,12626,12671,12672,-1,12626,12672,12627,-1,12627,12672,12673,-1,12627,12673,12628,-1,12628,12673,12674,-1,12628,12674,12629,-1,12629,12674,12675,-1,12629,12675,12630,-1,12630,12675,12676,-1,12630,12676,12631,-1,12631,12676,12677,-1,12631,12677,12632,-1,12632,12677,12678,-1,12632,12678,12633,-1,12633,12678,12679,-1,12633,12679,12634,-1,12634,12679,12680,-1,12634,12680,12635,-1,12635,12680,12681,-1,12635,12681,12636,-1,12636,12681,12682,-1,12636,12682,12637,-1,12637,12682,12683,-1,12637,12683,12638,-1,12638,12683,12684,-1,12638,12684,12639,-1,12639,12684,12685,-1,12639,12685,12640,-1,12640,12685,12686,-1,12640,12686,12641,-1,12641,12686,12687,-1,12641,12687,12642,-1,12642,12687,12688,-1,12642,12688,12643,-1,12643,12688,12689,-1,12643,12689,12644,-1,12644,12689,12690,-1,12644,12690,12645,-1,12645,12690,12691,-1,12645,12691,12646,-1,12646,12691,12692,-1,12646,12692,12647,-1,12647,12692,12693,-1,12647,12693,12648,-1,12648,12693,12694,-1,12648,12694,12649,-1,12649,12694,12695,-1,12649,12695,12650,-1,12650,12695,12696,-1,12650,12696,12651,-1,12651,12696,12697,-1,12651,12697,12652,-1,12652,12697,12698,-1,12652,12698,12653,-1,12653,12698,12699,-1,12653,12699,12654,-1,12654,12699,12700,-1,12654,12700,12655,-1,12655,12700,12701,-1,12655,12701,12656,-1,12656,12701,12702,-1,12656,12702,12657,-1,12657,12702,12703,-1,12657,12703,12658,-1,12658,12703,12704,-1,12658,12704,12659,-1,12659,12704,12705,-1,12659,12705,12660,-1,12660,12705,12706,-1,12660,12706,12661,-1,12661,12706,12707,-1,12661,12707,12662,-1,12662,12707,12708,-1,12662,12708,12663,-1,12663,12708,12709,-1,12663,12709,12664,-1,12664,12709,12710,-1,12664,12710,12665,-1,12665,12710,12711,-1,12665,12711,12666,-1,12666,12711,12712,-1,12666,12712,12667,-1,12667,12712,12713,-1,12667,12713,12668,-1,12668,12713,12714,-1,10983,10982,12669,-1,12669,10982,12715,-1,12669,12715,12670,-1,12670,12715,12716,-1,12670,12716,12671,-1,12671,12716,12717,-1,12671,12717,12672,-1,12672,12717,12718,-1,12672,12718,12673,-1,12673,12718,12719,-1,12673,12719,12674,-1,12674,12719,12720,-1,12674,12720,12675,-1,12675,12720,12721,-1,12675,12721,12676,-1,12676,12721,12722,-1,12676,12722,12677,-1,12677,12722,12723,-1,12677,12723,12678,-1,12678,12723,12724,-1,12678,12724,12679,-1,12679,12724,12725,-1,12679,12725,12680,-1,12680,12725,12726,-1,12680,12726,12681,-1,12681,12726,12727,-1,12681,12727,12682,-1,12682,12727,12728,-1,12682,12728,12683,-1,12683,12728,12729,-1,12683,12729,12684,-1,12684,12729,12730,-1,12684,12730,12685,-1,12685,12730,12731,-1,12685,12731,12686,-1,12686,12731,12732,-1,12686,12732,12687,-1,12687,12732,12733,-1,12687,12733,12688,-1,12688,12733,12734,-1,12688,12734,12689,-1,12689,12734,12735,-1,12689,12735,12690,-1,12690,12735,12736,-1,12690,12736,12691,-1,12691,12736,12737,-1,12691,12737,12692,-1,12692,12737,12738,-1,12692,12738,12693,-1,12693,12738,12739,-1,12693,12739,12694,-1,12694,12739,12740,-1,12694,12740,12695,-1,12695,12740,12741,-1,12695,12741,12696,-1,12696,12741,12742,-1,12696,12742,12697,-1,12697,12742,12743,-1,12697,12743,12698,-1,12698,12743,12744,-1,12698,12744,12699,-1,12699,12744,12745,-1,12699,12745,12700,-1,12700,12745,12746,-1,12700,12746,12701,-1,12701,12746,12747,-1,12701,12747,12702,-1,12702,12747,12748,-1,12702,12748,12703,-1,12703,12748,12749,-1,12703,12749,12704,-1,12704,12749,12750,-1,12704,12750,12705,-1,12705,12750,12751,-1,12705,12751,12706,-1,12706,12751,12752,-1,12706,12752,12707,-1,12707,12752,12753,-1,12707,12753,12708,-1,12708,12753,12754,-1,12708,12754,12709,-1,12709,12754,12755,-1,12709,12755,12710,-1,12710,12755,12756,-1,12710,12756,12711,-1,12711,12756,12757,-1,12711,12757,12712,-1,12712,12757,12758,-1,12712,12758,12713,-1,12713,12758,12759,-1,12713,12759,12714,-1,12714,12759,12760,-1,10982,10981,12715,-1,12715,10981,12380,-1,12715,12380,12716,-1,12716,12380,12761,-1,12716,12761,12717,-1,12717,12761,12762,-1,12717,12762,12718,-1,12718,12762,12763,-1,12718,12763,12719,-1,12719,12763,12764,-1,12719,12764,12720,-1,12720,12764,12765,-1,12720,12765,12721,-1,12721,12765,12766,-1,12721,12766,12722,-1,12722,12766,12767,-1,12722,12767,12723,-1,12723,12767,12768,-1,12723,12768,12724,-1,12724,12768,12769,-1,12724,12769,12725,-1,12725,12769,12770,-1,12725,12770,12726,-1,12726,12770,12771,-1,12726,12771,12727,-1,12727,12771,12772,-1,12727,12772,12728,-1,12728,12772,12773,-1,12728,12773,12729,-1,12729,12773,12774,-1,12729,12774,12730,-1,12730,12774,12775,-1,12730,12775,12731,-1,12731,12775,12776,-1,12731,12776,12732,-1,12732,12776,12777,-1,12732,12777,12733,-1,12733,12777,12778,-1,12733,12778,12734,-1,12734,12778,12779,-1,12734,12779,12735,-1,12735,12779,12780,-1,12735,12780,12736,-1,12736,12780,12781,-1,12736,12781,12737,-1,12737,12781,12782,-1,12737,12782,12738,-1,12738,12782,12783,-1,12738,12783,12739,-1,12739,12783,12784,-1,12739,12784,12740,-1,12740,12784,12785,-1,12740,12785,12741,-1,12741,12785,12786,-1,12741,12786,12742,-1,12742,12786,12787,-1,12742,12787,12743,-1,12743,12787,12788,-1,12743,12788,12744,-1,12744,12788,12789,-1,12744,12789,12745,-1,12745,12789,12790,-1,12745,12790,12746,-1,12746,12790,12791,-1,12746,12791,12747,-1,12747,12791,12792,-1,12747,12792,12748,-1,12748,12792,12793,-1,12748,12793,12749,-1,12749,12793,12794,-1,12749,12794,12750,-1,12750,12794,12795,-1,12750,12795,12751,-1,12751,12795,12796,-1,12751,12796,12752,-1,12752,12796,12797,-1,12752,12797,12753,-1,12753,12797,12798,-1,12753,12798,12754,-1,12754,12798,12799,-1,12754,12799,12755,-1,12755,12799,12800,-1,12755,12800,12756,-1,12756,12800,12801,-1,12756,12801,12757,-1,12757,12801,12802,-1,12757,12802,12758,-1,12758,12802,12803,-1,12758,12803,12759,-1,12759,12803,12804,-1,12759,12804,12760,-1,12760,12804,12805,-1,12380,12806,12761,-1,12761,12806,12807,-1,12761,12807,12762,-1,12762,12807,12808,-1,12762,12808,12763,-1,12763,12808,12809,-1,12763,12809,12764,-1,12764,12809,12810,-1,12764,12810,12765,-1,12765,12810,12811,-1,12765,12811,12766,-1,12766,12811,12812,-1,12766,12812,12767,-1,12767,12812,12813,-1,12767,12813,12768,-1,12768,12813,12814,-1,12768,12814,12769,-1,12769,12814,12815,-1,12769,12815,12770,-1,12770,12815,12816,-1,12770,12816,12771,-1,12771,12816,12817,-1,12771,12817,12772,-1,12772,12817,12818,-1,12772,12818,12773,-1,12773,12818,12819,-1,12773,12819,12774,-1,12774,12819,12820,-1,12774,12820,12775,-1,12775,12820,12821,-1,12775,12821,12776,-1,12776,12821,12822,-1,12776,12822,12777,-1,12777,12822,12823,-1,12777,12823,12778,-1,12778,12823,12824,-1,12778,12824,12779,-1,12779,12824,12825,-1,12779,12825,12780,-1,12780,12825,12826,-1,12780,12826,12781,-1,12781,12826,12827,-1,12781,12827,12782,-1,12782,12827,12828,-1,12782,12828,12783,-1,12783,12828,12829,-1,12783,12829,12784,-1,12784,12829,12830,-1,12784,12830,12785,-1,12785,12830,12831,-1,12785,12831,12786,-1,12786,12831,12832,-1,12786,12832,12787,-1,12787,12832,12833,-1,12787,12833,12788,-1,12788,12833,12834,-1,12788,12834,12789,-1,12789,12834,12835,-1,12789,12835,12790,-1,12790,12835,12836,-1,12790,12836,12791,-1,12791,12836,12837,-1,12791,12837,12792,-1,12792,12837,12838,-1,12792,12838,12793,-1,12793,12838,12839,-1,12793,12839,12794,-1,12794,12839,12840,-1,12794,12840,12795,-1,12795,12840,12841,-1,12795,12841,12796,-1,12796,12841,12842,-1,12796,12842,12797,-1,12797,12842,12843,-1,12797,12843,12798,-1,12798,12843,12844,-1,12798,12844,12799,-1,12799,12844,12845,-1,12799,12845,12800,-1,12800,12845,12846,-1,12800,12846,12801,-1,12801,12846,12847,-1,12801,12847,12802,-1,12802,12847,12848,-1,12802,12848,12803,-1,12803,12848,12849,-1,12803,12849,12804,-1,12804,12849,12850,-1,12804,12850,12805,-1,12805,12850,12851,-1,12806,12852,12807,-1,12807,12852,12853,-1,12807,12853,12808,-1,12808,12853,12854,-1,12808,12854,12809,-1,12809,12854,12855,-1,12809,12855,12810,-1,12810,12855,12856,-1,12810,12856,12811,-1,12811,12856,12857,-1,12811,12857,12812,-1,12812,12857,12858,-1,12812,12858,12813,-1,12813,12858,12859,-1,12813,12859,12814,-1,12814,12859,12860,-1,12814,12860,12815,-1,12815,12860,12861,-1,12815,12861,12816,-1,12816,12861,12862,-1,12816,12862,12817,-1,12817,12862,12863,-1,12817,12863,12818,-1,12818,12863,12864,-1,12818,12864,12819,-1,12819,12864,12865,-1,12819,12865,12820,-1,12820,12865,12866,-1,12820,12866,12821,-1,12821,12866,12867,-1,12821,12867,12822,-1,12822,12867,12868,-1,12822,12868,12823,-1,12823,12868,12869,-1,12823,12869,12824,-1,12824,12869,12870,-1,12824,12870,12825,-1,12825,12870,12871,-1,12825,12871,12826,-1,12826,12871,12872,-1,12826,12872,12827,-1,12827,12872,12873,-1,12827,12873,12828,-1,12828,12873,12874,-1,12828,12874,12829,-1,12829,12874,12875,-1,12829,12875,12830,-1,12830,12875,12876,-1,12830,12876,12831,-1,12831,12876,12877,-1,12831,12877,12832,-1,12832,12877,12878,-1,12832,12878,12833,-1,12833,12878,12879,-1,12833,12879,12834,-1,12834,12879,12880,-1,12834,12880,12835,-1,12835,12880,12881,-1,12835,12881,12836,-1,12836,12881,12882,-1,12836,12882,12837,-1,12837,12882,12883,-1,12837,12883,12838,-1,12838,12883,12884,-1,12838,12884,12839,-1,12839,12884,12885,-1,12839,12885,12840,-1,12840,12885,12886,-1,12840,12886,12841,-1,12841,12886,12887,-1,12841,12887,12842,-1,12842,12887,12888,-1,12842,12888,12843,-1,12843,12888,12889,-1,12843,12889,12844,-1,12844,12889,12890,-1,12844,12890,12845,-1,12845,12890,12891,-1,12845,12891,12846,-1,12846,12891,12892,-1,12846,12892,12847,-1,12847,12892,12893,-1,12847,12893,12848,-1,12848,12893,12894,-1,12848,12894,12849,-1,12849,12894,12895,-1,12849,12895,12850,-1,12850,12895,12896,-1,12850,12896,12851,-1,12851,12896,12897,-1,10980,10979,12380,-1,12380,10979,10978,-1,12380,10978,12806,-1,12806,10978,10977,-1,12806,10977,12852,-1,12852,10977,12381,-1,12852,12381,12853,-1,12853,12381,12414,-1,12853,12414,12854,-1,12854,12414,12415,-1,12854,12415,12855,-1,12855,12415,12416,-1,12855,12416,12856,-1,12856,12416,12417,-1,12856,12417,12857,-1,12857,12417,12418,-1,12857,12418,12858,-1,12858,12418,12419,-1,12858,12419,12859,-1,12859,12419,12420,-1,12859,12420,12860,-1,12860,12420,12421,-1,12860,12421,12861,-1,12861,12421,12422,-1,12861,12422,12862,-1,12862,12422,12423,-1,12862,12423,12863,-1,12863,12423,12424,-1,12863,12424,12864,-1,12864,12424,12450,-1,12864,12450,12865,-1,12865,12450,12451,-1,12865,12451,12866,-1,12866,12451,12452,-1,12866,12452,12867,-1,12867,12452,12453,-1,12867,12453,12868,-1,12868,12453,12454,-1,12868,12454,12869,-1,12869,12454,12455,-1,12869,12455,12870,-1,12870,12455,12456,-1,12870,12456,12871,-1,12871,12456,12457,-1,12871,12457,12872,-1,12872,12457,12898,-1,12872,12898,12873,-1,12873,12898,12899,-1,12873,12899,12874,-1,12874,12899,12900,-1,12874,12900,12875,-1,12875,12900,12901,-1,12875,12901,12876,-1,12876,12901,12902,-1,12876,12902,12877,-1,12877,12902,12903,-1,12877,12903,12878,-1,12878,12903,12904,-1,12878,12904,12879,-1,12879,12904,12905,-1,12879,12905,12880,-1,12880,12905,12906,-1,12880,12906,12881,-1,12881,12906,12907,-1,12881,12907,12882,-1,12882,12907,12908,-1,12882,12908,12883,-1,12883,12908,12909,-1,12883,12909,12884,-1,12884,12909,12910,-1,12884,12910,12885,-1,12885,12910,12911,-1,12885,12911,12886,-1,12886,12911,12912,-1,12886,12912,12887,-1,12887,12912,12913,-1,12887,12913,12888,-1,12888,12913,12914,-1,12888,12914,12889,-1,12889,12914,12915,-1,12889,12915,12890,-1,12890,12915,12916,-1,12890,12916,12891,-1,12891,12916,12917,-1,12891,12917,12892,-1,12892,12917,12918,-1,12892,12918,12893,-1,12893,12918,12919,-1,12893,12919,12894,-1,12894,12919,12920,-1,12894,12920,12895,-1,12895,12920,12921,-1,12895,12921,12896,-1,12896,12921,12922,-1,12896,12922,12897,-1,12897,12922,12923,-1,12346,12497,12347,-1,12347,12497,12210,-1,12347,12210,12349,-1,12349,12210,12211,-1,12349,12211,12351,-1,12351,12211,12209,-1,12351,12209,12353,-1,12353,12209,12207,-1,12353,12207,12354,-1,12354,12207,12208,-1,12354,12208,12356,-1,12356,12208,12206,-1,12356,12206,12357,-1,12357,12206,12204,-1,12357,12204,12359,-1,12359,12204,12205,-1,12359,12205,12360,-1,12360,12205,12203,-1,12360,12203,12365,-1,12365,12203,12202,-1,12365,12202,12366,-1,12366,12202,12201,-1,12366,12201,12368,-1,12368,12201,12200,-1,12368,12200,12370,-1,12370,12924,12369,-1,12369,12924,12923,-1,12369,12923,12367,-1,12367,12923,12922,-1,12367,12922,12361,-1,12361,12922,12921,-1,12361,12921,12358,-1,12358,12921,12920,-1,12358,12920,12355,-1,12355,12920,12919,-1,12355,12919,12352,-1,12352,12919,12918,-1,12352,12918,12350,-1,12350,12918,12917,-1,12350,12917,12348,-1,12348,12917,12916,-1,12348,12916,12346,-1,12346,12916,12915,-1,12346,12915,12496,-1,12496,12915,12914,-1,12496,12914,12494,-1,12494,12914,12913,-1,12494,12913,12492,-1,12492,12913,12912,-1,12492,12912,12490,-1,12490,12912,12911,-1,12490,12911,12488,-1,12488,12911,12910,-1,12488,12910,12486,-1,12486,12910,12909,-1,12486,12909,12484,-1,12484,12909,12908,-1,12484,12908,12482,-1,12482,12908,12907,-1,12482,12907,12480,-1,12480,12907,12906,-1,12480,12906,12478,-1,12478,12906,12905,-1,12478,12905,12476,-1,12476,12905,12904,-1,12476,12904,12474,-1,12474,12904,12903,-1,12474,12903,12472,-1,12472,12903,12902,-1,12472,12902,12470,-1,12470,12902,12901,-1,12470,12901,12468,-1,12468,12901,12900,-1,12468,12900,12466,-1,12466,12900,12899,-1,12466,12899,12464,-1,12464,12899,12898,-1,12464,12898,12462,-1,12462,12898,12457,-1,12462,12457,12460,-1,12460,12457,12425,-1,12460,12425,12458,-1,12458,12425,12427,-1,12458,12427,12229,-1,12229,12427,12429,-1,12229,12429,12230,-1,12230,12429,12431,-1,12230,12431,12231,-1,12231,12431,12433,-1,12231,12433,12232,-1,12232,12433,12435,-1,12232,12435,12233,-1,12233,12435,12437,-1,12233,12437,12234,-1,12234,12437,12439,-1,12234,12439,12235,-1,12235,12439,12441,-1,12235,12441,12236,-1,12236,12441,12185,-1,12236,12185,11296,-1,11296,12185,11290,-1,11448,12190,12199,-1,12199,12190,12925,-1,12199,12925,12198,-1,12198,12925,12926,-1,12198,12926,12196,-1,11441,11444,12200,-1,12200,11444,12196,-1,12200,12196,12370,-1,12370,12196,12926,-1,12370,12926,12924,-1,12924,12926,12925,-1,12924,12925,12927,-1,12927,12925,12190,-1,12927,12190,12191,-1,12191,12190,11452,-1,12191,11452,11450,-1,11449,12195,12191,-1,12191,12195,12928,-1,12191,12928,12927,-1,12927,12928,12929,-1,12927,12929,12924,-1,12924,12929,12930,-1,12924,12930,12923,-1,12923,12930,12931,-1,12923,12931,12897,-1,12897,12931,12932,-1,12897,12932,12851,-1,12851,12932,12933,-1,12851,12933,12805,-1,12805,12933,12934,-1,12805,12934,12760,-1,12760,12934,12935,-1,12760,12935,12714,-1,12714,12935,12936,-1,12714,12936,12668,-1,12668,12936,12937,-1,12668,12937,12622,-1,12622,12937,12938,-1,12622,12938,12363,-1,12363,12938,12939,-1,12363,12939,12364,-1,12364,12939,12940,-1,12364,12940,12166,-1,12166,12940,12941,-1,12166,12941,12300,-1,12300,12941,12069,-1,12300,12069,12068,-1,11062,12302,12303,-1,12303,12302,12942,-1,12303,12942,12943,-1,12943,12942,12944,-1,12943,12944,12945,-1,12945,12944,12946,-1,12945,12946,12947,-1,12947,12946,12948,-1,12947,12948,12949,-1,12375,12950,12951,-1,12951,12950,12952,-1,12951,12952,12953,-1,12953,12952,12954,-1,12953,12954,12955,-1,12955,12954,12956,-1,12955,12956,12957,-1,12957,12956,12958,-1,12957,12958,12959,-1,11457,12192,12195,-1,12195,12192,12960,-1,12195,12960,12928,-1,12928,12960,12961,-1,12928,12961,12929,-1,12929,12961,12962,-1,12929,12962,12930,-1,12930,12962,12963,-1,12930,12963,12931,-1,12931,12963,12964,-1,12931,12964,12932,-1,12932,12964,12965,-1,12932,12965,12933,-1,12933,12965,12966,-1,12933,12966,12934,-1,12934,12966,12967,-1,12934,12967,12935,-1,12935,12967,12968,-1,12935,12968,12936,-1,12936,12968,12969,-1,12936,12969,12937,-1,12937,12969,12970,-1,12937,12970,12938,-1,12938,12970,12971,-1,12938,12971,12939,-1,11057,12303,12972,-1,12972,12303,12943,-1,12972,12943,12973,-1,12973,12943,12945,-1,12973,12945,12974,-1,12974,12945,12947,-1,12974,12947,12975,-1,12975,12947,12949,-1,12975,12949,12976,-1,12950,12977,12952,-1,12952,12977,12978,-1,12952,12978,12954,-1,12954,12978,12979,-1,12954,12979,12956,-1,12956,12979,12980,-1,12956,12980,12958,-1,11458,12194,12192,-1,12192,12194,12981,-1,12192,12981,12960,-1,12960,12981,12982,-1,12960,12982,12961,-1,12961,12982,12983,-1,12961,12983,12962,-1,12962,12983,12984,-1,12962,12984,12963,-1,12963,12984,12985,-1,12963,12985,12964,-1,12964,12985,12986,-1,12964,12986,12965,-1,12965,12986,12987,-1,12965,12987,12966,-1,12966,12987,12988,-1,12966,12988,12967,-1,12967,12988,12989,-1,12967,12989,12968,-1,12968,12989,12990,-1,12968,12990,12969,-1,12969,12990,12991,-1,12969,12991,12970,-1,12970,12991,12992,-1,12970,12992,12971,-1,12971,12992,12372,-1,12971,12372,12939,-1,12939,12372,12371,-1,12939,12371,12940,-1,12940,12371,12181,-1,12940,12181,12941,-1,12941,12181,12180,-1,12941,12180,12069,-1,12993,12994,12995,-1,12995,12994,12996,-1,12995,12996,12305,-1,12305,12996,12997,-1,12305,12997,11052,-1,11052,12997,12998,-1,11052,12998,11053,-1,12377,12993,12378,-1,12378,12993,12995,-1,12378,12995,12999,-1,12999,12995,12305,-1,12999,12305,12304,-1,12304,12305,11055,-1,12304,11055,11054,-1,13000,13001,12976,-1,12976,13001,12376,-1,12976,12376,12975,-1,12975,12376,12378,-1,12975,12378,12974,-1,12974,12378,12999,-1,12974,12999,12973,-1,12973,12999,12304,-1,12973,12304,12972,-1,12972,12304,11058,-1,12972,11058,11057,-1,12164,13000,12165,-1,12165,13000,12976,-1,12165,12976,13002,-1,13002,12976,12949,-1,13002,12949,13003,-1,13003,12949,12948,-1,13004,12163,13005,-1,13005,12163,12165,-1,13005,12165,13006,-1,13006,12165,13002,-1,13006,13002,13007,-1,13007,13002,13003,-1,13007,12959,13006,-1,13006,12959,12958,-1,13006,12958,13005,-1,13005,12958,12980,-1,13005,12980,13004,-1,13004,12980,13008,-1,13009,13010,12977,-1,12977,13010,13011,-1,12977,13011,12978,-1,12978,13011,13012,-1,12978,13012,12979,-1,12979,13012,13013,-1,12979,13013,12980,-1,12980,13013,13014,-1,12980,13014,13008,-1,12375,12374,12950,-1,12950,12374,13015,-1,12950,13015,12977,-1,12977,13015,13016,-1,12977,13016,13009,-1,13017,13018,12373,-1,12373,13018,13019,-1,12373,13019,12374,-1,12374,13019,13020,-1,12374,13020,13015,-1,13015,13020,13021,-1,13015,13021,13016,-1,12193,13017,12194,-1,12194,13017,12373,-1,12194,12373,12981,-1,12981,12373,12375,-1,12981,12375,12982,-1,12982,12375,12951,-1,12982,12951,12983,-1,12983,12951,12953,-1,12983,12953,12984,-1,12984,12953,12955,-1,12984,12955,12985,-1,12985,12955,12957,-1,12985,12957,12986,-1,12986,12957,12959,-1,12986,12959,12987,-1,12987,12959,13007,-1,12987,13007,12988,-1,12988,13007,13003,-1,12988,13003,12989,-1,12989,13003,12948,-1,12989,12948,12990,-1,12990,12948,12946,-1,12990,12946,12991,-1,12991,12946,12944,-1,12991,12944,12992,-1,12992,12944,12942,-1,12992,12942,12372,-1,12372,12942,12302,-1,12372,12302,12301,-1,12301,12302,11071,-1,12301,11071,11070,-1,13014,13022,13008,-1,13008,13022,13023,-1,13008,13023,13004,-1,13004,13023,12163,-1,12163,13023,13024,-1,12163,13024,12164,-1,12164,13024,13025,-1,12164,13025,13000,-1,13000,13025,13001,-1,13001,13025,13026,-1,13001,13026,12376,-1,13027,13028,12996,-1,12996,12994,13027,-1,13027,12994,12993,-1,13027,12993,13026,-1,13026,12993,12377,-1,13026,12377,12376,-1,11051,11053,13029,-1,13029,11053,12998,-1,13029,12998,13028,-1,13028,12998,12997,-1,13028,12997,12996,-1,11051,13029,10993,-1,10993,13029,13030,-1,10993,13030,10994,-1,10994,13030,11012,-1,11012,13030,13031,-1,11012,13031,11013,-1,11013,13031,12158,-1,12158,13031,13032,-1,12158,13032,12159,-1,12159,13032,13033,-1,12159,13033,12161,-1,12161,13033,12162,-1,12162,13033,13034,-1,12162,13034,12152,-1,13035,12157,13036,-1,13036,12157,12156,-1,13036,12156,13034,-1,13034,12156,12154,-1,13034,12154,12152,-1,13022,13037,13023,-1,13023,13037,13038,-1,13023,13038,13024,-1,13024,13038,13039,-1,13024,13039,13025,-1,13025,13039,13040,-1,13025,13040,13026,-1,13026,13040,13041,-1,13026,13041,13027,-1,13027,13041,13042,-1,13027,13042,13028,-1,13028,13042,13043,-1,13028,13043,13029,-1,13029,13043,13044,-1,13029,13044,13030,-1,13045,13035,13046,-1,13046,13035,13036,-1,13046,13036,13047,-1,13047,13036,13034,-1,13047,13034,13048,-1,13048,13034,13033,-1,13048,13033,13049,-1,13049,13033,13032,-1,13049,13032,13050,-1,13050,13032,13031,-1,13050,13031,13051,-1,13051,13031,13030,-1,13051,13030,13052,-1,13052,13030,13044,-1,13042,13041,13053,-1,13053,13041,13040,-1,13053,13040,13039,-1,13039,13038,13053,-1,13053,13038,13037,-1,13053,13037,13054,-1,13054,13055,13053,-1,13053,13055,13056,-1,13053,13056,13057,-1,13057,13058,13053,-1,13053,13058,13059,-1,13053,13059,13060,-1,13061,13062,13063,-1,13061,13063,13064,-1,13060,13065,13063,-1,13063,13065,13066,-1,13066,13067,13063,-1,13063,13067,13068,-1,13063,13068,13064,-1,13062,13045,13063,-1,13063,13045,13046,-1,13063,13046,13047,-1,13047,13048,13063,-1,13063,13048,13049,-1,13063,13049,13050,-1,13050,13051,13063,-1,13063,13051,13052,-1,13063,13052,13060,-1,13060,13052,13044,-1,13060,13044,13053,-1,13053,13044,13043,-1,13053,13043,13042,-1,12157,13035,12150,-1,12150,13035,13069,-1,12150,13069,12148,-1,12148,13069,12146,-1,12146,13069,13070,-1,12146,13070,12144,-1,12144,13070,13071,-1,12144,13071,10996,-1,10996,13071,10997,-1,10997,13071,13072,-1,10997,13072,12140,-1,12140,13072,12141,-1,12141,13072,13073,-1,12141,13073,12142,-1,13074,12139,13073,-1,13073,12139,12143,-1,13073,12143,12142,-1,12193,11024,13075,-1,13075,11024,11023,-1,13075,11023,13074,-1,13074,11023,11460,-1,13074,11460,12139,-1,12193,13075,13017,-1,13017,13075,13076,-1,13017,13076,13018,-1,13018,13076,13019,-1,13019,13076,13077,-1,13019,13077,13020,-1,13020,13077,13021,-1,13021,13077,13078,-1,13021,13078,13016,-1,13016,13078,13079,-1,13016,13079,13009,-1,13009,13079,13010,-1,13010,13079,13080,-1,13010,13080,13011,-1,13022,13014,13081,-1,13081,13014,13013,-1,13081,13013,13080,-1,13080,13013,13012,-1,13080,13012,13011,-1,13035,13045,13069,-1,13069,13045,13062,-1,13069,13062,13070,-1,13070,13062,13061,-1,13070,13061,13071,-1,13071,13061,13064,-1,13071,13064,13072,-1,13072,13064,13068,-1,13072,13068,13073,-1,13073,13068,13067,-1,13073,13067,13074,-1,13074,13067,13066,-1,13074,13066,13075,-1,13075,13066,13065,-1,13075,13065,13076,-1,13037,13022,13054,-1,13054,13022,13081,-1,13054,13081,13055,-1,13055,13081,13080,-1,13055,13080,13056,-1,13056,13080,13079,-1,13056,13079,13057,-1,13057,13079,13078,-1,13057,13078,13058,-1,13058,13078,13077,-1,13058,13077,13059,-1,13059,13077,13076,-1,13059,13076,13060,-1,13060,13076,13065,-1,
        ]
    }
}
Shape{
    appearance Appearance {
        material  Material 	{
            diffuseColor 0.2235294117647059 0.2235294117647059 0.2235294117647059
            specularColor 0.11372549019607843 0.11372549019607843 0.11372549019607843
            ambientIntensity 0.2235
            transparency 0.0
            shininess 0.5
        }
    }
    geometry IndexedFaceSet {
        ccw TRUE
        solid FALSE
        coord DEF co Coordinate {
            point [
                -0.059 3.553 4.4685, -0.059 3.553 2.2441, -1.2303 3.553 4.4685, -1.2303 3.553 2.2441, -2.286 3.553 1.0242, -2.2475 3.553 1.0293, -2.1597 3.553 0.7736, -2.2055 3.553 1.0242, -2.1682 3.553 1.0093, -2.1375 3.553 0.9873, -2.1118 3.553 0.9569, -2.1356 3.553 0.7867, -2.0941 3.553 0.921, -2.1082 3.553 0.7937, -2.1795 3.553 0.7553, -2.3535 3.553 0.9879, -2.3217 3.553 1.0103, -2.5031 3.553 0.7963, -2.5026 3.553 0.8064, -2.3675 3.553 0.7734, -2.4974 3.553 0.8283, -2.487 3.553 0.848, -2.474 3.553 0.8627, -2.4564 3.553 0.8751, -2.4058 3.553 0.8858, -2.3326 3.553 0.834, -2.4149 3.553 0.8857, -2.4366 3.553 0.8829, -2.3458 3.553 0.7055, -2.3536 3.553 0.7086, -2.3388 3.553 0.7006, -2.3625 3.553 0.7096, -2.3636 3.553 0.7096, -2.367 3.553 0.7088, -2.3693 3.553 0.7085, -2.4205 3.553 0.7081, -2.441 3.553 0.7119, -2.4612 3.553 0.721, -2.4781 3.553 0.7347, -2.4796 3.553 0.7362, -2.4922 3.553 0.7539, -2.5002 3.553 0.7741, -2.3991 3.553 0.9176, -2.3818 3.553 0.9544, -2.3563 3.553 0.9853, -1.4665 3.553 0.2756, -1.4665 3.553 0.0197, -1.7303 3.553 0.0197, -0.059 3.553 0.0197, -1.2303 3.553 0.0197, -1.2303 3.553 0.2756, -1.7303 3.553 0.2756, -2.2468 3.553 1.0976, -1.9665 3.553 2.2441, -1.9665 3.553 1.4173, -2.1925 3.553 1.0916, -1.9665 3.553 0.2756, -1.8944 3.553 0.6993, -1.8687 3.553 0.7366, -1.8479 3.553 0.8347, -1.7303 3.553 1.4173, -1.8475 3.553 0.8237, -1.8527 3.553 0.7791, -1.8558 3.553 0.8774, -1.8743 3.553 0.9183, -1.9019 3.553 0.9531, -1.9883 3.553 1.0016, -1.9461 3.553 0.9856, -1.9097 3.553 0.9604, -2.0829 3.553 1.0314, -2.1099 3.553 1.0541, -2.1398 3.553 1.0722, -2.0594 3.553 1.0044, -2.0463 3.553 1.0061, -2.0332 3.553 1.0069, -1.9665 3.553 0.0197, -2.2303 3.553 0.0197, -2.2303 3.553 0.2756, -1.9298 3.553 0.6687, -2.3533 3.553 0.6401, -2.3458 3.553 0.6432, -2.1998 3.553 0.6389, -2.3384 3.553 0.6485, -2.3358 3.553 0.6512, -2.3309 3.553 0.6584, -2.3279 3.553 0.6661, -2.2067 3.553 0.667, -2.3269 3.553 0.6746, -2.2074 3.553 0.6789, -2.2075 3.553 0.6902, -2.3272 3.553 0.6791, -2.3296 3.553 0.6877, -2.334 3.553 0.6955, -2.5537 3.553 0.7204, -2.5308 3.553 0.6891, -2.4665 3.553 0.2756, -2.1458 3.553 0.5786, -2.1203 3.553 0.569, -2.4997 3.553 0.6631, -2.4648 3.553 0.6463, -2.4269 3.553 0.6386, -2.1686 3.553 0.5942, -2.1862 3.553 0.6136, -2.3597 3.553 0.6391, -2.0927 3.553 0.5658, -2.0884 3.553 0.5659, -2.0615 3.553 0.5703, -2.0353 3.553 0.5815, -2.0132 3.553 0.5985, -1.9964 3.553 0.6195, -1.9708 3.553 0.6484, -1.9851 3.553 0.644, -2.4665 3.553 0.0197, -2.5984 3.553 0.0197, -2.5682 3.553 0.7564, -2.5737 3.553 0.797, -2.5984 3.553 2.2441, -2.5688 3.553 0.8342, -2.3544 3.553 1.0699, -2.4012 3.553 1.0373, -2.4665 3.553 1.4173, -2.2977 3.553 1.0914, -2.4388 3.553 0.9931, -2.4621 3.553 0.9469, -2.4676 3.553 0.945, -2.5014 3.553 0.9279, -2.5321 3.553 0.9016, -2.5551 3.553 0.869, -2.2303 3.553 1.4173, -1.2303 3.553 1.4173, -1.4665 3.553 1.4173, -1.4665 3.553 2.2441, -1.9995 3.553 0.7446, -1.9205 3.553 0.8079, -1.9285 3.553 0.78, -1.9418 3.553 0.7569, -1.9621 3.553 0.7357, -1.9868 3.553 0.7203, -1.9192 3.553 0.8255, -2.0185 3.553 0.766, -1.9228 3.553 0.8531, -1.9938 3.553 0.9315, -1.9684 3.553 0.9182, -2.0419 3.553 0.782, -1.9487 3.553 0.9009, -1.9328 3.553 0.8784, -2.0861 3.553 0.9255, -2.0671 3.553 0.7915, -2.0944 3.553 0.7947, -2.0606 3.553 0.935, -2.0339 3.553 0.9386, -2.022 3.553 0.938, -1.7303 3.553 2.2441, -1.7303 3.553 4.4685, -1.4665 3.553 4.4685, -2.2303 3.553 2.2441, -2.2303 3.553 4.4685, -1.9665 3.553 4.4685, -2.4665 3.553 2.2441, -2.5984 3.553 4.4685, -2.4665 3.553 4.4685, -3.0007 3.553 0.747, -3.0238 3.553 0.5992, -3.0311 3.553 0.5982, -3.036 3.553 0.5987, -3.0404 3.553 0.6003, -3.044 3.553 0.6028, -3.0607 3.553 0.6349, -3.0166 3.553 0.7493, -3.0517 3.553 0.6142, -3.0478 3.553 0.607, -3.0649 3.553 0.8887, -3.066 3.553 1.0488, -3.032 3.553 1.0306, -3.0321 3.553 1.049, -3.0269 3.553 0.9611, -3.0271 3.553 0.9794, -2.9698 3.553 0.9798, -2.9702 3.553 1.0311, -3.0391 3.553 0.7492, -2.9697 3.553 0.9615, -2.9693 3.553 0.9076, -3.0347 3.553 0.9071, -3.0346 3.553 0.8889, -3.0683 3.553 0.663, -3.0707 3.553 0.6536, -3.0713 3.553 0.6536, -3.9665 3.553 2.2441, -3.9665 3.553 1.4173, -5.1378 3.553 0.0197, -3.7303 3.553 1.4173, -3.9665 3.553 0.2756, -3.9665 3.553 0.0197, -3.465 3.553 0.7919, -3.4871 3.553 0.7918, -3.2884 3.553 1.0472, -3.4665 3.553 1.4173, -3.2303 3.553 1.4173, -2.9665 3.553 2.2441, -2.9665 3.553 1.4173, -3.2663 3.553 1.0474, -3.4029 3.553 0.6322, -2.7303 3.553 0.2756, -3.4257 3.553 0.6321, -2.9665 3.553 0.2756, -3.4665 3.553 0.2756, -3.547 3.553 0.6312, -3.2303 3.553 0.2756, -3.5241 3.553 0.6314, -2.9665 3.553 0.0197, -3.2303 3.553 0.0197, -3.4414 3.553 0.6757, -3.5081 3.553 0.6753, -3.4665 3.553 0.0197, -3.7303 3.553 0.0197, -3.7303 3.553 0.2756, -3.4665 3.553 2.2441, -3.2307 3.553 0.7752, -3.2636 3.553 0.6332, -3.2647 3.553 0.7933, -3.2041 3.553 0.8877, -3.1484 3.553 0.7942, -3.227 3.553 0.8875, -3.2308 3.553 0.7936, -3.2257 3.553 0.7056, -3.2258 3.553 0.7239, -3.1685 3.553 0.7244, -3.1689 3.553 0.7756, -2.9527 3.553 0.7292, -2.9509 3.553 0.7266, -2.9526 3.553 0.7263, -2.9499 3.553 0.7239, -2.9495 3.553 0.7207, -2.9716 3.553 0.736, -2.9656 3.553 0.7356, -2.9602 3.553 0.7342, -2.9557 3.553 0.7318, -2.9497 3.553 0.7181, -2.9505 3.553 0.715, -2.9519 3.553 0.7122, -2.9943 3.553 0.6894, -3.0006 3.553 0.7275, -2.981 3.553 0.6969, -2.9963 3.553 0.73, -2.9733 3.553 0.7001, -2.985 3.553 0.7343, -2.9609 3.553 0.7056, -2.9539 3.553 0.7101, -2.999 3.553 0.6851, -3.0027 3.553 0.6796, -3.0048 3.553 0.6736, -3.0197 3.553 0.6006, -3.0196 3.553 0.5827, -3.0056 3.553 0.6662, -3.0046 3.553 0.6581, -3.0021 3.553 0.6518, -2.9983 3.553 0.6465, -2.9925 3.553 0.6415, -2.9862 3.553 0.6378, -2.9751 3.553 0.6342, -2.901 3.553 0.6358, -2.8809 3.553 0.6359, -2.7303 3.553 0.0197, -3.3708 3.553 0.7714, -3.3765 3.553 0.7658, -3.3863 3.553 0.7517, -3.3921 3.553 0.7364, -3.3541 3.553 0.7829, -3.3254 3.553 0.8868, -3.3482 3.553 0.8867, -3.3946 3.553 0.7144, -3.3936 3.553 0.701, -3.389 3.553 0.6827, -3.3804 3.553 0.6666, -3.37 3.553 0.6549, -3.0556 3.553 0.5897, -3.0486 3.553 0.5848, -3.3347 3.553 0.636, -3.0736 3.553 0.6173, -3.3076 3.553 0.6329, -3.0644 3.553 0.5997, -3.057 3.553 0.5909, -3.3531 3.553 0.643, -3.0406 3.553 0.5819, -3.0325 3.553 0.581, -3.0281 3.553 0.5812, -3.3104 3.553 0.793, -3.2427 3.553 0.9312, -3.3094 3.553 0.9307, -3.3349 3.553 0.7901, -3.1684 3.553 0.706, -3.168 3.553 0.6521, -3.2335 3.553 0.6517, -3.2334 3.553 0.6334, -3.1472 3.553 0.634, -3.1264 3.553 0.7486, -3.1056 3.553 0.7487, -2.8453 3.553 0.6335, -2.8333 3.553 0.635, -2.7899 3.553 0.6366, -2.8257 3.553 0.6379, -2.8189 3.553 0.6427, -2.8167 3.553 0.6449, -2.8126 3.553 0.6511, -2.79 3.553 0.6548, -2.8102 3.553 0.6579, -2.8093 3.553 0.6671, -2.8094 3.553 0.6695, -2.8107 3.553 0.6781, -2.8135 3.553 0.6852, -2.8175 3.553 0.6909, -2.8237 3.553 0.6962, -2.8209 3.553 0.7232, -2.8323 3.553 0.7005, -2.8334 3.553 0.7312, -2.8475 3.553 0.7041, -2.8652 3.553 0.736, -2.8585 3.553 0.7368, -2.8459 3.553 0.7355, -2.8814 3.553 0.7086, -2.8808 3.553 0.7175, -2.8788 3.553 0.7247, -2.8764 3.553 0.7288, -2.8734 3.553 0.732, -2.8699 3.553 0.7344, -2.881 3.553 0.6536, -2.8805 3.553 0.6536, -2.8773 3.553 0.6488, -2.8709 3.553 0.642, -2.8639 3.553 0.6374, -2.8557 3.553 0.6346, -2.7037 3.553 0.6372, -2.7049 3.553 0.7973, -3.1875 3.553 1.0072, -3.1933 3.553 0.9918, -2.9496 3.553 1.0496, -2.7303 3.553 1.4173, -3.1117 3.553 1.0485, -3.1777 3.553 1.0212, -3.1361 3.553 1.0456, -3.1554 3.553 1.0384, -3.1721 3.553 1.0268, -3.1903 3.553 0.9382, -3.1949 3.553 0.9564, -3.1958 3.553 0.9699, -3.1816 3.553 0.9221, -3.1713 3.553 0.9103, -3.1543 3.553 0.8984, -3.136 3.553 0.8914, -3.0722 3.553 0.6575, -3.0738 3.553 0.6628, -3.1089 3.553 0.8884, -2.8796 3.553 1.0528, -2.9006 3.553 1.051, -2.9175 3.553 1.046, -2.9174 3.553 1.0244, -2.9485 3.553 0.8895, -2.8544 3.553 1.0253, -2.8729 3.553 1.0339, -2.859 3.553 1.0312, -2.9156 3.553 1.0254, -2.8994 3.553 1.0317, -2.8797 3.553 1.0342, -2.8464 3.553 1.0253, -2.836 3.553 1.0167, -2.8348 3.553 1.0154, -2.827 3.553 1.0044, -2.8216 3.553 0.9905, -2.8188 3.553 0.9687, -2.819 3.553 0.9623, -2.8215 3.553 0.9464, -2.8266 3.553 0.9335, -2.8342 3.553 0.9229, -2.8382 3.553 0.9189, -2.8489 3.553 0.9117, -2.8605 3.553 0.9074, -2.8752 3.553 0.9057, -2.9612 3.553 0.649, -2.9621 3.553 0.649, -2.959 3.553 0.6856, -2.9721 3.553 0.68, -2.9724 3.553 0.6501, -2.9776 3.553 0.652, -2.9794 3.553 0.6531, -2.9818 3.553 0.6551, -2.9835 3.553 0.6577, -2.9846 3.553 0.6605, -2.985 3.553 0.6643, -2.9848 3.553 0.6668, -2.9839 3.553 0.67, -2.9824 3.553 0.6726, -2.9799 3.553 0.6753, -2.9377 3.553 0.6975, -2.9283 3.553 0.6603, -2.9471 3.553 0.6912, -2.9357 3.553 0.6556, -2.9483 3.553 0.6507, -2.9344 3.553 0.701, -2.9015 3.553 0.7094, -2.9282 3.553 0.6396, -2.9411 3.553 0.6348, -2.9592 3.553 0.6327, -2.9297 3.553 0.7263, -2.8969 3.553 0.7339, -2.9 3.553 0.7248, -2.9318 3.553 0.7052, -2.9297 3.553 0.7113, -2.9289 3.553 0.7191, -2.8928 3.553 0.7404, -2.9321 3.553 0.7327, -2.8875 3.553 0.7455, -2.8605 3.553 0.7531, -2.8723 3.553 0.7519, -2.8808 3.553 0.7493, -2.9359 3.553 0.7381, -2.9419 3.553 0.7434, -2.9479 3.553 0.7469, -2.9589 3.553 0.7508, -2.9736 3.553 0.7523, -2.987 3.553 0.751, -2.8854 3.553 0.9062, -2.9031 3.553 0.9099, -2.9166 3.553 0.9162, -2.9165 3.553 0.8964, -2.7303 3.553 2.2441, -2.7303 3.553 4.4685, -2.7067 3.553 1.0514, -2.7274 3.553 1.0512, -2.8566 3.553 1.0502, -2.7263 3.553 0.9093, -2.7971 3.553 0.9676, -2.7974 3.553 0.976, -2.8012 3.553 0.9969, -2.8089 3.553 1.0146, -2.8207 3.553 1.0297, -2.8242 3.553 1.033, -2.8398 3.553 1.0438, -2.8721 3.553 0.8873, -2.8602 3.553 0.8881, -2.79 3.553 0.8906, -2.8432 3.553 0.8922, -2.8284 3.553 0.8999, -2.8172 3.553 0.9096, -2.8158 3.553 0.9111, -2.7901 3.553 0.9089, -2.8064 3.553 0.9249, -2.8 3.553 0.9417, -2.7055 3.553 0.8912, -2.7874 3.553 0.7967, -2.7872 3.553 0.7783, -2.821 3.553 0.7427, -2.8252 3.553 0.7451, -2.8402 3.553 0.7508, -2.8965 3.553 0.8895, -2.9137 3.553 0.895, -2.7251 3.553 0.7275, -2.7823 3.553 0.7271, -2.7254 3.553 0.7787, -2.7822 3.553 0.7088, -2.7249 3.553 0.7092, -2.7245 3.553 0.6553, -3.2303 3.553 2.2441, -3.2303 3.553 4.4685, -2.9665 3.553 4.4685, -3.7303 3.553 2.2441, -3.7303 3.553 4.4685, -3.4665 3.553 4.4685, -5.1378 3.553 2.2441, -5.1378 3.553 4.4685, -3.9665 3.553 4.4685, -0.1849 -0.828 -0.9321, -0.185 -0.8107 -0.9844, -0.185 -0.5809 -1.378, -0.185 -0.9301 -0.5118, -0.185 -0.9301 -0.5512, -0.185 -0.879 -0.5118, -0.185 -0.9301 -0.5905, -0.185 -0.8589 -0.8287, -0.185 -0.7453 -1.1818, -0.185 -0.7167 -1.257, -0.185 -0.6708 -1.378, -0.185 -0.879 -0.4528, -0.185 -0.5376 -0.4528, -0.185 -0.879 -0.0197, -0.185 -0.506 0.2213, -0.185 -0.879 0.4724, -0.185 -0.5015 0.2469, -0.185 -0.4907 0.2705, -0.185 -0.4744 0.2906, -0.185 -0.4535 0.306, -0.185 -0.3604 0.4724, -0.185 -0.4295 0.3156, -0.185 -0.4037 0.3189, -0.185 -0.378 0.3156, -0.185 -0.3539 0.306, -0.185 0.0716 0.4724, -0.185 -0.3331 0.2906, -0.185 -0.3167 0.2705, -0.185 -0.306 0.2469, -0.185 -0.3015 0.2213, -0.185 -0.2266 -1.378, -0.185 -0.1367 -1.378, -0.185 -0.0917 -1.2617, -0.185 -0.0804 -1.2325, -0.1849 0.004 -0.9843, -0.1849 0.0042 -0.9836, -0.185 0.0529 -0.8221, -0.185 0.1226 -0.5905, -0.185 0.0716 -0.5118, -0.185 0.1226 -0.5512, -0.185 0.1226 -0.5118, -0.185 -0.2699 -0.4528, -0.185 0.0716 -0.4528, -0.185 0.0716 -0.0197, -1.0118 -0.879 -0.5118, -1.0118 -0.9301 -0.5118, -0.9067 -0.9531 -0.5118, -0.9048 -0.9988 -0.5118, -0.7887 -1.0042 -0.5118, -0.7868 -1.046 -0.5118, -0.6627 -1.0304 -0.5118, -0.662 -1.07 -0.5118, -0.5984 -1.0304 -0.5118, -0.5984 -1.07 -0.5118, -0.5341 -1.0304 -0.5118, -0.5349 -1.07 -0.5118, -0.4082 -1.0042 -0.5118, -0.41 -1.046 -0.5118, -0.2902 -0.9531 -0.5118, -0.292 -0.9988 -0.5118, -0.2902 0.1456 -0.5118, -0.292 0.1913 -0.5118, -0.4082 0.1968 -0.5118, -0.41 0.2385 -0.5118, -0.5341 0.2229 -0.5118, -0.5349 0.2625 -0.5118, -0.5984 0.2229 -0.5118, -0.5984 0.2625 -0.5118, -0.6627 0.2229 -0.5118, -0.662 0.2625 -0.5118, -0.7887 0.1968 -0.5118, -0.7868 0.2385 -0.5118, -0.9067 0.1456 -0.5118, -0.9048 0.1913 -0.5118, -1.0118 0.0716 -0.5118, -1.0118 0.1226 -0.5118, -0.292 -0.9988 -0.5512, -0.9048 -0.9988 -0.5512, -0.7868 -1.046 -0.5512, -0.5349 -1.07 -0.5512, -0.662 -1.07 -0.5512, -0.41 -1.046 -0.5512, -1.0118 -0.9301 -0.5905, -1.0118 -0.9301 -0.5512, -0.9511 -0.9725 -0.5905, -0.9036 -0.9963 -0.5905, -0.8405 -1.0277 -0.5905, -0.786 -1.0432 -0.5905, -0.7216 -1.0616 -0.5905, -0.6617 -1.0672 -0.5905, -0.5984 -1.073 -0.5905, -0.4108 -1.0432 -0.5905, -0.4753 -1.0616 -0.5905, -0.5351 -1.0672 -0.5905, -0.3564 -1.0277 -0.5905, -0.2457 -0.9725 -0.5905, -0.2933 -0.9963 -0.5905, -0.9048 0.1913 -0.5512, -1.0118 0.1226 -0.5512, -0.292 0.1913 -0.5512, -0.41 0.2385 -0.5512, -0.662 0.2625 -0.5512, -0.5349 0.2625 -0.5512, -0.7868 0.2385 -0.5512, -0.2457 0.1651 -0.5905, -0.2933 0.1888 -0.5905, -0.3564 0.2202 -0.5905, -0.4108 0.2358 -0.5905, -0.4753 0.2541 -0.5905, -0.5351 0.2597 -0.5905, -0.5984 0.2656 -0.5905, -0.786 0.2358 -0.5905, -0.7216 0.2541 -0.5905, -0.6617 0.2597 -0.5905, -0.8405 0.2202 -0.5905, -1.0118 0.1226 -0.5905, -0.9511 0.1651 -0.5905, -0.9036 0.1888 -0.5905, -0.2054 -0.6999 -1.378, -0.2068 -0.8325 -0.9842, -1.0119 -0.8115 -0.9843, -1.0119 -0.7271 -1.2325, -0.9303 -0.7671 -1.378, -1.0118 -0.7158 -1.2617, -0.9915 -0.6999 -1.378, -1.0118 -0.6708 -1.378, -0.9045 -0.8973 -0.9842, -1.0119 -0.8604 -0.8221, -0.99 -0.8325 -0.9842, -1.0119 -0.8117 -0.9836, -0.2924 -0.8973 -0.9842, -0.2665 -0.7671 -1.378, -0.8084 -0.9451 -0.9842, -0.7053 -0.9745 -0.9842, -0.5984 -0.9844 -0.9842, -0.4916 -0.9745 -0.9842, -0.3884 -0.9451 -0.9842, -0.3391 -0.822 -1.378, -0.4204 -0.8626 -1.378, -0.5079 -0.8875 -1.378, -0.5984 -0.8959 -1.378, -0.689 -0.8875 -1.378, -0.7764 -0.8626 -1.378, -0.8578 -0.822 -1.378, -1.0118 -0.0908 -1.257, -0.9915 -0.1076 -1.378, -1.0118 -0.1367 -1.378, -1.0119 -0.0622 -1.1818, -1.0119 0.0032 -0.9844, -0.99 0.025 -0.9842, -1.0119 0.0206 -0.9321, -1.0119 0.0515 -0.8287, -0.9045 0.0898 -0.9842, -0.9303 -0.0404 -1.378, -0.2665 -0.0404 -1.378, -0.2054 -0.1076 -1.378, -0.2924 0.0898 -0.9842, -0.2068 0.025 -0.9842, -0.3884 0.1377 -0.9842, -0.4916 0.1671 -0.9842, -0.5984 0.177 -0.9842, -0.7053 0.1671 -0.9842, -0.8084 0.1377 -0.9842, -0.8578 0.0145 -1.378, -0.7764 0.0551 -1.378, -0.689 0.08 -1.378, -0.5984 0.0884 -1.378, -0.5079 0.08 -1.378, -0.4204 0.0551 -1.378, -0.3391 0.0145 -1.378, -0.5984 -0.2266 -1.378, -1.0118 -0.2266 -1.378, -0.5984 -0.5809 -1.378, -1.0118 -0.5809 -1.378, -0.5984 -0.3015 0.2213, -1.0118 -0.3015 0.2213, -1.0118 -0.2699 -0.4528, -0.5984 -0.506 0.2213, -1.0118 -0.506 0.2213, -0.5984 -0.5015 0.2469, -1.0118 -0.5015 0.2469, -0.5984 -0.4907 0.2705, -1.0118 -0.4907 0.2705, -0.5984 -0.4744 0.2906, -1.0118 -0.4744 0.2906, -0.5984 -0.4535 0.306, -1.0118 -0.4535 0.306, -0.5984 -0.4295 0.3156, -1.0118 -0.4295 0.3156, -0.5984 -0.4037 0.3189, -1.0118 -0.4037 0.3189, -0.5984 -0.378 0.3156, -1.0118 -0.378 0.3156, -0.5984 -0.3539 0.306, -1.0118 -0.3539 0.306, -0.5984 -0.3331 0.2906, -1.0118 -0.3331 0.2906, -0.5984 -0.3167 0.2705, -1.0118 -0.3167 0.2705, -0.5984 -0.306 0.2469, -1.0118 -0.306 0.2469, -1.0118 -0.5376 -0.4528, -1.0118 0.0716 0.4724, -1.0118 -0.3604 0.4724, -1.0118 -0.879 0.4724, -1.0118 0.0716 -0.4528, -1.0118 0.0716 -0.0197, -1.0118 -0.879 -0.4528, -1.0118 -0.879 -0.0197, -0.2902 -0.9531 -0.0197, -0.2902 -0.9531 0.4724, -0.4082 -1.0042 -0.0197, -0.4082 -1.0042 0.4724, -0.5341 -1.0304 -0.0197, -0.5341 -1.0304 0.4724, -0.6627 -1.0304 -0.0197, -0.6627 -1.0304 0.4724, -0.7887 -1.0042 -0.0197, -0.7887 -1.0042 0.4724, -0.9067 -0.9531 -0.0197, -0.9067 -0.9531 0.4724, -0.9067 0.1456 -0.0197, -0.9067 0.1456 0.4724, -0.7887 0.1968 -0.0197, -0.7887 0.1968 0.4724, -0.6627 0.2229 -0.0197, -0.6627 0.2229 0.4724, -0.5341 0.2229 -0.0197, -0.5341 0.2229 0.4724, -0.4082 0.1968 -0.0197, -0.4082 0.1968 0.4724, -0.2902 0.1456 -0.0197, -0.2902 0.1456 0.4724, -0.3091 0.2739 0.4724, -0.185 0.1897 0.4724, -0.7473 0.3264 0.4724, -0.8878 0.2739 0.4724, -0.4495 0.3264 0.4724, -0.5984 0.3443 0.4724, -1.0118 0.1897 0.4724, -0.4213 -1.9904 0.4724, -0.4213 -1.4549 0.4724, 0.0197 -1.9904 0.4724, 0.0197 -0.3604 0.4724, -1.309 -1.4549 0.4724, 0.0197 -0.0002 0.4724, -0.4213 0.7341 0.4724, -1.309 0.7341 0.4724, -1.309 -0.3604 0.4724, -1.309 -1.2522 0.4724, -0.4213 1.2695 0.4724, 0.0197 1.2695 0.4724, -5.0118 -0.3167 0.2705, -5.0118 -0.3331 0.2906, -5.0118 0.0716 0.4724, -5.0118 -0.3604 0.4724, -5.0118 -0.3539 0.306, -5.0118 -0.378 0.3156, -5.0118 -0.4037 0.3189, -5.0118 -0.4295 0.3156, -5.0118 -0.879 0.4724, -5.0118 -0.4535 0.306, -5.0118 -0.4744 0.2906, -5.0118 -0.4907 0.2705, -5.0118 -0.5015 0.2469, -5.0118 -0.506 0.2213, -5.0118 0.0049 -0.9813, -5.0118 0.0039 -0.9842, -5.0118 -0.2266 -1.378, -5.0118 0.1226 -0.5118, -5.0118 0.1226 -0.5512, -5.0118 0.0716 -0.5118, -5.0118 0.1226 -0.5905, -5.0118 0.0527 -0.8225, -5.0118 0.0716 -0.4528, -5.0118 -0.2699 -0.4528, -5.0118 0.0716 -0.0197, -5.0118 -0.3015 0.2213, -5.0118 -0.306 0.2469, -5.0118 -0.0806 -1.233, -5.0118 -0.0917 -1.2617, -5.0118 -0.1367 -1.378, -5.0118 -0.8312 -0.9221, -5.0118 -0.8586 -0.8302, -5.0118 -0.879 -0.5118, -5.0118 -0.6708 -1.378, -5.0118 -0.7167 -1.2569, -5.0118 -0.5809 -1.378, -5.0118 -0.7457 -1.1804, -5.0118 -0.8106 -0.9844, -5.0118 -0.9301 -0.5905, -5.0118 -0.9301 -0.5512, -5.0118 -0.9301 -0.5118, -5.0118 -0.5376 -0.4528, -5.0118 -0.879 -0.4528, -5.0118 -0.879 -0.0197, -4.8578 -0.822 -1.378, -4.5984 -0.5809 -1.378, -4.7764 -0.8626 -1.378, -4.689 -0.8875 -1.378, -4.9915 -0.6999 -1.378, -4.9303 -0.7671 -1.378, -4.185 -0.5809 -1.378, -4.185 -0.6708 -1.378, -4.2054 -0.6999 -1.378, -4.2665 -0.7671 -1.378, -4.3391 -0.822 -1.378, -4.4204 -0.8626 -1.378, -4.5079 -0.8875 -1.378, -4.5984 -0.8959 -1.378, -4.6617 -1.0672 -0.5905, -4.7216 -1.0616 -0.5905, -4.7053 -0.9745 -0.9842, -4.4916 -0.9745 -0.9842, -4.5984 -0.9844 -0.9842, -4.185 -0.7157 -1.2617, -4.185 -0.7269 -1.233, -4.185 -0.8114 -0.9842, -4.2068 -0.8325 -0.9842, -4.185 -0.8124 -0.9813, -4.185 -0.8602 -0.8225, -4.2924 -0.8973 -0.9842, -4.99 -0.8325 -0.9842, -4.9045 -0.8973 -0.9842, -4.3884 -0.9451 -0.9842, -4.8084 -0.9451 -0.9842, -4.3564 -1.0277 -0.5905, -4.2933 -0.9963 -0.5905, -4.2457 -0.9725 -0.5905, -4.185 -0.9301 -0.5905, -4.4108 -1.0432 -0.5905, -4.5984 -1.073 -0.5905, -4.5351 -1.0672 -0.5905, -4.4753 -1.0616 -0.5905, -4.786 -1.0432 -0.5905, -4.8405 -1.0277 -0.5905, -4.9036 -0.9963 -0.5905, -4.9511 -0.9725 -0.5905, -4.185 -0.9301 -0.5512, -4.292 -0.9988 -0.5512, -4.41 -1.046 -0.5512, -4.5349 -1.07 -0.5512, -4.662 -1.07 -0.5512, -4.7868 -1.046 -0.5512, -4.9048 -0.9988 -0.5512, -4.185 -0.9301 -0.5118, -4.292 -0.9988 -0.5118, -4.41 -1.046 -0.5118, -4.9048 -0.9988 -0.5118, -4.7868 -1.046 -0.5118, -4.662 -1.07 -0.5118, -4.5984 -1.07 -0.5118, -4.5349 -1.07 -0.5118, -4.9067 -0.9531 -0.5118, -4.7887 -1.0042 -0.5118, -4.6627 -1.0304 -0.5118, -4.5984 -1.0304 -0.5118, -4.5341 -1.0304 -0.5118, -4.4082 -1.0042 -0.5118, -4.2902 -0.9531 -0.5118, -4.185 -0.879 -0.5118, -4.185 -0.879 -0.4528, -4.185 -0.879 -0.0197, -4.2902 -0.9531 -0.0197, -4.4082 -1.0042 -0.0197, -4.5341 -1.0304 -0.0197, -4.6627 -1.0304 -0.0197, -4.9067 -0.9531 -0.0197, -4.7887 -1.0042 -0.0197, -4.9067 -0.9531 0.4724, -4.7887 -1.0042 0.4724, -4.6627 -1.0304 0.4724, -4.5341 -1.0304 0.4724, -4.4082 -1.0042 0.4724, -4.2902 -0.9531 0.4724, -4.185 -0.879 0.4724, -4.185 0.0716 -0.4528, -4.185 0.0716 -0.5118, -4.2902 0.1456 -0.5118, -4.9067 0.1456 -0.0197, -4.9067 0.1456 -0.5118, -4.7887 0.1968 -0.5118, -4.7887 0.1968 -0.0197, -4.6627 0.2229 -0.5118, -4.6627 0.2229 -0.0197, -4.5984 0.2229 -0.5118, -4.5341 0.2229 -0.0197, -4.185 0.0716 -0.0197, -4.2902 0.1456 -0.0197, -4.4082 0.1968 -0.0197, -4.4082 0.1968 -0.5118, -4.5341 0.2229 -0.5118, -4.185 0.0716 0.4724, -4.2902 0.1456 0.4724, -4.4082 0.1968 0.4724, -4.5341 0.2229 0.4724, -4.6627 0.2229 0.4724, -4.7887 0.1968 0.4724, -4.9067 0.1456 0.4724, -4.185 0.1226 -0.5118, -4.292 0.1913 -0.5118, -4.41 0.2385 -0.5118, -4.5349 0.2625 -0.5118, -4.5984 0.2625 -0.5118, -4.662 0.2625 -0.5118, -4.7868 0.2385 -0.5118, -4.9048 0.1913 -0.5118, -4.9511 0.1651 -0.5905, -4.9048 0.1913 -0.5512, -4.9036 0.1888 -0.5905, -4.8405 0.2202 -0.5905, -4.7868 0.2385 -0.5512, -4.786 0.2358 -0.5905, -4.7216 0.2541 -0.5905, -4.662 0.2625 -0.5512, -4.6617 0.2597 -0.5905, -4.5984 0.2656 -0.5905, -4.5349 0.2625 -0.5512, -4.5351 0.2597 -0.5905, -4.41 0.2385 -0.5512, -4.4108 0.2358 -0.5905, -4.4753 0.2541 -0.5905, -4.292 0.1913 -0.5512, -4.185 0.1226 -0.5512, -4.185 0.1226 -0.5905, -4.2457 0.1651 -0.5905, -4.2933 0.1888 -0.5905, -4.3564 0.2202 -0.5905, -4.4916 0.1671 -0.9842, -4.7053 0.1671 -0.9842, -4.5984 0.177 -0.9842, -4.5984 0.0884 -1.378, -4.9915 -0.1076 -1.378, -4.99 0.025 -0.9842, -4.185 0.0031 -0.9844, -4.185 -0.0618 -1.1804, -4.2665 -0.0404 -1.378, -4.185 -0.0908 -1.2569, -4.2054 -0.1076 -1.378, -4.185 -0.1367 -1.378, -4.185 0.0237 -0.9221, -4.2068 0.025 -0.9842, -4.185 0.0511 -0.8302, -4.2924 0.0898 -0.9842, -4.9045 0.0898 -0.9842, -4.9303 -0.0404 -1.378, -4.8578 0.0145 -1.378, -4.7764 0.0551 -1.378, -4.8084 0.1377 -0.9842, -4.689 0.08 -1.378, -4.5079 0.08 -1.378, -4.3391 0.0145 -1.378, -4.3884 0.1377 -0.9842, -4.4204 0.0551 -1.378, -4.5984 -0.2266 -1.378, -4.185 -0.2266 -1.378, -4.185 -0.2699 -0.4528, -4.185 -0.3015 0.2213, -4.5984 -0.3015 0.2213, -4.5984 -0.506 0.2213, -4.5984 -0.5015 0.2469, -4.5984 -0.4907 0.2705, -4.5984 -0.4744 0.2906, -4.5984 -0.4535 0.306, -4.5984 -0.4295 0.3156, -4.5984 -0.4037 0.3189, -4.5984 -0.378 0.3156, -4.5984 -0.3539 0.306, -4.5984 -0.3331 0.2906, -4.5984 -0.3167 0.2705, -4.5984 -0.306 0.2469, -4.185 -0.506 0.2213, -4.185 -0.5015 0.2469, -4.185 -0.4907 0.2705, -4.185 -0.4744 0.2906, -4.185 -0.4535 0.306, -4.185 -0.4295 0.3156, -4.185 -0.4037 0.3189, -4.185 -0.378 0.3156, -4.185 -0.3539 0.306, -4.185 -0.3331 0.2906, -4.185 -0.3167 0.2705, -4.185 -0.306 0.2469, -4.185 -0.5376 -0.4528, -4.185 -0.3604 0.4724, -5.2165 1.2695 0.4724, -4.7756 1.2695 0.4724, -5.2165 -0.0002 0.4724, -4.7756 0.7341 0.4724, -4.185 0.1897 0.4724, -3.8878 0.7341 0.4724, -3.8878 -0.3604 0.4724, -4.3091 0.2739 0.4724, -4.4495 0.3264 0.4724, -4.5984 0.3443 0.4724, -4.7473 0.3264 0.4724, -4.7756 -1.4549 0.4724, -3.8878 -1.4549 0.4724, -3.8878 -1.2522 0.4724, -5.2165 -1.9904 0.4724, -5.2165 -0.3604 0.4724, -4.8878 0.2739 0.4724, -5.0118 0.1897 0.4724, -4.7756 -1.9904 0.4724, -3.574 -0.1361 4.4488, -3.8102 -0.1361 4.4488, -3.8342 0.3653 4.4488, -3.5979 0.3653 4.4488, -3.8581 0.8667 4.4488, -3.6219 0.8667 4.4488, -3.1526 -0.1361 4.4488, -3.3858 -0.1361 4.4488, -3.4036 0.3653 4.4488, -3.1713 0.3653 4.4488, -3.4214 0.8667 4.4488, -3.1899 0.8667 4.4488, -2.6991 -0.1361 4.4488, -2.9353 -0.1361 4.4488, -2.9401 0.3653 4.4488, -2.7038 0.3653 4.4488, -2.9448 0.8667 4.4488, -2.7086 0.8667 4.4488, -2.2572 -0.1361 4.4488, -2.4934 -0.1361 4.4488, -2.4875 0.3653 4.4488, -2.2513 0.3653 4.4488, -2.4816 0.8667 4.4488, -2.2453 0.8667 4.4488, -1.8241 -0.1361 4.4488, -2.0573 -0.1361 4.4488, -2.0421 0.3653 4.4488, -1.8097 0.3653 4.4488, -2.027 0.8667 4.4488, -1.7954 0.8667 4.4488, -1.3618 -0.1361 4.4488, -1.5981 -0.1361 4.4488, -1.5675 0.3653 4.4488, -1.3313 0.3653 4.4488, -1.537 0.8667 4.4488, -1.3008 0.8667 4.4488, -1.2371 2.1356 2.0866, -1.2371 2.1356 4.1535, -1.2337 2.1356 4.1535, -1.2337 2.1356 1.4173, -1.2371 2.1356 1.4173, -1.2303 2.1356 4.1535, -1.2303 2.1356 1.4173, -1.4637 2.0707 4.3307, -1.4665 2.0963 4.3307, -1.4635 2.0742 4.3307, -1.4635 2.1192 4.3307, -1.4618 2.1032 4.3307, -1.4625 2.1268 4.3307, -1.4598 2.1356 4.3307, -1.2236 2.1356 4.1535, -1.2343 2.1268 4.1535, -1.2303 2.0963 4.1535, -1.2343 2.0657 4.1535, -1.35 0.0589 4.1535, -1.2461 2.0372 4.1535, -1.2649 2.0127 4.1535, -1.2894 1.994 4.1535, -1.3179 1.9822 4.1535, -1.3484 1.9781 4.1535, -1.379 1.9822 4.1535, -1.5862 0.0589 4.1535, -1.4075 1.994 4.1535, -1.4319 2.0127 4.1535, -1.4507 2.0372 4.1535, -1.4625 2.0657 4.1535, -1.4637 2.0707 4.1535, -1.7126 -2.0179 4.1535, -1.4764 -2.0179 4.1535, -1.7311 3.1103 4.3307, -1.7303 3.0963 4.3307, -1.7313 3.1066 4.3307, -1.7313 3.0856 4.3307, -1.7316 3.0929 4.3307, -1.7321 3.0755 4.3307, -1.7303 3.1396 4.1535, -1.7303 3.1396 2.7854, -1.7385 3.1396 4.1535, -1.7385 3.1396 2.7854, -1.7385 3.1396 2.1752, -1.7303 3.1396 1.4173, -1.7385 3.1396 1.4173, -1.7307 3.1248 4.1535, -1.734 3.1248 4.1535, -1.7311 3.1103 4.1535, -1.7343 3.1268 4.1535, -1.9626 3.1262 4.3307, -1.9583 3.1396 4.3307, -1.9595 3.0996 4.3307, -1.9665 3.0963 4.3307, -1.963 3.1251 4.3307, -1.963 3.0674 4.3307, -1.9626 3.0662 4.3307, -1.9607 3.0597 4.3307, -1.7321 3.0755 4.1535, -1.7343 3.0657 4.1535, -1.8046 0.5441 4.1535, -1.7461 3.0372 4.1535, -1.7649 3.0127 4.1535, -1.7894 2.994 4.1535, -1.8179 2.9822 4.1535, -1.8484 2.9781 4.1535, -1.859 2.9786 4.1535, -2.0367 0.5441 4.1535, -1.8874 2.9848 4.1535, -1.9135 2.9977 4.1535, -1.9356 3.0166 4.1535, -1.9524 3.0403 4.1535, -1.9607 3.0597 4.1535, -2.1142 -2.0179 4.1535, -1.8779 -2.0179 4.1535, -2.2371 2.1356 2.1752, -2.2371 2.1356 4.1535, -2.2337 2.1356 4.1535, -2.2337 2.1356 1.4173, -2.2371 2.1356 1.4173, -2.2303 2.1356 4.1535, -2.2303 2.1356 1.4173, -2.2305 2.1204 4.1535, -2.2331 2.1204 4.1535, -2.2307 2.1054 4.1535, -2.2337 2.1242 4.1535, -2.4598 2.1356 4.1535, -2.4632 2.1356 4.1535, -2.4632 2.1242 4.1535, -2.4665 2.1356 4.1535, -2.4642 2.1166 4.1535, -2.4666 2.1166 4.1535, -2.4667 2.0978 4.1535, -2.4598 2.1356 2.0866, -2.4598 2.1356 1.4173, -2.4632 2.1356 1.4173, -2.4665 2.1356 1.4173, -2.2309 2.0843 4.1535, -2.2342 2.0662 4.1535, -2.255 0.0523 4.1535, -2.2451 2.039 4.1535, -2.2624 2.0154 4.1535, -2.2849 1.9967 4.1535, -2.3113 1.9841 4.1535, -2.34 1.9785 4.1535, -2.3484 1.9781 4.1535, -2.4911 0.0523 4.1535, -2.3569 1.9785 4.1535, -2.3855 1.9841 4.1535, -2.412 1.9967 4.1535, -2.4345 2.0154 4.1535, -2.4517 2.039 4.1535, -2.4626 2.0662 4.1535, -2.4665 2.0951 4.1535, -2.5157 -2.0179 4.1535, -2.2795 -2.0179 4.1535, -2.7303 3.1396 4.1535, -2.7303 3.1396 2.7854, -2.7385 3.1396 4.1535, -2.7385 3.1396 2.7854, -2.7385 3.1396 2.0866, -2.7303 3.1396 1.4173, -2.7385 3.1396 1.4173, -2.7311 3.1095 4.1535, -2.7301 3.0975 4.1535, -2.7302 3.1184 4.1535, -2.7377 3.1373 4.1535, -2.7332 3.1184 4.1535, -2.9583 3.1396 4.1535, -2.9665 3.1396 4.1535, -2.9632 3.1242 4.1535, -2.9664 3.1222 4.1535, -2.9635 3.1222 4.1535, -2.9662 3.1051 4.1535, -2.9583 3.1396 1.4173, -2.9665 3.1396 1.4173, -2.9583 3.1396 2.1752, -2.9665 3.1396 2.7854, -2.9583 3.1396 2.7854, -2.7521 3.0279 4.1535, -2.7714 3.0067 4.1535, -2.7058 0.5552 4.1535, -2.7313 3.0808 4.1535, -2.7385 3.0531 4.1535, -2.8484 2.9781 4.1535, -2.8569 2.9785 4.1535, -2.9419 0.5552 4.1535, -2.7952 2.9908 4.1535, -2.8222 2.9811 4.1535, -2.8855 2.9841 4.1535, -2.912 2.9967 4.1535, -2.9345 3.0154 4.1535, -2.9517 3.039 4.1535, -2.9626 3.0662 4.1535, -2.966 3.0852 4.1535, -2.9173 -2.0179 4.1535, -2.6811 -2.0179 4.1535, -3.2344 2.0653 4.3307, -3.2358 2.1004 4.3307, -3.2343 2.0657 4.3307, -3.234 2.0679 4.3307, -3.2303 2.0963 4.3307, -3.234 2.1246 4.3307, -3.2343 2.1268 4.3307, -3.2371 2.1356 4.3307, -3.4665 2.0963 4.3307, -3.4656 2.1108 4.3307, -3.4655 2.1068 4.3307, -3.4655 2.0856 4.3307, -3.465 2.0921 4.3307, -3.4643 2.0735 4.3307, -3.4632 2.1356 4.1535, -3.4665 2.1356 4.1535, -3.4661 2.1231 4.1535, -3.4598 2.1356 4.1535, -3.463 2.1251 4.1535, -3.4633 2.1231 4.1535, -3.4656 2.1107 4.1535, -3.4665 2.1356 1.4173, -3.4598 2.1356 2.1752, -3.4632 2.1356 1.4173, -3.4598 2.1356 1.4173, -3.2649 2.0127 4.1535, -3.1592 0.0401 4.1535, -3.2461 2.0372 4.1535, -3.2344 2.0653 4.1535, -3.2894 1.994 4.1535, -3.3179 1.9822 4.1535, -3.3484 1.9781 4.1535, -3.359 1.9786 4.1535, -3.392 0.0401 4.1535, -3.3874 1.9848 4.1535, -3.4135 1.9977 4.1535, -3.4356 2.0166 4.1535, -3.4524 2.0403 4.1535, -3.463 2.0674 4.1535, -3.4643 2.0735 4.1535, -3.3189 -2.0179 4.1535, -3.0827 -2.0179 4.1535, -3.7303 3.1396 4.1535, -3.7303 3.1396 2.7854, -3.7385 3.1396 4.1535, -3.7385 3.1396 2.7854, -3.7385 3.1396 2.0866, -3.7303 3.1396 1.4173, -3.7385 3.1396 1.4173, -3.9665 3.0963 4.3307, -3.9653 3.1134 4.3307, -3.9649 3.1062 4.3307, -3.9649 3.0831 4.3307, -3.9642 3.0907 4.3307, -3.9631 3.0681 4.3307, -3.9583 3.1396 4.1535, -3.9665 3.1396 4.1535, -3.9625 3.1268 4.1535, -3.9659 3.1264 4.1535, -3.9626 3.1264 4.1535, -3.9653 3.1134 4.1535, -3.9583 3.1396 1.4173, -3.9665 3.1396 1.4173, -3.9583 3.1396 2.1752, -3.9665 3.1396 2.7854, -3.9583 3.1396 2.7854, -3.7343 3.1268 4.1535, -3.7303 3.0963 4.1535, -3.6073 0.5608 4.1535, -3.7343 3.0657 4.1535, -3.7461 3.0372 4.1535, -3.8179 2.9822 4.1535, -3.8484 2.9781 4.1535, -3.8435 0.5608 4.1535, -3.7649 3.0127 4.1535, -3.7894 2.994 4.1535, -3.879 2.9822 4.1535, -3.9075 2.994 4.1535, -3.9319 3.0127 4.1535, -3.9507 3.0372 4.1535, -3.9625 3.0657 4.1535, -3.9631 3.0681 4.1535, -3.7205 -2.0179 4.1535, -3.4842 -2.0179 4.1535, -0.9902 3.0726 0.5709, -0.5374 3.0726 0.5709, -0.9902 1.7616 0.5709, -0.5374 1.2774 0.5709, -2.5984 1.7616 0.5709, -2.5984 1.2774 0.5709, -4.2067 1.7616 0.5709, -4.6594 1.2774 0.5709, -4.2067 3.0726 0.5709, -4.6594 3.0726 0.5709, -1.4632 2.1356 1.4173, -1.4598 2.1356 1.4173, -1.4507 2.1553 1.4173, -1.4665 2.1356 1.4173, -1.4075 2.1985 1.4173, -1.379 2.2103 1.4173, -1.4665 2.8443 1.4173, -1.4319 2.1798 1.4173, -1.3484 2.2144 1.4173, -1.2303 2.8443 1.4173, -1.3179 2.2103 1.4173, -1.2894 2.1985 1.4173, -1.2649 2.1798 1.4173, -1.2461 2.1553 1.4173, -1.9665 3.1396 1.4173, -1.9583 3.1396 1.4173, -1.9665 3.3463 1.4173, -1.9524 3.1522 1.4173, -1.9356 3.1759 1.4173, -1.9135 3.1948 1.4173, -1.8874 3.2077 1.4173, -1.859 3.2139 1.4173, -1.8484 3.2144 1.4173, -1.7303 3.3463 1.4173, -1.8179 3.2103 1.4173, -1.7894 3.1985 1.4173, -1.7461 3.1553 1.4173, -1.7649 3.1798 1.4173, -2.4528 2.1516 1.4173, -2.436 2.1755 1.4173, -2.4665 2.8443 1.4173, -2.4138 2.1946 1.4173, -2.3877 2.2077 1.4173, -2.3591 2.2139 1.4173, -2.3484 2.2144 1.4173, -2.2303 2.8443 1.4173, -2.3378 2.2139 1.4173, -2.3092 2.2077 1.4173, -2.283 2.1946 1.4173, -2.2608 2.1755 1.4173, -2.2441 2.1516 1.4173, -2.9665 3.3463 1.4173, -2.9528 3.1516 1.4173, -2.936 3.1755 1.4173, -2.9138 3.1946 1.4173, -2.8877 3.2077 1.4173, -2.8591 3.2139 1.4173, -2.8484 3.2144 1.4173, -2.7303 3.3463 1.4173, -2.82 3.2109 1.4173, -2.7932 3.2007 1.4173, -2.7508 3.1628 1.4173, -2.7697 3.1843 1.4173, -3.3484 2.2144 1.4173, -3.3179 2.2103 1.4173, -3.2303 2.8443 1.4173, -3.4524 2.1522 1.4173, -3.4356 2.1759 1.4173, -3.4665 2.8443 1.4173, -3.359 2.2139 1.4173, -3.4135 2.1948 1.4173, -3.3874 2.2077 1.4173, -3.2894 2.1985 1.4173, -3.2649 2.1798 1.4173, -3.2461 2.1553 1.4173, -3.2371 2.1356 1.4173, -3.2337 2.1356 1.4173, -3.2303 2.1356 1.4173, -3.9665 3.3463 1.4173, -3.9507 3.1553 1.4173, -3.9319 3.1798 1.4173, -3.9075 3.1985 1.4173, -3.879 3.2103 1.4173, -3.8484 3.2144 1.4173, -3.8179 3.2103 1.4173, -3.7303 3.3463 1.4173, -3.7894 3.1985 1.4173, -3.7461 3.1553 1.4173, -3.7649 3.1798 1.4173, -3.7461 3.1553 0.2756, -3.7303 3.3232 0.2756, -3.7343 3.1268 0.2756, -3.7303 3.0963 0.2756, -3.7649 3.1798 0.2756, -3.7894 3.1985 0.2756, -3.8179 3.2103 0.2756, -3.8484 3.2144 0.2756, -3.9665 3.3232 0.2756, -3.879 3.2103 0.2756, -3.9075 3.1985 0.2756, -3.9319 3.1798 0.2756, -3.9507 3.1553 0.2756, -3.9625 3.1268 0.2756, -3.9665 3.0963 0.2756, -3.2303 2.0963 0.2756, -3.2343 2.1268 0.2756, -3.2303 2.8202 0.2756, -3.2461 2.1553 0.2756, -3.2649 2.1798 0.2756, -3.2894 2.1985 0.2756, -3.3179 2.2103 0.2756, -3.3484 2.2144 0.2756, -3.359 2.2139 0.2756, -3.4665 2.8202 0.2756, -3.3874 2.2077 0.2756, -3.4135 2.1948 0.2756, -3.4356 2.1759 0.2756, -3.4524 2.1522 0.2756, -3.463 2.1251 0.2756, -3.4665 2.0963 0.2756, -2.7303 3.3232 0.2756, -2.7303 3.0963 0.2756, -2.7311 3.1095 0.2756, -2.7377 3.1373 0.2756, -2.7508 3.1628 0.2756, -2.7697 3.1843 0.2756, -2.8484 3.2144 0.2756, -2.8591 3.2139 0.2756, -2.9665 3.3232 0.2756, -2.7932 3.2007 0.2756, -2.82 3.2109 0.2756, -2.8877 3.2077 0.2756, -2.9138 3.1946 0.2756, -2.936 3.1755 0.2756, -2.9528 3.1516 0.2756, -2.9632 3.1242 0.2756, -2.9665 3.0963 0.2756, -2.2303 2.8202 0.2756, -2.2303 2.0963 0.2756, -2.2337 2.1242 0.2756, -2.2441 2.1516 0.2756, -2.2608 2.1755 0.2756, -2.283 2.1946 0.2756, -2.3484 2.2144 0.2756, -2.3591 2.2139 0.2756, -2.4665 2.8202 0.2756, -2.3092 2.2077 0.2756, -2.3378 2.2139 0.2756, -2.3877 2.2077 0.2756, -2.4138 2.1946 0.2756, -2.436 2.1755 0.2756, -2.4528 2.1516 0.2756, -2.4632 2.1242 0.2756, -2.4665 2.0963 0.2756, -1.7303 3.0963 0.2756, -1.7343 3.1268 0.2756, -1.7303 3.3232 0.2756, -1.7461 3.1553 0.2756, -1.7649 3.1798 0.2756, -1.7894 3.1985 0.2756, -1.8179 3.2103 0.2756, -1.8484 3.2144 0.2756, -1.859 3.2139 0.2756, -1.9665 3.3232 0.2756, -1.8874 3.2077 0.2756, -1.9135 3.1948 0.2756, -1.9356 3.1759 0.2756, -1.9524 3.1522 0.2756, -1.963 3.1251 0.2756, -1.9665 3.0963 0.2756, -1.2303 2.0963 0.2756, -1.2343 2.1268 0.2756, -1.2303 2.8202 0.2756, -1.2461 2.1553 0.2756, -1.2649 2.1798 0.2756, -1.2894 2.1985 0.2756, -1.3179 2.2103 0.2756, -1.3484 2.2144 0.2756, -1.379 2.2103 0.2756, -1.4665 2.8202 0.2756, -1.4075 2.1985 0.2756, -1.4319 2.1798 0.2756, -1.4507 2.1553 0.2756, -1.4625 2.1268 0.2756, -1.4665 2.0963 0.2756, -1.4764 -2.4116 4.2028, -1.3779 -2.4116 4.2618, -1.4764 -2.4116 4.2618, -1.3779 -2.4116 4.5472, -1.4764 -2.4116 4.5472, -1.4764 -2.4116 3.9764, -1.4272 -2.4116 3.9764, -1.3779 -2.4116 3.9764, -1.3618 -0.1361 4.5472, -1.5981 -0.1361 4.5472, -1.5981 -0.1361 4.498, -1.3618 -0.1361 4.498, -1.7953 -2.4116 3.9764, -1.7126 -2.4116 3.9764, -1.7126 -2.4116 4.2028, -1.7126 -2.4116 4.5472, -1.8779 -2.4116 4.5472, -1.8779 -2.4116 4.2618, -1.8779 -2.4116 3.9764, -1.8779 -2.4116 4.2028, -1.7126 -2.4116 4.2618, -1.8241 -0.1361 4.5472, -2.0573 -0.1361 4.5472, -2.0573 -0.1361 4.498, -1.8241 -0.1361 4.498, -2.1142 -2.4116 4.5472, -2.2795 -2.4116 4.5472, -2.2795 -2.4116 4.2618, -2.1968 -2.4116 3.9764, -2.1142 -2.4116 3.9764, -2.1142 -2.4116 4.2028, -2.2795 -2.4116 3.9764, -2.2795 -2.4116 4.2028, -2.1142 -2.4116 4.2618, -2.2572 -0.1361 4.5472, -2.4934 -0.1361 4.5472, -2.4934 -0.1361 4.498, -2.2572 -0.1361 4.498, -2.5157 -2.4116 4.5472, -2.6811 -2.4116 4.5472, -2.6811 -2.4116 4.2618, -2.5984 -2.4116 3.9764, -2.5157 -2.4116 3.9764, -2.5157 -2.4116 4.2028, -2.6811 -2.4116 3.9764, -2.6811 -2.4116 4.2028, -2.5157 -2.4116 4.2618, -2.6991 -0.1361 4.5472, -2.9353 -0.1361 4.5472, -2.9353 -0.1361 4.498, -2.6991 -0.1361 4.498, -3.0 -2.4116 3.9764, -2.9173 -2.4116 3.9764, -2.9173 -2.4116 4.2028, -2.9173 -2.4116 4.5472, -3.0827 -2.4116 4.5472, -3.0827 -2.4116 4.2618, -3.0827 -2.4116 3.9764, -3.0827 -2.4116 4.2028, -2.9173 -2.4116 4.2618, -3.1526 -0.1361 4.5472, -3.3858 -0.1361 4.5472, -3.3858 -0.1361 4.498, -3.1526 -0.1361 4.498, -3.4842 -2.4116 4.5472, -3.4842 -2.4116 4.2618, -3.3189 -2.4116 4.5472, -3.3189 -2.4116 4.2618, -3.4842 -2.4116 3.9764, -3.4016 -2.4116 3.9764, -3.4842 -2.4116 4.2028, -3.3189 -2.4116 4.2028, -3.3189 -2.4116 3.9764, -3.574 -0.1361 4.5472, -3.8102 -0.1361 4.5472, -3.8102 -0.1361 4.498, -3.574 -0.1361 4.498, -3.8189 -2.4116 4.5472, -3.8189 -2.4116 4.2618, -3.7205 -2.4116 4.5472, -3.7205 -2.4116 4.2618, -3.8189 -2.4116 3.9764, -3.7697 -2.4116 3.9764, -3.7205 -2.4116 3.9764, -3.7205 -2.4116 4.2028, -3.9665 3.5136 4.5079, -3.9665 3.5136 4.5367, -3.9665 3.4946 4.5446, -3.9665 3.5503 4.4889, -3.9665 3.5424 4.5079, -3.9665 3.5299 4.5242, -3.9665 3.3463 4.5472, -3.9665 3.4742 4.5472, -3.9665 3.1396 4.3504, -3.9665 3.1396 4.5472, -3.8581 0.8667 4.5472, -3.8581 0.8667 4.498, -3.7205 -2.0179 4.3504, -3.7205 -2.0179 4.5472, -3.7205 -2.0179 4.2028, -3.6219 0.8667 4.5472, -3.6219 0.8667 4.498, -3.4842 -2.0179 4.5472, -3.4842 -2.0179 4.3504, -3.7303 3.1396 4.5472, -3.7303 3.1396 4.3504, -3.4842 -2.0179 4.2028, -3.7303 3.3463 4.5472, -3.7303 3.4742 4.5472, -3.7303 3.5136 4.5079, -3.7303 3.4946 4.5446, -3.7303 3.5136 4.5367, -3.7303 3.5299 4.5242, -3.7303 3.5424 4.5079, -3.7303 3.5503 4.4889, -3.5984 3.553 4.4685, -3.5984 3.5503 4.4889, -3.5984 3.5424 4.5079, -3.5984 3.5299 4.5242, -3.5984 3.5136 4.5367, -3.5984 3.4946 4.5446, -3.5984 3.4742 4.5472, -3.4665 3.5503 4.4889, -3.4665 3.5424 4.5079, -3.4665 3.5299 4.5242, -3.4665 3.5136 4.5367, -3.4665 3.4946 4.5446, -3.4665 3.4742 4.5472, -3.4665 3.5136 4.5079, -3.4665 2.8443 4.5472, -3.4665 2.1356 4.3504, -3.4665 2.1356 4.5472, -3.4214 0.8667 4.498, -3.4214 0.8667 4.5472, -3.3189 -2.0179 4.5472, -3.3189 -2.0179 4.3504, -3.3189 -2.0179 4.2028, -3.1899 0.8667 4.5472, -3.1899 0.8667 4.498, -3.0827 -2.0179 4.5472, -3.0827 -2.0179 4.3504, -3.2371 2.1356 4.3504, -3.2371 2.1356 4.5472, -3.0827 -2.0179 4.2028, -3.2371 2.1356 2.1752, -3.2337 2.1356 4.5472, -3.2303 2.1356 4.5472, -3.2303 2.8443 4.5472, -3.2303 3.4742 4.5472, -3.2303 3.5136 4.5079, -3.2303 3.4946 4.5446, -3.2303 3.5136 4.5367, -3.2303 3.5299 4.5242, -3.2303 3.5424 4.5079, -3.2303 3.5503 4.4889, -3.0984 3.553 4.4685, -3.0984 3.5503 4.4889, -3.0984 3.5424 4.5079, -3.0984 3.5299 4.5242, -3.0984 3.5136 4.5367, -3.0984 3.4946 4.5446, -3.0984 3.4742 4.5472, -2.9665 3.5503 4.4889, -2.9665 3.5424 4.5079, -2.9665 3.5299 4.5242, -2.9665 3.5136 4.5367, -2.9665 3.4946 4.5446, -2.9665 3.4742 4.5472, -2.9665 3.5136 4.5079, -2.9665 3.3463 4.5472, -2.9665 3.1396 4.3504, -2.9665 3.1396 4.5472, -2.9448 0.8667 4.498, -2.9448 0.8667 4.5472, -2.9173 -2.0179 4.5472, -2.9173 -2.0179 4.3504, -2.9173 -2.0179 4.2028, -2.966 3.0852 4.3307, -2.9662 3.1051 4.3307, -2.9661 3.0952 4.3307, -2.7086 0.8667 4.5472, -2.7086 0.8667 4.498, -2.6811 -2.0179 4.5472, -2.6811 -2.0179 4.3504, -2.7303 3.1396 4.5472, -2.7303 3.1396 4.3504, -2.6811 -2.0179 4.2028, -2.7303 3.3463 4.5472, -2.7303 3.4742 4.5472, -2.7303 3.5136 4.5079, -2.7303 3.4946 4.5446, -2.7303 3.5136 4.5367, -2.7303 3.5299 4.5242, -2.7303 3.5424 4.5079, -2.7303 3.5503 4.4889, -2.5984 3.5503 4.4889, -2.5984 3.5424 4.5079, -2.5984 3.5299 4.5242, -2.5984 3.5136 4.5367, -2.5984 3.4946 4.5446, -2.5984 3.4742 4.5472, -2.4665 3.5503 4.4889, -2.4665 3.5424 4.5079, -2.4665 3.5299 4.5242, -2.4665 3.5136 4.5367, -2.4665 3.4946 4.5446, -2.4665 3.4742 4.5472, -2.4665 3.5136 4.5079, -2.4665 2.8443 4.5472, -2.4665 2.1356 4.3504, -2.4665 2.1356 4.5472, -2.4816 0.8667 4.498, -2.4816 0.8667 4.5472, -2.5157 -2.0179 4.5472, -2.5157 -2.0179 4.3504, -2.5157 -2.0179 4.2028, -2.2453 0.8667 4.5472, -2.2453 0.8667 4.498, -2.2795 -2.0179 4.5472, -2.2795 -2.0179 4.3504, -2.2303 2.1356 4.3504, -2.2303 2.1356 4.5472, -2.2307 2.1054 4.3307, -2.2308 2.0952 4.3307, -2.2309 2.0843 4.3307, -2.2795 -2.0179 4.2028, -2.2303 2.8443 4.5472, -2.2303 3.4742 4.5472, -2.2303 3.5136 4.5079, -2.2303 3.5299 4.5242, -2.2303 3.5424 4.5079, -2.2303 3.4946 4.5446, -2.2303 3.5136 4.5367, -2.2303 3.5503 4.4889, -2.0984 3.553 4.4685, -2.0984 3.5503 4.4889, -2.0984 3.5424 4.5079, -2.0984 3.5299 4.5242, -2.0984 3.5136 4.5367, -2.0984 3.4946 4.5446, -2.0984 3.4742 4.5472, -1.9665 3.5503 4.4889, -1.9665 3.5424 4.5079, -1.9665 3.5299 4.5242, -1.9665 3.5136 4.5367, -1.9665 3.4946 4.5446, -1.9665 3.4742 4.5472, -1.9665 3.1396 2.9823, -1.9665 3.5136 4.5079, -1.9665 3.3463 4.5472, -1.9665 3.1396 4.5472, -1.9583 3.1396 2.1752, -1.9583 3.1396 4.5472, -1.9583 3.1396 4.3504, -1.9583 3.1396 2.9823, -2.027 0.8667 4.5472, -2.027 0.8667 4.498, -2.1142 -2.0179 4.3504, -2.1142 -2.0179 4.5472, -2.1142 -2.0179 4.2028, -1.9595 3.0996 4.3307, -1.7954 0.8667 4.5472, -1.7954 0.8667 4.498, -1.8779 -2.0179 4.3504, -1.8779 -2.0179 4.5472, -1.7303 3.1396 4.5472, -1.7303 3.1396 4.3504, -1.8779 -2.0179 4.2028, -1.7303 3.3463 4.5472, -1.7303 3.4742 4.5472, -1.7303 3.5136 4.5079, -1.7303 3.4946 4.5446, -1.7303 3.5136 4.5367, -1.7303 3.5299 4.5242, -1.7303 3.5424 4.5079, -1.7303 3.5503 4.4889, -1.5984 3.553 4.4685, -1.5984 3.5503 4.4889, -1.5984 3.5424 4.5079, -1.5984 3.5299 4.5242, -1.5984 3.5136 4.5367, -1.5984 3.4946 4.5446, -1.5984 3.4742 4.5472, -1.4665 3.5503 4.4889, -1.4665 3.5424 4.5079, -1.4665 3.5299 4.5242, -1.4665 3.5136 4.5367, -1.4665 3.4946 4.5446, -1.4665 3.4742 4.5472, -1.4665 3.5136 4.5079, -1.4665 2.8443 4.5472, -1.4665 2.1356 4.5472, -1.4632 2.1356 4.5472, -1.4598 2.1356 4.5472, -1.4598 2.1356 4.3504, -1.4598 2.1356 2.1752, -1.537 0.8667 4.498, -1.537 0.8667 4.5472, -1.7126 -2.0179 4.5472, -1.7126 -2.0179 4.3504, -1.7126 -2.0179 4.2028, -1.3008 0.8667 4.5472, -1.3008 0.8667 4.498, -1.4764 -2.0179 4.5472, -1.4764 -2.0179 4.3504, -1.2236 2.1356 4.3504, -1.2236 2.1356 4.5472, -1.4764 -2.0179 4.2028, -1.2303 2.1356 4.3504, -1.2303 2.1356 4.5472, -1.2303 2.8443 4.5472, -1.2303 3.4742 4.5472, -1.2303 3.5136 4.5079, -1.2303 3.5299 4.5242, -1.2303 3.5424 4.5079, -1.2303 3.4946 4.5446, -1.2303 3.5136 4.5367, -1.2303 3.5503 4.4889, -0.6447 3.553 4.4685, -0.059 3.5513 4.4811, -0.6447 3.5503 4.4889, -0.059 3.5503 4.4889, -0.059 3.5491 4.4917, -0.059 3.5267 4.5267, -0.059 3.5299 4.5242, -0.6447 3.5299 4.5242, -0.059 3.5394 4.5118, -0.6447 3.5424 4.5079, -0.059 3.5424 4.5079, -0.059 3.5433 4.5057, -0.059 3.4946 4.5446, -0.059 3.4997 4.5424, -0.6447 3.4946 4.5446, -0.059 3.5131 4.5369, -0.6447 3.5136 4.5367, -0.059 3.5136 4.5367, -0.059 3.5245 4.5283, -0.059 3.4869 4.5456, -0.6447 3.4742 4.5472, -0.059 3.4742 4.5472, -5.1378 3.4742 4.5472, -4.5522 3.4742 4.5472, -5.1378 3.4869 4.5456, -4.5522 3.4946 4.5446, -5.1378 3.4946 4.5446, -5.1378 3.4997 4.5424, -4.5522 3.5136 4.5367, -4.5522 3.5299 4.5242, -5.1378 3.5267 4.5267, -5.1378 3.5245 4.5283, -5.1378 3.5136 4.5367, -5.1378 3.5131 4.5369, -4.5522 3.5424 4.5079, -5.1378 3.5394 4.5118, -5.1378 3.5299 4.5242, -5.1378 3.5503 4.4889, -5.1378 3.5491 4.4917, -4.5522 3.5503 4.4889, -5.1378 3.5433 4.5057, -5.1378 3.5424 4.5079, -5.1378 3.5513 4.4811, -4.5522 3.553 4.4685, -4.5079 -3.4352 3.5753, -4.5079 -3.4352 3.8583, -4.626 -3.5533 3.9764, -4.626 -3.5533 3.5753, -4.626 -3.5533 3.1693, -4.5079 -3.4352 3.1693, -4.626 -3.5533 1.415, -4.626 -3.5533 1.0236, -4.5079 -3.4352 1.1417, -4.5079 -3.4352 1.415, -4.5079 -3.4352 1.811, -4.626 -3.5533 1.811, -5.1378 -3.5083 4.5391, -5.1378 -3.514 4.5367, -4.4783 -3.514 4.5367, -5.1378 -3.4916 4.545, -5.1378 -3.495 4.5446, -4.4783 -3.495 4.5446, -4.4783 -3.5507 4.4889, -4.4783 -3.5533 4.4685, -3.8189 -3.5533 4.4685, -4.4783 -3.5303 4.5242, -4.4783 -3.5428 4.5079, -3.8189 -3.5428 4.5079, -3.8189 -3.495 4.5446, -3.8189 -3.4746 4.5472, -4.4783 -3.4746 4.5472, -3.8189 -3.5507 4.4889, -5.1378 -3.4746 4.5472, -3.8189 -3.514 4.5367, -3.8189 -3.5303 4.5242, -5.1378 -3.5232 4.5296, -5.1378 -3.5428 4.5079, -5.1378 -3.5357 4.5171, -5.1378 -3.5303 4.5242, -5.1378 -3.5452 4.5022, -5.1378 -3.5533 4.4685, -5.1378 -3.5511 4.4855, -5.1378 -3.5507 4.4889, -3.3189 0.3404 2.185, -3.4842 0.3404 2.185, -3.4842 0.6356 2.185, -3.4842 0.9309 2.185, -3.3189 0.9309 2.185, -3.4842 0.7931 2.185, -3.3189 0.7931 2.185, -3.3189 0.6356 2.185, -2.9173 0.3404 2.185, -3.0827 0.3404 2.185, -3.0827 0.6356 2.185, -3.0827 0.9309 2.185, -2.9173 0.9309 2.185, -3.0827 0.7931 2.185, -2.9173 0.7931 2.185, -2.9173 0.6356 2.185, -2.5157 0.3404 2.185, -2.6811 0.3404 2.185, -2.6811 0.6356 2.185, -2.6811 0.9309 2.185, -2.5157 0.9309 2.185, -2.6811 0.7931 2.185, -2.5157 0.7931 2.185, -2.5157 0.6356 2.185, -2.1142 0.3404 2.185, -2.2795 0.3404 2.185, -2.2795 0.6356 2.185, -2.2795 0.9309 2.185, -2.1142 0.9309 2.185, -2.2795 0.7931 2.185, -2.1142 0.7931 2.185, -2.1142 0.6356 2.185, -1.7126 0.3404 2.185, -1.8779 0.3404 2.185, -1.8779 0.6356 2.185, -1.8779 0.9309 2.185, -1.7126 0.9309 2.185, -1.8779 0.7931 2.185, -1.7126 0.7931 2.185, -1.7126 0.6356 2.185, -3.8189 -2.9196 4.5472, -3.8189 -2.9196 3.8583, -3.8189 -2.2935 3.8583, -3.8189 -3.4352 3.8583, -3.8189 -3.514 4.5079, -3.8189 -3.5533 3.9764, -3.7205 -2.2935 3.8583, -3.7697 -2.2935 3.8583, -3.7205 -2.0179 3.8583, -3.7205 -2.0179 4.0059, -3.4842 -2.0179 3.8583, -3.4842 -2.0179 4.0059, -3.4842 -2.2935 3.8583, -3.3189 -2.2935 3.8583, -3.4016 -2.2935 3.8583, -3.3189 -2.0179 3.8583, -3.3189 -2.0179 4.0059, -3.0827 -2.0179 3.8583, -3.0827 -2.0179 4.0059, -3.0827 -2.2935 3.8583, -2.9173 -2.2935 3.8583, -3.0 -2.2935 3.8583, -2.9173 -2.0179 3.8583, -2.9173 -2.0179 4.0059, -2.6811 -2.0179 3.8583, -2.6811 -2.0179 4.0059, -2.6811 -2.2935 3.8583, -2.5157 -2.2935 3.8583, -2.5984 -2.2935 3.8583, -2.5157 -2.0179 3.8583, -2.5157 -2.0179 4.0059, -2.2795 -2.0179 3.8583, -2.2795 -2.0179 4.0059, -2.2795 -2.2935 3.8583, -2.1142 -2.2935 3.8583, -2.1968 -2.2935 3.8583, -2.1142 -2.0179 3.8583, -2.1142 -2.0179 4.0059, -1.8779 -2.0179 3.8583, -1.8779 -2.0179 4.0059, -1.8779 -2.2935 3.8583, -1.7126 -2.2935 3.8583, -1.7953 -2.2935 3.8583, -1.7126 -2.0179 3.8583, -1.7126 -2.0179 4.0059, -1.4764 -2.0179 3.8583, -1.4764 -2.0179 4.0059, -1.4764 -2.2935 3.8583, -1.3779 -2.2935 3.8583, -1.4272 -2.2935 3.8583, -1.7126 0.3404 3.0217, -1.8779 0.3404 3.0217, -1.7126 0.3404 3.8583, -1.8779 0.3404 3.8583, -2.1142 0.3404 3.0217, -2.2795 0.3404 3.0217, -2.1142 0.3404 3.8583, -2.2795 0.3404 3.8583, -2.5157 0.3404 3.0217, -2.6811 0.3404 3.0217, -2.5157 0.3404 3.8583, -2.6811 0.3404 3.8583, -2.9173 0.3404 3.0217, -3.0827 0.3404 3.0217, -2.9173 0.3404 3.8583, -3.0827 0.3404 3.8583, -3.3189 0.3404 3.0217, -3.4842 0.3404 3.0217, -3.3189 0.3404 3.8583, -3.4842 0.3404 3.8583, -4.2249 -3.5533 3.9764, -4.2249 -3.4352 3.8583, -0.689 -3.4352 1.415, -0.689 -3.4352 1.1417, -0.5709 -3.5533 1.0236, -0.5709 -3.5533 1.415, -0.5709 -3.5533 1.811, -0.689 -3.4352 1.811, -0.5709 -3.5533 3.5753, -0.5709 -3.5533 3.9764, -0.689 -3.4352 3.8583, -0.689 -3.4352 3.5753, -0.689 -3.4352 3.1693, -0.5709 -3.5533 3.1693, -0.972 -3.4352 3.8583, -0.972 -3.5533 3.9764, -1.3779 -3.5533 3.9764, -1.3779 -3.4352 3.8583, -1.3779 -2.9196 3.8583, -1.3779 -2.9196 4.5472, -1.3779 -3.5303 4.5242, -1.3779 -3.514 4.5367, -1.3779 -3.514 4.5079, -1.3779 -3.495 4.5446, -1.3779 -3.5533 4.4685, -1.3779 -3.5507 4.4889, -1.3779 -3.5428 4.5079, -1.3779 -3.4746 4.5472, -0.059 -3.4746 4.5472, -0.7185 -3.4746 4.5472, -0.059 -3.4916 4.5454, -0.7185 -3.495 4.5446, -0.059 -3.4949 4.5443, -0.059 -3.5085 4.5396, -0.7185 -3.514 4.5367, -0.059 -3.5137 4.5363, -0.059 -3.5236 4.5301, -0.7185 -3.5303 4.5242, -0.059 -3.5299 4.5238, -0.059 -3.5362 4.5175, -0.7185 -3.5428 4.5079, -0.059 -3.5424 4.5076, -0.059 -3.5457 4.5024, -0.7185 -3.5507 4.4889, -0.059 -3.5504 4.4888, -0.059 -3.5515 4.4855, -0.7185 -3.5533 4.4685, -0.059 -3.5533 4.4685, -0.0424 -3.5072 4.5383, -0.0415 -3.5222 4.5287, -0.0415 -3.5348 4.5161, -0.0424 -3.5444 4.5011, -0.0442 -3.5503 4.4843, -0.0301 -3.5468 4.4808, -0.0034 -3.4746 4.5242, -0.0066 -3.4746 4.5267, -0.0008 -3.4885 4.5196, -0.0442 -3.4904 4.5442, -0.0464 -3.4746 4.5456, -0.0088 -3.4746 4.5283, -0.0197 -3.4746 4.5367, -0.0174 -3.4813 4.535, -0.0201 -3.4746 4.5369, -0.0336 -3.4746 4.5424, 0.0061 -3.4746 4.5118, 0.008 -3.4785 4.5096, 0.0091 -3.4746 4.5079, 0.01 -3.4746 4.5057, 0.0159 -3.4746 4.4917, 0.0174 -3.4802 4.4867, 0.017 -3.4746 4.4889, 0.018 -3.4746 4.4811, 0.0159 -3.4978 4.4685, 0.017 -3.495 4.4685, 0.0174 -3.4928 4.4741, 0.018 -3.4872 4.4685, 0.0197 -3.4746 4.4685, 0.008 -3.5157 4.4724, 0.0061 -3.5179 4.4685, 0.0091 -3.514 4.4685, -0.0008 -3.5257 4.4824, -0.0066 -3.5328 4.4685, -0.0034 -3.5303 4.4685, -0.0336 -3.5485 4.4685, -0.0201 -3.543 4.4685, -0.0387 -3.5507 4.4685, -0.0464 -3.5517 4.4685, -0.0267 -3.5404 4.4971, -0.0174 -3.5411 4.4752, -0.0197 -3.5428 4.4685, 0.0117 -3.492 4.4985, -0.0249 -3.5307 4.512, -0.0125 -3.5341 4.4908, -0.0088 -3.5344 4.4685, -0.0125 -3.4969 4.528, 0.0024 -3.5026 4.5091, 0.0117 -3.5046 4.4859, 0.01 -3.5118 4.4685, -0.0249 -3.5181 4.5246, -0.01 -3.524 4.5053, -0.0301 -3.4869 4.5407, -0.0387 -3.4746 4.5446, 0.0024 -3.5152 4.4965, -0.01 -3.5114 4.5179, -0.0267 -3.5032 4.5343, 0.017 3.4946 4.4685, 0.0149 3.4997 4.4685, 0.0131 3.5032 4.4808, 0.0008 3.5245 4.4685, -0.0009 3.5267 4.4685, -0.008 3.5325 4.4824, -0.0034 3.5299 4.4685, -0.0157 3.5394 4.4685, -0.018 3.5413 4.4724, -0.0219 3.5433 4.4685, -0.0359 3.5491 4.4685, -0.0409 3.5506 4.4741, -0.0524 3.5158 4.535, -0.0432 3.4891 4.5442, -0.0368 3.5207 4.528, -0.0452 3.5325 4.5196, -0.0552 3.5413 4.5096, -0.0417 3.5449 4.4985, -0.0535 3.5506 4.4867, -0.0387 3.5503 4.4685, -0.0464 3.5513 4.4685, -0.042 3.4742 4.5454, -0.0388 3.4742 4.5443, -0.0265 3.4908 4.5383, -0.0252 3.4742 4.5396, -0.0199 3.4742 4.5363, -0.0114 3.4917 4.5287, -0.01 3.4742 4.5301, -0.0037 3.4742 4.5238, 0.0012 3.4917 4.5161, -0.0291 3.5449 4.4859, -0.0197 3.5424 4.4685, 0.0026 3.4742 4.5175, 0.0088 3.4742 4.5076, 0.0107 3.4908 4.5011, -0.0311 3.5356 4.5091, -0.0222 3.5232 4.5179, -0.0185 3.5356 4.4965, -0.0096 3.5232 4.5053, 0.0004 3.5207 4.4908, 0.0075 3.5158 4.4752, 0.0091 3.5136 4.4685, 0.0093 3.5131 4.4685, 0.0197 3.4742 4.4685, 0.018 3.4869 4.4685, 0.0178 3.4742 4.4855, 0.0166 3.4891 4.4843, 0.0167 3.4742 4.4888, 0.012 3.4742 4.5024, -0.0467 3.5032 4.5407, -0.0304 3.5066 4.5343, -0.0156 3.5083 4.5246, -0.003 3.5083 4.512, 0.0068 3.5066 4.4971, -4.5079 -1.5474 1.1417, -4.5079 -0.2856 1.1417, -4.5079 -0.2856 1.3583, -4.5079 -1.5474 1.811, -4.5079 -0.2856 1.5748, -4.5079 0.3404 1.811, -4.5079 0.0274 1.5748, -4.5079 0.3404 1.5748, -4.5079 -1.6065 1.811, -4.5079 -1.8604 1.1417, -4.7441 -3.5533 1.811, -4.7441 -1.6065 1.811, -4.7441 0.3404 1.811, -4.7441 -3.5533 2.2441, -4.7441 0.3404 2.7165, -4.7441 0.3404 3.1693, -4.7441 -1.6065 3.1693, -4.7441 -3.5533 3.1693, -4.5079 -1.6065 3.1693, -4.5079 -1.5474 3.1693, -4.5079 0.3404 3.1693, -4.5079 0.3404 3.8583, -4.5079 -1.5474 3.8583, -4.5079 -1.0947 3.8583, -3.7124 -3.4352 0.4724, -3.8878 -3.4352 0.4724, -4.0059 -3.5533 0.3543, -3.7124 -3.5533 0.3543, -3.4153 -3.5533 0.3543, -3.4153 -3.4352 0.4724, -4.0059 -3.5533 1.0236, -3.8878 -3.4352 1.1417, -4.2569 -3.5533 1.0236, -4.2569 -3.4352 1.1417, -1.2303 2.1435 0.0197, -1.2303 2.0963 0.0197, -1.2303 2.0963 0.1476, -1.2303 3.553 0.1476, -1.3484 1.9781 2.1752, -1.2343 2.1268 2.0866, -1.2343 2.0657 2.0866, -1.2343 2.0657 0.0197, -1.2461 2.0372 2.0866, -1.2461 2.0372 0.0197, -1.2649 2.0127 2.0866, -1.2649 2.0127 0.0197, -1.2894 1.994 2.0866, -1.2894 1.994 0.0197, -1.3179 1.9822 2.0866, -1.3179 1.9822 0.0197, -1.3484 1.9781 2.0866, -1.3484 1.9781 0.0197, -1.2303 2.0963 2.0866, -1.379 1.9822 0.0197, -1.4625 2.0657 2.1752, -1.4665 2.0963 2.1752, -1.4625 2.1268 2.1752, -1.4507 2.0372 2.1752, -1.4319 2.0127 2.1752, -1.4075 1.994 2.1752, -1.379 1.9822 2.1752, -1.4625 2.0657 0.0197, -1.4665 2.0963 0.0197, -1.4665 2.0963 0.1476, -1.4075 1.994 0.0197, -1.4319 2.0127 0.0197, -1.4507 2.0372 0.0197, -1.4665 3.553 0.1476, -1.4665 2.1435 0.0197, -1.7303 3.553 0.1476, -1.7303 3.0963 0.1476, -1.7303 3.0963 0.0197, -1.7303 3.0963 2.1752, -1.7343 3.1268 2.1752, -1.7343 3.0657 2.1752, -1.7461 3.0372 2.1752, -1.7649 3.0127 2.1752, -1.7894 2.994 2.1752, -1.8179 2.9822 2.1752, -1.8484 2.9781 2.1752, -1.7343 3.0657 0.0197, -1.7461 3.0372 0.0197, -1.7649 3.0127 0.0197, -1.7894 2.994 0.0197, -1.8179 2.9822 0.0197, -1.8484 2.9781 0.0197, -1.9524 3.0403 2.1752, -1.963 3.0674 2.1752, -1.963 3.1251 2.1752, -1.9665 3.0963 2.1752, -1.9356 3.0166 2.1752, -1.9135 2.9977 2.1752, -1.8874 2.9848 2.1752, -1.859 2.9786 2.1752, -1.963 3.0674 0.0197, -1.9665 3.0963 0.0197, -1.9665 3.0963 0.1476, -1.859 2.9786 0.0197, -1.8874 2.9848 0.0197, -1.9135 2.9977 0.0197, -1.9356 3.0166 0.0197, -1.9524 3.0403 0.0197, -1.9665 3.553 0.1476, -2.2303 2.1435 0.0197, -2.2303 2.0963 0.0197, -2.2303 2.0963 0.1476, -2.2303 3.553 0.1476, -2.2303 2.0951 0.0197, -2.3484 1.9781 2.0866, -2.3484 1.9781 2.1752, -2.34 1.9785 2.1752, -2.2303 2.0951 2.1752, -2.2342 2.0662 2.1752, -2.2451 2.039 2.1752, -2.2624 2.0154 2.1752, -2.2849 1.9967 2.1752, -2.3113 1.9841 2.1752, -2.2337 2.1242 2.1752, -2.2342 2.0662 0.0197, -2.2451 2.039 0.0197, -2.2624 2.0154 0.0197, -2.2849 1.9967 0.0197, -2.3113 1.9841 0.0197, -2.34 1.9785 0.0197, -2.3484 1.9781 0.0197, -2.3569 1.9785 2.0866, -2.4632 2.1242 2.0866, -2.4665 2.0951 0.0197, -2.4665 2.0963 0.0197, -2.4665 2.0963 0.1476, -2.4665 2.0951 2.0866, -2.3569 1.9785 0.0197, -2.3855 1.9841 2.0866, -2.3855 1.9841 0.0197, -2.412 1.9967 2.0866, -2.412 1.9967 0.0197, -2.4345 2.0154 2.0866, -2.4345 2.0154 0.0197, -2.4517 2.039 2.0866, -2.4517 2.039 0.0197, -2.4626 2.0662 2.0866, -2.4626 2.0662 0.0197, -2.4665 3.553 0.1476, -2.4665 2.1435 0.0197, -2.7303 3.553 0.1476, -2.7303 3.0963 0.1476, -2.7303 3.0963 0.0197, -2.7313 3.0808 0.0197, -2.8484 2.9781 2.1752, -2.7377 3.1373 2.0866, -2.7313 3.0808 2.0866, -2.7385 3.0531 2.0866, -2.7385 3.0531 0.0197, -2.7521 3.0279 2.0866, -2.7521 3.0279 0.0197, -2.7714 3.0067 2.0866, -2.7714 3.0067 0.0197, -2.7952 2.9908 2.0866, -2.7952 2.9908 0.0197, -2.8222 2.9811 2.0866, -2.8222 2.9811 0.0197, -2.8484 2.9781 2.0866, -2.8484 2.9781 0.0197, -2.7311 3.1095 2.0866, -2.8569 2.9785 0.0197, -2.9626 3.0662 2.1752, -2.9665 3.0951 2.1752, -2.9632 3.1242 2.1752, -2.9665 3.0951 0.0197, -2.9665 3.0963 0.0197, -2.9665 3.0963 0.1476, -2.9517 3.039 2.1752, -2.9345 3.0154 2.1752, -2.912 2.9967 2.1752, -2.8855 2.9841 2.1752, -2.8569 2.9785 2.1752, -2.8855 2.9841 0.0197, -2.912 2.9967 0.0197, -2.9345 3.0154 0.0197, -2.9517 3.039 0.0197, -2.9626 3.0662 0.0197, -2.9665 3.553 0.1476, -3.2303 2.1435 0.0197, -3.2303 2.0963 0.0197, -3.2303 2.0963 0.1476, -3.2303 3.553 0.1476, -3.2343 2.1268 2.1752, -3.2343 2.0657 2.1752, -3.2461 2.0372 2.1752, -3.2649 2.0127 2.1752, -3.2894 1.994 2.1752, -3.3179 1.9822 2.1752, -3.3484 1.9781 2.1752, -3.2343 2.0657 0.0197, -3.2303 2.0963 2.1752, -3.3484 1.9781 0.0197, -3.3179 1.9822 0.0197, -3.2894 1.994 0.0197, -3.2649 2.0127 0.0197, -3.2461 2.0372 0.0197, -3.4665 2.0963 2.1752, -3.463 2.0674 2.1752, -3.463 2.1251 2.1752, -3.4524 2.0403 2.1752, -3.4356 2.0166 2.1752, -3.4135 1.9977 2.1752, -3.3874 1.9848 2.1752, -3.359 1.9786 2.1752, -3.463 2.0674 0.0197, -3.4665 2.0963 0.0197, -3.4665 2.0963 0.1476, -3.359 1.9786 0.0197, -3.3874 1.9848 0.0197, -3.4135 1.9977 0.0197, -3.4356 2.0166 0.0197, -3.4524 2.0403 0.0197, -3.4665 3.553 0.1476, -3.4665 2.1435 0.0197, -3.7303 3.553 0.1476, -3.7303 3.0963 0.1476, -3.7303 3.0963 0.0197, -3.8484 2.9781 2.1752, -3.7343 3.1268 2.0866, -3.7343 3.0657 2.0866, -3.7343 3.0657 0.0197, -3.7461 3.0372 2.0866, -3.7461 3.0372 0.0197, -3.7649 3.0127 2.0866, -3.7649 3.0127 0.0197, -3.7894 2.994 2.0866, -3.7894 2.994 0.0197, -3.8179 2.9822 2.0866, -3.8179 2.9822 0.0197, -3.8484 2.9781 2.0866, -3.8484 2.9781 0.0197, -3.7303 3.0963 2.0866, -3.879 2.9822 0.0197, -3.9665 3.0963 2.1752, -3.9625 3.0657 2.1752, -3.9625 3.1268 2.1752, -3.9507 3.0372 2.1752, -3.9319 3.0127 2.1752, -3.9075 2.994 2.1752, -3.879 2.9822 2.1752, -3.9625 3.0657 0.0197, -3.9665 3.0963 0.0197, -3.9665 3.0963 0.1476, -3.9075 2.994 0.0197, -3.9319 3.0127 0.0197, -3.9507 3.0372 0.0197, -3.9665 3.553 0.1476, -4.6594 3.0726 0.2953, -4.2067 3.0726 0.2953, -4.6594 3.0726 0.0197, -4.2067 3.0726 0.0197, -4.2067 2.1435 0.0197, -4.2067 1.7616 0.0197, -4.2067 1.7616 0.2953, -0.9902 1.7616 0.2953, -0.9902 1.7616 0.0197, -0.9902 2.1435 0.0197, -0.9902 3.0726 0.2953, -0.9902 3.0726 0.0197, -0.5374 3.0726 0.2953, -0.5374 3.0726 0.0197, -0.5374 2.1435 0.0197, -0.5374 1.2774 0.0197, -0.5374 1.2774 0.2953, -4.6594 1.2774 0.2953, -4.6594 1.2774 0.0197, -4.6594 2.1435 0.0197, -0.059 -0.0002 4.5472, -5.1378 -0.0002 4.5472, -5.2138 3.4742 4.4889, -5.2083 3.4742 4.5022, -5.2075 3.4908 4.5011, -5.206 3.4742 4.5079, -5.1989 3.4742 4.5171, -5.198 3.4917 4.5161, -5.1935 3.4742 4.5242, -5.1864 3.4742 4.5296, -5.1854 3.4917 4.5287, -5.1703 3.4908 4.5383, -5.1536 3.4891 4.5442, -5.1501 3.5032 4.5407, -5.1935 3.5299 4.4685, -5.1959 3.5267 4.4685, -5.1889 3.5325 4.4824, -5.2143 3.4742 4.4855, -5.2135 3.4891 4.4843, -5.2165 3.4742 4.4685, -5.2149 3.4869 4.4685, -5.1976 3.5245 4.4685, -5.206 3.5136 4.4685, -5.2043 3.5158 4.4752, -5.2062 3.5131 4.4685, -5.2117 3.4997 4.4685, -5.1811 3.5394 4.4685, -5.1788 3.5413 4.4724, -5.1772 3.5424 4.4685, -5.175 3.5433 4.4685, -5.1504 3.5513 4.4685, -5.1582 3.5503 4.4685, -5.156 3.5506 4.4741, -5.1609 3.5491 4.4685, -5.1678 3.5449 4.4859, -5.1434 3.5506 4.4867, -5.1416 3.5413 4.5096, -5.1517 3.5325 4.5196, -5.1547 3.4742 4.545, -5.1582 3.4742 4.5446, -5.1715 3.4742 4.5391, -5.1772 3.4742 4.5367, -5.1664 3.5066 4.5343, -5.1444 3.5158 4.535, -5.1813 3.5083 4.5246, -5.1601 3.5207 4.528, -5.1973 3.5207 4.4908, -5.1784 3.5356 4.4965, -5.1551 3.5449 4.4985, -5.1939 3.5083 4.512, -5.1746 3.5232 4.5179, -5.21 3.5032 4.4808, -5.2138 3.4946 4.4685, -5.1657 3.5356 4.5091, -5.1872 3.5232 4.5053, -5.2036 3.5066 4.4971, -5.1582 -3.4746 4.5446, -5.1633 -3.4746 4.5424, -5.1668 -3.4869 4.5407, -5.188 -3.4746 4.5283, -5.1902 -3.4746 4.5267, -5.1961 -3.4885 4.5196, -5.1935 -3.4746 4.5242, -5.2029 -3.4746 4.5118, -5.2049 -3.4785 4.5096, -5.2069 -3.4746 4.5057, -5.2127 -3.4746 4.4917, -5.2142 -3.4802 4.4867, -5.2149 -3.4746 4.4811, -5.2165 -3.4746 4.4685, -5.2149 -3.4872 4.4685, -5.1772 -3.5428 4.4685, -5.1767 -3.543 4.4685, -5.1794 -3.5411 4.4752, -5.1582 -3.5507 4.4685, -5.1504 -3.5517 4.4685, -5.1526 -3.5503 4.4843, -5.188 -3.5344 4.4685, -5.1843 -3.5341 4.4908, -5.1902 -3.5328 4.4685, -5.2029 -3.5179 4.4685, -5.1935 -3.5303 4.4685, -5.1961 -3.5257 4.4824, -5.206 -3.514 4.4685, -5.2049 -3.5157 4.4724, -5.2069 -3.5118 4.4685, -5.2085 -3.5046 4.4859, -5.2127 -3.4978 4.4685, -5.2138 -3.4746 4.4889, -5.2142 -3.4928 4.4741, -5.2138 -3.495 4.4685, -5.1544 -3.5444 4.5011, -5.1553 -3.5348 4.5161, -5.1553 -3.5222 4.5287, -5.2085 -3.492 4.4985, -5.206 -3.4746 4.5079, -5.1544 -3.5072 4.5383, -5.1992 -3.5152 4.4965, -5.1868 -3.524 4.5053, -5.1992 -3.5026 4.5091, -5.1868 -3.5114 4.5179, -5.1843 -3.4969 4.528, -5.1794 -3.4813 4.535, -5.1772 -3.4746 4.5367, -5.1767 -3.4746 4.5369, -5.1504 -3.4746 4.5456, -5.1526 -3.4904 4.5442, -5.1633 -3.5485 4.4685, -5.1668 -3.5468 4.4808, -5.1702 -3.5404 4.4971, -5.1719 -3.5307 4.512, -5.1719 -3.5181 4.5246, -5.1702 -3.5032 4.5343, -5.1378 -3.5533 2.2441, -3.4153 -3.5533 0.0197, -4.0059 -3.5533 0.748, -5.1378 -3.5533 0.0197, -3.4153 -3.2226 0.4724, -3.4153 -3.2226 0.0197, -3.4153 -2.8919 0.0197, -3.4153 -2.8919 0.2461, -3.4153 -3.1636 0.4724, -3.4153 -2.8919 0.4724, -1.7815 -3.2226 0.0197, -1.7815 -3.5533 0.0197, -1.7815 -3.5533 0.3543, -1.7815 -3.1636 0.4724, -1.7815 -3.2226 0.4724, -1.7815 -3.4352 0.4724, -1.7815 -2.8919 0.4724, -1.7815 -2.8919 0.2461, -1.7815 -2.8919 0.0197, -3.7205 0.7931 3.8583, -3.7205 0.7931 2.185, -3.7205 0.9309 2.185, -3.7205 1.2459 3.8583, -3.7205 0.9309 0.6693, -3.7205 0.99 0.6693, -3.7205 0.9309 1.4272, -3.7205 1.2459 0.6693, -3.7205 1.2459 2.2638, -3.7205 0.3404 3.8583, -3.7205 0.3404 2.7165, -3.7205 0.6356 2.185, -3.7205 0.3404 2.185, -3.4842 1.2459 0.6693, -3.4842 1.2459 2.2638, -3.4842 1.2459 3.8583, -3.4842 0.7931 3.8583, -3.4842 0.99 0.6693, -3.4842 0.9309 1.4272, -3.4842 0.9309 0.6693, -3.3189 0.9309 0.6693, -3.3189 0.9309 1.4272, -3.3189 0.7931 3.8583, -3.3189 1.2459 3.8583, -3.3189 0.99 0.6693, -3.3189 1.2459 2.2638, -3.3189 1.2459 0.6693, -3.0827 1.2459 0.6693, -3.0827 1.2459 2.2638, -3.0827 1.2459 3.8583, -3.0827 0.7931 3.8583, -3.0827 0.99 0.6693, -3.0827 0.9309 1.4272, -3.0827 0.9309 0.6693, -2.9173 0.9309 0.6693, -2.9173 0.9309 1.4272, -2.9173 0.7931 3.8583, -2.9173 1.2459 3.8583, -2.9173 0.99 0.6693, -2.9173 1.2459 2.2638, -2.9173 1.2459 0.6693, -2.6811 1.2459 0.6693, -2.6811 1.2459 2.2638, -2.6811 1.2459 3.8583, -2.6811 0.7931 3.8583, -2.6811 0.99 0.6693, -2.6811 0.9309 1.4272, -2.6811 0.9309 0.6693, -2.5157 0.9309 0.6693, -2.5157 0.9309 1.4272, -2.5157 0.7931 3.8583, -2.5157 1.2459 3.8583, -2.5157 0.99 0.6693, -2.5157 1.2459 2.2638, -2.5157 1.2459 0.6693, -2.2795 1.2459 0.6693, -2.2795 1.2459 2.2638, -2.2795 1.2459 3.8583, -2.2795 0.7931 3.8583, -2.2795 0.99 0.6693, -2.2795 0.9309 1.4272, -2.2795 0.9309 0.6693, -2.1142 0.9309 0.6693, -2.1142 0.9309 1.4272, -2.1142 0.7931 3.8583, -2.1142 1.2459 3.8583, -2.1142 0.99 0.6693, -2.1142 1.2459 2.2638, -2.1142 1.2459 0.6693, -1.8779 1.2459 0.6693, -1.8779 1.2459 2.2638, -1.8779 1.2459 3.8583, -1.8779 0.7931 3.8583, -1.8779 0.99 0.6693, -1.8779 0.9309 1.4272, -1.8779 0.9309 0.6693, -1.7126 0.9309 0.6693, -1.7126 0.9309 1.4272, -1.7126 0.7931 3.8583, -1.7126 1.2459 3.8583, -1.7126 0.99 0.6693, -1.7126 1.2459 2.2638, -1.7126 1.2459 0.6693, -1.4764 1.2459 0.6693, -1.4764 1.2459 2.2638, -1.4764 1.2459 3.8583, -1.4764 0.3404 3.8583, -0.689 0.3404 3.8583, -0.689 -1.0947 3.8583, -0.689 -1.5474 3.8583, -1.4764 0.7931 3.8583, -0.689 -1.6065 3.1693, -0.689 -1.5474 3.1693, -0.689 0.3404 3.1693, -0.4528 -3.5533 3.1693, -0.4528 -1.6065 3.1693, -0.4528 0.3404 3.1693, -0.4528 0.3404 2.7165, -0.4528 0.3404 1.811, -0.4528 -1.6065 1.811, -0.4528 -3.5533 1.811, -0.4528 -3.5533 2.2441, -0.689 -1.6065 1.811, -0.689 -1.5474 1.811, -0.689 0.3404 1.811, -1.4764 0.3404 2.7165, -1.4764 0.6356 2.185, -1.4764 0.3404 2.185, -1.4764 0.9309 2.185, -1.4764 0.99 0.6693, -1.4764 0.9309 1.4272, -1.4764 0.9309 0.6693, -1.4764 0.7931 2.185, -0.689 -0.2856 1.3583, -0.689 -0.2856 1.1417, -0.689 -1.5474 1.1417, -0.689 0.3404 1.5748, -0.689 0.0274 1.5748, -0.689 -0.2856 1.5748, -0.689 -1.8604 1.1417, -1.4844 -3.5533 0.3543, -1.1909 -3.5533 0.3543, -1.309 -3.4352 0.4724, -1.4844 -3.4352 0.4724, -1.309 -3.4352 1.1417, -1.1909 -3.5533 1.0236, -0.94 -3.4352 1.1417, -0.94 -3.5533 1.0236, -0.059 -3.5533 0.0197, -0.059 -3.5533 2.2441, -1.1909 -3.5533 0.748, -0.0387 -3.5507 2.2441, -0.0034 -3.5303 2.2441, -0.0197 -3.5428 2.2441, 0.0091 -3.514 2.2441, 0.017 -3.495 2.2441, 0.0197 -3.4746 2.2441, 0.0197 -3.4746 0.0197, 0.017 -3.495 0.0197, 0.0091 -3.514 0.0197, -0.0034 -3.5303 0.0197, -0.0197 -3.5428 0.0197, -0.0387 -3.5507 0.0197, -0.0387 -0.0002 4.5446, -0.0197 -0.0002 4.5367, -0.0034 -0.0002 4.5242, 0.0091 -0.0002 4.5079, 0.017 -0.0002 4.4889, 0.0197 -0.0002 4.4685, -0.0387 3.5503 0.0197, -0.0387 3.5503 2.2441, -0.0197 3.5424 0.0197, -0.0197 3.5424 2.2441, -0.0034 3.5299 0.0197, 0.0197 3.4742 2.2441, 0.0197 3.4742 0.0197, 0.017 3.4946 2.2441, 0.017 3.4946 0.0197, 0.0091 3.5136 2.2441, 0.0091 3.5136 0.0197, -0.0034 3.5299 2.2441, -0.4213 1.2695 0.2461, 0.0197 1.2695 0.2461, -0.4213 1.2695 0.0197, 0.0197 1.2695 0.0197, -0.4213 0.7341 0.3445, -0.4213 0.7341 0.2461, -0.4213 0.7341 0.0197, -0.4213 -1.9904 0.2461, -0.4213 -1.4549 0.2461, -0.4213 -1.9904 0.0197, -0.4213 -1.4549 0.0197, 0.0197 -1.9904 0.2461, 0.0197 -1.9904 0.0197, 0.0197 -2.5041 0.0197, 0.0197 2.1435 0.0197, -3.8878 -1.8604 1.1417, -3.8878 -1.2522 1.1417, -3.8878 -0.2856 1.1417, -3.8878 -0.2856 1.5748, -3.8878 -0.2856 1.3583, -3.8878 0.0274 1.5748, -3.8878 0.3404 1.5748, -3.8878 0.3404 2.185, -3.8878 0.6356 2.185, -3.8878 0.9309 2.185, -3.8878 0.9309 0.6693, -3.8878 0.9309 1.4272, -3.8878 -2.8919 0.4724, -3.8878 -2.8919 0.2461, -3.8878 -2.8919 0.0197, -3.8878 -3.1636 0.4724, -3.8878 -3.4352 0.748, -1.309 -3.1636 0.4724, -1.309 -2.8919 0.4724, -1.309 -2.8919 0.2461, -1.309 -2.8919 0.0197, -1.309 -2.5041 0.0197, -1.309 -1.4549 0.0197, -1.309 -1.4549 0.2461, -4.7756 0.7341 0.3445, -4.7756 0.7341 0.0197, -4.7756 0.7341 0.2461, -3.8878 0.7341 0.6693, -1.309 0.7341 0.6693, -1.309 0.9309 0.6693, -1.309 0.9309 1.4272, -1.309 0.9309 2.185, -1.309 0.3404 2.185, -1.309 0.6356 2.185, -1.309 0.3404 1.5748, -1.309 0.0274 1.5748, -1.309 -0.2856 1.5748, -1.309 -0.2856 1.1417, -1.309 -0.2856 1.3583, -1.309 -1.8604 1.1417, -1.309 -1.2522 1.1417, -1.309 -3.4352 0.748, -4.7756 1.2695 0.2461, -4.7756 1.2695 0.0197, -4.7756 -1.4549 0.0197, -4.7756 -1.9904 0.0197, -4.7756 -1.9904 0.2461, -4.7756 -1.4549 0.2461, -3.8878 -1.4549 0.0197, -3.8878 -1.4549 0.2461, -3.8878 -2.5041 0.0197, -5.2165 1.2695 0.0197, -5.2165 1.2695 0.2461, -5.2138 3.4946 0.0197, -5.206 3.5136 0.0197, -5.1935 3.5299 0.0197, -5.1772 3.5424 0.0197, -5.1582 3.5503 0.0197, -5.2165 2.1435 0.0197, -5.2165 3.4742 0.0197, -5.1582 3.5503 2.2441, -5.1772 3.5424 2.2441, -5.1935 3.5299 2.2441, -5.206 3.5136 2.2441, -5.2138 3.4946 2.2441, -5.2165 3.4742 2.2441, -5.2138 -0.0002 4.4889, -5.2165 -0.0002 4.4685, -5.206 -0.0002 4.5079, -5.1772 -0.0002 4.5367, -5.1935 -0.0002 4.5242, -5.1582 -0.0002 4.5446, -5.2165 -3.4746 2.2441, -5.2138 -3.495 2.2441, -5.1935 -3.5303 2.2441, -5.206 -3.514 2.2441, -5.1772 -3.5428 2.2441, -5.1582 -3.5507 2.2441, -5.1582 -3.5507 0.0197, -5.1772 -3.5428 0.0197, -5.1935 -3.5303 0.0197, -5.206 -3.514 0.0197, -5.2138 -3.495 0.0197, -5.2165 -3.4746 0.0197, -5.2165 -2.5041 0.0197, -5.2165 -1.9904 0.0197, -5.2165 -1.9904 0.2461
            ]
        }
        coordIndex [
            0,1,2,-1,2,1,3,-1,4,5,6,-1,6,5,7,-1,6,7,8,-1,8,9,6,-1,6,9,10,-1,6,10,11,-1,11,10,12,-1,11,12,13,-1,14,15,6,-1,6,15,16,-1,6,16,4,-1,17,18,19,-1,19,18,20,-1,20,21,19,-1,19,21,22,-1,19,22,23,-1,24,25,26,-1,26,25,19,-1,26,19,27,-1,27,19,23,-1,28,29,19,-1,28,19,30,-1,29,31,19,-1,19,31,32,-1,19,32,33,-1,33,34,19,-1,19,34,35,-1,19,35,36,-1,36,37,19,-1,19,37,38,-1,19,38,39,-1,39,40,19,-1,19,40,41,-1,19,41,17,-1,24,42,25,-1,25,42,43,-1,25,43,14,-1,14,43,44,-1,14,44,15,-1,45,46,47,-1,1,48,49,-1,49,50,1,-1,1,50,45,-1,1,45,51,-1,51,45,47,-1,52,53,54,-1,52,54,55,-1,56,57,51,-1,51,57,58,-1,59,60,61,-1,61,60,51,-1,61,51,62,-1,62,51,58,-1,59,63,60,-1,60,63,64,-1,60,64,65,-1,66,54,67,-1,67,54,60,-1,67,60,68,-1,68,60,65,-1,69,70,54,-1,54,70,71,-1,54,71,55,-1,72,69,73,-1,73,69,54,-1,73,54,74,-1,74,54,66,-1,75,76,56,-1,56,76,77,-1,56,77,57,-1,57,77,78,-1,79,80,81,-1,81,80,82,-1,81,82,83,-1,83,84,81,-1,81,84,85,-1,81,85,86,-1,86,85,87,-1,86,87,88,-1,88,87,89,-1,87,90,89,-1,89,90,91,-1,89,91,19,-1,19,91,92,-1,19,92,30,-1,93,94,95,-1,96,97,77,-1,94,98,95,-1,95,98,99,-1,95,99,100,-1,96,77,101,-1,101,77,95,-1,101,95,102,-1,102,95,100,-1,102,100,81,-1,81,100,103,-1,81,103,79,-1,97,104,77,-1,77,104,105,-1,77,105,106,-1,106,107,77,-1,77,107,108,-1,77,108,78,-1,78,108,109,-1,78,109,110,-1,110,109,111,-1,95,112,113,-1,93,95,114,-1,114,95,113,-1,114,113,115,-1,115,113,116,-1,115,116,117,-1,118,119,120,-1,118,120,121,-1,119,122,120,-1,120,122,123,-1,120,123,124,-1,124,125,120,-1,120,125,126,-1,120,126,127,-1,121,120,52,-1,52,120,128,-1,52,128,53,-1,3,1,129,-1,129,1,51,-1,129,51,130,-1,130,51,60,-1,130,60,131,-1,132,133,134,-1,134,135,132,-1,132,135,136,-1,132,136,137,-1,133,132,138,-1,138,132,139,-1,138,139,140,-1,141,142,143,-1,143,142,144,-1,143,144,139,-1,139,144,145,-1,139,145,140,-1,146,147,12,-1,12,147,148,-1,12,148,13,-1,146,149,147,-1,147,149,150,-1,147,150,143,-1,143,150,151,-1,143,151,141,-1,60,152,131,-1,131,152,153,-1,131,153,154,-1,128,155,53,-1,53,155,156,-1,53,156,157,-1,127,117,120,-1,120,117,116,-1,120,116,158,-1,158,116,159,-1,158,159,160,-1,161,162,163,-1,163,164,161,-1,161,164,165,-1,161,165,166,-1,167,168,169,-1,169,168,161,-1,169,161,170,-1,170,161,166,-1,171,172,173,-1,173,172,174,-1,175,171,176,-1,176,171,173,-1,176,173,177,-1,177,173,178,-1,168,179,171,-1,180,181,175,-1,175,181,182,-1,175,182,171,-1,171,182,183,-1,171,183,168,-1,184,185,186,-1,187,188,189,-1,189,188,190,-1,191,192,189,-1,193,194,195,-1,195,194,196,-1,195,196,197,-1,198,199,197,-1,197,199,200,-1,197,200,195,-1,201,202,203,-1,203,202,204,-1,205,206,207,-1,207,206,208,-1,209,210,204,-1,204,210,207,-1,204,207,203,-1,203,207,208,-1,203,208,211,-1,211,208,212,-1,213,214,205,-1,205,214,215,-1,205,215,206,-1,206,215,191,-1,206,191,194,-1,194,191,189,-1,194,189,196,-1,196,189,190,-1,196,190,216,-1,217,218,219,-1,220,221,222,-1,222,221,223,-1,224,218,225,-1,225,218,217,-1,225,217,226,-1,226,217,227,-1,228,229,230,-1,230,229,231,-1,230,231,232,-1,233,234,232,-1,232,234,235,-1,232,235,230,-1,230,235,236,-1,230,236,228,-1,232,237,233,-1,233,237,238,-1,233,238,239,-1,240,241,242,-1,242,241,243,-1,242,243,244,-1,244,243,245,-1,244,245,246,-1,246,245,233,-1,246,233,247,-1,247,233,239,-1,240,248,241,-1,241,248,249,-1,241,249,250,-1,162,161,251,-1,251,161,241,-1,251,241,252,-1,252,241,250,-1,252,250,253,-1,253,254,252,-1,252,254,255,-1,252,255,256,-1,256,257,252,-1,252,257,258,-1,252,258,259,-1,252,260,261,-1,113,262,202,-1,263,264,193,-1,193,264,265,-1,193,265,266,-1,267,263,268,-1,268,263,193,-1,268,193,269,-1,269,193,195,-1,266,270,193,-1,193,270,271,-1,193,271,201,-1,271,272,201,-1,201,272,273,-1,201,273,274,-1,275,276,277,-1,218,278,279,-1,279,278,280,-1,279,280,277,-1,277,280,281,-1,277,281,275,-1,274,282,201,-1,201,282,277,-1,201,277,202,-1,202,277,276,-1,276,283,202,-1,202,283,284,-1,202,284,285,-1,286,222,219,-1,219,222,223,-1,219,223,217,-1,287,222,288,-1,288,222,286,-1,288,286,268,-1,268,286,289,-1,268,289,267,-1,290,291,224,-1,224,291,292,-1,224,292,218,-1,218,292,293,-1,218,293,278,-1,278,293,294,-1,278,294,295,-1,295,294,221,-1,295,221,296,-1,297,298,299,-1,299,298,300,-1,299,300,301,-1,301,302,299,-1,299,302,303,-1,299,303,304,-1,304,303,305,-1,304,305,306,-1,306,307,304,-1,304,307,308,-1,304,308,309,-1,310,311,312,-1,312,311,313,-1,312,313,314,-1,314,313,315,-1,316,317,315,-1,315,317,318,-1,315,318,314,-1,319,320,315,-1,315,320,321,-1,315,321,322,-1,322,323,315,-1,315,323,324,-1,315,324,316,-1,325,326,261,-1,261,326,327,-1,261,327,328,-1,285,252,202,-1,202,252,261,-1,202,261,113,-1,113,261,328,-1,328,329,113,-1,113,329,330,-1,113,330,297,-1,297,299,113,-1,113,299,331,-1,113,331,332,-1,333,334,200,-1,335,174,336,-1,336,174,172,-1,336,172,199,-1,199,172,337,-1,333,200,338,-1,337,339,199,-1,199,339,340,-1,199,340,200,-1,200,340,341,-1,200,341,338,-1,342,220,343,-1,343,220,200,-1,343,200,344,-1,344,200,334,-1,342,345,220,-1,220,345,346,-1,220,346,221,-1,221,346,347,-1,221,347,348,-1,186,349,184,-1,184,349,350,-1,184,350,179,-1,179,350,296,-1,179,296,171,-1,171,296,221,-1,171,221,351,-1,351,221,348,-1,335,352,353,-1,353,354,335,-1,335,354,355,-1,335,355,356,-1,357,358,359,-1,360,361,357,-1,357,361,362,-1,357,362,358,-1,359,363,357,-1,357,363,364,-1,357,364,360,-1,364,365,360,-1,360,365,366,-1,360,366,367,-1,367,368,360,-1,360,368,369,-1,360,369,370,-1,370,371,360,-1,360,371,372,-1,360,372,373,-1,373,374,360,-1,360,374,375,-1,360,375,376,-1,377,378,379,-1,379,378,380,-1,380,378,381,-1,380,381,382,-1,382,383,380,-1,380,383,384,-1,380,384,385,-1,385,386,380,-1,380,386,387,-1,380,387,388,-1,388,389,380,-1,380,389,390,-1,380,390,391,-1,392,393,394,-1,394,393,395,-1,394,395,379,-1,379,395,396,-1,379,396,377,-1,392,397,393,-1,393,397,398,-1,393,398,399,-1,399,398,260,-1,399,260,400,-1,400,260,252,-1,400,252,401,-1,401,252,259,-1,402,403,404,-1,397,405,398,-1,398,405,406,-1,398,406,404,-1,404,406,407,-1,404,407,402,-1,403,402,408,-1,408,402,409,-1,408,409,410,-1,356,411,412,-1,410,409,413,-1,413,409,414,-1,413,414,412,-1,412,414,415,-1,412,415,356,-1,415,416,356,-1,356,416,417,-1,356,417,183,-1,183,417,418,-1,183,418,168,-1,168,418,419,-1,168,419,161,-1,376,420,360,-1,360,420,421,-1,360,421,355,-1,355,421,422,-1,355,422,356,-1,356,422,423,-1,356,423,411,-1,336,424,116,-1,116,424,425,-1,116,425,159,-1,336,426,427,-1,335,336,352,-1,352,336,427,-1,352,427,428,-1,429,430,427,-1,427,430,431,-1,431,432,427,-1,427,432,433,-1,427,433,434,-1,434,435,427,-1,427,435,436,-1,427,436,428,-1,437,438,439,-1,439,438,440,-1,439,440,441,-1,441,442,439,-1,439,442,443,-1,439,443,444,-1,444,443,445,-1,444,445,429,-1,429,445,446,-1,429,446,430,-1,336,116,426,-1,426,116,113,-1,426,113,447,-1,447,113,332,-1,447,332,439,-1,439,332,448,-1,439,448,437,-1,449,450,448,-1,448,450,451,-1,448,451,437,-1,437,451,452,-1,437,452,453,-1,453,452,411,-1,453,411,454,-1,454,411,423,-1,455,456,457,-1,457,456,449,-1,449,456,450,-1,450,456,458,-1,450,458,312,-1,459,460,458,-1,458,460,304,-1,458,304,312,-1,312,304,309,-1,312,309,310,-1,197,461,198,-1,198,461,462,-1,198,462,463,-1,190,464,216,-1,216,464,465,-1,216,465,466,-1,189,467,187,-1,187,467,468,-1,187,468,469,-1,470,471,472,-1,473,474,475,-1,475,474,476,-1,475,476,477,-1,471,478,472,-1,472,478,479,-1,472,479,480,-1,477,470,475,-1,475,470,472,-1,475,472,481,-1,481,472,482,-1,481,482,483,-1,483,482,484,-1,483,484,485,-1,485,484,486,-1,485,486,487,-1,487,488,485,-1,485,488,489,-1,485,489,490,-1,490,489,491,-1,490,491,492,-1,492,493,490,-1,490,493,494,-1,490,494,495,-1,495,494,496,-1,496,497,495,-1,495,497,498,-1,495,498,499,-1,500,501,502,-1,502,503,500,-1,500,503,504,-1,500,504,505,-1,506,507,508,-1,508,507,509,-1,508,509,510,-1,505,506,500,-1,500,506,508,-1,500,508,511,-1,511,508,512,-1,511,512,499,-1,499,512,513,-1,499,513,495,-1,514,515,516,-1,516,515,517,-1,516,517,518,-1,518,517,519,-1,518,519,520,-1,520,519,521,-1,520,521,522,-1,522,521,523,-1,522,523,524,-1,524,523,525,-1,524,525,526,-1,526,525,527,-1,526,527,528,-1,528,527,529,-1,528,529,475,-1,475,529,473,-1,508,510,530,-1,530,510,531,-1,530,531,532,-1,532,531,533,-1,532,533,534,-1,534,533,535,-1,534,535,536,-1,536,535,537,-1,536,537,538,-1,538,537,539,-1,538,539,540,-1,540,539,541,-1,540,541,542,-1,542,541,543,-1,542,543,544,-1,544,543,545,-1,546,474,473,-1,517,547,519,-1,519,547,548,-1,519,548,521,-1,549,525,523,-1,549,523,550,-1,525,549,527,-1,527,549,551,-1,527,551,529,-1,552,547,553,-1,553,547,517,-1,553,517,515,-1,552,554,547,-1,547,554,555,-1,547,555,548,-1,548,555,556,-1,556,557,548,-1,548,557,550,-1,548,550,521,-1,521,550,523,-1,557,558,550,-1,550,558,559,-1,550,559,549,-1,549,559,560,-1,561,551,562,-1,562,551,549,-1,562,549,563,-1,563,549,560,-1,561,564,551,-1,551,564,546,-1,551,546,529,-1,529,546,473,-1,476,474,565,-1,565,474,546,-1,565,546,566,-1,566,546,564,-1,567,568,545,-1,531,569,533,-1,533,569,570,-1,533,570,535,-1,571,539,537,-1,571,537,572,-1,539,571,541,-1,541,571,573,-1,541,573,543,-1,507,569,509,-1,509,569,531,-1,509,531,510,-1,507,574,569,-1,569,574,575,-1,569,575,570,-1,570,575,576,-1,576,577,570,-1,570,577,572,-1,570,572,535,-1,535,572,537,-1,577,578,572,-1,572,578,579,-1,572,579,571,-1,571,579,580,-1,581,573,582,-1,582,573,571,-1,582,571,583,-1,583,571,580,-1,581,584,573,-1,573,584,567,-1,573,567,543,-1,543,567,545,-1,585,568,586,-1,586,568,567,-1,586,567,587,-1,587,567,584,-1,479,588,480,-1,478,471,589,-1,590,591,592,-1,592,591,593,-1,592,593,594,-1,594,593,595,-1,554,552,596,-1,596,552,597,-1,596,597,598,-1,598,597,599,-1,471,470,589,-1,589,470,477,-1,589,477,600,-1,588,479,601,-1,554,596,555,-1,555,596,602,-1,555,602,556,-1,556,602,557,-1,557,602,603,-1,557,603,558,-1,558,603,559,-1,559,603,604,-1,559,604,560,-1,560,604,563,-1,563,604,605,-1,563,605,562,-1,562,605,561,-1,561,605,606,-1,561,606,564,-1,564,606,566,-1,566,606,600,-1,566,600,565,-1,565,600,477,-1,565,477,476,-1,479,478,601,-1,601,478,589,-1,601,589,607,-1,607,589,600,-1,607,600,608,-1,608,600,606,-1,608,606,609,-1,609,606,605,-1,609,605,610,-1,610,605,604,-1,610,604,611,-1,611,604,603,-1,611,603,612,-1,612,603,602,-1,612,602,613,-1,613,602,596,-1,613,596,592,-1,592,596,598,-1,592,598,590,-1,590,598,599,-1,614,615,616,-1,617,618,619,-1,618,620,619,-1,619,620,621,-1,619,621,622,-1,615,614,623,-1,504,503,624,-1,624,503,502,-1,624,502,625,-1,625,502,501,-1,574,507,626,-1,626,507,506,-1,626,506,627,-1,627,506,505,-1,574,626,575,-1,575,626,628,-1,575,628,576,-1,576,628,577,-1,577,628,629,-1,577,629,578,-1,578,629,579,-1,579,629,630,-1,579,630,580,-1,580,630,583,-1,583,630,631,-1,583,631,582,-1,582,631,581,-1,581,631,632,-1,581,632,584,-1,584,632,587,-1,587,632,622,-1,587,622,586,-1,586,622,621,-1,586,621,585,-1,614,617,623,-1,623,617,619,-1,623,619,633,-1,633,619,622,-1,633,622,634,-1,634,622,632,-1,634,632,635,-1,635,632,631,-1,635,631,636,-1,636,631,630,-1,636,630,637,-1,637,630,629,-1,637,629,638,-1,638,629,628,-1,638,628,639,-1,639,628,626,-1,639,626,624,-1,624,626,627,-1,624,627,504,-1,504,627,505,-1,635,636,640,-1,636,637,640,-1,640,637,638,-1,640,638,639,-1,501,500,625,-1,625,500,640,-1,625,640,624,-1,624,640,639,-1,641,616,640,-1,640,616,615,-1,640,615,623,-1,623,633,640,-1,640,633,634,-1,640,634,635,-1,610,611,642,-1,642,611,612,-1,642,612,613,-1,595,643,594,-1,594,643,642,-1,594,642,592,-1,592,642,613,-1,642,472,480,-1,480,588,642,-1,642,588,601,-1,642,601,607,-1,607,608,642,-1,642,608,609,-1,642,609,610,-1,511,499,644,-1,511,644,500,-1,644,645,646,-1,500,644,640,-1,640,644,646,-1,640,646,641,-1,647,648,649,-1,649,648,650,-1,649,650,651,-1,651,650,652,-1,651,652,653,-1,653,652,654,-1,653,654,655,-1,655,654,656,-1,655,656,657,-1,657,656,658,-1,657,658,659,-1,659,658,660,-1,659,660,661,-1,661,660,662,-1,661,662,663,-1,663,662,664,-1,663,664,665,-1,665,664,666,-1,665,666,667,-1,667,666,668,-1,667,668,669,-1,669,668,670,-1,669,670,644,-1,644,670,645,-1,484,647,486,-1,486,647,649,-1,486,649,487,-1,487,649,651,-1,487,651,488,-1,488,651,653,-1,488,653,489,-1,489,653,655,-1,489,655,491,-1,491,655,657,-1,491,657,492,-1,492,657,659,-1,492,659,493,-1,493,659,661,-1,493,661,494,-1,494,661,663,-1,494,663,496,-1,496,663,665,-1,496,665,497,-1,497,665,667,-1,497,667,498,-1,498,667,669,-1,498,669,499,-1,499,669,644,-1,671,648,647,-1,482,472,642,-1,647,484,482,-1,482,642,647,-1,647,642,643,-1,647,643,671,-1,614,616,641,-1,668,666,672,-1,672,666,673,-1,673,666,664,-1,673,664,662,-1,662,660,673,-1,673,660,658,-1,673,658,674,-1,674,658,656,-1,674,656,654,-1,654,652,674,-1,674,652,650,-1,674,650,648,-1,544,641,675,-1,675,641,646,-1,675,646,676,-1,676,646,645,-1,676,645,672,-1,672,645,670,-1,672,670,668,-1,545,568,544,-1,544,568,585,-1,614,641,617,-1,585,621,544,-1,544,621,620,-1,544,620,641,-1,641,620,618,-1,641,618,617,-1,643,595,593,-1,593,591,643,-1,643,591,590,-1,643,590,599,-1,597,552,514,-1,514,552,553,-1,514,553,515,-1,599,597,643,-1,643,597,514,-1,643,514,671,-1,671,514,677,-1,671,677,648,-1,648,677,678,-1,648,678,674,-1,481,483,679,-1,677,514,516,-1,483,485,679,-1,679,485,680,-1,679,680,681,-1,681,680,682,-1,681,682,683,-1,683,682,684,-1,683,684,685,-1,685,684,686,-1,685,686,687,-1,687,686,688,-1,687,688,689,-1,689,688,690,-1,689,690,678,-1,678,690,674,-1,678,677,689,-1,689,677,516,-1,689,516,687,-1,687,516,518,-1,687,518,685,-1,475,481,528,-1,528,481,679,-1,528,679,526,-1,526,679,681,-1,526,681,524,-1,524,681,683,-1,524,683,522,-1,522,683,685,-1,522,685,520,-1,520,685,518,-1,675,676,691,-1,512,508,530,-1,676,672,691,-1,691,672,692,-1,691,692,693,-1,693,692,694,-1,693,694,695,-1,695,694,696,-1,695,696,697,-1,697,696,698,-1,697,698,699,-1,699,698,700,-1,699,700,701,-1,701,700,702,-1,701,702,513,-1,513,702,495,-1,513,512,701,-1,701,512,530,-1,701,530,699,-1,699,530,532,-1,699,532,697,-1,544,675,542,-1,542,675,691,-1,542,691,540,-1,540,691,693,-1,540,693,538,-1,538,693,695,-1,538,695,536,-1,536,695,697,-1,536,697,534,-1,534,697,532,-1,703,704,495,-1,698,696,705,-1,705,696,706,-1,495,702,703,-1,703,702,700,-1,703,700,707,-1,707,700,698,-1,707,698,708,-1,708,698,705,-1,672,709,692,-1,692,709,706,-1,692,706,694,-1,694,706,696,-1,710,711,712,-1,712,711,485,-1,712,485,713,-1,714,688,711,-1,711,688,686,-1,711,686,684,-1,684,682,711,-1,711,682,680,-1,711,680,485,-1,485,490,713,-1,713,490,495,-1,713,495,715,-1,704,703,716,-1,703,707,716,-1,716,707,708,-1,716,708,717,-1,717,708,705,-1,705,706,717,-1,717,706,709,-1,717,709,718,-1,709,672,718,-1,718,672,673,-1,718,673,719,-1,719,673,674,-1,719,674,714,-1,714,674,690,-1,714,690,688,-1,720,721,716,-1,716,721,715,-1,716,715,704,-1,704,715,495,-1,722,723,724,-1,724,723,725,-1,725,723,726,-1,725,726,727,-1,727,728,725,-1,725,728,729,-1,725,729,730,-1,730,729,731,-1,730,731,732,-1,732,733,730,-1,730,733,734,-1,730,734,735,-1,736,737,738,-1,739,740,741,-1,741,740,742,-1,736,738,743,-1,742,743,741,-1,741,743,738,-1,741,738,744,-1,744,738,745,-1,744,745,746,-1,746,745,747,-1,746,747,724,-1,724,747,748,-1,724,748,722,-1,737,749,738,-1,738,749,750,-1,738,750,751,-1,752,753,754,-1,755,756,757,-1,757,756,758,-1,757,758,759,-1,753,760,754,-1,754,760,761,-1,754,761,762,-1,759,752,757,-1,757,752,754,-1,757,754,763,-1,763,754,764,-1,763,764,735,-1,735,764,765,-1,735,765,730,-1,766,767,768,-1,768,767,769,-1,755,757,770,-1,770,757,767,-1,770,767,771,-1,771,767,766,-1,772,773,767,-1,767,773,774,-1,774,775,767,-1,767,775,776,-1,767,776,777,-1,777,778,767,-1,767,778,779,-1,767,779,769,-1,780,781,782,-1,783,784,779,-1,785,774,773,-1,786,787,788,-1,787,789,788,-1,788,789,790,-1,788,790,791,-1,774,785,775,-1,759,758,771,-1,771,758,756,-1,771,756,770,-1,770,756,755,-1,752,792,753,-1,753,792,793,-1,753,793,760,-1,785,786,775,-1,775,786,788,-1,775,788,776,-1,776,788,791,-1,776,791,777,-1,777,791,794,-1,777,794,778,-1,779,784,769,-1,752,759,792,-1,792,759,771,-1,792,771,793,-1,793,771,766,-1,793,766,795,-1,796,794,797,-1,797,794,791,-1,797,791,798,-1,798,791,790,-1,798,790,799,-1,796,800,794,-1,794,800,783,-1,794,783,778,-1,778,783,779,-1,801,784,802,-1,802,784,783,-1,802,783,803,-1,803,783,800,-1,801,780,784,-1,784,780,782,-1,784,782,769,-1,769,782,768,-1,781,804,782,-1,782,804,795,-1,782,795,768,-1,768,795,766,-1,804,805,795,-1,795,805,806,-1,795,806,793,-1,793,806,807,-1,793,807,760,-1,799,808,798,-1,798,808,809,-1,798,809,797,-1,797,809,796,-1,796,809,810,-1,796,810,800,-1,800,810,803,-1,803,810,811,-1,803,811,802,-1,812,813,804,-1,804,781,812,-1,812,781,780,-1,812,780,811,-1,811,780,801,-1,811,801,802,-1,814,761,760,-1,760,807,814,-1,814,807,806,-1,814,806,813,-1,813,806,805,-1,813,805,804,-1,808,815,809,-1,809,815,816,-1,809,816,810,-1,810,816,817,-1,810,817,811,-1,762,761,818,-1,818,761,814,-1,818,814,819,-1,819,814,813,-1,819,813,820,-1,820,813,812,-1,820,812,821,-1,821,812,811,-1,821,811,822,-1,822,811,817,-1,754,762,823,-1,823,762,818,-1,823,818,824,-1,824,818,819,-1,824,819,825,-1,825,819,820,-1,825,820,826,-1,826,820,821,-1,826,821,827,-1,827,821,822,-1,827,822,828,-1,828,822,817,-1,828,817,829,-1,829,817,816,-1,829,816,830,-1,830,816,815,-1,764,754,823,-1,831,832,833,-1,830,831,829,-1,829,831,833,-1,829,833,828,-1,828,833,834,-1,828,834,827,-1,827,834,835,-1,827,835,826,-1,826,835,836,-1,765,764,837,-1,837,764,823,-1,837,823,838,-1,838,823,824,-1,838,824,836,-1,836,824,825,-1,836,825,826,-1,730,765,839,-1,839,765,837,-1,839,837,840,-1,840,837,838,-1,840,838,841,-1,841,838,836,-1,841,836,842,-1,842,836,835,-1,842,835,843,-1,843,835,834,-1,843,834,844,-1,844,834,833,-1,844,833,845,-1,845,833,832,-1,846,847,848,-1,744,746,849,-1,741,744,850,-1,850,744,849,-1,850,849,851,-1,851,849,852,-1,851,852,853,-1,853,852,854,-1,853,854,855,-1,855,854,856,-1,857,846,858,-1,858,846,848,-1,858,848,859,-1,859,848,860,-1,859,860,856,-1,856,860,861,-1,856,861,855,-1,862,857,863,-1,863,857,858,-1,863,858,864,-1,864,858,859,-1,864,859,865,-1,865,859,856,-1,865,856,866,-1,866,856,854,-1,866,854,867,-1,867,854,852,-1,867,852,868,-1,868,852,849,-1,868,849,724,-1,724,849,746,-1,847,869,848,-1,848,869,870,-1,848,870,860,-1,860,870,871,-1,860,871,861,-1,861,871,872,-1,861,872,855,-1,855,872,873,-1,855,873,853,-1,853,873,874,-1,853,874,851,-1,851,874,875,-1,851,875,850,-1,850,875,876,-1,850,876,741,-1,741,876,739,-1,742,740,877,-1,877,740,878,-1,877,878,879,-1,879,878,880,-1,880,878,881,-1,880,881,882,-1,882,881,883,-1,883,881,884,-1,883,884,885,-1,885,884,886,-1,886,884,887,-1,886,887,888,-1,889,890,887,-1,887,890,891,-1,887,891,888,-1,892,893,894,-1,894,895,892,-1,892,895,896,-1,892,896,889,-1,889,896,897,-1,889,897,890,-1,740,739,878,-1,878,739,876,-1,878,876,881,-1,881,876,875,-1,881,875,884,-1,884,875,874,-1,884,874,887,-1,869,893,870,-1,870,893,892,-1,870,892,871,-1,871,892,889,-1,871,889,872,-1,872,889,887,-1,872,887,873,-1,873,887,874,-1,888,891,898,-1,899,900,901,-1,750,902,751,-1,749,737,903,-1,904,905,906,-1,906,905,907,-1,906,907,908,-1,908,907,909,-1,910,911,912,-1,912,911,913,-1,912,913,894,-1,737,736,903,-1,903,736,743,-1,903,743,914,-1,902,750,915,-1,750,749,915,-1,915,749,903,-1,915,903,916,-1,916,903,914,-1,916,914,917,-1,917,914,918,-1,917,918,919,-1,901,900,920,-1,910,904,911,-1,911,904,906,-1,911,906,913,-1,913,906,921,-1,913,921,922,-1,880,918,879,-1,879,918,914,-1,879,914,877,-1,877,914,743,-1,877,743,742,-1,880,882,918,-1,918,882,899,-1,918,899,919,-1,919,899,901,-1,886,900,885,-1,885,900,899,-1,885,899,883,-1,883,899,882,-1,886,888,900,-1,900,888,898,-1,900,898,920,-1,920,898,923,-1,891,890,898,-1,898,890,922,-1,898,922,923,-1,923,922,921,-1,890,897,922,-1,922,897,896,-1,922,896,913,-1,913,896,895,-1,913,895,894,-1,901,920,924,-1,924,920,923,-1,924,923,921,-1,909,925,908,-1,908,925,924,-1,908,924,906,-1,906,924,921,-1,924,738,751,-1,751,902,924,-1,924,902,915,-1,924,915,916,-1,916,917,924,-1,924,917,919,-1,924,919,901,-1,926,927,928,-1,926,928,925,-1,928,747,745,-1,925,928,924,-1,924,928,745,-1,924,745,738,-1,929,735,930,-1,930,735,734,-1,930,734,931,-1,931,734,733,-1,931,733,932,-1,932,733,732,-1,932,732,933,-1,933,732,731,-1,933,731,934,-1,934,731,729,-1,934,729,935,-1,935,729,728,-1,935,728,936,-1,936,728,727,-1,936,727,937,-1,937,727,726,-1,937,726,938,-1,938,726,723,-1,938,723,939,-1,939,723,722,-1,939,722,940,-1,940,722,748,-1,940,748,928,-1,928,748,747,-1,941,929,942,-1,942,929,930,-1,942,930,943,-1,943,930,931,-1,943,931,944,-1,944,931,932,-1,944,932,945,-1,945,932,933,-1,945,933,946,-1,946,933,934,-1,946,934,947,-1,947,934,935,-1,947,935,948,-1,948,935,936,-1,948,936,949,-1,949,936,937,-1,949,937,950,-1,950,937,938,-1,950,938,951,-1,951,938,939,-1,951,939,952,-1,952,939,940,-1,952,940,927,-1,927,940,928,-1,763,735,929,-1,953,772,767,-1,929,941,953,-1,953,767,929,-1,929,767,757,-1,929,757,763,-1,815,808,830,-1,830,808,799,-1,789,787,772,-1,789,772,790,-1,787,786,772,-1,772,786,785,-1,772,785,773,-1,799,790,830,-1,830,790,772,-1,830,772,831,-1,831,772,953,-1,831,953,832,-1,832,953,941,-1,832,941,845,-1,845,941,942,-1,845,942,943,-1,943,944,845,-1,845,944,945,-1,845,945,954,-1,954,945,946,-1,954,946,947,-1,950,862,949,-1,949,862,954,-1,949,954,948,-1,948,954,947,-1,950,951,862,-1,862,951,952,-1,862,952,927,-1,909,907,925,-1,925,907,905,-1,925,905,904,-1,910,912,847,-1,912,894,847,-1,847,894,893,-1,847,893,869,-1,904,910,925,-1,925,910,847,-1,925,847,926,-1,926,847,846,-1,926,846,927,-1,927,846,857,-1,927,857,862,-1,955,956,957,-1,957,956,958,-1,959,960,862,-1,862,960,961,-1,959,962,960,-1,960,962,963,-1,960,963,958,-1,958,963,964,-1,958,964,965,-1,839,840,966,-1,840,841,966,-1,966,841,842,-1,966,842,967,-1,842,843,967,-1,967,843,844,-1,967,844,968,-1,968,844,845,-1,968,845,961,-1,961,845,954,-1,961,954,862,-1,730,969,970,-1,965,971,958,-1,958,971,972,-1,958,972,957,-1,957,972,724,-1,957,724,970,-1,970,724,725,-1,970,725,730,-1,839,966,730,-1,730,966,973,-1,730,973,969,-1,971,965,866,-1,866,965,865,-1,962,959,862,-1,724,972,868,-1,868,972,971,-1,868,971,867,-1,867,971,866,-1,965,964,865,-1,865,964,963,-1,865,963,864,-1,864,963,962,-1,864,962,863,-1,863,962,862,-1,974,975,976,-1,974,976,977,-1,977,976,978,-1,977,978,979,-1,980,981,982,-1,980,982,983,-1,983,982,984,-1,983,984,985,-1,986,987,988,-1,986,988,989,-1,989,988,990,-1,989,990,991,-1,992,993,994,-1,992,994,995,-1,995,994,996,-1,995,996,997,-1,998,999,1000,-1,998,1000,1001,-1,1001,1000,1002,-1,1001,1002,1003,-1,1004,1005,1006,-1,1004,1006,1007,-1,1007,1006,1008,-1,1007,1008,1009,-1,1010,1011,1012,-1,1013,1014,1010,-1,1010,1012,1013,-1,1013,1012,1015,-1,1013,1015,1016,-1,1017,1018,1019,-1,1019,1018,1020,-1,1019,1020,1021,-1,1021,1020,1022,-1,1021,1022,1023,-1,1024,1015,1025,-1,1025,1015,1012,-1,1025,1012,1011,-1,1025,1026,1024,-1,1024,1026,1027,-1,1024,1027,1028,-1,1028,1027,1029,-1,1028,1029,1030,-1,1030,1031,1028,-1,1028,1031,1032,-1,1028,1032,1033,-1,1033,1034,1035,-1,1035,1034,1036,-1,1035,1036,1037,-1,1037,1038,1035,-1,1035,1038,1039,-1,1035,1039,1040,-1,1033,1035,1028,-1,1028,1035,1041,-1,1028,1041,1042,-1,1043,1044,1045,-1,1045,1044,1046,-1,1045,1046,1047,-1,1047,1046,1048,-1,1049,1050,1051,-1,1051,1050,1052,-1,1052,1050,1053,-1,1053,1050,1054,-1,1053,1054,1055,-1,1056,1057,1058,-1,1049,1051,1056,-1,1056,1051,1059,-1,1056,1059,1057,-1,1060,1061,1062,-1,1063,1064,1065,-1,1065,1064,1060,-1,1065,1060,1066,-1,1066,1060,1062,-1,1066,1062,1067,-1,1068,1069,1070,-1,1070,1069,1071,-1,1070,1071,1072,-1,1072,1073,1070,-1,1070,1073,1074,-1,1070,1074,1075,-1,1075,1076,1077,-1,1077,1076,1078,-1,1077,1078,1079,-1,1079,1080,1077,-1,1077,1080,1081,-1,1077,1081,1082,-1,1075,1077,1070,-1,1070,1077,1083,-1,1070,1083,1084,-1,1085,1086,1087,-1,1088,1089,1085,-1,1085,1087,1088,-1,1088,1087,1090,-1,1088,1090,1091,-1,1092,1093,1094,-1,1087,1086,1095,-1,1093,1092,1095,-1,1095,1092,1090,-1,1095,1090,1087,-1,1096,1097,1098,-1,1098,1097,1099,-1,1098,1099,1100,-1,1100,1099,1101,-1,1100,1101,1102,-1,1103,1104,1105,-1,1106,1099,1097,-1,1096,1103,1097,-1,1097,1103,1105,-1,1097,1105,1106,-1,1107,1108,1109,-1,1109,1108,1110,-1,1109,1110,1111,-1,1111,1112,1109,-1,1109,1112,1113,-1,1109,1113,1114,-1,1114,1115,1116,-1,1116,1115,1117,-1,1116,1117,1118,-1,1118,1119,1116,-1,1116,1119,1120,-1,1116,1120,1121,-1,1121,1122,1116,-1,1116,1122,1123,-1,1116,1123,1102,-1,1114,1116,1109,-1,1109,1116,1124,-1,1109,1124,1125,-1,1126,1127,1128,-1,1128,1127,1129,-1,1129,1127,1130,-1,1130,1127,1131,-1,1130,1131,1132,-1,1133,1134,1135,-1,1126,1128,1136,-1,1126,1136,1135,-1,1135,1136,1137,-1,1135,1137,1133,-1,1138,1139,1140,-1,1140,1139,1141,-1,1140,1141,1142,-1,1142,1141,1143,-1,1144,1145,1146,-1,1146,1145,1147,-1,1146,1147,1148,-1,1148,1147,1139,-1,1148,1139,1138,-1,1149,1150,1151,-1,1134,1152,1151,-1,1151,1152,1153,-1,1151,1153,1149,-1,1154,1155,1156,-1,1150,1157,1151,-1,1151,1157,1158,-1,1151,1158,1154,-1,1155,1159,1156,-1,1156,1159,1160,-1,1156,1160,1161,-1,1161,1162,1156,-1,1156,1162,1163,-1,1156,1163,1164,-1,1154,1156,1151,-1,1151,1156,1165,-1,1151,1165,1166,-1,1167,1168,1169,-1,1169,1168,1170,-1,1171,1170,1172,-1,1172,1170,1168,-1,1172,1168,1173,-1,1173,1168,1174,-1,1175,1176,1177,-1,1175,1177,1178,-1,1178,1177,1179,-1,1178,1179,1180,-1,1181,1182,1183,-1,1184,1181,1185,-1,1185,1181,1183,-1,1185,1183,1186,-1,1186,1183,1187,-1,1188,1182,1181,-1,1181,1184,1189,-1,1188,1181,1190,-1,1190,1181,1189,-1,1190,1189,1191,-1,1192,1193,1194,-1,1194,1193,1195,-1,1192,1196,1193,-1,1193,1196,1197,-1,1193,1197,1198,-1,1198,1199,1200,-1,1199,1201,1200,-1,1200,1201,1202,-1,1200,1202,1203,-1,1203,1204,1200,-1,1200,1204,1205,-1,1200,1205,1206,-1,1198,1200,1193,-1,1193,1200,1207,-1,1193,1207,1208,-1,1209,1210,1211,-1,1211,1210,1212,-1,1212,1210,1213,-1,1213,1210,1214,-1,1213,1214,1215,-1,1216,1217,1218,-1,1216,1218,1219,-1,1219,1218,1220,-1,1219,1220,1221,-1,1222,1223,1224,-1,1224,1223,1225,-1,1224,1225,1226,-1,1226,1225,1227,-1,1228,1229,1230,-1,1230,1229,1231,-1,1230,1231,1232,-1,1232,1231,1223,-1,1232,1223,1222,-1,1211,1233,1209,-1,1209,1233,1234,-1,1209,1234,1235,-1,1235,1234,1236,-1,1235,1236,1237,-1,1238,1239,1240,-1,1237,1241,1235,-1,1235,1241,1242,-1,1235,1242,1238,-1,1239,1243,1240,-1,1240,1243,1244,-1,1240,1244,1245,-1,1245,1246,1240,-1,1240,1246,1247,-1,1240,1247,1248,-1,1238,1240,1235,-1,1235,1240,1249,-1,1235,1249,1250,-1,1251,1252,1253,-1,1253,1252,1254,-1,1253,1254,1255,-1,1255,1254,1256,-1,1255,1256,1257,-1,1257,1256,1258,-1,1257,1258,1259,-1,1259,1258,1260,-1,1261,1262,1263,-1,1261,1263,1264,-1,1265,1266,1267,-1,1264,1263,1267,-1,1267,1263,1268,-1,1267,1268,1265,-1,1266,1269,1270,-1,1270,1269,1271,-1,1271,1272,1270,-1,1270,1272,1273,-1,1270,1273,1274,-1,1274,1014,1270,-1,1270,1014,1013,-1,1270,1013,1016,-1,1266,1270,1267,-1,1267,1270,129,-1,1267,129,130,-1,1275,1276,1277,-1,1277,1276,1278,-1,1277,1278,1279,-1,1279,1280,1277,-1,1277,1280,1281,-1,1277,1281,1282,-1,1282,1283,1284,-1,1284,1283,1285,-1,1284,1285,1286,-1,1055,1054,1287,-1,1287,1054,1284,-1,1287,1284,1288,-1,1288,1284,1286,-1,1282,1284,1277,-1,1277,1284,60,-1,1277,60,54,-1,1289,1290,1291,-1,1291,1106,1289,-1,1289,1106,1105,-1,1289,1105,1104,-1,1290,1292,1291,-1,1291,1292,1293,-1,1291,1293,1294,-1,1294,1295,1296,-1,1296,1295,1297,-1,1296,1297,1298,-1,1298,1299,1296,-1,1296,1299,1300,-1,1296,1300,1301,-1,1301,1089,1296,-1,1296,1089,1088,-1,1296,1088,1091,-1,1294,1296,1291,-1,1291,1296,128,-1,1291,128,120,-1,1145,1144,1302,-1,1302,1144,1303,-1,1302,1303,1304,-1,1304,1305,1302,-1,1302,1305,1306,-1,1302,1306,1307,-1,1307,1308,1309,-1,1309,1308,1310,-1,1309,1310,1311,-1,1132,1131,1312,-1,1312,1131,1309,-1,1312,1309,1313,-1,1313,1309,1311,-1,1307,1309,1302,-1,1302,1309,336,-1,1302,336,199,-1,1314,1315,1316,-1,1317,1318,1319,-1,1319,1188,1317,-1,1317,1188,1190,-1,1317,1190,1191,-1,1314,1316,1320,-1,1318,1321,1319,-1,1319,1321,1322,-1,1319,1322,1320,-1,1315,1323,1316,-1,1316,1323,1324,-1,1316,1324,1325,-1,1325,1326,1316,-1,1316,1326,1327,-1,1316,1327,1328,-1,1320,1316,1319,-1,1319,1316,197,-1,1319,197,196,-1,1229,1228,1329,-1,1329,1228,1330,-1,1329,1330,1331,-1,1331,1332,1329,-1,1329,1332,1333,-1,1329,1333,1334,-1,1334,1335,1336,-1,1336,1335,1337,-1,1215,1214,1338,-1,1338,1214,1336,-1,1338,1336,1339,-1,1339,1336,1337,-1,1334,1336,1329,-1,1329,1336,190,-1,1329,190,188,-1,1340,1341,1342,-1,1342,1341,1343,-1,1340,1344,1341,-1,1341,1344,1345,-1,1341,1345,1346,-1,1346,1347,1348,-1,1347,1349,1348,-1,1348,1349,1350,-1,1348,1350,1351,-1,1351,1352,1348,-1,1348,1352,1353,-1,1348,1353,1354,-1,1346,1348,1341,-1,1341,1348,191,-1,1341,191,215,-1,1355,1356,1357,-1,1357,1356,1358,-1,1357,1358,1359,-1,1359,1360,1357,-1,1357,1360,1361,-1,1357,1361,1362,-1,1362,1363,1364,-1,1363,1365,1364,-1,1364,1365,1366,-1,1364,1366,1367,-1,1367,1368,1364,-1,1364,1368,1369,-1,1364,1369,1370,-1,1362,1364,1357,-1,1357,1364,205,-1,1357,205,207,-1,1371,1372,1373,-1,1373,1374,1371,-1,1371,1374,1375,-1,1371,1375,1376,-1,1377,1378,1379,-1,1376,1380,1371,-1,1371,1380,1381,-1,1371,1381,1377,-1,1378,1382,1379,-1,1379,1382,1383,-1,1379,1383,1384,-1,1384,1385,1379,-1,1379,1385,1386,-1,1379,1386,1387,-1,1377,1379,1371,-1,1371,1379,204,-1,1371,204,202,-1,1388,1389,1390,-1,1390,1391,1388,-1,1388,1391,1392,-1,1388,1392,1393,-1,1394,1395,1396,-1,1393,1397,1388,-1,1388,1397,1398,-1,1388,1398,1394,-1,1395,1399,1396,-1,1396,1399,1400,-1,1396,1400,1401,-1,1401,1402,1396,-1,1396,1402,1403,-1,1396,1403,1404,-1,1394,1396,1388,-1,1388,1396,95,-1,1388,95,77,-1,1405,1406,1407,-1,1407,1406,1408,-1,1407,1408,1409,-1,1409,1410,1407,-1,1407,1410,1411,-1,1407,1411,1412,-1,1412,1413,1414,-1,1413,1415,1414,-1,1414,1415,1416,-1,1414,1416,1417,-1,1417,1418,1414,-1,1414,1418,1419,-1,1414,1419,1420,-1,1412,1414,1407,-1,1407,1414,56,-1,1407,56,51,-1,1421,1422,1423,-1,1423,1422,1424,-1,1423,1424,1425,-1,1425,1426,1423,-1,1423,1426,1427,-1,1423,1427,1428,-1,1428,1429,1430,-1,1430,1429,1431,-1,1430,1431,1432,-1,1432,1433,1430,-1,1430,1433,1434,-1,1430,1434,1435,-1,1428,1430,1423,-1,1423,1430,45,-1,1423,45,50,-1,1436,1437,1438,-1,1438,1437,1439,-1,1438,1439,1440,-1,1436,1441,1437,-1,1437,1441,1442,-1,1437,1442,1443,-1,1444,1445,1446,-1,1444,1446,1447,-1,1447,1446,1005,-1,1447,1005,1004,-1,1448,1449,1450,-1,1451,1452,1453,-1,1454,1448,1455,-1,1455,1448,1450,-1,1455,1450,1453,-1,1453,1450,1456,-1,1453,1456,1451,-1,1457,1458,1459,-1,1457,1459,1460,-1,1460,1459,999,-1,1460,999,998,-1,1461,1462,1463,-1,1464,1465,1466,-1,1467,1464,1468,-1,1468,1464,1466,-1,1468,1466,1463,-1,1463,1466,1469,-1,1463,1469,1461,-1,1470,1471,1472,-1,1470,1472,1473,-1,1473,1472,993,-1,1473,993,992,-1,1474,1475,1476,-1,1477,1478,1479,-1,1480,1477,1481,-1,1481,1477,1479,-1,1481,1479,1476,-1,1476,1479,1482,-1,1476,1482,1474,-1,1483,1484,1485,-1,1483,1485,1486,-1,1486,1485,987,-1,1486,987,986,-1,1487,1488,1489,-1,1490,1491,1492,-1,1493,1487,1494,-1,1494,1487,1489,-1,1494,1489,1492,-1,1492,1489,1495,-1,1492,1495,1490,-1,1496,1497,1498,-1,1496,1498,1499,-1,1499,1498,981,-1,1499,981,980,-1,1500,1501,1502,-1,1502,1501,1503,-1,1504,1505,1506,-1,1506,1505,1501,-1,1503,1501,1507,-1,1507,1501,1505,-1,1507,1505,1508,-1,1509,1510,1511,-1,1509,1511,1512,-1,1512,1511,975,-1,1512,975,974,-1,1513,1514,1515,-1,1515,1514,1516,-1,1514,1517,1518,-1,1518,1519,1514,-1,1514,1519,1520,-1,1514,1520,1516,-1,1231,1229,1329,-1,1521,1522,1523,-1,1521,469,1524,-1,1524,1525,1521,-1,1521,1525,1526,-1,1521,1526,1522,-1,187,469,1527,-1,1527,469,1521,-1,1527,1521,1528,-1,1528,1521,1523,-1,1223,1527,1529,-1,1529,1527,1530,-1,188,187,1329,-1,1329,187,1527,-1,1329,1527,1231,-1,1231,1527,1223,-1,1530,1531,1532,-1,976,1533,1529,-1,1530,1532,1529,-1,1529,1532,978,-1,1529,978,976,-1,1510,1534,1511,-1,1511,1534,1533,-1,1511,1533,975,-1,975,1533,976,-1,1218,1217,1529,-1,1249,1240,1535,-1,1535,1240,1248,-1,1535,1248,1533,-1,1533,1248,1221,-1,1533,1221,1529,-1,1529,1221,1220,-1,1529,1220,1218,-1,1217,1227,1529,-1,1529,1227,1225,-1,1529,1225,1223,-1,1531,1536,1537,-1,1531,1537,1532,-1,1532,1537,979,-1,1532,979,978,-1,1538,1509,1512,-1,1538,1512,1539,-1,1539,1512,974,-1,1539,974,977,-1,1536,1540,1537,-1,1537,1540,1541,-1,1537,1541,979,-1,1541,1209,1235,-1,1250,1542,1235,-1,1235,1542,1539,-1,1235,1539,1541,-1,1541,1539,977,-1,1541,977,979,-1,1541,1540,1543,-1,1543,1544,1545,-1,1545,1544,1546,-1,1546,1547,1545,-1,1545,1547,1548,-1,1545,1548,1549,-1,1549,1550,1545,-1,1545,1550,465,-1,1545,465,1543,-1,1543,465,464,-1,1543,464,1336,-1,1336,464,190,-1,1336,1214,1210,-1,1336,1210,1543,-1,1543,1210,1209,-1,1543,1209,1541,-1,1551,465,1552,-1,1552,465,1550,-1,1552,1550,1553,-1,1553,1550,1549,-1,1553,1549,1554,-1,1554,1549,1548,-1,1554,1548,1555,-1,1555,1548,1547,-1,1555,1547,1556,-1,1556,1547,1546,-1,1556,1546,1557,-1,1557,1546,1544,-1,466,1551,1558,-1,1558,1551,1552,-1,1558,1552,1559,-1,1559,1552,1553,-1,1559,1553,1560,-1,1560,1553,1554,-1,1560,1554,1561,-1,1561,1554,1555,-1,1561,1555,1562,-1,1562,1555,1556,-1,1562,1556,1563,-1,1563,1556,1557,-1,1561,1562,1564,-1,1564,1562,1563,-1,1564,1563,1565,-1,1558,1559,1564,-1,1564,1559,1560,-1,1564,1560,1561,-1,1558,1564,466,-1,466,1564,1565,-1,466,1565,216,-1,216,1565,1319,-1,216,1319,196,-1,1188,1319,1182,-1,1182,1319,1565,-1,1182,1565,1566,-1,1566,1565,1567,-1,984,1566,1568,-1,1568,1566,1567,-1,1568,1567,1569,-1,1497,1570,1498,-1,1498,1570,1571,-1,1498,1571,981,-1,981,1571,1566,-1,981,1566,982,-1,982,1566,984,-1,1177,1176,1566,-1,1200,1206,1180,-1,1572,1207,1200,-1,1572,1200,1571,-1,1571,1200,1180,-1,1571,1180,1566,-1,1566,1180,1179,-1,1566,1179,1177,-1,1176,1187,1566,-1,1566,1187,1183,-1,1566,1183,1182,-1,1569,1573,1574,-1,1569,1574,1568,-1,1568,1574,985,-1,1568,985,984,-1,1575,1496,1499,-1,1575,1499,1576,-1,980,983,1577,-1,1573,1578,1574,-1,1574,1578,1577,-1,1574,1577,985,-1,985,1577,983,-1,1167,1577,1168,-1,1168,1577,1174,-1,1576,1193,1579,-1,1579,1193,1208,-1,1499,980,1576,-1,1576,980,1577,-1,1576,1577,1193,-1,1193,1577,1167,-1,1193,1167,1195,-1,1327,1326,1580,-1,1580,1174,1581,-1,1581,1174,1577,-1,1581,1577,1578,-1,1580,1581,1327,-1,1327,1581,1582,-1,1327,1582,1328,-1,1328,1582,1583,-1,461,197,1316,-1,461,1316,462,-1,1583,1584,1585,-1,1585,1584,1586,-1,1586,1587,1585,-1,1585,1587,1588,-1,1585,1588,1589,-1,1589,1590,1585,-1,1585,1590,462,-1,1585,462,1583,-1,1583,462,1316,-1,1583,1316,1328,-1,1591,462,1592,-1,1592,462,1590,-1,1592,1590,1593,-1,1593,1590,1589,-1,1593,1589,1594,-1,1594,1589,1588,-1,1594,1588,1595,-1,1595,1588,1587,-1,1595,1587,1596,-1,1596,1587,1586,-1,1596,1586,1597,-1,1597,1586,1584,-1,463,1591,1598,-1,1598,1591,1592,-1,1598,1592,1599,-1,1599,1592,1593,-1,1599,1593,1600,-1,1600,1593,1594,-1,1600,1594,1601,-1,1601,1594,1595,-1,1601,1595,1602,-1,1602,1595,1596,-1,1602,1596,1603,-1,1603,1596,1597,-1,1147,1145,1302,-1,1604,1601,1602,-1,1604,463,1598,-1,1598,1599,1604,-1,1604,1599,1600,-1,1604,1600,1601,-1,198,463,1605,-1,1605,463,1604,-1,1605,1604,1603,-1,1603,1604,1602,-1,1139,1605,1606,-1,1606,1605,1607,-1,199,198,1302,-1,1302,198,1605,-1,1302,1605,1147,-1,1147,1605,1139,-1,1141,1139,1606,-1,990,1606,1608,-1,1608,1606,1607,-1,1608,1607,1609,-1,1484,1610,1485,-1,1485,1610,1611,-1,1485,1611,987,-1,987,1611,988,-1,1165,1156,1612,-1,1612,1156,1611,-1,990,988,1606,-1,1606,988,1611,-1,1606,1611,1613,-1,1613,1611,1156,-1,1613,1156,1164,-1,1143,1141,1614,-1,1614,1141,1606,-1,1614,1606,1615,-1,1615,1606,1613,-1,1609,1616,1617,-1,1609,1617,1608,-1,1608,1617,991,-1,1608,991,990,-1,1618,1483,1486,-1,1618,1486,1619,-1,1619,1486,986,-1,1619,986,989,-1,1616,1620,1617,-1,1617,1620,1621,-1,1617,1621,991,-1,1126,1135,1621,-1,1621,1135,1134,-1,1621,1134,1151,-1,1166,1622,1151,-1,1151,1622,1619,-1,1151,1619,1621,-1,1621,1619,989,-1,1621,989,991,-1,1621,1620,1623,-1,1623,1624,1625,-1,1625,1624,1626,-1,1626,1627,1625,-1,1625,1627,1628,-1,1625,1628,1629,-1,1629,1630,1625,-1,1625,1630,425,-1,1625,425,1623,-1,1623,425,424,-1,1623,424,1309,-1,1309,424,336,-1,1621,1623,1126,-1,1126,1623,1127,-1,1127,1623,1309,-1,1127,1309,1131,-1,159,425,1631,-1,1631,425,1630,-1,1631,1630,1632,-1,1632,1630,1629,-1,1632,1629,1633,-1,1633,1629,1628,-1,1633,1628,1634,-1,1634,1628,1627,-1,1634,1627,1635,-1,1635,1627,1626,-1,1635,1626,1636,-1,1636,1626,1624,-1,160,159,1637,-1,1637,159,1631,-1,1637,1631,1638,-1,1638,1631,1632,-1,1638,1632,1639,-1,1639,1632,1633,-1,1639,1633,1640,-1,1640,1633,1634,-1,1640,1634,1641,-1,1641,1634,1635,-1,1641,1635,1642,-1,1642,1635,1636,-1,1640,1641,1643,-1,1643,1641,1642,-1,1643,1642,1644,-1,1637,1638,1643,-1,1643,1638,1639,-1,1643,1639,1640,-1,1637,1643,160,-1,160,1643,1644,-1,160,1644,158,-1,158,1644,1291,-1,158,1291,120,-1,1106,1291,1099,-1,1099,1291,1644,-1,1099,1644,1645,-1,1645,1644,1646,-1,1101,1099,1645,-1,996,1645,1647,-1,1647,1645,1646,-1,1647,1646,1648,-1,1471,1649,1472,-1,1472,1649,1650,-1,1472,1650,993,-1,993,1650,1645,-1,993,1645,994,-1,994,1645,996,-1,1124,1116,1651,-1,1651,1116,1650,-1,1650,1116,1645,-1,1645,1116,1102,-1,1645,1102,1101,-1,1648,1652,1653,-1,1648,1653,1647,-1,1647,1653,997,-1,1647,997,996,-1,1654,1470,1473,-1,1654,1473,1655,-1,992,995,1656,-1,1652,1657,1653,-1,1653,1657,1656,-1,1653,1656,997,-1,997,1656,995,-1,1092,1094,1658,-1,1656,1090,1092,-1,1092,1658,1656,-1,1656,1658,1659,-1,1656,1659,1660,-1,1655,1109,1661,-1,1661,1109,1125,-1,1473,992,1655,-1,1655,992,1656,-1,1655,1656,1109,-1,1109,1656,1660,-1,1109,1660,1107,-1,1656,1657,1662,-1,155,128,1296,-1,155,1296,156,-1,1662,1663,1664,-1,1664,1665,1666,-1,1663,1667,1664,-1,1664,1667,1668,-1,1664,1668,1665,-1,1656,1662,1090,-1,1091,1090,1296,-1,1296,1090,1662,-1,1296,1662,156,-1,156,1662,1664,-1,156,1664,1669,-1,1669,1664,1666,-1,1670,156,1671,-1,1671,156,1669,-1,1671,1669,1672,-1,1672,1669,1666,-1,1672,1666,1673,-1,1673,1666,1665,-1,1673,1665,1674,-1,1674,1665,1668,-1,1674,1668,1675,-1,1675,1668,1667,-1,1675,1667,1676,-1,1676,1667,1663,-1,157,1670,1677,-1,1677,1670,1671,-1,1677,1671,1678,-1,1678,1671,1672,-1,1678,1672,1679,-1,1679,1672,1673,-1,1679,1673,1680,-1,1680,1673,1674,-1,1680,1674,1681,-1,1681,1674,1675,-1,1681,1675,1682,-1,1682,1675,1676,-1,1683,1275,1277,-1,1684,1680,1681,-1,1684,157,1677,-1,1677,1678,1684,-1,1684,1678,1679,-1,1684,1679,1680,-1,53,157,1685,-1,1685,157,1684,-1,1685,1684,1682,-1,1682,1684,1681,-1,54,53,1277,-1,1277,53,1685,-1,1277,1685,1683,-1,1683,1685,1686,-1,1276,1275,1687,-1,1687,1275,1683,-1,1688,1689,1686,-1,1686,1689,1061,-1,1686,1061,1683,-1,1683,1061,1690,-1,1683,1690,1687,-1,1688,1691,1692,-1,1000,1693,1689,-1,1688,1692,1689,-1,1689,1692,1002,-1,1689,1002,1000,-1,1458,1694,1459,-1,1459,1694,1693,-1,1459,1693,999,-1,999,1693,1000,-1,1083,1077,1695,-1,1695,1077,1082,-1,1695,1082,1693,-1,1693,1082,1067,-1,1693,1067,1689,-1,1689,1067,1696,-1,1689,1696,1061,-1,1691,1697,1698,-1,1691,1698,1692,-1,1692,1698,1003,-1,1692,1003,1002,-1,998,1699,1460,-1,1460,1699,1700,-1,1460,1700,1457,-1,1697,1701,1698,-1,1698,1701,1702,-1,1698,1702,1003,-1,1003,1702,1001,-1,1056,1058,1043,-1,1702,1049,1056,-1,1047,1048,1702,-1,1056,1043,1702,-1,1702,1043,1045,-1,1702,1045,1047,-1,1699,1070,1703,-1,1703,1070,1084,-1,998,1001,1699,-1,1699,1001,1702,-1,1699,1702,1070,-1,1070,1702,1048,-1,1070,1048,1068,-1,1702,1701,1704,-1,1704,1705,1706,-1,1706,1705,1707,-1,1707,1708,1706,-1,1706,1708,1709,-1,1706,1709,1710,-1,1710,1711,1706,-1,1706,1711,153,-1,1706,153,1704,-1,1704,153,152,-1,1704,152,1284,-1,1284,152,60,-1,1702,1704,1049,-1,1049,1704,1050,-1,1050,1704,1284,-1,1050,1284,1054,-1,1712,153,1713,-1,1713,153,1711,-1,1713,1711,1714,-1,1714,1711,1710,-1,1714,1710,1715,-1,1715,1710,1709,-1,1715,1709,1716,-1,1716,1709,1708,-1,1716,1708,1717,-1,1717,1708,1707,-1,1717,1707,1718,-1,1718,1707,1705,-1,154,1712,1719,-1,1719,1712,1713,-1,1719,1713,1720,-1,1720,1713,1714,-1,1720,1714,1721,-1,1721,1714,1715,-1,1721,1715,1722,-1,1722,1715,1716,-1,1722,1716,1723,-1,1723,1716,1717,-1,1723,1717,1724,-1,1724,1717,1718,-1,1267,130,131,-1,1723,1725,1722,-1,1722,1725,1721,-1,154,1719,1725,-1,1725,1719,1720,-1,1725,1720,1721,-1,131,154,1726,-1,1726,154,1725,-1,1726,1725,1724,-1,1724,1725,1723,-1,131,1726,1267,-1,1267,1726,1727,-1,1267,1727,1264,-1,1727,1728,1264,-1,1264,1728,1261,-1,1728,1729,1730,-1,1262,1261,1731,-1,1731,1261,1728,-1,1731,1728,1023,-1,1023,1728,1730,-1,1021,1023,1730,-1,1008,1730,1732,-1,1732,1730,1729,-1,1732,1729,1733,-1,1445,1734,1446,-1,1446,1734,1735,-1,1446,1735,1005,-1,1005,1735,1730,-1,1005,1730,1006,-1,1006,1730,1008,-1,1035,1040,1017,-1,1736,1041,1035,-1,1736,1035,1735,-1,1735,1035,1017,-1,1735,1017,1730,-1,1730,1017,1019,-1,1730,1019,1021,-1,1733,1737,1738,-1,1733,1738,1732,-1,1732,1738,1009,-1,1732,1009,1008,-1,1739,1444,1447,-1,1739,1447,1740,-1,1004,1007,1741,-1,1737,1742,1738,-1,1738,1742,1741,-1,1738,1741,1009,-1,1009,1741,1007,-1,1028,1042,1743,-1,1447,1004,1740,-1,1740,1004,1741,-1,1740,1741,1743,-1,1743,1741,1024,-1,1743,1024,1028,-1,1015,1024,1741,-1,1015,1741,1744,-1,1744,1741,1742,-1,1744,1742,1745,-1,3,129,1270,-1,3,1270,2,-1,1746,1747,1748,-1,1748,1749,1750,-1,1747,1751,1748,-1,1748,1751,1752,-1,1748,1752,1749,-1,1750,1753,1748,-1,1748,1753,2,-1,1748,2,1746,-1,1746,2,1270,-1,1746,1270,1016,-1,1016,1015,1746,-1,1746,1015,1744,-1,1746,1744,1745,-1,0,1754,1755,-1,1755,1754,1756,-1,1755,1756,1757,-1,1757,1756,1758,-1,1759,1760,1761,-1,1761,1760,1762,-1,1761,1762,1763,-1,1763,1762,1764,-1,1763,1764,1756,-1,1756,1764,1765,-1,1756,1765,1758,-1,1766,1767,1768,-1,1768,1767,1769,-1,1768,1769,1770,-1,1770,1769,1771,-1,1770,1771,1761,-1,1761,1771,1772,-1,1761,1772,1759,-1,1766,1768,1773,-1,1773,1768,1774,-1,1773,1774,1775,-1,1747,1774,1751,-1,1751,1774,1768,-1,1751,1768,1752,-1,1752,1768,1770,-1,1752,1770,1749,-1,1749,1770,1761,-1,1749,1761,1750,-1,1750,1761,1763,-1,1750,1763,1753,-1,1753,1763,1756,-1,1753,1756,2,-1,2,1756,1754,-1,1776,1777,1778,-1,1778,1777,1779,-1,1778,1779,1780,-1,1780,1779,1781,-1,1782,1783,1784,-1,1784,1785,1782,-1,1782,1785,1786,-1,1782,1786,1779,-1,1779,1786,1787,-1,1779,1787,1781,-1,1788,1789,1783,-1,1783,1789,1790,-1,1783,1790,1784,-1,1791,1792,1793,-1,1793,1792,1794,-1,1793,1794,1788,-1,1788,1794,1795,-1,1788,1795,1789,-1,1791,1793,1796,-1,1796,1793,1797,-1,1796,1797,468,-1,469,1797,1524,-1,1524,1797,1793,-1,1524,1793,1525,-1,1525,1793,1788,-1,1525,1788,1526,-1,1526,1788,1783,-1,1526,1783,1522,-1,1522,1783,1782,-1,1522,1782,1523,-1,1523,1782,1779,-1,1523,1779,1528,-1,1528,1779,1777,-1,1798,1799,1800,-1,1800,1801,1798,-1,1798,1801,1802,-1,1798,1802,1803,-1,1804,1805,1806,-1,1806,1807,1804,-1,1804,1807,1808,-1,1804,1808,1809,-1,1810,1811,1812,-1,1813,1814,1815,-1,1816,1817,1818,-1,1819,1820,1821,-1,1822,1823,1824,-1,1821,1820,1825,-1,1826,1813,1824,-1,1824,1813,1815,-1,1824,1815,1822,-1,1822,1815,1827,-1,1814,1810,1815,-1,1815,1810,1812,-1,1815,1812,1827,-1,1827,1812,1828,-1,1811,1829,1812,-1,1812,1829,1819,-1,1812,1819,1828,-1,1828,1819,1821,-1,1830,1820,1831,-1,1831,1820,1819,-1,1831,1819,1832,-1,1832,1819,1829,-1,1830,1833,1820,-1,1820,1833,1816,-1,1820,1816,1825,-1,1825,1816,1818,-1,1834,1817,1835,-1,1835,1817,1816,-1,1835,1816,1836,-1,1836,1816,1833,-1,1837,1838,1839,-1,1840,1841,1842,-1,1842,1841,1843,-1,1842,1843,1839,-1,1839,1843,1844,-1,1839,1844,1837,-1,1845,1846,1847,-1,1848,1849,1850,-1,1850,1849,1851,-1,1850,1851,1847,-1,1847,1851,1852,-1,1847,1852,1845,-1,1853,1854,1855,-1,1856,1857,1858,-1,1858,1857,1859,-1,1858,1859,1855,-1,1855,1859,1860,-1,1855,1860,1853,-1,1861,1862,1863,-1,1864,1865,1866,-1,1866,1865,1867,-1,1866,1867,1863,-1,1863,1867,1868,-1,1863,1868,1861,-1,1869,1870,1871,-1,1872,1873,1874,-1,1874,1873,1875,-1,1874,1875,1871,-1,1871,1875,1876,-1,1871,1876,1869,-1,1514,1513,1877,-1,1878,1879,1517,-1,1517,1514,1878,-1,1878,1514,1877,-1,1878,1877,1880,-1,1825,1818,1881,-1,1825,1881,1821,-1,1881,1823,1822,-1,1822,1827,1881,-1,1881,1827,1828,-1,1881,1828,1821,-1,1818,1882,1881,-1,1881,1882,1880,-1,1881,1880,1823,-1,1823,1880,1877,-1,1883,1519,1518,-1,1883,1518,1884,-1,1884,1518,1517,-1,1884,1517,1879,-1,1883,1885,1519,-1,1519,1885,1886,-1,1519,1886,1520,-1,1534,1515,1533,-1,1533,1515,1516,-1,1533,1516,1535,-1,1535,1516,1520,-1,1535,1520,1249,-1,1249,1520,1886,-1,1885,1887,1888,-1,1885,1888,1886,-1,1886,1888,1250,-1,1886,1250,1249,-1,1887,1889,1888,-1,1888,1889,1504,-1,1888,1504,1250,-1,1250,1504,1506,-1,1500,1538,1501,-1,1501,1538,1539,-1,1501,1539,1506,-1,1506,1539,1542,-1,1506,1542,1250,-1,1890,1508,1505,-1,1890,1505,1891,-1,1891,1505,1504,-1,1891,1504,1889,-1,1890,1892,1508,-1,1508,1892,1893,-1,1508,1893,1507,-1,1570,1502,1571,-1,1571,1502,1503,-1,1571,1503,1572,-1,1572,1503,1507,-1,1572,1507,1207,-1,1207,1507,1893,-1,1892,1894,1895,-1,1892,1895,1893,-1,1893,1895,1208,-1,1893,1208,1207,-1,1894,1896,1895,-1,1895,1896,1493,-1,1895,1493,1208,-1,1208,1493,1494,-1,1208,1494,1579,-1,1579,1494,1492,-1,1579,1492,1576,-1,1576,1492,1491,-1,1576,1491,1575,-1,1897,1488,1487,-1,1897,1487,1898,-1,1898,1487,1493,-1,1898,1493,1896,-1,1488,1897,1899,-1,1610,1490,1611,-1,1611,1490,1495,-1,1611,1495,1612,-1,1612,1495,1489,-1,1612,1489,1165,-1,1165,1489,1488,-1,1165,1488,1900,-1,1900,1488,1899,-1,1899,1901,1902,-1,1899,1902,1900,-1,1900,1902,1166,-1,1900,1166,1165,-1,1901,1903,1902,-1,1902,1903,1480,-1,1902,1480,1166,-1,1166,1480,1481,-1,1166,1481,1622,-1,1622,1481,1476,-1,1622,1476,1619,-1,1619,1476,1475,-1,1619,1475,1618,-1,1904,1478,1477,-1,1904,1477,1905,-1,1905,1477,1480,-1,1905,1480,1903,-1,1478,1904,1906,-1,1649,1474,1650,-1,1650,1474,1482,-1,1650,1482,1651,-1,1651,1482,1479,-1,1651,1479,1124,-1,1124,1479,1478,-1,1124,1478,1907,-1,1907,1478,1906,-1,1906,1908,1909,-1,1906,1909,1907,-1,1907,1909,1125,-1,1907,1125,1124,-1,1908,1910,1909,-1,1909,1910,1467,-1,1909,1467,1125,-1,1125,1467,1468,-1,1125,1468,1661,-1,1661,1468,1463,-1,1661,1463,1655,-1,1655,1463,1462,-1,1655,1462,1654,-1,1911,1465,1464,-1,1911,1464,1912,-1,1912,1464,1467,-1,1912,1467,1910,-1,1911,1913,1465,-1,1465,1913,1914,-1,1465,1914,1466,-1,1694,1461,1693,-1,1693,1461,1469,-1,1693,1469,1695,-1,1695,1469,1466,-1,1695,1466,1083,-1,1083,1466,1914,-1,1913,1915,1916,-1,1913,1916,1914,-1,1914,1916,1084,-1,1914,1084,1083,-1,1915,1917,1916,-1,1916,1917,1454,-1,1916,1454,1084,-1,1084,1454,1455,-1,1084,1455,1703,-1,1703,1455,1453,-1,1703,1453,1699,-1,1699,1453,1452,-1,1699,1452,1700,-1,1918,1449,1448,-1,1918,1448,1919,-1,1919,1448,1454,-1,1919,1454,1917,-1,1449,1918,1920,-1,1734,1451,1735,-1,1735,1451,1456,-1,1735,1456,1736,-1,1736,1456,1450,-1,1736,1450,1041,-1,1041,1450,1449,-1,1041,1449,1921,-1,1921,1449,1920,-1,1920,1922,1923,-1,1920,1923,1921,-1,1921,1923,1042,-1,1921,1042,1041,-1,1922,1924,1923,-1,1923,1924,1441,-1,1923,1441,1042,-1,1042,1441,1436,-1,1042,1436,1743,-1,1743,1436,1438,-1,1743,1438,1740,-1,1740,1438,1440,-1,1740,1440,1739,-1,1925,1443,1442,-1,1925,1442,1926,-1,1926,1442,1441,-1,1926,1441,1924,-1,1870,1869,1927,-1,1870,1927,1928,-1,1928,1927,1929,-1,1928,1929,1930,-1,1862,1861,1931,-1,1862,1931,1932,-1,1932,1931,1933,-1,1932,1933,1934,-1,1854,1853,1935,-1,1854,1935,1936,-1,1936,1935,1937,-1,1936,1937,1938,-1,1846,1845,1939,-1,1846,1939,1940,-1,1940,1939,1941,-1,1940,1941,1942,-1,1838,1837,1943,-1,1838,1943,1944,-1,1944,1943,1945,-1,1944,1945,1946,-1,1947,1800,1799,-1,1799,1948,1947,-1,1947,1948,1880,-1,1947,1880,1882,-1,1949,1950,1951,-1,1951,1952,1949,-1,1949,1952,1953,-1,1949,1953,1954,-1,1955,1956,1957,-1,1957,1958,1955,-1,1955,1958,1959,-1,1955,1959,1960,-1,1961,1957,1956,-1,1956,1962,1961,-1,1961,1962,1963,-1,1961,1963,1964,-1,1443,1925,1965,-1,1966,1439,1437,-1,1964,1966,1965,-1,1965,1966,1437,-1,1965,1437,1443,-1,1967,1968,1969,-1,1969,1968,1970,-1,1971,1972,1969,-1,1969,1972,1973,-1,1969,1973,1967,-1,1970,1974,1969,-1,1969,1974,1966,-1,1969,1966,1971,-1,1971,1966,1964,-1,1971,1964,1963,-1,1975,1976,1977,-1,1977,1976,1978,-1,1977,1978,1979,-1,1979,1978,1980,-1,1980,1978,1981,-1,1980,1981,1982,-1,1982,1981,1983,-1,1983,1981,1984,-1,1983,1984,1985,-1,1985,1984,1986,-1,1986,1984,1987,-1,1986,1987,1988,-1,1988,1987,1989,-1,1989,1987,1990,-1,1989,1990,1991,-1,1991,1990,1992,-1,1992,1990,1993,-1,1992,1993,1994,-1,1971,1993,1972,-1,1972,1993,1990,-1,1972,1990,1973,-1,1973,1990,1987,-1,1973,1987,1967,-1,1967,1987,1984,-1,1967,1984,1968,-1,1968,1984,1981,-1,1968,1981,1970,-1,1970,1981,1978,-1,1970,1978,1974,-1,1974,1978,1976,-1,1979,1980,1995,-1,1982,1983,1996,-1,1985,1986,1997,-1,1998,1999,2000,-1,2001,2002,2003,-1,1977,2004,1975,-1,1975,2004,2005,-1,2006,2007,2008,-1,2008,2007,2009,-1,2008,2009,2010,-1,2011,2012,2013,-1,2013,2012,2014,-1,2015,2016,2017,-1,2017,2016,2018,-1,2019,2020,2021,-1,2021,2020,2022,-1,2021,2022,2023,-1,2024,2025,2026,-1,2027,2028,2029,-1,2000,2030,2031,-1,2030,2000,2032,-1,2032,2000,1999,-1,2032,1999,2033,-1,1994,2033,1992,-1,1992,2033,1999,-1,1992,1999,1991,-1,1991,1999,1998,-1,1991,1998,1989,-1,1989,1998,1988,-1,1986,1988,1997,-1,1997,1988,1998,-1,1997,1998,2034,-1,2034,1998,2000,-1,2034,2000,2035,-1,2035,2000,2031,-1,2035,2031,2036,-1,2015,2037,2016,-1,2016,2037,2021,-1,2016,2021,2018,-1,2018,2021,2023,-1,1983,1985,1996,-1,1996,1985,1997,-1,1996,1997,2038,-1,2038,1997,2034,-1,2038,2034,2039,-1,2039,2034,2035,-1,2039,2035,2040,-1,2040,2035,2036,-1,2015,2014,2037,-1,2037,2014,2012,-1,2037,2012,2003,-1,2003,2012,2011,-1,2003,2011,2001,-1,2002,2041,2003,-1,2003,2041,2042,-1,2003,2042,2037,-1,2037,2042,2043,-1,2037,2043,2021,-1,2021,2043,2044,-1,2021,2044,2019,-1,1980,1982,1995,-1,1995,1982,1996,-1,1995,1996,2045,-1,2045,1996,2038,-1,2045,2038,2046,-1,2046,2038,2039,-1,2046,2039,2027,-1,2027,2039,2040,-1,2027,2040,2028,-1,2002,2006,2041,-1,2041,2006,2008,-1,2041,2008,2047,-1,2047,2008,2010,-1,2047,2010,2048,-1,2026,2044,2024,-1,2024,2044,2043,-1,2024,2043,2049,-1,2049,2043,2042,-1,2049,2042,2050,-1,2050,2042,2041,-1,2050,2041,2051,-1,2051,2041,2047,-1,2051,2047,2004,-1,2004,2047,2048,-1,2004,2048,2005,-1,1977,1979,2004,-1,2004,1979,1995,-1,2004,1995,2051,-1,2051,1995,2045,-1,2051,2045,2050,-1,2050,2045,2046,-1,2050,2046,2049,-1,2049,2046,2027,-1,2049,2027,2024,-1,2024,2027,2029,-1,2024,2029,2025,-1,2052,2053,2054,-1,2055,2056,2057,-1,2058,2059,2060,-1,2061,2062,2063,-1,1771,1769,2064,-1,1766,1773,2065,-1,2065,1773,1775,-1,1771,2064,1772,-1,1772,2064,2066,-1,1772,2066,1759,-1,1762,1760,2067,-1,1764,2068,1765,-1,1765,2068,2069,-1,1765,2069,1758,-1,1757,2070,1755,-1,1755,2070,2063,-1,1755,2063,0,-1,2062,2071,2063,-1,2063,2071,2072,-1,2063,2072,0,-1,1775,2073,2065,-1,2065,2073,2074,-1,2065,2074,2075,-1,2074,2076,2075,-1,2075,2076,2077,-1,2075,2077,2078,-1,2077,2079,2078,-1,2078,2079,2080,-1,2078,2080,2081,-1,1757,1758,2070,-1,2070,1758,2069,-1,2070,2069,2063,-1,2063,2069,2082,-1,2063,2082,2061,-1,2061,2082,2060,-1,2061,2060,2083,-1,2083,2060,2059,-1,2080,2084,2081,-1,2081,2084,2085,-1,2081,2085,2086,-1,1760,1759,2067,-1,2067,1759,2066,-1,2067,2066,2087,-1,2087,2066,2088,-1,2087,2088,2089,-1,2089,2088,2090,-1,2089,2090,2057,-1,2057,2090,2091,-1,2057,2091,2055,-1,2055,2091,2092,-1,2055,2092,2093,-1,2093,2092,2094,-1,1764,1762,2068,-1,2068,1762,2067,-1,2068,2067,2069,-1,2069,2067,2087,-1,2069,2087,2082,-1,2082,2087,2089,-1,2082,2089,2060,-1,2060,2089,2057,-1,2060,2057,2058,-1,2058,2057,2056,-1,2095,2096,2097,-1,2097,2096,2098,-1,2097,2098,2099,-1,2099,2098,2086,-1,2099,2086,2100,-1,2100,2086,2085,-1,1767,1766,2101,-1,2101,1766,2065,-1,2101,2065,2102,-1,2102,2065,2075,-1,2102,2075,2103,-1,2103,2075,2078,-1,2103,2078,2104,-1,2104,2078,2081,-1,2104,2081,2105,-1,2105,2081,2086,-1,2105,2086,2054,-1,2054,2086,2098,-1,2054,2098,2052,-1,2052,2098,2096,-1,1769,1767,2064,-1,2064,1767,2101,-1,2064,2101,2066,-1,2066,2101,2102,-1,2066,2102,2088,-1,2088,2102,2103,-1,2088,2103,2090,-1,2090,2103,2104,-1,2090,2104,2091,-1,2091,2104,2105,-1,2091,2105,2092,-1,2092,2105,2054,-1,2092,2054,2094,-1,2094,2054,2053,-1,2106,2107,2108,-1,2109,2110,2111,-1,2111,2110,2112,-1,2111,2112,2113,-1,2114,2106,2109,-1,2109,2106,2108,-1,2109,2108,2110,-1,2114,1808,2106,-1,2106,1808,1807,-1,2106,1807,2115,-1,2115,1807,1806,-1,2116,1809,1808,-1,2116,1808,2117,-1,2111,2118,2109,-1,2109,2118,2117,-1,2109,2117,2114,-1,2114,2117,1808,-1,2119,2116,2117,-1,2120,2121,2122,-1,2123,2119,2122,-1,2122,2119,2117,-1,2122,2117,2120,-1,2120,2117,2118,-1,1802,2123,1803,-1,1803,2123,2122,-1,1803,2122,2124,-1,2124,2122,2125,-1,2125,2122,2121,-1,2125,2121,2126,-1,2125,2126,2127,-1,2128,1799,1798,-1,2127,2129,2125,-1,2125,2129,2128,-1,2125,2128,2124,-1,2124,2128,1798,-1,2124,1798,1803,-1,2130,2131,2132,-1,2132,2133,2130,-1,2130,2133,2134,-1,2130,2134,2135,-1,2136,2137,2138,-1,2138,2137,2139,-1,2138,2139,1805,-1,1805,2139,1806,-1,2140,2141,2142,-1,1423,50,2143,-1,49,2140,2143,-1,2143,2140,2142,-1,2143,2142,1423,-1,1423,2142,1421,-1,2144,1033,1032,-1,2145,1010,1014,-1,1424,1273,1425,-1,1425,1273,1272,-1,1425,1272,1426,-1,1426,1272,1271,-1,1426,1271,1427,-1,1427,1271,1269,-1,1427,1269,1428,-1,2146,2147,2148,-1,2148,2147,2149,-1,2148,2149,2150,-1,2150,2149,2151,-1,2150,2151,2152,-1,2152,2151,2153,-1,2152,2153,2154,-1,2154,2153,2155,-1,2154,2155,2156,-1,2156,2155,2157,-1,2146,2158,1421,-1,1421,2158,2145,-1,1421,2145,1422,-1,1422,2145,1014,-1,1422,1014,1424,-1,1424,1014,1274,-1,1424,1274,1273,-1,2146,1421,2147,-1,2147,1421,2142,-1,2147,2142,2141,-1,1011,1010,1025,-1,1025,1010,2145,-1,1025,2145,1026,-1,1026,2145,2158,-1,1026,2158,1027,-1,1027,2158,2146,-1,1027,2146,1029,-1,1029,2146,2148,-1,1029,2148,1030,-1,1030,2148,2150,-1,1030,2150,1031,-1,1031,2150,2152,-1,1031,2152,1032,-1,1032,2152,2154,-1,1032,2154,2144,-1,2144,2154,2156,-1,2156,2157,2159,-1,2160,2161,1040,-1,1040,2161,1018,-1,1040,1018,1017,-1,1263,1262,1434,-1,1434,1433,1263,-1,1263,1433,1432,-1,1263,1432,1268,-1,1268,1432,1431,-1,1268,1431,1265,-1,1265,1431,1429,-1,1265,1429,1266,-1,1266,1429,1428,-1,1266,1428,1269,-1,2160,1435,2161,-1,2161,1435,1434,-1,2161,1434,2162,-1,2162,1434,1262,-1,2162,1262,1731,-1,1040,1039,2160,-1,2160,1039,1038,-1,2160,1038,2163,-1,2163,1038,1037,-1,2163,1037,2164,-1,2164,1037,1036,-1,2164,1036,2165,-1,2165,1036,1034,-1,2165,1034,2166,-1,2166,1034,1033,-1,2166,1033,2144,-1,2167,2168,2169,-1,2144,2156,2166,-1,2166,2156,2159,-1,2166,2159,2165,-1,2165,2159,2170,-1,2165,2170,2164,-1,2164,2170,2171,-1,2164,2171,2163,-1,2163,2171,2172,-1,2163,2172,2160,-1,2160,2172,2167,-1,2160,2167,1435,-1,1435,2167,2169,-1,1731,1023,2162,-1,2162,1023,1022,-1,2162,1022,2161,-1,2161,1022,1020,-1,2161,1020,1018,-1,1430,1435,2169,-1,2173,45,1430,-1,2169,2168,2174,-1,1430,2169,2173,-1,2173,2169,2174,-1,2173,2174,46,-1,1407,51,2175,-1,2176,1405,1407,-1,1407,2175,2176,-1,2176,2175,47,-1,2176,47,2177,-1,1405,2178,2179,-1,1069,2180,2181,-1,1046,1044,2178,-1,1048,1046,1068,-1,1068,1046,2178,-1,1068,2178,1069,-1,1069,2181,1071,-1,1071,2181,2182,-1,1071,2182,1072,-1,1072,2182,2183,-1,1072,2183,1073,-1,1073,2183,2184,-1,1073,2184,1074,-1,1074,2184,2185,-1,1074,2185,1075,-1,1052,1053,2179,-1,2179,1053,1055,-1,1405,2179,1406,-1,1406,2179,1055,-1,1406,1055,1408,-1,1055,1287,1408,-1,1408,1287,1288,-1,1408,1288,1409,-1,1409,1288,1286,-1,1409,1286,1410,-1,1410,1286,1285,-1,1410,1285,1411,-1,1411,1285,1283,-1,1411,1283,1412,-1,1051,1052,1059,-1,1059,1052,2179,-1,1059,2179,1057,-1,1057,2179,2178,-1,1057,2178,1058,-1,1058,2178,1044,-1,1058,1044,1043,-1,2180,2186,2181,-1,2181,2186,2187,-1,2181,2187,2182,-1,2182,2187,2188,-1,2182,2188,2183,-1,2183,2188,2189,-1,2183,2189,2184,-1,2184,2189,2190,-1,2184,2190,2185,-1,2185,2190,2191,-1,1069,2178,2180,-1,2180,2178,1405,-1,2180,1405,2186,-1,2186,1405,2176,-1,2186,2176,2177,-1,1066,1067,1082,-1,1082,2192,2193,-1,2194,1687,1690,-1,1278,1276,1419,-1,1419,1418,1278,-1,1278,1418,1417,-1,1278,1417,1279,-1,1279,1417,1416,-1,1279,1416,1280,-1,1280,1416,1415,-1,1280,1415,1281,-1,1281,1415,1413,-1,1281,1413,1282,-1,1282,1413,1412,-1,1282,1412,1283,-1,2193,1420,2195,-1,2195,1420,1419,-1,2195,1419,2194,-1,2194,1419,1276,-1,2194,1276,1687,-1,1076,1075,2185,-1,1082,1081,2192,-1,2192,1081,1080,-1,2192,1080,2196,-1,2196,1080,1079,-1,2196,1079,2197,-1,2197,1079,1078,-1,2197,1078,2198,-1,2198,1078,1076,-1,2198,1076,2199,-1,2199,1076,2185,-1,2200,2201,2202,-1,2185,2191,2199,-1,2199,2191,2203,-1,2199,2203,2198,-1,2198,2203,2204,-1,2198,2204,2197,-1,2197,2204,2205,-1,2197,2205,2196,-1,2196,2205,2206,-1,2196,2206,2192,-1,2192,2206,2207,-1,2192,2207,2193,-1,2193,2207,2200,-1,2193,2200,1420,-1,1420,2200,2202,-1,1066,1082,1065,-1,1065,1082,2193,-1,1065,2193,1063,-1,1063,2193,2195,-1,1063,2195,1064,-1,1064,2195,2194,-1,1064,2194,1060,-1,1060,2194,1690,-1,1060,1690,1061,-1,1414,1420,2202,-1,1414,2202,56,-1,56,2202,2208,-1,2208,2202,2201,-1,2208,2201,75,-1,2209,2210,2211,-1,1388,77,2212,-1,76,2209,2212,-1,2212,2209,2211,-1,2212,2211,1388,-1,1388,2211,1389,-1,2211,2210,2213,-1,2214,2215,2216,-1,1107,1660,1659,-1,2217,2218,1108,-1,1108,2218,2219,-1,1108,2219,1110,-1,1110,2219,2220,-1,1110,2220,1111,-1,1111,2220,2221,-1,1111,2221,1112,-1,1112,2221,2222,-1,1112,2222,1113,-1,1113,2222,2216,-1,1113,2216,1114,-1,1114,2216,2215,-1,1114,2215,1115,-1,2211,2213,1389,-1,2223,1085,1089,-1,1391,1300,1392,-1,1392,1300,1299,-1,1392,1299,1393,-1,1393,1299,1298,-1,1393,1298,1397,-1,1397,1298,1297,-1,1397,1297,1398,-1,1398,1297,1295,-1,1398,1295,1394,-1,1086,1085,1095,-1,1095,1085,2223,-1,1095,2223,1093,-1,1108,1107,2217,-1,2217,1107,1659,-1,2217,1659,1094,-1,1094,1659,1658,-1,1094,1093,2217,-1,2217,1093,2223,-1,2217,2223,1390,-1,1390,2223,1089,-1,1390,1089,1391,-1,1391,1089,1301,-1,1391,1301,1300,-1,1390,1389,2217,-1,2217,1389,2213,-1,2217,2213,2218,-1,2218,2213,2224,-1,2218,2224,2219,-1,2219,2224,2225,-1,2219,2225,2220,-1,2220,2225,2226,-1,2220,2226,2221,-1,2221,2226,2227,-1,2221,2227,2222,-1,2222,2227,2228,-1,2222,2228,2216,-1,2216,2228,2229,-1,2216,2229,2214,-1,2214,2229,2230,-1,2215,2214,2231,-1,1104,1103,2232,-1,1403,1402,1289,-1,1289,1402,1401,-1,1289,1401,1290,-1,1290,1401,1400,-1,1290,1400,1292,-1,1292,1400,1399,-1,1292,1399,1293,-1,1293,1399,1395,-1,1293,1395,1294,-1,1294,1395,1394,-1,1294,1394,1295,-1,2233,2234,2235,-1,1289,1104,1403,-1,1403,1104,2232,-1,1403,2232,1404,-1,1404,2232,2236,-1,2214,2230,2231,-1,2231,2230,2237,-1,2231,2237,2238,-1,2238,2237,2239,-1,2238,2239,2240,-1,2240,2239,2241,-1,2240,2241,2242,-1,2242,2241,2243,-1,2242,2243,2244,-1,2244,2243,2245,-1,2244,2245,2246,-1,2246,2245,2247,-1,2246,2247,2236,-1,2236,2247,2233,-1,2236,2233,1404,-1,1404,2233,2235,-1,1103,1096,2232,-1,2232,1096,1098,-1,2232,1098,2236,-1,2236,1098,1100,-1,1115,2215,1117,-1,1117,2215,2231,-1,1117,2231,1118,-1,1118,2231,2238,-1,1118,2238,1119,-1,1119,2238,2240,-1,1119,2240,1120,-1,1120,2240,2242,-1,1120,2242,1121,-1,1121,2242,2244,-1,1121,2244,1122,-1,1122,2244,2246,-1,1122,2246,1123,-1,1123,2246,2236,-1,1123,2236,1102,-1,1102,2236,1100,-1,1396,1404,2235,-1,2248,95,1396,-1,2235,2234,2249,-1,1396,2235,2248,-1,2248,2235,2249,-1,2248,2249,112,-1,1371,202,2250,-1,2251,1372,1371,-1,1371,2250,2251,-1,2251,2250,262,-1,2251,262,2252,-1,2251,2252,2253,-1,2254,1154,1158,-1,2255,1374,1373,-1,1132,1312,1375,-1,1375,1312,1313,-1,1375,1313,1376,-1,1376,1313,1311,-1,1376,1311,1380,-1,1380,1311,1310,-1,1380,1310,1381,-1,1381,1310,1308,-1,1381,1308,1377,-1,1375,1374,1132,-1,1132,1374,2255,-1,1132,2255,1130,-1,1130,2255,1129,-1,2256,2253,2257,-1,2257,2253,2258,-1,2257,2258,2259,-1,2259,2258,2260,-1,2259,2260,2261,-1,2261,2260,2262,-1,2261,2262,2263,-1,2263,2262,2264,-1,2263,2264,2265,-1,2265,2264,2266,-1,2265,2266,2267,-1,2267,2266,2268,-1,2267,2254,2265,-1,2265,2254,1158,-1,2265,1158,2263,-1,2263,1158,1157,-1,2263,1157,2261,-1,2261,1157,1150,-1,2261,1150,2259,-1,2259,1150,1149,-1,2259,1149,2257,-1,2257,1149,1153,-1,2257,1153,2256,-1,1133,2269,1134,-1,1134,2269,2256,-1,1134,2256,1152,-1,1152,2256,1153,-1,1128,1129,1136,-1,1136,1129,2255,-1,1136,2255,1137,-1,2251,2253,1372,-1,1372,2253,2256,-1,1372,2256,1373,-1,1373,2256,2269,-1,1373,2269,2255,-1,2255,2269,1133,-1,2255,1133,1137,-1,2267,2268,2270,-1,1148,1138,1140,-1,2271,2272,1164,-1,1164,2272,1615,-1,1164,1615,1613,-1,1614,1615,1143,-1,1143,1615,2272,-1,1143,2272,1142,-1,1142,2272,1140,-1,1144,1146,2273,-1,2273,1146,1148,-1,1386,1385,1303,-1,1303,1385,1384,-1,1303,1384,1304,-1,1304,1384,1383,-1,1304,1383,1305,-1,1305,1383,1382,-1,1305,1382,1306,-1,1306,1382,1378,-1,1306,1378,1307,-1,1307,1378,1377,-1,1307,1377,1308,-1,2274,2275,2276,-1,1303,1144,1386,-1,1386,1144,2273,-1,1386,2273,1387,-1,1148,1140,2273,-1,2273,1140,2272,-1,2273,2272,1387,-1,1155,1154,2254,-1,1164,1163,2271,-1,2271,1163,1162,-1,2271,1162,2277,-1,2277,1162,1161,-1,2277,1161,2278,-1,2278,1161,1160,-1,2278,1160,2279,-1,2279,1160,1159,-1,2279,1159,2280,-1,2280,1159,1155,-1,2280,1155,2281,-1,2281,1155,2254,-1,2254,2267,2281,-1,2281,2267,2270,-1,2281,2270,2280,-1,2280,2270,2282,-1,2280,2282,2279,-1,2279,2282,2283,-1,2279,2283,2278,-1,2278,2283,2284,-1,2278,2284,2277,-1,2277,2284,2285,-1,2277,2285,2271,-1,2271,2285,2286,-1,2271,2286,2272,-1,2272,2286,2274,-1,2272,2274,1387,-1,1387,2274,2276,-1,1379,1387,2276,-1,1379,2276,204,-1,204,2276,2287,-1,2287,2276,2275,-1,2287,2275,209,-1,2288,2289,2290,-1,1357,207,2291,-1,210,2288,2291,-1,2291,2288,2290,-1,2291,2290,1357,-1,1357,2290,1355,-1,1195,1167,1169,-1,2292,1356,1355,-1,1326,1325,1358,-1,1358,1325,1324,-1,1358,1324,1359,-1,1359,1324,1323,-1,1359,1323,1360,-1,1360,1323,1315,-1,1360,1315,1361,-1,1361,1315,1314,-1,1361,1314,1362,-1,1358,1356,1326,-1,1326,1356,2292,-1,1326,2292,1580,-1,1580,2292,1173,-1,1580,1173,1174,-1,2293,2294,1194,-1,1194,2294,2295,-1,1194,2295,1192,-1,1192,2295,2296,-1,1192,2296,1196,-1,1196,2296,2297,-1,1196,2297,1197,-1,1197,2297,2298,-1,1197,2298,1198,-1,2289,2299,2290,-1,2290,2299,1355,-1,1194,1195,2293,-1,2293,1195,1169,-1,2293,1169,2300,-1,1169,1170,2300,-1,2300,1170,1171,-1,2300,1171,1172,-1,2301,2298,2302,-1,2302,2298,2297,-1,2302,2297,2303,-1,2303,2297,2296,-1,2303,2296,2304,-1,2304,2296,2295,-1,2304,2295,2305,-1,2305,2295,2294,-1,2305,2294,2299,-1,2299,2294,2293,-1,2299,2293,1355,-1,1355,2293,2300,-1,1355,2300,2292,-1,2292,2300,1172,-1,2292,1172,1173,-1,1187,1176,1175,-1,1370,2306,2307,-1,2307,2306,1206,-1,1185,1186,2306,-1,1186,1187,2306,-1,2306,1187,1175,-1,2306,1175,1206,-1,1206,1175,1178,-1,1206,1178,1180,-1,1189,2308,1191,-1,1191,2308,1369,-1,1191,1369,1317,-1,1369,1368,1317,-1,1317,1368,1367,-1,1317,1367,1318,-1,1318,1367,1366,-1,1318,1366,1321,-1,1321,1366,1365,-1,1321,1365,1322,-1,1322,1365,1363,-1,1322,1363,1320,-1,1320,1363,1362,-1,1320,1362,1314,-1,1370,1369,2306,-1,2306,1369,2308,-1,2306,2308,1185,-1,1185,2308,1189,-1,1185,1189,1184,-1,1199,1198,2298,-1,1206,1205,2307,-1,2307,1205,1204,-1,2307,1204,2309,-1,2309,1204,1203,-1,2309,1203,2310,-1,2310,1203,1202,-1,2310,1202,2311,-1,2311,1202,1201,-1,2311,1201,2312,-1,2312,1201,1199,-1,2312,1199,2313,-1,2313,1199,2298,-1,2314,2315,2316,-1,2298,2301,2313,-1,2313,2301,2317,-1,2313,2317,2312,-1,2312,2317,2318,-1,2312,2318,2311,-1,2311,2318,2319,-1,2311,2319,2310,-1,2310,2319,2320,-1,2310,2320,2309,-1,2309,2320,2321,-1,2309,2321,2307,-1,2307,2321,2314,-1,2307,2314,1370,-1,1370,2314,2316,-1,1364,1370,2316,-1,2322,205,1364,-1,2316,2315,2323,-1,1364,2316,2322,-1,2322,2316,2323,-1,2322,2323,213,-1,1341,215,2324,-1,2325,1343,1341,-1,1341,2324,2325,-1,2325,2324,214,-1,2325,214,2326,-1,2327,1239,1238,-1,1212,1213,2328,-1,2328,1213,1215,-1,1340,1339,1344,-1,1344,1339,1337,-1,1344,1337,1345,-1,1345,1337,1335,-1,1345,1335,1346,-1,1346,1335,1334,-1,1346,1334,1347,-1,2329,2330,2331,-1,2331,2330,2332,-1,2331,2332,2333,-1,2333,2332,2334,-1,2333,2334,2335,-1,2335,2334,2336,-1,2335,2336,2337,-1,2337,2336,2338,-1,2337,2338,2339,-1,2339,2338,2340,-1,2329,2341,1343,-1,1343,2341,2328,-1,1343,2328,1342,-1,1342,2328,1215,-1,1342,1215,1340,-1,1340,1215,1338,-1,1340,1338,1339,-1,2329,1343,2330,-1,2330,1343,2325,-1,2330,2325,2326,-1,1211,1212,1233,-1,1233,1212,2328,-1,1233,2328,1234,-1,1234,2328,2341,-1,1234,2341,1236,-1,1236,2341,2329,-1,1236,2329,1237,-1,1237,2329,2331,-1,1237,2331,1241,-1,1241,2331,2333,-1,1241,2333,1242,-1,1242,2333,2335,-1,1242,2335,1238,-1,1238,2335,2337,-1,1238,2337,2327,-1,2327,2337,2339,-1,2339,2340,2342,-1,1354,2343,2344,-1,2344,2343,1248,-1,1226,1227,2343,-1,1226,2343,1224,-1,1221,1248,1219,-1,1219,1248,2343,-1,1219,2343,1216,-1,1216,2343,1227,-1,1216,1227,1217,-1,2345,1230,1232,-1,1230,2345,1228,-1,1228,2345,1353,-1,1228,1353,1330,-1,1353,1352,1330,-1,1330,1352,1351,-1,1330,1351,1331,-1,1331,1351,1350,-1,1331,1350,1332,-1,1332,1350,1349,-1,1332,1349,1333,-1,1333,1349,1347,-1,1333,1347,1334,-1,1354,1353,2343,-1,2343,1353,2345,-1,2343,2345,1224,-1,1224,2345,1232,-1,1224,1232,1222,-1,1248,1247,2344,-1,2344,1247,1246,-1,2344,1246,2346,-1,2346,1246,1245,-1,2346,1245,2347,-1,2347,1245,1244,-1,2347,1244,2348,-1,2348,1244,1243,-1,2348,1243,2349,-1,2349,1243,1239,-1,2349,1239,2327,-1,2350,2351,2352,-1,2327,2339,2349,-1,2349,2339,2342,-1,2349,2342,2348,-1,2348,2342,2353,-1,2348,2353,2347,-1,2347,2353,2354,-1,2347,2354,2346,-1,2346,2354,2355,-1,2346,2355,2344,-1,2344,2355,2350,-1,2344,2350,1354,-1,1354,2350,2352,-1,1348,1354,2352,-1,1348,2352,191,-1,191,2352,2356,-1,2356,2352,2351,-1,2356,2351,192,-1,1259,1260,2357,-1,1259,2357,2358,-1,2358,2357,2359,-1,2358,2359,2360,-1,2361,2362,2363,-1,1257,1259,2358,-1,1257,2358,2363,-1,2363,2358,2360,-1,2363,2360,2361,-1,1255,1257,2363,-1,2364,1253,1255,-1,1255,2363,2364,-1,2364,2363,2362,-1,2364,2362,2365,-1,1251,1253,2364,-1,2364,2365,2366,-1,1251,2364,2367,-1,2367,2364,2366,-1,2367,2366,2368,-1,1252,1251,2367,-1,1252,2367,2369,-1,2369,2367,2368,-1,2369,2368,2370,-1,2371,2372,2373,-1,1254,1252,2369,-1,2370,2371,2369,-1,2369,2371,2373,-1,2369,2373,1254,-1,1256,1254,2373,-1,2374,1258,1256,-1,1256,2373,2374,-1,2374,2373,2372,-1,2374,2372,2375,-1,1260,1258,2374,-1,2374,2375,2376,-1,1260,2374,2357,-1,2357,2374,2376,-1,2357,2376,2359,-1,1976,1975,2377,-1,1445,1444,2377,-1,2378,1826,1824,-1,1824,1823,1877,-1,1824,1877,2378,-1,2378,1877,1513,-1,2378,1513,1515,-1,1515,1534,2378,-1,2378,1534,1510,-1,2378,1510,1509,-1,1471,1470,2377,-1,1500,1502,1538,-1,1538,1502,1570,-1,1538,1570,1509,-1,1509,1570,1497,-1,1509,1497,2378,-1,2378,1497,1496,-1,1491,1490,1575,-1,1575,1490,1610,-1,1575,1610,1496,-1,1496,1610,1484,-1,1496,1484,2378,-1,2378,1484,1483,-1,1475,1474,1618,-1,1618,1474,1649,-1,1618,1649,1483,-1,1452,1451,1700,-1,1700,1451,1734,-1,1700,1734,1457,-1,1734,1445,1457,-1,1457,1445,2377,-1,1457,2377,1458,-1,1458,2377,1470,-1,1458,1470,1694,-1,1694,1470,1654,-1,1694,1654,1461,-1,1461,1654,1462,-1,1739,1440,1439,-1,1444,1739,2377,-1,2377,1739,1439,-1,2377,1439,1976,-1,1976,1439,1966,-1,1976,1966,1974,-1,1746,1745,1742,-1,1774,1747,1746,-1,1774,1746,1775,-1,1775,1746,1742,-1,1775,1742,2377,-1,2377,1742,1737,-1,2377,1737,1733,-1,1536,1569,1567,-1,1565,1563,1557,-1,1536,1567,1540,-1,1540,1567,1565,-1,1540,1565,1543,-1,1543,1565,1557,-1,1543,1557,1544,-1,1581,1578,1573,-1,1597,1584,1583,-1,1609,1607,1582,-1,1582,1607,1583,-1,1583,1607,1597,-1,1597,1607,1605,-1,1597,1605,1603,-1,1697,1691,2378,-1,1727,1733,1728,-1,1728,1733,1729,-1,1726,1724,1718,-1,1649,1471,1483,-1,1483,1471,2377,-1,1483,2377,2378,-1,2378,2377,1733,-1,2378,1733,1697,-1,1697,1733,1727,-1,1697,1727,1701,-1,1701,1727,1726,-1,1701,1726,1704,-1,1704,1726,1718,-1,1704,1718,1705,-1,1648,2378,1652,-1,1652,2378,1691,-1,1652,1691,1657,-1,1657,1691,1688,-1,1657,1688,1662,-1,1662,1688,1686,-1,1662,1686,1663,-1,1663,1686,1676,-1,1676,1686,1685,-1,1676,1685,1682,-1,1636,1624,1623,-1,1616,1646,1620,-1,1620,1646,1644,-1,1620,1644,1623,-1,1623,1644,1642,-1,1623,1642,1636,-1,1609,2378,1616,-1,1616,2378,1648,-1,1616,1648,1646,-1,1582,1581,1609,-1,1609,1581,1573,-1,1609,1573,2378,-1,2378,1573,1569,-1,1569,1536,2378,-1,2378,1536,1531,-1,2378,1531,1776,-1,1531,1530,1776,-1,1776,1530,1527,-1,1776,1527,1777,-1,1777,1527,1528,-1,2379,2380,2381,-1,2382,2383,2384,-1,2385,2386,2387,-1,2388,2389,2390,-1,2391,2392,2393,-1,2394,2395,2396,-1,2396,2395,2397,-1,2398,2399,2400,-1,2400,2399,2401,-1,2400,2401,2402,-1,2403,2404,2405,-1,2405,2404,2406,-1,2407,2408,2409,-1,2409,2408,2410,-1,2409,2410,2411,-1,1796,2412,1791,-1,1791,2412,1792,-1,2413,1789,1795,-1,2414,1784,1790,-1,2390,1781,1787,-1,1781,2390,1780,-1,1780,2390,2389,-1,1780,2389,1778,-1,1776,1778,2415,-1,2415,1778,2389,-1,2415,2389,2416,-1,2416,2389,2388,-1,2416,2388,2417,-1,2417,2388,2418,-1,2386,2418,2387,-1,2387,2418,2388,-1,2387,2388,2419,-1,2419,2388,2390,-1,2419,2390,2420,-1,2420,2390,1787,-1,2420,1787,1786,-1,468,2407,1796,-1,1796,2407,2409,-1,1796,2409,2412,-1,2412,2409,2411,-1,2383,2385,2384,-1,2384,2385,2387,-1,2384,2387,2421,-1,2421,2387,2419,-1,2421,2419,2422,-1,2422,2419,2420,-1,2422,2420,1785,-1,1785,2420,1786,-1,2410,2406,2411,-1,2411,2406,2404,-1,2411,2404,2393,-1,2393,2404,2403,-1,2393,2403,2391,-1,2392,2423,2393,-1,2393,2423,2424,-1,2393,2424,2411,-1,2411,2424,2425,-1,2411,2425,2412,-1,2412,2425,1794,-1,2412,1794,1792,-1,2380,2382,2381,-1,2381,2382,2384,-1,2381,2384,2426,-1,2426,2384,2421,-1,2426,2421,2427,-1,2427,2421,2422,-1,2427,2422,2414,-1,2414,2422,1785,-1,2414,1785,1784,-1,2392,2398,2423,-1,2423,2398,2400,-1,2423,2400,2428,-1,2428,2400,2402,-1,2428,2402,2429,-1,1795,1794,2413,-1,2413,1794,2425,-1,2413,2425,2430,-1,2430,2425,2424,-1,2430,2424,2431,-1,2431,2424,2423,-1,2431,2423,2432,-1,2432,2423,2428,-1,2432,2428,2395,-1,2395,2428,2429,-1,2395,2429,2397,-1,2394,2379,2395,-1,2395,2379,2381,-1,2395,2381,2432,-1,2432,2381,2426,-1,2432,2426,2431,-1,2431,2426,2427,-1,2431,2427,2430,-1,2430,2427,2414,-1,2430,2414,2413,-1,2413,2414,1790,-1,2413,1790,1789,-1,2433,2434,2435,-1,2436,2437,2438,-1,2439,2440,2441,-1,2442,2443,2444,-1,2445,2446,2447,-1,2448,2449,2450,-1,2451,2452,2453,-1,2453,2452,1834,-1,2448,2450,2454,-1,2454,2450,2455,-1,2454,2455,2456,-1,2457,2458,2459,-1,2460,2461,2462,-1,2462,2461,2463,-1,2462,2463,2464,-1,2443,2465,2444,-1,2444,2465,2445,-1,2444,2445,2466,-1,2466,2445,2447,-1,2466,2447,2467,-1,1834,1835,2453,-1,2453,1835,1836,-1,2453,1836,2468,-1,1836,1833,2468,-1,2468,1833,1830,-1,2468,1830,2469,-1,1830,1831,2469,-1,2469,1831,1832,-1,2469,1832,2470,-1,2467,2464,2466,-1,2466,2464,2463,-1,2466,2463,2444,-1,2444,2463,2471,-1,2444,2471,2442,-1,2442,2471,2441,-1,2442,2441,2472,-1,2472,2441,2440,-1,1832,1829,2470,-1,2470,1829,1811,-1,2470,1811,2473,-1,2458,2456,2459,-1,2459,2456,2455,-1,2459,2455,2474,-1,2474,2455,2475,-1,2474,2475,2476,-1,2476,2475,2477,-1,2476,2477,2438,-1,2438,2477,2478,-1,2438,2478,2436,-1,2436,2478,2479,-1,2436,2479,2480,-1,2480,2479,2481,-1,2460,2457,2461,-1,2461,2457,2459,-1,2461,2459,2463,-1,2463,2459,2474,-1,2463,2474,2471,-1,2471,2474,2476,-1,2471,2476,2441,-1,2441,2476,2438,-1,2441,2438,2439,-1,2439,2438,2437,-1,1826,2482,1813,-1,1813,2482,2483,-1,1813,2483,1814,-1,1814,2483,2473,-1,1814,2473,1810,-1,1810,2473,1811,-1,2484,2451,2485,-1,2485,2451,2453,-1,2485,2453,2486,-1,2486,2453,2468,-1,2486,2468,2487,-1,2487,2468,2469,-1,2487,2469,2488,-1,2488,2469,2470,-1,2488,2470,2489,-1,2489,2470,2473,-1,2489,2473,2435,-1,2435,2473,2483,-1,2435,2483,2433,-1,2433,2483,2482,-1,2449,2484,2450,-1,2450,2484,2485,-1,2450,2485,2455,-1,2455,2485,2486,-1,2455,2486,2475,-1,2475,2486,2487,-1,2475,2487,2477,-1,2477,2487,2488,-1,2477,2488,2478,-1,2478,2488,2489,-1,2478,2489,2479,-1,2479,2489,2435,-1,2479,2435,2481,-1,2481,2435,2434,-1,2490,2123,1834,-1,1834,2123,1802,-1,1882,1818,1947,-1,1947,1818,1817,-1,1947,1817,1800,-1,1800,1817,1834,-1,1800,1834,1801,-1,1801,1834,1802,-1,2134,2133,2491,-1,2491,2133,2132,-1,2136,2138,2492,-1,2492,2138,1805,-1,2492,1805,2132,-1,2132,1805,2493,-1,2132,2493,2491,-1,1804,1809,2116,-1,1805,1804,2493,-1,2493,1804,2116,-1,2493,2116,2490,-1,2490,2116,2119,-1,2490,2119,2123,-1,2494,2135,2495,-1,2495,2135,2134,-1,2495,2134,2491,-1,2495,2496,2494,-1,2494,2496,2497,-1,2494,2497,2498,-1,2498,2497,2499,-1,2500,2501,2502,-1,2503,2500,2504,-1,2504,2500,2502,-1,2504,2502,2505,-1,2503,2506,2500,-1,2500,2506,2507,-1,2500,2507,2508,-1,2509,2510,2511,-1,2509,2511,2512,-1,2513,2514,2515,-1,2515,2514,2516,-1,2515,2516,2511,-1,2511,2516,2517,-1,2511,2517,2512,-1,2509,2518,2510,-1,2510,2518,2519,-1,2510,2519,2520,-1,2520,2519,2521,-1,2516,2522,2523,-1,2516,2523,2517,-1,2517,2523,2524,-1,2517,2524,2512,-1,1944,1946,2525,-1,1839,1838,1944,-1,2523,2522,1840,-1,1840,2522,2526,-1,1840,2526,2527,-1,2527,2526,2528,-1,1839,1944,1842,-1,1842,1944,2525,-1,1842,2525,1840,-1,1840,2525,2524,-1,1840,2524,2523,-1,2528,2529,2530,-1,2528,2530,2527,-1,2527,2530,1841,-1,2527,1841,1840,-1,2531,1843,1841,-1,2531,1841,2532,-1,2529,2533,2530,-1,2530,2533,1841,-1,2532,1841,2534,-1,2534,1841,2533,-1,2534,2533,2535,-1,2531,1945,1843,-1,1843,1945,1943,-1,1843,1943,1844,-1,1844,1943,1837,-1,2535,2536,2537,-1,2535,2537,2534,-1,2534,2537,2538,-1,2534,2538,2532,-1,1940,1942,2539,-1,1847,1846,1940,-1,2537,2536,1848,-1,1848,2536,2540,-1,1848,2540,2541,-1,2541,2540,2542,-1,1847,1940,1850,-1,1850,1940,2539,-1,1850,2539,1848,-1,1848,2539,2538,-1,1848,2538,2537,-1,2542,2543,2544,-1,2542,2544,2541,-1,2541,2544,1849,-1,2541,1849,1848,-1,2545,1851,1849,-1,2545,1849,2546,-1,2543,2547,2544,-1,2544,2547,1849,-1,2546,1849,2548,-1,2548,1849,2547,-1,2548,2547,2549,-1,2545,1941,1851,-1,1851,1941,1939,-1,1851,1939,1852,-1,1852,1939,1845,-1,2549,2550,2551,-1,2549,2551,2548,-1,2548,2551,2552,-1,2548,2552,2546,-1,1936,1938,2553,-1,1855,1854,1936,-1,2551,2550,1856,-1,1856,2550,2554,-1,1856,2554,2555,-1,2555,2554,2556,-1,1855,1936,1858,-1,1858,1936,2553,-1,1858,2553,1856,-1,1856,2553,2552,-1,1856,2552,2551,-1,2556,2557,2558,-1,2556,2558,2555,-1,2555,2558,1857,-1,2555,1857,1856,-1,2559,1859,1857,-1,2559,1857,2560,-1,2557,2561,2558,-1,2558,2561,1857,-1,2560,1857,2562,-1,2562,1857,2561,-1,2562,2561,2563,-1,2559,1937,1859,-1,1859,1937,1935,-1,1859,1935,1860,-1,1860,1935,1853,-1,2563,2564,2565,-1,2563,2565,2562,-1,2562,2565,2566,-1,2562,2566,2560,-1,1932,1934,2567,-1,1863,1862,1932,-1,2565,2564,1864,-1,1864,2564,2568,-1,1864,2568,2569,-1,2569,2568,2570,-1,1863,1932,1866,-1,1866,1932,2567,-1,1866,2567,1864,-1,1864,2567,2566,-1,1864,2566,2565,-1,2570,2571,2572,-1,2570,2572,2569,-1,2569,2572,1865,-1,2569,1865,1864,-1,2573,1867,1865,-1,2573,1865,2574,-1,2571,2575,2572,-1,2572,2575,1865,-1,2574,1865,2576,-1,2576,1865,2575,-1,2576,2575,2577,-1,2573,1933,1867,-1,1867,1933,1931,-1,1867,1931,1868,-1,1868,1931,1861,-1,2577,2578,2579,-1,2577,2579,2576,-1,2576,2579,2580,-1,2576,2580,2574,-1,1928,1930,2581,-1,1871,1870,1928,-1,2579,2578,1872,-1,1872,2578,2582,-1,1872,2582,2583,-1,2583,2582,2584,-1,1871,1928,1874,-1,1874,1928,2581,-1,1874,2581,1872,-1,1872,2581,2580,-1,1872,2580,2579,-1,2584,2585,2586,-1,2584,2586,2583,-1,2583,2586,1873,-1,2583,1873,1872,-1,2587,1875,1873,-1,2587,1873,2588,-1,2585,2589,2586,-1,2586,2589,1873,-1,2588,1873,2590,-1,2590,1873,2589,-1,2590,2589,2591,-1,2587,1929,1875,-1,1875,1929,1927,-1,1875,1927,1876,-1,1876,1927,1869,-1,2591,2592,2593,-1,2591,2593,2590,-1,2590,2593,2594,-1,2590,2594,2588,-1,2595,2596,2597,-1,2598,1957,1965,-1,1965,1957,1961,-1,1965,1961,1964,-1,1922,2597,2598,-1,1924,1922,1926,-1,1926,1922,2598,-1,1926,2598,1925,-1,1925,2598,1965,-1,1922,1920,2129,-1,1919,1917,1915,-1,1913,1911,1912,-1,1908,1906,2129,-1,1918,1919,1920,-1,1920,1919,1915,-1,1920,1915,2129,-1,2129,1915,1913,-1,2129,1913,1908,-1,1908,1913,1912,-1,1908,1912,1910,-1,1905,1903,1901,-1,1899,1897,1898,-1,1894,1892,2129,-1,1904,1905,1906,-1,1906,1905,1901,-1,1906,1901,2129,-1,2129,1901,1899,-1,2129,1899,1894,-1,1894,1899,1898,-1,1894,1898,1896,-1,1891,1889,1887,-1,1883,1884,1885,-1,1885,1884,1879,-1,1890,1891,1892,-1,1892,1891,1887,-1,1892,1887,2129,-1,2129,1887,1885,-1,2129,1885,2128,-1,2128,1885,1879,-1,2128,1879,1799,-1,1799,1879,1878,-1,1799,1878,1948,-1,1948,1878,1880,-1,1922,2129,2597,-1,2597,2129,2127,-1,2597,2127,2518,-1,1945,2597,1946,-1,1946,2597,2518,-1,1946,2518,2525,-1,2525,2518,2509,-1,2525,2509,2524,-1,2524,2509,2512,-1,2532,2538,2531,-1,2531,2538,2539,-1,2531,2539,1945,-1,1945,2539,1942,-1,1945,1942,2597,-1,2597,1942,1941,-1,2560,2566,2559,-1,2559,2566,2567,-1,2559,2567,1937,-1,1934,1933,2597,-1,2567,1934,1937,-1,1937,1934,2597,-1,1937,2597,1938,-1,1938,2597,1941,-1,1938,1941,2553,-1,2553,1941,2545,-1,2553,2545,2552,-1,2552,2545,2546,-1,2588,2594,2587,-1,2587,2594,2599,-1,2587,2599,1929,-1,2599,2595,1929,-1,1929,2595,2597,-1,1929,2597,1930,-1,1930,2597,1933,-1,1930,1933,2581,-1,2581,1933,2573,-1,2581,2573,2580,-1,2580,2573,2574,-1,1958,1957,2598,-1,1959,1958,2600,-1,2600,1958,2598,-1,2600,2598,2601,-1,2601,2598,2597,-1,2601,2597,2602,-1,2602,2597,2596,-1,2603,1960,1959,-1,2603,1959,2604,-1,2602,2605,2601,-1,2601,2605,2604,-1,2601,2604,2600,-1,2600,2604,1959,-1,2606,2607,2608,-1,2604,2605,2606,-1,2608,2609,2610,-1,2606,2608,2604,-1,2604,2608,2610,-1,2604,2610,2603,-1,2611,1954,2608,-1,2608,1954,1953,-1,2608,1953,2609,-1,2611,2608,2612,-1,2612,2608,2607,-1,2612,2607,2613,-1,2614,2595,2599,-1,2615,2616,2614,-1,2593,2592,2617,-1,2617,2592,2618,-1,2617,2618,2619,-1,2619,2618,2620,-1,2615,2614,2621,-1,2621,2614,2599,-1,2621,2599,2617,-1,2617,2599,2594,-1,2617,2594,2593,-1,2622,2623,2624,-1,2625,2626,2613,-1,2613,2626,2627,-1,2613,2627,2612,-1,1950,1949,2628,-1,2628,1949,2624,-1,2627,2622,2612,-1,2612,2622,2624,-1,2612,2624,2611,-1,2611,2624,1949,-1,2611,1949,1954,-1,2629,2630,2631,-1,2631,2632,2629,-1,2629,2632,2505,-1,2629,2505,2502,-1,2633,2634,2635,-1,2635,2634,2636,-1,2635,2636,1950,-1,1950,2636,1951,-1,2629,2502,2501,-1,2609,2637,2638,-1,2609,1953,2637,-1,2637,1953,1952,-1,2637,1952,1951,-1,2636,2634,2639,-1,2629,2501,2630,-1,2630,2501,2637,-1,2630,2637,2639,-1,2639,2637,1951,-1,2639,1951,2636,-1,1956,1994,1993,-1,1956,1993,1962,-1,1962,1993,1971,-1,1962,1971,1963,-1,1955,1960,2603,-1,1956,1955,1994,-1,1994,1955,2603,-1,1994,2603,2638,-1,2638,2603,2610,-1,2638,2610,2609,-1,2033,1994,2638,-1,2033,2638,2032,-1,2032,2638,2640,-1,2032,2640,2030,-1,2641,2029,2642,-1,2642,2029,2028,-1,2028,2040,2642,-1,2642,2040,2036,-1,2642,2036,2640,-1,2640,2036,2031,-1,2640,2031,2030,-1,2019,2044,2643,-1,2643,2044,2026,-1,2643,2026,2641,-1,2641,2026,2025,-1,2641,2025,2029,-1,2019,2643,2020,-1,2020,2643,2644,-1,2020,2644,2022,-1,2022,2644,2645,-1,2022,2645,2023,-1,2646,2645,2647,-1,2647,2645,2644,-1,2647,2644,2648,-1,2648,2644,2643,-1,2648,2643,2649,-1,2649,2643,2641,-1,2649,2641,2650,-1,2650,2641,2642,-1,2650,2642,2651,-1,2651,2642,2640,-1,2651,2640,2637,-1,2637,2640,2638,-1,2073,1775,2377,-1,2073,2377,2074,-1,2074,2377,2652,-1,2074,2652,2076,-1,2076,2652,2077,-1,2077,2652,2653,-1,2077,2653,2079,-1,2079,2653,2080,-1,2080,2653,2654,-1,2080,2654,2084,-1,2084,2654,2655,-1,2084,2655,2085,-1,2085,2655,2100,-1,2100,2655,2656,-1,2100,2656,2099,-1,2099,2656,2097,-1,2097,2656,2657,-1,2097,2657,2095,-1,2010,2653,2048,-1,2048,2653,2652,-1,2048,2652,2005,-1,2005,2652,2377,-1,2005,2377,1975,-1,2010,2009,2653,-1,2653,2009,2007,-1,2653,2007,2654,-1,2654,2007,2006,-1,2654,2006,2002,-1,2002,2001,2654,-1,2654,2001,2011,-1,2654,2011,2655,-1,2655,2011,2013,-1,2655,2013,2656,-1,2656,2013,2014,-1,2014,2015,2656,-1,2656,2015,2017,-1,2656,2017,2657,-1,2657,2017,2018,-1,2657,2018,2023,-1,48,1,2658,-1,2658,1,2659,-1,2658,2659,2660,-1,2660,2659,2661,-1,2660,2661,2662,-1,2663,2664,2665,-1,2665,2664,2666,-1,2665,2666,2667,-1,2667,2666,2668,-1,2667,2668,2669,-1,1,0,2072,-1,1,2072,2659,-1,2659,2072,2071,-1,2659,2071,2661,-1,2661,2071,2062,-1,2661,2062,2061,-1,2061,2083,2661,-1,2661,2083,2669,-1,2661,2669,2662,-1,2662,2669,2668,-1,2083,2059,2669,-1,2669,2059,2058,-1,2669,2058,2667,-1,2667,2058,2056,-1,2056,2055,2667,-1,2667,2055,2093,-1,2667,2093,2665,-1,2665,2093,2094,-1,2094,2053,2665,-1,2665,2053,2052,-1,2665,2052,2663,-1,2663,2052,2096,-1,2663,2096,2095,-1,721,720,2670,-1,721,2670,2671,-1,2671,2670,2672,-1,2671,2672,2673,-1,716,2674,720,-1,720,2674,2670,-1,2674,2675,2670,-1,2670,2675,2676,-1,2670,2676,2672,-1,711,710,2677,-1,711,2677,2678,-1,2678,2677,2679,-1,2678,2679,2680,-1,710,712,2681,-1,710,2681,2677,-1,2677,2681,2682,-1,2677,2682,2679,-1,2645,2646,2683,-1,712,2645,2681,-1,2681,2645,2683,-1,2681,2683,2682,-1,712,713,2645,-1,2645,713,2657,-1,2645,2657,2023,-1,713,715,2657,-1,2657,715,721,-1,2657,721,2095,-1,2673,2684,2671,-1,2671,2684,2664,-1,2671,2664,721,-1,721,2664,2663,-1,721,2663,2095,-1,2139,2137,2685,-1,1806,2139,2115,-1,2115,2139,2685,-1,2115,2685,2106,-1,2106,2685,2686,-1,2106,2686,2107,-1,2107,2686,2687,-1,2688,2110,2108,-1,2688,2108,2689,-1,2689,2108,2107,-1,2689,2107,2687,-1,2110,2688,2690,-1,2110,2690,2112,-1,2112,2690,2691,-1,2112,2691,2113,-1,2120,2118,2519,-1,2519,2118,2111,-1,2113,2691,2111,-1,2111,2691,2692,-1,2111,2692,2519,-1,2519,2692,2521,-1,2121,2120,2126,-1,2126,2120,2519,-1,2126,2519,2127,-1,2127,2519,2518,-1,2692,2693,2521,-1,2521,2693,2520,-1,2520,2693,2510,-1,2510,2693,2694,-1,2510,2694,2511,-1,2695,2513,2515,-1,2695,2515,2696,-1,2696,2515,2511,-1,2696,2511,2694,-1,2697,2499,2497,-1,2697,2497,2698,-1,2698,2497,2496,-1,2698,2496,2699,-1,2697,2700,2499,-1,2499,2700,2498,-1,2700,2131,2130,-1,2498,2700,2494,-1,2494,2700,2130,-1,2494,2130,2135,-1,2132,2131,2492,-1,2492,2131,2701,-1,2492,2701,2136,-1,2136,2701,2137,-1,2504,2702,2503,-1,2503,2702,2703,-1,2503,2703,2506,-1,2504,2505,2702,-1,2702,2505,2632,-1,2702,2632,2631,-1,2506,2703,2704,-1,2506,2704,2507,-1,2507,2704,2705,-1,2507,2705,2508,-1,2679,2682,2683,-1,2706,2707,2680,-1,2508,2705,2500,-1,2500,2705,2637,-1,2500,2637,2501,-1,2680,2679,2706,-1,2706,2679,2683,-1,2706,2683,2705,-1,2705,2683,2646,-1,2646,2647,2705,-1,2705,2647,2648,-1,2705,2648,2649,-1,2649,2650,2705,-1,2705,2650,2651,-1,2705,2651,2637,-1,714,711,2678,-1,714,2678,2708,-1,2708,2678,2680,-1,2708,2680,2707,-1,960,958,2709,-1,2674,716,717,-1,2710,2676,2711,-1,2711,2676,2675,-1,2711,2675,2709,-1,2709,2675,2674,-1,2709,2674,960,-1,960,2674,717,-1,960,717,2712,-1,2712,717,2713,-1,2513,2695,2712,-1,2712,2713,2620,-1,2620,2713,2714,-1,2571,2570,2712,-1,2575,2571,2584,-1,2584,2571,2712,-1,2584,2712,2585,-1,2585,2712,2620,-1,2585,2620,2589,-1,2543,2542,2712,-1,2547,2543,2556,-1,2556,2543,2712,-1,2556,2712,2557,-1,2557,2712,2570,-1,2557,2570,2561,-1,2514,2513,2528,-1,2528,2513,2712,-1,2528,2712,2529,-1,2529,2712,2542,-1,2529,2542,2533,-1,2528,2526,2514,-1,2514,2526,2522,-1,2514,2522,2516,-1,2542,2540,2533,-1,2533,2540,2536,-1,2533,2536,2535,-1,2556,2554,2547,-1,2547,2554,2550,-1,2547,2550,2549,-1,2570,2568,2561,-1,2561,2568,2564,-1,2561,2564,2563,-1,2584,2582,2575,-1,2575,2582,2578,-1,2575,2578,2577,-1,2620,2618,2589,-1,2589,2618,2592,-1,2589,2592,2591,-1,2620,2714,2715,-1,2620,2715,2619,-1,2619,2715,2716,-1,2619,2716,2617,-1,2616,2615,2717,-1,2717,2615,2718,-1,2718,2615,2716,-1,2716,2615,2621,-1,2716,2621,2617,-1,2596,2595,2602,-1,2602,2595,2614,-1,2602,2614,2605,-1,2605,2614,2606,-1,2606,2614,2616,-1,2606,2616,2717,-1,2607,2606,2613,-1,2613,2606,2717,-1,2613,2717,2625,-1,2625,2717,2719,-1,2625,2719,2720,-1,2625,2720,2626,-1,2626,2720,2721,-1,2626,2721,2627,-1,2722,2623,2622,-1,2722,2622,2723,-1,2723,2622,2627,-1,2723,2627,2721,-1,2635,1950,2628,-1,2633,2635,2724,-1,2724,2635,2628,-1,2724,2628,2725,-1,2725,2628,2624,-1,2725,2624,2722,-1,2722,2624,2623,-1,2631,2630,2726,-1,2726,2630,2639,-1,2726,2639,2633,-1,2633,2639,2634,-1,2708,2707,2704,-1,2704,2707,2706,-1,2704,2706,2705,-1,2631,2726,2702,-1,2702,2726,2633,-1,2702,2633,2703,-1,2703,2633,2724,-1,2703,2724,2704,-1,2708,2704,714,-1,714,2704,2724,-1,714,2724,719,-1,719,2724,2725,-1,719,2725,718,-1,718,2725,2722,-1,718,2722,717,-1,2719,2714,2720,-1,2720,2714,2713,-1,2720,2713,2721,-1,717,2722,2713,-1,2713,2722,2723,-1,2713,2723,2721,-1,2719,2717,2714,-1,2714,2717,2718,-1,2714,2718,2715,-1,2715,2718,2716,-1,958,956,2709,-1,2709,956,2727,-1,2709,2727,2711,-1,2711,2727,2728,-1,2711,2728,2710,-1,2729,2730,2731,-1,2729,2731,2732,-1,2732,2731,973,-1,2732,973,966,-1,2733,2729,2732,-1,2733,2732,2734,-1,2734,2732,966,-1,2734,966,967,-1,2685,2137,2700,-1,2700,2137,2701,-1,2700,2701,2131,-1,2697,2698,967,-1,2698,2699,2735,-1,967,2698,2734,-1,2734,2698,2735,-1,2734,2735,2733,-1,2700,2697,2685,-1,2685,2697,967,-1,2685,967,2686,-1,967,968,2686,-1,2686,968,961,-1,2686,961,2687,-1,2687,961,960,-1,2687,960,2689,-1,2689,960,2712,-1,2689,2712,2688,-1,2691,2695,2696,-1,2692,2691,2693,-1,2693,2691,2696,-1,2693,2696,2694,-1,2695,2691,2712,-1,2712,2691,2690,-1,2712,2690,2688,-1,2736,2728,2727,-1,2736,2727,2737,-1,2737,2727,956,-1,2737,956,955,-1,2658,2660,2370,-1,2370,2660,2662,-1,2370,2662,2668,-1,2684,2371,2664,-1,2664,2371,2370,-1,2664,2370,2666,-1,2666,2370,2668,-1,2321,2320,2362,-1,2362,2320,2319,-1,2362,2319,2318,-1,2318,2317,2362,-1,2362,2317,2301,-1,2362,2301,2365,-1,2365,2301,2302,-1,2365,2302,2303,-1,2303,2304,2365,-1,2365,2304,2305,-1,2365,2305,2299,-1,2167,2172,2229,-1,2229,2228,2167,-1,2167,2228,2227,-1,2167,2227,2226,-1,2226,2225,2167,-1,2167,2225,2224,-1,2167,2224,2168,-1,2168,2224,2213,-1,2168,2213,2174,-1,2174,2213,2210,-1,2174,2210,2209,-1,2288,2249,2289,-1,2289,2249,2234,-1,2243,2241,2299,-1,2234,2233,2289,-1,2289,2233,2247,-1,2289,2247,2299,-1,2299,2247,2245,-1,2299,2245,2243,-1,2241,2239,2299,-1,2299,2239,2237,-1,2299,2237,2365,-1,2365,2237,2230,-1,2155,2153,2365,-1,2172,2171,2229,-1,2229,2171,2170,-1,2229,2170,2230,-1,2230,2170,2159,-1,2230,2159,2365,-1,2365,2159,2157,-1,2365,2157,2155,-1,2153,2151,2365,-1,2365,2151,2149,-1,2365,2149,2366,-1,2366,2149,2147,-1,2147,2141,2366,-1,2366,2141,2140,-1,2366,2140,2368,-1,2368,2140,49,-1,2368,49,2370,-1,2370,49,48,-1,2370,48,2658,-1,2200,2209,2201,-1,2201,2209,76,-1,2201,76,75,-1,2200,2207,2209,-1,2209,2207,2206,-1,2209,2206,2205,-1,2191,2174,2203,-1,2203,2174,2209,-1,2203,2209,2204,-1,2204,2209,2205,-1,2191,2190,2174,-1,2174,2190,2189,-1,2174,2189,2188,-1,2188,2187,2174,-1,2174,2187,2186,-1,2174,2186,46,-1,46,2186,2177,-1,46,2177,47,-1,2286,2288,2274,-1,2274,2288,210,-1,2274,210,2275,-1,2275,210,209,-1,2286,2285,2288,-1,2288,2285,2284,-1,2288,2284,2283,-1,2283,2282,2288,-1,2288,2282,2270,-1,2288,2270,2249,-1,2249,2270,2268,-1,2249,2268,2266,-1,2266,2264,2249,-1,2249,2264,2262,-1,2249,2262,2260,-1,2260,2258,2249,-1,2249,2258,2253,-1,2249,2253,112,-1,112,2253,2252,-1,112,2252,262,-1,2351,2350,2360,-1,2360,2350,2355,-1,2360,2355,2361,-1,2361,2355,2354,-1,2354,2353,2361,-1,2361,2353,2342,-1,2361,2342,2340,-1,2340,2323,2361,-1,2361,2323,2315,-1,2361,2315,2362,-1,2362,2315,2314,-1,2362,2314,2321,-1,2340,2338,2323,-1,2323,2338,2336,-1,2323,2336,2334,-1,2334,2332,2323,-1,2323,2332,2330,-1,2323,2330,213,-1,213,2330,2326,-1,213,2326,214,-1,2738,2739,2359,-1,2359,2739,2740,-1,2359,2740,2741,-1,2741,2742,2359,-1,2359,2742,189,-1,2359,189,2360,-1,2360,189,192,-1,2360,192,2351,-1,2728,2736,2743,-1,2375,2728,2376,-1,2376,2728,2743,-1,2376,2743,2359,-1,2359,2743,2744,-1,2359,2744,2738,-1,2684,2673,2371,-1,2371,2673,2672,-1,2371,2672,2372,-1,2372,2672,2676,-1,2372,2676,2375,-1,2375,2676,2710,-1,2375,2710,2728,-1,467,189,2745,-1,2745,189,2742,-1,2745,2742,2746,-1,2746,2742,2741,-1,2746,2741,2747,-1,2747,2741,2740,-1,2747,2740,2748,-1,2748,2740,2739,-1,2748,2739,2749,-1,2749,2739,2738,-1,2749,2738,2750,-1,2750,2738,2744,-1,2402,2748,2429,-1,2429,2748,2749,-1,2429,2749,2397,-1,2397,2749,2750,-1,2397,2750,2396,-1,2402,2401,2748,-1,2748,2401,2399,-1,2748,2399,2747,-1,2747,2399,2398,-1,2747,2398,2392,-1,2392,2391,2747,-1,2747,2391,2403,-1,2747,2403,2746,-1,2746,2403,2405,-1,2746,2405,2745,-1,2745,2405,2406,-1,2406,2410,2745,-1,2745,2410,2408,-1,2745,2408,467,-1,467,2408,2407,-1,467,2407,468,-1,2751,2379,2752,-1,2752,2379,2394,-1,2752,2394,2396,-1,2385,2383,2753,-1,2753,2383,2382,-1,2753,2382,2751,-1,2751,2382,2380,-1,2751,2380,2379,-1,2418,2386,2754,-1,2754,2386,2755,-1,2418,2754,2417,-1,2417,2754,2756,-1,2417,2756,2416,-1,2416,2756,2415,-1,2415,2756,2378,-1,2415,2378,1776,-1,2752,2446,2445,-1,2752,2445,2751,-1,2751,2445,2465,-1,2751,2465,2753,-1,2753,2465,2443,-1,2753,2443,2442,-1,2442,2472,2753,-1,2753,2472,2755,-1,2753,2755,2385,-1,2385,2755,2386,-1,2472,2440,2755,-1,2755,2440,2439,-1,2755,2439,2754,-1,2754,2439,2437,-1,2437,2436,2754,-1,2754,2436,2480,-1,2754,2480,2756,-1,2756,2480,2481,-1,2481,2434,2756,-1,2756,2434,2433,-1,2756,2433,2378,-1,2378,2433,2482,-1,2378,2482,1826,-1,2447,2446,2757,-1,2447,2757,2467,-1,2467,2757,2758,-1,2467,2758,2464,-1,2456,2458,2759,-1,2759,2458,2457,-1,2759,2457,2760,-1,2760,2457,2460,-1,2760,2460,2758,-1,2758,2460,2462,-1,2758,2462,2464,-1,2484,2449,2761,-1,2761,2449,2448,-1,2761,2448,2759,-1,2759,2448,2454,-1,2759,2454,2456,-1,2484,2761,2451,-1,2451,2761,2762,-1,2451,2762,2452,-1,2452,2762,2490,-1,2452,2490,1834,-1,2493,2490,2763,-1,2763,2490,2762,-1,2763,2762,2764,-1,2764,2762,2761,-1,2764,2761,2765,-1,2765,2761,2759,-1,2765,2759,2766,-1,2766,2759,2760,-1,2766,2760,2767,-1,2767,2760,2758,-1,2767,2758,2768,-1,2768,2758,2757,-1,2495,2491,2493,-1,2763,2764,2699,-1,2699,2764,2765,-1,2699,2765,2766,-1,2769,2735,2768,-1,2768,2735,2699,-1,2768,2699,2767,-1,2767,2699,2766,-1,2763,2699,2493,-1,2493,2699,2496,-1,2493,2496,2495,-1,2729,2733,2730,-1,2730,2733,2735,-1,2730,2735,2770,-1,2770,2735,2769,-1,2730,2770,2771,-1,2730,2771,2731,-1,2731,2771,969,-1,2731,969,973,-1,2736,2737,2743,-1,2743,2737,2744,-1,2752,2396,2750,-1,2744,2737,2750,-1,2750,2737,955,-1,2750,955,2752,-1,955,957,2752,-1,2752,957,970,-1,2752,970,969,-1,2446,2752,2757,-1,2757,2752,969,-1,2757,969,2768,-1,2768,969,2771,-1,2768,2771,2769,-1,2769,2771,2770,-1,
        ]
    }
}
Shape{
    appearance Appearance {
        material  Material 	{
            diffuseColor 1.0 1.0 1.0
            specularColor 0.5019607843137255 0.5019607843137255 0.5019607843137255
            ambientIntensity 1.0
            transparency 0.0
            shininess 0.5
        }
    }
    geometry IndexedFaceSet {
        ccw TRUE
        solid FALSE
        coord DEF co Coordinate {
            point [
                -2.7901 3.5533 0.9089, -2.79 3.5533 0.8906, -2.7901 3.553 0.9089, -2.79 3.553 0.8906, -2.7263 3.5533 0.9093, -2.7263 3.553 0.9093, -2.7274 3.5533 1.0512, -2.7274 3.553 1.0512, -2.7067 3.5533 1.0514, -2.7067 3.553 1.0514, -2.7055 3.5533 0.8912, -2.7055 3.553 0.8912, -2.8721 3.5533 0.8873, -2.8721 3.553 0.8873, -2.8965 3.553 0.8895, -2.8965 3.5533 0.8895, -2.9137 3.553 0.895, -2.9137 3.5533 0.895, -2.9165 3.553 0.8964, -2.9165 3.5533 0.8964, -2.9166 3.5533 0.9162, -2.9166 3.553 0.9162, -2.9031 3.553 0.9099, -2.9031 3.5533 0.9099, -2.8854 3.553 0.9062, -2.8854 3.5533 0.9062, -2.8752 3.553 0.9057, -2.8752 3.5533 0.9057, -2.8605 3.553 0.9074, -2.8605 3.5533 0.9074, -2.8489 3.553 0.9117, -2.8489 3.5533 0.9117, -2.8382 3.553 0.9189, -2.8382 3.5533 0.9189, -2.8342 3.553 0.9229, -2.8342 3.5533 0.9229, -2.8266 3.553 0.9335, -2.8266 3.5533 0.9335, -2.8215 3.553 0.9464, -2.8215 3.5533 0.9464, -2.819 3.553 0.9623, -2.819 3.5533 0.9623, -2.8188 3.553 0.9687, -2.8188 3.5533 0.9687, -2.8216 3.553 0.9905, -2.8216 3.5533 0.9905, -2.827 3.553 1.0044, -2.827 3.5533 1.0044, -2.8348 3.553 1.0154, -2.8348 3.5533 1.0154, -2.836 3.553 1.0167, -2.836 3.5533 1.0167, -2.8464 3.553 1.0253, -2.8464 3.5533 1.0253, -2.859 3.553 1.0312, -2.859 3.5533 1.0312, -2.8729 3.553 1.0339, -2.8729 3.5533 1.0339, -2.8797 3.553 1.0342, -2.8797 3.5533 1.0342, -2.8994 3.553 1.0317, -2.8994 3.5533 1.0317, -2.9156 3.553 1.0254, -2.9156 3.5533 1.0254, -2.9174 3.553 1.0244, -2.9174 3.5533 1.0244, -2.9175 3.5533 1.046, -2.9175 3.553 1.046, -2.9006 3.553 1.051, -2.9006 3.5533 1.051, -2.8796 3.553 1.0528, -2.8796 3.5533 1.0528, -2.8566 3.553 1.0502, -2.8566 3.5533 1.0502, -2.8398 3.553 1.0438, -2.8398 3.5533 1.0438, -2.8242 3.553 1.033, -2.8242 3.5533 1.033, -2.8207 3.553 1.0297, -2.8207 3.5533 1.0297, -2.8089 3.553 1.0146, -2.8089 3.5533 1.0146, -2.8012 3.553 0.9969, -2.8012 3.5533 0.9969, -2.7974 3.553 0.976, -2.7974 3.5533 0.976, -2.7971 3.553 0.9676, -2.7971 3.5533 0.9676, -2.8 3.553 0.9417, -2.8 3.5533 0.9417, -2.8064 3.553 0.9249, -2.8064 3.5533 0.9249, -2.8158 3.553 0.9111, -2.8158 3.5533 0.9111, -2.8172 3.553 0.9096, -2.8172 3.5533 0.9096, -2.8284 3.553 0.8999, -2.8284 3.5533 0.8999, -2.8432 3.553 0.8922, -2.8432 3.5533 0.8922, -2.8602 3.553 0.8881, -2.8602 3.5533 0.8881, -3.0347 3.5533 0.9071, -3.0346 3.5533 0.8889, -3.0347 3.553 0.9071, -3.0346 3.553 0.8889, -2.9693 3.5533 0.9076, -2.9693 3.553 0.9076, -2.9697 3.5533 0.9615, -2.9697 3.553 0.9615, -3.0269 3.5533 0.9611, -3.0269 3.553 0.9611, -3.0271 3.5533 0.9794, -3.0271 3.553 0.9794, -2.9698 3.5533 0.9798, -2.9698 3.553 0.9798, -2.9702 3.5533 1.0311, -2.9702 3.553 1.0311, -3.032 3.5533 1.0306, -3.032 3.553 1.0306, -3.0321 3.5533 1.049, -3.0321 3.553 1.049, -2.9496 3.5533 1.0496, -2.9496 3.553 1.0496, -2.9485 3.5533 0.8895, -2.9485 3.553 0.8895, -3.1647 3.5533 0.9328, -3.1566 3.5533 0.923, -3.1713 3.5533 0.9103, -3.1547 3.5533 0.9212, -3.1543 3.5533 0.8984, -3.1443 3.5533 0.9141, -3.136 3.5533 0.8914, -3.131 3.5533 0.9091, -3.1089 3.5533 0.8884, -3.1089 3.5533 0.9066, -3.0649 3.5533 0.8887, -3.0857 3.5533 0.9068, -3.066 3.5533 1.0488, -3.0865 3.5533 1.0302, -3.1117 3.5533 1.0485, -3.1107 3.5533 1.0301, -3.1361 3.5533 1.0456, -3.1321 3.5533 1.0275, -3.1554 3.5533 1.0384, -3.1458 3.5533 1.0222, -3.1721 3.5533 1.0268, -3.1568 3.5533 1.0147, -3.1777 3.5533 1.0212, -3.1614 3.5533 1.0101, -3.1875 3.5533 1.0072, -3.1675 3.5533 1.0011, -3.1933 3.5533 0.9918, -3.1719 3.5533 0.9893, -3.1958 3.5533 0.9699, -3.1741 3.5533 0.9694, -3.1949 3.5533 0.9564, -3.1735 3.5533 0.9593, -3.1903 3.5533 0.9382, -3.1703 3.5533 0.9447, -3.1816 3.5533 0.9221, -3.1089 3.553 0.8884, -3.0649 3.553 0.8887, -3.136 3.553 0.8914, -3.1543 3.553 0.8984, -3.1713 3.553 0.9103, -3.1816 3.553 0.9221, -3.1903 3.553 0.9382, -3.1949 3.553 0.9564, -3.1958 3.553 0.9699, -3.1933 3.553 0.9918, -3.1875 3.553 1.0072, -3.1777 3.553 1.0212, -3.1721 3.553 1.0268, -3.1554 3.553 1.0384, -3.1361 3.553 1.0456, -3.1117 3.553 1.0485, -3.066 3.553 1.0488, -3.1107 3.553 1.0301, -3.0865 3.553 1.0302, -3.0861 3.553 0.9684, -3.0857 3.553 0.9068, -3.1089 3.553 0.9066, -3.1566 3.553 0.923, -3.1547 3.553 0.9212, -3.1443 3.553 0.9141, -3.131 3.553 0.9091, -3.1741 3.553 0.9694, -3.174 3.553 0.9684, -3.1735 3.553 0.9593, -3.1703 3.553 0.9447, -3.1647 3.553 0.9328, -3.1568 3.553 1.0147, -3.1614 3.553 1.0101, -3.1675 3.553 1.0011, -3.1719 3.553 0.9893, -3.1321 3.553 1.0275, -3.1458 3.553 1.0222
            ]
        }
        coordIndex [
            0,1,2,-1,2,1,3,-1,4,0,5,-1,5,0,2,-1,6,4,7,-1,7,4,5,-1,8,6,9,-1,9,6,7,-1,10,8,11,-1,11,8,9,-1,1,10,3,-1,3,10,11,-1,6,8,4,-1,4,8,10,-1,4,10,0,-1,0,10,1,-1,12,13,14,-1,12,14,15,-1,15,14,16,-1,15,16,17,-1,17,16,18,-1,17,18,19,-1,20,19,21,-1,21,19,18,-1,20,21,22,-1,20,22,23,-1,23,22,24,-1,23,24,25,-1,25,24,26,-1,25,26,27,-1,27,26,28,-1,27,28,29,-1,29,28,30,-1,29,30,31,-1,31,30,32,-1,31,32,33,-1,33,32,34,-1,33,34,35,-1,35,34,36,-1,35,36,37,-1,37,36,38,-1,37,38,39,-1,39,38,40,-1,39,40,41,-1,41,40,42,-1,41,42,43,-1,43,42,44,-1,43,44,45,-1,45,44,46,-1,45,46,47,-1,47,46,48,-1,47,48,49,-1,49,48,50,-1,49,50,51,-1,51,50,52,-1,51,52,53,-1,53,52,54,-1,53,54,55,-1,55,54,56,-1,55,56,57,-1,57,56,58,-1,57,58,59,-1,59,58,60,-1,59,60,61,-1,61,60,62,-1,61,62,63,-1,63,62,64,-1,63,64,65,-1,66,65,67,-1,67,65,64,-1,66,67,68,-1,66,68,69,-1,69,68,70,-1,69,70,71,-1,71,70,72,-1,71,72,73,-1,73,72,74,-1,73,74,75,-1,75,74,76,-1,75,76,77,-1,77,76,78,-1,77,78,79,-1,79,78,80,-1,79,80,81,-1,81,80,82,-1,81,82,83,-1,83,82,84,-1,83,84,85,-1,85,84,86,-1,85,86,87,-1,87,86,88,-1,87,88,89,-1,89,88,90,-1,89,90,91,-1,91,90,92,-1,91,92,93,-1,93,92,94,-1,93,94,95,-1,95,94,96,-1,95,96,97,-1,97,96,98,-1,97,98,99,-1,99,98,100,-1,99,100,101,-1,101,100,13,-1,101,13,12,-1,45,47,81,-1,53,55,73,-1,81,47,79,-1,73,55,71,-1,73,75,53,-1,53,75,77,-1,53,77,51,-1,51,77,79,-1,51,79,49,-1,49,79,47,-1,55,57,71,-1,71,57,59,-1,71,59,69,-1,69,59,61,-1,69,61,66,-1,66,61,63,-1,66,63,65,-1,87,43,85,-1,85,43,45,-1,85,45,83,-1,83,45,81,-1,19,20,17,-1,17,20,23,-1,17,23,15,-1,15,23,25,-1,15,25,12,-1,12,25,27,-1,12,27,101,-1,101,27,29,-1,101,29,99,-1,99,29,31,-1,99,31,97,-1,97,31,33,-1,97,33,95,-1,95,33,35,-1,95,35,93,-1,93,35,37,-1,93,37,91,-1,91,37,89,-1,89,37,39,-1,89,39,87,-1,87,39,41,-1,87,41,43,-1,102,103,104,-1,104,103,105,-1,106,102,107,-1,107,102,104,-1,108,106,109,-1,109,106,107,-1,110,108,111,-1,111,108,109,-1,112,110,113,-1,113,110,111,-1,114,112,115,-1,115,112,113,-1,116,114,117,-1,117,114,115,-1,118,116,119,-1,119,116,117,-1,120,118,121,-1,121,118,119,-1,122,120,123,-1,123,120,121,-1,124,122,125,-1,125,122,123,-1,103,124,105,-1,105,124,125,-1,124,103,102,-1,102,106,124,-1,124,106,108,-1,124,108,122,-1,118,120,116,-1,116,120,122,-1,116,122,114,-1,114,122,108,-1,114,108,112,-1,112,108,110,-1,126,127,128,-1,128,127,129,-1,128,129,130,-1,130,129,131,-1,130,131,132,-1,132,131,133,-1,132,133,134,-1,134,133,135,-1,134,135,136,-1,136,135,137,-1,136,137,138,-1,138,137,139,-1,138,139,140,-1,140,139,141,-1,140,141,142,-1,142,141,143,-1,142,143,144,-1,144,143,145,-1,144,145,146,-1,146,145,147,-1,146,147,148,-1,148,147,149,-1,148,149,150,-1,150,149,151,-1,150,151,152,-1,152,151,153,-1,152,153,154,-1,154,153,155,-1,154,155,156,-1,156,155,157,-1,156,157,158,-1,158,157,159,-1,158,159,160,-1,160,159,126,-1,160,126,128,-1,134,136,161,-1,161,136,162,-1,134,161,163,-1,134,163,132,-1,132,163,164,-1,132,164,130,-1,130,164,165,-1,130,165,128,-1,128,165,166,-1,128,166,160,-1,160,166,167,-1,160,167,158,-1,158,167,168,-1,158,168,156,-1,156,168,169,-1,156,169,154,-1,154,169,170,-1,154,170,152,-1,152,170,171,-1,152,171,150,-1,150,171,172,-1,150,172,148,-1,148,172,173,-1,148,173,146,-1,146,173,174,-1,146,174,144,-1,144,174,175,-1,144,175,142,-1,142,175,176,-1,142,176,140,-1,138,140,177,-1,177,140,176,-1,136,138,162,-1,162,138,177,-1,141,139,178,-1,178,139,179,-1,179,139,180,-1,180,139,137,-1,180,137,181,-1,137,135,181,-1,181,135,182,-1,127,183,184,-1,127,184,129,-1,129,184,185,-1,129,185,131,-1,131,185,186,-1,131,186,133,-1,133,186,182,-1,133,182,135,-1,155,187,188,-1,155,188,157,-1,188,189,157,-1,157,189,190,-1,157,190,159,-1,159,190,191,-1,159,191,126,-1,126,191,183,-1,126,183,127,-1,147,192,193,-1,147,193,149,-1,149,193,194,-1,149,194,151,-1,151,194,195,-1,151,195,153,-1,153,195,187,-1,153,187,155,-1,141,178,196,-1,141,196,143,-1,143,196,197,-1,143,197,145,-1,145,197,192,-1,145,192,147,-1,
        ]
    }
}
Shape{
    appearance Appearance {
        material  Material 	{
            diffuseColor 0.2235294117647059 0.2235294117647059 0.2235294117647059
            specularColor 0.11372549019607843 0.11372549019607843 0.11372549019607843
            ambientIntensity 0.2235
            transparency 0.0
            shininess 0.5
        }
    }
    geometry IndexedFaceSet {
        ccw TRUE
        solid FALSE
        coord DEF co Coordinate {
            point [
                -3.1735 3.553 0.9593, -3.174 3.553 0.9684, -3.0861 3.553 0.9684, -3.1741 3.553 0.9694, -3.1719 3.553 0.9893, -3.1675 3.553 1.0011, -3.1614 3.553 1.0101, -3.1568 3.553 1.0147, -3.1458 3.553 1.0222, -3.1321 3.553 1.0275, -3.1107 3.553 1.0301, -3.0865 3.553 1.0302, -3.0857 3.553 0.9068, -3.1089 3.553 0.9066, -3.1547 3.553 0.9212, -3.1566 3.553 0.923, -3.131 3.553 0.9091, -3.1443 3.553 0.9141, -3.1647 3.553 0.9328, -3.1703 3.553 0.9447
            ]
        }
        coordIndex [
            0,1,2,-1,1,3,2,-1,2,3,4,-1,2,4,5,-1,5,6,2,-1,2,6,7,-1,2,7,8,-1,8,9,2,-1,2,9,10,-1,2,10,11,-1,2,12,13,-1,14,15,2,-1,13,16,2,-1,2,16,17,-1,2,17,14,-1,15,18,2,-1,2,18,19,-1,2,19,0,-1,
        ]
    }
}
Shape{
    appearance Appearance {
        material  Material 	{
            diffuseColor 1.0 1.0 1.0
            specularColor 0.5019607843137255 0.5019607843137255 0.5019607843137255
            ambientIntensity 1.0
            transparency 0.0
            shininess 0.5
        }
    }
    geometry IndexedFaceSet {
        ccw TRUE
        solid FALSE
        coord DEF co Coordinate {
            point [
                -3.2493 3.5533 0.9493, -3.2738 3.5533 1.0156, -3.2663 3.5533 1.0474, -3.2041 3.5533 0.8877, -3.227 3.5533 0.8875, -3.2427 3.5533 0.9312, -3.2752 3.5533 1.0204, -3.2765 3.5533 1.0268, -3.2884 3.5533 1.0472, -3.277 3.5533 1.0268, -3.2782 3.5533 1.0201, -3.2794 3.5533 1.0156, -3.3031 3.5533 0.9489, -3.3482 3.5533 0.8867, -3.3254 3.5533 0.8868, -3.3094 3.5533 0.9307, -3.2884 3.553 1.0472, -3.3482 3.553 0.8867, -3.2663 3.553 1.0474, -3.2041 3.553 0.8877, -3.227 3.553 0.8875, -3.2427 3.553 0.9312, -3.3094 3.553 0.9307, -3.3254 3.553 0.8868, -3.2493 3.553 0.9493, -3.3031 3.553 0.9489, -3.2892 3.553 0.9879, -3.2794 3.553 1.0156, -3.277 3.553 1.0268, -3.2782 3.553 1.0201, -3.2765 3.553 1.0268, -3.2738 3.553 1.0156, -3.2752 3.553 1.0204, -3.2635 3.553 0.9879
            ]
        }
        coordIndex [
            0,1,2,-1,3,4,5,-1,1,6,2,-1,2,6,7,-1,2,7,8,-1,8,7,9,-1,8,9,10,-1,10,11,8,-1,8,11,12,-1,8,12,13,-1,14,13,15,-1,15,13,12,-1,15,12,5,-1,5,12,0,-1,5,0,3,-1,3,0,2,-1,8,13,16,-1,16,13,17,-1,2,8,18,-1,18,8,16,-1,3,2,19,-1,19,2,18,-1,4,3,20,-1,20,3,19,-1,5,4,21,-1,21,4,20,-1,15,5,22,-1,22,5,21,-1,14,15,23,-1,23,15,22,-1,13,14,17,-1,17,14,23,-1,0,12,24,-1,24,12,25,-1,25,12,26,-1,26,12,11,-1,26,11,27,-1,9,28,29,-1,9,29,10,-1,10,29,27,-1,10,27,11,-1,9,7,28,-1,28,7,30,-1,1,31,32,-1,1,32,6,-1,6,32,30,-1,6,30,7,-1,31,1,33,-1,33,1,0,-1,33,0,24,-1,
        ]
    }
}
Shape{
    appearance Appearance {
        material  Material 	{
            diffuseColor 0.2235294117647059 0.2235294117647059 0.2235294117647059
            specularColor 0.11372549019607843 0.11372549019607843 0.11372549019607843
            ambientIntensity 0.2235
            transparency 0.0
            shininess 0.5
        }
    }
    geometry IndexedFaceSet {
        ccw TRUE
        solid FALSE
        coord DEF co Coordinate {
            point [
                -3.277 3.553 1.0268, -3.2765 3.553 1.0268, -3.2782 3.553 1.0201, -3.2752 3.553 1.0204, -3.2794 3.553 1.0156, -3.2738 3.553 1.0156, -3.2892 3.553 0.9879, -3.2635 3.553 0.9879, -3.2493 3.553 0.9493, -3.3031 3.553 0.9489
            ]
        }
        coordIndex [
            0,1,2,-1,2,1,3,-1,2,3,4,-1,4,3,5,-1,4,5,6,-1,5,7,6,-1,6,7,8,-1,6,8,9,-1,
        ]
    }
}
Shape{
    appearance Appearance {
        material  Material 	{
            diffuseColor 1.0 1.0 1.0
            specularColor 0.5019607843137255 0.5019607843137255 0.5019607843137255
            ambientIntensity 1.0
            transparency 0.0
            shininess 0.5
        }
    }
    geometry IndexedFaceSet {
        ccw TRUE
        solid FALSE
        coord DEF co Coordinate {
            point [
                -2.79 3.5533 0.6548, -2.7899 3.5533 0.6366, -2.79 3.553 0.6548, -2.7899 3.553 0.6366, -2.7245 3.5533 0.6553, -2.7245 3.553 0.6553, -2.7249 3.5533 0.7092, -2.7249 3.553 0.7092, -2.7822 3.5533 0.7088, -2.7822 3.553 0.7088, -2.7823 3.5533 0.7271, -2.7823 3.553 0.7271, -2.7251 3.5533 0.7275, -2.7251 3.553 0.7275, -2.7254 3.5533 0.7787, -2.7254 3.553 0.7787, -2.7872 3.5533 0.7783, -2.7872 3.553 0.7783, -2.7874 3.5533 0.7967, -2.7874 3.553 0.7967, -2.7049 3.5533 0.7973, -2.7049 3.553 0.7973, -2.7037 3.5533 0.6372, -2.7037 3.553 0.6372, -2.8809 3.5533 0.6359, -2.901 3.5533 0.6358, -2.881 3.5533 0.6536, -2.9015 3.5533 0.7094, -2.8814 3.5533 0.7086, -2.8376 3.5533 0.6849, -2.8423 3.5533 0.6872, -2.8805 3.5533 0.6536, -2.8699 3.5533 0.6566, -2.8773 3.5533 0.6488, -2.8642 3.5533 0.6528, -2.8545 3.5533 0.6899, -2.8813 3.5533 0.6933, -2.8812 3.5533 0.6823, -2.8812 3.5533 0.681, -2.8799 3.5533 0.6721, -2.8769 3.5533 0.6649, -2.8725 3.5533 0.6591, -2.8808 3.5533 0.7175, -2.9 3.5533 0.7248, -2.8788 3.5533 0.7247, -2.8969 3.5533 0.7339, -2.8764 3.5533 0.7288, -2.8928 3.5533 0.7404, -2.8734 3.5533 0.732, -2.8875 3.5533 0.7455, -2.8699 3.5533 0.7344, -2.8808 3.5533 0.7493, -2.8652 3.5533 0.736, -2.8723 3.5533 0.7519, -2.8585 3.5533 0.7368, -2.8605 3.5533 0.7531, -2.8459 3.5533 0.7355, -2.8402 3.5533 0.7508, -2.8334 3.5533 0.7312, -2.8252 3.5533 0.7451, -2.8209 3.5533 0.7232, -2.821 3.5533 0.7427, -2.8337 3.5533 0.6569, -2.8189 3.5533 0.6427, -2.8354 3.5533 0.6552, -2.8257 3.5533 0.6379, -2.8393 3.5533 0.6524, -2.8333 3.5533 0.635, -2.8439 3.5533 0.6507, -2.8453 3.5533 0.6335, -2.8506 3.5533 0.6499, -2.8557 3.5533 0.6346, -2.8581 3.5533 0.6507, -2.8639 3.5533 0.6374, -2.8709 3.5533 0.642, -2.8298 3.5533 0.6717, -2.8094 3.5533 0.6695, -2.8296 3.5533 0.6685, -2.8093 3.5533 0.6671, -2.8301 3.5533 0.6639, -2.8102 3.5533 0.6579, -2.8314 3.5533 0.6603, -2.8126 3.5533 0.6511, -2.8167 3.5533 0.6449, -2.8475 3.5533 0.7041, -2.8323 3.5533 0.7005, -2.8351 3.5533 0.683, -2.8237 3.5533 0.6962, -2.8326 3.5533 0.68, -2.8175 3.5533 0.6909, -2.8309 3.5533 0.6763, -2.8135 3.5533 0.6852, -2.8107 3.5533 0.6781, -2.8605 3.553 0.7531, -2.8402 3.553 0.7508, -2.8252 3.553 0.7451, -2.821 3.553 0.7427, -2.8209 3.553 0.7232, -2.8334 3.553 0.7312, -2.8459 3.553 0.7355, -2.8585 3.553 0.7368, -2.8652 3.553 0.736, -2.8699 3.553 0.7344, -2.8734 3.553 0.732, -2.8764 3.553 0.7288, -2.8788 3.553 0.7247, -2.8808 3.553 0.7175, -2.8814 3.553 0.7086, -2.8475 3.553 0.7041, -2.8323 3.553 0.7005, -2.8237 3.553 0.6962, -2.8175 3.553 0.6909, -2.8135 3.553 0.6852, -2.8107 3.553 0.6781, -2.8094 3.553 0.6695, -2.8093 3.553 0.6671, -2.8102 3.553 0.6579, -2.8126 3.553 0.6511, -2.8167 3.553 0.6449, -2.8189 3.553 0.6427, -2.8257 3.553 0.6379, -2.8333 3.553 0.635, -2.8453 3.553 0.6335, -2.8557 3.553 0.6346, -2.8639 3.553 0.6374, -2.8709 3.553 0.642, -2.8773 3.553 0.6488, -2.8805 3.553 0.6536, -2.881 3.553 0.6536, -2.8809 3.553 0.6359, -2.901 3.553 0.6358, -2.9015 3.553 0.7094, -2.9 3.553 0.7248, -2.8969 3.553 0.7339, -2.8928 3.553 0.7404, -2.8875 3.553 0.7455, -2.8808 3.553 0.7493, -2.8723 3.553 0.7519, -2.8351 3.553 0.683, -2.8376 3.553 0.6849, -2.8423 3.553 0.6872, -2.8545 3.553 0.6899, -2.8296 3.553 0.6685, -2.8298 3.553 0.6716, -2.8298 3.553 0.6717, -2.8309 3.553 0.6763, -2.8326 3.553 0.68, -2.8354 3.553 0.6552, -2.8337 3.553 0.6569, -2.8314 3.553 0.6603, -2.8301 3.553 0.6639, -2.8506 3.553 0.6499, -2.8439 3.553 0.6507, -2.8393 3.553 0.6524, -2.8725 3.553 0.6591, -2.8699 3.553 0.6566, -2.8642 3.553 0.6528, -2.8581 3.553 0.6507, -2.8812 3.553 0.6823, -2.8812 3.553 0.681, -2.8799 3.553 0.6721, -2.8797 3.553 0.6716, -2.8769 3.553 0.6649, -2.8813 3.553 0.6933
            ]
        }
        coordIndex [
            0,1,2,-1,2,1,3,-1,4,0,5,-1,5,0,2,-1,6,4,7,-1,7,4,5,-1,8,6,9,-1,9,6,7,-1,10,8,11,-1,11,8,9,-1,12,10,13,-1,13,10,11,-1,14,12,15,-1,15,12,13,-1,16,14,17,-1,17,14,15,-1,18,16,19,-1,19,16,17,-1,20,18,21,-1,21,18,19,-1,22,20,23,-1,23,20,21,-1,1,22,3,-1,3,22,23,-1,22,1,0,-1,0,4,22,-1,22,4,6,-1,22,6,20,-1,16,18,14,-1,14,18,20,-1,14,20,12,-1,12,20,6,-1,12,6,10,-1,10,6,8,-1,24,25,26,-1,26,25,27,-1,28,29,30,-1,31,32,33,-1,33,32,34,-1,35,36,27,-1,27,36,37,-1,37,38,27,-1,27,38,39,-1,27,39,26,-1,26,39,40,-1,26,40,31,-1,31,40,41,-1,31,41,32,-1,30,35,28,-1,28,35,27,-1,28,27,42,-1,42,27,43,-1,42,43,44,-1,44,43,45,-1,44,45,46,-1,46,45,47,-1,46,47,48,-1,48,47,49,-1,48,49,50,-1,50,49,51,-1,50,51,52,-1,52,51,53,-1,52,53,54,-1,54,53,55,-1,54,55,56,-1,56,55,57,-1,56,57,58,-1,58,57,59,-1,58,59,60,-1,60,59,61,-1,62,63,64,-1,64,63,65,-1,64,65,66,-1,66,65,67,-1,66,67,68,-1,68,67,69,-1,68,69,70,-1,70,69,71,-1,70,71,72,-1,72,71,73,-1,72,73,34,-1,34,73,74,-1,34,74,33,-1,75,76,77,-1,77,76,78,-1,77,78,79,-1,79,78,80,-1,79,80,81,-1,81,80,82,-1,81,82,62,-1,62,82,83,-1,62,83,63,-1,28,84,29,-1,29,84,85,-1,29,85,86,-1,86,85,87,-1,86,87,88,-1,88,87,89,-1,88,89,90,-1,90,89,91,-1,90,91,75,-1,75,91,92,-1,75,92,76,-1,55,93,94,-1,55,94,57,-1,57,94,95,-1,57,95,59,-1,59,95,96,-1,59,96,61,-1,60,61,97,-1,97,61,96,-1,60,97,98,-1,60,98,58,-1,58,98,99,-1,58,99,56,-1,56,99,100,-1,56,100,54,-1,54,100,101,-1,54,101,52,-1,52,101,102,-1,52,102,50,-1,50,102,103,-1,50,103,48,-1,48,103,104,-1,48,104,46,-1,46,104,105,-1,46,105,44,-1,44,105,106,-1,44,106,42,-1,42,106,107,-1,42,107,28,-1,84,28,108,-1,108,28,107,-1,84,108,109,-1,84,109,85,-1,85,109,110,-1,85,110,87,-1,87,110,111,-1,87,111,89,-1,89,111,112,-1,89,112,91,-1,91,112,113,-1,91,113,92,-1,92,113,114,-1,92,114,76,-1,76,114,115,-1,76,115,78,-1,78,115,116,-1,78,116,80,-1,80,116,117,-1,80,117,82,-1,82,117,118,-1,82,118,83,-1,83,118,119,-1,83,119,63,-1,63,119,120,-1,63,120,65,-1,65,120,121,-1,65,121,67,-1,67,121,122,-1,67,122,69,-1,69,122,123,-1,69,123,71,-1,71,123,124,-1,71,124,73,-1,73,124,125,-1,73,125,74,-1,74,125,126,-1,74,126,33,-1,33,126,127,-1,33,127,31,-1,26,31,128,-1,128,31,127,-1,24,26,129,-1,129,26,128,-1,25,24,130,-1,130,24,129,-1,27,25,131,-1,131,25,130,-1,27,131,132,-1,27,132,43,-1,43,132,133,-1,43,133,45,-1,45,133,134,-1,45,134,47,-1,47,134,135,-1,47,135,49,-1,49,135,136,-1,49,136,51,-1,51,136,137,-1,51,137,53,-1,53,137,93,-1,53,93,55,-1,86,138,139,-1,86,139,29,-1,29,139,140,-1,29,140,30,-1,30,140,141,-1,30,141,35,-1,142,143,77,-1,77,143,75,-1,143,144,75,-1,75,144,145,-1,75,145,90,-1,90,145,146,-1,90,146,88,-1,88,146,138,-1,88,138,86,-1,64,147,148,-1,64,148,62,-1,62,148,149,-1,62,149,81,-1,81,149,150,-1,81,150,79,-1,79,150,142,-1,79,142,77,-1,70,151,152,-1,70,152,68,-1,68,152,153,-1,68,153,66,-1,66,153,147,-1,66,147,64,-1,41,154,155,-1,41,155,32,-1,32,155,156,-1,32,156,34,-1,34,156,157,-1,34,157,72,-1,72,157,151,-1,72,151,70,-1,154,41,40,-1,37,158,159,-1,37,159,38,-1,38,159,160,-1,38,160,39,-1,39,160,161,-1,39,161,40,-1,40,161,162,-1,40,162,154,-1,37,36,158,-1,158,36,163,-1,36,35,163,-1,163,35,141,-1,
        ]
    }
}
Shape{
    appearance Appearance {
        material  Material 	{
            diffuseColor 0.2235294117647059 0.2235294117647059 0.2235294117647059
            specularColor 0.11372549019607843 0.11372549019607843 0.11372549019607843
            ambientIntensity 0.2235
            transparency 0.0
            shininess 0.5
        }
    }
    geometry IndexedFaceSet {
        ccw TRUE
        solid FALSE
        coord DEF co Coordinate {
            point [
                -2.8812 3.553 0.681, -2.8812 3.553 0.6823, -2.8351 3.553 0.683, -2.8298 3.553 0.6717, -2.8298 3.553 0.6716, -2.8797 3.553 0.6716, -2.8799 3.553 0.6721, -2.8326 3.553 0.68, -2.8309 3.553 0.6763, -2.8813 3.553 0.6933, -2.8545 3.553 0.6899, -2.8423 3.553 0.6872, -2.8376 3.553 0.6849, -2.8603 3.553 0.6533, -2.8506 3.553 0.6499, -2.8581 3.553 0.6507, -2.8337 3.553 0.6569, -2.8699 3.553 0.6566, -2.8314 3.553 0.6603, -2.8301 3.553 0.6639, -2.8354 3.553 0.6552, -2.8393 3.553 0.6524, -2.8439 3.553 0.6507, -2.8642 3.553 0.6528, -2.8296 3.553 0.6685, -2.8725 3.553 0.6591, -2.8769 3.553 0.6649
            ]
        }
        coordIndex [
            0,1,2,-1,3,4,5,-1,0,2,6,-1,6,2,7,-1,6,7,5,-1,5,7,8,-1,5,8,3,-1,1,9,10,-1,10,11,1,-1,1,11,12,-1,1,12,2,-1,13,14,15,-1,16,17,18,-1,18,17,19,-1,20,21,13,-1,13,21,22,-1,13,22,14,-1,16,20,17,-1,17,20,13,-1,17,13,23,-1,23,13,15,-1,19,17,24,-1,24,17,25,-1,24,25,4,-1,4,25,26,-1,4,26,5,-1,
        ]
    }
}
Shape{
    appearance Appearance {
        material  Material 	{
            diffuseColor 1.0 1.0 1.0
            specularColor 0.5019607843137255 0.5019607843137255 0.5019607843137255
            ambientIntensity 1.0
            transparency 0.0
            shininess 0.5
        }
    }
    geometry IndexedFaceSet {
        ccw TRUE
        solid FALSE
        coord DEF co Coordinate {
            point [
                -2.9612 3.5533 0.649, -2.9612 3.553 0.649, -2.9483 3.553 0.6507, -2.9483 3.5533 0.6507, -2.9357 3.553 0.6556, -2.9357 3.5533 0.6556, -2.9283 3.553 0.6603, -2.9283 3.5533 0.6603, -2.9282 3.5533 0.6396, -2.9282 3.553 0.6396, -2.9411 3.553 0.6348, -2.9411 3.5533 0.6348, -2.9592 3.553 0.6327, -2.9592 3.5533 0.6327, -2.9751 3.553 0.6342, -2.9751 3.5533 0.6342, -2.9862 3.553 0.6378, -2.9862 3.5533 0.6378, -2.9925 3.553 0.6415, -2.9925 3.5533 0.6415, -2.9983 3.553 0.6465, -2.9983 3.5533 0.6465, -3.0021 3.553 0.6518, -3.0021 3.5533 0.6518, -3.0046 3.553 0.6581, -3.0046 3.5533 0.6581, -3.0056 3.553 0.6662, -3.0056 3.5533 0.6662, -3.0048 3.553 0.6736, -3.0048 3.5533 0.6736, -3.0027 3.553 0.6796, -3.0027 3.5533 0.6796, -2.999 3.553 0.6851, -2.999 3.5533 0.6851, -2.9943 3.553 0.6894, -2.9943 3.5533 0.6894, -2.981 3.553 0.6969, -2.981 3.5533 0.6969, -2.9733 3.553 0.7001, -2.9733 3.5533 0.7001, -2.9609 3.553 0.7056, -2.9609 3.5533 0.7056, -2.9539 3.553 0.7101, -2.9539 3.5533 0.7101, -2.9519 3.553 0.7122, -2.9519 3.5533 0.7122, -2.9505 3.553 0.715, -2.9505 3.5533 0.715, -2.9497 3.553 0.7181, -2.9497 3.5533 0.7181, -2.9495 3.553 0.7207, -2.9495 3.5533 0.7207, -2.9499 3.553 0.7239, -2.9499 3.5533 0.7239, -2.9509 3.553 0.7266, -2.9509 3.5533 0.7266, -2.9527 3.553 0.7292, -2.9527 3.5533 0.7292, -2.9557 3.553 0.7318, -2.9557 3.5533 0.7318, -2.9602 3.553 0.7342, -2.9602 3.5533 0.7342, -2.9656 3.553 0.7356, -2.9656 3.5533 0.7356, -2.9716 3.553 0.736, -2.9716 3.5533 0.736, -2.985 3.553 0.7343, -2.985 3.5533 0.7343, -2.9963 3.553 0.73, -2.9963 3.5533 0.73, -3.0006 3.553 0.7275, -3.0006 3.5533 0.7275, -3.0007 3.5533 0.747, -3.0007 3.553 0.747, -2.987 3.553 0.751, -2.987 3.5533 0.751, -2.9736 3.553 0.7523, -2.9736 3.5533 0.7523, -2.9589 3.553 0.7508, -2.9589 3.5533 0.7508, -2.9479 3.553 0.7469, -2.9479 3.5533 0.7469, -2.9419 3.553 0.7434, -2.9419 3.5533 0.7434, -2.9359 3.553 0.7381, -2.9359 3.5533 0.7381, -2.9321 3.553 0.7327, -2.9321 3.5533 0.7327, -2.9297 3.553 0.7263, -2.9297 3.5533 0.7263, -2.9289 3.553 0.7191, -2.9289 3.5533 0.7191, -2.9297 3.553 0.7113, -2.9297 3.5533 0.7113, -2.9318 3.553 0.7052, -2.9318 3.5533 0.7052, -2.9344 3.553 0.701, -2.9344 3.5533 0.701, -2.9377 3.553 0.6975, -2.9377 3.5533 0.6975, -2.9471 3.553 0.6912, -2.9471 3.5533 0.6912, -2.959 3.553 0.6856, -2.959 3.5533 0.6856, -2.9721 3.553 0.68, -2.9721 3.5533 0.68, -2.9799 3.553 0.6753, -2.9799 3.5533 0.6753, -2.9824 3.553 0.6726, -2.9824 3.5533 0.6726, -2.9839 3.553 0.67, -2.9839 3.5533 0.67, -2.9848 3.553 0.6668, -2.9848 3.5533 0.6668, -2.985 3.553 0.6643, -2.985 3.5533 0.6643, -2.9846 3.553 0.6605, -2.9846 3.5533 0.6605, -2.9835 3.553 0.6577, -2.9835 3.5533 0.6577, -2.9818 3.553 0.6551, -2.9818 3.5533 0.6551, -2.9794 3.553 0.6531, -2.9794 3.5533 0.6531, -2.9776 3.553 0.652, -2.9776 3.5533 0.652, -2.9724 3.553 0.6501, -2.9724 3.5533 0.6501, -2.9621 3.553 0.649, -2.9621 3.5533 0.649, -3.1056 3.5533 0.7487, -3.1264 3.5533 0.7486, -3.1056 3.553 0.7487, -3.1264 3.553 0.7486, -3.0738 3.5533 0.6628, -3.0738 3.553 0.6628, -3.0722 3.553 0.6575, -3.0722 3.5533 0.6575, -3.0713 3.553 0.6536, -3.0713 3.5533 0.6536, -3.0707 3.5533 0.6536, -3.0707 3.553 0.6536, -3.0683 3.5533 0.663, -3.0683 3.553 0.663, -3.0391 3.5533 0.7492, -3.0391 3.553 0.7492, -3.0166 3.5533 0.7493, -3.0166 3.553 0.7493, -3.0607 3.5533 0.6349, -3.0607 3.553 0.6349, -3.0517 3.5533 0.6142, -3.0517 3.553 0.6142, -3.0478 3.553 0.607, -3.0478 3.5533 0.607, -3.044 3.553 0.6028, -3.044 3.5533 0.6028, -3.0404 3.553 0.6003, -3.0404 3.5533 0.6003, -3.036 3.553 0.5987, -3.036 3.5533 0.5987, -3.0311 3.553 0.5982, -3.0311 3.5533 0.5982, -3.0238 3.553 0.5992, -3.0238 3.5533 0.5992, -3.0197 3.553 0.6006, -3.0197 3.5533 0.6006, -3.0196 3.5533 0.5827, -3.0196 3.553 0.5827, -3.0281 3.553 0.5812, -3.0281 3.5533 0.5812, -3.0325 3.553 0.581, -3.0325 3.5533 0.581, -3.0406 3.553 0.5819, -3.0406 3.5533 0.5819, -3.0486 3.553 0.5848, -3.0486 3.5533 0.5848, -3.0556 3.553 0.5897, -3.0556 3.5533 0.5897, -3.057 3.553 0.5909, -3.057 3.5533 0.5909, -3.0644 3.553 0.5997, -3.0644 3.5533 0.5997, -3.0736 3.553 0.6173, -3.0736 3.5533 0.6173, -3.2335 3.5533 0.6517, -3.2334 3.5533 0.6334, -3.2335 3.553 0.6517, -3.2334 3.553 0.6334, -3.168 3.5533 0.6521, -3.168 3.553 0.6521, -3.1684 3.5533 0.706, -3.1684 3.553 0.706, -3.2257 3.5533 0.7056, -3.2257 3.553 0.7056, -3.2258 3.5533 0.7239, -3.2258 3.553 0.7239, -3.1685 3.5533 0.7244, -3.1685 3.553 0.7244, -3.1689 3.5533 0.7756, -3.1689 3.553 0.7756, -3.2307 3.5533 0.7752, -3.2307 3.553 0.7752, -3.2308 3.5533 0.7936, -3.2308 3.553 0.7936, -3.1484 3.5533 0.7942, -3.1484 3.553 0.7942, -3.1472 3.5533 0.634, -3.1472 3.553 0.634, -3.3634 3.5533 0.6773, -3.3554 3.5533 0.6675, -3.37 3.5533 0.6549, -3.3534 3.5533 0.6657, -3.3531 3.5533 0.643, -3.343 3.5533 0.6586, -3.3347 3.5533 0.636, -3.3297 3.5533 0.6536, -3.3076 3.5533 0.6329, -3.3077 3.5533 0.6512, -3.2636 3.5533 0.6332, -3.2844 3.5533 0.6513, -3.2647 3.5533 0.7933, -3.2853 3.5533 0.7748, -3.3104 3.5533 0.793, -3.3095 3.5533 0.7746, -3.3349 3.5533 0.7901, -3.3308 3.5533 0.772, -3.3541 3.5533 0.7829, -3.3445 3.5533 0.7668, -3.3708 3.5533 0.7714, -3.3556 3.5533 0.7592, -3.3765 3.5533 0.7658, -3.3601 3.5533 0.7547, -3.3863 3.5533 0.7517, -3.3662 3.5533 0.7456, -3.3921 3.5533 0.7364, -3.3706 3.5533 0.7339, -3.3946 3.5533 0.7144, -3.3728 3.5533 0.714, -3.3936 3.5533 0.701, -3.3722 3.5533 0.7039, -3.389 3.5533 0.6827, -3.369 3.5533 0.6892, -3.3804 3.5533 0.6666, -3.3076 3.553 0.6329, -3.2636 3.553 0.6332, -3.3347 3.553 0.636, -3.3531 3.553 0.643, -3.37 3.553 0.6549, -3.3804 3.553 0.6666, -3.389 3.553 0.6827, -3.3936 3.553 0.701, -3.3946 3.553 0.7144, -3.3921 3.553 0.7364, -3.3863 3.553 0.7517, -3.3765 3.553 0.7658, -3.3708 3.553 0.7714, -3.3541 3.553 0.7829, -3.3349 3.553 0.7901, -3.3104 3.553 0.793, -3.2647 3.553 0.7933, -3.3095 3.553 0.7746, -3.2853 3.553 0.7748, -3.2848 3.553 0.7129, -3.2844 3.553 0.6513, -3.3077 3.553 0.6512, -3.3554 3.553 0.6675, -3.3534 3.553 0.6657, -3.343 3.553 0.6586, -3.3297 3.553 0.6536, -3.3728 3.553 0.714, -3.3728 3.553 0.7129, -3.3722 3.553 0.7039, -3.369 3.553 0.6892, -3.3634 3.553 0.6773, -3.3556 3.553 0.7592, -3.3601 3.553 0.7547, -3.3662 3.553 0.7456, -3.3706 3.553 0.7339, -3.3308 3.553 0.772, -3.3445 3.553 0.7668
            ]
        }
        coordIndex [
            0,1,2,-1,0,2,3,-1,3,2,4,-1,3,4,5,-1,5,4,6,-1,5,6,7,-1,8,7,9,-1,9,7,6,-1,8,9,10,-1,8,10,11,-1,11,10,12,-1,11,12,13,-1,13,12,14,-1,13,14,15,-1,15,14,16,-1,15,16,17,-1,17,16,18,-1,17,18,19,-1,19,18,20,-1,19,20,21,-1,21,20,22,-1,21,22,23,-1,23,22,24,-1,23,24,25,-1,25,24,26,-1,25,26,27,-1,27,26,28,-1,27,28,29,-1,29,28,30,-1,29,30,31,-1,31,30,32,-1,31,32,33,-1,33,32,34,-1,33,34,35,-1,35,34,36,-1,35,36,37,-1,37,36,38,-1,37,38,39,-1,39,38,40,-1,39,40,41,-1,41,40,42,-1,41,42,43,-1,43,42,44,-1,43,44,45,-1,45,44,46,-1,45,46,47,-1,47,46,48,-1,47,48,49,-1,49,48,50,-1,49,50,51,-1,51,50,52,-1,51,52,53,-1,53,52,54,-1,53,54,55,-1,55,54,56,-1,55,56,57,-1,57,56,58,-1,57,58,59,-1,59,58,60,-1,59,60,61,-1,61,60,62,-1,61,62,63,-1,63,62,64,-1,63,64,65,-1,65,64,66,-1,65,66,67,-1,67,66,68,-1,67,68,69,-1,69,68,70,-1,69,70,71,-1,72,71,73,-1,73,71,70,-1,72,73,74,-1,72,74,75,-1,75,74,76,-1,75,76,77,-1,77,76,78,-1,77,78,79,-1,79,78,80,-1,79,80,81,-1,81,80,82,-1,81,82,83,-1,83,82,84,-1,83,84,85,-1,85,84,86,-1,85,86,87,-1,87,86,88,-1,87,88,89,-1,89,88,90,-1,89,90,91,-1,91,90,92,-1,91,92,93,-1,93,92,94,-1,93,94,95,-1,95,94,96,-1,95,96,97,-1,97,96,98,-1,97,98,99,-1,99,98,100,-1,99,100,101,-1,101,100,102,-1,101,102,103,-1,103,102,104,-1,103,104,105,-1,105,104,106,-1,105,106,107,-1,107,106,108,-1,107,108,109,-1,109,108,110,-1,109,110,111,-1,111,110,112,-1,111,112,113,-1,113,112,114,-1,113,114,115,-1,115,114,116,-1,115,116,117,-1,117,116,118,-1,117,118,119,-1,119,118,120,-1,119,120,121,-1,121,120,122,-1,121,122,123,-1,123,122,124,-1,123,124,125,-1,125,124,126,-1,125,126,127,-1,127,126,128,-1,127,128,129,-1,129,128,1,-1,129,1,0,-1,57,59,81,-1,81,59,79,-1,105,39,103,-1,103,39,41,-1,17,19,121,-1,121,19,21,-1,121,21,119,-1,119,21,23,-1,119,23,117,-1,117,23,25,-1,117,25,115,-1,115,25,27,-1,115,27,113,-1,113,27,29,-1,113,29,111,-1,111,29,31,-1,111,31,109,-1,109,31,33,-1,109,33,107,-1,107,33,35,-1,107,35,105,-1,105,35,37,-1,105,37,39,-1,13,0,11,-1,11,0,3,-1,11,3,8,-1,8,3,5,-1,8,5,7,-1,59,61,79,-1,79,61,63,-1,79,63,77,-1,77,63,65,-1,77,65,75,-1,75,65,67,-1,75,67,72,-1,72,67,69,-1,72,69,71,-1,121,123,17,-1,17,123,125,-1,17,125,15,-1,15,125,127,-1,15,127,13,-1,13,127,129,-1,13,129,0,-1,81,83,57,-1,57,83,85,-1,57,85,55,-1,55,85,87,-1,55,87,53,-1,53,87,89,-1,53,89,51,-1,51,89,91,-1,51,91,49,-1,49,91,93,-1,49,93,47,-1,47,93,95,-1,47,95,45,-1,45,95,97,-1,45,97,43,-1,43,97,99,-1,43,99,41,-1,41,99,101,-1,41,101,103,-1,130,131,132,-1,132,131,133,-1,134,130,135,-1,135,130,132,-1,134,135,136,-1,134,136,137,-1,137,136,138,-1,137,138,139,-1,140,139,141,-1,141,139,138,-1,142,140,143,-1,143,140,141,-1,144,142,145,-1,145,142,143,-1,146,144,147,-1,147,144,145,-1,148,146,149,-1,149,146,147,-1,150,148,151,-1,151,148,149,-1,150,151,152,-1,150,152,153,-1,153,152,154,-1,153,154,155,-1,155,154,156,-1,155,156,157,-1,157,156,158,-1,157,158,159,-1,159,158,160,-1,159,160,161,-1,161,160,162,-1,161,162,163,-1,163,162,164,-1,163,164,165,-1,166,165,167,-1,167,165,164,-1,166,167,168,-1,166,168,169,-1,169,168,170,-1,169,170,171,-1,171,170,172,-1,171,172,173,-1,173,172,174,-1,173,174,175,-1,175,174,176,-1,175,176,177,-1,177,176,178,-1,177,178,179,-1,179,178,180,-1,179,180,181,-1,181,180,182,-1,181,182,183,-1,131,183,133,-1,133,183,182,-1,137,139,183,-1,131,130,183,-1,183,130,134,-1,183,134,137,-1,144,146,142,-1,142,146,148,-1,142,148,140,-1,165,166,163,-1,163,166,169,-1,163,169,161,-1,161,169,171,-1,161,171,159,-1,159,171,173,-1,159,173,157,-1,157,173,175,-1,157,175,155,-1,181,153,179,-1,179,153,155,-1,179,155,177,-1,177,155,175,-1,139,140,183,-1,183,140,148,-1,183,148,181,-1,181,148,150,-1,181,150,153,-1,184,185,186,-1,186,185,187,-1,188,184,189,-1,189,184,186,-1,190,188,191,-1,191,188,189,-1,192,190,193,-1,193,190,191,-1,194,192,195,-1,195,192,193,-1,196,194,197,-1,197,194,195,-1,198,196,199,-1,199,196,197,-1,200,198,201,-1,201,198,199,-1,202,200,203,-1,203,200,201,-1,204,202,205,-1,205,202,203,-1,206,204,207,-1,207,204,205,-1,185,206,187,-1,187,206,207,-1,206,185,184,-1,184,188,206,-1,206,188,190,-1,206,190,204,-1,200,202,198,-1,198,202,204,-1,198,204,196,-1,196,204,190,-1,196,190,194,-1,194,190,192,-1,208,209,210,-1,210,209,211,-1,210,211,212,-1,212,211,213,-1,212,213,214,-1,214,213,215,-1,214,215,216,-1,216,215,217,-1,216,217,218,-1,218,217,219,-1,218,219,220,-1,220,219,221,-1,220,221,222,-1,222,221,223,-1,222,223,224,-1,224,223,225,-1,224,225,226,-1,226,225,227,-1,226,227,228,-1,228,227,229,-1,228,229,230,-1,230,229,231,-1,230,231,232,-1,232,231,233,-1,232,233,234,-1,234,233,235,-1,234,235,236,-1,236,235,237,-1,236,237,238,-1,238,237,239,-1,238,239,240,-1,240,239,241,-1,240,241,242,-1,242,241,208,-1,242,208,210,-1,216,218,243,-1,243,218,244,-1,216,243,245,-1,216,245,214,-1,214,245,246,-1,214,246,212,-1,212,246,247,-1,212,247,210,-1,210,247,248,-1,210,248,242,-1,242,248,249,-1,242,249,240,-1,240,249,250,-1,240,250,238,-1,238,250,251,-1,238,251,236,-1,236,251,252,-1,236,252,234,-1,234,252,253,-1,234,253,232,-1,232,253,254,-1,232,254,230,-1,230,254,255,-1,230,255,228,-1,228,255,256,-1,228,256,226,-1,226,256,257,-1,226,257,224,-1,224,257,258,-1,224,258,222,-1,220,222,259,-1,259,222,258,-1,218,220,244,-1,244,220,259,-1,223,221,260,-1,260,221,261,-1,261,221,262,-1,262,221,219,-1,262,219,263,-1,219,217,263,-1,263,217,264,-1,209,265,266,-1,209,266,211,-1,211,266,267,-1,211,267,213,-1,213,267,268,-1,213,268,215,-1,215,268,264,-1,215,264,217,-1,237,269,270,-1,237,270,239,-1,270,271,239,-1,239,271,272,-1,239,272,241,-1,241,272,273,-1,241,273,208,-1,208,273,265,-1,208,265,209,-1,229,274,275,-1,229,275,231,-1,231,275,276,-1,231,276,233,-1,233,276,277,-1,233,277,235,-1,235,277,269,-1,235,269,237,-1,223,260,278,-1,223,278,225,-1,225,278,279,-1,225,279,227,-1,227,279,274,-1,227,274,229,-1,
        ]
    }
}
Shape{
    appearance Appearance {
        material  Material 	{
            diffuseColor 0.2235294117647059 0.2235294117647059 0.2235294117647059
            specularColor 0.11372549019607843 0.11372549019607843 0.11372549019607843
            ambientIntensity 0.2235
            transparency 0.0
            shininess 0.5
        }
    }
    geometry IndexedFaceSet {
        ccw TRUE
        solid FALSE
        coord DEF co Coordinate {
            point [
                -3.3722 3.553 0.7039, -3.3728 3.553 0.7129, -3.2848 3.553 0.7129, -3.3728 3.553 0.714, -3.3706 3.553 0.7339, -3.3662 3.553 0.7456, -3.3601 3.553 0.7547, -3.3556 3.553 0.7592, -3.3445 3.553 0.7668, -3.3308 3.553 0.772, -3.3095 3.553 0.7746, -3.2853 3.553 0.7748, -3.2844 3.553 0.6513, -3.3077 3.553 0.6512, -3.3534 3.553 0.6657, -3.3554 3.553 0.6675, -3.3297 3.553 0.6536, -3.343 3.553 0.6586, -3.3634 3.553 0.6773, -3.369 3.553 0.6892
            ]
        }
        coordIndex [
            0,1,2,-1,1,3,2,-1,2,3,4,-1,2,4,5,-1,5,6,2,-1,2,6,7,-1,2,7,8,-1,8,9,2,-1,2,9,10,-1,2,10,11,-1,2,12,13,-1,14,15,2,-1,13,16,2,-1,2,16,17,-1,2,17,14,-1,15,18,2,-1,2,18,19,-1,2,19,0,-1,
        ]
    }
}
Shape{
    appearance Appearance {
        material  Material 	{
            diffuseColor 1.0 1.0 1.0
            specularColor 0.5019607843137255 0.5019607843137255 0.5019607843137255
            ambientIntensity 1.0
            transparency 0.0
            shininess 0.5
        }
    }
    geometry IndexedFaceSet {
        ccw TRUE
        solid FALSE
        coord DEF co Coordinate {
            point [
                -3.4481 3.5533 0.6938, -3.4725 3.5533 0.7602, -3.465 3.5533 0.7919, -3.4029 3.5533 0.6322, -3.4257 3.5533 0.6321, -3.4414 3.5533 0.6757, -3.4739 3.5533 0.765, -3.4752 3.5533 0.7714, -3.4871 3.5533 0.7918, -3.4757 3.5533 0.7714, -3.4769 3.5533 0.7646, -3.4781 3.5533 0.7601, -3.5018 3.5533 0.6934, -3.547 3.5533 0.6312, -3.5241 3.5533 0.6314, -3.5081 3.5533 0.6753, -3.4871 3.553 0.7918, -3.547 3.553 0.6312, -3.465 3.553 0.7919, -3.4029 3.553 0.6322, -3.4257 3.553 0.6321, -3.4414 3.553 0.6757, -3.5081 3.553 0.6753, -3.5241 3.553 0.6314, -3.4481 3.553 0.6938, -3.5018 3.553 0.6934, -3.488 3.553 0.7324, -3.4781 3.553 0.7601, -3.4757 3.553 0.7714, -3.4769 3.553 0.7646, -3.4752 3.553 0.7714, -3.4725 3.553 0.7602, -3.4739 3.553 0.765, -3.4623 3.553 0.7324
            ]
        }
        coordIndex [
            0,1,2,-1,3,4,5,-1,1,6,2,-1,2,6,7,-1,2,7,8,-1,8,7,9,-1,8,9,10,-1,10,11,8,-1,8,11,12,-1,8,12,13,-1,14,13,15,-1,15,13,12,-1,15,12,5,-1,5,12,0,-1,5,0,3,-1,3,0,2,-1,8,13,16,-1,16,13,17,-1,2,8,18,-1,18,8,16,-1,3,2,19,-1,19,2,18,-1,4,3,20,-1,20,3,19,-1,5,4,21,-1,21,4,20,-1,15,5,22,-1,22,5,21,-1,14,15,23,-1,23,15,22,-1,13,14,17,-1,17,14,23,-1,0,12,24,-1,24,12,25,-1,25,12,26,-1,26,12,11,-1,26,11,27,-1,9,28,29,-1,9,29,10,-1,10,29,27,-1,10,27,11,-1,9,7,28,-1,28,7,30,-1,1,31,32,-1,1,32,6,-1,6,32,30,-1,6,30,7,-1,31,1,33,-1,33,1,0,-1,33,0,24,-1,
        ]
    }
}
Shape{
    appearance Appearance {
        material  Material 	{
            diffuseColor 0.2235294117647059 0.2235294117647059 0.2235294117647059
            specularColor 0.11372549019607843 0.11372549019607843 0.11372549019607843
            ambientIntensity 0.2235
            transparency 0.0
            shininess 0.5
        }
    }
    geometry IndexedFaceSet {
        ccw TRUE
        solid FALSE
        coord DEF co Coordinate {
            point [
                -3.4757 3.553 0.7714, -3.4752 3.553 0.7714, -3.4769 3.553 0.7646, -3.4739 3.553 0.765, -3.4781 3.553 0.7601, -3.4725 3.553 0.7602, -3.488 3.553 0.7324, -3.4623 3.553 0.7324, -3.4481 3.553 0.6938, -3.5018 3.553 0.6934
            ]
        }
        coordIndex [
            0,1,2,-1,2,1,3,-1,2,3,4,-1,4,3,5,-1,4,5,6,-1,5,7,6,-1,6,7,8,-1,6,8,9,-1,
        ]
    }
}
Shape{
    appearance Appearance {
        material  Material 	{
            diffuseColor 1.0 1.0 1.0
            specularColor 0.5019607843137255 0.5019607843137255 0.5019607843137255
            ambientIntensity 1.0
            transparency 0.0
            shininess 0.5
        }
    }
    geometry IndexedFaceSet {
        ccw TRUE
        solid FALSE
        coord DEF co Coordinate {
            point [
                -1.9964 3.5533 0.6195, -2.0132 3.5533 0.5985, -1.9868 3.5533 0.7203, -2.2075 3.5533 0.6902, -2.3675 3.5533 0.7734, -2.1365 3.5533 0.6835, -2.134 3.5533 0.6941, -1.9684 3.5533 0.9182, -1.9938 3.5533 0.9315, -1.9883 3.5533 1.0016, -2.1795 3.5533 0.7553, -2.0927 3.5533 0.7229, -2.1022 3.5533 0.7218, -2.0594 3.5533 1.0044, -2.0941 3.5533 0.921, -2.1118 3.5533 0.9569, -2.1127 3.5533 0.718, -2.1218 3.5533 0.7117, -2.1291 3.5533 0.7035, -1.9621 3.5533 0.7357, -1.9708 3.5533 0.6484, -1.9851 3.5533 0.644, -2.0332 3.5533 1.0069, -2.3326 3.5533 0.834, -2.2074 3.5533 0.6789, -2.1365 3.5533 0.6731, -2.2067 3.5533 0.667, -2.0816 3.5533 0.7216, -2.0671 3.5533 0.7915, -2.0716 3.5533 0.7177, -2.0419 3.5533 0.782, -2.0626 3.5533 0.7115, -2.0185 3.5533 0.766, -2.0581 3.5533 0.7067, -1.9995 3.5533 0.7446, -2.0522 3.5533 0.6974, -2.0487 3.5533 0.6867, -2.0481 3.5533 0.6756, -2.1356 3.5533 0.7867, -2.1082 3.5533 0.7937, -2.0944 3.5533 0.7947, -2.4058 3.5533 0.8858, -2.4149 3.5533 0.8857, -2.4621 3.5533 0.9469, -2.4366 3.5533 0.8829, -2.4676 3.5533 0.945, -2.4564 3.5533 0.8751, -2.5014 3.5533 0.9279, -2.5321 3.5533 0.9016, -2.0829 3.5533 1.0314, -2.1375 3.5533 0.9873, -2.1099 3.5533 1.0541, -2.1682 3.5533 1.0093, -2.1398 3.5533 1.0722, -2.022 3.5533 0.938, -2.0339 3.5533 0.9386, -2.0463 3.5533 1.0061, -2.0606 3.5533 0.935, -2.0861 3.5533 0.9255, -2.5308 3.5533 0.6891, -2.4781 3.5533 0.7347, -2.4997 3.5533 0.6631, -2.4612 3.5533 0.721, -2.4648 3.5533 0.6463, -2.441 3.5533 0.7119, -2.4269 3.5533 0.6386, -2.4205 3.5533 0.7081, -2.3597 3.5533 0.6391, -2.3693 3.5533 0.7085, -2.3533 3.5533 0.6401, -2.1597 3.5533 0.7736, -2.474 3.5533 0.8627, -2.487 3.5533 0.848, -2.5551 3.5533 0.869, -2.4974 3.5533 0.8283, -2.5688 3.5533 0.8342, -2.5026 3.5533 0.8064, -2.5737 3.5533 0.797, -2.5031 3.5533 0.7963, -2.5682 3.5533 0.7564, -2.5002 3.5533 0.7741, -2.5537 3.5533 0.7204, -2.4922 3.5533 0.7539, -2.4796 3.5533 0.7362, -2.4012 3.5533 1.0373, -2.3563 3.5533 0.9853, -2.4388 3.5533 0.9931, -2.3818 3.5533 0.9544, -2.3991 3.5533 0.9176, -1.9228 3.5533 0.8531, -1.8479 3.5533 0.8347, -1.9192 3.5533 0.8255, -1.8475 3.5533 0.8237, -1.9205 3.5533 0.8079, -1.8527 3.5533 0.7791, -1.9285 3.5533 0.78, -1.8687 3.5533 0.7366, -1.9418 3.5533 0.7569, -1.8944 3.5533 0.6993, -1.9298 3.5533 0.6687, -2.0501 3.5533 0.6649, -2.0546 3.5533 0.6553, -2.1925 3.5533 1.0916, -2.2055 3.5533 1.0242, -2.2468 3.5533 1.0976, -2.2475 3.5533 1.0293, -2.2977 3.5533 1.0914, -2.286 3.5533 1.0242, -2.3544 3.5533 1.0699, -2.3217 3.5533 1.0103, -2.3535 3.5533 0.9879, -1.9461 3.5533 0.9856, -1.9097 3.5533 0.9604, -1.9487 3.5533 0.9009, -1.9019 3.5533 0.9531, -1.9328 3.5533 0.8784, -1.8743 3.5533 0.9183, -1.8558 3.5533 0.8774, -2.1998 3.5533 0.6389, -2.1337 3.5533 0.6622, -2.1862 3.5533 0.6136, -2.1283 3.5533 0.6525, -2.1686 3.5533 0.5942, -2.1221 3.5533 0.6455, -2.1458 3.5533 0.5786, -2.1134 3.5533 0.6394, -2.1203 3.5533 0.569, -2.1035 3.5533 0.6355, -2.0927 3.5533 0.5658, -2.0921 3.5533 0.6341, -2.0884 3.5533 0.5659, -2.0901 3.5533 0.6342, -2.0615 3.5533 0.5703, -2.0799 3.5533 0.6359, -2.0353 3.5533 0.5815, -2.0697 3.5533 0.6404, -2.061 3.5533 0.6472, -2.3636 3.5533 0.7096, -2.3358 3.5533 0.6512, -2.3384 3.5533 0.6485, -2.367 3.5533 0.7088, -2.3458 3.5533 0.6432, -2.3269 3.5533 0.6746, -2.3279 3.5533 0.6661, -2.3309 3.5533 0.6584, -2.3536 3.5533 0.7086, -2.3458 3.5533 0.7055, -2.3272 3.5533 0.6791, -2.3388 3.5533 0.7006, -2.334 3.5533 0.6955, -2.3296 3.5533 0.6877, -2.3625 3.5533 0.7096, -2.5737 3.553 0.797, -2.5688 3.553 0.8342, -2.5551 3.553 0.869, -2.5321 3.553 0.9016, -2.5014 3.553 0.9279, -2.4676 3.553 0.945, -2.4621 3.553 0.9469, -2.4388 3.553 0.9931, -2.4012 3.553 1.0373, -2.3544 3.553 1.0699, -2.2977 3.553 1.0914, -2.2468 3.553 1.0976, -2.1925 3.553 1.0916, -2.1398 3.553 1.0722, -2.1099 3.553 1.0541, -2.0829 3.553 1.0314, -2.0594 3.553 1.0044, -2.0463 3.553 1.0061, -2.0332 3.553 1.0069, -1.9883 3.553 1.0016, -1.9461 3.553 0.9856, -1.9097 3.553 0.9604, -1.9019 3.553 0.9531, -1.8743 3.553 0.9183, -1.8558 3.553 0.8774, -1.8479 3.553 0.8347, -1.8475 3.553 0.8237, -1.8527 3.553 0.7791, -1.8687 3.553 0.7366, -1.8944 3.553 0.6993, -1.9298 3.553 0.6687, -1.9708 3.553 0.6484, -1.9851 3.553 0.644, -1.9964 3.553 0.6195, -2.0132 3.553 0.5985, -2.0353 3.553 0.5815, -2.0615 3.553 0.5703, -2.0884 3.553 0.5659, -2.0927 3.553 0.5658, -2.1203 3.553 0.569, -2.1458 3.553 0.5786, -2.1686 3.553 0.5942, -2.1862 3.553 0.6136, -2.1998 3.553 0.6389, -2.2067 3.553 0.667, -2.2074 3.553 0.6789, -2.2075 3.553 0.6902, -2.3675 3.553 0.7734, -2.3326 3.553 0.834, -2.1795 3.553 0.7553, -2.1597 3.553 0.7736, -2.1356 3.553 0.7867, -2.1082 3.553 0.7937, -2.0944 3.553 0.7947, -2.0671 3.553 0.7915, -2.0419 3.553 0.782, -2.0185 3.553 0.766, -1.9995 3.553 0.7446, -1.9868 3.553 0.7203, -1.9621 3.553 0.7357, -1.9418 3.553 0.7569, -1.9285 3.553 0.78, -1.9205 3.553 0.8079, -1.9192 3.553 0.8255, -1.9228 3.553 0.8531, -1.9328 3.553 0.8784, -1.9487 3.553 0.9009, -1.9684 3.553 0.9182, -1.9938 3.553 0.9315, -2.022 3.553 0.938, -2.0339 3.553 0.9386, -2.0606 3.553 0.935, -2.0861 3.553 0.9255, -2.0941 3.553 0.921, -2.1118 3.553 0.9569, -2.1375 3.553 0.9873, -2.1682 3.553 1.0093, -2.2055 3.553 1.0242, -2.2475 3.553 1.0293, -2.286 3.553 1.0242, -2.3217 3.553 1.0103, -2.3535 3.553 0.9879, -2.3563 3.553 0.9853, -2.3818 3.553 0.9544, -2.3991 3.553 0.9176, -2.4058 3.553 0.8858, -2.4149 3.553 0.8857, -2.4366 3.553 0.8829, -2.4564 3.553 0.8751, -2.474 3.553 0.8627, -2.487 3.553 0.848, -2.4974 3.553 0.8283, -2.5026 3.553 0.8064, -2.5031 3.553 0.7963, -2.5002 3.553 0.7741, -2.4922 3.553 0.7539, -2.4796 3.553 0.7362, -2.4781 3.553 0.7347, -2.4612 3.553 0.721, -2.441 3.553 0.7119, -2.4205 3.553 0.7081, -2.3693 3.553 0.7085, -2.367 3.553 0.7088, -2.3636 3.553 0.7096, -2.3625 3.553 0.7096, -2.3536 3.553 0.7086, -2.3458 3.553 0.7055, -2.3388 3.553 0.7006, -2.334 3.553 0.6955, -2.3296 3.553 0.6877, -2.3272 3.553 0.6791, -2.3269 3.553 0.6746, -2.3279 3.553 0.6661, -2.3309 3.553 0.6584, -2.3358 3.553 0.6512, -2.3384 3.553 0.6485, -2.3458 3.553 0.6432, -2.3533 3.553 0.6401, -2.3597 3.553 0.6391, -2.4269 3.553 0.6386, -2.4648 3.553 0.6463, -2.4997 3.553 0.6631, -2.5308 3.553 0.6891, -2.5537 3.553 0.7204, -2.5682 3.553 0.7564, -2.0927 3.553 0.7229, -2.1022 3.553 0.7218, -2.1127 3.553 0.718, -2.1218 3.553 0.7117, -2.1291 3.553 0.7035, -2.134 3.553 0.6941, -2.1365 3.553 0.6835, -2.1365 3.553 0.6785, -2.1365 3.553 0.6731, -2.1337 3.553 0.6622, -2.1283 3.553 0.6525, -2.1221 3.553 0.6455, -2.1134 3.553 0.6394, -2.1035 3.553 0.6355, -2.0921 3.553 0.6341, -2.0901 3.553 0.6342, -2.0799 3.553 0.6359, -2.0697 3.553 0.6404, -2.061 3.553 0.6472, -2.0546 3.553 0.6553, -2.0501 3.553 0.6649, -2.0481 3.553 0.6756, -2.0483 3.553 0.6785, -2.0487 3.553 0.6867, -2.0522 3.553 0.6974, -2.0581 3.553 0.7067, -2.0626 3.553 0.7115, -2.0716 3.553 0.7177, -2.0816 3.553 0.7216
            ]
        }
        coordIndex [
            0,1,2,-1,3,4,5,-1,5,4,6,-1,7,8,9,-1,10,11,12,-1,13,14,15,-1,12,16,10,-1,10,16,17,-1,10,17,18,-1,19,20,2,-1,2,20,21,-1,2,21,0,-1,9,8,22,-1,6,4,18,-1,18,4,23,-1,18,23,10,-1,3,5,24,-1,24,5,25,-1,24,25,26,-1,27,28,29,-1,29,28,30,-1,29,30,31,-1,31,30,32,-1,31,32,33,-1,33,32,34,-1,33,34,35,-1,35,34,2,-1,35,2,36,-1,36,2,37,-1,38,39,27,-1,27,39,40,-1,27,40,28,-1,41,42,43,-1,43,42,44,-1,43,44,45,-1,45,44,46,-1,45,46,47,-1,47,46,48,-1,13,15,49,-1,49,15,50,-1,49,50,51,-1,51,50,52,-1,51,52,53,-1,8,54,22,-1,22,54,55,-1,22,55,56,-1,56,55,57,-1,56,57,13,-1,13,57,58,-1,13,58,14,-1,59,60,61,-1,61,60,62,-1,61,62,63,-1,63,62,64,-1,63,64,65,-1,65,64,66,-1,65,66,67,-1,67,66,68,-1,67,68,69,-1,11,10,27,-1,27,10,70,-1,27,70,38,-1,46,71,48,-1,48,71,72,-1,48,72,73,-1,73,72,74,-1,73,74,75,-1,75,74,76,-1,75,76,77,-1,77,76,78,-1,77,78,79,-1,79,78,80,-1,79,80,81,-1,81,80,82,-1,81,82,59,-1,59,82,83,-1,59,83,60,-1,84,85,86,-1,86,85,87,-1,86,87,43,-1,43,87,88,-1,43,88,41,-1,89,90,91,-1,91,90,92,-1,91,92,93,-1,93,92,94,-1,93,94,95,-1,95,94,96,-1,95,96,97,-1,97,96,98,-1,97,98,19,-1,19,98,99,-1,19,99,20,-1,37,2,100,-1,100,2,1,-1,100,1,101,-1,53,52,102,-1,102,52,103,-1,102,103,104,-1,104,103,105,-1,104,105,106,-1,106,105,107,-1,106,107,108,-1,108,107,109,-1,108,109,84,-1,84,109,110,-1,84,110,85,-1,9,111,7,-1,7,111,112,-1,7,112,113,-1,113,112,114,-1,113,114,115,-1,115,114,116,-1,115,116,89,-1,89,116,117,-1,89,117,90,-1,26,25,118,-1,118,25,119,-1,118,119,120,-1,120,119,121,-1,120,121,122,-1,122,121,123,-1,122,123,124,-1,124,123,125,-1,124,125,126,-1,126,125,127,-1,126,127,128,-1,128,127,129,-1,128,129,130,-1,130,129,131,-1,130,131,132,-1,132,131,133,-1,132,133,134,-1,134,133,135,-1,134,135,1,-1,1,135,136,-1,1,136,101,-1,137,138,139,-1,68,140,69,-1,69,140,137,-1,69,137,141,-1,141,137,139,-1,142,143,137,-1,137,143,144,-1,137,144,138,-1,145,146,147,-1,146,148,147,-1,147,148,149,-1,147,149,150,-1,142,137,147,-1,147,137,151,-1,147,151,145,-1,77,152,153,-1,77,153,75,-1,75,153,154,-1,75,154,73,-1,73,154,155,-1,73,155,48,-1,48,155,156,-1,48,156,47,-1,47,156,157,-1,47,157,45,-1,45,157,158,-1,45,158,43,-1,43,158,159,-1,43,159,86,-1,86,159,160,-1,86,160,84,-1,84,160,161,-1,84,161,108,-1,108,161,162,-1,108,162,106,-1,106,162,163,-1,106,163,104,-1,104,163,164,-1,104,164,102,-1,102,164,165,-1,102,165,53,-1,53,165,166,-1,53,166,51,-1,51,166,167,-1,51,167,49,-1,49,167,168,-1,49,168,13,-1,13,168,169,-1,13,169,56,-1,56,169,170,-1,56,170,22,-1,22,170,171,-1,22,171,9,-1,9,171,172,-1,9,172,111,-1,111,172,173,-1,111,173,112,-1,112,173,174,-1,112,174,114,-1,114,174,175,-1,114,175,116,-1,116,175,176,-1,116,176,117,-1,117,176,177,-1,117,177,90,-1,90,177,178,-1,90,178,92,-1,92,178,179,-1,92,179,94,-1,94,179,180,-1,94,180,96,-1,96,180,181,-1,96,181,98,-1,98,181,182,-1,98,182,99,-1,99,182,183,-1,99,183,20,-1,20,183,184,-1,20,184,21,-1,21,184,185,-1,21,185,0,-1,0,185,186,-1,0,186,1,-1,1,186,187,-1,1,187,134,-1,134,187,188,-1,134,188,132,-1,132,188,189,-1,132,189,130,-1,130,189,190,-1,130,190,128,-1,128,190,191,-1,128,191,126,-1,126,191,192,-1,126,192,124,-1,124,192,193,-1,124,193,122,-1,122,193,194,-1,122,194,120,-1,120,194,195,-1,120,195,118,-1,118,195,196,-1,118,196,26,-1,26,196,197,-1,26,197,24,-1,3,24,198,-1,198,24,197,-1,4,3,199,-1,199,3,198,-1,23,4,200,-1,200,4,199,-1,10,23,201,-1,201,23,200,-1,10,201,202,-1,10,202,70,-1,70,202,203,-1,70,203,38,-1,38,203,204,-1,38,204,39,-1,39,204,205,-1,39,205,40,-1,40,205,206,-1,40,206,28,-1,28,206,207,-1,28,207,30,-1,30,207,208,-1,30,208,32,-1,32,208,209,-1,32,209,34,-1,34,209,210,-1,34,210,2,-1,2,210,211,-1,2,211,19,-1,19,211,212,-1,19,212,97,-1,97,212,213,-1,97,213,95,-1,95,213,214,-1,95,214,93,-1,93,214,215,-1,93,215,91,-1,91,215,216,-1,91,216,89,-1,89,216,217,-1,89,217,115,-1,115,217,218,-1,115,218,113,-1,113,218,219,-1,113,219,7,-1,7,219,220,-1,7,220,8,-1,8,220,221,-1,8,221,54,-1,54,221,222,-1,54,222,55,-1,55,222,223,-1,55,223,57,-1,57,223,224,-1,57,224,58,-1,58,224,225,-1,58,225,14,-1,14,225,226,-1,14,226,15,-1,15,226,227,-1,15,227,50,-1,50,227,228,-1,50,228,52,-1,52,228,229,-1,52,229,103,-1,103,229,230,-1,103,230,105,-1,105,230,231,-1,105,231,107,-1,107,231,232,-1,107,232,109,-1,109,232,233,-1,109,233,110,-1,110,233,234,-1,110,234,85,-1,85,234,235,-1,85,235,87,-1,87,235,236,-1,87,236,88,-1,88,236,237,-1,88,237,41,-1,42,41,238,-1,238,41,237,-1,42,238,239,-1,42,239,44,-1,44,239,240,-1,44,240,46,-1,46,240,241,-1,46,241,71,-1,71,241,242,-1,71,242,72,-1,72,242,243,-1,72,243,74,-1,74,243,244,-1,74,244,76,-1,76,244,245,-1,76,245,78,-1,78,245,246,-1,78,246,80,-1,80,246,247,-1,80,247,82,-1,82,247,248,-1,82,248,83,-1,83,248,249,-1,83,249,60,-1,60,249,250,-1,60,250,62,-1,62,250,251,-1,62,251,64,-1,64,251,252,-1,64,252,66,-1,68,66,253,-1,253,66,252,-1,68,253,254,-1,68,254,140,-1,140,254,255,-1,140,255,137,-1,137,255,256,-1,137,256,151,-1,151,256,257,-1,151,257,145,-1,145,257,258,-1,145,258,146,-1,146,258,259,-1,146,259,148,-1,148,259,260,-1,148,260,149,-1,149,260,261,-1,149,261,150,-1,150,261,262,-1,150,262,147,-1,147,262,263,-1,147,263,142,-1,142,263,264,-1,142,264,143,-1,143,264,265,-1,143,265,144,-1,144,265,266,-1,144,266,138,-1,138,266,267,-1,138,267,139,-1,139,267,268,-1,139,268,141,-1,141,268,269,-1,141,269,69,-1,69,269,270,-1,69,270,67,-1,65,67,271,-1,271,67,270,-1,65,271,272,-1,65,272,63,-1,63,272,273,-1,63,273,61,-1,61,273,274,-1,61,274,59,-1,59,274,275,-1,59,275,81,-1,81,275,276,-1,81,276,79,-1,79,276,152,-1,79,152,77,-1,11,277,278,-1,11,278,12,-1,12,278,279,-1,12,279,16,-1,16,279,280,-1,16,280,17,-1,17,280,281,-1,17,281,18,-1,18,281,282,-1,18,282,6,-1,6,282,283,-1,6,283,5,-1,5,283,284,-1,5,284,25,-1,284,285,25,-1,25,285,286,-1,25,286,119,-1,119,286,287,-1,119,287,121,-1,121,287,288,-1,121,288,123,-1,123,288,289,-1,123,289,125,-1,125,289,290,-1,125,290,127,-1,127,290,291,-1,127,291,129,-1,129,291,292,-1,129,292,131,-1,131,292,293,-1,131,293,133,-1,133,293,294,-1,133,294,135,-1,135,294,295,-1,135,295,136,-1,136,295,296,-1,136,296,101,-1,101,296,297,-1,101,297,100,-1,100,297,298,-1,100,298,37,-1,37,298,299,-1,37,299,36,-1,299,300,36,-1,36,300,301,-1,36,301,35,-1,35,301,302,-1,35,302,33,-1,33,302,303,-1,33,303,31,-1,31,303,304,-1,31,304,29,-1,29,304,305,-1,29,305,27,-1,27,305,277,-1,27,277,11,-1,
        ]
    }
}
Shape{
    appearance Appearance {
        material  Material 	{
            diffuseColor 0.2235294117647059 0.2235294117647059 0.2235294117647059
            specularColor 0.11372549019607843 0.11372549019607843 0.11372549019607843
            ambientIntensity 0.2235
            transparency 0.0
            shininess 0.5
        }
    }
    geometry IndexedFaceSet {
        ccw TRUE
        solid FALSE
        coord DEF co Coordinate {
            point [
                -2.1193 3.553 0.7002, -2.1218 3.553 0.7117, -2.1127 3.553 0.718, -2.1365 3.553 0.6785, -2.1365 3.553 0.6835, -2.134 3.553 0.6941, -2.1291 3.553 0.7035, -2.1022 3.553 0.7218, -2.0927 3.553 0.7229, -2.0816 3.553 0.7216, -2.0522 3.553 0.6974, -2.0487 3.553 0.6867, -2.0716 3.553 0.7177, -2.0626 3.553 0.7115, -2.0581 3.553 0.7067, -2.0483 3.553 0.6785, -2.0481 3.553 0.6756, -2.0501 3.553 0.6649, -2.0546 3.553 0.6553, -2.061 3.553 0.6472, -2.0697 3.553 0.6404, -2.1283 3.553 0.6525, -2.1337 3.553 0.6622, -2.1143 3.553 0.6563, -2.1365 3.553 0.6731, -2.1035 3.553 0.6355, -2.1134 3.553 0.6394, -2.1221 3.553 0.6455, -2.0799 3.553 0.6359, -2.0901 3.553 0.6342, -2.0921 3.553 0.6341
            ]
        }
        coordIndex [
            0,1,2,-1,0,3,4,-1,4,5,0,-1,0,5,6,-1,0,6,1,-1,2,7,0,-1,0,7,8,-1,0,8,9,-1,10,11,3,-1,9,12,0,-1,0,12,13,-1,0,13,3,-1,3,13,14,-1,3,14,10,-1,11,15,3,-1,3,15,16,-1,3,16,17,-1,17,18,3,-1,3,18,19,-1,3,19,20,-1,21,22,23,-1,23,22,24,-1,23,24,3,-1,25,26,23,-1,23,26,27,-1,23,27,21,-1,20,28,3,-1,3,28,29,-1,3,29,23,-1,23,29,30,-1,23,30,25,-1,
        ]
    }
}