#VRML V2.0 utf8
# 3D model generated by easyeda2kicad.py (https://github.com/uPesy/easyeda2kicad.py)

Shape{
    appearance Appearance {
        material  Material 	{
            diffuseColor 0.803921568627451 0.5843137254901961 0.19215686274509805
            specularColor 0.7529411764705882 0.7529411764705882 0.7529411764705882
            ambientIntensity 1.0
            transparency 1.0
            shininess 0.5
        }
    }
    geometry IndexedFaceSet {
        ccw TRUE
        solid FALSE
        coord DEF co Coordinate {
            point [
                1.1811 0.7916 1.8092, 1.1811 -0.6114 4.5946, 0.9843 -0.6114 4.5946, 0.9843 0.7916 1.8092, 0.9843 0.8268 1.7234, 1.1811 0.8482 1.6333, 1.1811 0.8268 1.7234, 0.9843 0.8482 1.6333, 1.1811 0.8554 1.5409, 0.9843 0.8554 1.5409, 1.1811 0.8554 1.2402, 0.9843 0.8554 1.2402, -1.6142 0.8268 1.7234, -1.6142 0.9579 1.7656, -1.6142 0.8482 1.6333, -1.6142 0.9843 1.6546, -1.6142 0.7916 1.8092, -1.6142 0.9147 1.8712, -1.6142 -0.6547 4.7864, -1.6142 -0.6032 4.7687, -1.6142 -0.6355 4.6264, -1.6142 -0.6114 4.5946, -1.6142 -0.6695 4.6473, -1.6142 -0.7088 4.6546, -1.6142 -0.7088 4.7924, -1.6142 -0.746 4.6546, -1.6142 -0.746 4.7924, -1.6142 -0.5569 4.7402, -1.6142 -0.518 4.7022, -1.6142 -0.4883 4.6566, -1.6142 0.8554 1.5409, -1.6142 0.9932 1.5409, -1.6142 0.8554 1.2402, -1.6142 0.9932 1.2402, -1.4173 0.9932 1.5409, -1.4173 0.9932 1.2402, -1.4173 0.9147 1.8712, -1.4173 0.8268 1.7234, -1.4173 0.9579 1.7656, -1.4173 0.8482 1.6333, -1.4173 0.7916 1.8092, -1.4173 -0.6032 4.7687, -1.4173 -0.6355 4.6264, -1.4173 -0.6114 4.5946, -1.4173 -0.6547 4.7864, -1.4173 -0.7088 4.7924, -1.4173 -0.6695 4.6473, -1.4173 -0.7088 4.6546, -1.4173 -0.746 4.7924, -1.4173 -0.746 4.6546, -1.4173 0.9843 1.6546, -1.4173 0.8554 1.5409, -1.4173 -0.5569 4.7402, -1.4173 -0.518 4.7022, -1.4173 -0.4883 4.6566, -1.4173 0.8554 1.2402, -1.1811 0.8268 1.7234, -1.1811 0.9579 1.7656, -1.1811 0.8482 1.6333, -1.1811 0.9843 1.6546, -1.1811 0.7916 1.8092, -1.1811 0.9147 1.8712, -1.1811 -0.6547 4.7864, -1.1811 -0.6032 4.7687, -1.1811 -0.6355 4.6264, -1.1811 -0.6114 4.5946, -1.1811 -0.6695 4.6473, -1.1811 -0.7088 4.6546, -1.1811 -0.7088 4.7924, -1.1811 -0.746 4.6546, -1.1811 -0.746 4.7924, -1.1811 -0.5569 4.7402, -1.1811 -0.518 4.7022, -1.1811 -0.4883 4.6566, -1.1811 0.8554 1.5409, -1.1811 0.9932 1.5409, -1.1811 0.8554 1.2402, -1.1811 0.9932 1.2402, -0.9843 0.9932 1.5409, -0.9843 0.9932 1.2402, -0.9843 0.9147 1.8712, -0.9843 0.8268 1.7234, -0.9843 0.9579 1.7656, -0.9843 0.8482 1.6333, -0.9843 0.7916 1.8092, -0.9843 -0.6032 4.7687, -0.9843 -0.6355 4.6264, -0.9843 -0.6114 4.5946, -0.9843 -0.6547 4.7864, -0.9843 -0.7088 4.7924, -0.9843 -0.6695 4.6473, -0.9843 -0.7088 4.6546, -0.9843 -0.746 4.7924, -0.9843 -0.746 4.6546, -0.9843 0.9843 1.6546, -0.9843 0.8554 1.5409, -0.9843 -0.5569 4.7402, -0.9843 -0.518 4.7022, -0.9843 -0.4883 4.6566, -0.9843 0.8554 1.2402, -0.748 0.8268 1.7234, -0.748 0.9579 1.7656, -0.748 0.8482 1.6333, -0.748 0.9843 1.6546, -0.748 0.7916 1.8092, -0.748 0.9147 1.8712, -0.748 -0.6547 4.7864, -0.748 -0.6032 4.7687, -0.748 -0.6355 4.6264, -0.748 -0.6114 4.5946, -0.748 -0.6695 4.6473, -0.748 -0.7088 4.6546, -0.748 -0.7088 4.7924, -0.748 -0.746 4.6546, -0.748 -0.746 4.7924, -0.748 -0.5569 4.7402, -0.748 -0.518 4.7022, -0.748 -0.4883 4.6566, -0.748 0.8554 1.5409, -0.748 0.9932 1.5409, -0.748 0.8554 1.2402, -0.748 0.9932 1.2402, -0.5512 0.9932 1.5409, -0.5512 0.9932 1.2402, -0.5512 0.9147 1.8712, -0.5512 0.8268 1.7234, -0.5512 0.9579 1.7656, -0.5512 0.8482 1.6333, -0.5512 0.7916 1.8092, -0.5512 -0.6032 4.7687, -0.5512 -0.6355 4.6264, -0.5512 -0.6114 4.5946, -0.5512 -0.6547 4.7864, -0.5512 -0.7088 4.7924, -0.5512 -0.6695 4.6473, -0.5512 -0.7088 4.6546, -0.5512 -0.746 4.7924, -0.5512 -0.746 4.6546, -0.5512 0.9843 1.6546, -0.5512 0.8554 1.5409, -0.5512 -0.5569 4.7402, -0.5512 -0.518 4.7022, -0.5512 -0.4883 4.6566, -0.5512 0.8554 1.2402, -0.315 0.8268 1.7234, -0.315 0.9579 1.7656, -0.315 0.8482 1.6333, -0.315 0.9843 1.6546, -0.315 0.7916 1.8092, -0.315 0.9147 1.8712, -0.315 -0.6547 4.7864, -0.315 -0.6032 4.7687, -0.315 -0.6355 4.6264, -0.315 -0.6114 4.5946, -0.315 -0.6695 4.6473, -0.315 -0.7088 4.6546, -0.315 -0.7088 4.7924, -0.315 -0.746 4.6546, -0.315 -0.746 4.7924, -0.315 -0.5569 4.7402, -0.315 -0.518 4.7022, -0.315 -0.4883 4.6566, -0.315 0.8554 1.5409, -0.315 0.9932 1.5409, -0.315 0.8554 1.2402, -0.315 0.9932 1.2402, -0.1181 0.9932 1.5409, -0.1181 0.9932 1.2402, -0.1181 0.9147 1.8712, -0.1181 0.8268 1.7234, -0.1181 0.9579 1.7656, -0.1181 0.8482 1.6333, -0.1181 0.7916 1.8092, -0.1181 -0.6032 4.7687, -0.1181 -0.6355 4.6264, -0.1181 -0.6114 4.5946, -0.1181 -0.6547 4.7864, -0.1181 -0.7088 4.7924, -0.1181 -0.6695 4.6473, -0.1181 -0.7088 4.6546, -0.1181 -0.746 4.7924, -0.1181 -0.746 4.6546, -0.1181 0.9843 1.6546, -0.1181 0.8554 1.5409, -0.1181 -0.5569 4.7402, -0.1181 -0.518 4.7022, -0.1181 -0.4883 4.6566, -0.1181 0.8554 1.2402, 0.1181 0.8268 1.7234, 0.1181 0.9579 1.7656, 0.1181 0.8482 1.6333, 0.1181 0.9843 1.6546, 0.1181 0.7916 1.8092, 0.1181 0.9147 1.8712, 0.1181 -0.6547 4.7864, 0.1181 -0.6032 4.7687, 0.1181 -0.6355 4.6264, 0.1181 -0.6114 4.5946, 0.1181 -0.6695 4.6473, 0.1181 -0.7088 4.6546, 0.1181 -0.7088 4.7924, 0.1181 -0.746 4.6546, 0.1181 -0.746 4.7924, 0.1181 -0.5569 4.7402, 0.1181 -0.518 4.7022, 0.1181 -0.4883 4.6566, 0.1181 0.8554 1.5409, 0.1181 0.9932 1.5409, 0.1181 0.8554 1.2402, 0.1181 0.9932 1.2402, 0.315 0.9932 1.5409, 0.315 0.9932 1.2402, 0.315 0.9147 1.8712, 0.315 0.8268 1.7234, 0.315 0.9579 1.7656, 0.315 0.8482 1.6333, 0.315 0.7916 1.8092, 0.315 -0.6032 4.7687, 0.315 -0.6355 4.6264, 0.315 -0.6114 4.5946, 0.315 -0.6547 4.7864, 0.315 -0.7088 4.7924, 0.315 -0.6695 4.6473, 0.315 -0.7088 4.6546, 0.315 -0.746 4.7924, 0.315 -0.746 4.6546, 0.315 0.9843 1.6546, 0.315 0.8554 1.5409, 0.315 -0.5569 4.7402, 0.315 -0.518 4.7022, 0.315 -0.4883 4.6566, 0.315 0.8554 1.2402, 0.5512 0.8268 1.7234, 0.5512 0.9579 1.7656, 0.5512 0.8482 1.6333, 0.5512 0.9843 1.6546, 0.5512 0.7916 1.8092, 0.5512 0.9147 1.8712, 0.5512 -0.6547 4.7864, 0.5512 -0.6032 4.7687, 0.5512 -0.6355 4.6264, 0.5512 -0.6114 4.5946, 0.5512 -0.6695 4.6473, 0.5512 -0.7088 4.6546, 0.5512 -0.7088 4.7924, 0.5512 -0.746 4.6546, 0.5512 -0.746 4.7924, 0.5512 -0.5569 4.7402, 0.5512 -0.518 4.7022, 0.5512 -0.4883 4.6566, 0.5512 0.8554 1.5409, 0.5512 0.9932 1.5409, 0.5512 0.8554 1.2402, 0.5512 0.9932 1.2402, 0.748 0.9932 1.5409, 0.748 0.9932 1.2402, 0.748 0.9147 1.8712, 0.748 0.8268 1.7234, 0.748 0.9579 1.7656, 0.748 0.8482 1.6333, 0.748 0.7916 1.8092, 0.748 -0.6032 4.7687, 0.748 -0.6355 4.6264, 0.748 -0.6114 4.5946, 0.748 -0.6547 4.7864, 0.748 -0.7088 4.7924, 0.748 -0.6695 4.6473, 0.748 -0.7088 4.6546, 0.748 -0.746 4.7924, 0.748 -0.746 4.6546, 0.748 0.9843 1.6546, 0.748 0.8554 1.5409, 0.748 -0.5569 4.7402, 0.748 -0.518 4.7022, 0.748 -0.4883 4.6566, 0.748 0.8554 1.2402, 0.9843 0.9579 1.7656, 0.9843 0.9843 1.6546, 0.9843 0.9147 1.8712, 0.9843 -0.6547 4.7864, 0.9843 -0.6032 4.7687, 0.9843 -0.6355 4.6264, 0.9843 -0.6695 4.6473, 0.9843 -0.7088 4.6546, 0.9843 -0.7088 4.7924, 0.9843 -0.746 4.6546, 0.9843 -0.746 4.7924, 0.9843 -0.5569 4.7402, 0.9843 -0.518 4.7022, 0.9843 -0.4883 4.6566, 0.9843 0.9932 1.5409, 0.9843 0.9932 1.2402, 1.1811 0.9932 1.5409, 1.1811 0.9932 1.2402, 1.1811 0.9147 1.8712, 1.1811 0.9579 1.7656, 1.1811 -0.6032 4.7687, 1.1811 -0.6355 4.6264, 1.1811 -0.6547 4.7864, 1.1811 -0.7088 4.7924, 1.1811 -0.6695 4.6473, 1.1811 -0.7088 4.6546, 1.1811 -0.746 4.7924, 1.1811 -0.746 4.6546, 1.1811 0.9843 1.6546, 1.1811 -0.5569 4.7402, 1.1811 -0.518 4.7022, 1.1811 -0.4883 4.6566, 1.4173 0.8268 1.7234, 1.4173 0.9579 1.7656, 1.4173 0.8482 1.6333, 1.4173 0.9843 1.6546, 1.4173 0.7916 1.8092, 1.4173 0.9147 1.8712, 1.4173 -0.6547 4.7864, 1.4173 -0.6032 4.7687, 1.4173 -0.6355 4.6264, 1.4173 -0.6114 4.5946, 1.4173 -0.6695 4.6473, 1.4173 -0.7088 4.6546, 1.4173 -0.7088 4.7924, 1.4173 -0.746 4.6546, 1.4173 -0.746 4.7924, 1.4173 -0.5569 4.7402, 1.4173 -0.518 4.7022, 1.4173 -0.4883 4.6566, 1.4173 0.8554 1.5409, 1.4173 0.9932 1.5409, 1.4173 0.8554 1.2402, 1.4173 0.9932 1.2402, 1.6142 0.9932 1.5409, 1.6142 0.9932 1.2402, 1.6142 0.9147 1.8712, 1.6142 0.8268 1.7234, 1.6142 0.9579 1.7656, 1.6142 0.8482 1.6333, 1.6142 0.7916 1.8092, 1.6142 -0.6032 4.7687, 1.6142 -0.6355 4.6264, 1.6142 -0.6114 4.5946, 1.6142 -0.6547 4.7864, 1.6142 -0.7088 4.7924, 1.6142 -0.6695 4.6473, 1.6142 -0.7088 4.6546, 1.6142 -0.746 4.7924, 1.6142 -0.746 4.6546, 1.6142 0.9843 1.6546, 1.6142 0.8554 1.5409, 1.6142 -0.5569 4.7402, 1.6142 -0.518 4.7022, 1.6142 -0.4883 4.6566, 1.6142 0.8554 1.2402, -0.4562 3.5886 2.5714, -0.4269 3.5886 2.5643, -0.4041 3.5886 2.5444, -0.8758 3.5886 2.2657, -1.1787 3.5886 2.0137, -0.9792 3.5886 2.5714, -0.393 3.5886 2.5163, -0.3962 3.5886 2.4862, -1.6882 3.5886 1.8771, -1.5991 3.5886 1.7914, -1.6804 3.5886 1.8441, -0.6612 3.5886 2.1008, -0.6703 3.5886 2.2657, -0.534 3.5886 2.1008, -0.874 3.5886 2.1008, -0.744 3.5886 1.7914, -0.8297 3.5886 2.3948, -1.0607 3.5886 1.8002, -1.1178 3.5886 1.7914, -1.0089 3.5886 1.8259, -0.5312 3.5886 1.7914, -1.6609 3.5886 1.8163, -1.6324 3.5886 1.7979, -1.3808 3.5886 2.0137, -1.6831 3.5886 1.9107, -0.9673 3.5886 1.866, -1.4468 3.5886 2.5714, -1.1814 3.5886 2.5714, -0.9398 3.5886 1.9168, -0.6241 3.5886 2.3948, 1.5038 3.5886 5.0383, 1.2246 3.5886 5.3423, 1.3862 3.5886 5.3423, 1.5278 3.5886 4.5549, 1.8083 3.5886 5.0383, 1.6913 3.5886 5.3423, 1.853 3.5886 5.3423, 1.8589 3.5886 4.9067, 1.5543 3.5886 4.9067, 2.1567 3.5886 4.5549, 1.9945 3.5886 4.5549, 1.69 3.5886 4.5549, 0.9471 3.5886 4.9127, 0.9771 3.5886 4.9073, 0.955 3.5886 4.8208, 0.8948 3.5886 5.1371, 0.936 3.5886 5.1387, 0.9318 3.5886 5.0236, 0.7813 3.5886 5.094, 0.8156 3.5886 5.117, 0.8997 3.5886 4.9931, 0.8544 3.5886 5.1302, 0.9114 3.5886 5.0117, 0.7621 3.5886 4.9314, 0.7535 3.5886 4.9596, 0.8985 3.5886 4.9706, 0.7476 3.5886 4.9862, 0.9173 3.5886 4.9191, 1.1273 3.5886 4.6569, 1.0838 3.5886 4.573, 1.093 3.5886 4.661, 0.8209 3.5886 4.7789, 0.791 3.5886 4.855, 0.872 3.5886 4.5988, 0.8684 3.5886 4.636, 1.0196 3.5886 4.6193, 1.1565 3.5886 4.6619, 1.1751 3.5886 4.6752, 1.1998 3.5886 4.5415, 1.1078 3.5886 4.5617, 1.138 3.5886 4.5509, 1.1685 3.5886 4.544, 1.0069 3.5886 5.0238, 0.9673 3.5886 5.0286, 1.003 3.5886 5.1339, 1.2799 3.5886 4.5618, 1.2435 3.5886 4.5465, 1.0765 3.5886 4.9636, 1.1581 3.5886 5.0631, 1.195 3.5886 5.0234, 1.0358 3.5886 5.0114, 1.0622 3.5886 5.1195, 1.1138 3.5886 5.0956, 1.0612 3.5886 4.5864, 1.0591 3.5886 4.9915, 1.0399 3.5886 4.6019, 1.0589 3.5886 4.6736, 1.175 3.5886 4.7503, 1.2948 3.5886 4.8016, 1.1864 3.5886 4.7209, 1.0273 3.5886 4.6939, 1.005 3.5886 4.7171, 1.0218 3.5886 4.5863, 1.0288 3.5886 4.809, 1.0684 3.5886 4.8971, 1.0593 3.5886 4.8037, 0.9884 3.5886 4.7441, 0.8461 3.5886 4.708, 0.9753 3.5886 4.771, 1.1035 3.5886 4.8934, 1.0907 3.5886 4.7967, 1.1367 3.5886 4.8882, 1.122 3.5886 4.7867, 0.9629 3.5886 4.8004, 1.0196 3.5886 4.5549, 0.8698 3.5886 4.5549, 1.0074 3.5886 4.9033, 0.9933 3.5886 4.8141, 0.9739 3.5886 4.8173, 0.9046 3.5886 4.9491, 0.7463 3.5886 5.0265, 0.7576 3.5886 5.0624, 1.2246 3.5886 4.9765, 1.0377 3.5886 4.9004, 1.202 3.5886 4.8702, 1.152 3.5886 4.773, 1.1697 3.5886 4.8807, 1.2329 3.5886 4.8561, 1.2602 3.5886 4.8378, 1.3193 3.5886 4.7581, 1.3338 3.5886 4.7074, 1.3286 3.5886 4.6217, 1.1859 3.5886 4.6953, 1.3369 3.5886 4.6616, 1.3089 3.5886 4.5875, 0.568 3.5886 4.633, 0.7522 3.5886 4.5549, 0.598 3.5886 4.5549, 0.5379 3.5886 4.711, 0.5081 3.5886 4.7892, 0.2319 3.5886 4.9652, 0.0898 3.5886 4.9346, 0.232 3.5886 4.9927, 0.5324 3.5886 5.1253, 0.4785 3.5886 4.858, 0.4144 3.5886 5.0512, 0.4454 3.5886 4.9251, 0.3669 3.5886 5.0001, 0.3212 3.5886 5.0223, 0.4097 3.5886 4.9673, 0.2868 3.5886 5.0286, 0.3544 3.5886 5.0914, 0.3005 3.5886 5.1183, 0.249 3.5886 5.1335, 0.2588 3.5886 5.0237, 0.1964 3.5886 5.1387, 0.1537 3.5886 5.1343, 0.2414 3.5886 5.0114, 0.1192 3.5886 5.1208, 0.0709 3.5886 4.9916, 0.0683 3.5886 5.0329, 0.0756 3.5886 5.0686, 0.2628 3.5886 4.879, 0.1095 3.5886 4.878, 0.2472 3.5886 4.9221, 0.3034 3.5886 4.7707, 0.1914 3.5886 4.6625, 0.1501 3.5886 4.7701, 0.2328 3.5886 4.5549, 0.3453 3.5886 4.6628, 0.3869 3.5886 4.5549, 0.0929 3.5886 5.0985, 0.3863 3.5886 5.1253, -0.5887 3.5886 4.7043, -0.5508 3.5886 4.8157, -0.4061 3.5886 4.7626, -0.7435 3.5886 5.0176, -0.7735 3.5886 5.0728, -0.6178 3.5886 5.0992, -0.2098 3.5886 4.8809, -0.2256 3.5886 5.3423, 0.0781 3.5886 4.5549, -0.6055 3.5886 5.1976, -0.7122 3.5886 5.3235, -0.6458 3.5886 5.3386, -0.3892 3.5886 4.8078, -0.5057 3.5886 4.8895, -0.3716 3.5886 4.8419, -0.4359 3.5886 4.64, -0.6261 3.5886 4.5549, -0.452 3.5886 4.5549, -0.0841 3.5886 4.5549, -0.5299 3.5886 4.8569, -0.3533 3.5886 4.865, -0.7922 3.5886 5.2203, -0.6296 3.5886 5.161, -0.7957 3.5886 5.1805, -0.459 3.5886 5.0039, -0.517 3.5886 5.0144, -0.5753 3.5886 5.3423, -0.577 3.5886 5.2069, -0.5912 3.5886 5.2022, -0.546 3.5886 5.2088, -0.5169 3.5886 5.3426, -0.4704 3.5886 5.2107, -0.515 3.5886 5.2102, -0.4005 3.5886 5.3423, -0.4259 3.5886 5.2107, -0.4587 3.5886 5.3423, -0.7914 3.5886 5.1361, -0.6292 3.5886 5.1333, -0.3813 3.5886 5.2107, -0.3422 3.5886 5.3423, -0.5929 3.5886 5.0634, -0.6481 3.5886 4.9322, -0.7018 3.5886 4.9702, -0.4003 3.5886 5.0006, -0.2839 3.5886 5.3423, -0.3367 3.5886 5.2107, -0.2553 3.5886 4.9991, -0.2759 3.5886 4.8809, -0.3413 3.5886 4.9994, -0.2983 3.5886 4.9989, -0.3269 3.5886 4.8763, -0.7812 3.5886 5.2558, -0.7638 3.5886 5.2852, -0.6217 3.5886 5.1813, -0.7407 3.5886 5.3078, -0.56 3.5886 5.0353, -0.5827 3.5886 4.9053, -1.2298 3.5886 4.5549, -1.1905 3.5886 4.8536, -1.1791 3.5886 4.8253, -0.9566 3.5886 4.6565, -0.9393 3.5886 4.6692, -0.8939 3.5886 4.5415, -0.8509 3.5886 4.5459, -0.9493 3.5886 4.5471, -0.9831 3.5886 4.6516, -1.0047 3.5886 4.5641, -1.0042 3.5886 4.6534, -1.0478 3.5886 4.6698, -1.0247 3.5886 4.6592, -1.0601 3.5886 4.5924, -1.1156 3.5886 4.6322, -1.0697 3.5886 4.6827, -1.1136 3.5886 4.7193, -1.0928 3.5886 4.7, -1.1358 3.5886 4.7454, -1.2805 3.5886 5.0865, -1.4496 3.5886 5.1253, -1.2954 3.5886 5.1253, -1.0858 3.5886 4.5549, -1.2655 3.5886 5.0478, -1.2505 3.5886 5.009, -1.0416 3.5886 5.0127, -0.8898 3.5886 5.0193, -0.998 3.5886 4.9002, -0.8489 3.5886 4.9133, -0.9558 3.5886 4.7872, -1.2356 3.5886 4.9702, -1.2206 3.5886 4.9314, -1.2057 3.5886 4.8926, -0.9307 3.5886 5.1253, -0.7884 3.5886 4.7485, -0.9287 3.5886 4.7117, -0.9422 3.5886 4.7495, -1.1671 3.5886 4.7984, -1.1541 3.5886 4.7731, -0.7691 3.5886 4.6897, -0.7661 3.5886 4.6476, -0.7732 3.5886 4.6117, -0.7903 3.5886 4.5817, -0.8165 3.5886 4.5594, -0.9292 3.5886 4.6883, -0.8087 3.5886 4.8071, -1.0849 3.5886 5.1253, -1.5703 3.5886 4.633, -1.3861 3.5886 4.5549, -1.5402 3.5886 4.5549, -1.6003 3.5886 4.711, -1.6301 3.5886 4.7892, -2.0484 3.5886 4.9346, -1.9062 3.5886 4.9927, -1.9064 3.5886 4.9652, -1.6059 3.5886 5.1253, -1.6597 3.5886 4.858, -1.7239 3.5886 5.0512, -1.6928 3.5886 4.9251, -1.7713 3.5886 5.0001, -1.817 3.5886 5.0223, -1.7286 3.5886 4.9673, -1.8515 3.5886 5.0286, -1.7838 3.5886 5.0914, -1.8378 3.5886 5.1183, -1.8892 3.5886 5.1335, -1.8794 3.5886 5.0237, -1.9418 3.5886 5.1387, -1.9845 3.5886 5.1343, -1.8968 3.5886 5.0114, -2.019 3.5886 5.1208, -2.0673 3.5886 4.9916, -2.07 3.5886 5.0329, -2.0626 3.5886 5.0686, -1.8754 3.5886 4.879, -2.0288 3.5886 4.878, -1.891 3.5886 4.9221, -1.8348 3.5886 4.7707, -1.9468 3.5886 4.6625, -1.9881 3.5886 4.7701, -1.9054 3.5886 4.5549, -1.7929 3.5886 4.6628, -1.7513 3.5886 4.5549, -2.0453 3.5886 5.0985, -1.752 3.5886 5.1253, 2.0712 3.5886 3.7097, 1.9826 3.5886 3.9962, 2.0712 3.5886 3.9962, 2.4845 3.5886 3.7097, 2.4845 3.5886 3.9962, 2.5731 3.5886 3.9962, 2.4845 3.5886 3.6192, 2.5731 3.5886 3.2875, 2.0712 3.5886 3.6192, 1.9826 3.5886 3.2875, 2.0712 3.5886 3.2875, 2.4845 3.5886 3.2875, 1.8645 3.5886 3.2875, 1.7759 3.5886 3.2875, 1.7759 3.5886 3.6041, 1.4068 3.5886 3.2875, 1.3034 3.5886 3.2875, 1.4363 3.5886 3.6343, 1.5249 3.5886 3.6041, 1.4216 3.5886 3.8755, 1.333 3.5886 3.8755, 1.3773 3.5886 3.9358, 1.4068 3.5886 3.8303, 1.4363 3.5886 3.9811, 1.4511 3.5886 3.9057, 1.4954 3.5886 3.9208, 1.5101 3.5886 3.9962, 1.7759 3.5886 3.9208, 1.8645 3.5886 3.9962, 1.7759 3.5886 3.6946, 1.4954 3.5886 3.6946, 1.4216 3.5886 3.7398, 1.3773 3.5886 3.6644, 1.333 3.5886 3.7248, 1.4068 3.5886 3.7851, 1.3182 3.5886 3.8303, 1.3182 3.5886 3.77, 1.4511 3.5886 3.7097, 1.0229 3.5886 3.3026, 0.9639 3.5886 3.3629, 1.0082 3.5886 3.378, 0.7572 3.5886 3.4533, 0.6981 3.5886 3.4081, 0.7424 3.5886 3.4986, 0.6981 3.5886 3.8755, 0.7572 3.5886 3.8303, 0.7424 3.5886 3.7851, 0.7424 3.5886 3.9358, 0.7867 3.5886 3.8755, 0.8901 3.5886 3.5438, 0.9786 3.5886 3.6192, 0.9639 3.5886 3.5438, 1.1115 3.5886 3.9358, 1.1558 3.5886 3.8755, 1.0968 3.5886 3.8303, 1.0672 3.5886 3.8755, 1.0377 3.5886 3.9811, 0.9786 3.5886 3.9208, 0.9639 3.5886 3.9962, 1.1853 3.5886 3.8001, 1.1115 3.5886 3.7549, 1.1115 3.5886 3.7851, 1.0229 3.5886 3.6343, 1.0377 3.5886 3.5589, 1.0968 3.5886 3.7097, 1.1115 3.5886 3.6041, 1.0672 3.5886 3.6644, 1.1558 3.5886 3.6644, 1.1853 3.5886 3.7398, 1.0968 3.5886 3.3478, 1.0525 3.5886 3.4081, 0.8901 3.5886 3.2875, 0.8162 3.5886 3.3026, 0.8753 3.5886 3.3629, 0.831 3.5886 3.378, 0.7867 3.5886 3.4081, 0.8753 3.5886 3.9208, 0.8901 3.5886 3.9962, 0.8162 3.5886 3.9811, 0.831 3.5886 3.9057, 0.6686 3.5886 3.4835, 0.7277 3.5886 3.589, 0.6538 3.5886 3.589, 0.7277 3.5886 3.6192, 0.6686 3.5886 3.8001, 0.7424 3.5886 3.7549, 0.6538 3.5886 3.6946, 0.7424 3.5886 3.3478, 0.9491 3.5886 3.2875, 1.082 3.5886 3.4533, 1.141 3.5886 3.4081, 1.1558 3.5886 3.4533, 0.7572 3.5886 3.7097, 0.7867 3.5886 3.6644, 0.8162 3.5886 3.5589, 0.831 3.5886 3.6343, 0.8753 3.5886 3.6192, 1.0229 3.5886 3.9057, 0.5357 3.5886 3.8906, 0.5357 3.5886 3.77, 0.4471 3.5886 3.8755, 0.4471 3.5886 3.9962, 0.3586 3.5886 3.9962, 0.4471 3.5886 3.2875, 0.3586 3.5886 3.2875, -0.2172 3.5886 3.5287, -0.291 3.5886 3.4835, -0.291 3.5886 3.5438, -0.0696 3.5886 3.6644, -0.0696 3.5886 3.7398, 0.019 3.5886 3.7398, 0.1519 3.5886 3.4684, 0.2405 3.5886 3.4684, 0.2109 3.5886 3.4081, 0.019 3.5886 3.2875, -0.0696 3.5886 3.2875, 0.019 3.5886 3.3629, -0.1286 3.5886 3.6494, -0.1434 3.5886 3.7248, -0.2172 3.5886 3.6795, -0.1729 3.5886 3.6192, -0.2615 3.5886 3.6192, -0.2025 3.5886 3.574, -0.2172 3.5886 3.4986, -0.2615 3.5886 3.4081, -0.0696 3.5886 3.3629, -0.1434 3.5886 3.3026, -0.1286 3.5886 3.378, -0.2025 3.5886 3.4533, -0.2172 3.5886 3.3478, -0.1729 3.5886 3.4081, 0.078 3.5886 3.378, 0.0928 3.5886 3.3026, 0.1666 3.5886 3.3478, 0.1223 3.5886 3.4081, 0.019 3.5886 3.6644, 0.0928 3.5886 3.7248, 0.078 3.5886 3.6494, 0.1666 3.5886 3.6795, 0.2405 3.5886 3.6041, 0.1371 3.5886 3.6041, -0.2615 3.5886 3.9208, -0.2615 3.5886 3.9962, 0.1666 3.5886 3.9208, 0.2405 3.5886 3.9962, -0.793 3.5886 3.6041, -0.8373 3.5886 3.574, -0.8225 3.5886 3.6494, -0.8964 3.5886 3.6192, -0.8521 3.5886 3.9509, -0.7782 3.5886 3.9057, -0.8225 3.5886 3.8755, -0.8668 3.5886 3.5137, -0.5273 3.5886 3.8755, -0.5716 3.5886 3.9057, -0.4977 3.5886 3.9509, -0.9111 3.5886 3.8906, -0.793 3.5886 3.9811, -0.7044 3.5886 3.9208, -0.6897 3.5886 3.9962, -0.6601 3.5886 3.9962, -0.6454 3.5886 3.9208, -0.5568 3.5886 3.9811, -0.4977 3.5886 3.8303, -0.4387 3.5886 3.8906, -0.4239 3.5886 3.8303, -0.793 3.5886 3.378, -0.7192 3.5886 3.3629, -0.793 3.5886 3.3026, -0.734 3.5886 3.2875, -0.6306 3.5886 3.3629, -0.6158 3.5886 3.2875, -0.9259 3.5886 3.8001, -0.8521 3.5886 3.8001, -0.9111 3.5886 3.7398, -0.8521 3.5886 3.8303, -0.9259 3.5886 3.8303, -0.8816 3.5886 3.6946, -0.8225 3.5886 3.7398, -0.793 3.5886 3.7097, -0.6454 3.5886 3.6795, -0.7044 3.5886 3.6192, -0.7044 3.5886 3.6795, -0.6454 3.5886 3.6192, -0.9407 3.5886 3.5137, -0.9407 3.5886 3.4533, -0.9259 3.5886 3.574, -0.8668 3.5886 3.4533, -0.9259 3.5886 3.4081, -0.8521 3.5886 3.4232, -0.8225 3.5886 3.393, -0.8521 3.5886 3.3327, -0.5568 3.5886 3.378, -0.5568 3.5886 3.3026, -0.5273 3.5886 3.393, -0.4977 3.5886 3.3327, -0.4239 3.5886 3.4081, -0.4534 3.5886 3.3629, -0.4977 3.5886 3.4232, -0.483 3.5886 3.4533, -0.4092 3.5886 3.4533, -0.8964 3.5886 3.3629, -1.0588 3.5886 3.8906, -1.0588 3.5886 3.77, -1.1473 3.5886 3.8755, -1.1473 3.5886 3.9962, -1.2359 3.5886 3.9962, -1.1473 3.5886 3.2875, -1.2359 3.5886 3.2875, -1.5017 3.5886 3.4081, -1.5312 3.5886 3.3026, -1.546 3.5886 3.378, -1.5017 3.5886 3.8755, -1.5312 3.5886 3.9811, -1.4574 3.5886 3.9358, -1.4574 3.5886 3.3478, -1.4131 3.5886 3.393, -1.3836 3.5886 3.4533, -1.4426 3.5886 3.4986, -1.8117 3.5886 3.589, -1.8855 3.5886 3.574, -1.8117 3.5886 3.6946, -1.7969 3.5886 3.4986, -1.8708 3.5886 3.4986, -1.8855 3.5886 3.7097, -1.546 3.5886 3.9057, -1.6198 3.5886 3.9208, -1.7084 3.5886 3.9811, -1.6198 3.5886 3.9962, -1.6936 3.5886 3.9057, -1.7379 3.5886 3.8755, -1.7822 3.5886 3.9358, -1.7969 3.5886 3.7851, -1.8265 3.5886 3.8906, -1.354 3.5886 3.7097, -1.4279 3.5886 3.6946, -1.3688 3.5886 3.7851, -1.4426 3.5886 3.7851, -1.3836 3.5886 3.8303, -1.4131 3.5886 3.8906, -1.3688 3.5886 3.4986, -1.4279 3.5886 3.589, -1.354 3.5886 3.574, -1.856 3.5886 3.8303, -1.8708 3.5886 3.7851, -1.856 3.5886 3.4533, -1.8265 3.5886 3.393, -1.7379 3.5886 3.4081, -1.7822 3.5886 3.3478, -1.7084 3.5886 3.3026, -1.6936 3.5886 3.378, -1.6198 3.5886 3.3629, -1.6198 3.5886 3.2875, -2.5942 3.5886 3.2875, -2.358 3.5886 3.9962, -2.4318 3.5886 3.5287, -2.1513 3.5886 3.4684, -2.0036 3.5886 3.2875, -2.0922 3.5886 3.2875, -2.166 3.5886 3.5287, -2.5056 3.5886 3.2875, -2.4466 3.5886 3.4684, -2.2399 3.5886 3.9962, -2.2989 3.5886 3.9358, 2.2539 3.5886 1.8521, 1.8512 3.5886 1.7786, 1.8512 3.5886 1.8521, 2.0669 3.5886 2.469, 2.1245 3.5886 2.469, 2.0813 3.5886 2.3955, 1.9806 3.5886 2.4543, 1.9662 3.5886 2.3515, 1.9231 3.5886 2.4249, 2.369 3.5886 1.7786, 1.9375 3.5886 2.3074, 1.8656 3.5886 2.3662, 2.0094 3.5886 2.3809, 2.2251 3.5886 2.4543, 2.2107 3.5886 2.3809, 2.1388 3.5886 2.3955, 2.3402 3.5886 2.3662, 2.2539 3.5886 2.3515, 2.2827 3.5886 2.4249, 2.2827 3.5886 2.3074, 2.3546 3.5886 2.3074, 1.9662 3.5886 2.2193, 2.369 3.5886 1.8521, 1.8512 3.5886 2.3074, 1.8512 3.5886 2.278, 1.9375 3.5886 2.278, 1.8656 3.5886 2.2193, 1.8943 3.5886 2.1752, 1.7361 3.5886 2.3662, 1.7361 3.5886 2.2487, 1.6498 3.5886 2.3515, 1.6498 3.5886 2.469, 1.5635 3.5886 2.469, 1.6498 3.5886 1.7786, 1.5635 3.5886 1.7786, 1.4485 3.5886 2.3662, 1.4485 3.5886 2.2487, 1.3622 3.5886 2.3515, 1.3622 3.5886 2.469, 1.2759 3.5886 2.469, 1.3622 3.5886 1.7786, 1.2759 3.5886 1.7786, 0.9307 3.5886 1.7786, 0.8588 3.5886 1.7786, 0.9451 3.5886 1.8521, 0.6718 3.5886 2.3074, 0.6862 3.5886 2.3515, 0.7437 3.5886 2.3074, 1.0602 3.5886 1.9402, 1.0745 3.5886 1.8374, 1.0314 3.5886 1.8961, 1.0026 3.5886 1.7933, 0.9882 3.5886 1.8668, 0.8732 3.5886 2.469, 0.9307 3.5886 2.469, 0.8588 3.5886 2.3955, 1.0026 3.5886 2.4543, 1.0314 3.5886 2.3515, 0.9882 3.5886 2.3809, 1.0745 3.5886 2.4102, 1.0745 3.5886 1.9843, 1.1465 3.5886 1.9696, 1.1177 3.5886 1.8961, 1.0889 3.5886 2.1458, 1.1608 3.5886 2.1752, 1.1608 3.5886 2.0724, 1.0745 3.5886 2.2634, 1.1465 3.5886 2.278, 1.0889 3.5886 2.1752, 1.0602 3.5886 2.3074, 1.1177 3.5886 2.3515, 0.9451 3.5886 2.3955, 0.8157 3.5886 2.3809, 0.8013 3.5886 2.4543, 0.7294 3.5886 2.4102, 0.7725 3.5886 2.3515, 0.7869 3.5886 2.2046, 0.8588 3.5886 2.2193, 0.8444 3.5886 2.1458, 0.8444 3.5886 1.8521, 0.7869 3.5886 1.7933, 0.8013 3.5886 1.8668, 0.7581 3.5886 1.8961, 0.715 3.5886 1.8374, 1.0026 3.5886 2.2046, 0.9451 3.5886 2.1458, 0.9307 3.5886 2.2193, 0.7294 3.5886 1.9402, 0.6431 3.5886 1.9696, 0.6431 3.5886 2.043, 0.715 3.5886 2.0283, 0.7294 3.5886 2.0724, 0.6718 3.5886 2.1165, 0.715 3.5886 2.1605, 0.715 3.5886 1.9843, 0.6718 3.5886 1.8961, 0.8013 3.5886 2.1312, 0.7581 3.5886 2.1018, 1.0314 3.5886 2.1018, 1.0745 3.5886 2.0283, 1.0602 3.5886 2.0724, 0.9882 3.5886 2.1312, -0.261 3.5886 1.8403, -0.2616 3.5886 1.7859, -0.2848 3.5886 1.8444, -0.1886 3.5886 2.0922, -0.2053 3.5886 2.0321, -0.2302 3.5886 2.0508, -0.1584 3.5886 1.8286, -0.1878 3.5886 1.8049, -0.205 3.5886 1.8655, -0.2222 3.5886 1.7906, -0.2294 3.5886 1.8467, -0.1313 3.5886 1.8709, -0.1878 3.5886 1.9143, -0.1236 3.5886 1.8954, -0.1949 3.5886 1.8859, -0.1268 3.5886 2.0114, -0.1217 3.5886 1.99, -0.1878 3.5886 1.9851, -0.1181 3.5886 1.946, -0.1836 3.5886 1.9507, -0.119 3.5886 1.9686, -0.1587 3.5886 2.068, -0.1452 3.5886 2.0508, -0.195 3.5886 2.0122, -0.1346 3.5886 2.0319, -0.2242 3.5886 2.1068, -0.2655 3.5886 2.1116, -0.2623 3.5886 2.0573, -0.3016 3.5886 2.1078, -0.2863 3.5886 2.0535, -0.3052 3.5886 2.0431, -0.3287 3.5886 2.0044, -0.3781 3.5886 2.0528, -0.3195 3.5886 2.027, -0.3329 3.5886 2.0964, -0.3593 3.5886 2.0774, -0.3916 3.5886 2.0195, -0.3045 3.5886 1.8564, -0.3078 3.5886 1.7921, -0.3452 3.5886 1.8108, -0.3308 3.5886 1.9071, -0.3735 3.5886 1.8426, -0.3925 3.5886 1.8875, -0.1194 3.5886 1.9198, -0.1429 3.5886 1.8486, -0.3194 3.5886 1.8755, -1.9309 3.5886 1.835, -1.9287 3.5886 1.7731, -1.9479 3.5886 1.8267, -1.9065 3.5886 1.7795, -1.9185 3.5886 1.8484, -1.8856 3.5886 1.7913, -1.973 3.5886 1.8234, -1.9515 3.5886 1.7697, -1.975 3.5886 1.7691, -1.998 3.5886 1.8265, -2.0063 3.5886 1.7711, -2.0138 3.5886 1.8344, -2.0948 3.5886 1.8839, -2.0967 3.5886 1.924, -2.0326 3.5886 1.9152, -2.0303 3.5886 1.8617, -2.0842 3.5886 1.8222, -2.0916 3.5886 1.8438, -2.0316 3.5886 1.8884, -2.0332 3.5886 1.9732, -2.0974 3.5886 1.9791, -1.9115 3.5886 1.8662, -1.8518 3.5886 1.8415, -1.8584 3.5886 1.8236, -2.0355 3.5886 1.7786, -2.0564 3.5886 1.7898, -2.0968 3.5886 2.0343, -2.0332 3.5886 2.0313, -2.0332 3.5886 2.0894, -1.8457 3.5886 1.9214, -1.9097 3.5886 1.9188, -1.9089 3.5886 1.9757, -2.0968 3.5886 2.0894, -1.8456 3.5886 1.9774, -1.9092 3.5886 2.0325, -1.8456 3.5886 2.0334, -1.8456 3.5886 2.0894, -1.848 3.5886 1.8814, -2.0725 3.5886 1.8043, -2.0249 3.5886 1.847, -1.8697 3.5886 1.8064, -1.9104 3.5886 1.8925, -1.9092 3.5886 2.0894, -2.2509 3.5886 1.8266, -2.2382 3.5886 1.7723, -2.2577 3.5886 1.7696, -2.2598 3.5886 1.912, -2.286 3.5886 1.9055, -2.2877 3.5886 1.9707, -2.2578 3.5886 1.9804, -2.2292 3.5886 1.9919, -2.2344 3.5886 1.9192, -2.3251 3.5886 1.8919, -2.3237 3.5886 1.961, -2.3107 3.5886 1.8985, -2.3911 3.5886 1.9162, -2.3761 3.5886 1.9344, -2.3385 3.5886 1.8763, -2.3563 3.5886 1.9482, -2.3335 3.5886 1.8849, -2.3402 3.5886 1.866, -2.4 3.5886 1.8399, -2.4038 3.5886 1.8662, -2.3245 3.5886 1.8355, -2.3705 3.5886 1.7948, -2.3366 3.5886 1.8502, -2.3136 3.5886 2.0314, -2.3305 3.5886 2.0868, -2.3123 3.5886 2.0915, -2.2107 3.5886 1.9292, -2.2777 3.5886 1.7688, -2.3018 3.5886 1.77, -2.2783 3.5886 1.8226, -2.2195 3.5886 1.7773, -2.188 3.5886 1.9434, -2.1663 3.5886 1.9723, -2.2199 3.5886 2.0112, -2.1591 3.5886 2.0069, -2.2119 3.5886 2.0838, -2.1892 3.5886 2.0703, -2.23 3.5886 2.0308, -2.1726 3.5886 2.0518, -2.2224 3.5886 2.0222, -2.2473 3.5886 2.0389, -2.2317 3.5886 2.0902, -2.2522 3.5886 2.0937, -2.2933 3.5886 2.094, -2.2734 3.5886 2.0421, -2.298 3.5886 2.0391, -2.3312 3.5886 1.9966, -2.3861 3.5886 2.0383, -2.3241 3.5886 2.0184, -2.3476 3.5886 2.0794, -2.3631 3.5886 2.0687, -2.3948 3.5886 1.9994, -2.274 3.5886 2.0948, -2.1625 3.5886 2.0301, -2.2222 3.5886 2.0008, -2.2019 3.5886 1.7852, -2.2321 3.5886 1.8371, -2.1477 3.5886 1.8769, -2.1603 3.5886 1.8303, -2.2096 3.5886 1.8829, -2.3067 3.5886 1.8262, -2.3244 3.5886 1.7735, -2.3462 3.5886 1.7804, -2.4006 3.5886 1.8935, -2.3887 3.5886 1.8155, -2.1859 3.5886 1.7963, -2.2187 3.5886 1.8544
            ]
        }
        coordIndex [
            0,1,2,-1,0,2,3,-1,4,5,6,-1,3,4,6,-1,3,6,0,-1,4,7,5,-1,5,7,8,-1,7,9,8,-1,10,8,9,-1,10,9,11,-1,12,13,14,-1,13,15,14,-1,12,16,17,-1,17,13,12,-1,18,19,20,-1,21,20,19,-1,22,23,24,-1,24,18,22,-1,25,24,23,-1,25,26,24,-1,27,21,19,-1,18,20,22,-1,28,29,21,-1,28,21,27,-1,29,16,21,-1,15,30,14,-1,16,29,17,-1,15,31,30,-1,30,31,32,-1,32,31,33,-1,33,31,34,-1,33,34,35,-1,36,37,38,-1,37,39,38,-1,37,36,40,-1,41,42,43,-1,44,45,46,-1,44,46,42,-1,47,45,48,-1,45,47,46,-1,47,48,49,-1,44,42,41,-1,50,51,34,-1,52,43,53,-1,52,41,43,-1,54,43,40,-1,53,43,54,-1,54,40,36,-1,39,51,50,-1,39,50,38,-1,34,51,35,-1,51,55,35,-1,55,51,30,-1,55,30,32,-1,12,39,37,-1,16,12,37,-1,16,37,40,-1,12,14,39,-1,39,14,51,-1,14,30,51,-1,40,43,21,-1,40,21,16,-1,22,42,46,-1,23,22,46,-1,23,46,47,-1,22,20,42,-1,42,20,43,-1,20,21,43,-1,25,47,49,-1,47,25,23,-1,48,24,26,-1,24,48,45,-1,28,54,29,-1,18,41,19,-1,27,52,53,-1,24,45,44,-1,44,18,24,-1,41,52,19,-1,44,41,18,-1,27,53,28,-1,19,52,27,-1,54,28,53,-1,17,29,54,-1,17,54,36,-1,15,34,31,-1,17,36,38,-1,13,38,50,-1,15,13,50,-1,17,38,13,-1,34,15,50,-1,56,57,58,-1,57,59,58,-1,56,60,61,-1,61,57,56,-1,62,63,64,-1,65,64,63,-1,66,67,68,-1,68,62,66,-1,69,68,67,-1,69,70,68,-1,71,65,63,-1,62,64,66,-1,72,73,65,-1,72,65,71,-1,73,60,65,-1,59,74,58,-1,60,73,61,-1,59,75,74,-1,74,75,76,-1,76,75,77,-1,77,75,78,-1,77,78,79,-1,80,81,82,-1,81,83,82,-1,81,80,84,-1,85,86,87,-1,88,89,90,-1,88,90,86,-1,91,89,92,-1,89,91,90,-1,91,92,93,-1,88,86,85,-1,94,95,78,-1,96,87,97,-1,96,85,87,-1,98,87,84,-1,97,87,98,-1,98,84,80,-1,83,95,94,-1,83,94,82,-1,78,95,79,-1,95,99,79,-1,99,95,74,-1,99,74,76,-1,56,83,81,-1,60,56,81,-1,60,81,84,-1,56,58,83,-1,83,58,95,-1,58,74,95,-1,84,87,65,-1,84,65,60,-1,66,86,90,-1,67,66,90,-1,67,90,91,-1,66,64,86,-1,86,64,87,-1,64,65,87,-1,69,91,93,-1,91,69,67,-1,92,68,70,-1,68,92,89,-1,72,98,73,-1,62,85,63,-1,71,96,97,-1,68,89,88,-1,88,62,68,-1,85,96,63,-1,88,85,62,-1,71,97,72,-1,63,96,71,-1,98,72,97,-1,61,73,98,-1,61,98,80,-1,59,78,75,-1,61,80,82,-1,57,82,94,-1,59,57,94,-1,61,82,57,-1,78,59,94,-1,100,101,102,-1,101,103,102,-1,100,104,105,-1,105,101,100,-1,106,107,108,-1,109,108,107,-1,110,111,112,-1,112,106,110,-1,113,112,111,-1,113,114,112,-1,115,109,107,-1,106,108,110,-1,116,117,109,-1,116,109,115,-1,117,104,109,-1,103,118,102,-1,104,117,105,-1,103,119,118,-1,118,119,120,-1,120,119,121,-1,121,119,122,-1,121,122,123,-1,124,125,126,-1,125,127,126,-1,125,124,128,-1,129,130,131,-1,132,133,134,-1,132,134,130,-1,135,133,136,-1,133,135,134,-1,135,136,137,-1,132,130,129,-1,138,139,122,-1,140,131,141,-1,140,129,131,-1,142,131,128,-1,141,131,142,-1,142,128,124,-1,127,139,138,-1,127,138,126,-1,122,139,123,-1,139,143,123,-1,143,139,118,-1,143,118,120,-1,100,127,125,-1,104,100,125,-1,104,125,128,-1,100,102,127,-1,127,102,139,-1,102,118,139,-1,128,131,109,-1,128,109,104,-1,110,130,134,-1,111,110,134,-1,111,134,135,-1,110,108,130,-1,130,108,131,-1,108,109,131,-1,113,135,137,-1,135,113,111,-1,136,112,114,-1,112,136,133,-1,116,142,117,-1,106,129,107,-1,115,140,141,-1,112,133,132,-1,132,106,112,-1,129,140,107,-1,132,129,106,-1,115,141,116,-1,107,140,115,-1,142,116,141,-1,105,117,142,-1,105,142,124,-1,103,122,119,-1,105,124,126,-1,101,126,138,-1,103,101,138,-1,105,126,101,-1,122,103,138,-1,144,145,146,-1,145,147,146,-1,144,148,149,-1,149,145,144,-1,150,151,152,-1,153,152,151,-1,154,155,156,-1,156,150,154,-1,157,156,155,-1,157,158,156,-1,159,153,151,-1,150,152,154,-1,160,161,153,-1,160,153,159,-1,161,148,153,-1,147,162,146,-1,148,161,149,-1,147,163,162,-1,162,163,164,-1,164,163,165,-1,165,163,166,-1,165,166,167,-1,168,169,170,-1,169,171,170,-1,169,168,172,-1,173,174,175,-1,176,177,178,-1,176,178,174,-1,179,177,180,-1,177,179,178,-1,179,180,181,-1,176,174,173,-1,182,183,166,-1,184,175,185,-1,184,173,175,-1,186,175,172,-1,185,175,186,-1,186,172,168,-1,171,183,182,-1,171,182,170,-1,166,183,167,-1,183,187,167,-1,187,183,162,-1,187,162,164,-1,144,171,169,-1,148,144,169,-1,148,169,172,-1,144,146,171,-1,171,146,183,-1,146,162,183,-1,172,175,153,-1,172,153,148,-1,154,174,178,-1,155,154,178,-1,155,178,179,-1,154,152,174,-1,174,152,175,-1,152,153,175,-1,157,179,181,-1,179,157,155,-1,180,156,158,-1,156,180,177,-1,160,186,161,-1,150,173,151,-1,159,184,185,-1,156,177,176,-1,176,150,156,-1,173,184,151,-1,176,173,150,-1,159,185,160,-1,151,184,159,-1,186,160,185,-1,149,161,186,-1,149,186,168,-1,147,166,163,-1,149,168,170,-1,145,170,182,-1,147,145,182,-1,149,170,145,-1,166,147,182,-1,188,189,190,-1,189,191,190,-1,188,192,193,-1,193,189,188,-1,194,195,196,-1,197,196,195,-1,198,199,200,-1,200,194,198,-1,201,200,199,-1,201,202,200,-1,203,197,195,-1,194,196,198,-1,204,205,197,-1,204,197,203,-1,205,192,197,-1,191,206,190,-1,192,205,193,-1,191,207,206,-1,206,207,208,-1,208,207,209,-1,209,207,210,-1,209,210,211,-1,212,213,214,-1,213,215,214,-1,213,212,216,-1,217,218,219,-1,220,221,222,-1,220,222,218,-1,223,221,224,-1,221,223,222,-1,223,224,225,-1,220,218,217,-1,226,227,210,-1,228,219,229,-1,228,217,219,-1,230,219,216,-1,229,219,230,-1,230,216,212,-1,215,227,226,-1,215,226,214,-1,210,227,211,-1,227,231,211,-1,231,227,206,-1,231,206,208,-1,188,215,213,-1,192,188,213,-1,192,213,216,-1,188,190,215,-1,215,190,227,-1,190,206,227,-1,216,219,197,-1,216,197,192,-1,198,218,222,-1,199,198,222,-1,199,222,223,-1,198,196,218,-1,218,196,219,-1,196,197,219,-1,201,223,225,-1,223,201,199,-1,224,200,202,-1,200,224,221,-1,204,230,205,-1,194,217,195,-1,203,228,229,-1,200,221,220,-1,220,194,200,-1,217,228,195,-1,220,217,194,-1,203,229,204,-1,195,228,203,-1,230,204,229,-1,193,205,230,-1,193,230,212,-1,191,210,207,-1,193,212,214,-1,189,214,226,-1,191,189,226,-1,193,214,189,-1,210,191,226,-1,232,233,234,-1,233,235,234,-1,232,236,237,-1,237,233,232,-1,238,239,240,-1,241,240,239,-1,242,243,244,-1,244,238,242,-1,245,244,243,-1,245,246,244,-1,247,241,239,-1,238,240,242,-1,248,249,241,-1,248,241,247,-1,249,236,241,-1,235,250,234,-1,236,249,237,-1,235,251,250,-1,250,251,252,-1,252,251,253,-1,253,251,254,-1,253,254,255,-1,256,257,258,-1,257,259,258,-1,257,256,260,-1,261,262,263,-1,264,265,266,-1,264,266,262,-1,267,265,268,-1,265,267,266,-1,267,268,269,-1,264,262,261,-1,270,271,254,-1,272,263,273,-1,272,261,263,-1,274,263,260,-1,273,263,274,-1,274,260,256,-1,259,271,270,-1,259,270,258,-1,254,271,255,-1,271,275,255,-1,275,271,250,-1,275,250,252,-1,257,260,236,-1,236,232,257,-1,232,259,257,-1,259,232,234,-1,259,234,271,-1,234,250,271,-1,260,263,241,-1,260,241,236,-1,242,266,243,-1,242,262,266,-1,243,266,267,-1,240,262,242,-1,262,240,263,-1,240,241,263,-1,245,267,269,-1,267,245,243,-1,268,244,246,-1,244,268,265,-1,248,274,249,-1,238,261,239,-1,247,272,273,-1,244,265,264,-1,264,238,244,-1,261,272,239,-1,264,261,238,-1,247,273,248,-1,239,272,247,-1,274,248,273,-1,237,249,274,-1,237,274,256,-1,235,254,251,-1,237,256,258,-1,233,258,270,-1,235,233,270,-1,237,258,233,-1,254,235,270,-1,4,276,7,-1,276,277,7,-1,4,3,278,-1,278,276,4,-1,279,280,281,-1,2,281,280,-1,282,283,284,-1,284,279,282,-1,285,284,283,-1,285,286,284,-1,287,2,280,-1,279,281,282,-1,288,289,2,-1,288,2,287,-1,289,3,2,-1,277,9,7,-1,3,289,278,-1,277,290,9,-1,9,290,11,-1,11,290,291,-1,291,290,292,-1,291,292,293,-1,294,6,295,-1,6,5,295,-1,6,294,0,-1,296,297,1,-1,298,299,300,-1,298,300,297,-1,301,299,302,-1,299,301,300,-1,301,302,303,-1,298,297,296,-1,304,8,292,-1,305,1,306,-1,305,296,1,-1,307,1,0,-1,306,1,307,-1,307,0,294,-1,5,8,304,-1,5,304,295,-1,292,8,293,-1,8,10,293,-1,282,297,300,-1,283,282,300,-1,283,300,301,-1,282,281,297,-1,297,281,1,-1,281,2,1,-1,285,301,303,-1,301,285,283,-1,302,284,286,-1,284,302,299,-1,288,307,289,-1,279,296,280,-1,287,305,306,-1,284,299,298,-1,298,279,284,-1,296,305,280,-1,298,296,279,-1,287,306,288,-1,280,305,287,-1,307,288,306,-1,278,289,307,-1,278,307,294,-1,277,292,290,-1,278,294,295,-1,276,295,304,-1,277,276,304,-1,278,295,276,-1,292,277,304,-1,308,309,310,-1,309,311,310,-1,308,312,313,-1,313,309,308,-1,314,315,316,-1,317,316,315,-1,318,319,320,-1,320,314,318,-1,321,320,319,-1,321,322,320,-1,323,317,315,-1,314,316,318,-1,324,325,317,-1,324,317,323,-1,325,312,317,-1,311,326,310,-1,312,325,313,-1,311,327,326,-1,326,327,328,-1,328,327,329,-1,329,327,330,-1,329,330,331,-1,332,333,334,-1,333,335,334,-1,333,332,336,-1,337,338,339,-1,340,341,342,-1,340,342,338,-1,343,341,344,-1,341,343,342,-1,343,344,345,-1,340,338,337,-1,346,347,330,-1,348,339,349,-1,348,337,339,-1,350,339,336,-1,349,339,350,-1,350,336,332,-1,335,347,346,-1,335,346,334,-1,330,347,331,-1,347,351,331,-1,351,347,326,-1,351,326,328,-1,308,335,333,-1,312,308,333,-1,312,333,336,-1,308,310,335,-1,335,310,347,-1,310,326,347,-1,336,339,317,-1,336,317,312,-1,318,338,342,-1,319,318,342,-1,319,342,343,-1,318,316,338,-1,338,316,339,-1,316,317,339,-1,321,343,345,-1,343,321,319,-1,344,320,322,-1,320,344,341,-1,324,350,325,-1,314,337,315,-1,323,348,349,-1,320,341,340,-1,340,314,320,-1,337,348,315,-1,340,337,314,-1,323,349,324,-1,315,348,323,-1,350,324,349,-1,313,325,350,-1,313,350,332,-1,311,330,327,-1,313,332,334,-1,309,334,346,-1,311,309,346,-1,313,334,309,-1,330,311,346,-1,352,353,354,-1,355,356,357,-1,354,358,352,-1,358,359,352,-1,360,361,362,-1,363,364,365,-1,366,363,367,-1,357,368,355,-1,369,370,371,-1,363,372,367,-1,373,361,374,-1,370,356,371,-1,375,356,370,-1,362,361,373,-1,376,375,361,-1,376,361,360,-1,377,371,356,-1,375,370,361,-1,376,378,375,-1,364,363,366,-1,379,375,378,-1,366,380,356,-1,377,356,380,-1,364,381,359,-1,365,364,359,-1,357,352,381,-1,359,381,352,-1,381,368,357,-1,366,355,364,-1,366,356,355,-1,382,383,384,-1,382,385,383,-1,386,387,388,-1,386,389,390,-1,386,390,382,-1,388,391,389,-1,388,389,386,-1,391,392,389,-1,393,385,390,-1,385,382,390,-1,394,395,396,-1,397,398,399,-1,400,401,402,-1,403,404,401,-1,405,406,407,-1,406,408,402,-1,396,409,394,-1,410,411,412,-1,396,413,414,-1,415,416,417,-1,418,419,420,-1,410,421,411,-1,410,422,421,-1,422,418,423,-1,424,425,426,-1,419,427,428,-1,419,428,420,-1,429,430,431,-1,432,433,434,-1,435,412,411,-1,422,410,418,-1,430,436,434,-1,424,433,432,-1,424,426,433,-1,437,438,412,-1,412,435,437,-1,439,440,441,-1,417,438,437,-1,442,417,443,-1,417,442,438,-1,417,444,415,-1,417,416,443,-1,445,446,447,-1,443,416,448,-1,448,449,450,-1,447,446,451,-1,452,453,454,-1,455,450,449,-1,413,396,455,-1,456,415,444,-1,457,415,456,-1,458,459,460,-1,396,414,409,-1,409,414,461,-1,461,414,405,-1,407,461,405,-1,407,406,402,-1,408,462,402,-1,402,462,463,-1,402,463,400,-1,402,401,404,-1,397,399,404,-1,404,403,397,-1,425,399,398,-1,426,425,398,-1,429,431,464,-1,434,436,432,-1,430,429,436,-1,465,446,445,-1,413,455,449,-1,445,459,465,-1,466,467,468,-1,469,467,466,-1,448,416,449,-1,440,439,470,-1,441,471,472,-1,473,474,475,-1,473,476,419,-1,476,427,419,-1,418,420,423,-1,419,474,473,-1,474,441,472,-1,474,472,475,-1,471,441,440,-1,439,467,469,-1,439,469,470,-1,467,454,468,-1,454,453,468,-1,451,452,447,-1,452,451,453,-1,458,460,395,-1,465,459,458,-1,395,460,396,-1,477,478,479,-1,478,480,481,-1,482,483,484,-1,485,481,486,-1,477,480,478,-1,487,485,488,-1,487,489,490,-1,489,487,491,-1,492,493,490,-1,492,494,493,-1,495,496,497,-1,498,499,500,-1,501,502,484,-1,502,503,499,-1,504,505,506,-1,506,505,483,-1,507,508,509,-1,509,504,507,-1,510,511,512,-1,511,508,507,-1,509,505,504,-1,510,508,511,-1,506,483,482,-1,484,483,501,-1,484,502,499,-1,503,513,499,-1,500,499,513,-1,497,496,499,-1,499,498,497,-1,496,495,494,-1,490,493,487,-1,492,496,494,-1,487,488,491,-1,481,485,478,-1,488,485,486,-1,514,485,487,-1,515,516,517,-1,518,519,520,-1,521,522,523,-1,524,525,526,-1,516,527,517,-1,528,529,527,-1,530,531,515,-1,515,517,530,-1,532,531,530,-1,533,521,523,-1,527,516,534,-1,528,535,529,-1,528,527,534,-1,536,537,538,-1,539,528,540,-1,541,542,543,-1,544,542,541,-1,524,526,543,-1,544,541,545,-1,543,526,541,-1,546,547,545,-1,548,549,550,-1,551,552,519,-1,550,549,546,-1,548,553,549,-1,553,548,554,-1,555,556,557,-1,539,558,528,-1,554,559,560,-1,561,560,522,-1,559,522,560,-1,522,521,561,-1,521,562,561,-1,563,564,565,-1,554,560,553,-1,551,538,537,-1,544,545,547,-1,546,545,550,-1,566,567,568,-1,568,569,524,-1,525,524,569,-1,567,569,568,-1,566,568,536,-1,568,537,536,-1,537,552,551,-1,552,520,519,-1,555,557,518,-1,555,518,520,-1,555,570,556,-1,570,571,556,-1,570,540,571,-1,535,528,558,-1,571,540,528,-1,558,563,535,-1,565,564,562,-1,535,563,565,-1,561,562,564,-1,572,573,574,-1,575,576,577,-1,576,578,577,-1,575,579,580,-1,575,577,579,-1,580,579,581,-1,580,581,582,-1,583,584,585,-1,582,585,584,-1,583,586,587,-1,588,589,586,-1,590,588,586,-1,591,592,593,-1,572,586,594,-1,591,595,592,-1,596,592,595,-1,597,598,599,-1,599,600,601,-1,602,603,592,-1,602,592,596,-1,592,604,572,-1,604,592,603,-1,605,598,597,-1,606,607,608,-1,604,573,572,-1,572,609,610,-1,574,609,572,-1,572,610,590,-1,572,590,586,-1,611,607,606,-1,583,585,586,-1,589,587,586,-1,612,613,576,-1,585,582,581,-1,576,613,614,-1,576,614,615,-1,615,578,576,-1,576,616,612,-1,616,607,611,-1,616,611,612,-1,608,617,606,-1,608,601,617,-1,617,601,600,-1,600,599,598,-1,605,597,618,-1,619,620,621,-1,620,622,623,-1,624,625,626,-1,627,623,628,-1,619,622,620,-1,629,627,630,-1,629,631,632,-1,631,629,633,-1,634,635,632,-1,634,636,635,-1,637,638,639,-1,640,641,642,-1,643,644,625,-1,644,645,641,-1,646,647,648,-1,648,647,624,-1,649,650,651,-1,651,646,649,-1,652,653,654,-1,653,650,649,-1,651,647,646,-1,652,650,653,-1,648,624,626,-1,625,624,643,-1,625,644,641,-1,645,655,641,-1,642,641,655,-1,639,638,641,-1,641,640,639,-1,638,637,636,-1,632,635,629,-1,634,638,636,-1,629,630,633,-1,623,627,620,-1,630,627,628,-1,656,627,629,-1,657,658,659,-1,660,661,662,-1,663,662,664,-1,665,666,658,-1,665,667,666,-1,665,660,663,-1,658,657,665,-1,665,657,660,-1,663,660,662,-1,663,664,668,-1,669,670,671,-1,672,673,674,-1,672,674,675,-1,676,677,678,-1,679,677,676,-1,678,680,681,-1,680,682,681,-1,682,683,684,-1,685,671,686,-1,669,671,685,-1,675,687,686,-1,675,674,687,-1,688,689,690,-1,686,671,675,-1,684,685,686,-1,683,685,684,-1,676,678,681,-1,680,683,682,-1,679,691,692,-1,679,692,677,-1,693,691,690,-1,691,693,692,-1,691,688,690,-1,688,694,689,-1,687,674,694,-1,689,694,674,-1,695,696,697,-1,698,699,700,-1,701,702,703,-1,704,705,702,-1,706,707,708,-1,709,710,711,-1,709,712,713,-1,714,715,713,-1,716,717,718,-1,707,719,720,-1,721,722,723,-1,722,721,724,-1,719,723,720,-1,717,725,724,-1,726,695,727,-1,728,729,730,-1,731,729,732,-1,733,734,715,-1,735,733,736,-1,737,738,700,-1,738,739,740,-1,741,742,743,-1,739,743,740,-1,739,738,737,-1,737,700,699,-1,744,698,732,-1,699,698,744,-1,744,732,729,-1,731,730,729,-1,730,696,728,-1,695,745,696,-1,696,745,728,-1,697,727,695,-1,727,746,726,-1,726,746,747,-1,747,746,748,-1,734,733,735,-1,743,742,749,-1,740,749,750,-1,743,749,740,-1,751,750,752,-1,740,750,751,-1,751,753,706,-1,752,753,751,-1,753,707,706,-1,708,707,720,-1,715,714,733,-1,723,722,720,-1,714,713,754,-1,721,717,724,-1,725,717,716,-1,710,716,718,-1,710,718,711,-1,709,711,712,-1,713,712,754,-1,736,705,735,-1,735,705,704,-1,704,702,701,-1,742,741,703,-1,701,703,741,-1,755,756,757,-1,755,757,758,-1,758,757,759,-1,757,760,761,-1,757,761,759,-1,762,763,764,-1,765,766,767,-1,768,769,770,-1,771,772,773,-1,774,775,765,-1,776,775,777,-1,764,778,762,-1,778,776,779,-1,763,762,780,-1,763,780,781,-1,782,783,784,-1,785,786,781,-1,787,783,786,-1,788,789,773,-1,790,789,791,-1,768,770,791,-1,792,793,794,-1,791,770,790,-1,793,795,794,-1,796,797,795,-1,791,789,788,-1,789,771,773,-1,772,782,773,-1,772,783,782,-1,784,783,787,-1,787,786,785,-1,798,799,800,-1,785,781,780,-1,762,778,779,-1,776,777,779,-1,775,774,777,-1,775,766,765,-1,767,792,765,-1,801,796,795,-1,767,793,792,-1,800,801,795,-1,801,800,799,-1,794,795,797,-1,802,803,804,-1,803,805,804,-1,806,807,808,-1,803,809,805,-1,810,811,812,-1,806,808,813,-1,807,806,814,-1,815,807,814,-1,815,816,817,-1,818,819,811,-1,820,810,821,-1,820,821,822,-1,810,812,821,-1,823,824,825,-1,826,827,828,-1,819,818,817,-1,812,811,819,-1,817,818,815,-1,816,815,814,-1,829,830,831,-1,813,832,833,-1,808,832,813,-1,829,832,830,-1,833,832,829,-1,834,830,835,-1,831,830,834,-1,834,835,804,-1,804,835,836,-1,837,838,839,-1,838,802,839,-1,837,840,838,-1,826,824,827,-1,836,839,802,-1,841,809,842,-1,836,802,804,-1,843,809,841,-1,809,843,805,-1,809,844,842,-1,842,844,845,-1,846,847,848,-1,844,846,845,-1,849,850,827,-1,851,852,849,-1,853,854,855,-1,856,853,855,-1,854,852,855,-1,853,856,857,-1,851,855,852,-1,852,850,849,-1,850,828,827,-1,825,824,826,-1,823,825,848,-1,848,847,823,-1,858,846,848,-1,846,858,845,-1,859,860,861,-1,859,861,862,-1,862,861,863,-1,861,864,865,-1,861,865,863,-1,866,867,868,-1,869,870,871,-1,872,866,873,-1,874,873,875,-1,876,877,878,-1,879,880,876,-1,881,878,877,-1,882,883,870,-1,884,885,883,-1,886,887,884,-1,887,888,884,-1,889,890,887,-1,891,892,893,-1,892,894,893,-1,894,895,893,-1,896,895,894,-1,869,896,894,-1,897,875,898,-1,898,891,899,-1,898,892,891,-1,896,869,871,-1,870,869,882,-1,870,883,885,-1,884,883,886,-1,888,887,890,-1,900,889,901,-1,889,900,890,-1,901,878,881,-1,889,878,901,-1,876,880,877,-1,902,879,903,-1,879,902,880,-1,903,904,905,-1,879,904,903,-1,906,904,907,-1,905,904,906,-1,906,908,909,-1,907,908,906,-1,867,908,868,-1,909,908,867,-1,866,872,867,-1,866,875,873,-1,874,875,897,-1,897,898,899,-1,910,911,912,-1,913,914,915,-1,913,916,914,-1,917,910,918,-1,912,916,918,-1,912,918,910,-1,911,919,920,-1,916,913,918,-1,911,920,912,-1,920,919,916,-1,914,916,919,-1,921,922,923,-1,924,925,926,-1,927,928,929,-1,922,921,930,-1,931,929,928,-1,931,932,929,-1,927,924,933,-1,934,935,936,-1,925,936,926,-1,937,938,939,-1,940,937,941,-1,938,937,940,-1,938,935,939,-1,921,942,943,-1,939,935,934,-1,934,936,925,-1,926,933,924,-1,933,928,927,-1,944,931,945,-1,931,944,932,-1,945,946,947,-1,931,946,945,-1,947,946,948,-1,921,948,942,-1,948,946,942,-1,921,943,930,-1,949,950,951,-1,949,951,952,-1,952,951,953,-1,951,954,955,-1,951,955,953,-1,956,957,958,-1,956,958,959,-1,959,958,960,-1,958,961,962,-1,958,962,960,-1,963,964,965,-1,966,967,968,-1,969,970,971,-1,971,972,973,-1,974,975,976,-1,977,978,979,-1,971,970,972,-1,977,980,978,-1,981,982,983,-1,984,985,986,-1,987,988,989,-1,990,980,991,-1,991,987,990,-1,992,975,977,-1,976,993,994,-1,995,994,996,-1,967,995,968,-1,997,998,999,-1,995,996,968,-1,994,993,996,-1,994,974,976,-1,975,992,976,-1,977,979,992,-1,990,978,980,-1,991,988,987,-1,988,985,989,-1,989,985,984,-1,972,965,973,-1,963,965,972,-1,1000,1001,1002,-1,1000,964,1001,-1,1003,1001,1004,-1,1005,1006,1007,-1,1004,1008,1003,-1,1009,1010,1011,-1,1012,1011,1013,-1,1011,1010,1013,-1,1013,1014,1012,-1,1015,1008,1016,-1,1017,1018,997,-1,1011,1015,1009,-1,1009,1015,1016,-1,1016,1008,1004,-1,1001,1003,1002,-1,964,1000,965,-1,984,1019,1005,-1,969,983,970,-1,983,969,981,-1,981,1020,982,-1,982,1020,986,-1,1020,1021,986,-1,984,1021,1019,-1,986,1021,984,-1,1019,1022,1005,-1,1022,1006,1005,-1,1006,999,1007,-1,1007,999,998,-1,997,999,1017,-1,1012,1014,1018,-1,997,1018,1014,-1,1023,1024,1025,-1,1026,1027,1028,-1,1029,1030,1031,-1,1032,1023,1033,-1,1034,1035,1036,-1,1037,1035,1034,-1,1038,1039,1040,-1,1041,1042,1043,-1,1044,1045,1046,-1,1047,1040,1046,-1,1044,1046,1027,-1,1048,1026,1028,-1,1049,1048,1050,-1,1051,1052,1053,-1,1054,1055,1056,-1,1057,1053,1056,-1,1055,1058,1056,-1,1059,1055,1054,-1,1060,1061,1062,-1,1063,1064,1065,-1,1057,1056,1058,-1,1049,1052,1051,-1,1051,1053,1057,-1,1049,1050,1052,-1,1027,1026,1044,-1,1048,1028,1050,-1,1047,1046,1045,-1,1042,1040,1039,-1,1038,1040,1047,-1,1042,1041,1066,-1,1043,1042,1039,-1,1035,1042,1066,-1,1034,1067,1037,-1,1036,1035,1066,-1,1029,1031,1037,-1,1037,1067,1029,-1,1031,1030,1033,-1,1032,1024,1023,-1,1030,1032,1033,-1,1060,1025,1061,-1,1024,1061,1025,-1,1064,1068,1062,-1,1062,1068,1060,-1,1064,1063,1068,-1,1069,1070,1071,-1,1072,1073,1074,-1,1073,1072,1069,-1,1075,1076,1077,-1,1069,1072,1070,-1,1075,1077,1078,-1,1075,1071,1076,-1,1079,1080,1078,-1,1081,1082,1083,-1,1084,1085,1086,-1,1087,1084,1081,-1,1087,1081,1083,-1,1081,1084,1086,-1,1088,1082,1089,-1,1083,1082,1088,-1,1090,1091,1092,-1,1093,1094,1080,-1,1095,1096,1089,-1,1096,1088,1089,-1,1096,1095,1097,-1,1098,1099,1100,-1,1097,1095,1101,-1,1102,1103,1104,-1,1105,1104,1103,-1,1090,1106,1091,-1,1107,1085,1084,-1,1107,1108,1094,-1,1108,1107,1084,-1,1108,1080,1094,-1,1093,1080,1079,-1,1079,1078,1077,-1,1071,1070,1076,-1,1109,1074,1073,-1,1090,1092,1109,-1,1090,1109,1073,-1,1090,1110,1106,-1,1098,1110,1099,-1,1110,1098,1106,-1,1102,1100,1103,-1,1100,1102,1098,-1,1105,1103,1111,-1,1112,1113,1114,-1,1115,1116,1117,-1,1118,1119,1120,-1,1121,1122,1123,-1,1122,1116,1123,-1,1124,1125,1126,-1,1121,1127,1122,-1,1128,1125,1127,-1,1128,1127,1121,-1,1122,1117,1116,-1,1129,1130,1131,-1,1132,1133,1134,-1,1120,1115,1118,-1,1115,1117,1118,-1,1135,1136,1137,-1,1120,1119,1138,-1,1139,1140,1141,-1,1113,1112,1142,-1,1143,1138,1119,-1,1144,1145,1146,-1,1147,1148,1149,-1,1150,1145,1151,-1,1151,1149,1148,-1,1149,1152,1153,-1,1153,1152,1154,-1,1155,1156,1157,-1,1158,1159,1160,-1,1161,1135,1160,-1,1159,1162,1160,-1,1158,1163,1159,-1,1161,1160,1162,-1,1157,1135,1137,-1,1136,1135,1161,-1,1164,1156,1155,-1,1155,1157,1137,-1,1154,1156,1164,-1,1147,1149,1153,-1,1154,1152,1156,-1,1150,1151,1148,-1,1150,1165,1145,-1,1166,1145,1144,-1,1146,1145,1165,-1,1144,1143,1166,-1,1167,1142,1168,-1,1166,1143,1119,-1,1169,1170,1171,-1,1141,1114,1139,-1,1172,1173,1132,-1,1132,1174,1133,-1,1125,1128,1126,-1,1126,1175,1124,-1,1129,1131,1175,-1,1129,1175,1126,-1,1130,1129,1176,-1,1176,1134,1133,-1,1129,1134,1176,-1,1174,1132,1173,-1,1172,1140,1173,-1,1172,1141,1140,-1,1141,1112,1114,-1,1112,1168,1142,-1,1167,1168,1177,-1,1177,1168,1178,-1,1177,1178,1170,-1,1170,1178,1171,-1,
        ]
    }
}
Shape{
    appearance Appearance {
        material  Material 	{
            diffuseColor 0.2549019607843137 0.2549019607843137 0.2549019607843137
            specularColor 0.7529411764705882 0.7529411764705882 0.7529411764705882
            ambientIntensity 1.0
            transparency 1.0
            shininess 0.5
        }
    }
    geometry IndexedFaceSet {
        ccw TRUE
        solid FALSE
        coord DEF co Coordinate {
            point [
                2.3031 1.1044 1.2402, 2.3031 1.4587 1.2402, 1.6142 0.9932 1.2402, -2.5394 1.1044 1.2402, -2.5394 0.0807 1.2402, -2.3031 0.0807 1.2402, 1.4173 0.8554 1.2402, 2.3031 0.0807 1.2402, 1.6142 0.8554 1.2402, -2.3031 1.1044 1.2402, 1.1811 0.8554 1.2402, 2.5394 0.0807 1.2402, 2.5394 1.1044 1.2402, 1.378 1.4587 1.2402, 1.4173 0.9932 1.2402, 0.9843 0.8554 1.2402, 0.748 0.8554 1.2402, -0.5512 0.8554 1.2402, -0.315 0.8554 1.2402, -0.5512 0.9932 1.2402, 1.378 3.1122 1.2402, -1.378 3.1122 1.2402, 0.1181 0.9932 1.2402, -1.378 1.4587 1.2402, -0.1181 0.9932 1.2402, -1.6142 0.9932 1.2402, -2.3031 1.4587 1.2402, 2.3031 -0.746 1.2402, 1.1811 0.9932 1.2402, 0.315 0.8554 1.2402, 0.5512 0.8554 1.2402, 0.9843 0.9932 1.2402, 0.748 0.9932 1.2402, -0.1181 0.8554 1.2402, 0.1181 0.8554 1.2402, 0.5512 0.9932 1.2402, 0.315 0.9932 1.2402, -2.3031 -0.746 1.2402, -0.315 0.9932 1.2402, -0.748 0.8554 1.2402, -0.748 0.9932 1.2402, -0.9843 0.9932 1.2402, -0.9843 0.8554 1.2402, -1.4173 0.8554 1.2402, -1.1811 0.8554 1.2402, -1.4173 0.9932 1.2402, -1.1811 0.9932 1.2402, -1.6142 0.8554 1.2402, -1.378 1.4587 1.8307, -2.3031 1.4587 1.8307, -2.3031 1.9311 6.4764, -2.3031 1.1044 6.4764, -2.3031 1.9311 1.8307, -2.3031 0.0807 6.4764, -2.3031 -0.746 6.4764, -2.4213 2.0492 6.5945, -2.4213 1.1044 6.5945, -2.5394 1.1044 6.5945, -2.5394 0.0807 6.5945, 2.4213 2.0492 6.5945, 1.5748 2.1673 6.5945, 1.4961 2.0492 6.5945, -2.4213 0.0807 6.5945, -2.4213 -0.8642 6.5945, 2.9724 -2.9586 6.5945, 2.9724 -1.5807 6.5945, 2.4213 -0.8642 6.5945, 2.5394 0.0807 6.5945, 2.4213 0.0807 6.5945, -3.0906 -1.5807 6.5945, -2.9724 -1.5807 6.5945, -2.9724 -2.9586 6.5945, -3.0906 3.5059 6.5945, -1.0236 3.3484 6.5945, 1.0236 3.3484 6.5945, 1.0236 2.7579 6.5945, 1.4961 2.7579 6.5945, 1.5748 2.9547 6.5945, 3.0906 3.5059 6.5945, 2.4213 1.1044 6.5945, 2.5394 1.1044 6.5945, 3.0906 -1.5807 6.5945, 2.7559 2.1673 6.5945, -2.7559 2.1673 6.5945, -1.4961 2.0492 6.5945, -1.5748 2.1673 6.5945, -1.0236 2.7579 6.5945, -1.5748 2.9547 6.5945, -1.4961 2.7579 6.5945, -2.7559 2.9547 6.5945, 2.7559 2.9547 6.5945, -0.9055 3.3176 6.4764, 0.9055 3.3176 6.4764, -0.9055 3.1122 5.689, 0.9055 3.1122 5.689, 0.9055 3.1122 5.6102, 1.378 3.1122 5.6102, -0.9055 3.1122 5.6102, -1.378 3.1122 5.6102, 0.9055 2.6398 5.6102, 0.9055 2.6398 6.4764, 1.378 2.6398 6.4764, 1.378 1.9311 6.4764, 2.3031 1.9311 6.4764, 2.3031 1.1044 6.4764, 2.3031 0.0807 6.4764, 2.3031 -0.746 6.4764, -1.6142 -0.746 4.6546, 1.4173 -0.746 4.7924, 1.1811 -0.746 4.7924, 1.6142 -0.746 4.7924, 0.1181 -0.746 4.7924, 1.6142 -0.746 4.6546, 0.748 -0.746 4.7924, 0.9843 -0.746 4.7924, 1.4173 -0.746 4.6546, 0.9843 -0.746 4.6546, 1.1811 -0.746 4.6546, 0.5512 -0.746 4.7924, 0.315 -0.746 4.7924, 0.5512 -0.746 4.6546, 0.748 -0.746 4.6546, 0.315 -0.746 4.6546, -0.1181 -0.746 4.7924, 0.1181 -0.746 4.6546, -0.1181 -0.746 4.6546, -0.315 -0.746 4.7924, -0.5512 -0.746 4.7924, -0.315 -0.746 4.6546, -0.748 -0.746 4.7924, -0.9843 -0.746 4.7924, -0.5512 -0.746 4.6546, -0.748 -0.746 4.6546, -1.1811 -0.746 4.7924, -1.4173 -0.746 4.7924, -0.9843 -0.746 4.6546, -1.1811 -0.746 4.6546, -1.6142 -0.746 4.7924, -1.4173 -0.746 4.6546, 2.3031 1.4587 1.8307, 2.3031 1.9311 1.8307, 1.378 1.4587 1.8307, 1.378 1.9311 1.8307, 1.378 2.6398 5.6102, -1.378 1.9311 1.8307, -1.378 1.9311 6.4764, -1.378 2.6398 6.4764, -1.378 2.6398 5.6102, -0.9055 2.6398 5.6102, -0.9055 2.6398 6.4764, 2.7559 2.1673 4.626, 1.5748 2.1673 4.626, 1.5748 2.9547 4.626, 2.7559 2.9547 4.626, 1.5945 2.9351 4.626, 2.7362 2.9351 4.626, 1.5945 2.187 4.626, 2.7362 2.187 4.626, -1.5748 2.1673 4.626, -1.5945 2.187 4.626, -2.7362 2.187 4.626, -1.5945 2.9351 4.626, -2.7559 2.9547 4.626, -2.7362 2.9351 4.626, -2.7559 2.1673 4.626, -1.5748 2.9547 4.626, -2.7362 2.9351 6.5551, -1.5945 2.9351 6.5551, -1.5945 2.187 6.5551, -2.7362 2.187 6.5551, 1.5945 2.9351 6.5551, 2.7362 2.9351 6.5551, 1.5945 2.187 6.5551, 2.7362 2.187 6.5551, 2.9724 -2.9586 0.0197, 2.9724 -2.3681 0.0984, 2.9724 -1.5807 0.0984, 2.9724 -2.3681 0.0197, -0.9157 2.4408 0.0984, -1.1914 0.619 0.0984, -1.1914 2.4408 0.0984, 2.3331 0.49 0.0984, 3.0906 0.619 0.0984, -0.979 -0.7829 0.0984, -2.1669 0.49 0.0984, -0.8478 -0.3892 0.0984, -0.9157 3.2097 0.0984, 0.9157 2.4408 0.0984, 0.4318 -0.6824 0.0984, 0.4154 -0.7075 0.0984, 0.3908 -0.7243 0.0984, -1.8174 0.619 0.0984, -2.1539 0.556 0.0984, -2.1304 0.619 0.0984, -2.3331 0.49 0.0984, -2.25 0.4823 0.0984, -2.9724 -1.5807 0.0984, -3.0906 0.619 0.0984, -3.0906 -1.5807 0.0984, -2.3696 0.619 0.0984, -2.3565 0.588 0.0984, -2.3461 0.556 0.0984, -2.3383 0.5234 0.0984, -2.6575 -2.3681 0.0984, -2.9724 -2.3681 0.0984, 0.358 -0.7326 0.0984, 1.8484 -1.4665 0.0984, 0.8009 -0.3892 0.0984, 1.1914 0.619 0.0984, 0.8501 -0.3892 0.0984, 2.6575 -2.3681 0.0984, 2.3461 0.556 0.0984, 2.3696 0.619 0.0984, 3.0906 -1.5807 0.0984, 2.25 0.4823 0.0984, 1.5044 0.619 0.0984, 2.1669 0.49 0.0984, 2.1539 0.556 0.0984, 1.8174 0.619 0.0984, 2.1435 0.588 0.0984, 0.2185 -0.6824 0.0984, 0.2841 -0.7326 0.0984, 0.2513 -0.7243 0.0984, 2.1617 0.5234 0.0984, 2.1304 0.619 0.0984, 0.0545 -0.5986 0.0984, 0.0545 -0.7326 0.0984, -0.1588 -0.5986 0.0984, -0.7821 -0.3892 0.0984, -0.4951 -0.3976 0.0984, -0.5279 -0.4143 0.0984, 1.1914 2.4408 0.0984, 0.9157 3.2097 0.0984, -1.5044 0.619 0.0984, -1.3484 -1.4665 0.0984, -1.1516 -1.4665 0.0984, 0.3484 -2.4665 0.0984, 1.1516 -2.4665 0.0984, 1.1516 -2.6634 0.0984, -0.7001 -0.7829 0.0984, -0.9298 -0.7829 0.0984, -0.897 -0.6824 0.0984, -0.7329 -0.6824 0.0984, -1.8484 -2.4665 0.0984, -1.8484 -2.6634 0.0984, -0.2572 -0.3892 0.0984, -0.1916 -0.3892 0.0984, 1.3484 -2.4665 0.0984, 0.8484 -1.6634 0.0984, -0.3484 -1.4665 0.0984, -0.6509 -0.7829 0.0984, -0.4951 -0.7745 0.0984, -0.5279 -0.7578 0.0984, -0.5771 -0.6908 0.0984, -0.5607 -0.7243 0.0984, -0.5853 -0.6489 0.0984, -0.4541 -0.3892 0.0984, -0.5853 -0.5232 0.0984, -0.5771 -0.4813 0.0984, -0.5607 -0.4478 0.0984, 0.5548 -0.7829 0.0984, 0.399 -0.7745 0.0984, 0.4318 -0.7578 0.0984, -0.2572 -0.7829 0.0984, -0.1588 -0.5484 0.0984, 0.0545 -0.5484 0.0984, 0.0545 -0.4395 0.0984, -0.1916 -0.4395 0.0984, 0.1037 -0.3892 0.0984, -0.3484 -1.6634 0.0984, 0.1516 -2.4665 0.0984, -0.6516 -2.4665 0.0984, -0.1916 -0.7326 0.0984, -0.1916 -0.7829 0.0984, 0.2267 -0.7075 0.0984, 0.4646 -0.7243 0.0984, 0.5548 -0.7326 0.0984, 0.44 -0.6489 0.0984, 1.8484 -1.6634 0.0984, 1.6516 -1.4665 0.0984, 1.6516 -1.6634 0.0984, 0.8484 -1.4665 0.0984, 0.4318 -0.4143 0.0984, 0.4646 -0.4478 0.0984, 0.4892 -0.5232 0.0984, 0.4892 -0.6489 0.0984, 0.44 -0.5232 0.0984, 0.2185 -0.4897 0.0984, 0.4154 -0.4646 0.0984, 0.4318 -0.4897 0.0984, 0.3908 -0.4478 0.0984, 0.358 -0.4395 0.0984, 0.2841 -0.4395 0.0984, 0.2103 -0.4143 0.0984, 0.2431 -0.3976 0.0984, 0.2513 -0.4478 0.0984, 0.2267 -0.4646 0.0984, 0.1693 -0.6824 0.0984, 0.1037 -0.7829 0.0984, 0.1693 -0.4897 0.0984, 0.1775 -0.4478 0.0984, 0.2841 -0.3892 0.0984, 0.358 -0.3892 0.0984, 0.399 -0.3976 0.0984, 0.8009 -0.7326 0.0984, 0.6516 -1.4665 0.0984, 0.2841 -0.7829 0.0984, 0.358 -0.7829 0.0984, -0.1516 -1.4665 0.0984, -0.1516 -1.6634 0.0984, 0.2431 -0.7745 0.0984, 0.2103 -0.7578 0.0984, 0.1775 -0.7243 0.0984, 0.481 -0.6908 0.0984, 0.481 -0.4813 0.0984, -0.8484 -2.4665 0.0984, -1.1516 -1.6634 0.0984, 0.1516 -2.6634 0.0984, 0.3484 -2.6634 0.0984, 2.6575 -2.9586 0.0984, -2.6575 -2.9586 0.0984, -1.6516 -2.6634 0.0984, -1.6516 -2.4665 0.0984, -1.3484 -1.6634 0.0984, -0.8484 -2.6634 0.0984, -0.6516 -2.6634 0.0984, 0.6516 -1.6634 0.0984, -0.4541 -0.7829 0.0984, 0.8501 -0.7829 0.0984, 1.3484 -2.6634 0.0984, 2.6951 1.0182 0.0984, 2.3801 1.2304 0.0984, 2.3494 1.303 0.0984, 1.9547 1.0652 0.0984, 1.8821 1.0345 0.0984, 1.8049 1.0182 0.0984, 2.0758 1.165 0.0984, 2.0201 1.1092 0.0984, 2.5432 0.8038 0.0984, 2.5916 0.8264 0.0984, 2.6951 0.8519 0.0984, 2.1199 1.2304 0.0984, 2.4242 1.165 0.0984, 2.4799 1.1092 0.0984, 2.1506 1.303 0.0984, 2.1669 1.3801 0.0984, 2.5453 1.0652 0.0984, 2.6179 1.0345 0.0984, 1.6339 2.7126 0.0984, 2.3661 2.4646 0.0984, 1.6339 2.4646 0.0984, 2.7756 2.9154 0.0984, 2.3661 2.7126 0.0984, 2.0646 0.7182 0.0984, 2.1092 0.6584 0.0984, 1.8164 0.6584 0.0984, 3.0906 0.6584 0.0984, 2.7028 0.9351 0.0984, 2.3331 1.3801 0.0984, 3.0906 2.9154 0.0984, 2.6142 2.4646 0.0984, 2.6425 0.8425 0.0984, 2.4983 0.7751 0.0984, 2.4574 0.741 0.0984, 2.4214 0.7018 0.0984, 2.3908 0.6584 0.0984, 1.9471 0.809 0.0984, 2.01 0.7689 0.0984, -2.1669 1.3801 0.0984, -2.25 1.3878 0.0984, -1.6339 2.4646 0.0984, -3.0906 0.6584 0.0984, -2.49 0.7689 0.0984, -2.4354 0.7182 0.0984, -1.2307 0.6584 0.0984, -1.8049 0.8519 0.0984, -1.7972 0.9351 0.0984, -1.2307 2.4801 0.0984, -1.8049 1.0182 0.0984, -2.6951 1.0182 0.0984, -2.7028 0.9351 0.0984, -2.3908 0.6584 0.0984, -1.8575 0.8425 0.0984, -1.8164 0.6584 0.0984, -1.9084 0.8264 0.0984, -2.6951 0.8519 0.0984, -2.622 0.8369 0.0984, -2.5529 0.809 0.0984, -3.0906 2.9154 0.0984, -2.6179 1.0345 0.0984, -2.5453 1.0652 0.0984, -2.4799 1.1092 0.0984, -2.4242 1.165 0.0984, -2.3801 1.2304 0.0984, -2.3494 1.303 0.0984, -2.3331 1.3801 0.0984, -2.6142 2.4646 0.0984, -2.3661 2.4646 0.0984, -1.3858 2.4646 0.0984, 1.2307 2.4801 0.0984, -1.9547 1.0652 0.0984, -2.0201 1.1092 0.0984, -1.8821 1.0345 0.0984, -2.1199 1.2304 0.0984, -2.0758 1.165 0.0984, -2.1506 1.303 0.0984, -1.9568 0.8038 0.0984, -2.0017 0.7751 0.0984, -1.5236 0.6584 0.0984, -2.0426 0.741 0.0984, -2.0786 0.7018 0.0984, -2.1092 0.6584 0.0984, 0.955 2.4801 0.0984, 1.3858 2.7126 0.0984, -2.7756 3.5059 0.0984, 0.955 3.249 0.0984, -0.955 3.249 0.0984, -2.7756 2.9154 0.0984, 2.7756 3.5059 0.0984, 2.25 1.3878 0.0984, 1.3858 2.4646 0.0984, 1.2307 0.6584 0.0984, 1.5236 0.6584 0.0984, 1.8049 0.8519 0.0984, 1.878 0.8369 0.0984, 1.7972 0.9351 0.0984, -0.955 2.4801 0.0984, -1.3858 2.7126 0.0984, -2.3661 2.7126 0.0984, -1.6339 2.7126 0.0984, -2.6142 2.7126 0.0984, 2.6142 2.7126 0.0984, -0.5115 -0.4646 0.0984, -0.5361 -0.5232 0.0984, -0.5279 -0.4897 0.0984, -0.3064 -0.7326 0.0984, -0.4541 -0.4395 0.0984, -0.3064 -0.4395 0.0984, -0.4869 -0.4478 0.0984, -0.4869 -0.7243 0.0984, -0.5361 -0.6489 0.0984, -0.4541 -0.7326 0.0984, -0.5279 -0.6824 0.0984, -0.5115 -0.7075 0.0984, -0.8888 -0.6489 0.0984, -0.8149 -0.4227 0.0984, -0.7411 -0.6489 0.0984, 2.5984 2.6969 0.1378, 2.3819 2.6969 0.1378, 2.5984 2.6969 0.8858, 2.3819 2.6969 0.8858, 2.3819 2.4803 0.1378, 2.3819 2.4803 0.8858, 2.5984 2.4803 0.1378, 2.5984 2.4803 0.8858, 1.6083 2.4902 0.8858, 1.6083 2.687 0.8858, 1.6181 2.6969 0.8858, 1.6181 2.4803 0.8858, 1.4016 2.4803 0.8858, 1.4114 2.687 0.8858, 1.4016 2.6969 0.8858, 1.4114 2.4902 0.8858, 2.5886 2.4902 0.8858, 2.5886 2.687 0.8858, 2.3917 2.687 0.8858, 2.3917 2.4902 0.8858, 1.6181 2.6969 0.1378, 1.6181 2.4803 0.1378, 1.4016 2.4803 0.1378, 1.4016 2.6969 0.1378, -2.3819 2.6969 0.1378, -2.5984 2.6969 0.1378, -2.5984 2.4803 0.1378, -2.5984 2.4803 0.8858, -2.5984 2.6969 0.8858, -2.3819 2.4803 0.8858, -2.3819 2.4803 0.1378, -2.3819 2.6969 0.8858, -1.6181 2.6969 0.8858, -1.4114 2.687 0.8858, -1.6083 2.687 0.8858, -1.4114 2.4902 0.8858, -1.4016 2.4803 0.8858, -1.6083 2.4902 0.8858, -1.6181 2.4803 0.8858, -1.4016 2.6969 0.8858, -2.3917 2.687 0.8858, -2.5886 2.687 0.8858, -2.3917 2.4902 0.8858, -2.5886 2.4902 0.8858, -1.6181 2.6969 0.1378, -1.6181 2.4803 0.1378, -1.4016 2.6969 0.1378, -1.4016 2.4803 0.1378, 3.0906 0.6584 0.1772, 3.0906 0.619 0.1772, 3.0906 3.5059 0.0197, 3.0906 2.9154 0.0197, -0.955 2.4801 0.1772, -0.9157 2.4408 0.1772, -1.1914 2.4408 0.1772, 1.1914 0.619 0.1772, 1.2307 0.6584 0.1772, 0.9157 3.2097 0.1772, -0.9157 3.2097 0.1772, 0.955 3.249 0.1772, 0.955 2.4801 0.1772, 0.9157 2.4408 0.1772, 1.1914 2.4408 0.1772, -1.1914 0.619 0.1772, -1.2307 0.6584 0.1772, 1.2307 2.4801 0.1772, -0.955 3.249 0.1772, -1.2307 2.4801 0.1772, -3.0906 0.619 0.1772, -3.0906 0.6584 0.1772, -3.0906 3.5059 0.0197, -3.0906 2.9154 0.0197, 2.1463 0.58 -0.6972, 2.0935 0.6821 -0.7677, 2.1283 0.6233 -0.7677, 2.1591 0.5358 -0.6181, 2.1668 0.49 -0.5315, 1.9971 0.7785 -0.7677, 2.0493 0.7344 -0.7677, 1.8949 0.8314 -0.6972, 1.8507 0.8441 -0.618, 1.8049 0.8519 -0.5315, 1.9383 0.8134 -0.7677, 2.6951 1.0182 -0.5315, 2.6951 0.8519 -0.5315, 2.7028 0.9351 -0.5315, 2.3331 0.49 -0.5315, 2.25 0.4823 -0.5315, 1.8049 1.0182 -0.5315, 1.7972 0.9351 -0.5315, 2.1669 1.3801 -0.5315, 2.3331 1.3801 -0.5315, 2.25 1.3878 -0.5315, 2.5029 0.7785 -0.7677, 2.3536 0.58 -0.6972, 2.3717 0.6233 -0.7677, 2.5617 0.8134 -0.7677, 2.6051 0.8314 -0.6972, 2.6492 0.8441 -0.6181, 2.4507 0.7344 -0.7677, 2.4065 0.6821 -0.7677, 2.3409 0.5358 -0.618, 2.5789 0.8732 -0.7677, 2.5846 0.9351 -0.7677, 2.6493 1.026 -0.618, 2.5789 0.997 -0.7677, 2.5617 1.0567 -0.7677, 2.6051 1.0387 -0.6972, 2.1881 0.6062 -0.7677, 2.25 0.6004 -0.7677, 2.3119 0.6062 -0.7677, 2.3409 1.3343 -0.6181, 2.3119 1.2639 -0.7677, 2.25 1.2697 -0.7677, 2.3537 1.2901 -0.6972, 2.3717 1.2468 -0.7677, 2.1591 1.3343 -0.618, 2.1881 1.2639 -0.7677, 2.1283 1.2468 -0.7677, 2.1464 1.2902 -0.6972, 1.9211 0.997 -0.7677, 1.8508 1.026 -0.6181, 1.8949 1.0387 -0.6972, 1.9154 0.9351 -0.7677, 1.9383 1.0567 -0.7677, 1.9211 0.8732 -0.7677, 2.5029 1.0916 -0.7677, 2.4065 1.188 -0.7677, 2.4507 1.1357 -0.7677, 2.0493 1.1358 -0.7677, 2.0935 1.188 -0.7677, 1.9971 1.0916 -0.7677, -1.9971 0.7785 -0.7677, -2.1463 0.58 -0.6972, -2.1283 0.6233 -0.7677, -1.9383 0.8134 -0.7677, -1.8949 0.8314 -0.6972, -1.8507 0.8441 -0.618, -1.8049 0.8519 -0.5315, -2.0493 0.7344 -0.7677, -2.0935 0.6821 -0.7677, -2.1591 0.5358 -0.6181, -2.1668 0.49 -0.5315, -2.6951 1.0182 -0.5315, -2.7028 0.9351 -0.5315, -2.6951 0.8519 -0.5315, -2.3331 0.49 -0.5315, -2.25 0.4823 -0.5315, -1.7972 0.9351 -0.5315, -1.8049 1.0182 -0.5315, -2.25 1.3878 -0.5315, -2.1669 1.3801 -0.5315, -2.3331 1.3801 -0.5315, -2.3536 0.58 -0.6972, -2.4065 0.6821 -0.7677, -2.3717 0.6233 -0.7677, -2.3409 0.5358 -0.618, -2.5029 0.7785 -0.7677, -2.4507 0.7344 -0.7677, -2.6051 0.8314 -0.6972, -2.6492 0.8441 -0.6181, -2.5617 0.8134 -0.7677, -2.6493 1.026 -0.618, -2.5789 0.997 -0.7677, -2.5846 0.9351 -0.7677, -2.6051 1.0387 -0.6972, -2.5617 1.0567 -0.7677, -2.5789 0.8732 -0.7677, -2.3119 0.6062 -0.7677, -2.25 0.6004 -0.7677, -2.1881 0.6062 -0.7677, -2.1881 1.2639 -0.7677, -2.1591 1.3343 -0.618, -2.1464 1.2902 -0.6972, -2.25 1.2697 -0.7677, -2.1283 1.2468 -0.7677, -2.3409 1.3343 -0.6181, -2.3119 1.2639 -0.7677, -2.3717 1.2468 -0.7677, -2.3537 1.2901 -0.6972, -1.9211 0.8732 -0.7677, -1.9154 0.9351 -0.7677, -1.8508 1.026 -0.6181, -1.9211 0.997 -0.7677, -1.9383 1.0567 -0.7677, -1.8949 1.0387 -0.6972, -2.5029 1.0916 -0.7677, -2.4507 1.1358 -0.7677, -1.9971 1.0916 -0.7677, -2.0493 1.1358 -0.7677, -2.4065 1.188 -0.7677, -2.0935 1.188 -0.7677, -2.7756 2.9154 0.0197, -2.7756 3.5059 0.0197, 2.7756 3.5059 0.0197, 2.7756 2.9154 0.0197, -2.6575 -2.3681 0.0197, -2.6575 -2.9586 0.0197, -2.9724 -2.9586 0.0197, -2.9724 -2.3681 0.0197, 2.6575 -2.9586 0.0197, 2.6575 -2.3681 0.0197
            ]
        }
        coordIndex [
            0,1,2,-1,3,4,5,-1,6,7,8,-1,3,5,9,-1,10,7,6,-1,11,0,7,-1,12,0,11,-1,13,14,2,-1,15,16,7,-1,1,13,2,-1,17,18,19,-1,20,21,22,-1,23,24,21,-1,9,25,26,-1,22,13,20,-1,27,7,16,-1,7,0,8,-1,0,2,8,-1,14,13,28,-1,28,10,6,-1,29,27,30,-1,6,14,28,-1,13,31,28,-1,10,15,7,-1,32,31,13,-1,32,16,15,-1,33,27,34,-1,15,31,32,-1,13,35,32,-1,16,30,27,-1,36,35,13,-1,36,29,30,-1,22,24,34,-1,30,35,36,-1,13,22,36,-1,29,34,27,-1,22,21,24,-1,33,37,27,-1,38,19,18,-1,34,24,33,-1,23,38,24,-1,33,18,37,-1,19,38,23,-1,18,17,37,-1,39,40,41,-1,42,39,41,-1,23,40,19,-1,17,39,37,-1,40,23,41,-1,37,39,5,-1,25,23,26,-1,43,44,45,-1,23,46,41,-1,5,39,42,-1,45,46,23,-1,5,42,44,-1,47,9,5,-1,44,46,45,-1,23,25,45,-1,5,44,43,-1,9,47,25,-1,5,43,47,-1,23,48,49,-1,23,49,26,-1,50,51,49,-1,49,52,50,-1,9,26,49,-1,49,51,9,-1,53,54,37,-1,37,5,53,-1,50,55,56,-1,50,56,51,-1,56,57,3,-1,3,9,56,-1,56,9,51,-1,57,58,4,-1,4,3,57,-1,59,60,61,-1,62,58,63,-1,64,65,66,-1,66,67,68,-1,69,70,63,-1,64,66,63,-1,63,70,71,-1,72,73,74,-1,75,76,77,-1,72,74,78,-1,71,64,63,-1,60,77,76,-1,59,79,80,-1,67,81,80,-1,78,82,81,-1,80,81,82,-1,66,81,67,-1,66,65,81,-1,57,83,69,-1,63,58,69,-1,69,58,57,-1,57,56,55,-1,83,72,69,-1,55,84,85,-1,86,73,87,-1,86,87,88,-1,73,72,87,-1,84,88,85,-1,87,85,88,-1,57,55,83,-1,83,55,85,-1,87,72,89,-1,72,83,89,-1,82,78,90,-1,59,80,82,-1,82,60,59,-1,76,61,60,-1,78,74,77,-1,75,77,74,-1,78,77,90,-1,74,91,92,-1,73,91,74,-1,93,92,91,-1,92,93,94,-1,95,20,96,-1,97,98,21,-1,95,94,97,-1,95,21,20,-1,95,97,21,-1,97,94,93,-1,94,99,100,-1,99,94,95,-1,100,92,94,-1,75,74,92,-1,75,92,100,-1,101,75,100,-1,75,101,76,-1,61,101,102,-1,101,61,76,-1,103,61,102,-1,61,103,59,-1,79,103,104,-1,103,79,59,-1,79,0,12,-1,79,104,0,-1,12,80,79,-1,67,80,12,-1,12,11,67,-1,68,67,11,-1,11,7,68,-1,68,7,105,-1,106,66,68,-1,106,68,105,-1,63,106,54,-1,106,63,66,-1,62,54,53,-1,54,62,63,-1,62,5,4,-1,62,53,5,-1,4,58,62,-1,54,107,37,-1,108,109,106,-1,110,108,106,-1,106,111,54,-1,106,112,110,-1,106,27,112,-1,113,106,114,-1,112,27,115,-1,116,117,27,-1,108,115,109,-1,106,109,114,-1,27,117,115,-1,109,115,117,-1,118,119,106,-1,120,121,27,-1,114,116,113,-1,106,113,118,-1,27,121,116,-1,113,116,121,-1,120,27,122,-1,111,123,54,-1,118,120,119,-1,106,119,111,-1,122,27,124,-1,119,120,122,-1,124,27,125,-1,126,127,54,-1,111,124,123,-1,54,123,126,-1,27,37,125,-1,123,124,125,-1,37,128,125,-1,129,130,54,-1,126,128,127,-1,54,127,129,-1,37,131,128,-1,127,128,131,-1,37,132,131,-1,133,134,54,-1,129,132,130,-1,54,130,133,-1,37,135,132,-1,130,132,135,-1,37,136,135,-1,107,54,137,-1,133,136,134,-1,54,134,137,-1,37,138,136,-1,134,136,138,-1,37,107,138,-1,106,105,7,-1,7,27,106,-1,139,1,0,-1,139,0,104,-1,103,139,104,-1,139,103,140,-1,1,139,141,-1,1,141,13,-1,142,13,141,-1,143,96,20,-1,142,143,20,-1,13,142,20,-1,143,102,101,-1,143,142,102,-1,103,102,142,-1,142,140,103,-1,52,48,144,-1,48,52,49,-1,142,141,139,-1,142,139,140,-1,145,50,52,-1,52,144,145,-1,84,50,145,-1,50,84,55,-1,146,88,84,-1,146,84,145,-1,147,21,98,-1,146,145,147,-1,23,144,48,-1,147,144,21,-1,23,21,144,-1,144,147,145,-1,146,148,149,-1,148,146,147,-1,86,88,146,-1,86,146,149,-1,91,86,149,-1,86,91,73,-1,148,93,149,-1,93,148,97,-1,93,91,149,-1,148,98,97,-1,148,147,98,-1,95,96,143,-1,143,99,95,-1,100,143,101,-1,143,100,99,-1,60,82,150,-1,150,151,60,-1,77,60,151,-1,151,152,77,-1,90,77,152,-1,152,153,90,-1,82,90,153,-1,153,150,82,-1,152,154,155,-1,156,150,157,-1,151,150,156,-1,151,156,152,-1,150,153,155,-1,152,155,153,-1,150,155,157,-1,152,156,154,-1,158,159,160,-1,161,162,163,-1,164,158,160,-1,164,160,162,-1,158,165,161,-1,162,161,165,-1,158,161,159,-1,162,160,163,-1,85,87,165,-1,165,158,85,-1,83,85,158,-1,158,164,83,-1,89,83,164,-1,164,162,89,-1,87,89,162,-1,162,165,87,-1,163,166,167,-1,163,167,161,-1,161,167,168,-1,161,168,159,-1,159,168,169,-1,159,169,160,-1,160,169,166,-1,160,166,163,-1,166,168,167,-1,168,166,169,-1,155,170,171,-1,155,154,170,-1,172,170,154,-1,154,156,172,-1,171,170,172,-1,172,173,171,-1,157,171,173,-1,157,155,171,-1,156,173,172,-1,156,157,173,-1,174,175,64,-1,175,176,65,-1,174,177,175,-1,64,175,65,-1,178,179,180,-1,181,182,176,-1,183,184,185,-1,178,186,187,-1,188,189,190,-1,191,192,193,-1,192,191,184,-1,194,195,196,-1,197,196,198,-1,196,197,194,-1,199,200,197,-1,201,197,200,-1,201,202,197,-1,197,202,194,-1,191,185,184,-1,196,203,204,-1,188,190,205,-1,206,181,176,-1,207,208,209,-1,175,210,176,-1,211,212,182,-1,213,176,182,-1,182,181,211,-1,214,181,206,-1,215,209,208,-1,216,206,209,-1,217,218,219,-1,220,221,222,-1,217,223,218,-1,219,218,224,-1,223,216,218,-1,225,226,227,-1,228,229,230,-1,178,208,179,-1,231,208,187,-1,178,187,208,-1,187,186,232,-1,179,185,233,-1,234,183,235,-1,236,237,238,-1,239,240,241,-1,228,185,179,-1,239,241,242,-1,195,184,234,-1,196,195,234,-1,203,243,244,-1,191,233,185,-1,245,179,246,-1,247,237,248,-1,235,240,239,-1,249,250,251,-1,250,252,251,-1,250,253,254,-1,250,254,252,-1,253,250,255,-1,250,228,255,-1,179,245,256,-1,228,257,255,-1,228,258,257,-1,228,259,258,-1,228,230,259,-1,228,179,229,-1,179,256,229,-1,260,261,262,-1,245,227,263,-1,245,264,227,-1,265,264,266,-1,245,267,264,-1,264,267,266,-1,246,179,268,-1,267,245,246,-1,179,208,268,-1,269,270,271,-1,249,239,250,-1,272,227,226,-1,227,272,263,-1,263,272,273,-1,221,220,205,-1,274,220,222,-1,275,276,260,-1,277,188,205,-1,277,205,220,-1,275,260,262,-1,176,278,206,-1,279,280,281,-1,282,207,283,-1,206,279,209,-1,284,276,285,-1,286,277,287,-1,288,289,290,-1,289,291,290,-1,286,291,289,-1,292,291,286,-1,293,268,294,-1,287,295,292,-1,287,292,286,-1,295,287,296,-1,277,220,287,-1,297,298,268,-1,220,299,287,-1,268,300,299,-1,293,300,268,-1,294,268,301,-1,268,208,301,-1,208,302,301,-1,208,303,302,-1,303,207,282,-1,207,304,284,-1,304,276,284,-1,305,306,307,-1,308,263,273,-1,236,270,309,-1,298,310,306,-1,298,311,310,-1,297,299,220,-1,298,312,311,-1,268,299,297,-1,298,297,312,-1,209,215,218,-1,313,276,275,-1,298,306,308,-1,307,261,305,-1,313,285,276,-1,207,284,314,-1,207,303,208,-1,314,283,207,-1,218,216,209,-1,315,316,271,-1,317,318,319,-1,203,244,320,-1,320,244,321,-1,278,247,280,-1,203,196,243,-1,315,322,323,-1,235,239,249,-1,249,269,235,-1,196,323,243,-1,322,243,323,-1,234,184,183,-1,196,234,323,-1,183,240,235,-1,315,324,322,-1,320,324,325,-1,321,324,320,-1,322,324,321,-1,315,323,316,-1,263,308,249,-1,308,306,305,-1,305,326,308,-1,316,269,271,-1,235,269,316,-1,263,249,327,-1,249,251,327,-1,273,298,308,-1,270,317,271,-1,319,320,317,-1,325,317,320,-1,271,317,325,-1,270,269,309,-1,237,236,326,-1,176,210,278,-1,309,326,236,-1,308,326,309,-1,328,305,260,-1,305,261,260,-1,328,281,305,-1,238,329,319,-1,319,329,210,-1,318,238,319,-1,236,238,318,-1,237,326,248,-1,329,247,210,-1,210,247,278,-1,248,280,247,-1,281,280,248,-1,209,279,328,-1,279,281,328,-1,216,214,206,-1,330,331,332,-1,333,334,335,-1,335,336,337,-1,338,339,340,-1,341,336,335,-1,333,335,337,-1,342,330,343,-1,344,335,345,-1,344,341,335,-1,346,330,347,-1,348,349,350,-1,348,351,352,-1,346,343,330,-1,353,354,355,-1,330,342,331,-1,330,356,357,-1,358,330,332,-1,356,330,359,-1,356,340,357,-1,359,330,360,-1,340,339,361,-1,362,338,356,-1,363,356,364,-1,363,362,356,-1,365,364,356,-1,366,367,355,-1,338,340,356,-1,368,369,370,-1,371,372,373,-1,374,375,376,-1,368,377,378,-1,379,380,371,-1,371,373,381,-1,382,383,384,-1,385,386,387,-1,371,387,372,-1,371,385,387,-1,371,380,385,-1,371,388,379,-1,389,379,390,-1,391,379,392,-1,391,390,379,-1,393,379,394,-1,393,392,379,-1,395,379,396,-1,395,394,379,-1,370,369,397,-1,368,398,377,-1,398,368,370,-1,399,345,335,-1,378,400,401,-1,400,378,402,-1,403,378,404,-1,378,401,404,-1,405,368,378,-1,405,378,403,-1,374,378,377,-1,406,383,407,-1,408,375,374,-1,383,375,408,-1,384,383,406,-1,409,407,383,-1,410,383,411,-1,410,409,383,-1,378,374,376,-1,375,383,382,-1,399,412,413,-1,414,415,416,-1,416,417,414,-1,351,415,418,-1,414,418,415,-1,419,345,350,-1,419,360,358,-1,420,345,399,-1,399,335,421,-1,355,422,423,-1,366,355,424,-1,355,367,353,-1,422,421,423,-1,424,355,423,-1,335,425,421,-1,421,425,423,-1,426,377,427,-1,388,396,379,-1,427,377,398,-1,370,397,428,-1,416,429,417,-1,428,417,429,-1,426,427,416,-1,416,427,429,-1,429,370,428,-1,396,388,430,-1,396,397,369,-1,369,395,396,-1,428,430,417,-1,388,417,430,-1,415,348,413,-1,412,415,413,-1,415,351,348,-1,420,399,413,-1,358,360,330,-1,345,420,350,-1,351,359,431,-1,349,419,350,-1,359,360,431,-1,352,349,348,-1,419,349,360,-1,431,352,351,-1,432,433,434,-1,435,436,437,-1,433,432,438,-1,439,440,441,-1,442,440,443,-1,439,443,440,-1,433,441,440,-1,441,433,436,-1,441,436,435,-1,436,433,438,-1,444,445,446,-1,352,431,447,-1,352,447,448,-1,448,447,449,-1,449,450,448,-1,451,448,450,-1,450,452,451,-1,349,448,451,-1,448,349,352,-1,360,451,453,-1,451,360,349,-1,431,360,453,-1,431,453,447,-1,447,453,454,-1,454,449,447,-1,455,456,457,-1,455,457,458,-1,458,459,455,-1,460,461,457,-1,457,456,460,-1,459,461,460,-1,455,459,462,-1,459,460,462,-1,463,464,449,-1,463,449,454,-1,454,452,463,-1,465,450,449,-1,449,464,465,-1,452,450,465,-1,463,452,466,-1,452,465,466,-1,467,468,458,-1,458,457,467,-1,348,350,468,-1,348,468,467,-1,350,469,468,-1,469,350,420,-1,468,469,459,-1,459,458,468,-1,469,470,461,-1,461,459,469,-1,420,470,469,-1,470,420,413,-1,413,348,467,-1,413,467,470,-1,470,467,457,-1,457,461,470,-1,453,451,452,-1,452,454,453,-1,430,471,472,-1,471,430,428,-1,396,430,472,-1,396,472,473,-1,472,474,473,-1,474,472,475,-1,473,476,477,-1,476,473,474,-1,397,396,473,-1,397,473,477,-1,428,397,477,-1,428,477,471,-1,477,478,471,-1,478,477,476,-1,471,475,472,-1,475,471,478,-1,479,480,481,-1,482,483,484,-1,485,479,484,-1,483,480,486,-1,479,486,480,-1,480,483,482,-1,485,484,483,-1,479,481,484,-1,475,487,488,-1,489,476,490,-1,474,475,490,-1,476,487,478,-1,475,478,487,-1,487,476,489,-1,474,490,476,-1,475,488,490,-1,491,485,492,-1,485,491,479,-1,370,429,491,-1,370,491,492,-1,429,493,491,-1,493,429,427,-1,493,479,491,-1,479,493,486,-1,494,486,493,-1,486,494,483,-1,427,398,494,-1,427,494,493,-1,398,370,492,-1,398,492,494,-1,492,483,494,-1,483,492,485,-1,78,81,495,-1,78,495,359,-1,496,81,213,-1,356,359,495,-1,497,359,498,-1,359,497,78,-1,182,496,213,-1,495,81,496,-1,499,500,501,-1,496,502,503,-1,504,505,506,-1,507,508,504,-1,509,503,502,-1,495,496,503,-1,501,510,511,-1,507,512,509,-1,512,503,509,-1,509,508,507,-1,506,507,504,-1,499,513,505,-1,506,505,513,-1,514,501,511,-1,505,500,499,-1,499,501,514,-1,510,515,511,-1,511,515,516,-1,72,516,69,-1,69,515,198,-1,517,518,388,-1,197,198,515,-1,516,388,371,-1,517,388,72,-1,69,516,515,-1,72,388,516,-1,374,377,514,-1,514,511,374,-1,426,416,513,-1,513,499,426,-1,415,412,507,-1,507,506,415,-1,399,421,503,-1,503,512,399,-1,217,219,519,-1,520,521,354,-1,217,522,223,-1,522,217,519,-1,223,522,523,-1,223,523,216,-1,219,521,519,-1,521,219,224,-1,224,354,521,-1,524,367,366,-1,520,353,525,-1,366,424,526,-1,424,527,526,-1,527,423,528,-1,423,527,424,-1,529,524,366,-1,366,526,529,-1,525,353,367,-1,524,525,367,-1,520,354,353,-1,530,330,357,-1,340,531,532,-1,532,357,340,-1,530,357,532,-1,533,181,214,-1,216,523,534,-1,534,214,216,-1,533,214,534,-1,528,423,425,-1,335,535,536,-1,536,425,335,-1,528,425,536,-1,419,537,345,-1,358,538,539,-1,539,537,419,-1,358,539,419,-1,362,540,338,-1,212,541,542,-1,543,339,338,-1,338,540,543,-1,361,339,544,-1,543,544,339,-1,361,545,340,-1,545,361,544,-1,340,545,531,-1,540,362,363,-1,363,546,540,-1,546,364,547,-1,364,546,363,-1,365,542,547,-1,547,364,365,-1,548,541,211,-1,365,212,542,-1,533,548,181,-1,211,541,212,-1,548,211,181,-1,549,545,544,-1,549,550,532,-1,543,549,544,-1,551,530,552,-1,531,545,549,-1,553,554,552,-1,554,551,552,-1,532,550,530,-1,550,552,530,-1,549,532,531,-1,555,522,519,-1,555,556,534,-1,521,555,519,-1,548,533,557,-1,523,522,555,-1,542,541,557,-1,541,548,557,-1,534,556,533,-1,556,557,533,-1,555,534,523,-1,538,558,559,-1,537,539,560,-1,559,560,539,-1,559,558,561,-1,559,561,562,-1,539,538,559,-1,563,537,564,-1,564,537,560,-1,565,566,564,-1,564,566,563,-1,567,568,569,-1,567,570,536,-1,571,567,569,-1,527,528,572,-1,535,568,567,-1,529,526,572,-1,526,527,572,-1,536,570,528,-1,570,572,528,-1,567,536,535,-1,551,347,330,-1,346,573,343,-1,551,554,347,-1,330,530,551,-1,554,553,347,-1,574,342,575,-1,553,346,347,-1,358,332,558,-1,562,561,332,-1,538,358,558,-1,558,332,561,-1,332,331,562,-1,574,562,331,-1,575,342,343,-1,331,342,574,-1,346,553,573,-1,343,573,575,-1,574,576,577,-1,576,524,578,-1,562,574,559,-1,574,560,559,-1,576,574,575,-1,573,552,550,-1,576,575,525,-1,549,540,550,-1,553,552,573,-1,550,540,573,-1,549,543,540,-1,555,520,556,-1,573,540,546,-1,520,546,547,-1,546,575,573,-1,542,557,547,-1,520,555,521,-1,557,556,547,-1,556,520,547,-1,546,525,575,-1,546,520,525,-1,524,570,578,-1,529,572,524,-1,570,524,572,-1,578,570,567,-1,571,578,567,-1,524,576,525,-1,564,560,577,-1,577,560,574,-1,565,564,577,-1,563,344,345,-1,341,577,336,-1,563,566,344,-1,345,537,563,-1,566,565,344,-1,578,337,576,-1,565,341,344,-1,335,334,568,-1,571,569,334,-1,535,335,568,-1,568,334,569,-1,334,333,571,-1,578,571,333,-1,576,337,336,-1,333,337,578,-1,341,565,577,-1,336,577,576,-1,406,407,579,-1,580,581,193,-1,582,406,579,-1,582,583,384,-1,384,406,582,-1,584,382,583,-1,384,583,382,-1,375,584,585,-1,584,375,382,-1,579,407,409,-1,409,586,579,-1,586,410,587,-1,410,586,409,-1,411,581,587,-1,587,410,411,-1,411,193,581,-1,588,184,589,-1,580,192,588,-1,193,192,580,-1,588,192,184,-1,379,590,591,-1,592,385,380,-1,380,591,592,-1,379,591,380,-1,194,593,594,-1,589,184,195,-1,195,594,589,-1,194,594,195,-1,375,585,595,-1,596,378,376,-1,376,595,596,-1,375,595,376,-1,597,368,598,-1,599,395,369,-1,369,368,597,-1,599,369,597,-1,600,201,200,-1,601,602,381,-1,600,603,201,-1,202,603,593,-1,603,202,201,-1,194,202,593,-1,200,602,600,-1,602,200,199,-1,199,381,602,-1,604,372,387,-1,601,373,605,-1,387,386,606,-1,607,386,385,-1,386,607,606,-1,592,607,385,-1,387,608,604,-1,387,606,608,-1,605,373,372,-1,604,605,372,-1,601,381,373,-1,590,609,610,-1,592,591,611,-1,610,611,591,-1,610,609,612,-1,610,612,613,-1,591,590,610,-1,607,592,614,-1,614,592,611,-1,608,606,614,-1,614,606,607,-1,593,603,615,-1,589,594,616,-1,615,616,594,-1,615,603,600,-1,615,600,602,-1,594,593,615,-1,588,589,617,-1,617,589,616,-1,581,580,617,-1,617,580,588,-1,618,619,620,-1,618,621,597,-1,622,618,620,-1,623,599,624,-1,598,619,618,-1,625,626,624,-1,626,623,624,-1,597,621,599,-1,621,624,599,-1,618,597,598,-1,585,584,627,-1,596,595,628,-1,627,628,595,-1,627,584,583,-1,627,583,582,-1,595,585,627,-1,629,596,630,-1,630,596,628,-1,631,632,630,-1,630,632,629,-1,601,605,587,-1,614,604,608,-1,605,604,633,-1,633,610,613,-1,633,611,610,-1,604,611,633,-1,611,604,614,-1,615,602,601,-1,605,633,634,-1,581,617,587,-1,587,617,616,-1,601,616,615,-1,587,605,586,-1,616,601,587,-1,605,634,586,-1,635,579,636,-1,635,628,579,-1,628,627,579,-1,627,582,579,-1,628,635,630,-1,630,635,631,-1,636,579,586,-1,634,637,636,-1,634,636,586,-1,638,621,618,-1,636,637,638,-1,621,638,637,-1,638,618,622,-1,625,624,637,-1,621,637,624,-1,619,598,368,-1,638,622,403,-1,619,405,620,-1,400,635,401,-1,404,636,638,-1,629,632,402,-1,400,402,631,-1,632,631,402,-1,402,378,629,-1,596,629,378,-1,636,401,635,-1,400,631,635,-1,404,638,403,-1,401,636,404,-1,622,620,405,-1,403,622,405,-1,619,368,405,-1,609,590,379,-1,633,613,390,-1,609,389,612,-1,393,637,392,-1,391,634,633,-1,623,626,394,-1,393,394,625,-1,626,625,394,-1,394,395,623,-1,599,623,395,-1,634,392,637,-1,393,625,637,-1,391,633,390,-1,392,634,391,-1,613,612,389,-1,390,613,389,-1,609,379,389,-1,388,518,639,-1,388,639,417,-1,417,639,640,-1,417,640,414,-1,497,641,418,-1,78,418,414,-1,497,418,78,-1,414,640,517,-1,414,72,78,-1,414,517,72,-1,497,642,641,-1,642,497,498,-1,640,518,517,-1,518,640,639,-1,643,644,645,-1,643,645,646,-1,647,648,177,-1,647,177,174,-1,418,641,642,-1,418,642,351,-1,351,642,498,-1,351,498,359,-1,204,646,645,-1,204,70,196,-1,204,645,71,-1,204,71,70,-1,645,644,320,-1,71,320,319,-1,645,320,71,-1,319,647,174,-1,319,64,71,-1,319,174,64,-1,210,648,647,-1,210,647,319,-1,175,177,648,-1,175,648,210,-1,320,644,643,-1,320,643,203,-1,203,643,646,-1,203,646,204,-1,198,196,70,-1,70,69,198,-1,176,213,81,-1,81,65,176,-1,
        ]
    }
}
Shape{
    appearance Appearance {
        material  Material 	{
            diffuseColor 0.8196078431372549 0.8196078431372549 0.8196078431372549
            specularColor 0.7529411764705882 0.7529411764705882 0.7529411764705882
            ambientIntensity 1.0
            transparency 1.0
            shininess 0.5
        }
    }
    geometry IndexedFaceSet {
        ccw TRUE
        solid FALSE
        coord DEF co Coordinate {
            point [
                2.5886 2.4902 0.8858, 2.5886 2.4902 -1.1811, 2.5886 2.687 -1.1811, 2.5886 2.687 0.8858, 2.3917 2.687 -1.1811, 2.3917 2.687 0.8858, 2.3917 2.4902 -1.1811, 2.3917 2.4902 0.8858, 1.6083 2.687 -1.1811, 1.4114 2.4902 -1.1811, 1.4114 2.687 -1.1811, 1.6083 2.4902 -1.1811, 1.6083 2.4902 0.8858, 1.6083 2.687 0.8858, 1.4114 2.687 0.8858, 1.4114 2.4902 0.8858, -2.5886 2.4902 0.8858, -2.5886 2.687 -1.1811, -2.5886 2.4902 -1.1811, -2.5886 2.687 0.8858, -2.3917 2.687 -1.1811, -2.3917 2.687 0.8858, -2.3917 2.4902 -1.1811, -1.4114 2.4902 -1.1811, -1.6083 2.687 -1.1811, -1.4114 2.687 -1.1811, -1.6083 2.4902 -1.1811, -2.3917 2.4902 0.8858, -1.6083 2.4902 0.8858, -1.6083 2.687 0.8858, -1.4114 2.687 0.8858, -1.4114 2.4902 0.8858
            ]
        }
        coordIndex [
            0,1,2,-1,0,2,3,-1,3,2,4,-1,3,4,5,-1,5,4,6,-1,5,6,7,-1,7,6,1,-1,7,1,0,-1,2,6,4,-1,6,2,1,-1,8,9,10,-1,9,8,11,-1,12,11,8,-1,12,8,13,-1,13,8,10,-1,13,10,14,-1,14,10,9,-1,14,9,15,-1,15,9,11,-1,15,11,12,-1,16,17,18,-1,16,19,17,-1,20,17,19,-1,19,21,20,-1,22,17,20,-1,22,18,17,-1,23,24,25,-1,23,26,24,-1,27,18,22,-1,27,16,18,-1,21,22,20,-1,21,27,22,-1,28,24,26,-1,28,29,24,-1,25,24,29,-1,29,30,25,-1,30,23,25,-1,30,31,23,-1,31,26,23,-1,31,28,26,-1,
        ]
    }
}
Shape{
    appearance Appearance {
        material  Material 	{
            diffuseColor 0.8117647058823529 0.8117647058823529 0.8117647058823529
            specularColor 0.7529411764705882 0.7529411764705882 0.7529411764705882
            ambientIntensity 1.0
            transparency 1.0
            shininess 0.5
        }
    }
    geometry IndexedFaceSet {
        ccw TRUE
        solid FALSE
        coord DEF co Coordinate {
            point [
                1.8484 -1.4665 -1.2402, 1.8484 -1.6634 0.0984, 1.8484 -1.6634 -1.2402, 1.8484 -1.4665 0.0984, 1.6516 -1.4665 -1.2402, 1.6516 -1.4665 0.0984, 1.6516 -1.6634 -1.2402, 1.6516 -1.6634 0.0984, 1.3484 -2.4665 -1.2402, 1.1516 -2.6634 -1.2402, 1.1516 -2.4665 -1.2402, 1.3484 -2.6634 -1.2402, 1.3484 -2.6634 0.0984, 1.3484 -2.4665 0.0984, 1.1516 -2.4665 0.0984, 1.1516 -2.6634 0.0984, 0.8484 -1.4665 -1.2402, 0.8484 -1.6634 0.0984, 0.8484 -1.6634 -1.2402, 0.8484 -1.4665 0.0984, 0.6516 -1.4665 -1.2402, 0.6516 -1.4665 0.0984, 0.6516 -1.6634 -1.2402, 0.6516 -1.6634 0.0984, 0.3484 -2.4665 -1.2402, 0.1516 -2.6634 -1.2402, 0.1516 -2.4665 -1.2402, 0.3484 -2.6634 -1.2402, 0.3484 -2.6634 0.0984, 0.3484 -2.4665 0.0984, 0.1516 -2.4665 0.0984, 0.1516 -2.6634 0.0984, -0.1516 -1.4665 -1.2402, -0.1516 -1.6634 0.0984, -0.1516 -1.6634 -1.2402, -0.1516 -1.4665 0.0984, -0.3484 -1.4665 -1.2402, -0.3484 -1.4665 0.0984, -0.3484 -1.6634 -1.2402, -0.3484 -1.6634 0.0984, -0.6516 -2.4665 -1.2402, -0.8484 -2.6634 -1.2402, -0.8484 -2.4665 -1.2402, -0.6516 -2.6634 -1.2402, -0.6516 -2.6634 0.0984, -0.6516 -2.4665 0.0984, -0.8484 -2.4665 0.0984, -0.8484 -2.6634 0.0984, -1.1516 -1.4665 -1.2402, -1.1516 -1.6634 0.0984, -1.1516 -1.6634 -1.2402, -1.1516 -1.4665 0.0984, -1.3484 -1.4665 -1.2402, -1.3484 -1.4665 0.0984, -1.3484 -1.6634 -1.2402, -1.3484 -1.6634 0.0984, -1.6516 -2.4665 -1.2402, -1.8484 -2.6634 -1.2402, -1.8484 -2.4665 -1.2402, -1.6516 -2.6634 -1.2402, -1.6516 -2.6634 0.0984, -1.6516 -2.4665 0.0984, -1.8484 -2.4665 0.0984, -1.8484 -2.6634 0.0984
            ]
        }
        coordIndex [
            0,1,2,-1,1,0,3,-1,4,5,3,-1,4,3,0,-1,6,5,4,-1,5,6,7,-1,2,7,6,-1,7,2,1,-1,0,6,4,-1,6,0,2,-1,8,9,10,-1,9,8,11,-1,8,12,11,-1,12,8,13,-1,10,14,13,-1,10,13,8,-1,9,14,10,-1,14,9,15,-1,11,15,9,-1,15,11,12,-1,16,17,18,-1,17,16,19,-1,20,21,19,-1,20,19,16,-1,22,21,20,-1,21,22,23,-1,18,23,22,-1,23,18,17,-1,16,22,20,-1,22,16,18,-1,24,25,26,-1,25,24,27,-1,24,28,27,-1,28,24,29,-1,26,30,29,-1,26,29,24,-1,25,30,26,-1,30,25,31,-1,27,31,25,-1,31,27,28,-1,32,33,34,-1,33,32,35,-1,36,37,35,-1,36,35,32,-1,38,37,36,-1,37,38,39,-1,34,39,38,-1,39,34,33,-1,32,38,36,-1,38,32,34,-1,40,41,42,-1,41,40,43,-1,40,44,43,-1,44,40,45,-1,42,46,45,-1,42,45,40,-1,41,46,42,-1,46,41,47,-1,43,47,41,-1,47,43,44,-1,48,49,50,-1,49,48,51,-1,52,53,51,-1,52,51,48,-1,54,53,52,-1,53,54,55,-1,50,55,54,-1,55,50,49,-1,48,54,52,-1,54,48,50,-1,56,57,58,-1,57,56,59,-1,56,60,59,-1,60,56,61,-1,58,62,61,-1,58,61,56,-1,57,62,58,-1,62,57,63,-1,59,63,57,-1,63,59,60,-1,
        ]
    }
}
Shape{
    appearance Appearance {
        material  Material 	{
            diffuseColor 0.25882352941176473 0.25882352941176473 0.25882352941176473
            specularColor 0.7529411764705882 0.7529411764705882 0.7529411764705882
            ambientIntensity 1.0
            transparency 1.0
            shininess 0.5
        }
    }
    geometry IndexedFaceSet {
        ccw TRUE
        solid FALSE
        coord DEF co Coordinate {
            point [
                0.9157 3.2097 0.0984, -0.9157 3.2097 0.0984, -0.9157 3.2097 0.1772, 0.9157 3.2097 0.1772, 0.9157 2.4408 0.0984, 0.9157 2.4408 0.1772, 1.1914 2.4408 0.0984, 1.1914 2.4408 0.1772, 1.1914 0.619 0.0984, 1.1914 0.619 0.1772, 1.5044 0.619 0.0984, 1.8174 0.619 0.0984, 2.1304 0.619 0.0984, 3.0906 0.619 0.1772, 2.3696 0.619 0.0984, 3.0906 0.619 0.0984, -2.1304 0.619 0.0984, -2.3696 0.619 0.0984, -3.0906 0.619 0.1772, -1.1914 0.619 0.1772, -1.8174 0.619 0.0984, -1.5044 0.619 0.0984, -1.1914 0.619 0.0984, -3.0906 0.619 0.0984, -1.1914 2.4408 0.0984, -1.1914 2.4408 0.1772, -0.9157 2.4408 0.0984, -0.9157 2.4408 0.1772
            ]
        }
        coordIndex [
            0,1,2,-1,2,3,0,-1,4,0,3,-1,3,5,4,-1,6,4,5,-1,5,7,6,-1,8,6,7,-1,7,9,8,-1,10,8,9,-1,10,9,11,-1,9,12,11,-1,12,9,13,-1,12,13,14,-1,14,13,15,-1,16,17,18,-1,16,19,20,-1,19,16,18,-1,21,19,22,-1,21,20,19,-1,18,17,23,-1,24,22,19,-1,19,25,24,-1,26,24,25,-1,25,27,26,-1,1,26,27,-1,27,2,1,-1,
        ]
    }
}
Shape{
    appearance Appearance {
        material  Material 	{
            diffuseColor 0.7529411764705882 0.7529411764705882 0.7529411764705882
            specularColor 0.7529411764705882 0.7529411764705882 0.7529411764705882
            ambientIntensity 1.0
            transparency 1.0
            shininess 0.5
        }
    }
    geometry IndexedFaceSet {
        ccw TRUE
        solid FALSE
        coord DEF co Coordinate {
            point [
                -1.8164 0.6584 0.0984, -1.5236 0.6584 0.0984, -1.2307 0.6584 0.1772, -2.1092 0.6584 0.0984, -3.0906 0.6584 0.1772, -2.3908 0.6584 0.0984, -3.0906 0.6584 0.0984, -1.2307 0.6584 0.0984, -1.2307 2.4801 0.0984, -0.955 2.4801 0.0984, -0.955 2.4801 0.1772, -1.2307 2.4801 0.1772, -0.955 3.249 0.0984, 0.955 3.249 0.0984, 0.955 3.249 0.1772, -0.955 3.249 0.1772, 0.955 2.4801 0.0984, 1.2307 2.4801 0.0984, 1.2307 2.4801 0.1772, 0.955 2.4801 0.1772, 2.1092 0.6584 0.0984, 2.3908 0.6584 0.0984, 3.0906 0.6584 0.1772, 1.2307 0.6584 0.1772, 1.8164 0.6584 0.0984, 1.5236 0.6584 0.0984, 1.2307 0.6584 0.0984, 3.0906 0.6584 0.0984, 2.1304 0.619 0.0984, 2.3696 0.619 0.0984, -2.3696 0.619 0.0984, -2.1304 0.619 0.0984, 0.8501 -0.7829 0.0984, 0.8501 -0.7829 0.0945, 0.8501 -0.3892 0.0945, 0.8501 -0.3892 0.0984, 0.8009 -0.3892 0.0945, 0.8009 -0.3892 0.0984, 0.8009 -0.7326 0.0945, 0.8009 -0.7326 0.0984, 0.5548 -0.7326 0.0945, 0.5548 -0.7326 0.0984, 0.5548 -0.7829 0.0945, 0.5548 -0.7829 0.0984, 0.2185 -0.6824 0.0984, 0.2185 -0.6824 0.0945, 0.1693 -0.6824 0.0945, 0.1693 -0.6824 0.0984, 0.1775 -0.7243 0.0945, 0.1775 -0.7243 0.0984, 0.2103 -0.7578 0.0945, 0.2103 -0.7578 0.0984, 0.2431 -0.7745 0.0945, 0.2431 -0.7745 0.0984, 0.2841 -0.7829 0.0945, 0.2841 -0.7829 0.0984, 0.358 -0.7829 0.0945, 0.358 -0.7829 0.0984, 0.399 -0.7745 0.0945, 0.399 -0.7745 0.0984, 0.4318 -0.7578 0.0945, 0.4318 -0.7578 0.0984, 0.4646 -0.7243 0.0945, 0.4646 -0.7243 0.0984, 0.481 -0.6908 0.0945, 0.481 -0.6908 0.0984, 0.4892 -0.6489 0.0945, 0.4892 -0.6489 0.0984, 0.4892 -0.5232 0.0945, 0.4892 -0.5232 0.0984, 0.481 -0.4813 0.0945, 0.481 -0.4813 0.0984, 0.4646 -0.4478 0.0945, 0.4646 -0.4478 0.0984, 0.4318 -0.4143 0.0945, 0.4318 -0.4143 0.0984, 0.399 -0.3976 0.0945, 0.399 -0.3976 0.0984, 0.358 -0.3892 0.0945, 0.358 -0.3892 0.0984, 0.2841 -0.3892 0.0945, 0.2841 -0.3892 0.0984, 0.2431 -0.3976 0.0945, 0.2431 -0.3976 0.0984, 0.2103 -0.4143 0.0945, 0.2103 -0.4143 0.0984, 0.1775 -0.4478 0.0945, 0.1775 -0.4478 0.0984, 0.1693 -0.4897 0.0945, 0.1693 -0.4897 0.0984, 0.2185 -0.4897 0.0945, 0.2185 -0.4897 0.0984, 0.2267 -0.4646 0.0945, 0.2267 -0.4646 0.0984, 0.2513 -0.4478 0.0945, 0.2513 -0.4478 0.0984, 0.2841 -0.4395 0.0945, 0.2841 -0.4395 0.0984, 0.358 -0.4395 0.0945, 0.358 -0.4395 0.0984, 0.3908 -0.4478 0.0945, 0.3908 -0.4478 0.0984, 0.4154 -0.4646 0.0945, 0.4154 -0.4646 0.0984, 0.4318 -0.4897 0.0945, 0.4318 -0.4897 0.0984, 0.44 -0.5232 0.0945, 0.44 -0.5232 0.0984, 0.44 -0.6489 0.0945, 0.44 -0.6489 0.0984, 0.4318 -0.6824 0.0945, 0.4318 -0.6824 0.0984, 0.4154 -0.7075 0.0945, 0.4154 -0.7075 0.0984, 0.3908 -0.7243 0.0945, 0.3908 -0.7243 0.0984, 0.358 -0.7326 0.0945, 0.358 -0.7326 0.0984, 0.2841 -0.7326 0.0945, 0.2841 -0.7326 0.0984, 0.2513 -0.7243 0.0945, 0.2513 -0.7243 0.0984, 0.2267 -0.7075 0.0945, 0.2267 -0.7075 0.0984, 0.0545 -0.7326 0.0984, 0.0545 -0.7326 0.0945, -0.1916 -0.7326 0.0945, -0.1916 -0.7326 0.0984, -0.1916 -0.7829 0.0945, -0.1916 -0.7829 0.0984, 0.1037 -0.7829 0.0945, 0.1037 -0.7829 0.0984, 0.1037 -0.3892 0.0945, 0.1037 -0.3892 0.0984, -0.1916 -0.3892 0.0945, -0.1916 -0.3892 0.0984, -0.1916 -0.4395 0.0945, -0.1916 -0.4395 0.0984, 0.0545 -0.4395 0.0945, 0.0545 -0.4395 0.0984, 0.0545 -0.5484 0.0945, 0.0545 -0.5484 0.0984, -0.1588 -0.5484 0.0945, -0.1588 -0.5484 0.0984, -0.1588 -0.5986 0.0945, -0.1588 -0.5986 0.0984, 0.0545 -0.5986 0.0945, 0.0545 -0.5986 0.0984, -0.2572 -0.3892 0.0984, -0.2572 -0.3892 0.0945, -0.4541 -0.3892 0.0945, -0.4541 -0.3892 0.0984, -0.4951 -0.3976 0.0945, -0.4951 -0.3976 0.0984, -0.5279 -0.4143 0.0945, -0.5279 -0.4143 0.0984, -0.5607 -0.4478 0.0945, -0.5607 -0.4478 0.0984, -0.5771 -0.4813 0.0945, -0.5771 -0.4813 0.0984, -0.5853 -0.5232 0.0945, -0.5853 -0.5232 0.0984, -0.5853 -0.6489 0.0945, -0.5853 -0.6489 0.0984, -0.5771 -0.6908 0.0945, -0.5771 -0.6908 0.0984, -0.5607 -0.7243 0.0945, -0.5607 -0.7243 0.0984, -0.5279 -0.7578 0.0945, -0.5279 -0.7578 0.0984, -0.4951 -0.7745 0.0945, -0.4951 -0.7745 0.0984, -0.4541 -0.7829 0.0945, -0.4541 -0.7829 0.0984, -0.2572 -0.7829 0.0945, -0.2572 -0.7829 0.0984, -0.4541 -0.4395 0.0984, -0.4541 -0.4395 0.0945, -0.3064 -0.4395 0.0945, -0.3064 -0.4395 0.0984, -0.3064 -0.7326 0.0945, -0.3064 -0.7326 0.0984, -0.4541 -0.7326 0.0945, -0.4541 -0.7326 0.0984, -0.4869 -0.7243 0.0945, -0.4869 -0.7243 0.0984, -0.5115 -0.7075 0.0945, -0.5115 -0.7075 0.0984, -0.5279 -0.6824 0.0945, -0.5279 -0.6824 0.0984, -0.5361 -0.6489 0.0945, -0.5361 -0.6489 0.0984, -0.5361 -0.5232 0.0945, -0.5361 -0.5232 0.0984, -0.5279 -0.4897 0.0945, -0.5279 -0.4897 0.0984, -0.5115 -0.4646 0.0945, -0.5115 -0.4646 0.0984, -0.4869 -0.4478 0.0945, -0.4869 -0.4478 0.0984, -0.7821 -0.3892 0.0984, -0.7821 -0.3892 0.0945, -0.8478 -0.3892 0.0945, -0.8478 -0.3892 0.0984, -0.979 -0.7829 0.0945, -0.979 -0.7829 0.0984, -0.9298 -0.7829 0.0945, -0.9298 -0.7829 0.0984, -0.897 -0.6824 0.0945, -0.897 -0.6824 0.0984, -0.7329 -0.6824 0.0945, -0.7329 -0.6824 0.0984, -0.7001 -0.7829 0.0945, -0.7001 -0.7829 0.0984, -0.6509 -0.7829 0.0945, -0.6509 -0.7829 0.0984, -0.8888 -0.6489 0.0984, -0.8888 -0.6489 0.0945, -0.8149 -0.4227 0.0945, -0.8149 -0.4227 0.0984, -0.7411 -0.6489 0.0945, -0.7411 -0.6489 0.0984, -0.6454 3.5847 3.6192, -0.6454 3.5886 3.6192, -0.6454 3.5886 3.6795, -0.6454 3.5847 3.6795, -0.6241 3.5847 2.3948, -0.6241 3.5886 2.3948, -0.6703 3.5886 2.2657, -0.6703 3.5847 2.2657, -0.8758 3.5886 2.2657, -0.8758 3.5847 2.2657, -0.8297 3.5886 2.3948, -0.8297 3.5847 2.3948, -0.4562 3.5847 2.5714, -0.4562 3.5886 2.5714, -0.9792 3.5886 2.5714, -0.9792 3.5847 2.5714, -1.1787 3.5886 2.0137, -1.1787 3.5847 2.0137, -1.3808 3.5886 2.0137, -1.3808 3.5847 2.0137, -1.1814 3.5886 2.5714, -1.1814 3.5847 2.5714, -1.4468 3.5886 2.5714, -1.4468 3.5847 2.5714, -1.6831 3.5886 1.9107, -1.6831 3.5847 1.9107, -1.6804 3.5886 1.8441, -1.6609 3.5886 1.8163, -1.6804 3.5847 1.8441, -1.6882 3.5847 1.8771, -1.6882 3.5886 1.8771, -1.6609 3.5847 1.8163, -1.6324 3.5886 1.7979, -1.6324 3.5847 1.7979, -1.5991 3.5886 1.7914, -1.5991 3.5847 1.7914, -1.1178 3.5886 1.7914, -1.1178 3.5847 1.7914, -1.0607 3.5847 1.8002, -1.0089 3.5886 1.8259, -1.0089 3.5847 1.8259, -1.0607 3.5886 1.8002, -0.9673 3.5886 1.866, -0.9673 3.5847 1.866, -0.9398 3.5886 1.9168, -0.9398 3.5847 1.9168, -0.874 3.5886 2.1008, -0.874 3.5847 2.1008, -0.744 3.5886 1.7914, -0.744 3.5847 1.7914, -0.5312 3.5886 1.7914, -0.5312 3.5847 1.7914, -0.6612 3.5886 2.1008, -0.6612 3.5847 2.1008, -0.534 3.5886 2.1008, -0.534 3.5847 2.1008, -0.3962 3.5886 2.4862, -0.3962 3.5847 2.4862, -0.393 3.5847 2.5163, -0.4041 3.5886 2.5444, -0.4041 3.5847 2.5444, -0.393 3.5886 2.5163, -0.4269 3.5886 2.5643, -0.4269 3.5847 2.5643, 1.69 3.5847 4.5549, 1.69 3.5886 4.5549, 1.5543 3.5886 4.9067, 1.5543 3.5847 4.9067, 1.8589 3.5886 4.9067, 1.8589 3.5847 4.9067, 1.9945 3.5886 4.5549, 1.9945 3.5847 4.5549, 2.1567 3.5886 4.5549, 2.1567 3.5847 4.5549, 1.853 3.5886 5.3423, 1.853 3.5847 5.3423, 1.6913 3.5886 5.3423, 1.6913 3.5847 5.3423, 1.8083 3.5886 5.0383, 1.8083 3.5847 5.0383, 1.5038 3.5886 5.0383, 1.5038 3.5847 5.0383, 1.3862 3.5886 5.3423, 1.3862 3.5847 5.3423, 1.2246 3.5886 5.3423, 1.2246 3.5847 5.3423, 1.5278 3.5886 4.5549, 1.5278 3.5847 4.5549, 1.0596 3.5847 4.9909, 1.0358 3.5847 5.0114, 1.0591 3.5886 4.9915, 1.0358 3.5886 5.0114, 1.0765 3.5886 4.9636, 1.0765 3.5847 4.9636, 1.2246 3.5886 4.9765, 1.2246 3.5847 4.9765, 1.195 3.5847 5.0234, 1.195 3.5886 5.0234, 1.1581 3.5886 5.0631, 1.1581 3.5847 5.0631, 1.1138 3.5886 5.0956, 1.1138 3.5847 5.0956, 1.0622 3.5847 5.1195, 1.0622 3.5886 5.1195, 1.003 3.5886 5.1339, 1.003 3.5847 5.1339, 0.936 3.5886 5.1387, 0.936 3.5847 5.1387, 0.8537 3.5847 5.131, 0.8948 3.5886 5.1371, 0.8544 3.5886 5.1302, 0.8948 3.5847 5.1371, 0.8156 3.5847 5.117, 0.8156 3.5886 5.117, 0.7813 3.5886 5.094, 0.7813 3.5847 5.094, 0.7576 3.5847 5.0624, 0.7576 3.5886 5.0624, 0.7463 3.5886 5.0265, 0.7463 3.5847 5.0265, 0.7476 3.5886 4.9862, 0.7476 3.5847 4.9862, 0.7535 3.5847 4.9596, 0.7535 3.5886 4.9596, 0.7621 3.5886 4.9314, 0.7621 3.5847 4.9314, 0.791 3.5847 4.855, 0.791 3.5886 4.855, 0.8209 3.5886 4.7789, 0.8209 3.5847 4.7789, 0.8461 3.5847 4.708, 0.8461 3.5886 4.708, 0.8684 3.5886 4.636, 0.8684 3.5847 4.636, 0.872 3.5847 4.5972, 0.872 3.5886 4.5988, 0.8698 3.5886 4.5549, 0.8698 3.5847 4.5549, 1.0196 3.5886 4.5549, 1.0196 3.5847 4.5549, 1.0218 3.5847 4.5863, 1.0218 3.5886 4.5863, 1.0196 3.5886 4.6193, 1.0196 3.5847 4.6193, 1.0399 3.5847 4.6019, 1.0612 3.5886 4.5864, 1.0613 3.5847 4.5864, 1.0399 3.5886 4.6019, 1.0838 3.5886 4.573, 1.0838 3.5847 4.573, 1.1078 3.5886 4.5617, 1.1078 3.5847 4.5617, 1.138 3.5847 4.5509, 1.138 3.5886 4.5509, 1.1685 3.5886 4.544, 1.1685 3.5847 4.544, 1.1998 3.5886 4.5415, 1.1998 3.5847 4.5415, 1.2435 3.5847 4.5465, 1.2435 3.5886 4.5465, 1.2799 3.5886 4.5618, 1.2799 3.5847 4.5618, 1.3089 3.5886 4.5875, 1.3089 3.5847 4.5875, 1.3286 3.5847 4.6217, 1.3286 3.5886 4.6217, 1.3369 3.5886 4.6616, 1.3369 3.5847 4.6616, 1.3338 3.5886 4.7074, 1.3338 3.5847 4.7074, 1.3193 3.5847 4.7581, 1.3193 3.5886 4.7581, 1.2948 3.5886 4.8016, 1.2948 3.5847 4.8016, 1.2602 3.5886 4.8378, 1.2602 3.5847 4.8378, 1.1697 3.5886 4.8807, 1.1697 3.5847 4.8807, 1.2021 3.5847 4.8703, 1.2329 3.5847 4.8561, 1.202 3.5886 4.8702, 1.2329 3.5886 4.8561, 1.1367 3.5886 4.8882, 1.1035 3.5886 4.8934, 1.1367 3.5847 4.8882, 1.1034 3.5847 4.8935, 1.0684 3.5886 4.8971, 1.0684 3.5847 4.8971, 1.0074 3.5847 4.9036, 1.0074 3.5886 4.9033, 0.9771 3.5847 4.9072, 1.0375 3.5847 4.9003, 1.0377 3.5886 4.9004, 0.9771 3.5886 4.9073, 0.9472 3.5847 4.9128, 0.9471 3.5886 4.9127, 0.9173 3.5847 4.9191, 0.9173 3.5886 4.9191, 0.9046 3.5886 4.9491, 0.9049 3.5847 4.9481, 0.8985 3.5847 4.9706, 0.8985 3.5886 4.9706, 0.8997 3.5847 4.9931, 0.8997 3.5886 4.9931, 0.9114 3.5886 5.0117, 0.9114 3.5847 5.0117, 0.9339 3.5847 5.0243, 0.9318 3.5886 5.0236, 0.9673 3.5886 5.0286, 0.9673 3.5847 5.0286, 1.0069 3.5886 5.0238, 1.0052 3.5847 5.0243, 0.9628 3.5847 4.8003, 0.9629 3.5886 4.8004, 0.955 3.5886 4.8208, 0.955 3.5847 4.8208, 0.974 3.5847 4.8173, 0.9739 3.5886 4.8173, 0.9933 3.5886 4.8141, 0.9933 3.5847 4.8141, 1.0603 3.5847 4.8035, 1.0593 3.5886 4.8037, 1.0916 3.5847 4.7965, 1.0272 3.5847 4.809, 1.0288 3.5886 4.809, 1.0907 3.5886 4.7967, 1.1223 3.5847 4.787, 1.122 3.5886 4.7867, 1.152 3.5886 4.773, 1.152 3.5847 4.773, 1.1751 3.5847 4.7501, 1.175 3.5886 4.7503, 1.1864 3.5886 4.7209, 1.1864 3.5847 4.7209, 1.1859 3.5886 4.6953, 1.186 3.5847 4.6958, 1.1751 3.5847 4.6752, 1.1751 3.5886 4.6752, 1.1553 3.5847 4.6615, 1.1565 3.5886 4.6619, 1.1273 3.5886 4.6569, 1.1273 3.5847 4.6569, 1.0928 3.5847 4.661, 1.093 3.5886 4.661, 1.0589 3.5886 4.6736, 1.0589 3.5847 4.6736, 1.0273 3.5886 4.6939, 1.0285 3.5847 4.6929, 1.005 3.5847 4.7171, 1.005 3.5886 4.7171, 0.9885 3.5847 4.7439, 0.9884 3.5886 4.7441, 0.9753 3.5886 4.771, 0.9748 3.5847 4.7713, 0.7522 3.5847 4.5549, 0.7522 3.5886 4.5549, 0.5324 3.5886 5.1253, 0.5324 3.5847 5.1253, 0.3863 3.5886 5.1253, 0.3863 3.5847 5.1253, 0.4144 3.5886 5.0512, 0.4144 3.5847 5.0512, 0.3544 3.5847 5.0914, 0.3544 3.5886 5.0914, 0.3005 3.5886 5.1183, 0.3005 3.5847 5.1183, 0.249 3.5847 5.1335, 0.249 3.5886 5.1335, 0.1964 3.5886 5.1387, 0.1964 3.5847 5.1387, 0.1537 3.5847 5.1343, 0.1537 3.5886 5.1343, 0.1192 3.5886 5.1208, 0.1192 3.5847 5.1208, 0.0929 3.5886 5.0985, 0.0929 3.5847 5.0985, 0.0756 3.5847 5.0686, 0.0756 3.5886 5.0686, 0.0683 3.5886 5.0329, 0.0683 3.5847 5.0329, 0.0709 3.5886 4.9916, 0.0709 3.5847 4.9916, 0.0898 3.5847 4.9346, 0.0898 3.5886 4.9346, 0.1095 3.5886 4.878, 0.1095 3.5847 4.878, 0.1501 3.5886 4.7701, 0.2328 3.5886 4.5549, 0.2328 3.5847 4.5549, 0.1914 3.5847 4.6625, 0.1494 3.5847 4.7699, 0.1914 3.5886 4.6625, 0.3869 3.5886 4.5549, 0.3869 3.5847 4.5549, 0.3453 3.5886 4.6628, 0.2628 3.5886 4.879, 0.2628 3.5847 4.879, 0.3037 3.5847 4.7708, 0.3453 3.5847 4.6628, 0.3034 3.5886 4.7707, 0.2472 3.5886 4.9221, 0.2472 3.5847 4.9221, 0.2319 3.5847 4.9652, 0.2319 3.5886 4.9652, 0.232 3.5886 4.9927, 0.2317 3.5847 4.9914, 0.2414 3.5847 5.0114, 0.2414 3.5886 5.0114, 0.2601 3.5847 5.0243, 0.2588 3.5886 5.0237, 0.2868 3.5886 5.0286, 0.2868 3.5847 5.0286, 0.3238 3.5847 5.0214, 0.3212 3.5886 5.0223, 0.3669 3.5886 5.0001, 0.3669 3.5847 5.0001, 0.41 3.5847 4.967, 0.4097 3.5886 4.9673, 0.4454 3.5886 4.9251, 0.4454 3.5847 4.9251, 0.4786 3.5847 4.858, 0.4785 3.5886 4.858, 0.5081 3.5886 4.7892, 0.5081 3.5847 4.7892, 0.5379 3.5886 4.711, 0.598 3.5886 4.5549, 0.598 3.5847 4.5549, 0.568 3.5847 4.633, 0.538 3.5847 4.711, 0.568 3.5886 4.633, -0.2098 3.5847 4.8809, -0.2098 3.5886 4.8809, -0.0841 3.5886 4.5549, -0.0841 3.5847 4.5549, 0.0781 3.5886 4.5549, 0.0781 3.5847 4.5549, -0.2256 3.5886 5.3423, -0.2256 3.5847 5.3423, -0.2839 3.5886 5.3423, -0.4587 3.5886 5.3423, -0.4005 3.5847 5.3423, -0.4005 3.5886 5.3423, -0.3422 3.5847 5.3423, -0.2839 3.5847 5.3423, -0.3422 3.5886 5.3423, -0.5753 3.5886 5.3423, -0.517 3.5847 5.3423, -0.5169 3.5886 5.3426, -0.4587 3.5847 5.3423, -0.5753 3.5847 5.3423, -0.6458 3.5847 5.3386, -0.6458 3.5886 5.3386, -0.7122 3.5886 5.3235, -0.7122 3.5847 5.3235, -0.7407 3.5847 5.3078, -0.7407 3.5886 5.3078, -0.7638 3.5886 5.2852, -0.7638 3.5847 5.2852, -0.7812 3.5886 5.2558, -0.7812 3.5847 5.2558, -0.7922 3.5847 5.2203, -0.7922 3.5886 5.2203, -0.7957 3.5886 5.1805, -0.7957 3.5847 5.1805, -0.7914 3.5886 5.1361, -0.7914 3.5847 5.1361, -0.7735 3.5847 5.0728, -0.7735 3.5886 5.0728, -0.7435 3.5886 5.0176, -0.7435 3.5847 5.0176, -0.7018 3.5886 4.9702, -0.7018 3.5847 4.9702, -0.6481 3.5847 4.9322, -0.6481 3.5886 4.9322, -0.5827 3.5886 4.9053, -0.5827 3.5847 4.9053, -0.5057 3.5886 4.8895, -0.5057 3.5847 4.8895, -0.5299 3.5847 4.8569, -0.5299 3.5886 4.8569, -0.5508 3.5886 4.8157, -0.5508 3.5847 4.8157, -0.5887 3.5847 4.7043, -0.5887 3.5886 4.7043, -0.6261 3.5886 4.5549, -0.6261 3.5847 4.5549, -0.452 3.5886 4.5549, -0.452 3.5847 4.5549, -0.4359 3.5847 4.6399, -0.4359 3.5886 4.64, -0.4061 3.5886 4.7626, -0.4061 3.5847 4.7626, -0.3874 3.5847 4.8182, -0.3892 3.5886 4.8078, -0.3716 3.5886 4.8419, -0.3978 3.5847 4.7907, -0.3727 3.5847 4.8431, -0.3533 3.5847 4.865, -0.3533 3.5886 4.865, -0.3025 3.5847 4.8791, -0.3287 3.5847 4.8753, -0.3269 3.5886 4.8763, -0.2759 3.5886 4.8809, -0.2759 3.5847 4.8806, -0.2318 3.5847 4.8809, -0.2539 3.5847 4.8811, -0.3367 3.5847 5.2107, -0.3367 3.5886 5.2107, -0.2553 3.5886 4.9991, -0.2553 3.5847 4.9991, -0.2983 3.5886 4.9989, -0.3413 3.5847 4.999, -0.2975 3.5847 4.9991, -0.3413 3.5886 4.9994, -0.4748 3.5847 5.0056, -0.4297 3.5847 5.0014, -0.4003 3.5886 5.0006, -0.3861 3.5847 4.9996, -0.459 3.5886 5.0039, -0.517 3.5847 5.0144, -0.517 3.5886 5.0144, -0.56 3.5886 5.0353, -0.5587 3.5847 5.0344, -0.5929 3.5847 5.0634, -0.5929 3.5886 5.0634, -0.6178 3.5886 5.0992, -0.6169 3.5847 5.0974, -0.6292 3.5847 5.1333, -0.6292 3.5886 5.1333, -0.622 3.5847 5.1809, -0.6299 3.5847 5.1595, -0.6296 3.5886 5.161, -0.6217 3.5886 5.1813, -0.6055 3.5886 5.1976, -0.515 3.5886 5.2102, -0.4704 3.5886 5.2107, -0.4783 3.5847 5.2107, -0.3722 3.5847 5.2107, -0.3813 3.5886 5.2107, -0.4076 3.5847 5.2107, -0.443 3.5847 5.2107, -0.4259 3.5886 5.2107, -0.8087 3.5847 4.8071, -0.8087 3.5886 4.8071, -0.8489 3.5886 4.9133, -0.9307 3.5886 5.1253, -0.9307 3.5847 5.1253, -0.8898 3.5847 5.0193, -0.8482 3.5847 4.9135, -0.8898 3.5886 5.0193, -1.0849 3.5886 5.1253, -1.0849 3.5847 5.1253, -1.0416 3.5886 5.0127, -0.9558 3.5886 4.7872, -0.9558 3.5847 4.7872, -0.9983 3.5847 4.9001, -1.0416 3.5847 5.0127, -0.998 3.5886 4.9002, -0.9422 3.5886 4.7495, -0.9422 3.5847 4.7495, -0.9287 3.5847 4.7117, -0.9287 3.5886 4.7117, -0.9292 3.5886 4.6883, -0.9291 3.5847 4.6887, -0.9393 3.5847 4.6692, -0.9393 3.5886 4.6692, -0.9577 3.5847 4.656, -0.9566 3.5886 4.6565, -0.9831 3.5886 4.6516, -0.9831 3.5847 4.6516, -1.0042 3.5886 4.6534, -1.0043 3.5847 4.6542, -1.0246 3.5847 4.6594, -1.0247 3.5886 4.6592, -1.0478 3.5886 4.6698, -1.0477 3.5847 4.6691, -1.0697 3.5847 4.6828, -1.0697 3.5886 4.6827, -1.0999 3.5847 4.706, -1.0852 3.5847 4.6938, -1.0928 3.5886 4.7, -1.1136 3.5886 4.7193, -1.1137 3.5847 4.7193, -1.1355 3.5847 4.7449, -1.1358 3.5886 4.7454, -1.1541 3.5886 4.7731, -1.1541 3.5847 4.7731, -1.1677 3.5847 4.7992, -1.1671 3.5886 4.7984, -1.1791 3.5886 4.8253, -1.1798 3.5847 4.8259, -1.1905 3.5886 4.8536, -1.1906 3.5847 4.8535, -1.2057 3.5886 4.8926, -1.2505 3.5886 5.009, -1.2432 3.5847 4.9898, -1.2356 3.5886 4.9702, -1.2257 3.5847 4.9447, -1.2084 3.5847 4.8996, -1.2206 3.5886 4.9314, -1.2805 3.5886 5.0865, -1.278 3.5847 5.0802, -1.2655 3.5886 5.0478, -1.2606 3.5847 5.035, -1.2954 3.5886 5.1253, -1.2954 3.5847 5.1253, -1.4496 3.5886 5.1253, -1.4496 3.5847 5.1253, -1.2298 3.5886 4.5549, -1.2298 3.5847 4.5549, -1.0858 3.5886 4.5549, -1.0858 3.5847 4.5549, -1.1156 3.5886 4.6322, -1.1156 3.5847 4.6322, -1.0601 3.5847 4.5924, -1.0047 3.5886 4.5641, -1.0047 3.5847 4.5641, -1.0601 3.5886 4.5924, -0.9493 3.5886 4.5471, -0.9493 3.5847 4.5471, -0.8939 3.5886 4.5415, -0.8939 3.5847 4.5415, -0.8509 3.5847 4.5459, -0.8509 3.5886 4.5459, -0.8165 3.5886 4.5594, -0.8165 3.5847 4.5594, -0.7903 3.5886 4.5817, -0.7903 3.5847 4.5817, -0.7732 3.5847 4.6117, -0.7732 3.5886 4.6117, -0.7661 3.5886 4.6476, -0.7661 3.5847 4.6476, -0.7691 3.5886 4.6897, -0.7691 3.5847 4.6897, -0.7884 3.5847 4.7485, -0.7884 3.5886 4.7485, -1.3861 3.5847 4.5549, -1.3861 3.5886 4.5549, -1.6059 3.5886 5.1253, -1.6059 3.5847 5.1253, -1.752 3.5886 5.1253, -1.752 3.5847 5.1253, -1.7239 3.5886 5.0512, -1.7239 3.5847 5.0512, -1.7838 3.5847 5.0914, -1.7838 3.5886 5.0914, -1.8378 3.5886 5.1183, -1.8378 3.5847 5.1183, -1.8892 3.5847 5.1335, -1.8892 3.5886 5.1335, -1.9418 3.5886 5.1387, -1.9418 3.5847 5.1387, -1.9845 3.5847 5.1343, -1.9845 3.5886 5.1343, -2.019 3.5886 5.1208, -2.019 3.5847 5.1208, -2.0453 3.5886 5.0985, -2.0453 3.5847 5.0985, -2.0626 3.5847 5.0686, -2.0626 3.5886 5.0686, -2.07 3.5886 5.0329, -2.07 3.5847 5.0329, -2.0673 3.5886 4.9916, -2.0673 3.5847 4.9916, -2.0484 3.5847 4.9346, -2.0484 3.5886 4.9346, -2.0288 3.5886 4.878, -2.0288 3.5847 4.878, -1.9881 3.5886 4.7701, -1.9054 3.5886 4.5549, -1.9054 3.5847 4.5549, -1.9468 3.5847 4.6625, -1.9888 3.5847 4.7699, -1.9468 3.5886 4.6625, -1.7513 3.5886 4.5549, -1.7513 3.5847 4.5549, -1.7929 3.5886 4.6628, -1.8754 3.5886 4.879, -1.8754 3.5847 4.879, -1.8345 3.5847 4.7708, -1.7929 3.5847 4.6628, -1.8348 3.5886 4.7707, -1.891 3.5886 4.9221, -1.891 3.5847 4.9221, -1.9064 3.5847 4.9652, -1.9064 3.5886 4.9652, -1.9062 3.5886 4.9927, -1.9065 3.5847 4.9914, -1.8968 3.5847 5.0114, -1.8968 3.5886 5.0114, -1.8781 3.5847 5.0243, -1.8794 3.5886 5.0237, -1.8515 3.5886 5.0286, -1.8515 3.5847 5.0286, -1.8144 3.5847 5.0214, -1.817 3.5886 5.0223, -1.7713 3.5886 5.0001, -1.7713 3.5847 5.0001, -1.7283 3.5847 4.967, -1.7286 3.5886 4.9673, -1.6928 3.5886 4.9251, -1.6928 3.5847 4.9251, -1.6597 3.5847 4.858, -1.6597 3.5886 4.858, -1.6301 3.5886 4.7892, -1.6301 3.5847 4.7892, -1.6003 3.5886 4.711, -1.5402 3.5886 4.5549, -1.5402 3.5847 4.5549, -1.5703 3.5847 4.633, -1.6002 3.5847 4.711, -1.5703 3.5886 4.633, 2.4845 3.5847 3.6192, 2.4845 3.5886 3.6192, 2.4845 3.5886 3.2875, 2.4845 3.5847 3.2875, 2.5731 3.5886 3.2875, 2.5731 3.5847 3.2875, 2.5731 3.5886 3.9962, 2.5731 3.5847 3.9962, 2.4845 3.5886 3.9962, 2.4845 3.5847 3.9962, 2.4845 3.5886 3.7097, 2.4845 3.5847 3.7097, 2.0712 3.5886 3.7097, 2.0712 3.5847 3.7097, 2.0712 3.5886 3.9962, 2.0712 3.5847 3.9962, 1.9826 3.5886 3.9962, 1.9826 3.5847 3.9962, 1.9826 3.5886 3.2875, 1.9826 3.5847 3.2875, 2.0712 3.5886 3.2875, 2.0712 3.5847 3.2875, 2.0712 3.5886 3.6192, 2.0712 3.5847 3.6192, 1.5249 3.5847 3.6041, 1.5249 3.5886 3.6041, 1.7759 3.5886 3.6041, 1.7759 3.5847 3.6041, 1.7759 3.5886 3.2875, 1.7759 3.5847 3.2875, 1.8645 3.5886 3.2875, 1.8645 3.5847 3.2875, 1.8645 3.5886 3.9962, 1.8645 3.5847 3.9962, 1.5101 3.5886 3.9962, 1.5101 3.5847 3.9962, 1.4363 3.5886 3.9811, 1.4363 3.5847 3.9811, 1.3773 3.5886 3.9358, 1.3773 3.5847 3.9358, 1.333 3.5886 3.8755, 1.333 3.5847 3.8755, 1.3182 3.5886 3.8303, 1.3182 3.5847 3.8303, 1.3182 3.5886 3.77, 1.3182 3.5847 3.77, 1.333 3.5886 3.7248, 1.333 3.5847 3.7248, 1.3773 3.5886 3.6644, 1.3773 3.5847 3.6644, 1.4363 3.5886 3.6343, 1.4363 3.5847 3.6343, 1.3034 3.5886 3.2875, 1.3034 3.5847 3.2875, 1.4068 3.5886 3.2875, 1.4068 3.5847 3.2875, 1.7759 3.5847 3.6946, 1.7759 3.5886 3.6946, 1.4954 3.5886 3.6946, 1.4954 3.5847 3.6946, 1.4511 3.5886 3.7097, 1.4511 3.5847 3.7097, 1.4216 3.5886 3.7398, 1.4216 3.5847 3.7398, 1.4068 3.5886 3.7851, 1.4068 3.5847 3.7851, 1.4068 3.5886 3.8303, 1.4068 3.5847 3.8303, 1.4216 3.5886 3.8755, 1.4216 3.5847 3.8755, 1.4511 3.5886 3.9057, 1.4511 3.5847 3.9057, 1.4954 3.5886 3.9208, 1.4954 3.5847 3.9208, 1.7759 3.5886 3.9208, 1.7759 3.5847 3.9208, 1.141 3.5847 3.4081, 1.141 3.5886 3.4081, 1.1558 3.5886 3.4533, 1.1558 3.5847 3.4533, 1.082 3.5886 3.4533, 1.082 3.5847 3.4533, 1.0525 3.5886 3.4081, 1.0525 3.5847 3.4081, 1.0082 3.5886 3.378, 1.0082 3.5847 3.378, 0.9639 3.5886 3.3629, 0.9639 3.5847 3.3629, 0.8753 3.5886 3.3629, 0.8753 3.5847 3.3629, 0.831 3.5886 3.378, 0.831 3.5847 3.378, 0.7867 3.5886 3.4081, 0.7867 3.5847 3.4081, 0.7572 3.5886 3.4533, 0.7572 3.5847 3.4533, 0.7424 3.5886 3.4986, 0.7424 3.5847 3.4986, 0.7277 3.5886 3.589, 0.7277 3.5847 3.589, 0.7277 3.5886 3.6192, 0.7277 3.5847 3.6192, 0.8162 3.5886 3.5589, 0.8162 3.5847 3.5589, 0.8901 3.5886 3.5438, 0.8901 3.5847 3.5438, 0.9639 3.5886 3.5438, 0.9639 3.5847 3.5438, 1.0377 3.5886 3.5589, 1.0377 3.5847 3.5589, 1.1115 3.5886 3.6041, 1.1115 3.5847 3.6041, 1.1558 3.5886 3.6644, 1.1558 3.5847 3.6644, 1.1853 3.5886 3.7398, 1.1853 3.5847 3.7398, 1.1853 3.5886 3.8001, 1.1853 3.5847 3.8001, 1.1558 3.5886 3.8755, 1.1558 3.5847 3.8755, 1.1115 3.5886 3.9358, 1.1115 3.5847 3.9358, 1.0377 3.5886 3.9811, 1.0377 3.5847 3.9811, 0.9639 3.5886 3.9962, 0.9639 3.5847 3.9962, 0.8901 3.5886 3.9962, 0.8901 3.5847 3.9962, 0.8162 3.5886 3.9811, 0.8162 3.5847 3.9811, 0.7424 3.5886 3.9358, 0.7424 3.5847 3.9358, 0.6981 3.5886 3.8755, 0.6981 3.5847 3.8755, 0.6686 3.5886 3.8001, 0.6686 3.5847 3.8001, 0.6538 3.5886 3.6946, 0.6538 3.5847 3.6946, 0.6538 3.5886 3.589, 0.6538 3.5847 3.589, 0.6686 3.5886 3.4835, 0.6686 3.5847 3.4835, 0.6981 3.5886 3.4081, 0.6981 3.5847 3.4081, 0.7424 3.5886 3.3478, 0.7424 3.5847 3.3478, 0.8162 3.5886 3.3026, 0.8162 3.5847 3.3026, 0.8901 3.5886 3.2875, 0.8901 3.5847 3.2875, 0.9491 3.5886 3.2875, 0.9491 3.5847 3.2875, 1.0229 3.5886 3.3026, 1.0229 3.5847 3.3026, 1.0968 3.5886 3.3478, 1.0968 3.5847 3.3478, 0.7572 3.5847 3.7097, 0.7572 3.5886 3.7097, 0.7424 3.5886 3.7549, 0.7424 3.5847 3.7549, 0.7424 3.5886 3.7851, 0.7424 3.5847 3.7851, 0.7572 3.5886 3.8303, 0.7572 3.5847 3.8303, 0.7867 3.5886 3.8755, 0.7867 3.5847 3.8755, 0.831 3.5886 3.9057, 0.831 3.5847 3.9057, 0.8753 3.5886 3.9208, 0.8753 3.5847 3.9208, 0.9786 3.5886 3.9208, 0.9786 3.5847 3.9208, 1.0229 3.5886 3.9057, 1.0229 3.5847 3.9057, 1.0672 3.5886 3.8755, 1.0672 3.5847 3.8755, 1.0968 3.5886 3.8303, 1.0968 3.5847 3.8303, 1.1115 3.5886 3.7851, 1.1115 3.5847 3.7851, 1.1115 3.5886 3.7549, 1.1115 3.5847 3.7549, 1.0968 3.5886 3.7097, 1.0968 3.5847 3.7097, 1.0672 3.5886 3.6644, 1.0672 3.5847 3.6644, 1.0229 3.5886 3.6343, 1.0229 3.5847 3.6343, 0.9786 3.5886 3.6192, 0.9786 3.5847 3.6192, 0.8753 3.5886 3.6192, 0.8753 3.5847 3.6192, 0.831 3.5886 3.6343, 0.831 3.5847 3.6343, 0.7867 3.5886 3.6644, 0.7867 3.5847 3.6644, 0.3586 3.5847 3.9962, 0.3586 3.5886 3.9962, 0.3586 3.5886 3.2875, 0.3586 3.5847 3.2875, 0.4471 3.5886 3.2875, 0.4471 3.5847 3.2875, 0.4471 3.5886 3.8755, 0.4471 3.5847 3.8755, 0.5357 3.5886 3.77, 0.5357 3.5847 3.77, 0.5357 3.5886 3.8906, 0.5357 3.5847 3.8906, 0.4471 3.5886 3.9962, 0.4471 3.5847 3.9962, 0.078 3.5847 3.6494, 0.078 3.5886 3.6494, 0.1371 3.5886 3.6041, 0.1371 3.5847 3.6041, 0.2405 3.5886 3.6041, 0.2405 3.5847 3.6041, 0.2405 3.5886 3.9962, 0.2405 3.5847 3.9962, -0.2615 3.5886 3.9962, -0.2615 3.5847 3.9962, -0.2615 3.5886 3.9208, -0.2615 3.5847 3.9208, 0.1666 3.5886 3.9208, 0.1666 3.5847 3.9208, 0.1666 3.5886 3.6795, 0.1666 3.5847 3.6795, 0.0928 3.5886 3.7248, 0.0928 3.5847 3.7248, 0.019 3.5886 3.7398, 0.019 3.5847 3.7398, -0.0696 3.5886 3.7398, -0.0696 3.5847 3.7398, -0.1434 3.5886 3.7248, -0.1434 3.5847 3.7248, -0.2172 3.5886 3.6795, -0.2172 3.5847 3.6795, -0.2615 3.5886 3.6192, -0.2615 3.5847 3.6192, -0.291 3.5886 3.5438, -0.291 3.5847 3.5438, -0.291 3.5886 3.4835, -0.291 3.5847 3.4835, -0.2615 3.5886 3.4081, -0.2615 3.5847 3.4081, -0.2172 3.5886 3.3478, -0.2172 3.5847 3.3478, -0.1434 3.5886 3.3026, -0.1434 3.5847 3.3026, -0.0696 3.5886 3.2875, -0.0696 3.5847 3.2875, 0.019 3.5886 3.2875, 0.019 3.5847 3.2875, 0.0928 3.5886 3.3026, 0.0928 3.5847 3.3026, 0.1666 3.5886 3.3478, 0.1666 3.5847 3.3478, 0.2109 3.5886 3.4081, 0.2109 3.5847 3.4081, 0.2405 3.5886 3.4684, 0.2405 3.5847 3.4684, 0.1519 3.5886 3.4684, 0.1519 3.5847 3.4684, 0.1223 3.5886 3.4081, 0.1223 3.5847 3.4081, 0.078 3.5886 3.378, 0.078 3.5847 3.378, 0.019 3.5886 3.3629, 0.019 3.5847 3.3629, -0.0696 3.5886 3.3629, -0.0696 3.5847 3.3629, -0.1286 3.5886 3.378, -0.1286 3.5847 3.378, -0.1729 3.5886 3.4081, -0.1729 3.5847 3.4081, -0.2025 3.5886 3.4533, -0.2025 3.5847 3.4533, -0.2172 3.5886 3.4986, -0.2172 3.5847 3.4986, -0.2172 3.5886 3.5287, -0.2172 3.5847 3.5287, -0.2025 3.5886 3.574, -0.2025 3.5847 3.574, -0.1729 3.5886 3.6192, -0.1729 3.5847 3.6192, -0.1286 3.5886 3.6494, -0.1286 3.5847 3.6494, -0.0696 3.5886 3.6644, -0.0696 3.5847 3.6644, 0.019 3.5886 3.6644, 0.019 3.5847 3.6644, -0.9259 3.5847 3.4081, -0.9259 3.5886 3.4081, -0.8964 3.5886 3.3629, -0.8964 3.5847 3.3629, -0.8521 3.5886 3.3327, -0.8521 3.5847 3.3327, -0.793 3.5886 3.3026, -0.793 3.5847 3.3026, -0.734 3.5886 3.2875, -0.734 3.5847 3.2875, -0.6158 3.5886 3.2875, -0.6158 3.5847 3.2875, -0.5568 3.5886 3.3026, -0.5568 3.5847 3.3026, -0.4977 3.5886 3.3327, -0.4977 3.5847 3.3327, -0.4534 3.5886 3.3629, -0.4534 3.5847 3.3629, -0.4239 3.5886 3.4081, -0.4239 3.5847 3.4081, -0.4092 3.5886 3.4533, -0.4092 3.5847 3.4533, -0.483 3.5886 3.4533, -0.483 3.5847 3.4533, -0.4977 3.5886 3.4232, -0.4977 3.5847 3.4232, -0.5273 3.5886 3.393, -0.5273 3.5847 3.393, -0.5568 3.5886 3.378, -0.5568 3.5847 3.378, -0.6306 3.5886 3.3629, -0.6306 3.5847 3.3629, -0.7192 3.5886 3.3629, -0.7192 3.5847 3.3629, -0.793 3.5886 3.378, -0.793 3.5847 3.378, -0.8225 3.5886 3.393, -0.8225 3.5847 3.393, -0.8521 3.5886 3.4232, -0.8521 3.5847 3.4232, -0.8668 3.5886 3.4533, -0.8668 3.5847 3.4533, -0.8668 3.5886 3.5137, -0.8668 3.5847 3.5137, -0.8373 3.5886 3.574, -0.8373 3.5847 3.574, -0.793 3.5886 3.6041, -0.793 3.5847 3.6041, -0.7044 3.5886 3.6192, -0.7044 3.5847 3.6192, -0.9407 3.5847 3.4533, -0.9407 3.5886 3.4533, -0.9407 3.5847 3.5137, -0.9407 3.5886 3.5137, -0.9259 3.5847 3.574, -0.9259 3.5886 3.574, -0.8964 3.5847 3.6192, -0.8964 3.5886 3.6192, -0.8225 3.5847 3.6494, -0.8225 3.5886 3.6494, -0.8816 3.5847 3.6946, -0.8816 3.5886 3.6946, -0.9111 3.5847 3.7398, -0.9111 3.5886 3.7398, -0.9259 3.5847 3.8001, -0.9259 3.5886 3.8001, -0.9259 3.5847 3.8303, -0.9259 3.5886 3.8303, -0.9111 3.5847 3.8906, -0.9111 3.5886 3.8906, -0.8521 3.5847 3.9509, -0.8521 3.5886 3.9509, -0.793 3.5847 3.9811, -0.793 3.5886 3.9811, -0.6897 3.5847 3.9962, -0.6897 3.5886 3.9962, -0.6601 3.5847 3.9962, -0.6601 3.5886 3.9962, -0.5568 3.5847 3.9811, -0.5568 3.5886 3.9811, -0.4977 3.5847 3.9509, -0.4977 3.5886 3.9509, -0.4387 3.5847 3.8906, -0.4387 3.5886 3.8906, -0.4239 3.5847 3.8303, -0.4239 3.5886 3.8303, -0.4977 3.5847 3.8303, -0.4977 3.5886 3.8303, -0.5273 3.5847 3.8755, -0.5273 3.5886 3.8755, -0.5716 3.5847 3.9057, -0.5716 3.5886 3.9057, -0.6454 3.5847 3.9208, -0.6454 3.5886 3.9208, -0.7044 3.5847 3.9208, -0.7044 3.5886 3.9208, -0.7782 3.5847 3.9057, -0.7782 3.5886 3.9057, -0.8225 3.5847 3.8755, -0.8225 3.5886 3.8755, -0.8521 3.5847 3.8303, -0.8521 3.5886 3.8303, -0.8521 3.5847 3.8001, -0.8521 3.5886 3.8001, -0.8225 3.5847 3.7398, -0.8225 3.5886 3.7398, -0.793 3.5847 3.7097, -0.793 3.5886 3.7097, -0.7044 3.5847 3.6795, -0.7044 3.5886 3.6795, -1.2359 3.5847 3.9962, -1.2359 3.5886 3.9962, -1.2359 3.5886 3.2875, -1.2359 3.5847 3.2875, -1.1473 3.5886 3.2875, -1.1473 3.5847 3.2875, -1.1473 3.5886 3.8755, -1.1473 3.5847 3.8755, -1.0588 3.5886 3.77, -1.0588 3.5847 3.77, -1.0588 3.5886 3.8906, -1.0588 3.5847 3.8906, -1.1473 3.5886 3.9962, -1.1473 3.5847 3.9962, -1.354 3.5847 3.574, -1.354 3.5886 3.574, -1.354 3.5886 3.7097, -1.354 3.5847 3.7097, -1.3688 3.5886 3.7851, -1.3688 3.5847 3.7851, -1.3836 3.5886 3.8303, -1.3836 3.5847 3.8303, -1.4131 3.5886 3.8906, -1.4131 3.5847 3.8906, -1.4574 3.5886 3.9358, -1.4574 3.5847 3.9358, -1.5312 3.5886 3.9811, -1.5312 3.5847 3.9811, -1.6198 3.5886 3.9962, -1.6198 3.5847 3.9962, -1.7084 3.5886 3.9811, -1.7084 3.5847 3.9811, -1.7822 3.5886 3.9358, -1.7822 3.5847 3.9358, -1.8265 3.5886 3.8906, -1.8265 3.5847 3.8906, -1.856 3.5886 3.8303, -1.856 3.5847 3.8303, -1.8708 3.5886 3.7851, -1.8708 3.5847 3.7851, -1.8855 3.5886 3.7097, -1.8855 3.5847 3.7097, -1.8855 3.5886 3.574, -1.8855 3.5847 3.574, -1.8708 3.5886 3.4986, -1.8708 3.5847 3.4986, -1.856 3.5886 3.4533, -1.856 3.5847 3.4533, -1.8265 3.5886 3.393, -1.8265 3.5847 3.393, -1.7822 3.5886 3.3478, -1.7822 3.5847 3.3478, -1.7084 3.5886 3.3026, -1.7084 3.5847 3.3026, -1.6198 3.5886 3.2875, -1.6198 3.5847 3.2875, -1.5312 3.5886 3.3026, -1.5312 3.5847 3.3026, -1.4574 3.5886 3.3478, -1.4574 3.5847 3.3478, -1.4131 3.5886 3.393, -1.4131 3.5847 3.393, -1.3836 3.5886 3.4533, -1.3836 3.5847 3.4533, -1.3688 3.5886 3.4986, -1.3688 3.5847 3.4986, -1.4426 3.5847 3.7851, -1.4426 3.5886 3.7851, -1.4279 3.5886 3.6946, -1.4279 3.5847 3.6946, -1.4279 3.5886 3.589, -1.4279 3.5847 3.589, -1.4426 3.5886 3.4986, -1.4426 3.5847 3.4986, -1.5017 3.5886 3.4081, -1.5017 3.5847 3.4081, -1.546 3.5886 3.378, -1.546 3.5847 3.378, -1.6198 3.5886 3.3629, -1.6198 3.5847 3.3629, -1.6936 3.5886 3.378, -1.6936 3.5847 3.378, -1.7379 3.5886 3.4081, -1.7379 3.5847 3.4081, -1.7969 3.5886 3.4986, -1.7969 3.5847 3.4986, -1.8117 3.5886 3.589, -1.8117 3.5847 3.589, -1.8117 3.5886 3.6946, -1.8117 3.5847 3.6946, -1.7969 3.5886 3.7851, -1.7969 3.5847 3.7851, -1.7379 3.5886 3.8755, -1.7379 3.5847 3.8755, -1.6936 3.5886 3.9057, -1.6936 3.5847 3.9057, -1.6198 3.5886 3.9208, -1.6198 3.5847 3.9208, -1.546 3.5886 3.9057, -1.546 3.5847 3.9057, -1.5017 3.5886 3.8755, -1.5017 3.5847 3.8755, -2.2399 3.5847 3.9962, -2.2399 3.5886 3.9962, -2.358 3.5886 3.9962, -2.358 3.5847 3.9962, -2.5942 3.5886 3.2875, -2.5942 3.5847 3.2875, -2.5056 3.5886 3.2875, -2.5056 3.5847 3.2875, -2.4466 3.5886 3.4684, -2.4466 3.5847 3.4684, -2.1513 3.5886 3.4684, -2.1513 3.5847 3.4684, -2.0922 3.5886 3.2875, -2.0922 3.5847 3.2875, -2.0036 3.5886 3.2875, -2.0036 3.5847 3.2875, -2.4318 3.5847 3.5287, -2.4318 3.5886 3.5287, -2.2989 3.5886 3.9358, -2.2989 3.5847 3.9358, -2.166 3.5886 3.5287, -2.166 3.5847 3.5287, 2.369 3.5847 1.7786, 2.369 3.5886 1.7786, 2.369 3.5886 1.8521, 2.369 3.5847 1.8521, 1.9662 3.5886 2.2193, 1.9662 3.5847 2.2193, 1.9375 3.5886 2.278, 1.9375 3.5847 2.278, 1.9375 3.5886 2.3074, 1.9375 3.5847 2.3074, 1.9662 3.5886 2.3515, 1.9662 3.5847 2.3515, 2.0094 3.5886 2.3809, 2.0094 3.5847 2.3809, 2.0813 3.5886 2.3955, 2.0813 3.5847 2.3955, 2.1388 3.5886 2.3955, 2.1388 3.5847 2.3955, 2.2107 3.5886 2.3809, 2.2107 3.5847 2.3809, 2.2539 3.5886 2.3515, 2.2539 3.5847 2.3515, 2.2827 3.5886 2.3074, 2.2827 3.5847 2.3074, 2.3546 3.5886 2.3074, 2.3546 3.5847 2.3074, 2.3402 3.5886 2.3662, 2.3402 3.5847 2.3662, 2.2827 3.5886 2.4249, 2.2827 3.5847 2.4249, 2.2251 3.5886 2.4543, 2.2251 3.5847 2.4543, 2.1245 3.5886 2.469, 2.1245 3.5847 2.469, 2.0669 3.5886 2.469, 2.0669 3.5847 2.469, 1.9806 3.5886 2.4543, 1.9806 3.5847 2.4543, 1.9231 3.5886 2.4249, 1.9231 3.5847 2.4249, 1.8656 3.5886 2.3662, 1.8656 3.5847 2.3662, 1.8512 3.5886 2.3074, 1.8512 3.5847 2.3074, 1.8512 3.5886 2.278, 1.8512 3.5847 2.278, 1.8656 3.5886 2.2193, 1.8656 3.5847 2.2193, 1.8943 3.5886 2.1752, 1.8943 3.5847 2.1752, 2.2539 3.5886 1.8521, 2.2539 3.5847 1.8521, 1.8512 3.5886 1.8521, 1.8512 3.5847 1.8521, 1.8512 3.5886 1.7786, 1.8512 3.5847 1.7786, 1.5635 3.5847 2.469, 1.5635 3.5886 2.469, 1.5635 3.5886 1.7786, 1.5635 3.5847 1.7786, 1.6498 3.5886 1.7786, 1.6498 3.5847 1.7786, 1.6498 3.5886 2.3515, 1.6498 3.5847 2.3515, 1.7361 3.5886 2.2487, 1.7361 3.5847 2.2487, 1.7361 3.5886 2.3662, 1.7361 3.5847 2.3662, 1.6498 3.5886 2.469, 1.6498 3.5847 2.469, 1.2759 3.5847 2.469, 1.2759 3.5886 2.469, 1.2759 3.5886 1.7786, 1.2759 3.5847 1.7786, 1.3622 3.5886 1.7786, 1.3622 3.5847 1.7786, 1.3622 3.5886 2.3515, 1.3622 3.5847 2.3515, 1.4485 3.5886 2.2487, 1.4485 3.5847 2.2487, 1.4485 3.5886 2.3662, 1.4485 3.5847 2.3662, 1.3622 3.5886 2.469, 1.3622 3.5847 2.469, 0.715 3.5847 2.1605, 0.715 3.5886 2.1605, 0.6718 3.5886 2.1165, 0.6718 3.5847 2.1165, 0.6431 3.5886 2.043, 0.6431 3.5847 2.043, 0.6431 3.5886 1.9696, 0.6431 3.5847 1.9696, 0.6718 3.5886 1.8961, 0.6718 3.5847 1.8961, 0.715 3.5886 1.8374, 0.715 3.5847 1.8374, 0.7869 3.5886 1.7933, 0.7869 3.5847 1.7933, 0.8588 3.5886 1.7786, 0.8588 3.5847 1.7786, 0.9307 3.5886 1.7786, 0.9307 3.5847 1.7786, 1.0026 3.5886 1.7933, 1.0026 3.5847 1.7933, 1.0745 3.5886 1.8374, 1.0745 3.5847 1.8374, 1.1177 3.5886 1.8961, 1.1177 3.5847 1.8961, 1.1465 3.5886 1.9696, 1.1465 3.5847 1.9696, 1.1608 3.5886 2.0724, 1.1608 3.5847 2.0724, 1.1608 3.5886 2.1752, 1.1608 3.5847 2.1752, 1.1465 3.5886 2.278, 1.1465 3.5847 2.278, 1.1177 3.5886 2.3515, 1.1177 3.5847 2.3515, 1.0745 3.5886 2.4102, 1.0745 3.5847 2.4102, 1.0026 3.5886 2.4543, 1.0026 3.5847 2.4543, 0.9307 3.5886 2.469, 0.9307 3.5847 2.469, 0.8732 3.5886 2.469, 0.8732 3.5847 2.469, 0.8013 3.5886 2.4543, 0.8013 3.5847 2.4543, 0.7294 3.5886 2.4102, 0.7294 3.5847 2.4102, 0.6862 3.5886 2.3515, 0.6862 3.5847 2.3515, 0.6718 3.5886 2.3074, 0.6718 3.5847 2.3074, 0.7437 3.5886 2.3074, 0.7437 3.5847 2.3074, 0.7725 3.5886 2.3515, 0.7725 3.5847 2.3515, 0.8157 3.5886 2.3809, 0.8157 3.5847 2.3809, 0.8588 3.5886 2.3955, 0.8588 3.5847 2.3955, 0.9451 3.5886 2.3955, 0.9451 3.5847 2.3955, 0.9882 3.5886 2.3809, 0.9882 3.5847 2.3809, 1.0314 3.5886 2.3515, 1.0314 3.5847 2.3515, 1.0602 3.5886 2.3074, 1.0602 3.5847 2.3074, 1.0745 3.5886 2.2634, 1.0745 3.5847 2.2634, 1.0889 3.5886 2.1752, 1.0889 3.5847 2.1752, 1.0889 3.5886 2.1458, 1.0889 3.5847 2.1458, 1.0026 3.5886 2.2046, 1.0026 3.5847 2.2046, 0.9307 3.5886 2.2193, 0.9307 3.5847 2.2193, 0.8588 3.5886 2.2193, 0.8588 3.5847 2.2193, 0.7869 3.5886 2.2046, 0.7869 3.5847 2.2046, 0.715 3.5847 2.0283, 0.715 3.5886 2.0283, 0.7294 3.5886 2.0724, 0.7294 3.5847 2.0724, 0.7581 3.5886 2.1018, 0.7581 3.5847 2.1018, 0.8013 3.5886 2.1312, 0.8013 3.5847 2.1312, 0.8444 3.5886 2.1458, 0.8444 3.5847 2.1458, 0.9451 3.5886 2.1458, 0.9451 3.5847 2.1458, 0.9882 3.5886 2.1312, 0.9882 3.5847 2.1312, 1.0314 3.5886 2.1018, 1.0314 3.5847 2.1018, 1.0602 3.5886 2.0724, 1.0602 3.5847 2.0724, 1.0745 3.5886 2.0283, 1.0745 3.5847 2.0283, 1.0745 3.5886 1.9843, 1.0745 3.5847 1.9843, 1.0602 3.5886 1.9402, 1.0602 3.5847 1.9402, 1.0314 3.5886 1.8961, 1.0314 3.5847 1.8961, 0.9882 3.5886 1.8668, 0.9882 3.5847 1.8668, 0.9451 3.5886 1.8521, 0.9451 3.5847 1.8521, 0.8444 3.5886 1.8521, 0.8444 3.5847 1.8521, 0.8013 3.5886 1.8668, 0.8013 3.5847 1.8668, 0.7581 3.5886 1.8961, 0.7581 3.5847 1.8961, 0.7294 3.5886 1.9402, 0.7294 3.5847 1.9402, 0.715 3.5886 1.9843, 0.715 3.5847 1.9843, -0.3202 3.5847 1.8771, -0.3045 3.5847 1.8564, -0.3194 3.5886 1.8755, -0.3045 3.5886 1.8564, -0.3308 3.5886 1.9071, -0.3308 3.5847 1.9071, -0.3925 3.5886 1.8875, -0.3925 3.5847 1.8875, -0.3735 3.5847 1.8426, -0.3735 3.5886 1.8426, -0.3452 3.5886 1.8108, -0.3452 3.5847 1.8108, -0.3078 3.5847 1.7921, -0.3078 3.5886 1.7921, -0.2616 3.5886 1.7859, -0.2616 3.5847 1.7859, -0.2222 3.5847 1.7906, -0.2222 3.5886 1.7906, -0.1878 3.5886 1.8049, -0.1878 3.5847 1.8049, -0.1584 3.5886 1.8286, -0.1584 3.5847 1.8286, -0.1313 3.5886 1.8709, -0.1236 3.5886 1.8954, -0.1313 3.5847 1.8709, -0.1429 3.5847 1.8486, -0.1429 3.5886 1.8486, -0.1236 3.5847 1.8953, -0.1194 3.5886 1.9198, -0.1194 3.5847 1.9198, -0.1181 3.5886 1.946, -0.1181 3.5847 1.946, -0.1268 3.5886 2.0114, -0.1269 3.5847 2.0112, -0.1218 3.5847 1.9902, -0.119 3.5847 1.9685, -0.1217 3.5886 1.99, -0.119 3.5886 1.9686, -0.1346 3.5886 2.0319, -0.1452 3.5886 2.0508, -0.1346 3.5847 2.0319, -0.1452 3.5847 2.0508, -0.1587 3.5886 2.068, -0.1587 3.5847 2.068, -0.1886 3.5847 2.0922, -0.1886 3.5886 2.0922, -0.2242 3.5886 2.1068, -0.2242 3.5847 2.1068, -0.2655 3.5886 2.1116, -0.2655 3.5847 2.1116, -0.3016 3.5847 2.1078, -0.3016 3.5886 2.1078, -0.3329 3.5886 2.0964, -0.3329 3.5847 2.0964, -0.3593 3.5886 2.0774, -0.3593 3.5847 2.0774, -0.3781 3.5847 2.0528, -0.3781 3.5886 2.0528, -0.3916 3.5886 2.0195, -0.3916 3.5847 2.0195, -0.3287 3.5886 2.0044, -0.3287 3.5847 2.0044, -0.3195 3.5886 2.027, -0.3199 3.5847 2.0263, -0.3052 3.5847 2.0431, -0.3052 3.5886 2.0431, -0.2856 3.5847 2.0537, -0.2863 3.5886 2.0535, -0.2623 3.5886 2.0573, -0.2623 3.5847 2.0573, -0.2302 3.5886 2.0508, -0.2305 3.5847 2.051, -0.2053 3.5847 2.0321, -0.2053 3.5886 2.0321, -0.1877 3.5847 1.994, -0.195 3.5886 2.0122, -0.1878 3.5886 1.9851, -0.1941 3.5847 2.014, -0.1846 3.5847 1.973, -0.1836 3.5886 1.9507, -0.1836 3.5847 1.9507, -0.1897 3.5847 1.8971, -0.1878 3.5886 1.9143, -0.1949 3.5886 1.8859, -0.1861 3.5847 1.9143, -0.1842 3.5847 1.9322, -0.1956 3.5847 1.8807, -0.205 3.5886 1.8655, -0.205 3.5847 1.8655, -0.2297 3.5847 1.8466, -0.2294 3.5886 1.8467, -0.261 3.5886 1.8403, -0.261 3.5847 1.8403, -0.2848 3.5886 1.8444, -0.2845 3.5847 1.8443, -1.8457 3.5847 1.9214, -1.8457 3.5886 1.9214, -1.8456 3.5886 1.9774, -1.8456 3.5886 2.0894, -1.8456 3.5847 2.0894, -1.8456 3.5847 2.0334, -1.8449 3.5847 1.9774, -1.8456 3.5886 2.0334, -1.9092 3.5886 2.0894, -1.9092 3.5847 2.0894, -1.9092 3.5886 2.0325, -1.9097 3.5886 1.9188, -1.9097 3.5847 1.9188, -1.9092 3.5847 1.9757, -1.9092 3.5847 2.0325, -1.9089 3.5886 1.9757, -1.9104 3.5886 1.8925, -1.9104 3.5847 1.8925, -1.9115 3.5847 1.8662, -1.9115 3.5886 1.8662, -1.9185 3.5886 1.8484, -1.9183 3.5847 1.8487, -1.9309 3.5847 1.835, -1.9309 3.5886 1.835, -1.9492 3.5847 1.8263, -1.9479 3.5886 1.8267, -1.973 3.5886 1.8234, -1.973 3.5847 1.8234, -1.998 3.5886 1.8265, -1.9967 3.5847 1.8262, -2.0138 3.5847 1.8344, -2.0138 3.5886 1.8344, -2.0249 3.5886 1.847, -2.0248 3.5847 1.8467, -2.0303 3.5847 1.8617, -2.0303 3.5886 1.8617, -2.0316 3.5847 1.8884, -2.0316 3.5886 1.8884, -2.0326 3.5886 1.9152, -2.0326 3.5847 1.9152, -2.0332 3.5886 1.9732, -2.0332 3.5886 2.0894, -2.0332 3.5847 2.0894, -2.0332 3.5847 2.0313, -2.0336 3.5847 1.9732, -2.0332 3.5886 2.0313, -2.0968 3.5886 2.0894, -2.0968 3.5847 2.0894, -2.0968 3.5886 2.0343, -2.0967 3.5886 1.924, -2.0967 3.5847 1.924, -2.0968 3.5847 1.9791, -2.0968 3.5847 2.0343, -2.0974 3.5886 1.9791, -2.0948 3.5847 1.8839, -2.0948 3.5886 1.8839, -2.0916 3.5886 1.8438, -2.0916 3.5847 1.8438, -2.0842 3.5847 1.8222, -2.0842 3.5886 1.8222, -2.0725 3.5886 1.8043, -2.0725 3.5847 1.8043, -2.0564 3.5847 1.7898, -2.0564 3.5886 1.7898, -2.0355 3.5886 1.7786, -2.0355 3.5847 1.7786, -2.0063 3.5847 1.7711, -2.0063 3.5886 1.7711, -1.975 3.5886 1.7691, -1.975 3.5847 1.7691, -1.9515 3.5847 1.7699, -1.9515 3.5886 1.7697, -1.9287 3.5886 1.7731, -1.9287 3.5847 1.7731, -1.9065 3.5886 1.7795, -1.9065 3.5847 1.7795, -1.8856 3.5847 1.7913, -1.8856 3.5886 1.7913, -1.8697 3.5886 1.8064, -1.8697 3.5847 1.8064, -1.8584 3.5847 1.8236, -1.8584 3.5886 1.8236, -1.8518 3.5886 1.8415, -1.8518 3.5847 1.8415, -1.848 3.5847 1.8814, -1.848 3.5886 1.8814, -2.1603 3.5847 1.8303, -2.1859 3.5847 1.7963, -2.1603 3.5886 1.8303, -2.1859 3.5886 1.7963, -2.1477 3.5886 1.8769, -2.1477 3.5847 1.8769, -2.2096 3.5886 1.8829, -2.2096 3.5847 1.8829, -2.2187 3.5886 1.8544, -2.2179 3.5847 1.8559, -2.2321 3.5847 1.8371, -2.2321 3.5886 1.8371, -2.2522 3.5847 1.8262, -2.2509 3.5886 1.8266, -2.2783 3.5886 1.8226, -2.2783 3.5847 1.8226, -2.3067 3.5886 1.8262, -2.3052 3.5847 1.8258, -2.3245 3.5847 1.8355, -2.3245 3.5886 1.8355, -2.3366 3.5886 1.8502, -2.3362 3.5847 1.8496, -2.3402 3.5847 1.866, -2.3402 3.5886 1.866, -2.3385 3.5886 1.8763, -2.3385 3.5847 1.8762, -2.3335 3.5847 1.8849, -2.3335 3.5886 1.8849, -2.3246 3.5847 1.8922, -2.3251 3.5886 1.8919, -2.3107 3.5886 1.8985, -2.3107 3.5847 1.8985, -2.286 3.5847 1.9055, -2.286 3.5886 1.9055, -2.2598 3.5886 1.912, -2.2598 3.5847 1.912, -2.2342 3.5847 1.9197, -2.2344 3.5886 1.9192, -2.2107 3.5886 1.9292, -2.2107 3.5847 1.9292, -2.188 3.5886 1.9434, -2.188 3.5847 1.9434, -2.1663 3.5847 1.9723, -2.1663 3.5886 1.9723, -2.1591 3.5886 2.0069, -2.1591 3.5847 2.0069, -2.1625 3.5847 2.0301, -2.1625 3.5886 2.0301, -2.1726 3.5886 2.0518, -2.1726 3.5847 2.0518, -2.1892 3.5847 2.0703, -2.1892 3.5886 2.0703, -2.2119 3.5886 2.0838, -2.2119 3.5847 2.0838, -2.2317 3.5847 2.0902, -2.2317 3.5886 2.0902, -2.2522 3.5886 2.0937, -2.2522 3.5847 2.0937, -2.274 3.5886 2.0948, -2.274 3.5847 2.0948, -2.3123 3.5886 2.0915, -2.3305 3.5886 2.0868, -2.3122 3.5847 2.0914, -2.2933 3.5847 2.094, -2.2933 3.5886 2.094, -2.3304 3.5847 2.0867, -2.3476 3.5886 2.0794, -2.3476 3.5847 2.0794, -2.3631 3.5886 2.0687, -2.3631 3.5847 2.0687, -2.3861 3.5847 2.0383, -2.3861 3.5886 2.0383, -2.3948 3.5886 1.9994, -2.3948 3.5847 1.9994, -2.3312 3.5886 1.9966, -2.3312 3.5847 1.9966, -2.3241 3.5886 2.0184, -2.3247 3.5847 2.0174, -2.3136 3.5847 2.0314, -2.3136 3.5886 2.0314, -2.2968 3.5847 2.0394, -2.298 3.5886 2.0391, -2.2734 3.5886 2.0421, -2.2734 3.5847 2.0421, -2.2473 3.5886 2.0389, -2.2486 3.5847 2.0393, -2.23 3.5847 2.0308, -2.23 3.5886 2.0308, -2.2224 3.5847 2.0222, -2.2224 3.5886 2.0222, -2.2199 3.5886 2.0112, -2.2199 3.5847 2.0112, -2.2222 3.5847 2.0007, -2.2222 3.5886 2.0008, -2.2292 3.5886 1.9919, -2.2292 3.5847 1.9919, -2.2578 3.5847 1.9803, -2.2578 3.5886 1.9804, -2.2877 3.5886 1.9707, -2.2877 3.5847 1.9707, -2.3237 3.5847 1.961, -2.3237 3.5886 1.961, -2.3563 3.5886 1.9482, -2.3563 3.5847 1.9482, -2.3761 3.5847 1.9344, -2.3761 3.5886 1.9344, -2.3911 3.5886 1.9162, -2.3911 3.5847 1.9162, -2.4006 3.5847 1.8935, -2.4006 3.5886 1.8935, -2.4038 3.5886 1.8662, -2.4038 3.5847 1.8662, -2.4 3.5847 1.8399, -2.4 3.5886 1.8399, -2.3887 3.5886 1.8155, -2.3887 3.5847 1.8155, -2.3705 3.5847 1.7948, -2.3705 3.5886 1.7948, -2.3462 3.5886 1.7804, -2.3462 3.5847 1.7804, -2.3244 3.5847 1.7735, -2.3244 3.5886 1.7735, -2.3018 3.5886 1.77, -2.3017 3.5847 1.7699, -2.2777 3.5886 1.7688, -2.2777 3.5847 1.7688, -2.2382 3.5886 1.7723, -2.2195 3.5886 1.7773, -2.2383 3.5847 1.7724, -2.2577 3.5847 1.7697, -2.2577 3.5886 1.7696, -2.2196 3.5847 1.7774, -2.2019 3.5886 1.7852, -2.2019 3.5847 1.7852
            ]
        }
        coordIndex [
            0,1,2,-1,3,2,4,-1,2,3,0,-1,3,4,5,-1,5,4,6,-1,2,1,7,-1,8,9,10,-1,10,11,8,-1,12,13,14,-1,14,15,12,-1,16,17,18,-1,18,19,16,-1,20,21,22,-1,20,23,24,-1,23,20,22,-1,25,23,26,-1,25,24,23,-1,22,21,27,-1,21,28,29,-1,28,21,20,-1,30,3,5,-1,30,31,3,-1,32,33,34,-1,32,34,35,-1,35,34,36,-1,35,36,37,-1,37,36,38,-1,37,38,39,-1,39,38,40,-1,39,40,41,-1,41,40,42,-1,41,42,43,-1,43,42,33,-1,43,33,32,-1,44,45,46,-1,44,46,47,-1,47,46,48,-1,47,48,49,-1,49,48,50,-1,49,50,51,-1,51,50,52,-1,51,52,53,-1,53,52,54,-1,53,54,55,-1,55,54,56,-1,55,56,57,-1,57,56,58,-1,57,58,59,-1,59,58,60,-1,59,60,61,-1,61,60,62,-1,61,62,63,-1,63,62,64,-1,63,64,65,-1,65,64,66,-1,65,66,67,-1,67,66,68,-1,67,68,69,-1,69,68,70,-1,69,70,71,-1,71,70,72,-1,71,72,73,-1,73,72,74,-1,73,74,75,-1,75,74,76,-1,75,76,77,-1,77,76,78,-1,77,78,79,-1,79,78,80,-1,79,80,81,-1,81,80,82,-1,81,82,83,-1,83,82,84,-1,83,84,85,-1,85,84,86,-1,85,86,87,-1,87,86,88,-1,87,88,89,-1,89,88,90,-1,89,90,91,-1,91,90,92,-1,91,92,93,-1,93,92,94,-1,93,94,95,-1,95,94,96,-1,95,96,97,-1,97,96,98,-1,97,98,99,-1,99,98,100,-1,99,100,101,-1,101,100,102,-1,101,102,103,-1,103,102,104,-1,103,104,105,-1,105,104,106,-1,105,106,107,-1,107,106,108,-1,107,108,109,-1,109,108,110,-1,109,110,111,-1,111,110,112,-1,111,112,113,-1,113,112,114,-1,113,114,115,-1,115,114,116,-1,115,116,117,-1,117,116,118,-1,117,118,119,-1,119,118,120,-1,119,120,121,-1,121,120,122,-1,121,122,123,-1,123,122,45,-1,123,45,44,-1,124,125,126,-1,124,126,127,-1,127,126,128,-1,127,128,129,-1,129,128,130,-1,129,130,131,-1,131,130,132,-1,131,132,133,-1,133,132,134,-1,133,134,135,-1,135,134,136,-1,135,136,137,-1,137,136,138,-1,137,138,139,-1,139,138,140,-1,139,140,141,-1,141,140,142,-1,141,142,143,-1,143,142,144,-1,143,144,145,-1,145,144,146,-1,145,146,147,-1,147,146,125,-1,147,125,124,-1,148,149,150,-1,148,150,151,-1,151,150,152,-1,151,152,153,-1,153,152,154,-1,153,154,155,-1,155,154,156,-1,155,156,157,-1,157,156,158,-1,157,158,159,-1,159,158,160,-1,159,160,161,-1,161,160,162,-1,161,162,163,-1,163,162,164,-1,163,164,165,-1,165,164,166,-1,165,166,167,-1,167,166,168,-1,167,168,169,-1,169,168,170,-1,169,170,171,-1,171,170,172,-1,171,172,173,-1,173,172,174,-1,173,174,175,-1,175,174,149,-1,175,149,148,-1,176,177,178,-1,176,178,179,-1,179,178,180,-1,179,180,181,-1,181,180,182,-1,181,182,183,-1,183,182,184,-1,183,184,185,-1,185,184,186,-1,185,186,187,-1,187,186,188,-1,187,188,189,-1,189,188,190,-1,189,190,191,-1,191,190,192,-1,191,192,193,-1,193,192,194,-1,193,194,195,-1,195,194,196,-1,195,196,197,-1,197,196,198,-1,197,198,199,-1,199,198,177,-1,199,177,176,-1,200,201,202,-1,200,202,203,-1,203,202,204,-1,203,204,205,-1,205,204,206,-1,205,206,207,-1,207,206,208,-1,207,208,209,-1,209,208,210,-1,209,210,211,-1,211,210,212,-1,211,212,213,-1,213,212,214,-1,213,214,215,-1,215,214,201,-1,215,201,200,-1,216,217,218,-1,216,218,219,-1,219,218,220,-1,219,220,221,-1,221,220,217,-1,221,217,216,-1,222,223,224,-1,222,224,225,-1,226,227,228,-1,226,228,229,-1,229,228,230,-1,229,230,231,-1,231,230,232,-1,231,232,233,-1,233,232,227,-1,233,227,226,-1,234,235,236,-1,234,236,237,-1,238,237,236,-1,237,238,239,-1,239,238,240,-1,239,240,241,-1,241,240,242,-1,241,242,243,-1,243,242,244,-1,243,244,245,-1,245,244,246,-1,245,246,247,-1,248,249,250,-1,251,252,248,-1,248,250,251,-1,247,252,251,-1,247,246,252,-1,250,249,253,-1,253,254,255,-1,254,253,249,-1,254,256,255,-1,255,256,257,-1,257,256,258,-1,257,258,259,-1,260,261,262,-1,260,259,263,-1,263,261,260,-1,259,258,263,-1,264,262,261,-1,265,264,266,-1,264,265,262,-1,265,266,267,-1,267,266,268,-1,267,268,269,-1,269,268,270,-1,269,270,271,-1,271,270,272,-1,271,272,273,-1,273,272,274,-1,273,274,275,-1,275,274,276,-1,275,276,277,-1,277,276,278,-1,277,278,279,-1,280,281,282,-1,280,279,283,-1,283,281,280,-1,279,278,283,-1,284,282,281,-1,285,284,235,-1,284,285,282,-1,285,235,234,-1,286,287,288,-1,286,288,289,-1,289,288,290,-1,289,290,291,-1,291,290,292,-1,291,292,293,-1,293,292,294,-1,293,294,295,-1,295,294,296,-1,295,296,297,-1,297,296,298,-1,297,298,299,-1,299,298,300,-1,299,300,301,-1,301,300,302,-1,301,302,303,-1,303,302,304,-1,303,304,305,-1,305,304,306,-1,305,306,307,-1,307,306,308,-1,307,308,309,-1,309,308,287,-1,309,287,286,-1,310,311,312,-1,311,313,312,-1,314,310,312,-1,310,314,315,-1,315,314,316,-1,315,316,317,-1,318,319,320,-1,317,319,318,-1,317,316,319,-1,318,320,321,-1,320,322,321,-1,321,322,323,-1,324,325,326,-1,323,325,324,-1,323,322,325,-1,324,326,327,-1,326,328,327,-1,327,328,329,-1,330,331,332,-1,333,329,331,-1,333,331,330,-1,329,328,331,-1,332,334,330,-1,334,335,336,-1,332,335,334,-1,334,336,337,-1,338,339,340,-1,337,339,338,-1,337,336,339,-1,338,340,341,-1,340,342,341,-1,341,342,343,-1,344,343,345,-1,343,342,345,-1,346,344,345,-1,344,346,347,-1,348,347,349,-1,347,346,349,-1,350,348,349,-1,348,350,351,-1,352,351,353,-1,351,350,353,-1,354,352,353,-1,352,354,355,-1,356,355,357,-1,355,354,357,-1,358,356,357,-1,356,358,359,-1,359,358,360,-1,359,360,361,-1,362,361,363,-1,361,360,363,-1,364,362,363,-1,362,364,365,-1,366,367,368,-1,366,365,369,-1,369,367,366,-1,365,364,369,-1,370,368,367,-1,371,370,372,-1,370,371,368,-1,371,372,373,-1,374,375,376,-1,373,375,374,-1,373,372,375,-1,374,376,377,-1,376,378,377,-1,377,378,379,-1,380,381,382,-1,379,381,380,-1,379,378,381,-1,380,382,383,-1,382,384,383,-1,383,384,385,-1,386,387,388,-1,385,387,386,-1,385,384,387,-1,386,388,389,-1,388,390,389,-1,389,390,391,-1,392,393,394,-1,391,393,392,-1,391,390,393,-1,392,394,395,-1,394,396,395,-1,395,396,397,-1,398,399,400,-1,401,402,400,-1,398,400,402,-1,401,397,403,-1,403,402,401,-1,397,396,403,-1,404,399,398,-1,404,405,406,-1,406,399,404,-1,407,405,408,-1,405,407,406,-1,407,408,409,-1,410,411,412,-1,410,413,414,-1,414,411,410,-1,413,408,414,-1,413,409,408,-1,412,411,415,-1,416,415,417,-1,415,416,412,-1,416,417,418,-1,418,417,419,-1,420,421,419,-1,421,418,419,-1,420,422,421,-1,422,420,423,-1,424,422,425,-1,422,423,425,-1,426,424,425,-1,424,426,427,-1,428,427,429,-1,427,426,429,-1,430,428,429,-1,428,430,431,-1,432,433,430,-1,433,431,430,-1,432,311,433,-1,311,432,313,-1,434,435,436,-1,434,436,437,-1,438,437,439,-1,437,436,439,-1,440,438,439,-1,438,440,441,-1,442,443,444,-1,442,445,446,-1,446,443,442,-1,445,440,446,-1,445,441,440,-1,444,443,447,-1,448,447,449,-1,447,448,444,-1,449,450,448,-1,448,450,451,-1,452,451,453,-1,451,450,453,-1,454,452,453,-1,452,454,455,-1,456,457,454,-1,457,455,454,-1,456,458,457,-1,458,456,459,-1,460,458,461,-1,458,459,461,-1,462,460,461,-1,460,462,463,-1,464,463,465,-1,463,462,465,-1,466,464,465,-1,464,466,467,-1,468,469,466,-1,469,467,466,-1,468,470,469,-1,470,468,471,-1,472,473,474,-1,470,473,472,-1,470,471,473,-1,472,474,475,-1,474,435,475,-1,475,435,434,-1,476,477,478,-1,476,478,479,-1,479,478,480,-1,479,480,481,-1,481,480,482,-1,481,482,483,-1,484,483,485,-1,483,482,485,-1,486,484,485,-1,484,486,487,-1,488,487,489,-1,487,486,489,-1,490,488,489,-1,488,490,491,-1,492,493,494,-1,491,493,492,-1,491,490,493,-1,492,494,495,-1,494,496,495,-1,495,496,497,-1,498,499,500,-1,497,499,498,-1,497,496,499,-1,498,500,501,-1,500,502,501,-1,501,502,503,-1,504,503,505,-1,503,502,505,-1,506,504,505,-1,504,506,507,-1,507,506,508,-1,509,510,511,-1,511,512,513,-1,512,508,513,-1,509,511,513,-1,507,508,512,-1,510,509,514,-1,510,514,515,-1,515,514,516,-1,517,518,519,-1,519,520,521,-1,520,516,521,-1,517,519,521,-1,515,516,520,-1,522,523,517,-1,523,518,517,-1,522,524,523,-1,524,522,525,-1,526,527,525,-1,527,524,525,-1,526,528,527,-1,528,526,529,-1,530,528,531,-1,528,529,531,-1,532,530,531,-1,530,532,533,-1,534,533,535,-1,533,532,535,-1,536,534,535,-1,534,536,537,-1,538,537,539,-1,537,536,539,-1,540,538,539,-1,538,540,541,-1,542,541,543,-1,541,540,543,-1,544,542,543,-1,542,544,545,-1,545,544,546,-1,547,548,549,-1,549,550,551,-1,550,546,551,-1,547,549,551,-1,545,546,550,-1,548,547,477,-1,548,477,476,-1,552,553,554,-1,552,554,555,-1,555,554,556,-1,555,556,557,-1,557,556,558,-1,557,558,559,-1,559,558,560,-1,561,562,563,-1,564,565,566,-1,567,568,569,-1,570,569,568,-1,571,568,567,-1,561,570,562,-1,570,561,569,-1,563,564,566,-1,562,564,563,-1,560,565,559,-1,566,565,560,-1,572,571,573,-1,571,567,573,-1,574,572,573,-1,572,574,575,-1,576,577,578,-1,575,577,576,-1,575,574,577,-1,576,578,579,-1,578,580,579,-1,579,580,581,-1,582,583,584,-1,581,583,582,-1,581,580,583,-1,582,584,585,-1,584,586,585,-1,585,586,587,-1,588,589,590,-1,587,589,588,-1,587,586,589,-1,588,590,591,-1,590,592,591,-1,591,592,593,-1,594,595,596,-1,593,595,594,-1,593,592,595,-1,594,596,597,-1,596,598,597,-1,597,598,599,-1,600,599,601,-1,599,598,601,-1,602,600,601,-1,600,602,603,-1,604,603,605,-1,603,602,605,-1,606,604,605,-1,604,606,607,-1,607,606,608,-1,607,608,609,-1,610,609,611,-1,609,608,611,-1,612,610,611,-1,610,612,613,-1,614,615,616,-1,615,617,612,-1,617,615,614,-1,617,613,612,-1,616,618,614,-1,618,616,619,-1,619,616,620,-1,621,622,623,-1,622,620,623,-1,622,619,620,-1,621,623,624,-1,621,624,625,-1,553,626,627,-1,553,627,624,-1,553,552,626,-1,625,624,627,-1,628,629,630,-1,628,630,631,-1,631,630,632,-1,633,634,635,-1,632,634,631,-1,635,634,632,-1,636,637,638,-1,638,639,635,-1,639,638,637,-1,639,633,635,-1,638,640,636,-1,636,640,641,-1,641,640,642,-1,643,644,642,-1,644,641,642,-1,643,645,644,-1,645,643,646,-1,647,648,646,-1,648,645,646,-1,647,649,648,-1,649,647,650,-1,651,652,653,-1,652,650,653,-1,652,649,650,-1,651,653,654,-1,651,654,655,-1,656,657,658,-1,629,659,660,-1,661,662,663,-1,628,659,629,-1,661,663,660,-1,659,661,660,-1,657,662,658,-1,663,662,657,-1,664,665,666,-1,667,668,669,-1,669,670,671,-1,670,666,671,-1,667,669,671,-1,664,666,670,-1,668,667,672,-1,668,672,673,-1,673,672,674,-1,675,676,677,-1,677,678,679,-1,678,674,679,-1,675,677,679,-1,673,674,678,-1,680,681,675,-1,681,676,675,-1,680,682,681,-1,682,680,683,-1,684,685,683,-1,685,682,683,-1,684,686,685,-1,686,684,687,-1,688,686,689,-1,686,687,689,-1,690,688,689,-1,688,690,691,-1,692,693,690,-1,693,691,690,-1,692,694,693,-1,694,692,695,-1,696,697,695,-1,697,694,695,-1,696,698,697,-1,698,696,699,-1,700,701,702,-1,701,699,702,-1,701,698,699,-1,700,702,703,-1,700,703,704,-1,705,704,706,-1,704,703,706,-1,707,705,706,-1,705,707,708,-1,709,710,711,-1,708,710,709,-1,708,707,710,-1,709,711,712,-1,711,713,712,-1,712,713,714,-1,714,713,715,-1,716,717,718,-1,719,720,721,-1,722,723,724,-1,725,716,724,-1,722,726,727,-1,727,723,722,-1,725,717,716,-1,723,725,724,-1,718,719,721,-1,717,719,718,-1,715,720,714,-1,721,720,715,-1,727,726,728,-1,727,728,729,-1,729,728,730,-1,729,730,731,-1,731,730,732,-1,731,732,733,-1,733,732,734,-1,733,734,735,-1,736,737,738,-1,736,735,739,-1,739,737,736,-1,735,734,739,-1,740,738,737,-1,741,740,742,-1,740,741,738,-1,741,742,743,-1,744,745,746,-1,743,745,744,-1,743,742,745,-1,744,746,747,-1,746,748,747,-1,747,748,749,-1,750,751,752,-1,749,751,750,-1,749,748,751,-1,750,752,753,-1,752,754,753,-1,753,754,755,-1,756,755,757,-1,755,754,757,-1,665,756,757,-1,756,665,664,-1,758,759,760,-1,758,760,761,-1,761,760,762,-1,761,762,763,-1,763,762,764,-1,763,764,765,-1,766,765,767,-1,765,764,767,-1,768,766,767,-1,766,768,769,-1,770,769,771,-1,769,768,771,-1,772,770,771,-1,770,772,773,-1,774,775,776,-1,773,775,774,-1,773,772,775,-1,774,776,777,-1,776,778,777,-1,777,778,779,-1,780,781,782,-1,779,781,780,-1,779,778,781,-1,780,782,783,-1,782,784,783,-1,783,784,785,-1,786,785,787,-1,785,784,787,-1,788,786,787,-1,786,788,789,-1,789,788,790,-1,791,792,793,-1,793,794,795,-1,794,790,795,-1,791,793,795,-1,789,790,794,-1,792,791,796,-1,792,796,797,-1,797,796,798,-1,799,800,801,-1,801,802,803,-1,802,798,803,-1,799,801,803,-1,797,798,802,-1,804,805,799,-1,805,800,799,-1,804,806,805,-1,806,804,807,-1,808,809,807,-1,809,806,807,-1,808,810,809,-1,810,808,811,-1,812,810,813,-1,810,811,813,-1,814,812,813,-1,812,814,815,-1,816,815,817,-1,815,814,817,-1,818,816,817,-1,816,818,819,-1,820,819,821,-1,819,818,821,-1,822,820,821,-1,820,822,823,-1,824,823,825,-1,823,822,825,-1,826,824,825,-1,824,826,827,-1,827,826,828,-1,829,830,831,-1,831,832,833,-1,832,828,833,-1,829,831,833,-1,827,828,832,-1,830,829,759,-1,830,759,758,-1,834,835,836,-1,834,836,837,-1,837,836,838,-1,837,838,839,-1,839,838,840,-1,839,840,841,-1,841,840,842,-1,841,842,843,-1,843,842,844,-1,843,844,845,-1,845,844,846,-1,845,846,847,-1,847,846,848,-1,847,848,849,-1,849,848,850,-1,849,850,851,-1,851,850,852,-1,851,852,853,-1,853,852,854,-1,853,854,855,-1,855,854,856,-1,855,856,857,-1,857,856,835,-1,857,835,834,-1,858,859,860,-1,858,860,861,-1,861,860,862,-1,861,862,863,-1,863,862,864,-1,863,864,865,-1,865,864,866,-1,865,866,867,-1,867,866,868,-1,867,868,869,-1,869,868,870,-1,869,870,871,-1,871,870,872,-1,871,872,873,-1,873,872,874,-1,873,874,875,-1,875,874,876,-1,875,876,877,-1,877,876,878,-1,877,878,879,-1,879,878,880,-1,879,880,881,-1,881,880,882,-1,881,882,883,-1,883,882,884,-1,883,884,885,-1,885,884,886,-1,885,886,887,-1,887,886,888,-1,887,888,889,-1,889,888,859,-1,889,859,858,-1,890,891,892,-1,890,892,893,-1,893,892,894,-1,893,894,895,-1,895,894,896,-1,895,896,897,-1,897,896,898,-1,897,898,899,-1,899,898,900,-1,899,900,901,-1,901,900,902,-1,901,902,903,-1,903,902,904,-1,903,904,905,-1,905,904,906,-1,905,906,907,-1,907,906,908,-1,907,908,909,-1,909,908,891,-1,909,891,890,-1,910,911,912,-1,910,912,913,-1,913,912,914,-1,913,914,915,-1,915,914,916,-1,915,916,917,-1,917,916,918,-1,917,918,919,-1,919,918,920,-1,919,920,921,-1,921,920,922,-1,921,922,923,-1,923,922,924,-1,923,924,925,-1,925,924,926,-1,925,926,927,-1,927,926,928,-1,927,928,929,-1,929,928,930,-1,929,930,931,-1,931,930,932,-1,931,932,933,-1,933,932,934,-1,933,934,935,-1,935,934,936,-1,935,936,937,-1,937,936,938,-1,937,938,939,-1,939,938,940,-1,939,940,941,-1,941,940,942,-1,941,942,943,-1,943,942,944,-1,943,944,945,-1,945,944,946,-1,945,946,947,-1,947,946,948,-1,947,948,949,-1,949,948,950,-1,949,950,951,-1,951,950,952,-1,951,952,953,-1,953,952,954,-1,953,954,955,-1,955,954,956,-1,955,956,957,-1,957,956,958,-1,957,958,959,-1,959,958,960,-1,959,960,961,-1,961,960,962,-1,961,962,963,-1,963,962,964,-1,963,964,965,-1,965,964,966,-1,965,966,967,-1,967,966,968,-1,967,968,969,-1,969,968,970,-1,969,970,971,-1,971,970,972,-1,971,972,973,-1,973,972,974,-1,973,974,975,-1,975,974,976,-1,975,976,977,-1,977,976,978,-1,977,978,979,-1,979,978,980,-1,979,980,981,-1,981,980,982,-1,981,982,983,-1,983,982,984,-1,983,984,985,-1,985,984,986,-1,985,986,987,-1,987,986,988,-1,987,988,989,-1,989,988,911,-1,989,911,910,-1,990,991,992,-1,990,992,993,-1,993,992,994,-1,993,994,995,-1,995,994,996,-1,995,996,997,-1,997,996,998,-1,997,998,999,-1,999,998,1000,-1,999,1000,1001,-1,1001,1000,1002,-1,1001,1002,1003,-1,1003,1002,1004,-1,1003,1004,1005,-1,1005,1004,1006,-1,1005,1006,1007,-1,1007,1006,1008,-1,1007,1008,1009,-1,1009,1008,1010,-1,1009,1010,1011,-1,1011,1010,1012,-1,1011,1012,1013,-1,1013,1012,1014,-1,1013,1014,1015,-1,1015,1014,1016,-1,1015,1016,1017,-1,1017,1016,1018,-1,1017,1018,1019,-1,1019,1018,1020,-1,1019,1020,1021,-1,1021,1020,1022,-1,1021,1022,1023,-1,1023,1022,1024,-1,1023,1024,1025,-1,1025,1024,1026,-1,1025,1026,1027,-1,1027,1026,1028,-1,1027,1028,1029,-1,1029,1028,991,-1,1029,991,990,-1,1030,1031,1032,-1,1030,1032,1033,-1,1033,1032,1034,-1,1033,1034,1035,-1,1035,1034,1036,-1,1035,1036,1037,-1,1037,1036,1038,-1,1037,1038,1039,-1,1039,1038,1040,-1,1039,1040,1041,-1,1041,1040,1042,-1,1041,1042,1043,-1,1043,1042,1031,-1,1043,1031,1030,-1,1044,1045,1046,-1,1044,1046,1047,-1,1047,1046,1048,-1,1047,1048,1049,-1,1049,1048,1050,-1,1049,1050,1051,-1,1051,1050,1052,-1,1051,1052,1053,-1,1053,1052,1054,-1,1053,1054,1055,-1,1055,1054,1056,-1,1055,1056,1057,-1,1057,1056,1058,-1,1057,1058,1059,-1,1059,1058,1060,-1,1059,1060,1061,-1,1061,1060,1062,-1,1061,1062,1063,-1,1063,1062,1064,-1,1063,1064,1065,-1,1065,1064,1066,-1,1065,1066,1067,-1,1067,1066,1068,-1,1067,1068,1069,-1,1069,1068,1070,-1,1069,1070,1071,-1,1071,1070,1072,-1,1071,1072,1073,-1,1073,1072,1074,-1,1073,1074,1075,-1,1075,1074,1076,-1,1075,1076,1077,-1,1077,1076,1078,-1,1077,1078,1079,-1,1079,1078,1080,-1,1079,1080,1081,-1,1081,1080,1082,-1,1081,1082,1083,-1,1083,1082,1084,-1,1083,1084,1085,-1,1085,1084,1086,-1,1085,1086,1087,-1,1087,1086,1088,-1,1087,1088,1089,-1,1089,1088,1090,-1,1089,1090,1091,-1,1091,1090,1092,-1,1091,1092,1093,-1,1093,1092,1094,-1,1093,1094,1095,-1,1095,1094,1096,-1,1095,1096,1097,-1,1097,1096,1098,-1,1097,1098,1099,-1,1099,1098,1100,-1,1099,1100,1101,-1,1101,1100,1102,-1,1101,1102,1103,-1,1103,1102,1104,-1,1103,1104,1105,-1,1105,1104,1106,-1,1105,1106,1107,-1,1107,1106,1108,-1,1107,1108,1109,-1,1109,1108,1110,-1,1109,1110,1111,-1,1111,1110,1112,-1,1111,1112,1113,-1,1113,1112,1114,-1,1113,1114,1115,-1,1115,1114,1116,-1,1115,1116,1117,-1,1117,1116,1118,-1,1117,1118,1119,-1,1119,1118,1120,-1,1119,1120,1121,-1,1121,1120,1122,-1,1121,1122,1123,-1,1123,1122,1045,-1,1123,1045,1044,-1,1124,1125,1126,-1,1124,1126,1127,-1,1127,1126,1128,-1,1127,1128,1129,-1,1129,1128,1130,-1,1129,1130,1131,-1,1131,1130,1132,-1,1131,1132,1133,-1,1133,1132,1134,-1,1133,1134,1135,-1,1135,1134,1136,-1,1135,1136,1137,-1,1137,1136,1138,-1,1137,1138,1139,-1,1139,1138,1140,-1,1139,1140,1141,-1,1141,1140,1142,-1,1141,1142,1143,-1,1143,1142,1144,-1,1143,1144,1145,-1,1145,1144,1146,-1,1145,1146,1147,-1,1147,1146,1148,-1,1147,1148,1149,-1,1149,1148,1150,-1,1149,1150,1151,-1,1151,1150,1152,-1,1151,1152,1153,-1,1153,1152,1154,-1,1153,1154,1155,-1,1155,1154,1156,-1,1155,1156,1157,-1,1157,1156,1158,-1,1157,1158,1159,-1,1159,1158,1160,-1,1159,1160,1161,-1,1161,1160,1162,-1,1161,1162,1163,-1,1163,1162,1164,-1,1163,1164,1165,-1,1165,1164,1166,-1,1165,1166,1167,-1,1167,1166,1168,-1,1167,1168,1169,-1,1169,1168,1170,-1,1169,1170,1171,-1,1171,1170,1172,-1,1171,1172,1173,-1,1173,1172,223,-1,1173,223,222,-1,1174,1175,1125,-1,1174,1125,1124,-1,1176,1177,1175,-1,1176,1175,1174,-1,1178,1179,1177,-1,1178,1177,1176,-1,1180,1181,1179,-1,1180,1179,1178,-1,1182,1183,1181,-1,1182,1181,1180,-1,1184,1185,1183,-1,1184,1183,1182,-1,1186,1187,1185,-1,1186,1185,1184,-1,1188,1189,1187,-1,1188,1187,1186,-1,1190,1191,1189,-1,1190,1189,1188,-1,1192,1193,1191,-1,1192,1191,1190,-1,1194,1195,1193,-1,1194,1193,1192,-1,1196,1197,1195,-1,1196,1195,1194,-1,1198,1199,1197,-1,1198,1197,1196,-1,1200,1201,1199,-1,1200,1199,1198,-1,1202,1203,1201,-1,1202,1201,1200,-1,1204,1205,1203,-1,1204,1203,1202,-1,1206,1207,1205,-1,1206,1205,1204,-1,1208,1209,1207,-1,1208,1207,1206,-1,1210,1211,1209,-1,1210,1209,1208,-1,1212,1213,1211,-1,1212,1211,1210,-1,1214,1215,1213,-1,1214,1213,1212,-1,1216,1217,1215,-1,1216,1215,1214,-1,1218,1219,1217,-1,1218,1217,1216,-1,1220,1221,1219,-1,1220,1219,1218,-1,1222,1223,1221,-1,1222,1221,1220,-1,1224,1225,1223,-1,1224,1223,1222,-1,1226,1227,1225,-1,1226,1225,1224,-1,1228,1229,1227,-1,1228,1227,1226,-1,1230,1231,1229,-1,1230,1229,1228,-1,1232,1233,1231,-1,1232,1231,1230,-1,225,224,1233,-1,225,1233,1232,-1,1234,1235,1236,-1,1234,1236,1237,-1,1237,1236,1238,-1,1237,1238,1239,-1,1239,1238,1240,-1,1239,1240,1241,-1,1241,1240,1242,-1,1241,1242,1243,-1,1243,1242,1244,-1,1243,1244,1245,-1,1245,1244,1246,-1,1245,1246,1247,-1,1247,1246,1235,-1,1247,1235,1234,-1,1248,1249,1250,-1,1248,1250,1251,-1,1251,1250,1252,-1,1251,1252,1253,-1,1253,1252,1254,-1,1253,1254,1255,-1,1255,1254,1256,-1,1255,1256,1257,-1,1257,1256,1258,-1,1257,1258,1259,-1,1259,1258,1260,-1,1259,1260,1261,-1,1261,1260,1262,-1,1261,1262,1263,-1,1263,1262,1264,-1,1263,1264,1265,-1,1265,1264,1266,-1,1265,1266,1267,-1,1267,1266,1268,-1,1267,1268,1269,-1,1269,1268,1270,-1,1269,1270,1271,-1,1271,1270,1272,-1,1271,1272,1273,-1,1273,1272,1274,-1,1273,1274,1275,-1,1275,1274,1276,-1,1275,1276,1277,-1,1277,1276,1278,-1,1277,1278,1279,-1,1279,1278,1280,-1,1279,1280,1281,-1,1281,1280,1282,-1,1281,1282,1283,-1,1283,1282,1284,-1,1283,1284,1285,-1,1285,1284,1286,-1,1285,1286,1287,-1,1287,1286,1288,-1,1287,1288,1289,-1,1289,1288,1290,-1,1289,1290,1291,-1,1291,1290,1292,-1,1291,1292,1293,-1,1293,1292,1294,-1,1293,1294,1295,-1,1295,1294,1296,-1,1295,1296,1297,-1,1297,1296,1298,-1,1297,1298,1299,-1,1299,1298,1249,-1,1299,1249,1248,-1,1300,1301,1302,-1,1300,1302,1303,-1,1303,1302,1304,-1,1303,1304,1305,-1,1305,1304,1306,-1,1305,1306,1307,-1,1307,1306,1308,-1,1307,1308,1309,-1,1309,1308,1310,-1,1309,1310,1311,-1,1311,1310,1312,-1,1311,1312,1313,-1,1313,1312,1314,-1,1313,1314,1315,-1,1315,1314,1316,-1,1315,1316,1317,-1,1317,1316,1318,-1,1317,1318,1319,-1,1319,1318,1320,-1,1319,1320,1321,-1,1321,1320,1322,-1,1321,1322,1323,-1,1323,1322,1324,-1,1323,1324,1325,-1,1325,1324,1326,-1,1325,1326,1327,-1,1327,1326,1328,-1,1327,1328,1329,-1,1329,1328,1330,-1,1329,1330,1331,-1,1331,1330,1332,-1,1331,1332,1333,-1,1333,1332,1334,-1,1333,1334,1335,-1,1335,1334,1301,-1,1335,1301,1300,-1,1336,1337,1338,-1,1336,1338,1339,-1,1339,1338,1340,-1,1339,1340,1341,-1,1341,1340,1342,-1,1341,1342,1343,-1,1343,1342,1344,-1,1343,1344,1345,-1,1345,1344,1346,-1,1345,1346,1347,-1,1347,1346,1348,-1,1347,1348,1349,-1,1349,1348,1350,-1,1349,1350,1351,-1,1351,1350,1337,-1,1351,1337,1336,-1,1352,1353,1354,-1,1352,1354,1355,-1,1355,1354,1356,-1,1355,1356,1357,-1,1357,1356,1353,-1,1357,1353,1352,-1,1358,1359,1360,-1,1358,1360,1361,-1,1361,1360,1362,-1,1361,1362,1363,-1,1363,1362,1364,-1,1363,1364,1365,-1,1365,1364,1366,-1,1365,1366,1367,-1,1367,1366,1368,-1,1367,1368,1369,-1,1369,1368,1370,-1,1369,1370,1371,-1,1371,1370,1372,-1,1371,1372,1373,-1,1373,1372,1374,-1,1373,1374,1375,-1,1375,1374,1376,-1,1375,1376,1377,-1,1377,1376,1378,-1,1377,1378,1379,-1,1379,1378,1380,-1,1379,1380,1381,-1,1381,1380,1382,-1,1381,1382,1383,-1,1383,1382,1384,-1,1383,1384,1385,-1,1385,1384,1386,-1,1385,1386,1387,-1,1387,1386,1388,-1,1387,1388,1389,-1,1389,1388,1390,-1,1389,1390,1391,-1,1391,1390,1392,-1,1391,1392,1393,-1,1393,1392,1394,-1,1393,1394,1395,-1,1395,1394,1396,-1,1395,1396,1397,-1,1397,1396,1398,-1,1397,1398,1399,-1,1399,1398,1400,-1,1399,1400,1401,-1,1401,1400,1402,-1,1401,1402,1403,-1,1403,1402,1404,-1,1403,1404,1405,-1,1405,1404,1406,-1,1405,1406,1407,-1,1407,1406,1408,-1,1407,1408,1409,-1,1409,1408,1410,-1,1409,1410,1411,-1,1411,1410,1412,-1,1411,1412,1413,-1,1413,1412,1359,-1,1413,1359,1358,-1,1414,1415,1416,-1,1414,1416,1417,-1,1417,1416,1418,-1,1417,1418,1419,-1,1419,1418,1420,-1,1419,1420,1421,-1,1421,1420,1422,-1,1421,1422,1423,-1,1423,1422,1424,-1,1423,1424,1425,-1,1425,1424,1426,-1,1425,1426,1427,-1,1427,1426,1415,-1,1427,1415,1414,-1,1428,1429,1430,-1,1428,1430,1431,-1,1431,1430,1432,-1,1431,1432,1433,-1,1433,1432,1434,-1,1433,1434,1435,-1,1435,1434,1436,-1,1435,1436,1437,-1,1437,1436,1438,-1,1437,1438,1439,-1,1439,1438,1440,-1,1439,1440,1441,-1,1441,1440,1429,-1,1441,1429,1428,-1,1442,1443,1444,-1,1442,1444,1445,-1,1445,1444,1446,-1,1445,1446,1447,-1,1447,1446,1448,-1,1447,1448,1449,-1,1449,1448,1450,-1,1449,1450,1451,-1,1451,1450,1452,-1,1451,1452,1453,-1,1453,1452,1454,-1,1453,1454,1455,-1,1455,1454,1456,-1,1455,1456,1457,-1,1457,1456,1458,-1,1457,1458,1459,-1,1459,1458,1460,-1,1459,1460,1461,-1,1461,1460,1462,-1,1461,1462,1463,-1,1463,1462,1464,-1,1463,1464,1465,-1,1465,1464,1466,-1,1465,1466,1467,-1,1467,1466,1468,-1,1467,1468,1469,-1,1469,1468,1470,-1,1469,1470,1471,-1,1471,1470,1472,-1,1471,1472,1473,-1,1473,1472,1474,-1,1473,1474,1475,-1,1475,1474,1476,-1,1475,1476,1477,-1,1477,1476,1478,-1,1477,1478,1479,-1,1479,1478,1480,-1,1479,1480,1481,-1,1481,1480,1482,-1,1481,1482,1483,-1,1483,1482,1484,-1,1483,1484,1485,-1,1485,1484,1486,-1,1485,1486,1487,-1,1487,1486,1488,-1,1487,1488,1489,-1,1489,1488,1490,-1,1489,1490,1491,-1,1491,1490,1492,-1,1491,1492,1493,-1,1493,1492,1494,-1,1493,1494,1495,-1,1495,1494,1496,-1,1495,1496,1497,-1,1497,1496,1498,-1,1497,1498,1499,-1,1499,1498,1500,-1,1499,1500,1501,-1,1501,1500,1502,-1,1501,1502,1503,-1,1503,1502,1504,-1,1503,1504,1505,-1,1505,1504,1506,-1,1505,1506,1507,-1,1507,1506,1508,-1,1507,1508,1509,-1,1509,1508,1510,-1,1509,1510,1511,-1,1511,1510,1512,-1,1511,1512,1513,-1,1513,1512,1514,-1,1513,1514,1515,-1,1515,1514,1516,-1,1515,1516,1517,-1,1517,1516,1518,-1,1517,1518,1519,-1,1519,1518,1520,-1,1519,1520,1521,-1,1521,1520,1443,-1,1521,1443,1442,-1,1522,1523,1524,-1,1522,1524,1525,-1,1525,1524,1526,-1,1525,1526,1527,-1,1527,1526,1528,-1,1527,1528,1529,-1,1529,1528,1530,-1,1529,1530,1531,-1,1531,1530,1532,-1,1531,1532,1533,-1,1533,1532,1534,-1,1533,1534,1535,-1,1535,1534,1536,-1,1535,1536,1537,-1,1537,1536,1538,-1,1537,1538,1539,-1,1539,1538,1540,-1,1539,1540,1541,-1,1541,1540,1542,-1,1541,1542,1543,-1,1543,1542,1544,-1,1543,1544,1545,-1,1545,1544,1546,-1,1545,1546,1547,-1,1547,1546,1548,-1,1547,1548,1549,-1,1549,1548,1550,-1,1549,1550,1551,-1,1551,1550,1552,-1,1551,1552,1553,-1,1553,1552,1554,-1,1553,1554,1555,-1,1555,1554,1556,-1,1555,1556,1557,-1,1557,1556,1558,-1,1557,1558,1559,-1,1559,1558,1560,-1,1559,1560,1561,-1,1561,1560,1523,-1,1561,1523,1522,-1,1562,1563,1564,-1,1563,1565,1564,-1,1566,1562,1564,-1,1562,1566,1567,-1,1567,1566,1568,-1,1567,1568,1569,-1,1570,1569,1571,-1,1569,1568,1571,-1,1572,1570,1571,-1,1570,1572,1573,-1,1574,1573,1575,-1,1573,1572,1575,-1,1576,1574,1575,-1,1574,1576,1577,-1,1578,1579,1580,-1,1577,1579,1578,-1,1577,1576,1579,-1,1578,1580,1581,-1,1580,1582,1581,-1,1581,1582,1583,-1,1584,1585,1586,-1,1587,1588,1584,-1,1584,1586,1587,-1,1583,1588,1587,-1,1583,1582,1588,-1,1586,1585,1589,-1,1589,1590,1591,-1,1590,1589,1585,-1,1590,1592,1591,-1,1591,1592,1593,-1,1594,1595,1596,-1,1597,1598,1596,-1,1594,1596,1598,-1,1597,1593,1599,-1,1599,1598,1597,-1,1593,1592,1599,-1,1600,1595,1594,-1,1600,1601,1602,-1,1602,1595,1600,-1,1603,1601,1604,-1,1601,1603,1602,-1,1603,1604,1605,-1,1606,1607,1608,-1,1605,1607,1606,-1,1605,1604,1607,-1,1606,1608,1609,-1,1608,1610,1609,-1,1609,1610,1611,-1,1612,1613,1614,-1,1611,1613,1612,-1,1611,1610,1613,-1,1612,1614,1615,-1,1614,1616,1615,-1,1615,1616,1617,-1,1618,1617,1619,-1,1617,1616,1619,-1,1620,1618,1619,-1,1618,1620,1621,-1,1621,1620,1622,-1,1621,1622,1623,-1,1624,1625,1622,-1,1625,1623,1622,-1,1624,1626,1625,-1,1626,1624,1627,-1,1628,1626,1629,-1,1626,1627,1629,-1,1630,1628,1629,-1,1628,1630,1631,-1,1632,1633,1630,-1,1633,1631,1630,-1,1632,1634,1633,-1,1634,1632,1635,-1,1636,1637,1638,-1,1637,1639,1635,-1,1639,1637,1636,-1,1639,1634,1635,-1,1638,1640,1636,-1,1638,1641,1640,-1,1640,1641,1642,-1,1643,1644,1645,-1,1646,1647,1644,-1,1646,1644,1643,-1,1647,1641,1644,-1,1647,1642,1641,-1,1648,1643,1645,-1,1645,1649,1648,-1,1648,1649,1650,-1,1651,1650,1652,-1,1650,1649,1652,-1,1653,1651,1652,-1,1651,1653,1654,-1,1655,1656,1653,-1,1656,1654,1653,-1,1655,1563,1656,-1,1563,1655,1565,-1,1657,1658,1659,-1,1660,1661,1662,-1,1662,1663,1664,-1,1663,1659,1664,-1,1660,1662,1664,-1,1657,1659,1663,-1,1661,1660,1665,-1,1661,1665,1666,-1,1666,1665,1667,-1,1668,1669,1670,-1,1670,1671,1672,-1,1671,1667,1672,-1,1668,1670,1672,-1,1666,1667,1671,-1,1673,1674,1668,-1,1674,1669,1668,-1,1673,1675,1674,-1,1675,1673,1676,-1,1677,1678,1676,-1,1678,1675,1676,-1,1677,1679,1678,-1,1679,1677,1680,-1,1681,1679,1682,-1,1679,1680,1682,-1,1683,1681,1682,-1,1681,1683,1684,-1,1685,1686,1683,-1,1686,1684,1683,-1,1685,1687,1686,-1,1687,1685,1688,-1,1689,1690,1688,-1,1690,1687,1688,-1,1689,1691,1690,-1,1691,1689,1692,-1,1693,1691,1694,-1,1691,1692,1694,-1,1695,1693,1694,-1,1693,1695,1696,-1,1696,1695,1697,-1,1698,1699,1700,-1,1700,1701,1702,-1,1701,1697,1702,-1,1698,1700,1702,-1,1696,1697,1701,-1,1699,1698,1703,-1,1699,1703,1704,-1,1704,1703,1705,-1,1706,1707,1708,-1,1708,1709,1710,-1,1709,1705,1710,-1,1706,1708,1710,-1,1704,1705,1709,-1,1711,1707,1712,-1,1707,1706,1712,-1,1713,1711,1712,-1,1711,1713,1714,-1,1715,1714,1716,-1,1714,1713,1716,-1,1717,1715,1716,-1,1715,1717,1718,-1,1719,1718,1720,-1,1718,1717,1720,-1,1721,1719,1720,-1,1719,1721,1722,-1,1723,1722,1724,-1,1722,1721,1724,-1,1725,1723,1724,-1,1723,1725,1726,-1,1727,1728,1729,-1,1726,1728,1727,-1,1726,1725,1728,-1,1727,1729,1730,-1,1729,1731,1730,-1,1730,1731,1732,-1,1733,1732,1734,-1,1732,1731,1734,-1,1735,1733,1734,-1,1733,1735,1736,-1,1737,1736,1738,-1,1736,1735,1738,-1,1739,1737,1738,-1,1737,1739,1740,-1,1741,1740,1742,-1,1740,1739,1742,-1,1658,1741,1742,-1,1741,1658,1657,-1,1743,1744,1745,-1,1744,1746,1745,-1,1747,1743,1745,-1,1743,1747,1748,-1,1748,1747,1749,-1,1748,1749,1750,-1,1751,1752,1749,-1,1752,1750,1749,-1,1751,1753,1752,-1,1753,1751,1754,-1,1755,1753,1756,-1,1753,1754,1756,-1,1757,1755,1756,-1,1755,1757,1758,-1,1759,1760,1757,-1,1760,1758,1757,-1,1759,1761,1760,-1,1761,1759,1762,-1,1763,1764,1762,-1,1764,1761,1762,-1,1763,1765,1764,-1,1765,1763,1766,-1,1767,1768,1766,-1,1768,1765,1766,-1,1767,1769,1768,-1,1769,1767,1770,-1,1771,1769,1772,-1,1769,1770,1772,-1,1773,1771,1772,-1,1771,1773,1774,-1,1775,1774,1776,-1,1774,1773,1776,-1,1777,1775,1776,-1,1775,1777,1778,-1,1779,1780,1781,-1,1778,1780,1779,-1,1778,1777,1780,-1,1779,1781,1782,-1,1781,1783,1782,-1,1782,1783,1784,-1,1785,1784,1786,-1,1784,1783,1786,-1,1787,1785,1786,-1,1785,1787,1788,-1,1789,1788,1790,-1,1788,1787,1790,-1,1791,1789,1790,-1,1789,1791,1792,-1,1793,1792,1794,-1,1792,1791,1794,-1,1795,1793,1794,-1,1793,1795,1796,-1,1797,1798,1799,-1,1796,1798,1797,-1,1796,1795,1798,-1,1797,1799,1800,-1,1799,1801,1800,-1,1800,1801,1802,-1,1803,1804,1805,-1,1806,1807,1803,-1,1803,1805,1806,-1,1802,1807,1806,-1,1802,1801,1807,-1,1805,1804,1808,-1,1808,1809,1810,-1,1809,1808,1804,-1,1809,1811,1810,-1,1810,1811,1812,-1,1813,1812,1814,-1,1812,1811,1814,-1,1815,1813,1814,-1,1813,1815,1816,-1,1816,1815,1817,-1,1816,1817,1818,-1,1819,1820,1817,-1,1820,1818,1817,-1,1819,1821,1820,-1,1821,1819,1822,-1,1823,1821,1824,-1,1821,1822,1824,-1,1825,1823,1824,-1,1823,1825,1826,-1,1827,1828,1825,-1,1828,1826,1825,-1,1827,1829,1828,-1,1829,1827,1830,-1,1831,1829,1832,-1,1829,1830,1832,-1,1833,1831,1832,-1,1831,1833,1834,-1,1835,1834,1836,-1,1834,1833,1836,-1,1837,1835,1836,-1,1835,1837,1838,-1,1839,1838,1840,-1,1838,1837,1840,-1,1841,1839,1840,-1,1839,1841,1842,-1,1843,1842,1844,-1,1842,1841,1844,-1,1845,1843,1844,-1,1843,1845,1846,-1,1847,1846,1848,-1,1846,1845,1848,-1,1849,1847,1848,-1,1847,1849,1850,-1,1851,1850,1852,-1,1850,1849,1852,-1,1853,1851,1852,-1,1851,1853,1854,-1,1855,1854,1856,-1,1854,1853,1856,-1,1857,1855,1856,-1,1855,1857,1858,-1,1859,1858,1860,-1,1858,1857,1860,-1,1861,1859,1860,-1,1859,1861,1862,-1,1863,1864,1865,-1,1862,1864,1863,-1,1862,1861,1864,-1,1863,1865,1866,-1,1865,1867,1866,-1,1866,1867,1868,-1,1869,1870,1871,-1,1872,1873,1869,-1,1869,1871,1872,-1,1868,1873,1872,-1,1868,1867,1873,-1,1871,1870,1874,-1,1874,1875,1876,-1,1875,1874,1870,-1,1875,1746,1876,-1,1876,1746,1744,-1,
        ]
    }
}
Shape{
    appearance Appearance {
        material  Material 	{
            diffuseColor 0.9254901960784314 0.9254901960784314 0.9254901960784314
            specularColor 0.7529411764705882 0.7529411764705882 0.7529411764705882
            ambientIntensity 1.0
            transparency 1.0
            shininess 0.5
        }
    }
    geometry IndexedFaceSet {
        ccw TRUE
        solid FALSE
        coord DEF co Coordinate {
            point [
                0.8009 -0.7326 0.0945, 0.5548 -0.7829 0.0945, 0.5548 -0.7326 0.0945, 0.8501 -0.3892 0.0945, 0.8501 -0.7829 0.0945, 0.8009 -0.3892 0.0945, 0.4154 -0.4646 0.0945, 0.4646 -0.4478 0.0945, 0.4318 -0.4897 0.0945, 0.1693 -0.4897 0.0945, 0.1775 -0.4478 0.0945, 0.2185 -0.4897 0.0945, 0.399 -0.7745 0.0945, 0.358 -0.7326 0.0945, 0.3908 -0.7243 0.0945, 0.2841 -0.7326 0.0945, 0.2431 -0.7745 0.0945, 0.2513 -0.7243 0.0945, 0.2103 -0.7578 0.0945, 0.2267 -0.7075 0.0945, 0.2841 -0.7829 0.0945, 0.358 -0.7829 0.0945, 0.4154 -0.7075 0.0945, 0.4318 -0.7578 0.0945, 0.4318 -0.6824 0.0945, 0.4646 -0.7243 0.0945, 0.481 -0.6908 0.0945, 0.44 -0.6489 0.0945, 0.481 -0.4813 0.0945, 0.44 -0.5232 0.0945, 0.4892 -0.5232 0.0945, 0.4892 -0.6489 0.0945, 0.3908 -0.4478 0.0945, 0.4318 -0.4143 0.0945, 0.399 -0.3976 0.0945, 0.358 -0.4395 0.0945, 0.2841 -0.3892 0.0945, 0.358 -0.3892 0.0945, 0.2841 -0.4395 0.0945, 0.2513 -0.4478 0.0945, 0.2431 -0.3976 0.0945, 0.2267 -0.4646 0.0945, 0.2103 -0.4143 0.0945, 0.1775 -0.7243 0.0945, 0.2185 -0.6824 0.0945, 0.1693 -0.6824 0.0945, 0.1037 -0.7829 0.0945, 0.0545 -0.5986 0.0945, 0.1037 -0.3892 0.0945, 0.0545 -0.5484 0.0945, -0.1916 -0.7829 0.0945, 0.0545 -0.7326 0.0945, -0.1588 -0.5986 0.0945, -0.1588 -0.5484 0.0945, 0.0545 -0.4395 0.0945, -0.1916 -0.4395 0.0945, -0.1916 -0.3892 0.0945, -0.1916 -0.7326 0.0945, -0.5771 -0.6908 0.0945, -0.5361 -0.6489 0.0945, -0.5279 -0.6824 0.0945, -0.5853 -0.6489 0.0945, -0.5361 -0.5232 0.0945, -0.5853 -0.5232 0.0945, -0.5607 -0.4478 0.0945, -0.5115 -0.4646 0.0945, -0.5279 -0.4897 0.0945, -0.4869 -0.4478 0.0945, -0.5279 -0.4143 0.0945, -0.4951 -0.3976 0.0945, -0.4541 -0.4395 0.0945, -0.4541 -0.3892 0.0945, -0.5771 -0.4813 0.0945, -0.3064 -0.4395 0.0945, -0.2572 -0.3892 0.0945, -0.3064 -0.7326 0.0945, -0.2572 -0.7829 0.0945, -0.4541 -0.7326 0.0945, -0.4951 -0.7745 0.0945, -0.4869 -0.7243 0.0945, -0.5115 -0.7075 0.0945, -0.5279 -0.7578 0.0945, -0.5607 -0.7243 0.0945, -0.4541 -0.7829 0.0945, -0.979 -0.7829 0.0945, -0.8478 -0.3892 0.0945, -0.8888 -0.6489 0.0945, -0.7329 -0.6824 0.0945, -0.6509 -0.7829 0.0945, -0.7001 -0.7829 0.0945, -0.7411 -0.6489 0.0945, -0.9298 -0.7829 0.0945, -0.897 -0.6824 0.0945, -0.7821 -0.3892 0.0945, -0.8149 -0.4227 0.0945, -1.9115 3.5847 1.8662, -1.9492 3.5847 1.8263, -1.9104 3.5847 1.8925, 1.0026 3.5847 1.7933, 1.2759 3.5847 1.7786, 0.9307 3.5847 1.7786, -1.975 3.5847 1.7691, -3.0709 3.5847 0.1024, -2.0063 3.5847 1.7711, -2.1859 3.5847 1.7963, -2.0725 3.5847 1.8043, -2.0564 3.5847 1.7898, -2.286 3.5847 1.9055, -2.2522 3.5847 1.8262, -2.2783 3.5847 1.8226, -2.5942 3.5847 3.2875, -2.4038 3.5847 1.8662, -3.0906 3.5847 0.1024, -1.973 3.5847 1.8234, -1.5991 3.5847 1.7914, -1.9065 3.5847 1.7795, -1.6324 3.5847 1.7979, -2.2968 3.5847 2.0394, -2.2734 3.5847 2.0421, -2.2877 3.5847 1.9707, -2.0336 3.5847 1.9732, -1.9097 3.5847 1.9188, -2.0326 3.5847 1.9152, -2.2179 3.5847 1.8559, -2.2321 3.5847 1.8371, -2.2598 3.5847 1.912, -2.3107 3.5847 1.8985, -2.3052 3.5847 1.8258, -2.3245 3.5847 1.8355, -2.3385 3.5847 1.8762, -2.3335 3.5847 1.8849, -2.3402 3.5847 1.866, -2.4 3.5847 1.8399, -2.3246 3.5847 1.8922, -2.3362 3.5847 1.8496, -2.3304 3.5847 2.0867, -2.5056 3.5847 3.2875, -3.0906 3.5847 6.5945, -2.3563 3.5847 1.9482, -2.3761 3.5847 1.9344, -2.3948 3.5847 1.9994, -2.0968 3.5847 2.0894, -2.2522 3.5847 2.0937, -2.0922 3.5847 3.2875, -2.2096 3.5847 1.8829, -2.3237 3.5847 1.961, -2.3312 3.5847 1.9966, -2.2342 3.5847 1.9197, -2.2107 3.5847 1.9292, -2.3136 3.5847 2.0314, -2.0332 3.5847 2.0313, -1.9092 3.5847 1.9757, -2.188 3.5847 1.9434, -2.1663 3.5847 1.9723, -2.0967 3.5847 1.924, -2.1477 3.5847 1.8769, -2.23 3.5847 2.0308, -2.2224 3.5847 2.0222, -2.2199 3.5847 2.0112, -2.2292 3.5847 1.9919, -2.2222 3.5847 2.0007, -2.2578 3.5847 1.9803, -2.2486 3.5847 2.0393, -1.9092 3.5847 2.0894, -1.9092 3.5847 2.0325, -2.1591 3.5847 2.0069, -2.1625 3.5847 2.0301, -2.0968 3.5847 2.0343, -1.8449 3.5847 1.9774, -1.8456 3.5847 2.0334, -1.6831 3.5847 1.9107, -2.2119 3.5847 2.0838, -2.1892 3.5847 2.0703, -1.9967 3.5847 1.8262, -2.0303 3.5847 1.8617, -2.0316 3.5847 1.8884, -2.2933 3.5847 2.094, -2.274 3.5847 2.0948, -2.3122 3.5847 2.0914, -2.3631 3.5847 2.0687, -2.3476 3.5847 2.0794, -2.3861 3.5847 2.0383, -2.3247 3.5847 2.0174, -2.3911 3.5847 1.9162, -2.4006 3.5847 1.8935, -2.3887 3.5847 1.8155, -2.3705 3.5847 1.7948, -2.3462 3.5847 1.7804, -2.3017 3.5847 1.7699, -2.3244 3.5847 1.7735, -2.2577 3.5847 1.7697, -2.2777 3.5847 1.7688, -2.2019 3.5847 1.7852, -2.0355 3.5847 1.7786, -2.2383 3.5847 1.7724, -2.0138 3.5847 1.8344, -2.0248 3.5847 1.8467, -2.1603 3.5847 1.8303, -1.8518 3.5847 1.8415, -1.6882 3.5847 1.8771, -1.6804 3.5847 1.8441, -1.4468 3.5847 2.5714, -1.8456 3.5847 2.0894, -0.9673 3.5847 1.866, -0.9398 3.5847 1.9168, -0.744 3.5847 1.7914, -0.1836 3.5847 1.9507, -0.3287 3.5847 2.0044, -0.1846 3.5847 1.973, -1.8584 3.5847 1.8236, -1.6609 3.5847 1.8163, -1.8697 3.5847 1.8064, -1.9183 3.5847 1.8487, -1.9309 3.5847 1.835, -2.2196 3.5847 1.7774, -2.0916 3.5847 1.8438, -2.0842 3.5847 1.8222, -2.0948 3.5847 1.8839, -2.0968 3.5847 1.9791, -2.1726 3.5847 2.0518, -2.0332 3.5847 2.0894, -2.2317 3.5847 2.0902, -1.9515 3.5847 1.7699, -1.9287 3.5847 1.7731, -1.8856 3.5847 1.7913, -1.0607 3.5847 1.8002, -1.0089 3.5847 1.8259, -0.3452 3.5847 1.8108, -0.3078 3.5847 1.7921, -0.5312 3.5847 1.7914, -1.848 3.5847 1.8814, -0.1584 3.5847 1.8286, -0.1429 3.5847 1.8486, 0.715 3.5847 1.8374, -0.2616 3.5847 1.7859, 3.0709 3.5847 0.0984, -3.0709 3.5847 0.0984, -1.8457 3.5847 1.9214, -0.119 3.5847 1.9685, -0.1218 3.5847 1.9902, 0.6431 3.5847 2.043, 0.6431 3.5847 1.9696, -0.1181 3.5847 1.946, -0.1877 3.5847 1.994, -0.1941 3.5847 2.014, -0.2222 3.5847 1.7906, -0.261 3.5847 1.8403, -0.1897 3.5847 1.8971, -0.1956 3.5847 1.8807, -0.1236 3.5847 1.8953, 0.6718 3.5847 1.8961, -0.1313 3.5847 1.8709, -0.1194 3.5847 1.9198, -0.1842 3.5847 1.9322, -0.1861 3.5847 1.9143, -0.3308 3.5847 1.9071, -0.3925 3.5847 1.8875, -0.3916 3.5847 2.0195, -0.2305 3.5847 2.051, -0.1269 3.5847 2.0112, -0.1346 3.5847 2.0319, -0.2053 3.5847 2.0321, -0.2856 3.5847 2.0537, -0.2623 3.5847 2.0573, -0.1452 3.5847 2.0508, -0.1587 3.5847 2.068, 0.6718 3.5847 2.3074, -0.3199 3.5847 2.0263, -0.4977 3.5847 3.3327, -0.2172 3.5847 3.3478, -0.1434 3.5847 3.3026, -0.1886 3.5847 2.0922, 0.6862 3.5847 2.3515, -0.3052 3.5847 2.0431, -0.4534 3.5847 3.3629, -1.1473 3.5847 3.2875, -0.8521 3.5847 3.3327, -0.793 3.5847 3.3026, -0.8964 3.5847 3.3629, -0.9792 3.5847 2.5714, 0.8588 3.5847 2.3955, 0.8588 3.5847 2.2193, 0.8157 3.5847 2.3809, -2.0036 3.5847 3.2875, -1.8265 3.5847 3.393, -1.7822 3.5847 3.3478, -2.1513 3.5847 3.4684, -1.1814 3.5847 2.5714, -1.1787 3.5847 2.0137, -1.3808 3.5847 2.0137, -1.7084 3.5847 3.3026, -1.6198 3.5847 3.2875, -0.3202 3.5847 1.8771, -0.2297 3.5847 1.8466, -0.205 3.5847 1.8655, -0.2845 3.5847 1.8443, -0.3045 3.5847 1.8564, 0.8588 3.5847 1.7786, 0.7869 3.5847 1.7933, -0.1878 3.5847 1.8049, 1.0745 3.5847 1.8374, 1.1177 3.5847 1.8961, 1.2759 3.5847 2.469, 1.1608 3.5847 2.0724, 1.3622 3.5847 1.7786, 0.715 3.5847 2.1605, 0.6718 3.5847 2.1165, 1.1608 3.5847 2.1752, 1.1465 3.5847 2.278, 0.9307 3.5847 2.2193, 1.1177 3.5847 2.3515, 1.0314 3.5847 2.3515, 0.9882 3.5847 2.3809, 1.0745 3.5847 2.4102, 0.9451 3.5847 2.3955, 0.8162 3.5847 3.3026, 0.8901 3.5847 3.2875, 0.8732 3.5847 2.469, 1.0026 3.5847 2.4543, -0.483 3.5847 3.4533, -0.291 3.5847 3.5438, -0.4092 3.5847 3.4533, 1.0026 3.5847 2.2046, -0.0696 3.5847 3.2875, -0.4041 3.5847 2.5444, -0.4269 3.5847 2.5643, 1.0602 3.5847 2.3074, -1.354 3.5847 3.574, -1.354 3.5847 3.7097, -1.2359 3.5847 3.9962, 1.0745 3.5847 2.2634, -0.734 3.5847 3.2875, -0.4562 3.5847 2.5714, 0.7437 3.5847 2.3074, 0.7869 3.5847 2.2046, 1.0889 3.5847 2.1752, 1.0889 3.5847 2.1458, 0.7725 3.5847 2.3515, 1.4485 3.5847 2.2487, 1.5635 3.5847 1.7786, 1.1465 3.5847 1.9696, 1.5635 3.5847 2.469, 1.3622 3.5847 2.3515, 1.4485 3.5847 2.3662, -0.1434 3.5847 3.7248, -0.2615 3.5847 3.9208, -0.0696 3.5847 3.7398, 1.3622 3.5847 2.469, -0.393 3.5847 2.5163, 1.6498 3.5847 1.7786, 1.6498 3.5847 2.3515, 1.7361 3.5847 2.2487, 3.0709 3.5847 0.1024, 1.8512 3.5847 1.7786, 1.8656 3.5847 2.2193, 1.8512 3.5847 2.278, 1.8512 3.5847 2.3074, 1.7361 3.5847 2.3662, 1.8656 3.5847 2.3662, 3.0906 3.5847 0.1024, 2.369 3.5847 1.7786, 1.8512 3.5847 1.8521, 2.369 3.5847 1.8521, 2.2827 3.5847 2.3074, 2.3546 3.5847 2.3074, 1.3034 3.5847 3.2875, 1.1558 3.5847 3.4533, 1.4363 3.5847 3.6343, 1.9375 3.5847 2.278, 1.9375 3.5847 2.3074, 1.9662 3.5847 2.3515, 1.9662 3.5847 2.2193, 0.2405 3.5847 3.6041, 0.2405 3.5847 3.9962, 0.3586 3.5847 3.9962, 1.9231 3.5847 2.4249, 1.6498 3.5847 2.469, 2.0094 3.5847 2.3809, 2.0813 3.5847 2.3955, 2.1388 3.5847 2.3955, 2.2539 3.5847 2.3515, 2.2107 3.5847 2.3809, 2.2827 3.5847 2.4249, 2.5731 3.5847 3.2875, 2.3402 3.5847 2.3662, 2.4845 3.5847 3.2875, 2.0712 3.5847 3.2875, 2.2251 3.5847 2.4543, 2.1245 3.5847 2.469, 1.9826 3.5847 3.2875, 1.9806 3.5847 2.4543, 1.8645 3.5847 3.2875, 1.7759 3.5847 3.2875, 0.9639 3.5847 3.5438, 1.0525 3.5847 3.4081, 1.0082 3.5847 3.378, 1.8943 3.5847 2.1752, 2.2539 3.5847 1.8521, -1.8855 3.5847 3.574, -2.2399 3.5847 3.9962, -1.8855 3.5847 3.7097, -1.2359 3.5847 3.2875, -1.7838 3.5847 5.0914, -1.752 3.5847 5.1253, -1.7239 3.5847 5.0512, -2.358 3.5847 3.9962, -2.4466 3.5847 3.4684, -1.7929 3.5847 4.6628, -1.8345 3.5847 4.7708, -1.6301 3.5847 4.7892, -2.0484 3.5847 4.9346, -2.0673 3.5847 4.9916, -1.3688 3.5847 3.7851, -1.1473 3.5847 3.8755, -1.0588 3.5847 3.77, -1.3836 3.5847 3.8303, -1.4131 3.5847 3.8906, -1.4574 3.5847 3.9358, -1.5312 3.5847 3.9811, -1.6198 3.5847 3.9962, -1.5402 3.5847 4.5549, -1.9054 3.5847 4.5549, -1.7084 3.5847 3.9811, -1.7822 3.5847 3.9358, -1.9468 3.5847 4.6625, -1.8265 3.5847 3.8906, -1.8708 3.5847 3.7851, -1.856 3.5847 3.8303, -1.8708 3.5847 3.4986, -1.856 3.5847 3.4533, -1.4574 3.5847 3.3478, -1.5312 3.5847 3.3026, -1.4131 3.5847 3.393, -1.3836 3.5847 3.4533, -0.9259 3.5847 3.4081, -0.3016 3.5847 2.1078, -0.3329 3.5847 2.0964, -0.3962 3.5847 2.4862, -0.4977 3.5847 3.4232, -0.5273 3.5847 3.393, -1.3688 3.5847 3.4986, -0.5568 3.5847 3.3026, -0.9259 3.5847 3.574, -0.9407 3.5847 3.5137, -1.3861 3.5847 4.5549, -0.8521 3.5847 3.4232, -0.8668 3.5847 3.4533, -0.8668 3.5847 3.5137, -0.6454 3.5847 3.6192, -0.5568 3.5847 3.378, -0.6306 3.5847 3.3629, -0.534 3.5847 2.1008, -0.793 3.5847 3.378, -0.793 3.5847 3.6041, -0.3593 3.5847 2.0774, -0.2615 3.5847 3.4081, -0.7192 3.5847 3.3629, -0.4239 3.5847 3.4081, -0.8225 3.5847 3.393, -0.291 3.5847 3.4835, -0.4977 3.5847 3.8303, -0.4239 3.5847 3.8303, 0.0928 3.5847 3.3026, -0.6454 3.5847 3.6795, -0.5273 3.5847 3.8755, -0.5716 3.5847 3.9057, -0.8816 3.5847 3.6946, -0.8964 3.5847 3.6192, -0.9111 3.5847 3.7398, -0.8373 3.5847 3.574, -0.9259 3.5847 3.8303, -1.0588 3.5847 3.8906, -0.9111 3.5847 3.8906, -0.9259 3.5847 3.8001, -0.7044 3.5847 3.6192, -0.793 3.5847 3.7097, -0.8225 3.5847 3.7398, -0.7782 3.5847 3.9057, -0.6454 3.5847 3.9208, -0.7044 3.5847 3.6795, -0.7044 3.5847 3.9208, -0.8521 3.5847 3.8001, -0.8225 3.5847 3.8755, -0.9493 3.5847 4.5471, -1.0858 3.5847 4.5549, -1.0047 3.5847 4.5641, -0.8521 3.5847 3.8303, -1.2298 3.5847 4.5549, -0.8521 3.5847 3.9509, -1.1473 3.5847 3.9962, -0.9831 3.5847 4.6516, -0.9287 3.5847 4.7117, -0.9577 3.5847 4.656, -0.2242 3.5847 2.1068, -0.2655 3.5847 2.1116, -0.4387 3.5847 3.8906, -0.2615 3.5847 3.9962, 0.4471 3.5847 3.2875, 0.7294 3.5847 2.4102, 0.3586 3.5847 3.2875, 0.7867 3.5847 3.4081, 0.8901 3.5847 3.5438, 0.831 3.5847 3.378, -0.8509 3.5847 4.5459, -0.793 3.5847 3.9811, -0.8939 3.5847 4.5415, -0.4977 3.5847 3.9509, -0.5568 3.5847 3.9811, -1.1677 3.5847 4.7992, -0.9983 3.5847 4.9001, -1.1541 3.5847 4.7731, -0.6261 3.5847 4.5549, -0.6897 3.5847 3.9962, -0.8165 3.5847 4.5594, -0.8225 3.5847 3.6494, -0.9407 3.5847 3.4533, 0.9491 3.5847 3.2875, 0.9307 3.5847 2.469, 0.4471 3.5847 3.8755, 0.5357 3.5847 3.77, -0.7884 3.5847 4.7485, -0.5508 3.5847 4.8157, -0.5887 3.5847 4.7043, -0.6601 3.5847 3.9962, -0.2172 3.5847 3.6795, -0.2615 3.5847 3.6192, 0.1666 3.5847 3.9208, 0.0928 3.5847 3.7248, 0.019 3.5847 3.7398, 0.1666 3.5847 3.6795, -0.2025 3.5847 3.4533, -0.1286 3.5847 3.378, -0.1729 3.5847 3.4081, 0.019 3.5847 3.6644, -0.0696 3.5847 3.3629, -0.0696 3.5847 3.6644, -0.2172 3.5847 3.4986, -0.2025 3.5847 3.574, 0.078 3.5847 3.6494, 0.1371 3.5847 3.6041, 0.1519 3.5847 3.4684, -0.2172 3.5847 3.5287, -0.1286 3.5847 3.6494, 0.2405 3.5847 3.4684, 0.019 3.5847 3.2875, 0.019 3.5847 3.3629, -0.1729 3.5847 3.6192, 0.078 3.5847 3.378, 0.1223 3.5847 3.4081, 0.1666 3.5847 3.3478, 0.2109 3.5847 3.4081, 0.8013 3.5847 2.4543, 1.4068 3.5847 3.2875, 0.7424 3.5847 3.3478, 0.9639 3.5847 3.3629, -0.8087 3.5847 4.8071, -0.6481 3.5847 4.9322, 1.0968 3.5847 3.3478, 1.0229 3.5847 3.3026, 1.141 3.5847 3.4081, 1.5249 3.5847 3.6041, 1.7759 3.5847 3.6041, 1.082 3.5847 3.4533, 1.0377 3.5847 3.5589, 1.1115 3.5847 3.6041, 0.8753 3.5847 3.3629, 1.1853 3.5847 3.7398, 1.3182 3.5847 3.77, 1.333 3.5847 3.7248, 0.1914 3.5847 4.6625, 0.2328 3.5847 4.5549, 0.0781 3.5847 4.5549, 1.1558 3.5847 3.6644, 0.6538 3.5847 3.589, 0.6686 3.5847 3.4835, 0.6538 3.5847 3.6946, 0.7572 3.5847 3.4533, 0.8162 3.5847 3.5589, 0.7424 3.5847 3.4986, 0.6981 3.5847 3.4081, 0.4471 3.5847 3.9962, 0.7424 3.5847 3.9358, 0.5357 3.5847 3.8906, 0.7277 3.5847 3.589, 0.7277 3.5847 3.6192, 0.6686 3.5847 3.8001, 0.6981 3.5847 3.8755, -0.452 3.5847 4.5549, 1.333 3.5847 3.8755, 1.1558 3.5847 3.8755, 1.3773 3.5847 3.9358, 2.0669 3.5847 2.469, 1.138 3.5847 4.5509, 1.0377 3.5847 3.9811, 1.0196 3.5847 4.5549, 0.8684 3.5847 4.636, 0.7522 3.5847 4.5549, 0.8461 3.5847 4.708, 0.3863 3.5847 5.1253, -0.2256 3.5847 5.3423, 0.5324 3.5847 5.1253, 0.8901 3.5847 3.9962, 0.8162 3.5847 3.9811, 1.1115 3.5847 3.9358, 1.3182 3.5847 3.8303, 1.1853 3.5847 3.8001, 1.8645 3.5847 3.9962, 1.9826 3.5847 3.9962, 0.7535 3.5847 4.9596, 0.7476 3.5847 4.9862, 1.4363 3.5847 3.9811, 1.3773 3.5847 3.6644, 3.0906 3.5847 6.5945, 2.5731 3.5847 3.9962, 1.9945 3.5847 4.5549, 2.0712 3.5847 3.9962, 2.4845 3.5847 3.9962, 2.4845 3.5847 3.7097, 2.0712 3.5847 3.7097, 1.5278 3.5847 4.5549, 1.3089 3.5847 4.5875, 1.3286 3.5847 4.6217, 1.1998 3.5847 4.5415, 2.4845 3.5847 3.6192, 2.0712 3.5847 3.6192, -2.07 3.5847 5.0329, -0.8482 3.5847 4.9135, -0.7018 3.5847 4.9702, -1.6059 3.5847 5.1253, -1.9065 3.5847 4.9914, -1.8968 3.5847 5.0114, -1.8781 3.5847 5.0243, -1.8378 3.5847 5.1183, -1.8892 3.5847 5.1335, -1.7713 3.5847 5.0001, -1.7283 3.5847 4.967, -1.8754 3.5847 4.879, -1.9064 3.5847 4.9652, -1.8515 3.5847 5.0286, -1.9418 3.5847 5.1387, -2.019 3.5847 5.1208, -1.9845 3.5847 5.1343, -2.0453 3.5847 5.0985, -2.0626 3.5847 5.0686, -2.0288 3.5847 4.878, -1.9888 3.5847 4.7699, -1.6928 3.5847 4.9251, -1.7513 3.5847 4.5549, -1.8144 3.5847 5.0214, -1.891 3.5847 4.9221, -1.6597 3.5847 4.858, -1.6002 3.5847 4.711, -1.5703 3.5847 4.633, -0.0841 3.5847 4.5549, -0.7735 3.5847 5.0728, -0.8898 3.5847 5.0193, -0.7914 3.5847 5.1361, -1.0246 3.5847 4.6594, -0.9422 3.5847 4.7495, -1.0043 3.5847 4.6542, -0.7957 3.5847 5.1805, -0.9307 3.5847 5.1253, -0.7922 3.5847 5.2203, -1.4496 3.5847 5.1253, -1.0849 3.5847 5.1253, -0.7638 3.5847 5.2852, -0.7812 3.5847 5.2558, -1.2954 3.5847 5.1253, -0.7407 3.5847 5.3078, -1.0697 3.5847 4.6828, -1.0852 3.5847 4.6938, -0.9558 3.5847 4.7872, -0.9291 3.5847 4.6887, -0.9393 3.5847 4.6692, -1.0601 3.5847 4.5924, -1.0477 3.5847 4.6691, -1.0999 3.5847 4.706, -1.1137 3.5847 4.7193, -1.1355 3.5847 4.7449, -1.1798 3.5847 4.8259, -1.1906 3.5847 4.8535, -1.2084 3.5847 4.8996, -1.0416 3.5847 5.0127, -1.2257 3.5847 4.9447, -1.2432 3.5847 4.9898, -1.278 3.5847 5.0802, -1.2606 3.5847 5.035, -1.1156 3.5847 4.6322, -0.7903 3.5847 4.5817, -0.7732 3.5847 4.6117, -0.7661 3.5847 4.6476, -0.5299 3.5847 4.8569, -0.5827 3.5847 4.9053, 0.872 3.5847 4.5972, 0.8698 3.5847 4.5549, 0.598 3.5847 4.5549, 1.2246 3.5847 5.3423, -0.7435 3.5847 5.0176, -0.3422 3.5847 5.3423, -0.2839 3.5847 5.3423, -0.3025 3.5847 4.8791, -0.3978 3.5847 4.7907, -0.3874 3.5847 4.8182, -0.4587 3.5847 5.3423, -0.4005 3.5847 5.3423, -0.7122 3.5847 5.3235, -0.517 3.5847 5.3423, -0.5753 3.5847 5.3423, -0.6458 3.5847 5.3386, -0.5057 3.5847 4.8895, -0.4359 3.5847 4.6399, -0.7691 3.5847 4.6897, -0.4061 3.5847 4.7626, -0.2759 3.5847 4.8806, -0.2318 3.5847 4.8809, -0.3727 3.5847 4.8431, -0.3287 3.5847 4.8753, -0.3533 3.5847 4.865, -0.2539 3.5847 4.8811, -0.2098 3.5847 4.8809, 0.8948 3.5847 5.1371, 0.936 3.5847 5.1387, 1.0375 3.5847 4.9003, 1.0765 3.5847 4.9636, 1.0684 3.5847 4.8971, 1.1138 3.5847 5.0956, 1.1581 3.5847 5.0631, 0.0709 3.5847 4.9916, 0.3544 3.5847 5.0914, 0.4144 3.5847 5.0512, 0.1494 3.5847 4.7699, 0.249 3.5847 5.1335, 0.41 3.5847 4.967, 0.2628 3.5847 4.879, 0.3669 3.5847 5.0001, 0.3005 3.5847 5.1183, 0.2601 3.5847 5.0243, 0.2317 3.5847 4.9914, 0.2414 3.5847 5.0114, 0.2868 3.5847 5.0286, 0.2319 3.5847 4.9652, 0.1964 3.5847 5.1387, 0.1192 3.5847 5.1208, 0.1537 3.5847 5.1343, 0.0929 3.5847 5.0985, 0.0683 3.5847 5.0329, 0.0756 3.5847 5.0686, 0.1095 3.5847 4.878, 0.0898 3.5847 4.9346, 0.3037 3.5847 4.7708, 0.5081 3.5847 4.7892, 0.3453 3.5847 4.6628, 0.4454 3.5847 4.9251, 0.3869 3.5847 4.5549, 0.3238 3.5847 5.0214, 0.2472 3.5847 4.9221, 0.4786 3.5847 4.858, 0.538 3.5847 4.711, 0.568 3.5847 4.633, 0.9639 3.5847 3.9962, 1.2799 3.5847 4.5618, 1.0218 3.5847 4.5863, 1.0613 3.5847 4.5864, 1.2948 3.5847 4.8016, 1.3193 3.5847 4.7581, 1.69 3.5847 4.5549, 1.0596 3.5847 4.9909, 1.0622 3.5847 5.1195, 1.003 3.5847 5.1339, 0.8537 3.5847 5.131, 0.9472 3.5847 4.9128, 0.9673 3.5847 5.0286, 0.9771 3.5847 4.9072, 0.9049 3.5847 4.9481, 0.9173 3.5847 4.9191, 1.0074 3.5847 4.9036, 1.0052 3.5847 5.0243, 0.8156 3.5847 5.117, 0.7813 3.5847 5.094, 0.8985 3.5847 4.9706, 0.9339 3.5847 5.0243, 0.7463 3.5847 5.0265, 0.7576 3.5847 5.0624, 0.7621 3.5847 4.9314, 0.9114 3.5847 5.0117, 1.0358 3.5847 5.0114, 0.8209 3.5847 4.7789, 0.791 3.5847 4.855, 1.1367 3.5847 4.8882, 1.1034 3.5847 4.8935, 1.0196 3.5847 4.6193, 1.0399 3.5847 4.6019, 1.0838 3.5847 4.573, 1.1078 3.5847 4.5617, 1.2021 3.5847 4.8703, 1.2246 3.5847 4.9765, 1.2329 3.5847 4.8561, 1.2602 3.5847 4.8378, 1.1685 3.5847 4.544, 1.2435 3.5847 4.5465, 1.3369 3.5847 4.6616, 1.5101 3.5847 3.9962, 1.3338 3.5847 4.7074, 1.8589 3.5847 4.9067, 1.195 3.5847 5.0234, 1.1697 3.5847 4.8807, 0.8997 3.5847 4.9931, 1.5543 3.5847 4.9067, 2.1567 3.5847 4.5549, 1.853 3.5847 5.3423, 1.6913 3.5847 5.3423, 1.8083 3.5847 5.0383, 1.5038 3.5847 5.0383, 1.3862 3.5847 5.3423, -0.6158 3.5847 3.2875, -0.6612 3.5847 2.1008, -0.3735 3.5847 1.8426, -1.1178 3.5847 1.7914, -0.874 3.5847 2.1008, -0.3781 3.5847 2.0528, -0.8758 3.5847 2.2657, -0.8297 3.5847 2.3948, -0.6703 3.5847 2.2657, -0.6241 3.5847 2.3948, 1.1864 3.5847 4.7209, 1.186 3.5847 4.6958, 1.0928 3.5847 4.661, 1.0589 3.5847 4.6736, 1.1273 3.5847 4.6569, 1.1751 3.5847 4.6752, 1.1553 3.5847 4.6615, 1.1751 3.5847 4.7501, 1.0285 3.5847 4.6929, 1.152 3.5847 4.773, 1.1223 3.5847 4.787, 1.005 3.5847 4.7171, 1.0916 3.5847 4.7965, 0.9885 3.5847 4.7439, 1.0603 3.5847 4.8035, 0.9748 3.5847 4.7713, 1.0272 3.5847 4.809, 0.9628 3.5847 4.8003, 0.9933 3.5847 4.8141, 0.974 3.5847 4.8173, 0.955 3.5847 4.8208, -0.5587 3.5847 5.0344, -0.4748 3.5847 5.0056, -0.517 3.5847 5.0144, -0.6169 3.5847 5.0974, -0.4783 3.5847 5.2107, -0.443 3.5847 5.2107, -0.5929 3.5847 5.0634, -0.4076 3.5847 5.2107, -0.6299 3.5847 5.1595, -0.546 3.5886 5.2088, -0.515 3.5886 5.2102, -0.6292 3.5847 5.1333, -0.622 3.5847 5.1809, -0.6055 3.5886 5.1976, -0.5912 3.5886 5.2022, -0.577 3.5886 5.2069, -0.4297 3.5847 5.0014, -0.3861 3.5847 4.9996, -0.3722 3.5847 5.2107, -0.3367 3.5847 5.2107, -0.3413 3.5847 4.999, -0.2975 3.5847 4.9991, -0.2553 3.5847 4.9991, 1.4216 3.5847 3.7398, 1.4954 3.5847 3.6946, 1.4511 3.5847 3.7097, 1.4068 3.5847 3.7851, 1.4511 3.5847 3.9057, 1.4954 3.5847 3.9208, 1.4216 3.5847 3.8755, 1.4068 3.5847 3.8303, 1.7759 3.5847 3.9208, 1.7759 3.5847 3.6946, 1.0968 3.5847 3.8303, 0.7572 3.5847 3.8303, 0.9786 3.5847 3.9208, 0.7424 3.5847 3.7549, 0.7424 3.5847 3.7851, 0.7867 3.5847 3.8755, 0.831 3.5847 3.9057, 0.8753 3.5847 3.9208, 1.0229 3.5847 3.9057, 1.0672 3.5847 3.8755, 0.7572 3.5847 3.7097, 1.1115 3.5847 3.7549, 1.0968 3.5847 3.7097, 1.1115 3.5847 3.7851, 1.0672 3.5847 3.6644, 1.0229 3.5847 3.6343, 0.9786 3.5847 3.6192, 0.8753 3.5847 3.6192, 0.831 3.5847 3.6343, 0.7867 3.5847 3.6644, -1.5017 3.5847 3.4081, -1.546 3.5847 3.378, -1.4279 3.5847 3.589, -1.4426 3.5847 3.4986, -1.6198 3.5847 3.3629, -1.4279 3.5847 3.6946, -1.8117 3.5847 3.589, -1.6936 3.5847 3.378, -1.7379 3.5847 3.4081, -1.7969 3.5847 3.4986, -1.6198 3.5847 3.9208, -1.8117 3.5847 3.6946, -1.6936 3.5847 3.9057, -1.7969 3.5847 3.7851, -1.7379 3.5847 3.8755, -1.5017 3.5847 3.8755, -1.546 3.5847 3.9057, -1.4426 3.5847 3.7851, -2.4318 3.5847 3.5287, -2.2989 3.5847 3.9358, -2.166 3.5847 3.5287, 0.9882 3.5847 2.1312, 1.0314 3.5847 2.1018, 0.9451 3.5847 2.1458, 0.7581 3.5847 2.1018, 0.8013 3.5847 2.1312, 0.8444 3.5847 2.1458, 1.0745 3.5847 1.9843, 0.715 3.5847 1.9843, 1.0745 3.5847 2.0283, 1.0602 3.5847 2.0724, 0.7294 3.5847 1.9402, 1.0602 3.5847 1.9402, 0.8444 3.5847 1.8521, 0.9451 3.5847 1.8521, 1.0314 3.5847 1.8961, 0.9882 3.5847 1.8668, 0.8013 3.5847 1.8668, 0.7581 3.5847 1.8961, 0.715 3.5847 2.0283, 0.7294 3.5847 2.0724, 3.0906 3.5616 6.6502, -3.0906 3.5616 6.6502, -3.0906 3.5361 6.6672, -3.0906 3.5059 6.6732, 3.0906 3.5361 6.6672, 3.0906 3.5059 6.6732, 3.0906 3.5787 6.6246, -3.0906 3.5787 6.6246, -3.0906 3.5203 6.6142, -3.0906 3.4477 6.6142, -3.0906 3.5203 6.531, -3.0906 -2.9731 6.6142, -3.0906 -2.9888 6.6672, -3.0906 -2.9586 6.6732, -3.0906 -2.9731 6.531, -3.0906 -3.0374 6.5945, -3.0906 -2.9004 6.6142, -3.0906 -3.0314 6.6246, -3.0906 -3.0143 6.6502, -3.1595 3.4659 6.6325, -3.1489 3.4804 6.6474, -3.1693 2.4184 5.5709, -3.1346 3.4925 6.6597, -3.1102 2.4184 5.5709, -3.1693 3.4282 6.5945, -3.1665 3.4487 6.6151, -3.1102 3.4477 6.6142, -3.1162 3.5019 6.6689, -3.1598 -2.9186 6.6326, -3.1489 -2.9331 6.6474, -3.1668 -2.9014 6.6152, -3.1693 -2.881 6.5945, -3.1346 -2.9452 6.6596, -3.1163 -2.9546 6.6691, -2.4008 0.9862 6.6732, -2.3154 0.1988 6.6732, -2.3154 0.9862 6.6732, 3.0906 -2.9586 6.6732, 1.378 -2.8598 6.6732, 1.378 -2.9586 6.6732, 1.0233 3.25 6.6732, 1.104 2.9818 6.6732, 1.0233 3.2736 6.6732, -2.4519 0.1693 6.6732, -2.4599 1.0453 6.6732, -2.4599 0.1398 6.6732, -1.378 -2.8598 6.6732, -1.378 -2.9586 6.6732, 2.4205 -1.6834 6.6732, -2.4205 -1.6834 6.6732, -2.4402 -1.6781 6.6732, -2.4599 2.0617 6.6732, -2.4686 2.0944 6.6732, -2.4926 2.1183 6.6732, -2.4008 0.1988 6.6732, -2.4519 1.0158 6.6732, -2.4303 0.9942 6.6732, -2.7528 2.1329 6.6732, -2.7685 2.1486 6.6732, -2.7313 2.1271 6.6732, -2.7754 2.8915 6.6732, -2.7743 2.17 6.6732, -2.5253 2.1271 6.6732, -2.7491 2.9553 6.6732, -2.7686 2.926 6.6732, -2.6853 2.9818 6.6732, -2.7198 2.9749 6.6732, -1.104 2.9818 6.6732, -1.0233 3.0624 6.6732, -1.0233 3.1093 6.6732, -1.0731 2.9879 6.6732, -1.0469 3.0054 6.6732, -1.0294 3.0316 6.6732, 0.984 3.3878 6.6732, -1.0233 3.1562 6.6732, -1.0233 3.2031 6.6732, -1.0233 3.25 6.6732, -1.0233 3.2736 6.6732, -1.0233 3.2973 6.6732, -1.0233 3.3484 6.6732, -1.0181 3.3681 6.6732, -1.0037 3.3825 6.6732, -0.984 3.3878 6.6732, 1.0181 3.3681 6.6732, 1.0037 3.3825 6.6732, 1.0233 3.3484 6.6732, 1.0233 3.2973 6.6732, 2.6853 2.9818 6.6732, 1.0233 3.1562 6.6732, 1.0233 3.1093 6.6732, 1.0233 3.2031 6.6732, 1.0731 2.9879 6.6732, 1.0233 3.0624 6.6732, 1.0469 3.0054 6.6732, 1.0294 3.0316 6.6732, 2.5253 2.1271 6.6732, 2.4599 2.0617 6.6732, 2.7313 2.1271 6.6732, 2.7528 2.1329 6.6732, 2.4599 1.0453 6.6732, 2.7491 2.9553 6.6732, 2.7198 2.9749 6.6732, 2.7686 2.926 6.6732, 2.7754 2.8915 6.6732, 2.7743 2.17 6.6732, 2.7685 2.1486 6.6732, 2.4686 2.0944 6.6732, 2.4926 2.1183 6.6732, 2.4008 0.9862 6.6732, 2.3154 0.9862 6.6732, 2.4008 0.1988 6.6732, 2.4519 0.1693 6.6732, 2.4519 1.0158 6.6732, 2.4303 0.9942 6.6732, 2.4303 0.1909 6.6732, 2.3154 0.1988 6.6732, 2.4599 0.1398 6.6732, 2.4546 -1.6637 6.6732, 2.4599 -1.644 6.6732, 2.4402 -1.6781 6.6732, -2.4546 -1.6637 6.6732, -2.4599 -1.644 6.6732, -2.4303 0.1909 6.6732, -2.3154 0.1988 6.6114, -2.2929 0.1988 6.6065, -2.4599 0.1988 6.6114, -2.4008 0.1988 6.6142, -2.4599 0.1988 6.6142, -2.2787 0.1988 6.6673, -2.2207 0.1988 4.6491, -2.1606 0.1988 4.6344, -2.1704 0.1988 4.8871, -2.1094 0.1988 4.8763, -2.1358 0.1988 5.1278, -2.2458 0.1988 6.6501, -2.2633 0.1988 6.5724, -2.2744 0.1988 6.5926, -2.22 0.1988 6.6233, -2.2025 0.1988 6.3369, -2.1279 0.1988 5.8564, -2.0663 0.1988 5.8619, -2.0962 0.1988 6.1074, -2.1421 0.1988 6.3504, -2.1573 0.1988 6.0979, -2.1145 0.1988 5.6136, -2.1172 0.1988 5.3704, -2.0554 0.1988 5.3677, -2.0527 0.1988 5.615, -2.0743 0.1988 5.1211, -2.204 0.1988 6.5898, -2.4519 0.1693 6.6142, -2.4303 0.1909 6.6142, -2.4599 0.1398 6.6142, -2.4599 2.0617 6.6142, -2.4599 1.0453 6.6142, -2.4599 -1.644 6.6142, -2.4303 0.9942 6.6142, -2.4008 0.9862 6.6142, -2.4519 1.0158 6.6142, 3.0906 -2.9004 6.6142, 3.0906 -2.9731 6.6142, 3.0811 -2.977 6.6142, -3.0811 3.5243 6.6142, 1.378 -2.9783 6.6142, 1.378 -2.8598 6.6142, 3.0709 -2.9783 6.6142, 2.6853 2.9818 6.6142, 3.0906 3.4477 6.6142, 2.7198 2.9749 6.6142, 2.7491 2.9553 6.6142, 3.0811 3.5243 6.6142, 3.0906 3.5203 6.6142, 1.0233 3.25 6.6142, 1.104 2.9818 6.6142, 1.0233 3.2031 6.6142, 3.0709 3.5256 6.6142, -2.5253 2.1271 6.6142, -2.4926 2.1183 6.6142, -3.0709 3.5256 6.6142, -2.4599 0.9862 6.6142, -2.7685 2.1486 6.6142, -2.4402 -1.6781 6.6142, -2.4205 -1.6834 6.6142, -1.378 -2.8598 6.6142, -3.0709 -2.9783 6.6142, -3.0811 -2.977 6.6142, -1.378 -2.9783 6.6142, 2.4205 -1.6834 6.6142, -2.7528 2.1329 6.6142, 0.984 3.3878 6.6142, -2.7743 2.17 6.6142, -2.7754 2.8915 6.6142, -2.7313 2.1271 6.6142, -2.4686 2.0944 6.6142, -2.7686 2.926 6.6142, -3.1102 -2.9004 6.6142, -2.7198 2.9749 6.6142, -2.7491 2.9553 6.6142, -2.6853 2.9818 6.6142, -1.104 2.9818 6.6142, -1.0233 3.1093 6.6142, -1.0233 3.0624 6.6142, -1.0469 3.0054 6.6142, -1.0731 2.9879 6.6142, -1.0294 3.0316 6.6142, 1.0037 3.3825 6.6142, -1.0233 3.1562 6.6142, -1.0233 3.2031 6.6142, -1.0233 3.25 6.6142, -1.0233 3.2736 6.6142, -1.0233 3.2973 6.6142, -1.0233 3.3484 6.6142, -1.0181 3.3681 6.6142, -1.0037 3.3825 6.6142, -0.984 3.3878 6.6142, 1.0181 3.3681 6.6142, 1.0233 3.3484 6.6142, 1.0233 3.2736 6.6142, 1.0233 3.2973 6.6142, 1.0233 3.1562 6.6142, 1.0233 3.1093 6.6142, 1.0731 2.9879 6.6142, 1.0469 3.0054 6.6142, 1.0233 3.0624 6.6142, 1.0294 3.0316 6.6142, 2.5253 2.1271 6.6142, 2.7313 2.1271 6.6142, 2.4599 2.0617 6.6142, 2.4599 1.0453 6.6142, 3.1102 -2.9004 6.6142, 2.7743 2.17 6.6142, 3.1102 3.4477 6.6142, 2.7686 2.926 6.6142, 2.7754 2.8915 6.6142, 2.7685 2.1486 6.6142, 2.7528 2.1329 6.6142, 2.4686 2.0944 6.6142, 2.4926 2.1183 6.6142, 2.4599 0.9862 6.6142, 2.4519 1.0158 6.6142, 2.4303 0.9942 6.6142, 2.4599 0.1398 6.6142, 2.4599 0.1988 6.6142, 2.4008 0.9862 6.6142, 2.4519 0.1693 6.6142, 2.4303 0.1909 6.6142, 2.4008 0.1988 6.6142, 2.4599 -1.644 6.6142, 2.4546 -1.6637 6.6142, 2.4402 -1.6781 6.6142, -2.4546 -1.6637 6.6142, -2.4599 0.9862 6.6114, -2.3154 0.9862 6.6114, -2.2744 0.9862 6.5926, -2.2633 0.9862 6.5724, -2.2929 0.9862 6.6065, -2.1704 0.9862 4.8871, -2.2207 0.9862 4.6491, -2.1145 0.9862 5.6136, -2.1172 0.9862 5.3704, -2.1358 0.9862 5.1278, -2.2025 0.9862 6.3369, -2.1573 0.9862 6.0979, -2.1279 0.9862 5.8564, -2.1606 0.9862 4.6344, -2.0527 0.9862 5.615, -2.0554 0.9862 5.3677, -2.0743 0.9862 5.1211, -2.1094 0.9862 4.8763, -2.0663 0.9862 5.8619, -2.0962 0.9862 6.1074, -2.1421 0.9862 6.3504, -2.204 0.9862 6.5898, -2.2458 0.9862 6.6501, -2.22 0.9862 6.6233, -2.2787 0.9862 6.6673, 2.2787 0.9862 6.6673, 2.2929 0.9862 6.6065, 2.2744 0.9862 6.5926, 2.2207 0.9862 4.6491, 2.1606 0.9862 4.6344, 2.1704 0.9862 4.8871, 2.2458 0.9862 6.6501, 2.2633 0.9862 6.5724, 2.1094 0.9862 4.8763, 2.1358 0.9862 5.1278, 2.2025 0.9862 6.3369, 2.22 0.9862 6.6233, 2.0962 0.9862 6.1074, 2.1421 0.9862 6.3504, 2.1573 0.9862 6.0979, 2.1145 0.9862 5.6136, 2.0527 0.9862 5.615, 2.0663 0.9862 5.8619, 2.1279 0.9862 5.8564, 2.0743 0.9862 5.1211, 2.1172 0.9862 5.3704, 2.0554 0.9862 5.3677, 2.204 0.9862 6.5898, 2.3154 0.9862 6.6114, 2.4599 0.9862 6.6114, 2.2787 0.1988 6.6673, 2.2458 0.1988 6.6501, 2.22 0.1988 6.6233, 2.204 0.1988 6.5898, 2.2744 0.1988 6.5926, 2.2929 0.1988 6.6065, 2.2207 0.1988 4.6491, 2.1704 0.1988 4.8871, 2.1606 0.1988 4.6344, 2.2633 0.1988 6.5724, 2.1094 0.1988 4.8763, 2.1358 0.1988 5.1278, 2.2025 0.1988 6.3369, 2.0962 0.1988 6.1074, 2.1573 0.1988 6.0979, 2.1421 0.1988 6.3504, 2.1145 0.1988 5.6136, 2.0663 0.1988 5.8619, 2.0527 0.1988 5.615, 2.1279 0.1988 5.8564, 2.1172 0.1988 5.3704, 2.0743 0.1988 5.1211, 2.0554 0.1988 5.3677, 2.3154 0.1988 6.6114, 2.4599 0.1988 6.6114, -1.378 -3.0374 6.5945, -1.378 -2.9783 6.4769, -1.378 -3.0143 6.6502, -1.378 -3.0314 6.6246, -1.378 -2.9888 6.6672, -1.378 -3.0374 6.4769, 1.378 -3.0374 6.5945, 1.378 -2.9783 6.4769, 1.378 -3.0374 6.4769, 1.378 -2.9888 6.6672, 1.378 -3.0314 6.6246, 1.378 -3.0143 6.6502, 3.0906 -3.0143 6.6502, 3.0906 -3.0314 6.6246, 3.0906 -3.0374 6.5945, 3.0906 -2.9888 6.6672, -3.0906 -3.0374 0.1024, -3.0709 -3.0374 0.1024, 3.0709 -3.0374 0.1024, -3.0709 -3.0374 0.0984, 3.0709 -3.0374 0.0984, 3.0906 -3.0374 0.1024, 3.0709 -2.9783 0.1024, -3.0709 -2.9783 0.0984, -3.0709 -2.9783 0.1024, 3.0709 -2.9783 0.0984, -3.106 -2.9579 6.5161, -3.1102 -2.939 0.1024, -3.1102 -2.939 6.4974, -3.0906 -2.9731 0.1024, -3.105 -2.9586 0.1024, -3.1693 -2.9586 6.5168, -3.1665 -2.9793 6.5372, -3.1595 -2.9967 6.5545, -3.1693 -1.9206 5.4928, -3.1489 -3.0115 6.569, -3.1162 -3.0331 6.5904, -3.1346 -3.0239 6.5811, -3.1102 -1.9206 5.4928, -3.1102 -1.9206 0.1024, -3.1693 -1.9206 0.1024, -3.1693 -1.8711 5.5709, -3.1693 -2.2763 3.7657, -3.1693 -2.2816 1.5934, -3.1693 -2.296 1.6078, -3.1693 -2.2816 3.746, -3.1693 -2.3157 4.3169, -3.1693 -2.2763 4.2775, -3.1693 -2.296 4.3116, -3.1693 -2.2816 4.2972, -3.1693 -2.7094 4.3169, -3.1693 -2.7435 4.2972, -3.1693 -2.7291 4.3116, -3.1693 -2.7488 4.2775, -3.1693 -2.7488 3.7657, -3.1693 -2.9586 0.1024, -3.1693 -2.7291 3.7316, -3.1693 -2.7094 3.7263, -3.1693 -2.7291 1.6078, -3.1693 -2.7435 1.5934, -3.1693 -2.7094 1.6131, -3.1693 -2.296 3.7316, -3.1693 -2.2763 1.5737, -3.1693 -2.3157 1.0225, -3.1693 -2.3157 1.6131, -3.1693 -2.2763 1.0619, -3.1693 -2.3157 3.7263, -3.1693 -2.7435 3.746, -3.1693 -2.7488 1.5737, -3.1693 -2.7488 1.0619, -3.1693 -2.7291 1.0278, -3.1693 -2.7435 1.0422, -3.1693 -2.7094 1.0225, -3.1693 -2.296 1.0278, -3.1693 -2.2816 1.0422, -3.1693 3.5059 0.1024, -3.1693 2.0209 0.1476, -3.1693 1.9953 0.1859, -3.1693 3.5059 6.5168, -3.1693 2.4679 5.4928, -3.1693 2.0299 0.1024, -3.1693 1.957 0.2115, -3.1693 1.9118 0.2205, -3.1693 1.8283 0.1859, -3.1693 1.8027 0.1476, -3.1693 0.2698 0.1476, -3.1693 0.2442 0.1859, -3.1693 1.8666 0.2115, -3.1693 0.2788 0.1024, -3.1693 1.7937 0.1024, -3.1693 0.2058 0.2115, -3.1693 0.0771 0.1859, -3.1693 -0.3445 0.1024, -3.1693 0.1155 0.2115, -3.1693 -1.5707 5.4928, -3.1693 0.1606 0.2205, -3.1693 0.0515 0.1476, -3.1693 0.0425 0.1024, -3.1693 -0.8623 0.0538, -3.1693 -0.8563 0.0236, -3.1693 -0.3445 -1.122, -3.1693 -0.4724 -1.3437, -3.1693 -0.5341 -1.3692, -3.1693 -0.3532 -1.1883, -3.1693 -0.3788 -1.25, -3.1693 -0.4194 -1.303, -3.1693 -0.6004 -1.378, -3.1693 -0.7813 -1.303, -3.1693 -0.822 -1.25, -3.1693 -0.8563 -1.122, -3.1693 -0.6666 -1.3692, -3.1693 -0.7283 -1.3437, -3.1693 -0.8476 -1.1883, -3.1693 -0.8793 0.0793, -3.1693 -0.9049 0.0964, -3.1693 -1.5707 0.1024, -3.1693 -0.935 0.1024, -3.1102 -1.8711 5.5709, -3.1102 -2.2763 1.5737, -3.1102 -2.2763 3.7657, -3.1102 -2.2816 3.746, -3.1102 -2.2763 4.2775, -3.1102 -2.3157 4.3169, -3.1102 -2.7488 4.2775, -3.1102 -2.7488 3.7657, -3.1102 -2.3157 1.6131, -3.1102 -2.296 1.6078, -3.1102 -2.3157 3.7263, -3.1102 -2.2816 1.5934, -3.1102 -2.296 3.7316, -3.1102 -2.3157 1.0225, -3.1102 -2.296 1.0278, -3.1102 -2.7488 1.5737, -3.1102 -2.7435 1.5934, -3.1102 -2.7435 3.746, -3.1102 -2.7291 4.3116, -3.1102 -2.7435 4.2972, -3.1102 -2.7094 4.3169, -3.1102 -2.296 4.3116, -3.1102 -2.2816 4.2972, -3.1102 -2.7291 3.7316, -3.1102 -2.7291 1.6078, -3.1102 -2.7094 1.6131, -3.1102 -2.2763 1.0619, -3.1102 -2.2816 1.0422, -3.1102 -2.7094 1.0225, -3.1102 -2.7435 1.0422, -3.1102 -2.7291 1.0278, -3.1102 -2.7488 1.0619, -3.1102 -2.7094 3.7263, -3.1102 -0.3788 -1.25, -3.1102 -0.3532 -1.1883, -3.1102 -0.3445 -1.122, -3.1102 -1.5707 5.4928, -3.1102 -0.9049 0.0964, -3.1102 -0.3445 0.1024, -3.1102 0.1155 0.2115, -3.1102 -1.5707 0.1024, -3.1102 -0.935 0.1024, -3.1102 -0.8793 0.0793, -3.1102 -0.8623 0.0538, -3.1102 -0.822 -1.25, -3.1102 -0.7813 -1.303, -3.1102 -0.8563 -1.122, -3.1102 -0.8476 -1.1883, -3.1102 -0.6666 -1.3692, -3.1102 -0.7283 -1.3437, -3.1102 2.0299 0.1024, -3.1102 3.4862 0.1024, -3.1102 2.0209 0.1476, -3.1102 -0.6004 -1.378, -3.1102 -0.4194 -1.303, -3.1102 -0.5341 -1.3692, -3.1102 -0.4724 -1.3437, -3.1102 -0.8563 0.0236, -3.1102 1.7937 0.1024, -3.1102 0.2788 0.1024, -3.1102 1.7937 0.0827, -3.1102 0.0515 0.1476, -3.1102 0.0771 0.1859, -3.1102 0.0425 0.1024, -3.1102 0.1606 0.2205, -3.1102 0.2058 0.2115, -3.1102 2.4679 5.4928, -3.1102 0.2698 0.1476, -3.1102 1.8027 0.1476, -3.1102 0.2442 0.1859, -3.1102 1.8283 0.1859, -3.1102 0.2788 0.0827, -3.1102 1.8666 0.2115, -3.1102 1.957 0.2115, -3.1102 1.9118 0.2205, -3.1102 1.9953 0.1859, -3.1102 3.4862 6.4974, 3.1693 -2.9586 0.1024, 3.1462 -3.0143 0.1024, 3.1693 -1.9206 0.1024, 3.105 -2.9586 0.1024, 3.1102 -2.939 0.1024, 3.1207 -3.0314 0.1024, 3.1633 -2.9888 0.1024, 3.0906 -2.9731 0.1024, 3.1102 -1.9206 0.1024, -3.1462 -3.0143 0.1024, -3.1207 -3.0314 0.1024, -3.1633 -2.9888 0.1024, -3.1633 3.5361 0.1024, -3.1462 3.5616 0.1024, -3.1207 3.5787 0.1024, -3.0906 3.5203 0.1024, -3.105 3.5059 0.1024, -3.0709 3.5256 0.1024, 3.1102 3.4862 0.1024, 3.105 3.5059 0.1024, 3.1207 3.5787 0.1024, 3.1462 3.5616 0.1024, 3.0906 3.5203 0.1024, 3.0709 3.5256 0.1024, 3.1633 3.5361 0.1024, 3.1693 3.5059 0.1024, 3.1693 2.0299 0.1024, 3.1102 2.0299 0.1024, 3.1693 0.0425 0.1024, 3.1102 -0.2657 0.1024, 3.1102 0.0425 0.1024, 3.1693 -0.2657 0.1024, 3.1693 -1.5707 0.1024, 3.1652 -1.6095 0.1024, 3.1532 -1.6467 0.1024, 3.0632 -1.7798 0.1024, 3.0191 -1.7379 0.1024, 3.0858 -1.6459 0.1024, 3.1693 -0.935 0.1024, 3.1102 -0.935 0.1024, 3.1336 -1.6806 0.1024, 3.0029 -2.7836 0.1024, 3.0029 -1.7878 0.1024, 3.0669 -1.7725 0.1024, 3.062 -1.7878 0.1024, 3.062 -2.7836 0.1024, 3.0071 -1.7616 0.1024, 3.104 -1.6102 0.1024, 3.1102 -1.5707 0.1024, -3.1336 -1.6806 0.1024, -3.104 -1.6102 0.1024, -3.0858 -1.6459 0.1024, -3.0669 -1.7725 0.1024, -3.0191 -1.7379 0.1024, -3.0071 -1.7616 0.1024, -3.0029 -1.7878 0.1024, -3.0029 -2.7836 0.1024, -3.062 -2.7836 0.1024, -3.062 -1.7878 0.1024, -3.0632 -1.7798 0.1024, -3.1532 -1.6467 0.1024, -3.1652 -1.6095 0.1024, 3.1693 -1.9206 5.4928, 3.1102 -1.9206 5.4928, 3.1693 -2.881 6.5945, 3.1693 -1.8711 5.5709, 3.1693 2.4184 5.5709, 3.1693 3.4282 6.5945, 3.1693 -2.2763 1.5737, 3.1693 -2.2763 3.7657, 3.1693 -2.2816 3.746, 3.1693 -2.2763 4.2775, 3.1693 -2.9586 6.5168, 3.1693 -2.3157 4.3169, 3.1693 -2.7488 4.2775, 3.1693 -2.7488 3.7657, 3.1693 -2.3157 1.6131, 3.1693 -2.296 1.6078, 3.1693 -2.3157 3.7263, 3.1693 -2.2816 1.5934, 3.1693 -2.296 3.7316, 3.1693 -2.3157 1.0225, 3.1693 -2.296 1.0278, 3.1693 -2.7488 1.5737, 3.1693 -2.7435 1.5934, 3.1693 -2.7435 3.746, 3.1693 -2.7291 4.3116, 3.1693 -2.7435 4.2972, 3.1693 -2.7094 4.3169, 3.1693 -2.296 4.3116, 3.1693 -2.2816 4.2972, 3.1693 -2.7291 3.7316, 3.1693 -2.7291 1.6078, 3.1693 -2.7094 1.6131, 3.1693 -2.2763 1.0619, 3.1693 -2.2816 1.0422, 3.1693 -2.7094 1.0225, 3.1693 -2.7435 1.0422, 3.1693 -2.7291 1.0278, 3.1693 -2.7488 1.0619, 3.1693 -2.7094 3.7263, 3.1693 -0.3788 -1.25, 3.1693 -0.3532 -1.1883, 3.1693 -0.3445 -1.122, 3.1693 -0.8793 0.0793, 3.1693 -0.3385 0.0538, 3.1693 -0.3214 0.0793, 3.1693 -1.5707 5.4928, 3.1693 0.1155 0.2115, 3.1693 0.1606 0.2205, 3.1693 -0.8623 0.0538, 3.1693 -0.3445 0.0236, 3.1693 -0.822 -1.25, 3.1693 -0.7813 -1.303, 3.1693 -0.8563 -1.122, 3.1693 -0.8476 -1.1883, 3.1693 -0.6666 -1.3692, 3.1693 -0.7283 -1.3437, 3.1693 2.0209 0.1476, 3.1693 -0.6004 -1.378, 3.1693 -0.4194 -1.303, 3.1693 -0.5341 -1.3692, 3.1693 -0.4724 -1.3437, 3.1693 -0.8563 0.0236, 3.1693 1.7937 0.1024, 3.1693 0.2698 0.1476, 3.1693 0.2788 0.1024, 3.1693 -0.9049 0.0964, 3.1693 -0.2959 0.0964, 3.1693 0.0515 0.1476, 3.1693 0.0771 0.1859, 3.1693 0.2058 0.2115, 3.1693 2.4679 5.4928, 3.1693 0.2442 0.1859, 3.1693 1.8027 0.1476, 3.1693 1.8283 0.1859, 3.1693 1.8666 0.2115, 3.1693 1.9118 0.2205, 3.1693 1.957 0.2115, 3.1693 1.9953 0.1859, 3.1693 3.5059 6.5168, 3.1613 3.4627 6.6293, 3.1507 3.4785 6.6454, 3.1672 3.4457 6.6121, 3.1102 2.4184 5.5709, 3.1352 3.4921 6.6593, 3.1149 3.5022 6.6693, 3.1102 -1.8711 5.5709, 3.1102 -2.2763 3.7657, 3.1102 -2.2816 1.5934, 3.1102 -2.296 1.6078, 3.1102 -2.2816 3.746, 3.1102 -2.3157 4.3169, 3.1102 -2.939 6.4974, 3.1102 -2.2763 4.2775, 3.1102 -2.296 4.3116, 3.1102 -2.2816 4.2972, 3.1102 -2.7094 4.3169, 3.1102 -2.7435 4.2972, 3.1102 -2.7291 4.3116, 3.1102 -2.7488 4.2775, 3.1102 -2.7488 3.7657, 3.1102 -2.7291 3.7316, 3.1102 -2.7094 3.7263, 3.1102 -2.7291 1.6078, 3.1102 -2.7435 1.5934, 3.1102 -2.7094 1.6131, 3.1102 -2.296 3.7316, 3.1102 -2.2763 1.0619, 3.1102 -2.2763 1.5737, 3.1102 -2.3157 1.0225, 3.1102 -2.3157 1.6131, 3.1102 -2.3157 3.7263, 3.1102 -2.7435 3.746, 3.1102 -2.7488 1.5737, 3.1102 -2.7488 1.0619, 3.1102 -2.7291 1.0278, 3.1102 -2.7435 1.0422, 3.1102 -2.7094 1.0225, 3.1102 -2.296 1.0278, 3.1102 -2.2816 1.0422, 3.1102 2.0209 0.1476, 3.1102 1.9953 0.1859, 3.1102 3.4862 6.4974, 3.1102 2.4679 5.4928, 3.1102 -0.8563 0.0236, 3.1102 -0.3385 0.0538, 3.1102 -0.3445 0.0236, 3.1102 1.957 0.2115, 3.1102 1.9118 0.2205, 3.1102 1.8027 0.1476, 3.1102 0.2788 0.1024, 3.1102 0.2698 0.1476, 3.1102 1.8283 0.1859, 3.1102 0.2442 0.1859, 3.1102 1.8666 0.2115, 3.1102 0.1155 0.2115, 3.1102 0.0771 0.1859, 3.1102 1.7937 0.1024, 3.1102 0.2788 0.0827, 3.1102 1.7937 0.0827, 3.1102 -0.8623 0.0538, 3.1102 -0.3214 0.0793, 3.1102 0.2058 0.2115, 3.1102 -1.5707 5.4928, 3.1102 0.1606 0.2205, 3.1102 0.0515 0.1476, 3.1102 -0.2959 0.0964, 3.1102 -0.8793 0.0793, 3.1102 -0.4724 -1.3437, 3.1102 -0.5341 -1.3692, 3.1102 -0.3445 -1.122, 3.1102 -0.3532 -1.1883, 3.1102 -0.3788 -1.25, 3.1102 -0.4194 -1.303, 3.1102 -0.6004 -1.378, 3.1102 -0.7813 -1.303, 3.1102 -0.822 -1.25, 3.1102 -0.8563 -1.122, 3.1102 -0.6666 -1.3692, 3.1102 -0.7283 -1.3437, 3.1102 -0.8476 -1.1883, 3.1102 -0.9049 0.0964, 3.1595 -2.9186 6.6325, 3.1665 -2.9014 6.6151, 3.1346 -2.9452 6.6597, 3.1489 -2.9331 6.6474, 3.1162 -2.9546 6.6689, 3.0906 -2.9731 6.531, 3.0906 3.5203 6.531, 3.106 -2.9579 6.5161, 3.1507 -3.0095 6.567, 3.1613 -2.9934 6.5513, 3.1672 -2.9763 6.5343, 3.1149 -3.0335 6.5908, 3.1352 -3.0235 6.5807, 3.1055 3.5049 6.5161, 3.1346 3.5712 6.5811, 3.1162 3.5804 6.5904, 3.1595 3.5439 6.5545, 3.1489 3.5588 6.569, 3.1665 3.5265 6.5372, 3.1532 -1.6467 5.4928, 3.0669 -1.7725 5.4928, 3.1336 -1.6806 5.4928, 3.104 -1.6102 5.4928, 3.062 -2.7836 5.4928, 3.062 -1.7878 5.4928, 3.0191 -1.7379 5.4928, 3.0632 -1.7798 5.4928, 3.0029 -2.7836 5.4928, 3.0071 -1.7616 5.4928, 3.0029 -1.7878 5.4928, 3.0858 -1.6459 5.4928, 3.1652 -1.6095 5.4928, 3.062 -2.6341 1.5739, 3.062 -2.6341 1.0658, 3.062 -2.3588 3.7675, 3.062 -2.3437 1.5739, 3.062 -2.3437 1.0658, 3.062 -2.6492 3.7675, 3.062 -2.6492 4.2757, 3.062 -2.3588 4.2757, 3.2588 -2.4234 1.0658, 3.2566 -2.4364 1.0658, 3.2502 -2.448 1.0658, 3.2194 -2.3437 1.0658, 3.2588 -2.3831 1.0658, 3.1013 -2.6341 1.0658, 3.2535 -2.3634 1.0658, 3.2391 -2.349 1.0658, 3.2535 -2.3634 1.5739, 3.2588 -2.3831 1.5739, 3.2391 -2.349 1.5739, 3.2194 -2.3437 1.5739, 3.1013 -2.6341 1.5739, 3.2502 -2.448 1.5739, 3.2588 -2.4234 1.5739, 3.2566 -2.4364 1.5739, 3.2588 -2.3982 3.7675, 3.2588 -2.4385 4.2757, 3.2588 -2.4385 3.7675, 3.2588 -2.3982 4.2757, 3.2535 -2.3785 3.7675, 3.2391 -2.3641 3.7675, 3.2535 -2.3785 4.2757, 3.2391 -2.3641 4.2757, 3.2194 -2.3588 3.7675, 3.2194 -2.3588 4.2757, 3.1013 -2.6492 4.2757, 3.2502 -2.4631 4.2757, 3.2566 -2.4516 4.2757, 3.2566 -2.4516 3.7675, 3.2502 -2.4631 3.7675, 3.1013 -2.6492 3.7675, 3.0709 3.5256 0.0984, -3.0709 3.5256 0.0984, -3.106 3.5052 6.5161, -3.1613 3.5407 6.5513, -3.1672 3.5236 6.5343, -3.1352 3.5708 6.5807, -3.1507 3.5568 6.567, -3.1149 3.5808 6.5908, -3.1532 -1.6467 5.4928, -3.1652 -1.6095 5.4928, -3.1336 -1.6806 5.4928, -3.0632 -1.7798 5.4928, -3.0858 -1.6459 5.4928, -3.0669 -1.7725 5.4928, -3.062 -1.7878 5.4928, -3.0191 -1.7379 5.4928, -3.0029 -2.7836 5.4928, -3.0029 -1.7878 5.4928, -3.0071 -1.7616 5.4928, -3.062 -2.7836 5.4928, -3.104 -1.6102 5.4928, -3.062 -2.3437 1.0658, -3.062 -2.6341 1.0658, -3.062 -2.3588 3.7675, -3.062 -2.6341 1.5739, -3.062 -2.3588 4.2757, -3.062 -2.6492 3.7675, -3.062 -2.3437 1.5739, -3.062 -2.6492 4.2757, -3.2588 -2.4234 1.0658, -3.2502 -2.448 1.0658, -3.2566 -2.4364 1.0658, -3.2194 -2.3437 1.0658, -3.1013 -2.6341 1.0658, -3.2588 -2.3831 1.0658, -3.2535 -2.3634 1.0658, -3.2391 -2.349 1.0658, -3.2535 -2.3634 1.5739, -3.2391 -2.349 1.5739, -3.2588 -2.3831 1.5739, -3.2194 -2.3437 1.5739, -3.1013 -2.6341 1.5739, -3.2502 -2.448 1.5739, -3.2588 -2.4234 1.5739, -3.2566 -2.4364 1.5739, -3.2588 -2.4385 4.2757, -3.2588 -2.3982 3.7675, -3.2588 -2.4385 3.7675, -3.2588 -2.3982 4.2757, -3.2535 -2.3785 4.2757, -3.2391 -2.3641 4.2757, -3.2535 -2.3785 3.7675, -3.2391 -2.3641 3.7675, -3.2194 -2.3588 4.2757, -3.2194 -2.3588 3.7675, -3.2502 -2.4631 3.7675, -3.2566 -2.4516 3.7675, -3.1013 -2.6492 3.7675, -3.2566 -2.4516 4.2757, -3.2502 -2.4631 4.2757, -3.1013 -2.6492 4.2757, 2.5986 0.2788 0.0236, 3.0906 0.2788 0.0236, 3.1462 0.2788 0.0467, 2.5986 0.2788 0.0827, 3.1633 0.2788 0.0722, 3.1207 0.2788 0.0296, 2.5429 0.3018 0.0827, 2.5429 0.3018 0.0236, 2.5685 0.2848 0.0236, 2.5685 0.2848 0.0827, 2.5259 0.3274 0.0827, 2.5259 0.3274 0.0236, 2.5199 0.3575 0.0827, 2.5199 0.3575 0.0236, 2.6643 1.3844 0.0236, 2.5986 1.4692 0.0236, 2.5986 1.7937 0.0236, 2.7499 0.8696 0.0236, 2.7675 0.9754 0.0236, 2.7152 1.29 0.0236, 3.0906 1.7937 0.0236, 2.7675 1.0827 0.0236, 2.7499 1.1885 0.0236, 2.5986 0.5889 0.0236, 2.6643 0.6737 0.0236, 2.7152 0.7681 0.0236, 2.5199 0.516 0.0236, 2.5199 1.5421 0.0236, 2.5685 1.7877 0.0236, 2.5199 1.715 0.0236, 2.5259 1.7451 0.0236, 2.5429 1.7707 0.0236, 2.5429 1.7707 0.0827, 2.5259 1.7451 0.0827, 2.5199 1.715 0.0827, 2.5685 1.7877 0.0827, 2.5986 1.7937 0.0827, 3.1462 1.7937 0.0467, 3.1633 1.7937 0.0722, 3.1207 1.7937 0.0296, 2.7675 0.9754 0.0827, 2.7499 0.8696 0.0827, 2.5199 1.5421 0.0827, 2.5986 1.4692 0.0827, 2.7152 1.29 0.0827, 2.6643 1.3844 0.0827, 2.7675 1.0827 0.0827, 2.7499 1.1885 0.0827, 2.5986 0.5889 0.0827, 2.5199 0.516 0.0827, 2.7152 0.7681 0.0827, 2.6643 0.6737 0.0827, -3.0906 1.7937 0.0236, -3.1207 1.7937 0.0296, -3.1462 1.7937 0.0467, -3.1633 1.7937 0.0722, -2.5986 1.7937 0.0236, -2.5986 1.7937 0.0827, -2.5429 1.7707 0.0236, -2.5429 1.7707 0.0827, -2.5259 1.7451 0.0827, -2.5199 1.715 0.0827, -2.5259 1.7451 0.0236, -2.5199 1.715 0.0236, -2.5685 1.7877 0.0236, -2.5685 1.7877 0.0827, -2.6643 1.3844 0.0827, -2.5986 1.4692 0.0827, -2.7499 0.8696 0.0827, -2.7675 0.9754 0.0827, -2.7152 1.29 0.0827, -2.7675 1.0827 0.0827, -2.7499 1.1885 0.0827, -2.5986 0.5889 0.0827, -2.5685 0.2848 0.0827, -2.5199 0.516 0.0827, -2.5986 0.2788 0.0827, -2.6643 0.6737 0.0827, -2.7152 0.7681 0.0827, -2.5429 0.3018 0.0827, -2.5259 0.3274 0.0827, -2.5199 0.3575 0.0827, -2.5199 1.5421 0.0827, -2.5199 1.5421 0.0236, -3.0906 0.2788 0.0236, -2.7675 0.9754 0.0236, -2.7499 0.8696 0.0236, -2.5986 1.4692 0.0236, -2.7152 1.29 0.0236, -2.6643 1.3844 0.0236, -2.7675 1.0827 0.0236, -2.7499 1.1885 0.0236, -2.5986 0.2788 0.0236, -2.5986 0.5889 0.0236, -2.5685 0.2848 0.0236, -2.7152 0.7681 0.0236, -2.6643 0.6737 0.0236, -2.5429 0.3018 0.0236, -2.5199 0.3575 0.0236, -2.5259 0.3274 0.0236, -2.5199 0.516 0.0236, -3.1462 0.2788 0.0467, -3.1207 0.2788 0.0296, -3.1633 0.2788 0.0722
            ]
        }
        coordIndex [
            0,1,2,-1,0,3,4,-1,0,5,3,-1,1,0,4,-1,6,7,8,-1,9,10,11,-1,12,13,14,-1,15,16,17,-1,17,18,19,-1,20,13,21,-1,22,23,14,-1,24,25,22,-1,26,25,24,-1,24,27,26,-1,8,28,29,-1,27,30,31,-1,32,33,6,-1,34,33,32,-1,35,34,32,-1,36,37,38,-1,39,40,38,-1,41,42,39,-1,11,10,41,-1,19,43,44,-1,10,42,41,-1,42,40,39,-1,40,36,38,-1,37,35,38,-1,37,34,35,-1,6,33,7,-1,7,28,8,-1,28,30,29,-1,29,30,27,-1,31,26,27,-1,22,25,23,-1,14,23,12,-1,12,21,13,-1,20,15,13,-1,20,16,15,-1,16,18,17,-1,18,43,19,-1,43,45,44,-1,46,47,48,-1,47,49,48,-1,46,50,51,-1,49,52,53,-1,54,55,56,-1,56,48,54,-1,54,48,49,-1,52,49,47,-1,47,46,51,-1,50,57,51,-1,58,59,60,-1,61,59,58,-1,61,62,59,-1,61,63,62,-1,64,65,66,-1,67,65,68,-1,69,67,68,-1,69,70,67,-1,70,69,71,-1,62,72,66,-1,73,71,74,-1,75,74,76,-1,77,78,79,-1,73,70,71,-1,80,79,81,-1,68,65,64,-1,64,66,72,-1,72,62,63,-1,80,82,60,-1,82,58,60,-1,82,80,81,-1,81,79,78,-1,83,77,75,-1,78,77,83,-1,74,75,73,-1,83,75,76,-1,84,85,86,-1,87,88,89,-1,87,90,88,-1,91,84,92,-1,86,90,92,-1,86,92,84,-1,85,93,94,-1,90,87,92,-1,85,94,86,-1,94,93,90,-1,88,90,93,-1,95,96,97,-1,98,99,100,-1,101,102,103,-1,104,105,106,-1,107,108,109,-1,110,111,112,-1,96,113,97,-1,114,115,116,-1,117,118,119,-1,120,121,122,-1,123,124,125,-1,126,107,127,-1,127,128,126,-1,129,130,131,-1,112,111,132,-1,131,130,133,-1,134,131,133,-1,135,110,136,-1,133,128,134,-1,112,137,110,-1,138,139,140,-1,141,142,143,-1,128,133,126,-1,108,107,125,-1,109,127,107,-1,125,144,123,-1,124,108,125,-1,145,138,146,-1,144,147,148,-1,125,147,144,-1,119,149,117,-1,150,151,120,-1,148,152,144,-1,152,153,154,-1,144,152,155,-1,156,157,158,-1,159,158,160,-1,161,162,159,-1,150,163,164,-1,165,166,167,-1,168,169,170,-1,171,141,172,-1,156,159,162,-1,173,174,175,-1,176,143,177,-1,159,156,158,-1,143,142,177,-1,162,161,118,-1,176,178,136,-1,178,135,136,-1,179,110,180,-1,110,135,180,-1,110,179,181,-1,110,140,111,-1,140,110,181,-1,118,161,119,-1,182,149,119,-1,182,119,146,-1,146,119,145,-1,146,138,140,-1,140,139,183,-1,140,184,111,-1,140,183,184,-1,112,185,186,-1,132,185,112,-1,187,102,186,-1,112,186,102,-1,188,102,189,-1,102,187,189,-1,190,102,191,-1,102,188,191,-1,192,106,193,-1,194,193,103,-1,174,195,196,-1,104,197,105,-1,151,150,164,-1,198,199,200,-1,201,170,202,-1,203,204,205,-1,113,175,97,-1,206,207,208,-1,209,210,211,-1,143,176,136,-1,175,113,173,-1,212,213,95,-1,96,95,213,-1,173,195,174,-1,190,194,103,-1,106,192,104,-1,193,194,214,-1,197,215,216,-1,217,215,155,-1,154,153,218,-1,197,216,105,-1,218,165,167,-1,197,155,215,-1,97,122,121,-1,122,97,175,-1,167,166,219,-1,120,151,121,-1,154,155,152,-1,167,219,141,-1,165,218,153,-1,219,172,141,-1,220,163,150,-1,221,142,141,-1,171,221,141,-1,155,154,217,-1,214,192,193,-1,190,103,102,-1,102,222,223,-1,101,222,102,-1,116,115,224,-1,209,198,200,-1,225,226,205,-1,227,228,229,-1,211,210,224,-1,199,198,230,-1,231,232,233,-1,234,235,236,-1,170,199,237,-1,238,239,240,-1,238,241,242,-1,229,236,205,-1,224,210,116,-1,243,207,244,-1,234,245,235,-1,246,247,248,-1,249,250,251,-1,241,249,252,-1,249,241,250,-1,253,254,255,-1,252,242,241,-1,255,207,206,-1,256,257,255,-1,238,240,241,-1,208,207,243,-1,244,207,258,-1,240,259,260,-1,239,259,240,-1,258,261,244,-1,262,263,207,-1,264,265,266,-1,260,266,240,-1,207,263,258,-1,267,262,207,-1,268,269,270,-1,265,271,272,-1,262,267,273,-1,269,268,274,-1,275,276,277,-1,275,278,276,-1,275,277,279,-1,280,281,282,-1,283,284,285,-1,286,143,136,-1,255,257,207,-1,201,220,283,-1,287,288,289,-1,290,291,201,-1,237,168,170,-1,253,255,206,-1,255,247,292,-1,247,255,254,-1,293,246,248,-1,294,293,248,-1,292,246,295,-1,292,247,246,-1,292,295,296,-1,297,245,298,-1,235,245,297,-1,250,232,251,-1,250,233,232,-1,233,299,231,-1,299,233,298,-1,299,298,245,-1,297,100,235,-1,235,100,99,-1,300,99,98,-1,301,99,300,-1,302,99,303,-1,99,304,235,-1,305,306,266,-1,307,302,303,-1,308,302,307,-1,309,281,280,-1,308,310,302,-1,311,309,312,-1,310,313,302,-1,309,280,314,-1,315,316,317,-1,313,318,302,-1,319,320,321,-1,322,309,311,-1,323,324,325,-1,326,322,311,-1,327,328,329,-1,326,330,322,-1,331,332,279,-1,333,305,266,-1,272,266,265,-1,264,266,260,-1,240,266,306,-1,314,312,309,-1,305,333,334,-1,330,335,322,-1,336,322,335,-1,337,282,281,-1,337,281,333,-1,333,281,334,-1,304,338,339,-1,339,235,304,-1,301,340,99,-1,303,99,340,-1,341,339,338,-1,304,342,338,-1,338,343,341,-1,344,345,346,-1,343,347,341,-1,348,272,271,-1,349,350,351,-1,352,339,349,-1,235,339,352,-1,349,353,352,-1,354,351,355,-1,356,357,358,-1,359,352,360,-1,355,351,356,-1,361,353,349,-1,359,360,362,-1,351,361,349,-1,363,364,362,-1,365,366,367,-1,368,369,370,-1,357,356,351,-1,371,368,370,-1,372,373,374,-1,375,358,357,-1,375,357,376,-1,370,377,371,-1,377,378,371,-1,378,379,371,-1,380,363,381,-1,379,363,371,-1,379,381,363,-1,362,371,363,-1,382,383,384,-1,364,383,362,-1,385,383,382,-1,386,387,388,-1,389,390,391,-1,341,392,376,-1,393,394,395,-1,376,390,375,-1,351,396,361,-1,351,354,396,-1,396,397,361,-1,360,352,353,-1,398,399,400,-1,401,287,201,-1,402,403,404,-1,137,405,110,-1,136,406,286,-1,141,143,220,-1,407,408,409,-1,220,143,283,-1,201,163,220,-1,163,201,202,-1,410,405,411,-1,412,329,328,-1,413,414,275,-1,415,329,412,-1,416,329,415,-1,417,418,329,-1,416,417,329,-1,419,420,418,-1,421,422,423,-1,421,405,424,-1,425,399,423,-1,399,426,400,-1,399,425,427,-1,399,427,426,-1,283,399,398,-1,428,283,398,-1,429,283,428,-1,284,283,429,-1,285,290,283,-1,283,290,201,-1,401,275,287,-1,430,401,431,-1,432,401,430,-1,331,279,277,-1,432,433,401,-1,401,327,329,-1,275,434,278,-1,435,436,437,-1,438,439,319,-1,433,440,401,-1,401,440,327,-1,441,268,332,-1,414,442,443,-1,418,444,329,-1,445,446,447,-1,448,449,450,-1,257,256,451,-1,452,447,453,-1,454,451,436,-1,275,414,443,-1,437,436,451,-1,439,449,319,-1,274,455,269,-1,450,456,448,-1,274,457,455,-1,268,270,332,-1,447,458,445,-1,320,459,321,-1,457,321,455,-1,460,461,319,-1,348,462,272,-1,463,464,460,-1,460,319,448,-1,464,463,465,-1,466,467,468,-1,458,447,452,-1,453,447,469,-1,470,471,472,-1,452,453,456,-1,473,468,414,-1,474,456,453,-1,448,456,474,-1,414,470,473,-1,448,319,449,-1,463,460,448,-1,475,476,477,-1,478,479,480,-1,481,482,476,-1,483,484,485,-1,486,482,481,-1,470,414,471,-1,482,477,476,-1,329,444,487,-1,475,477,480,-1,488,471,489,-1,488,472,471,-1,490,491,492,-1,480,479,475,-1,478,463,479,-1,478,465,463,-1,437,493,494,-1,495,496,345,-1,461,320,319,-1,497,498,499,-1,272,499,498,-1,500,501,502,-1,503,504,505,-1,496,506,507,-1,508,509,510,-1,511,512,513,-1,488,483,505,-1,468,467,414,-1,467,466,514,-1,414,467,442,-1,515,275,443,-1,434,275,515,-1,495,506,496,-1,345,461,495,-1,316,516,517,-1,497,518,519,-1,318,517,516,-1,520,521,522,-1,523,512,511,-1,524,345,344,-1,525,320,461,-1,526,527,528,-1,529,527,526,-1,528,346,526,-1,526,346,345,-1,530,531,532,-1,461,524,525,-1,345,524,461,-1,533,534,535,-1,536,537,530,-1,538,539,540,-1,537,536,541,-1,321,459,455,-1,542,530,537,-1,540,372,543,-1,530,542,531,-1,462,348,544,-1,538,540,545,-1,435,437,494,-1,542,537,546,-1,547,540,548,-1,271,493,437,-1,547,545,540,-1,499,272,462,-1,549,499,462,-1,550,499,549,-1,543,499,550,-1,372,374,499,-1,551,498,497,-1,539,372,540,-1,535,531,542,-1,535,534,531,-1,545,534,533,-1,545,533,538,-1,347,365,552,-1,543,372,499,-1,497,553,315,-1,395,554,393,-1,520,555,556,-1,557,365,558,-1,365,557,559,-1,560,561,392,-1,562,563,564,-1,501,554,565,-1,566,567,568,-1,569,570,571,-1,564,572,366,-1,573,574,497,-1,575,573,519,-1,497,315,551,-1,576,577,500,-1,576,578,577,-1,497,579,553,-1,497,574,579,-1,577,501,500,-1,580,581,582,-1,502,501,565,-1,519,573,497,-1,578,583,577,-1,577,583,584,-1,585,582,586,-1,501,393,554,-1,393,562,394,-1,393,563,562,-1,507,511,587,-1,562,564,366,-1,390,376,391,-1,572,566,568,-1,588,589,590,-1,591,390,389,-1,592,593,594,-1,595,596,597,-1,598,599,600,-1,596,601,602,-1,580,602,581,-1,582,581,586,-1,519,582,585,-1,519,585,575,-1,315,317,551,-1,317,316,517,-1,516,558,318,-1,318,558,302,-1,365,559,366,-1,365,302,558,-1,590,589,603,-1,589,604,605,-1,391,606,607,-1,389,386,591,-1,376,392,391,-1,391,607,389,-1,387,385,382,-1,608,600,609,-1,603,610,590,-1,588,604,589,-1,605,604,567,-1,566,605,567,-1,611,572,568,-1,366,572,611,-1,367,366,611,-1,347,552,341,-1,302,365,347,-1,392,341,552,-1,560,392,552,-1,384,383,364,-1,612,359,383,-1,383,359,362,-1,612,383,613,-1,614,615,607,-1,616,617,618,-1,616,618,615,-1,619,620,621,-1,593,622,603,-1,388,591,386,-1,387,386,385,-1,623,385,386,-1,623,386,624,-1,405,137,625,-1,571,570,373,-1,555,626,627,-1,137,628,403,-1,399,405,421,-1,629,630,631,-1,403,402,632,-1,632,633,403,-1,634,635,636,-1,637,631,638,-1,403,633,137,-1,137,633,639,-1,631,637,629,-1,640,137,641,-1,137,639,641,-1,137,640,642,-1,137,643,625,-1,137,642,643,-1,405,625,411,-1,405,644,645,-1,410,644,405,-1,645,424,405,-1,636,635,646,-1,647,419,422,-1,421,423,399,-1,422,421,647,-1,420,419,647,-1,646,408,636,-1,638,648,649,-1,648,634,649,-1,637,638,649,-1,636,649,634,-1,646,650,408,-1,409,651,407,-1,650,409,408,-1,652,647,651,-1,407,651,647,-1,420,647,652,-1,418,420,444,-1,571,373,653,-1,654,655,656,-1,657,658,659,-1,660,661,662,-1,628,137,663,-1,664,665,666,-1,612,599,137,-1,664,667,668,-1,669,670,671,-1,672,673,491,-1,492,491,673,-1,488,505,504,-1,484,483,489,-1,491,490,658,-1,487,444,663,-1,490,659,658,-1,485,484,674,-1,675,658,657,-1,675,671,658,-1,675,669,671,-1,676,671,670,-1,677,678,671,-1,677,671,676,-1,628,663,444,-1,509,678,510,-1,678,509,671,-1,679,680,509,-1,679,509,508,-1,681,509,680,-1,682,681,683,-1,681,682,509,-1,664,682,684,-1,683,684,682,-1,685,664,686,-1,664,684,686,-1,664,685,667,-1,655,661,656,-1,674,484,687,-1,329,487,489,-1,489,487,484,-1,483,488,489,-1,512,503,513,-1,503,512,504,-1,688,511,513,-1,511,688,689,-1,689,690,511,-1,691,521,692,-1,556,521,520,-1,693,694,596,-1,570,374,373,-1,373,496,653,-1,602,580,695,-1,600,599,696,-1,654,697,655,-1,698,137,699,-1,137,599,699,-1,700,701,702,-1,668,667,663,-1,703,137,704,-1,137,698,704,-1,663,705,668,-1,137,703,706,-1,137,706,707,-1,663,137,705,-1,137,707,708,-1,137,708,705,-1,664,668,665,-1,661,664,666,-1,661,666,662,-1,660,656,661,-1,626,697,627,-1,697,626,655,-1,627,556,555,-1,692,521,556,-1,709,691,692,-1,587,710,653,-1,520,522,711,-1,711,522,690,-1,507,587,496,-1,522,511,690,-1,523,511,507,-1,653,496,587,-1,710,712,653,-1,713,701,700,-1,712,714,653,-1,700,715,716,-1,715,700,702,-1,715,717,716,-1,712,701,713,-1,713,718,712,-1,653,714,719,-1,712,718,714,-1,720,696,721,-1,722,723,724,-1,725,696,726,-1,727,571,599,-1,728,598,729,-1,571,730,569,-1,598,731,599,-1,732,733,734,-1,598,735,731,-1,598,728,735,-1,736,737,738,-1,739,740,736,-1,599,731,741,-1,736,740,737,-1,742,599,743,-1,599,741,743,-1,599,742,744,-1,745,599,746,-1,599,744,746,-1,599,745,727,-1,747,571,748,-1,571,727,748,-1,749,750,751,-1,571,747,730,-1,752,733,732,-1,570,753,374,-1,580,374,753,-1,695,580,753,-1,752,749,733,-1,739,754,755,-1,754,734,755,-1,740,739,755,-1,733,755,734,-1,752,756,749,-1,750,757,751,-1,756,750,749,-1,758,753,757,-1,751,757,753,-1,695,753,758,-1,602,695,596,-1,594,759,694,-1,620,619,760,-1,594,761,762,-1,763,619,764,-1,765,614,606,-1,766,723,722,-1,767,696,725,-1,696,768,721,-1,767,768,696,-1,769,696,720,-1,770,771,772,-1,696,599,612,-1,773,770,774,-1,775,772,776,-1,777,600,769,-1,696,769,600,-1,773,771,770,-1,778,600,777,-1,779,780,773,-1,781,600,782,-1,600,778,782,-1,600,781,609,-1,596,600,783,-1,608,783,600,-1,779,784,780,-1,766,775,785,-1,786,596,787,-1,596,783,787,-1,788,789,723,-1,761,790,791,-1,596,786,597,-1,593,759,594,-1,694,759,601,-1,596,595,693,-1,601,596,694,-1,791,762,761,-1,792,793,594,-1,794,795,796,-1,795,763,797,-1,594,793,592,-1,594,762,792,-1,622,593,798,-1,592,798,593,-1,610,603,622,-1,799,610,622,-1,760,619,610,-1,760,610,799,-1,621,800,619,-1,606,801,765,-1,802,619,800,-1,764,619,802,-1,614,765,803,-1,606,614,607,-1,804,696,795,-1,795,797,796,-1,696,763,795,-1,795,805,788,-1,794,805,795,-1,795,788,723,-1,723,789,724,-1,722,775,766,-1,784,779,806,-1,771,773,780,-1,775,776,785,-1,771,776,772,-1,696,619,763,-1,807,803,765,-1,804,726,696,-1,615,808,616,-1,615,614,808,-1,612,613,808,-1,616,808,613,-1,808,809,612,-1,612,809,810,-1,811,812,810,-1,810,812,813,-1,612,810,813,-1,612,813,696,-1,765,801,619,-1,610,619,801,-1,331,814,332,-1,332,814,441,-1,279,287,275,-1,229,815,451,-1,205,226,203,-1,210,209,200,-1,202,170,169,-1,201,431,401,-1,287,279,288,-1,431,201,291,-1,237,199,230,-1,816,229,256,-1,115,114,223,-1,114,102,223,-1,102,114,236,-1,817,225,205,-1,236,114,817,-1,227,229,816,-1,818,205,204,-1,229,451,256,-1,817,205,236,-1,228,234,229,-1,236,229,234,-1,451,819,257,-1,819,451,454,-1,324,544,348,-1,271,437,348,-1,323,325,270,-1,544,324,323,-1,332,270,325,-1,820,821,822,-1,822,821,823,-1,824,825,826,-1,826,827,824,-1,828,829,830,-1,829,828,825,-1,828,826,825,-1,831,827,832,-1,824,827,831,-1,833,831,832,-1,834,832,835,-1,832,834,833,-1,834,835,836,-1,836,837,838,-1,837,836,835,-1,839,840,837,-1,838,837,840,-1,839,841,842,-1,842,840,839,-1,841,843,842,-1,843,841,844,-1,845,846,847,-1,848,849,850,-1,851,852,845,-1,851,850,852,-1,853,854,855,-1,853,855,856,-1,857,858,859,-1,853,857,860,-1,859,860,857,-1,854,853,860,-1,855,849,856,-1,856,849,848,-1,848,850,851,-1,852,861,846,-1,852,846,845,-1,852,862,861,-1,852,863,862,-1,864,865,863,-1,862,863,865,-1,866,864,867,-1,866,865,864,-1,868,869,870,-1,869,868,871,-1,872,873,874,-1,875,873,876,-1,875,874,873,-1,875,876,871,-1,876,869,871,-1,869,876,877,-1,878,879,880,-1,881,882,879,-1,883,884,879,-1,885,879,884,-1,880,879,885,-1,878,886,887,-1,886,878,880,-1,888,879,878,-1,889,890,891,-1,878,891,890,-1,888,878,890,-1,892,893,890,-1,894,890,893,-1,894,895,890,-1,895,888,890,-1,896,897,888,-1,888,895,896,-1,879,888,881,-1,898,899,900,-1,900,901,898,-1,899,902,900,-1,902,903,900,-1,904,905,906,-1,907,904,906,-1,905,904,902,-1,908,904,909,-1,908,909,910,-1,909,911,912,-1,912,910,909,-1,904,908,902,-1,902,908,903,-1,913,903,914,-1,903,908,914,-1,915,903,913,-1,916,917,918,-1,919,920,921,-1,922,923,924,-1,921,925,926,-1,920,925,921,-1,925,920,927,-1,928,927,920,-1,929,926,925,-1,930,931,929,-1,931,930,932,-1,933,934,930,-1,932,930,934,-1,935,936,929,-1,935,929,931,-1,930,929,925,-1,926,924,921,-1,926,922,924,-1,926,937,922,-1,922,937,938,-1,939,940,941,-1,942,943,941,-1,939,941,943,-1,944,943,942,-1,945,940,939,-1,946,945,612,-1,945,946,940,-1,946,612,137,-1,947,946,137,-1,948,942,947,-1,946,947,940,-1,947,137,949,-1,947,941,940,-1,947,942,941,-1,950,951,952,-1,950,953,954,-1,955,950,952,-1,950,956,957,-1,951,950,957,-1,950,954,956,-1,958,959,960,-1,959,961,962,-1,958,963,964,-1,960,963,958,-1,961,965,962,-1,959,962,960,-1,965,966,942,-1,961,966,965,-1,965,942,948,-1,967,968,958,-1,969,967,964,-1,958,964,967,-1,963,970,969,-1,969,964,963,-1,959,958,968,-1,959,968,971,-1,961,971,966,-1,961,959,971,-1,942,966,972,-1,971,972,966,-1,942,972,952,-1,973,974,975,-1,976,977,978,-1,979,980,981,-1,982,983,984,-1,985,952,986,-1,977,987,988,-1,989,952,988,-1,990,991,992,-1,974,973,993,-1,994,983,982,-1,993,973,995,-1,983,996,997,-1,998,996,983,-1,999,942,1000,-1,992,1001,990,-1,1001,998,990,-1,990,998,983,-1,952,984,997,-1,984,983,997,-1,942,952,1000,-1,952,997,1000,-1,1002,942,1003,-1,942,999,1003,-1,1004,942,1005,-1,942,1002,1005,-1,1006,1007,1008,-1,1007,1009,1010,-1,1010,1011,1007,-1,944,942,1012,-1,1007,1006,1009,-1,1006,1008,1013,-1,1014,1015,1006,-1,1014,1006,1013,-1,1016,1006,1015,-1,1017,1006,1016,-1,1018,1006,1017,-1,1018,1004,1006,-1,1018,1019,1004,-1,1020,942,1019,-1,1004,1019,942,-1,942,1021,1012,-1,942,1020,1021,-1,1022,944,1023,-1,944,1012,1023,-1,1024,1025,980,-1,1022,1024,1026,-1,1027,1028,980,-1,1029,980,979,-1,1030,1031,1032,-1,1031,980,1028,-1,980,1031,1030,-1,1032,1031,1033,-1,1034,1035,1036,-1,1025,981,980,-1,980,1029,1027,-1,980,1026,1024,-1,1022,1026,944,-1,1037,1036,1038,-1,1039,944,1040,-1,944,1026,1040,-1,944,1039,1041,-1,944,1042,1043,-1,944,1041,1042,-1,944,1043,976,-1,1044,1037,1038,-1,976,1043,1044,-1,1045,1035,1046,-1,1046,1035,1034,-1,1038,1036,1035,-1,1047,1048,1049,-1,1050,1051,1052,-1,1049,1053,1047,-1,1053,1052,1047,-1,1054,1049,1048,-1,1050,1052,1053,-1,1055,1051,1050,-1,1055,1038,1051,-1,976,1044,1055,-1,1038,1055,1044,-1,1056,976,1057,-1,976,1055,1057,-1,976,1058,987,-1,976,1056,1058,-1,976,987,977,-1,952,985,988,-1,988,985,977,-1,952,989,1059,-1,952,1059,1060,-1,1060,984,952,-1,994,982,1061,-1,993,995,1061,-1,994,1061,995,-1,1062,1063,974,-1,1064,1065,1066,-1,1062,1065,1064,-1,974,1063,1067,-1,1068,1069,1070,-1,1071,1072,1070,-1,1073,1067,1074,-1,1067,1063,1075,-1,1076,1073,1074,-1,1077,1076,1074,-1,1078,1079,1080,-1,1080,1081,1082,-1,1083,1084,1085,-1,1086,1079,1083,-1,1072,1087,1084,-1,1069,1071,1070,-1,1087,1085,1084,-1,1071,1087,1072,-1,1085,1086,1083,-1,1079,1078,1083,-1,1080,1082,1078,-1,1081,1077,1082,-1,1081,1088,1077,-1,1067,1075,1074,-1,1088,1076,1077,-1,993,1062,974,-1,993,1065,1062,-1,1061,1089,1090,-1,993,1090,1065,-1,1061,1090,993,-1,982,1089,1061,-1,1089,982,1091,-1,982,984,1091,-1,983,1092,990,-1,1092,983,1093,-1,1060,1094,1091,-1,1060,1091,984,-1,1095,994,995,-1,1096,1095,995,-1,1096,995,973,-1,1095,1097,994,-1,994,1097,983,-1,1097,1093,983,-1,1098,1099,1100,-1,1101,948,947,-1,1102,1103,1104,-1,1104,1098,1100,-1,1098,1104,1103,-1,1105,1106,1107,-1,1107,1106,1108,-1,1106,1109,1110,-1,1111,1112,1113,-1,1109,1106,1114,-1,1115,1116,1092,-1,1117,948,1101,-1,1118,1119,1093,-1,1120,1121,955,-1,1122,1123,955,-1,955,1123,1124,-1,1122,1125,1123,-1,950,955,1124,-1,1118,1066,1119,-1,1093,1097,1118,-1,1126,1103,1121,-1,1119,1127,1093,-1,1066,1065,1090,-1,1091,1066,1089,-1,1090,1089,1066,-1,1128,1117,1114,-1,1129,965,1130,-1,1097,1095,1118,-1,1118,1095,1096,-1,1131,1093,1127,-1,1092,1116,1132,-1,1133,965,948,-1,1133,1130,965,-1,1115,1092,1131,-1,1092,1093,1131,-1,1134,1119,1091,-1,1119,1066,1091,-1,965,1129,1134,-1,1134,1129,1119,-1,948,1135,1136,-1,1133,948,1136,-1,1117,1137,948,-1,1135,948,1137,-1,1138,1139,1140,-1,1140,1141,1142,-1,1141,1140,1143,-1,1128,1114,1144,-1,1140,1142,1138,-1,1138,1145,1139,-1,1146,1138,1147,-1,1146,1145,1138,-1,1148,1147,1138,-1,1149,1148,1138,-1,1150,1149,1138,-1,1150,1138,1137,-1,1150,1137,1151,-1,1152,1151,1117,-1,1137,1117,1151,-1,1117,1128,1153,-1,1117,1153,1152,-1,1154,1105,1155,-1,1144,1114,1154,-1,1112,1111,1156,-1,1157,1155,1112,-1,1158,1112,1159,-1,1113,1112,1158,-1,1160,1161,1162,-1,1162,1159,1112,-1,1112,1160,1162,-1,1161,1163,1162,-1,1164,1165,1166,-1,1105,1112,1155,-1,1112,1156,1157,-1,1105,1154,1114,-1,1106,1105,1114,-1,1166,1165,1167,-1,1168,1169,1170,-1,1170,1171,1106,-1,1108,1106,1171,-1,1170,1169,1172,-1,1170,1172,1171,-1,1169,1168,1173,-1,1165,1174,1167,-1,1174,1173,1167,-1,1175,1176,1166,-1,1176,1164,1166,-1,1173,1177,1167,-1,1178,1177,1179,-1,1173,1180,1181,-1,1177,1182,1179,-1,1177,1173,1181,-1,1167,1177,1178,-1,1183,1184,1181,-1,1181,1184,1185,-1,1186,1180,1168,-1,1173,1168,1180,-1,1181,1180,1183,-1,1098,1187,1168,-1,1186,1168,1187,-1,1098,1126,1188,-1,1098,1188,1187,-1,1098,1103,1126,-1,955,1121,1122,-1,1122,1121,1103,-1,1134,1189,955,-1,1120,955,1189,-1,1091,1094,1134,-1,1134,1094,1189,-1,1118,1064,1066,-1,1118,1190,1064,-1,1190,1062,1064,-1,1190,1191,1062,-1,1192,1193,1074,-1,1191,1063,1062,-1,1194,1075,1063,-1,1192,1075,1194,-1,1191,1194,1063,-1,1074,1075,1192,-1,1195,1196,1068,-1,1197,1198,1084,-1,1199,1070,1072,-1,1082,1200,1201,-1,1083,1078,1202,-1,1193,1200,1077,-1,1082,1077,1200,-1,1074,1193,1077,-1,1202,1078,1201,-1,1078,1082,1201,-1,1083,1197,1084,-1,1083,1202,1197,-1,1198,1199,1072,-1,1084,1198,1072,-1,1195,1068,1070,-1,1199,1195,1070,-1,1196,1069,1068,-1,1196,1203,1069,-1,1085,1204,1086,-1,1085,1087,1205,-1,1205,1204,1085,-1,1206,1087,1071,-1,1087,1206,1205,-1,1069,1207,1071,-1,1206,1071,1207,-1,1203,1207,1069,-1,1208,1086,1204,-1,1209,1079,1208,-1,1086,1208,1079,-1,1209,1210,1080,-1,1080,1079,1209,-1,1081,1210,1211,-1,1210,1081,1080,-1,1081,1211,1088,-1,1212,1073,1076,-1,1088,1213,1076,-1,1212,1076,1213,-1,1211,1213,1088,-1,1214,1073,1212,-1,1067,1214,975,-1,1214,1067,1073,-1,1067,975,974,-1,1214,1192,1194,-1,1196,1195,1203,-1,1212,1193,1214,-1,1207,1195,1199,-1,1200,1193,1213,-1,1212,1213,1193,-1,1209,1201,1210,-1,1201,1200,1210,-1,1197,1208,1204,-1,1208,1202,1209,-1,1199,1198,1206,-1,1198,1197,1205,-1,1203,1195,1207,-1,1206,1198,1205,-1,1207,1199,1206,-1,1205,1197,1204,-1,1208,1197,1202,-1,1209,1202,1201,-1,1211,1210,1200,-1,1214,1193,1192,-1,1211,1200,1213,-1,975,1214,1194,-1,975,1194,1191,-1,975,1191,973,-1,1118,1096,1190,-1,1190,1096,1191,-1,1191,1096,973,-1,1132,1116,991,-1,990,1092,1132,-1,1132,991,990,-1,991,1116,992,-1,1116,1115,992,-1,992,1115,1001,-1,1001,1131,998,-1,1131,1001,1115,-1,1119,1129,1000,-1,1131,996,998,-1,1127,997,996,-1,1119,997,1127,-1,1131,1127,996,-1,1000,997,1119,-1,1000,1130,999,-1,1130,1000,1129,-1,1135,1137,1004,-1,1130,1133,1003,-1,1136,1005,1002,-1,999,1130,1003,-1,1136,1002,1133,-1,1003,1133,1002,-1,1135,1004,1005,-1,1136,1135,1005,-1,1004,1138,1006,-1,1138,1004,1137,-1,1141,1010,1009,-1,1006,1142,1009,-1,1141,1009,1142,-1,1138,1142,1006,-1,1143,1010,1141,-1,1011,1143,1140,-1,1143,1011,1010,-1,1011,1140,1007,-1,1145,1013,1008,-1,1014,1146,1147,-1,1007,1140,1139,-1,1015,1014,1147,-1,1145,1146,1013,-1,1014,1013,1146,-1,1139,1008,1007,-1,1145,1008,1139,-1,1149,1017,1016,-1,1015,1147,1148,-1,1016,1015,1148,-1,1149,1016,1148,-1,1017,1150,1018,-1,1150,1017,1149,-1,1152,1153,1021,-1,1150,1019,1018,-1,1151,1020,1019,-1,1152,1020,1151,-1,1150,1151,1019,-1,1021,1020,1152,-1,1021,1128,1012,-1,1128,1021,1153,-1,1154,1155,1024,-1,1128,1023,1012,-1,1144,1022,1023,-1,1154,1022,1144,-1,1128,1144,1023,-1,1024,1022,1154,-1,1024,1157,1025,-1,1157,1024,1155,-1,1111,979,981,-1,1025,1157,1156,-1,981,1025,1156,-1,1111,981,1156,-1,1158,1027,1029,-1,1028,1159,1162,-1,979,1111,1113,-1,1031,1028,1162,-1,1158,1159,1027,-1,1028,1027,1159,-1,1113,1029,979,-1,1158,1029,1113,-1,1161,1032,1033,-1,1031,1163,1033,-1,1161,1033,1163,-1,1162,1163,1031,-1,1160,1032,1161,-1,1030,1160,1112,-1,1160,1030,1032,-1,1030,1112,980,-1,980,1105,1026,-1,1105,980,1112,-1,1171,1172,1042,-1,1105,1107,1040,-1,1108,1041,1039,-1,1026,1105,1040,-1,1108,1039,1107,-1,1040,1107,1039,-1,1171,1042,1041,-1,1108,1171,1041,-1,1042,1169,1043,-1,1169,1042,1172,-1,1174,1165,1036,-1,1169,1044,1043,-1,1173,1037,1044,-1,1174,1037,1173,-1,1169,1173,1044,-1,1036,1037,1174,-1,1036,1164,1034,-1,1164,1036,1165,-1,1176,1175,1046,-1,1034,1164,1176,-1,1176,1046,1034,-1,1046,1175,1045,-1,1175,1166,1045,-1,1045,1166,1035,-1,1035,1166,1167,-1,1035,1167,1038,-1,1055,1186,1057,-1,1186,1055,1180,-1,1052,1178,1179,-1,1047,1179,1182,-1,1052,1179,1047,-1,1051,1178,1052,-1,1178,1051,1167,-1,1051,1038,1167,-1,1215,1216,1217,-1,1218,1219,1220,-1,1221,1215,1222,-1,1223,1224,1220,-1,1225,1226,1222,-1,1221,1222,1226,-1,1227,1228,1229,-1,1229,1228,1225,-1,1230,1231,1232,-1,1232,1227,1233,-1,1224,1234,1235,-1,1235,1236,1230,-1,1219,1223,1220,-1,1234,1236,1235,-1,1223,1234,1224,-1,1236,1231,1230,-1,1232,1233,1230,-1,1227,1229,1233,-1,1237,1225,1228,-1,1215,1217,1222,-1,1237,1226,1225,-1,1048,1216,1215,-1,1048,1238,1216,-1,1048,1047,1238,-1,1177,1239,1182,-1,1239,1238,1182,-1,1238,1047,1182,-1,1240,1221,1241,-1,1240,1054,1215,-1,1215,1221,1240,-1,1054,1048,1215,-1,1226,1241,1221,-1,1242,1226,1237,-1,1226,1242,1241,-1,1242,1237,1243,-1,1240,1244,1245,-1,1246,1247,1248,-1,1249,1240,1241,-1,1250,1247,1251,-1,1252,1249,1242,-1,1241,1242,1249,-1,1253,1254,1255,-1,1254,1252,1255,-1,1256,1257,1258,-1,1257,1259,1253,-1,1251,1260,1261,-1,1260,1256,1262,-1,1248,1247,1250,-1,1261,1260,1262,-1,1250,1251,1261,-1,1262,1256,1258,-1,1257,1256,1259,-1,1253,1259,1254,-1,1243,1255,1252,-1,1240,1249,1244,-1,1243,1252,1242,-1,1054,1240,1245,-1,1054,1245,1263,-1,1054,1263,1049,-1,1264,1185,1263,-1,1263,1185,1049,-1,1185,1264,1181,-1,1177,1264,1239,-1,1264,1177,1181,-1,1263,1238,1239,-1,1263,1239,1264,-1,1217,1245,1244,-1,1263,1216,1238,-1,1216,1245,1217,-1,1222,1244,1249,-1,1222,1217,1244,-1,1263,1245,1216,-1,1229,1252,1254,-1,1249,1225,1222,-1,1256,1260,1235,-1,1230,1233,1259,-1,1251,1247,1220,-1,1220,1224,1251,-1,1246,1218,1247,-1,1220,1247,1218,-1,1224,1235,1260,-1,1260,1251,1224,-1,1256,1230,1259,-1,1256,1235,1230,-1,1233,1229,1254,-1,1259,1233,1254,-1,1225,1249,1252,-1,1229,1225,1252,-1,1248,1219,1218,-1,1248,1218,1246,-1,1258,1257,1231,-1,1232,1257,1253,-1,1257,1232,1231,-1,1255,1227,1253,-1,1232,1253,1227,-1,1255,1243,1228,-1,1228,1227,1255,-1,1243,1237,1228,-1,1236,1258,1231,-1,1234,1262,1236,-1,1258,1236,1262,-1,1234,1223,1261,-1,1261,1262,1234,-1,1250,1223,1219,-1,1223,1250,1261,-1,1250,1219,1248,-1,1184,1050,1053,-1,1185,1184,1053,-1,1185,1053,1049,-1,1184,1183,1050,-1,1050,1183,1055,-1,1183,1180,1055,-1,1188,1126,987,-1,1186,1056,1057,-1,1187,1058,1056,-1,1188,1058,1187,-1,1186,1187,1056,-1,987,1058,1188,-1,987,1121,988,-1,1121,987,1126,-1,1189,1094,1060,-1,1121,989,988,-1,1120,1059,989,-1,1189,1059,1120,-1,1121,1120,989,-1,1060,1059,1189,-1,1265,1266,1125,-1,1267,1268,1125,-1,1268,1265,1125,-1,1269,1267,1125,-1,1270,1266,1265,-1,1122,986,1125,-1,1269,1125,986,-1,986,1122,985,-1,1103,977,985,-1,985,1122,1103,-1,1271,1272,1273,-1,1103,1102,978,-1,1271,1102,1272,-1,1102,1274,978,-1,1103,978,977,-1,1102,1275,1276,-1,1274,1102,1276,-1,1102,1271,1275,-1,957,1267,1269,-1,986,951,1269,-1,957,1269,951,-1,952,951,986,-1,956,1267,957,-1,1268,956,954,-1,956,1268,1267,-1,1268,954,1265,-1,1275,1277,1276,-1,1275,1271,1278,-1,1278,1277,1275,-1,1271,1279,1278,-1,1280,1276,1277,-1,1274,1280,976,-1,1280,1274,1276,-1,1274,976,978,-1,954,1281,1282,-1,1273,1270,1283,-1,1282,1270,954,-1,1282,1284,1285,-1,1285,1283,1282,-1,1286,1279,1283,-1,1271,1273,1279,-1,1283,1279,1273,-1,954,1270,1265,-1,1283,1270,1282,-1,1266,1273,1272,-1,1266,1270,1273,-1,1287,1288,1289,-1,1272,1289,1266,-1,1272,1102,1104,-1,1104,1287,1272,-1,1123,1125,1266,-1,1288,1287,1290,-1,1272,1287,1289,-1,1289,1123,1266,-1,1291,1292,1293,-1,1124,1289,1294,-1,1124,1294,953,-1,1291,1295,1292,-1,953,950,1124,-1,1291,953,1295,-1,953,1294,1295,-1,1289,1124,1123,-1,1296,1297,1298,-1,1299,1298,1300,-1,1298,1299,1296,-1,1301,1291,1293,-1,1302,1303,1300,-1,953,1291,954,-1,954,1291,1301,-1,1302,1293,1303,-1,1301,1293,1302,-1,1299,1300,1303,-1,1299,1304,1305,-1,1304,1299,1303,-1,963,1306,970,-1,1306,963,960,-1,1305,1307,1299,-1,1308,1309,1310,-1,1299,1311,1296,-1,1312,1299,1307,-1,1313,1311,1299,-1,1299,1314,1313,-1,1299,1312,1314,-1,1315,1296,1311,-1,1316,1296,1317,-1,1296,1315,1317,-1,1296,1318,1319,-1,1296,1316,1318,-1,1296,1319,1320,-1,1321,1322,1323,-1,1323,1324,1321,-1,1322,1325,1323,-1,1308,1310,1307,-1,1326,1310,1309,-1,1305,1327,1307,-1,1327,1308,1307,-1,1320,1328,1305,-1,1326,1309,1329,-1,1305,1330,1327,-1,1331,1329,1325,-1,1329,1331,1326,-1,1322,1331,1325,-1,1321,1324,1332,-1,1324,1333,1332,-1,1320,1319,1333,-1,1332,1333,1319,-1,1333,1334,1320,-1,1335,1320,1336,-1,1320,1334,1336,-1,1320,1335,1337,-1,1305,1328,1338,-1,1320,1337,1328,-1,1330,1305,1339,-1,1305,1338,1339,-1,1340,1341,1342,-1,1343,1340,1344,-1,1340,1345,1341,-1,1344,1346,1347,-1,1348,1349,1350,-1,1344,1342,1346,-1,1340,1342,1344,-1,1348,1351,1352,-1,1347,1352,1344,-1,1351,1348,1350,-1,1353,1350,1349,-1,1353,1349,1354,-1,1355,1344,1351,-1,1356,1357,1358,-1,1351,1344,1352,-1,1359,1344,1360,-1,1355,1360,1344,-1,1359,1360,1358,-1,1357,1356,1361,-1,1357,1359,1358,-1,1357,1361,1362,-1,1363,1357,1364,-1,1365,1366,1367,-1,1368,1369,1365,-1,1370,1366,1365,-1,1370,1365,1369,-1,1365,1367,1371,-1,1372,1373,1374,-1,1374,1371,1375,-1,1374,1376,1372,-1,1374,1373,1377,-1,1376,1374,1375,-1,1365,1371,1374,-1,1374,1364,1365,-1,1363,1378,1357,-1,1365,1364,1357,-1,1359,1357,1379,-1,1378,1379,1357,-1,1380,1359,1381,-1,1359,1379,1381,-1,970,1306,967,-1,967,969,970,-1,971,968,1306,-1,1306,968,967,-1,971,1306,1382,-1,971,1382,1134,-1,952,972,1134,-1,971,1134,972,-1,1134,955,952,-1,1134,1382,962,-1,1134,962,965,-1,1383,1384,1385,-1,1384,1303,1386,-1,1293,1387,1303,-1,1303,1384,1304,-1,1388,1293,1389,-1,1390,1391,1392,-1,1393,1394,1391,-1,1395,1304,1396,-1,1389,1397,1398,-1,1398,1399,1389,-1,1293,1292,1389,-1,1400,1293,1401,-1,1293,1388,1401,-1,1293,1400,1402,-1,1303,1387,1403,-1,1293,1402,1387,-1,1386,1303,1404,-1,1303,1403,1404,-1,1304,1384,1383,-1,1405,1406,1407,-1,1304,1383,1408,-1,1304,1409,1396,-1,1304,1408,1409,-1,1292,1304,1395,-1,1410,1292,1395,-1,1399,1398,1406,-1,1411,1292,1412,-1,1292,1410,1412,-1,1413,1292,1411,-1,1389,1292,1397,-1,1292,1413,1397,-1,1407,1414,1405,-1,1406,1405,1399,-1,1407,1390,1414,-1,1392,1391,1394,-1,1414,1390,1392,-1,1394,1393,1385,-1,1383,1385,1393,-1,1415,1416,1417,-1,1418,1419,1420,-1,1420,1421,1418,-1,1418,1422,1423,-1,1424,1425,1420,-1,1419,1424,1420,-1,1426,1427,1428,-1,1426,1428,1429,-1,1430,1428,1431,-1,1427,1431,1428,-1,1432,1433,1434,-1,1435,1428,1430,-1,1436,1415,1417,-1,1417,1435,1437,-1,1438,1417,1437,-1,1417,1438,1436,-1,1417,1439,1428,-1,1417,1428,1435,-1,1440,1441,1442,-1,1420,1439,1417,-1,1420,1425,1439,-1,1443,1444,1420,-1,1420,1445,1443,-1,1418,1421,1446,-1,1420,1444,1421,-1,1418,1447,1448,-1,1447,1418,1446,-1,1449,1440,1450,-1,1450,1451,1449,-1,1441,1440,1449,-1,1451,1450,1452,-1,1453,1442,1441,-1,1452,1454,1447,-1,1447,1451,1452,-1,1455,1448,1456,-1,1454,1456,1448,-1,1454,1448,1447,-1,1448,1457,1433,-1,1433,1458,1448,-1,1457,1434,1433,-1,1457,1448,1455,-1,1423,1419,1418,-1,960,1382,1306,-1,1382,960,962,-1,1459,1460,1461,-1,1462,1463,1464,-1,1459,1465,1460,-1,1466,1462,1286,-1,1283,1287,1286,-1,1287,1466,1286,-1,1286,1462,1464,-1,1460,1463,1467,-1,1464,1463,1460,-1,1461,1460,1467,-1,1292,1468,1304,-1,1281,1294,1289,-1,1295,1281,1469,-1,1292,1295,1469,-1,1282,1281,1289,-1,1281,1295,1294,-1,1470,1320,1468,-1,1292,1469,1468,-1,1305,1468,1320,-1,1305,1304,1468,-1,1345,1340,1471,-1,1472,1473,1433,-1,1471,1472,1345,-1,1474,1475,112,-1,1476,1474,102,-1,102,1474,112,-1,112,1475,1473,-1,1433,1473,1475,-1,1433,1432,1472,-1,1345,1472,1432,-1,1445,1420,1357,-1,1445,1357,1362,-1,1477,1478,1479,-1,1477,1479,1480,-1,1481,1482,359,-1,1478,359,1479,-1,1482,352,359,-1,1481,359,1478,-1,1483,1484,1485,-1,1480,1486,1477,-1,1480,1483,1485,-1,1480,1485,1486,-1,1487,1488,1489,-1,1488,1487,1490,-1,1491,1492,1493,-1,1494,1495,1496,-1,1497,1491,1493,-1,1497,1493,1498,-1,1498,1493,1499,-1,1500,1501,1495,-1,1496,1502,1494,-1,1495,1503,1504,-1,1505,1495,1501,-1,1504,1500,1495,-1,1503,1495,1494,-1,1499,1502,1506,-1,1502,1496,1506,-1,1498,1499,1507,-1,1499,1506,1507,-1,1423,1422,1508,-1,1509,1510,1511,-1,1509,1511,1508,-1,1512,1513,1514,-1,1515,1512,1514,-1,1512,1515,1516,-1,1508,1422,1509,-1,1512,1516,1517,-1,1510,1512,1518,-1,1512,1517,1518,-1,1510,1518,1511,-1,1519,1423,1508,-1,1380,1519,1520,-1,1423,1519,1381,-1,1519,1380,1381,-1,1521,1461,1467,-1,1467,1522,1521,-1,1523,1524,1525,-1,1523,1525,1526,-1,1527,1528,1529,-1,1528,1521,1530,-1,1531,1532,1521,-1,1521,1528,1461,-1,1533,1531,1534,-1,1535,1536,1537,-1,1538,1539,1536,-1,1540,1461,1541,-1,1534,1542,1543,-1,1543,1544,1534,-1,1531,1459,1534,-1,1545,1531,1546,-1,1531,1533,1546,-1,1531,1545,1547,-1,1521,1532,1548,-1,1531,1547,1532,-1,1530,1521,1549,-1,1521,1548,1549,-1,1461,1528,1527,-1,1550,1551,1552,-1,1461,1527,1553,-1,1461,1554,1541,-1,1461,1553,1554,-1,1459,1461,1540,-1,1555,1459,1540,-1,1544,1543,1551,-1,1556,1459,1557,-1,1459,1555,1557,-1,1558,1459,1556,-1,1534,1459,1542,-1,1459,1558,1542,-1,1552,1559,1550,-1,1551,1550,1544,-1,1552,1535,1559,-1,1537,1536,1539,-1,1559,1535,1537,-1,1539,1538,1529,-1,1527,1529,1538,-1,1560,1561,1562,-1,1563,1564,1565,-1,1566,1567,1568,-1,1566,1491,1497,-1,1569,1570,1564,-1,1569,1564,1563,-1,1571,1572,1573,-1,1571,1573,1574,-1,1575,1573,1576,-1,1572,1576,1573,-1,1485,1484,1577,-1,1578,1573,1575,-1,1579,1560,1562,-1,1562,1578,1580,-1,1581,1562,1580,-1,1562,1581,1579,-1,1562,1582,1573,-1,1562,1573,1578,-1,1583,1584,1585,-1,1570,1582,1562,-1,1570,1569,1582,-1,1586,1563,1565,-1,1587,1566,1586,-1,1587,1586,1565,-1,1490,1566,1587,-1,1588,1589,1490,-1,1490,1487,1588,-1,1567,1566,1490,-1,1490,1589,1567,-1,1566,1590,1591,-1,1590,1566,1568,-1,1592,1584,1593,-1,1593,1594,1592,-1,1584,1583,1593,-1,1590,1592,1594,-1,1591,1595,1596,-1,1595,1590,1594,-1,1590,1595,1591,-1,1591,1596,1597,-1,1591,1598,1484,-1,1484,1599,1591,-1,1598,1577,1484,-1,1598,1591,1597,-1,1566,1497,1586,-1,1600,1525,1601,-1,1526,1600,1602,-1,1601,1525,1603,-1,1600,1526,1525,-1,1604,1170,1605,-1,1601,1603,1604,-1,1106,944,1170,-1,1604,1603,1170,-1,944,1605,1170,-1,1170,1606,1168,-1,1606,1170,1603,-1,1467,1607,1522,-1,1608,1609,1610,-1,1522,1611,1612,-1,1613,1522,1607,-1,1614,1611,1522,-1,1522,1615,1614,-1,1522,1613,1615,-1,1616,1612,1611,-1,1617,1612,1618,-1,1612,1616,1618,-1,1612,1619,1620,-1,1612,1617,1619,-1,1612,1620,1463,-1,1621,1622,1623,-1,1623,1624,1621,-1,1622,1625,1623,-1,1608,1610,1607,-1,1626,1610,1609,-1,1627,1628,1467,-1,1607,1467,1628,-1,1463,1629,1467,-1,1626,1609,1630,-1,1607,1628,1608,-1,1631,1630,1625,-1,1630,1631,1626,-1,1622,1631,1625,-1,1621,1624,1632,-1,1624,1633,1632,-1,1463,1620,1633,-1,1632,1633,1620,-1,1633,1634,1463,-1,1635,1463,1636,-1,1463,1634,1636,-1,1463,1635,1637,-1,1467,1629,1638,-1,1463,1637,1629,-1,1627,1467,1639,-1,1467,1638,1639,-1,1477,1640,1641,-1,1642,1477,1643,-1,1644,1645,1646,-1,1477,1486,1640,-1,1643,1647,1648,-1,1649,1650,1651,-1,1643,1641,1647,-1,1477,1641,1643,-1,1652,1653,1654,-1,1648,1654,1643,-1,1488,1655,1656,-1,1650,1649,1657,-1,1657,1658,1650,-1,1657,1659,1658,-1,1645,1660,1661,-1,1662,1643,1653,-1,1652,1651,1653,-1,1651,1652,1649,-1,1653,1643,1654,-1,1663,1643,1664,-1,1662,1664,1643,-1,1663,1664,1655,-1,1488,1656,1665,-1,1488,1663,1655,-1,1488,1665,1489,-1,1666,1663,1488,-1,1667,1661,1660,-1,1645,1644,1660,-1,1668,1669,1670,-1,1671,1672,1670,-1,1673,1668,1670,-1,1673,1670,1672,-1,1670,1669,1674,-1,1675,1676,1677,-1,1677,1674,1678,-1,1677,1679,1675,-1,1677,1676,1680,-1,1679,1677,1678,-1,1670,1674,1677,-1,1670,1677,1646,-1,1667,1666,1661,-1,1646,1677,1644,-1,1663,1666,1681,-1,1667,1681,1666,-1,1507,1663,1498,-1,1663,1681,1498,-1,1523,1682,1524,-1,1682,1523,1683,-1,1684,1524,1685,-1,1524,1682,1685,-1,1684,1606,1524,-1,1684,1168,1606,-1,976,1168,1686,-1,1684,1686,1168,-1,1168,976,1098,-1,976,1280,1099,-1,1277,1099,1280,-1,1279,1687,1099,-1,1099,1278,1279,-1,1099,1098,976,-1,1278,1099,1277,-1,1110,612,945,-1,1106,1110,944,-1,945,939,1110,-1,1110,1688,612,-1,1110,939,943,-1,1110,943,944,-1,1100,1466,1287,-1,1689,1462,1687,-1,1104,1100,1287,-1,1687,1466,1100,-1,1463,1689,1612,-1,1689,1463,1462,-1,1100,1099,1687,-1,1466,1687,1462,-1,1522,1690,1521,-1,1691,1521,1690,-1,1531,1691,1692,-1,1279,1693,1689,-1,1612,1693,1694,-1,1687,1279,1689,-1,1693,1612,1689,-1,1694,1522,1612,-1,1522,1694,1690,-1,1531,1521,1691,-1,1693,1279,1286,-1,1694,1693,1464,-1,1286,1464,1693,-1,1460,1690,1694,-1,1694,1464,1460,-1,1465,1690,1460,-1,1691,1690,1465,-1,1692,1465,1459,-1,1465,1692,1691,-1,1692,1459,1531,-1,1688,1695,612,-1,1696,1697,1642,-1,1695,1697,612,-1,1697,1695,1642,-1,1642,1643,1696,-1,1591,1698,1699,-1,1696,1591,1699,-1,1698,1599,1700,-1,1599,1698,1591,-1,1643,1591,1696,-1,1701,1566,1591,-1,1702,1703,1704,-1,1705,1706,1707,-1,1707,1706,1708,-1,1709,1710,1711,-1,1707,1709,1705,-1,1707,1710,1709,-1,1707,1708,1712,-1,1712,1708,1702,-1,1704,1703,1663,-1,1712,1702,1704,-1,1663,1703,1643,-1,1591,1643,1701,-1,1566,1701,1713,-1,1701,1643,1703,-1,1713,1701,1492,-1,1491,1566,1713,-1,1713,1492,1491,-1,1492,1701,1493,-1,1701,1703,1493,-1,1493,1703,1499,-1,1499,1702,1502,-1,1702,1499,1703,-1,1708,1706,1503,-1,1702,1494,1502,-1,1494,1708,1503,-1,1702,1708,1494,-1,1714,1504,1715,-1,1716,1714,1717,-1,1504,1503,1718,-1,1503,1706,1716,-1,1504,1718,1715,-1,1504,1714,1719,-1,1503,1717,1718,-1,1504,1719,1705,-1,1503,1716,1717,-1,1705,1720,1721,-1,1714,1716,1719,-1,1720,1705,1719,-1,1716,1706,1721,-1,1706,1705,1721,-1,1722,1723,1724,-1,1725,1726,1722,-1,1722,1724,1725,-1,1715,1718,1727,-1,1724,1727,1718,-1,1718,1725,1724,-1,1728,1726,1729,-1,1726,1725,1729,-1,1728,1729,1730,-1,1731,1726,1728,-1,1728,1730,1731,-1,1730,1729,1732,-1,1729,1725,1732,-1,1732,1725,1733,-1,1734,1735,1717,-1,1734,1717,1714,-1,1736,1735,1737,-1,1717,1735,1733,-1,1735,1736,1733,-1,1732,1731,1730,-1,1733,1736,1731,-1,1731,1732,1733,-1,1726,1736,1722,-1,1736,1726,1731,-1,1738,1739,1740,-1,1739,1738,1741,-1,1722,1737,1723,-1,1736,1737,1722,-1,1735,1723,1737,-1,1723,1735,1724,-1,1724,1734,1727,-1,1734,1724,1735,-1,1734,1715,1727,-1,1715,1734,1714,-1,1742,1743,1744,-1,1741,1738,1742,-1,1742,1744,1741,-1,1744,1743,1745,-1,1743,1746,1745,-1,1745,1746,1747,-1,1748,1749,1721,-1,1748,1721,1720,-1,1739,1749,1750,-1,1721,1749,1747,-1,1749,1739,1747,-1,1745,1741,1744,-1,1747,1739,1741,-1,1741,1745,1747,-1,1740,1750,1751,-1,1739,1750,1740,-1,1749,1751,1750,-1,1751,1749,1752,-1,1740,1751,1752,-1,1746,1738,1740,-1,1740,1752,1746,-1,1719,1716,1753,-1,1752,1753,1716,-1,1716,1746,1752,-1,1742,1738,1743,-1,1738,1746,1743,-1,1746,1721,1747,-1,1721,1746,1716,-1,1748,1719,1753,-1,1719,1748,1720,-1,1752,1748,1753,-1,1748,1752,1749,-1,1725,1717,1733,-1,1717,1725,1718,-1,1504,1709,1500,-1,1709,1504,1705,-1,1500,1711,1501,-1,1711,1500,1709,-1,1501,1710,1505,-1,1711,1710,1501,-1,1707,1505,1710,-1,1505,1707,1495,-1,1495,1712,1496,-1,1712,1495,1707,-1,1704,1663,1507,-1,1712,1506,1496,-1,1506,1704,1507,-1,1712,1704,1506,-1,1695,1477,1642,-1,1109,1482,1481,-1,1109,1481,1688,-1,1695,1478,1477,-1,1688,1110,1109,-1,1695,1688,1478,-1,1688,1481,1478,-1,1482,1109,1114,-1,1754,1476,1755,-1,1482,1114,1117,-1,1482,1117,1476,-1,1482,1476,1754,-1,1754,235,352,-1,352,1482,1754,-1,1288,1290,1285,-1,1285,1284,1288,-1,236,235,1754,-1,1754,1755,236,-1,1287,1285,1290,-1,1287,1283,1285,-1,1288,1284,1282,-1,1282,1289,1288,-1,1476,236,1755,-1,1476,102,236,-1,1101,1474,1476,-1,1756,1475,949,-1,1117,1101,1476,-1,949,1474,1101,-1,1433,1756,1458,-1,1756,1433,1475,-1,1101,947,949,-1,1474,949,1475,-1,1343,1344,1757,-1,1757,1758,1343,-1,1759,1760,1344,-1,1344,1760,1757,-1,1759,1344,1448,-1,1759,1448,1458,-1,1761,1458,1756,-1,1759,1458,1761,-1,1761,1756,137,-1,1756,949,137,-1,1762,1344,1359,-1,1359,1763,1762,-1,1448,1762,1764,-1,1762,1448,1344,-1,1765,1766,1767,-1,1765,1768,1769,-1,1769,1766,1765,-1,1770,1771,1772,-1,1770,1772,1769,-1,1769,1773,1770,-1,1773,1769,1768,-1,1764,1767,1774,-1,1767,1766,1774,-1,1448,1764,1418,-1,1764,1774,1418,-1,1418,1509,1422,-1,1510,1774,1766,-1,1418,1774,1509,-1,1510,1509,1774,-1,1512,1510,1766,-1,1766,1769,1512,-1,1513,1512,1772,-1,1512,1769,1772,-1,1771,1513,1772,-1,1513,1771,1514,-1,1515,1514,1771,-1,1771,1770,1515,-1,1516,1515,1770,-1,1770,1773,1516,-1,1775,1517,1516,-1,1516,1776,1775,-1,1517,1777,1768,-1,1516,1778,1776,-1,1777,1779,1768,-1,1778,1516,1780,-1,1517,1775,1781,-1,1516,1773,1780,-1,1781,1778,1777,-1,1773,1779,1782,-1,1773,1782,1780,-1,1779,1773,1768,-1,1517,1781,1777,-1,1778,1780,1777,-1,1783,1784,1785,-1,1784,1783,1786,-1,1776,1787,1775,-1,1784,1775,1787,-1,1775,1784,1786,-1,1788,1789,1790,-1,1786,1788,1790,-1,1788,1786,1783,-1,1791,1792,1789,-1,1788,1793,1791,-1,1791,1789,1788,-1,1789,1792,1790,-1,1792,1794,1790,-1,1790,1794,1786,-1,1786,1794,1781,-1,1781,1775,1786,-1,1795,1778,1781,-1,1796,1797,1798,-1,1794,1792,1793,-1,1781,1796,1795,-1,1792,1791,1793,-1,1794,1793,1797,-1,1794,1797,1796,-1,1796,1781,1794,-1,1795,1787,1776,-1,1776,1778,1795,-1,1796,1787,1795,-1,1787,1796,1784,-1,1797,1785,1798,-1,1783,1785,1797,-1,1784,1798,1785,-1,1798,1784,1796,-1,1797,1788,1783,-1,1797,1793,1788,-1,1799,1800,1801,-1,1799,1802,1800,-1,1803,1804,1805,-1,1800,1802,1803,-1,1803,1805,1800,-1,1805,1804,1806,-1,1804,1807,1806,-1,1806,1807,1808,-1,1801,1809,1810,-1,1809,1801,1808,-1,1780,1811,1777,-1,1809,1777,1811,-1,1777,1809,1808,-1,1800,1805,1806,-1,1808,1800,1806,-1,1800,1808,1801,-1,1799,1810,1812,-1,1801,1810,1799,-1,1809,1812,1810,-1,1812,1809,1813,-1,1814,1782,1779,-1,1813,1799,1812,-1,1807,1804,1802,-1,1779,1813,1814,-1,1804,1803,1802,-1,1807,1802,1799,-1,1807,1799,1813,-1,1813,1779,1807,-1,1808,1807,1779,-1,1779,1777,1808,-1,1814,1811,1780,-1,1780,1782,1814,-1,1813,1811,1814,-1,1811,1813,1809,-1,1768,1518,1517,-1,1511,1765,1767,-1,1768,1765,1518,-1,1511,1518,1765,-1,1508,1511,1767,-1,1767,1764,1508,-1,1519,1762,1763,-1,1508,1762,1519,-1,1508,1764,1762,-1,1519,1763,1520,-1,1763,1359,1520,-1,1520,1359,1380,-1,1761,137,112,-1,1759,1761,1473,-1,112,1473,1761,-1,1472,1760,1759,-1,1759,1473,1472,-1,1471,1760,1472,-1,1757,1760,1471,-1,1758,1471,1340,-1,1471,1758,1757,-1,1758,1340,1343,-1,1480,1699,1698,-1,1483,1698,1700,-1,1698,1483,1480,-1,1599,1484,1700,-1,1483,1700,1484,-1,1696,1699,1480,-1,1479,1696,1480,-1,1697,1479,359,-1,1479,1697,1696,-1,1697,359,612,-1,1605,944,976,-1,1604,1605,1686,-1,976,1686,1605,-1,1685,1604,1684,-1,1604,1686,1684,-1,1601,1604,1685,-1,1601,1685,1682,-1,1682,1683,1600,-1,1600,1601,1682,-1,1602,1683,1523,-1,1683,1602,1600,-1,1602,1523,1526,-1,1525,1524,1606,-1,1606,1603,1525,-1,1553,1527,1628,-1,1628,1627,1553,-1,1638,1629,1540,-1,1627,1554,1553,-1,1639,1541,1554,-1,1638,1541,1639,-1,1627,1639,1554,-1,1540,1541,1638,-1,1555,1540,1629,-1,1629,1637,1555,-1,1636,1634,1558,-1,1637,1557,1555,-1,1635,1556,1557,-1,1636,1556,1635,-1,1637,1635,1557,-1,1558,1556,1636,-1,1542,1558,1634,-1,1634,1633,1542,-1,1623,1625,1552,-1,1633,1543,1542,-1,1624,1551,1543,-1,1623,1551,1624,-1,1633,1624,1543,-1,1552,1551,1623,-1,1535,1552,1625,-1,1625,1630,1535,-1,1608,1628,1527,-1,1630,1536,1535,-1,1609,1538,1536,-1,1608,1538,1609,-1,1630,1609,1536,-1,1527,1538,1608,-1,1528,1530,1613,-1,1613,1607,1528,-1,1626,1631,1537,-1,1607,1529,1528,-1,1610,1539,1529,-1,1626,1539,1610,-1,1607,1610,1529,-1,1537,1539,1626,-1,1559,1537,1631,-1,1631,1622,1559,-1,1632,1620,1534,-1,1622,1550,1559,-1,1621,1544,1550,-1,1632,1544,1621,-1,1622,1621,1550,-1,1534,1544,1632,-1,1533,1534,1620,-1,1620,1619,1533,-1,1618,1616,1547,-1,1619,1546,1533,-1,1617,1545,1546,-1,1618,1545,1617,-1,1619,1617,1546,-1,1547,1545,1618,-1,1532,1547,1616,-1,1616,1611,1532,-1,1615,1613,1530,-1,1611,1548,1532,-1,1614,1549,1548,-1,1615,1549,1614,-1,1611,1614,1548,-1,1530,1549,1615,-1,1569,1563,1667,-1,1569,1660,1582,-1,1660,1569,1667,-1,1582,1660,1644,-1,1681,1667,1563,-1,1586,1498,1681,-1,1681,1563,1586,-1,1586,1497,1498,-1,1573,1644,1677,-1,1644,1573,1582,-1,1674,1669,1578,-1,1580,1669,1668,-1,1669,1580,1578,-1,1673,1581,1668,-1,1580,1668,1581,-1,1673,1672,1579,-1,1579,1581,1673,-1,1560,1672,1671,-1,1672,1560,1579,-1,1670,1561,1671,-1,1560,1671,1561,-1,1562,1561,1670,-1,1575,1674,1578,-1,1575,1576,1678,-1,1678,1674,1575,-1,1679,1576,1572,-1,1576,1679,1678,-1,1571,1675,1572,-1,1679,1572,1675,-1,1571,1574,1676,-1,1676,1675,1571,-1,1680,1574,1573,-1,1574,1680,1676,-1,1680,1573,1677,-1,1670,1646,1570,-1,1670,1570,1562,-1,1645,1661,1565,-1,1645,1564,1646,-1,1564,1645,1565,-1,1646,1564,1570,-1,1587,1565,1661,-1,1666,1490,1587,-1,1587,1661,1666,-1,1666,1488,1490,-1,1655,1664,1568,-1,1655,1567,1656,-1,1567,1655,1568,-1,1589,1665,1656,-1,1656,1567,1589,-1,1489,1665,1588,-1,1589,1588,1665,-1,1487,1489,1588,-1,1590,1568,1664,-1,1592,1590,1662,-1,1664,1662,1590,-1,1592,1653,1584,-1,1653,1592,1662,-1,1651,1585,1584,-1,1584,1653,1651,-1,1651,1650,1585,-1,1815,1816,1817,-1,1815,1817,1818,-1,1585,1650,1658,-1,1817,1819,1658,-1,1658,1819,1585,-1,1817,1816,1820,-1,1818,1817,1658,-1,1821,1822,1823,-1,1815,1824,1823,-1,1821,1823,1824,-1,1818,1824,1815,-1,1825,1822,1821,-1,1826,1825,1827,-1,1825,1826,1822,-1,1826,1827,1828,-1,1829,1830,1831,-1,1816,1832,1833,-1,1834,1831,1835,-1,1831,1834,1829,-1,1835,1816,1836,-1,1836,1837,1835,-1,1836,1816,1833,-1,1815,1823,1838,-1,1815,1839,1840,-1,1822,1826,1828,-1,1841,1823,1822,-1,1841,1822,1828,-1,1839,1815,1838,-1,1838,1823,1841,-1,1840,1816,1815,-1,1816,1840,1832,-1,1837,1834,1835,-1,1842,1843,1830,-1,1831,1830,1843,-1,1844,1845,1846,-1,1843,1844,1846,-1,1844,1843,1842,-1,1847,1846,1845,-1,1844,1848,1845,-1,1847,1845,1848,-1,1849,1848,1844,-1,1850,1846,1847,-1,1843,1850,1851,-1,1850,1843,1846,-1,1843,1851,1831,-1,1852,1835,1831,-1,1583,1853,1659,-1,1835,1852,1854,-1,1657,1583,1659,-1,1852,1851,1659,-1,1853,1852,1659,-1,1831,1851,1852,-1,1852,1817,1820,-1,1816,1854,1820,-1,1852,1820,1854,-1,1835,1854,1816,-1,1853,1817,1852,-1,1819,1853,1583,-1,1853,1819,1817,-1,1819,1583,1585,-1,1641,1577,1598,-1,1485,1640,1486,-1,1596,1595,1654,-1,1648,1647,1597,-1,1594,1593,1649,-1,1649,1652,1594,-1,1583,1657,1593,-1,1649,1593,1657,-1,1652,1654,1595,-1,1595,1594,1652,-1,1596,1648,1597,-1,1596,1654,1648,-1,1647,1641,1598,-1,1597,1647,1598,-1,1640,1485,1577,-1,1641,1640,1577,-1,1658,1855,1856,-1,1857,1858,1850,-1,1859,1659,1851,-1,1860,1851,1858,-1,1860,1859,1851,-1,1659,1861,1658,-1,1861,1659,1862,-1,1861,1855,1658,-1,1863,1864,1824,-1,1818,1865,1866,-1,1821,1827,1825,-1,1827,1824,1864,-1,1827,1821,1824,-1,1818,1866,1863,-1,1863,1824,1818,-1,1865,1818,1658,-1,1658,1856,1865,-1,1862,1659,1859,-1,1857,1850,1849,-1,1850,1858,1851,-1,1848,1849,1847,-1,1849,1850,1847,-1,1841,1828,1827,-1,1827,1864,1841,-1,1860,1830,1829,-1,1842,1858,1857,-1,1837,1836,1861,-1,1862,1859,1834,-1,1865,1832,1840,-1,1856,1855,1833,-1,1866,1839,1863,-1,1839,1866,1840,-1,1838,1864,1863,-1,1863,1839,1838,-1,1856,1832,1865,-1,1838,1841,1864,-1,1865,1840,1866,-1,1836,1833,1855,-1,1833,1832,1856,-1,1837,1861,1862,-1,1836,1855,1861,-1,1834,1859,1829,-1,1837,1862,1834,-1,1860,1858,1830,-1,1859,1860,1829,-1,1842,1830,1858,-1,1857,1844,1842,-1,1857,1849,1844,-1,1468,1300,1298,-1,1470,1298,1297,-1,1298,1470,1468,-1,1296,1320,1297,-1,1470,1297,1320,-1,1302,1300,1468,-1,1469,1302,1468,-1,1301,1469,1281,-1,1469,1301,1302,-1,1301,1281,954,-1,1450,1440,1354,-1,1456,1454,1352,-1,1452,1349,1348,-1,1342,1434,1457,-1,1347,1346,1455,-1,1432,1434,1341,-1,1342,1341,1434,-1,1345,1432,1341,-1,1455,1346,1457,-1,1346,1342,1457,-1,1347,1456,1352,-1,1347,1455,1456,-1,1454,1452,1348,-1,1352,1454,1348,-1,1450,1354,1349,-1,1452,1450,1349,-1,1867,1868,1869,-1,1869,1870,1442,-1,1869,1871,1867,-1,1440,1442,1354,-1,1442,1872,1869,-1,1354,1442,1870,-1,1872,1871,1869,-1,1873,1874,1875,-1,1876,1877,1875,-1,1873,1875,1877,-1,1878,1877,1876,-1,1879,1874,1873,-1,1880,1879,1871,-1,1879,1880,1874,-1,1880,1871,1872,-1,1881,1882,1872,-1,1453,1883,1884,-1,1885,1872,1442,-1,1872,1885,1881,-1,1442,1453,1886,-1,1886,1887,1442,-1,1886,1453,1884,-1,1888,1889,1890,-1,1891,1892,1893,-1,1894,1895,1896,-1,1896,1890,1889,-1,1896,1889,1894,-1,1891,1888,1892,-1,1888,1891,1889,-1,1893,1453,1891,-1,1453,1893,1883,-1,1887,1885,1442,-1,1897,1880,1882,-1,1872,1882,1880,-1,1876,1875,1874,-1,1880,1876,1874,-1,1876,1880,1897,-1,1878,1897,1898,-1,1897,1878,1876,-1,1899,1900,1901,-1,1898,1902,1879,-1,1903,1867,1871,-1,1904,1871,1902,-1,1904,1903,1871,-1,1867,1905,1899,-1,1905,1867,1906,-1,1905,1900,1899,-1,1907,1908,1909,-1,1907,1910,1911,-1,1912,1913,1914,-1,1915,1912,1909,-1,1915,1913,1912,-1,1911,1908,1907,-1,1908,1915,1909,-1,1910,1907,1899,-1,1899,1901,1910,-1,1906,1867,1903,-1,1898,1879,1878,-1,1879,1902,1871,-1,1877,1878,1873,-1,1878,1879,1873,-1,1916,1869,1868,-1,1867,1917,1868,-1,1916,1868,1917,-1,1899,1917,1867,-1,1918,1869,1916,-1,1870,1918,1353,-1,1918,1870,1869,-1,1870,1353,1354,-1,1916,1453,1918,-1,1916,1907,1891,-1,1918,1453,1353,-1,1453,1441,1353,-1,1453,1916,1891,-1,1916,1917,1899,-1,1899,1907,1916,-1,1912,1894,1889,-1,1891,1909,1889,-1,1912,1889,1909,-1,1907,1909,1891,-1,1914,1894,1912,-1,1895,1914,1913,-1,1914,1895,1894,-1,1895,1913,1896,-1,1915,1890,1896,-1,1915,1896,1913,-1,1888,1890,1915,-1,1883,1893,1910,-1,1892,1908,1911,-1,1905,1887,1886,-1,1901,1900,1884,-1,1903,1904,1881,-1,1885,1906,1903,-1,1902,1882,1904,-1,1881,1904,1882,-1,1897,1902,1898,-1,1902,1897,1882,-1,1887,1906,1885,-1,1885,1903,1881,-1,1900,1905,1886,-1,1905,1906,1887,-1,1901,1884,1883,-1,1900,1886,1884,-1,1910,1893,1911,-1,1901,1883,1910,-1,1892,1888,1908,-1,1893,1892,1911,-1,1915,1908,1888,-1,1443,1445,1362,-1,1446,1421,1358,-1,1444,1361,1356,-1,1351,1449,1451,-1,1360,1355,1447,-1,1441,1449,1350,-1,1351,1350,1449,-1,1353,1441,1350,-1,1447,1355,1451,-1,1355,1351,1451,-1,1360,1446,1358,-1,1360,1447,1446,-1,1421,1444,1356,-1,1358,1421,1356,-1,1443,1362,1361,-1,1444,1443,1361,-1,1417,1365,1357,-1,1357,1420,1417,-1,1371,1367,1435,-1,1437,1367,1366,-1,1367,1437,1435,-1,1370,1438,1366,-1,1437,1366,1438,-1,1370,1369,1436,-1,1436,1438,1370,-1,1415,1369,1368,-1,1369,1415,1436,-1,1365,1416,1368,-1,1415,1368,1416,-1,1417,1416,1365,-1,1430,1371,1435,-1,1430,1431,1375,-1,1375,1371,1430,-1,1376,1431,1427,-1,1431,1376,1375,-1,1426,1372,1427,-1,1376,1427,1372,-1,1426,1429,1373,-1,1373,1372,1426,-1,1377,1429,1428,-1,1429,1377,1373,-1,1377,1428,1374,-1,1439,1374,1428,-1,1439,1364,1374,-1,1425,1424,1378,-1,1425,1363,1439,-1,1363,1425,1378,-1,1439,1363,1364,-1,1379,1378,1424,-1,1419,1381,1379,-1,1379,1424,1419,-1,1419,1423,1381,-1,1330,1383,1327,-1,1383,1330,1408,-1,1339,1396,1409,-1,1330,1339,1409,-1,1330,1409,1408,-1,1339,1338,1396,-1,1396,1338,1395,-1,1338,1328,1395,-1,1337,1410,1395,-1,1337,1395,1328,-1,1335,1411,1412,-1,1337,1335,1412,-1,1337,1412,1410,-1,1335,1336,1411,-1,1411,1336,1413,-1,1336,1334,1413,-1,1333,1413,1334,-1,1413,1333,1397,-1,1324,1406,1398,-1,1333,1324,1398,-1,1333,1398,1397,-1,1324,1323,1406,-1,1406,1323,1407,-1,1323,1325,1407,-1,1329,1407,1325,-1,1407,1329,1390,-1,1309,1393,1391,-1,1329,1309,1391,-1,1329,1391,1390,-1,1309,1308,1393,-1,1393,1308,1383,-1,1308,1327,1383,-1,1307,1386,1312,-1,1386,1307,1384,-1,1310,1394,1385,-1,1307,1310,1385,-1,1307,1385,1384,-1,1310,1326,1394,-1,1394,1326,1392,-1,1326,1331,1392,-1,1322,1414,1392,-1,1322,1392,1331,-1,1321,1399,1405,-1,1322,1321,1405,-1,1322,1405,1414,-1,1321,1332,1399,-1,1399,1332,1389,-1,1332,1319,1389,-1,1318,1389,1319,-1,1389,1318,1388,-1,1316,1400,1401,-1,1318,1316,1401,-1,1318,1401,1388,-1,1316,1317,1400,-1,1400,1317,1402,-1,1317,1315,1402,-1,1311,1402,1315,-1,1402,1311,1387,-1,1313,1404,1403,-1,1311,1313,1403,-1,1311,1403,1387,-1,1313,1314,1404,-1,1404,1314,1386,-1,1314,1312,1386,-1,
        ]
    }
}