#VRML V2.0 utf8
# 3D model generated by easyeda2kicad.py (https://github.com/uPesy/easyeda2kicad.py)

Shape{
    appearance Appearance {
        material  Material 	{
            diffuseColor 0.7529411764705882 0.7529411764705882 0.7529411764705882
            specularColor 0.3764705882352941 0.3764705882352941 0.3764705882352941
            ambientIntensity 0.7529
            transparency 0.0
            shininess 0.5
        }
    }
    geometry IndexedFaceSet {
        ccw TRUE
        solid FALSE
        coord DEF co Coordinate {
            point [
                -1.3937 2.6575 -1.1024, -1.6693 2.6575 -1.1024, -1.3937 2.6575 0.2362, -1.6693 2.6575 0.2362, -1.3937 2.4606 -1.1024, -1.3937 2.4606 0.2362, -1.6693 2.4606 -1.1024, -1.6693 2.4606 0.2362
            ]
        }
        coordIndex [
            0,1,2,-1,2,1,3,-1,4,0,5,-1,5,0,2,-1,6,4,7,-1,7,4,5,-1,1,6,3,-1,3,6,7,-1,4,6,0,-1,0,6,1,-1,7,5,3,-1,3,5,2,-1,
        ]
    }
}
Shape{
    appearance Appearance {
        material  Material 	{
            diffuseColor 1.0 1.0 1.0
            specularColor 0.5019607843137255 0.5019607843137255 0.5019607843137255
            ambientIntensity 1.0
            transparency 0.0
            shininess 0.5
        }
    }
    geometry IndexedFaceSet {
        ccw TRUE
        solid FALSE
        coord DEF co Coordinate {
            point [
                2.7482 0.2901 0.2358, 2.7482 0.2901 0.2362, 2.7898 0.3773 0.2358, 2.7898 0.3773 0.2362, 2.8253 0.4671 0.2358, 2.8253 0.4671 0.2362, 2.8546 0.5592 0.2358, 2.8546 0.5592 0.2362, 2.8775 0.6531 0.2358, 2.8775 0.6531 0.2362, 2.894 0.7483 0.2358, 2.894 0.7483 0.2362, 2.9039 0.8444 0.2358, 2.9039 0.8444 0.2362, 2.9072 0.9409 0.2358, 2.9072 0.9409 0.2362, 2.9039 1.0375 0.2358, 2.9039 1.0375 0.2362, 2.894 1.1336 0.2358, 2.894 1.1336 0.2362, 2.8775 1.2288 0.2358, 2.8775 1.2288 0.2362, 2.8546 1.3227 0.2358, 2.8546 1.3227 0.2362, 2.8253 1.4147 0.2358, 2.8253 1.4147 0.2362, 2.7898 1.5046 0.2358, 2.7898 1.5046 0.2362, 2.7482 1.5918 0.2358, 2.7482 1.5918 0.2362, 3.1673 1.5918 0.2358, 3.1673 1.5918 0.2362, 3.1673 0.2901 0.2358, 3.1673 0.2901 0.2362
            ]
        }
        coordIndex [
            0,1,2,-1,2,1,3,-1,2,3,4,-1,4,3,5,-1,4,5,6,-1,6,5,7,-1,6,7,8,-1,8,7,9,-1,8,9,10,-1,10,9,11,-1,10,11,12,-1,12,11,13,-1,12,13,14,-1,14,13,15,-1,14,15,16,-1,16,15,17,-1,16,17,18,-1,18,17,19,-1,18,19,20,-1,20,19,21,-1,20,21,22,-1,22,21,23,-1,22,23,24,-1,24,23,25,-1,24,25,26,-1,26,25,27,-1,26,27,28,-1,28,27,29,-1,30,28,31,-1,31,28,29,-1,32,30,33,-1,33,30,31,-1,0,32,1,-1,1,32,33,-1,32,0,2,-1,22,24,30,-1,30,24,26,-1,30,26,28,-1,2,4,32,-1,32,4,6,-1,32,6,8,-1,8,10,32,-1,32,10,12,-1,32,12,30,-1,30,12,14,-1,30,14,16,-1,16,18,30,-1,30,18,20,-1,30,20,22,-1,29,27,31,-1,31,27,25,-1,25,23,31,-1,31,23,21,-1,31,21,19,-1,13,33,15,-1,15,33,31,-1,15,31,17,-1,17,31,19,-1,13,11,33,-1,33,11,9,-1,33,9,7,-1,7,5,33,-1,33,5,3,-1,33,3,1,-1,
        ]
    }
}
Shape{
    appearance Appearance {
        material  Material 	{
            diffuseColor 0.25098039215686274 0.25098039215686274 0.25098039215686274
            specularColor 0.12549019607843137 0.12549019607843137 0.12549019607843137
            ambientIntensity 0.251
            transparency 0.0
            shininess 0.5
        }
    }
    geometry IndexedFaceSet {
        ccw TRUE
        solid FALSE
        coord DEF co Coordinate {
            point [
                -3.0335 -2.8777 0.0394, -2.6892 -2.8777 0.0394, -3.0335 -2.8777 0.2362, -2.6892 -2.8777 0.2362, -3.0335 -2.1556 0.0394, -3.0335 -2.1556 0.2362, -2.6892 -2.1556 0.0394, -2.6892 -2.1556 0.2362
            ]
        }
        coordIndex [
            0,1,2,-1,2,1,3,-1,4,0,5,-1,5,0,2,-1,6,4,7,-1,7,4,5,-1,1,6,3,-1,3,6,7,-1,4,6,0,-1,0,6,1,-1,7,5,3,-1,3,5,2,-1,
        ]
    }
}
Shape{
    appearance Appearance {
        material  Material 	{
            diffuseColor 1.0 1.0 1.0
            specularColor 0.5019607843137255 0.5019607843137255 0.5019607843137255
            ambientIntensity 1.0
            transparency 0.0
            shininess 0.5
        }
    }
    geometry IndexedFaceSet {
        ccw TRUE
        solid FALSE
        coord DEF co Coordinate {
            point [
                -2.7521 1.5918 0.2358, -2.7521 1.5918 0.2362, -2.7937 1.5046 0.2358, -2.7937 1.5046 0.2362, -2.8292 1.4147 0.2358, -2.8292 1.4147 0.2362, -2.8585 1.3227 0.2358, -2.8585 1.3227 0.2362, -2.8814 1.2288 0.2358, -2.8814 1.2288 0.2362, -2.8979 1.1336 0.2358, -2.8979 1.1336 0.2362, -2.9078 1.0375 0.2358, -2.9078 1.0375 0.2362, -2.9111 0.9409 0.2358, -2.9111 0.9409 0.2362, -2.9078 0.8444 0.2358, -2.9078 0.8444 0.2362, -2.8979 0.7483 0.2358, -2.8979 0.7483 0.2362, -2.8814 0.6531 0.2358, -2.8814 0.6531 0.2362, -2.8585 0.5592 0.2358, -2.8585 0.5592 0.2362, -2.8292 0.4671 0.2358, -2.8292 0.4671 0.2362, -2.7937 0.3773 0.2358, -2.7937 0.3773 0.2362, -2.7521 0.2901 0.2358, -2.7521 0.2901 0.2362, -3.1713 0.2901 0.2358, -3.1713 0.2901 0.2362, -3.1713 1.5918 0.2358, -3.1713 1.5918 0.2362
            ]
        }
        coordIndex [
            0,1,2,-1,2,1,3,-1,2,3,4,-1,4,3,5,-1,4,5,6,-1,6,5,7,-1,6,7,8,-1,8,7,9,-1,8,9,10,-1,10,9,11,-1,10,11,12,-1,12,11,13,-1,12,13,14,-1,14,13,15,-1,14,15,16,-1,16,15,17,-1,16,17,18,-1,18,17,19,-1,18,19,20,-1,20,19,21,-1,20,21,22,-1,22,21,23,-1,22,23,24,-1,24,23,25,-1,24,25,26,-1,26,25,27,-1,26,27,28,-1,28,27,29,-1,30,28,31,-1,31,28,29,-1,32,30,33,-1,33,30,31,-1,0,32,1,-1,1,32,33,-1,4,32,2,-1,2,32,0,-1,28,30,26,-1,26,30,24,-1,4,6,32,-1,32,6,8,-1,32,8,10,-1,18,20,30,-1,30,20,22,-1,30,22,24,-1,10,12,32,-1,32,12,14,-1,32,14,30,-1,30,14,16,-1,30,16,18,-1,3,1,33,-1,31,29,27,-1,9,33,11,-1,11,33,13,-1,9,7,33,-1,33,7,5,-1,33,5,3,-1,27,25,31,-1,31,25,23,-1,31,23,21,-1,21,19,31,-1,31,19,17,-1,31,17,33,-1,33,17,15,-1,33,15,13,-1,
        ]
    }
}
Shape{
    appearance Appearance {
        material  Material 	{
            diffuseColor 0.7529411764705882 0.7529411764705882 0.7529411764705882
            specularColor 0.3764705882352941 0.3764705882352941 0.3764705882352941
            ambientIntensity 0.7529
            transparency 0.0
            shininess 0.5
        }
    }
    geometry IndexedFaceSet {
        ccw TRUE
        solid FALSE
        coord DEF co Coordinate {
            point [
                2.3543 2.6575 -1.1024, 2.3543 2.4606 -1.1024, 2.3543 2.6575 0.2362, 2.3543 2.4606 0.2362, 2.6299 2.6575 -1.1024, 2.6299 2.6575 0.2362, 2.6299 2.4606 -1.1024, 2.6299 2.4606 0.2362, -2.6339 2.6575 -1.1024, -2.6339 2.4606 -1.1024, -2.6339 2.6575 0.2362, -2.6339 2.4606 0.2362, -2.3583 2.6575 -1.1024, -2.3583 2.6575 0.2362, -2.3583 2.4606 -1.1024, -2.3583 2.4606 0.2362, 1.3898 2.6575 -1.1024, 1.3898 2.4606 -1.1024, 1.3898 2.6575 0.2362, 1.3898 2.4606 0.2362, 1.6654 2.6575 -1.1024, 1.6654 2.6575 0.2362, 1.6654 2.4606 -1.1024, 1.6654 2.4606 0.2362
            ]
        }
        coordIndex [
            0,1,2,-1,2,1,3,-1,4,0,5,-1,5,0,2,-1,6,4,7,-1,7,4,5,-1,1,6,3,-1,3,6,7,-1,4,6,0,-1,0,6,1,-1,7,5,3,-1,3,5,2,-1,8,9,10,-1,10,9,11,-1,12,8,13,-1,13,8,10,-1,14,12,15,-1,15,12,13,-1,9,14,11,-1,11,14,15,-1,12,14,8,-1,8,14,9,-1,15,13,11,-1,11,13,10,-1,16,17,18,-1,18,17,19,-1,20,16,21,-1,21,16,18,-1,22,20,23,-1,23,20,21,-1,17,22,19,-1,19,22,23,-1,20,22,16,-1,16,22,17,-1,23,21,19,-1,19,21,18,-1,
        ]
    }
}
Shape{
    appearance Appearance {
        material  Material 	{
            diffuseColor 0.25098039215686274 0.25098039215686274 0.25098039215686274
            specularColor 0.12549019607843137 0.12549019607843137 0.12549019607843137
            ambientIntensity 0.251
            transparency 0.0
            shininess 0.5
        }
    }
    geometry IndexedFaceSet {
        ccw TRUE
        solid FALSE
        coord DEF co Coordinate {
            point [
                3.0295 2.7028 0.0394, 3.0295 3.4249 0.0394, 3.0295 2.7028 0.2362, 3.0295 3.4249 0.2362, 2.6853 2.7028 0.0394, 2.6853 2.7028 0.2362, 2.6853 3.4249 0.0394, 2.6853 3.4249 0.2362, -3.0335 3.4249 0.0394, -3.0335 2.7028 0.0394, -3.0335 3.4249 0.2362, -3.0335 2.7028 0.2362, -2.6892 3.4249 0.0394, -2.6892 3.4249 0.2362, -2.6892 2.7028 0.0394, -2.6892 2.7028 0.2362, 2.248 1.3937 -0.6693, 2.248 1.4331 -0.6693, 2.248 1.4331 -0.9843, 2.248 0.4488 -0.9843, 2.248 0.4488 -0.6693, 2.248 0.6457 -1.1811, 2.248 0.4882 -0.6693, 2.248 0.4882 0.2362, 2.248 1.3937 0.2362, 2.248 1.2362 -1.1811, -2.6639 -0.7177 0.2362, -3.0335 -0.7177 0.2362, -3.0335 0.4144 0.2362, -1.3504 -1.5197 0.2362, -1.3504 -1.5984 0.2362, -1.502 -2.0591 0.2362, -0.3504 -1.5197 0.2362, -0.3504 -1.5984 0.2362, -1.002 -2.0591 0.2362, 0.6496 -1.5197 0.2362, 0.6496 -1.5984 0.2362, 0.498 -2.0591 0.2362, 2.0702 -2.752 0.2362, 1.8694 -2.752 0.2362, 1.8694 -2.0591 0.2362, 1.8924 0.0843 0.2362, 2.0702 0.0843 0.2362, 2.0702 -0.7177 0.2362, -2.6893 0.8238 0.2362, -2.6639 0.7625 0.2362, -2.6639 0.4144 0.2362, -2.6231 1.7976 0.2362, -2.6231 1.5413 0.2362, -2.6639 1.1194 0.2362, -2.6441 0.7146 0.2362, -2.5721 0.6208 0.2362, -2.4783 0.5488 0.2362, -2.6639 3.4528 0.2362, -1.8733 3.4528 0.2362, -1.8963 1.7976 0.2362, -2.3692 1.3783 0.2362, -2.4783 1.333 0.2362, -2.252 1.3937 0.2362, -2.3692 0.5036 0.2362, -2.252 0.4882 0.2362, -1.8733 0.4144 0.2362, -1.8963 1.5413 0.2362, -2.5721 1.2611 0.2362, -2.6441 1.1673 0.2362, -2.7047 0.9409 0.2362, -2.6893 1.0581 0.2362, -3.0335 3.4528 0.2362, 1.8694 3.4528 0.2362, 2.0702 3.4528 0.2362, 2.0702 1.7976 0.2362, 2.0702 1.5413 0.2362, 2.0702 0.4144 0.2362, 1.8924 1.5413 0.2362, 1.8694 0.4144 0.2362, 1.8924 1.7976 0.2362, 3.0295 0.4144 0.2362, 2.6192 1.5413 0.2362, 2.6192 1.7976 0.2362, 3.0295 3.4528 0.2362, 2.4744 0.5488 0.2362, 2.5682 0.6208 0.2362, 2.6401 0.7146 0.2362, 2.6854 0.8238 0.2362, 2.5682 1.2611 0.2362, 2.4744 1.333 0.2362, 2.3652 1.3783 0.2362, 2.3652 0.5036 0.2362, 2.7008 0.9409 0.2362, 2.6854 1.0581 0.2362, 2.6401 1.1673 0.2362, 1.8924 0.3406 0.2362, 2.0702 0.3406 0.2362, 2.6192 0.3406 0.2362, 2.6192 0.0843 0.2362, 3.0295 -0.7177 0.2362, 1.8694 -2.9055 0.2362, 2.0702 -2.9055 0.2362, 3.0295 -2.9055 0.2362, 3.0295 -2.752 0.2362, 0.998 -2.9055 0.2362, 0.998 -2.752 0.2362, 1.498 -2.9055 0.2362, 1.498 -2.752 0.2362, -0.002 -2.9055 0.2362, -0.002 -2.752 0.2362, 0.498 -2.9055 0.2362, 0.498 -2.752 0.2362, -3.0335 -2.9055 0.2362, -3.0335 -2.752 0.2362, -2.6639 -2.9055 0.2362, -2.6639 -2.752 0.2362, -1.8733 -2.9055 0.2362, -1.8733 -2.752 0.2362, -1.502 -2.9055 0.2362, -1.502 -2.752 0.2362, -1.002 -2.9055 0.2362, 2.0702 -2.0591 0.2362, 3.0295 -2.0591 0.2362, 1.498 -2.0591 0.2362, 1.1496 -2.5197 0.2362, 0.998 -2.0591 0.2362, 1.3465 -2.5197 0.2362, 1.3465 -2.5984 0.2362, 1.1496 -2.5984 0.2362, 0.1496 -2.5197 0.2362, -0.002 -2.0591 0.2362, 0.3465 -2.5197 0.2362, 0.3465 -2.5984 0.2362, 0.1496 -2.5984 0.2362, -1.002 -2.752 0.2362, -0.8504 -2.5984 0.2362, -0.6535 -2.5984 0.2362, -0.6535 -2.5197 0.2362, -0.8504 -2.5197 0.2362, -1.8504 -2.5197 0.2362, -1.8504 -2.5984 0.2362, -1.6535 -2.5984 0.2362, -1.6535 -2.5197 0.2362, -1.8733 -2.0591 0.2362, -3.0335 -2.0591 0.2362, -2.6639 -2.0591 0.2362, 1.8694 -0.7177 0.2362, 1.6496 -1.5197 0.2362, 1.6496 -1.5984 0.2362, 1.8465 -1.5984 0.2362, 1.8465 -1.5197 0.2362, 1.498 -0.7177 0.2362, 0.498 -0.7177 0.2362, 0.998 -0.7177 0.2362, 0.8465 -1.5197 0.2362, 0.8465 -1.5984 0.2362, -1.002 -0.7177 0.2362, -0.002 -0.7177 0.2362, -0.1535 -1.5197 0.2362, -0.1535 -1.5984 0.2362, -1.502 -0.7177 0.2362, -1.1535 -1.5197 0.2362, -1.1535 -1.5984 0.2362, -1.8733 -0.7177 0.2362, -1.502 0.4144 0.2362, -1.002 0.4144 0.2362, -0.002 0.4144 0.2362, 0.498 0.4144 0.2362, 0.998 0.4144 0.2362, 1.498 0.4144 0.2362, -2.6231 0.0843 0.2362, -1.8963 0.0843 0.2362, -1.8963 0.3406 0.2362, -2.6231 0.3406 0.2362, -1.502 3.4528 0.2362, -1.002 3.4528 0.2362, -0.002 3.4528 0.2362, 0.498 3.4528 0.2362, 0.998 3.4528 0.2362, 1.498 3.4528 0.2362, 2.1856 1.0368 6.6535, 2.1856 1.7572 6.6535, 2.1856 1.0368 2.0079, 2.1856 1.7572 2.0079, -2.1896 1.0368 2.0079, -2.1896 1.7572 2.0079, -2.1896 1.0368 6.6535, -2.1896 1.7572 6.6535, -2.2683 1.8359 6.7323, -2.2683 1.0368 6.7323, 2.2644 1.8359 6.7323, 2.2644 1.0368 6.7323, 1.4744 -0.471 3.3103, 1.2776 -0.471 3.3103, 1.1791 -0.471 6.6535, 2.1856 -0.471 2.552, 2.1856 -0.471 2.0079, 2.0072 -0.471 2.0079, -2.1896 -0.471 2.0079, -2.1896 -0.471 2.552, -1.834 -0.471 2.0079, -1.834 -0.471 2.552, -1.1831 -0.471 2.0079, -1.1831 -0.471 2.552, -0.7894 -0.471 2.0079, -0.7894 -0.471 2.552, -0.3957 -0.471 2.0079, -0.3957 -0.471 2.552, -0.002 -0.471 2.0079, -0.002 -0.471 2.552, 0.3917 -0.471 2.0079, 0.3917 -0.471 2.552, 0.7854 -0.471 2.0079, 0.7854 -0.471 2.552, 1.1791 -0.471 2.0079, 1.1791 -0.471 2.552, 1.2776 -0.471 3.0961, 1.4744 -0.471 3.0961, 2.1856 -0.471 6.6535, 0.8839 -0.471 3.0961, 1.0807 -0.471 3.0961, 1.0807 -0.471 3.3103, 0.8839 -0.471 3.3103, 0.7854 -0.471 6.6535, 0.4902 -0.471 3.0961, 0.687 -0.471 3.0961, 0.687 -0.471 3.3103, 0.4902 -0.471 3.3103, 0.3917 -0.471 6.6535, 0.0965 -0.471 3.0961, 0.2933 -0.471 3.0961, 0.2933 -0.471 3.3103, 0.0965 -0.471 3.3103, -0.002 -0.471 6.6535, -0.2972 -0.471 3.0961, -0.1004 -0.471 3.0961, -0.1004 -0.471 3.3103, -0.2972 -0.471 3.3103, -0.3957 -0.471 6.6535, -0.6909 -0.471 3.0961, -0.4941 -0.471 3.0961, -0.4941 -0.471 3.3103, -0.6909 -0.471 3.3103, -0.7894 -0.471 6.6535, -1.0846 -0.471 3.3103, -1.0846 -0.471 3.0961, -0.8878 -0.471 3.0961, -0.8878 -0.471 3.3103, -1.1831 -0.471 6.6535, -1.4783 -0.471 3.3103, -1.4783 -0.471 3.0961, -1.2815 -0.471 3.0961, -1.2815 -0.471 3.3103, -1.834 -0.471 6.6535, -2.1896 -0.471 6.6535, 2.0072 1.7572 2.0079, 1.2063 1.7572 2.0079, 1.2063 2.837 2.0079, 1.1791 2.837 2.0079, -2.1896 0.2494 2.0079, -1.2815 0.4432 2.0079, -1.4783 0.4432 2.0079, -2.1896 -0.0139 2.0079, -1.1831 -0.0139 2.0079, -1.2815 0.6232 2.0079, -1.2103 1.7572 2.0079, -1.4783 0.6232 2.0079, -1.1831 2.837 2.0079, -1.2103 2.837 2.0079, -2.5439 1.0368 2.0079, -2.5439 0.2494 2.0079, -0.7894 3.2362 2.0079, -0.9965 3.2362 2.0079, -0.9965 2.837 2.0079, -0.7894 -0.0139 2.0079, -0.8878 0.4432 2.0079, -1.0846 0.4432 2.0079, -1.0846 0.6232 2.0079, -0.8878 0.6232 2.0079, 1.0807 0.6232 2.0079, 1.0807 0.4432 2.0079, 1.1791 -0.0139 2.0079, 0.9926 3.2362 2.0079, 0.7854 3.2362 2.0079, 0.9926 2.837 2.0079, 0.7854 -0.0139 2.0079, 0.8839 0.4432 2.0079, 0.8839 0.6232 2.0079, 2.0072 -0.0139 2.0079, 1.4744 0.4432 2.0079, 1.2776 0.4432 2.0079, 1.2776 0.6232 2.0079, 1.4744 0.6232 2.0079, 2.1856 -0.0139 2.0079, 2.1856 0.2494 2.0079, 2.54 0.2494 2.0079, 2.54 1.0368 2.0079, 0.3917 -0.0139 2.0079, -0.002 -0.0139 2.0079, -0.3957 -0.0139 2.0079, -0.4941 0.4432 2.0079, -0.6909 0.4432 2.0079, -0.6909 0.6232 2.0079, -0.4941 0.6232 2.0079, -0.3957 3.2362 2.0079, -0.1004 0.4432 2.0079, -0.2972 0.4432 2.0079, -0.2972 0.6232 2.0079, -0.1004 0.6232 2.0079, -0.002 3.2362 2.0079, 0.2933 0.4432 2.0079, 0.0965 0.4432 2.0079, 0.0965 0.6232 2.0079, 0.2933 0.6232 2.0079, 0.3917 3.2362 2.0079, 0.4902 0.4432 2.0079, 0.4902 0.6232 2.0079, 0.687 0.4432 2.0079, 0.687 0.6232 2.0079, -3.0335 3.4528 6.7323, -1.289 1.8359 6.7323, 2.54 0.2494 6.7323, 2.2644 0.2494 6.7323, 2.2644 -0.5497 6.7323, -1.289 2.9157 6.7323, -1.0752 2.9157 6.7323, -1.0752 3.315 6.7323, -3.0335 -2.9055 6.7323, -2.5439 0.2494 6.7323, -2.5439 1.0368 6.7323, 1.0713 3.315 6.7323, 3.0295 3.4528 6.7323, 1.0713 2.9157 6.7323, 1.2851 2.9157 6.7323, 1.2851 1.8359 6.7323, -2.2683 0.2494 6.7323, -2.2683 -0.5497 6.7323, 3.0295 -2.9055 6.7323, 2.54 1.0368 6.7323, -0.9965 2.837 6.6535, -0.9965 3.2362 6.6535, 0.9926 3.2362 6.6535, 0.9926 2.837 6.6535, 1.2063 2.837 6.6535, 1.2063 1.7572 6.6535, 2.1856 0.2494 6.6535, -2.1896 0.2494 6.6535, -1.2103 1.7572 6.6535, -1.2103 2.837 6.6535
            ]
        }
        coordIndex [
            0,1,2,-1,2,1,3,-1,4,0,5,-1,5,0,2,-1,6,4,7,-1,7,4,5,-1,1,6,3,-1,3,6,7,-1,4,6,0,-1,0,6,1,-1,7,5,3,-1,3,5,2,-1,8,9,10,-1,10,9,11,-1,12,8,13,-1,13,8,10,-1,14,12,15,-1,15,12,13,-1,9,14,11,-1,11,14,15,-1,12,14,8,-1,8,14,9,-1,15,13,11,-1,11,13,10,-1,16,17,18,-1,19,20,21,-1,21,20,22,-1,23,24,22,-1,22,24,16,-1,22,16,21,-1,21,16,18,-1,21,18,25,-1,26,27,28,-1,29,30,31,-1,32,33,34,-1,35,36,37,-1,38,39,40,-1,41,42,43,-1,44,45,46,-1,47,48,49,-1,45,50,46,-1,46,50,51,-1,46,51,52,-1,53,54,55,-1,56,57,48,-1,56,48,58,-1,52,59,46,-1,46,59,60,-1,46,60,61,-1,61,60,58,-1,61,58,62,-1,62,58,48,-1,57,63,48,-1,48,63,64,-1,48,64,49,-1,65,28,66,-1,66,28,67,-1,66,67,49,-1,49,67,53,-1,49,53,47,-1,47,53,55,-1,68,69,70,-1,71,72,73,-1,73,72,74,-1,73,74,75,-1,76,77,78,-1,70,69,78,-1,78,69,79,-1,78,79,76,-1,80,81,76,-1,76,81,82,-1,76,82,83,-1,84,85,77,-1,77,85,86,-1,77,86,71,-1,71,86,24,-1,71,24,72,-1,72,24,23,-1,72,23,76,-1,76,23,87,-1,76,87,80,-1,83,88,76,-1,76,88,89,-1,76,89,77,-1,77,89,90,-1,77,90,84,-1,91,74,92,-1,92,74,72,-1,92,72,93,-1,93,72,76,-1,93,76,94,-1,94,76,95,-1,96,39,97,-1,97,39,38,-1,97,38,98,-1,98,38,99,-1,100,101,102,-1,102,101,103,-1,102,103,96,-1,104,105,106,-1,106,105,107,-1,106,107,100,-1,108,109,110,-1,110,109,111,-1,110,111,112,-1,112,111,113,-1,112,113,114,-1,114,113,115,-1,114,115,116,-1,117,118,99,-1,96,103,39,-1,39,103,119,-1,39,119,40,-1,120,121,122,-1,122,121,119,-1,122,119,123,-1,123,119,103,-1,123,103,124,-1,124,103,101,-1,124,101,120,-1,120,101,121,-1,125,126,127,-1,127,126,37,-1,127,37,128,-1,128,37,107,-1,128,107,129,-1,129,107,105,-1,129,105,125,-1,125,105,126,-1,130,131,132,-1,133,126,132,-1,132,126,105,-1,132,105,130,-1,130,105,104,-1,130,104,116,-1,131,130,134,-1,134,130,34,-1,134,34,133,-1,135,136,113,-1,113,136,115,-1,115,136,137,-1,115,137,31,-1,31,137,138,-1,31,138,139,-1,109,140,111,-1,111,140,141,-1,111,141,113,-1,113,141,139,-1,113,139,135,-1,135,139,138,-1,118,43,95,-1,95,43,42,-1,95,42,94,-1,118,117,43,-1,43,117,142,-1,43,142,41,-1,143,144,119,-1,119,144,40,-1,40,144,145,-1,40,145,146,-1,99,38,117,-1,117,38,40,-1,117,40,142,-1,142,40,146,-1,142,146,147,-1,148,149,150,-1,100,107,101,-1,101,107,37,-1,101,37,121,-1,121,37,36,-1,121,36,151,-1,146,143,147,-1,147,143,119,-1,147,119,149,-1,149,119,121,-1,149,121,150,-1,150,121,151,-1,152,153,154,-1,133,34,126,-1,126,34,33,-1,126,33,155,-1,150,35,148,-1,148,35,37,-1,148,37,153,-1,153,37,126,-1,153,126,154,-1,154,126,155,-1,156,152,157,-1,116,115,130,-1,130,115,31,-1,130,31,34,-1,34,31,30,-1,34,30,158,-1,154,32,152,-1,152,32,34,-1,152,34,157,-1,157,34,158,-1,140,27,141,-1,141,27,26,-1,141,26,139,-1,139,26,159,-1,139,159,31,-1,31,159,156,-1,31,156,29,-1,29,156,157,-1,159,61,156,-1,156,61,160,-1,156,160,152,-1,152,160,161,-1,152,161,153,-1,153,161,162,-1,153,162,148,-1,148,162,163,-1,148,163,149,-1,149,163,164,-1,149,164,147,-1,147,164,165,-1,147,165,142,-1,142,165,74,-1,142,74,41,-1,41,74,91,-1,65,44,28,-1,28,44,46,-1,28,46,26,-1,26,46,166,-1,26,166,159,-1,159,166,167,-1,159,167,61,-1,61,167,168,-1,61,168,46,-1,46,168,169,-1,46,169,166,-1,62,55,61,-1,61,55,54,-1,61,54,160,-1,160,54,170,-1,160,170,161,-1,161,170,171,-1,161,171,162,-1,162,171,172,-1,162,172,163,-1,163,172,173,-1,163,173,164,-1,164,173,174,-1,164,174,165,-1,165,174,175,-1,165,175,74,-1,74,175,68,-1,74,68,75,-1,75,68,70,-1,176,177,178,-1,178,177,179,-1,180,181,182,-1,182,181,183,-1,183,184,182,-1,182,184,185,-1,186,177,187,-1,187,177,176,-1,188,189,190,-1,191,192,193,-1,194,195,196,-1,196,195,197,-1,196,197,198,-1,198,197,199,-1,198,199,200,-1,200,199,201,-1,200,201,202,-1,202,201,203,-1,202,203,204,-1,204,203,205,-1,204,205,206,-1,206,205,207,-1,206,207,208,-1,208,207,209,-1,208,209,210,-1,210,209,211,-1,212,191,211,-1,211,191,193,-1,211,193,210,-1,212,213,191,-1,191,213,188,-1,191,188,214,-1,214,188,190,-1,209,215,211,-1,211,215,216,-1,211,216,217,-1,218,219,217,-1,217,219,190,-1,217,190,211,-1,211,190,189,-1,211,189,212,-1,207,220,209,-1,209,220,221,-1,209,221,222,-1,223,224,222,-1,222,224,219,-1,222,219,209,-1,209,219,218,-1,209,218,215,-1,205,225,207,-1,207,225,226,-1,207,226,227,-1,228,229,227,-1,227,229,224,-1,227,224,207,-1,207,224,223,-1,207,223,220,-1,203,230,205,-1,205,230,231,-1,205,231,232,-1,233,234,232,-1,232,234,229,-1,232,229,205,-1,205,229,228,-1,205,228,225,-1,201,235,203,-1,203,235,236,-1,203,236,237,-1,238,239,237,-1,237,239,234,-1,237,234,203,-1,203,234,233,-1,203,233,230,-1,240,241,199,-1,199,241,201,-1,201,241,242,-1,201,242,243,-1,240,244,243,-1,243,244,239,-1,243,239,201,-1,201,239,238,-1,201,238,235,-1,245,246,197,-1,197,246,199,-1,199,246,247,-1,199,247,248,-1,240,199,244,-1,244,199,248,-1,244,248,249,-1,195,250,197,-1,197,250,249,-1,197,249,245,-1,245,249,248,-1,178,179,251,-1,252,253,254,-1,255,256,257,-1,255,258,256,-1,256,258,259,-1,256,259,260,-1,261,181,262,-1,263,264,261,-1,262,181,257,-1,257,181,180,-1,257,180,255,-1,255,180,265,-1,255,265,266,-1,267,268,269,-1,270,271,259,-1,259,271,272,-1,259,272,273,-1,262,260,261,-1,261,260,259,-1,261,259,263,-1,263,259,273,-1,263,273,269,-1,269,273,274,-1,269,274,267,-1,275,276,277,-1,278,279,280,-1,280,279,281,-1,277,276,281,-1,276,282,281,-1,281,282,283,-1,281,283,280,-1,280,283,254,-1,284,285,277,-1,277,285,286,-1,277,286,287,-1,288,251,287,-1,287,251,252,-1,287,252,277,-1,277,252,254,-1,277,254,275,-1,275,254,283,-1,284,289,290,-1,290,291,292,-1,292,178,290,-1,290,178,251,-1,290,251,284,-1,284,251,288,-1,284,288,285,-1,192,289,193,-1,193,289,284,-1,193,284,210,-1,210,284,277,-1,210,277,208,-1,208,277,281,-1,208,281,206,-1,206,281,293,-1,206,293,204,-1,204,293,294,-1,204,294,202,-1,202,294,295,-1,202,295,200,-1,200,295,270,-1,200,270,198,-1,198,270,259,-1,198,259,196,-1,196,259,258,-1,196,258,194,-1,295,296,270,-1,270,296,297,-1,270,297,298,-1,299,300,298,-1,298,300,267,-1,298,267,270,-1,270,267,274,-1,270,274,271,-1,294,301,295,-1,295,301,302,-1,295,302,303,-1,304,305,303,-1,303,305,300,-1,303,300,295,-1,295,300,299,-1,295,299,296,-1,293,306,294,-1,294,306,307,-1,294,307,308,-1,309,310,308,-1,308,310,305,-1,308,305,294,-1,294,305,304,-1,294,304,301,-1,293,311,312,-1,311,293,313,-1,313,293,281,-1,313,281,314,-1,314,281,279,-1,314,279,312,-1,312,279,310,-1,312,310,293,-1,293,310,309,-1,293,309,306,-1,185,184,315,-1,315,184,316,-1,317,318,319,-1,320,321,322,-1,323,324,315,-1,315,324,325,-1,315,325,185,-1,326,327,322,-1,322,327,315,-1,322,315,320,-1,320,315,316,-1,326,328,329,-1,326,329,327,-1,327,329,330,-1,327,330,186,-1,331,324,332,-1,332,324,323,-1,332,323,319,-1,319,323,333,-1,319,333,317,-1,317,333,327,-1,317,327,334,-1,334,327,186,-1,334,186,187,-1,79,69,327,-1,327,69,68,-1,327,68,175,-1,171,170,315,-1,175,174,327,-1,327,174,173,-1,327,173,315,-1,315,173,172,-1,315,172,171,-1,170,54,315,-1,315,54,53,-1,315,53,67,-1,27,323,28,-1,28,323,315,-1,28,315,67,-1,27,140,323,-1,323,140,109,-1,323,109,108,-1,100,102,333,-1,102,96,333,-1,333,96,97,-1,333,97,98,-1,116,104,323,-1,323,108,110,-1,323,104,333,-1,333,104,106,-1,333,106,100,-1,110,112,323,-1,323,112,114,-1,323,114,116,-1,333,98,99,-1,99,118,333,-1,333,118,95,-1,333,95,327,-1,327,95,76,-1,327,76,79,-1,335,269,336,-1,336,269,268,-1,268,267,336,-1,336,267,300,-1,336,300,337,-1,337,300,305,-1,305,310,337,-1,337,310,279,-1,337,279,278,-1,337,278,338,-1,338,278,280,-1,253,339,254,-1,254,339,338,-1,254,338,280,-1,339,253,340,-1,340,253,252,-1,179,177,251,-1,251,177,340,-1,251,340,252,-1,341,290,289,-1,214,341,191,-1,191,341,289,-1,191,289,192,-1,258,255,342,-1,342,250,258,-1,258,250,195,-1,258,195,194,-1,183,181,343,-1,343,181,261,-1,343,261,344,-1,344,261,264,-1,269,335,263,-1,263,335,344,-1,263,344,264,-1,322,336,326,-1,326,336,337,-1,321,335,322,-1,322,335,336,-1,338,328,337,-1,337,328,326,-1,320,344,321,-1,321,344,335,-1,339,329,338,-1,338,329,328,-1,316,343,320,-1,320,343,344,-1,340,330,339,-1,339,330,329,-1,184,183,316,-1,316,183,343,-1,177,186,340,-1,340,186,330,-1,332,250,331,-1,331,250,342,-1,214,319,341,-1,341,319,318,-1,214,190,319,-1,319,190,219,-1,219,224,319,-1,319,224,229,-1,319,229,332,-1,332,229,234,-1,332,234,239,-1,239,244,332,-1,332,244,249,-1,332,249,250,-1,
        ]
    }
}
Shape{
    appearance Appearance {
        material  Material 	{
            diffuseColor 1.0 1.0 0.0
            specularColor 0.5019607843137255 0.5019607843137255 0.0
            ambientIntensity 0.886
            transparency 0.0
            shininess 0.5
        }
    }
    geometry IndexedFaceSet {
        ccw TRUE
        solid FALSE
        coord DEF co Coordinate {
            point [
                0.0965 -0.471 3.0961, 0.0965 0.4432 2.0079, 0.2933 -0.471 3.0961, 0.2933 0.4432 2.0079, 0.2933 0.6232 2.0079, 0.0965 0.6232 2.0079, 0.2933 -0.471 3.3103, 0.0965 -0.471 3.3103, 0.4902 -0.471 3.0961, 0.4902 0.4432 2.0079, 0.687 -0.471 3.0961, 0.687 0.4432 2.0079, 0.687 0.6232 2.0079, 0.4902 0.6232 2.0079, 0.687 -0.471 3.3103, 0.4902 -0.471 3.3103, 0.8839 -0.471 3.0961, 0.8839 0.4432 2.0079, 1.0807 -0.471 3.0961, 1.0807 0.4432 2.0079, 1.0807 0.6232 2.0079, 0.8839 0.6232 2.0079, 1.0807 -0.471 3.3103, 0.8839 -0.471 3.3103, 1.2776 -0.471 3.0961, 1.2776 0.4432 2.0079, 1.4744 -0.471 3.0961, 1.4744 0.4432 2.0079, 1.4744 0.6232 2.0079, 1.2776 0.6232 2.0079, 1.4744 -0.471 3.3103, 1.2776 -0.471 3.3103, -0.2972 -0.471 3.0961, -0.2972 0.4432 2.0079, -0.1004 -0.471 3.0961, -0.1004 0.4432 2.0079, -0.1004 0.6232 2.0079, -0.2972 0.6232 2.0079, -0.1004 -0.471 3.3103, -0.2972 -0.471 3.3103, -0.6909 -0.471 3.0961, -0.6909 0.4432 2.0079, -0.4941 -0.471 3.0961, -0.4941 0.4432 2.0079, -0.4941 0.6232 2.0079, -0.6909 0.6232 2.0079, -0.4941 -0.471 3.3103, -0.6909 -0.471 3.3103, -1.0846 -0.471 3.0961, -1.0846 0.4432 2.0079, -0.8878 -0.471 3.0961, -0.8878 0.4432 2.0079, -0.8878 0.6232 2.0079, -1.0846 0.6232 2.0079, -0.8878 -0.471 3.3103, -1.0846 -0.471 3.3103, -1.4783 -0.471 3.0961, -1.4783 0.4432 2.0079, -1.2815 -0.471 3.0961, -1.2815 0.4432 2.0079, -1.2815 0.6232 2.0079, -1.4783 0.6232 2.0079, -1.2815 -0.471 3.3103, -1.4783 -0.471 3.3103
            ]
        }
        coordIndex [
            0,1,2,-1,2,1,3,-1,4,5,6,-1,6,5,7,-1,2,3,6,-1,6,3,4,-1,5,1,7,-1,7,1,0,-1,8,9,10,-1,10,9,11,-1,12,13,14,-1,14,13,15,-1,10,11,14,-1,14,11,12,-1,13,9,15,-1,15,9,8,-1,16,17,18,-1,18,17,19,-1,20,21,22,-1,22,21,23,-1,18,19,22,-1,22,19,20,-1,21,17,23,-1,23,17,16,-1,24,25,26,-1,26,25,27,-1,28,29,30,-1,30,29,31,-1,26,27,30,-1,30,27,28,-1,29,25,31,-1,31,25,24,-1,32,33,34,-1,34,33,35,-1,36,37,38,-1,38,37,39,-1,34,35,38,-1,38,35,36,-1,37,33,39,-1,39,33,32,-1,40,41,42,-1,42,41,43,-1,44,45,46,-1,46,45,47,-1,42,43,46,-1,46,43,44,-1,45,41,47,-1,47,41,40,-1,48,49,50,-1,50,49,51,-1,52,53,54,-1,54,53,55,-1,50,51,54,-1,54,51,52,-1,53,49,55,-1,55,49,48,-1,56,57,58,-1,58,57,59,-1,60,61,62,-1,62,61,63,-1,58,59,62,-1,62,59,60,-1,61,57,63,-1,63,57,56,-1,
        ]
    }
}
Shape{
    appearance Appearance {
        material  Material 	{
            diffuseColor 0.25098039215686274 0.25098039215686274 0.25098039215686274
            specularColor 0.12549019607843137 0.12549019607843137 0.12549019607843137
            ambientIntensity 0.251
            transparency 0.0
            shininess 0.5
        }
    }
    geometry IndexedFaceSet {
        ccw TRUE
        solid FALSE
        coord DEF co Coordinate {
            point [
                2.1856 1.0368 6.6535, 2.1856 1.0368 2.0079, 2.2644 1.0368 6.7323, 2.54 1.0368 2.0079, 2.54 1.0368 6.7323, 2.1856 0.2494 2.0079, 2.1856 0.2494 6.6535, 2.54 0.2494 2.0079, 2.2644 0.2494 6.7323, 2.54 0.2494 6.7323, -2.1896 1.0368 2.0079, -2.1896 1.0368 6.6535, -2.5439 1.0368 2.0079, -2.2683 1.0368 6.7323, -2.5439 1.0368 6.7323, -2.1896 0.2494 6.6535, -2.1896 0.2494 2.0079, -2.2683 0.2494 6.7323, -2.5439 0.2494 2.0079, -2.5439 0.2494 6.7323, 2.248 1.4331 -0.9843, 2.248 1.4331 -0.6693, 2.3754 1.4163 -0.6693, 2.3754 1.4163 -0.9843, 2.4941 1.3671 -0.6693, 2.4941 1.3671 -0.9843, 2.596 1.2889 -0.6693, 2.596 1.2889 -0.9843, 2.6742 1.187 -0.6693, 2.6742 1.187 -0.9843, 2.7234 1.0683 -0.6693, 2.7234 1.0683 -0.9843, 2.7402 0.9409 -0.6693, 2.7402 0.9409 -0.9843, 2.7234 0.8136 -0.6693, 2.7234 0.8136 -0.9843, 2.6742 0.6949 -0.6693, 2.6742 0.6949 -0.9843, 2.596 0.593 -0.6693, 2.596 0.593 -0.9843, 2.4941 0.5147 -0.6693, 2.4941 0.5147 -0.9843, 2.3754 0.4656 -0.6693, 2.3754 0.4656 -0.9843, 2.248 0.4488 -0.6693, 2.248 0.4488 -0.9843, 2.248 1.2362 -1.1811, 2.3245 1.2262 -1.1811, 2.248 0.6457 -1.1811, 2.3957 1.1967 -1.1811, 2.3957 0.6852 -1.1811, 2.5037 1.0886 -1.1811, 2.4568 0.7322 -1.1811, 2.5332 1.0174 -1.1811, 2.5433 0.9409 -1.1811, 2.5332 0.8645 -1.1811, 2.5037 0.7933 -1.1811, 2.4568 1.1497 -1.1811, 2.3245 0.6557 -1.1811, -2.252 0.4488 -0.9843, -2.252 0.4488 -0.6693, -2.3793 0.4656 -0.6693, -2.3793 0.4656 -0.9843, -2.498 0.5147 -0.6693, -2.498 0.5147 -0.9843, -2.6 0.593 -0.6693, -2.6 0.593 -0.9843, -2.6782 0.6949 -0.6693, -2.6782 0.6949 -0.9843, -2.7273 0.8136 -0.6693, -2.7273 0.8136 -0.9843, -2.7441 0.9409 -0.6693, -2.7441 0.9409 -0.9843, -2.7273 1.0683 -0.6693, -2.7273 1.0683 -0.9843, -2.6782 1.187 -0.6693, -2.6782 1.187 -0.9843, -2.6 1.2889 -0.6693, -2.6 1.2889 -0.9843, -2.498 1.3671 -0.6693, -2.498 1.3671 -0.9843, -2.3793 1.4163 -0.6693, -2.3793 1.4163 -0.9843, -2.252 1.4331 -0.6693, -2.252 1.4331 -0.9843, -2.252 1.2362 -1.1811, -2.252 0.6457 -1.1811, -2.3284 1.2262 -1.1811, -2.3996 1.1967 -1.1811, -2.3284 0.6557 -1.1811, -2.3996 0.6852 -1.1811, -2.4608 0.7322 -1.1811, -2.5077 0.7933 -1.1811, -2.5372 0.8645 -1.1811, -2.5472 0.9409 -1.1811, -2.5372 1.0174 -1.1811, -2.5077 1.0886 -1.1811, -2.4608 1.1497 -1.1811, -2.252 1.3937 -0.6693, -2.252 0.4882 0.2362, -2.252 0.4882 -0.6693, -2.252 1.3937 0.2362
            ]
        }
        coordIndex [
            0,1,2,-1,2,1,3,-1,2,3,4,-1,5,6,7,-1,7,6,8,-1,7,8,9,-1,4,3,9,-1,9,3,7,-1,10,11,12,-1,12,11,13,-1,12,13,14,-1,15,16,17,-1,17,16,18,-1,17,18,19,-1,19,18,14,-1,14,18,12,-1,20,21,22,-1,20,22,23,-1,23,22,24,-1,23,24,25,-1,25,24,26,-1,25,26,27,-1,27,26,28,-1,27,28,29,-1,29,28,30,-1,29,30,31,-1,31,30,32,-1,31,32,33,-1,33,32,34,-1,33,34,35,-1,35,34,36,-1,35,36,37,-1,37,36,38,-1,37,38,39,-1,39,38,40,-1,39,40,41,-1,41,40,42,-1,41,42,43,-1,43,42,44,-1,43,44,45,-1,46,47,48,-1,48,47,49,-1,50,51,52,-1,52,51,53,-1,53,54,52,-1,52,54,55,-1,52,55,56,-1,49,57,48,-1,48,57,51,-1,48,51,58,-1,58,51,50,-1,59,60,61,-1,59,61,62,-1,62,61,63,-1,62,63,64,-1,64,63,65,-1,64,65,66,-1,66,65,67,-1,66,67,68,-1,68,67,69,-1,68,69,70,-1,70,69,71,-1,70,71,72,-1,72,71,73,-1,72,73,74,-1,74,73,75,-1,74,75,76,-1,76,75,77,-1,76,77,78,-1,78,77,79,-1,78,79,80,-1,80,79,81,-1,80,81,82,-1,82,81,83,-1,82,83,84,-1,85,86,87,-1,87,86,88,-1,86,89,88,-1,88,89,90,-1,88,90,91,-1,91,92,88,-1,88,92,93,-1,88,93,94,-1,94,95,88,-1,88,95,96,-1,88,96,97,-1,86,59,62,-1,86,62,89,-1,89,62,64,-1,89,64,90,-1,90,64,66,-1,90,66,91,-1,91,66,68,-1,91,68,92,-1,92,68,70,-1,92,70,93,-1,93,70,72,-1,93,72,94,-1,94,72,74,-1,94,74,95,-1,95,74,76,-1,95,76,96,-1,96,76,78,-1,96,78,97,-1,97,78,80,-1,97,80,88,-1,88,80,82,-1,88,82,87,-1,87,82,84,-1,87,84,85,-1,46,20,23,-1,46,23,47,-1,47,23,25,-1,47,25,49,-1,49,25,27,-1,49,27,57,-1,57,27,29,-1,57,29,51,-1,51,29,31,-1,51,31,53,-1,53,31,33,-1,53,33,54,-1,54,33,35,-1,54,35,55,-1,55,35,37,-1,55,37,56,-1,56,37,39,-1,56,39,52,-1,52,39,41,-1,52,41,50,-1,50,41,43,-1,50,43,58,-1,58,43,45,-1,58,45,48,-1,84,83,98,-1,99,100,101,-1,101,100,98,-1,60,59,100,-1,100,59,86,-1,100,86,98,-1,98,86,85,-1,98,85,84,-1,
        ]
    }
}
Shape{
    appearance Appearance {
        material  Material 	{
            diffuseColor 1.0 1.0 1.0
            specularColor 0.5019607843137255 0.5019607843137255 0.5019607843137255
            ambientIntensity 1.0
            transparency 0.0
            shininess 0.5
        }
    }
    geometry IndexedFaceSet {
        ccw TRUE
        solid FALSE
        coord DEF co Coordinate {
            point [
                1.6496 -1.5984 -1.0433, 1.6496 -1.5984 0.2362, 1.6496 -1.5197 -1.0433, 1.6496 -1.5197 0.2362, 1.8465 -1.5197 0.2362, 1.8465 -1.5197 -1.0433, 1.6711 -1.5197 -1.1047, 1.6867 -1.5197 -1.1203, 1.7053 -1.5197 -1.132, 1.6594 -1.5197 -1.086, 1.6521 -1.5197 -1.0652, 1.8431 -1.5197 -1.0688, 1.748 -1.5197 -1.1417, 1.7261 -1.5197 -1.1393, 1.7972 -1.5197 -1.1285, 1.7735 -1.5197 -1.1384, 1.8176 -1.5197 -1.1129, 1.8333 -1.5197 -1.0925, 1.8465 -1.5984 -1.0433, 1.8465 -1.5984 0.2362, 1.6867 -1.5984 -1.1203, 1.7053 -1.5984 -1.132, 1.6521 -1.5984 -1.0652, 1.7261 -1.5984 -1.1393, 1.748 -1.5984 -1.1417, 1.8431 -1.5984 -1.0688, 1.6594 -1.5984 -1.086, 1.6711 -1.5984 -1.1047, 1.7735 -1.5984 -1.1384, 1.7972 -1.5984 -1.1285, 1.8176 -1.5984 -1.1129, 1.8333 -1.5984 -1.0925, -1.8504 -2.5984 -1.0433, -1.8504 -2.5984 0.2362, -1.8504 -2.5197 -1.0433, -1.8504 -2.5197 0.2362, -1.6535 -2.5197 0.2362, -1.6535 -2.5197 -1.0433, -1.6569 -2.5197 -1.0688, -1.6667 -2.5197 -1.0925, -1.6824 -2.5197 -1.1129, -1.847 -2.5197 -1.0688, -1.8372 -2.5197 -1.0925, -1.7028 -2.5197 -1.1285, -1.7265 -2.5197 -1.1384, -1.752 -2.5197 -1.1417, -1.7774 -2.5197 -1.1384, -1.8012 -2.5197 -1.1285, -1.8216 -2.5197 -1.1129, -1.6535 -2.5984 -1.0433, -1.6535 -2.5984 0.2362, -1.8372 -2.5984 -1.0925, -1.8216 -2.5984 -1.1129, -1.6824 -2.5984 -1.1129, -1.6569 -2.5984 -1.0688, -1.6667 -2.5984 -1.0925, -1.847 -2.5984 -1.0688, -1.7028 -2.5984 -1.1285, -1.7265 -2.5984 -1.1384, -1.752 -2.5984 -1.1417, -1.8012 -2.5984 -1.1285, -1.7774 -2.5984 -1.1384, -0.8372 -2.5984 -1.0925, -0.8216 -2.5984 -1.1129, -0.6824 -2.5984 -1.1129, -0.6535 -2.5984 0.2362, -0.8504 -2.5984 0.2362, -0.6535 -2.5984 -1.0433, -0.8504 -2.5984 -1.0433, -0.6569 -2.5984 -1.0688, -0.6667 -2.5984 -1.0925, -0.847 -2.5984 -1.0688, -0.7028 -2.5984 -1.1285, -0.7265 -2.5984 -1.1384, -0.752 -2.5984 -1.1417, -0.8012 -2.5984 -1.1285, -0.7774 -2.5984 -1.1384, -0.8504 -2.5197 -1.0433, -0.8504 -2.5197 0.2362, -0.6535 -2.5197 0.2362, -0.6535 -2.5197 -1.0433, -0.6569 -2.5197 -1.0688, -0.7028 -2.5197 -1.1285, -0.7265 -2.5197 -1.1384, -0.6824 -2.5197 -1.1129, -0.752 -2.5197 -1.1417, -0.7774 -2.5197 -1.1384, -0.6667 -2.5197 -1.0925, -0.847 -2.5197 -1.0688, -0.8372 -2.5197 -1.0925, -0.8012 -2.5197 -1.1285, -0.8216 -2.5197 -1.1129, 0.3465 -2.5984 -1.0433, 0.3465 -2.5984 0.2362, 0.1496 -2.5984 0.2362, 0.1496 -2.5984 -1.0433, 0.1521 -2.5984 -1.0652, 0.1594 -2.5984 -1.086, 0.1711 -2.5984 -1.1047, 0.1867 -2.5984 -1.1203, 0.2053 -2.5984 -1.132, 0.3333 -2.5984 -1.0925, 0.248 -2.5984 -1.1417, 0.3176 -2.5984 -1.1129, 0.2735 -2.5984 -1.1384, 0.2972 -2.5984 -1.1285, 0.2261 -2.5984 -1.1393, 0.3431 -2.5984 -1.0688, 0.1496 -2.5197 -1.0433, 0.1496 -2.5197 0.2362, 0.2261 -2.5197 -1.1393, 0.2053 -2.5197 -1.132, 0.3465 -2.5197 -1.0433, 0.3465 -2.5197 0.2362, 0.1521 -2.5197 -1.0652, 0.1594 -2.5197 -1.086, 0.1867 -2.5197 -1.1203, 0.1711 -2.5197 -1.1047, 0.2972 -2.5197 -1.1285, 0.2735 -2.5197 -1.1384, 0.3176 -2.5197 -1.1129, 0.248 -2.5197 -1.1417, 0.3333 -2.5197 -1.0925, 0.3431 -2.5197 -1.0688, 1.1628 -2.5984 -1.0925, 1.1784 -2.5984 -1.1129, 1.3176 -2.5984 -1.1129, 1.3465 -2.5984 0.2362, 1.1496 -2.5984 0.2362, 1.3465 -2.5984 -1.0433, 1.1496 -2.5984 -1.0433, 1.3431 -2.5984 -1.0688, 1.3333 -2.5984 -1.0925, 1.153 -2.5984 -1.0688, 1.2972 -2.5984 -1.1285, 1.2735 -2.5984 -1.1384, 1.248 -2.5984 -1.1417, 1.1988 -2.5984 -1.1285, 1.2226 -2.5984 -1.1384, 1.1496 -2.5197 -1.0433, 1.1496 -2.5197 0.2362, 1.3465 -2.5197 0.2362, 1.3465 -2.5197 -1.0433, 1.3431 -2.5197 -1.0688, 1.3333 -2.5197 -1.0925, 1.3176 -2.5197 -1.1129, 1.2972 -2.5197 -1.1285, 1.1628 -2.5197 -1.0925, 1.248 -2.5197 -1.1417, 1.1784 -2.5197 -1.1129, 1.2226 -2.5197 -1.1384, 1.1988 -2.5197 -1.1285, 1.2735 -2.5197 -1.1384, 1.153 -2.5197 -1.0688, 0.8333 -1.5984 -1.0925, 0.748 -1.5984 -1.1417, 0.8176 -1.5984 -1.1129, 0.7735 -1.5984 -1.1384, 0.7972 -1.5984 -1.1285, 0.8465 -1.5984 0.2362, 0.6496 -1.5984 0.2362, 0.8465 -1.5984 -1.0433, 0.6496 -1.5984 -1.0433, 0.653 -1.5984 -1.0688, 0.6628 -1.5984 -1.0925, 0.6784 -1.5984 -1.1129, 0.6988 -1.5984 -1.1285, 0.7226 -1.5984 -1.1384, 0.8431 -1.5984 -1.0688, 0.6496 -1.5197 -1.0433, 0.6496 -1.5197 0.2362, 0.8431 -1.5197 -1.0688, 0.8333 -1.5197 -1.0925, 0.748 -1.5197 -1.1417, 0.8176 -1.5197 -1.1129, 0.7735 -1.5197 -1.1384, 0.7972 -1.5197 -1.1285, 0.6988 -1.5197 -1.1285, 0.6784 -1.5197 -1.1129, 0.8465 -1.5197 -1.0433, 0.6628 -1.5197 -1.0925, 0.7226 -1.5197 -1.1384, 0.8465 -1.5197 0.2362, 0.653 -1.5197 -1.0688, -0.1535 -1.5984 -1.0433, -0.1535 -1.5984 0.2362, -0.3504 -1.5984 0.2362, -0.3504 -1.5984 -1.0433, -0.3479 -1.5984 -1.0652, -0.3406 -1.5984 -1.086, -0.3289 -1.5984 -1.1047, -0.3133 -1.5984 -1.1203, -0.2947 -1.5984 -1.132, -0.1667 -1.5984 -1.0925, -0.252 -1.5984 -1.1417, -0.1824 -1.5984 -1.1129, -0.2265 -1.5984 -1.1384, -0.2028 -1.5984 -1.1285, -0.2739 -1.5984 -1.1393, -0.1569 -1.5984 -1.0688, -0.3504 -1.5197 -1.0433, -0.3504 -1.5197 0.2362, -0.2739 -1.5197 -1.1393, -0.2947 -1.5197 -1.132, -0.1535 -1.5197 -1.0433, -0.1535 -1.5197 0.2362, -0.3479 -1.5197 -1.0652, -0.3406 -1.5197 -1.086, -0.3133 -1.5197 -1.1203, -0.3289 -1.5197 -1.1047, -0.2028 -1.5197 -1.1285, -0.2265 -1.5197 -1.1384, -0.1824 -1.5197 -1.1129, -0.252 -1.5197 -1.1417, -0.1667 -1.5197 -1.0925, -0.1569 -1.5197 -1.0688, -1.1535 -1.5984 0.2362, -1.3504 -1.5984 0.2362, -1.1535 -1.5984 -1.0433, -1.3504 -1.5984 -1.0433, -1.1569 -1.5984 -1.0688, -1.1667 -1.5984 -1.0925, -1.3012 -1.5984 -1.1285, -1.2774 -1.5984 -1.1384, -1.3216 -1.5984 -1.1129, -1.252 -1.5984 -1.1417, -1.3372 -1.5984 -1.0925, -1.2265 -1.5984 -1.1384, -1.2028 -1.5984 -1.1285, -1.1824 -1.5984 -1.1129, -1.347 -1.5984 -1.0688, -1.3504 -1.5197 -1.0433, -1.3504 -1.5197 0.2362, -1.1535 -1.5197 0.2362, -1.1535 -1.5197 -1.0433, -1.1569 -1.5197 -1.0688, -1.1667 -1.5197 -1.0925, -1.1824 -1.5197 -1.1129, -1.2028 -1.5197 -1.1285, -1.3372 -1.5197 -1.0925, -1.252 -1.5197 -1.1417, -1.3216 -1.5197 -1.1129, -1.2774 -1.5197 -1.1384, -1.3012 -1.5197 -1.1285, -1.2265 -1.5197 -1.1384, -1.347 -1.5197 -1.0688
            ]
        }
        coordIndex [
            0,1,2,-1,2,1,3,-1,3,4,2,-1,2,4,5,-1,6,5,7,-1,7,5,8,-1,6,9,5,-1,5,9,10,-1,5,10,2,-1,11,12,5,-1,5,12,13,-1,5,13,8,-1,14,15,16,-1,16,15,12,-1,16,12,17,-1,17,12,11,-1,5,4,18,-1,18,4,19,-1,20,21,18,-1,19,1,18,-1,18,1,0,-1,18,0,22,-1,21,23,18,-1,18,23,24,-1,18,24,25,-1,22,26,18,-1,18,26,27,-1,18,27,20,-1,28,29,30,-1,28,30,24,-1,24,30,31,-1,24,31,25,-1,32,33,34,-1,34,33,35,-1,35,36,34,-1,34,36,37,-1,34,37,38,-1,38,39,34,-1,34,39,40,-1,34,40,41,-1,41,40,42,-1,43,44,40,-1,40,44,45,-1,40,45,46,-1,46,47,40,-1,40,47,48,-1,40,48,42,-1,37,36,49,-1,49,36,50,-1,51,52,53,-1,50,33,49,-1,49,33,32,-1,49,32,54,-1,54,32,55,-1,55,32,53,-1,53,32,56,-1,53,56,51,-1,57,53,58,-1,58,53,59,-1,52,60,53,-1,53,60,61,-1,53,61,59,-1,62,63,64,-1,65,66,67,-1,67,66,68,-1,67,68,69,-1,69,68,70,-1,70,68,64,-1,64,68,71,-1,64,71,62,-1,72,64,73,-1,73,64,74,-1,63,75,64,-1,64,75,76,-1,64,76,74,-1,68,66,77,-1,77,66,78,-1,78,79,77,-1,77,79,80,-1,77,80,81,-1,82,83,84,-1,84,83,85,-1,84,85,86,-1,81,87,77,-1,77,87,84,-1,77,84,88,-1,88,84,89,-1,86,90,84,-1,84,90,91,-1,84,91,89,-1,80,79,67,-1,67,79,65,-1,92,93,94,-1,94,95,92,-1,92,95,96,-1,92,96,97,-1,97,98,92,-1,92,98,99,-1,92,99,100,-1,101,102,103,-1,103,102,104,-1,103,104,105,-1,100,106,92,-1,92,106,102,-1,92,102,107,-1,107,102,101,-1,95,94,108,-1,108,94,109,-1,110,111,112,-1,109,113,108,-1,108,113,112,-1,108,112,114,-1,114,112,115,-1,111,116,112,-1,112,116,117,-1,112,117,115,-1,118,119,120,-1,120,119,121,-1,120,121,122,-1,110,112,121,-1,121,112,123,-1,121,123,122,-1,112,113,92,-1,92,113,93,-1,124,125,126,-1,127,128,129,-1,129,128,130,-1,129,130,131,-1,131,130,132,-1,132,130,126,-1,126,130,133,-1,126,133,124,-1,134,126,135,-1,135,126,136,-1,125,137,126,-1,126,137,138,-1,126,138,136,-1,130,128,139,-1,139,128,140,-1,140,141,139,-1,139,141,142,-1,139,142,143,-1,143,144,139,-1,139,144,145,-1,139,145,146,-1,147,148,149,-1,149,148,150,-1,149,150,151,-1,146,152,139,-1,139,152,148,-1,139,148,153,-1,153,148,147,-1,142,141,129,-1,129,141,127,-1,154,155,156,-1,156,155,157,-1,156,157,158,-1,159,160,161,-1,161,160,162,-1,161,162,163,-1,163,164,161,-1,161,164,165,-1,161,165,166,-1,166,167,161,-1,161,167,155,-1,161,155,168,-1,168,155,154,-1,162,160,169,-1,169,160,170,-1,171,172,173,-1,173,172,174,-1,173,174,175,-1,175,174,176,-1,177,178,179,-1,179,178,180,-1,171,173,179,-1,179,173,181,-1,179,181,177,-1,170,182,169,-1,169,182,179,-1,169,179,183,-1,183,179,180,-1,179,182,161,-1,161,182,159,-1,184,185,186,-1,186,187,184,-1,184,187,188,-1,184,188,189,-1,189,190,184,-1,184,190,191,-1,184,191,192,-1,193,194,195,-1,195,194,196,-1,195,196,197,-1,192,198,184,-1,184,198,194,-1,184,194,199,-1,199,194,193,-1,187,186,200,-1,200,186,201,-1,202,203,204,-1,201,205,200,-1,200,205,204,-1,200,204,206,-1,206,204,207,-1,203,208,204,-1,204,208,209,-1,204,209,207,-1,210,211,212,-1,212,211,213,-1,212,213,214,-1,202,204,213,-1,213,204,215,-1,213,215,214,-1,204,205,184,-1,184,205,185,-1,216,217,218,-1,218,217,219,-1,218,219,220,-1,220,219,221,-1,222,223,224,-1,224,223,225,-1,224,225,226,-1,227,228,219,-1,219,228,229,-1,219,229,221,-1,227,219,225,-1,225,219,230,-1,225,230,226,-1,219,217,231,-1,231,217,232,-1,232,233,231,-1,231,233,234,-1,231,234,235,-1,235,236,231,-1,231,236,237,-1,231,237,238,-1,239,240,241,-1,241,240,242,-1,241,242,243,-1,238,244,231,-1,231,244,240,-1,231,240,245,-1,245,240,239,-1,234,233,218,-1,218,233,216,-1,59,45,44,-1,59,44,58,-1,58,44,43,-1,58,43,57,-1,57,43,40,-1,57,40,53,-1,53,40,39,-1,53,39,55,-1,55,39,38,-1,55,38,54,-1,54,38,37,-1,54,37,49,-1,45,59,61,-1,45,61,46,-1,46,61,60,-1,46,60,47,-1,47,60,52,-1,47,52,48,-1,48,52,51,-1,48,51,42,-1,42,51,56,-1,42,56,41,-1,41,56,32,-1,41,32,34,-1,80,67,69,-1,80,69,81,-1,81,69,70,-1,81,70,87,-1,87,70,64,-1,87,64,84,-1,84,64,72,-1,84,72,82,-1,82,72,73,-1,82,73,83,-1,83,73,74,-1,83,74,85,-1,68,77,88,-1,68,88,71,-1,71,88,89,-1,71,89,62,-1,62,89,91,-1,62,91,63,-1,63,91,90,-1,63,90,75,-1,75,90,86,-1,75,86,76,-1,76,86,85,-1,76,85,74,-1,234,218,220,-1,234,220,235,-1,235,220,221,-1,235,221,236,-1,236,221,229,-1,236,229,237,-1,237,229,228,-1,237,228,238,-1,238,228,227,-1,238,227,244,-1,244,227,225,-1,244,225,240,-1,219,231,245,-1,219,245,230,-1,230,245,239,-1,230,239,226,-1,226,239,241,-1,226,241,224,-1,224,241,243,-1,224,243,222,-1,222,243,242,-1,222,242,223,-1,223,242,240,-1,223,240,225,-1,112,92,107,-1,112,107,123,-1,123,107,101,-1,123,101,122,-1,122,101,103,-1,122,103,120,-1,120,103,105,-1,120,105,118,-1,118,105,104,-1,118,104,119,-1,119,104,102,-1,119,102,121,-1,95,108,114,-1,95,114,96,-1,96,114,115,-1,96,115,97,-1,97,115,117,-1,97,117,98,-1,98,117,116,-1,98,116,99,-1,99,116,111,-1,99,111,100,-1,100,111,110,-1,100,110,106,-1,106,110,121,-1,106,121,102,-1,204,184,199,-1,204,199,215,-1,215,199,193,-1,215,193,214,-1,214,193,195,-1,214,195,212,-1,212,195,197,-1,212,197,210,-1,210,197,196,-1,210,196,211,-1,211,196,194,-1,211,194,213,-1,187,200,206,-1,187,206,188,-1,188,206,207,-1,188,207,189,-1,189,207,209,-1,189,209,190,-1,190,209,208,-1,190,208,191,-1,191,208,203,-1,191,203,192,-1,192,203,202,-1,192,202,198,-1,198,202,213,-1,198,213,194,-1,142,129,131,-1,142,131,143,-1,143,131,132,-1,143,132,144,-1,144,132,126,-1,144,126,145,-1,145,126,134,-1,145,134,146,-1,146,134,135,-1,146,135,152,-1,152,135,136,-1,152,136,148,-1,130,139,153,-1,130,153,133,-1,133,153,147,-1,133,147,124,-1,124,147,149,-1,124,149,125,-1,125,149,151,-1,125,151,137,-1,137,151,150,-1,137,150,138,-1,138,150,148,-1,138,148,136,-1,179,161,168,-1,179,168,171,-1,171,168,154,-1,171,154,172,-1,172,154,156,-1,172,156,174,-1,174,156,158,-1,174,158,176,-1,176,158,157,-1,176,157,175,-1,175,157,155,-1,175,155,173,-1,162,169,183,-1,162,183,163,-1,163,183,180,-1,163,180,164,-1,164,180,178,-1,164,178,165,-1,165,178,177,-1,165,177,166,-1,166,177,181,-1,166,181,167,-1,167,181,173,-1,167,173,155,-1,24,12,15,-1,24,15,28,-1,28,15,14,-1,28,14,29,-1,29,14,16,-1,29,16,30,-1,30,16,17,-1,30,17,31,-1,31,17,11,-1,31,11,25,-1,25,11,5,-1,25,5,18,-1,12,24,23,-1,12,23,13,-1,13,23,21,-1,13,21,8,-1,8,21,20,-1,8,20,7,-1,7,20,27,-1,7,27,6,-1,6,27,26,-1,6,26,9,-1,9,26,22,-1,9,22,10,-1,10,22,0,-1,10,0,2,-1,
        ]
    }
}
Shape{
    appearance Appearance {
        material  Material 	{
            diffuseColor 0.25098039215686274 0.25098039215686274 0.25098039215686274
            specularColor 0.12549019607843137 0.12549019607843137 0.12549019607843137
            ambientIntensity 0.251
            transparency 0.0
            shininess 0.5
        }
    }
    geometry IndexedFaceSet {
        ccw TRUE
        solid FALSE
        coord DEF co Coordinate {
            point [
                2.248 0.4882 0.2362, 2.248 0.4882 -0.6693, 2.3652 0.5036 -0.6693, 2.3652 0.5036 0.2362, 2.4744 0.5488 -0.6693, 2.4744 0.5488 0.2362, 2.5682 0.6208 -0.6693, 2.5682 0.6208 0.2362, 2.6401 0.7146 -0.6693, 2.6401 0.7146 0.2362, 2.6854 0.8238 -0.6693, 2.6854 0.8238 0.2362, 2.7008 0.9409 -0.6693, 2.7008 0.9409 0.2362, 2.6854 1.0581 -0.6693, 2.6854 1.0581 0.2362, 2.6401 1.1673 -0.6693, 2.6401 1.1673 0.2362, 2.5682 1.2611 -0.6693, 2.5682 1.2611 0.2362, 2.4744 1.333 -0.6693, 2.4744 1.333 0.2362, 2.3652 1.3783 -0.6693, 2.3652 1.3783 0.2362, 2.248 1.3937 -0.6693, 2.248 1.3937 0.2362, 2.248 0.4488 -0.6693, 2.3754 0.4656 -0.6693, 2.4941 0.5147 -0.6693, 2.596 0.593 -0.6693, 2.6742 0.6949 -0.6693, 2.7234 0.8136 -0.6693, 2.7402 0.9409 -0.6693, 2.7234 1.0683 -0.6693, 2.6742 1.187 -0.6693, 2.596 1.2889 -0.6693, 2.4941 1.3671 -0.6693, 2.3754 1.4163 -0.6693, 2.248 1.4331 -0.6693, -2.252 1.3937 0.2362, -2.252 1.3937 -0.6693, -2.3692 1.3783 -0.6693, -2.3692 1.3783 0.2362, -2.4783 1.333 -0.6693, -2.4783 1.333 0.2362, -2.5721 1.2611 -0.6693, -2.5721 1.2611 0.2362, -2.6441 1.1673 -0.6693, -2.6441 1.1673 0.2362, -2.6639 1.1194 0.2362, -2.6893 1.0581 -0.6693, -2.6893 1.0581 0.2362, -2.7047 0.9409 -0.6693, -2.7047 0.9409 0.2362, -2.6893 0.8238 -0.6693, -2.6893 0.8238 0.2362, -2.6639 0.7625 0.2362, -2.6441 0.7146 -0.6693, -2.6441 0.7146 0.2362, -2.5721 0.6208 -0.6693, -2.5721 0.6208 0.2362, -2.4783 0.5488 -0.6693, -2.4783 0.5488 0.2362, -2.3692 0.5036 -0.6693, -2.3692 0.5036 0.2362, -2.252 0.4882 -0.6693, -2.252 0.4882 0.2362, -2.252 1.4331 -0.6693, -2.3793 1.4163 -0.6693, -2.498 1.3671 -0.6693, -2.6 1.2889 -0.6693, -2.6782 1.187 -0.6693, -2.7273 1.0683 -0.6693, -2.7441 0.9409 -0.6693, -2.7273 0.8136 -0.6693, -2.6782 0.6949 -0.6693, -2.6 0.593 -0.6693, -2.498 0.5147 -0.6693, -2.3793 0.4656 -0.6693, -2.252 0.4488 -0.6693, 2.6192 1.5413 0.2756, 2.6192 1.7976 0.2756, 2.6192 1.5413 0.2362, 2.6192 1.7976 0.2362, 2.0702 1.7976 0.2362, 1.8924 1.7976 0.2756, 1.8924 1.7976 0.2362, 1.8924 1.5413 0.2756, 1.8924 1.5413 0.2362, 2.0702 1.5413 0.2362, 1.8924 0.0843 0.2362, 1.8924 0.0843 0.2756, 2.0702 0.0843 0.2362, 2.6192 0.0843 0.2756, 2.6192 0.0843 0.2362, 2.6192 0.3406 0.2756, 2.6192 0.3406 0.2362, 2.0702 0.3406 0.2362, 1.8924 0.3406 0.2756, 1.8924 0.3406 0.2362, -2.6231 0.3406 0.2756, -2.6231 0.0843 0.2756, -2.6231 0.3406 0.2362, -2.6231 0.0843 0.2362, -1.8963 0.0843 0.2756, -1.8963 0.0843 0.2362, -1.8963 0.3406 0.2756, -1.8963 0.3406 0.2362, -1.8963 1.7976 0.2756, -2.6231 1.7976 0.2756, -1.8963 1.7976 0.2362, -2.6231 1.7976 0.2362, -2.6231 1.5413 0.2756, -2.6231 1.5413 0.2362, -1.8963 1.5413 0.2756, -1.8963 1.5413 0.2362, 3.0295 -0.3147 0.0394, 3.0295 0.0425 0.0394, 3.0295 -0.3147 0.2362, 3.0295 0.0425 0.2362, 2.6593 -0.3147 0.0394, 2.6593 -0.3147 0.2362, 2.6593 0.0425 0.0394, 2.6593 0.0425 0.2362
            ]
        }
        coordIndex [
            0,1,2,-1,0,2,3,-1,3,2,4,-1,3,4,5,-1,5,4,6,-1,5,6,7,-1,7,6,8,-1,7,8,9,-1,9,8,10,-1,9,10,11,-1,11,10,12,-1,11,12,13,-1,13,12,14,-1,13,14,15,-1,15,14,16,-1,15,16,17,-1,17,16,18,-1,17,18,19,-1,19,18,20,-1,19,20,21,-1,21,20,22,-1,21,22,23,-1,23,22,24,-1,23,24,25,-1,1,26,2,-1,2,26,27,-1,2,27,4,-1,4,27,28,-1,4,28,6,-1,6,28,29,-1,6,29,8,-1,8,29,30,-1,8,30,10,-1,10,30,31,-1,10,31,12,-1,12,31,32,-1,12,32,14,-1,14,32,33,-1,14,33,16,-1,16,33,34,-1,16,34,18,-1,18,34,35,-1,18,35,20,-1,20,35,36,-1,20,36,22,-1,22,36,37,-1,22,37,24,-1,24,37,38,-1,39,40,41,-1,39,41,42,-1,42,41,43,-1,42,43,44,-1,44,43,45,-1,44,45,46,-1,46,45,47,-1,46,47,48,-1,48,47,49,-1,49,47,50,-1,49,50,51,-1,51,50,52,-1,51,52,53,-1,53,52,54,-1,53,54,55,-1,55,54,56,-1,56,54,57,-1,56,57,58,-1,58,57,59,-1,58,59,60,-1,60,59,61,-1,60,61,62,-1,62,61,63,-1,62,63,64,-1,64,63,65,-1,64,65,66,-1,40,67,41,-1,41,67,68,-1,41,68,43,-1,43,68,69,-1,43,69,45,-1,45,69,70,-1,45,70,47,-1,47,70,71,-1,47,71,50,-1,50,71,72,-1,50,72,52,-1,52,72,73,-1,52,73,54,-1,54,73,74,-1,54,74,57,-1,57,74,75,-1,57,75,59,-1,59,75,76,-1,59,76,61,-1,61,76,77,-1,61,77,63,-1,63,77,78,-1,63,78,65,-1,65,78,79,-1,80,81,82,-1,82,81,83,-1,83,81,84,-1,84,81,85,-1,84,85,86,-1,85,87,86,-1,86,87,88,-1,88,87,89,-1,89,87,80,-1,89,80,82,-1,87,85,80,-1,80,85,81,-1,90,91,92,-1,92,91,93,-1,92,93,94,-1,93,95,94,-1,94,95,96,-1,96,95,97,-1,97,95,98,-1,97,98,99,-1,98,91,99,-1,99,91,90,-1,98,95,91,-1,91,95,93,-1,100,101,102,-1,102,101,103,-1,101,104,103,-1,103,104,105,-1,104,106,105,-1,105,106,107,-1,106,100,107,-1,107,100,102,-1,106,104,100,-1,100,104,101,-1,108,109,110,-1,110,109,111,-1,109,112,111,-1,111,112,113,-1,112,114,113,-1,113,114,115,-1,114,108,115,-1,115,108,110,-1,114,112,108,-1,108,112,109,-1,116,117,118,-1,118,117,119,-1,120,116,121,-1,121,116,118,-1,122,120,123,-1,123,120,121,-1,117,122,119,-1,119,122,123,-1,120,122,116,-1,116,122,117,-1,123,121,119,-1,119,121,118,-1,
        ]
    }
}
Shape{
    appearance Appearance {
        material  Material 	{
            diffuseColor 1.0 1.0 1.0
            specularColor 0.5019607843137255 0.5019607843137255 0.5019607843137255
            ambientIntensity 1.0
            transparency 0.0
            shininess 0.5
        }
    }
    geometry IndexedFaceSet {
        ccw TRUE
        solid FALSE
        coord DEF co Coordinate {
            point [
                3.1673 0.6858 2.5323, 3.1673 0.6858 2.4257, 3.1673 0.9449 2.4257, 3.1673 1.3768 2.4511, 3.1673 1.3745 2.4501, 3.1673 1.3745 2.4257, 3.1673 1.505 2.7268, 3.1673 1.4283 2.5323, 3.1673 1.5232 2.5323, 3.1673 1.0475 3.2303, 3.1673 1.0681 3.2329, 3.1673 0.961 3.2329, 3.1673 1.117 2.9609, 3.1673 1.0997 2.9592, 3.1673 1.1887 2.9592, 3.1673 1.2391 3.1996, 3.1673 1.2391 3.1135, 3.1673 1.3117 3.1135, 3.1673 1.2559 2.5337, 3.1673 1.2443 2.5323, 3.1673 1.3117 2.5323, 3.1673 1.1968 2.533, 3.1673 1.1887 2.5358, 3.1673 1.1887 2.5323, 3.1673 1.5761 2.6558, 3.1673 1.5761 2.5652, 3.1673 1.6265 2.5652, 3.1673 -0.1198 2.7573, 3.1673 -0.0864 2.7269, 3.1673 -0.0088 2.7674, 3.1673 0.5061 2.975, 3.1673 0.5172 2.9592, 3.1673 0.6858 2.9592, 3.1673 0.1975 3.2607, 3.1673 0.2389 3.2329, 3.1673 0.6858 3.2329, 3.1673 0.2829 3.2033, 3.1673 0.3454 3.1312, 3.1673 0.3862 3.0522, 3.1673 0.3979 3.0482, 3.1673 0.4546 3.0194, 3.1673 -0.1605 3.257, 3.1673 -0.0723 3.2911, 3.1673 -0.6725 6.0827, 3.1673 0.0227 3.3028, 3.1673 0.6858 6.0827, 3.1673 0.1015 3.2945, 3.1673 -0.5552 3.056, 3.1673 -0.5377 3.0722, 3.1673 -0.6725 3.2329, 3.1673 -0.4735 3.1151, 3.1673 -0.4021 3.1405, 3.1673 -0.3351 3.1478, 3.1673 -0.1994 3.2329, 3.1673 -0.2069 3.2282, 3.1673 -0.2519 3.1897, 3.1673 -0.3131 3.1466, 3.1673 -0.2911 3.144, 3.1673 -0.6443 2.8607, 3.1673 -0.6292 2.9362, 3.1673 -0.6725 2.9592, 3.1673 -0.6182 2.9592, 3.1673 -0.5969 3.004, 3.1673 -0.6451 2.8379, 3.1673 -0.6725 2.7674, 3.1673 -0.6378 2.7713, 3.1673 -0.4451 2.548, 3.1673 -0.5131 2.5838, 3.1673 -0.6725 2.5323, 3.1673 -0.6125 2.6996, 3.1673 -0.6365 2.7674, 3.1673 -0.4117 2.5375, 3.1673 -0.5647 2.6293, 3.1673 -0.5722 2.6379, 3.1673 -0.3267 2.4331, 3.1673 -0.3641 2.4614, 3.1673 -0.6725 2.4257, 3.1673 -0.3925 2.4965, 3.1673 -0.4093 2.5323, 3.1673 -0.4849 -0.1706, 3.1673 -0.4959 -0.1969, 3.1673 -0.374 -0.8858, 3.1673 -0.1507 2.4257, 3.1673 -0.6679 0.7225, 3.1673 -0.6452 0.7398, 3.1673 -0.6189 0.7508, 3.1673 -0.6725 0.7164, 3.1673 -0.2826 2.4146, 3.1673 -0.309 2.4257, 3.1673 -0.5906 0.7545, 3.1673 -0.5623 0.7508, 3.1673 -0.5359 0.7398, 3.1673 -0.4812 -0.1423, 3.1673 -0.374 0.2362, 3.1673 -0.4812 0.6451, 3.1673 -0.6452 -0.2369, 3.1673 -0.6725 -1.0843, 3.1673 -0.6189 -0.2479, 3.1673 -0.6466 -1.095, 3.1673 -0.5906 -0.2516, 3.1673 -0.5906 -1.1024, 3.1673 -0.5345 -1.095, 3.1673 -0.5132 -0.2196, 3.1673 -0.5359 -0.2369, 3.1673 -0.3814 -0.9419, 3.1673 -0.5623 -0.2479, 3.1673 -0.403 -0.9941, 3.1673 -0.1837 2.413, 3.1673 -0.2299 2.4073, 3.1673 -0.2374 2.4075, 3.1673 -0.5132 0.7225, 3.1673 -0.4959 0.6998, 3.1673 -0.4849 0.6734, 3.1673 -0.4823 -1.0733, 3.1673 -0.4374 -1.0389, 3.1673 -0.0506 2.5323, 3.1673 -0.0507 2.5318, 3.1673 -0.0733 2.4891, 3.1673 -0.1029 2.4559, 3.1673 -0.141 2.4294, 3.1673 0.5048 2.6197, 3.1673 0.4502 2.574, 3.1673 0.2077 2.6506, 3.1673 0.2293 2.7594, 3.1673 0.1945 2.6456, 3.1673 0.1826 2.6374, 3.1673 0.5755 2.7928, 3.1673 0.5717 2.7674, 3.1673 0.6858 2.7674, 3.1673 0.566 2.7301, 3.1673 0.5413 2.6699, 3.1673 0.2087 2.535, 3.1673 0.1959 2.5395, 3.1673 0.1833 2.548, 3.1673 0.1772 2.5541, 3.1673 0.2217 2.6523, 3.1673 0.2235 2.6521, 3.1673 0.2293 2.6509, 3.1673 0.3916 2.5461, 3.1673 0.3307 2.5336, 3.1673 0.2178 2.5336, 3.1673 0.1623 2.5929, 3.1673 0.1626 2.5982, 3.1673 -0.0386 2.6178, 3.1673 0.1658 2.6129, 3.1673 0.1727 2.6263, 3.1673 0.1689 2.5662, 3.1673 0.164 2.5792, 3.1673 -0.0396 2.5791, 3.1673 -0.0386 2.5987, 3.1673 0.4182 2.6984, 3.1673 0.4392 2.7283, 3.1673 0.2331 2.6503, 3.1673 0.3192 2.6503, 3.1673 0.3534 2.6569, 3.1673 0.3872 2.6725, 3.1673 0.4155 2.6955, 3.1673 -0.2065 2.7905, 3.1673 -0.1604 2.7791, 3.1673 0.2904 2.9592, 3.1673 -0.2299 2.7919, 3.1673 0.4524 2.7624, 3.1673 0.453 2.7674, 3.1673 0.2246 2.7674, 3.1673 0.457 2.7996, 3.1673 0.4561 2.8161, 3.1673 -0.2755 2.7863, 3.1673 -0.4826 2.9592, 3.1673 -0.3177 2.7702, 3.1673 -0.5025 2.9306, 3.1673 -0.5189 2.8879, 3.1673 -0.5092 2.7674, 3.1673 -0.3217 2.7674, 3.1673 -0.5223 2.8125, 3.1673 -0.5246 2.8417, 3.1673 0.4072 2.9108, 3.1673 0.3775 2.9315, 3.1673 0.4472 2.8529, 3.1673 0.4294 2.8859, 3.1673 0.2925 2.9488, 3.1673 0.17 2.8608, 3.1673 0.3078 2.9488, 3.1673 0.3441 2.9444, 3.1673 -0.1387 2.7674, 3.1673 -0.5087 2.7656, 3.1673 -0.3885 2.7069, 3.1673 -0.3569 2.743, 3.1673 -0.4857 2.7265, 3.1673 -0.4514 2.6913, 3.1673 -0.4098 2.6657, 3.1673 -0.2318 3.0043, 3.1673 -0.2459 3.012, 3.1673 0.257 3.0543, 3.1673 0.2159 3.1077, 3.1673 0.2005 3.1222, 3.1673 0.1463 3.1587, 3.1673 0.086 3.1809, 3.1673 -0.2888 3.0276, 3.1673 -0.3332 3.033, 3.1673 -0.3528 3.032, 3.1673 0.284 2.9915, 3.1673 0.0246 3.188, 3.1673 0.0165 3.1879, 3.1673 -0.2048 3.0613, 3.1673 -0.0473 3.1785, 3.1673 -0.1627 3.1132, 3.1673 -0.1098 3.1528, 3.1673 -0.4001 3.0209, 3.1673 -0.4428 2.9983, 3.1673 -0.476 2.9687, 3.1673 0.5446 2.9203, 3.1673 0.5675 2.8617, 3.1673 0.5756 2.8015, 3.1673 1.7369 2.5346, 3.1673 1.7369 2.7674, 3.1673 1.7115 2.7674, 3.1673 1.7369 2.8037, 3.1673 1.7115 2.9592, 3.1673 2.0734 2.8037, 3.1673 2.1106 2.8037, 3.1673 1.8137 2.8037, 3.1673 1.8547 2.7991, 3.1673 1.9414 2.7355, 3.1673 1.9514 2.7099, 3.1673 2.0596 2.7674, 3.1673 1.9247 2.7589, 3.1673 2.1747 2.5346, 3.1673 1.7115 2.5323, 3.1673 2.2131 2.5346, 3.1673 3.4249 2.5323, 3.1673 2.1244 2.7674, 3.1673 3.4249 2.7674, 3.1673 3.4249 2.9592, 3.1673 1.8872 2.7873, 3.1673 1.9154 2.768, 3.1673 1.916 2.7674, 3.1673 1.9355 2.5961, 3.1673 1.9154 2.5723, 3.1673 1.9709 2.5346, 3.1673 1.8876 2.5523, 3.1673 1.857 2.5402, 3.1673 1.8109 2.5346, 3.1673 2.0093 2.5346, 3.1673 2.0352 2.6082, 3.1673 2.1472 2.6082, 3.1673 1.956 2.6726, 3.1673 1.9552 2.6555, 3.1673 1.9487 2.624, 3.1673 1.6861 2.5652, 3.1673 1.6861 2.5346, 3.1673 1.6265 2.5323, 3.1673 1.6265 2.7674, 3.1673 1.6265 2.6866, 3.1673 1.6723 2.6866, 3.1673 1.6723 2.6558, 3.1673 1.6265 2.6558, 3.1673 1.5761 2.6866, 3.1673 1.5761 2.7674, 3.1673 1.5761 2.7727, 3.1673 1.6265 2.7727, 3.1673 1.5413 2.5346, 3.1673 1.5413 2.7674, 3.1673 1.5232 2.7674, 3.1673 1.5413 2.8037, 3.1673 1.0769 2.5447, 3.1673 1.0646 2.5367, 3.1673 1.0938 2.5346, 3.1673 1.0522 2.5323, 3.1673 1.1275 2.5346, 3.1673 0.961 2.5323, 3.1673 0.979 2.5589, 3.1673 0.9748 2.5702, 3.1673 1.0664 2.7026, 3.1673 1.0548 2.7038, 3.1673 1.0368 2.6488, 3.1673 0.961 2.4257, 3.1673 1.0147 2.5323, 3.1673 1.0136 2.5324, 3.1673 1.0007 2.5373, 3.1673 0.9866 2.6261, 3.1673 0.9969 2.6351, 3.1673 0.9918 2.6805, 3.1673 1.0112 2.6424, 3.1673 1.0152 2.6952, 3.1673 1.0363 2.702, 3.1673 0.9895 2.5452, 3.1673 0.9861 2.5486, 3.1673 1.1884 2.6387, 3.1673 1.1731 2.5761, 3.1673 1.1887 2.6385, 3.1673 1.1853 2.5685, 3.1673 1.1887 2.5672, 3.1673 0.9918 2.7133, 3.1673 0.961 2.7674, 3.1673 0.9986 2.7172, 3.1673 1.0236 2.727, 3.1673 1.0938 2.5643, 3.1673 1.0929 2.5643, 3.1673 1.0875 2.5562, 3.1673 1.1829 2.6445, 3.1673 1.1275 2.6582, 3.1673 1.1731 2.5413, 3.1673 0.973 2.586, 3.1673 0.9731 2.59, 3.1673 0.9753 2.6046, 3.1673 0.9799 2.6165, 3.1673 1.0938 2.6567, 3.1673 1.0926 2.6714, 3.1673 1.0892 2.6835, 3.1673 1.0852 2.6905, 3.1673 1.1125 2.7103, 3.1673 1.1194 2.6994, 3.1673 1.1782 2.6968, 3.1673 1.1248 2.6842, 3.1673 1.1744 2.6859, 3.1673 1.0801 2.6959, 3.1673 1.0742 2.6998, 3.1673 1.058 2.7312, 3.1673 1.0779 2.7294, 3.1673 1.1841 2.7059, 3.1673 1.0922 2.7251, 3.1673 1.1035 2.7188, 3.1673 1.1791 2.6504, 3.1673 1.1751 2.6605, 3.1673 1.1734 2.6749, 3.1673 1.2035 2.5323, 3.1673 1.1887 2.4257, 3.1673 1.2253 2.53, 3.1673 1.2978 2.5638, 3.1673 1.2919 2.5548, 3.1673 1.3117 2.7674, 3.1673 1.2937 2.7226, 3.1673 1.2937 2.6899, 3.1673 1.2917 2.6186, 3.1673 1.2979 2.6094, 3.1673 1.1887 2.7102, 3.1673 1.1887 2.7674, 3.1673 1.195 2.7159, 3.1673 1.2031 2.7209, 3.1673 1.2813 2.5453, 3.1673 1.2736 2.5406, 3.1673 1.2212 2.7279, 3.1673 1.2482 2.7312, 3.1673 1.2718 2.7291, 3.1673 1.3015 2.5995, 3.1673 1.303 2.5868, 3.1673 1.3017 2.5746, 3.1673 1.2449 2.7038, 3.1673 1.2349 2.703, 3.1673 1.2081 2.6779, 3.1673 1.2259 2.7007, 3.1673 1.2183 2.6966, 3.1673 1.2084 2.6734, 3.1673 1.2097 2.6682, 3.1673 1.2122 2.6637, 3.1673 1.2155 2.66, 3.1673 1.2273 2.6526, 3.1673 1.2685 2.7009, 3.1673 1.2482 2.6435, 3.1673 1.2875 2.6935, 3.1673 1.2613 2.6382, 3.1673 1.2836 2.6258, 3.1673 1.2133 2.6921, 3.1673 1.2104 2.6879, 3.1673 1.2087 2.6833, 3.1673 1.2064 2.5603, 3.1673 1.2244 2.619, 3.1673 1.2043 2.6282, 3.1673 1.2286 2.5575, 3.1673 1.2301 2.5575, 3.1673 1.2465 2.6098, 3.1673 1.2474 2.5595, 3.1673 1.2684 2.5835, 3.1673 1.268 2.5877, 3.1673 1.2561 2.5627, 3.1673 1.2591 2.5645, 3.1673 1.263 2.568, 3.1673 1.2659 2.5723, 3.1673 1.2677 2.5771, 3.1673 1.2665 2.593, 3.1673 1.2639 2.5975, 3.1673 1.2597 2.6018, 3.1673 1.7115 3.0351, 3.1673 1.6982 3.0351, 3.1673 1.6723 2.9615, 3.1673 1.6265 2.9592, 3.1673 1.6339 2.9615, 3.1673 1.6265 3.2329, 3.1673 1.7115 3.1651, 3.1673 1.7115 3.2329, 3.1673 1.7364 3.2306, 3.1673 1.7736 3.2306, 3.1673 1.5232 3.2329, 3.1673 1.3745 3.2329, 3.1673 1.4767 3.2306, 3.1673 1.3999 3.2306, 3.1673 1.3999 2.9615, 3.1673 1.3745 2.9592, 3.1673 1.4739 2.9615, 3.1673 1.5232 2.9592, 3.1673 1.52 2.9671, 3.1673 1.6117 3.0509, 3.1673 1.5984 3.023, 3.1673 1.5877 3.1859, 3.1673 1.6044 3.1625, 3.1673 1.5784 2.9992, 3.1673 1.5506 2.9792, 3.1673 1.5232 2.9684, 3.1673 1.5784 3.195, 3.1673 1.5177 3.2261, 3.1673 1.5232 3.2241, 3.1673 1.5502 3.2142, 3.1673 1.6144 3.1368, 3.1673 1.619 3.0995, 3.1673 1.6182 3.0824, 3.1673 1.3117 3.2329, 3.1673 1.3429 3.2306, 3.1673 1.3117 3.2306, 3.1673 1.3429 3.1996, 3.1673 1.349 2.9922, 3.1673 1.349 2.9615, 3.1673 1.3117 2.9592, 3.1673 1.2391 2.9922, 3.1673 1.3117 2.9922, 3.1673 1.2391 3.0827, 3.1673 1.3117 3.0827, 3.1673 1.3353 3.0827, 3.1673 1.3353 3.1135, 3.1673 1.3117 3.1996, 3.1673 1.2043 3.2306, 3.1673 1.1887 3.2329, 3.1673 1.2043 2.9615, 3.1673 -1.8809 0.2362, 3.1673 -0.8071 0.2362, 3.1673 -0.6725 -0.2135, 3.1673 -0.7781 -0.9941, 3.1673 -0.7437 -1.0389, 3.1673 -0.6852 -0.1969, 3.1673 -0.8071 -0.8858, 3.1673 -0.7997 -0.9419, 3.1673 -0.6679 -0.2196, 3.1673 -0.6988 -1.0733, 3.1673 -0.6962 -0.1706, 3.1673 -0.6999 -0.1423, 3.1673 -0.6999 0.6451, 3.1673 -0.6962 0.6734, 3.1673 -0.6852 0.6998, 3.1673 3.4249 3.2329, 3.1673 3.4249 6.6209, 3.1673 2.8867 6.0827, 3.1673 1.8102 3.0351, 3.1673 1.8377 2.9615, 3.1673 1.8761 2.9615, 3.1673 3.4249 0.2362, 3.1673 3.4249 2.4257, 3.1673 1.7115 2.4257, 3.1673 1.7115 0.2362, 3.1673 1.6265 2.4257, 3.1673 1.6265 0.2362, 3.1673 1.5232 2.4257, 3.1673 1.5232 0.2362, 3.1673 1.3745 0.2362, 3.1673 1.3117 2.4257, 3.1673 1.3117 0.2362, 3.1673 1.1887 0.2362, 3.1673 0.961 0.2362, 3.1673 0.6858 0.2362, 3.1673 0.9449 0.2362, 3.1673 0.9449 3.2329, 3.1673 0.9449 6.0827, 3.1673 0.961 6.0827, 3.1673 1.0867 3.2351, 3.1673 1.1887 6.0827, 3.1673 1.0871 3.2351, 3.1673 1.1153 3.2329, 3.1673 1.1223 3.2323, 3.1673 1.1504 3.2241, 3.1673 1.7115 6.0827, 3.1673 1.6265 6.0827, 3.1673 1.5232 6.0827, 3.1673 1.3745 6.0827, 3.1673 1.3117 6.0827, 3.1673 1.3117 2.9615, 3.1673 1.1504 3.1878, 3.1673 1.1459 2.9703, 3.1673 1.0936 2.9884, 3.1673 1.1241 2.9941, 3.1673 1.1504 3.0059, 3.1673 1.1504 2.9726, 3.1673 1.1202 3.1998, 3.1673 1.087 3.2038, 3.1673 0.9854 3.093, 3.1673 0.9987 3.0345, 3.1673 1.0118 3.0162, 3.1673 1.0171 3.011, 3.1673 1.0347 2.9986, 3.1673 1.0538 2.9912, 3.1673 1.081 2.9879, 3.1673 1.0137 3.1739, 3.1673 0.999 3.1535, 3.1673 1.032 3.189, 3.1673 1.0532 3.1988, 3.1673 1.0766 3.2034, 3.1673 0.99 3.1304, 3.1673 1.1475 3.1894, 3.1673 0.9857 3.0831, 3.1673 0.99 3.0562, 3.1673 0.961 3.1529, 3.1673 0.9683 3.17, 3.1673 0.9878 3.1955, 3.1673 0.9943 3.2017, 3.1673 1.0194 3.2194, 3.1673 0.9555 3.1401, 3.1673 0.961 3.0299, 3.1673 0.9544 3.0467, 3.1673 0.9449 2.9592, 3.1673 0.949 3.091, 3.1673 0.9494 3.105, 3.1673 1.0305 2.9637, 3.1673 1.0051 2.9757, 3.1673 0.961 2.9592, 3.1673 0.9835 2.9937, 3.1673 0.9654 3.0187, 3.1673 1.0524 2.9592, 3.1673 1.0597 2.9577, 3.1673 1.0759 2.9569, 3.1673 0.8308 2.7674, 3.1673 0.8308 2.6866, 3.1673 0.9449 2.7674, 3.1673 0.927 2.6866, 3.1673 0.8308 2.6558, 3.1673 0.8308 2.5652, 3.1673 0.927 2.6558, 3.1673 0.9408 2.5652, 3.1673 0.9449 2.5323, 3.1673 0.9408 2.5346, 3.1673 0.796 2.5346, 3.1673 1.0508 2.5318, 3.1673 1.034 2.53, 3.1673 1.4701 2.7268, 3.1673 1.6265 2.5346, 3.1673 1.4084 2.5823, 3.1673 1.4125 2.5665, 3.1673 1.4134 2.5665, 3.1673 1.3745 2.7674, 3.1673 1.3745 2.68, 3.1673 1.4176 2.582, 3.1673 1.415 2.5731, 3.1673 1.3745 2.5323, 3.1673 1.3745 2.5895, 3.1673 1.3205 2.7268, 3.1673 1.3582 2.7268, 3.1673 1.3959 2.535, 3.1673 1.3948 2.5323, 3.1673 1.3811 2.5, 3.1673 1.3274 2.4468, 3.1673 1.3274 2.4768, 3.1673 1.3343 2.4745, 3.1673 1.3466 2.4729, 3.1673 1.353 2.4735, 3.1673 1.3604 2.4758, 3.1673 1.3668 2.4797, 3.1673 1.3636 2.4458, 3.1673 1.3492 2.444, 3.1673 1.3417 2.4443, 3.1673 1.3735 2.4866, 3.1673 1.3745 2.4883, 3.1673 1.3885 2.4594, 3.1673 1.4178 2.5055, 3.1673 1.4023 2.4755, 3.1673 -1.8809 6.0827, 3.1673 -1.8809 3.2329, 3.1673 -1.8809 2.9592, 3.1673 -1.8809 2.7674, 3.1673 -1.8809 2.5323, 3.1673 -1.8809 2.4257, 3.1673 0.8308 3.2306, 3.1673 0.8308 2.9922, 3.1673 0.9379 2.9922, 3.1673 0.796 2.9615, 3.1673 0.796 3.2306, 3.1673 0.9379 2.9615, 3.1673 0.8308 2.7727, 3.1673 0.9346 2.7727, 3.1673 0.9346 2.8037, 3.1673 0.796 2.8037, 3.1673 0.796 2.7674, 3.1673 1.6799 2.7727, 3.1673 1.6799 2.8037, 3.1673 1.6265 2.8037, -3.1713 -2.6777 4.5629, -3.1713 -2.8777 0.2362, -3.1713 -2.8777 6.0827, -3.1713 -2.0602 6.0827, -3.1713 -2.0602 0.2362, -3.1713 -2.2674 2.7078, -3.1713 -2.2674 1.807, -3.1713 -2.6777 1.807, -3.1713 -2.6777 2.7078, -3.1713 -2.2674 4.5629, -3.1713 -2.2674 5.4637, -3.1713 -2.6777 5.4637, -3.1713 -0.5359 -0.2369, -3.1713 -0.5132 -0.2196, -3.1713 -0.374 -0.8858, -3.1713 -0.6962 0.6734, -3.1713 -0.8071 0.2362, -3.1713 -1.8809 0.2362, -3.1713 -0.4959 0.6998, -3.1713 -0.5132 0.7225, -3.1713 2.8867 6.0827, -3.1713 -0.4849 0.6734, -3.1713 -0.5359 0.7398, -3.1713 -0.5623 0.7508, -3.1713 -1.8809 6.0827, -3.1713 -0.5906 0.7545, -3.1713 -0.6189 0.7508, -3.1713 -0.4959 -0.1969, -3.1713 -0.4849 -0.1706, -3.1713 -0.374 0.2362, -3.1713 -0.4812 -0.1423, -3.1713 -0.6452 0.7398, -3.1713 -0.6679 0.7225, -3.1713 -0.6852 0.6998, -3.1713 -0.4812 0.6451, -3.1713 3.4249 0.2362, -3.1713 3.4249 6.6209, -3.1713 -0.6999 0.6451, -3.1713 -0.6999 -0.1423, -3.1713 -0.8071 -0.8858, -3.1713 -0.6962 -0.1706, -3.1713 -0.6852 -0.1969, -3.1713 -0.5906 -0.2516, -3.1713 -0.5906 -1.1024, -3.1713 -0.6466 -1.095, -3.1713 -0.6679 -0.2196, -3.1713 -0.6452 -0.2369, -3.1713 -0.7997 -0.9419, -3.1713 -0.6189 -0.2479, -3.1713 -0.7781 -0.9941, -3.1713 -0.5623 -0.2479, -3.1713 -0.3814 -0.9419, -3.1713 -0.403 -0.9941, -3.1713 -0.4374 -1.0389, -3.1713 -0.4823 -1.0733, -3.1713 -0.5345 -1.095, -3.1713 -0.6988 -1.0733, -3.1713 -0.7437 -1.0389, 3.128 -2.0602 0.2362, 3.1673 -2.0602 0.2362, 3.1673 -2.8777 0.2362, 3.0295 -0.8071 0.2362, 3.128 -1.8809 0.2362, 3.0295 -2.8777 0.2362, -3.0335 -2.8777 0.2362, -3.1319 -2.0602 0.2362, -3.1319 -1.8809 0.2362, -3.0335 -0.8071 0.2362, 3.0286 -2.8849 0.2362, 3.1617 -2.9205 0.2362, 3.0258 -2.8916 0.2362, 3.1451 -2.9605 0.2362, 3.0214 -2.8974 0.2362, 3.1188 -2.9948 0.2362, 3.0156 -2.9018 0.2362, 3.0845 -3.0211 0.2362, 3.0089 -2.9046 0.2362, 3.0446 -3.0377 0.2362, 3.0017 -2.9055 0.2362, 3.0017 -3.0433 0.2362, -3.0056 -2.9055 0.2362, -3.0056 -3.0433 0.2362, -3.0128 -2.9046 0.2362, -3.0485 -3.0377 0.2362, -3.0195 -2.9018 0.2362, -3.0884 -3.0211 0.2362, -3.0253 -2.8974 0.2362, -3.1227 -2.9948 0.2362, -3.0297 -2.8916 0.2362, -3.1491 -2.9605 0.2362, -3.0325 -2.8849 0.2362, -3.1656 -2.9205 0.2362, -3.0335 3.4249 0.2362, -3.0335 -0.374 0.2362, 3.0295 3.4249 0.2362, 3.0295 -0.374 0.2362, -3.0056 -2.9055 6.7323, -3.0056 -2.9055 6.0827, -3.0056 -2.9098 6.7323, -3.0056 -2.9141 6.7323, -3.0056 -3.0433 6.0827, -3.0056 -3.0433 6.7323, -3.0056 -2.9744 6.7323, -3.0056 -2.94 6.7323, -3.0056 -2.9314 6.7323, -3.0056 -2.9227 6.7323, -3.0056 -2.9184 6.7323, 3.0017 -2.9141 6.7323, 3.0017 -2.9055 6.0827, 3.0017 -2.9098 6.7323, 3.0017 -2.9055 6.7323, 3.0017 -2.9184 6.7323, 3.0017 -2.9227 6.7323, 3.0017 -2.9314 6.7323, 3.0017 -3.0433 6.7323, 3.0017 -3.0433 6.0827, 3.0017 -2.9744 6.7323, 3.0017 -2.94 6.7323, 2.4218 0.3282 6.8701, 2.4022 0.3282 6.8687, 2.4022 0.3282 6.8701, -2.4258 0.9581 6.8701, -2.4061 0.9581 6.8687, -2.4061 0.9581 6.8701, 1.3047 2.9354 6.7323, 1.091 2.9354 6.7323, 1.091 3.4528 6.7323, -3.0056 3.4528 6.7323, -1.0949 3.4528 6.7323, -1.3087 2.9354 6.7323, -1.0949 2.9354 6.7323, 2.4022 0.2494 6.7323, 2.4022 0.3282 6.7323, 2.4218 0.3282 6.7323, -3.0335 -2.8777 6.7323, -2.4061 0.2494 6.7323, -2.288 -0.5694 6.7323, -2.288 0.2494 6.7323, -3.0335 3.4528 6.7323, -3.0322 3.4528 6.7323, -3.0335 3.3136 6.7323, -3.0307 3.4528 6.7323, 2.4218 0.9581 6.7323, 3.0295 3.3136 6.7323, 3.0295 -2.8777 6.7323, 2.2841 -0.5694 6.7323, 2.2841 0.2494 6.7323, -2.288 1.8556 6.7323, -2.288 1.0368 6.7323, -2.4061 1.0368 6.7323, -2.4258 0.3282 6.7323, -2.4258 0.9581 6.7323, -2.4061 0.9581 6.7323, -2.4061 0.3282 6.7323, 2.4022 0.9581 6.7323, 2.4022 1.0368 6.7323, 3.0184 -2.9055 6.7323, 3.0165 -2.9055 6.7323, 2.2841 1.0368 6.7323, 2.2841 1.8556 6.7323, -3.0293 3.4528 6.7323, -3.0277 3.4528 6.7323, -3.0261 3.4528 6.7323, 3.0295 -2.8792 6.7323, 3.0253 -2.9055 6.7323, 3.0295 -2.8808 6.7323, -3.0335 -2.8888 6.7323, -3.0335 -2.8906 6.7323, -3.0072 -2.9055 6.7323, -3.0087 -2.9055 6.7323, 3.0146 -2.9055 6.7323, 3.0129 -2.9055 6.7323, 3.0111 -2.9055 6.7323, 3.0017 3.4528 6.7323, 3.0032 3.4528 6.7323, 3.0048 3.4528 6.7323, 3.0237 -2.9055 6.7323, 3.0221 -2.9055 6.7323, 3.0203 -2.9055 6.7323, -3.0335 -2.8871 6.7323, -3.0335 -2.8854 6.7323, -3.0335 -2.8838 6.7323, -3.0242 3.4528 6.7323, -3.0223 3.4528 6.7323, -3.0204 3.4528 6.7323, 3.0295 -2.8823 6.7323, 3.0295 -2.8838 6.7323, 3.0295 -2.8854 6.7323, -3.0102 -2.9055 6.7323, -3.0118 -2.9055 6.7323, -3.0134 -2.9055 6.7323, 1.3047 1.8556 6.7323, 3.0063 3.4528 6.7323, 3.0078 3.4528 6.7323, 3.0095 3.4528 6.7323, -3.0335 -2.8823 6.7323, -3.0335 -2.8808 6.7323, -3.0335 -2.8792 6.7323, -3.0186 3.4528 6.7323, -3.0168 3.4528 6.7323, -3.015 3.4528 6.7323, 3.0295 -2.8871 6.7323, 3.0295 -2.8888 6.7323, 3.0295 -2.8906 6.7323, -3.015 -2.9055 6.7323, -3.0168 -2.9055 6.7323, -3.0186 -2.9055 6.7323, 3.0095 -2.9055 6.7323, 3.0078 -2.9055 6.7323, 3.0111 3.4528 6.7323, 3.0129 3.4528 6.7323, 3.0146 3.4528 6.7323, 3.0063 -2.9055 6.7323, 3.0048 -2.9055 6.7323, 3.0032 -2.9055 6.7323, -3.0134 3.4528 6.7323, -3.0118 3.4528 6.7323, -3.0102 3.4528 6.7323, 3.0295 -2.8925 6.7323, 3.0295 -2.8944 6.7323, 3.0295 -2.8963 6.7323, -3.0204 -2.9055 6.7323, -3.0223 -2.9055 6.7323, -3.0242 -2.9055 6.7323, 3.0165 3.4528 6.7323, 3.0184 3.4528 6.7323, 3.0203 3.4528 6.7323, -3.0087 3.4528 6.7323, -3.0072 3.4528 6.7323, 3.0295 -2.8981 6.7323, 3.0295 -2.8997 6.7323, 3.0295 -2.9013 6.7323, -3.0261 -2.9055 6.7323, -3.0277 -2.9055 6.7323, -3.0293 -2.9055 6.7323, -1.3087 1.8556 6.7323, 3.0221 3.4528 6.7323, 3.0237 3.4528 6.7323, 3.0253 3.4528 6.7323, 3.0295 -2.9043 6.7323, 3.0295 -2.9055 6.7323, 3.0283 -2.9055 6.7323, -3.0322 -2.9055 6.7323, -3.0335 -2.9055 6.7323, -3.0335 -2.9043 6.7323, 3.0268 3.4528 6.7323, 3.0283 3.4528 6.7323, 3.0295 3.4528 6.7323, 3.0295 -2.9028 6.7323, 3.0268 -2.9055 6.7323, -3.0335 -2.9028 6.7323, -3.0335 -2.9013 6.7323, -3.0335 -2.8997 6.7323, -3.0335 -2.8981 6.7323, -3.0335 -2.8963 6.7323, -3.0335 -2.8944 6.7323, -3.0307 -2.9055 6.7323, -3.0335 -2.8925 6.7323, 2.4022 0.2494 6.8701, 2.2841 0.2494 6.8701, 2.2841 -0.5694 6.8701, 1.091 3.4528 6.8701, 1.091 2.9354 6.8701, 1.3047 2.9354 6.8701, 2.2841 1.8556 6.8701, 2.5989 2.4317 6.8701, 1.3047 1.8556 6.8701, 1.5614 2.4317 6.8701, 1.5614 2.9557 6.8701, 3.0295 3.4528 6.8701, -3.0335 3.4528 6.8701, -3.0335 -2.9055 6.8701, -2.4258 0.3282 6.8701, -2.4061 0.2494 6.8701, -2.4061 0.3282 6.8701, -2.4061 1.0368 6.8701, 2.4022 0.9581 6.8701, 2.4218 0.9581 6.8701, 2.4022 1.0368 6.8701, 2.2841 1.0368 6.8701, 2.5989 2.9557 6.8701, 3.0295 -2.9055 6.8701, -2.288 0.2494 6.8701, -2.288 -0.5694 6.8701, -1.5653 2.9557 6.8701, -1.0949 3.4528 6.8701, -2.6028 2.9557 6.8701, -2.6028 2.4317 6.8701, -2.288 1.0368 6.8701, -2.288 1.8556 6.8701, -1.5653 2.4317 6.8701, -1.3087 1.8556 6.8701, -1.3087 2.9354 6.8701, -1.0949 2.9354 6.8701, -3.023 3.5293 6.8469, -3.0261 3.5079 6.8576, -1.0949 3.5083 6.8584, -1.0949 3.4758 6.8681, -3.0319 3.4649 6.8695, -3.0322 3.4625 6.8696, -3.0335 3.4521 6.8701, -3.0275 3.4986 6.8622, -3.0293 3.4846 6.8653, -3.0305 3.4756 6.8672, -3.0261 3.5078 6.8576, -3.015 3.5713 6.8016, -3.0174 3.5606 6.8164, -1.0949 3.5614 6.817, -3.0189 3.5536 6.8262, -1.0949 3.5375 6.841, -3.0217 3.5369 6.8404, -3.0223 3.5334 6.8434, -3.0145 3.5737 6.7983, -1.0949 3.5788 6.7879, -3.013 3.5779 6.7875, -3.0086 3.5877 6.7553, -3.0087 3.5876 6.7558, -3.01 3.5863 6.7662, -3.0117 3.5816 6.7783, -1.0949 3.5886 6.7554, -1.0949 3.5905 6.7323, -3.0056 3.5905 6.7323, -3.1713 2.8214 6.2402, -3.1713 -2.8777 6.2402, -3.1713 3.3136 6.7323, -3.1713 -2.8777 6.7323, -3.0335 -2.8777 6.2402, -3.0335 2.8214 6.2402, -3.0378 -2.8777 6.7323, -3.0421 -2.8777 6.7323, -3.0464 -2.8777 6.7323, -3.0507 -2.8777 6.7323, -3.0593 -2.8777 6.7323, -3.0679 -2.8777 6.7323, -3.1024 -2.8777 6.7323, -3.042 -2.8792 6.733, -3.0419 -2.8808 6.7338, -3.0462 -2.8808 6.7345, -3.0418 -2.8823 6.7345, -3.0415 -2.8838 6.7352, -3.0455 -2.8838 6.7366, -3.036 -2.8944 6.7357, -3.0352 -2.8981 6.7362, -3.0415 -2.9013 6.7657, -3.0494 -2.9013 6.799, -3.0609 -2.8981 6.7948, -3.0365 -2.9013 6.7448, -3.0355 -2.9013 6.7406, -3.0341 -2.9043 6.7409, -3.0335 -2.9055 6.8012, -3.0383 -2.9043 6.801, -3.0335 -2.9055 6.7667, -3.0359 -2.9043 6.7666, -3.0335 -2.9055 6.7581, -3.0353 -2.9043 6.758, -3.0335 -2.9055 6.7495, -3.0345 -2.9013 6.7365, -3.0341 -2.9028 6.7365, -3.0338 -2.9043 6.7366, -3.0335 -2.9055 6.7366, -3.0386 -2.8981 6.744, -3.0369 -2.8981 6.7401, -3.0362 -2.8997 6.7404, -3.0348 -2.8997 6.7363, -3.0409 -2.8944 6.7426, -3.0384 -2.8944 6.7392, -3.0377 -2.8963 6.7397, -3.0356 -2.8963 6.736, -3.043 -2.8906 6.7408, -3.0398 -2.8906 6.7379, -3.0391 -2.8925 6.7386, -3.0366 -2.8906 6.7351, -3.0363 -2.8925 6.7354, -3.0335 -2.9055 6.7409, -3.0344 -2.9043 6.7452, -3.0375 -2.9013 6.749, -3.0403 -2.8981 6.7479, -3.0438 -2.8981 6.7557, -3.0484 -2.8944 6.7529, -3.0534 -2.8944 6.7598, -3.0588 -2.8906 6.7549, -3.0841 -2.8906 6.7775, -3.0923 -2.8871 6.7666, -3.0403 -2.8888 6.7373, -3.0369 -2.8888 6.7348, -3.0445 -2.8871 6.7387, -3.0412 -2.8854 6.7359, -3.0408 -2.8871 6.7366, -3.0373 -2.8854 6.7341, -3.0371 -2.8871 6.7344, -3.0434 -2.8944 6.746, -3.0461 -2.8906 6.7436, -3.0524 -2.8906 6.7492, -3.0555 -2.8871 6.7452, -3.0629 -2.8871 6.7494, -3.0657 -2.8838 6.7438, -3.0979 -2.8838 6.7553, -3.1012 -2.8808 6.7441, -3.0504 -2.8808 6.7352, -3.0375 -2.8838 6.7337, -3.0376 -2.8823 6.7334, -3.0377 -2.8808 6.733, -3.0378 -2.8792 6.7327, -3.0589 -2.8808 6.7367, -3.0496 -2.8838 6.738, -3.0673 -2.8808 6.7382, -3.0576 -2.8838 6.7409, -3.0482 -2.8871 6.7409, -3.0456 -2.9039 6.8695, -3.0432 -2.9043 6.8697, -3.0563 -2.9025 6.8672, -3.0653 -2.9013 6.8653, -3.0793 -2.8995 6.8622, -3.0885 -2.8982 6.8576, -3.0886 -2.8982 6.8576, -3.0335 -2.9055 6.7452, -3.0347 -2.9043 6.7495, -3.0395 -2.9013 6.7573, -3.0472 -2.8981 6.7635, -3.0733 -2.8944 6.7873, -3.1013 -2.8962 6.8506, -3.11 -2.8951 6.8469, -3.1141 -2.8944 6.8434, -3.1176 -2.8938 6.8404, -3.1544 -2.8865 6.7983, -3.1587 -2.885 6.7875, -3.1343 -2.891 6.8262, -3.1414 -2.8894 6.8164, -3.152 -2.8871 6.8016, -3.1623 -2.8838 6.7783, -3.167 -2.8821 6.7662, -3.1683 -2.8807 6.7558, -3.1684 -2.8807 6.7553, -3.1422 3.3983 6.817, -3.0565 3.4494 6.8681, -3.089 3.4397 6.8584, -3.0731 3.4455 6.8643, -3.1182 3.4222 6.841, -3.1041 3.4318 6.8506, -3.1596 3.3691 6.7879, -3.1693 3.3366 6.7554, 3.1376 -2.8894 6.8165, 3.1317 -2.8906 6.8235, 3.0801 -2.8906 6.7775, 3.0525 -2.9025 6.8672, 3.0392 -2.9043 6.8689, 3.0344 -2.9043 6.801, 3.0338 -2.8792 6.7327, 3.0338 -2.8777 6.7323, 3.0381 -2.8777 6.7323, 3.0302 -2.9028 6.7365, 3.0298 -2.9043 6.7366, 3.0295 -2.9055 6.7366, 3.0295 -2.9055 6.7409, 3.0295 -2.9055 6.7452, 3.0301 -2.9043 6.7409, 3.0315 -2.9013 6.7406, 3.0305 -2.9013 6.7365, 3.0323 -2.8997 6.7404, 3.0347 -2.8981 6.744, 3.0309 -2.8997 6.7363, 3.0312 -2.8981 6.7362, 3.033 -2.8981 6.7401, 3.0338 -2.8963 6.7397, 3.037 -2.8944 6.7426, 3.0316 -2.8963 6.736, 3.032 -2.8944 6.7357, 3.0345 -2.8944 6.7392, 3.0352 -2.8925 6.7386, 3.039 -2.8906 6.7408, 3.0324 -2.8925 6.7354, 3.0359 -2.8906 6.7379, 3.0327 -2.8906 6.7351, 3.033 -2.8888 6.7348, 3.0364 -2.8888 6.7373, 3.0369 -2.8871 6.7366, 3.0406 -2.8871 6.7387, 3.0332 -2.8871 6.7344, 3.0334 -2.8854 6.7341, 3.0373 -2.8854 6.7359, 3.0376 -2.8838 6.7352, 3.0416 -2.8838 6.7366, 3.0336 -2.8838 6.7337, 3.0337 -2.8823 6.7334, 3.0378 -2.8823 6.7345, 3.038 -2.8808 6.7338, 3.0422 -2.8808 6.7345, 3.0338 -2.8808 6.733, 3.0381 -2.8792 6.733, 3.0424 -2.8777 6.7323, 3.0295 -2.9055 6.8012, 3.032 -2.9043 6.7666, 3.0295 -2.9055 6.7667, 3.0314 -2.9043 6.758, 3.0295 -2.9055 6.7581, 3.0307 -2.9043 6.7495, 3.0295 -2.9055 6.7495, 3.0304 -2.9043 6.7452, 3.0635 -2.9011 6.8658, 3.0455 -2.9013 6.799, 3.0375 -2.9013 6.7657, 3.0355 -2.9013 6.7573, 3.0335 -2.9013 6.749, 3.0325 -2.9013 6.7448, 3.0364 -2.8981 6.7479, 3.0398 -2.8981 6.7557, 3.0433 -2.8981 6.7635, 3.057 -2.8981 6.7948, 3.0955 -2.8967 6.8532, 3.0848 -2.8982 6.8575, 3.0845 -2.8982 6.8576, 3.0395 -2.8944 6.746, 3.0445 -2.8944 6.7529, 3.0495 -2.8944 6.7598, 3.0694 -2.8944 6.7873, 3.1234 -2.8922 6.8331, 3.1137 -2.8938 6.8402, 3.1098 -2.8944 6.843, 3.0548 -2.8906 6.7549, 3.0485 -2.8906 6.7492, 3.0422 -2.8906 6.7436, 3.1548 -2.885 6.7875, 3.1479 -2.887 6.8013, 3.0883 -2.8871 6.7666, 3.1441 -2.8881 6.8088, 3.0589 -2.8871 6.7494, 3.0516 -2.8871 6.7452, 3.0442 -2.8871 6.7409, 3.1595 -2.8837 6.7781, 3.094 -2.8838 6.7553, 3.0617 -2.8838 6.7438, 3.0537 -2.8838 6.7409, 3.0456 -2.8838 6.738, 3.0465 -2.8808 6.7352, 3.0549 -2.8808 6.7367, 3.0634 -2.8808 6.7382, 3.0973 -2.8808 6.7441, 3.1668 -2.8792 6.7445, 3.1645 -2.8807 6.7552, 3.1643 -2.8807 6.7558, 3.1673 -2.8777 6.7323, 3.0984 -2.8777 6.7323, 3.064 -2.8777 6.7323, 3.0554 -2.8777 6.7323, 3.0468 -2.8777 6.7323, 3.1673 3.3136 6.7323, 3.1654 3.3366 6.7554, 3.1556 3.3691 6.7879, 3.1382 3.3983 6.817, 3.0851 3.4397 6.8584, 3.1002 3.4318 6.8506, 3.1142 3.4222 6.841, 3.0526 3.4494 6.8681, 3.0295 3.4521 6.8701, 3.0692 3.4455 6.8643, 3.1673 2.8214 6.2402, 3.1673 -2.8777 6.2402, 3.0295 -2.8777 6.2402, 3.0295 2.8214 6.2402, 3.0032 -2.9141 6.733, 3.0048 -2.914 6.7338, 3.0048 -2.9182 6.7345, 3.0063 -2.9138 6.7345, 3.0078 -2.9136 6.7352, 3.0078 -2.9176 6.7366, 3.0184 -2.908 6.7357, 3.0221 -2.9072 6.7362, 3.0253 -2.9135 6.7657, 3.0253 -2.9215 6.799, 3.0221 -2.933 6.7948, 3.0253 -2.9085 6.7448, 3.0253 -2.9075 6.7406, 3.0283 -2.9061 6.7409, 3.0283 -2.9104 6.801, 3.0283 -2.9079 6.7666, 3.0283 -2.9073 6.758, 3.0253 -2.9065 6.7365, 3.0268 -2.9062 6.7365, 3.0283 -2.9058 6.7366, 3.0221 -2.9107 6.744, 3.0221 -2.9089 6.7401, 3.0237 -2.9082 6.7404, 3.0237 -2.9069 6.7363, 3.0184 -2.913 6.7426, 3.0184 -2.9105 6.7392, 3.0203 -2.9097 6.7397, 3.0203 -2.9076 6.736, 3.0146 -2.915 6.7408, 3.0146 -2.9118 6.7379, 3.0165 -2.9112 6.7386, 3.0146 -2.9087 6.7351, 3.0165 -2.9084 6.7354, 3.0283 -2.9064 6.7452, 3.0253 -2.9095 6.749, 3.0221 -2.9124 6.7479, 3.0221 -2.9158 6.7557, 3.0184 -2.9205 6.7529, 3.0184 -2.9254 6.7598, 3.0146 -2.9308 6.7549, 3.0146 -2.9561 6.7775, 3.0111 -2.9643 6.7666, 3.0129 -2.9124 6.7373, 3.0129 -2.9089 6.7348, 3.0111 -2.9165 6.7387, 3.0095 -2.9132 6.7359, 3.0111 -2.9129 6.7366, 3.0095 -2.9094 6.7341, 3.0111 -2.9092 6.7344, 3.0184 -2.9155 6.746, 3.0146 -2.9182 6.7436, 3.0146 -2.9245 6.7492, 3.0111 -2.9276 6.7452, 3.0111 -2.9349 6.7494, 3.0078 -2.9377 6.7438, 3.0078 -2.97 6.7553, 3.0048 -2.9732 6.7441, 3.0048 -2.9224 6.7352, 3.0078 -2.9095 6.7337, 3.0063 -2.9097 6.7334, 3.0048 -2.9097 6.733, 3.0032 -2.9098 6.7327, 3.0048 -2.9309 6.7367, 3.0078 -2.9216 6.738, 3.0048 -2.9394 6.7382, 3.0078 -2.9297 6.7409, 3.0111 -2.9202 6.7409, 3.028 -2.9177 6.8695, 3.0283 -2.9152 6.8697, 3.0265 -2.9284 6.8672, 3.0254 -2.9374 6.8653, 3.0235 -2.9513 6.8622, 3.0222 -2.9606 6.8576, 3.0222 -2.9607 6.8576, 3.0283 -2.9067 6.7495, 3.0253 -2.9115 6.7573, 3.0221 -2.9192 6.7635, 3.0184 -2.9454 6.7873, 3.0203 -2.9733 6.8506, 3.0191 -2.9821 6.8469, 3.0184 -2.9862 6.8434, 3.0178 -2.9897 6.8404, 3.0105 -3.0265 6.7983, 3.009 -3.0307 6.7875, 3.015 -3.0063 6.8262, 3.0134 -3.0134 6.8164, 3.0111 -3.0241 6.8016, 3.0078 -3.0343 6.7783, 3.0061 -3.0391 6.7662, 3.0048 -3.0404 6.7558, 3.0047 -3.0404 6.7553, -3.0174 -3.0136 6.8165, -3.0185 -3.0076 6.8235, -3.0186 -2.9561 6.7775, -3.0305 -2.9285 6.8672, -3.0322 -2.9151 6.8689, -3.0322 -2.9104 6.801, -3.0072 -2.9098 6.7327, -3.0307 -2.9062 6.7365, -3.0322 -2.9058 6.7366, -3.0322 -2.9061 6.7409, -3.0293 -2.9075 6.7406, -3.0293 -2.9065 6.7365, -3.0277 -2.9082 6.7404, -3.0261 -2.9107 6.744, -3.0277 -2.9069 6.7363, -3.0261 -2.9072 6.7362, -3.0261 -2.9089 6.7401, -3.0242 -2.9097 6.7397, -3.0223 -2.913 6.7426, -3.0242 -2.9076 6.736, -3.0223 -2.908 6.7357, -3.0223 -2.9105 6.7392, -3.0204 -2.9112 6.7386, -3.0186 -2.915 6.7408, -3.0204 -2.9084 6.7354, -3.0186 -2.9118 6.7379, -3.0186 -2.9087 6.7351, -3.0168 -2.9089 6.7348, -3.0168 -2.9124 6.7373, -3.015 -2.9129 6.7366, -3.015 -2.9165 6.7387, -3.015 -2.9092 6.7344, -3.0134 -2.9094 6.7341, -3.0134 -2.9132 6.7359, -3.0118 -2.9136 6.7352, -3.0118 -2.9176 6.7366, -3.0118 -2.9095 6.7337, -3.0102 -2.9097 6.7334, -3.0102 -2.9138 6.7345, -3.0087 -2.914 6.7338, -3.0087 -2.9182 6.7345, -3.0087 -2.9097 6.733, -3.0072 -2.9141 6.733, -3.0322 -2.9079 6.7666, -3.0322 -2.9073 6.758, -3.0322 -2.9067 6.7495, -3.0322 -2.9064 6.7452, -3.0291 -2.9395 6.8658, -3.0293 -2.9215 6.799, -3.0293 -2.9135 6.7657, -3.0293 -2.9115 6.7573, -3.0293 -2.9095 6.749, -3.0293 -2.9085 6.7448, -3.0261 -2.9124 6.7479, -3.0261 -2.9158 6.7557, -3.0261 -2.9192 6.7635, -3.0261 -2.933 6.7948, -3.0246 -2.9715 6.8532, -3.0261 -2.9607 6.8575, -3.0261 -2.9605 6.8576, -3.0223 -2.9155 6.746, -3.0223 -2.9205 6.7529, -3.0223 -2.9254 6.7598, -3.0223 -2.9454 6.7873, -3.0202 -2.9994 6.8331, -3.0217 -2.9896 6.8402, -3.0224 -2.9857 6.843, -3.0186 -2.9308 6.7549, -3.0186 -2.9245 6.7492, -3.0186 -2.9182 6.7436, -3.013 -3.0308 6.7875, -3.015 -3.0239 6.8013, -3.015 -2.9643 6.7666, -3.0161 -3.0201 6.8088, -3.015 -2.9349 6.7494, -3.015 -2.9276 6.7452, -3.015 -2.9202 6.7409, -3.0116 -3.0355 6.7781, -3.0118 -2.97 6.7553, -3.0118 -2.9377 6.7438, -3.0118 -2.9297 6.7409, -3.0118 -2.9216 6.738, -3.0087 -2.9224 6.7352, -3.0087 -2.9309 6.7367, -3.0087 -2.9394 6.7382, -3.0087 -2.9732 6.7441, -3.0072 -3.0428 6.7445, -3.0086 -3.0404 6.7552, -3.0087 -3.0403 6.7558, -3.0072 3.4613 6.733, -3.0087 3.4612 6.7338, -3.0087 3.4655 6.7345, -3.0102 3.461 6.7345, -3.0118 3.4608 6.7352, -3.0118 3.4648 6.7366, -3.0223 3.4552 6.7357, -3.0261 3.4545 6.7362, -3.0293 3.4607 6.7657, -3.0293 3.4687 6.799, -3.0261 3.4802 6.7948, -3.0293 3.4558 6.7448, -3.0293 3.4548 6.7406, -3.0322 3.4534 6.7409, -3.0335 3.4524 6.8012, -3.0322 3.4576 6.801, -3.0335 3.4526 6.7667, -3.0322 3.4552 6.7666, -3.0335 3.4526 6.7581, -3.0322 3.4546 6.758, -3.0335 3.4527 6.7495, -3.0293 3.4538 6.7365, -3.0307 3.4534 6.7365, -3.0322 3.4531 6.7366, -3.0335 3.4527 6.7366, -3.0261 3.4579 6.744, -3.0261 3.4562 6.7401, -3.0277 3.4555 6.7404, -3.0277 3.4541 6.7363, -3.0223 3.4602 6.7426, -3.0223 3.4577 6.7392, -3.0242 3.457 6.7397, -3.0242 3.4549 6.736, -3.0186 3.4622 6.7408, -3.0186 3.4591 6.7379, -3.0204 3.4584 6.7386, -3.0186 3.4559 6.7351, -3.0204 3.4556 6.7354, -3.0335 3.4527 6.7409, -3.0322 3.4537 6.7452, -3.0293 3.4568 6.749, -3.0261 3.4596 6.7479, -3.0261 3.4631 6.7557, -3.0223 3.4677 6.7529, -3.0223 3.4727 6.7598, -3.0186 3.4781 6.7549, -3.0186 3.5034 6.7775, -3.015 3.5115 6.7666, -3.0168 3.4596 6.7373, -3.0168 3.4562 6.7348, -3.015 3.4638 6.7387, -3.0134 3.4605 6.7359, -3.015 3.4601 6.7366, -3.0134 3.4566 6.7341, -3.015 3.4564 6.7344, -3.0223 3.4627 6.746, -3.0186 3.4654 6.7436, -3.0186 3.4717 6.7492, -3.015 3.4748 6.7452, -3.015 3.4822 6.7494, -3.0118 3.485 6.7438, -3.0118 3.5172 6.7553, -3.0087 3.5205 6.7441, -3.0056 3.4786 6.7323, -3.0056 3.47 6.7323, -3.0087 3.4697 6.7352, -3.0118 3.4568 6.7337, -3.0102 3.4569 6.7334, -3.0087 3.457 6.733, -3.0072 3.457 6.7327, -3.0056 3.4657 6.7323, -3.0056 3.4614 6.7323, -3.0056 3.4571 6.7323, -3.0056 3.4872 6.7323, -3.0087 3.4782 6.7367, -3.0118 3.4689 6.738, -3.0056 3.5217 6.7323, -3.0087 3.4866 6.7382, -3.0118 3.4769 6.7409, -3.015 3.4675 6.7409, -3.0335 3.4527 6.7452, -3.0322 3.454 6.7495, -3.0293 3.4587 6.7573, -3.0261 3.4665 6.7635, -3.0223 3.4926 6.7873, -3.0242 3.5206 6.8506, 3.0134 3.5608 6.8165, 3.0146 3.5549 6.8235, 3.0146 3.5034 6.7775, 3.0265 3.4757 6.8672, 3.0282 3.4624 6.8688, 3.0283 3.4576 6.801, 3.0032 3.457 6.7327, 3.0017 3.4571 6.7323, 3.0017 3.4614 6.7323, 3.0268 3.4534 6.7365, 3.0283 3.4531 6.7366, 3.0295 3.4527 6.7366, 3.0295 3.4527 6.7409, 3.0295 3.4527 6.7452, 3.0283 3.4534 6.7409, 3.0253 3.4548 6.7406, 3.0253 3.4538 6.7365, 3.0237 3.4555 6.7404, 3.0221 3.4579 6.744, 3.0237 3.4541 6.7363, 3.0221 3.4545 6.7362, 3.0221 3.4562 6.7401, 3.0203 3.457 6.7397, 3.0184 3.4602 6.7426, 3.0203 3.4549 6.736, 3.0184 3.4552 6.7357, 3.0184 3.4577 6.7392, 3.0165 3.4584 6.7386, 3.0146 3.4622 6.7408, 3.0165 3.4556 6.7354, 3.0146 3.4591 6.7379, 3.0146 3.4559 6.7351, 3.0129 3.4562 6.7348, 3.0129 3.4596 6.7373, 3.0111 3.4601 6.7366, 3.0111 3.4638 6.7387, 3.0111 3.4564 6.7344, 3.0095 3.4566 6.7341, 3.0095 3.4605 6.7359, 3.0078 3.4608 6.7352, 3.0078 3.4648 6.7366, 3.0078 3.4568 6.7337, 3.0063 3.4569 6.7334, 3.0063 3.461 6.7345, 3.0048 3.4612 6.7338, 3.0048 3.4655 6.7345, 3.0048 3.457 6.733, 3.0032 3.4613 6.733, 3.0017 3.4657 6.7323, 3.0295 3.4524 6.8012, 3.0283 3.4552 6.7666, 3.0295 3.4526 6.7667, 3.0283 3.4546 6.758, 3.0295 3.4526 6.7581, 3.0283 3.454 6.7495, 3.0295 3.4527 6.7495, 3.0283 3.4537 6.7452, 3.0251 3.4867 6.8658, 3.0253 3.4687 6.799, 3.0253 3.4607 6.7657, 3.0253 3.4587 6.7573, 3.0253 3.4568 6.749, 3.0253 3.4558 6.7448, 3.0221 3.4596 6.7479, 3.0221 3.4631 6.7557, 3.0221 3.4665 6.7635, 3.0221 3.4802 6.7948, 3.0207 3.5187 6.8532, 3.0222 3.508 6.8575, 3.0222 3.5078 6.8576, 3.0184 3.4627 6.746, 3.0184 3.4677 6.7529, 3.0184 3.4727 6.7598, 3.0184 3.4926 6.7873, 3.0162 3.5467 6.8331, 3.0178 3.5369 6.8402, 3.0184 3.533 6.843, 3.0146 3.4781 6.7549, 3.0146 3.4717 6.7492, 3.0146 3.4654 6.7436, 3.009 3.578 6.7875, 3.011 3.5711 6.8013, 3.0111 3.5115 6.7666, 3.0121 3.5673 6.8088, 3.0111 3.4822 6.7494, 3.0111 3.4748 6.7452, 3.0111 3.4675 6.7409, 3.0077 3.5827 6.7781, 3.0078 3.5172 6.7553, 3.0078 3.485 6.7438, 3.0078 3.4769 6.7409, 3.0078 3.4689 6.738, 3.0048 3.4697 6.7352, 3.0048 3.4782 6.7367, 3.0048 3.4866 6.7382, 3.0048 3.5205 6.7441, 3.0033 3.59 6.7445, 3.0047 3.5877 6.7552, 3.0048 3.5876 6.7558, 3.0017 3.5905 6.7323, 3.0017 3.5217 6.7323, 3.0017 3.4872 6.7323, 3.0017 3.4786 6.7323, 3.0017 3.47 6.7323, 1.091 3.5905 6.7323, 1.091 3.5886 6.7554, 1.091 3.5788 6.7879, 1.091 3.5614 6.817, 1.091 3.5375 6.841, 1.091 3.5083 6.8584, 1.091 3.4758 6.8681, 3.0017 3.5905 0.2362, 3.0017 3.4528 0.2362, -3.0056 3.5905 0.2362, -3.0056 3.4528 0.2362, 2.4022 0.9581 6.8687, -2.4061 0.3282 6.8687, -2.3951 0.9581 6.8666, -2.366 0.9581 6.8564, -2.3399 0.9581 6.84, -2.318 0.9581 6.8182, -2.3016 0.9581 6.7921, -2.2914 0.9581 6.7629, -2.288 0.9581 6.7323, -2.3951 0.3282 6.8666, -2.288 0.3282 6.7323, -2.2914 0.3282 6.7629, -2.3016 0.3282 6.7921, -2.318 0.3282 6.8182, -2.3399 0.3282 6.84, -2.366 0.3282 6.8564, -2.288 0.9581 5.689, -2.4258 0.9581 5.689, -2.4258 0.3282 5.689, -2.288 0.3282 5.689, 2.3862 0.3282 6.8654, 2.3529 0.3282 6.8516, 2.3244 0.3282 6.8297, 2.3025 0.3282 6.8012, 2.2887 0.3282 6.7679, 2.2841 0.3282 6.7323, 2.2841 0.9581 6.7323, 2.2887 0.9581 6.7679, 2.3025 0.9581 6.8012, 2.3244 0.9581 6.8297, 2.3529 0.9581 6.8516, 2.3862 0.9581 6.8654, 2.2841 0.3282 5.689, 2.4218 0.3282 5.689, 2.4218 0.9581 5.689, 2.2841 0.9581 5.689, 3.0446 -3.0377 6.0827, 3.0845 -3.0211 6.0827, 3.1188 -2.9948 6.0827, 3.1451 -2.9605 6.0827, 3.1617 -2.9205 6.0827, 3.1673 -2.8777 6.0827, 3.0295 -2.8777 6.0827, 3.0286 -2.8849 6.0827, 3.0258 -2.8916 6.0827, 3.0214 -2.8974 6.0827, 3.0156 -2.9018 6.0827, 3.0089 -2.9046 6.0827, 3.128 -1.8809 6.0827, 3.0295 2.8867 6.0827, 3.128 -2.0602 6.0827, 3.1673 -2.0602 6.0827, 3.0295 3.4249 6.6209, 3.0295 -0.8071 -0.8858, 3.0295 -0.374 -0.8858, 3.0295 -0.3814 -0.9419, 3.0295 -0.403 -0.9941, 3.0295 -0.4374 -1.0389, 3.0295 -0.4823 -1.0733, 3.0295 -0.5345 -1.095, 3.0295 -0.5906 -1.1024, 3.0295 -0.6988 -1.0733, 3.0295 -0.7437 -1.0389, 3.0295 -0.6466 -1.095, 3.0295 -0.7781 -0.9941, 3.0295 -0.7997 -0.9419, 3.1673 -2.2674 4.5629, 3.1673 -2.6777 4.5629, 3.1673 -2.6777 5.4637, 3.1673 -2.2674 5.4637, 3.1673 -2.6777 2.7078, 3.1673 -2.2674 2.7078, 3.1673 -2.2674 1.807, 3.1673 -2.6777 1.807, -3.0128 -2.9046 6.0827, -3.0195 -2.9018 6.0827, -3.0253 -2.8974 6.0827, -3.0297 -2.8916 6.0827, -3.0325 -2.8849 6.0827, -3.0335 -2.8777 6.0827, -3.1656 -2.9205 6.0827, -3.1491 -2.9605 6.0827, -3.1227 -2.9948 6.0827, -3.0884 -3.0211 6.0827, -3.0485 -3.0377 6.0827, -3.1319 -2.0602 6.0827, -3.1319 -1.8809 6.0827, -3.0335 2.8867 6.0827, -3.0335 3.4249 6.6209, -3.0335 -0.374 -0.8858, -3.0335 -0.8071 -0.8858, -3.0335 -0.7997 -0.9419, -3.0335 -0.7781 -0.9941, -3.0335 -0.7437 -1.0389, -3.0335 -0.4823 -1.0733, -3.0335 -0.4374 -1.0389, -3.0335 -0.5345 -1.095, -3.0335 -0.403 -0.9941, -3.0335 -0.5906 -1.1024, -3.0335 -0.3814 -0.9419, -3.0335 -0.6988 -1.0733, -3.0335 -0.6466 -1.095, 3.128 -0.4812 0.6451, 3.128 -0.4849 0.6734, 3.128 -0.4959 0.6998, 3.128 -0.5132 0.7225, 3.128 -0.5359 0.7398, 3.128 -0.5623 0.7508, 3.128 -0.5906 0.7545, 3.128 -0.6189 0.7508, 3.128 -0.6452 0.7398, 3.128 -0.6679 0.7225, 3.128 -0.6852 0.6998, 3.128 -0.6962 0.6734, 3.128 -0.6999 0.6451, 3.128 -0.4812 -0.1423, 3.128 -0.6999 -0.1423, 3.128 -0.6962 -0.1706, 3.128 -0.6852 -0.1969, 3.128 -0.6679 -0.2196, 3.128 -0.6452 -0.2369, 3.128 -0.6189 -0.2479, 3.128 -0.5906 -0.2516, 3.128 -0.5623 -0.2479, 3.128 -0.5359 -0.2369, 3.128 -0.5132 -0.2196, 3.128 -0.4959 -0.1969, 3.128 -0.4849 -0.1706, -3.1319 -0.6999 0.6451, -3.1319 -0.6962 0.6734, -3.1319 -0.6852 0.6998, -3.1319 -0.6679 0.7225, -3.1319 -0.6452 0.7398, -3.1319 -0.6189 0.7508, -3.1319 -0.5906 0.7545, -3.1319 -0.5623 0.7508, -3.1319 -0.5359 0.7398, -3.1319 -0.5132 0.7225, -3.1319 -0.4959 0.6998, -3.1319 -0.4849 0.6734, -3.1319 -0.4812 0.6451, -3.1319 -0.6999 -0.1423, -3.1319 -0.4812 -0.1423, -3.1319 -0.4849 -0.1706, -3.1319 -0.4959 -0.1969, -3.1319 -0.5132 -0.2196, -3.1319 -0.5359 -0.2369, -3.1319 -0.5623 -0.2479, -3.1319 -0.5906 -0.2516, -3.1319 -0.6189 -0.2479, -3.1319 -0.6452 -0.2369, -3.1319 -0.6679 -0.2196, -3.1319 -0.6852 -0.1969, -3.1319 -0.6962 -0.1706, 3.128 -2.6777 1.807, 3.128 -2.6777 2.7078, 3.128 -2.2674 2.7078, 3.128 -2.2674 1.807, 3.128 -2.2674 4.5629, 3.128 -2.6777 4.5629, 3.128 -2.6777 5.4637, 3.128 -2.2674 5.4637, -3.1319 -2.6777 2.7078, -3.1319 -2.6777 1.807, -3.1319 -2.2674 1.807, -3.1319 -2.2674 2.7078, -3.1319 -2.6777 4.5629, -3.1319 -2.2674 4.5629, -3.1319 -2.2674 5.4637, -3.1319 -2.6777 5.4637
            ]
        }
        coordIndex [
            0,1,2,-1,3,4,5,-1,6,7,8,-1,9,10,11,-1,12,13,14,-1,15,16,17,-1,18,19,20,-1,21,22,23,-1,24,25,26,-1,27,28,29,-1,30,31,32,-1,33,34,35,-1,35,34,36,-1,35,36,37,-1,37,38,35,-1,35,38,39,-1,35,39,40,-1,41,42,43,-1,43,42,44,-1,43,44,45,-1,45,44,46,-1,45,46,33,-1,47,48,49,-1,48,50,49,-1,49,50,51,-1,49,51,52,-1,41,43,53,-1,53,43,49,-1,53,49,54,-1,54,49,52,-1,54,52,55,-1,55,52,56,-1,55,56,57,-1,58,59,60,-1,60,59,61,-1,60,61,49,-1,49,61,62,-1,49,62,47,-1,58,60,63,-1,63,60,64,-1,63,64,65,-1,66,67,68,-1,68,69,64,-1,64,69,70,-1,64,70,65,-1,66,68,71,-1,67,72,68,-1,68,72,73,-1,68,73,69,-1,74,75,76,-1,76,75,77,-1,76,77,68,-1,68,77,78,-1,68,78,71,-1,79,80,81,-1,82,83,1,-1,1,83,84,-1,1,84,85,-1,86,87,76,-1,76,87,88,-1,76,88,74,-1,85,89,1,-1,1,89,90,-1,1,90,91,-1,79,81,92,-1,92,81,93,-1,92,93,94,-1,95,96,97,-1,97,96,98,-1,97,98,99,-1,99,98,100,-1,99,100,101,-1,80,102,81,-1,81,102,103,-1,81,103,104,-1,104,103,105,-1,104,105,106,-1,106,105,99,-1,82,107,83,-1,83,107,108,-1,83,108,86,-1,86,108,109,-1,86,109,87,-1,91,110,1,-1,1,110,111,-1,1,111,112,-1,101,113,99,-1,99,113,114,-1,99,114,106,-1,0,115,1,-1,1,115,116,-1,1,116,117,-1,117,118,1,-1,1,118,119,-1,1,119,82,-1,120,121,0,-1,122,123,124,-1,124,123,125,-1,126,127,128,-1,128,127,129,-1,128,129,0,-1,0,129,130,-1,0,130,120,-1,131,132,115,-1,115,132,133,-1,115,133,134,-1,122,135,123,-1,123,135,136,-1,123,136,137,-1,121,138,0,-1,0,138,139,-1,0,139,115,-1,115,139,140,-1,115,140,131,-1,141,142,143,-1,143,142,144,-1,143,144,123,-1,123,144,145,-1,123,145,125,-1,134,146,115,-1,115,146,147,-1,115,147,148,-1,148,147,141,-1,148,141,149,-1,149,141,143,-1,123,150,151,-1,137,152,123,-1,123,152,153,-1,123,153,154,-1,154,155,123,-1,123,155,156,-1,123,156,150,-1,157,158,159,-1,157,159,160,-1,151,161,123,-1,123,161,162,-1,123,162,163,-1,163,162,164,-1,163,164,165,-1,166,167,168,-1,168,167,169,-1,168,169,170,-1,171,172,173,-1,173,172,168,-1,173,168,174,-1,174,168,170,-1,163,175,176,-1,165,177,163,-1,163,177,178,-1,163,178,175,-1,179,180,181,-1,181,180,163,-1,181,163,182,-1,182,163,176,-1,179,159,180,-1,180,159,158,-1,180,158,29,-1,29,158,183,-1,29,183,27,-1,184,185,171,-1,171,185,186,-1,171,186,172,-1,184,187,185,-1,185,187,188,-1,185,188,189,-1,167,190,191,-1,192,193,190,-1,193,194,190,-1,190,194,195,-1,190,195,196,-1,191,197,167,-1,167,197,198,-1,167,198,199,-1,166,160,167,-1,167,160,159,-1,167,159,190,-1,190,159,200,-1,190,200,192,-1,196,201,190,-1,190,201,202,-1,190,202,203,-1,203,202,204,-1,203,204,205,-1,205,204,206,-1,207,208,199,-1,199,208,209,-1,199,209,167,-1,31,210,32,-1,32,210,211,-1,32,211,128,-1,128,211,212,-1,128,212,126,-1,213,214,215,-1,215,214,216,-1,215,216,217,-1,217,218,219,-1,216,220,217,-1,217,220,221,-1,217,221,218,-1,222,223,224,-1,222,224,225,-1,226,227,228,-1,228,227,229,-1,228,229,230,-1,230,229,231,-1,230,231,219,-1,219,231,232,-1,219,232,217,-1,221,233,218,-1,218,233,234,-1,218,234,224,-1,224,234,235,-1,224,235,225,-1,236,237,238,-1,238,237,239,-1,238,239,240,-1,240,241,238,-1,238,241,227,-1,238,227,242,-1,242,227,226,-1,242,226,243,-1,243,226,244,-1,223,245,224,-1,224,245,246,-1,224,246,238,-1,238,246,247,-1,238,247,236,-1,248,249,227,-1,227,249,250,-1,251,252,215,-1,215,252,253,-1,215,253,254,-1,241,213,227,-1,227,213,215,-1,227,215,248,-1,248,215,254,-1,248,254,26,-1,26,254,255,-1,26,255,24,-1,256,252,257,-1,257,252,251,-1,257,251,258,-1,258,251,259,-1,260,261,262,-1,262,261,263,-1,264,265,266,-1,266,265,267,-1,266,267,268,-1,269,270,271,-1,272,273,274,-1,275,276,269,-1,269,276,277,-1,269,277,278,-1,279,280,281,-1,281,280,282,-1,281,282,283,-1,283,282,274,-1,283,274,284,-1,284,274,273,-1,278,285,269,-1,269,285,286,-1,269,286,270,-1,287,288,289,-1,289,288,290,-1,289,290,291,-1,281,292,293,-1,293,292,294,-1,293,294,295,-1,296,297,266,-1,266,297,298,-1,266,298,264,-1,287,299,288,-1,288,299,300,-1,288,300,301,-1,301,300,268,-1,301,268,22,-1,271,302,269,-1,269,302,303,-1,269,303,293,-1,293,303,304,-1,293,304,281,-1,281,304,305,-1,281,305,279,-1,306,307,274,-1,274,307,308,-1,274,308,309,-1,310,311,312,-1,312,311,313,-1,312,313,314,-1,309,315,274,-1,274,315,316,-1,274,316,272,-1,295,317,293,-1,293,317,318,-1,293,318,319,-1,319,318,320,-1,319,320,312,-1,312,320,321,-1,312,321,310,-1,299,322,300,-1,300,322,323,-1,300,323,313,-1,313,323,324,-1,313,324,314,-1,21,23,325,-1,325,23,326,-1,325,326,327,-1,328,329,20,-1,330,331,332,-1,333,334,332,-1,319,335,336,-1,336,335,337,-1,336,337,338,-1,329,339,20,-1,20,339,340,-1,20,340,18,-1,338,341,336,-1,336,341,342,-1,336,342,330,-1,330,342,343,-1,330,343,331,-1,344,345,20,-1,20,345,346,-1,20,346,328,-1,347,348,349,-1,349,348,350,-1,349,350,351,-1,349,352,347,-1,347,352,353,-1,347,353,354,-1,354,355,347,-1,347,355,356,-1,347,356,357,-1,357,356,358,-1,357,358,359,-1,359,358,360,-1,359,360,332,-1,332,360,361,-1,332,361,333,-1,362,363,351,-1,351,363,364,-1,351,364,349,-1,365,366,291,-1,291,366,367,-1,291,367,289,-1,365,368,366,-1,366,368,369,-1,366,369,370,-1,370,369,371,-1,370,372,373,-1,371,374,370,-1,370,374,375,-1,370,375,376,-1,376,377,370,-1,370,377,378,-1,370,378,372,-1,373,379,370,-1,370,379,380,-1,370,380,381,-1,382,383,217,-1,217,383,384,-1,217,384,385,-1,385,384,386,-1,385,386,387,-1,387,386,388,-1,387,388,389,-1,389,388,390,-1,389,390,391,-1,392,393,394,-1,394,393,395,-1,395,393,396,-1,396,393,397,-1,396,397,398,-1,398,397,399,-1,398,399,400,-1,401,402,385,-1,403,404,387,-1,402,405,385,-1,385,405,406,-1,385,406,399,-1,399,406,407,-1,399,407,400,-1,403,387,408,-1,394,409,392,-1,392,409,410,-1,392,410,387,-1,387,410,411,-1,387,411,408,-1,404,412,387,-1,387,412,413,-1,387,413,385,-1,385,413,414,-1,385,414,401,-1,393,415,416,-1,416,415,417,-1,416,418,393,-1,393,418,419,-1,393,419,397,-1,397,419,420,-1,397,420,421,-1,422,423,424,-1,424,423,425,-1,425,423,426,-1,426,423,419,-1,426,419,427,-1,427,419,418,-1,427,418,17,-1,17,418,428,-1,17,428,15,-1,417,415,429,-1,429,415,430,-1,429,430,431,-1,432,433,76,-1,434,435,436,-1,437,438,434,-1,434,438,439,-1,434,439,435,-1,95,440,96,-1,96,440,434,-1,96,434,441,-1,441,434,436,-1,437,442,438,-1,438,442,443,-1,438,443,433,-1,443,444,433,-1,433,444,445,-1,433,445,76,-1,76,445,446,-1,76,446,86,-1,447,448,449,-1,450,382,451,-1,451,382,217,-1,451,217,452,-1,452,217,232,-1,452,232,391,-1,391,232,447,-1,391,447,389,-1,389,447,449,-1,453,454,455,-1,453,455,456,-1,456,455,457,-1,456,457,458,-1,458,457,459,-1,458,459,460,-1,460,5,461,-1,461,5,462,-1,461,462,463,-1,463,462,326,-1,463,326,464,-1,464,326,275,-1,464,275,465,-1,94,93,112,-1,112,93,466,-1,112,466,1,-1,1,466,467,-1,1,467,2,-1,33,35,45,-1,45,35,468,-1,45,468,469,-1,11,470,469,-1,11,10,470,-1,470,10,471,-1,470,471,472,-1,472,471,473,-1,472,473,474,-1,475,476,430,-1,449,477,389,-1,389,477,478,-1,389,478,387,-1,387,478,479,-1,387,479,392,-1,392,479,480,-1,392,480,393,-1,393,480,481,-1,393,481,415,-1,415,481,472,-1,415,472,430,-1,430,472,474,-1,430,474,475,-1,420,482,421,-1,421,482,431,-1,421,431,14,-1,14,431,430,-1,14,430,483,-1,483,430,476,-1,12,14,484,-1,485,486,483,-1,483,486,487,-1,483,487,14,-1,14,487,488,-1,14,488,484,-1,489,490,491,-1,492,493,483,-1,483,493,494,-1,483,494,495,-1,495,496,483,-1,483,496,497,-1,483,497,485,-1,498,499,500,-1,500,499,501,-1,490,502,491,-1,491,502,501,-1,491,501,503,-1,503,501,499,-1,489,491,504,-1,504,491,505,-1,504,505,483,-1,483,505,506,-1,483,506,492,-1,507,508,11,-1,11,508,509,-1,509,510,11,-1,11,510,511,-1,11,511,9,-1,469,468,11,-1,11,468,512,-1,11,512,507,-1,513,514,515,-1,515,514,516,-1,515,516,468,-1,468,516,517,-1,468,517,512,-1,518,519,520,-1,520,519,521,-1,520,521,522,-1,518,520,523,-1,523,520,293,-1,523,293,524,-1,319,336,293,-1,293,336,525,-1,293,525,524,-1,526,527,528,-1,528,527,529,-1,530,531,532,-1,532,531,533,-1,529,532,528,-1,528,532,533,-1,528,533,534,-1,534,533,535,-1,534,535,536,-1,22,268,23,-1,23,268,267,-1,23,267,326,-1,326,267,537,-1,326,537,275,-1,275,537,538,-1,275,538,276,-1,539,6,262,-1,262,6,8,-1,262,8,260,-1,260,8,250,-1,260,250,540,-1,540,250,249,-1,541,542,543,-1,262,544,539,-1,539,544,545,-1,539,545,546,-1,546,545,541,-1,546,541,547,-1,547,541,543,-1,548,549,20,-1,20,549,550,-1,334,344,332,-1,332,344,20,-1,332,20,330,-1,330,20,550,-1,330,550,544,-1,544,550,551,-1,544,551,545,-1,552,549,553,-1,553,549,548,-1,553,548,554,-1,462,555,556,-1,327,326,19,-1,19,326,462,-1,19,462,20,-1,20,462,556,-1,20,556,548,-1,548,556,557,-1,548,557,558,-1,558,559,548,-1,548,559,560,-1,548,560,561,-1,4,562,5,-1,5,562,563,-1,5,563,462,-1,462,563,564,-1,462,564,555,-1,561,565,548,-1,548,565,566,-1,548,566,554,-1,460,459,5,-1,5,459,567,-1,5,567,3,-1,7,568,459,-1,459,568,569,-1,459,569,567,-1,43,570,49,-1,49,570,571,-1,49,571,60,-1,60,571,572,-1,60,572,64,-1,64,572,573,-1,64,573,68,-1,68,573,574,-1,68,574,76,-1,76,574,575,-1,76,575,432,-1,576,577,578,-1,515,579,32,-1,32,579,35,-1,32,35,30,-1,30,35,40,-1,579,580,35,-1,35,580,576,-1,35,576,468,-1,468,576,578,-1,468,578,515,-1,515,578,581,-1,515,581,579,-1,582,526,583,-1,583,526,528,-1,583,528,584,-1,584,528,515,-1,584,515,585,-1,585,515,32,-1,585,32,586,-1,586,32,128,-1,586,128,536,-1,536,128,0,-1,536,0,534,-1,534,0,2,-1,467,465,2,-1,2,465,275,-1,2,275,534,-1,534,275,269,-1,534,269,528,-1,528,269,293,-1,528,293,515,-1,515,293,520,-1,515,520,513,-1,513,520,522,-1,259,251,587,-1,587,251,215,-1,587,215,588,-1,588,215,217,-1,588,217,589,-1,589,217,385,-1,589,385,263,-1,263,385,399,-1,263,399,262,-1,262,399,397,-1,262,397,544,-1,544,397,421,-1,544,421,330,-1,330,421,14,-1,330,14,336,-1,336,14,13,-1,336,13,525,-1,7,459,8,-1,8,459,457,-1,8,457,250,-1,250,457,455,-1,250,455,227,-1,227,455,454,-1,227,454,229,-1,590,591,592,-1,593,594,595,-1,595,594,596,-1,596,594,597,-1,597,594,591,-1,597,591,598,-1,598,591,590,-1,598,590,595,-1,595,590,599,-1,595,599,593,-1,593,599,600,-1,593,600,592,-1,592,600,601,-1,592,601,590,-1,602,603,604,-1,605,606,607,-1,608,609,610,-1,608,610,611,-1,609,612,610,-1,610,612,613,-1,610,613,614,-1,614,613,615,-1,614,615,616,-1,603,617,604,-1,604,617,618,-1,604,618,619,-1,619,618,620,-1,616,621,614,-1,614,621,622,-1,614,622,607,-1,607,622,623,-1,607,623,605,-1,620,624,619,-1,619,624,611,-1,619,611,625,-1,625,611,610,-1,625,610,626,-1,605,627,606,-1,606,627,628,-1,606,628,629,-1,629,628,630,-1,629,630,631,-1,632,633,634,-1,631,635,629,-1,629,635,636,-1,629,636,637,-1,637,636,638,-1,637,638,639,-1,639,638,632,-1,602,604,640,-1,640,604,641,-1,640,641,632,-1,632,641,642,-1,632,642,643,-1,643,644,632,-1,632,644,645,-1,632,645,633,-1,634,646,632,-1,632,646,647,-1,632,647,639,-1,648,649,650,-1,433,432,651,-1,651,432,652,-1,651,652,653,-1,654,655,656,-1,607,606,656,-1,656,606,657,-1,656,657,654,-1,652,648,653,-1,653,648,650,-1,653,650,658,-1,658,650,659,-1,658,659,660,-1,660,659,661,-1,660,661,662,-1,662,661,663,-1,662,663,664,-1,664,663,665,-1,664,665,666,-1,666,665,667,-1,666,667,668,-1,668,667,669,-1,668,669,670,-1,670,669,671,-1,670,671,672,-1,672,671,673,-1,672,673,674,-1,674,673,675,-1,674,675,676,-1,676,675,677,-1,676,677,678,-1,678,677,679,-1,678,679,680,-1,680,679,681,-1,680,681,654,-1,654,681,591,-1,654,591,655,-1,655,591,594,-1,625,682,619,-1,619,682,683,-1,684,453,685,-1,685,453,93,-1,686,687,688,-1,688,687,689,-1,687,690,691,-1,691,692,687,-1,687,692,693,-1,687,693,694,-1,694,695,687,-1,687,695,696,-1,687,696,689,-1,697,698,699,-1,699,698,700,-1,697,701,698,-1,698,701,702,-1,698,702,703,-1,704,705,706,-1,706,705,698,-1,706,698,707,-1,707,698,703,-1,708,709,710,-1,711,712,713,-1,714,715,716,-1,717,718,719,-1,719,718,720,-1,721,722,723,-1,724,725,726,-1,726,725,727,-1,728,729,730,-1,730,729,731,-1,732,733,723,-1,723,733,734,-1,723,734,721,-1,721,734,735,-1,721,735,736,-1,737,738,730,-1,730,738,739,-1,740,730,741,-1,741,730,739,-1,741,739,742,-1,743,725,740,-1,740,725,724,-1,740,724,730,-1,732,744,745,-1,746,747,735,-1,732,745,733,-1,733,745,748,-1,733,748,749,-1,731,750,730,-1,730,750,751,-1,730,751,752,-1,734,753,754,-1,754,753,755,-1,756,686,757,-1,757,686,758,-1,757,758,759,-1,747,760,735,-1,735,760,761,-1,735,761,762,-1,763,764,733,-1,733,764,765,-1,754,766,734,-1,734,766,767,-1,734,767,735,-1,735,767,768,-1,735,768,746,-1,756,769,686,-1,686,769,770,-1,686,770,771,-1,752,772,730,-1,730,772,773,-1,730,773,774,-1,755,775,754,-1,754,775,776,-1,754,776,777,-1,759,778,757,-1,757,778,779,-1,757,779,780,-1,749,781,733,-1,733,781,714,-1,733,714,763,-1,763,714,716,-1,765,782,733,-1,733,782,783,-1,733,783,784,-1,771,785,686,-1,686,785,786,-1,686,786,787,-1,774,788,730,-1,730,788,789,-1,730,789,790,-1,777,791,754,-1,754,791,792,-1,754,792,793,-1,780,794,757,-1,757,794,795,-1,757,795,796,-1,762,797,735,-1,735,797,798,-1,735,798,726,-1,784,799,733,-1,733,799,800,-1,733,800,801,-1,798,802,726,-1,726,802,803,-1,726,803,804,-1,790,805,730,-1,730,805,806,-1,730,806,807,-1,793,808,754,-1,754,808,809,-1,754,809,810,-1,796,811,757,-1,757,811,812,-1,757,812,813,-1,787,724,686,-1,686,724,726,-1,686,726,700,-1,700,726,804,-1,801,814,733,-1,733,814,815,-1,733,815,816,-1,807,817,730,-1,730,817,818,-1,730,818,717,-1,810,819,754,-1,754,819,820,-1,754,820,821,-1,813,822,757,-1,757,822,823,-1,757,823,824,-1,717,719,730,-1,730,719,825,-1,730,825,737,-1,816,826,733,-1,733,826,827,-1,733,827,828,-1,829,830,831,-1,832,833,834,-1,828,835,733,-1,733,835,836,-1,733,836,837,-1,821,838,754,-1,754,838,829,-1,754,829,839,-1,839,829,831,-1,834,840,832,-1,832,840,841,-1,832,841,842,-1,842,843,832,-1,832,843,844,-1,832,844,845,-1,824,846,757,-1,757,846,832,-1,757,832,847,-1,847,832,845,-1,848,849,850,-1,851,852,853,-1,854,855,856,-1,856,855,857,-1,856,857,853,-1,853,857,858,-1,853,858,851,-1,851,858,859,-1,860,861,862,-1,862,861,863,-1,862,863,864,-1,711,713,865,-1,866,867,868,-1,868,867,855,-1,868,855,869,-1,869,855,854,-1,858,870,859,-1,859,870,855,-1,859,855,871,-1,871,855,867,-1,871,867,708,-1,872,863,873,-1,873,863,861,-1,873,861,850,-1,850,861,871,-1,850,871,848,-1,848,871,708,-1,848,708,710,-1,874,875,876,-1,876,875,860,-1,876,860,877,-1,865,878,879,-1,862,711,860,-1,860,711,865,-1,860,865,877,-1,877,865,879,-1,877,879,880,-1,880,879,881,-1,880,881,874,-1,874,881,882,-1,874,882,875,-1,875,882,883,-1,872,873,727,-1,727,873,726,-1,869,854,748,-1,748,854,749,-1,736,735,849,-1,849,735,850,-1,884,885,886,-1,887,888,875,-1,875,888,889,-1,875,889,890,-1,891,892,887,-1,887,892,893,-1,887,893,888,-1,886,885,887,-1,887,885,894,-1,887,894,891,-1,895,896,897,-1,897,896,898,-1,897,898,899,-1,899,898,900,-1,899,900,886,-1,886,900,901,-1,886,901,884,-1,895,897,902,-1,902,897,903,-1,902,903,904,-1,905,906,903,-1,906,907,903,-1,903,907,908,-1,903,908,904,-1,903,909,905,-1,905,909,910,-1,905,910,911,-1,912,913,914,-1,914,913,915,-1,724,916,730,-1,730,916,917,-1,916,724,918,-1,918,919,916,-1,916,919,920,-1,916,920,921,-1,921,922,916,-1,916,922,923,-1,916,923,913,-1,913,923,924,-1,913,924,915,-1,925,926,927,-1,928,929,930,-1,847,845,931,-1,844,843,932,-1,933,934,935,-1,936,937,938,-1,939,940,941,-1,941,940,942,-1,941,942,943,-1,943,942,944,-1,943,944,945,-1,946,841,947,-1,947,841,840,-1,947,840,948,-1,948,840,834,-1,948,834,833,-1,833,949,948,-1,948,949,938,-1,948,938,947,-1,947,938,937,-1,947,937,946,-1,950,951,952,-1,952,951,932,-1,952,932,953,-1,953,932,843,-1,953,843,842,-1,954,955,956,-1,956,955,931,-1,956,931,957,-1,957,931,845,-1,957,845,844,-1,958,959,960,-1,960,959,961,-1,960,961,962,-1,962,961,757,-1,962,757,847,-1,949,963,938,-1,938,963,964,-1,938,964,936,-1,936,964,965,-1,936,965,966,-1,966,965,967,-1,966,967,968,-1,968,967,969,-1,968,969,970,-1,970,969,971,-1,970,971,972,-1,958,973,959,-1,959,973,974,-1,959,974,961,-1,961,974,756,-1,961,756,757,-1,975,976,977,-1,977,976,978,-1,977,978,979,-1,979,978,770,-1,979,770,769,-1,844,932,957,-1,957,932,951,-1,957,951,956,-1,956,951,950,-1,956,950,954,-1,954,950,980,-1,954,980,981,-1,981,980,982,-1,981,982,983,-1,983,982,984,-1,983,984,985,-1,985,984,986,-1,985,986,987,-1,922,921,988,-1,988,921,927,-1,988,927,930,-1,930,927,926,-1,930,926,928,-1,771,989,785,-1,785,989,990,-1,785,990,786,-1,786,990,991,-1,786,991,787,-1,787,991,992,-1,989,929,990,-1,990,929,928,-1,990,928,991,-1,991,928,926,-1,991,926,992,-1,992,926,925,-1,921,920,927,-1,927,920,919,-1,927,919,925,-1,925,919,918,-1,925,918,992,-1,992,918,724,-1,992,724,787,-1,923,922,993,-1,993,922,988,-1,993,988,994,-1,994,988,930,-1,994,930,975,-1,975,930,929,-1,975,929,976,-1,976,929,989,-1,976,989,978,-1,978,989,771,-1,978,771,770,-1,924,923,995,-1,995,923,993,-1,995,993,996,-1,996,993,994,-1,996,994,997,-1,997,994,975,-1,997,975,958,-1,958,975,977,-1,958,977,973,-1,973,977,979,-1,973,979,974,-1,974,979,769,-1,974,769,756,-1,998,940,999,-1,999,940,939,-1,999,939,861,-1,998,1000,940,-1,940,1000,934,-1,940,934,942,-1,942,934,933,-1,942,933,944,-1,1000,1001,934,-1,934,1001,1002,-1,934,1002,935,-1,935,1002,1003,-1,935,1003,1004,-1,1005,945,1006,-1,1006,945,944,-1,1006,944,1007,-1,1007,944,933,-1,1007,933,1008,-1,1008,933,935,-1,1008,935,1009,-1,1009,935,1004,-1,1009,1004,1010,-1,1004,1011,1010,-1,1010,1011,1012,-1,1010,1012,1009,-1,1009,1012,1013,-1,963,1005,964,-1,964,1005,1006,-1,964,1006,965,-1,965,1006,1007,-1,965,1007,967,-1,967,1007,1008,-1,967,1008,969,-1,969,1008,1009,-1,969,1009,971,-1,971,1009,1013,-1,1014,1015,972,-1,1013,1016,971,-1,971,1016,1017,-1,971,1017,972,-1,972,1017,1018,-1,972,1018,1014,-1,1015,986,972,-1,972,986,984,-1,972,984,970,-1,970,984,982,-1,970,982,968,-1,968,982,980,-1,968,980,966,-1,966,980,950,-1,966,950,936,-1,936,950,952,-1,936,952,937,-1,937,952,953,-1,937,953,946,-1,946,953,842,-1,946,842,841,-1,1015,1019,986,-1,986,1019,1020,-1,986,1020,987,-1,987,1020,1021,-1,987,1021,1022,-1,847,931,962,-1,962,931,955,-1,962,955,960,-1,960,955,954,-1,960,954,958,-1,958,954,981,-1,958,981,997,-1,997,981,983,-1,997,983,996,-1,996,983,985,-1,996,985,995,-1,995,985,987,-1,995,987,924,-1,924,987,1022,-1,924,1022,915,-1,1018,1017,1023,-1,1001,1000,1024,-1,1024,1000,998,-1,1024,998,890,-1,890,998,999,-1,890,999,861,-1,1025,1004,1026,-1,1026,1004,1003,-1,1026,1003,1024,-1,1024,1003,1002,-1,1024,1002,1001,-1,1023,1017,1027,-1,1017,1016,1027,-1,1027,1016,1013,-1,1027,1013,1028,-1,1028,1013,1012,-1,1028,1012,1025,-1,1025,1012,1011,-1,1025,1011,1004,-1,1029,1015,1023,-1,1023,1015,1014,-1,1023,1014,1018,-1,1022,1021,1029,-1,1021,1020,1029,-1,1029,1020,1019,-1,1029,1019,1015,-1,1029,1030,1022,-1,1022,1030,914,-1,1022,914,915,-1,1031,1032,1033,-1,1034,1035,1036,-1,1037,1038,1039,-1,1040,1041,829,-1,830,829,1042,-1,1042,829,1041,-1,1042,1041,1043,-1,1044,1043,1045,-1,1045,1043,1041,-1,1045,1041,1046,-1,1046,1041,1040,-1,829,838,1040,-1,1040,838,1047,-1,1040,1047,1046,-1,1046,1047,1048,-1,1046,1048,1049,-1,821,820,1050,-1,1050,820,1051,-1,1050,1051,1052,-1,1052,1051,1053,-1,1052,1053,1054,-1,819,810,1055,-1,1055,810,1056,-1,1055,1056,1057,-1,1057,1056,1058,-1,1057,1058,1059,-1,810,809,1056,-1,1056,809,1060,-1,1056,1060,1058,-1,1058,1060,1061,-1,1058,1061,1059,-1,808,793,1062,-1,1062,793,1063,-1,1062,1063,1064,-1,1064,1063,1065,-1,1064,1065,1066,-1,792,791,1067,-1,1067,791,1068,-1,1067,1068,1069,-1,1069,1068,1070,-1,1069,1070,1071,-1,777,776,1072,-1,1072,776,1073,-1,1072,1073,1074,-1,1074,1073,1075,-1,1074,1075,1076,-1,734,1038,753,-1,753,1038,1037,-1,753,1037,755,-1,775,755,1077,-1,1077,755,1037,-1,1077,1037,1078,-1,1078,1037,1039,-1,1078,1039,1079,-1,1035,871,1036,-1,1036,871,1080,-1,1036,1080,1081,-1,1081,1080,1082,-1,1081,1082,1083,-1,1083,1082,1084,-1,1083,1084,1085,-1,1085,1084,1086,-1,1085,1086,1087,-1,1087,1086,1044,-1,1088,1034,1089,-1,1089,1034,1036,-1,1089,1036,1090,-1,1090,1036,1081,-1,1090,1081,1091,-1,1091,1081,1083,-1,1091,1083,1092,-1,1092,1083,1085,-1,1092,1085,1093,-1,1093,1085,1087,-1,1044,1045,1087,-1,1087,1045,1046,-1,1087,1046,1093,-1,1093,1046,1049,-1,1093,1049,1092,-1,1092,1049,1094,-1,1092,1094,1091,-1,1091,1094,1095,-1,1091,1095,1090,-1,1090,1095,1096,-1,1090,1096,1089,-1,1089,1096,1097,-1,1089,1097,1088,-1,1098,1099,1097,-1,1097,1099,1100,-1,1097,1100,1088,-1,838,821,1047,-1,1047,821,1050,-1,1047,1050,1048,-1,1048,1050,1052,-1,1048,1052,1049,-1,1049,1052,1054,-1,1049,1054,1094,-1,1094,1054,1101,-1,1094,1101,1095,-1,1095,1101,1102,-1,1095,1102,1096,-1,1096,1102,1103,-1,1096,1103,1097,-1,1097,1103,1104,-1,1097,1104,1098,-1,1105,1106,1104,-1,1104,1106,1107,-1,1104,1107,1098,-1,1032,1105,1033,-1,1033,1105,1104,-1,1033,1104,1108,-1,1108,1104,1103,-1,1108,1103,1109,-1,1109,1103,1102,-1,1109,1102,1110,-1,1110,1102,1101,-1,1110,1101,1059,-1,1059,1101,1054,-1,1059,1054,1057,-1,1057,1054,1053,-1,1057,1053,1055,-1,1055,1053,1051,-1,1055,1051,819,-1,819,1051,820,-1,1111,1112,1113,-1,1113,1112,1114,-1,1114,1031,1113,-1,1113,1031,1033,-1,1113,1033,1115,-1,1115,1033,1108,-1,1115,1108,1116,-1,1116,1108,1109,-1,1116,1109,1117,-1,1117,1109,1110,-1,1117,1110,1066,-1,1066,1110,1059,-1,1066,1059,1064,-1,1064,1059,1061,-1,1064,1061,1062,-1,1062,1061,1060,-1,1062,1060,808,-1,808,1060,809,-1,1118,1111,1119,-1,1119,1111,1113,-1,1119,1113,1120,-1,1120,1113,1115,-1,1120,1115,1121,-1,1121,1115,1116,-1,1121,1116,1122,-1,1122,1116,1117,-1,1122,1117,1071,-1,1071,1117,1066,-1,1071,1066,1069,-1,1069,1066,1065,-1,1069,1065,1067,-1,1067,1065,1063,-1,1067,1063,792,-1,792,1063,793,-1,791,777,1068,-1,1068,777,1072,-1,1068,1072,1070,-1,1070,1072,1074,-1,1070,1074,1071,-1,1071,1074,1076,-1,1071,1076,1122,-1,1122,1076,1123,-1,1122,1123,1121,-1,1121,1123,1124,-1,1121,1124,1120,-1,1120,1124,1125,-1,1120,1125,1119,-1,1119,1125,1126,-1,1119,1126,1118,-1,1127,1128,1126,-1,1126,1128,1129,-1,1126,1129,1118,-1,1130,1127,1131,-1,1131,1127,1126,-1,1131,1126,1132,-1,1132,1126,1125,-1,1132,1125,1133,-1,1133,1125,1124,-1,1133,1124,1134,-1,1134,1124,1123,-1,1134,1123,1079,-1,1079,1123,1076,-1,1079,1076,1078,-1,1078,1076,1075,-1,1078,1075,1077,-1,1077,1075,1073,-1,1077,1073,775,-1,775,1073,776,-1,1127,1130,1135,-1,1127,1135,1128,-1,1128,1135,1136,-1,1128,1136,1129,-1,1114,1112,1137,-1,1137,1112,1111,-1,1137,1111,1136,-1,1136,1111,1118,-1,1136,1118,1129,-1,1114,1137,1031,-1,1031,1137,1138,-1,1031,1138,1032,-1,1139,1099,1140,-1,1140,1099,1098,-1,1140,1098,1141,-1,1098,1107,1141,-1,1141,1107,1106,-1,1141,1106,1138,-1,1138,1106,1105,-1,1138,1105,1032,-1,1142,1143,871,-1,871,1035,1142,-1,1142,1035,1034,-1,1142,1034,1144,-1,1144,1034,1088,-1,1144,1088,1139,-1,1139,1088,1100,-1,1139,1100,1099,-1,1145,1135,1146,-1,1146,1135,1130,-1,734,733,1147,-1,1147,733,1148,-1,1038,734,1147,-1,1134,1079,1147,-1,1147,1079,1039,-1,1147,1039,1038,-1,1130,1131,1146,-1,1146,1131,1132,-1,1146,1132,1147,-1,1147,1132,1133,-1,1147,1133,1134,-1,1149,1150,1151,-1,1152,1153,1154,-1,747,746,1155,-1,768,767,1156,-1,1157,1158,1159,-1,1160,1161,1162,-1,1080,1163,1082,-1,1082,1163,1164,-1,1082,1164,1084,-1,1084,1164,1165,-1,1084,1165,1086,-1,1166,754,1167,-1,1167,754,839,-1,1167,839,1168,-1,1168,839,831,-1,1168,831,830,-1,830,1042,1168,-1,1168,1042,1162,-1,1168,1162,1167,-1,1167,1162,1161,-1,1167,1161,1166,-1,1169,1170,1171,-1,1171,1170,1156,-1,1171,1156,1172,-1,1172,1156,767,-1,1172,767,766,-1,1173,1174,1175,-1,1175,1174,1155,-1,1175,1155,1176,-1,1176,1155,746,-1,1176,746,768,-1,1177,1178,1179,-1,1179,1178,1180,-1,1179,1180,1181,-1,1181,1180,760,-1,1181,760,747,-1,1042,1043,1162,-1,1162,1043,1182,-1,1162,1182,1160,-1,1160,1182,1183,-1,1160,1183,1184,-1,1184,1183,1185,-1,1184,1185,1186,-1,1186,1185,1187,-1,1186,1187,1188,-1,1188,1187,1189,-1,1188,1189,1190,-1,1177,1191,1178,-1,1178,1191,1192,-1,1178,1192,1180,-1,1180,1192,761,-1,1180,761,760,-1,1193,1194,1195,-1,1195,1194,1196,-1,1195,1196,1197,-1,1197,1196,797,-1,1197,797,762,-1,768,1156,1176,-1,1176,1156,1170,-1,1176,1170,1175,-1,1175,1170,1169,-1,1175,1169,1173,-1,1173,1169,1198,-1,1173,1198,1199,-1,1199,1198,1200,-1,1199,1200,1201,-1,1201,1200,1202,-1,1201,1202,1203,-1,1203,1202,1204,-1,1203,1204,1205,-1,703,702,1206,-1,1206,702,1151,-1,1206,1151,1154,-1,1154,1151,1150,-1,1154,1150,1152,-1,798,1207,802,-1,802,1207,1208,-1,802,1208,803,-1,803,1208,1209,-1,803,1209,804,-1,804,1209,1210,-1,1207,1153,1208,-1,1208,1153,1152,-1,1208,1152,1209,-1,1209,1152,1150,-1,1209,1150,1210,-1,1210,1150,1149,-1,702,701,1151,-1,1151,701,697,-1,1151,697,1149,-1,1149,697,699,-1,1149,699,1210,-1,1210,699,700,-1,1210,700,804,-1,707,703,1211,-1,1211,703,1206,-1,1211,1206,1212,-1,1212,1206,1154,-1,1212,1154,1193,-1,1193,1154,1153,-1,1193,1153,1194,-1,1194,1153,1207,-1,1194,1207,1196,-1,1196,1207,798,-1,1196,798,797,-1,706,707,1213,-1,1213,707,1211,-1,1213,1211,1214,-1,1214,1211,1212,-1,1214,1212,1215,-1,1215,1212,1193,-1,1215,1193,1177,-1,1177,1193,1195,-1,1177,1195,1191,-1,1191,1195,1197,-1,1191,1197,1192,-1,1192,1197,762,-1,1192,762,761,-1,1216,1163,1217,-1,1217,1163,1080,-1,1217,1080,871,-1,1216,1218,1163,-1,1163,1218,1158,-1,1163,1158,1164,-1,1164,1158,1157,-1,1164,1157,1165,-1,1218,1219,1158,-1,1158,1219,1220,-1,1158,1220,1159,-1,1159,1220,1221,-1,1159,1221,1222,-1,1044,1086,1223,-1,1223,1086,1165,-1,1223,1165,1224,-1,1224,1165,1157,-1,1224,1157,1225,-1,1225,1157,1159,-1,1225,1159,1226,-1,1226,1159,1222,-1,1226,1222,1227,-1,1222,1228,1227,-1,1227,1228,1229,-1,1227,1229,1226,-1,1226,1229,1230,-1,1043,1044,1182,-1,1182,1044,1223,-1,1182,1223,1183,-1,1183,1223,1224,-1,1183,1224,1185,-1,1185,1224,1225,-1,1185,1225,1187,-1,1187,1225,1226,-1,1187,1226,1189,-1,1189,1226,1230,-1,1231,1232,1190,-1,1230,1233,1189,-1,1189,1233,1234,-1,1189,1234,1190,-1,1190,1234,1235,-1,1190,1235,1231,-1,1232,1204,1190,-1,1190,1204,1202,-1,1190,1202,1188,-1,1188,1202,1200,-1,1188,1200,1186,-1,1186,1200,1198,-1,1186,1198,1184,-1,1184,1198,1169,-1,1184,1169,1160,-1,1160,1169,1171,-1,1160,1171,1161,-1,1161,1171,1172,-1,1161,1172,1166,-1,1166,1172,766,-1,1166,766,754,-1,1232,1236,1204,-1,1204,1236,1237,-1,1204,1237,1205,-1,1205,1237,1238,-1,1205,1238,1239,-1,747,1155,1181,-1,1181,1155,1174,-1,1181,1174,1179,-1,1179,1174,1173,-1,1179,1173,1177,-1,1177,1173,1199,-1,1177,1199,1215,-1,1215,1199,1201,-1,1215,1201,1214,-1,1214,1201,1203,-1,1214,1203,1213,-1,1213,1203,1205,-1,1213,1205,706,-1,706,1205,1239,-1,706,1239,704,-1,1240,1241,1242,-1,1243,1244,1245,-1,1246,688,689,-1,1247,1248,832,-1,833,832,949,-1,949,832,1248,-1,949,1248,963,-1,1005,963,1249,-1,1249,963,1248,-1,1249,1248,1250,-1,1250,1248,1247,-1,832,846,1247,-1,1247,846,1251,-1,1247,1251,1250,-1,1250,1251,1252,-1,1250,1252,1253,-1,824,823,1254,-1,1254,823,1255,-1,1254,1255,1256,-1,1256,1255,1257,-1,1256,1257,1258,-1,822,813,1259,-1,1259,813,1260,-1,1259,1260,1261,-1,1261,1260,1262,-1,1261,1262,1263,-1,813,812,1260,-1,1260,812,1264,-1,1260,1264,1262,-1,1262,1264,1265,-1,1262,1265,1263,-1,811,796,1266,-1,1266,796,1267,-1,1266,1267,1268,-1,1268,1267,1269,-1,1268,1269,1270,-1,795,794,1271,-1,1271,794,1272,-1,1271,1272,1273,-1,1273,1272,1274,-1,1273,1274,1275,-1,780,779,1276,-1,1276,779,1277,-1,1276,1277,1278,-1,1278,1277,1279,-1,1278,1279,1280,-1,686,688,758,-1,758,688,1246,-1,758,1246,759,-1,778,759,1281,-1,1281,759,1246,-1,1281,1246,1282,-1,1282,1246,689,-1,1282,689,696,-1,1244,861,1245,-1,1245,861,939,-1,1245,939,1283,-1,1283,939,941,-1,1283,941,1284,-1,1284,941,943,-1,1284,943,1285,-1,1285,943,945,-1,1285,945,1286,-1,1286,945,1005,-1,1287,1243,1288,-1,1288,1243,1245,-1,1288,1245,1289,-1,1289,1245,1283,-1,1289,1283,1290,-1,1290,1283,1284,-1,1290,1284,1291,-1,1291,1284,1285,-1,1291,1285,1292,-1,1292,1285,1286,-1,1005,1249,1286,-1,1286,1249,1250,-1,1286,1250,1292,-1,1292,1250,1253,-1,1292,1253,1291,-1,1291,1253,1293,-1,1291,1293,1290,-1,1290,1293,1294,-1,1290,1294,1289,-1,1289,1294,1295,-1,1289,1295,1288,-1,1288,1295,1296,-1,1288,1296,1287,-1,1297,1298,1296,-1,1296,1298,1299,-1,1296,1299,1287,-1,846,824,1251,-1,1251,824,1254,-1,1251,1254,1252,-1,1252,1254,1256,-1,1252,1256,1253,-1,1253,1256,1258,-1,1253,1258,1293,-1,1293,1258,1300,-1,1293,1300,1294,-1,1294,1300,1301,-1,1294,1301,1295,-1,1295,1301,1302,-1,1295,1302,1296,-1,1296,1302,1303,-1,1296,1303,1297,-1,1304,1305,1303,-1,1303,1305,1306,-1,1303,1306,1297,-1,1241,1304,1242,-1,1242,1304,1303,-1,1242,1303,1307,-1,1307,1303,1302,-1,1307,1302,1308,-1,1308,1302,1301,-1,1308,1301,1309,-1,1309,1301,1300,-1,1309,1300,1263,-1,1263,1300,1258,-1,1263,1258,1261,-1,1261,1258,1257,-1,1261,1257,1259,-1,1259,1257,1255,-1,1259,1255,822,-1,822,1255,823,-1,1310,1311,1312,-1,1312,1311,1313,-1,1313,1240,1312,-1,1312,1240,1242,-1,1312,1242,1314,-1,1314,1242,1307,-1,1314,1307,1315,-1,1315,1307,1308,-1,1315,1308,1316,-1,1316,1308,1309,-1,1316,1309,1270,-1,1270,1309,1263,-1,1270,1263,1268,-1,1268,1263,1265,-1,1268,1265,1266,-1,1266,1265,1264,-1,1266,1264,811,-1,811,1264,812,-1,1317,1310,1318,-1,1318,1310,1312,-1,1318,1312,1319,-1,1319,1312,1314,-1,1319,1314,1320,-1,1320,1314,1315,-1,1320,1315,1321,-1,1321,1315,1316,-1,1321,1316,1275,-1,1275,1316,1270,-1,1275,1270,1273,-1,1273,1270,1269,-1,1273,1269,1271,-1,1271,1269,1267,-1,1271,1267,795,-1,795,1267,796,-1,794,780,1272,-1,1272,780,1276,-1,1272,1276,1274,-1,1274,1276,1278,-1,1274,1278,1275,-1,1275,1278,1280,-1,1275,1280,1321,-1,1321,1280,1322,-1,1321,1322,1320,-1,1320,1322,1323,-1,1320,1323,1319,-1,1319,1323,1324,-1,1319,1324,1318,-1,1318,1324,1325,-1,1318,1325,1317,-1,1326,1327,1325,-1,1325,1327,1328,-1,1325,1328,1317,-1,691,1326,692,-1,692,1326,1325,-1,692,1325,693,-1,693,1325,1324,-1,693,1324,694,-1,694,1324,1323,-1,694,1323,695,-1,695,1323,1322,-1,695,1322,696,-1,696,1322,1280,-1,696,1280,1282,-1,1282,1280,1279,-1,1282,1279,1281,-1,1281,1279,1277,-1,1281,1277,778,-1,778,1277,779,-1,1243,1218,1244,-1,1244,1218,1216,-1,1244,1216,861,-1,861,1216,1217,-1,861,1217,871,-1,1287,1222,1243,-1,1243,1222,1221,-1,1221,1220,1243,-1,1243,1220,1219,-1,1243,1219,1218,-1,1297,1230,1298,-1,1298,1230,1229,-1,1287,1299,1222,-1,1222,1299,1298,-1,1222,1298,1228,-1,1228,1298,1229,-1,1297,1306,1230,-1,1230,1306,1305,-1,1230,1305,1233,-1,1233,1305,1304,-1,1233,1304,1234,-1,1304,1241,1234,-1,1234,1241,1240,-1,1234,1240,1235,-1,1235,1240,1231,-1,1231,1240,1313,-1,1231,1313,1232,-1,1232,1313,1311,-1,1232,1311,1310,-1,1317,1239,1310,-1,1310,1239,1238,-1,1238,1237,1310,-1,1310,1237,1236,-1,1310,1236,1232,-1,1317,1328,1239,-1,1239,1328,1327,-1,1239,1327,704,-1,704,1327,1326,-1,704,1326,691,-1,671,669,690,-1,690,669,705,-1,690,705,691,-1,691,705,704,-1,686,700,687,-1,687,700,698,-1,687,698,670,-1,670,698,668,-1,1329,1330,1331,-1,1332,1333,1334,-1,774,773,1335,-1,772,752,1336,-1,1337,1338,1339,-1,1340,1341,1342,-1,1343,1344,1345,-1,1345,1344,1346,-1,1345,1346,1347,-1,1347,1346,1348,-1,1347,1348,1349,-1,1350,750,1351,-1,1351,750,731,-1,1351,731,1352,-1,1352,731,729,-1,1352,729,728,-1,728,1353,1352,-1,1352,1353,1342,-1,1352,1342,1351,-1,1351,1342,1341,-1,1351,1341,1350,-1,1354,1355,1356,-1,1356,1355,1336,-1,1356,1336,1357,-1,1357,1336,752,-1,1357,752,751,-1,1358,1359,1360,-1,1360,1359,1335,-1,1360,1335,1361,-1,1361,1335,773,-1,1361,773,772,-1,1362,1363,1364,-1,1364,1363,1365,-1,1364,1365,1366,-1,1366,1365,788,-1,1366,788,774,-1,1353,1367,1342,-1,1342,1367,1368,-1,1342,1368,1340,-1,1340,1368,1369,-1,1340,1369,1370,-1,1370,1369,1371,-1,1370,1371,1372,-1,1372,1371,1373,-1,1372,1373,1374,-1,1374,1373,1375,-1,1374,1375,1376,-1,1362,1377,1363,-1,1363,1377,1378,-1,1363,1378,1365,-1,1365,1378,789,-1,1365,789,788,-1,1379,1380,1381,-1,1381,1380,1382,-1,1381,1382,1383,-1,1383,1382,805,-1,1383,805,790,-1,772,1336,1361,-1,1361,1336,1355,-1,1361,1355,1360,-1,1360,1355,1354,-1,1360,1354,1358,-1,1358,1354,1384,-1,1358,1384,1385,-1,1385,1384,1386,-1,1385,1386,1387,-1,1387,1386,1388,-1,1387,1388,1389,-1,1389,1388,1390,-1,1389,1390,1391,-1,1392,1393,1394,-1,1394,1393,1331,-1,1394,1331,1334,-1,1334,1331,1330,-1,1334,1330,1332,-1,806,1395,807,-1,807,1395,1396,-1,807,1396,817,-1,817,1396,1397,-1,817,1397,818,-1,818,1397,1398,-1,1395,1333,1396,-1,1396,1333,1332,-1,1396,1332,1397,-1,1397,1332,1330,-1,1397,1330,1398,-1,1398,1330,1329,-1,1393,1399,1331,-1,1331,1399,1400,-1,1331,1400,1329,-1,1329,1400,1401,-1,1329,1401,1398,-1,1398,1401,717,-1,1398,717,818,-1,1402,1392,1403,-1,1403,1392,1394,-1,1403,1394,1404,-1,1404,1394,1334,-1,1404,1334,1379,-1,1379,1334,1333,-1,1379,1333,1380,-1,1380,1333,1395,-1,1380,1395,1382,-1,1382,1395,806,-1,1382,806,805,-1,1405,1402,1406,-1,1406,1402,1403,-1,1406,1403,1407,-1,1407,1403,1404,-1,1407,1404,1408,-1,1408,1404,1379,-1,1408,1379,1362,-1,1362,1379,1381,-1,1362,1381,1377,-1,1377,1381,1383,-1,1377,1383,1378,-1,1378,1383,790,-1,1378,790,789,-1,888,1344,889,-1,889,1344,1343,-1,889,1343,890,-1,888,893,1344,-1,1344,893,1338,-1,1344,1338,1346,-1,1346,1338,1337,-1,1346,1337,1348,-1,893,892,1338,-1,1338,892,891,-1,1338,891,1339,-1,1339,891,894,-1,1339,894,885,-1,1409,1349,1410,-1,1410,1349,1348,-1,1410,1348,1411,-1,1411,1348,1337,-1,1411,1337,1412,-1,1412,1337,1339,-1,1412,1339,1413,-1,1413,1339,885,-1,1413,885,1414,-1,885,884,1414,-1,1414,884,901,-1,1414,901,1413,-1,1413,901,900,-1,1367,1409,1368,-1,1368,1409,1410,-1,1368,1410,1369,-1,1369,1410,1411,-1,1369,1411,1371,-1,1371,1411,1412,-1,1371,1412,1373,-1,1373,1412,1413,-1,1373,1413,1375,-1,1375,1413,900,-1,902,904,1376,-1,900,898,1375,-1,1375,898,896,-1,1375,896,1376,-1,1376,896,895,-1,1376,895,902,-1,904,1390,1376,-1,1376,1390,1388,-1,1376,1388,1374,-1,1374,1388,1386,-1,1374,1386,1372,-1,1372,1386,1384,-1,1372,1384,1370,-1,1370,1384,1354,-1,1370,1354,1340,-1,1340,1354,1356,-1,1340,1356,1341,-1,1341,1356,1357,-1,1341,1357,1350,-1,1350,1357,751,-1,1350,751,750,-1,904,908,1390,-1,1390,908,907,-1,1390,907,1391,-1,1391,907,906,-1,1391,906,905,-1,774,1335,1366,-1,1366,1335,1359,-1,1366,1359,1364,-1,1364,1359,1358,-1,1364,1358,1362,-1,1362,1358,1385,-1,1362,1385,1408,-1,1408,1385,1387,-1,1408,1387,1407,-1,1407,1387,1389,-1,1407,1389,1406,-1,1406,1389,1391,-1,1406,1391,1405,-1,1405,1391,905,-1,1405,905,911,-1,1415,1416,1417,-1,1418,1419,1420,-1,1421,1422,1423,-1,1424,1425,836,-1,837,836,1426,-1,1426,836,1425,-1,1426,1425,1427,-1,1428,1427,1429,-1,1429,1427,1425,-1,1429,1425,1430,-1,1430,1425,1424,-1,836,835,1424,-1,1424,835,1431,-1,1424,1431,1430,-1,1430,1431,1432,-1,1430,1432,1433,-1,828,827,1434,-1,1434,827,1435,-1,1434,1435,1436,-1,1436,1435,1437,-1,1436,1437,1438,-1,826,816,1439,-1,1439,816,1440,-1,1439,1440,1441,-1,1441,1440,1442,-1,1441,1442,1443,-1,816,815,1440,-1,1440,815,1444,-1,1440,1444,1442,-1,1442,1444,1445,-1,1442,1445,1443,-1,814,801,1446,-1,1446,801,1447,-1,1446,1447,1448,-1,1448,1447,1449,-1,1448,1449,1450,-1,800,799,1451,-1,1451,799,1452,-1,1451,1452,1453,-1,1453,1452,1454,-1,1453,1454,1455,-1,784,783,1456,-1,1456,783,1457,-1,1456,1457,1458,-1,1458,1457,1459,-1,1458,1459,1460,-1,763,1422,764,-1,764,1422,1421,-1,764,1421,765,-1,782,765,1461,-1,1461,765,1421,-1,1461,1421,1462,-1,1462,1421,1423,-1,1462,1423,1463,-1,1419,1143,1420,-1,1420,1143,1464,-1,1420,1464,1465,-1,1465,1464,1466,-1,1465,1466,1467,-1,1467,1466,1468,-1,1467,1468,1469,-1,1469,1468,1470,-1,1469,1470,1471,-1,1471,1470,1428,-1,1472,1418,1473,-1,1473,1418,1420,-1,1473,1420,1474,-1,1474,1420,1465,-1,1474,1465,1475,-1,1475,1465,1467,-1,1475,1467,1476,-1,1476,1467,1469,-1,1476,1469,1477,-1,1477,1469,1471,-1,1428,1429,1471,-1,1471,1429,1430,-1,1471,1430,1477,-1,1477,1430,1433,-1,1477,1433,1476,-1,1476,1433,1478,-1,1476,1478,1475,-1,1475,1478,1479,-1,1475,1479,1474,-1,1474,1479,1480,-1,1474,1480,1473,-1,1473,1480,1481,-1,1473,1481,1472,-1,1482,1483,1481,-1,1481,1483,1484,-1,1481,1484,1472,-1,835,828,1431,-1,1431,828,1434,-1,1431,1434,1432,-1,1432,1434,1436,-1,1432,1436,1433,-1,1433,1436,1438,-1,1433,1438,1478,-1,1478,1438,1485,-1,1478,1485,1479,-1,1479,1485,1486,-1,1479,1486,1480,-1,1480,1486,1487,-1,1480,1487,1481,-1,1481,1487,1488,-1,1481,1488,1482,-1,1489,1490,1488,-1,1488,1490,1491,-1,1488,1491,1482,-1,1416,1489,1417,-1,1417,1489,1488,-1,1417,1488,1492,-1,1492,1488,1487,-1,1492,1487,1493,-1,1493,1487,1486,-1,1493,1486,1494,-1,1494,1486,1485,-1,1494,1485,1443,-1,1443,1485,1438,-1,1443,1438,1441,-1,1441,1438,1437,-1,1441,1437,1439,-1,1439,1437,1435,-1,1439,1435,826,-1,826,1435,827,-1,1495,1496,1497,-1,1497,1496,1498,-1,1498,1415,1497,-1,1497,1415,1417,-1,1497,1417,1499,-1,1499,1417,1492,-1,1499,1492,1500,-1,1500,1492,1493,-1,1500,1493,1501,-1,1501,1493,1494,-1,1501,1494,1450,-1,1450,1494,1443,-1,1450,1443,1448,-1,1448,1443,1445,-1,1448,1445,1446,-1,1446,1445,1444,-1,1446,1444,814,-1,814,1444,815,-1,1502,1495,1503,-1,1503,1495,1497,-1,1503,1497,1504,-1,1504,1497,1499,-1,1504,1499,1505,-1,1505,1499,1500,-1,1505,1500,1506,-1,1506,1500,1501,-1,1506,1501,1455,-1,1455,1501,1450,-1,1455,1450,1453,-1,1453,1450,1449,-1,1453,1449,1451,-1,1451,1449,1447,-1,1451,1447,800,-1,800,1447,801,-1,799,784,1452,-1,1452,784,1456,-1,1452,1456,1454,-1,1454,1456,1458,-1,1454,1458,1455,-1,1455,1458,1460,-1,1455,1460,1506,-1,1506,1460,1507,-1,1506,1507,1505,-1,1505,1507,1508,-1,1505,1508,1504,-1,1504,1508,1509,-1,1504,1509,1503,-1,1503,1509,1510,-1,1503,1510,1502,-1,1511,1512,1510,-1,1510,1512,1513,-1,1510,1513,1502,-1,1514,1511,1515,-1,1515,1511,1510,-1,1515,1510,1516,-1,1516,1510,1509,-1,1516,1509,1517,-1,1517,1509,1508,-1,1517,1508,1518,-1,1518,1508,1507,-1,1518,1507,1463,-1,1463,1507,1460,-1,1463,1460,1462,-1,1462,1460,1459,-1,1462,1459,1461,-1,1461,1459,1457,-1,1461,1457,782,-1,782,1457,783,-1,1514,1519,1511,-1,1511,1519,1520,-1,1495,1502,1521,-1,1521,1502,1513,-1,1521,1513,1520,-1,1520,1513,1512,-1,1520,1512,1511,-1,1522,1498,1521,-1,1521,1498,1496,-1,1521,1496,1495,-1,1490,1489,1523,-1,1523,1489,1416,-1,1523,1416,1522,-1,1522,1416,1415,-1,1522,1415,1498,-1,1490,1523,1491,-1,1491,1523,1524,-1,1491,1524,1482,-1,1418,1472,1525,-1,1525,1472,1484,-1,1525,1484,1524,-1,1524,1484,1483,-1,1524,1483,1482,-1,1418,1525,1419,-1,1419,1525,851,-1,1419,851,1143,-1,1526,1527,1528,-1,1528,1527,1529,-1,1514,1526,1519,-1,1519,1526,1528,-1,1519,1528,910,-1,910,1528,911,-1,717,1529,718,-1,718,1529,1527,-1,718,1527,716,-1,716,1527,763,-1,1422,763,1527,-1,1518,1463,1527,-1,1527,1463,1423,-1,1527,1423,1422,-1,1514,1515,1526,-1,1526,1515,1516,-1,1526,1516,1527,-1,1527,1516,1517,-1,1527,1517,1518,-1,1528,1529,717,-1,1405,911,1528,-1,1405,1528,1402,-1,717,1401,1528,-1,1528,1401,1400,-1,1528,1400,1399,-1,1399,1393,1528,-1,1528,1393,1392,-1,1528,1392,1402,-1,1147,1148,1146,-1,1146,1148,1145,-1,1464,1143,733,-1,733,837,1426,-1,1426,1427,733,-1,733,1427,1428,-1,733,1428,1470,-1,1470,1468,733,-1,733,1468,1466,-1,733,1466,1464,-1,1145,1148,1135,-1,1135,1148,733,-1,1135,733,1136,-1,1139,1140,733,-1,733,1140,1141,-1,1143,1142,733,-1,733,1142,1144,-1,733,1144,1139,-1,1141,1138,733,-1,733,1138,1137,-1,733,1137,1136,-1,1345,730,1343,-1,1343,730,890,-1,1345,1347,730,-1,730,1347,1349,-1,730,1349,1409,-1,1409,1367,730,-1,730,1367,1353,-1,730,1353,728,-1,917,916,912,-1,912,916,913,-1,730,917,912,-1,730,1028,1025,-1,912,914,730,-1,730,914,1030,-1,730,1030,1029,-1,1025,1026,730,-1,730,1026,1024,-1,730,1024,890,-1,1029,1023,730,-1,730,1023,1027,-1,730,1027,1028,-1,718,716,910,-1,910,716,1519,-1,735,726,850,-1,850,726,873,-1,738,737,878,-1,878,737,879,-1,737,825,879,-1,879,825,881,-1,825,719,881,-1,881,719,882,-1,719,720,882,-1,882,720,883,-1,883,720,875,-1,875,720,718,-1,718,910,909,-1,909,903,718,-1,718,903,897,-1,718,897,899,-1,899,886,718,-1,718,886,887,-1,718,887,875,-1,715,852,716,-1,716,852,851,-1,716,851,1525,-1,1525,1524,716,-1,716,1524,1523,-1,716,1523,1522,-1,1522,1521,716,-1,716,1521,1520,-1,716,1520,1519,-1,715,714,852,-1,852,714,853,-1,714,781,853,-1,853,781,856,-1,781,749,856,-1,856,749,854,-1,721,736,848,-1,848,736,849,-1,722,721,709,-1,709,721,848,-1,709,848,710,-1,748,745,869,-1,869,745,868,-1,866,868,1530,-1,1530,868,745,-1,1530,745,744,-1,742,739,712,-1,712,739,865,-1,712,865,713,-1,739,738,865,-1,865,738,878,-1,727,725,872,-1,872,725,863,-1,864,863,1531,-1,1531,863,725,-1,1531,725,743,-1,862,864,1531,-1,867,866,1530,-1,742,712,1532,-1,1532,1533,742,-1,742,1533,1534,-1,742,1534,1535,-1,1535,1536,742,-1,742,1536,1537,-1,742,1537,1538,-1,1539,1531,743,-1,1540,1541,743,-1,743,1541,1542,-1,743,1542,1543,-1,1543,1544,743,-1,743,1544,1545,-1,743,1545,1539,-1,1532,1545,1533,-1,1533,1545,1544,-1,1533,1544,1534,-1,1534,1544,1543,-1,1534,1543,1535,-1,1535,1543,1542,-1,1535,1542,1536,-1,1536,1542,1541,-1,1536,1541,1537,-1,1537,1541,1540,-1,1537,1540,1538,-1,711,862,712,-1,712,862,1531,-1,712,1531,1532,-1,1532,1531,1539,-1,1532,1539,1545,-1,1538,1546,742,-1,742,1546,1547,-1,742,1547,741,-1,740,1548,743,-1,743,1548,1549,-1,743,1549,1540,-1,1546,1549,1547,-1,1547,1549,1548,-1,1540,1549,1538,-1,1538,1549,1546,-1,1548,740,1547,-1,1547,740,741,-1,709,1550,722,-1,722,1550,1551,-1,722,1551,1552,-1,1552,1553,722,-1,722,1553,1554,-1,722,1554,1555,-1,1556,1557,744,-1,744,1557,1558,-1,744,1558,1559,-1,1559,1560,744,-1,744,1560,1561,-1,744,1561,1530,-1,1550,1560,1551,-1,1551,1560,1559,-1,1551,1559,1552,-1,1552,1559,1558,-1,1552,1558,1553,-1,1553,1558,1557,-1,1553,1557,1554,-1,1554,1557,1556,-1,1554,1556,1555,-1,708,867,709,-1,709,867,1530,-1,709,1530,1550,-1,1550,1530,1561,-1,1550,1561,1560,-1,1555,1562,722,-1,722,1562,1563,-1,722,1563,723,-1,732,1564,744,-1,744,1564,1565,-1,744,1565,1556,-1,1562,1565,1563,-1,1563,1565,1564,-1,1556,1565,1555,-1,1555,1565,1562,-1,1564,732,1563,-1,1563,732,723,-1,705,669,667,-1,705,667,1566,-1,1566,667,665,-1,1566,665,1567,-1,1567,665,663,-1,1567,663,1568,-1,1568,663,661,-1,1568,661,1569,-1,1569,661,659,-1,1569,659,1570,-1,1570,659,650,-1,1570,650,1571,-1,1572,653,1573,-1,1573,653,658,-1,1573,658,1574,-1,1574,658,660,-1,1574,660,1575,-1,1575,660,662,-1,1575,662,1576,-1,1576,662,664,-1,1576,664,1577,-1,1577,664,666,-1,1577,666,698,-1,698,666,668,-1,1578,570,449,-1,449,1579,1578,-1,1578,1579,1572,-1,1578,1572,1580,-1,698,705,1577,-1,1577,705,1566,-1,1577,1566,1576,-1,1576,1566,1567,-1,1576,1567,1575,-1,1575,1567,1568,-1,1575,1568,1574,-1,1574,1568,1569,-1,1574,1569,1573,-1,1573,1569,1570,-1,1573,1570,1572,-1,1572,1570,1571,-1,1572,1571,1580,-1,1580,1571,1581,-1,453,684,448,-1,448,684,1582,-1,685,1572,684,-1,684,1572,1579,-1,684,1579,1582,-1,653,1572,651,-1,651,1572,685,-1,651,685,1583,-1,1583,685,1584,-1,1584,1585,1583,-1,1583,1585,1586,-1,1583,1586,1587,-1,1587,1588,1583,-1,1583,1588,1589,-1,1583,1589,1590,-1,1591,1592,1593,-1,1593,1592,1594,-1,1593,1594,1590,-1,1590,1594,1595,-1,1590,1595,1583,-1,1596,649,1581,-1,1597,1598,1571,-1,1571,1598,1581,-1,1581,1598,1599,-1,1581,1599,1596,-1,1571,650,1597,-1,1597,650,1600,-1,1597,1600,1596,-1,1596,1600,1601,-1,1596,1601,649,-1,649,1601,1602,-1,649,1602,650,-1,650,1602,1603,-1,650,1603,1600,-1,1579,449,1582,-1,1582,449,448,-1,1578,652,570,-1,570,652,432,-1,648,1580,649,-1,649,1580,1581,-1,648,652,1580,-1,1580,652,1578,-1,687,670,1604,-1,1604,670,672,-1,1604,672,1605,-1,1605,672,674,-1,1605,674,1606,-1,1606,674,676,-1,1606,676,1607,-1,1607,676,678,-1,1607,678,1608,-1,1608,678,680,-1,1608,680,1609,-1,1609,680,654,-1,592,591,681,-1,592,681,1610,-1,1610,681,679,-1,1610,679,1611,-1,1611,679,677,-1,1611,677,1612,-1,1612,677,675,-1,1612,675,1613,-1,1613,675,673,-1,1613,673,1614,-1,1614,673,671,-1,1614,671,690,-1,1615,1609,1616,-1,1616,1609,1617,-1,1616,1617,614,-1,614,1617,610,-1,1615,593,1609,-1,1609,593,592,-1,1609,592,1608,-1,1608,592,1610,-1,1608,1610,1607,-1,1607,1610,1611,-1,1607,1611,1606,-1,1606,1611,1612,-1,1606,1612,1605,-1,1605,1612,1613,-1,1605,1613,1604,-1,1604,1613,1614,-1,1604,1614,687,-1,687,1614,690,-1,1618,682,626,-1,626,682,625,-1,1609,654,1617,-1,1617,654,657,-1,1617,657,1618,-1,682,1618,683,-1,683,1618,657,-1,683,657,1619,-1,1619,657,1620,-1,1620,1621,1619,-1,1619,1621,1622,-1,1619,1622,1623,-1,1624,1625,1626,-1,1626,1625,1627,-1,1626,1627,1628,-1,1628,1627,1629,-1,1628,1629,1619,-1,1623,1630,1619,-1,1619,1630,1631,-1,1619,1631,1628,-1,1617,1618,610,-1,610,1618,626,-1,1615,655,593,-1,593,655,594,-1,656,1616,607,-1,607,1616,614,-1,656,655,1616,-1,1616,655,1615,-1,1584,685,81,-1,81,685,93,-1,1584,81,104,-1,1584,104,1585,-1,1585,104,106,-1,1585,106,1586,-1,1586,106,114,-1,1586,114,1587,-1,1587,114,113,-1,1587,113,1588,-1,1588,113,101,-1,1588,101,1589,-1,1589,101,100,-1,1589,100,1590,-1,1590,100,98,-1,1590,98,1593,-1,1593,98,441,-1,1593,441,1591,-1,1591,441,436,-1,1591,436,1592,-1,1592,436,435,-1,1592,435,1594,-1,1594,435,439,-1,1594,439,1595,-1,1595,439,438,-1,1595,438,1583,-1,651,1583,433,-1,433,1583,438,-1,1632,94,1633,-1,1633,94,112,-1,1633,112,1634,-1,1634,112,111,-1,1634,111,1635,-1,1635,111,110,-1,1635,110,1636,-1,1636,110,91,-1,1636,91,1637,-1,1637,91,90,-1,1637,90,1638,-1,1638,90,89,-1,1638,89,1639,-1,1639,89,85,-1,1639,85,1640,-1,1640,85,84,-1,1640,84,1641,-1,1641,84,83,-1,1641,83,1642,-1,1642,83,446,-1,1642,446,1643,-1,1643,446,445,-1,1643,445,1644,-1,1644,445,444,-1,1632,1645,94,-1,94,1645,92,-1,1646,443,1647,-1,1647,443,442,-1,1647,442,1648,-1,1648,442,437,-1,1648,437,1649,-1,1649,437,440,-1,1649,440,1650,-1,1650,440,95,-1,1650,95,1651,-1,1651,95,97,-1,1651,97,1652,-1,1652,97,99,-1,1652,99,1653,-1,1653,99,105,-1,1653,105,1654,-1,1654,105,103,-1,1654,103,1655,-1,1655,103,102,-1,1655,102,1656,-1,1656,102,80,-1,1656,80,1657,-1,1657,80,79,-1,1657,79,1645,-1,1645,79,92,-1,1646,1644,443,-1,443,1644,444,-1,1632,1633,1644,-1,1644,1633,1634,-1,1644,1634,1635,-1,1640,1641,1642,-1,1647,1648,1645,-1,1635,1636,1644,-1,1644,1636,1637,-1,1644,1637,1638,-1,1638,1639,1644,-1,1644,1639,1640,-1,1644,1640,1643,-1,1643,1640,1642,-1,1632,1644,1645,-1,1645,1644,1646,-1,1645,1646,1647,-1,1652,1653,1651,-1,1651,1653,1654,-1,1651,1654,1650,-1,1650,1654,1655,-1,1650,1655,1656,-1,1648,1649,1645,-1,1645,1649,1650,-1,1645,1650,1657,-1,1657,1650,1656,-1,1620,657,629,-1,629,657,606,-1,1620,629,637,-1,1620,637,1621,-1,1621,637,639,-1,1621,639,1622,-1,1622,639,647,-1,1622,647,1623,-1,1623,647,646,-1,1623,646,1630,-1,1630,646,634,-1,1630,634,1631,-1,1631,634,633,-1,1631,633,1628,-1,1628,633,645,-1,1628,645,1626,-1,1626,645,644,-1,1626,644,1624,-1,1624,644,643,-1,1624,643,1625,-1,1625,643,642,-1,1625,642,1627,-1,1627,642,641,-1,1627,641,1629,-1,1629,641,604,-1,1629,604,1619,-1,683,1619,619,-1,619,1619,604,-1,1658,627,1659,-1,1659,627,605,-1,1659,605,1660,-1,1660,605,623,-1,1660,623,1661,-1,1661,623,622,-1,1661,622,1662,-1,1662,622,621,-1,1662,621,1663,-1,1663,621,616,-1,1663,616,1664,-1,1664,616,615,-1,1664,615,1665,-1,1665,615,613,-1,1665,613,1666,-1,1666,613,612,-1,1666,612,1667,-1,1667,612,609,-1,1667,609,1668,-1,1668,609,608,-1,1668,608,1669,-1,1669,608,611,-1,1669,611,1670,-1,1670,611,624,-1,1658,1671,627,-1,627,1671,628,-1,1672,620,1673,-1,1673,620,618,-1,1673,618,1674,-1,1674,618,617,-1,1674,617,1675,-1,1675,617,603,-1,1675,603,1676,-1,1676,603,602,-1,1676,602,1677,-1,1677,602,640,-1,1677,640,1678,-1,1678,640,632,-1,1678,632,1679,-1,1679,632,638,-1,1679,638,1680,-1,1680,638,636,-1,1680,636,1681,-1,1681,636,635,-1,1681,635,1682,-1,1682,635,631,-1,1682,631,1683,-1,1683,631,630,-1,1683,630,1671,-1,1671,630,628,-1,1672,1670,620,-1,620,1670,624,-1,1658,1659,1670,-1,1670,1659,1660,-1,1670,1660,1661,-1,1664,1665,1666,-1,1668,1669,1663,-1,1663,1669,1670,-1,1663,1670,1662,-1,1662,1670,1661,-1,1664,1666,1663,-1,1663,1666,1667,-1,1663,1667,1668,-1,1658,1670,1671,-1,1671,1670,1672,-1,1671,1672,1673,-1,1673,1674,1671,-1,1671,1674,1675,-1,1671,1675,1676,-1,1677,1678,1679,-1,1677,1679,1676,-1,1676,1679,1680,-1,1676,1680,1681,-1,1681,1682,1676,-1,1676,1682,1683,-1,1676,1683,1671,-1,1684,1685,1603,-1,1603,1685,1600,-1,1685,1686,1600,-1,1600,1686,1601,-1,1686,1687,1601,-1,1601,1687,1602,-1,1687,1684,1602,-1,1602,1684,1603,-1,1687,1686,1684,-1,1684,1686,1685,-1,1688,1689,1596,-1,1596,1689,1597,-1,1689,1690,1597,-1,1597,1690,1598,-1,1690,1691,1598,-1,1598,1691,1599,-1,1691,1688,1599,-1,1599,1688,1596,-1,1691,1690,1688,-1,1688,1690,1689,-1,1692,1693,598,-1,598,1693,597,-1,1693,1694,597,-1,597,1694,596,-1,1694,1695,596,-1,596,1695,595,-1,1695,1692,595,-1,595,1692,598,-1,1695,1694,1692,-1,1692,1694,1693,-1,1696,1697,590,-1,590,1697,599,-1,1697,1698,599,-1,599,1698,600,-1,1698,1699,600,-1,600,1699,601,-1,1699,1696,601,-1,601,1696,590,-1,1699,1698,1696,-1,1696,1698,1697,-1,
        ]
    }
}
Shape{
    appearance Appearance {
        material  Material 	{
            diffuseColor 0.25098039215686274 0.25098039215686274 0.25098039215686274
            specularColor 0.12549019607843137 0.12549019607843137 0.12549019607843137
            ambientIntensity 0.251
            transparency 0.0
            shininess 0.5
        }
    }
    geometry IndexedFaceSet {
        ccw TRUE
        solid FALSE
        coord DEF co Coordinate {
            point [
                2.5989 2.9557 6.8661, 2.5989 2.4317 6.8661, 2.5989 2.9557 6.8701, 2.5989 2.4317 6.8701, 1.5614 2.4317 6.8661, 1.5614 2.4317 6.8701, 1.5614 2.9557 6.8661, 1.5614 2.9557 6.8701
            ]
        }
        coordIndex [
            0,1,2,-1,2,1,3,-1,1,4,3,-1,3,4,5,-1,4,6,5,-1,5,6,7,-1,6,0,7,-1,7,0,2,-1,
        ]
    }
}
Shape{
    appearance Appearance {
        material  Material 	{
            diffuseColor 0.0 1.0 0.0
            specularColor 0.0 0.5019607843137255 0.0
            ambientIntensity 0.587
            transparency 0.0
            shininess 0.5
        }
    }
    geometry IndexedFaceSet {
        ccw TRUE
        solid FALSE
        coord DEF co Coordinate {
            point [
                1.5614 2.9557 6.8661, 1.5614 2.4317 6.8661, 2.5989 2.9557 6.8661, 2.5989 2.4317 6.8661
            ]
        }
        coordIndex [
            0,1,2,-1,2,1,3,-1,
        ]
    }
}
Shape{
    appearance Appearance {
        material  Material 	{
            diffuseColor 1.0 1.0 1.0
            specularColor 0.5019607843137255 0.5019607843137255 0.5019607843137255
            ambientIntensity 1.0
            transparency 0.0
            shininess 0.5
        }
    }
    geometry IndexedFaceSet {
        ccw TRUE
        solid FALSE
        coord DEF co Coordinate {
            point [
                -2.6028 2.4317 6.8661, -2.6028 2.9557 6.8661, -2.6028 2.4317 6.8701, -2.6028 2.9557 6.8701, -1.5653 2.9557 6.8661, -1.5653 2.9557 6.8701, -1.5653 2.4317 6.8661, -1.5653 2.4317 6.8701
            ]
        }
        coordIndex [
            0,1,2,-1,2,1,3,-1,1,4,3,-1,3,4,5,-1,4,6,5,-1,5,6,7,-1,6,0,7,-1,7,0,2,-1,
        ]
    }
}
Shape{
    appearance Appearance {
        material  Material 	{
            diffuseColor 1.0 1.0 0.0
            specularColor 0.5019607843137255 0.5019607843137255 0.0
            ambientIntensity 0.886
            transparency 0.0
            shininess 0.5
        }
    }
    geometry IndexedFaceSet {
        ccw TRUE
        solid FALSE
        coord DEF co Coordinate {
            point [
                -1.5653 2.4317 6.8661, -1.5653 2.9557 6.8661, -2.6028 2.4317 6.8661, -2.6028 2.9557 6.8661
            ]
        }
        coordIndex [
            0,1,2,-1,2,1,3,-1,
        ]
    }
}
Shape{
    appearance Appearance {
        material  Material 	{
            diffuseColor 0.25098039215686274 0.25098039215686274 0.25098039215686274
            specularColor 0.12549019607843137 0.12549019607843137 0.12549019607843137
            ambientIntensity 0.251
            transparency 0.0
            shininess 0.5
        }
    }
    geometry IndexedFaceSet {
        ccw TRUE
        solid FALSE
        coord DEF co Coordinate {
            point [
                3.1713 0.9379 2.9922, 3.1713 0.9379 2.9615, 3.1673 0.9379 2.9922, 3.1673 0.9379 2.9615, 3.1713 0.8308 2.9922, 3.1673 0.8308 2.9922, 3.1713 0.8308 3.2306, 3.1673 0.8308 3.2306, 3.1713 0.796 3.2306, 3.1673 0.796 3.2306, 3.1713 0.796 2.9615, 3.1673 0.796 2.9615, 3.1713 1.117 2.9609, 3.1713 1.0759 2.9569, 3.1673 1.0997 2.9592, 3.1673 1.0759 2.9569, 3.1673 1.117 2.9609, 3.1673 1.1459 2.9703, 3.1713 1.1459 2.9703, 3.1673 1.1504 2.9726, 3.1713 1.1504 2.9726, 3.1713 1.1504 3.0059, 3.1673 1.1504 3.0059, 3.1673 1.1241 2.9941, 3.1713 1.1241 2.9941, 3.1673 1.0936 2.9884, 3.1713 1.0936 2.9884, 3.1673 1.081 2.9879, 3.1713 1.081 2.9879, 3.1673 1.0538 2.9912, 3.1713 1.0538 2.9912, 3.1673 1.0347 2.9986, 3.1713 1.0347 2.9986, 3.1673 1.0171 3.011, 3.1713 1.0171 3.011, 3.1673 1.0118 3.0162, 3.1713 1.0118 3.0162, 3.1673 0.9987 3.0345, 3.1713 0.9987 3.0345, 3.1673 0.99 3.0562, 3.1713 0.99 3.0562, 3.1673 0.9857 3.0831, 3.1713 0.9857 3.0831, 3.1673 0.9854 3.093, 3.1713 0.9854 3.093, 3.1673 0.99 3.1304, 3.1713 0.99 3.1304, 3.1673 0.999 3.1535, 3.1713 0.999 3.1535, 3.1673 1.0137 3.1739, 3.1713 1.0137 3.1739, 3.1673 1.032 3.189, 3.1713 1.032 3.189, 3.1673 1.0532 3.1988, 3.1713 1.0532 3.1988, 3.1673 1.0766 3.2034, 3.1713 1.0766 3.2034, 3.1673 1.087 3.2038, 3.1713 1.087 3.2038, 3.1673 1.1202 3.1998, 3.1713 1.1202 3.1998, 3.1673 1.1475 3.1894, 3.1713 1.1475 3.1894, 3.1673 1.1504 3.1878, 3.1713 1.1504 3.1878, 3.1713 1.1504 3.2241, 3.1673 1.1504 3.2241, 3.1673 1.0867 3.2351, 3.1713 1.0867 3.2351, 3.1713 1.0871 3.2351, 3.1673 1.1223 3.2323, 3.1713 1.1223 3.2323, 3.1673 1.1153 3.2329, 3.1673 1.0871 3.2351, 3.1673 1.0681 3.2329, 3.1713 1.0475 3.2303, 3.1673 1.0475 3.2303, 3.1673 1.0194 3.2194, 3.1713 1.0194 3.2194, 3.1673 0.9943 3.2017, 3.1713 0.9943 3.2017, 3.1673 0.9878 3.1955, 3.1713 0.9878 3.1955, 3.1673 0.9683 3.17, 3.1713 0.9683 3.17, 3.1673 0.961 3.1529, 3.1713 0.9555 3.1401, 3.1673 0.9555 3.1401, 3.1673 0.9494 3.105, 3.1713 0.9494 3.105, 3.1673 0.949 3.091, 3.1713 0.949 3.091, 3.1673 0.9544 3.0467, 3.1673 0.961 3.0299, 3.1713 0.9654 3.0187, 3.1713 0.9544 3.0467, 3.1673 0.9654 3.0187, 3.1673 0.9835 2.9937, 3.1713 0.9835 2.9937, 3.1673 1.0305 2.9637, 3.1713 1.0051 2.9757, 3.1673 1.0051 2.9757, 3.1673 1.0524 2.9592, 3.1713 1.0597 2.9577, 3.1713 1.0305 2.9637, 3.1673 1.0597 2.9577, 3.1713 1.349 2.9922, 3.1713 1.349 2.9615, 3.1673 1.349 2.9922, 3.1673 1.349 2.9615, 3.1673 1.2391 2.9922, 3.1713 1.2391 2.9922, 3.1673 1.3117 2.9922, 3.1713 1.2391 3.0827, 3.1673 1.2391 3.0827, 3.1673 1.3353 3.0827, 3.1713 1.3353 3.0827, 3.1673 1.3117 3.0827, 3.1713 1.3353 3.1135, 3.1673 1.3353 3.1135, 3.1673 1.2391 3.1135, 3.1713 1.2391 3.1135, 3.1673 1.3117 3.1135, 3.1713 1.2391 3.1996, 3.1673 1.2391 3.1996, 3.1673 1.3429 3.1996, 3.1713 1.3429 3.1996, 3.1673 1.3117 3.1996, 3.1713 1.3429 3.2306, 3.1673 1.3429 3.2306, 3.1673 1.2043 3.2306, 3.1713 1.2043 3.2306, 3.1673 1.3117 3.2306, 3.1713 1.2043 2.9615, 3.1673 1.2043 2.9615, 3.1673 1.3117 2.9615, 3.1713 1.5784 2.9992, 3.1713 1.5488 3.0157, 3.1713 1.5506 2.9792, 3.1713 1.5309 3.0041, 3.1713 1.52 2.9671, 3.1713 1.5079 2.9959, 3.1713 1.4739 2.9615, 3.1713 1.4737 2.9922, 3.1713 1.3999 2.9615, 3.1713 1.4346 2.9922, 3.1713 1.3999 3.2306, 3.1713 1.4346 3.1996, 3.1713 1.4767 3.2306, 3.1713 1.4753 3.1996, 3.1713 1.5177 3.2261, 3.1713 1.5099 3.1958, 3.1713 1.5502 3.2142, 3.1713 1.5333 3.1874, 3.1713 1.5784 3.195, 3.1713 1.5529 3.1743, 3.1713 1.5877 3.1859, 3.1713 1.5602 3.1672, 3.1713 1.6044 3.1625, 3.1713 1.5707 3.1522, 3.1713 1.6144 3.1368, 3.1713 1.5784 3.1326, 3.1713 1.619 3.0995, 3.1713 1.5825 3.0985, 3.1713 1.6182 3.0824, 3.1713 1.5816 3.0815, 3.1713 1.6117 3.0509, 3.1713 1.5764 3.0569, 3.1713 1.5984 3.023, 3.1713 1.5671 3.0369, 3.1713 1.5537 3.0202, 3.1673 1.4739 2.9615, 3.1673 1.3999 2.9615, 3.1673 1.5784 2.9992, 3.1673 1.52 2.9671, 3.1673 1.5232 2.9684, 3.1673 1.5506 2.9792, 3.1673 1.5984 3.023, 3.1673 1.6117 3.0509, 3.1673 1.6182 3.0824, 3.1673 1.619 3.0995, 3.1673 1.6144 3.1368, 3.1673 1.6044 3.1625, 3.1673 1.5877 3.1859, 3.1673 1.5784 3.195, 3.1673 1.5502 3.2142, 3.1673 1.5232 3.2241, 3.1673 1.5177 3.2261, 3.1673 1.4767 3.2306, 3.1673 1.3999 3.2306, 3.1673 1.4753 3.1996, 3.1673 1.4346 3.1996, 3.1673 1.4346 2.9922, 3.1673 1.4737 2.9922, 3.1673 1.5537 3.0202, 3.1673 1.5488 3.0157, 3.1673 1.5309 3.0041, 3.1673 1.5079 2.9959, 3.1673 1.5825 3.0985, 3.1673 1.5816 3.0815, 3.1673 1.5764 3.0569, 3.1673 1.5671 3.0369, 3.1673 1.5529 3.1743, 3.1673 1.5602 3.1672, 3.1673 1.5707 3.1522, 3.1673 1.5784 3.1326, 3.1673 1.5099 3.1958, 3.1673 1.5333 3.1874
            ]
        }
        coordIndex [
            0,1,2,-1,2,1,3,-1,4,0,5,-1,5,0,2,-1,6,4,7,-1,7,4,5,-1,8,6,9,-1,9,6,7,-1,10,8,11,-1,11,8,9,-1,1,10,3,-1,3,10,11,-1,6,8,4,-1,4,8,10,-1,4,10,0,-1,0,10,1,-1,12,13,14,-1,14,13,15,-1,14,16,12,-1,12,16,17,-1,12,17,18,-1,18,17,19,-1,18,19,20,-1,21,20,22,-1,22,20,19,-1,21,22,23,-1,21,23,24,-1,24,23,25,-1,24,25,26,-1,26,25,27,-1,26,27,28,-1,28,27,29,-1,28,29,30,-1,30,29,31,-1,30,31,32,-1,32,31,33,-1,32,33,34,-1,34,33,35,-1,34,35,36,-1,36,35,37,-1,36,37,38,-1,38,37,39,-1,38,39,40,-1,40,39,41,-1,40,41,42,-1,42,41,43,-1,42,43,44,-1,44,43,45,-1,44,45,46,-1,46,45,47,-1,46,47,48,-1,48,47,49,-1,48,49,50,-1,50,49,51,-1,50,51,52,-1,52,51,53,-1,52,53,54,-1,54,53,55,-1,54,55,56,-1,56,55,57,-1,56,57,58,-1,58,57,59,-1,58,59,60,-1,60,59,61,-1,60,61,62,-1,62,61,63,-1,62,63,64,-1,65,64,66,-1,66,64,63,-1,67,68,69,-1,65,66,70,-1,65,70,71,-1,71,70,72,-1,71,72,69,-1,69,72,73,-1,69,73,67,-1,68,67,74,-1,68,74,75,-1,74,76,75,-1,75,76,77,-1,75,77,78,-1,78,77,79,-1,78,79,80,-1,80,79,81,-1,80,81,82,-1,82,81,83,-1,82,83,84,-1,84,83,85,-1,84,85,86,-1,85,87,86,-1,86,87,88,-1,86,88,89,-1,89,88,90,-1,89,90,91,-1,91,90,92,-1,93,94,92,-1,92,94,95,-1,92,95,91,-1,93,96,94,-1,94,96,97,-1,94,97,98,-1,99,100,101,-1,101,100,98,-1,101,98,97,-1,102,103,99,-1,99,103,104,-1,99,104,100,-1,102,105,103,-1,103,105,15,-1,103,15,13,-1,62,64,65,-1,52,80,50,-1,50,80,82,-1,50,82,48,-1,48,82,84,-1,48,84,46,-1,62,65,60,-1,60,65,71,-1,60,71,58,-1,58,71,69,-1,58,69,56,-1,56,69,68,-1,56,68,54,-1,54,68,75,-1,54,75,52,-1,52,75,78,-1,52,78,80,-1,91,44,89,-1,89,44,46,-1,89,46,86,-1,86,46,84,-1,20,21,18,-1,18,21,24,-1,18,24,12,-1,12,24,26,-1,12,26,13,-1,13,26,28,-1,13,28,103,-1,103,28,30,-1,103,30,104,-1,104,30,32,-1,104,32,100,-1,100,32,34,-1,100,34,98,-1,98,34,36,-1,98,36,94,-1,94,36,38,-1,94,38,95,-1,95,38,40,-1,95,40,91,-1,91,40,42,-1,91,42,44,-1,106,107,108,-1,108,107,109,-1,110,111,112,-1,112,111,106,-1,112,106,108,-1,113,111,114,-1,114,111,110,-1,115,116,117,-1,117,116,113,-1,117,113,114,-1,118,116,119,-1,119,116,115,-1,120,121,122,-1,122,121,118,-1,122,118,119,-1,123,121,124,-1,124,121,120,-1,125,126,127,-1,127,126,123,-1,127,123,124,-1,128,126,129,-1,129,126,125,-1,130,131,132,-1,132,131,128,-1,132,128,129,-1,133,131,134,-1,134,131,130,-1,109,107,135,-1,135,107,133,-1,135,133,134,-1,133,107,106,-1,106,111,133,-1,133,111,113,-1,133,113,131,-1,126,128,123,-1,123,128,131,-1,123,131,121,-1,121,131,113,-1,121,113,118,-1,118,113,116,-1,136,137,138,-1,138,137,139,-1,138,139,140,-1,140,139,141,-1,140,141,142,-1,142,141,143,-1,142,143,144,-1,144,143,145,-1,144,145,146,-1,146,145,147,-1,146,147,148,-1,148,147,149,-1,148,149,150,-1,150,149,151,-1,150,151,152,-1,152,151,153,-1,152,153,154,-1,154,153,155,-1,154,155,156,-1,156,155,157,-1,156,157,158,-1,158,157,159,-1,158,159,160,-1,160,159,161,-1,160,161,162,-1,162,161,163,-1,162,163,164,-1,164,163,165,-1,164,165,166,-1,166,165,167,-1,166,167,168,-1,168,167,169,-1,168,169,136,-1,136,169,170,-1,136,170,137,-1,142,144,171,-1,171,144,172,-1,173,136,138,-1,142,171,174,-1,142,174,140,-1,140,174,175,-1,140,175,138,-1,138,175,176,-1,138,176,173,-1,136,173,177,-1,136,177,168,-1,168,177,178,-1,168,178,166,-1,166,178,179,-1,166,179,164,-1,164,179,180,-1,164,180,162,-1,162,180,181,-1,162,181,160,-1,160,181,182,-1,160,182,158,-1,158,182,183,-1,158,183,156,-1,156,183,184,-1,156,184,154,-1,154,184,185,-1,186,150,185,-1,185,150,152,-1,185,152,154,-1,186,187,150,-1,150,187,188,-1,150,188,148,-1,146,148,189,-1,189,148,188,-1,144,146,172,-1,172,146,189,-1,149,147,190,-1,190,147,191,-1,147,145,191,-1,191,145,192,-1,145,143,192,-1,192,143,193,-1,170,194,195,-1,170,195,137,-1,137,195,196,-1,137,196,139,-1,139,196,197,-1,139,197,141,-1,141,197,193,-1,141,193,143,-1,163,198,199,-1,163,199,165,-1,165,199,200,-1,165,200,167,-1,167,200,201,-1,167,201,169,-1,169,201,194,-1,169,194,170,-1,155,202,203,-1,155,203,157,-1,157,203,204,-1,157,204,159,-1,159,204,205,-1,159,205,161,-1,161,205,198,-1,161,198,163,-1,149,190,206,-1,149,206,151,-1,151,206,207,-1,151,207,153,-1,153,207,202,-1,153,202,155,-1,
        ]
    }
}
Shape{
    appearance Appearance {
        material  Material 	{
            diffuseColor 1.0 1.0 1.0
            specularColor 0.5019607843137255 0.5019607843137255 0.5019607843137255
            ambientIntensity 1.0
            transparency 0.0
            shininess 0.5
        }
    }
    geometry IndexedFaceSet {
        ccw TRUE
        solid FALSE
        coord DEF co Coordinate {
            point [
                3.1673 1.4346 3.1996, 3.1673 1.4346 2.9922, 3.1673 1.4753 3.1996, 3.1673 1.4737 2.9922, 3.1673 1.5079 2.9959, 3.1673 1.5309 3.0041, 3.1673 1.5488 3.0157, 3.1673 1.5537 3.0202, 3.1673 1.5671 3.0369, 3.1673 1.5764 3.0569, 3.1673 1.5816 3.0815, 3.1673 1.5825 3.0985, 3.1673 1.5784 3.1326, 3.1673 1.5707 3.1522, 3.1673 1.5602 3.1672, 3.1673 1.5529 3.1743, 3.1673 1.5099 3.1958, 3.1673 1.5333 3.1874
            ]
        }
        coordIndex [
            0,1,2,-1,2,1,3,-1,2,3,4,-1,4,5,2,-1,2,5,6,-1,2,6,7,-1,7,8,2,-1,2,8,9,-1,2,9,10,-1,10,11,2,-1,2,11,12,-1,2,12,13,-1,13,14,2,-1,2,14,15,-1,2,15,16,-1,16,15,17,-1,
        ]
    }
}
Shape{
    appearance Appearance {
        material  Material 	{
            diffuseColor 0.25098039215686274 0.25098039215686274 0.25098039215686274
            specularColor 0.12549019607843137 0.12549019607843137 0.12549019607843137
            ambientIntensity 0.251
            transparency 0.0
            shininess 0.5
        }
    }
    geometry IndexedFaceSet {
        ccw TRUE
        solid FALSE
        coord DEF co Coordinate {
            point [
                3.1713 1.7092 3.0655, 3.1713 1.6982 3.0351, 3.1713 1.7995 3.0655, 3.1713 1.8102 3.0351, 3.1713 1.7494 3.1774, 3.1713 1.7364 3.2306, 3.1713 1.6339 2.9615, 3.1713 1.6723 2.9615, 3.1713 1.7518 3.1854, 3.1713 1.7538 3.1962, 3.1713 1.7736 3.2306, 3.1713 1.7546 3.1962, 3.1713 1.7568 3.1848, 3.1713 1.7588 3.1774, 3.1713 1.8761 2.9615, 3.1713 1.8377 2.9615, 3.1673 1.7736 3.2306, 3.1673 1.8761 2.9615, 3.1673 1.7364 3.2306, 3.1673 1.6339 2.9615, 3.1673 1.7115 3.1651, 3.1673 1.6723 2.9615, 3.1673 1.6982 3.0351, 3.1673 1.8102 3.0351, 3.1673 1.7115 3.0351, 3.1673 1.8377 2.9615, 3.1673 1.7092 3.0655, 3.1673 1.7995 3.0655, 3.1673 1.7588 3.1774, 3.1673 1.7546 3.1962, 3.1673 1.7568 3.1848, 3.1673 1.7538 3.1962, 3.1673 1.7494 3.1774, 3.1673 1.7518 3.1854
            ]
        }
        coordIndex [
            0,1,2,-1,2,1,3,-1,4,5,0,-1,0,5,6,-1,0,6,1,-1,1,6,7,-1,4,8,5,-1,5,8,9,-1,5,9,10,-1,10,9,11,-1,10,11,12,-1,12,13,10,-1,10,13,2,-1,10,2,14,-1,14,2,3,-1,14,3,15,-1,10,14,16,-1,16,14,17,-1,5,10,18,-1,18,10,16,-1,19,6,20,-1,20,6,5,-1,20,5,18,-1,7,6,21,-1,21,6,19,-1,1,7,22,-1,22,7,21,-1,23,3,24,-1,24,3,1,-1,24,1,22,-1,15,3,25,-1,25,3,23,-1,14,15,17,-1,17,15,25,-1,0,2,26,-1,26,2,27,-1,2,13,27,-1,27,13,28,-1,11,29,30,-1,11,30,12,-1,12,30,28,-1,12,28,13,-1,11,9,29,-1,29,9,31,-1,4,32,33,-1,4,33,8,-1,8,33,31,-1,8,31,9,-1,4,0,32,-1,32,0,26,-1,
        ]
    }
}
Shape{
    appearance Appearance {
        material  Material 	{
            diffuseColor 1.0 1.0 1.0
            specularColor 0.5019607843137255 0.5019607843137255 0.5019607843137255
            ambientIntensity 1.0
            transparency 0.0
            shininess 0.5
        }
    }
    geometry IndexedFaceSet {
        ccw TRUE
        solid FALSE
        coord DEF co Coordinate {
            point [
                3.1673 1.7546 3.1962, 3.1673 1.7538 3.1962, 3.1673 1.7568 3.1848, 3.1673 1.7518 3.1854, 3.1673 1.7588 3.1774, 3.1673 1.7494 3.1774, 3.1673 1.7995 3.0655, 3.1673 1.7092 3.0655
            ]
        }
        coordIndex [
            0,1,2,-1,2,1,3,-1,2,3,4,-1,4,3,5,-1,4,5,6,-1,6,5,7,-1,
        ]
    }
}
Shape{
    appearance Appearance {
        material  Material 	{
            diffuseColor 0.25098039215686274 0.25098039215686274 0.25098039215686274
            specularColor 0.12549019607843137 0.12549019607843137 0.12549019607843137
            ambientIntensity 0.251
            transparency 0.0
            shininess 0.5
        }
    }
    geometry IndexedFaceSet {
        ccw TRUE
        solid FALSE
        coord DEF co Coordinate {
            point [
                3.1713 0.9408 2.5652, 3.1713 0.9408 2.5346, 3.1673 0.9408 2.5652, 3.1673 0.9408 2.5346, 3.1713 0.8308 2.5652, 3.1673 0.8308 2.5652, 3.1713 0.8308 2.6558, 3.1673 0.8308 2.6558, 3.1713 0.927 2.6558, 3.1673 0.927 2.6558, 3.1713 0.927 2.6866, 3.1673 0.927 2.6866, 3.1713 0.8308 2.6866, 3.1673 0.8308 2.6866, 3.1713 0.8308 2.7727, 3.1673 0.8308 2.7674, 3.1673 0.8308 2.7727, 3.1713 0.9346 2.7727, 3.1673 0.9346 2.7727, 3.1713 0.9346 2.8037, 3.1673 0.9346 2.8037, 3.1713 0.796 2.8037, 3.1673 0.796 2.8037, 3.1673 0.796 2.5346, 3.1713 0.796 2.5346, 3.1673 0.796 2.7674, 3.1713 1.1275 2.6582, 3.1713 1.0938 2.631, 3.1713 1.0938 2.6126, 3.1713 1.0929 2.5643, 3.1713 1.0938 2.5643, 3.1713 1.0919 2.5966, 3.1713 1.0938 2.5346, 3.1713 1.1275 2.5346, 3.1713 1.0075 2.5941, 3.1713 1.0092 2.6018, 3.1713 0.9799 2.6165, 3.1713 1.0873 2.5844, 3.1713 1.0793 2.5734, 3.1713 1.0875 2.5562, 3.1713 1.0751 2.5693, 3.1713 1.0769 2.5447, 3.1713 1.0656 2.5628, 3.1713 1.0646 2.5367, 3.1713 1.0554 2.5591, 3.1713 1.0508 2.5318, 3.1713 1.0427 2.5577, 3.1713 1.034 2.53, 3.1713 1.0313 2.559, 3.1713 1.0136 2.5324, 3.1713 1.0237 2.5618, 3.1713 1.0007 2.5373, 3.1713 1.017 2.5663, 3.1713 0.9895 2.5452, 3.1713 1.0141 2.5692, 3.1713 0.9866 2.6261, 3.1713 1.0121 2.6081, 3.1713 0.9969 2.6351, 3.1713 1.0162 2.6131, 3.1713 1.0112 2.6424, 3.1713 1.0204 2.6164, 3.1713 1.0283 2.6202, 3.1713 1.0368 2.6488, 3.1713 1.0488 2.625, 3.1713 1.0938 2.6567, 3.1713 0.9753 2.6046, 3.1713 0.9731 2.59, 3.1713 1.0072 2.5888, 3.1713 0.973 2.586, 3.1713 1.0081 2.581, 3.1713 0.9748 2.5702, 3.1713 1.0103 2.5749, 3.1713 0.979 2.5589, 3.1713 0.9861 2.5486, 3.1713 0.9918 2.7133, 3.1713 0.9918 2.6805, 3.1713 0.9986 2.7172, 3.1713 1.0152 2.6952, 3.1713 1.0236 2.727, 3.1713 1.0363 2.702, 3.1713 1.058 2.7312, 3.1713 1.0548 2.7038, 3.1713 1.0779 2.7294, 3.1713 1.0664 2.7026, 3.1713 1.0922 2.7251, 3.1713 1.0742 2.6998, 3.1713 1.1035 2.7188, 3.1713 1.0801 2.6959, 3.1713 1.1125 2.7103, 3.1713 1.0852 2.6905, 3.1713 1.1194 2.6994, 3.1713 1.0892 2.6835, 3.1713 1.1248 2.6842, 3.1713 1.0926 2.6714, 3.1673 1.058 2.7312, 3.1673 1.0236 2.727, 3.1673 0.9986 2.7172, 3.1673 0.9918 2.7133, 3.1673 0.9918 2.6805, 3.1673 1.0152 2.6952, 3.1673 1.0363 2.702, 3.1673 1.0548 2.7038, 3.1673 1.0664 2.7026, 3.1673 1.0742 2.6998, 3.1673 1.0801 2.6959, 3.1673 1.0852 2.6905, 3.1673 1.0892 2.6835, 3.1673 1.0926 2.6714, 3.1673 1.0938 2.6567, 3.1673 1.0368 2.6488, 3.1673 1.0112 2.6424, 3.1673 0.9969 2.6351, 3.1673 0.9866 2.6261, 3.1673 0.9799 2.6165, 3.1673 0.9753 2.6046, 3.1673 0.9731 2.59, 3.1673 0.973 2.586, 3.1673 0.9748 2.5702, 3.1673 0.979 2.5589, 3.1673 0.9861 2.5486, 3.1673 0.9895 2.5452, 3.1673 1.034 2.53, 3.1673 1.0147 2.5323, 3.1673 1.0136 2.5324, 3.1673 1.0007 2.5373, 3.1673 1.0508 2.5318, 3.1673 1.0522 2.5323, 3.1673 1.0646 2.5367, 3.1673 1.0769 2.5447, 3.1673 1.0875 2.5562, 3.1673 1.0929 2.5643, 3.1673 1.0938 2.5643, 3.1673 1.0938 2.5346, 3.1673 1.1275 2.5346, 3.1673 1.1275 2.6582, 3.1673 1.1248 2.6842, 3.1673 1.1194 2.6994, 3.1673 1.1125 2.7103, 3.1673 1.1035 2.7188, 3.1673 1.0922 2.7251, 3.1673 1.0779 2.7294, 3.1673 1.0162 2.6131, 3.1673 1.0204 2.6164, 3.1673 1.0283 2.6202, 3.1673 1.0488 2.625, 3.1673 1.0072 2.5888, 3.1673 1.0075 2.5941, 3.1673 1.0092 2.6018, 3.1673 1.0121 2.6081, 3.1673 1.017 2.5663, 3.1673 1.0141 2.5692, 3.1673 1.0103 2.5749, 3.1673 1.0081 2.581, 3.1673 1.0427 2.5577, 3.1673 1.0313 2.559, 3.1673 1.0237 2.5618, 3.1673 1.0793 2.5734, 3.1673 1.0751 2.5693, 3.1673 1.0656 2.5628, 3.1673 1.0554 2.5591, 3.1673 1.0938 2.6126, 3.1673 1.0919 2.5966, 3.1673 1.0873 2.5844, 3.1673 1.0938 2.631
            ]
        }
        coordIndex [
            0,1,2,-1,2,1,3,-1,4,0,5,-1,5,0,2,-1,6,4,7,-1,7,4,5,-1,8,6,9,-1,9,6,7,-1,10,8,11,-1,11,8,9,-1,12,10,13,-1,13,10,11,-1,12,13,14,-1,14,13,15,-1,14,15,16,-1,17,14,18,-1,18,14,16,-1,19,17,20,-1,20,17,18,-1,21,19,22,-1,22,19,20,-1,23,24,25,-1,25,24,21,-1,25,21,22,-1,1,24,3,-1,3,24,23,-1,17,19,14,-1,14,19,21,-1,14,21,12,-1,1,0,24,-1,24,0,4,-1,24,4,6,-1,8,10,6,-1,6,10,12,-1,6,12,24,-1,24,12,21,-1,26,27,28,-1,29,30,31,-1,32,33,30,-1,30,33,26,-1,30,26,31,-1,31,26,28,-1,34,35,36,-1,31,37,29,-1,29,37,38,-1,29,38,39,-1,39,38,40,-1,39,40,41,-1,41,40,42,-1,41,42,43,-1,43,42,44,-1,43,44,45,-1,45,44,46,-1,45,46,47,-1,47,46,48,-1,47,48,49,-1,49,48,50,-1,49,50,51,-1,51,50,52,-1,51,52,53,-1,53,52,54,-1,36,35,55,-1,55,35,56,-1,55,56,57,-1,57,56,58,-1,57,58,59,-1,58,60,59,-1,59,60,61,-1,59,61,62,-1,62,61,63,-1,62,63,64,-1,36,65,34,-1,34,65,66,-1,34,66,67,-1,67,66,68,-1,67,68,69,-1,69,68,70,-1,69,70,71,-1,71,70,72,-1,71,72,54,-1,54,72,73,-1,54,73,53,-1,74,75,76,-1,76,75,77,-1,76,77,78,-1,78,77,79,-1,78,79,80,-1,80,79,81,-1,80,81,82,-1,82,81,83,-1,82,83,84,-1,84,83,85,-1,84,85,86,-1,86,85,87,-1,86,87,88,-1,88,87,89,-1,88,89,90,-1,90,89,91,-1,90,91,92,-1,92,91,93,-1,92,93,26,-1,26,93,64,-1,26,64,27,-1,27,64,63,-1,80,94,95,-1,80,95,78,-1,78,95,96,-1,78,96,76,-1,76,96,97,-1,76,97,74,-1,75,74,98,-1,98,74,97,-1,75,98,99,-1,75,99,77,-1,77,99,100,-1,77,100,79,-1,79,100,101,-1,79,101,81,-1,81,101,102,-1,81,102,83,-1,83,102,103,-1,83,103,85,-1,85,103,104,-1,85,104,87,-1,87,104,105,-1,87,105,89,-1,89,105,106,-1,89,106,91,-1,91,106,107,-1,91,107,93,-1,93,107,108,-1,93,108,64,-1,62,64,109,-1,109,64,108,-1,62,109,110,-1,62,110,59,-1,59,110,111,-1,59,111,57,-1,57,111,112,-1,57,112,55,-1,55,112,113,-1,55,113,36,-1,36,113,114,-1,36,114,65,-1,65,114,115,-1,65,115,66,-1,66,115,116,-1,66,116,68,-1,68,116,117,-1,68,117,70,-1,70,117,118,-1,70,118,72,-1,72,118,119,-1,72,119,73,-1,73,119,120,-1,73,120,53,-1,121,47,122,-1,122,47,49,-1,122,49,123,-1,123,49,51,-1,123,51,124,-1,124,51,53,-1,124,53,120,-1,47,121,125,-1,47,125,45,-1,45,125,126,-1,45,126,43,-1,126,127,43,-1,43,127,128,-1,43,128,41,-1,41,128,129,-1,41,129,39,-1,39,129,130,-1,39,130,29,-1,30,29,131,-1,131,29,130,-1,32,30,132,-1,132,30,131,-1,33,32,133,-1,133,32,132,-1,26,33,134,-1,134,33,133,-1,26,134,135,-1,26,135,92,-1,92,135,136,-1,92,136,90,-1,90,136,137,-1,90,137,88,-1,88,137,138,-1,88,138,86,-1,86,138,139,-1,86,139,84,-1,84,139,140,-1,84,140,82,-1,82,140,94,-1,82,94,80,-1,58,141,142,-1,58,142,60,-1,60,142,143,-1,60,143,61,-1,61,143,144,-1,61,144,63,-1,67,145,146,-1,67,146,34,-1,34,146,147,-1,34,147,35,-1,35,147,148,-1,35,148,56,-1,56,148,141,-1,56,141,58,-1,52,149,150,-1,52,150,54,-1,54,150,151,-1,54,151,71,-1,71,151,152,-1,71,152,69,-1,69,152,145,-1,69,145,67,-1,46,153,154,-1,46,154,48,-1,48,154,155,-1,48,155,50,-1,50,155,149,-1,50,149,52,-1,38,156,157,-1,38,157,40,-1,40,157,158,-1,40,158,42,-1,42,158,159,-1,42,159,44,-1,44,159,153,-1,44,153,46,-1,28,160,161,-1,28,161,31,-1,31,161,162,-1,31,162,37,-1,37,162,156,-1,37,156,38,-1,28,27,160,-1,160,27,163,-1,27,63,163,-1,163,63,144,-1,
        ]
    }
}
Shape{
    appearance Appearance {
        material  Material 	{
            diffuseColor 1.0 1.0 1.0
            specularColor 0.5019607843137255 0.5019607843137255 0.5019607843137255
            ambientIntensity 1.0
            transparency 0.0
            shininess 0.5
        }
    }
    geometry IndexedFaceSet {
        ccw TRUE
        solid FALSE
        coord DEF co Coordinate {
            point [
                3.1673 1.0938 2.6126, 3.1673 1.0938 2.631, 3.1673 1.0488 2.625, 3.1673 1.0751 2.5693, 3.1673 1.0793 2.5734, 3.1673 1.0283 2.6202, 3.1673 1.0204 2.6164, 3.1673 1.0554 2.5591, 3.1673 1.0656 2.5628, 3.1673 1.0873 2.5844, 3.1673 1.0919 2.5966, 3.1673 1.0162 2.6131, 3.1673 1.0121 2.6081, 3.1673 1.0092 2.6018, 3.1673 1.0075 2.5941, 3.1673 1.0072 2.5888, 3.1673 1.0081 2.581, 3.1673 1.0237 2.5618, 3.1673 1.0313 2.559, 3.1673 1.017 2.5663, 3.1673 1.0427 2.5577, 3.1673 1.0103 2.5749, 3.1673 1.0141 2.5692
            ]
        }
        coordIndex [
            0,1,2,-1,3,4,2,-1,5,6,7,-1,5,7,2,-1,2,7,8,-1,2,8,3,-1,4,9,2,-1,2,9,10,-1,2,10,0,-1,6,11,7,-1,7,11,12,-1,7,12,13,-1,13,14,7,-1,7,14,15,-1,7,15,16,-1,17,18,19,-1,19,18,20,-1,19,20,7,-1,16,21,7,-1,7,21,22,-1,7,22,19,-1,
        ]
    }
}
Shape{
    appearance Appearance {
        material  Material 	{
            diffuseColor 0.25098039215686274 0.25098039215686274 0.25098039215686274
            specularColor 0.12549019607843137 0.12549019607843137 0.12549019607843137
            ambientIntensity 0.251
            transparency 0.0
            shininess 0.5
        }
    }
    geometry IndexedFaceSet {
        ccw TRUE
        solid FALSE
        coord DEF co Coordinate {
            point [
                3.1713 1.2286 2.5575, 3.1673 1.2286 2.5575, 3.1673 1.2064 2.5603, 3.1673 1.1887 2.5672, 3.1713 1.1853 2.5685, 3.1713 1.2064 2.5603, 3.1673 1.1853 2.5685, 3.1673 1.1731 2.5761, 3.1713 1.1731 2.5761, 3.1713 1.1731 2.5413, 3.1673 1.1731 2.5413, 3.1713 1.1968 2.533, 3.1673 1.1887 2.5358, 3.1673 1.2253 2.53, 3.1713 1.2253 2.53, 3.1673 1.2035 2.5323, 3.1673 1.1968 2.533, 3.1713 1.2559 2.5337, 3.1673 1.2443 2.5323, 3.1673 1.2559 2.5337, 3.1673 1.2736 2.5406, 3.1713 1.2736 2.5406, 3.1673 1.2813 2.5453, 3.1713 1.2813 2.5453, 3.1673 1.2919 2.5548, 3.1713 1.2919 2.5548, 3.1673 1.2978 2.5638, 3.1713 1.2978 2.5638, 3.1673 1.3017 2.5746, 3.1713 1.3017 2.5746, 3.1673 1.303 2.5868, 3.1713 1.303 2.5868, 3.1673 1.3015 2.5995, 3.1713 1.3015 2.5995, 3.1673 1.2979 2.6094, 3.1713 1.2979 2.6094, 3.1673 1.2917 2.6186, 3.1713 1.2917 2.6186, 3.1673 1.2836 2.6258, 3.1713 1.2836 2.6258, 3.1673 1.2613 2.6382, 3.1713 1.2613 2.6382, 3.1673 1.2482 2.6435, 3.1713 1.2482 2.6435, 3.1673 1.2273 2.6526, 3.1713 1.2273 2.6526, 3.1673 1.2155 2.66, 3.1713 1.2155 2.66, 3.1673 1.2122 2.6637, 3.1713 1.2122 2.6637, 3.1673 1.2097 2.6682, 3.1713 1.2097 2.6682, 3.1673 1.2084 2.6734, 3.1713 1.2084 2.6734, 3.1673 1.2081 2.6779, 3.1713 1.2081 2.6779, 3.1673 1.2087 2.6833, 3.1713 1.2087 2.6833, 3.1673 1.2104 2.6879, 3.1713 1.2104 2.6879, 3.1673 1.2133 2.6921, 3.1713 1.2133 2.6921, 3.1673 1.2183 2.6966, 3.1713 1.2183 2.6966, 3.1673 1.2259 2.7007, 3.1713 1.2259 2.7007, 3.1673 1.2349 2.703, 3.1713 1.2349 2.703, 3.1673 1.2449 2.7038, 3.1713 1.2449 2.7038, 3.1673 1.2685 2.7009, 3.1713 1.2685 2.7009, 3.1673 1.2875 2.6935, 3.1713 1.2875 2.6935, 3.1673 1.2937 2.6899, 3.1713 1.2937 2.6899, 3.1713 1.2937 2.7226, 3.1673 1.2937 2.7226, 3.1673 1.2718 2.7291, 3.1713 1.2718 2.7291, 3.1673 1.2482 2.7312, 3.1713 1.2482 2.7312, 3.1673 1.2212 2.7279, 3.1713 1.2212 2.7279, 3.1673 1.2031 2.7209, 3.1713 1.2031 2.7209, 3.1673 1.195 2.7159, 3.1713 1.195 2.7159, 3.1713 1.1841 2.7059, 3.1673 1.1887 2.7102, 3.1673 1.1841 2.7059, 3.1673 1.1782 2.6968, 3.1713 1.1782 2.6968, 3.1673 1.1744 2.6859, 3.1713 1.1744 2.6859, 3.1673 1.1734 2.6749, 3.1713 1.1734 2.6749, 3.1673 1.1751 2.6605, 3.1713 1.1751 2.6605, 3.1673 1.1791 2.6504, 3.1713 1.1791 2.6504, 3.1673 1.1829 2.6445, 3.1713 1.1829 2.6445, 3.1673 1.2244 2.619, 3.1713 1.2244 2.619, 3.1713 1.2043 2.6282, 3.1673 1.1884 2.6387, 3.1713 1.1884 2.6387, 3.1673 1.1887 2.6385, 3.1673 1.2043 2.6282, 3.1673 1.2465 2.6098, 3.1713 1.2465 2.6098, 3.1673 1.2597 2.6018, 3.1713 1.2597 2.6018, 3.1673 1.2639 2.5975, 3.1713 1.2639 2.5975, 3.1673 1.2665 2.593, 3.1713 1.2665 2.593, 3.1673 1.268 2.5877, 3.1713 1.268 2.5877, 3.1673 1.2684 2.5835, 3.1713 1.2684 2.5835, 3.1673 1.2677 2.5771, 3.1713 1.2677 2.5771, 3.1673 1.2659 2.5723, 3.1713 1.2659 2.5723, 3.1673 1.263 2.568, 3.1713 1.263 2.568, 3.1673 1.2591 2.5645, 3.1713 1.2591 2.5645, 3.1673 1.2561 2.5627, 3.1713 1.2561 2.5627, 3.1673 1.2474 2.5595, 3.1713 1.2474 2.5595, 3.1673 1.2301 2.5575, 3.1713 1.2301 2.5575, 3.1713 1.4701 2.7268, 3.1713 1.505 2.7268, 3.1673 1.4701 2.7268, 3.1673 1.505 2.7268, 3.1713 1.4176 2.582, 3.1673 1.4176 2.582, 3.1673 1.415 2.5731, 3.1713 1.415 2.5731, 3.1673 1.4134 2.5665, 3.1713 1.4134 2.5665, 3.1713 1.4125 2.5665, 3.1673 1.4125 2.5665, 3.1713 1.4084 2.5823, 3.1673 1.4084 2.5823, 3.1673 1.3582 2.7268, 3.1713 1.3582 2.7268, 3.1673 1.3745 2.68, 3.1713 1.3205 2.7268, 3.1673 1.3205 2.7268, 3.1673 1.3959 2.535, 3.1713 1.3959 2.535, 3.1673 1.3745 2.5895, 3.1673 1.3811 2.5, 3.1713 1.3811 2.5, 3.1673 1.3948 2.5323, 3.1673 1.3745 2.4883, 3.1713 1.3735 2.4866, 3.1673 1.3735 2.4866, 3.1673 1.3668 2.4797, 3.1713 1.3668 2.4797, 3.1673 1.3604 2.4758, 3.1713 1.3604 2.4758, 3.1673 1.353 2.4735, 3.1713 1.353 2.4735, 3.1673 1.3466 2.4729, 3.1713 1.3466 2.4729, 3.1673 1.3343 2.4745, 3.1713 1.3343 2.4745, 3.1673 1.3274 2.4768, 3.1713 1.3274 2.4768, 3.1713 1.3274 2.4468, 3.1673 1.3274 2.4468, 3.1673 1.3417 2.4443, 3.1713 1.3417 2.4443, 3.1673 1.3492 2.444, 3.1713 1.3492 2.444, 3.1673 1.3636 2.4458, 3.1673 1.3745 2.4501, 3.1713 1.3768 2.4511, 3.1713 1.3636 2.4458, 3.1673 1.3768 2.4511, 3.1673 1.3885 2.4594, 3.1713 1.3885 2.4594, 3.1673 1.4023 2.4755, 3.1713 1.4023 2.4755, 3.1673 1.4178 2.5055, 3.1713 1.4178 2.5055, 3.1673 1.4283 2.5323, 3.1713 1.6861 2.5652, 3.1713 1.6861 2.5346, 3.1673 1.6861 2.5652, 3.1673 1.6861 2.5346, 3.1673 1.5761 2.5652, 3.1713 1.5761 2.5652, 3.1673 1.6265 2.5652, 3.1713 1.5761 2.6558, 3.1673 1.5761 2.6558, 3.1673 1.6723 2.6558, 3.1713 1.6723 2.6558, 3.1673 1.6265 2.6558, 3.1713 1.6723 2.6866, 3.1673 1.6723 2.6866, 3.1673 1.5761 2.6866, 3.1713 1.5761 2.6866, 3.1673 1.6265 2.6866, 3.1713 1.5761 2.7727, 3.1673 1.5761 2.7674, 3.1673 1.5761 2.7727, 3.1673 1.6799 2.7727, 3.1713 1.6799 2.7727, 3.1673 1.6265 2.7727, 3.1713 1.6799 2.8037, 3.1673 1.6799 2.8037, 3.1673 1.5413 2.8037, 3.1713 1.5413 2.8037, 3.1673 1.6265 2.8037, 3.1673 1.5413 2.5346, 3.1713 1.5413 2.5346, 3.1673 1.5413 2.7674, 3.1673 1.6265 2.5346, 3.1713 1.9154 2.5723, 3.1713 1.8858 2.5888, 3.1713 1.8876 2.5523, 3.1713 1.8679 2.5771, 3.1713 1.857 2.5402, 3.1713 1.8449 2.5689, 3.1713 1.8109 2.5346, 3.1713 1.8107 2.5652, 3.1713 1.7369 2.5346, 3.1713 1.7716 2.5652, 3.1713 1.7369 2.8037, 3.1713 1.7716 2.7727, 3.1713 1.8137 2.8037, 3.1713 1.8123 2.7727, 3.1713 1.8547 2.7991, 3.1713 1.8469 2.7689, 3.1713 1.8872 2.7873, 3.1713 1.8703 2.7605, 3.1713 1.9154 2.768, 3.1713 1.89 2.7474, 3.1713 1.9247 2.7589, 3.1713 1.8972 2.7403, 3.1713 1.9414 2.7355, 3.1713 1.9077 2.7252, 3.1713 1.9514 2.7099, 3.1713 1.9154 2.7057, 3.1713 1.956 2.6726, 3.1713 1.9195 2.6716, 3.1713 1.9552 2.6555, 3.1713 1.9186 2.6546, 3.1713 1.9487 2.624, 3.1713 1.9134 2.6299, 3.1713 1.9355 2.5961, 3.1713 1.9041 2.6099, 3.1713 1.8907 2.5933, 3.1673 1.8109 2.5346, 3.1673 1.7369 2.5346, 3.1673 1.857 2.5402, 3.1673 1.8876 2.5523, 3.1673 1.9154 2.5723, 3.1673 1.9355 2.5961, 3.1673 1.9487 2.624, 3.1673 1.9552 2.6555, 3.1673 1.956 2.6726, 3.1673 1.9154 2.768, 3.1673 1.916 2.7674, 3.1673 1.9247 2.7589, 3.1673 1.9414 2.7355, 3.1673 1.9514 2.7099, 3.1673 1.8872 2.7873, 3.1673 1.8547 2.7991, 3.1673 1.8137 2.8037, 3.1673 1.7369 2.8037, 3.1673 1.7369 2.7674, 3.1673 1.8123 2.7727, 3.1673 1.7716 2.7727, 3.1673 1.7716 2.5652, 3.1673 1.8107 2.5652, 3.1673 1.8907 2.5933, 3.1673 1.8858 2.5888, 3.1673 1.8679 2.5771, 3.1673 1.8449 2.5689, 3.1673 1.9195 2.6716, 3.1673 1.9186 2.6546, 3.1673 1.9134 2.6299, 3.1673 1.9041 2.6099, 3.1673 1.89 2.7474, 3.1673 1.8972 2.7403, 3.1673 1.9077 2.7252, 3.1673 1.9154 2.7057, 3.1673 1.8469 2.7689, 3.1673 1.8703 2.7605
            ]
        }
        coordIndex [
            0,1,2,-1,3,4,2,-1,2,4,5,-1,2,5,0,-1,3,6,4,-1,4,6,7,-1,4,7,8,-1,9,8,10,-1,10,8,7,-1,9,10,11,-1,11,10,12,-1,13,14,15,-1,15,14,11,-1,15,11,16,-1,16,11,12,-1,14,13,17,-1,17,13,18,-1,18,19,17,-1,17,19,20,-1,17,20,21,-1,21,20,22,-1,21,22,23,-1,23,22,24,-1,23,24,25,-1,25,24,26,-1,25,26,27,-1,27,26,28,-1,27,28,29,-1,29,28,30,-1,29,30,31,-1,31,30,32,-1,31,32,33,-1,33,32,34,-1,33,34,35,-1,35,34,36,-1,35,36,37,-1,37,36,38,-1,37,38,39,-1,39,38,40,-1,39,40,41,-1,41,40,42,-1,41,42,43,-1,43,42,44,-1,43,44,45,-1,45,44,46,-1,45,46,47,-1,47,46,48,-1,47,48,49,-1,49,48,50,-1,49,50,51,-1,51,50,52,-1,51,52,53,-1,53,52,54,-1,53,54,55,-1,55,54,56,-1,55,56,57,-1,57,56,58,-1,57,58,59,-1,59,58,60,-1,59,60,61,-1,61,60,62,-1,61,62,63,-1,63,62,64,-1,63,64,65,-1,65,64,66,-1,65,66,67,-1,67,66,68,-1,67,68,69,-1,69,68,70,-1,69,70,71,-1,71,70,72,-1,71,72,73,-1,73,72,74,-1,73,74,75,-1,76,75,77,-1,77,75,74,-1,76,77,78,-1,76,78,79,-1,79,78,80,-1,79,80,81,-1,81,80,82,-1,81,82,83,-1,83,82,84,-1,83,84,85,-1,85,84,86,-1,85,86,87,-1,87,86,88,-1,88,86,89,-1,89,90,88,-1,88,90,91,-1,88,91,92,-1,92,91,93,-1,92,93,94,-1,94,93,95,-1,94,95,96,-1,96,95,97,-1,96,97,98,-1,98,97,99,-1,98,99,100,-1,100,99,101,-1,100,101,102,-1,103,104,105,-1,102,101,106,-1,102,106,107,-1,107,106,108,-1,107,108,105,-1,105,108,109,-1,105,109,103,-1,104,103,110,-1,104,110,111,-1,111,110,112,-1,111,112,113,-1,113,112,114,-1,113,114,115,-1,115,114,116,-1,115,116,117,-1,117,116,118,-1,117,118,119,-1,119,118,120,-1,119,120,121,-1,121,120,122,-1,121,122,123,-1,123,122,124,-1,123,124,125,-1,125,124,126,-1,125,126,127,-1,127,126,128,-1,127,128,129,-1,129,128,130,-1,129,130,131,-1,131,130,132,-1,131,132,133,-1,133,132,134,-1,133,134,135,-1,135,134,1,-1,135,1,0,-1,59,61,87,-1,87,61,85,-1,85,61,63,-1,85,63,83,-1,125,25,27,-1,111,43,104,-1,104,43,45,-1,96,98,51,-1,51,98,100,-1,51,100,49,-1,49,100,102,-1,49,102,47,-1,47,102,107,-1,47,107,45,-1,45,107,105,-1,45,105,104,-1,125,27,123,-1,123,27,29,-1,123,29,121,-1,121,29,31,-1,121,31,119,-1,119,31,33,-1,119,33,117,-1,117,33,35,-1,117,35,115,-1,115,35,37,-1,115,37,113,-1,113,37,39,-1,113,39,111,-1,111,39,41,-1,111,41,43,-1,25,125,23,-1,23,125,127,-1,23,127,21,-1,14,0,11,-1,11,0,5,-1,11,5,9,-1,9,5,4,-1,9,4,8,-1,63,65,83,-1,83,65,67,-1,83,67,81,-1,81,67,69,-1,81,69,79,-1,79,69,71,-1,79,71,76,-1,76,71,73,-1,76,73,75,-1,127,129,21,-1,21,129,131,-1,21,131,17,-1,17,131,133,-1,17,133,14,-1,14,133,135,-1,14,135,0,-1,87,88,59,-1,59,88,92,-1,59,92,57,-1,57,92,94,-1,57,94,55,-1,55,94,96,-1,55,96,53,-1,53,96,51,-1,136,137,138,-1,138,137,139,-1,140,136,141,-1,141,136,138,-1,140,141,142,-1,140,142,143,-1,143,142,144,-1,143,144,145,-1,146,145,147,-1,147,145,144,-1,148,146,149,-1,149,146,147,-1,150,151,152,-1,152,151,148,-1,152,148,149,-1,153,151,154,-1,154,151,150,-1,155,156,157,-1,157,156,153,-1,157,153,154,-1,158,159,160,-1,160,159,156,-1,160,156,155,-1,158,161,159,-1,159,161,162,-1,161,163,162,-1,162,163,164,-1,162,164,165,-1,165,164,166,-1,165,166,167,-1,167,166,168,-1,167,168,169,-1,169,168,170,-1,169,170,171,-1,171,170,172,-1,171,172,173,-1,173,172,174,-1,173,174,175,-1,176,175,177,-1,177,175,174,-1,176,177,178,-1,176,178,179,-1,179,178,180,-1,179,180,181,-1,181,180,182,-1,183,184,182,-1,182,184,185,-1,182,185,181,-1,183,186,184,-1,184,186,187,-1,184,187,188,-1,188,187,189,-1,188,189,190,-1,190,189,191,-1,190,191,192,-1,139,137,193,-1,193,137,192,-1,193,192,191,-1,143,145,192,-1,137,136,192,-1,192,136,140,-1,192,140,143,-1,151,153,148,-1,148,153,156,-1,148,156,146,-1,145,146,192,-1,192,146,156,-1,192,156,190,-1,156,159,190,-1,190,159,162,-1,190,162,188,-1,188,162,165,-1,188,165,184,-1,184,165,167,-1,184,167,185,-1,185,167,169,-1,185,169,181,-1,181,169,171,-1,181,171,179,-1,179,171,173,-1,179,173,176,-1,176,173,175,-1,194,195,196,-1,196,195,197,-1,198,199,200,-1,200,199,194,-1,200,194,196,-1,201,199,202,-1,202,199,198,-1,203,204,205,-1,205,204,201,-1,205,201,202,-1,206,204,207,-1,207,204,203,-1,208,209,210,-1,210,209,206,-1,210,206,207,-1,209,208,211,-1,211,208,212,-1,211,212,213,-1,214,215,216,-1,216,215,211,-1,216,211,213,-1,217,215,218,-1,218,215,214,-1,219,220,221,-1,221,220,217,-1,221,217,218,-1,222,223,224,-1,224,223,220,-1,224,220,219,-1,197,195,225,-1,225,195,223,-1,225,223,222,-1,215,217,211,-1,211,217,220,-1,211,220,209,-1,195,194,223,-1,223,194,199,-1,223,199,201,-1,204,206,201,-1,201,206,209,-1,201,209,223,-1,223,209,220,-1,226,227,228,-1,228,227,229,-1,228,229,230,-1,230,229,231,-1,230,231,232,-1,232,231,233,-1,232,233,234,-1,234,233,235,-1,234,235,236,-1,236,235,237,-1,236,237,238,-1,238,237,239,-1,238,239,240,-1,240,239,241,-1,240,241,242,-1,242,241,243,-1,242,243,244,-1,244,243,245,-1,244,245,246,-1,246,245,247,-1,246,247,248,-1,248,247,249,-1,248,249,250,-1,250,249,251,-1,250,251,252,-1,252,251,253,-1,252,253,254,-1,254,253,255,-1,254,255,256,-1,256,255,257,-1,256,257,258,-1,258,257,259,-1,258,259,226,-1,226,259,260,-1,226,260,227,-1,232,234,261,-1,261,234,262,-1,232,261,263,-1,232,263,230,-1,230,263,264,-1,230,264,228,-1,228,264,265,-1,228,265,226,-1,226,265,266,-1,226,266,258,-1,258,266,267,-1,258,267,256,-1,256,267,268,-1,256,268,254,-1,254,268,269,-1,254,269,252,-1,270,244,271,-1,271,244,246,-1,271,246,272,-1,272,246,248,-1,272,248,273,-1,273,248,250,-1,273,250,274,-1,274,250,252,-1,274,252,269,-1,244,270,275,-1,244,275,242,-1,242,275,276,-1,242,276,240,-1,240,276,277,-1,240,277,238,-1,236,238,278,-1,278,238,277,-1,262,234,279,-1,279,234,236,-1,279,236,278,-1,239,237,280,-1,280,237,281,-1,237,235,281,-1,281,235,282,-1,235,233,282,-1,282,233,283,-1,260,284,285,-1,260,285,227,-1,227,285,286,-1,227,286,229,-1,229,286,287,-1,229,287,231,-1,231,287,283,-1,231,283,233,-1,253,288,289,-1,253,289,255,-1,255,289,290,-1,255,290,257,-1,257,290,291,-1,257,291,259,-1,259,291,284,-1,259,284,260,-1,245,292,293,-1,245,293,247,-1,247,293,294,-1,247,294,249,-1,249,294,295,-1,249,295,251,-1,251,295,288,-1,251,288,253,-1,239,280,296,-1,239,296,241,-1,241,296,297,-1,241,297,243,-1,243,297,292,-1,243,292,245,-1,
        ]
    }
}
Shape{
    appearance Appearance {
        material  Material 	{
            diffuseColor 1.0 1.0 1.0
            specularColor 0.5019607843137255 0.5019607843137255 0.5019607843137255
            ambientIntensity 1.0
            transparency 0.0
            shininess 0.5
        }
    }
    geometry IndexedFaceSet {
        ccw TRUE
        solid FALSE
        coord DEF co Coordinate {
            point [
                3.1673 1.7716 2.7727, 3.1673 1.7716 2.5652, 3.1673 1.8123 2.7727, 3.1673 1.8107 2.5652, 3.1673 1.8449 2.5689, 3.1673 1.8679 2.5771, 3.1673 1.8858 2.5888, 3.1673 1.8907 2.5933, 3.1673 1.9041 2.6099, 3.1673 1.9134 2.6299, 3.1673 1.9186 2.6546, 3.1673 1.9195 2.6716, 3.1673 1.9154 2.7057, 3.1673 1.9077 2.7252, 3.1673 1.8972 2.7403, 3.1673 1.89 2.7474, 3.1673 1.8469 2.7689, 3.1673 1.8703 2.7605
            ]
        }
        coordIndex [
            0,1,2,-1,2,1,3,-1,2,3,4,-1,4,5,2,-1,2,5,6,-1,2,6,7,-1,7,8,2,-1,2,8,9,-1,2,9,10,-1,10,11,2,-1,2,11,12,-1,2,12,13,-1,13,14,2,-1,2,14,15,-1,2,15,16,-1,16,15,17,-1,
        ]
    }
}
Shape{
    appearance Appearance {
        material  Material 	{
            diffuseColor 0.25098039215686274 0.25098039215686274 0.25098039215686274
            specularColor 0.12549019607843137 0.12549019607843137 0.12549019607843137
            ambientIntensity 0.251
            transparency 0.0
            shininess 0.5
        }
    }
    geometry IndexedFaceSet {
        ccw TRUE
        solid FALSE
        coord DEF co Coordinate {
            point [
                3.1713 2.0462 2.6386, 3.1713 2.0352 2.6082, 3.1713 2.1365 2.6386, 3.1713 2.1472 2.6082, 3.1713 2.0864 2.7504, 3.1713 2.0734 2.8037, 3.1713 1.9709 2.5346, 3.1713 2.0093 2.5346, 3.1713 2.0888 2.7585, 3.1713 2.0908 2.7693, 3.1713 2.1106 2.8037, 3.1713 2.0917 2.7693, 3.1713 2.0938 2.7579, 3.1713 2.0959 2.7504, 3.1713 2.2131 2.5346, 3.1713 2.1747 2.5346, 3.1673 2.1106 2.8037, 3.1673 2.1244 2.7674, 3.1673 2.2131 2.5346, 3.1673 2.0734 2.8037, 3.1673 1.9709 2.5346, 3.1673 2.0596 2.7674, 3.1673 2.0093 2.5346, 3.1673 2.0352 2.6082, 3.1673 2.1472 2.6082, 3.1673 2.1747 2.5346, 3.1673 2.0462 2.6386, 3.1673 2.1365 2.6386, 3.1673 2.0959 2.7504, 3.1673 2.0917 2.7693, 3.1673 2.0938 2.7579, 3.1673 2.0908 2.7693, 3.1673 2.0864 2.7504, 3.1673 2.0888 2.7585
            ]
        }
        coordIndex [
            0,1,2,-1,2,1,3,-1,4,5,0,-1,0,5,6,-1,0,6,1,-1,1,6,7,-1,4,8,5,-1,5,8,9,-1,5,9,10,-1,10,9,11,-1,10,11,12,-1,12,13,10,-1,10,13,2,-1,10,2,14,-1,14,2,3,-1,14,3,15,-1,16,10,17,-1,17,10,14,-1,17,14,18,-1,5,10,19,-1,19,10,16,-1,20,6,21,-1,21,6,5,-1,21,5,19,-1,7,6,22,-1,22,6,20,-1,1,7,23,-1,23,7,22,-1,3,1,24,-1,24,1,23,-1,15,3,25,-1,25,3,24,-1,14,15,18,-1,18,15,25,-1,0,2,26,-1,26,2,27,-1,2,13,27,-1,27,13,28,-1,11,29,30,-1,11,30,12,-1,12,30,28,-1,12,28,13,-1,11,9,29,-1,29,9,31,-1,4,32,33,-1,4,33,8,-1,8,33,31,-1,8,31,9,-1,4,0,32,-1,32,0,26,-1,
        ]
    }
}
Shape{
    appearance Appearance {
        material  Material 	{
            diffuseColor 1.0 1.0 1.0
            specularColor 0.5019607843137255 0.5019607843137255 0.5019607843137255
            ambientIntensity 1.0
            transparency 0.0
            shininess 0.5
        }
    }
    geometry IndexedFaceSet {
        ccw TRUE
        solid FALSE
        coord DEF co Coordinate {
            point [
                3.1673 2.0917 2.7693, 3.1673 2.0908 2.7693, 3.1673 2.0938 2.7579, 3.1673 2.0888 2.7585, 3.1673 2.0959 2.7504, 3.1673 2.0864 2.7504, 3.1673 2.1365 2.6386, 3.1673 2.0462 2.6386
            ]
        }
        coordIndex [
            0,1,2,-1,2,1,3,-1,2,3,4,-1,4,3,5,-1,4,5,6,-1,6,5,7,-1,
        ]
    }
}
Shape{
    appearance Appearance {
        material  Material 	{
            diffuseColor 0.25098039215686274 0.25098039215686274 0.25098039215686274
            specularColor 0.12549019607843137 0.12549019607843137 0.12549019607843137
            ambientIntensity 0.251
            transparency 0.0
            shininess 0.5
        }
    }
    geometry IndexedFaceSet {
        ccw TRUE
        solid FALSE
        coord DEF co Coordinate {
            point [
                3.1713 -0.3925 2.4965, 3.1713 -0.3641 2.4614, 3.1713 -0.4098 2.6657, 3.1713 0.457 2.7996, 3.1713 0.4524 2.7624, 3.1713 0.566 2.7301, 3.1713 -0.2162 2.6697, 3.1713 -0.1984 2.6634, 3.1713 -0.0386 2.6178, 3.1713 -0.1829 2.6531, 3.1713 -0.1706 2.6394, 3.1713 0.2293 2.7594, 3.1713 0.17 2.8608, 3.1713 -0.0864 2.7269, 3.1713 -0.2318 2.6714, 3.1713 -0.2814 2.5411, 3.1713 -0.2661 2.5306, 3.1713 -0.3267 2.4331, 3.1713 -0.2484 2.524, 3.1713 -0.4514 2.6913, 3.1713 -0.4451 2.548, 3.1713 -0.4117 2.5375, 3.1713 -0.1622 2.6237, 3.1713 -0.1578 2.606, 3.1713 -0.0386 2.5987, 3.1713 -0.1577 2.5879, 3.1713 -0.2477 2.6697, 3.1713 -0.2755 2.7863, 3.1713 -0.2646 2.6637, 3.1713 -0.3177 2.7702, 3.1713 -0.2799 2.6537, 3.1713 -0.3569 2.743, 3.1713 -0.2926 2.6401, 3.1713 -0.3885 2.7069, 3.1713 -0.3015 2.6235, 3.1713 -0.306 2.6052, 3.1713 0.2925 2.9488, 3.1713 0.3078 2.9488, 3.1713 0.3862 3.0522, 3.1713 0.3441 2.9444, 3.1713 0.3979 3.0482, 3.1713 0.3775 2.9315, 3.1713 0.4546 3.0194, 3.1713 0.5061 2.975, 3.1713 -0.2459 3.012, 3.1713 -0.2318 3.0043, 3.1713 -0.2911 3.144, 3.1713 -0.2048 3.0613, 3.1713 -0.2519 3.1897, 3.1713 -0.1627 3.1132, 3.1713 -0.2069 3.2282, 3.1713 -0.1098 3.1528, 3.1713 -0.1605 3.257, 3.1713 -0.1604 2.7791, 3.1713 -0.2065 2.7905, 3.1713 -0.2299 2.7919, 3.1713 0.5413 2.6699, 3.1713 0.4392 2.7283, 3.1713 0.5048 2.6197, 3.1713 -0.0723 3.2911, 3.1713 -0.0473 3.1785, 3.1713 0.0227 3.3028, 3.1713 0.2829 3.2033, 3.1713 0.2159 3.1077, 3.1713 0.3454 3.1312, 3.1713 0.257 3.0543, 3.1713 0.284 2.9915, 3.1713 -0.4857 2.7265, 3.1713 -0.5647 2.6293, 3.1713 -0.5131 2.5838, 3.1713 -0.5189 2.8879, 3.1713 -0.6443 2.8607, 3.1713 -0.5246 2.8417, 3.1713 -0.6451 2.8379, 3.1713 -0.5223 2.8125, 3.1713 -0.6378 2.7713, 3.1713 -0.5087 2.7656, 3.1713 -0.6125 2.6996, 3.1713 -0.5722 2.6379, 3.1713 0.4072 2.9108, 3.1713 0.4294 2.8859, 3.1713 0.5446 2.9203, 3.1713 0.4472 2.8529, 3.1713 0.5675 2.8617, 3.1713 0.4561 2.8161, 3.1713 0.5756 2.8015, 3.1713 0.5755 2.7928, 3.1713 0.4182 2.6984, 3.1713 0.4155 2.6955, 3.1713 0.4502 2.574, 3.1713 0.3872 2.6725, 3.1713 0.3916 2.5461, 3.1713 0.3534 2.6569, 3.1713 0.3307 2.5336, 3.1713 0.3192 2.6503, 3.1713 0.2178 2.5336, 3.1713 0.2331 2.6503, 3.1713 0.2087 2.535, 3.1713 -0.2888 3.0276, 3.1713 -0.3131 3.1466, 3.1713 -0.3332 3.033, 3.1713 -0.3351 3.1478, 3.1713 -0.3528 3.032, 3.1713 -0.4021 3.1405, 3.1713 -0.4001 3.0209, 3.1713 -0.4735 3.1151, 3.1713 -0.4428 2.9983, 3.1713 -0.5377 3.0722, 3.1713 -0.476 2.9687, 3.1713 -0.5552 3.056, 3.1713 -0.5025 2.9306, 3.1713 -0.5969 3.004, 3.1713 -0.6292 2.9362, 3.1713 -0.2936 2.555, 3.1713 -0.3018 2.5707, 3.1713 -0.306 2.5884, 3.1713 -0.1198 2.7573, 3.1713 0.0165 3.1879, 3.1713 0.0246 3.188, 3.1713 0.1015 3.2945, 3.1713 0.086 3.1809, 3.1713 0.1975 3.2607, 3.1713 0.1463 3.1587, 3.1713 0.2005 3.1222, 3.1713 -0.2826 2.4146, 3.1713 -0.2374 2.4075, 3.1713 -0.2318 2.5221, 3.1713 -0.2299 2.4073, 3.1713 -0.2157 2.5239, 3.1713 -0.1837 2.413, 3.1713 -0.1989 2.5298, 3.1713 -0.141 2.4294, 3.1713 -0.184 2.5395, 3.1713 -0.1029 2.4559, 3.1713 -0.1713 2.5531, 3.1713 -0.0733 2.4891, 3.1713 -0.1624 2.5696, 3.1713 -0.0507 2.5318, 3.1713 -0.0396 2.5791, 3.1713 0.2235 2.6521, 3.1713 0.1772 2.5541, 3.1713 0.1833 2.548, 3.1713 0.2077 2.6506, 3.1713 0.1945 2.6456, 3.1713 0.1626 2.5982, 3.1713 0.1623 2.5929, 3.1713 0.164 2.5792, 3.1713 0.1689 2.5662, 3.1713 0.2293 2.6509, 3.1713 0.1959 2.5395, 3.1713 0.2217 2.6523, 3.1713 0.1826 2.6374, 3.1713 0.1727 2.6263, 3.1713 0.1658 2.6129, 3.1673 0.5756 2.8015, 3.1673 0.5675 2.8617, 3.1673 0.5446 2.9203, 3.1673 0.5172 2.9592, 3.1673 0.5061 2.975, 3.1673 0.4546 3.0194, 3.1673 0.3979 3.0482, 3.1673 0.3862 3.0522, 3.1673 0.3454 3.1312, 3.1673 0.2829 3.2033, 3.1673 0.2389 3.2329, 3.1673 0.1975 3.2607, 3.1673 0.1015 3.2945, 3.1673 0.0227 3.3028, 3.1673 -0.0723 3.2911, 3.1673 -0.1605 3.257, 3.1673 -0.1994 3.2329, 3.1673 -0.2069 3.2282, 3.1673 -0.2519 3.1897, 3.1673 -0.2911 3.144, 3.1673 -0.3131 3.1466, 3.1673 -0.3351 3.1478, 3.1673 -0.4021 3.1405, 3.1673 -0.4735 3.1151, 3.1673 -0.5377 3.0722, 3.1673 -0.5552 3.056, 3.1673 -0.5969 3.004, 3.1673 -0.6182 2.9592, 3.1673 -0.6292 2.9362, 3.1673 -0.6443 2.8607, 3.1673 -0.6451 2.8379, 3.1673 -0.6378 2.7713, 3.1673 -0.6365 2.7674, 3.1673 -0.6125 2.6996, 3.1673 -0.5722 2.6379, 3.1673 -0.5647 2.6293, 3.1673 -0.5131 2.5838, 3.1673 -0.4451 2.548, 3.1673 -0.4117 2.5375, 3.1673 -0.4093 2.5323, 3.1673 -0.3925 2.4965, 3.1673 -0.3641 2.4614, 3.1673 -0.3267 2.4331, 3.1673 -0.309 2.4257, 3.1673 -0.2826 2.4146, 3.1673 -0.2374 2.4075, 3.1673 -0.2299 2.4073, 3.1673 -0.0386 2.5987, 3.1673 -0.1837 2.413, 3.1673 -0.1507 2.4257, 3.1673 -0.141 2.4294, 3.1673 -0.1029 2.4559, 3.1673 -0.0733 2.4891, 3.1673 -0.0507 2.5318, 3.1673 -0.0506 2.5323, 3.1673 -0.0396 2.5791, 3.1673 -0.0386 2.6178, 3.1673 0.2293 2.7594, 3.1673 0.17 2.8608, 3.1673 0.2246 2.7674, 3.1673 -0.0864 2.7269, 3.1673 -0.0088 2.7674, 3.1673 -0.1198 2.7573, 3.1673 -0.1387 2.7674, 3.1673 -0.1604 2.7791, 3.1673 -0.2065 2.7905, 3.1673 -0.2299 2.7919, 3.1673 -0.2755 2.7863, 3.1673 -0.3177 2.7702, 3.1673 -0.3217 2.7674, 3.1673 -0.3569 2.743, 3.1673 -0.3885 2.7069, 3.1673 -0.4098 2.6657, 3.1673 -0.5246 2.8417, 3.1673 -0.4514 2.6913, 3.1673 -0.4857 2.7265, 3.1673 -0.5087 2.7656, 3.1673 -0.5092 2.7674, 3.1673 -0.5223 2.8125, 3.1673 -0.5025 2.9306, 3.1673 -0.5189 2.8879, 3.1673 -0.4826 2.9592, 3.1673 -0.476 2.9687, 3.1673 -0.4428 2.9983, 3.1673 -0.4001 3.0209, 3.1673 -0.3528 3.032, 3.1673 -0.3332 3.033, 3.1673 -0.2888 3.0276, 3.1673 -0.2459 3.012, 3.1673 -0.2318 3.0043, 3.1673 -0.2048 3.0613, 3.1673 -0.1627 3.1132, 3.1673 -0.1098 3.1528, 3.1673 -0.0473 3.1785, 3.1673 0.0165 3.1879, 3.1673 0.0246 3.188, 3.1673 0.086 3.1809, 3.1673 0.1463 3.1587, 3.1673 0.2005 3.1222, 3.1673 0.2159 3.1077, 3.1673 0.257 3.0543, 3.1673 0.284 2.9915, 3.1673 0.2904 2.9592, 3.1673 0.2925 2.9488, 3.1673 0.3078 2.9488, 3.1673 0.3441 2.9444, 3.1673 0.3775 2.9315, 3.1673 0.4072 2.9108, 3.1673 0.4294 2.8859, 3.1673 0.4472 2.8529, 3.1673 0.4561 2.8161, 3.1673 0.457 2.7996, 3.1673 0.453 2.7674, 3.1673 0.4524 2.7624, 3.1673 0.4392 2.7283, 3.1673 0.4182 2.6984, 3.1673 0.4155 2.6955, 3.1673 0.3872 2.6725, 3.1673 0.3534 2.6569, 3.1673 0.3192 2.6503, 3.1673 0.2331 2.6503, 3.1673 0.2293 2.6509, 3.1673 0.2235 2.6521, 3.1673 0.2217 2.6523, 3.1673 0.2077 2.6506, 3.1673 0.1945 2.6456, 3.1673 0.1826 2.6374, 3.1673 0.1727 2.6263, 3.1673 0.1658 2.6129, 3.1673 0.1626 2.5982, 3.1673 0.1623 2.5929, 3.1673 0.164 2.5792, 3.1673 0.1689 2.5662, 3.1673 0.1772 2.5541, 3.1673 0.1833 2.548, 3.1673 0.1959 2.5395, 3.1673 0.2087 2.535, 3.1673 0.2178 2.5336, 3.1673 0.3307 2.5336, 3.1673 0.3916 2.5461, 3.1673 0.4502 2.574, 3.1673 0.5048 2.6197, 3.1673 0.5413 2.6699, 3.1673 0.566 2.7301, 3.1673 0.5717 2.7674, 3.1673 0.5755 2.7928, 3.1673 -0.2318 2.6714, 3.1673 -0.2162 2.6697, 3.1673 -0.1984 2.6634, 3.1673 -0.1829 2.6531, 3.1673 -0.1706 2.6394, 3.1673 -0.1622 2.6237, 3.1673 -0.1578 2.606, 3.1673 -0.1577 2.5879, 3.1673 -0.1624 2.5696, 3.1673 -0.1713 2.5531, 3.1673 -0.184 2.5395, 3.1673 -0.1989 2.5298, 3.1673 -0.2157 2.5239, 3.1673 -0.2318 2.5221, 3.1673 -0.2484 2.524, 3.1673 -0.2661 2.5306, 3.1673 -0.2814 2.5411, 3.1673 -0.2936 2.555, 3.1673 -0.3018 2.5707, 3.1673 -0.306 2.5884, 3.1673 -0.306 2.6052, 3.1673 -0.3015 2.6235, 3.1673 -0.2926 2.6401, 3.1673 -0.2799 2.6537, 3.1673 -0.2646 2.6637, 3.1673 -0.2477 2.6697
            ]
        }
        coordIndex [
            0,1,2,-1,3,4,5,-1,6,7,8,-1,8,7,9,-1,8,9,10,-1,11,12,8,-1,8,12,13,-1,8,13,6,-1,6,13,14,-1,15,1,16,-1,16,1,17,-1,16,17,18,-1,19,20,2,-1,2,20,21,-1,2,21,0,-1,10,22,8,-1,8,22,23,-1,8,23,24,-1,24,23,25,-1,26,27,28,-1,28,27,29,-1,28,29,30,-1,30,29,31,-1,30,31,32,-1,32,31,33,-1,32,33,34,-1,34,33,2,-1,34,2,35,-1,36,37,38,-1,38,37,39,-1,38,39,40,-1,40,39,41,-1,40,41,42,-1,42,41,43,-1,44,45,46,-1,46,45,47,-1,46,47,48,-1,48,47,49,-1,48,49,50,-1,50,49,51,-1,50,51,52,-1,53,54,26,-1,26,54,55,-1,26,55,27,-1,5,4,56,-1,56,4,57,-1,56,57,58,-1,52,51,59,-1,59,51,60,-1,59,60,61,-1,62,63,64,-1,64,63,65,-1,64,65,38,-1,38,65,66,-1,38,66,36,-1,67,68,19,-1,19,68,69,-1,19,69,20,-1,70,71,72,-1,72,71,73,-1,72,73,74,-1,74,73,75,-1,74,75,76,-1,76,75,77,-1,76,77,67,-1,67,77,78,-1,67,78,68,-1,41,79,43,-1,43,79,80,-1,43,80,81,-1,81,80,82,-1,81,82,83,-1,83,82,84,-1,83,84,85,-1,85,84,3,-1,85,3,86,-1,86,3,5,-1,57,87,58,-1,58,87,88,-1,58,88,89,-1,89,88,90,-1,89,90,91,-1,91,90,92,-1,91,92,93,-1,93,92,94,-1,93,94,95,-1,95,94,96,-1,95,96,97,-1,44,46,98,-1,98,46,99,-1,98,99,100,-1,100,99,101,-1,100,101,102,-1,102,101,103,-1,102,103,104,-1,104,103,105,-1,104,105,106,-1,106,105,107,-1,106,107,108,-1,108,107,109,-1,108,109,110,-1,110,109,111,-1,110,111,70,-1,70,111,112,-1,70,112,71,-1,15,113,1,-1,1,113,114,-1,1,114,2,-1,2,114,115,-1,2,115,35,-1,14,13,26,-1,26,13,116,-1,26,116,53,-1,60,117,61,-1,61,117,118,-1,61,118,119,-1,119,118,120,-1,119,120,121,-1,121,120,122,-1,121,122,62,-1,62,122,123,-1,62,123,63,-1,17,124,18,-1,18,124,125,-1,18,125,126,-1,126,125,127,-1,126,127,128,-1,128,127,129,-1,128,129,130,-1,130,129,131,-1,130,131,132,-1,132,131,133,-1,132,133,134,-1,134,133,135,-1,134,135,136,-1,136,135,137,-1,136,137,25,-1,25,137,138,-1,25,138,24,-1,139,140,141,-1,142,143,144,-1,145,146,139,-1,139,146,147,-1,139,147,140,-1,96,148,97,-1,97,148,139,-1,97,139,149,-1,149,139,141,-1,145,139,144,-1,144,139,150,-1,144,150,142,-1,143,151,144,-1,144,151,152,-1,144,152,153,-1,85,154,155,-1,85,155,83,-1,83,155,156,-1,83,156,81,-1,81,156,157,-1,81,157,43,-1,157,158,43,-1,43,158,159,-1,43,159,42,-1,42,159,160,-1,42,160,40,-1,40,160,161,-1,40,161,38,-1,38,161,162,-1,38,162,64,-1,64,162,163,-1,64,163,62,-1,121,62,164,-1,164,62,163,-1,164,165,121,-1,121,165,166,-1,121,166,119,-1,119,166,167,-1,119,167,61,-1,61,167,168,-1,61,168,59,-1,59,168,169,-1,59,169,52,-1,52,169,50,-1,50,169,170,-1,50,170,171,-1,50,171,172,-1,50,172,48,-1,48,172,173,-1,48,173,46,-1,46,173,174,-1,46,174,99,-1,99,174,175,-1,99,175,101,-1,101,175,176,-1,101,176,103,-1,103,176,177,-1,103,177,105,-1,105,177,178,-1,105,178,107,-1,107,178,179,-1,107,179,109,-1,109,179,180,-1,109,180,111,-1,111,180,181,-1,111,181,112,-1,181,182,112,-1,112,182,183,-1,112,183,71,-1,71,183,184,-1,71,184,73,-1,73,184,185,-1,73,185,75,-1,75,185,186,-1,75,186,77,-1,186,187,77,-1,77,187,188,-1,77,188,78,-1,78,188,189,-1,78,189,68,-1,68,189,190,-1,68,190,69,-1,69,190,191,-1,69,191,20,-1,20,191,192,-1,20,192,21,-1,21,192,193,-1,21,193,0,-1,193,194,0,-1,0,194,195,-1,0,195,1,-1,1,195,196,-1,1,196,17,-1,17,196,197,-1,17,197,124,-1,197,198,124,-1,124,198,199,-1,124,199,125,-1,125,199,200,-1,125,200,127,-1,201,24,138,-1,127,200,202,-1,203,131,202,-1,202,131,129,-1,202,129,127,-1,203,204,131,-1,131,204,205,-1,131,205,133,-1,133,205,206,-1,133,206,135,-1,135,206,207,-1,135,207,137,-1,137,207,208,-1,137,208,138,-1,138,208,209,-1,138,209,201,-1,8,24,210,-1,210,24,201,-1,11,8,211,-1,211,8,210,-1,212,12,213,-1,213,12,11,-1,213,11,211,-1,214,13,215,-1,215,13,12,-1,215,12,212,-1,13,214,216,-1,13,216,116,-1,116,216,217,-1,116,217,53,-1,217,218,53,-1,53,218,219,-1,53,219,54,-1,54,219,220,-1,54,220,55,-1,55,220,221,-1,55,221,27,-1,27,221,222,-1,27,222,29,-1,29,222,223,-1,29,223,31,-1,223,224,31,-1,31,224,225,-1,31,225,33,-1,33,225,226,-1,33,226,2,-1,227,72,74,-1,2,226,228,-1,2,228,19,-1,19,228,229,-1,19,229,67,-1,67,229,230,-1,67,230,76,-1,76,230,231,-1,76,231,74,-1,74,231,232,-1,74,232,227,-1,233,70,234,-1,234,70,72,-1,234,72,227,-1,235,108,233,-1,233,108,110,-1,233,110,70,-1,235,236,108,-1,108,236,237,-1,108,237,106,-1,106,237,238,-1,106,238,104,-1,104,238,239,-1,104,239,102,-1,102,239,240,-1,102,240,100,-1,100,240,241,-1,100,241,98,-1,98,241,242,-1,98,242,44,-1,44,242,243,-1,44,243,45,-1,45,243,244,-1,45,244,47,-1,47,244,245,-1,47,245,49,-1,49,245,246,-1,49,246,51,-1,51,246,247,-1,51,247,60,-1,60,247,248,-1,60,248,117,-1,117,248,249,-1,117,249,118,-1,118,249,250,-1,118,250,120,-1,120,250,251,-1,120,251,122,-1,122,251,252,-1,122,252,123,-1,123,252,253,-1,123,253,63,-1,63,253,254,-1,63,254,65,-1,65,254,255,-1,65,255,66,-1,66,255,36,-1,36,255,256,-1,36,256,257,-1,37,36,258,-1,258,36,257,-1,37,258,259,-1,37,259,39,-1,39,259,260,-1,39,260,41,-1,41,260,261,-1,41,261,79,-1,79,261,262,-1,79,262,80,-1,80,262,263,-1,80,263,82,-1,82,263,264,-1,82,264,84,-1,84,264,265,-1,84,265,3,-1,3,265,4,-1,4,265,266,-1,266,267,4,-1,4,267,268,-1,4,268,57,-1,57,268,269,-1,57,269,87,-1,87,269,270,-1,87,270,88,-1,88,270,271,-1,88,271,90,-1,90,271,272,-1,90,272,92,-1,92,272,273,-1,92,273,94,-1,96,94,274,-1,274,94,273,-1,96,274,275,-1,96,275,148,-1,148,275,276,-1,148,276,139,-1,139,276,277,-1,139,277,150,-1,150,277,278,-1,150,278,142,-1,142,278,279,-1,142,279,143,-1,143,279,280,-1,143,280,151,-1,151,280,281,-1,151,281,152,-1,152,281,282,-1,152,282,153,-1,153,282,283,-1,153,283,144,-1,144,283,284,-1,144,284,145,-1,145,284,285,-1,145,285,146,-1,146,285,286,-1,146,286,147,-1,147,286,287,-1,147,287,140,-1,140,287,288,-1,140,288,141,-1,141,288,289,-1,141,289,149,-1,149,289,290,-1,149,290,97,-1,97,290,291,-1,97,291,95,-1,93,95,292,-1,292,95,291,-1,93,292,293,-1,93,293,91,-1,91,293,294,-1,91,294,89,-1,89,294,295,-1,89,295,58,-1,154,85,86,-1,58,295,296,-1,58,296,56,-1,56,296,297,-1,56,297,5,-1,5,297,298,-1,5,298,86,-1,86,298,299,-1,86,299,154,-1,14,300,301,-1,14,301,6,-1,6,301,302,-1,6,302,7,-1,7,302,303,-1,7,303,9,-1,9,303,304,-1,9,304,10,-1,10,304,305,-1,10,305,22,-1,22,305,306,-1,22,306,23,-1,23,306,307,-1,23,307,25,-1,25,307,308,-1,25,308,136,-1,136,308,309,-1,136,309,134,-1,134,309,310,-1,134,310,132,-1,132,310,311,-1,132,311,130,-1,130,311,312,-1,130,312,128,-1,128,312,313,-1,128,313,126,-1,126,313,314,-1,126,314,18,-1,18,314,315,-1,18,315,16,-1,16,315,316,-1,16,316,15,-1,15,316,317,-1,15,317,113,-1,113,317,318,-1,113,318,114,-1,114,318,319,-1,114,319,115,-1,115,319,320,-1,115,320,35,-1,35,320,321,-1,35,321,34,-1,34,321,322,-1,34,322,32,-1,32,322,323,-1,32,323,30,-1,30,323,324,-1,30,324,28,-1,28,324,325,-1,28,325,26,-1,26,325,300,-1,26,300,14,-1,
        ]
    }
}
Shape{
    appearance Appearance {
        material  Material 	{
            diffuseColor 1.0 1.0 1.0
            specularColor 0.5019607843137255 0.5019607843137255 0.5019607843137255
            ambientIntensity 1.0
            transparency 0.0
            shininess 0.5
        }
    }
    geometry IndexedFaceSet {
        ccw TRUE
        solid FALSE
        coord DEF co Coordinate {
            point [
                3.1673 -0.2477 2.6697, 3.1673 -0.2318 2.5221, 3.1673 -0.2318 2.6714, 3.1673 -0.2157 2.5239, 3.1673 -0.2162 2.6697, 3.1673 -0.306 2.5884, 3.1673 -0.306 2.6052, 3.1673 -0.2646 2.6637, 3.1673 -0.1989 2.5298, 3.1673 -0.184 2.5395, 3.1673 -0.1713 2.5531, 3.1673 -0.2799 2.6537, 3.1673 -0.2926 2.6401, 3.1673 -0.3015 2.6235, 3.1673 -0.3018 2.5707, 3.1673 -0.2936 2.555, 3.1673 -0.2814 2.5411, 3.1673 -0.1578 2.606, 3.1673 -0.1622 2.6237, 3.1673 -0.1706 2.6394, 3.1673 -0.1829 2.6531, 3.1673 -0.1984 2.6634, 3.1673 -0.2661 2.5306, 3.1673 -0.2484 2.524, 3.1673 -0.1624 2.5696, 3.1673 -0.1577 2.5879
            ]
        }
        coordIndex [
            0,1,2,-1,2,1,3,-1,2,3,4,-1,5,0,6,-1,6,0,7,-1,3,8,4,-1,4,8,9,-1,4,9,10,-1,7,11,6,-1,6,11,12,-1,6,12,13,-1,5,14,0,-1,0,14,15,-1,0,15,16,-1,4,17,18,-1,18,19,4,-1,4,19,20,-1,4,20,21,-1,16,22,0,-1,0,22,23,-1,0,23,1,-1,10,24,4,-1,4,24,25,-1,4,25,17,-1,
        ]
    }
}