solid 
 facet normal -0.000000e+00 -1.000000e+00  0.000000e+00
   outer loop
     vertex  6.097000e+01  0.000000e+00  4.800000e+00
     vertex  1.300000e+00  0.000000e+00  1.060000e+01
     vertex  1.300000e+00  0.000000e+00  0.000000e+00
   endloop
 endfacet
 facet normal  0.000000e+00 -1.000000e+00  0.000000e+00
   outer loop
     vertex  6.097000e+01  0.000000e+00  4.800000e+00
     vertex  6.097000e+01  0.000000e+00  1.060000e+01
     vertex  1.300000e+00  0.000000e+00  1.060000e+01
   endloop
 endfacet
 facet normal -0.000000e+00 -1.000000e+00  0.000000e+00
   outer loop
     vertex  8.381250e+01  0.000000e+00  6.200000e+00
     vertex  7.493000e+01  0.000000e+00  1.060000e+01
     vertex  7.493000e+01  0.000000e+00  4.800000e+00
   endloop
 endfacet
 facet normal  0.000000e+00 -1.000000e+00  0.000000e+00
   outer loop
     vertex  8.381250e+01  0.000000e+00  6.200000e+00
     vertex  8.381250e+01  0.000000e+00  1.060000e+01
     vertex  7.493000e+01  0.000000e+00  1.060000e+01
   endloop
 endfacet
 facet normal -0.000000e+00 -1.000000e+00  0.000000e+00
   outer loop
     vertex  9.381250e+01  0.000000e+00  6.200000e+00
     vertex  8.381250e+01  0.000000e+00  6.200000e+00
     vertex  7.493000e+01  0.000000e+00  4.800000e+00
   endloop
 endfacet
 facet normal  1.183449e-16 -1.000000e+00  0.000000e+00
   outer loop
     vertex  1.501000e+02  6.661338e-15  1.060000e+01
     vertex  9.381250e+01  0.000000e+00  1.060000e+01
     vertex  9.381250e+01  0.000000e+00  6.200000e+00
   endloop
 endfacet
 facet normal  1.183449e-16 -1.000000e+00  0.000000e+00
   outer loop
     vertex  1.501000e+02  6.661338e-15  0.000000e+00
     vertex  1.501000e+02  6.661338e-15  1.060000e+01
     vertex  9.381250e+01  0.000000e+00  6.200000e+00
   endloop
 endfacet
 facet normal  4.476706e-17 -1.000000e+00 -5.565105e-16
   outer loop
     vertex  1.501000e+02  6.661338e-15  0.000000e+00
     vertex  6.097000e+01  0.000000e+00  4.800000e+00
     vertex  1.300000e+00  0.000000e+00  0.000000e+00
   endloop
 endfacet
 facet normal  0.000000e+00 -1.000000e+00 -1.387779e-15
   outer loop
     vertex  1.501000e+02  6.661338e-15  0.000000e+00
     vertex  7.493000e+01  0.000000e+00  4.800000e+00
     vertex  6.097000e+01  0.000000e+00  4.800000e+00
   endloop
 endfacet
 facet normal  4.761159e-17 -1.000000e+00 -6.421614e-16
   outer loop
     vertex  1.501000e+02  6.661338e-15  0.000000e+00
     vertex  9.381250e+01  0.000000e+00  6.200000e+00
     vertex  7.493000e+01  0.000000e+00  4.800000e+00
   endloop
 endfacet
 facet normal  0.000000e+00  0.000000e+00 -1.000000e+00
   outer loop
     vertex  4.318759e-01  3.323427e-01  0.000000e+00
     vertex  3.807612e-01  3.807612e-01  0.000000e+00
     vertex  3.562059e-01  4.059907e-01  0.000000e+00
   endloop
 endfacet
 facet normal  0.000000e+00  0.000000e+00 -1.000000e+00
   outer loop
     vertex  4.318759e-01  3.323427e-01  0.000000e+00
     vertex  4.059907e-01  3.562059e-01  0.000000e+00
     vertex  3.807612e-01  3.807612e-01  0.000000e+00
   endloop
 endfacet
 facet normal  0.000000e+00  0.000000e+00 -1.000000e+00
   outer loop
     vertex  3.091893e-01  4.583978e-01  0.000000e+00
     vertex  3.562059e-01  4.059907e-01  0.000000e+00
     vertex  3.323427e-01  4.318759e-01  0.000000e+00
   endloop
 endfacet
 facet normal  0.000000e+00  0.000000e+00 -1.000000e+00
   outer loop
     vertex  2.867626e-01  4.855370e-01  0.000000e+00
     vertex  3.562059e-01  4.059907e-01  0.000000e+00
     vertex  3.091893e-01  4.583978e-01  0.000000e+00
   endloop
 endfacet
 facet normal  0.000000e+00  0.000000e+00 -1.000000e+00
   outer loop
     vertex  2.867626e-01  4.855370e-01  0.000000e+00
     vertex  4.318759e-01  3.323427e-01  0.000000e+00
     vertex  3.562059e-01  4.059907e-01  0.000000e+00
   endloop
 endfacet
 facet normal  0.000000e+00  0.000000e+00 -1.000000e+00
   outer loop
     vertex  5.132735e-01  2.650790e-01  0.000000e+00
     vertex  4.583978e-01  3.091893e-01  0.000000e+00
     vertex  4.318759e-01  3.323427e-01  0.000000e+00
   endloop
 endfacet
 facet normal  0.000000e+00  0.000000e+00 -1.000000e+00
   outer loop
     vertex  5.132735e-01  2.650790e-01  0.000000e+00
     vertex  4.855370e-01  2.867626e-01  0.000000e+00
     vertex  4.583978e-01  3.091893e-01  0.000000e+00
   endloop
 endfacet
 facet normal  0.000000e+00  0.000000e+00 -1.000000e+00
   outer loop
     vertex  2.650790e-01  5.132735e-01  0.000000e+00
     vertex  4.318759e-01  3.323427e-01  0.000000e+00
     vertex  2.867626e-01  4.855370e-01  0.000000e+00
   endloop
 endfacet
 facet normal  0.000000e+00  0.000000e+00 -1.000000e+00
   outer loop
     vertex  2.240043e-01  5.704568e-01  0.000000e+00
     vertex  2.650790e-01  5.132735e-01  0.000000e+00
     vertex  2.441545e-01  5.415870e-01  0.000000e+00
   endloop
 endfacet
 facet normal  0.000000e+00  0.000000e+00 -1.000000e+00
   outer loop
     vertex  5.704568e-01  2.240043e-01  0.000000e+00
     vertex  5.415870e-01  2.441545e-01  0.000000e+00
     vertex  5.132735e-01  2.650790e-01  0.000000e+00
   endloop
 endfacet
 facet normal  0.000000e+00  0.000000e+00 -1.000000e+00
   outer loop
     vertex  5.704568e-01  2.240043e-01  0.000000e+00
     vertex  5.132735e-01  2.650790e-01  0.000000e+00
     vertex  4.318759e-01  3.323427e-01  0.000000e+00
   endloop
 endfacet
 facet normal  0.000000e+00  0.000000e+00 -1.000000e+00
   outer loop
     vertex  2.046433e-01  5.998616e-01  0.000000e+00
     vertex  2.650790e-01  5.132735e-01  0.000000e+00
     vertex  2.240043e-01  5.704568e-01  0.000000e+00
   endloop
 endfacet
 facet normal  0.000000e+00  0.000000e+00 -1.000000e+00
   outer loop
     vertex  6.297800e-01  1.860857e-01  0.000000e+00
     vertex  5.998616e-01  2.046433e-01  0.000000e+00
     vertex  5.704568e-01  2.240043e-01  0.000000e+00
   endloop
 endfacet
 facet normal  0.000000e+00  0.000000e+00 -1.000000e+00
   outer loop
     vertex  1.860857e-01  6.297800e-01  0.000000e+00
     vertex  2.650790e-01  5.132735e-01  0.000000e+00
     vertex  2.046433e-01  5.998616e-01  0.000000e+00
   endloop
 endfacet
 facet normal  0.000000e+00  0.000000e+00 -1.000000e+00
   outer loop
     vertex  6.601899e-01  1.683450e-01  0.000000e+00
     vertex  6.297800e-01  1.860857e-01  0.000000e+00
     vertex  5.704568e-01  2.240043e-01  0.000000e+00
   endloop
 endfacet
 facet normal  0.000000e+00  0.000000e+00 -1.000000e+00
   outer loop
     vertex  1.514343e-01  6.910690e-01  0.000000e+00
     vertex  1.860857e-01  6.297800e-01  0.000000e+00
     vertex  1.683450e-01  6.601899e-01  0.000000e+00
   endloop
 endfacet
 facet normal  0.000000e+00  0.000000e+00 -1.000000e+00
   outer loop
     vertex  7.223948e-01  1.353661e-01  0.000000e+00
     vertex  6.910690e-01  1.514343e-01  0.000000e+00
     vertex  6.601899e-01  1.683450e-01  0.000000e+00
   endloop
 endfacet
 facet normal  0.000000e+00  0.000000e+00 -1.000000e+00
   outer loop
     vertex  1.201520e-01  7.541442e-01  0.000000e+00
     vertex  1.514343e-01  6.910690e-01  0.000000e+00
     vertex  1.353661e-01  7.223948e-01  0.000000e+00
   endloop
 endfacet
 facet normal  0.000000e+00  0.000000e+00 -1.000000e+00
   outer loop
     vertex  7.541442e-01  1.201520e-01  0.000000e+00
     vertex  5.704568e-01  2.240043e-01  0.000000e+00
     vertex  4.318759e-01  3.323427e-01  0.000000e+00
   endloop
 endfacet
 facet normal  0.000000e+00  0.000000e+00 -1.000000e+00
   outer loop
     vertex  7.541442e-01  1.201520e-01  0.000000e+00
     vertex  7.223948e-01  1.353661e-01  0.000000e+00
     vertex  6.601899e-01  1.683450e-01  0.000000e+00
   endloop
 endfacet
 facet normal  0.000000e+00  0.000000e+00 -1.000000e+00
   outer loop
     vertex  7.541442e-01  1.201520e-01  0.000000e+00
     vertex  6.601899e-01  1.683450e-01  0.000000e+00
     vertex  5.704568e-01  2.240043e-01  0.000000e+00
   endloop
 endfacet
 facet normal  0.000000e+00  0.000000e+00 -1.000000e+00
   outer loop
     vertex  8.188204e-01  9.233026e-02  0.000000e+00
     vertex  7.862939e-01  1.058032e-01  0.000000e+00
     vertex  7.541442e-01  1.201520e-01  0.000000e+00
   endloop
 endfacet
 facet normal  0.000000e+00  0.000000e+00 -1.000000e+00
   outer loop
     vertex  9.233026e-02  8.188204e-01  0.000000e+00
     vertex  1.860857e-01  6.297800e-01  0.000000e+00
     vertex  1.514343e-01  6.910690e-01  0.000000e+00
   endloop
 endfacet
 facet normal  0.000000e+00  0.000000e+00 -1.000000e+00
   outer loop
     vertex  9.233026e-02  8.188204e-01  0.000000e+00
     vertex  1.514343e-01  6.910690e-01  0.000000e+00
     vertex  1.201520e-01  7.541442e-01  0.000000e+00
   endloop
 endfacet
 facet normal  0.000000e+00  0.000000e+00 -1.000000e+00
   outer loop
     vertex  9.233026e-02  8.188204e-01  0.000000e+00
     vertex  1.201520e-01  7.541442e-01  0.000000e+00
     vertex  1.058032e-01  7.862939e-01  0.000000e+00
   endloop
 endfacet
 facet normal  0.000000e+00  0.000000e+00 -1.000000e+00
   outer loop
     vertex  8.516998e-01  7.974309e-02  0.000000e+00
     vertex  8.188204e-01  9.233026e-02  0.000000e+00
     vertex  7.541442e-01  1.201520e-01  0.000000e+00
   endloop
 endfacet
 facet normal  0.000000e+00  0.000000e+00 -1.000000e+00
   outer loop
     vertex  6.805088e-02  8.849080e-01  0.000000e+00
     vertex  9.233026e-02  8.188204e-01  0.000000e+00
     vertex  7.974309e-02  8.516998e-01  0.000000e+00
   endloop
 endfacet
 facet normal  0.000000e+00  0.000000e+00 -1.000000e+00
   outer loop
     vertex  9.522132e-01  4.738501e-02  0.000000e+00
     vertex  9.184207e-01  5.726221e-02  0.000000e+00
     vertex  8.849080e-01  6.805088e-02  0.000000e+00
   endloop
 endfacet
 facet normal  0.000000e+00  0.000000e+00 -1.000000e+00
   outer loop
     vertex  9.862607e-01  3.842651e-02  0.000000e+00
     vertex  8.849080e-01  6.805088e-02  0.000000e+00
     vertex  8.516998e-01  7.974309e-02  0.000000e+00
   endloop
 endfacet
 facet normal  0.000000e+00  0.000000e+00 -1.000000e+00
   outer loop
     vertex  9.862607e-01  3.842651e-02  0.000000e+00
     vertex  9.522132e-01  4.738501e-02  0.000000e+00
     vertex  8.849080e-01  6.805088e-02  0.000000e+00
   endloop
 endfacet
 facet normal  0.000000e+00  0.000000e+00 -1.000000e+00
   outer loop
     vertex  3.842651e-02  9.862607e-01  0.000000e+00
     vertex  5.726221e-02  9.184207e-01  0.000000e+00
     vertex  4.738501e-02  9.522132e-01  0.000000e+00
   endloop
 endfacet
 facet normal  0.000000e+00  0.000000e+00 -1.000000e+00
   outer loop
     vertex  3.842651e-02  9.862607e-01  0.000000e+00
     vertex  6.805088e-02  8.849080e-01  0.000000e+00
     vertex  5.726221e-02  9.184207e-01  0.000000e+00
   endloop
 endfacet
 facet normal  0.000000e+00  0.000000e+00 -1.000000e+00
   outer loop
     vertex  3.039328e-02  1.020538e+00  0.000000e+00
     vertex  6.805088e-02  8.849080e-01  0.000000e+00
     vertex  3.842651e-02  9.862607e-01  0.000000e+00
   endloop
 endfacet
 facet normal  0.000000e+00  0.000000e+00 -1.000000e+00
   outer loop
     vertex  3.039328e-02  1.020538e+00  0.000000e+00
     vertex  4.318759e-01  3.323427e-01  0.000000e+00
     vertex  2.650790e-01  5.132735e-01  0.000000e+00
   endloop
 endfacet
 facet normal  0.000000e+00  0.000000e+00 -1.000000e+00
   outer loop
     vertex  3.039328e-02  1.020538e+00  0.000000e+00
     vertex  2.650790e-01  5.132735e-01  0.000000e+00
     vertex  1.860857e-01  6.297800e-01  0.000000e+00
   endloop
 endfacet
 facet normal  0.000000e+00  0.000000e+00 -1.000000e+00
   outer loop
     vertex  3.039328e-02  1.020538e+00  0.000000e+00
     vertex  1.860857e-01  6.297800e-01  0.000000e+00
     vertex  9.233026e-02  8.188204e-01  0.000000e+00
   endloop
 endfacet
 facet normal  0.000000e+00  0.000000e+00 -1.000000e+00
   outer loop
     vertex  3.039328e-02  1.020538e+00  0.000000e+00
     vertex  9.233026e-02  8.188204e-01  0.000000e+00
     vertex  6.805088e-02  8.849080e-01  0.000000e+00
   endloop
 endfacet
 facet normal  0.000000e+00  0.000000e+00 -1.000000e+00
   outer loop
     vertex  1.089683e+00  1.712552e-02  0.000000e+00
     vertex  1.055021e+00  2.329121e-02  0.000000e+00
     vertex  1.020538e+00  3.039328e-02  0.000000e+00
   endloop
 endfacet
 facet normal  0.000000e+00  0.000000e+00 -1.000000e+00
   outer loop
     vertex  1.124500e+00  1.190072e-02  0.000000e+00
     vertex  1.020538e+00  3.039328e-02  0.000000e+00
     vertex  9.862607e-01  3.842651e-02  0.000000e+00
   endloop
 endfacet
 facet normal  0.000000e+00  0.000000e+00 -1.000000e+00
   outer loop
     vertex  1.124500e+00  1.190072e-02  0.000000e+00
     vertex  7.541442e-01  1.201520e-01  0.000000e+00
     vertex  4.318759e-01  3.323427e-01  0.000000e+00
   endloop
 endfacet
 facet normal  0.000000e+00  0.000000e+00 -1.000000e+00
   outer loop
     vertex  1.124500e+00  1.190072e-02  0.000000e+00
     vertex  8.516998e-01  7.974309e-02  0.000000e+00
     vertex  7.541442e-01  1.201520e-01  0.000000e+00
   endloop
 endfacet
 facet normal  0.000000e+00  0.000000e+00 -1.000000e+00
   outer loop
     vertex  1.124500e+00  1.190072e-02  0.000000e+00
     vertex  1.089683e+00  1.712552e-02  0.000000e+00
     vertex  1.020538e+00  3.039328e-02  0.000000e+00
   endloop
 endfacet
 facet normal  0.000000e+00  0.000000e+00 -1.000000e+00
   outer loop
     vertex  1.124500e+00  1.190072e-02  0.000000e+00
     vertex  4.318759e-01  3.323427e-01  0.000000e+00
     vertex  3.039328e-02  1.020538e+00  0.000000e+00
   endloop
 endfacet
 facet normal  0.000000e+00  0.000000e+00 -1.000000e+00
   outer loop
     vertex  1.124500e+00  1.190072e-02  0.000000e+00
     vertex  9.862607e-01  3.842651e-02  0.000000e+00
     vertex  8.516998e-01  7.974309e-02  0.000000e+00
   endloop
 endfacet
 facet normal  0.000000e+00  0.000000e+00 -1.000000e+00
   outer loop
     vertex  7.620656e-03  1.159445e+00  0.000000e+00
     vertex  1.712552e-02  1.089683e+00  0.000000e+00
     vertex  1.190072e-02  1.124500e+00  0.000000e+00
   endloop
 endfacet
 facet normal  0.000000e+00  0.000000e+00 -1.000000e+00
   outer loop
     vertex  7.620656e-03  1.159445e+00  0.000000e+00
     vertex  2.329121e-02  1.055021e+00  0.000000e+00
     vertex  1.712552e-02  1.089683e+00  0.000000e+00
   endloop
 endfacet
 facet normal  0.000000e+00  0.000000e+00 -1.000000e+00
   outer loop
     vertex  1.229619e+00  1.906562e-03  0.000000e+00
     vertex  1.159445e+00  7.620656e-03  0.000000e+00
     vertex  1.124500e+00  1.190072e-02  0.000000e+00
   endloop
 endfacet
 facet normal  0.000000e+00  0.000000e+00 -1.000000e+00
   outer loop
     vertex  1.229619e+00  1.906562e-03  0.000000e+00
     vertex  1.194494e+00  4.288454e-03  0.000000e+00
     vertex  1.159445e+00  7.620656e-03  0.000000e+00
   endloop
 endfacet
 facet normal  0.000000e+00  0.000000e+00 -1.000000e+00
   outer loop
     vertex  1.906562e-03  1.229619e+00  0.000000e+00
     vertex  2.329121e-02  1.055021e+00  0.000000e+00
     vertex  7.620656e-03  1.159445e+00  0.000000e+00
   endloop
 endfacet
 facet normal  0.000000e+00  0.000000e+00 -1.000000e+00
   outer loop
     vertex  1.906562e-03  1.229619e+00  0.000000e+00
     vertex  7.620656e-03  1.159445e+00  0.000000e+00
     vertex  4.288454e-03  1.194494e+00  0.000000e+00
   endloop
 endfacet
 facet normal  0.000000e+00  0.000000e+00 -1.000000e+00
   outer loop
     vertex  1.906562e-03  1.229619e+00  0.000000e+00
     vertex  3.039328e-02  1.020538e+00  0.000000e+00
     vertex  2.329121e-02  1.055021e+00  0.000000e+00
   endloop
 endfacet
 facet normal  0.000000e+00  0.000000e+00 -1.000000e+00
   outer loop
     vertex  1.264797e+00  4.767279e-04  0.000000e+00
     vertex  1.229619e+00  1.906562e-03  0.000000e+00
     vertex  1.124500e+00  1.190072e-02  0.000000e+00
   endloop
 endfacet
 facet normal  0.000000e+00  0.000000e+00 -1.000000e+00
   outer loop
     vertex  1.300000e+00  0.000000e+00  0.000000e+00
     vertex  1.264797e+00  4.767279e-04  0.000000e+00
     vertex  1.124500e+00  1.190072e-02  0.000000e+00
   endloop
 endfacet
 facet normal  0.000000e+00  0.000000e+00 -1.000000e+00
   outer loop
     vertex  0.000000e+00  1.300000e+00  0.000000e+00
     vertex  1.124500e+00  1.190072e-02  0.000000e+00
     vertex  3.039328e-02  1.020538e+00  0.000000e+00
   endloop
 endfacet
 facet normal  0.000000e+00  0.000000e+00 -1.000000e+00
   outer loop
     vertex  0.000000e+00  1.300000e+00  0.000000e+00
     vertex  3.039328e-02  1.020538e+00  0.000000e+00
     vertex  1.906562e-03  1.229619e+00  0.000000e+00
   endloop
 endfacet
 facet normal  0.000000e+00  0.000000e+00 -1.000000e+00
   outer loop
     vertex  0.000000e+00  1.300000e+00  0.000000e+00
     vertex  1.300000e+00  0.000000e+00  0.000000e+00
     vertex  1.124500e+00  1.190072e-02  0.000000e+00
   endloop
 endfacet
 facet normal  0.000000e+00  0.000000e+00 -1.000000e+00
   outer loop
     vertex  0.000000e+00  1.300000e+00  0.000000e+00
     vertex  1.906562e-03  1.229619e+00  0.000000e+00
     vertex  4.767279e-04  1.264797e+00  0.000000e+00
   endloop
 endfacet
 facet normal  0.000000e+00  0.000000e+00 -1.000000e+00
   outer loop
     vertex  1.010000e+01  1.005092e+01  0.000000e+00
     vertex  1.300000e+00  0.000000e+00  0.000000e+00
     vertex  0.000000e+00  1.300000e+00  0.000000e+00
   endloop
 endfacet
 facet normal -0.000000e+00  0.000000e+00 -1.000000e+00
   outer loop
     vertex  1.360000e+01  6.550920e+00  0.000000e+00
     vertex  1.300000e+00  0.000000e+00  0.000000e+00
     vertex  1.010000e+01  1.005092e+01  0.000000e+00
   endloop
 endfacet
 facet normal  0.000000e+00 -0.000000e+00 -1.000000e+00
   outer loop
     vertex  6.200000e+00  1.985092e+01  0.000000e+00
     vertex  1.010000e+01  1.005092e+01  0.000000e+00
     vertex  0.000000e+00  1.300000e+00  0.000000e+00
   endloop
 endfacet
 facet normal -0.000000e+00 -0.000000e+00 -1.000000e+00
   outer loop
     vertex  9.700000e+00  1.635092e+01  0.000000e+00
     vertex  1.010000e+01  1.005092e+01  0.000000e+00
     vertex  6.200000e+00  1.985092e+01  0.000000e+00
   endloop
 endfacet
 facet normal -0.000000e+00  0.000000e+00 -1.000000e+00
   outer loop
     vertex  1.360000e+01  1.355092e+01  0.000000e+00
     vertex  1.010000e+01  1.005092e+01  0.000000e+00
     vertex  9.700000e+00  1.635092e+01  0.000000e+00
   endloop
 endfacet
 facet normal -0.000000e+00  0.000000e+00 -1.000000e+00
   outer loop
     vertex  1.842500e+01  1.635092e+01  0.000000e+00
     vertex  1.360000e+01  1.355092e+01  0.000000e+00
     vertex  9.700000e+00  1.635092e+01  0.000000e+00
   endloop
 endfacet
 facet normal  0.000000e+00 -0.000000e+00 -1.000000e+00
   outer loop
     vertex  9.700000e+00  2.615092e+01  0.000000e+00
     vertex  9.700000e+00  2.335092e+01  0.000000e+00
     vertex  6.200000e+00  1.985092e+01  0.000000e+00
   endloop
 endfacet
 facet normal -0.000000e+00  0.000000e+00 -1.000000e+00
   outer loop
     vertex  9.700000e+00  2.615092e+01  0.000000e+00
     vertex  6.200000e+00  1.985092e+01  0.000000e+00
     vertex  6.200000e+00  2.965092e+01  0.000000e+00
   endloop
 endfacet
 facet normal -0.000000e+00  0.000000e+00 -1.000000e+00
   outer loop
     vertex  3.060000e+01  6.550920e+00  0.000000e+00
     vertex  1.300000e+00  0.000000e+00  0.000000e+00
     vertex  1.360000e+01  6.550920e+00  0.000000e+00
   endloop
 endfacet
 facet normal  0.000000e+00  0.000000e+00 -1.000000e+00
   outer loop
     vertex  1.842500e+01  2.335092e+01  0.000000e+00
     vertex  9.700000e+00  2.335092e+01  0.000000e+00
     vertex  9.700000e+00  2.615092e+01  0.000000e+00
   endloop
 endfacet
 facet normal -0.000000e+00  0.000000e+00 -1.000000e+00
   outer loop
     vertex  2.472500e+01  1.985092e+01  0.000000e+00
     vertex  1.842500e+01  1.635092e+01  0.000000e+00
     vertex  2.192500e+01  1.985092e+01  0.000000e+00
   endloop
 endfacet
 facet normal  0.000000e+00 -0.000000e+00 -1.000000e+00
   outer loop
     vertex  2.472500e+01  1.985092e+01  0.000000e+00
     vertex  2.822500e+01  1.635092e+01  0.000000e+00
     vertex  1.842500e+01  1.635092e+01  0.000000e+00
   endloop
 endfacet
 facet normal  0.000000e+00  0.000000e+00 -1.000000e+00
   outer loop
     vertex  1.842500e+01  2.615092e+01  0.000000e+00
     vertex  2.192500e+01  1.985092e+01  0.000000e+00
     vertex  1.842500e+01  2.335092e+01  0.000000e+00
   endloop
 endfacet
 facet normal -0.000000e+00 -0.000000e+00 -1.000000e+00
   outer loop
     vertex  1.842500e+01  2.615092e+01  0.000000e+00
     vertex  1.842500e+01  2.335092e+01  0.000000e+00
     vertex  9.700000e+00  2.615092e+01  0.000000e+00
   endloop
 endfacet
 facet normal  0.000000e+00  0.000000e+00 -1.000000e+00
   outer loop
     vertex  1.842500e+01  2.615092e+01  0.000000e+00
     vertex  2.472500e+01  1.985092e+01  0.000000e+00
     vertex  2.192500e+01  1.985092e+01  0.000000e+00
   endloop
 endfacet
 facet normal -0.000000e+00  0.000000e+00 -1.000000e+00
   outer loop
     vertex  4.040000e+01  6.550920e+00  0.000000e+00
     vertex  1.300000e+00  0.000000e+00  0.000000e+00
     vertex  3.060000e+01  6.550920e+00  0.000000e+00
   endloop
 endfacet
 facet normal -0.000000e+00  0.000000e+00 -1.000000e+00
   outer loop
     vertex  3.690000e+01  1.005092e+01  0.000000e+00
     vertex  3.060000e+01  6.550920e+00  0.000000e+00
     vertex  3.410000e+01  1.005092e+01  0.000000e+00
   endloop
 endfacet
 facet normal  0.000000e+00 -0.000000e+00 -1.000000e+00
   outer loop
     vertex  3.690000e+01  1.005092e+01  0.000000e+00
     vertex  4.040000e+01  6.550920e+00  0.000000e+00
     vertex  3.060000e+01  6.550920e+00  0.000000e+00
   endloop
 endfacet
 facet normal  0.000000e+00 -0.000000e+00 -1.000000e+00
   outer loop
     vertex  7.771561e-16  4.820184e+01  0.000000e+00
     vertex  6.200000e+00  1.985092e+01  0.000000e+00
     vertex  0.000000e+00  1.300000e+00  0.000000e+00
   endloop
 endfacet
 facet normal  0.000000e+00  0.000000e+00 -1.000000e+00
   outer loop
     vertex  7.771561e-16  4.820184e+01  0.000000e+00
     vertex  6.200000e+00  2.965092e+01  0.000000e+00
     vertex  6.200000e+00  1.985092e+01  0.000000e+00
   endloop
 endfacet
 facet normal  0.000000e+00  0.000000e+00 -1.000000e+00
   outer loop
     vertex  1.906562e-03  4.827222e+01  0.000000e+00
     vertex  7.771561e-16  4.820184e+01  0.000000e+00
     vertex  4.767279e-04  4.823704e+01  0.000000e+00
   endloop
 endfacet
 facet normal  0.000000e+00  0.000000e+00 -1.000000e+00
   outer loop
     vertex  1.712552e-02  4.841216e+01  0.000000e+00
     vertex  7.620656e-03  4.834239e+01  0.000000e+00
     vertex  1.190072e-02  4.837734e+01  0.000000e+00
   endloop
 endfacet
 facet normal  0.000000e+00  0.000000e+00 -1.000000e+00
   outer loop
     vertex  1.712552e-02  4.841216e+01  0.000000e+00
     vertex  4.288454e-03  4.830735e+01  0.000000e+00
     vertex  7.620656e-03  4.834239e+01  0.000000e+00
   endloop
 endfacet
 facet normal  0.000000e+00  0.000000e+00 -1.000000e+00
   outer loop
     vertex  1.712552e-02  4.841216e+01  0.000000e+00
     vertex  1.906562e-03  4.827222e+01  0.000000e+00
     vertex  4.288454e-03  4.830735e+01  0.000000e+00
   endloop
 endfacet
 facet normal  0.000000e+00  0.000000e+00 -1.000000e+00
   outer loop
     vertex  1.712552e-02  4.841216e+01  0.000000e+00
     vertex  7.771561e-16  4.820184e+01  0.000000e+00
     vertex  1.906562e-03  4.827222e+01  0.000000e+00
   endloop
 endfacet
 facet normal  0.000000e+00  0.000000e+00 -1.000000e+00
   outer loop
     vertex  3.842651e-02  4.851558e+01  0.000000e+00
     vertex  2.329121e-02  4.844682e+01  0.000000e+00
     vertex  3.039328e-02  4.848130e+01  0.000000e+00
   endloop
 endfacet
 facet normal  0.000000e+00  0.000000e+00 -1.000000e+00
   outer loop
     vertex  3.842651e-02  4.851558e+01  0.000000e+00
     vertex  1.712552e-02  4.841216e+01  0.000000e+00
     vertex  2.329121e-02  4.844682e+01  0.000000e+00
   endloop
 endfacet
 facet normal  0.000000e+00  0.000000e+00 -1.000000e+00
   outer loop
     vertex  4.738501e-02  4.854963e+01  0.000000e+00
     vertex  1.712552e-02  4.841216e+01  0.000000e+00
     vertex  3.842651e-02  4.851558e+01  0.000000e+00
   endloop
 endfacet
 facet normal  0.000000e+00  0.000000e+00 -1.000000e+00
   outer loop
     vertex  4.738501e-02  4.854963e+01  0.000000e+00
     vertex  7.771561e-16  4.820184e+01  0.000000e+00
     vertex  1.712552e-02  4.841216e+01  0.000000e+00
   endloop
 endfacet
 facet normal  0.000000e+00  0.000000e+00 -1.000000e+00
   outer loop
     vertex  5.726221e-02  4.858342e+01  0.000000e+00
     vertex  7.771561e-16  4.820184e+01  0.000000e+00
     vertex  4.738501e-02  4.854963e+01  0.000000e+00
   endloop
 endfacet
 facet normal  0.000000e+00  0.000000e+00 -1.000000e+00
   outer loop
     vertex  6.805088e-02  4.861693e+01  0.000000e+00
     vertex  7.771561e-16  4.820184e+01  0.000000e+00
     vertex  5.726221e-02  4.858342e+01  0.000000e+00
   endloop
 endfacet
 facet normal  0.000000e+00  0.000000e+00 -1.000000e+00
   outer loop
     vertex  7.974309e-02  4.865014e+01  0.000000e+00
     vertex  7.771561e-16  4.820184e+01  0.000000e+00
     vertex  6.805088e-02  4.861693e+01  0.000000e+00
   endloop
 endfacet
 facet normal  0.000000e+00  0.000000e+00 -1.000000e+00
   outer loop
     vertex  1.058032e-01  4.871555e+01  0.000000e+00
     vertex  7.974309e-02  4.865014e+01  0.000000e+00
     vertex  9.233026e-02  4.868302e+01  0.000000e+00
   endloop
 endfacet
 facet normal  0.000000e+00  0.000000e+00 -1.000000e+00
   outer loop
     vertex  1.201520e-01  4.874770e+01  0.000000e+00
     vertex  7.974309e-02  4.865014e+01  0.000000e+00
     vertex  1.058032e-01  4.871555e+01  0.000000e+00
   endloop
 endfacet
 facet normal  0.000000e+00  0.000000e+00 -1.000000e+00
   outer loop
     vertex  1.353661e-01  4.877945e+01  0.000000e+00
     vertex  7.771561e-16  4.820184e+01  0.000000e+00
     vertex  7.974309e-02  4.865014e+01  0.000000e+00
   endloop
 endfacet
 facet normal  0.000000e+00  0.000000e+00 -1.000000e+00
   outer loop
     vertex  1.353661e-01  4.877945e+01  0.000000e+00
     vertex  7.974309e-02  4.865014e+01  0.000000e+00
     vertex  1.201520e-01  4.874770e+01  0.000000e+00
   endloop
 endfacet
 facet normal  0.000000e+00  0.000000e+00 -1.000000e+00
   outer loop
     vertex  1.683450e-01  4.884165e+01  0.000000e+00
     vertex  7.771561e-16  4.820184e+01  0.000000e+00
     vertex  1.353661e-01  4.877945e+01  0.000000e+00
   endloop
 endfacet
 facet normal  0.000000e+00  0.000000e+00 -1.000000e+00
   outer loop
     vertex  1.683450e-01  4.884165e+01  0.000000e+00
     vertex  1.353661e-01  4.877945e+01  0.000000e+00
     vertex  1.514343e-01  4.881077e+01  0.000000e+00
   endloop
 endfacet
 facet normal  0.000000e+00  0.000000e+00 -1.000000e+00
   outer loop
     vertex  1.860857e-01  4.887206e+01  0.000000e+00
     vertex  7.771561e-16  4.820184e+01  0.000000e+00
     vertex  1.683450e-01  4.884165e+01  0.000000e+00
   endloop
 endfacet
 facet normal  0.000000e+00  0.000000e+00 -1.000000e+00
   outer loop
     vertex  2.240043e-01  4.893138e+01  0.000000e+00
     vertex  7.771561e-16  4.820184e+01  0.000000e+00
     vertex  1.860857e-01  4.887206e+01  0.000000e+00
   endloop
 endfacet
 facet normal  0.000000e+00  0.000000e+00 -1.000000e+00
   outer loop
     vertex  2.240043e-01  4.893138e+01  0.000000e+00
     vertex  1.860857e-01  4.887206e+01  0.000000e+00
     vertex  2.046433e-01  4.890198e+01  0.000000e+00
   endloop
 endfacet
 facet normal  0.000000e+00  0.000000e+00 -1.000000e+00
   outer loop
     vertex  3.091893e-01  4.904344e+01  0.000000e+00
     vertex  2.650790e-01  4.898857e+01  0.000000e+00
     vertex  2.867626e-01  4.901630e+01  0.000000e+00
   endloop
 endfacet
 facet normal  0.000000e+00  0.000000e+00 -1.000000e+00
   outer loop
     vertex  3.091893e-01  4.904344e+01  0.000000e+00
     vertex  2.441545e-01  4.896025e+01  0.000000e+00
     vertex  2.650790e-01  4.898857e+01  0.000000e+00
   endloop
 endfacet
 facet normal  0.000000e+00  0.000000e+00 -1.000000e+00
   outer loop
     vertex  3.091893e-01  4.904344e+01  0.000000e+00
     vertex  2.240043e-01  4.893138e+01  0.000000e+00
     vertex  2.441545e-01  4.896025e+01  0.000000e+00
   endloop
 endfacet
 facet normal  0.000000e+00  0.000000e+00 -1.000000e+00
   outer loop
     vertex  3.562059e-01  4.909585e+01  0.000000e+00
     vertex  2.240043e-01  4.893138e+01  0.000000e+00
     vertex  3.091893e-01  4.904344e+01  0.000000e+00
   endloop
 endfacet
 facet normal  0.000000e+00  0.000000e+00 -1.000000e+00
   outer loop
     vertex  3.562059e-01  4.909585e+01  0.000000e+00
     vertex  3.091893e-01  4.904344e+01  0.000000e+00
     vertex  3.323427e-01  4.906996e+01  0.000000e+00
   endloop
 endfacet
 facet normal  0.000000e+00  0.000000e+00 -1.000000e+00
   outer loop
     vertex  3.807612e-01  4.912108e+01  0.000000e+00
     vertex  2.240043e-01  4.893138e+01  0.000000e+00
     vertex  3.562059e-01  4.909585e+01  0.000000e+00
   endloop
 endfacet
 facet normal  0.000000e+00  0.000000e+00 -1.000000e+00
   outer loop
     vertex  1.010000e+01  3.945092e+01  0.000000e+00
     vertex  9.700000e+00  3.315092e+01  0.000000e+00
     vertex  6.200000e+00  2.965092e+01  0.000000e+00
   endloop
 endfacet
 facet normal -0.000000e+00  0.000000e+00 -1.000000e+00
   outer loop
     vertex  1.010000e+01  3.945092e+01  0.000000e+00
     vertex  6.200000e+00  2.965092e+01  0.000000e+00
     vertex  7.771561e-16  4.820184e+01  0.000000e+00
   endloop
 endfacet
 facet normal  0.000000e+00 -0.000000e+00 -1.000000e+00
   outer loop
     vertex  1.010000e+01  3.945092e+01  0.000000e+00
     vertex  1.360000e+01  3.595092e+01  0.000000e+00
     vertex  9.700000e+00  3.315092e+01  0.000000e+00
   endloop
 endfacet
 facet normal  0.000000e+00  0.000000e+00 -1.000000e+00
   outer loop
     vertex  4.583978e-01  4.919265e+01  0.000000e+00
     vertex  4.059907e-01  4.914563e+01  0.000000e+00
     vertex  4.318759e-01  4.916950e+01  0.000000e+00
   endloop
 endfacet
 facet normal  0.000000e+00  0.000000e+00 -1.000000e+00
   outer loop
     vertex  4.583978e-01  4.919265e+01  0.000000e+00
     vertex  3.807612e-01  4.912108e+01  0.000000e+00
     vertex  4.059907e-01  4.914563e+01  0.000000e+00
   endloop
 endfacet
 facet normal  0.000000e+00  0.000000e+00 -1.000000e+00
   outer loop
     vertex  4.855370e-01  4.921508e+01  0.000000e+00
     vertex  7.771561e-16  4.820184e+01  0.000000e+00
     vertex  2.240043e-01  4.893138e+01  0.000000e+00
   endloop
 endfacet
 facet normal  0.000000e+00  0.000000e+00 -1.000000e+00
   outer loop
     vertex  4.855370e-01  4.921508e+01  0.000000e+00
     vertex  2.240043e-01  4.893138e+01  0.000000e+00
     vertex  3.807612e-01  4.912108e+01  0.000000e+00
   endloop
 endfacet
 facet normal  0.000000e+00  0.000000e+00 -1.000000e+00
   outer loop
     vertex  4.855370e-01  4.921508e+01  0.000000e+00
     vertex  3.807612e-01  4.912108e+01  0.000000e+00
     vertex  4.583978e-01  4.919265e+01  0.000000e+00
   endloop
 endfacet
 facet normal  0.000000e+00  0.000000e+00 -1.000000e+00
   outer loop
     vertex  5.704568e-01  4.927784e+01  0.000000e+00
     vertex  5.132735e-01  4.923676e+01  0.000000e+00
     vertex  5.415870e-01  4.925769e+01  0.000000e+00
   endloop
 endfacet
 facet normal  0.000000e+00  0.000000e+00 -1.000000e+00
   outer loop
     vertex  5.704568e-01  4.927784e+01  0.000000e+00
     vertex  4.855370e-01  4.921508e+01  0.000000e+00
     vertex  5.132735e-01  4.923676e+01  0.000000e+00
   endloop
 endfacet
 facet normal  0.000000e+00  0.000000e+00 -1.000000e+00
   outer loop
     vertex  5.998616e-01  4.929720e+01  0.000000e+00
     vertex  7.771561e-16  4.820184e+01  0.000000e+00
     vertex  4.855370e-01  4.921508e+01  0.000000e+00
   endloop
 endfacet
 facet normal  0.000000e+00  0.000000e+00 -1.000000e+00
   outer loop
     vertex  5.998616e-01  4.929720e+01  0.000000e+00
     vertex  4.855370e-01  4.921508e+01  0.000000e+00
     vertex  5.704568e-01  4.927784e+01  0.000000e+00
   endloop
 endfacet
 facet normal  0.000000e+00  0.000000e+00 -1.000000e+00
   outer loop
     vertex  6.601899e-01  4.933349e+01  0.000000e+00
     vertex  5.998616e-01  4.929720e+01  0.000000e+00
     vertex  6.297800e-01  4.931575e+01  0.000000e+00
   endloop
 endfacet
 facet normal  0.000000e+00  0.000000e+00 -1.000000e+00
   outer loop
     vertex  6.910690e-01  4.935041e+01  0.000000e+00
     vertex  5.998616e-01  4.929720e+01  0.000000e+00
     vertex  6.601899e-01  4.933349e+01  0.000000e+00
   endloop
 endfacet
 facet normal  0.000000e+00  0.000000e+00 -1.000000e+00
   outer loop
     vertex  7.223948e-01  4.936647e+01  0.000000e+00
     vertex  7.771561e-16  4.820184e+01  0.000000e+00
     vertex  5.998616e-01  4.929720e+01  0.000000e+00
   endloop
 endfacet
 facet normal  0.000000e+00  0.000000e+00 -1.000000e+00
   outer loop
     vertex  7.223948e-01  4.936647e+01  0.000000e+00
     vertex  5.998616e-01  4.929720e+01  0.000000e+00
     vertex  6.910690e-01  4.935041e+01  0.000000e+00
   endloop
 endfacet
 facet normal  0.000000e+00  0.000000e+00 -1.000000e+00
   outer loop
     vertex  7.541442e-01  4.938169e+01  0.000000e+00
     vertex  7.771561e-16  4.820184e+01  0.000000e+00
     vertex  7.223948e-01  4.936647e+01  0.000000e+00
   endloop
 endfacet
 facet normal  0.000000e+00  0.000000e+00 -1.000000e+00
   outer loop
     vertex  8.188204e-01  4.940951e+01  0.000000e+00
     vertex  7.541442e-01  4.938169e+01  0.000000e+00
     vertex  7.862939e-01  4.939604e+01  0.000000e+00
   endloop
 endfacet
 facet normal  0.000000e+00  0.000000e+00 -1.000000e+00
   outer loop
     vertex  9.184207e-01  4.944458e+01  0.000000e+00
     vertex  8.516998e-01  4.942210e+01  0.000000e+00
     vertex  8.849080e-01  4.943379e+01  0.000000e+00
   endloop
 endfacet
 facet normal  0.000000e+00  0.000000e+00 -1.000000e+00
   outer loop
     vertex  9.184207e-01  4.944458e+01  0.000000e+00
     vertex  8.188204e-01  4.940951e+01  0.000000e+00
     vertex  8.516998e-01  4.942210e+01  0.000000e+00
   endloop
 endfacet
 facet normal  0.000000e+00  0.000000e+00 -1.000000e+00
   outer loop
     vertex  9.184207e-01  4.944458e+01  0.000000e+00
     vertex  7.541442e-01  4.938169e+01  0.000000e+00
     vertex  8.188204e-01  4.940951e+01  0.000000e+00
   endloop
 endfacet
 facet normal  0.000000e+00  0.000000e+00 -1.000000e+00
   outer loop
     vertex  9.522132e-01  4.945445e+01  0.000000e+00
     vertex  7.541442e-01  4.938169e+01  0.000000e+00
     vertex  9.184207e-01  4.944458e+01  0.000000e+00
   endloop
 endfacet
 facet normal  0.000000e+00  0.000000e+00 -1.000000e+00
   outer loop
     vertex  9.862607e-01  4.946341e+01  0.000000e+00
     vertex  7.771561e-16  4.820184e+01  0.000000e+00
     vertex  7.541442e-01  4.938169e+01  0.000000e+00
   endloop
 endfacet
 facet normal  0.000000e+00  0.000000e+00 -1.000000e+00
   outer loop
     vertex  9.862607e-01  4.946341e+01  0.000000e+00
     vertex  7.541442e-01  4.938169e+01  0.000000e+00
     vertex  9.522132e-01  4.945445e+01  0.000000e+00
   endloop
 endfacet
 facet normal  0.000000e+00  0.000000e+00 -1.000000e+00
   outer loop
     vertex  1.055021e+00  4.947855e+01  0.000000e+00
     vertex  9.862607e-01  4.946341e+01  0.000000e+00
     vertex  1.020538e+00  4.947145e+01  0.000000e+00
   endloop
 endfacet
 facet normal  0.000000e+00  0.000000e+00 -1.000000e+00
   outer loop
     vertex  1.089683e+00  4.948471e+01  0.000000e+00
     vertex  9.862607e-01  4.946341e+01  0.000000e+00
     vertex  1.055021e+00  4.947855e+01  0.000000e+00
   endloop
 endfacet
 facet normal  0.000000e+00  0.000000e+00 -1.000000e+00
   outer loop
     vertex  1.159445e+00  4.949422e+01  0.000000e+00
     vertex  1.089683e+00  4.948471e+01  0.000000e+00
     vertex  1.124500e+00  4.948994e+01  0.000000e+00
   endloop
 endfacet
 facet normal  0.000000e+00  0.000000e+00 -1.000000e+00
   outer loop
     vertex  1.264797e+00  4.950136e+01  0.000000e+00
     vertex  1.194494e+00  4.949755e+01  0.000000e+00
     vertex  1.229619e+00  4.949993e+01  0.000000e+00
   endloop
 endfacet
 facet normal  0.000000e+00  0.000000e+00 -1.000000e+00
   outer loop
     vertex  1.264797e+00  4.950136e+01  0.000000e+00
     vertex  1.159445e+00  4.949422e+01  0.000000e+00
     vertex  1.194494e+00  4.949755e+01  0.000000e+00
   endloop
 endfacet
 facet normal  0.000000e+00 -0.000000e+00 -1.000000e+00
   outer loop
     vertex  1.300000e+00  4.950184e+01  0.000000e+00
     vertex  1.010000e+01  3.945092e+01  0.000000e+00
     vertex  7.771561e-16  4.820184e+01  0.000000e+00
   endloop
 endfacet
 facet normal  0.000000e+00  0.000000e+00 -1.000000e+00
   outer loop
     vertex  1.300000e+00  4.950184e+01  0.000000e+00
     vertex  7.771561e-16  4.820184e+01  0.000000e+00
     vertex  9.862607e-01  4.946341e+01  0.000000e+00
   endloop
 endfacet
 facet normal  0.000000e+00  0.000000e+00 -1.000000e+00
   outer loop
     vertex  1.300000e+00  4.950184e+01  0.000000e+00
     vertex  1.089683e+00  4.948471e+01  0.000000e+00
     vertex  1.159445e+00  4.949422e+01  0.000000e+00
   endloop
 endfacet
 facet normal  0.000000e+00  0.000000e+00 -1.000000e+00
   outer loop
     vertex  1.300000e+00  4.950184e+01  0.000000e+00
     vertex  9.862607e-01  4.946341e+01  0.000000e+00
     vertex  1.089683e+00  4.948471e+01  0.000000e+00
   endloop
 endfacet
 facet normal  0.000000e+00  0.000000e+00 -1.000000e+00
   outer loop
     vertex  1.300000e+00  4.950184e+01  0.000000e+00
     vertex  1.159445e+00  4.949422e+01  0.000000e+00
     vertex  1.264797e+00  4.950136e+01  0.000000e+00
   endloop
 endfacet
 facet normal  0.000000e+00  0.000000e+00 -1.000000e+00
   outer loop
     vertex  1.842500e+01  3.315092e+01  0.000000e+00
     vertex  9.700000e+00  3.315092e+01  0.000000e+00
     vertex  1.360000e+01  3.595092e+01  0.000000e+00
   endloop
 endfacet
 facet normal  0.000000e+00  0.000000e+00 -1.000000e+00
   outer loop
     vertex  3.695000e+01  1.635092e+01  0.000000e+00
     vertex  3.410000e+01  1.005092e+01  0.000000e+00
     vertex  3.060000e+01  1.355092e+01  0.000000e+00
   endloop
 endfacet
 facet normal -0.000000e+00  0.000000e+00 -1.000000e+00
   outer loop
     vertex  3.695000e+01  1.635092e+01  0.000000e+00
     vertex  3.060000e+01  1.355092e+01  0.000000e+00
     vertex  2.822500e+01  1.635092e+01  0.000000e+00
   endloop
 endfacet
 facet normal  0.000000e+00  0.000000e+00 -1.000000e+00
   outer loop
     vertex  3.695000e+01  1.635092e+01  0.000000e+00
     vertex  3.690000e+01  1.005092e+01  0.000000e+00
     vertex  3.410000e+01  1.005092e+01  0.000000e+00
   endloop
 endfacet
 facet normal -0.000000e+00  0.000000e+00 -1.000000e+00
   outer loop
     vertex  4.040000e+01  1.355092e+01  0.000000e+00
     vertex  3.690000e+01  1.005092e+01  0.000000e+00
     vertex  3.695000e+01  1.635092e+01  0.000000e+00
   endloop
 endfacet
 facet normal -0.000000e+00  0.000000e+00 -1.000000e+00
   outer loop
     vertex  2.472500e+01  2.965092e+01  0.000000e+00
     vertex  1.842500e+01  2.615092e+01  0.000000e+00
     vertex  2.192500e+01  2.965092e+01  0.000000e+00
   endloop
 endfacet
 facet normal  0.000000e+00  0.000000e+00 -1.000000e+00
   outer loop
     vertex  2.472500e+01  2.965092e+01  0.000000e+00
     vertex  2.192500e+01  2.965092e+01  0.000000e+00
     vertex  1.842500e+01  3.315092e+01  0.000000e+00
   endloop
 endfacet
 facet normal  0.000000e+00  0.000000e+00 -1.000000e+00
   outer loop
     vertex  2.472500e+01  2.965092e+01  0.000000e+00
     vertex  2.822500e+01  2.615092e+01  0.000000e+00
     vertex  2.822500e+01  2.335092e+01  0.000000e+00
   endloop
 endfacet
 facet normal  0.000000e+00  0.000000e+00 -1.000000e+00
   outer loop
     vertex  2.472500e+01  2.965092e+01  0.000000e+00
     vertex  2.822500e+01  2.335092e+01  0.000000e+00
     vertex  2.472500e+01  1.985092e+01  0.000000e+00
   endloop
 endfacet
 facet normal  0.000000e+00 -0.000000e+00 -1.000000e+00
   outer loop
     vertex  2.472500e+01  2.965092e+01  0.000000e+00
     vertex  2.472500e+01  1.985092e+01  0.000000e+00
     vertex  1.842500e+01  2.615092e+01  0.000000e+00
   endloop
 endfacet
 facet normal -0.000000e+00  0.000000e+00 -1.000000e+00
   outer loop
     vertex  1.360000e+01  4.295092e+01  0.000000e+00
     vertex  1.010000e+01  3.945092e+01  0.000000e+00
     vertex  1.300000e+00  4.950184e+01  0.000000e+00
   endloop
 endfacet
 facet normal  0.000000e+00  0.000000e+00 -1.000000e+00
   outer loop
     vertex  4.045000e+01  1.985092e+01  0.000000e+00
     vertex  4.040000e+01  1.355092e+01  0.000000e+00
     vertex  3.695000e+01  1.635092e+01  0.000000e+00
   endloop
 endfacet
 facet normal -0.000000e+00  0.000000e+00 -1.000000e+00
   outer loop
     vertex  2.822500e+01  3.315092e+01  0.000000e+00
     vertex  2.472500e+01  2.965092e+01  0.000000e+00
     vertex  1.842500e+01  3.315092e+01  0.000000e+00
   endloop
 endfacet
 facet normal -0.000000e+00  0.000000e+00 -1.000000e+00
   outer loop
     vertex  3.695000e+01  2.615092e+01  0.000000e+00
     vertex  2.822500e+01  2.335092e+01  0.000000e+00
     vertex  2.822500e+01  2.615092e+01  0.000000e+00
   endloop
 endfacet
 facet normal  0.000000e+00 -0.000000e+00 -1.000000e+00
   outer loop
     vertex  3.695000e+01  2.615092e+01  0.000000e+00
     vertex  3.695000e+01  2.335092e+01  0.000000e+00
     vertex  2.822500e+01  2.335092e+01  0.000000e+00
   endloop
 endfacet
 facet normal  0.000000e+00  0.000000e+00 -1.000000e+00
   outer loop
     vertex  3.695000e+01  2.615092e+01  0.000000e+00
     vertex  4.045000e+01  1.985092e+01  0.000000e+00
     vertex  3.695000e+01  2.335092e+01  0.000000e+00
   endloop
 endfacet
 facet normal -0.000000e+00  0.000000e+00 -1.000000e+00
   outer loop
     vertex  5.740000e+01  6.550920e+00  0.000000e+00
     vertex  1.300000e+00  0.000000e+00  0.000000e+00
     vertex  4.040000e+01  6.550920e+00  0.000000e+00
   endloop
 endfacet
 facet normal  0.000000e+00 -0.000000e+00 -1.000000e+00
   outer loop
     vertex  4.045000e+01  2.965092e+01  0.000000e+00
     vertex  4.045000e+01  1.985092e+01  0.000000e+00
     vertex  3.695000e+01  2.615092e+01  0.000000e+00
   endloop
 endfacet
 facet normal  0.000000e+00  0.000000e+00 -1.000000e+00
   outer loop
     vertex  3.695000e+01  3.315092e+01  0.000000e+00
     vertex  2.822500e+01  3.315092e+01  0.000000e+00
     vertex  3.060000e+01  3.595092e+01  0.000000e+00
   endloop
 endfacet
 facet normal -0.000000e+00  0.000000e+00 -1.000000e+00
   outer loop
     vertex  4.827712e+01  2.352033e+01  0.000000e+00
     vertex  4.045000e+01  1.985092e+01  0.000000e+00
     vertex  4.824380e+01  2.355297e+01  0.000000e+00
   endloop
 endfacet
 facet normal  0.000000e+00 -0.000000e+00 -1.000000e+00
   outer loop
     vertex  4.821139e+01  2.358651e+01  0.000000e+00
     vertex  4.824380e+01  2.355297e+01  0.000000e+00
     vertex  4.045000e+01  1.985092e+01  0.000000e+00
   endloop
 endfacet
 facet normal -0.000000e+00  0.000000e+00 -1.000000e+00
   outer loop
     vertex  4.831132e+01  2.348861e+01  0.000000e+00
     vertex  4.045000e+01  1.985092e+01  0.000000e+00
     vertex  4.827712e+01  2.352033e+01  0.000000e+00
   endloop
 endfacet
 facet normal  0.000000e+00 -0.000000e+00 -1.000000e+00
   outer loop
     vertex  4.817991e+01  2.362093e+01  0.000000e+00
     vertex  4.821139e+01  2.358651e+01  0.000000e+00
     vertex  4.045000e+01  1.985092e+01  0.000000e+00
   endloop
 endfacet
 facet normal -0.000000e+00  0.000000e+00 -1.000000e+00
   outer loop
     vertex  4.834638e+01  2.345785e+01  0.000000e+00
     vertex  4.045000e+01  1.985092e+01  0.000000e+00
     vertex  4.831132e+01  2.348861e+01  0.000000e+00
   endloop
 endfacet
 facet normal  0.000000e+00 -0.000000e+00 -1.000000e+00
   outer loop
     vertex  4.814939e+01  2.365620e+01  0.000000e+00
     vertex  4.817991e+01  2.362093e+01  0.000000e+00
     vertex  4.045000e+01  1.985092e+01  0.000000e+00
   endloop
 endfacet
 facet normal -0.000000e+00  0.000000e+00 -1.000000e+00
   outer loop
     vertex  4.838227e+01  2.342806e+01  0.000000e+00
     vertex  4.045000e+01  1.985092e+01  0.000000e+00
     vertex  4.834638e+01  2.345785e+01  0.000000e+00
   endloop
 endfacet
 facet normal  0.000000e+00 -0.000000e+00 -1.000000e+00
   outer loop
     vertex  4.811985e+01  2.369229e+01  0.000000e+00
     vertex  4.814939e+01  2.365620e+01  0.000000e+00
     vertex  4.045000e+01  1.985092e+01  0.000000e+00
   endloop
 endfacet
 facet normal -0.000000e+00  0.000000e+00 -1.000000e+00
   outer loop
     vertex  4.841896e+01  2.339927e+01  0.000000e+00
     vertex  4.045000e+01  1.985092e+01  0.000000e+00
     vertex  4.838227e+01  2.342806e+01  0.000000e+00
   endloop
 endfacet
 facet normal  0.000000e+00 -0.000000e+00 -1.000000e+00
   outer loop
     vertex  4.809131e+01  2.372918e+01  0.000000e+00
     vertex  4.811985e+01  2.369229e+01  0.000000e+00
     vertex  4.045000e+01  1.985092e+01  0.000000e+00
   endloop
 endfacet
 facet normal -0.000000e+00  0.000000e+00 -1.000000e+00
   outer loop
     vertex  4.845643e+01  2.337149e+01  0.000000e+00
     vertex  4.045000e+01  1.985092e+01  0.000000e+00
     vertex  4.841896e+01  2.339927e+01  0.000000e+00
   endloop
 endfacet
 facet normal  0.000000e+00 -0.000000e+00 -1.000000e+00
   outer loop
     vertex  4.806379e+01  2.376684e+01  0.000000e+00
     vertex  4.809131e+01  2.372918e+01  0.000000e+00
     vertex  4.045000e+01  1.985092e+01  0.000000e+00
   endloop
 endfacet
 facet normal -0.000000e+00  0.000000e+00 -1.000000e+00
   outer loop
     vertex  4.849465e+01  2.334475e+01  0.000000e+00
     vertex  4.045000e+01  1.985092e+01  0.000000e+00
     vertex  4.845643e+01  2.337149e+01  0.000000e+00
   endloop
 endfacet
 facet normal  0.000000e+00 -0.000000e+00 -1.000000e+00
   outer loop
     vertex  4.803731e+01  2.380524e+01  0.000000e+00
     vertex  4.806379e+01  2.376684e+01  0.000000e+00
     vertex  4.045000e+01  1.985092e+01  0.000000e+00
   endloop
 endfacet
 facet normal -0.000000e+00  0.000000e+00 -1.000000e+00
   outer loop
     vertex  4.853359e+01  2.331907e+01  0.000000e+00
     vertex  4.045000e+01  1.985092e+01  0.000000e+00
     vertex  4.849465e+01  2.334475e+01  0.000000e+00
   endloop
 endfacet
 facet normal  0.000000e+00 -0.000000e+00 -1.000000e+00
   outer loop
     vertex  4.801190e+01  2.384435e+01  0.000000e+00
     vertex  4.803731e+01  2.380524e+01  0.000000e+00
     vertex  4.045000e+01  1.985092e+01  0.000000e+00
   endloop
 endfacet
 facet normal -0.000000e+00  0.000000e+00 -1.000000e+00
   outer loop
     vertex  4.857321e+01  2.329447e+01  0.000000e+00
     vertex  4.045000e+01  1.985092e+01  0.000000e+00
     vertex  4.853359e+01  2.331907e+01  0.000000e+00
   endloop
 endfacet
 facet normal  0.000000e+00 -0.000000e+00 -1.000000e+00
   outer loop
     vertex  4.798757e+01  2.388414e+01  0.000000e+00
     vertex  4.801190e+01  2.384435e+01  0.000000e+00
     vertex  4.045000e+01  1.985092e+01  0.000000e+00
   endloop
 endfacet
 facet normal -0.000000e+00  0.000000e+00 -1.000000e+00
   outer loop
     vertex  4.861350e+01  2.327096e+01  0.000000e+00
     vertex  4.045000e+01  1.985092e+01  0.000000e+00
     vertex  4.857321e+01  2.329447e+01  0.000000e+00
   endloop
 endfacet
 facet normal  0.000000e+00 -0.000000e+00 -1.000000e+00
   outer loop
     vertex  4.796434e+01  2.392459e+01  0.000000e+00
     vertex  4.798757e+01  2.388414e+01  0.000000e+00
     vertex  4.045000e+01  1.985092e+01  0.000000e+00
   endloop
 endfacet
 facet normal -0.000000e+00  0.000000e+00 -1.000000e+00
   outer loop
     vertex  4.865442e+01  2.324857e+01  0.000000e+00
     vertex  4.045000e+01  1.985092e+01  0.000000e+00
     vertex  4.861350e+01  2.327096e+01  0.000000e+00
   endloop
 endfacet
 facet normal  0.000000e+00 -0.000000e+00 -1.000000e+00
   outer loop
     vertex  4.794223e+01  2.396566e+01  0.000000e+00
     vertex  4.796434e+01  2.392459e+01  0.000000e+00
     vertex  4.045000e+01  1.985092e+01  0.000000e+00
   endloop
 endfacet
 facet normal -0.000000e+00  0.000000e+00 -1.000000e+00
   outer loop
     vertex  4.869593e+01  2.322731e+01  0.000000e+00
     vertex  4.045000e+01  1.985092e+01  0.000000e+00
     vertex  4.865442e+01  2.324857e+01  0.000000e+00
   endloop
 endfacet
 facet normal  0.000000e+00 -0.000000e+00 -1.000000e+00
   outer loop
     vertex  4.792126e+01  2.400732e+01  0.000000e+00
     vertex  4.794223e+01  2.396566e+01  0.000000e+00
     vertex  4.045000e+01  1.985092e+01  0.000000e+00
   endloop
 endfacet
 facet normal -0.000000e+00  0.000000e+00 -1.000000e+00
   outer loop
     vertex  4.873801e+01  2.320720e+01  0.000000e+00
     vertex  4.045000e+01  1.985092e+01  0.000000e+00
     vertex  4.869593e+01  2.322731e+01  0.000000e+00
   endloop
 endfacet
 facet normal  0.000000e+00 -0.000000e+00 -1.000000e+00
   outer loop
     vertex  4.790143e+01  2.404954e+01  0.000000e+00
     vertex  4.792126e+01  2.400732e+01  0.000000e+00
     vertex  4.045000e+01  1.985092e+01  0.000000e+00
   endloop
 endfacet
 facet normal -0.000000e+00  0.000000e+00 -1.000000e+00
   outer loop
     vertex  4.878063e+01  2.318825e+01  0.000000e+00
     vertex  4.045000e+01  1.985092e+01  0.000000e+00
     vertex  4.873801e+01  2.320720e+01  0.000000e+00
   endloop
 endfacet
 facet normal  0.000000e+00 -0.000000e+00 -1.000000e+00
   outer loop
     vertex  4.788277e+01  2.409229e+01  0.000000e+00
     vertex  4.790143e+01  2.404954e+01  0.000000e+00
     vertex  4.045000e+01  1.985092e+01  0.000000e+00
   endloop
 endfacet
 facet normal -0.000000e+00  0.000000e+00 -1.000000e+00
   outer loop
     vertex  4.882375e+01  2.317047e+01  0.000000e+00
     vertex  4.045000e+01  1.985092e+01  0.000000e+00
     vertex  4.878063e+01  2.318825e+01  0.000000e+00
   endloop
 endfacet
 facet normal  0.000000e+00 -0.000000e+00 -1.000000e+00
   outer loop
     vertex  4.786529e+01  2.413553e+01  0.000000e+00
     vertex  4.788277e+01  2.409229e+01  0.000000e+00
     vertex  4.045000e+01  1.985092e+01  0.000000e+00
   endloop
 endfacet
 facet normal  0.000000e+00  0.000000e+00 -1.000000e+00
   outer loop
     vertex  4.886735e+01  2.315389e+01  0.000000e+00
     vertex  4.040000e+01  1.355092e+01  0.000000e+00
     vertex  4.045000e+01  1.985092e+01  0.000000e+00
   endloop
 endfacet
 facet normal -0.000000e+00  0.000000e+00 -1.000000e+00
   outer loop
     vertex  4.886735e+01  2.315389e+01  0.000000e+00
     vertex  4.045000e+01  1.985092e+01  0.000000e+00
     vertex  4.882375e+01  2.317047e+01  0.000000e+00
   endloop
 endfacet
 facet normal  0.000000e+00 -0.000000e+00 -1.000000e+00
   outer loop
     vertex  4.784901e+01  2.417924e+01  0.000000e+00
     vertex  4.786529e+01  2.413553e+01  0.000000e+00
     vertex  4.045000e+01  1.985092e+01  0.000000e+00
   endloop
 endfacet
 facet normal -0.000000e+00  0.000000e+00 -1.000000e+00
   outer loop
     vertex  4.891138e+01  2.313850e+01  0.000000e+00
     vertex  4.040000e+01  1.355092e+01  0.000000e+00
     vertex  4.886735e+01  2.315389e+01  0.000000e+00
   endloop
 endfacet
 facet normal  0.000000e+00 -0.000000e+00 -1.000000e+00
   outer loop
     vertex  4.783393e+01  2.422337e+01  0.000000e+00
     vertex  4.784901e+01  2.417924e+01  0.000000e+00
     vertex  4.045000e+01  1.985092e+01  0.000000e+00
   endloop
 endfacet
 facet normal -0.000000e+00  0.000000e+00 -1.000000e+00
   outer loop
     vertex  4.895582e+01  2.312433e+01  0.000000e+00
     vertex  4.040000e+01  1.355092e+01  0.000000e+00
     vertex  4.891138e+01  2.313850e+01  0.000000e+00
   endloop
 endfacet
 facet normal  0.000000e+00 -0.000000e+00 -1.000000e+00
   outer loop
     vertex  4.782006e+01  2.426791e+01  0.000000e+00
     vertex  4.783393e+01  2.422337e+01  0.000000e+00
     vertex  4.045000e+01  1.985092e+01  0.000000e+00
   endloop
 endfacet
 facet normal -0.000000e+00  0.000000e+00 -1.000000e+00
   outer loop
     vertex  4.900063e+01  2.311139e+01  0.000000e+00
     vertex  4.040000e+01  1.355092e+01  0.000000e+00
     vertex  4.895582e+01  2.312433e+01  0.000000e+00
   endloop
 endfacet
 facet normal  0.000000e+00 -0.000000e+00 -1.000000e+00
   outer loop
     vertex  4.780742e+01  2.431281e+01  0.000000e+00
     vertex  4.782006e+01  2.426791e+01  0.000000e+00
     vertex  4.045000e+01  1.985092e+01  0.000000e+00
   endloop
 endfacet
 facet normal -0.000000e+00  0.000000e+00 -1.000000e+00
   outer loop
     vertex  4.904578e+01  2.309968e+01  0.000000e+00
     vertex  4.040000e+01  1.355092e+01  0.000000e+00
     vertex  4.900063e+01  2.311139e+01  0.000000e+00
   endloop
 endfacet
 facet normal  0.000000e+00 -0.000000e+00 -1.000000e+00
   outer loop
     vertex  4.779602e+01  2.435803e+01  0.000000e+00
     vertex  4.780742e+01  2.431281e+01  0.000000e+00
     vertex  4.045000e+01  1.985092e+01  0.000000e+00
   endloop
 endfacet
 facet normal -0.000000e+00  0.000000e+00 -1.000000e+00
   outer loop
     vertex  4.909123e+01  2.308921e+01  0.000000e+00
     vertex  4.040000e+01  1.355092e+01  0.000000e+00
     vertex  4.904578e+01  2.309968e+01  0.000000e+00
   endloop
 endfacet
 facet normal  0.000000e+00 -0.000000e+00 -1.000000e+00
   outer loop
     vertex  4.778587e+01  2.440356e+01  0.000000e+00
     vertex  4.779602e+01  2.435803e+01  0.000000e+00
     vertex  4.045000e+01  1.985092e+01  0.000000e+00
   endloop
 endfacet
 facet normal -0.000000e+00  0.000000e+00 -1.000000e+00
   outer loop
     vertex  4.913695e+01  2.307999e+01  0.000000e+00
     vertex  4.040000e+01  1.355092e+01  0.000000e+00
     vertex  4.909123e+01  2.308921e+01  0.000000e+00
   endloop
 endfacet
 facet normal  0.000000e+00 -0.000000e+00 -1.000000e+00
   outer loop
     vertex  4.777696e+01  2.444934e+01  0.000000e+00
     vertex  4.778587e+01  2.440356e+01  0.000000e+00
     vertex  4.045000e+01  1.985092e+01  0.000000e+00
   endloop
 endfacet
 facet normal -0.000000e+00  0.000000e+00 -1.000000e+00
   outer loop
     vertex  4.918291e+01  2.307203e+01  0.000000e+00
     vertex  4.040000e+01  1.355092e+01  0.000000e+00
     vertex  4.913695e+01  2.307999e+01  0.000000e+00
   endloop
 endfacet
 facet normal  0.000000e+00 -0.000000e+00 -1.000000e+00
   outer loop
     vertex  4.776932e+01  2.449535e+01  0.000000e+00
     vertex  4.777696e+01  2.444934e+01  0.000000e+00
     vertex  4.045000e+01  1.985092e+01  0.000000e+00
   endloop
 endfacet
 facet normal -0.000000e+00  0.000000e+00 -1.000000e+00
   outer loop
     vertex  4.922907e+01  2.306534e+01  0.000000e+00
     vertex  4.040000e+01  1.355092e+01  0.000000e+00
     vertex  4.918291e+01  2.307203e+01  0.000000e+00
   endloop
 endfacet
 facet normal  0.000000e+00 -0.000000e+00 -1.000000e+00
   outer loop
     vertex  4.776294e+01  2.454156e+01  0.000000e+00
     vertex  4.776932e+01  2.449535e+01  0.000000e+00
     vertex  4.045000e+01  1.985092e+01  0.000000e+00
   endloop
 endfacet
 facet normal -0.000000e+00  0.000000e+00 -1.000000e+00
   outer loop
     vertex  4.927539e+01  2.305991e+01  0.000000e+00
     vertex  4.040000e+01  1.355092e+01  0.000000e+00
     vertex  4.922907e+01  2.306534e+01  0.000000e+00
   endloop
 endfacet
 facet normal  0.000000e+00 -0.000000e+00 -1.000000e+00
   outer loop
     vertex  4.775783e+01  2.458792e+01  0.000000e+00
     vertex  4.776294e+01  2.454156e+01  0.000000e+00
     vertex  4.045000e+01  1.985092e+01  0.000000e+00
   endloop
 endfacet
 facet normal -0.000000e+00  0.000000e+00 -1.000000e+00
   outer loop
     vertex  4.932185e+01  2.305576e+01  0.000000e+00
     vertex  4.040000e+01  1.355092e+01  0.000000e+00
     vertex  4.927539e+01  2.305991e+01  0.000000e+00
   endloop
 endfacet
 facet normal  0.000000e+00 -0.000000e+00 -1.000000e+00
   outer loop
     vertex  4.775400e+01  2.463440e+01  0.000000e+00
     vertex  4.775783e+01  2.458792e+01  0.000000e+00
     vertex  4.045000e+01  1.985092e+01  0.000000e+00
   endloop
 endfacet
 facet normal -0.000000e+00  0.000000e+00 -1.000000e+00
   outer loop
     vertex  4.936840e+01  2.305288e+01  0.000000e+00
     vertex  4.040000e+01  1.355092e+01  0.000000e+00
     vertex  4.932185e+01  2.305576e+01  0.000000e+00
   endloop
 endfacet
 facet normal  0.000000e+00 -0.000000e+00 -1.000000e+00
   outer loop
     vertex  4.936840e+01  2.305288e+01  0.000000e+00
     vertex  5.740000e+01  1.355092e+01  0.000000e+00
     vertex  4.040000e+01  1.355092e+01  0.000000e+00
   endloop
 endfacet
 facet normal  0.000000e+00 -0.000000e+00 -1.000000e+00
   outer loop
     vertex  4.775144e+01  2.468097e+01  0.000000e+00
     vertex  4.775400e+01  2.463440e+01  0.000000e+00
     vertex  4.045000e+01  1.985092e+01  0.000000e+00
   endloop
 endfacet
 facet normal -0.000000e+00 -0.000000e+00 -1.000000e+00
   outer loop
     vertex  4.941502e+01  2.305128e+01  0.000000e+00
     vertex  5.740000e+01  1.355092e+01  0.000000e+00
     vertex  4.936840e+01  2.305288e+01  0.000000e+00
   endloop
 endfacet
 facet normal  0.000000e+00 -0.000000e+00 -1.000000e+00
   outer loop
     vertex  4.775016e+01  2.472760e+01  0.000000e+00
     vertex  4.775144e+01  2.468097e+01  0.000000e+00
     vertex  4.045000e+01  1.985092e+01  0.000000e+00
   endloop
 endfacet
 facet normal -0.000000e+00 -0.000000e+00 -1.000000e+00
   outer loop
     vertex  4.946166e+01  2.305096e+01  0.000000e+00
     vertex  5.740000e+01  1.355092e+01  0.000000e+00
     vertex  4.941502e+01  2.305128e+01  0.000000e+00
   endloop
 endfacet
 facet normal -0.000000e+00  0.000000e+00 -1.000000e+00
   outer loop
     vertex  4.775016e+01  2.477424e+01  0.000000e+00
     vertex  4.045000e+01  1.985092e+01  0.000000e+00
     vertex  4.045000e+01  2.965092e+01  0.000000e+00
   endloop
 endfacet
 facet normal  0.000000e+00 -0.000000e+00 -1.000000e+00
   outer loop
     vertex  4.775016e+01  2.477424e+01  0.000000e+00
     vertex  4.775016e+01  2.472760e+01  0.000000e+00
     vertex  4.045000e+01  1.985092e+01  0.000000e+00
   endloop
 endfacet
 facet normal  0.000000e+00 -0.000000e+00 -1.000000e+00
   outer loop
     vertex  4.950829e+01  2.305192e+01  0.000000e+00
     vertex  5.740000e+01  1.355092e+01  0.000000e+00
     vertex  4.946166e+01  2.305096e+01  0.000000e+00
   endloop
 endfacet
 facet normal -0.000000e+00  0.000000e+00 -1.000000e+00
   outer loop
     vertex  4.775144e+01  2.482087e+01  0.000000e+00
     vertex  4.775016e+01  2.477424e+01  0.000000e+00
     vertex  4.045000e+01  2.965092e+01  0.000000e+00
   endloop
 endfacet
 facet normal  0.000000e+00 -0.000000e+00 -1.000000e+00
   outer loop
     vertex  4.955488e+01  2.305416e+01  0.000000e+00
     vertex  5.740000e+01  1.355092e+01  0.000000e+00
     vertex  4.950829e+01  2.305192e+01  0.000000e+00
   endloop
 endfacet
 facet normal -0.000000e+00  0.000000e+00 -1.000000e+00
   outer loop
     vertex  4.775400e+01  2.486744e+01  0.000000e+00
     vertex  4.775144e+01  2.482087e+01  0.000000e+00
     vertex  4.045000e+01  2.965092e+01  0.000000e+00
   endloop
 endfacet
 facet normal  0.000000e+00 -0.000000e+00 -1.000000e+00
   outer loop
     vertex  4.960139e+01  2.305767e+01  0.000000e+00
     vertex  5.740000e+01  1.355092e+01  0.000000e+00
     vertex  4.955488e+01  2.305416e+01  0.000000e+00
   endloop
 endfacet
 facet normal -0.000000e+00  0.000000e+00 -1.000000e+00
   outer loop
     vertex  4.775783e+01  2.491392e+01  0.000000e+00
     vertex  4.775400e+01  2.486744e+01  0.000000e+00
     vertex  4.045000e+01  2.965092e+01  0.000000e+00
   endloop
 endfacet
 facet normal  0.000000e+00 -0.000000e+00 -1.000000e+00
   outer loop
     vertex  4.964779e+01  2.306246e+01  0.000000e+00
     vertex  5.740000e+01  1.355092e+01  0.000000e+00
     vertex  4.960139e+01  2.305767e+01  0.000000e+00
   endloop
 endfacet
 facet normal -0.000000e+00  0.000000e+00 -1.000000e+00
   outer loop
     vertex  4.776294e+01  2.496028e+01  0.000000e+00
     vertex  4.775783e+01  2.491392e+01  0.000000e+00
     vertex  4.045000e+01  2.965092e+01  0.000000e+00
   endloop
 endfacet
 facet normal  0.000000e+00 -0.000000e+00 -1.000000e+00
   outer loop
     vertex  4.969403e+01  2.306853e+01  0.000000e+00
     vertex  5.740000e+01  1.355092e+01  0.000000e+00
     vertex  4.964779e+01  2.306246e+01  0.000000e+00
   endloop
 endfacet
 facet normal -0.000000e+00  0.000000e+00 -1.000000e+00
   outer loop
     vertex  4.776932e+01  2.500649e+01  0.000000e+00
     vertex  4.776294e+01  2.496028e+01  0.000000e+00
     vertex  4.045000e+01  2.965092e+01  0.000000e+00
   endloop
 endfacet
 facet normal  0.000000e+00 -0.000000e+00 -1.000000e+00
   outer loop
     vertex  4.974010e+01  2.307585e+01  0.000000e+00
     vertex  5.740000e+01  1.355092e+01  0.000000e+00
     vertex  4.969403e+01  2.306853e+01  0.000000e+00
   endloop
 endfacet
 facet normal -0.000000e+00  0.000000e+00 -1.000000e+00
   outer loop
     vertex  4.777696e+01  2.505250e+01  0.000000e+00
     vertex  4.776932e+01  2.500649e+01  0.000000e+00
     vertex  4.045000e+01  2.965092e+01  0.000000e+00
   endloop
 endfacet
 facet normal  0.000000e+00 -0.000000e+00 -1.000000e+00
   outer loop
     vertex  4.978594e+01  2.308444e+01  0.000000e+00
     vertex  5.740000e+01  1.355092e+01  0.000000e+00
     vertex  4.974010e+01  2.307585e+01  0.000000e+00
   endloop
 endfacet
 facet normal -0.000000e+00  0.000000e+00 -1.000000e+00
   outer loop
     vertex  4.778587e+01  2.509828e+01  0.000000e+00
     vertex  4.777696e+01  2.505250e+01  0.000000e+00
     vertex  4.045000e+01  2.965092e+01  0.000000e+00
   endloop
 endfacet
 facet normal  0.000000e+00 -0.000000e+00 -1.000000e+00
   outer loop
     vertex  4.983153e+01  2.309429e+01  0.000000e+00
     vertex  5.740000e+01  1.355092e+01  0.000000e+00
     vertex  4.978594e+01  2.308444e+01  0.000000e+00
   endloop
 endfacet
 facet normal -0.000000e+00  0.000000e+00 -1.000000e+00
   outer loop
     vertex  4.779602e+01  2.514381e+01  0.000000e+00
     vertex  4.778587e+01  2.509828e+01  0.000000e+00
     vertex  4.045000e+01  2.965092e+01  0.000000e+00
   endloop
 endfacet
 facet normal  0.000000e+00 -0.000000e+00 -1.000000e+00
   outer loop
     vertex  4.987684e+01  2.310538e+01  0.000000e+00
     vertex  5.740000e+01  1.355092e+01  0.000000e+00
     vertex  4.983153e+01  2.309429e+01  0.000000e+00
   endloop
 endfacet
 facet normal -0.000000e+00  0.000000e+00 -1.000000e+00
   outer loop
     vertex  4.780742e+01  2.518903e+01  0.000000e+00
     vertex  4.779602e+01  2.514381e+01  0.000000e+00
     vertex  4.045000e+01  2.965092e+01  0.000000e+00
   endloop
 endfacet
 facet normal  0.000000e+00 -0.000000e+00 -1.000000e+00
   outer loop
     vertex  4.992182e+01  2.311771e+01  0.000000e+00
     vertex  5.740000e+01  1.355092e+01  0.000000e+00
     vertex  4.987684e+01  2.310538e+01  0.000000e+00
   endloop
 endfacet
 facet normal -0.000000e+00  0.000000e+00 -1.000000e+00
   outer loop
     vertex  4.782006e+01  2.523393e+01  0.000000e+00
     vertex  4.780742e+01  2.518903e+01  0.000000e+00
     vertex  4.045000e+01  2.965092e+01  0.000000e+00
   endloop
 endfacet
 facet normal  0.000000e+00 -0.000000e+00 -1.000000e+00
   outer loop
     vertex  4.996645e+01  2.313127e+01  0.000000e+00
     vertex  5.740000e+01  1.355092e+01  0.000000e+00
     vertex  4.992182e+01  2.311771e+01  0.000000e+00
   endloop
 endfacet
 facet normal -0.000000e+00  0.000000e+00 -1.000000e+00
   outer loop
     vertex  4.783393e+01  2.527847e+01  0.000000e+00
     vertex  4.782006e+01  2.523393e+01  0.000000e+00
     vertex  4.045000e+01  2.965092e+01  0.000000e+00
   endloop
 endfacet
 facet normal  0.000000e+00 -0.000000e+00 -1.000000e+00
   outer loop
     vertex  5.001069e+01  2.314604e+01  0.000000e+00
     vertex  5.740000e+01  1.355092e+01  0.000000e+00
     vertex  4.996645e+01  2.313127e+01  0.000000e+00
   endloop
 endfacet
 facet normal -0.000000e+00  0.000000e+00 -1.000000e+00
   outer loop
     vertex  4.784901e+01  2.532260e+01  0.000000e+00
     vertex  4.783393e+01  2.527847e+01  0.000000e+00
     vertex  4.045000e+01  2.965092e+01  0.000000e+00
   endloop
 endfacet
 facet normal  0.000000e+00 -0.000000e+00 -1.000000e+00
   outer loop
     vertex  5.005451e+01  2.316203e+01  0.000000e+00
     vertex  5.740000e+01  1.355092e+01  0.000000e+00
     vertex  5.001069e+01  2.314604e+01  0.000000e+00
   endloop
 endfacet
 facet normal -0.000000e+00  0.000000e+00 -1.000000e+00
   outer loop
     vertex  4.786529e+01  2.536631e+01  0.000000e+00
     vertex  4.784901e+01  2.532260e+01  0.000000e+00
     vertex  4.045000e+01  2.965092e+01  0.000000e+00
   endloop
 endfacet
 facet normal  0.000000e+00 -0.000000e+00 -1.000000e+00
   outer loop
     vertex  5.009787e+01  2.317921e+01  0.000000e+00
     vertex  5.740000e+01  1.355092e+01  0.000000e+00
     vertex  5.005451e+01  2.316203e+01  0.000000e+00
   endloop
 endfacet
 facet normal -0.000000e+00  0.000000e+00 -1.000000e+00
   outer loop
     vertex  4.788277e+01  2.540955e+01  0.000000e+00
     vertex  4.786529e+01  2.536631e+01  0.000000e+00
     vertex  4.045000e+01  2.965092e+01  0.000000e+00
   endloop
 endfacet
 facet normal  0.000000e+00 -0.000000e+00 -1.000000e+00
   outer loop
     vertex  5.014074e+01  2.319758e+01  0.000000e+00
     vertex  5.740000e+01  1.355092e+01  0.000000e+00
     vertex  5.009787e+01  2.317921e+01  0.000000e+00
   endloop
 endfacet
 facet normal -0.000000e+00  0.000000e+00 -1.000000e+00
   outer loop
     vertex  4.790143e+01  2.545230e+01  0.000000e+00
     vertex  4.788277e+01  2.540955e+01  0.000000e+00
     vertex  4.045000e+01  2.965092e+01  0.000000e+00
   endloop
 endfacet
 facet normal -0.000000e+00  0.000000e+00 -1.000000e+00
   outer loop
     vertex  4.792126e+01  2.549452e+01  0.000000e+00
     vertex  4.790143e+01  2.545230e+01  0.000000e+00
     vertex  4.045000e+01  2.965092e+01  0.000000e+00
   endloop
 endfacet
 facet normal -0.000000e+00  0.000000e+00 -1.000000e+00
   outer loop
     vertex  4.794223e+01  2.553618e+01  0.000000e+00
     vertex  4.792126e+01  2.549452e+01  0.000000e+00
     vertex  4.045000e+01  2.965092e+01  0.000000e+00
   endloop
 endfacet
 facet normal -0.000000e+00  0.000000e+00 -1.000000e+00
   outer loop
     vertex  4.796434e+01  2.557725e+01  0.000000e+00
     vertex  4.794223e+01  2.553618e+01  0.000000e+00
     vertex  4.045000e+01  2.965092e+01  0.000000e+00
   endloop
 endfacet
 facet normal  0.000000e+00  0.000000e+00 -1.000000e+00
   outer loop
     vertex  3.060000e+01  4.295092e+01  0.000000e+00
     vertex  1.360000e+01  4.295092e+01  0.000000e+00
     vertex  1.300000e+00  4.950184e+01  0.000000e+00
   endloop
 endfacet
 facet normal  0.000000e+00 -0.000000e+00 -1.000000e+00
   outer loop
     vertex  3.410000e+01  3.945092e+01  0.000000e+00
     vertex  3.695000e+01  3.315092e+01  0.000000e+00
     vertex  3.060000e+01  3.595092e+01  0.000000e+00
   endloop
 endfacet
 facet normal -0.000000e+00  0.000000e+00 -1.000000e+00
   outer loop
     vertex  4.798757e+01  2.561770e+01  0.000000e+00
     vertex  4.796434e+01  2.557725e+01  0.000000e+00
     vertex  4.045000e+01  2.965092e+01  0.000000e+00
   endloop
 endfacet
 facet normal -0.000000e+00  0.000000e+00 -1.000000e+00
   outer loop
     vertex  4.801190e+01  2.565749e+01  0.000000e+00
     vertex  4.798757e+01  2.561770e+01  0.000000e+00
     vertex  4.045000e+01  2.965092e+01  0.000000e+00
   endloop
 endfacet
 facet normal -0.000000e+00  0.000000e+00 -1.000000e+00
   outer loop
     vertex  4.803731e+01  2.569660e+01  0.000000e+00
     vertex  4.801190e+01  2.565749e+01  0.000000e+00
     vertex  4.045000e+01  2.965092e+01  0.000000e+00
   endloop
 endfacet
 facet normal -0.000000e+00  0.000000e+00 -1.000000e+00
   outer loop
     vertex  6.720000e+01  6.550920e+00  0.000000e+00
     vertex  1.300000e+00  0.000000e+00  0.000000e+00
     vertex  5.740000e+01  6.550920e+00  0.000000e+00
   endloop
 endfacet
 facet normal  0.000000e+00  0.000000e+00 -1.000000e+00
   outer loop
     vertex  6.720000e+01  6.550920e+00  0.000000e+00
     vertex  5.740000e+01  6.550920e+00  0.000000e+00
     vertex  6.090000e+01  1.005092e+01  0.000000e+00
   endloop
 endfacet
 facet normal  0.000000e+00  0.000000e+00 -1.000000e+00
   outer loop
     vertex  6.720000e+01  6.550920e+00  0.000000e+00
     vertex  6.090000e+01  1.005092e+01  0.000000e+00
     vertex  6.370000e+01  1.005092e+01  0.000000e+00
   endloop
 endfacet
 facet normal -0.000000e+00  0.000000e+00 -1.000000e+00
   outer loop
     vertex  4.806379e+01  2.573500e+01  0.000000e+00
     vertex  4.803731e+01  2.569660e+01  0.000000e+00
     vertex  4.045000e+01  2.965092e+01  0.000000e+00
   endloop
 endfacet
 facet normal -0.000000e+00  0.000000e+00 -1.000000e+00
   outer loop
     vertex  4.809131e+01  2.577266e+01  0.000000e+00
     vertex  4.806379e+01  2.573500e+01  0.000000e+00
     vertex  4.045000e+01  2.965092e+01  0.000000e+00
   endloop
 endfacet
 facet normal -0.000000e+00  0.000000e+00 -1.000000e+00
   outer loop
     vertex  4.811985e+01  2.580955e+01  0.000000e+00
     vertex  4.809131e+01  2.577266e+01  0.000000e+00
     vertex  4.045000e+01  2.965092e+01  0.000000e+00
   endloop
 endfacet
 facet normal -0.000000e+00  0.000000e+00 -1.000000e+00
   outer loop
     vertex  4.814939e+01  2.584564e+01  0.000000e+00
     vertex  4.811985e+01  2.580955e+01  0.000000e+00
     vertex  4.045000e+01  2.965092e+01  0.000000e+00
   endloop
 endfacet
 facet normal -0.000000e+00  0.000000e+00 -1.000000e+00
   outer loop
     vertex  4.817991e+01  2.588091e+01  0.000000e+00
     vertex  4.814939e+01  2.584564e+01  0.000000e+00
     vertex  4.045000e+01  2.965092e+01  0.000000e+00
   endloop
 endfacet
 facet normal -0.000000e+00  0.000000e+00 -1.000000e+00
   outer loop
     vertex  4.821139e+01  2.591533e+01  0.000000e+00
     vertex  4.817991e+01  2.588091e+01  0.000000e+00
     vertex  4.045000e+01  2.965092e+01  0.000000e+00
   endloop
 endfacet
 facet normal -0.000000e+00  0.000000e+00 -1.000000e+00
   outer loop
     vertex  4.824380e+01  2.594887e+01  0.000000e+00
     vertex  4.821139e+01  2.591533e+01  0.000000e+00
     vertex  4.045000e+01  2.965092e+01  0.000000e+00
   endloop
 endfacet
 facet normal -0.000000e+00  0.000000e+00 -1.000000e+00
   outer loop
     vertex  4.827712e+01  2.598151e+01  0.000000e+00
     vertex  4.824380e+01  2.594887e+01  0.000000e+00
     vertex  4.045000e+01  2.965092e+01  0.000000e+00
   endloop
 endfacet
 facet normal -0.000000e+00  0.000000e+00 -1.000000e+00
   outer loop
     vertex  4.831132e+01  2.601323e+01  0.000000e+00
     vertex  4.827712e+01  2.598151e+01  0.000000e+00
     vertex  4.045000e+01  2.965092e+01  0.000000e+00
   endloop
 endfacet
 facet normal -0.000000e+00  0.000000e+00 -1.000000e+00
   outer loop
     vertex  4.834638e+01  2.604399e+01  0.000000e+00
     vertex  4.831132e+01  2.601323e+01  0.000000e+00
     vertex  4.045000e+01  2.965092e+01  0.000000e+00
   endloop
 endfacet
 facet normal -0.000000e+00  0.000000e+00 -1.000000e+00
   outer loop
     vertex  4.838227e+01  2.607378e+01  0.000000e+00
     vertex  4.834638e+01  2.604399e+01  0.000000e+00
     vertex  4.045000e+01  2.965092e+01  0.000000e+00
   endloop
 endfacet
 facet normal -0.000000e+00  0.000000e+00 -1.000000e+00
   outer loop
     vertex  4.841896e+01  2.610257e+01  0.000000e+00
     vertex  4.838227e+01  2.607378e+01  0.000000e+00
     vertex  4.045000e+01  2.965092e+01  0.000000e+00
   endloop
 endfacet
 facet normal -0.000000e+00  0.000000e+00 -1.000000e+00
   outer loop
     vertex  4.845643e+01  2.613035e+01  0.000000e+00
     vertex  4.841896e+01  2.610257e+01  0.000000e+00
     vertex  4.045000e+01  2.965092e+01  0.000000e+00
   endloop
 endfacet
 facet normal -0.000000e+00  0.000000e+00 -1.000000e+00
   outer loop
     vertex  4.849465e+01  2.615709e+01  0.000000e+00
     vertex  4.845643e+01  2.613035e+01  0.000000e+00
     vertex  4.045000e+01  2.965092e+01  0.000000e+00
   endloop
 endfacet
 facet normal -0.000000e+00  0.000000e+00 -1.000000e+00
   outer loop
     vertex  4.853359e+01  2.618277e+01  0.000000e+00
     vertex  4.849465e+01  2.615709e+01  0.000000e+00
     vertex  4.045000e+01  2.965092e+01  0.000000e+00
   endloop
 endfacet
 facet normal -0.000000e+00  0.000000e+00 -1.000000e+00
   outer loop
     vertex  4.857321e+01  2.620737e+01  0.000000e+00
     vertex  4.853359e+01  2.618277e+01  0.000000e+00
     vertex  4.045000e+01  2.965092e+01  0.000000e+00
   endloop
 endfacet
 facet normal -0.000000e+00  0.000000e+00 -1.000000e+00
   outer loop
     vertex  4.861350e+01  2.623088e+01  0.000000e+00
     vertex  4.857321e+01  2.620737e+01  0.000000e+00
     vertex  4.045000e+01  2.965092e+01  0.000000e+00
   endloop
 endfacet
 facet normal -0.000000e+00  0.000000e+00 -1.000000e+00
   outer loop
     vertex  4.865442e+01  2.625327e+01  0.000000e+00
     vertex  4.861350e+01  2.623088e+01  0.000000e+00
     vertex  4.045000e+01  2.965092e+01  0.000000e+00
   endloop
 endfacet
 facet normal -0.000000e+00  0.000000e+00 -1.000000e+00
   outer loop
     vertex  4.869593e+01  2.627453e+01  0.000000e+00
     vertex  4.865442e+01  2.625327e+01  0.000000e+00
     vertex  4.045000e+01  2.965092e+01  0.000000e+00
   endloop
 endfacet
 facet normal -0.000000e+00  0.000000e+00 -1.000000e+00
   outer loop
     vertex  4.873801e+01  2.629464e+01  0.000000e+00
     vertex  4.869593e+01  2.627453e+01  0.000000e+00
     vertex  4.045000e+01  2.965092e+01  0.000000e+00
   endloop
 endfacet
 facet normal -0.000000e+00  0.000000e+00 -1.000000e+00
   outer loop
     vertex  4.878063e+01  2.631359e+01  0.000000e+00
     vertex  4.873801e+01  2.629464e+01  0.000000e+00
     vertex  4.045000e+01  2.965092e+01  0.000000e+00
   endloop
 endfacet
 facet normal -0.000000e+00  0.000000e+00 -1.000000e+00
   outer loop
     vertex  4.882375e+01  2.633137e+01  0.000000e+00
     vertex  4.878063e+01  2.631359e+01  0.000000e+00
     vertex  4.045000e+01  2.965092e+01  0.000000e+00
   endloop
 endfacet
 facet normal -0.000000e+00  0.000000e+00 -1.000000e+00
   outer loop
     vertex  4.886735e+01  2.634795e+01  0.000000e+00
     vertex  4.882375e+01  2.633137e+01  0.000000e+00
     vertex  4.045000e+01  2.965092e+01  0.000000e+00
   endloop
 endfacet
 facet normal -0.000000e+00 -0.000000e+00 -1.000000e+00
   outer loop
     vertex  3.690000e+01  3.945092e+01  0.000000e+00
     vertex  3.695000e+01  3.315092e+01  0.000000e+00
     vertex  3.410000e+01  3.945092e+01  0.000000e+00
   endloop
 endfacet
 facet normal  0.000000e+00 -0.000000e+00 -1.000000e+00
   outer loop
     vertex  4.040000e+01  3.595092e+01  0.000000e+00
     vertex  4.045000e+01  2.965092e+01  0.000000e+00
     vertex  3.695000e+01  3.315092e+01  0.000000e+00
   endloop
 endfacet
 facet normal -0.000000e+00  0.000000e+00 -1.000000e+00
   outer loop
     vertex  4.040000e+01  3.595092e+01  0.000000e+00
     vertex  3.695000e+01  3.315092e+01  0.000000e+00
     vertex  3.690000e+01  3.945092e+01  0.000000e+00
   endloop
 endfacet
 facet normal  0.000000e+00  0.000000e+00 -1.000000e+00
   outer loop
     vertex  4.040000e+01  3.595092e+01  0.000000e+00
     vertex  4.886735e+01  2.634795e+01  0.000000e+00
     vertex  4.045000e+01  2.965092e+01  0.000000e+00
   endloop
 endfacet
 facet normal  0.000000e+00  0.000000e+00 -1.000000e+00
   outer loop
     vertex  4.040000e+01  3.595092e+01  0.000000e+00
     vertex  4.936840e+01  2.644896e+01  0.000000e+00
     vertex  4.932185e+01  2.644608e+01  0.000000e+00
   endloop
 endfacet
 facet normal  0.000000e+00  0.000000e+00 -1.000000e+00
   outer loop
     vertex  4.040000e+01  3.595092e+01  0.000000e+00
     vertex  4.932185e+01  2.644608e+01  0.000000e+00
     vertex  4.927539e+01  2.644193e+01  0.000000e+00
   endloop
 endfacet
 facet normal  0.000000e+00  0.000000e+00 -1.000000e+00
   outer loop
     vertex  4.040000e+01  3.595092e+01  0.000000e+00
     vertex  4.927539e+01  2.644193e+01  0.000000e+00
     vertex  4.922907e+01  2.643650e+01  0.000000e+00
   endloop
 endfacet
 facet normal  0.000000e+00  0.000000e+00 -1.000000e+00
   outer loop
     vertex  4.040000e+01  3.595092e+01  0.000000e+00
     vertex  4.922907e+01  2.643650e+01  0.000000e+00
     vertex  4.918291e+01  2.642981e+01  0.000000e+00
   endloop
 endfacet
 facet normal  0.000000e+00  0.000000e+00 -1.000000e+00
   outer loop
     vertex  4.040000e+01  3.595092e+01  0.000000e+00
     vertex  4.918291e+01  2.642981e+01  0.000000e+00
     vertex  4.913695e+01  2.642185e+01  0.000000e+00
   endloop
 endfacet
 facet normal  0.000000e+00  0.000000e+00 -1.000000e+00
   outer loop
     vertex  4.040000e+01  3.595092e+01  0.000000e+00
     vertex  4.913695e+01  2.642185e+01  0.000000e+00
     vertex  4.909123e+01  2.641263e+01  0.000000e+00
   endloop
 endfacet
 facet normal  0.000000e+00  0.000000e+00 -1.000000e+00
   outer loop
     vertex  4.040000e+01  3.595092e+01  0.000000e+00
     vertex  4.909123e+01  2.641263e+01  0.000000e+00
     vertex  4.904578e+01  2.640216e+01  0.000000e+00
   endloop
 endfacet
 facet normal  0.000000e+00  0.000000e+00 -1.000000e+00
   outer loop
     vertex  4.040000e+01  3.595092e+01  0.000000e+00
     vertex  4.904578e+01  2.640216e+01  0.000000e+00
     vertex  4.900063e+01  2.639045e+01  0.000000e+00
   endloop
 endfacet
 facet normal  0.000000e+00  0.000000e+00 -1.000000e+00
   outer loop
     vertex  4.040000e+01  3.595092e+01  0.000000e+00
     vertex  4.900063e+01  2.639045e+01  0.000000e+00
     vertex  4.895582e+01  2.637751e+01  0.000000e+00
   endloop
 endfacet
 facet normal  0.000000e+00  0.000000e+00 -1.000000e+00
   outer loop
     vertex  4.040000e+01  3.595092e+01  0.000000e+00
     vertex  4.895582e+01  2.637751e+01  0.000000e+00
     vertex  4.891138e+01  2.636334e+01  0.000000e+00
   endloop
 endfacet
 facet normal  0.000000e+00  0.000000e+00 -1.000000e+00
   outer loop
     vertex  4.040000e+01  3.595092e+01  0.000000e+00
     vertex  4.891138e+01  2.636334e+01  0.000000e+00
     vertex  4.886735e+01  2.634795e+01  0.000000e+00
   endloop
 endfacet
 facet normal  0.000000e+00 -0.000000e+00 -1.000000e+00
   outer loop
     vertex  6.195000e+01  1.635092e+01  0.000000e+00
     vertex  6.370000e+01  1.005092e+01  0.000000e+00
     vertex  6.090000e+01  1.005092e+01  0.000000e+00
   endloop
 endfacet
 facet normal  0.000000e+00  0.000000e+00 -1.000000e+00
   outer loop
     vertex  6.195000e+01  1.635092e+01  0.000000e+00
     vertex  6.090000e+01  1.005092e+01  0.000000e+00
     vertex  5.740000e+01  1.355092e+01  0.000000e+00
   endloop
 endfacet
 facet normal  0.000000e+00  0.000000e+00 -1.000000e+00
   outer loop
     vertex  5.845000e+01  1.985092e+01  0.000000e+00
     vertex  5.026612e+01  2.325963e+01  0.000000e+00
     vertex  5.030672e+01  2.328258e+01  0.000000e+00
   endloop
 endfacet
 facet normal  0.000000e+00  0.000000e+00 -1.000000e+00
   outer loop
     vertex  5.845000e+01  1.985092e+01  0.000000e+00
     vertex  5.030672e+01  2.328258e+01  0.000000e+00
     vertex  5.034668e+01  2.330664e+01  0.000000e+00
   endloop
 endfacet
 facet normal  0.000000e+00  0.000000e+00 -1.000000e+00
   outer loop
     vertex  5.845000e+01  1.985092e+01  0.000000e+00
     vertex  5.034668e+01  2.330664e+01  0.000000e+00
     vertex  5.038597e+01  2.333178e+01  0.000000e+00
   endloop
 endfacet
 facet normal  0.000000e+00  0.000000e+00 -1.000000e+00
   outer loop
     vertex  5.845000e+01  1.985092e+01  0.000000e+00
     vertex  5.038597e+01  2.333178e+01  0.000000e+00
     vertex  5.042455e+01  2.335799e+01  0.000000e+00
   endloop
 endfacet
 facet normal  0.000000e+00  0.000000e+00 -1.000000e+00
   outer loop
     vertex  5.845000e+01  1.985092e+01  0.000000e+00
     vertex  5.042455e+01  2.335799e+01  0.000000e+00
     vertex  5.046240e+01  2.338525e+01  0.000000e+00
   endloop
 endfacet
 facet normal  0.000000e+00  0.000000e+00 -1.000000e+00
   outer loop
     vertex  5.845000e+01  1.985092e+01  0.000000e+00
     vertex  5.046240e+01  2.338525e+01  0.000000e+00
     vertex  5.049948e+01  2.341354e+01  0.000000e+00
   endloop
 endfacet
 facet normal  0.000000e+00  0.000000e+00 -1.000000e+00
   outer loop
     vertex  5.845000e+01  1.985092e+01  0.000000e+00
     vertex  5.049948e+01  2.341354e+01  0.000000e+00
     vertex  5.053578e+01  2.344283e+01  0.000000e+00
   endloop
 endfacet
 facet normal  0.000000e+00  0.000000e+00 -1.000000e+00
   outer loop
     vertex  5.845000e+01  1.985092e+01  0.000000e+00
     vertex  5.053578e+01  2.344283e+01  0.000000e+00
     vertex  5.057125e+01  2.347311e+01  0.000000e+00
   endloop
 endfacet
 facet normal  0.000000e+00  0.000000e+00 -1.000000e+00
   outer loop
     vertex  5.845000e+01  1.985092e+01  0.000000e+00
     vertex  5.057125e+01  2.347311e+01  0.000000e+00
     vertex  5.060589e+01  2.350435e+01  0.000000e+00
   endloop
 endfacet
 facet normal  0.000000e+00  0.000000e+00 -1.000000e+00
   outer loop
     vertex  5.845000e+01  1.985092e+01  0.000000e+00
     vertex  5.060589e+01  2.350435e+01  0.000000e+00
     vertex  5.063965e+01  2.353653e+01  0.000000e+00
   endloop
 endfacet
 facet normal  0.000000e+00  0.000000e+00 -1.000000e+00
   outer loop
     vertex  5.845000e+01  1.985092e+01  0.000000e+00
     vertex  5.063965e+01  2.353653e+01  0.000000e+00
     vertex  5.067252e+01  2.356963e+01  0.000000e+00
   endloop
 endfacet
 facet normal  0.000000e+00  0.000000e+00 -1.000000e+00
   outer loop
     vertex  5.845000e+01  1.985092e+01  0.000000e+00
     vertex  5.067252e+01  2.356963e+01  0.000000e+00
     vertex  5.070447e+01  2.360361e+01  0.000000e+00
   endloop
 endfacet
 facet normal -0.000000e+00  0.000000e+00 -1.000000e+00
   outer loop
     vertex  5.845000e+01  1.985092e+01  0.000000e+00
     vertex  5.740000e+01  1.355092e+01  0.000000e+00
     vertex  5.014074e+01  2.319758e+01  0.000000e+00
   endloop
 endfacet
 facet normal  0.000000e+00  0.000000e+00 -1.000000e+00
   outer loop
     vertex  5.845000e+01  1.985092e+01  0.000000e+00
     vertex  5.070447e+01  2.360361e+01  0.000000e+00
     vertex  5.073547e+01  2.363846e+01  0.000000e+00
   endloop
 endfacet
 facet normal  0.000000e+00  0.000000e+00 -1.000000e+00
   outer loop
     vertex  5.845000e+01  1.985092e+01  0.000000e+00
     vertex  5.073547e+01  2.363846e+01  0.000000e+00
     vertex  5.076550e+01  2.367414e+01  0.000000e+00
   endloop
 endfacet
 facet normal  0.000000e+00  0.000000e+00 -1.000000e+00
   outer loop
     vertex  5.845000e+01  1.985092e+01  0.000000e+00
     vertex  5.076550e+01  2.367414e+01  0.000000e+00
     vertex  5.079455e+01  2.371064e+01  0.000000e+00
   endloop
 endfacet
 facet normal  0.000000e+00  0.000000e+00 -1.000000e+00
   outer loop
     vertex  5.845000e+01  1.985092e+01  0.000000e+00
     vertex  5.079455e+01  2.371064e+01  0.000000e+00
     vertex  5.082258e+01  2.374792e+01  0.000000e+00
   endloop
 endfacet
 facet normal  0.000000e+00  0.000000e+00 -1.000000e+00
   outer loop
     vertex  5.845000e+01  1.985092e+01  0.000000e+00
     vertex  5.082258e+01  2.374792e+01  0.000000e+00
     vertex  5.084958e+01  2.378595e+01  0.000000e+00
   endloop
 endfacet
 facet normal  0.000000e+00  0.000000e+00 -1.000000e+00
   outer loop
     vertex  5.845000e+01  1.985092e+01  0.000000e+00
     vertex  5.084958e+01  2.378595e+01  0.000000e+00
     vertex  5.087553e+01  2.382471e+01  0.000000e+00
   endloop
 endfacet
 facet normal  0.000000e+00  0.000000e+00 -1.000000e+00
   outer loop
     vertex  5.845000e+01  1.985092e+01  0.000000e+00
     vertex  5.087553e+01  2.382471e+01  0.000000e+00
     vertex  5.090040e+01  2.386416e+01  0.000000e+00
   endloop
 endfacet
 facet normal  0.000000e+00  0.000000e+00 -1.000000e+00
   outer loop
     vertex  5.845000e+01  1.985092e+01  0.000000e+00
     vertex  5.090040e+01  2.386416e+01  0.000000e+00
     vertex  5.092418e+01  2.390429e+01  0.000000e+00
   endloop
 endfacet
 facet normal  0.000000e+00  0.000000e+00 -1.000000e+00
   outer loop
     vertex  5.845000e+01  1.985092e+01  0.000000e+00
     vertex  5.092418e+01  2.390429e+01  0.000000e+00
     vertex  5.094685e+01  2.394505e+01  0.000000e+00
   endloop
 endfacet
 facet normal  0.000000e+00  0.000000e+00 -1.000000e+00
   outer loop
     vertex  5.845000e+01  1.985092e+01  0.000000e+00
     vertex  5.094685e+01  2.394505e+01  0.000000e+00
     vertex  5.096840e+01  2.398642e+01  0.000000e+00
   endloop
 endfacet
 facet normal  0.000000e+00  0.000000e+00 -1.000000e+00
   outer loop
     vertex  5.845000e+01  1.985092e+01  0.000000e+00
     vertex  5.096840e+01  2.398642e+01  0.000000e+00
     vertex  5.098880e+01  2.402836e+01  0.000000e+00
   endloop
 endfacet
 facet normal  0.000000e+00  0.000000e+00 -1.000000e+00
   outer loop
     vertex  5.845000e+01  1.985092e+01  0.000000e+00
     vertex  5.098880e+01  2.402836e+01  0.000000e+00
     vertex  5.100804e+01  2.407085e+01  0.000000e+00
   endloop
 endfacet
 facet normal  0.000000e+00  0.000000e+00 -1.000000e+00
   outer loop
     vertex  5.845000e+01  1.985092e+01  0.000000e+00
     vertex  5.100804e+01  2.407085e+01  0.000000e+00
     vertex  5.102612e+01  2.411385e+01  0.000000e+00
   endloop
 endfacet
 facet normal  0.000000e+00  0.000000e+00 -1.000000e+00
   outer loop
     vertex  5.845000e+01  1.985092e+01  0.000000e+00
     vertex  5.102612e+01  2.411385e+01  0.000000e+00
     vertex  5.104300e+01  2.415733e+01  0.000000e+00
   endloop
 endfacet
 facet normal  0.000000e+00  0.000000e+00 -1.000000e+00
   outer loop
     vertex  5.845000e+01  1.985092e+01  0.000000e+00
     vertex  5.104300e+01  2.415733e+01  0.000000e+00
     vertex  5.105868e+01  2.420125e+01  0.000000e+00
   endloop
 endfacet
 facet normal  0.000000e+00  0.000000e+00 -1.000000e+00
   outer loop
     vertex  5.845000e+01  1.985092e+01  0.000000e+00
     vertex  5.105868e+01  2.420125e+01  0.000000e+00
     vertex  5.107316e+01  2.424559e+01  0.000000e+00
   endloop
 endfacet
 facet normal  0.000000e+00  0.000000e+00 -1.000000e+00
   outer loop
     vertex  5.845000e+01  1.985092e+01  0.000000e+00
     vertex  5.107316e+01  2.424559e+01  0.000000e+00
     vertex  5.108641e+01  2.429031e+01  0.000000e+00
   endloop
 endfacet
 facet normal  0.000000e+00  0.000000e+00 -1.000000e+00
   outer loop
     vertex  5.845000e+01  1.985092e+01  0.000000e+00
     vertex  5.108641e+01  2.429031e+01  0.000000e+00
     vertex  5.109843e+01  2.433538e+01  0.000000e+00
   endloop
 endfacet
 facet normal  0.000000e+00  0.000000e+00 -1.000000e+00
   outer loop
     vertex  5.845000e+01  1.985092e+01  0.000000e+00
     vertex  5.109843e+01  2.433538e+01  0.000000e+00
     vertex  5.110921e+01  2.438076e+01  0.000000e+00
   endloop
 endfacet
 facet normal  0.000000e+00  0.000000e+00 -1.000000e+00
   outer loop
     vertex  5.845000e+01  1.985092e+01  0.000000e+00
     vertex  5.110921e+01  2.438076e+01  0.000000e+00
     vertex  5.111874e+01  2.442642e+01  0.000000e+00
   endloop
 endfacet
 facet normal  0.000000e+00  0.000000e+00 -1.000000e+00
   outer loop
     vertex  5.845000e+01  1.985092e+01  0.000000e+00
     vertex  5.111874e+01  2.442642e+01  0.000000e+00
     vertex  5.112702e+01  2.447232e+01  0.000000e+00
   endloop
 endfacet
 facet normal  0.000000e+00  0.000000e+00 -1.000000e+00
   outer loop
     vertex  5.845000e+01  1.985092e+01  0.000000e+00
     vertex  5.112702e+01  2.447232e+01  0.000000e+00
     vertex  5.113403e+01  2.451843e+01  0.000000e+00
   endloop
 endfacet
 facet normal  0.000000e+00  0.000000e+00 -1.000000e+00
   outer loop
     vertex  5.845000e+01  1.985092e+01  0.000000e+00
     vertex  5.113403e+01  2.451843e+01  0.000000e+00
     vertex  5.113977e+01  2.456472e+01  0.000000e+00
   endloop
 endfacet
 facet normal  0.000000e+00  0.000000e+00 -1.000000e+00
   outer loop
     vertex  5.845000e+01  1.985092e+01  0.000000e+00
     vertex  5.113977e+01  2.456472e+01  0.000000e+00
     vertex  5.114424e+01  2.461115e+01  0.000000e+00
   endloop
 endfacet
 facet normal  0.000000e+00  0.000000e+00 -1.000000e+00
   outer loop
     vertex  5.845000e+01  1.985092e+01  0.000000e+00
     vertex  5.114424e+01  2.461115e+01  0.000000e+00
     vertex  5.114744e+01  2.465768e+01  0.000000e+00
   endloop
 endfacet
 facet normal  0.000000e+00  0.000000e+00 -1.000000e+00
   outer loop
     vertex  5.845000e+01  1.985092e+01  0.000000e+00
     vertex  5.114744e+01  2.465768e+01  0.000000e+00
     vertex  5.114936e+01  2.470428e+01  0.000000e+00
   endloop
 endfacet
 facet normal  0.000000e+00  0.000000e+00 -1.000000e+00
   outer loop
     vertex  5.845000e+01  1.985092e+01  0.000000e+00
     vertex  5.114936e+01  2.470428e+01  0.000000e+00
     vertex  5.115000e+01  2.475092e+01  0.000000e+00
   endloop
 endfacet
 facet normal  0.000000e+00 -0.000000e+00 -1.000000e+00
   outer loop
     vertex  5.845000e+01  1.985092e+01  0.000000e+00
     vertex  6.195000e+01  1.635092e+01  0.000000e+00
     vertex  5.740000e+01  1.355092e+01  0.000000e+00
   endloop
 endfacet
 facet normal  0.000000e+00  0.000000e+00 -1.000000e+00
   outer loop
     vertex  5.845000e+01  1.985092e+01  0.000000e+00
     vertex  5.014074e+01  2.319758e+01  0.000000e+00
     vertex  5.018310e+01  2.321711e+01  0.000000e+00
   endloop
 endfacet
 facet normal  0.000000e+00  0.000000e+00 -1.000000e+00
   outer loop
     vertex  5.845000e+01  1.985092e+01  0.000000e+00
     vertex  5.018310e+01  2.321711e+01  0.000000e+00
     vertex  5.022490e+01  2.323780e+01  0.000000e+00
   endloop
 endfacet
 facet normal  0.000000e+00  0.000000e+00 -1.000000e+00
   outer loop
     vertex  5.845000e+01  1.985092e+01  0.000000e+00
     vertex  5.022490e+01  2.323780e+01  0.000000e+00
     vertex  5.026612e+01  2.325963e+01  0.000000e+00
   endloop
 endfacet
 facet normal -0.000000e+00  0.000000e+00 -1.000000e+00
   outer loop
     vertex  6.720000e+01  1.355092e+01  0.000000e+00
     vertex  6.370000e+01  1.005092e+01  0.000000e+00
     vertex  6.195000e+01  1.635092e+01  0.000000e+00
   endloop
 endfacet
 facet normal  0.000000e+00  0.000000e+00 -1.000000e+00
   outer loop
     vertex  4.040000e+01  4.295092e+01  0.000000e+00
     vertex  3.690000e+01  3.945092e+01  0.000000e+00
     vertex  3.410000e+01  3.945092e+01  0.000000e+00
   endloop
 endfacet
 facet normal -0.000000e+00  0.000000e+00 -1.000000e+00
   outer loop
     vertex  4.040000e+01  4.295092e+01  0.000000e+00
     vertex  3.410000e+01  3.945092e+01  0.000000e+00
     vertex  3.060000e+01  4.295092e+01  0.000000e+00
   endloop
 endfacet
 facet normal -0.000000e+00  0.000000e+00 -1.000000e+00
   outer loop
     vertex  7.080000e+01  1.635092e+01  0.000000e+00
     vertex  6.720000e+01  1.355092e+01  0.000000e+00
     vertex  6.195000e+01  1.635092e+01  0.000000e+00
   endloop
 endfacet
 facet normal  0.000000e+00  0.000000e+00 -1.000000e+00
   outer loop
     vertex  5.845000e+01  2.965092e+01  0.000000e+00
     vertex  5.115000e+01  2.475092e+01  0.000000e+00
     vertex  5.114936e+01  2.479756e+01  0.000000e+00
   endloop
 endfacet
 facet normal  0.000000e+00  0.000000e+00 -1.000000e+00
   outer loop
     vertex  5.845000e+01  2.965092e+01  0.000000e+00
     vertex  5.114936e+01  2.479756e+01  0.000000e+00
     vertex  5.114744e+01  2.484416e+01  0.000000e+00
   endloop
 endfacet
 facet normal  0.000000e+00 -0.000000e+00 -1.000000e+00
   outer loop
     vertex  5.845000e+01  2.965092e+01  0.000000e+00
     vertex  5.845000e+01  1.985092e+01  0.000000e+00
     vertex  5.115000e+01  2.475092e+01  0.000000e+00
   endloop
 endfacet
 facet normal  0.000000e+00  0.000000e+00 -1.000000e+00
   outer loop
     vertex  5.845000e+01  2.965092e+01  0.000000e+00
     vertex  5.114744e+01  2.484416e+01  0.000000e+00
     vertex  5.114424e+01  2.489069e+01  0.000000e+00
   endloop
 endfacet
 facet normal  0.000000e+00  0.000000e+00 -1.000000e+00
   outer loop
     vertex  5.845000e+01  2.965092e+01  0.000000e+00
     vertex  5.114424e+01  2.489069e+01  0.000000e+00
     vertex  5.113977e+01  2.493712e+01  0.000000e+00
   endloop
 endfacet
 facet normal  0.000000e+00  0.000000e+00 -1.000000e+00
   outer loop
     vertex  5.845000e+01  2.965092e+01  0.000000e+00
     vertex  5.113977e+01  2.493712e+01  0.000000e+00
     vertex  5.113403e+01  2.498341e+01  0.000000e+00
   endloop
 endfacet
 facet normal  0.000000e+00  0.000000e+00 -1.000000e+00
   outer loop
     vertex  5.845000e+01  2.965092e+01  0.000000e+00
     vertex  5.113403e+01  2.498341e+01  0.000000e+00
     vertex  5.112702e+01  2.502952e+01  0.000000e+00
   endloop
 endfacet
 facet normal  0.000000e+00  0.000000e+00 -1.000000e+00
   outer loop
     vertex  5.845000e+01  2.965092e+01  0.000000e+00
     vertex  5.112702e+01  2.502952e+01  0.000000e+00
     vertex  5.111874e+01  2.507542e+01  0.000000e+00
   endloop
 endfacet
 facet normal  0.000000e+00  0.000000e+00 -1.000000e+00
   outer loop
     vertex  5.845000e+01  2.965092e+01  0.000000e+00
     vertex  5.111874e+01  2.507542e+01  0.000000e+00
     vertex  5.110921e+01  2.512108e+01  0.000000e+00
   endloop
 endfacet
 facet normal  0.000000e+00  0.000000e+00 -1.000000e+00
   outer loop
     vertex  5.845000e+01  2.965092e+01  0.000000e+00
     vertex  5.110921e+01  2.512108e+01  0.000000e+00
     vertex  5.109843e+01  2.516646e+01  0.000000e+00
   endloop
 endfacet
 facet normal  0.000000e+00  0.000000e+00 -1.000000e+00
   outer loop
     vertex  5.845000e+01  2.965092e+01  0.000000e+00
     vertex  5.109843e+01  2.516646e+01  0.000000e+00
     vertex  5.108641e+01  2.521153e+01  0.000000e+00
   endloop
 endfacet
 facet normal  0.000000e+00  0.000000e+00 -1.000000e+00
   outer loop
     vertex  5.845000e+01  2.965092e+01  0.000000e+00
     vertex  5.108641e+01  2.521153e+01  0.000000e+00
     vertex  5.107316e+01  2.525625e+01  0.000000e+00
   endloop
 endfacet
 facet normal  0.000000e+00  0.000000e+00 -1.000000e+00
   outer loop
     vertex  5.845000e+01  2.965092e+01  0.000000e+00
     vertex  5.107316e+01  2.525625e+01  0.000000e+00
     vertex  5.105868e+01  2.530059e+01  0.000000e+00
   endloop
 endfacet
 facet normal  0.000000e+00  0.000000e+00 -1.000000e+00
   outer loop
     vertex  5.845000e+01  2.965092e+01  0.000000e+00
     vertex  5.105868e+01  2.530059e+01  0.000000e+00
     vertex  5.104300e+01  2.534451e+01  0.000000e+00
   endloop
 endfacet
 facet normal  0.000000e+00  0.000000e+00 -1.000000e+00
   outer loop
     vertex  5.845000e+01  2.965092e+01  0.000000e+00
     vertex  5.104300e+01  2.534451e+01  0.000000e+00
     vertex  5.102612e+01  2.538799e+01  0.000000e+00
   endloop
 endfacet
 facet normal  0.000000e+00  0.000000e+00 -1.000000e+00
   outer loop
     vertex  5.845000e+01  2.965092e+01  0.000000e+00
     vertex  5.102612e+01  2.538799e+01  0.000000e+00
     vertex  5.100804e+01  2.543099e+01  0.000000e+00
   endloop
 endfacet
 facet normal  0.000000e+00  0.000000e+00 -1.000000e+00
   outer loop
     vertex  5.845000e+01  2.965092e+01  0.000000e+00
     vertex  5.100804e+01  2.543099e+01  0.000000e+00
     vertex  5.098880e+01  2.547348e+01  0.000000e+00
   endloop
 endfacet
 facet normal  0.000000e+00  0.000000e+00 -1.000000e+00
   outer loop
     vertex  5.845000e+01  2.965092e+01  0.000000e+00
     vertex  5.098880e+01  2.547348e+01  0.000000e+00
     vertex  5.096840e+01  2.551542e+01  0.000000e+00
   endloop
 endfacet
 facet normal  0.000000e+00  0.000000e+00 -1.000000e+00
   outer loop
     vertex  5.845000e+01  2.965092e+01  0.000000e+00
     vertex  5.096840e+01  2.551542e+01  0.000000e+00
     vertex  5.094685e+01  2.555679e+01  0.000000e+00
   endloop
 endfacet
 facet normal  0.000000e+00  0.000000e+00 -1.000000e+00
   outer loop
     vertex  5.845000e+01  2.965092e+01  0.000000e+00
     vertex  5.094685e+01  2.555679e+01  0.000000e+00
     vertex  5.092418e+01  2.559755e+01  0.000000e+00
   endloop
 endfacet
 facet normal  0.000000e+00  0.000000e+00 -1.000000e+00
   outer loop
     vertex  5.845000e+01  2.965092e+01  0.000000e+00
     vertex  5.092418e+01  2.559755e+01  0.000000e+00
     vertex  5.090040e+01  2.563768e+01  0.000000e+00
   endloop
 endfacet
 facet normal  0.000000e+00  0.000000e+00 -1.000000e+00
   outer loop
     vertex  5.845000e+01  2.965092e+01  0.000000e+00
     vertex  5.090040e+01  2.563768e+01  0.000000e+00
     vertex  5.087553e+01  2.567713e+01  0.000000e+00
   endloop
 endfacet
 facet normal  0.000000e+00  0.000000e+00 -1.000000e+00
   outer loop
     vertex  5.845000e+01  2.965092e+01  0.000000e+00
     vertex  5.087553e+01  2.567713e+01  0.000000e+00
     vertex  5.084958e+01  2.571589e+01  0.000000e+00
   endloop
 endfacet
 facet normal  0.000000e+00  0.000000e+00 -1.000000e+00
   outer loop
     vertex  5.845000e+01  2.965092e+01  0.000000e+00
     vertex  5.084958e+01  2.571589e+01  0.000000e+00
     vertex  5.082258e+01  2.575392e+01  0.000000e+00
   endloop
 endfacet
 facet normal  0.000000e+00  0.000000e+00 -1.000000e+00
   outer loop
     vertex  5.845000e+01  2.965092e+01  0.000000e+00
     vertex  5.082258e+01  2.575392e+01  0.000000e+00
     vertex  5.079455e+01  2.579120e+01  0.000000e+00
   endloop
 endfacet
 facet normal  0.000000e+00  0.000000e+00 -1.000000e+00
   outer loop
     vertex  5.845000e+01  2.965092e+01  0.000000e+00
     vertex  5.079455e+01  2.579120e+01  0.000000e+00
     vertex  5.076550e+01  2.582770e+01  0.000000e+00
   endloop
 endfacet
 facet normal  0.000000e+00  0.000000e+00 -1.000000e+00
   outer loop
     vertex  5.845000e+01  2.965092e+01  0.000000e+00
     vertex  5.076550e+01  2.582770e+01  0.000000e+00
     vertex  5.073547e+01  2.586338e+01  0.000000e+00
   endloop
 endfacet
 facet normal  0.000000e+00  0.000000e+00 -1.000000e+00
   outer loop
     vertex  5.845000e+01  2.965092e+01  0.000000e+00
     vertex  5.073547e+01  2.586338e+01  0.000000e+00
     vertex  5.070447e+01  2.589823e+01  0.000000e+00
   endloop
 endfacet
 facet normal  0.000000e+00  0.000000e+00 -1.000000e+00
   outer loop
     vertex  5.845000e+01  2.965092e+01  0.000000e+00
     vertex  5.070447e+01  2.589823e+01  0.000000e+00
     vertex  5.067252e+01  2.593221e+01  0.000000e+00
   endloop
 endfacet
 facet normal  0.000000e+00  0.000000e+00 -1.000000e+00
   outer loop
     vertex  5.845000e+01  2.965092e+01  0.000000e+00
     vertex  5.067252e+01  2.593221e+01  0.000000e+00
     vertex  5.063965e+01  2.596531e+01  0.000000e+00
   endloop
 endfacet
 facet normal  0.000000e+00  0.000000e+00 -1.000000e+00
   outer loop
     vertex  5.845000e+01  2.965092e+01  0.000000e+00
     vertex  5.063965e+01  2.596531e+01  0.000000e+00
     vertex  5.060589e+01  2.599749e+01  0.000000e+00
   endloop
 endfacet
 facet normal  0.000000e+00  0.000000e+00 -1.000000e+00
   outer loop
     vertex  5.845000e+01  2.965092e+01  0.000000e+00
     vertex  5.060589e+01  2.599749e+01  0.000000e+00
     vertex  5.057125e+01  2.602873e+01  0.000000e+00
   endloop
 endfacet
 facet normal  0.000000e+00  0.000000e+00 -1.000000e+00
   outer loop
     vertex  5.845000e+01  2.965092e+01  0.000000e+00
     vertex  5.057125e+01  2.602873e+01  0.000000e+00
     vertex  5.053578e+01  2.605901e+01  0.000000e+00
   endloop
 endfacet
 facet normal  0.000000e+00  0.000000e+00 -1.000000e+00
   outer loop
     vertex  5.845000e+01  2.965092e+01  0.000000e+00
     vertex  5.053578e+01  2.605901e+01  0.000000e+00
     vertex  5.049948e+01  2.608830e+01  0.000000e+00
   endloop
 endfacet
 facet normal  0.000000e+00  0.000000e+00 -1.000000e+00
   outer loop
     vertex  5.845000e+01  2.965092e+01  0.000000e+00
     vertex  5.049948e+01  2.608830e+01  0.000000e+00
     vertex  5.046240e+01  2.611659e+01  0.000000e+00
   endloop
 endfacet
 facet normal  0.000000e+00  0.000000e+00 -1.000000e+00
   outer loop
     vertex  5.845000e+01  2.965092e+01  0.000000e+00
     vertex  5.046240e+01  2.611659e+01  0.000000e+00
     vertex  5.042455e+01  2.614385e+01  0.000000e+00
   endloop
 endfacet
 facet normal  0.000000e+00  0.000000e+00 -1.000000e+00
   outer loop
     vertex  5.845000e+01  2.965092e+01  0.000000e+00
     vertex  5.042455e+01  2.614385e+01  0.000000e+00
     vertex  5.038597e+01  2.617006e+01  0.000000e+00
   endloop
 endfacet
 facet normal  0.000000e+00  0.000000e+00 -1.000000e+00
   outer loop
     vertex  5.845000e+01  2.965092e+01  0.000000e+00
     vertex  5.038597e+01  2.617006e+01  0.000000e+00
     vertex  5.034668e+01  2.619520e+01  0.000000e+00
   endloop
 endfacet
 facet normal  0.000000e+00  0.000000e+00 -1.000000e+00
   outer loop
     vertex  5.845000e+01  2.965092e+01  0.000000e+00
     vertex  5.034668e+01  2.619520e+01  0.000000e+00
     vertex  5.030672e+01  2.621926e+01  0.000000e+00
   endloop
 endfacet
 facet normal  0.000000e+00  0.000000e+00 -1.000000e+00
   outer loop
     vertex  5.845000e+01  2.965092e+01  0.000000e+00
     vertex  5.030672e+01  2.621926e+01  0.000000e+00
     vertex  5.026612e+01  2.624221e+01  0.000000e+00
   endloop
 endfacet
 facet normal  0.000000e+00  0.000000e+00 -1.000000e+00
   outer loop
     vertex  5.845000e+01  2.965092e+01  0.000000e+00
     vertex  5.026612e+01  2.624221e+01  0.000000e+00
     vertex  5.022490e+01  2.626404e+01  0.000000e+00
   endloop
 endfacet
 facet normal  0.000000e+00  0.000000e+00 -1.000000e+00
   outer loop
     vertex  5.845000e+01  2.965092e+01  0.000000e+00
     vertex  5.022490e+01  2.626404e+01  0.000000e+00
     vertex  5.018310e+01  2.628473e+01  0.000000e+00
   endloop
 endfacet
 facet normal  0.000000e+00  0.000000e+00 -1.000000e+00
   outer loop
     vertex  5.845000e+01  2.965092e+01  0.000000e+00
     vertex  5.018310e+01  2.628473e+01  0.000000e+00
     vertex  5.014074e+01  2.630426e+01  0.000000e+00
   endloop
 endfacet
 facet normal  0.000000e+00 -0.000000e+00 -1.000000e+00
   outer loop
     vertex  6.195000e+01  2.615092e+01  0.000000e+00
     vertex  6.195000e+01  2.335092e+01  0.000000e+00
     vertex  5.845000e+01  1.985092e+01  0.000000e+00
   endloop
 endfacet
 facet normal -0.000000e+00  0.000000e+00 -1.000000e+00
   outer loop
     vertex  6.195000e+01  2.615092e+01  0.000000e+00
     vertex  5.845000e+01  1.985092e+01  0.000000e+00
     vertex  5.845000e+01  2.965092e+01  0.000000e+00
   endloop
 endfacet
 facet normal  0.000000e+00 -0.000000e+00 -1.000000e+00
   outer loop
     vertex  5.740000e+01  3.595092e+01  0.000000e+00
     vertex  5.845000e+01  2.965092e+01  0.000000e+00
     vertex  5.014074e+01  2.630426e+01  0.000000e+00
   endloop
 endfacet
 facet normal  0.000000e+00  0.000000e+00 -1.000000e+00
   outer loop
     vertex  5.740000e+01  3.595092e+01  0.000000e+00
     vertex  5.014074e+01  2.630426e+01  0.000000e+00
     vertex  5.009787e+01  2.632263e+01  0.000000e+00
   endloop
 endfacet
 facet normal  0.000000e+00  0.000000e+00 -1.000000e+00
   outer loop
     vertex  5.740000e+01  3.595092e+01  0.000000e+00
     vertex  5.009787e+01  2.632263e+01  0.000000e+00
     vertex  5.005451e+01  2.633981e+01  0.000000e+00
   endloop
 endfacet
 facet normal  0.000000e+00  0.000000e+00 -1.000000e+00
   outer loop
     vertex  5.740000e+01  3.595092e+01  0.000000e+00
     vertex  5.005451e+01  2.633981e+01  0.000000e+00
     vertex  5.001069e+01  2.635580e+01  0.000000e+00
   endloop
 endfacet
 facet normal  0.000000e+00  0.000000e+00 -1.000000e+00
   outer loop
     vertex  5.740000e+01  3.595092e+01  0.000000e+00
     vertex  5.001069e+01  2.635580e+01  0.000000e+00
     vertex  4.996645e+01  2.637057e+01  0.000000e+00
   endloop
 endfacet
 facet normal  0.000000e+00  0.000000e+00 -1.000000e+00
   outer loop
     vertex  5.740000e+01  3.595092e+01  0.000000e+00
     vertex  4.996645e+01  2.637057e+01  0.000000e+00
     vertex  4.992182e+01  2.638413e+01  0.000000e+00
   endloop
 endfacet
 facet normal  0.000000e+00  0.000000e+00 -1.000000e+00
   outer loop
     vertex  5.740000e+01  3.595092e+01  0.000000e+00
     vertex  4.992182e+01  2.638413e+01  0.000000e+00
     vertex  4.987684e+01  2.639646e+01  0.000000e+00
   endloop
 endfacet
 facet normal  0.000000e+00  0.000000e+00 -1.000000e+00
   outer loop
     vertex  5.740000e+01  3.595092e+01  0.000000e+00
     vertex  4.987684e+01  2.639646e+01  0.000000e+00
     vertex  4.983153e+01  2.640755e+01  0.000000e+00
   endloop
 endfacet
 facet normal  0.000000e+00  0.000000e+00 -1.000000e+00
   outer loop
     vertex  5.740000e+01  3.595092e+01  0.000000e+00
     vertex  4.983153e+01  2.640755e+01  0.000000e+00
     vertex  4.978594e+01  2.641740e+01  0.000000e+00
   endloop
 endfacet
 facet normal  0.000000e+00  0.000000e+00 -1.000000e+00
   outer loop
     vertex  5.740000e+01  3.595092e+01  0.000000e+00
     vertex  4.978594e+01  2.641740e+01  0.000000e+00
     vertex  4.974010e+01  2.642599e+01  0.000000e+00
   endloop
 endfacet
 facet normal  0.000000e+00  0.000000e+00 -1.000000e+00
   outer loop
     vertex  5.740000e+01  3.595092e+01  0.000000e+00
     vertex  4.974010e+01  2.642599e+01  0.000000e+00
     vertex  4.969403e+01  2.643331e+01  0.000000e+00
   endloop
 endfacet
 facet normal  0.000000e+00  0.000000e+00 -1.000000e+00
   outer loop
     vertex  5.740000e+01  3.595092e+01  0.000000e+00
     vertex  4.969403e+01  2.643331e+01  0.000000e+00
     vertex  4.964779e+01  2.643938e+01  0.000000e+00
   endloop
 endfacet
 facet normal  0.000000e+00  0.000000e+00 -1.000000e+00
   outer loop
     vertex  5.740000e+01  3.595092e+01  0.000000e+00
     vertex  4.964779e+01  2.643938e+01  0.000000e+00
     vertex  4.960139e+01  2.644417e+01  0.000000e+00
   endloop
 endfacet
 facet normal  0.000000e+00  0.000000e+00 -1.000000e+00
   outer loop
     vertex  5.740000e+01  3.595092e+01  0.000000e+00
     vertex  4.960139e+01  2.644417e+01  0.000000e+00
     vertex  4.955488e+01  2.644768e+01  0.000000e+00
   endloop
 endfacet
 facet normal  0.000000e+00  0.000000e+00 -1.000000e+00
   outer loop
     vertex  5.740000e+01  3.595092e+01  0.000000e+00
     vertex  4.955488e+01  2.644768e+01  0.000000e+00
     vertex  4.950829e+01  2.644992e+01  0.000000e+00
   endloop
 endfacet
 facet normal  0.000000e+00  0.000000e+00 -1.000000e+00
   outer loop
     vertex  5.740000e+01  3.595092e+01  0.000000e+00
     vertex  4.950829e+01  2.644992e+01  0.000000e+00
     vertex  4.946166e+01  2.645088e+01  0.000000e+00
   endloop
 endfacet
 facet normal  0.000000e+00  0.000000e+00 -1.000000e+00
   outer loop
     vertex  5.740000e+01  3.595092e+01  0.000000e+00
     vertex  4.946166e+01  2.645088e+01  0.000000e+00
     vertex  4.941502e+01  2.645056e+01  0.000000e+00
   endloop
 endfacet
 facet normal  0.000000e+00  0.000000e+00 -1.000000e+00
   outer loop
     vertex  5.740000e+01  3.595092e+01  0.000000e+00
     vertex  4.941502e+01  2.645056e+01  0.000000e+00
     vertex  4.936840e+01  2.644896e+01  0.000000e+00
   endloop
 endfacet
 facet normal -0.000000e+00  0.000000e+00 -1.000000e+00
   outer loop
     vertex  5.740000e+01  3.595092e+01  0.000000e+00
     vertex  4.936840e+01  2.644896e+01  0.000000e+00
     vertex  4.040000e+01  3.595092e+01  0.000000e+00
   endloop
 endfacet
 facet normal  0.000000e+00  0.000000e+00 -1.000000e+00
   outer loop
     vertex  7.080000e+01  2.335092e+01  0.000000e+00
     vertex  6.195000e+01  2.335092e+01  0.000000e+00
     vertex  6.195000e+01  2.615092e+01  0.000000e+00
   endloop
 endfacet
 facet normal -0.000000e+00  0.000000e+00 -1.000000e+00
   outer loop
     vertex  6.195000e+01  3.315092e+01  0.000000e+00
     vertex  5.845000e+01  2.965092e+01  0.000000e+00
     vertex  5.740000e+01  3.595092e+01  0.000000e+00
   endloop
 endfacet
 facet normal  0.000000e+00 -0.000000e+00 -1.000000e+00
   outer loop
     vertex  7.710000e+01  1.985092e+01  0.000000e+00
     vertex  8.060000e+01  1.635092e+01  0.000000e+00
     vertex  7.080000e+01  1.635092e+01  0.000000e+00
   endloop
 endfacet
 facet normal -0.000000e+00  0.000000e+00 -1.000000e+00
   outer loop
     vertex  7.710000e+01  1.985092e+01  0.000000e+00
     vertex  7.080000e+01  1.635092e+01  0.000000e+00
     vertex  7.430000e+01  1.985092e+01  0.000000e+00
   endloop
 endfacet
 facet normal -0.000000e+00 -0.000000e+00 -1.000000e+00
   outer loop
     vertex  7.080000e+01  2.615092e+01  0.000000e+00
     vertex  7.080000e+01  2.335092e+01  0.000000e+00
     vertex  6.195000e+01  2.615092e+01  0.000000e+00
   endloop
 endfacet
 facet normal  0.000000e+00  0.000000e+00 -1.000000e+00
   outer loop
     vertex  7.080000e+01  2.615092e+01  0.000000e+00
     vertex  7.430000e+01  1.985092e+01  0.000000e+00
     vertex  7.080000e+01  2.335092e+01  0.000000e+00
   endloop
 endfacet
 facet normal  0.000000e+00 -0.000000e+00 -1.000000e+00
   outer loop
     vertex  6.090000e+01  3.945092e+01  0.000000e+00
     vertex  6.195000e+01  3.315092e+01  0.000000e+00
     vertex  5.740000e+01  3.595092e+01  0.000000e+00
   endloop
 endfacet
 facet normal  0.000000e+00 -0.000000e+00 -1.000000e+00
   outer loop
     vertex  9.050000e+01  1.005092e+01  0.000000e+00
     vertex  9.400000e+01  6.550920e+00  0.000000e+00
     vertex  8.420000e+01  6.550920e+00  0.000000e+00
   endloop
 endfacet
 facet normal -0.000000e+00  0.000000e+00 -1.000000e+00
   outer loop
     vertex  9.050000e+01  1.005092e+01  0.000000e+00
     vertex  8.420000e+01  6.550920e+00  0.000000e+00
     vertex  8.770000e+01  1.005092e+01  0.000000e+00
   endloop
 endfacet
 facet normal -0.000000e+00  0.000000e+00 -1.000000e+00
   outer loop
     vertex  6.370000e+01  3.945092e+01  0.000000e+00
     vertex  6.195000e+01  3.315092e+01  0.000000e+00
     vertex  6.090000e+01  3.945092e+01  0.000000e+00
   endloop
 endfacet
 facet normal -0.000000e+00  0.000000e+00 -1.000000e+00
   outer loop
     vertex  6.720000e+01  3.595092e+01  0.000000e+00
     vertex  6.195000e+01  3.315092e+01  0.000000e+00
     vertex  6.370000e+01  3.945092e+01  0.000000e+00
   endloop
 endfacet
 facet normal  0.000000e+00  0.000000e+00 -1.000000e+00
   outer loop
     vertex  7.080000e+01  3.315092e+01  0.000000e+00
     vertex  6.195000e+01  3.315092e+01  0.000000e+00
     vertex  6.720000e+01  3.595092e+01  0.000000e+00
   endloop
 endfacet
 facet normal -0.000000e+00  0.000000e+00 -1.000000e+00
   outer loop
     vertex  8.945000e+01  1.635092e+01  0.000000e+00
     vertex  8.420000e+01  1.355092e+01  0.000000e+00
     vertex  8.060000e+01  1.635092e+01  0.000000e+00
   endloop
 endfacet
 facet normal  0.000000e+00 -0.000000e+00 -1.000000e+00
   outer loop
     vertex  8.945000e+01  1.635092e+01  0.000000e+00
     vertex  9.050000e+01  1.005092e+01  0.000000e+00
     vertex  8.770000e+01  1.005092e+01  0.000000e+00
   endloop
 endfacet
 facet normal  0.000000e+00  0.000000e+00 -1.000000e+00
   outer loop
     vertex  8.945000e+01  1.635092e+01  0.000000e+00
     vertex  8.770000e+01  1.005092e+01  0.000000e+00
     vertex  8.420000e+01  1.355092e+01  0.000000e+00
   endloop
 endfacet
 facet normal  0.000000e+00  0.000000e+00 -1.000000e+00
   outer loop
     vertex  8.060000e+01  2.615092e+01  0.000000e+00
     vertex  7.710000e+01  1.985092e+01  0.000000e+00
     vertex  7.430000e+01  1.985092e+01  0.000000e+00
   endloop
 endfacet
 facet normal -0.000000e+00  0.000000e+00 -1.000000e+00
   outer loop
     vertex  8.060000e+01  2.615092e+01  0.000000e+00
     vertex  7.430000e+01  1.985092e+01  0.000000e+00
     vertex  7.080000e+01  2.615092e+01  0.000000e+00
   endloop
 endfacet
 facet normal  0.000000e+00  0.000000e+00 -1.000000e+00
   outer loop
     vertex  8.060000e+01  2.615092e+01  0.000000e+00
     vertex  7.080000e+01  2.615092e+01  0.000000e+00
     vertex  7.430000e+01  2.965092e+01  0.000000e+00
   endloop
 endfacet
 facet normal  0.000000e+00  0.000000e+00 -1.000000e+00
   outer loop
     vertex  8.060000e+01  2.615092e+01  0.000000e+00
     vertex  7.430000e+01  2.965092e+01  0.000000e+00
     vertex  7.710000e+01  2.965092e+01  0.000000e+00
   endloop
 endfacet
 facet normal  0.000000e+00 -0.000000e+00 -1.000000e+00
   outer loop
     vertex  8.060000e+01  2.615092e+01  0.000000e+00
     vertex  8.060000e+01  2.335092e+01  0.000000e+00
     vertex  7.710000e+01  1.985092e+01  0.000000e+00
   endloop
 endfacet
 facet normal -0.000000e+00  0.000000e+00 -1.000000e+00
   outer loop
     vertex  9.400000e+01  1.355092e+01  0.000000e+00
     vertex  9.050000e+01  1.005092e+01  0.000000e+00
     vertex  8.945000e+01  1.635092e+01  0.000000e+00
   endloop
 endfacet
 facet normal  0.000000e+00  0.000000e+00 -1.000000e+00
   outer loop
     vertex  6.720000e+01  4.295092e+01  0.000000e+00
     vertex  6.370000e+01  3.945092e+01  0.000000e+00
     vertex  6.090000e+01  3.945092e+01  0.000000e+00
   endloop
 endfacet
 facet normal -0.000000e+00  0.000000e+00 -1.000000e+00
   outer loop
     vertex  6.720000e+01  4.295092e+01  0.000000e+00
     vertex  6.090000e+01  3.945092e+01  0.000000e+00
     vertex  5.740000e+01  4.295092e+01  0.000000e+00
   endloop
 endfacet
 facet normal  0.000000e+00 -0.000000e+00 -1.000000e+00
   outer loop
     vertex  9.295000e+01  1.985092e+01  0.000000e+00
     vertex  9.400000e+01  1.355092e+01  0.000000e+00
     vertex  8.945000e+01  1.635092e+01  0.000000e+00
   endloop
 endfacet
 facet normal  0.000000e+00  0.000000e+00 -1.000000e+00
   outer loop
     vertex  8.945000e+01  2.335092e+01  0.000000e+00
     vertex  8.060000e+01  2.335092e+01  0.000000e+00
     vertex  8.060000e+01  2.615092e+01  0.000000e+00
   endloop
 endfacet
 facet normal -0.000000e+00  0.000000e+00 -1.000000e+00
   outer loop
     vertex  8.060000e+01  3.315092e+01  0.000000e+00
     vertex  7.430000e+01  2.965092e+01  0.000000e+00
     vertex  7.080000e+01  3.315092e+01  0.000000e+00
   endloop
 endfacet
 facet normal  0.000000e+00  0.000000e+00 -1.000000e+00
   outer loop
     vertex  8.060000e+01  3.315092e+01  0.000000e+00
     vertex  7.710000e+01  2.965092e+01  0.000000e+00
     vertex  7.430000e+01  2.965092e+01  0.000000e+00
   endloop
 endfacet
 facet normal -0.000000e+00 -0.000000e+00 -1.000000e+00
   outer loop
     vertex  8.945000e+01  2.615092e+01  0.000000e+00
     vertex  8.945000e+01  2.335092e+01  0.000000e+00
     vertex  8.060000e+01  2.615092e+01  0.000000e+00
   endloop
 endfacet
 facet normal  0.000000e+00  0.000000e+00 -1.000000e+00
   outer loop
     vertex  8.945000e+01  2.615092e+01  0.000000e+00
     vertex  9.295000e+01  1.985092e+01  0.000000e+00
     vertex  8.945000e+01  2.335092e+01  0.000000e+00
   endloop
 endfacet
 facet normal  0.000000e+00 -0.000000e+00 -1.000000e+00
   outer loop
     vertex  9.295000e+01  2.965092e+01  0.000000e+00
     vertex  9.295000e+01  1.985092e+01  0.000000e+00
     vertex  8.945000e+01  2.615092e+01  0.000000e+00
   endloop
 endfacet
 facet normal  0.000000e+00  0.000000e+00 -1.000000e+00
   outer loop
     vertex  8.945000e+01  3.315092e+01  0.000000e+00
     vertex  8.060000e+01  3.315092e+01  0.000000e+00
     vertex  8.420000e+01  3.595092e+01  0.000000e+00
   endloop
 endfacet
 facet normal -0.000000e+00  0.000000e+00 -1.000000e+00
   outer loop
     vertex  1.007771e+02  2.352033e+01  0.000000e+00
     vertex  9.295000e+01  1.985092e+01  0.000000e+00
     vertex  1.007438e+02  2.355297e+01  0.000000e+00
   endloop
 endfacet
 facet normal  0.000000e+00 -0.000000e+00 -1.000000e+00
   outer loop
     vertex  1.007114e+02  2.358651e+01  0.000000e+00
     vertex  1.007438e+02  2.355297e+01  0.000000e+00
     vertex  9.295000e+01  1.985092e+01  0.000000e+00
   endloop
 endfacet
 facet normal -0.000000e+00  0.000000e+00 -1.000000e+00
   outer loop
     vertex  1.008113e+02  2.348861e+01  0.000000e+00
     vertex  9.295000e+01  1.985092e+01  0.000000e+00
     vertex  1.007771e+02  2.352033e+01  0.000000e+00
   endloop
 endfacet
 facet normal  0.000000e+00 -0.000000e+00 -1.000000e+00
   outer loop
     vertex  1.006799e+02  2.362093e+01  0.000000e+00
     vertex  1.007114e+02  2.358651e+01  0.000000e+00
     vertex  9.295000e+01  1.985092e+01  0.000000e+00
   endloop
 endfacet
 facet normal -0.000000e+00  0.000000e+00 -1.000000e+00
   outer loop
     vertex  1.008464e+02  2.345785e+01  0.000000e+00
     vertex  9.295000e+01  1.985092e+01  0.000000e+00
     vertex  1.008113e+02  2.348861e+01  0.000000e+00
   endloop
 endfacet
 facet normal  0.000000e+00 -0.000000e+00 -1.000000e+00
   outer loop
     vertex  1.006494e+02  2.365620e+01  0.000000e+00
     vertex  1.006799e+02  2.362093e+01  0.000000e+00
     vertex  9.295000e+01  1.985092e+01  0.000000e+00
   endloop
 endfacet
 facet normal -0.000000e+00  0.000000e+00 -1.000000e+00
   outer loop
     vertex  1.008823e+02  2.342806e+01  0.000000e+00
     vertex  9.295000e+01  1.985092e+01  0.000000e+00
     vertex  1.008464e+02  2.345785e+01  0.000000e+00
   endloop
 endfacet
 facet normal  0.000000e+00 -0.000000e+00 -1.000000e+00
   outer loop
     vertex  1.006198e+02  2.369229e+01  0.000000e+00
     vertex  1.006494e+02  2.365620e+01  0.000000e+00
     vertex  9.295000e+01  1.985092e+01  0.000000e+00
   endloop
 endfacet
 facet normal -0.000000e+00  0.000000e+00 -1.000000e+00
   outer loop
     vertex  1.009190e+02  2.339927e+01  0.000000e+00
     vertex  9.295000e+01  1.985092e+01  0.000000e+00
     vertex  1.008823e+02  2.342806e+01  0.000000e+00
   endloop
 endfacet
 facet normal  0.000000e+00 -0.000000e+00 -1.000000e+00
   outer loop
     vertex  1.005913e+02  2.372918e+01  0.000000e+00
     vertex  1.006198e+02  2.369229e+01  0.000000e+00
     vertex  9.295000e+01  1.985092e+01  0.000000e+00
   endloop
 endfacet
 facet normal -0.000000e+00  0.000000e+00 -1.000000e+00
   outer loop
     vertex  1.009564e+02  2.337149e+01  0.000000e+00
     vertex  9.295000e+01  1.985092e+01  0.000000e+00
     vertex  1.009190e+02  2.339927e+01  0.000000e+00
   endloop
 endfacet
 facet normal  0.000000e+00 -0.000000e+00 -1.000000e+00
   outer loop
     vertex  1.005638e+02  2.376684e+01  0.000000e+00
     vertex  1.005913e+02  2.372918e+01  0.000000e+00
     vertex  9.295000e+01  1.985092e+01  0.000000e+00
   endloop
 endfacet
 facet normal -0.000000e+00  0.000000e+00 -1.000000e+00
   outer loop
     vertex  1.009947e+02  2.334475e+01  0.000000e+00
     vertex  9.295000e+01  1.985092e+01  0.000000e+00
     vertex  1.009564e+02  2.337149e+01  0.000000e+00
   endloop
 endfacet
 facet normal  0.000000e+00 -0.000000e+00 -1.000000e+00
   outer loop
     vertex  1.005373e+02  2.380524e+01  0.000000e+00
     vertex  1.005638e+02  2.376684e+01  0.000000e+00
     vertex  9.295000e+01  1.985092e+01  0.000000e+00
   endloop
 endfacet
 facet normal -0.000000e+00  0.000000e+00 -1.000000e+00
   outer loop
     vertex  1.010336e+02  2.331907e+01  0.000000e+00
     vertex  9.295000e+01  1.985092e+01  0.000000e+00
     vertex  1.009947e+02  2.334475e+01  0.000000e+00
   endloop
 endfacet
 facet normal  0.000000e+00 -0.000000e+00 -1.000000e+00
   outer loop
     vertex  1.005119e+02  2.384435e+01  0.000000e+00
     vertex  1.005373e+02  2.380524e+01  0.000000e+00
     vertex  9.295000e+01  1.985092e+01  0.000000e+00
   endloop
 endfacet
 facet normal -0.000000e+00  0.000000e+00 -1.000000e+00
   outer loop
     vertex  1.010732e+02  2.329447e+01  0.000000e+00
     vertex  9.295000e+01  1.985092e+01  0.000000e+00
     vertex  1.010336e+02  2.331907e+01  0.000000e+00
   endloop
 endfacet
 facet normal  0.000000e+00 -0.000000e+00 -1.000000e+00
   outer loop
     vertex  1.004876e+02  2.388414e+01  0.000000e+00
     vertex  1.005119e+02  2.384435e+01  0.000000e+00
     vertex  9.295000e+01  1.985092e+01  0.000000e+00
   endloop
 endfacet
 facet normal -0.000000e+00  0.000000e+00 -1.000000e+00
   outer loop
     vertex  1.011135e+02  2.327096e+01  0.000000e+00
     vertex  9.295000e+01  1.985092e+01  0.000000e+00
     vertex  1.010732e+02  2.329447e+01  0.000000e+00
   endloop
 endfacet
 facet normal  0.000000e+00 -0.000000e+00 -1.000000e+00
   outer loop
     vertex  1.004643e+02  2.392459e+01  0.000000e+00
     vertex  1.004876e+02  2.388414e+01  0.000000e+00
     vertex  9.295000e+01  1.985092e+01  0.000000e+00
   endloop
 endfacet
 facet normal -0.000000e+00  0.000000e+00 -1.000000e+00
   outer loop
     vertex  1.011544e+02  2.324857e+01  0.000000e+00
     vertex  9.295000e+01  1.985092e+01  0.000000e+00
     vertex  1.011135e+02  2.327096e+01  0.000000e+00
   endloop
 endfacet
 facet normal  0.000000e+00 -0.000000e+00 -1.000000e+00
   outer loop
     vertex  1.004422e+02  2.396566e+01  0.000000e+00
     vertex  1.004643e+02  2.392459e+01  0.000000e+00
     vertex  9.295000e+01  1.985092e+01  0.000000e+00
   endloop
 endfacet
 facet normal -0.000000e+00  0.000000e+00 -1.000000e+00
   outer loop
     vertex  1.011959e+02  2.322731e+01  0.000000e+00
     vertex  9.295000e+01  1.985092e+01  0.000000e+00
     vertex  1.011544e+02  2.324857e+01  0.000000e+00
   endloop
 endfacet
 facet normal  0.000000e+00 -0.000000e+00 -1.000000e+00
   outer loop
     vertex  1.004213e+02  2.400732e+01  0.000000e+00
     vertex  1.004422e+02  2.396566e+01  0.000000e+00
     vertex  9.295000e+01  1.985092e+01  0.000000e+00
   endloop
 endfacet
 facet normal -0.000000e+00  0.000000e+00 -1.000000e+00
   outer loop
     vertex  1.012380e+02  2.320720e+01  0.000000e+00
     vertex  9.295000e+01  1.985092e+01  0.000000e+00
     vertex  1.011959e+02  2.322731e+01  0.000000e+00
   endloop
 endfacet
 facet normal  0.000000e+00  0.000000e+00 -1.000000e+00
   outer loop
     vertex  1.012380e+02  2.320720e+01  0.000000e+00
     vertex  9.400000e+01  1.355092e+01  0.000000e+00
     vertex  9.295000e+01  1.985092e+01  0.000000e+00
   endloop
 endfacet
 facet normal  0.000000e+00 -0.000000e+00 -1.000000e+00
   outer loop
     vertex  1.004014e+02  2.404954e+01  0.000000e+00
     vertex  1.004213e+02  2.400732e+01  0.000000e+00
     vertex  9.295000e+01  1.985092e+01  0.000000e+00
   endloop
 endfacet
 facet normal -0.000000e+00  0.000000e+00 -1.000000e+00
   outer loop
     vertex  1.012806e+02  2.318825e+01  0.000000e+00
     vertex  9.400000e+01  1.355092e+01  0.000000e+00
     vertex  1.012380e+02  2.320720e+01  0.000000e+00
   endloop
 endfacet
 facet normal  0.000000e+00 -0.000000e+00 -1.000000e+00
   outer loop
     vertex  1.003828e+02  2.409229e+01  0.000000e+00
     vertex  1.004014e+02  2.404954e+01  0.000000e+00
     vertex  9.295000e+01  1.985092e+01  0.000000e+00
   endloop
 endfacet
 facet normal -0.000000e+00  0.000000e+00 -1.000000e+00
   outer loop
     vertex  1.013238e+02  2.317047e+01  0.000000e+00
     vertex  9.400000e+01  1.355092e+01  0.000000e+00
     vertex  1.012806e+02  2.318825e+01  0.000000e+00
   endloop
 endfacet
 facet normal  0.000000e+00 -0.000000e+00 -1.000000e+00
   outer loop
     vertex  1.003653e+02  2.413553e+01  0.000000e+00
     vertex  1.003828e+02  2.409229e+01  0.000000e+00
     vertex  9.295000e+01  1.985092e+01  0.000000e+00
   endloop
 endfacet
 facet normal -0.000000e+00  0.000000e+00 -1.000000e+00
   outer loop
     vertex  1.013673e+02  2.315389e+01  0.000000e+00
     vertex  9.400000e+01  1.355092e+01  0.000000e+00
     vertex  1.013238e+02  2.317047e+01  0.000000e+00
   endloop
 endfacet
 facet normal  0.000000e+00 -0.000000e+00 -1.000000e+00
   outer loop
     vertex  1.003490e+02  2.417924e+01  0.000000e+00
     vertex  1.003653e+02  2.413553e+01  0.000000e+00
     vertex  9.295000e+01  1.985092e+01  0.000000e+00
   endloop
 endfacet
 facet normal -0.000000e+00  0.000000e+00 -1.000000e+00
   outer loop
     vertex  1.014114e+02  2.313850e+01  0.000000e+00
     vertex  9.400000e+01  1.355092e+01  0.000000e+00
     vertex  1.013673e+02  2.315389e+01  0.000000e+00
   endloop
 endfacet
 facet normal  0.000000e+00 -0.000000e+00 -1.000000e+00
   outer loop
     vertex  1.003339e+02  2.422337e+01  0.000000e+00
     vertex  1.003490e+02  2.417924e+01  0.000000e+00
     vertex  9.295000e+01  1.985092e+01  0.000000e+00
   endloop
 endfacet
 facet normal -0.000000e+00  0.000000e+00 -1.000000e+00
   outer loop
     vertex  1.014558e+02  2.312433e+01  0.000000e+00
     vertex  9.400000e+01  1.355092e+01  0.000000e+00
     vertex  1.014114e+02  2.313850e+01  0.000000e+00
   endloop
 endfacet
 facet normal  0.000000e+00 -0.000000e+00 -1.000000e+00
   outer loop
     vertex  1.003201e+02  2.426791e+01  0.000000e+00
     vertex  1.003339e+02  2.422337e+01  0.000000e+00
     vertex  9.295000e+01  1.985092e+01  0.000000e+00
   endloop
 endfacet
 facet normal -0.000000e+00  0.000000e+00 -1.000000e+00
   outer loop
     vertex  1.015006e+02  2.311139e+01  0.000000e+00
     vertex  9.400000e+01  1.355092e+01  0.000000e+00
     vertex  1.014558e+02  2.312433e+01  0.000000e+00
   endloop
 endfacet
 facet normal  0.000000e+00 -0.000000e+00 -1.000000e+00
   outer loop
     vertex  1.003074e+02  2.431281e+01  0.000000e+00
     vertex  1.003201e+02  2.426791e+01  0.000000e+00
     vertex  9.295000e+01  1.985092e+01  0.000000e+00
   endloop
 endfacet
 facet normal -0.000000e+00  0.000000e+00 -1.000000e+00
   outer loop
     vertex  1.015458e+02  2.309968e+01  0.000000e+00
     vertex  9.400000e+01  1.355092e+01  0.000000e+00
     vertex  1.015006e+02  2.311139e+01  0.000000e+00
   endloop
 endfacet
 facet normal  0.000000e+00 -0.000000e+00 -1.000000e+00
   outer loop
     vertex  1.002960e+02  2.435803e+01  0.000000e+00
     vertex  1.003074e+02  2.431281e+01  0.000000e+00
     vertex  9.295000e+01  1.985092e+01  0.000000e+00
   endloop
 endfacet
 facet normal -0.000000e+00  0.000000e+00 -1.000000e+00
   outer loop
     vertex  1.015912e+02  2.308921e+01  0.000000e+00
     vertex  9.400000e+01  1.355092e+01  0.000000e+00
     vertex  1.015458e+02  2.309968e+01  0.000000e+00
   endloop
 endfacet
 facet normal  0.000000e+00 -0.000000e+00 -1.000000e+00
   outer loop
     vertex  1.002859e+02  2.440356e+01  0.000000e+00
     vertex  1.002960e+02  2.435803e+01  0.000000e+00
     vertex  9.295000e+01  1.985092e+01  0.000000e+00
   endloop
 endfacet
 facet normal -0.000000e+00  0.000000e+00 -1.000000e+00
   outer loop
     vertex  1.016370e+02  2.307999e+01  0.000000e+00
     vertex  9.400000e+01  1.355092e+01  0.000000e+00
     vertex  1.015912e+02  2.308921e+01  0.000000e+00
   endloop
 endfacet
 facet normal  0.000000e+00 -0.000000e+00 -1.000000e+00
   outer loop
     vertex  1.002770e+02  2.444934e+01  0.000000e+00
     vertex  1.002859e+02  2.440356e+01  0.000000e+00
     vertex  9.295000e+01  1.985092e+01  0.000000e+00
   endloop
 endfacet
 facet normal -0.000000e+00  0.000000e+00 -1.000000e+00
   outer loop
     vertex  1.016829e+02  2.307203e+01  0.000000e+00
     vertex  9.400000e+01  1.355092e+01  0.000000e+00
     vertex  1.016370e+02  2.307999e+01  0.000000e+00
   endloop
 endfacet
 facet normal  0.000000e+00 -0.000000e+00 -1.000000e+00
   outer loop
     vertex  1.002693e+02  2.449535e+01  0.000000e+00
     vertex  1.002770e+02  2.444934e+01  0.000000e+00
     vertex  9.295000e+01  1.985092e+01  0.000000e+00
   endloop
 endfacet
 facet normal -0.000000e+00  0.000000e+00 -1.000000e+00
   outer loop
     vertex  1.017291e+02  2.306534e+01  0.000000e+00
     vertex  9.400000e+01  1.355092e+01  0.000000e+00
     vertex  1.016829e+02  2.307203e+01  0.000000e+00
   endloop
 endfacet
 facet normal  0.000000e+00 -0.000000e+00 -1.000000e+00
   outer loop
     vertex  1.002629e+02  2.454156e+01  0.000000e+00
     vertex  1.002693e+02  2.449535e+01  0.000000e+00
     vertex  9.295000e+01  1.985092e+01  0.000000e+00
   endloop
 endfacet
 facet normal -0.000000e+00  0.000000e+00 -1.000000e+00
   outer loop
     vertex  1.017754e+02  2.305991e+01  0.000000e+00
     vertex  9.400000e+01  1.355092e+01  0.000000e+00
     vertex  1.017291e+02  2.306534e+01  0.000000e+00
   endloop
 endfacet
 facet normal  0.000000e+00 -0.000000e+00 -1.000000e+00
   outer loop
     vertex  1.002578e+02  2.458792e+01  0.000000e+00
     vertex  1.002629e+02  2.454156e+01  0.000000e+00
     vertex  9.295000e+01  1.985092e+01  0.000000e+00
   endloop
 endfacet
 facet normal -0.000000e+00  0.000000e+00 -1.000000e+00
   outer loop
     vertex  1.018219e+02  2.305576e+01  0.000000e+00
     vertex  9.400000e+01  1.355092e+01  0.000000e+00
     vertex  1.017754e+02  2.305991e+01  0.000000e+00
   endloop
 endfacet
 facet normal  0.000000e+00 -0.000000e+00 -1.000000e+00
   outer loop
     vertex  1.002540e+02  2.463440e+01  0.000000e+00
     vertex  1.002578e+02  2.458792e+01  0.000000e+00
     vertex  9.295000e+01  1.985092e+01  0.000000e+00
   endloop
 endfacet
 facet normal -0.000000e+00  0.000000e+00 -1.000000e+00
   outer loop
     vertex  1.018684e+02  2.305288e+01  0.000000e+00
     vertex  9.400000e+01  1.355092e+01  0.000000e+00
     vertex  1.018219e+02  2.305576e+01  0.000000e+00
   endloop
 endfacet
 facet normal  0.000000e+00 -0.000000e+00 -1.000000e+00
   outer loop
     vertex  1.002514e+02  2.468097e+01  0.000000e+00
     vertex  1.002540e+02  2.463440e+01  0.000000e+00
     vertex  9.295000e+01  1.985092e+01  0.000000e+00
   endloop
 endfacet
 facet normal -0.000000e+00  0.000000e+00 -1.000000e+00
   outer loop
     vertex  1.019150e+02  2.305128e+01  0.000000e+00
     vertex  9.400000e+01  1.355092e+01  0.000000e+00
     vertex  1.018684e+02  2.305288e+01  0.000000e+00
   endloop
 endfacet
 facet normal  0.000000e+00 -0.000000e+00 -1.000000e+00
   outer loop
     vertex  1.002502e+02  2.472760e+01  0.000000e+00
     vertex  1.002514e+02  2.468097e+01  0.000000e+00
     vertex  9.295000e+01  1.985092e+01  0.000000e+00
   endloop
 endfacet
 facet normal -0.000000e+00  0.000000e+00 -1.000000e+00
   outer loop
     vertex  1.019617e+02  2.305096e+01  0.000000e+00
     vertex  9.400000e+01  1.355092e+01  0.000000e+00
     vertex  1.019150e+02  2.305128e+01  0.000000e+00
   endloop
 endfacet
 facet normal  0.000000e+00 -0.000000e+00 -1.000000e+00
   outer loop
     vertex  1.002502e+02  2.477424e+01  0.000000e+00
     vertex  1.002502e+02  2.472760e+01  0.000000e+00
     vertex  9.295000e+01  1.985092e+01  0.000000e+00
   endloop
 endfacet
 facet normal -0.000000e+00  0.000000e+00 -1.000000e+00
   outer loop
     vertex  1.002502e+02  2.477424e+01  0.000000e+00
     vertex  9.295000e+01  1.985092e+01  0.000000e+00
     vertex  9.295000e+01  2.965092e+01  0.000000e+00
   endloop
 endfacet
 facet normal  0.000000e+00  0.000000e+00 -1.000000e+00
   outer loop
     vertex  1.020083e+02  2.305192e+01  0.000000e+00
     vertex  9.400000e+01  1.355092e+01  0.000000e+00
     vertex  1.019617e+02  2.305096e+01  0.000000e+00
   endloop
 endfacet
 facet normal -0.000000e+00  0.000000e+00 -1.000000e+00
   outer loop
     vertex  1.002514e+02  2.482087e+01  0.000000e+00
     vertex  1.002502e+02  2.477424e+01  0.000000e+00
     vertex  9.295000e+01  2.965092e+01  0.000000e+00
   endloop
 endfacet
 facet normal  0.000000e+00  0.000000e+00 -1.000000e+00
   outer loop
     vertex  1.020549e+02  2.305416e+01  0.000000e+00
     vertex  9.400000e+01  1.355092e+01  0.000000e+00
     vertex  1.020083e+02  2.305192e+01  0.000000e+00
   endloop
 endfacet
 facet normal  0.000000e+00 -0.000000e+00 -1.000000e+00
   outer loop
     vertex  1.020549e+02  2.305416e+01  0.000000e+00
     vertex  1.110000e+02  1.355092e+01  0.000000e+00
     vertex  9.400000e+01  1.355092e+01  0.000000e+00
   endloop
 endfacet
 facet normal -0.000000e+00  0.000000e+00 -1.000000e+00
   outer loop
     vertex  1.002540e+02  2.486744e+01  0.000000e+00
     vertex  1.002514e+02  2.482087e+01  0.000000e+00
     vertex  9.295000e+01  2.965092e+01  0.000000e+00
   endloop
 endfacet
 facet normal  0.000000e+00 -0.000000e+00 -1.000000e+00
   outer loop
     vertex  1.021014e+02  2.305767e+01  0.000000e+00
     vertex  1.110000e+02  1.355092e+01  0.000000e+00
     vertex  1.020549e+02  2.305416e+01  0.000000e+00
   endloop
 endfacet
 facet normal -0.000000e+00  0.000000e+00 -1.000000e+00
   outer loop
     vertex  1.002578e+02  2.491392e+01  0.000000e+00
     vertex  1.002540e+02  2.486744e+01  0.000000e+00
     vertex  9.295000e+01  2.965092e+01  0.000000e+00
   endloop
 endfacet
 facet normal  0.000000e+00 -0.000000e+00 -1.000000e+00
   outer loop
     vertex  1.021478e+02  2.306246e+01  0.000000e+00
     vertex  1.110000e+02  1.355092e+01  0.000000e+00
     vertex  1.021014e+02  2.305767e+01  0.000000e+00
   endloop
 endfacet
 facet normal -0.000000e+00  0.000000e+00 -1.000000e+00
   outer loop
     vertex  1.002629e+02  2.496028e+01  0.000000e+00
     vertex  1.002578e+02  2.491392e+01  0.000000e+00
     vertex  9.295000e+01  2.965092e+01  0.000000e+00
   endloop
 endfacet
 facet normal  0.000000e+00 -0.000000e+00 -1.000000e+00
   outer loop
     vertex  1.021940e+02  2.306853e+01  0.000000e+00
     vertex  1.110000e+02  1.355092e+01  0.000000e+00
     vertex  1.021478e+02  2.306246e+01  0.000000e+00
   endloop
 endfacet
 facet normal -0.000000e+00  0.000000e+00 -1.000000e+00
   outer loop
     vertex  1.002693e+02  2.500649e+01  0.000000e+00
     vertex  1.002629e+02  2.496028e+01  0.000000e+00
     vertex  9.295000e+01  2.965092e+01  0.000000e+00
   endloop
 endfacet
 facet normal  0.000000e+00 -0.000000e+00 -1.000000e+00
   outer loop
     vertex  1.022401e+02  2.307585e+01  0.000000e+00
     vertex  1.110000e+02  1.355092e+01  0.000000e+00
     vertex  1.021940e+02  2.306853e+01  0.000000e+00
   endloop
 endfacet
 facet normal -0.000000e+00  0.000000e+00 -1.000000e+00
   outer loop
     vertex  1.002770e+02  2.505250e+01  0.000000e+00
     vertex  1.002693e+02  2.500649e+01  0.000000e+00
     vertex  9.295000e+01  2.965092e+01  0.000000e+00
   endloop
 endfacet
 facet normal  0.000000e+00 -0.000000e+00 -1.000000e+00
   outer loop
     vertex  1.022859e+02  2.308444e+01  0.000000e+00
     vertex  1.110000e+02  1.355092e+01  0.000000e+00
     vertex  1.022401e+02  2.307585e+01  0.000000e+00
   endloop
 endfacet
 facet normal -0.000000e+00  0.000000e+00 -1.000000e+00
   outer loop
     vertex  1.002859e+02  2.509828e+01  0.000000e+00
     vertex  1.002770e+02  2.505250e+01  0.000000e+00
     vertex  9.295000e+01  2.965092e+01  0.000000e+00
   endloop
 endfacet
 facet normal  0.000000e+00 -0.000000e+00 -1.000000e+00
   outer loop
     vertex  1.023315e+02  2.309429e+01  0.000000e+00
     vertex  1.110000e+02  1.355092e+01  0.000000e+00
     vertex  1.022859e+02  2.308444e+01  0.000000e+00
   endloop
 endfacet
 facet normal -0.000000e+00  0.000000e+00 -1.000000e+00
   outer loop
     vertex  1.002960e+02  2.514381e+01  0.000000e+00
     vertex  1.002859e+02  2.509828e+01  0.000000e+00
     vertex  9.295000e+01  2.965092e+01  0.000000e+00
   endloop
 endfacet
 facet normal  0.000000e+00 -0.000000e+00 -1.000000e+00
   outer loop
     vertex  1.023768e+02  2.310538e+01  0.000000e+00
     vertex  1.110000e+02  1.355092e+01  0.000000e+00
     vertex  1.023315e+02  2.309429e+01  0.000000e+00
   endloop
 endfacet
 facet normal -0.000000e+00  0.000000e+00 -1.000000e+00
   outer loop
     vertex  1.003074e+02  2.518903e+01  0.000000e+00
     vertex  1.002960e+02  2.514381e+01  0.000000e+00
     vertex  9.295000e+01  2.965092e+01  0.000000e+00
   endloop
 endfacet
 facet normal  0.000000e+00 -0.000000e+00 -1.000000e+00
   outer loop
     vertex  1.024218e+02  2.311771e+01  0.000000e+00
     vertex  1.110000e+02  1.355092e+01  0.000000e+00
     vertex  1.023768e+02  2.310538e+01  0.000000e+00
   endloop
 endfacet
 facet normal -0.000000e+00  0.000000e+00 -1.000000e+00
   outer loop
     vertex  1.003201e+02  2.523393e+01  0.000000e+00
     vertex  1.003074e+02  2.518903e+01  0.000000e+00
     vertex  9.295000e+01  2.965092e+01  0.000000e+00
   endloop
 endfacet
 facet normal  0.000000e+00 -0.000000e+00 -1.000000e+00
   outer loop
     vertex  1.024664e+02  2.313127e+01  0.000000e+00
     vertex  1.110000e+02  1.355092e+01  0.000000e+00
     vertex  1.024218e+02  2.311771e+01  0.000000e+00
   endloop
 endfacet
 facet normal -0.000000e+00  0.000000e+00 -1.000000e+00
   outer loop
     vertex  1.003339e+02  2.527847e+01  0.000000e+00
     vertex  1.003201e+02  2.523393e+01  0.000000e+00
     vertex  9.295000e+01  2.965092e+01  0.000000e+00
   endloop
 endfacet
 facet normal  0.000000e+00 -0.000000e+00 -1.000000e+00
   outer loop
     vertex  1.025107e+02  2.314604e+01  0.000000e+00
     vertex  1.110000e+02  1.355092e+01  0.000000e+00
     vertex  1.024664e+02  2.313127e+01  0.000000e+00
   endloop
 endfacet
 facet normal -0.000000e+00  0.000000e+00 -1.000000e+00
   outer loop
     vertex  1.003490e+02  2.532260e+01  0.000000e+00
     vertex  1.003339e+02  2.527847e+01  0.000000e+00
     vertex  9.295000e+01  2.965092e+01  0.000000e+00
   endloop
 endfacet
 facet normal -0.000000e+00  0.000000e+00 -1.000000e+00
   outer loop
     vertex  1.003653e+02  2.536631e+01  0.000000e+00
     vertex  1.003490e+02  2.532260e+01  0.000000e+00
     vertex  9.295000e+01  2.965092e+01  0.000000e+00
   endloop
 endfacet
 facet normal -0.000000e+00  0.000000e+00 -1.000000e+00
   outer loop
     vertex  1.003828e+02  2.540955e+01  0.000000e+00
     vertex  1.003653e+02  2.536631e+01  0.000000e+00
     vertex  9.295000e+01  2.965092e+01  0.000000e+00
   endloop
 endfacet
 facet normal -0.000000e+00  0.000000e+00 -1.000000e+00
   outer loop
     vertex  1.004014e+02  2.545230e+01  0.000000e+00
     vertex  1.003828e+02  2.540955e+01  0.000000e+00
     vertex  9.295000e+01  2.965092e+01  0.000000e+00
   endloop
 endfacet
 facet normal -0.000000e+00  0.000000e+00 -1.000000e+00
   outer loop
     vertex  1.004213e+02  2.549452e+01  0.000000e+00
     vertex  1.004014e+02  2.545230e+01  0.000000e+00
     vertex  9.295000e+01  2.965092e+01  0.000000e+00
   endloop
 endfacet
 facet normal -0.000000e+00  0.000000e+00 -1.000000e+00
   outer loop
     vertex  1.004422e+02  2.553618e+01  0.000000e+00
     vertex  1.004213e+02  2.549452e+01  0.000000e+00
     vertex  9.295000e+01  2.965092e+01  0.000000e+00
   endloop
 endfacet
 facet normal -0.000000e+00  0.000000e+00 -1.000000e+00
   outer loop
     vertex  1.004643e+02  2.557725e+01  0.000000e+00
     vertex  1.004422e+02  2.553618e+01  0.000000e+00
     vertex  9.295000e+01  2.965092e+01  0.000000e+00
   endloop
 endfacet
 facet normal -0.000000e+00  0.000000e+00 -1.000000e+00
   outer loop
     vertex  1.004876e+02  2.561770e+01  0.000000e+00
     vertex  1.004643e+02  2.557725e+01  0.000000e+00
     vertex  9.295000e+01  2.965092e+01  0.000000e+00
   endloop
 endfacet
 facet normal -0.000000e+00  0.000000e+00 -1.000000e+00
   outer loop
     vertex  1.005119e+02  2.565749e+01  0.000000e+00
     vertex  1.004876e+02  2.561770e+01  0.000000e+00
     vertex  9.295000e+01  2.965092e+01  0.000000e+00
   endloop
 endfacet
 facet normal -0.000000e+00  0.000000e+00 -1.000000e+00
   outer loop
     vertex  1.005373e+02  2.569660e+01  0.000000e+00
     vertex  1.005119e+02  2.565749e+01  0.000000e+00
     vertex  9.295000e+01  2.965092e+01  0.000000e+00
   endloop
 endfacet
 facet normal -0.000000e+00  0.000000e+00 -1.000000e+00
   outer loop
     vertex  1.005638e+02  2.573500e+01  0.000000e+00
     vertex  1.005373e+02  2.569660e+01  0.000000e+00
     vertex  9.295000e+01  2.965092e+01  0.000000e+00
   endloop
 endfacet
 facet normal -0.000000e+00  0.000000e+00 -1.000000e+00
   outer loop
     vertex  1.005913e+02  2.577266e+01  0.000000e+00
     vertex  1.005638e+02  2.573500e+01  0.000000e+00
     vertex  9.295000e+01  2.965092e+01  0.000000e+00
   endloop
 endfacet
 facet normal -0.000000e+00  0.000000e+00 -1.000000e+00
   outer loop
     vertex  1.006198e+02  2.580955e+01  0.000000e+00
     vertex  1.005913e+02  2.577266e+01  0.000000e+00
     vertex  9.295000e+01  2.965092e+01  0.000000e+00
   endloop
 endfacet
 facet normal -0.000000e+00  0.000000e+00 -1.000000e+00
   outer loop
     vertex  1.006494e+02  2.584564e+01  0.000000e+00
     vertex  1.006198e+02  2.580955e+01  0.000000e+00
     vertex  9.295000e+01  2.965092e+01  0.000000e+00
   endloop
 endfacet
 facet normal -0.000000e+00  0.000000e+00 -1.000000e+00
   outer loop
     vertex  1.006799e+02  2.588091e+01  0.000000e+00
     vertex  1.006494e+02  2.584564e+01  0.000000e+00
     vertex  9.295000e+01  2.965092e+01  0.000000e+00
   endloop
 endfacet
 facet normal -0.000000e+00  0.000000e+00 -1.000000e+00
   outer loop
     vertex  1.007114e+02  2.591533e+01  0.000000e+00
     vertex  1.006799e+02  2.588091e+01  0.000000e+00
     vertex  9.295000e+01  2.965092e+01  0.000000e+00
   endloop
 endfacet
 facet normal -0.000000e+00  0.000000e+00 -1.000000e+00
   outer loop
     vertex  1.007438e+02  2.594887e+01  0.000000e+00
     vertex  1.007114e+02  2.591533e+01  0.000000e+00
     vertex  9.295000e+01  2.965092e+01  0.000000e+00
   endloop
 endfacet
 facet normal -0.000000e+00  0.000000e+00 -1.000000e+00
   outer loop
     vertex  1.007771e+02  2.598151e+01  0.000000e+00
     vertex  1.007438e+02  2.594887e+01  0.000000e+00
     vertex  9.295000e+01  2.965092e+01  0.000000e+00
   endloop
 endfacet
 facet normal -0.000000e+00  0.000000e+00 -1.000000e+00
   outer loop
     vertex  1.008113e+02  2.601323e+01  0.000000e+00
     vertex  1.007771e+02  2.598151e+01  0.000000e+00
     vertex  9.295000e+01  2.965092e+01  0.000000e+00
   endloop
 endfacet
 facet normal -0.000000e+00  0.000000e+00 -1.000000e+00
   outer loop
     vertex  1.008464e+02  2.604399e+01  0.000000e+00
     vertex  1.008113e+02  2.601323e+01  0.000000e+00
     vertex  9.295000e+01  2.965092e+01  0.000000e+00
   endloop
 endfacet
 facet normal -0.000000e+00  0.000000e+00 -1.000000e+00
   outer loop
     vertex  1.008823e+02  2.607378e+01  0.000000e+00
     vertex  1.008464e+02  2.604399e+01  0.000000e+00
     vertex  9.295000e+01  2.965092e+01  0.000000e+00
   endloop
 endfacet
 facet normal -0.000000e+00  0.000000e+00 -1.000000e+00
   outer loop
     vertex  1.009190e+02  2.610257e+01  0.000000e+00
     vertex  1.008823e+02  2.607378e+01  0.000000e+00
     vertex  9.295000e+01  2.965092e+01  0.000000e+00
   endloop
 endfacet
 facet normal -0.000000e+00  0.000000e+00 -1.000000e+00
   outer loop
     vertex  1.009564e+02  2.613035e+01  0.000000e+00
     vertex  1.009190e+02  2.610257e+01  0.000000e+00
     vertex  9.295000e+01  2.965092e+01  0.000000e+00
   endloop
 endfacet
 facet normal  0.000000e+00 -0.000000e+00 -1.000000e+00
   outer loop
     vertex  8.770000e+01  3.945092e+01  0.000000e+00
     vertex  8.945000e+01  3.315092e+01  0.000000e+00
     vertex  8.420000e+01  3.595092e+01  0.000000e+00
   endloop
 endfacet
 facet normal -0.000000e+00  0.000000e+00 -1.000000e+00
   outer loop
     vertex  1.009947e+02  2.615709e+01  0.000000e+00
     vertex  1.009564e+02  2.613035e+01  0.000000e+00
     vertex  9.295000e+01  2.965092e+01  0.000000e+00
   endloop
 endfacet
 facet normal -0.000000e+00  0.000000e+00 -1.000000e+00
   outer loop
     vertex  1.010336e+02  2.618277e+01  0.000000e+00
     vertex  1.009947e+02  2.615709e+01  0.000000e+00
     vertex  9.295000e+01  2.965092e+01  0.000000e+00
   endloop
 endfacet
 facet normal -0.000000e+00  0.000000e+00 -1.000000e+00
   outer loop
     vertex  1.010732e+02  2.620737e+01  0.000000e+00
     vertex  1.010336e+02  2.618277e+01  0.000000e+00
     vertex  9.295000e+01  2.965092e+01  0.000000e+00
   endloop
 endfacet
 facet normal -0.000000e+00  0.000000e+00 -1.000000e+00
   outer loop
     vertex  1.011135e+02  2.623088e+01  0.000000e+00
     vertex  1.010732e+02  2.620737e+01  0.000000e+00
     vertex  9.295000e+01  2.965092e+01  0.000000e+00
   endloop
 endfacet
 facet normal  0.000000e+00 -0.000000e+00 -1.000000e+00
   outer loop
     vertex  1.173000e+02  1.005092e+01  0.000000e+00
     vertex  1.208000e+02  6.550920e+00  0.000000e+00
     vertex  1.110000e+02  6.550920e+00  0.000000e+00
   endloop
 endfacet
 facet normal -0.000000e+00  0.000000e+00 -1.000000e+00
   outer loop
     vertex  1.173000e+02  1.005092e+01  0.000000e+00
     vertex  1.110000e+02  6.550920e+00  0.000000e+00
     vertex  1.145000e+02  1.005092e+01  0.000000e+00
   endloop
 endfacet
 facet normal -0.000000e+00  0.000000e+00 -1.000000e+00
   outer loop
     vertex  1.011544e+02  2.625327e+01  0.000000e+00
     vertex  1.011135e+02  2.623088e+01  0.000000e+00
     vertex  9.295000e+01  2.965092e+01  0.000000e+00
   endloop
 endfacet
 facet normal -0.000000e+00  0.000000e+00 -1.000000e+00
   outer loop
     vertex  1.011959e+02  2.627453e+01  0.000000e+00
     vertex  1.011544e+02  2.625327e+01  0.000000e+00
     vertex  9.295000e+01  2.965092e+01  0.000000e+00
   endloop
 endfacet
 facet normal -0.000000e+00  0.000000e+00 -1.000000e+00
   outer loop
     vertex  1.012380e+02  2.629464e+01  0.000000e+00
     vertex  1.011959e+02  2.627453e+01  0.000000e+00
     vertex  9.295000e+01  2.965092e+01  0.000000e+00
   endloop
 endfacet
 facet normal  0.000000e+00  0.000000e+00 -1.000000e+00
   outer loop
     vertex  9.050000e+01  3.945092e+01  0.000000e+00
     vertex  8.770000e+01  3.945092e+01  0.000000e+00
     vertex  8.420000e+01  4.295092e+01  0.000000e+00
   endloop
 endfacet
 facet normal -0.000000e+00  0.000000e+00 -1.000000e+00
   outer loop
     vertex  9.050000e+01  3.945092e+01  0.000000e+00
     vertex  8.945000e+01  3.315092e+01  0.000000e+00
     vertex  8.770000e+01  3.945092e+01  0.000000e+00
   endloop
 endfacet
 facet normal  0.000000e+00  0.000000e+00 -1.000000e+00
   outer loop
     vertex  9.400000e+01  3.595092e+01  0.000000e+00
     vertex  1.020549e+02  2.644768e+01  0.000000e+00
     vertex  1.020083e+02  2.644992e+01  0.000000e+00
   endloop
 endfacet
 facet normal  0.000000e+00  0.000000e+00 -1.000000e+00
   outer loop
     vertex  9.400000e+01  3.595092e+01  0.000000e+00
     vertex  1.020083e+02  2.644992e+01  0.000000e+00
     vertex  1.019617e+02  2.645088e+01  0.000000e+00
   endloop
 endfacet
 facet normal  0.000000e+00  0.000000e+00 -1.000000e+00
   outer loop
     vertex  9.400000e+01  3.595092e+01  0.000000e+00
     vertex  1.019617e+02  2.645088e+01  0.000000e+00
     vertex  1.019150e+02  2.645056e+01  0.000000e+00
   endloop
 endfacet
 facet normal  0.000000e+00  0.000000e+00 -1.000000e+00
   outer loop
     vertex  9.400000e+01  3.595092e+01  0.000000e+00
     vertex  1.019150e+02  2.645056e+01  0.000000e+00
     vertex  1.018684e+02  2.644896e+01  0.000000e+00
   endloop
 endfacet
 facet normal  0.000000e+00  0.000000e+00 -1.000000e+00
   outer loop
     vertex  9.400000e+01  3.595092e+01  0.000000e+00
     vertex  1.018684e+02  2.644896e+01  0.000000e+00
     vertex  1.018219e+02  2.644608e+01  0.000000e+00
   endloop
 endfacet
 facet normal  0.000000e+00  0.000000e+00 -1.000000e+00
   outer loop
     vertex  9.400000e+01  3.595092e+01  0.000000e+00
     vertex  1.018219e+02  2.644608e+01  0.000000e+00
     vertex  1.017754e+02  2.644193e+01  0.000000e+00
   endloop
 endfacet
 facet normal  0.000000e+00  0.000000e+00 -1.000000e+00
   outer loop
     vertex  9.400000e+01  3.595092e+01  0.000000e+00
     vertex  1.017754e+02  2.644193e+01  0.000000e+00
     vertex  1.017291e+02  2.643650e+01  0.000000e+00
   endloop
 endfacet
 facet normal  0.000000e+00  0.000000e+00 -1.000000e+00
   outer loop
     vertex  9.400000e+01  3.595092e+01  0.000000e+00
     vertex  1.017291e+02  2.643650e+01  0.000000e+00
     vertex  1.016829e+02  2.642981e+01  0.000000e+00
   endloop
 endfacet
 facet normal  0.000000e+00  0.000000e+00 -1.000000e+00
   outer loop
     vertex  9.400000e+01  3.595092e+01  0.000000e+00
     vertex  1.016829e+02  2.642981e+01  0.000000e+00
     vertex  1.016370e+02  2.642185e+01  0.000000e+00
   endloop
 endfacet
 facet normal  0.000000e+00  0.000000e+00 -1.000000e+00
   outer loop
     vertex  9.400000e+01  3.595092e+01  0.000000e+00
     vertex  1.016370e+02  2.642185e+01  0.000000e+00
     vertex  1.015912e+02  2.641263e+01  0.000000e+00
   endloop
 endfacet
 facet normal  0.000000e+00  0.000000e+00 -1.000000e+00
   outer loop
     vertex  9.400000e+01  3.595092e+01  0.000000e+00
     vertex  1.015912e+02  2.641263e+01  0.000000e+00
     vertex  1.015458e+02  2.640216e+01  0.000000e+00
   endloop
 endfacet
 facet normal  0.000000e+00  0.000000e+00 -1.000000e+00
   outer loop
     vertex  9.400000e+01  3.595092e+01  0.000000e+00
     vertex  1.015458e+02  2.640216e+01  0.000000e+00
     vertex  1.015006e+02  2.639045e+01  0.000000e+00
   endloop
 endfacet
 facet normal  0.000000e+00  0.000000e+00 -1.000000e+00
   outer loop
     vertex  9.400000e+01  3.595092e+01  0.000000e+00
     vertex  1.015006e+02  2.639045e+01  0.000000e+00
     vertex  1.014558e+02  2.637751e+01  0.000000e+00
   endloop
 endfacet
 facet normal  0.000000e+00  0.000000e+00 -1.000000e+00
   outer loop
     vertex  9.400000e+01  3.595092e+01  0.000000e+00
     vertex  1.014558e+02  2.637751e+01  0.000000e+00
     vertex  1.014114e+02  2.636334e+01  0.000000e+00
   endloop
 endfacet
 facet normal  0.000000e+00  0.000000e+00 -1.000000e+00
   outer loop
     vertex  9.400000e+01  3.595092e+01  0.000000e+00
     vertex  1.014114e+02  2.636334e+01  0.000000e+00
     vertex  1.013673e+02  2.634795e+01  0.000000e+00
   endloop
 endfacet
 facet normal  0.000000e+00  0.000000e+00 -1.000000e+00
   outer loop
     vertex  9.400000e+01  3.595092e+01  0.000000e+00
     vertex  1.013673e+02  2.634795e+01  0.000000e+00
     vertex  1.013238e+02  2.633137e+01  0.000000e+00
   endloop
 endfacet
 facet normal  0.000000e+00  0.000000e+00 -1.000000e+00
   outer loop
     vertex  9.400000e+01  3.595092e+01  0.000000e+00
     vertex  1.013238e+02  2.633137e+01  0.000000e+00
     vertex  1.012806e+02  2.631359e+01  0.000000e+00
   endloop
 endfacet
 facet normal  0.000000e+00  0.000000e+00 -1.000000e+00
   outer loop
     vertex  9.400000e+01  3.595092e+01  0.000000e+00
     vertex  1.012806e+02  2.631359e+01  0.000000e+00
     vertex  1.012380e+02  2.629464e+01  0.000000e+00
   endloop
 endfacet
 facet normal -0.000000e+00  0.000000e+00 -1.000000e+00
   outer loop
     vertex  9.400000e+01  3.595092e+01  0.000000e+00
     vertex  8.945000e+01  3.315092e+01  0.000000e+00
     vertex  9.050000e+01  3.945092e+01  0.000000e+00
   endloop
 endfacet
 facet normal  0.000000e+00 -0.000000e+00 -1.000000e+00
   outer loop
     vertex  9.400000e+01  3.595092e+01  0.000000e+00
     vertex  1.012380e+02  2.629464e+01  0.000000e+00
     vertex  9.295000e+01  2.965092e+01  0.000000e+00
   endloop
 endfacet
 facet normal  0.000000e+00  0.000000e+00 -1.000000e+00
   outer loop
     vertex  9.400000e+01  3.595092e+01  0.000000e+00
     vertex  9.295000e+01  2.965092e+01  0.000000e+00
     vertex  8.945000e+01  3.315092e+01  0.000000e+00
   endloop
 endfacet
 facet normal  0.000000e+00  0.000000e+00 -1.000000e+00
   outer loop
     vertex  1.144500e+02  1.635092e+01  0.000000e+00
     vertex  1.173000e+02  1.005092e+01  0.000000e+00
     vertex  1.145000e+02  1.005092e+01  0.000000e+00
   endloop
 endfacet
 facet normal  0.000000e+00 -0.000000e+00 -1.000000e+00
   outer loop
     vertex  1.144500e+02  1.635092e+01  0.000000e+00
     vertex  1.145000e+02  1.005092e+01  0.000000e+00
     vertex  1.110000e+02  1.355092e+01  0.000000e+00
   endloop
 endfacet
 facet normal  0.000000e+00  0.000000e+00 -1.000000e+00
   outer loop
     vertex  1.109500e+02  1.985092e+01  0.000000e+00
     vertex  1.144500e+02  1.635092e+01  0.000000e+00
     vertex  1.110000e+02  1.355092e+01  0.000000e+00
   endloop
 endfacet
 facet normal  0.000000e+00  0.000000e+00 -1.000000e+00
   outer loop
     vertex  1.109500e+02  1.985092e+01  0.000000e+00
     vertex  1.025107e+02  2.314604e+01  0.000000e+00
     vertex  1.025545e+02  2.316203e+01  0.000000e+00
   endloop
 endfacet
 facet normal  0.000000e+00  0.000000e+00 -1.000000e+00
   outer loop
     vertex  1.109500e+02  1.985092e+01  0.000000e+00
     vertex  1.025545e+02  2.316203e+01  0.000000e+00
     vertex  1.025979e+02  2.317921e+01  0.000000e+00
   endloop
 endfacet
 facet normal  0.000000e+00  0.000000e+00 -1.000000e+00
   outer loop
     vertex  1.109500e+02  1.985092e+01  0.000000e+00
     vertex  1.025979e+02  2.317921e+01  0.000000e+00
     vertex  1.026407e+02  2.319758e+01  0.000000e+00
   endloop
 endfacet
 facet normal  0.000000e+00  0.000000e+00 -1.000000e+00
   outer loop
     vertex  1.109500e+02  1.985092e+01  0.000000e+00
     vertex  1.026407e+02  2.319758e+01  0.000000e+00
     vertex  1.026831e+02  2.321711e+01  0.000000e+00
   endloop
 endfacet
 facet normal  0.000000e+00  0.000000e+00 -1.000000e+00
   outer loop
     vertex  1.109500e+02  1.985092e+01  0.000000e+00
     vertex  1.026831e+02  2.321711e+01  0.000000e+00
     vertex  1.027249e+02  2.323780e+01  0.000000e+00
   endloop
 endfacet
 facet normal  0.000000e+00  0.000000e+00 -1.000000e+00
   outer loop
     vertex  1.109500e+02  1.985092e+01  0.000000e+00
     vertex  1.027249e+02  2.323780e+01  0.000000e+00
     vertex  1.027661e+02  2.325963e+01  0.000000e+00
   endloop
 endfacet
 facet normal  0.000000e+00  0.000000e+00 -1.000000e+00
   outer loop
     vertex  1.109500e+02  1.985092e+01  0.000000e+00
     vertex  1.027661e+02  2.325963e+01  0.000000e+00
     vertex  1.028067e+02  2.328258e+01  0.000000e+00
   endloop
 endfacet
 facet normal  0.000000e+00  0.000000e+00 -1.000000e+00
   outer loop
     vertex  1.109500e+02  1.985092e+01  0.000000e+00
     vertex  1.028067e+02  2.328258e+01  0.000000e+00
     vertex  1.028467e+02  2.330664e+01  0.000000e+00
   endloop
 endfacet
 facet normal -0.000000e+00 -0.000000e+00 -1.000000e+00
   outer loop
     vertex  1.109500e+02  1.985092e+01  0.000000e+00
     vertex  1.110000e+02  1.355092e+01  0.000000e+00
     vertex  1.025107e+02  2.314604e+01  0.000000e+00
   endloop
 endfacet
 facet normal  0.000000e+00  0.000000e+00 -1.000000e+00
   outer loop
     vertex  1.109500e+02  1.985092e+01  0.000000e+00
     vertex  1.028467e+02  2.330664e+01  0.000000e+00
     vertex  1.028860e+02  2.333178e+01  0.000000e+00
   endloop
 endfacet
 facet normal  0.000000e+00  0.000000e+00 -1.000000e+00
   outer loop
     vertex  1.109500e+02  1.985092e+01  0.000000e+00
     vertex  1.028860e+02  2.333178e+01  0.000000e+00
     vertex  1.029245e+02  2.335799e+01  0.000000e+00
   endloop
 endfacet
 facet normal  0.000000e+00  0.000000e+00 -1.000000e+00
   outer loop
     vertex  1.109500e+02  1.985092e+01  0.000000e+00
     vertex  1.029245e+02  2.335799e+01  0.000000e+00
     vertex  1.029624e+02  2.338525e+01  0.000000e+00
   endloop
 endfacet
 facet normal  0.000000e+00  0.000000e+00 -1.000000e+00
   outer loop
     vertex  1.109500e+02  1.985092e+01  0.000000e+00
     vertex  1.029624e+02  2.338525e+01  0.000000e+00
     vertex  1.029995e+02  2.341354e+01  0.000000e+00
   endloop
 endfacet
 facet normal  0.000000e+00  0.000000e+00 -1.000000e+00
   outer loop
     vertex  1.109500e+02  1.985092e+01  0.000000e+00
     vertex  1.029995e+02  2.341354e+01  0.000000e+00
     vertex  1.030358e+02  2.344283e+01  0.000000e+00
   endloop
 endfacet
 facet normal  0.000000e+00  0.000000e+00 -1.000000e+00
   outer loop
     vertex  1.109500e+02  1.985092e+01  0.000000e+00
     vertex  1.030358e+02  2.344283e+01  0.000000e+00
     vertex  1.030713e+02  2.347311e+01  0.000000e+00
   endloop
 endfacet
 facet normal  0.000000e+00  0.000000e+00 -1.000000e+00
   outer loop
     vertex  1.109500e+02  1.985092e+01  0.000000e+00
     vertex  1.030713e+02  2.347311e+01  0.000000e+00
     vertex  1.031059e+02  2.350435e+01  0.000000e+00
   endloop
 endfacet
 facet normal  0.000000e+00  0.000000e+00 -1.000000e+00
   outer loop
     vertex  1.109500e+02  1.985092e+01  0.000000e+00
     vertex  1.031059e+02  2.350435e+01  0.000000e+00
     vertex  1.031396e+02  2.353653e+01  0.000000e+00
   endloop
 endfacet
 facet normal  0.000000e+00  0.000000e+00 -1.000000e+00
   outer loop
     vertex  1.109500e+02  1.985092e+01  0.000000e+00
     vertex  1.031396e+02  2.353653e+01  0.000000e+00
     vertex  1.031725e+02  2.356963e+01  0.000000e+00
   endloop
 endfacet
 facet normal  0.000000e+00  0.000000e+00 -1.000000e+00
   outer loop
     vertex  1.109500e+02  1.985092e+01  0.000000e+00
     vertex  1.031725e+02  2.356963e+01  0.000000e+00
     vertex  1.032045e+02  2.360361e+01  0.000000e+00
   endloop
 endfacet
 facet normal  0.000000e+00  0.000000e+00 -1.000000e+00
   outer loop
     vertex  1.109500e+02  1.985092e+01  0.000000e+00
     vertex  1.032045e+02  2.360361e+01  0.000000e+00
     vertex  1.032355e+02  2.363846e+01  0.000000e+00
   endloop
 endfacet
 facet normal  0.000000e+00  0.000000e+00 -1.000000e+00
   outer loop
     vertex  1.109500e+02  1.985092e+01  0.000000e+00
     vertex  1.032355e+02  2.363846e+01  0.000000e+00
     vertex  1.032655e+02  2.367414e+01  0.000000e+00
   endloop
 endfacet
 facet normal  0.000000e+00  0.000000e+00 -1.000000e+00
   outer loop
     vertex  1.109500e+02  1.985092e+01  0.000000e+00
     vertex  1.032655e+02  2.367414e+01  0.000000e+00
     vertex  1.032945e+02  2.371064e+01  0.000000e+00
   endloop
 endfacet
 facet normal  0.000000e+00  0.000000e+00 -1.000000e+00
   outer loop
     vertex  1.109500e+02  1.985092e+01  0.000000e+00
     vertex  1.032945e+02  2.371064e+01  0.000000e+00
     vertex  1.033226e+02  2.374792e+01  0.000000e+00
   endloop
 endfacet
 facet normal  0.000000e+00  0.000000e+00 -1.000000e+00
   outer loop
     vertex  1.109500e+02  1.985092e+01  0.000000e+00
     vertex  1.033226e+02  2.374792e+01  0.000000e+00
     vertex  1.033496e+02  2.378595e+01  0.000000e+00
   endloop
 endfacet
 facet normal  0.000000e+00  0.000000e+00 -1.000000e+00
   outer loop
     vertex  1.109500e+02  1.985092e+01  0.000000e+00
     vertex  1.033496e+02  2.378595e+01  0.000000e+00
     vertex  1.033755e+02  2.382471e+01  0.000000e+00
   endloop
 endfacet
 facet normal  0.000000e+00  0.000000e+00 -1.000000e+00
   outer loop
     vertex  1.109500e+02  1.985092e+01  0.000000e+00
     vertex  1.033755e+02  2.382471e+01  0.000000e+00
     vertex  1.034004e+02  2.386416e+01  0.000000e+00
   endloop
 endfacet
 facet normal  0.000000e+00  0.000000e+00 -1.000000e+00
   outer loop
     vertex  1.109500e+02  1.985092e+01  0.000000e+00
     vertex  1.034004e+02  2.386416e+01  0.000000e+00
     vertex  1.034242e+02  2.390429e+01  0.000000e+00
   endloop
 endfacet
 facet normal  0.000000e+00  0.000000e+00 -1.000000e+00
   outer loop
     vertex  1.109500e+02  1.985092e+01  0.000000e+00
     vertex  1.034242e+02  2.390429e+01  0.000000e+00
     vertex  1.034469e+02  2.394505e+01  0.000000e+00
   endloop
 endfacet
 facet normal  0.000000e+00  0.000000e+00 -1.000000e+00
   outer loop
     vertex  1.109500e+02  1.985092e+01  0.000000e+00
     vertex  1.034469e+02  2.394505e+01  0.000000e+00
     vertex  1.034684e+02  2.398642e+01  0.000000e+00
   endloop
 endfacet
 facet normal  0.000000e+00  0.000000e+00 -1.000000e+00
   outer loop
     vertex  1.109500e+02  1.985092e+01  0.000000e+00
     vertex  1.034684e+02  2.398642e+01  0.000000e+00
     vertex  1.034888e+02  2.402836e+01  0.000000e+00
   endloop
 endfacet
 facet normal  0.000000e+00  0.000000e+00 -1.000000e+00
   outer loop
     vertex  1.109500e+02  1.985092e+01  0.000000e+00
     vertex  1.034888e+02  2.402836e+01  0.000000e+00
     vertex  1.035080e+02  2.407085e+01  0.000000e+00
   endloop
 endfacet
 facet normal  0.000000e+00  0.000000e+00 -1.000000e+00
   outer loop
     vertex  1.109500e+02  1.985092e+01  0.000000e+00
     vertex  1.035080e+02  2.407085e+01  0.000000e+00
     vertex  1.035261e+02  2.411385e+01  0.000000e+00
   endloop
 endfacet
 facet normal  0.000000e+00  0.000000e+00 -1.000000e+00
   outer loop
     vertex  1.109500e+02  1.985092e+01  0.000000e+00
     vertex  1.035261e+02  2.411385e+01  0.000000e+00
     vertex  1.035430e+02  2.415733e+01  0.000000e+00
   endloop
 endfacet
 facet normal  0.000000e+00  0.000000e+00 -1.000000e+00
   outer loop
     vertex  1.109500e+02  1.985092e+01  0.000000e+00
     vertex  1.035430e+02  2.415733e+01  0.000000e+00
     vertex  1.035587e+02  2.420125e+01  0.000000e+00
   endloop
 endfacet
 facet normal  0.000000e+00  0.000000e+00 -1.000000e+00
   outer loop
     vertex  1.109500e+02  1.985092e+01  0.000000e+00
     vertex  1.035587e+02  2.420125e+01  0.000000e+00
     vertex  1.035732e+02  2.424559e+01  0.000000e+00
   endloop
 endfacet
 facet normal  0.000000e+00  0.000000e+00 -1.000000e+00
   outer loop
     vertex  1.109500e+02  1.985092e+01  0.000000e+00
     vertex  1.035732e+02  2.424559e+01  0.000000e+00
     vertex  1.035864e+02  2.429031e+01  0.000000e+00
   endloop
 endfacet
 facet normal  0.000000e+00  0.000000e+00 -1.000000e+00
   outer loop
     vertex  1.109500e+02  1.985092e+01  0.000000e+00
     vertex  1.035864e+02  2.429031e+01  0.000000e+00
     vertex  1.035984e+02  2.433538e+01  0.000000e+00
   endloop
 endfacet
 facet normal  0.000000e+00  0.000000e+00 -1.000000e+00
   outer loop
     vertex  1.109500e+02  1.985092e+01  0.000000e+00
     vertex  1.035984e+02  2.433538e+01  0.000000e+00
     vertex  1.036092e+02  2.438076e+01  0.000000e+00
   endloop
 endfacet
 facet normal  0.000000e+00  0.000000e+00 -1.000000e+00
   outer loop
     vertex  1.109500e+02  1.985092e+01  0.000000e+00
     vertex  1.036092e+02  2.438076e+01  0.000000e+00
     vertex  1.036187e+02  2.442642e+01  0.000000e+00
   endloop
 endfacet
 facet normal  0.000000e+00  0.000000e+00 -1.000000e+00
   outer loop
     vertex  1.109500e+02  1.985092e+01  0.000000e+00
     vertex  1.036187e+02  2.442642e+01  0.000000e+00
     vertex  1.036270e+02  2.447232e+01  0.000000e+00
   endloop
 endfacet
 facet normal  0.000000e+00  0.000000e+00 -1.000000e+00
   outer loop
     vertex  1.109500e+02  1.985092e+01  0.000000e+00
     vertex  1.036270e+02  2.447232e+01  0.000000e+00
     vertex  1.036340e+02  2.451843e+01  0.000000e+00
   endloop
 endfacet
 facet normal  0.000000e+00  0.000000e+00 -1.000000e+00
   outer loop
     vertex  1.109500e+02  1.985092e+01  0.000000e+00
     vertex  1.036340e+02  2.451843e+01  0.000000e+00
     vertex  1.036398e+02  2.456472e+01  0.000000e+00
   endloop
 endfacet
 facet normal  0.000000e+00  0.000000e+00 -1.000000e+00
   outer loop
     vertex  1.109500e+02  1.985092e+01  0.000000e+00
     vertex  1.036398e+02  2.456472e+01  0.000000e+00
     vertex  1.036442e+02  2.461115e+01  0.000000e+00
   endloop
 endfacet
 facet normal  0.000000e+00  0.000000e+00 -1.000000e+00
   outer loop
     vertex  1.109500e+02  1.985092e+01  0.000000e+00
     vertex  1.036442e+02  2.461115e+01  0.000000e+00
     vertex  1.036474e+02  2.465768e+01  0.000000e+00
   endloop
 endfacet
 facet normal  0.000000e+00  0.000000e+00 -1.000000e+00
   outer loop
     vertex  1.109500e+02  1.985092e+01  0.000000e+00
     vertex  1.036474e+02  2.465768e+01  0.000000e+00
     vertex  1.036494e+02  2.470428e+01  0.000000e+00
   endloop
 endfacet
 facet normal  0.000000e+00  0.000000e+00 -1.000000e+00
   outer loop
     vertex  1.109500e+02  1.985092e+01  0.000000e+00
     vertex  1.036494e+02  2.470428e+01  0.000000e+00
     vertex  1.036500e+02  2.475092e+01  0.000000e+00
   endloop
 endfacet
 facet normal -0.000000e+00  0.000000e+00 -1.000000e+00
   outer loop
     vertex  1.208000e+02  1.355092e+01  0.000000e+00
     vertex  1.173000e+02  1.005092e+01  0.000000e+00
     vertex  1.144500e+02  1.635092e+01  0.000000e+00
   endloop
 endfacet
 facet normal -0.000000e+00  0.000000e+00 -1.000000e+00
   outer loop
     vertex  9.400000e+01  4.295092e+01  0.000000e+00
     vertex  9.050000e+01  3.945092e+01  0.000000e+00
     vertex  8.420000e+01  4.295092e+01  0.000000e+00
   endloop
 endfacet
 facet normal -0.000000e+00  0.000000e+00 -1.000000e+00
   outer loop
     vertex  1.231750e+02  1.635092e+01  0.000000e+00
     vertex  1.208000e+02  1.355092e+01  0.000000e+00
     vertex  1.144500e+02  1.635092e+01  0.000000e+00
   endloop
 endfacet
 facet normal  0.000000e+00  0.000000e+00 -1.000000e+00
   outer loop
     vertex  1.109500e+02  2.965092e+01  0.000000e+00
     vertex  1.025545e+02  2.633981e+01  0.000000e+00
     vertex  1.025107e+02  2.635580e+01  0.000000e+00
   endloop
 endfacet
 facet normal  0.000000e+00  0.000000e+00 -1.000000e+00
   outer loop
     vertex  1.109500e+02  2.965092e+01  0.000000e+00
     vertex  1.036500e+02  2.475092e+01  0.000000e+00
     vertex  1.036494e+02  2.479756e+01  0.000000e+00
   endloop
 endfacet
 facet normal  0.000000e+00  0.000000e+00 -1.000000e+00
   outer loop
     vertex  1.109500e+02  2.965092e+01  0.000000e+00
     vertex  1.036494e+02  2.479756e+01  0.000000e+00
     vertex  1.036474e+02  2.484416e+01  0.000000e+00
   endloop
 endfacet
 facet normal  0.000000e+00  0.000000e+00 -1.000000e+00
   outer loop
     vertex  1.109500e+02  2.965092e+01  0.000000e+00
     vertex  1.036474e+02  2.484416e+01  0.000000e+00
     vertex  1.036442e+02  2.489069e+01  0.000000e+00
   endloop
 endfacet
 facet normal  0.000000e+00  0.000000e+00 -1.000000e+00
   outer loop
     vertex  1.109500e+02  2.965092e+01  0.000000e+00
     vertex  1.036442e+02  2.489069e+01  0.000000e+00
     vertex  1.036398e+02  2.493712e+01  0.000000e+00
   endloop
 endfacet
 facet normal  0.000000e+00  0.000000e+00 -1.000000e+00
   outer loop
     vertex  1.109500e+02  2.965092e+01  0.000000e+00
     vertex  1.036398e+02  2.493712e+01  0.000000e+00
     vertex  1.036340e+02  2.498341e+01  0.000000e+00
   endloop
 endfacet
 facet normal  0.000000e+00  0.000000e+00 -1.000000e+00
   outer loop
     vertex  1.109500e+02  2.965092e+01  0.000000e+00
     vertex  1.036340e+02  2.498341e+01  0.000000e+00
     vertex  1.036270e+02  2.502952e+01  0.000000e+00
   endloop
 endfacet
 facet normal  0.000000e+00  0.000000e+00 -1.000000e+00
   outer loop
     vertex  1.109500e+02  2.965092e+01  0.000000e+00
     vertex  1.036270e+02  2.502952e+01  0.000000e+00
     vertex  1.036187e+02  2.507542e+01  0.000000e+00
   endloop
 endfacet
 facet normal  0.000000e+00  0.000000e+00 -1.000000e+00
   outer loop
     vertex  1.109500e+02  2.965092e+01  0.000000e+00
     vertex  1.036187e+02  2.507542e+01  0.000000e+00
     vertex  1.036092e+02  2.512108e+01  0.000000e+00
   endloop
 endfacet
 facet normal  0.000000e+00  0.000000e+00 -1.000000e+00
   outer loop
     vertex  1.109500e+02  2.965092e+01  0.000000e+00
     vertex  1.036092e+02  2.512108e+01  0.000000e+00
     vertex  1.035984e+02  2.516646e+01  0.000000e+00
   endloop
 endfacet
 facet normal  0.000000e+00  0.000000e+00 -1.000000e+00
   outer loop
     vertex  1.109500e+02  2.965092e+01  0.000000e+00
     vertex  1.035984e+02  2.516646e+01  0.000000e+00
     vertex  1.035864e+02  2.521153e+01  0.000000e+00
   endloop
 endfacet
 facet normal  0.000000e+00  0.000000e+00 -1.000000e+00
   outer loop
     vertex  1.109500e+02  2.965092e+01  0.000000e+00
     vertex  1.035864e+02  2.521153e+01  0.000000e+00
     vertex  1.035732e+02  2.525625e+01  0.000000e+00
   endloop
 endfacet
 facet normal  0.000000e+00  0.000000e+00 -1.000000e+00
   outer loop
     vertex  1.109500e+02  2.965092e+01  0.000000e+00
     vertex  1.035732e+02  2.525625e+01  0.000000e+00
     vertex  1.035587e+02  2.530059e+01  0.000000e+00
   endloop
 endfacet
 facet normal  0.000000e+00  0.000000e+00 -1.000000e+00
   outer loop
     vertex  1.109500e+02  2.965092e+01  0.000000e+00
     vertex  1.035587e+02  2.530059e+01  0.000000e+00
     vertex  1.035430e+02  2.534451e+01  0.000000e+00
   endloop
 endfacet
 facet normal  0.000000e+00  0.000000e+00 -1.000000e+00
   outer loop
     vertex  1.109500e+02  2.965092e+01  0.000000e+00
     vertex  1.035430e+02  2.534451e+01  0.000000e+00
     vertex  1.035261e+02  2.538799e+01  0.000000e+00
   endloop
 endfacet
 facet normal  0.000000e+00  0.000000e+00 -1.000000e+00
   outer loop
     vertex  1.109500e+02  2.965092e+01  0.000000e+00
     vertex  1.035261e+02  2.538799e+01  0.000000e+00
     vertex  1.035080e+02  2.543099e+01  0.000000e+00
   endloop
 endfacet
 facet normal  0.000000e+00  0.000000e+00 -1.000000e+00
   outer loop
     vertex  1.109500e+02  2.965092e+01  0.000000e+00
     vertex  1.035080e+02  2.543099e+01  0.000000e+00
     vertex  1.034888e+02  2.547348e+01  0.000000e+00
   endloop
 endfacet
 facet normal  0.000000e+00  0.000000e+00 -1.000000e+00
   outer loop
     vertex  1.109500e+02  2.965092e+01  0.000000e+00
     vertex  1.034888e+02  2.547348e+01  0.000000e+00
     vertex  1.034684e+02  2.551542e+01  0.000000e+00
   endloop
 endfacet
 facet normal  0.000000e+00  0.000000e+00 -1.000000e+00
   outer loop
     vertex  1.109500e+02  2.965092e+01  0.000000e+00
     vertex  1.034684e+02  2.551542e+01  0.000000e+00
     vertex  1.034469e+02  2.555679e+01  0.000000e+00
   endloop
 endfacet
 facet normal  0.000000e+00  0.000000e+00 -1.000000e+00
   outer loop
     vertex  1.109500e+02  2.965092e+01  0.000000e+00
     vertex  1.034469e+02  2.555679e+01  0.000000e+00
     vertex  1.034242e+02  2.559755e+01  0.000000e+00
   endloop
 endfacet
 facet normal  0.000000e+00  0.000000e+00 -1.000000e+00
   outer loop
     vertex  1.109500e+02  2.965092e+01  0.000000e+00
     vertex  1.034242e+02  2.559755e+01  0.000000e+00
     vertex  1.034004e+02  2.563768e+01  0.000000e+00
   endloop
 endfacet
 facet normal  0.000000e+00  0.000000e+00 -1.000000e+00
   outer loop
     vertex  1.109500e+02  2.965092e+01  0.000000e+00
     vertex  1.034004e+02  2.563768e+01  0.000000e+00
     vertex  1.033755e+02  2.567713e+01  0.000000e+00
   endloop
 endfacet
 facet normal  0.000000e+00  0.000000e+00 -1.000000e+00
   outer loop
     vertex  1.109500e+02  2.965092e+01  0.000000e+00
     vertex  1.033755e+02  2.567713e+01  0.000000e+00
     vertex  1.033496e+02  2.571589e+01  0.000000e+00
   endloop
 endfacet
 facet normal  0.000000e+00  0.000000e+00 -1.000000e+00
   outer loop
     vertex  1.109500e+02  2.965092e+01  0.000000e+00
     vertex  1.033496e+02  2.571589e+01  0.000000e+00
     vertex  1.033226e+02  2.575392e+01  0.000000e+00
   endloop
 endfacet
 facet normal  0.000000e+00  0.000000e+00 -1.000000e+00
   outer loop
     vertex  1.109500e+02  2.965092e+01  0.000000e+00
     vertex  1.033226e+02  2.575392e+01  0.000000e+00
     vertex  1.032945e+02  2.579120e+01  0.000000e+00
   endloop
 endfacet
 facet normal  0.000000e+00  0.000000e+00 -1.000000e+00
   outer loop
     vertex  1.109500e+02  2.965092e+01  0.000000e+00
     vertex  1.032945e+02  2.579120e+01  0.000000e+00
     vertex  1.032655e+02  2.582770e+01  0.000000e+00
   endloop
 endfacet
 facet normal  0.000000e+00  0.000000e+00 -1.000000e+00
   outer loop
     vertex  1.109500e+02  2.965092e+01  0.000000e+00
     vertex  1.032655e+02  2.582770e+01  0.000000e+00
     vertex  1.032355e+02  2.586338e+01  0.000000e+00
   endloop
 endfacet
 facet normal  0.000000e+00  0.000000e+00 -1.000000e+00
   outer loop
     vertex  1.109500e+02  2.965092e+01  0.000000e+00
     vertex  1.032355e+02  2.586338e+01  0.000000e+00
     vertex  1.032045e+02  2.589823e+01  0.000000e+00
   endloop
 endfacet
 facet normal  0.000000e+00  0.000000e+00 -1.000000e+00
   outer loop
     vertex  1.109500e+02  2.965092e+01  0.000000e+00
     vertex  1.032045e+02  2.589823e+01  0.000000e+00
     vertex  1.031725e+02  2.593221e+01  0.000000e+00
   endloop
 endfacet
 facet normal  0.000000e+00  0.000000e+00 -1.000000e+00
   outer loop
     vertex  1.109500e+02  2.965092e+01  0.000000e+00
     vertex  1.031725e+02  2.593221e+01  0.000000e+00
     vertex  1.031396e+02  2.596531e+01  0.000000e+00
   endloop
 endfacet
 facet normal  0.000000e+00  0.000000e+00 -1.000000e+00
   outer loop
     vertex  1.109500e+02  2.965092e+01  0.000000e+00
     vertex  1.031396e+02  2.596531e+01  0.000000e+00
     vertex  1.031059e+02  2.599749e+01  0.000000e+00
   endloop
 endfacet
 facet normal  0.000000e+00  0.000000e+00 -1.000000e+00
   outer loop
     vertex  1.109500e+02  2.965092e+01  0.000000e+00
     vertex  1.031059e+02  2.599749e+01  0.000000e+00
     vertex  1.030713e+02  2.602873e+01  0.000000e+00
   endloop
 endfacet
 facet normal  0.000000e+00  0.000000e+00 -1.000000e+00
   outer loop
     vertex  1.109500e+02  2.965092e+01  0.000000e+00
     vertex  1.030713e+02  2.602873e+01  0.000000e+00
     vertex  1.030358e+02  2.605901e+01  0.000000e+00
   endloop
 endfacet
 facet normal  0.000000e+00  0.000000e+00 -1.000000e+00
   outer loop
     vertex  1.109500e+02  2.965092e+01  0.000000e+00
     vertex  1.030358e+02  2.605901e+01  0.000000e+00
     vertex  1.029995e+02  2.608830e+01  0.000000e+00
   endloop
 endfacet
 facet normal  0.000000e+00  0.000000e+00 -1.000000e+00
   outer loop
     vertex  1.109500e+02  2.965092e+01  0.000000e+00
     vertex  1.029995e+02  2.608830e+01  0.000000e+00
     vertex  1.029624e+02  2.611659e+01  0.000000e+00
   endloop
 endfacet
 facet normal  0.000000e+00  0.000000e+00 -1.000000e+00
   outer loop
     vertex  1.109500e+02  2.965092e+01  0.000000e+00
     vertex  1.029624e+02  2.611659e+01  0.000000e+00
     vertex  1.029245e+02  2.614385e+01  0.000000e+00
   endloop
 endfacet
 facet normal  0.000000e+00  0.000000e+00 -1.000000e+00
   outer loop
     vertex  1.109500e+02  2.965092e+01  0.000000e+00
     vertex  1.029245e+02  2.614385e+01  0.000000e+00
     vertex  1.028860e+02  2.617006e+01  0.000000e+00
   endloop
 endfacet
 facet normal  0.000000e+00  0.000000e+00 -1.000000e+00
   outer loop
     vertex  1.109500e+02  2.965092e+01  0.000000e+00
     vertex  1.028860e+02  2.617006e+01  0.000000e+00
     vertex  1.028467e+02  2.619520e+01  0.000000e+00
   endloop
 endfacet
 facet normal  0.000000e+00  0.000000e+00 -1.000000e+00
   outer loop
     vertex  1.109500e+02  2.965092e+01  0.000000e+00
     vertex  1.028467e+02  2.619520e+01  0.000000e+00
     vertex  1.028067e+02  2.621926e+01  0.000000e+00
   endloop
 endfacet
 facet normal  0.000000e+00  0.000000e+00 -1.000000e+00
   outer loop
     vertex  1.109500e+02  2.965092e+01  0.000000e+00
     vertex  1.028067e+02  2.621926e+01  0.000000e+00
     vertex  1.027661e+02  2.624221e+01  0.000000e+00
   endloop
 endfacet
 facet normal  0.000000e+00 -0.000000e+00 -1.000000e+00
   outer loop
     vertex  1.109500e+02  2.965092e+01  0.000000e+00
     vertex  1.109500e+02  1.985092e+01  0.000000e+00
     vertex  1.036500e+02  2.475092e+01  0.000000e+00
   endloop
 endfacet
 facet normal  0.000000e+00  0.000000e+00 -1.000000e+00
   outer loop
     vertex  1.109500e+02  2.965092e+01  0.000000e+00
     vertex  1.027661e+02  2.624221e+01  0.000000e+00
     vertex  1.027249e+02  2.626404e+01  0.000000e+00
   endloop
 endfacet
 facet normal  0.000000e+00  0.000000e+00 -1.000000e+00
   outer loop
     vertex  1.109500e+02  2.965092e+01  0.000000e+00
     vertex  1.027249e+02  2.626404e+01  0.000000e+00
     vertex  1.026831e+02  2.628473e+01  0.000000e+00
   endloop
 endfacet
 facet normal  0.000000e+00  0.000000e+00 -1.000000e+00
   outer loop
     vertex  1.109500e+02  2.965092e+01  0.000000e+00
     vertex  1.026831e+02  2.628473e+01  0.000000e+00
     vertex  1.026407e+02  2.630426e+01  0.000000e+00
   endloop
 endfacet
 facet normal  0.000000e+00  0.000000e+00 -1.000000e+00
   outer loop
     vertex  1.109500e+02  2.965092e+01  0.000000e+00
     vertex  1.026407e+02  2.630426e+01  0.000000e+00
     vertex  1.025979e+02  2.632263e+01  0.000000e+00
   endloop
 endfacet
 facet normal  0.000000e+00  0.000000e+00 -1.000000e+00
   outer loop
     vertex  1.109500e+02  2.965092e+01  0.000000e+00
     vertex  1.025979e+02  2.632263e+01  0.000000e+00
     vertex  1.025545e+02  2.633981e+01  0.000000e+00
   endloop
 endfacet
 facet normal -0.000000e+00  0.000000e+00 -1.000000e+00
   outer loop
     vertex  1.144500e+02  2.615092e+01  0.000000e+00
     vertex  1.109500e+02  1.985092e+01  0.000000e+00
     vertex  1.109500e+02  2.965092e+01  0.000000e+00
   endloop
 endfacet
 facet normal  0.000000e+00 -0.000000e+00 -1.000000e+00
   outer loop
     vertex  1.144500e+02  2.615092e+01  0.000000e+00
     vertex  1.144500e+02  2.335092e+01  0.000000e+00
     vertex  1.109500e+02  1.985092e+01  0.000000e+00
   endloop
 endfacet
 facet normal  0.000000e+00  0.000000e+00 -1.000000e+00
   outer loop
     vertex  1.231750e+02  2.335092e+01  0.000000e+00
     vertex  1.144500e+02  2.335092e+01  0.000000e+00
     vertex  1.144500e+02  2.615092e+01  0.000000e+00
   endloop
 endfacet
 facet normal  0.000000e+00  0.000000e+00 -1.000000e+00
   outer loop
     vertex  1.110000e+02  3.595092e+01  0.000000e+00
     vertex  1.025107e+02  2.635580e+01  0.000000e+00
     vertex  1.024664e+02  2.637057e+01  0.000000e+00
   endloop
 endfacet
 facet normal  0.000000e+00  0.000000e+00 -1.000000e+00
   outer loop
     vertex  1.110000e+02  3.595092e+01  0.000000e+00
     vertex  1.024664e+02  2.637057e+01  0.000000e+00
     vertex  1.024218e+02  2.638413e+01  0.000000e+00
   endloop
 endfacet
 facet normal  0.000000e+00  0.000000e+00 -1.000000e+00
   outer loop
     vertex  1.110000e+02  3.595092e+01  0.000000e+00
     vertex  1.024218e+02  2.638413e+01  0.000000e+00
     vertex  1.023768e+02  2.639646e+01  0.000000e+00
   endloop
 endfacet
 facet normal  0.000000e+00  0.000000e+00 -1.000000e+00
   outer loop
     vertex  1.110000e+02  3.595092e+01  0.000000e+00
     vertex  1.023768e+02  2.639646e+01  0.000000e+00
     vertex  1.023315e+02  2.640755e+01  0.000000e+00
   endloop
 endfacet
 facet normal  0.000000e+00  0.000000e+00 -1.000000e+00
   outer loop
     vertex  1.110000e+02  3.595092e+01  0.000000e+00
     vertex  1.023315e+02  2.640755e+01  0.000000e+00
     vertex  1.022859e+02  2.641740e+01  0.000000e+00
   endloop
 endfacet
 facet normal  0.000000e+00  0.000000e+00 -1.000000e+00
   outer loop
     vertex  1.110000e+02  3.595092e+01  0.000000e+00
     vertex  1.022859e+02  2.641740e+01  0.000000e+00
     vertex  1.022401e+02  2.642599e+01  0.000000e+00
   endloop
 endfacet
 facet normal  0.000000e+00  0.000000e+00 -1.000000e+00
   outer loop
     vertex  1.110000e+02  3.595092e+01  0.000000e+00
     vertex  1.022401e+02  2.642599e+01  0.000000e+00
     vertex  1.021940e+02  2.643331e+01  0.000000e+00
   endloop
 endfacet
 facet normal  0.000000e+00  0.000000e+00 -1.000000e+00
   outer loop
     vertex  1.110000e+02  3.595092e+01  0.000000e+00
     vertex  1.021940e+02  2.643331e+01  0.000000e+00
     vertex  1.021478e+02  2.643938e+01  0.000000e+00
   endloop
 endfacet
 facet normal  0.000000e+00  0.000000e+00 -1.000000e+00
   outer loop
     vertex  1.110000e+02  3.595092e+01  0.000000e+00
     vertex  1.021478e+02  2.643938e+01  0.000000e+00
     vertex  1.021014e+02  2.644417e+01  0.000000e+00
   endloop
 endfacet
 facet normal  0.000000e+00  0.000000e+00 -1.000000e+00
   outer loop
     vertex  1.110000e+02  3.595092e+01  0.000000e+00
     vertex  1.021014e+02  2.644417e+01  0.000000e+00
     vertex  1.020549e+02  2.644768e+01  0.000000e+00
   endloop
 endfacet
 facet normal  0.000000e+00  0.000000e+00 -1.000000e+00
   outer loop
     vertex  1.110000e+02  3.595092e+01  0.000000e+00
     vertex  1.109500e+02  2.965092e+01  0.000000e+00
     vertex  1.025107e+02  2.635580e+01  0.000000e+00
   endloop
 endfacet
 facet normal -0.000000e+00  0.000000e+00 -1.000000e+00
   outer loop
     vertex  1.110000e+02  3.595092e+01  0.000000e+00
     vertex  1.020549e+02  2.644768e+01  0.000000e+00
     vertex  9.400000e+01  3.595092e+01  0.000000e+00
   endloop
 endfacet
 facet normal -0.000000e+00  0.000000e+00 -1.000000e+00
   outer loop
     vertex  1.144500e+02  3.315092e+01  0.000000e+00
     vertex  1.109500e+02  2.965092e+01  0.000000e+00
     vertex  1.110000e+02  3.595092e+01  0.000000e+00
   endloop
 endfacet
 facet normal  0.000000e+00 -0.000000e+00 -1.000000e+00
   outer loop
     vertex  1.294750e+02  1.985092e+01  0.000000e+00
     vertex  1.329750e+02  1.635092e+01  0.000000e+00
     vertex  1.231750e+02  1.635092e+01  0.000000e+00
   endloop
 endfacet
 facet normal -0.000000e+00  0.000000e+00 -1.000000e+00
   outer loop
     vertex  1.294750e+02  1.985092e+01  0.000000e+00
     vertex  1.231750e+02  1.635092e+01  0.000000e+00
     vertex  1.266750e+02  1.985092e+01  0.000000e+00
   endloop
 endfacet
 facet normal  0.000000e+00  0.000000e+00 -1.000000e+00
   outer loop
     vertex  1.294750e+02  1.985092e+01  0.000000e+00
     vertex  1.266750e+02  1.985092e+01  0.000000e+00
     vertex  1.231750e+02  2.335092e+01  0.000000e+00
   endloop
 endfacet
 facet normal -0.000000e+00 -0.000000e+00 -1.000000e+00
   outer loop
     vertex  1.231750e+02  2.615092e+01  0.000000e+00
     vertex  1.231750e+02  2.335092e+01  0.000000e+00
     vertex  1.144500e+02  2.615092e+01  0.000000e+00
   endloop
 endfacet
 facet normal -0.000000e+00  0.000000e+00 -1.000000e+00
   outer loop
     vertex  1.501000e+02  6.661338e-15  0.000000e+00
     vertex  1.300000e+00  0.000000e+00  0.000000e+00
     vertex  6.720000e+01  6.550920e+00  0.000000e+00
   endloop
 endfacet
 facet normal  0.000000e+00  0.000000e+00 -1.000000e+00
   outer loop
     vertex  1.501000e+02  6.661338e-15  0.000000e+00
     vertex  8.420000e+01  6.550920e+00  0.000000e+00
     vertex  9.400000e+01  6.550920e+00  0.000000e+00
   endloop
 endfacet
 facet normal  0.000000e+00  0.000000e+00 -1.000000e+00
   outer loop
     vertex  1.501000e+02  6.661338e-15  0.000000e+00
     vertex  1.110000e+02  6.550920e+00  0.000000e+00
     vertex  1.208000e+02  6.550920e+00  0.000000e+00
   endloop
 endfacet
 facet normal  0.000000e+00  0.000000e+00 -1.000000e+00
   outer loop
     vertex  1.501000e+02  6.661338e-15  0.000000e+00
     vertex  6.720000e+01  6.550920e+00  0.000000e+00
     vertex  8.420000e+01  6.550920e+00  0.000000e+00
   endloop
 endfacet
 facet normal  0.000000e+00  0.000000e+00 -1.000000e+00
   outer loop
     vertex  1.501000e+02  6.661338e-15  0.000000e+00
     vertex  9.400000e+01  6.550920e+00  0.000000e+00
     vertex  1.110000e+02  6.550920e+00  0.000000e+00
   endloop
 endfacet
 facet normal  0.000000e+00  0.000000e+00 -1.000000e+00
   outer loop
     vertex  1.501000e+02  6.661338e-15  0.000000e+00
     vertex  1.208000e+02  6.550920e+00  0.000000e+00
     vertex  1.378000e+02  6.550920e+00  0.000000e+00
   endloop
 endfacet
 facet normal  0.000000e+00  0.000000e+00 -1.000000e+00
   outer loop
     vertex  1.502755e+02  1.190072e-02  0.000000e+00
     vertex  1.502055e+02  4.288454e-03  0.000000e+00
     vertex  1.501704e+02  1.906562e-03  0.000000e+00
   endloop
 endfacet
 facet normal  0.000000e+00  0.000000e+00 -1.000000e+00
   outer loop
     vertex  1.502755e+02  1.190072e-02  0.000000e+00
     vertex  1.502406e+02  7.620656e-03  0.000000e+00
     vertex  1.502055e+02  4.288454e-03  0.000000e+00
   endloop
 endfacet
 facet normal  0.000000e+00  0.000000e+00 -1.000000e+00
   outer loop
     vertex  1.503103e+02  1.712552e-02  0.000000e+00
     vertex  1.501352e+02  4.767279e-04  0.000000e+00
     vertex  1.501000e+02  6.661338e-15  0.000000e+00
   endloop
 endfacet
 facet normal  0.000000e+00  0.000000e+00 -1.000000e+00
   outer loop
     vertex  1.503103e+02  1.712552e-02  0.000000e+00
     vertex  1.501704e+02  1.906562e-03  0.000000e+00
     vertex  1.501352e+02  4.767279e-04  0.000000e+00
   endloop
 endfacet
 facet normal  0.000000e+00  0.000000e+00 -1.000000e+00
   outer loop
     vertex  1.503103e+02  1.712552e-02  0.000000e+00
     vertex  1.502755e+02  1.190072e-02  0.000000e+00
     vertex  1.501704e+02  1.906562e-03  0.000000e+00
   endloop
 endfacet
 facet normal  0.000000e+00  0.000000e+00 -1.000000e+00
   outer loop
     vertex  1.503795e+02  3.039328e-02  0.000000e+00
     vertex  1.503450e+02  2.329121e-02  0.000000e+00
     vertex  1.503103e+02  1.712552e-02  0.000000e+00
   endloop
 endfacet
 facet normal  0.000000e+00  0.000000e+00 -1.000000e+00
   outer loop
     vertex  1.503795e+02  3.039328e-02  0.000000e+00
     vertex  1.503103e+02  1.712552e-02  0.000000e+00
     vertex  1.501000e+02  6.661338e-15  0.000000e+00
   endloop
 endfacet
 facet normal  0.000000e+00  0.000000e+00 -1.000000e+00
   outer loop
     vertex  1.504478e+02  4.738501e-02  0.000000e+00
     vertex  1.504137e+02  3.842651e-02  0.000000e+00
     vertex  1.503795e+02  3.039328e-02  0.000000e+00
   endloop
 endfacet
 facet normal  0.000000e+00  0.000000e+00 -1.000000e+00
   outer loop
     vertex  1.504816e+02  5.726221e-02  0.000000e+00
     vertex  1.503795e+02  3.039328e-02  0.000000e+00
     vertex  1.501000e+02  6.661338e-15  0.000000e+00
   endloop
 endfacet
 facet normal  0.000000e+00  0.000000e+00 -1.000000e+00
   outer loop
     vertex  1.504816e+02  5.726221e-02  0.000000e+00
     vertex  1.504478e+02  4.738501e-02  0.000000e+00
     vertex  1.503795e+02  3.039328e-02  0.000000e+00
   endloop
 endfacet
 facet normal  0.000000e+00  0.000000e+00 -1.000000e+00
   outer loop
     vertex  1.505812e+02  9.233026e-02  0.000000e+00
     vertex  1.504816e+02  5.726221e-02  0.000000e+00
     vertex  1.501000e+02  6.661338e-15  0.000000e+00
   endloop
 endfacet
 facet normal  0.000000e+00  0.000000e+00 -1.000000e+00
   outer loop
     vertex  1.505812e+02  9.233026e-02  0.000000e+00
     vertex  1.505151e+02  6.805088e-02  0.000000e+00
     vertex  1.504816e+02  5.726221e-02  0.000000e+00
   endloop
 endfacet
 facet normal  0.000000e+00  0.000000e+00 -1.000000e+00
   outer loop
     vertex  1.505812e+02  9.233026e-02  0.000000e+00
     vertex  1.505483e+02  7.974309e-02  0.000000e+00
     vertex  1.505151e+02  6.805088e-02  0.000000e+00
   endloop
 endfacet
 facet normal  0.000000e+00  0.000000e+00 -1.000000e+00
   outer loop
     vertex  1.506137e+02  1.058032e-01  0.000000e+00
     vertex  1.505812e+02  9.233026e-02  0.000000e+00
     vertex  1.501000e+02  6.661338e-15  0.000000e+00
   endloop
 endfacet
 facet normal  0.000000e+00  0.000000e+00 -1.000000e+00
   outer loop
     vertex  1.507089e+02  1.514343e-01  0.000000e+00
     vertex  1.506137e+02  1.058032e-01  0.000000e+00
     vertex  1.501000e+02  6.661338e-15  0.000000e+00
   endloop
 endfacet
 facet normal  0.000000e+00  0.000000e+00 -1.000000e+00
   outer loop
     vertex  1.507089e+02  1.514343e-01  0.000000e+00
     vertex  1.506459e+02  1.201520e-01  0.000000e+00
     vertex  1.506137e+02  1.058032e-01  0.000000e+00
   endloop
 endfacet
 facet normal  0.000000e+00  0.000000e+00 -1.000000e+00
   outer loop
     vertex  1.507089e+02  1.514343e-01  0.000000e+00
     vertex  1.506776e+02  1.353661e-01  0.000000e+00
     vertex  1.506459e+02  1.201520e-01  0.000000e+00
   endloop
 endfacet
 facet normal  0.000000e+00  0.000000e+00 -1.000000e+00
   outer loop
     vertex  1.508295e+02  2.240043e-01  0.000000e+00
     vertex  1.507089e+02  1.514343e-01  0.000000e+00
     vertex  1.501000e+02  6.661338e-15  0.000000e+00
   endloop
 endfacet
 facet normal  0.000000e+00  0.000000e+00 -1.000000e+00
   outer loop
     vertex  1.508295e+02  2.240043e-01  0.000000e+00
     vertex  1.507398e+02  1.683450e-01  0.000000e+00
     vertex  1.507089e+02  1.514343e-01  0.000000e+00
   endloop
 endfacet
 facet normal  0.000000e+00  0.000000e+00 -1.000000e+00
   outer loop
     vertex  1.508295e+02  2.240043e-01  0.000000e+00
     vertex  1.507702e+02  1.860857e-01  0.000000e+00
     vertex  1.507398e+02  1.683450e-01  0.000000e+00
   endloop
 endfacet
 facet normal  0.000000e+00  0.000000e+00 -1.000000e+00
   outer loop
     vertex  1.508295e+02  2.240043e-01  0.000000e+00
     vertex  1.508001e+02  2.046433e-01  0.000000e+00
     vertex  1.507702e+02  1.860857e-01  0.000000e+00
   endloop
 endfacet
 facet normal  0.000000e+00  0.000000e+00 -1.000000e+00
   outer loop
     vertex  1.508867e+02  2.650790e-01  0.000000e+00
     vertex  1.508584e+02  2.441545e-01  0.000000e+00
     vertex  1.508295e+02  2.240043e-01  0.000000e+00
   endloop
 endfacet
 facet normal  0.000000e+00  0.000000e+00 -1.000000e+00
   outer loop
     vertex  1.509145e+02  2.867626e-01  0.000000e+00
     vertex  1.508295e+02  2.240043e-01  0.000000e+00
     vertex  1.501000e+02  6.661338e-15  0.000000e+00
   endloop
 endfacet
 facet normal  0.000000e+00  0.000000e+00 -1.000000e+00
   outer loop
     vertex  1.509145e+02  2.867626e-01  0.000000e+00
     vertex  1.508867e+02  2.650790e-01  0.000000e+00
     vertex  1.508295e+02  2.240043e-01  0.000000e+00
   endloop
 endfacet
 facet normal  0.000000e+00  0.000000e+00 -1.000000e+00
   outer loop
     vertex  1.509681e+02  3.323427e-01  0.000000e+00
     vertex  1.509416e+02  3.091893e-01  0.000000e+00
     vertex  1.509145e+02  2.867626e-01  0.000000e+00
   endloop
 endfacet
 facet normal  0.000000e+00  0.000000e+00 -1.000000e+00
   outer loop
     vertex  1.509940e+02  3.562059e-01  0.000000e+00
     vertex  1.509145e+02  2.867626e-01  0.000000e+00
     vertex  1.501000e+02  6.661338e-15  0.000000e+00
   endloop
 endfacet
 facet normal  0.000000e+00  0.000000e+00 -1.000000e+00
   outer loop
     vertex  1.509940e+02  3.562059e-01  0.000000e+00
     vertex  1.509681e+02  3.323427e-01  0.000000e+00
     vertex  1.509145e+02  2.867626e-01  0.000000e+00
   endloop
 endfacet
 facet normal  0.000000e+00 -0.000000e+00 -1.000000e+00
   outer loop
     vertex  1.413000e+02  1.005092e+01  0.000000e+00
     vertex  1.501000e+02  6.661338e-15  0.000000e+00
     vertex  1.378000e+02  6.550920e+00  0.000000e+00
   endloop
 endfacet
 facet normal  0.000000e+00  0.000000e+00 -1.000000e+00
   outer loop
     vertex  1.510438e+02  4.059907e-01  0.000000e+00
     vertex  1.510192e+02  3.807612e-01  0.000000e+00
     vertex  1.509940e+02  3.562059e-01  0.000000e+00
   endloop
 endfacet
 facet normal  0.000000e+00  0.000000e+00 -1.000000e+00
   outer loop
     vertex  1.510908e+02  4.583978e-01  0.000000e+00
     vertex  1.510677e+02  4.318759e-01  0.000000e+00
     vertex  1.510438e+02  4.059907e-01  0.000000e+00
   endloop
 endfacet
 facet normal  0.000000e+00  0.000000e+00 -1.000000e+00
   outer loop
     vertex  1.510908e+02  4.583978e-01  0.000000e+00
     vertex  1.509940e+02  3.562059e-01  0.000000e+00
     vertex  1.501000e+02  6.661338e-15  0.000000e+00
   endloop
 endfacet
 facet normal  0.000000e+00  0.000000e+00 -1.000000e+00
   outer loop
     vertex  1.510908e+02  4.583978e-01  0.000000e+00
     vertex  1.510438e+02  4.059907e-01  0.000000e+00
     vertex  1.509940e+02  3.562059e-01  0.000000e+00
   endloop
 endfacet
 facet normal  0.000000e+00  0.000000e+00 -1.000000e+00
   outer loop
     vertex  1.511760e+02  5.704568e-01  0.000000e+00
     vertex  1.511132e+02  4.855370e-01  0.000000e+00
     vertex  1.510908e+02  4.583978e-01  0.000000e+00
   endloop
 endfacet
 facet normal  0.000000e+00  0.000000e+00 -1.000000e+00
   outer loop
     vertex  1.511760e+02  5.704568e-01  0.000000e+00
     vertex  1.511349e+02  5.132735e-01  0.000000e+00
     vertex  1.511132e+02  4.855370e-01  0.000000e+00
   endloop
 endfacet
 facet normal  0.000000e+00  0.000000e+00 -1.000000e+00
   outer loop
     vertex  1.511760e+02  5.704568e-01  0.000000e+00
     vertex  1.511558e+02  5.415870e-01  0.000000e+00
     vertex  1.511349e+02  5.132735e-01  0.000000e+00
   endloop
 endfacet
 facet normal  0.000000e+00  0.000000e+00 -1.000000e+00
   outer loop
     vertex  1.511954e+02  5.998616e-01  0.000000e+00
     vertex  1.511760e+02  5.704568e-01  0.000000e+00
     vertex  1.510908e+02  4.583978e-01  0.000000e+00
   endloop
 endfacet
 facet normal  0.000000e+00  0.000000e+00 -1.000000e+00
   outer loop
     vertex  1.511954e+02  5.998616e-01  0.000000e+00
     vertex  1.510908e+02  4.583978e-01  0.000000e+00
     vertex  1.501000e+02  6.661338e-15  0.000000e+00
   endloop
 endfacet
 facet normal  0.000000e+00  0.000000e+00 -1.000000e+00
   outer loop
     vertex  1.512317e+02  6.601899e-01  0.000000e+00
     vertex  1.512139e+02  6.297800e-01  0.000000e+00
     vertex  1.511954e+02  5.998616e-01  0.000000e+00
   endloop
 endfacet
 facet normal  0.000000e+00  0.000000e+00 -1.000000e+00
   outer loop
     vertex  1.512486e+02  6.910690e-01  0.000000e+00
     vertex  1.512317e+02  6.601899e-01  0.000000e+00
     vertex  1.511954e+02  5.998616e-01  0.000000e+00
   endloop
 endfacet
 facet normal  0.000000e+00  0.000000e+00 -1.000000e+00
   outer loop
     vertex  1.512486e+02  6.910690e-01  0.000000e+00
     vertex  1.511954e+02  5.998616e-01  0.000000e+00
     vertex  1.501000e+02  6.661338e-15  0.000000e+00
   endloop
 endfacet
 facet normal  0.000000e+00  0.000000e+00 -1.000000e+00
   outer loop
     vertex  1.512942e+02  7.862939e-01  0.000000e+00
     vertex  1.512646e+02  7.223948e-01  0.000000e+00
     vertex  1.512486e+02  6.910690e-01  0.000000e+00
   endloop
 endfacet
 facet normal  0.000000e+00  0.000000e+00 -1.000000e+00
   outer loop
     vertex  1.512942e+02  7.862939e-01  0.000000e+00
     vertex  1.512798e+02  7.541442e-01  0.000000e+00
     vertex  1.512646e+02  7.223948e-01  0.000000e+00
   endloop
 endfacet
 facet normal  0.000000e+00  0.000000e+00 -1.000000e+00
   outer loop
     vertex  1.512942e+02  7.862939e-01  0.000000e+00
     vertex  1.512486e+02  6.910690e-01  0.000000e+00
     vertex  1.501000e+02  6.661338e-15  0.000000e+00
   endloop
 endfacet
 facet normal  0.000000e+00  0.000000e+00 -1.000000e+00
   outer loop
     vertex  1.513319e+02  8.849080e-01  0.000000e+00
     vertex  1.513077e+02  8.188204e-01  0.000000e+00
     vertex  1.512942e+02  7.862939e-01  0.000000e+00
   endloop
 endfacet
 facet normal  0.000000e+00  0.000000e+00 -1.000000e+00
   outer loop
     vertex  1.513319e+02  8.849080e-01  0.000000e+00
     vertex  1.513203e+02  8.516998e-01  0.000000e+00
     vertex  1.513077e+02  8.188204e-01  0.000000e+00
   endloop
 endfacet
 facet normal  0.000000e+00  0.000000e+00 -1.000000e+00
   outer loop
     vertex  1.513427e+02  9.184207e-01  0.000000e+00
     vertex  1.512942e+02  7.862939e-01  0.000000e+00
     vertex  1.501000e+02  6.661338e-15  0.000000e+00
   endloop
 endfacet
 facet normal  0.000000e+00  0.000000e+00 -1.000000e+00
   outer loop
     vertex  1.513427e+02  9.184207e-01  0.000000e+00
     vertex  1.513319e+02  8.849080e-01  0.000000e+00
     vertex  1.512942e+02  7.862939e-01  0.000000e+00
   endloop
 endfacet
 facet normal  0.000000e+00  0.000000e+00 -1.000000e+00
   outer loop
     vertex  1.513767e+02  1.055021e+00  0.000000e+00
     vertex  1.513427e+02  9.184207e-01  0.000000e+00
     vertex  1.501000e+02  6.661338e-15  0.000000e+00
   endloop
 endfacet
 facet normal  0.000000e+00  0.000000e+00 -1.000000e+00
   outer loop
     vertex  1.513767e+02  1.055021e+00  0.000000e+00
     vertex  1.513526e+02  9.522132e-01  0.000000e+00
     vertex  1.513427e+02  9.184207e-01  0.000000e+00
   endloop
 endfacet
 facet normal  0.000000e+00  0.000000e+00 -1.000000e+00
   outer loop
     vertex  1.513767e+02  1.055021e+00  0.000000e+00
     vertex  1.513616e+02  9.862607e-01  0.000000e+00
     vertex  1.513526e+02  9.522132e-01  0.000000e+00
   endloop
 endfacet
 facet normal  0.000000e+00  0.000000e+00 -1.000000e+00
   outer loop
     vertex  1.513767e+02  1.055021e+00  0.000000e+00
     vertex  1.513696e+02  1.020538e+00  0.000000e+00
     vertex  1.513616e+02  9.862607e-01  0.000000e+00
   endloop
 endfacet
 facet normal  0.000000e+00  0.000000e+00 -1.000000e+00
   outer loop
     vertex  1.513881e+02  1.124500e+00  0.000000e+00
     vertex  1.513829e+02  1.089683e+00  0.000000e+00
     vertex  1.513767e+02  1.055021e+00  0.000000e+00
   endloop
 endfacet
 facet normal  0.000000e+00  0.000000e+00 -1.000000e+00
   outer loop
     vertex  1.513881e+02  1.124500e+00  0.000000e+00
     vertex  1.513767e+02  1.055021e+00  0.000000e+00
     vertex  1.501000e+02  6.661338e-15  0.000000e+00
   endloop
 endfacet
 facet normal  0.000000e+00  0.000000e+00 -1.000000e+00
   outer loop
     vertex  1.513957e+02  1.194494e+00  0.000000e+00
     vertex  1.513924e+02  1.159445e+00  0.000000e+00
     vertex  1.513881e+02  1.124500e+00  0.000000e+00
   endloop
 endfacet
 facet normal  0.000000e+00  0.000000e+00 -1.000000e+00
   outer loop
     vertex  1.513957e+02  1.194494e+00  0.000000e+00
     vertex  1.513881e+02  1.124500e+00  0.000000e+00
     vertex  1.501000e+02  6.661338e-15  0.000000e+00
   endloop
 endfacet
 facet normal  0.000000e+00  0.000000e+00 -1.000000e+00
   outer loop
     vertex  1.514000e+02  1.300000e+00  0.000000e+00
     vertex  1.513957e+02  1.194494e+00  0.000000e+00
     vertex  1.501000e+02  6.661338e-15  0.000000e+00
   endloop
 endfacet
 facet normal -0.000000e+00  0.000000e+00 -1.000000e+00
   outer loop
     vertex  1.514000e+02  1.300000e+00  0.000000e+00
     vertex  1.501000e+02  6.661338e-15  0.000000e+00
     vertex  1.413000e+02  1.005092e+01  0.000000e+00
   endloop
 endfacet
 facet normal  0.000000e+00  0.000000e+00 -1.000000e+00
   outer loop
     vertex  1.514000e+02  1.300000e+00  0.000000e+00
     vertex  1.513981e+02  1.229619e+00  0.000000e+00
     vertex  1.513957e+02  1.194494e+00  0.000000e+00
   endloop
 endfacet
 facet normal  0.000000e+00  0.000000e+00 -1.000000e+00
   outer loop
     vertex  1.514000e+02  1.300000e+00  0.000000e+00
     vertex  1.513995e+02  1.264797e+00  0.000000e+00
     vertex  1.513981e+02  1.229619e+00  0.000000e+00
   endloop
 endfacet
 facet normal  0.000000e+00  0.000000e+00 -1.000000e+00
   outer loop
     vertex  1.145000e+02  3.945092e+01  0.000000e+00
     vertex  1.144500e+02  3.315092e+01  0.000000e+00
     vertex  1.110000e+02  3.595092e+01  0.000000e+00
   endloop
 endfacet
 facet normal -0.000000e+00  0.000000e+00 -1.000000e+00
   outer loop
     vertex  1.329750e+02  2.335092e+01  0.000000e+00
     vertex  1.294750e+02  1.985092e+01  0.000000e+00
     vertex  1.231750e+02  2.335092e+01  0.000000e+00
   endloop
 endfacet
 facet normal  0.000000e+00  0.000000e+00 -1.000000e+00
   outer loop
     vertex  1.329750e+02  2.335092e+01  0.000000e+00
     vertex  1.231750e+02  2.335092e+01  0.000000e+00
     vertex  1.231750e+02  2.615092e+01  0.000000e+00
   endloop
 endfacet
 facet normal  0.000000e+00 -0.000000e+00 -1.000000e+00
   outer loop
     vertex  1.266750e+02  2.965092e+01  0.000000e+00
     vertex  1.329750e+02  2.335092e+01  0.000000e+00
     vertex  1.231750e+02  2.615092e+01  0.000000e+00
   endloop
 endfacet
 facet normal -0.000000e+00  0.000000e+00 -1.000000e+00
   outer loop
     vertex  1.173000e+02  3.945092e+01  0.000000e+00
     vertex  1.144500e+02  3.315092e+01  0.000000e+00
     vertex  1.145000e+02  3.945092e+01  0.000000e+00
   endloop
 endfacet
 facet normal  0.000000e+00  0.000000e+00 -1.000000e+00
   outer loop
     vertex  1.173000e+02  3.945092e+01  0.000000e+00
     vertex  1.145000e+02  3.945092e+01  0.000000e+00
     vertex  1.110000e+02  4.295092e+01  0.000000e+00
   endloop
 endfacet
 facet normal -0.000000e+00  0.000000e+00 -1.000000e+00
   outer loop
     vertex  1.208000e+02  3.595092e+01  0.000000e+00
     vertex  1.144500e+02  3.315092e+01  0.000000e+00
     vertex  1.173000e+02  3.945092e+01  0.000000e+00
   endloop
 endfacet
 facet normal  0.000000e+00 -0.000000e+00 -1.000000e+00
   outer loop
     vertex  1.208000e+02  3.595092e+01  0.000000e+00
     vertex  1.231750e+02  3.315092e+01  0.000000e+00
     vertex  1.144500e+02  3.315092e+01  0.000000e+00
   endloop
 endfacet
 facet normal -0.000000e+00  0.000000e+00 -1.000000e+00
   outer loop
     vertex  1.417000e+02  1.635092e+01  0.000000e+00
     vertex  1.378000e+02  1.355092e+01  0.000000e+00
     vertex  1.329750e+02  1.635092e+01  0.000000e+00
   endloop
 endfacet
 facet normal  0.000000e+00  0.000000e+00 -1.000000e+00
   outer loop
     vertex  1.417000e+02  1.635092e+01  0.000000e+00
     vertex  1.413000e+02  1.005092e+01  0.000000e+00
     vertex  1.378000e+02  1.355092e+01  0.000000e+00
   endloop
 endfacet
 facet normal -0.000000e+00 -0.000000e+00 -1.000000e+00
   outer loop
     vertex  1.294750e+02  2.965092e+01  0.000000e+00
     vertex  1.329750e+02  2.335092e+01  0.000000e+00
     vertex  1.266750e+02  2.965092e+01  0.000000e+00
   endloop
 endfacet
 facet normal  0.000000e+00  0.000000e+00 -1.000000e+00
   outer loop
     vertex  1.294750e+02  2.965092e+01  0.000000e+00
     vertex  1.329750e+02  2.615092e+01  0.000000e+00
     vertex  1.329750e+02  2.335092e+01  0.000000e+00
   endloop
 endfacet
 facet normal -0.000000e+00  0.000000e+00 -1.000000e+00
   outer loop
     vertex  1.208000e+02  4.295092e+01  0.000000e+00
     vertex  1.173000e+02  3.945092e+01  0.000000e+00
     vertex  1.110000e+02  4.295092e+01  0.000000e+00
   endloop
 endfacet
 facet normal  0.000000e+00 -0.000000e+00 -1.000000e+00
   outer loop
     vertex  1.452000e+02  1.985092e+01  0.000000e+00
     vertex  1.514000e+02  1.300000e+00  0.000000e+00
     vertex  1.413000e+02  1.005092e+01  0.000000e+00
   endloop
 endfacet
 facet normal  0.000000e+00  0.000000e+00 -1.000000e+00
   outer loop
     vertex  1.452000e+02  1.985092e+01  0.000000e+00
     vertex  1.413000e+02  1.005092e+01  0.000000e+00
     vertex  1.417000e+02  1.635092e+01  0.000000e+00
   endloop
 endfacet
 facet normal  0.000000e+00  0.000000e+00 -1.000000e+00
   outer loop
     vertex  1.329750e+02  3.315092e+01  0.000000e+00
     vertex  1.294750e+02  2.965092e+01  0.000000e+00
     vertex  1.266750e+02  2.965092e+01  0.000000e+00
   endloop
 endfacet
 facet normal -0.000000e+00  0.000000e+00 -1.000000e+00
   outer loop
     vertex  1.329750e+02  3.315092e+01  0.000000e+00
     vertex  1.266750e+02  2.965092e+01  0.000000e+00
     vertex  1.231750e+02  3.315092e+01  0.000000e+00
   endloop
 endfacet
 facet normal -0.000000e+00  0.000000e+00 -1.000000e+00
   outer loop
     vertex  1.417000e+02  2.615092e+01  0.000000e+00
     vertex  1.329750e+02  2.335092e+01  0.000000e+00
     vertex  1.329750e+02  2.615092e+01  0.000000e+00
   endloop
 endfacet
 facet normal  0.000000e+00 -0.000000e+00 -1.000000e+00
   outer loop
     vertex  1.417000e+02  2.615092e+01  0.000000e+00
     vertex  1.417000e+02  2.335092e+01  0.000000e+00
     vertex  1.329750e+02  2.335092e+01  0.000000e+00
   endloop
 endfacet
 facet normal  0.000000e+00  0.000000e+00 -1.000000e+00
   outer loop
     vertex  1.417000e+02  2.615092e+01  0.000000e+00
     vertex  1.452000e+02  1.985092e+01  0.000000e+00
     vertex  1.417000e+02  2.335092e+01  0.000000e+00
   endloop
 endfacet
 facet normal  0.000000e+00 -0.000000e+00 -1.000000e+00
   outer loop
     vertex  1.452000e+02  2.965092e+01  0.000000e+00
     vertex  1.452000e+02  1.985092e+01  0.000000e+00
     vertex  1.417000e+02  2.615092e+01  0.000000e+00
   endloop
 endfacet
 facet normal  0.000000e+00  0.000000e+00 -1.000000e+00
   outer loop
     vertex  1.417000e+02  3.315092e+01  0.000000e+00
     vertex  1.329750e+02  3.315092e+01  0.000000e+00
     vertex  1.378000e+02  3.595092e+01  0.000000e+00
   endloop
 endfacet
 facet normal  0.000000e+00  0.000000e+00 -1.000000e+00
   outer loop
     vertex  1.413000e+02  3.945092e+01  0.000000e+00
     vertex  1.452000e+02  2.965092e+01  0.000000e+00
     vertex  1.417000e+02  3.315092e+01  0.000000e+00
   endloop
 endfacet
 facet normal  0.000000e+00 -0.000000e+00 -1.000000e+00
   outer loop
     vertex  1.413000e+02  3.945092e+01  0.000000e+00
     vertex  1.417000e+02  3.315092e+01  0.000000e+00
     vertex  1.378000e+02  3.595092e+01  0.000000e+00
   endloop
 endfacet
 facet normal  0.000000e+00  0.000000e+00 -1.000000e+00
   outer loop
     vertex  1.501000e+02  4.950184e+01  0.000000e+00
     vertex  1.378000e+02  4.295092e+01  0.000000e+00
     vertex  1.208000e+02  4.295092e+01  0.000000e+00
   endloop
 endfacet
 facet normal  0.000000e+00  0.000000e+00 -1.000000e+00
   outer loop
     vertex  1.501000e+02  4.950184e+01  0.000000e+00
     vertex  1.413000e+02  3.945092e+01  0.000000e+00
     vertex  1.378000e+02  4.295092e+01  0.000000e+00
   endloop
 endfacet
 facet normal  0.000000e+00 -0.000000e+00 -1.000000e+00
   outer loop
     vertex  1.514000e+02  4.820184e+01  0.000000e+00
     vertex  1.514000e+02  1.300000e+00  0.000000e+00
     vertex  1.452000e+02  1.985092e+01  0.000000e+00
   endloop
 endfacet
 facet normal  0.000000e+00  0.000000e+00 -1.000000e+00
   outer loop
     vertex  1.514000e+02  4.820184e+01  0.000000e+00
     vertex  1.452000e+02  2.965092e+01  0.000000e+00
     vertex  1.413000e+02  3.945092e+01  0.000000e+00
   endloop
 endfacet
 facet normal  0.000000e+00  0.000000e+00 -1.000000e+00
   outer loop
     vertex  1.514000e+02  4.820184e+01  0.000000e+00
     vertex  1.452000e+02  1.985092e+01  0.000000e+00
     vertex  1.452000e+02  2.965092e+01  0.000000e+00
   endloop
 endfacet
 facet normal -0.000000e+00  0.000000e+00 -1.000000e+00
   outer loop
     vertex  1.514000e+02  4.820184e+01  0.000000e+00
     vertex  1.413000e+02  3.945092e+01  0.000000e+00
     vertex  1.501000e+02  4.950184e+01  0.000000e+00
   endloop
 endfacet
 facet normal  0.000000e+00  0.000000e+00 -1.000000e+00
   outer loop
     vertex  1.501704e+02  4.949993e+01  0.000000e+00
     vertex  1.501000e+02  4.950184e+01  0.000000e+00
     vertex  1.501352e+02  4.950136e+01  0.000000e+00
   endloop
 endfacet
 facet normal  0.000000e+00  0.000000e+00 -1.000000e+00
   outer loop
     vertex  1.502406e+02  4.949422e+01  0.000000e+00
     vertex  1.501704e+02  4.949993e+01  0.000000e+00
     vertex  1.502055e+02  4.949755e+01  0.000000e+00
   endloop
 endfacet
 facet normal  0.000000e+00  0.000000e+00 -1.000000e+00
   outer loop
     vertex  1.502755e+02  4.948994e+01  0.000000e+00
     vertex  1.501704e+02  4.949993e+01  0.000000e+00
     vertex  1.502406e+02  4.949422e+01  0.000000e+00
   endloop
 endfacet
 facet normal  0.000000e+00  0.000000e+00 -1.000000e+00
   outer loop
     vertex  1.513881e+02  4.837734e+01  0.000000e+00
     vertex  1.513924e+02  4.834239e+01  0.000000e+00
     vertex  1.513957e+02  4.830735e+01  0.000000e+00
   endloop
 endfacet
 facet normal  0.000000e+00  0.000000e+00 -1.000000e+00
   outer loop
     vertex  1.503103e+02  4.948471e+01  0.000000e+00
     vertex  1.501704e+02  4.949993e+01  0.000000e+00
     vertex  1.502755e+02  4.948994e+01  0.000000e+00
   endloop
 endfacet
 facet normal  0.000000e+00  0.000000e+00 -1.000000e+00
   outer loop
     vertex  1.513829e+02  4.841216e+01  0.000000e+00
     vertex  1.513957e+02  4.830735e+01  0.000000e+00
     vertex  1.513981e+02  4.827222e+01  0.000000e+00
   endloop
 endfacet
 facet normal  0.000000e+00  0.000000e+00 -1.000000e+00
   outer loop
     vertex  1.513829e+02  4.841216e+01  0.000000e+00
     vertex  1.513881e+02  4.837734e+01  0.000000e+00
     vertex  1.513957e+02  4.830735e+01  0.000000e+00
   endloop
 endfacet
 facet normal  0.000000e+00  0.000000e+00 -1.000000e+00
   outer loop
     vertex  1.513696e+02  4.848130e+01  0.000000e+00
     vertex  1.513829e+02  4.841216e+01  0.000000e+00
     vertex  1.513981e+02  4.827222e+01  0.000000e+00
   endloop
 endfacet
 facet normal  0.000000e+00  0.000000e+00 -1.000000e+00
   outer loop
     vertex  1.513696e+02  4.848130e+01  0.000000e+00
     vertex  1.513767e+02  4.844682e+01  0.000000e+00
     vertex  1.513829e+02  4.841216e+01  0.000000e+00
   endloop
 endfacet
 facet normal  0.000000e+00  0.000000e+00 -1.000000e+00
   outer loop
     vertex  1.503795e+02  4.947145e+01  0.000000e+00
     vertex  1.503103e+02  4.948471e+01  0.000000e+00
     vertex  1.503450e+02  4.947855e+01  0.000000e+00
   endloop
 endfacet
 facet normal  0.000000e+00  0.000000e+00 -1.000000e+00
   outer loop
     vertex  1.503795e+02  4.947145e+01  0.000000e+00
     vertex  1.501000e+02  4.950184e+01  0.000000e+00
     vertex  1.501704e+02  4.949993e+01  0.000000e+00
   endloop
 endfacet
 facet normal  0.000000e+00  0.000000e+00 -1.000000e+00
   outer loop
     vertex  1.503795e+02  4.947145e+01  0.000000e+00
     vertex  1.501704e+02  4.949993e+01  0.000000e+00
     vertex  1.503103e+02  4.948471e+01  0.000000e+00
   endloop
 endfacet
 facet normal  0.000000e+00  0.000000e+00 -1.000000e+00
   outer loop
     vertex  1.504137e+02  4.946341e+01  0.000000e+00
     vertex  1.501000e+02  4.950184e+01  0.000000e+00
     vertex  1.503795e+02  4.947145e+01  0.000000e+00
   endloop
 endfacet
 facet normal  0.000000e+00  0.000000e+00 -1.000000e+00
   outer loop
     vertex  1.513616e+02  4.851558e+01  0.000000e+00
     vertex  1.513696e+02  4.848130e+01  0.000000e+00
     vertex  1.513981e+02  4.827222e+01  0.000000e+00
   endloop
 endfacet
 facet normal  0.000000e+00  0.000000e+00 -1.000000e+00
   outer loop
     vertex  1.513616e+02  4.851558e+01  0.000000e+00
     vertex  1.513995e+02  4.823704e+01  0.000000e+00
     vertex  1.514000e+02  4.820184e+01  0.000000e+00
   endloop
 endfacet
 facet normal  0.000000e+00  0.000000e+00 -1.000000e+00
   outer loop
     vertex  1.513616e+02  4.851558e+01  0.000000e+00
     vertex  1.513981e+02  4.827222e+01  0.000000e+00
     vertex  1.513995e+02  4.823704e+01  0.000000e+00
   endloop
 endfacet
 facet normal  0.000000e+00  0.000000e+00 -1.000000e+00
   outer loop
     vertex  1.504478e+02  4.945445e+01  0.000000e+00
     vertex  1.501000e+02  4.950184e+01  0.000000e+00
     vertex  1.504137e+02  4.946341e+01  0.000000e+00
   endloop
 endfacet
 facet normal  0.000000e+00  0.000000e+00 -1.000000e+00
   outer loop
     vertex  1.504816e+02  4.944458e+01  0.000000e+00
     vertex  1.501000e+02  4.950184e+01  0.000000e+00
     vertex  1.504478e+02  4.945445e+01  0.000000e+00
   endloop
 endfacet
 facet normal  0.000000e+00  0.000000e+00 -1.000000e+00
   outer loop
     vertex  1.505812e+02  4.940951e+01  0.000000e+00
     vertex  1.505151e+02  4.943379e+01  0.000000e+00
     vertex  1.505483e+02  4.942210e+01  0.000000e+00
   endloop
 endfacet
 facet normal  0.000000e+00  0.000000e+00 -1.000000e+00
   outer loop
     vertex  1.506137e+02  4.939604e+01  0.000000e+00
     vertex  1.504816e+02  4.944458e+01  0.000000e+00
     vertex  1.505151e+02  4.943379e+01  0.000000e+00
   endloop
 endfacet
 facet normal  0.000000e+00  0.000000e+00 -1.000000e+00
   outer loop
     vertex  1.506137e+02  4.939604e+01  0.000000e+00
     vertex  1.505151e+02  4.943379e+01  0.000000e+00
     vertex  1.505812e+02  4.940951e+01  0.000000e+00
   endloop
 endfacet
 facet normal  0.000000e+00  0.000000e+00 -1.000000e+00
   outer loop
     vertex  1.506137e+02  4.939604e+01  0.000000e+00
     vertex  1.501000e+02  4.950184e+01  0.000000e+00
     vertex  1.504816e+02  4.944458e+01  0.000000e+00
   endloop
 endfacet
 facet normal  0.000000e+00  0.000000e+00 -1.000000e+00
   outer loop
     vertex  1.512942e+02  4.871555e+01  0.000000e+00
     vertex  1.513616e+02  4.851558e+01  0.000000e+00
     vertex  1.514000e+02  4.820184e+01  0.000000e+00
   endloop
 endfacet
 facet normal  0.000000e+00  0.000000e+00 -1.000000e+00
   outer loop
     vertex  1.512942e+02  4.871555e+01  0.000000e+00
     vertex  1.513526e+02  4.854963e+01  0.000000e+00
     vertex  1.513616e+02  4.851558e+01  0.000000e+00
   endloop
 endfacet
 facet normal  0.000000e+00  0.000000e+00 -1.000000e+00
   outer loop
     vertex  1.512942e+02  4.871555e+01  0.000000e+00
     vertex  1.513427e+02  4.858342e+01  0.000000e+00
     vertex  1.513526e+02  4.854963e+01  0.000000e+00
   endloop
 endfacet
 facet normal  0.000000e+00  0.000000e+00 -1.000000e+00
   outer loop
     vertex  1.512942e+02  4.871555e+01  0.000000e+00
     vertex  1.513319e+02  4.861693e+01  0.000000e+00
     vertex  1.513427e+02  4.858342e+01  0.000000e+00
   endloop
 endfacet
 facet normal  0.000000e+00  0.000000e+00 -1.000000e+00
   outer loop
     vertex  1.512942e+02  4.871555e+01  0.000000e+00
     vertex  1.513203e+02  4.865014e+01  0.000000e+00
     vertex  1.513319e+02  4.861693e+01  0.000000e+00
   endloop
 endfacet
 facet normal  0.000000e+00  0.000000e+00 -1.000000e+00
   outer loop
     vertex  1.512942e+02  4.871555e+01  0.000000e+00
     vertex  1.513077e+02  4.868302e+01  0.000000e+00
     vertex  1.513203e+02  4.865014e+01  0.000000e+00
   endloop
 endfacet
 facet normal  0.000000e+00  0.000000e+00 -1.000000e+00
   outer loop
     vertex  1.512486e+02  4.881077e+01  0.000000e+00
     vertex  1.512942e+02  4.871555e+01  0.000000e+00
     vertex  1.514000e+02  4.820184e+01  0.000000e+00
   endloop
 endfacet
 facet normal  0.000000e+00  0.000000e+00 -1.000000e+00
   outer loop
     vertex  1.512486e+02  4.881077e+01  0.000000e+00
     vertex  1.512798e+02  4.874770e+01  0.000000e+00
     vertex  1.512942e+02  4.871555e+01  0.000000e+00
   endloop
 endfacet
 facet normal  0.000000e+00  0.000000e+00 -1.000000e+00
   outer loop
     vertex  1.512486e+02  4.881077e+01  0.000000e+00
     vertex  1.512646e+02  4.877945e+01  0.000000e+00
     vertex  1.512798e+02  4.874770e+01  0.000000e+00
   endloop
 endfacet
 facet normal  0.000000e+00  0.000000e+00 -1.000000e+00
   outer loop
     vertex  1.507398e+02  4.933349e+01  0.000000e+00
     vertex  1.506776e+02  4.936647e+01  0.000000e+00
     vertex  1.507089e+02  4.935041e+01  0.000000e+00
   endloop
 endfacet
 facet normal  0.000000e+00  0.000000e+00 -1.000000e+00
   outer loop
     vertex  1.508001e+02  4.929720e+01  0.000000e+00
     vertex  1.506459e+02  4.938169e+01  0.000000e+00
     vertex  1.506776e+02  4.936647e+01  0.000000e+00
   endloop
 endfacet
 facet normal  0.000000e+00  0.000000e+00 -1.000000e+00
   outer loop
     vertex  1.508001e+02  4.929720e+01  0.000000e+00
     vertex  1.506137e+02  4.939604e+01  0.000000e+00
     vertex  1.506459e+02  4.938169e+01  0.000000e+00
   endloop
 endfacet
 facet normal  0.000000e+00  0.000000e+00 -1.000000e+00
   outer loop
     vertex  1.508001e+02  4.929720e+01  0.000000e+00
     vertex  1.506776e+02  4.936647e+01  0.000000e+00
     vertex  1.507398e+02  4.933349e+01  0.000000e+00
   endloop
 endfacet
 facet normal  0.000000e+00  0.000000e+00 -1.000000e+00
   outer loop
     vertex  1.508001e+02  4.929720e+01  0.000000e+00
     vertex  1.507398e+02  4.933349e+01  0.000000e+00
     vertex  1.507702e+02  4.931575e+01  0.000000e+00
   endloop
 endfacet
 facet normal  0.000000e+00  0.000000e+00 -1.000000e+00
   outer loop
     vertex  1.511760e+02  4.893138e+01  0.000000e+00
     vertex  1.512139e+02  4.887206e+01  0.000000e+00
     vertex  1.512317e+02  4.884165e+01  0.000000e+00
   endloop
 endfacet
 facet normal  0.000000e+00  0.000000e+00 -1.000000e+00
   outer loop
     vertex  1.511760e+02  4.893138e+01  0.000000e+00
     vertex  1.511954e+02  4.890198e+01  0.000000e+00
     vertex  1.512139e+02  4.887206e+01  0.000000e+00
   endloop
 endfacet
 facet normal  0.000000e+00  0.000000e+00 -1.000000e+00
   outer loop
     vertex  1.508584e+02  4.925769e+01  0.000000e+00
     vertex  1.506137e+02  4.939604e+01  0.000000e+00
     vertex  1.508001e+02  4.929720e+01  0.000000e+00
   endloop
 endfacet
 facet normal  0.000000e+00  0.000000e+00 -1.000000e+00
   outer loop
     vertex  1.508584e+02  4.925769e+01  0.000000e+00
     vertex  1.508001e+02  4.929720e+01  0.000000e+00
     vertex  1.508295e+02  4.927784e+01  0.000000e+00
   endloop
 endfacet
 facet normal  0.000000e+00  0.000000e+00 -1.000000e+00
   outer loop
     vertex  1.511558e+02  4.896025e+01  0.000000e+00
     vertex  1.511760e+02  4.893138e+01  0.000000e+00
     vertex  1.512317e+02  4.884165e+01  0.000000e+00
   endloop
 endfacet
 facet normal  0.000000e+00  0.000000e+00 -1.000000e+00
   outer loop
     vertex  1.508867e+02  4.923676e+01  0.000000e+00
     vertex  1.506137e+02  4.939604e+01  0.000000e+00
     vertex  1.508584e+02  4.925769e+01  0.000000e+00
   endloop
 endfacet
 facet normal  0.000000e+00  0.000000e+00 -1.000000e+00
   outer loop
     vertex  1.511349e+02  4.898857e+01  0.000000e+00
     vertex  1.511558e+02  4.896025e+01  0.000000e+00
     vertex  1.512317e+02  4.884165e+01  0.000000e+00
   endloop
 endfacet
 facet normal  0.000000e+00  0.000000e+00 -1.000000e+00
   outer loop
     vertex  1.511132e+02  4.901630e+01  0.000000e+00
     vertex  1.511349e+02  4.898857e+01  0.000000e+00
     vertex  1.512317e+02  4.884165e+01  0.000000e+00
   endloop
 endfacet
 facet normal  0.000000e+00  0.000000e+00 -1.000000e+00
   outer loop
     vertex  1.510908e+02  4.904344e+01  0.000000e+00
     vertex  1.512486e+02  4.881077e+01  0.000000e+00
     vertex  1.514000e+02  4.820184e+01  0.000000e+00
   endloop
 endfacet
 facet normal  0.000000e+00  0.000000e+00 -1.000000e+00
   outer loop
     vertex  1.510908e+02  4.904344e+01  0.000000e+00
     vertex  1.511132e+02  4.901630e+01  0.000000e+00
     vertex  1.512317e+02  4.884165e+01  0.000000e+00
   endloop
 endfacet
 facet normal  0.000000e+00  0.000000e+00 -1.000000e+00
   outer loop
     vertex  1.510908e+02  4.904344e+01  0.000000e+00
     vertex  1.512317e+02  4.884165e+01  0.000000e+00
     vertex  1.512486e+02  4.881077e+01  0.000000e+00
   endloop
 endfacet
 facet normal  0.000000e+00  0.000000e+00 -1.000000e+00
   outer loop
     vertex  1.510677e+02  4.906996e+01  0.000000e+00
     vertex  1.510908e+02  4.904344e+01  0.000000e+00
     vertex  1.514000e+02  4.820184e+01  0.000000e+00
   endloop
 endfacet
 facet normal  0.000000e+00  0.000000e+00 -1.000000e+00
   outer loop
     vertex  1.509681e+02  4.916950e+01  0.000000e+00
     vertex  1.506137e+02  4.939604e+01  0.000000e+00
     vertex  1.508867e+02  4.923676e+01  0.000000e+00
   endloop
 endfacet
 facet normal  0.000000e+00  0.000000e+00 -1.000000e+00
   outer loop
     vertex  1.509681e+02  4.916950e+01  0.000000e+00
     vertex  1.509145e+02  4.921508e+01  0.000000e+00
     vertex  1.509416e+02  4.919265e+01  0.000000e+00
   endloop
 endfacet
 facet normal  0.000000e+00  0.000000e+00 -1.000000e+00
   outer loop
     vertex  1.509681e+02  4.916950e+01  0.000000e+00
     vertex  1.508867e+02  4.923676e+01  0.000000e+00
     vertex  1.509145e+02  4.921508e+01  0.000000e+00
   endloop
 endfacet
 facet normal  0.000000e+00  0.000000e+00 -1.000000e+00
   outer loop
     vertex  1.510438e+02  4.909585e+01  0.000000e+00
     vertex  1.510677e+02  4.906996e+01  0.000000e+00
     vertex  1.514000e+02  4.820184e+01  0.000000e+00
   endloop
 endfacet
 facet normal  0.000000e+00  0.000000e+00 -1.000000e+00
   outer loop
     vertex  1.509940e+02  4.914563e+01  0.000000e+00
     vertex  1.506137e+02  4.939604e+01  0.000000e+00
     vertex  1.509681e+02  4.916950e+01  0.000000e+00
   endloop
 endfacet
 facet normal  0.000000e+00  0.000000e+00 -1.000000e+00
   outer loop
     vertex  1.509940e+02  4.914563e+01  0.000000e+00
     vertex  1.501000e+02  4.950184e+01  0.000000e+00
     vertex  1.506137e+02  4.939604e+01  0.000000e+00
   endloop
 endfacet
 facet normal -0.000000e+00 -0.000000e+00 -1.000000e+00
   outer loop
     vertex  1.510192e+02  4.912108e+01  0.000000e+00
     vertex  1.514000e+02  4.820184e+01  0.000000e+00
     vertex  1.501000e+02  4.950184e+01  0.000000e+00
   endloop
 endfacet
 facet normal  0.000000e+00  0.000000e+00 -1.000000e+00
   outer loop
     vertex  1.510192e+02  4.912108e+01  0.000000e+00
     vertex  1.510438e+02  4.909585e+01  0.000000e+00
     vertex  1.514000e+02  4.820184e+01  0.000000e+00
   endloop
 endfacet
 facet normal  0.000000e+00  0.000000e+00 -1.000000e+00
   outer loop
     vertex  1.510192e+02  4.912108e+01  0.000000e+00
     vertex  1.501000e+02  4.950184e+01  0.000000e+00
     vertex  1.509940e+02  4.914563e+01  0.000000e+00
   endloop
 endfacet
 facet normal -0.000000e+00  0.000000e+00 -1.000000e+00
   outer loop
     vertex  1.501000e+02  4.950184e+01  0.000000e+00
     vertex  8.420000e+01  4.295092e+01  0.000000e+00
     vertex  1.300000e+00  4.950184e+01  0.000000e+00
   endloop
 endfacet
 facet normal  0.000000e+00  0.000000e+00 -1.000000e+00
   outer loop
     vertex  8.420000e+01  4.295092e+01  0.000000e+00
     vertex  6.720000e+01  4.295092e+01  0.000000e+00
     vertex  1.300000e+00  4.950184e+01  0.000000e+00
   endloop
 endfacet
 facet normal  0.000000e+00  0.000000e+00 -1.000000e+00
   outer loop
     vertex  6.720000e+01  4.295092e+01  0.000000e+00
     vertex  5.740000e+01  4.295092e+01  0.000000e+00
     vertex  1.300000e+00  4.950184e+01  0.000000e+00
   endloop
 endfacet
 facet normal  0.000000e+00  0.000000e+00 -1.000000e+00
   outer loop
     vertex  5.740000e+01  4.295092e+01  0.000000e+00
     vertex  4.040000e+01  4.295092e+01  0.000000e+00
     vertex  1.300000e+00  4.950184e+01  0.000000e+00
   endloop
 endfacet
 facet normal  0.000000e+00  0.000000e+00 -1.000000e+00
   outer loop
     vertex  4.040000e+01  4.295092e+01  0.000000e+00
     vertex  3.060000e+01  4.295092e+01  0.000000e+00
     vertex  1.300000e+00  4.950184e+01  0.000000e+00
   endloop
 endfacet
 facet normal  0.000000e+00  0.000000e+00 -1.000000e+00
   outer loop
     vertex  1.501000e+02  4.950184e+01  0.000000e+00
     vertex  9.400000e+01  4.295092e+01  0.000000e+00
     vertex  8.420000e+01  4.295092e+01  0.000000e+00
   endloop
 endfacet
 facet normal  0.000000e+00  0.000000e+00 -1.000000e+00
   outer loop
     vertex  1.501000e+02  4.950184e+01  0.000000e+00
     vertex  1.110000e+02  4.295092e+01  0.000000e+00
     vertex  9.400000e+01  4.295092e+01  0.000000e+00
   endloop
 endfacet
 facet normal  0.000000e+00  0.000000e+00 -1.000000e+00
   outer loop
     vertex  1.501000e+02  4.950184e+01  0.000000e+00
     vertex  1.208000e+02  4.295092e+01  0.000000e+00
     vertex  1.110000e+02  4.295092e+01  0.000000e+00
   endloop
 endfacet
 facet normal  0.000000e+00  0.000000e+00 -1.000000e+00
   outer loop
     vertex  1.360000e+01  1.355092e+01  0.000000e+00
     vertex  2.822500e+01  1.635092e+01  0.000000e+00
     vertex  3.060000e+01  1.355092e+01  0.000000e+00
   endloop
 endfacet
 facet normal  0.000000e+00  0.000000e+00 -1.000000e+00
   outer loop
     vertex  1.360000e+01  1.355092e+01  0.000000e+00
     vertex  1.842500e+01  1.635092e+01  0.000000e+00
     vertex  2.822500e+01  1.635092e+01  0.000000e+00
   endloop
 endfacet
 facet normal  0.000000e+00  0.000000e+00 -1.000000e+00
   outer loop
     vertex  6.720000e+01  1.355092e+01  0.000000e+00
     vertex  8.060000e+01  1.635092e+01  0.000000e+00
     vertex  8.420000e+01  1.355092e+01  0.000000e+00
   endloop
 endfacet
 facet normal  0.000000e+00  0.000000e+00 -1.000000e+00
   outer loop
     vertex  6.720000e+01  1.355092e+01  0.000000e+00
     vertex  7.080000e+01  1.635092e+01  0.000000e+00
     vertex  8.060000e+01  1.635092e+01  0.000000e+00
   endloop
 endfacet
 facet normal  0.000000e+00  0.000000e+00 -1.000000e+00
   outer loop
     vertex  1.208000e+02  1.355092e+01  0.000000e+00
     vertex  1.329750e+02  1.635092e+01  0.000000e+00
     vertex  1.378000e+02  1.355092e+01  0.000000e+00
   endloop
 endfacet
 facet normal  0.000000e+00  0.000000e+00 -1.000000e+00
   outer loop
     vertex  1.208000e+02  1.355092e+01  0.000000e+00
     vertex  1.231750e+02  1.635092e+01  0.000000e+00
     vertex  1.329750e+02  1.635092e+01  0.000000e+00
   endloop
 endfacet
 facet normal -0.000000e+00  0.000000e+00 -1.000000e+00
   outer loop
     vertex  3.060000e+01  3.595092e+01  0.000000e+00
     vertex  1.842500e+01  3.315092e+01  0.000000e+00
     vertex  1.360000e+01  3.595092e+01  0.000000e+00
   endloop
 endfacet
 facet normal  0.000000e+00  0.000000e+00 -1.000000e+00
   outer loop
     vertex  3.060000e+01  3.595092e+01  0.000000e+00
     vertex  2.822500e+01  3.315092e+01  0.000000e+00
     vertex  1.842500e+01  3.315092e+01  0.000000e+00
   endloop
 endfacet
 facet normal -0.000000e+00  0.000000e+00 -1.000000e+00
   outer loop
     vertex  8.420000e+01  3.595092e+01  0.000000e+00
     vertex  7.080000e+01  3.315092e+01  0.000000e+00
     vertex  6.720000e+01  3.595092e+01  0.000000e+00
   endloop
 endfacet
 facet normal  0.000000e+00  0.000000e+00 -1.000000e+00
   outer loop
     vertex  8.420000e+01  3.595092e+01  0.000000e+00
     vertex  8.060000e+01  3.315092e+01  0.000000e+00
     vertex  7.080000e+01  3.315092e+01  0.000000e+00
   endloop
 endfacet
 facet normal -0.000000e+00  0.000000e+00 -1.000000e+00
   outer loop
     vertex  1.378000e+02  3.595092e+01  0.000000e+00
     vertex  1.231750e+02  3.315092e+01  0.000000e+00
     vertex  1.208000e+02  3.595092e+01  0.000000e+00
   endloop
 endfacet
 facet normal  0.000000e+00  0.000000e+00 -1.000000e+00
   outer loop
     vertex  1.378000e+02  3.595092e+01  0.000000e+00
     vertex  1.329750e+02  3.315092e+01  0.000000e+00
     vertex  1.231750e+02  3.315092e+01  0.000000e+00
   endloop
 endfacet
 facet normal  1.354093e-02 -9.999083e-01  0.000000e+00
   outer loop
     vertex  1.501352e+02  4.767279e-04  0.000000e+00
     vertex  1.501000e+02  6.661338e-15  1.060000e+01
     vertex  1.501000e+02  6.661338e-15  0.000000e+00
   endloop
 endfacet
 facet normal  1.354093e-02 -9.999083e-01  0.000000e+00
   outer loop
     vertex  1.501352e+02  4.767279e-04  0.000000e+00
     vertex  1.501352e+02  4.767279e-04  1.060000e+01
     vertex  1.501000e+02  6.661338e-15  1.060000e+01
   endloop
 endfacet
 facet normal  4.061287e-02 -9.991750e-01  0.000000e+00
   outer loop
     vertex  1.501704e+02  1.906562e-03  0.000000e+00
     vertex  1.501704e+02  1.906562e-03  1.060000e+01
     vertex  1.501352e+02  4.767279e-04  1.060000e+01
   endloop
 endfacet
 facet normal  4.061287e-02 -9.991750e-01  0.000000e+00
   outer loop
     vertex  1.501704e+02  1.906562e-03  0.000000e+00
     vertex  1.501352e+02  4.767279e-04  1.060000e+01
     vertex  1.501352e+02  4.767279e-04  0.000000e+00
   endloop
 endfacet
 facet normal  6.765502e-02 -9.977088e-01  0.000000e+00
   outer loop
     vertex  1.502055e+02  4.288454e-03  0.000000e+00
     vertex  1.502055e+02  4.288454e-03  1.060000e+01
     vertex  1.501704e+02  1.906562e-03  1.060000e+01
   endloop
 endfacet
 facet normal  6.765502e-02 -9.977088e-01  0.000000e+00
   outer loop
     vertex  1.502055e+02  4.288454e-03  0.000000e+00
     vertex  1.501704e+02  1.906562e-03  1.060000e+01
     vertex  1.501704e+02  1.906562e-03  0.000000e+00
   endloop
 endfacet
 facet normal  9.464755e-02 -9.955108e-01  0.000000e+00
   outer loop
     vertex  1.502406e+02  7.620656e-03  0.000000e+00
     vertex  1.502406e+02  7.620656e-03  1.060000e+01
     vertex  1.502055e+02  4.288454e-03  1.060000e+01
   endloop
 endfacet
 facet normal  1.215707e-01 -9.925828e-01  0.000000e+00
   outer loop
     vertex  1.502406e+02  7.620656e-03  0.000000e+00
     vertex  1.502755e+02  1.190072e-02  1.060000e+01
     vertex  1.502406e+02  7.620656e-03  1.060000e+01
   endloop
 endfacet
 facet normal  9.464755e-02 -9.955108e-01  0.000000e+00
   outer loop
     vertex  1.502406e+02  7.620656e-03  0.000000e+00
     vertex  1.502055e+02  4.288454e-03  1.060000e+01
     vertex  1.502055e+02  4.288454e-03  0.000000e+00
   endloop
 endfacet
 facet normal  1.484046e-01 -9.889267e-01  0.000000e+00
   outer loop
     vertex  1.502755e+02  1.190072e-02  0.000000e+00
     vertex  1.503103e+02  1.712552e-02  1.060000e+01
     vertex  1.502755e+02  1.190072e-02  1.060000e+01
   endloop
 endfacet
 facet normal  1.215707e-01 -9.925828e-01  0.000000e+00
   outer loop
     vertex  1.502755e+02  1.190072e-02  0.000000e+00
     vertex  1.502755e+02  1.190072e-02  1.060000e+01
     vertex  1.502406e+02  7.620656e-03  0.000000e+00
   endloop
 endfacet
 facet normal  1.751297e-01 -9.845454e-01  0.000000e+00
   outer loop
     vertex  1.503103e+02  1.712552e-02  0.000000e+00
     vertex  1.503450e+02  2.329121e-02  1.060000e+01
     vertex  1.503103e+02  1.712552e-02  1.060000e+01
   endloop
 endfacet
 facet normal  1.484046e-01 -9.889267e-01  0.000000e+00
   outer loop
     vertex  1.503103e+02  1.712552e-02  0.000000e+00
     vertex  1.503103e+02  1.712552e-02  1.060000e+01
     vertex  1.502755e+02  1.190072e-02  0.000000e+00
   endloop
 endfacet
 facet normal  1.751297e-01 -9.845454e-01  0.000000e+00
   outer loop
     vertex  1.503450e+02  2.329121e-02  0.000000e+00
     vertex  1.503450e+02  2.329121e-02  1.060000e+01
     vertex  1.503103e+02  1.712552e-02  0.000000e+00
   endloop
 endfacet
 facet normal  2.017264e-01 -9.794419e-01  0.000000e+00
   outer loop
     vertex  1.503795e+02  3.039328e-02  0.000000e+00
     vertex  1.503795e+02  3.039328e-02  1.060000e+01
     vertex  1.503450e+02  2.329121e-02  1.060000e+01
   endloop
 endfacet
 facet normal  2.281751e-01 -9.736201e-01  0.000000e+00
   outer loop
     vertex  1.503795e+02  3.039328e-02  0.000000e+00
     vertex  1.504137e+02  3.842651e-02  1.060000e+01
     vertex  1.503795e+02  3.039328e-02  1.060000e+01
   endloop
 endfacet
 facet normal  2.017264e-01 -9.794419e-01  0.000000e+00
   outer loop
     vertex  1.503795e+02  3.039328e-02  0.000000e+00
     vertex  1.503450e+02  2.329121e-02  1.060000e+01
     vertex  1.503450e+02  2.329121e-02  0.000000e+00
   endloop
 endfacet
 facet normal  2.281751e-01 -9.736201e-01  0.000000e+00
   outer loop
     vertex  1.504137e+02  3.842651e-02  0.000000e+00
     vertex  1.504137e+02  3.842651e-02  1.060000e+01
     vertex  1.503795e+02  3.039328e-02  0.000000e+00
   endloop
 endfacet
 facet normal  2.544564e-01 -9.670842e-01  0.000000e+00
   outer loop
     vertex  1.504478e+02  4.738501e-02  0.000000e+00
     vertex  1.504478e+02  4.738501e-02  1.060000e+01
     vertex  1.504137e+02  3.842651e-02  1.060000e+01
   endloop
 endfacet
 facet normal  2.544564e-01 -9.670842e-01  0.000000e+00
   outer loop
     vertex  1.504478e+02  4.738501e-02  0.000000e+00
     vertex  1.504137e+02  3.842651e-02  1.060000e+01
     vertex  1.504137e+02  3.842651e-02  0.000000e+00
   endloop
 endfacet
 facet normal  2.805512e-01 -9.598391e-01  0.000000e+00
   outer loop
     vertex  1.504816e+02  5.726221e-02  0.000000e+00
     vertex  1.504816e+02  5.726221e-02  1.060000e+01
     vertex  1.504478e+02  4.738501e-02  1.060000e+01
   endloop
 endfacet
 facet normal  2.805512e-01 -9.598391e-01  0.000000e+00
   outer loop
     vertex  1.504816e+02  5.726221e-02  0.000000e+00
     vertex  1.504478e+02  4.738501e-02  1.060000e+01
     vertex  1.504478e+02  4.738501e-02  0.000000e+00
   endloop
 endfacet
 facet normal  3.064401e-01 -9.518899e-01  0.000000e+00
   outer loop
     vertex  1.505151e+02  6.805088e-02  0.000000e+00
     vertex  1.505151e+02  6.805088e-02  1.060000e+01
     vertex  1.504816e+02  5.726221e-02  1.060000e+01
   endloop
 endfacet
 facet normal  3.064401e-01 -9.518899e-01  0.000000e+00
   outer loop
     vertex  1.505151e+02  6.805088e-02  0.000000e+00
     vertex  1.504816e+02  5.726221e-02  1.060000e+01
     vertex  1.504816e+02  5.726221e-02  0.000000e+00
   endloop
 endfacet
 facet normal  3.321044e-01 -9.432426e-01  0.000000e+00
   outer loop
     vertex  1.505483e+02  7.974309e-02  0.000000e+00
     vertex  1.505483e+02  7.974309e-02  1.060000e+01
     vertex  1.505151e+02  6.805088e-02  1.060000e+01
   endloop
 endfacet
 facet normal  3.575250e-01 -9.339036e-01  0.000000e+00
   outer loop
     vertex  1.505483e+02  7.974309e-02  0.000000e+00
     vertex  1.505812e+02  9.233026e-02  1.060000e+01
     vertex  1.505483e+02  7.974309e-02  1.060000e+01
   endloop
 endfacet
 facet normal  3.321044e-01 -9.432426e-01  0.000000e+00
   outer loop
     vertex  1.505483e+02  7.974309e-02  0.000000e+00
     vertex  1.505151e+02  6.805088e-02  1.060000e+01
     vertex  1.505151e+02  6.805088e-02  0.000000e+00
   endloop
 endfacet
 facet normal  3.826834e-01 -9.238795e-01  0.000000e+00
   outer loop
     vertex  1.505812e+02  9.233026e-02  0.000000e+00
     vertex  1.506137e+02  1.058032e-01  1.060000e+01
     vertex  1.505812e+02  9.233026e-02  1.060000e+01
   endloop
 endfacet
 facet normal  3.575250e-01 -9.339036e-01  0.000000e+00
   outer loop
     vertex  1.505812e+02  9.233026e-02  0.000000e+00
     vertex  1.505812e+02  9.233026e-02  1.060000e+01
     vertex  1.505483e+02  7.974309e-02  0.000000e+00
   endloop
 endfacet
 facet normal  3.826834e-01 -9.238795e-01  0.000000e+00
   outer loop
     vertex  1.506137e+02  1.058032e-01  0.000000e+00
     vertex  1.506137e+02  1.058032e-01  1.060000e+01
     vertex  1.505812e+02  9.233026e-02  0.000000e+00
   endloop
 endfacet
 facet normal  4.075612e-01 -9.131779e-01  0.000000e+00
   outer loop
     vertex  1.506459e+02  1.201520e-01  0.000000e+00
     vertex  1.506459e+02  1.201520e-01  1.060000e+01
     vertex  1.506137e+02  1.058032e-01  1.060000e+01
   endloop
 endfacet
 facet normal  4.321400e-01 -9.018065e-01  0.000000e+00
   outer loop
     vertex  1.506459e+02  1.201520e-01  0.000000e+00
     vertex  1.506776e+02  1.353661e-01  1.060000e+01
     vertex  1.506459e+02  1.201520e-01  1.060000e+01
   endloop
 endfacet
 facet normal  4.075612e-01 -9.131779e-01  0.000000e+00
   outer loop
     vertex  1.506459e+02  1.201520e-01  0.000000e+00
     vertex  1.506137e+02  1.058032e-01  1.060000e+01
     vertex  1.506137e+02  1.058032e-01  0.000000e+00
   endloop
 endfacet
 facet normal  4.321400e-01 -9.018065e-01  0.000000e+00
   outer loop
     vertex  1.506776e+02  1.353661e-01  0.000000e+00
     vertex  1.506776e+02  1.353661e-01  1.060000e+01
     vertex  1.506459e+02  1.201520e-01  0.000000e+00
   endloop
 endfacet
 facet normal  4.564019e-01 -8.897737e-01  0.000000e+00
   outer loop
     vertex  1.507089e+02  1.514343e-01  0.000000e+00
     vertex  1.507089e+02  1.514343e-01  1.060000e+01
     vertex  1.506776e+02  1.353661e-01  1.060000e+01
   endloop
 endfacet
 facet normal  4.564019e-01 -8.897737e-01  0.000000e+00
   outer loop
     vertex  1.507089e+02  1.514343e-01  0.000000e+00
     vertex  1.506776e+02  1.353661e-01  1.060000e+01
     vertex  1.506776e+02  1.353661e-01  0.000000e+00
   endloop
 endfacet
 facet normal  4.803291e-01 -8.770884e-01  0.000000e+00
   outer loop
     vertex  1.507398e+02  1.683450e-01  0.000000e+00
     vertex  1.507398e+02  1.683450e-01  1.060000e+01
     vertex  1.507089e+02  1.514343e-01  1.060000e+01
   endloop
 endfacet
 facet normal  4.803291e-01 -8.770884e-01  0.000000e+00
   outer loop
     vertex  1.507398e+02  1.683450e-01  0.000000e+00
     vertex  1.507089e+02  1.514343e-01  1.060000e+01
     vertex  1.507089e+02  1.514343e-01  0.000000e+00
   endloop
 endfacet
 facet normal  5.039039e-01 -8.637597e-01  0.000000e+00
   outer loop
     vertex  1.507702e+02  1.860857e-01  0.000000e+00
     vertex  1.507702e+02  1.860857e-01  1.060000e+01
     vertex  1.507398e+02  1.683450e-01  1.060000e+01
   endloop
 endfacet
 facet normal  5.039039e-01 -8.637597e-01  0.000000e+00
   outer loop
     vertex  1.507702e+02  1.860857e-01  0.000000e+00
     vertex  1.507398e+02  1.683450e-01  1.060000e+01
     vertex  1.507398e+02  1.683450e-01  0.000000e+00
   endloop
 endfacet
 facet normal  5.271092e-01 -8.497975e-01  0.000000e+00
   outer loop
     vertex  1.508001e+02  2.046433e-01  0.000000e+00
     vertex  1.507702e+02  1.860857e-01  1.060000e+01
     vertex  1.507702e+02  1.860857e-01  0.000000e+00
   endloop
 endfacet
 facet normal  5.271092e-01 -8.497975e-01  0.000000e+00
   outer loop
     vertex  1.508001e+02  2.046433e-01  0.000000e+00
     vertex  1.508001e+02  2.046433e-01  1.060000e+01
     vertex  1.507702e+02  1.860857e-01  1.060000e+01
   endloop
 endfacet
 facet normal  5.499279e-01 -8.352121e-01  0.000000e+00
   outer loop
     vertex  1.508295e+02  2.240043e-01  0.000000e+00
     vertex  1.508001e+02  2.046433e-01  1.060000e+01
     vertex  1.508001e+02  2.046433e-01  0.000000e+00
   endloop
 endfacet
 facet normal  5.499279e-01 -8.352121e-01  0.000000e+00
   outer loop
     vertex  1.508295e+02  2.240043e-01  0.000000e+00
     vertex  1.508295e+02  2.240043e-01  1.060000e+01
     vertex  1.508001e+02  2.046433e-01  1.060000e+01
   endloop
 endfacet
 facet normal  5.723433e-01 -8.200141e-01  0.000000e+00
   outer loop
     vertex  1.508584e+02  2.441545e-01  0.000000e+00
     vertex  1.508295e+02  2.240043e-01  1.060000e+01
     vertex  1.508295e+02  2.240043e-01  0.000000e+00
   endloop
 endfacet
 facet normal  5.723433e-01 -8.200141e-01  0.000000e+00
   outer loop
     vertex  1.508584e+02  2.441545e-01  0.000000e+00
     vertex  1.508584e+02  2.441545e-01  1.060000e+01
     vertex  1.508295e+02  2.240043e-01  1.060000e+01
   endloop
 endfacet
 facet normal  5.943389e-01 -8.042147e-01  0.000000e+00
   outer loop
     vertex  1.508867e+02  2.650790e-01  0.000000e+00
     vertex  1.508584e+02  2.441545e-01  1.060000e+01
     vertex  1.508584e+02  2.441545e-01  0.000000e+00
   endloop
 endfacet
 facet normal  5.943389e-01 -8.042147e-01  0.000000e+00
   outer loop
     vertex  1.508867e+02  2.650790e-01  0.000000e+00
     vertex  1.508867e+02  2.650790e-01  1.060000e+01
     vertex  1.508584e+02  2.441545e-01  1.060000e+01
   endloop
 endfacet
 facet normal  6.158986e-01 -7.878255e-01  0.000000e+00
   outer loop
     vertex  1.509145e+02  2.867626e-01  0.000000e+00
     vertex  1.508867e+02  2.650790e-01  1.060000e+01
     vertex  1.508867e+02  2.650790e-01  0.000000e+00
   endloop
 endfacet
 facet normal  6.158986e-01 -7.878255e-01  0.000000e+00
   outer loop
     vertex  1.509145e+02  2.867626e-01  0.000000e+00
     vertex  1.509145e+02  2.867626e-01  1.060000e+01
     vertex  1.508867e+02  2.650790e-01  1.060000e+01
   endloop
 endfacet
 facet normal  6.370065e-01 -7.708584e-01  0.000000e+00
   outer loop
     vertex  1.509416e+02  3.091893e-01  0.000000e+00
     vertex  1.509416e+02  3.091893e-01  1.060000e+01
     vertex  1.509145e+02  2.867626e-01  1.060000e+01
   endloop
 endfacet
 facet normal  6.370065e-01 -7.708584e-01  0.000000e+00
   outer loop
     vertex  1.509416e+02  3.091893e-01  0.000000e+00
     vertex  1.509145e+02  2.867626e-01  1.060000e+01
     vertex  1.509145e+02  2.867626e-01  0.000000e+00
   endloop
 endfacet
 facet normal  6.576473e-01 -7.533260e-01  0.000000e+00
   outer loop
     vertex  1.509681e+02  3.323427e-01  0.000000e+00
     vertex  1.509681e+02  3.323427e-01  1.060000e+01
     vertex  1.509416e+02  3.091893e-01  1.060000e+01
   endloop
 endfacet
 facet normal  6.778058e-01 -7.352410e-01  0.000000e+00
   outer loop
     vertex  1.509681e+02  3.323427e-01  0.000000e+00
     vertex  1.509940e+02  3.562059e-01  1.060000e+01
     vertex  1.509681e+02  3.323427e-01  1.060000e+01
   endloop
 endfacet
 facet normal  6.576473e-01 -7.533260e-01  0.000000e+00
   outer loop
     vertex  1.509681e+02  3.323427e-01  0.000000e+00
     vertex  1.509416e+02  3.091893e-01  1.060000e+01
     vertex  1.509416e+02  3.091893e-01  0.000000e+00
   endloop
 endfacet
 facet normal  6.778058e-01 -7.352410e-01  0.000000e+00
   outer loop
     vertex  1.509940e+02  3.562059e-01  0.000000e+00
     vertex  1.509940e+02  3.562059e-01  1.060000e+01
     vertex  1.509681e+02  3.323427e-01  0.000000e+00
   endloop
 endfacet
 facet normal  6.974671e-01 -7.166168e-01  0.000000e+00
   outer loop
     vertex  1.510192e+02  3.807612e-01  0.000000e+00
     vertex  1.510192e+02  3.807612e-01  1.060000e+01
     vertex  1.509940e+02  3.562059e-01  1.060000e+01
   endloop
 endfacet
 facet normal  6.974671e-01 -7.166168e-01  0.000000e+00
   outer loop
     vertex  1.510192e+02  3.807612e-01  0.000000e+00
     vertex  1.509940e+02  3.562059e-01  1.060000e+01
     vertex  1.509940e+02  3.562059e-01  0.000000e+00
   endloop
 endfacet
 facet normal  7.166168e-01 -6.974671e-01  0.000000e+00
   outer loop
     vertex  1.510438e+02  4.059907e-01  0.000000e+00
     vertex  1.510438e+02  4.059907e-01  1.060000e+01
     vertex  1.510192e+02  3.807612e-01  1.060000e+01
   endloop
 endfacet
 facet normal  7.166168e-01 -6.974671e-01  0.000000e+00
   outer loop
     vertex  1.510438e+02  4.059907e-01  0.000000e+00
     vertex  1.510192e+02  3.807612e-01  1.060000e+01
     vertex  1.510192e+02  3.807612e-01  0.000000e+00
   endloop
 endfacet
 facet normal  7.352410e-01 -6.778058e-01  0.000000e+00
   outer loop
     vertex  1.510677e+02  4.318759e-01  0.000000e+00
     vertex  1.510677e+02  4.318759e-01  1.060000e+01
     vertex  1.510438e+02  4.059907e-01  1.060000e+01
   endloop
 endfacet
 facet normal  7.352410e-01 -6.778058e-01  0.000000e+00
   outer loop
     vertex  1.510677e+02  4.318759e-01  0.000000e+00
     vertex  1.510438e+02  4.059907e-01  1.060000e+01
     vertex  1.510438e+02  4.059907e-01  0.000000e+00
   endloop
 endfacet
 facet normal  7.533260e-01 -6.576473e-01  0.000000e+00
   outer loop
     vertex  1.510908e+02  4.583978e-01  0.000000e+00
     vertex  1.510908e+02  4.583978e-01  1.060000e+01
     vertex  1.510677e+02  4.318759e-01  1.060000e+01
   endloop
 endfacet
 facet normal  7.533260e-01 -6.576473e-01  0.000000e+00
   outer loop
     vertex  1.510908e+02  4.583978e-01  0.000000e+00
     vertex  1.510677e+02  4.318759e-01  1.060000e+01
     vertex  1.510677e+02  4.318759e-01  0.000000e+00
   endloop
 endfacet
 facet normal  7.708584e-01 -6.370065e-01  0.000000e+00
   outer loop
     vertex  1.511132e+02  4.855370e-01  0.000000e+00
     vertex  1.511132e+02  4.855370e-01  1.060000e+01
     vertex  1.510908e+02  4.583978e-01  1.060000e+01
   endloop
 endfacet
 facet normal  7.708584e-01 -6.370065e-01  0.000000e+00
   outer loop
     vertex  1.511132e+02  4.855370e-01  0.000000e+00
     vertex  1.510908e+02  4.583978e-01  1.060000e+01
     vertex  1.510908e+02  4.583978e-01  0.000000e+00
   endloop
 endfacet
 facet normal  7.878255e-01 -6.158986e-01  0.000000e+00
   outer loop
     vertex  1.511349e+02  5.132735e-01  0.000000e+00
     vertex  1.511349e+02  5.132735e-01  1.060000e+01
     vertex  1.511132e+02  4.855370e-01  1.060000e+01
   endloop
 endfacet
 facet normal  8.042147e-01 -5.943389e-01  0.000000e+00
   outer loop
     vertex  1.511349e+02  5.132735e-01  0.000000e+00
     vertex  1.511558e+02  5.415870e-01  1.060000e+01
     vertex  1.511349e+02  5.132735e-01  1.060000e+01
   endloop
 endfacet
 facet normal  7.878255e-01 -6.158986e-01  0.000000e+00
   outer loop
     vertex  1.511349e+02  5.132735e-01  0.000000e+00
     vertex  1.511132e+02  4.855370e-01  1.060000e+01
     vertex  1.511132e+02  4.855370e-01  0.000000e+00
   endloop
 endfacet
 facet normal  8.042147e-01 -5.943389e-01  0.000000e+00
   outer loop
     vertex  1.511558e+02  5.415870e-01  0.000000e+00
     vertex  1.511558e+02  5.415870e-01  1.060000e+01
     vertex  1.511349e+02  5.132735e-01  0.000000e+00
   endloop
 endfacet
 facet normal  8.200141e-01 -5.723433e-01  0.000000e+00
   outer loop
     vertex  1.511760e+02  5.704568e-01  0.000000e+00
     vertex  1.511760e+02  5.704568e-01  1.060000e+01
     vertex  1.511558e+02  5.415870e-01  1.060000e+01
   endloop
 endfacet
 facet normal  8.200141e-01 -5.723433e-01  0.000000e+00
   outer loop
     vertex  1.511760e+02  5.704568e-01  0.000000e+00
     vertex  1.511558e+02  5.415870e-01  1.060000e+01
     vertex  1.511558e+02  5.415870e-01  0.000000e+00
   endloop
 endfacet
 facet normal  8.352121e-01 -5.499279e-01  0.000000e+00
   outer loop
     vertex  1.511954e+02  5.998616e-01  0.000000e+00
     vertex  1.511954e+02  5.998616e-01  1.060000e+01
     vertex  1.511760e+02  5.704568e-01  1.060000e+01
   endloop
 endfacet
 facet normal  8.352121e-01 -5.499279e-01  0.000000e+00
   outer loop
     vertex  1.511954e+02  5.998616e-01  0.000000e+00
     vertex  1.511760e+02  5.704568e-01  1.060000e+01
     vertex  1.511760e+02  5.704568e-01  0.000000e+00
   endloop
 endfacet
 facet normal  8.497975e-01 -5.271092e-01  0.000000e+00
   outer loop
     vertex  1.512139e+02  6.297800e-01  0.000000e+00
     vertex  1.512139e+02  6.297800e-01  1.060000e+01
     vertex  1.511954e+02  5.998616e-01  1.060000e+01
   endloop
 endfacet
 facet normal  8.497975e-01 -5.271092e-01  0.000000e+00
   outer loop
     vertex  1.512139e+02  6.297800e-01  0.000000e+00
     vertex  1.511954e+02  5.998616e-01  1.060000e+01
     vertex  1.511954e+02  5.998616e-01  0.000000e+00
   endloop
 endfacet
 facet normal  8.637597e-01 -5.039039e-01  0.000000e+00
   outer loop
     vertex  1.512317e+02  6.601899e-01  0.000000e+00
     vertex  1.512317e+02  6.601899e-01  1.060000e+01
     vertex  1.512139e+02  6.297800e-01  1.060000e+01
   endloop
 endfacet
 facet normal  8.637597e-01 -5.039039e-01  0.000000e+00
   outer loop
     vertex  1.512317e+02  6.601899e-01  0.000000e+00
     vertex  1.512139e+02  6.297800e-01  1.060000e+01
     vertex  1.512139e+02  6.297800e-01  0.000000e+00
   endloop
 endfacet
 facet normal  8.770884e-01 -4.803291e-01  0.000000e+00
   outer loop
     vertex  1.512486e+02  6.910690e-01  0.000000e+00
     vertex  1.512486e+02  6.910690e-01  1.060000e+01
     vertex  1.512317e+02  6.601899e-01  1.060000e+01
   endloop
 endfacet
 facet normal  8.770884e-01 -4.803291e-01  0.000000e+00
   outer loop
     vertex  1.512486e+02  6.910690e-01  0.000000e+00
     vertex  1.512317e+02  6.601899e-01  1.060000e+01
     vertex  1.512317e+02  6.601899e-01  0.000000e+00
   endloop
 endfacet
 facet normal  8.897737e-01 -4.564019e-01  0.000000e+00
   outer loop
     vertex  1.512646e+02  7.223948e-01  0.000000e+00
     vertex  1.512646e+02  7.223948e-01  1.060000e+01
     vertex  1.512486e+02  6.910690e-01  1.060000e+01
   endloop
 endfacet
 facet normal  8.897737e-01 -4.564019e-01  0.000000e+00
   outer loop
     vertex  1.512646e+02  7.223948e-01  0.000000e+00
     vertex  1.512486e+02  6.910690e-01  1.060000e+01
     vertex  1.512486e+02  6.910690e-01  0.000000e+00
   endloop
 endfacet
 facet normal  9.018065e-01 -4.321400e-01  0.000000e+00
   outer loop
     vertex  1.512798e+02  7.541442e-01  0.000000e+00
     vertex  1.512798e+02  7.541442e-01  1.060000e+01
     vertex  1.512646e+02  7.223948e-01  1.060000e+01
   endloop
 endfacet
 facet normal  9.018065e-01 -4.321400e-01  0.000000e+00
   outer loop
     vertex  1.512798e+02  7.541442e-01  0.000000e+00
     vertex  1.512646e+02  7.223948e-01  1.060000e+01
     vertex  1.512646e+02  7.223948e-01  0.000000e+00
   endloop
 endfacet
 facet normal  9.131779e-01 -4.075612e-01  0.000000e+00
   outer loop
     vertex  1.512942e+02  7.862939e-01  0.000000e+00
     vertex  1.512942e+02  7.862939e-01  1.060000e+01
     vertex  1.512798e+02  7.541442e-01  1.060000e+01
   endloop
 endfacet
 facet normal  9.238795e-01 -3.826834e-01  0.000000e+00
   outer loop
     vertex  1.512942e+02  7.862939e-01  0.000000e+00
     vertex  1.513077e+02  8.188204e-01  1.060000e+01
     vertex  1.512942e+02  7.862939e-01  1.060000e+01
   endloop
 endfacet
 facet normal  9.131779e-01 -4.075612e-01  0.000000e+00
   outer loop
     vertex  1.512942e+02  7.862939e-01  0.000000e+00
     vertex  1.512798e+02  7.541442e-01  1.060000e+01
     vertex  1.512798e+02  7.541442e-01  0.000000e+00
   endloop
 endfacet
 facet normal  9.238795e-01 -3.826834e-01  0.000000e+00
   outer loop
     vertex  1.513077e+02  8.188204e-01  0.000000e+00
     vertex  1.513077e+02  8.188204e-01  1.060000e+01
     vertex  1.512942e+02  7.862939e-01  0.000000e+00
   endloop
 endfacet
 facet normal  9.339036e-01 -3.575250e-01  0.000000e+00
   outer loop
     vertex  1.513203e+02  8.516998e-01  0.000000e+00
     vertex  1.513203e+02  8.516998e-01  1.060000e+01
     vertex  1.513077e+02  8.188204e-01  1.060000e+01
   endloop
 endfacet
 facet normal  9.339036e-01 -3.575250e-01  0.000000e+00
   outer loop
     vertex  1.513203e+02  8.516998e-01  0.000000e+00
     vertex  1.513077e+02  8.188204e-01  1.060000e+01
     vertex  1.513077e+02  8.188204e-01  0.000000e+00
   endloop
 endfacet
 facet normal  9.432426e-01 -3.321044e-01  0.000000e+00
   outer loop
     vertex  1.513319e+02  8.849080e-01  0.000000e+00
     vertex  1.513203e+02  8.516998e-01  1.060000e+01
     vertex  1.513203e+02  8.516998e-01  0.000000e+00
   endloop
 endfacet
 facet normal  9.432426e-01 -3.321044e-01  0.000000e+00
   outer loop
     vertex  1.513319e+02  8.849080e-01  0.000000e+00
     vertex  1.513319e+02  8.849080e-01  1.060000e+01
     vertex  1.513203e+02  8.516998e-01  1.060000e+01
   endloop
 endfacet
 facet normal  9.518899e-01 -3.064401e-01  0.000000e+00
   outer loop
     vertex  1.513427e+02  9.184207e-01  0.000000e+00
     vertex  1.513319e+02  8.849080e-01  1.060000e+01
     vertex  1.513319e+02  8.849080e-01  0.000000e+00
   endloop
 endfacet
 facet normal  9.518899e-01 -3.064401e-01  0.000000e+00
   outer loop
     vertex  1.513427e+02  9.184207e-01  0.000000e+00
     vertex  1.513427e+02  9.184207e-01  1.060000e+01
     vertex  1.513319e+02  8.849080e-01  1.060000e+01
   endloop
 endfacet
 facet normal  9.598391e-01 -2.805512e-01  0.000000e+00
   outer loop
     vertex  1.513526e+02  9.522132e-01  0.000000e+00
     vertex  1.513427e+02  9.184207e-01  1.060000e+01
     vertex  1.513427e+02  9.184207e-01  0.000000e+00
   endloop
 endfacet
 facet normal  9.598391e-01 -2.805512e-01  0.000000e+00
   outer loop
     vertex  1.513526e+02  9.522132e-01  0.000000e+00
     vertex  1.513526e+02  9.522132e-01  1.060000e+01
     vertex  1.513427e+02  9.184207e-01  1.060000e+01
   endloop
 endfacet
 facet normal  9.670842e-01 -2.544564e-01  0.000000e+00
   outer loop
     vertex  1.513616e+02  9.862607e-01  0.000000e+00
     vertex  1.513526e+02  9.522132e-01  1.060000e+01
     vertex  1.513526e+02  9.522132e-01  0.000000e+00
   endloop
 endfacet
 facet normal  9.670842e-01 -2.544564e-01  0.000000e+00
   outer loop
     vertex  1.513616e+02  9.862607e-01  0.000000e+00
     vertex  1.513616e+02  9.862607e-01  1.060000e+01
     vertex  1.513526e+02  9.522132e-01  1.060000e+01
   endloop
 endfacet
 facet normal  9.736201e-01 -2.281751e-01  0.000000e+00
   outer loop
     vertex  1.513616e+02  9.862607e-01  0.000000e+00
     vertex  1.513696e+02  1.020538e+00  1.060000e+01
     vertex  1.513616e+02  9.862607e-01  1.060000e+01
   endloop
 endfacet
 facet normal  9.736201e-01 -2.281751e-01  0.000000e+00
   outer loop
     vertex  1.513696e+02  1.020538e+00  0.000000e+00
     vertex  1.513696e+02  1.020538e+00  1.060000e+01
     vertex  1.513616e+02  9.862607e-01  0.000000e+00
   endloop
 endfacet
 facet normal  9.794419e-01 -2.017264e-01  0.000000e+00
   outer loop
     vertex  1.513767e+02  1.055021e+00  0.000000e+00
     vertex  1.513696e+02  1.020538e+00  1.060000e+01
     vertex  1.513696e+02  1.020538e+00  0.000000e+00
   endloop
 endfacet
 facet normal  9.794419e-01 -2.017264e-01  0.000000e+00
   outer loop
     vertex  1.513767e+02  1.055021e+00  0.000000e+00
     vertex  1.513767e+02  1.055021e+00  1.060000e+01
     vertex  1.513696e+02  1.020538e+00  1.060000e+01
   endloop
 endfacet
 facet normal  9.845454e-01 -1.751297e-01  0.000000e+00
   outer loop
     vertex  1.513767e+02  1.055021e+00  0.000000e+00
     vertex  1.513829e+02  1.089683e+00  1.060000e+01
     vertex  1.513767e+02  1.055021e+00  1.060000e+01
   endloop
 endfacet
 facet normal  9.845454e-01 -1.751297e-01  0.000000e+00
   outer loop
     vertex  1.513829e+02  1.089683e+00  0.000000e+00
     vertex  1.513829e+02  1.089683e+00  1.060000e+01
     vertex  1.513767e+02  1.055021e+00  0.000000e+00
   endloop
 endfacet
 facet normal  9.889267e-01 -1.484046e-01  0.000000e+00
   outer loop
     vertex  1.513829e+02  1.089683e+00  0.000000e+00
     vertex  1.513881e+02  1.124500e+00  1.060000e+01
     vertex  1.513829e+02  1.089683e+00  1.060000e+01
   endloop
 endfacet
 facet normal  9.889267e-01 -1.484046e-01  0.000000e+00
   outer loop
     vertex  1.513881e+02  1.124500e+00  0.000000e+00
     vertex  1.513881e+02  1.124500e+00  1.060000e+01
     vertex  1.513829e+02  1.089683e+00  0.000000e+00
   endloop
 endfacet
 facet normal  9.925828e-01 -1.215707e-01  0.000000e+00
   outer loop
     vertex  1.513924e+02  1.159445e+00  0.000000e+00
     vertex  1.513881e+02  1.124500e+00  1.060000e+01
     vertex  1.513881e+02  1.124500e+00  0.000000e+00
   endloop
 endfacet
 facet normal  9.925828e-01 -1.215707e-01  0.000000e+00
   outer loop
     vertex  1.513924e+02  1.159445e+00  0.000000e+00
     vertex  1.513924e+02  1.159445e+00  1.060000e+01
     vertex  1.513881e+02  1.124500e+00  1.060000e+01
   endloop
 endfacet
 facet normal  9.955108e-01 -9.464755e-02  0.000000e+00
   outer loop
     vertex  1.513924e+02  1.159445e+00  0.000000e+00
     vertex  1.513957e+02  1.194494e+00  1.060000e+01
     vertex  1.513924e+02  1.159445e+00  1.060000e+01
   endloop
 endfacet
 facet normal  9.955108e-01 -9.464755e-02  0.000000e+00
   outer loop
     vertex  1.513957e+02  1.194494e+00  0.000000e+00
     vertex  1.513957e+02  1.194494e+00  1.060000e+01
     vertex  1.513924e+02  1.159445e+00  0.000000e+00
   endloop
 endfacet
 facet normal  9.977088e-01 -6.765502e-02  0.000000e+00
   outer loop
     vertex  1.513957e+02  1.194494e+00  0.000000e+00
     vertex  1.513981e+02  1.229619e+00  1.060000e+01
     vertex  1.513957e+02  1.194494e+00  1.060000e+01
   endloop
 endfacet
 facet normal  9.977088e-01 -6.765502e-02  0.000000e+00
   outer loop
     vertex  1.513981e+02  1.229619e+00  0.000000e+00
     vertex  1.513981e+02  1.229619e+00  1.060000e+01
     vertex  1.513957e+02  1.194494e+00  0.000000e+00
   endloop
 endfacet
 facet normal  9.991750e-01 -4.061287e-02  0.000000e+00
   outer loop
     vertex  1.513981e+02  1.229619e+00  0.000000e+00
     vertex  1.513995e+02  1.264797e+00  1.060000e+01
     vertex  1.513981e+02  1.229619e+00  1.060000e+01
   endloop
 endfacet
 facet normal  9.991750e-01 -4.061287e-02  0.000000e+00
   outer loop
     vertex  1.513995e+02  1.264797e+00  0.000000e+00
     vertex  1.513995e+02  1.264797e+00  1.060000e+01
     vertex  1.513981e+02  1.229619e+00  0.000000e+00
   endloop
 endfacet
 facet normal  9.999083e-01 -1.354093e-02  0.000000e+00
   outer loop
     vertex  1.514000e+02  1.300000e+00  0.000000e+00
     vertex  1.513995e+02  1.264797e+00  1.060000e+01
     vertex  1.513995e+02  1.264797e+00  0.000000e+00
   endloop
 endfacet
 facet normal  9.999083e-01 -1.354093e-02  0.000000e+00
   outer loop
     vertex  1.514000e+02  1.300000e+00  0.000000e+00
     vertex  1.514000e+02  1.300000e+00  1.060000e+01
     vertex  1.513995e+02  1.264797e+00  1.060000e+01
   endloop
 endfacet
 facet normal  0.000000e+00  0.000000e+00  1.000000e+00
   outer loop
     vertex  1.501704e+02  1.906562e-03  1.060000e+01
     vertex  1.501000e+02  6.661338e-15  1.060000e+01
     vertex  1.501352e+02  4.767279e-04  1.060000e+01
   endloop
 endfacet
 facet normal  0.000000e+00  0.000000e+00  1.000000e+00
   outer loop
     vertex  1.502406e+02  7.620656e-03  1.060000e+01
     vertex  1.501704e+02  1.906562e-03  1.060000e+01
     vertex  1.502055e+02  4.288454e-03  1.060000e+01
   endloop
 endfacet
 facet normal  0.000000e+00  0.000000e+00  1.000000e+00
   outer loop
     vertex  1.502406e+02  7.620656e-03  1.060000e+01
     vertex  1.501000e+02  6.661338e-15  1.060000e+01
     vertex  1.501704e+02  1.906562e-03  1.060000e+01
   endloop
 endfacet
 facet normal  0.000000e+00  0.000000e+00  1.000000e+00
   outer loop
     vertex  1.503450e+02  2.329121e-02  1.060000e+01
     vertex  1.502406e+02  7.620656e-03  1.060000e+01
     vertex  1.502755e+02  1.190072e-02  1.060000e+01
   endloop
 endfacet
 facet normal  0.000000e+00  0.000000e+00  1.000000e+00
   outer loop
     vertex  1.503450e+02  2.329121e-02  1.060000e+01
     vertex  1.502755e+02  1.190072e-02  1.060000e+01
     vertex  1.503103e+02  1.712552e-02  1.060000e+01
   endloop
 endfacet
 facet normal  0.000000e+00  0.000000e+00  1.000000e+00
   outer loop
     vertex  1.504137e+02  3.842651e-02  1.060000e+01
     vertex  1.503450e+02  2.329121e-02  1.060000e+01
     vertex  1.503795e+02  3.039328e-02  1.060000e+01
   endloop
 endfacet
 facet normal  0.000000e+00  0.000000e+00  1.000000e+00
   outer loop
     vertex  1.504137e+02  3.842651e-02  1.060000e+01
     vertex  1.502406e+02  7.620656e-03  1.060000e+01
     vertex  1.503450e+02  2.329121e-02  1.060000e+01
   endloop
 endfacet
 facet normal  0.000000e+00  0.000000e+00  1.000000e+00
   outer loop
     vertex  1.504478e+02  4.738501e-02  1.060000e+01
     vertex  1.501000e+02  6.661338e-15  1.060000e+01
     vertex  1.502406e+02  7.620656e-03  1.060000e+01
   endloop
 endfacet
 facet normal  0.000000e+00  0.000000e+00  1.000000e+00
   outer loop
     vertex  1.504478e+02  4.738501e-02  1.060000e+01
     vertex  1.502406e+02  7.620656e-03  1.060000e+01
     vertex  1.504137e+02  3.842651e-02  1.060000e+01
   endloop
 endfacet
 facet normal  0.000000e+00  0.000000e+00  1.000000e+00
   outer loop
     vertex  1.505812e+02  9.233026e-02  1.060000e+01
     vertex  1.504816e+02  5.726221e-02  1.060000e+01
     vertex  1.505151e+02  6.805088e-02  1.060000e+01
   endloop
 endfacet
 facet normal  0.000000e+00  0.000000e+00  1.000000e+00
   outer loop
     vertex  1.505812e+02  9.233026e-02  1.060000e+01
     vertex  1.505151e+02  6.805088e-02  1.060000e+01
     vertex  1.505483e+02  7.974309e-02  1.060000e+01
   endloop
 endfacet
 facet normal  0.000000e+00  0.000000e+00  1.000000e+00
   outer loop
     vertex  1.506137e+02  1.058032e-01  1.060000e+01
     vertex  1.504478e+02  4.738501e-02  1.060000e+01
     vertex  1.504816e+02  5.726221e-02  1.060000e+01
   endloop
 endfacet
 facet normal  0.000000e+00  0.000000e+00  1.000000e+00
   outer loop
     vertex  1.506137e+02  1.058032e-01  1.060000e+01
     vertex  1.504816e+02  5.726221e-02  1.060000e+01
     vertex  1.505812e+02  9.233026e-02  1.060000e+01
   endloop
 endfacet
 facet normal  0.000000e+00  0.000000e+00  1.000000e+00
   outer loop
     vertex  1.506459e+02  1.201520e-01  1.060000e+01
     vertex  1.504478e+02  4.738501e-02  1.060000e+01
     vertex  1.506137e+02  1.058032e-01  1.060000e+01
   endloop
 endfacet
 facet normal  0.000000e+00  0.000000e+00  1.000000e+00
   outer loop
     vertex  1.507702e+02  1.860857e-01  1.060000e+01
     vertex  1.507089e+02  1.514343e-01  1.060000e+01
     vertex  1.507398e+02  1.683450e-01  1.060000e+01
   endloop
 endfacet
 facet normal  0.000000e+00  0.000000e+00  1.000000e+00
   outer loop
     vertex  1.508001e+02  2.046433e-01  1.060000e+01
     vertex  1.504478e+02  4.738501e-02  1.060000e+01
     vertex  1.506459e+02  1.201520e-01  1.060000e+01
   endloop
 endfacet
 facet normal  0.000000e+00  0.000000e+00  1.000000e+00
   outer loop
     vertex  1.508001e+02  2.046433e-01  1.060000e+01
     vertex  1.507089e+02  1.514343e-01  1.060000e+01
     vertex  1.507702e+02  1.860857e-01  1.060000e+01
   endloop
 endfacet
 facet normal  0.000000e+00  0.000000e+00  1.000000e+00
   outer loop
     vertex  1.508001e+02  2.046433e-01  1.060000e+01
     vertex  1.506459e+02  1.201520e-01  1.060000e+01
     vertex  1.506776e+02  1.353661e-01  1.060000e+01
   endloop
 endfacet
 facet normal  0.000000e+00  0.000000e+00  1.000000e+00
   outer loop
     vertex  1.508001e+02  2.046433e-01  1.060000e+01
     vertex  1.506776e+02  1.353661e-01  1.060000e+01
     vertex  1.507089e+02  1.514343e-01  1.060000e+01
   endloop
 endfacet
 facet normal  0.000000e+00  0.000000e+00  1.000000e+00
   outer loop
     vertex  1.508001e+02  2.046433e-01  1.060000e+01
     vertex  1.501000e+02  6.661338e-15  1.060000e+01
     vertex  1.504478e+02  4.738501e-02  1.060000e+01
   endloop
 endfacet
 facet normal  0.000000e+00  0.000000e+00  1.000000e+00
   outer loop
     vertex  1.509145e+02  2.867626e-01  1.060000e+01
     vertex  1.501000e+02  6.661338e-15  1.060000e+01
     vertex  1.508001e+02  2.046433e-01  1.060000e+01
   endloop
 endfacet
 facet normal  0.000000e+00  0.000000e+00  1.000000e+00
   outer loop
     vertex  1.509145e+02  2.867626e-01  1.060000e+01
     vertex  1.508001e+02  2.046433e-01  1.060000e+01
     vertex  1.508295e+02  2.240043e-01  1.060000e+01
   endloop
 endfacet
 facet normal  0.000000e+00  0.000000e+00  1.000000e+00
   outer loop
     vertex  1.509145e+02  2.867626e-01  1.060000e+01
     vertex  1.508295e+02  2.240043e-01  1.060000e+01
     vertex  1.508584e+02  2.441545e-01  1.060000e+01
   endloop
 endfacet
 facet normal  0.000000e+00  0.000000e+00  1.000000e+00
   outer loop
     vertex  1.509145e+02  2.867626e-01  1.060000e+01
     vertex  1.508584e+02  2.441545e-01  1.060000e+01
     vertex  1.508867e+02  2.650790e-01  1.060000e+01
   endloop
 endfacet
 facet normal  0.000000e+00  0.000000e+00  1.000000e+00
   outer loop
     vertex  1.509940e+02  3.562059e-01  1.060000e+01
     vertex  1.501000e+02  6.661338e-15  1.060000e+01
     vertex  1.509145e+02  2.867626e-01  1.060000e+01
   endloop
 endfacet
 facet normal  0.000000e+00  0.000000e+00  1.000000e+00
   outer loop
     vertex  1.509940e+02  3.562059e-01  1.060000e+01
     vertex  1.509145e+02  2.867626e-01  1.060000e+01
     vertex  1.509416e+02  3.091893e-01  1.060000e+01
   endloop
 endfacet
 facet normal  0.000000e+00  0.000000e+00  1.000000e+00
   outer loop
     vertex  1.509940e+02  3.562059e-01  1.060000e+01
     vertex  1.509416e+02  3.091893e-01  1.060000e+01
     vertex  1.509681e+02  3.323427e-01  1.060000e+01
   endloop
 endfacet
 facet normal  0.000000e+00  0.000000e+00  1.000000e+00
   outer loop
     vertex  1.490000e+02  2.400000e+00  1.060000e+01
     vertex  9.381250e+01  2.400000e+00  1.060000e+01
     vertex  9.381250e+01  0.000000e+00  1.060000e+01
   endloop
 endfacet
 facet normal  0.000000e+00  0.000000e+00  1.000000e+00
   outer loop
     vertex  1.490000e+02  2.400000e+00  1.060000e+01
     vertex  9.381250e+01  0.000000e+00  1.060000e+01
     vertex  1.501000e+02  6.661338e-15  1.060000e+01
   endloop
 endfacet
 facet normal  0.000000e+00  0.000000e+00  1.000000e+00
   outer loop
     vertex  1.510908e+02  4.583978e-01  1.060000e+01
     vertex  1.509940e+02  3.562059e-01  1.060000e+01
     vertex  1.510192e+02  3.807612e-01  1.060000e+01
   endloop
 endfacet
 facet normal  0.000000e+00  0.000000e+00  1.000000e+00
   outer loop
     vertex  1.510908e+02  4.583978e-01  1.060000e+01
     vertex  1.510192e+02  3.807612e-01  1.060000e+01
     vertex  1.510438e+02  4.059907e-01  1.060000e+01
   endloop
 endfacet
 facet normal  0.000000e+00  0.000000e+00  1.000000e+00
   outer loop
     vertex  1.510908e+02  4.583978e-01  1.060000e+01
     vertex  1.510438e+02  4.059907e-01  1.060000e+01
     vertex  1.510677e+02  4.318759e-01  1.060000e+01
   endloop
 endfacet
 facet normal  0.000000e+00  0.000000e+00  1.000000e+00
   outer loop
     vertex  1.511132e+02  4.855370e-01  1.060000e+01
     vertex  1.509940e+02  3.562059e-01  1.060000e+01
     vertex  1.510908e+02  4.583978e-01  1.060000e+01
   endloop
 endfacet
 facet normal  0.000000e+00  0.000000e+00  1.000000e+00
   outer loop
     vertex  1.511349e+02  5.132735e-01  1.060000e+01
     vertex  1.501000e+02  6.661338e-15  1.060000e+01
     vertex  1.509940e+02  3.562059e-01  1.060000e+01
   endloop
 endfacet
 facet normal  0.000000e+00  0.000000e+00  1.000000e+00
   outer loop
     vertex  1.511349e+02  5.132735e-01  1.060000e+01
     vertex  1.509940e+02  3.562059e-01  1.060000e+01
     vertex  1.511132e+02  4.855370e-01  1.060000e+01
   endloop
 endfacet
 facet normal  0.000000e+00  0.000000e+00  1.000000e+00
   outer loop
     vertex  1.511760e+02  5.704568e-01  1.060000e+01
     vertex  1.511349e+02  5.132735e-01  1.060000e+01
     vertex  1.511558e+02  5.415870e-01  1.060000e+01
   endloop
 endfacet
 facet normal  0.000000e+00  0.000000e+00  1.000000e+00
   outer loop
     vertex  1.511760e+02  5.704568e-01  1.060000e+01
     vertex  1.501000e+02  6.661338e-15  1.060000e+01
     vertex  1.511349e+02  5.132735e-01  1.060000e+01
   endloop
 endfacet
 facet normal  0.000000e+00  0.000000e+00  1.000000e+00
   outer loop
     vertex  1.511954e+02  5.998616e-01  1.060000e+01
     vertex  1.501000e+02  6.661338e-15  1.060000e+01
     vertex  1.511760e+02  5.704568e-01  1.060000e+01
   endloop
 endfacet
 facet normal  0.000000e+00  0.000000e+00  1.000000e+00
   outer loop
     vertex  1.512317e+02  6.601899e-01  1.060000e+01
     vertex  1.511954e+02  5.998616e-01  1.060000e+01
     vertex  1.512139e+02  6.297800e-01  1.060000e+01
   endloop
 endfacet
 facet normal  0.000000e+00  0.000000e+00  1.000000e+00
   outer loop
     vertex  1.512317e+02  6.601899e-01  1.060000e+01
     vertex  1.501000e+02  6.661338e-15  1.060000e+01
     vertex  1.511954e+02  5.998616e-01  1.060000e+01
   endloop
 endfacet
 facet normal  0.000000e+00  0.000000e+00  1.000000e+00
   outer loop
     vertex  1.512486e+02  6.910690e-01  1.060000e+01
     vertex  1.501000e+02  6.661338e-15  1.060000e+01
     vertex  1.512317e+02  6.601899e-01  1.060000e+01
   endloop
 endfacet
 facet normal  0.000000e+00  0.000000e+00  1.000000e+00
   outer loop
     vertex  1.512798e+02  7.541442e-01  1.060000e+01
     vertex  1.512486e+02  6.910690e-01  1.060000e+01
     vertex  1.512646e+02  7.223948e-01  1.060000e+01
   endloop
 endfacet
 facet normal  0.000000e+00  0.000000e+00  1.000000e+00
   outer loop
     vertex  1.512798e+02  7.541442e-01  1.060000e+01
     vertex  1.501000e+02  6.661338e-15  1.060000e+01
     vertex  1.512486e+02  6.910690e-01  1.060000e+01
   endloop
 endfacet
 facet normal  0.000000e+00  0.000000e+00  1.000000e+00
   outer loop
     vertex  1.513319e+02  8.849080e-01  1.060000e+01
     vertex  1.512798e+02  7.541442e-01  1.060000e+01
     vertex  1.512942e+02  7.862939e-01  1.060000e+01
   endloop
 endfacet
 facet normal  0.000000e+00  0.000000e+00  1.000000e+00
   outer loop
     vertex  1.513319e+02  8.849080e-01  1.060000e+01
     vertex  1.512942e+02  7.862939e-01  1.060000e+01
     vertex  1.513077e+02  8.188204e-01  1.060000e+01
   endloop
 endfacet
 facet normal  0.000000e+00  0.000000e+00  1.000000e+00
   outer loop
     vertex  1.513319e+02  8.849080e-01  1.060000e+01
     vertex  1.513077e+02  8.188204e-01  1.060000e+01
     vertex  1.513203e+02  8.516998e-01  1.060000e+01
   endloop
 endfacet
 facet normal  0.000000e+00  0.000000e+00  1.000000e+00
   outer loop
     vertex  1.513427e+02  9.184207e-01  1.060000e+01
     vertex  1.512798e+02  7.541442e-01  1.060000e+01
     vertex  1.513319e+02  8.849080e-01  1.060000e+01
   endloop
 endfacet
 facet normal  0.000000e+00  0.000000e+00  1.000000e+00
   outer loop
     vertex  1.513526e+02  9.522132e-01  1.060000e+01
     vertex  1.512798e+02  7.541442e-01  1.060000e+01
     vertex  1.513427e+02  9.184207e-01  1.060000e+01
   endloop
 endfacet
 facet normal  0.000000e+00  0.000000e+00  1.000000e+00
   outer loop
     vertex  1.513616e+02  9.862607e-01  1.060000e+01
     vertex  1.501000e+02  6.661338e-15  1.060000e+01
     vertex  1.512798e+02  7.541442e-01  1.060000e+01
   endloop
 endfacet
 facet normal  0.000000e+00  0.000000e+00  1.000000e+00
   outer loop
     vertex  1.513616e+02  9.862607e-01  1.060000e+01
     vertex  1.512798e+02  7.541442e-01  1.060000e+01
     vertex  1.513526e+02  9.522132e-01  1.060000e+01
   endloop
 endfacet
 facet normal  0.000000e+00  0.000000e+00  1.000000e+00
   outer loop
     vertex  1.513767e+02  1.055021e+00  1.060000e+01
     vertex  1.501000e+02  6.661338e-15  1.060000e+01
     vertex  1.513616e+02  9.862607e-01  1.060000e+01
   endloop
 endfacet
 facet normal  0.000000e+00  0.000000e+00  1.000000e+00
   outer loop
     vertex  1.513767e+02  1.055021e+00  1.060000e+01
     vertex  1.513616e+02  9.862607e-01  1.060000e+01
     vertex  1.513696e+02  1.020538e+00  1.060000e+01
   endloop
 endfacet
 facet normal  0.000000e+00  0.000000e+00  1.000000e+00
   outer loop
     vertex  1.513881e+02  1.124500e+00  1.060000e+01
     vertex  1.513767e+02  1.055021e+00  1.060000e+01
     vertex  1.513829e+02  1.089683e+00  1.060000e+01
   endloop
 endfacet
 facet normal  0.000000e+00  0.000000e+00  1.000000e+00
   outer loop
     vertex  1.513924e+02  1.159445e+00  1.060000e+01
     vertex  1.501000e+02  6.661338e-15  1.060000e+01
     vertex  1.513767e+02  1.055021e+00  1.060000e+01
   endloop
 endfacet
 facet normal  0.000000e+00  0.000000e+00  1.000000e+00
   outer loop
     vertex  1.513924e+02  1.159445e+00  1.060000e+01
     vertex  1.513767e+02  1.055021e+00  1.060000e+01
     vertex  1.513881e+02  1.124500e+00  1.060000e+01
   endloop
 endfacet
 facet normal  0.000000e+00  0.000000e+00  1.000000e+00
   outer loop
     vertex  1.513981e+02  1.229619e+00  1.060000e+01
     vertex  1.513924e+02  1.159445e+00  1.060000e+01
     vertex  1.513957e+02  1.194494e+00  1.060000e+01
   endloop
 endfacet
 facet normal  0.000000e+00  0.000000e+00  1.000000e+00
   outer loop
     vertex  1.514000e+02  1.300000e+00  1.060000e+01
     vertex  1.490000e+02  2.400000e+00  1.060000e+01
     vertex  1.501000e+02  6.661338e-15  1.060000e+01
   endloop
 endfacet
 facet normal  0.000000e+00  0.000000e+00  1.000000e+00
   outer loop
     vertex  1.514000e+02  1.300000e+00  1.060000e+01
     vertex  1.513981e+02  1.229619e+00  1.060000e+01
     vertex  1.513995e+02  1.264797e+00  1.060000e+01
   endloop
 endfacet
 facet normal  0.000000e+00  0.000000e+00  1.000000e+00
   outer loop
     vertex  1.514000e+02  1.300000e+00  1.060000e+01
     vertex  1.501000e+02  6.661338e-15  1.060000e+01
     vertex  1.513924e+02  1.159445e+00  1.060000e+01
   endloop
 endfacet
 facet normal  0.000000e+00  0.000000e+00  1.000000e+00
   outer loop
     vertex  1.514000e+02  1.300000e+00  1.060000e+01
     vertex  1.513924e+02  1.159445e+00  1.060000e+01
     vertex  1.513981e+02  1.229619e+00  1.060000e+01
   endloop
 endfacet
 facet normal  0.000000e+00  0.000000e+00  1.000000e+00
   outer loop
     vertex  1.514000e+02  4.291839e+00  1.060000e+01
     vertex  1.490000e+02  4.291839e+00  1.060000e+01
     vertex  1.490000e+02  2.400000e+00  1.060000e+01
   endloop
 endfacet
 facet normal  0.000000e+00  0.000000e+00  1.000000e+00
   outer loop
     vertex  1.514000e+02  4.291839e+00  1.060000e+01
     vertex  1.490000e+02  2.400000e+00  1.060000e+01
     vertex  1.514000e+02  1.300000e+00  1.060000e+01
   endloop
 endfacet
 facet normal -1.000000e+00  0.000000e+00  0.000000e+00
   outer loop
     vertex  9.381250e+01  0.000000e+00  1.060000e+01
     vertex  9.381250e+01  2.400000e+00  6.200000e+00
     vertex  9.381250e+01  0.000000e+00  6.200000e+00
   endloop
 endfacet
 facet normal -1.000000e+00  0.000000e+00  0.000000e+00
   outer loop
     vertex  9.381250e+01  0.000000e+00  1.060000e+01
     vertex  9.381250e+01  2.400000e+00  1.060000e+01
     vertex  9.381250e+01  2.400000e+00  6.200000e+00
   endloop
 endfacet
 facet normal  0.000000e+00  0.000000e+00  1.000000e+00
   outer loop
     vertex  9.381250e+01  2.400000e+00  6.200000e+00
     vertex  8.381250e+01  2.400000e+00  6.200000e+00
     vertex  8.381250e+01  0.000000e+00  6.200000e+00
   endloop
 endfacet
 facet normal  0.000000e+00  0.000000e+00  1.000000e+00
   outer loop
     vertex  9.381250e+01  2.400000e+00  6.200000e+00
     vertex  8.381250e+01  0.000000e+00  6.200000e+00
     vertex  9.381250e+01  0.000000e+00  6.200000e+00
   endloop
 endfacet
 facet normal  1.000000e+00  0.000000e+00  0.000000e+00
   outer loop
     vertex  8.381250e+01  0.000000e+00  1.060000e+01
     vertex  8.381250e+01  0.000000e+00  6.200000e+00
     vertex  8.381250e+01  2.400000e+00  6.200000e+00
   endloop
 endfacet
 facet normal  1.000000e+00 -0.000000e+00  0.000000e+00
   outer loop
     vertex  8.381250e+01  0.000000e+00  1.060000e+01
     vertex  8.381250e+01  2.400000e+00  6.200000e+00
     vertex  8.381250e+01  2.400000e+00  1.060000e+01
   endloop
 endfacet
 facet normal  0.000000e+00  0.000000e+00  1.000000e+00
   outer loop
     vertex  8.381250e+01  2.400000e+00  1.060000e+01
     vertex  7.493000e+01  2.400000e+00  1.060000e+01
     vertex  7.493000e+01  0.000000e+00  1.060000e+01
   endloop
 endfacet
 facet normal  0.000000e+00  0.000000e+00  1.000000e+00
   outer loop
     vertex  8.381250e+01  2.400000e+00  1.060000e+01
     vertex  7.493000e+01  0.000000e+00  1.060000e+01
     vertex  8.381250e+01  0.000000e+00  1.060000e+01
   endloop
 endfacet
 facet normal -1.000000e+00  0.000000e+00  0.000000e+00
   outer loop
     vertex  7.493000e+01  0.000000e+00  1.060000e+01
     vertex  7.493000e+01  2.400000e+00  4.800000e+00
     vertex  7.493000e+01  0.000000e+00  4.800000e+00
   endloop
 endfacet
 facet normal -1.000000e+00  0.000000e+00  0.000000e+00
   outer loop
     vertex  7.493000e+01  0.000000e+00  1.060000e+01
     vertex  7.493000e+01  2.400000e+00  1.060000e+01
     vertex  7.493000e+01  2.400000e+00  4.800000e+00
   endloop
 endfacet
 facet normal  0.000000e+00  0.000000e+00  1.000000e+00
   outer loop
     vertex  6.097000e+01  2.400000e+00  4.800000e+00
     vertex  1.695000e+01  4.350000e+00  4.800000e+00
     vertex  1.695000e+01  2.400000e+00  4.800000e+00
   endloop
 endfacet
 facet normal  0.000000e+00  0.000000e+00  1.000000e+00
   outer loop
     vertex  7.493000e+01  2.400000e+00  4.800000e+00
     vertex  6.097000e+01  2.400000e+00  4.800000e+00
     vertex  6.097000e+01  0.000000e+00  4.800000e+00
   endloop
 endfacet
 facet normal  0.000000e+00  0.000000e+00  1.000000e+00
   outer loop
     vertex  7.493000e+01  2.400000e+00  4.800000e+00
     vertex  6.097000e+01  0.000000e+00  4.800000e+00
     vertex  7.493000e+01  0.000000e+00  4.800000e+00
   endloop
 endfacet
 facet normal  0.000000e+00  0.000000e+00  1.000000e+00
   outer loop
     vertex  1.344500e+02  4.350000e+00  4.800000e+00
     vertex  7.493000e+01  2.400000e+00  4.800000e+00
     vertex  1.344500e+02  2.400000e+00  4.800000e+00
   endloop
 endfacet
 facet normal  0.000000e+00  0.000000e+00  1.000000e+00
   outer loop
     vertex  1.344500e+02  4.350000e+00  4.800000e+00
     vertex  1.695000e+01  4.350000e+00  4.800000e+00
     vertex  6.097000e+01  2.400000e+00  4.800000e+00
   endloop
 endfacet
 facet normal  0.000000e+00  0.000000e+00  1.000000e+00
   outer loop
     vertex  1.344500e+02  4.350000e+00  4.800000e+00
     vertex  6.097000e+01  2.400000e+00  4.800000e+00
     vertex  7.493000e+01  2.400000e+00  4.800000e+00
   endloop
 endfacet
 facet normal  1.000000e+00  0.000000e+00  0.000000e+00
   outer loop
     vertex  6.097000e+01  0.000000e+00  1.060000e+01
     vertex  6.097000e+01  0.000000e+00  4.800000e+00
     vertex  6.097000e+01  2.400000e+00  4.800000e+00
   endloop
 endfacet
 facet normal  1.000000e+00 -0.000000e+00  0.000000e+00
   outer loop
     vertex  6.097000e+01  0.000000e+00  1.060000e+01
     vertex  6.097000e+01  2.400000e+00  4.800000e+00
     vertex  6.097000e+01  2.400000e+00  1.060000e+01
   endloop
 endfacet
 facet normal  0.000000e+00  0.000000e+00  1.000000e+00
   outer loop
     vertex  4.318759e-01  3.323427e-01  1.060000e+01
     vertex  3.562059e-01  4.059907e-01  1.060000e+01
     vertex  3.807612e-01  3.807612e-01  1.060000e+01
   endloop
 endfacet
 facet normal  0.000000e+00  0.000000e+00  1.000000e+00
   outer loop
     vertex  4.318759e-01  3.323427e-01  1.060000e+01
     vertex  3.807612e-01  3.807612e-01  1.060000e+01
     vertex  4.059907e-01  3.562059e-01  1.060000e+01
   endloop
 endfacet
 facet normal  0.000000e+00  0.000000e+00  1.000000e+00
   outer loop
     vertex  3.091893e-01  4.583978e-01  1.060000e+01
     vertex  3.323427e-01  4.318759e-01  1.060000e+01
     vertex  3.562059e-01  4.059907e-01  1.060000e+01
   endloop
 endfacet
 facet normal  0.000000e+00  0.000000e+00  1.000000e+00
   outer loop
     vertex  2.867626e-01  4.855370e-01  1.060000e+01
     vertex  3.562059e-01  4.059907e-01  1.060000e+01
     vertex  4.318759e-01  3.323427e-01  1.060000e+01
   endloop
 endfacet
 facet normal  0.000000e+00  0.000000e+00  1.000000e+00
   outer loop
     vertex  2.867626e-01  4.855370e-01  1.060000e+01
     vertex  3.091893e-01  4.583978e-01  1.060000e+01
     vertex  3.562059e-01  4.059907e-01  1.060000e+01
   endloop
 endfacet
 facet normal  0.000000e+00  0.000000e+00  1.000000e+00
   outer loop
     vertex  5.132735e-01  2.650790e-01  1.060000e+01
     vertex  4.318759e-01  3.323427e-01  1.060000e+01
     vertex  4.583978e-01  3.091893e-01  1.060000e+01
   endloop
 endfacet
 facet normal  0.000000e+00  0.000000e+00  1.000000e+00
   outer loop
     vertex  5.132735e-01  2.650790e-01  1.060000e+01
     vertex  4.583978e-01  3.091893e-01  1.060000e+01
     vertex  4.855370e-01  2.867626e-01  1.060000e+01
   endloop
 endfacet
 facet normal  0.000000e+00  0.000000e+00  1.000000e+00
   outer loop
     vertex  2.650790e-01  5.132735e-01  1.060000e+01
     vertex  2.867626e-01  4.855370e-01  1.060000e+01
     vertex  4.318759e-01  3.323427e-01  1.060000e+01
   endloop
 endfacet
 facet normal  0.000000e+00  0.000000e+00  1.000000e+00
   outer loop
     vertex  2.240043e-01  5.704568e-01  1.060000e+01
     vertex  2.441545e-01  5.415870e-01  1.060000e+01
     vertex  2.650790e-01  5.132735e-01  1.060000e+01
   endloop
 endfacet
 facet normal  0.000000e+00  0.000000e+00  1.000000e+00
   outer loop
     vertex  5.704568e-01  2.240043e-01  1.060000e+01
     vertex  5.132735e-01  2.650790e-01  1.060000e+01
     vertex  5.415870e-01  2.441545e-01  1.060000e+01
   endloop
 endfacet
 facet normal  0.000000e+00  0.000000e+00  1.000000e+00
   outer loop
     vertex  5.704568e-01  2.240043e-01  1.060000e+01
     vertex  4.318759e-01  3.323427e-01  1.060000e+01
     vertex  5.132735e-01  2.650790e-01  1.060000e+01
   endloop
 endfacet
 facet normal  0.000000e+00  0.000000e+00  1.000000e+00
   outer loop
     vertex  2.046433e-01  5.998616e-01  1.060000e+01
     vertex  2.240043e-01  5.704568e-01  1.060000e+01
     vertex  2.650790e-01  5.132735e-01  1.060000e+01
   endloop
 endfacet
 facet normal  0.000000e+00  0.000000e+00  1.000000e+00
   outer loop
     vertex  6.297800e-01  1.860857e-01  1.060000e+01
     vertex  5.704568e-01  2.240043e-01  1.060000e+01
     vertex  5.998616e-01  2.046433e-01  1.060000e+01
   endloop
 endfacet
 facet normal  0.000000e+00  0.000000e+00  1.000000e+00
   outer loop
     vertex  1.860857e-01  6.297800e-01  1.060000e+01
     vertex  2.046433e-01  5.998616e-01  1.060000e+01
     vertex  2.650790e-01  5.132735e-01  1.060000e+01
   endloop
 endfacet
 facet normal  0.000000e+00  0.000000e+00  1.000000e+00
   outer loop
     vertex  6.601899e-01  1.683450e-01  1.060000e+01
     vertex  5.704568e-01  2.240043e-01  1.060000e+01
     vertex  6.297800e-01  1.860857e-01  1.060000e+01
   endloop
 endfacet
 facet normal  0.000000e+00  0.000000e+00  1.000000e+00
   outer loop
     vertex  1.514343e-01  6.910690e-01  1.060000e+01
     vertex  1.683450e-01  6.601899e-01  1.060000e+01
     vertex  1.860857e-01  6.297800e-01  1.060000e+01
   endloop
 endfacet
 facet normal  0.000000e+00  0.000000e+00  1.000000e+00
   outer loop
     vertex  7.223948e-01  1.353661e-01  1.060000e+01
     vertex  6.601899e-01  1.683450e-01  1.060000e+01
     vertex  6.910690e-01  1.514343e-01  1.060000e+01
   endloop
 endfacet
 facet normal  0.000000e+00  0.000000e+00  1.000000e+00
   outer loop
     vertex  1.201520e-01  7.541442e-01  1.060000e+01
     vertex  1.353661e-01  7.223948e-01  1.060000e+01
     vertex  1.514343e-01  6.910690e-01  1.060000e+01
   endloop
 endfacet
 facet normal  0.000000e+00  0.000000e+00  1.000000e+00
   outer loop
     vertex  7.541442e-01  1.201520e-01  1.060000e+01
     vertex  5.704568e-01  2.240043e-01  1.060000e+01
     vertex  6.601899e-01  1.683450e-01  1.060000e+01
   endloop
 endfacet
 facet normal  0.000000e+00  0.000000e+00  1.000000e+00
   outer loop
     vertex  7.541442e-01  1.201520e-01  1.060000e+01
     vertex  6.601899e-01  1.683450e-01  1.060000e+01
     vertex  7.223948e-01  1.353661e-01  1.060000e+01
   endloop
 endfacet
 facet normal  0.000000e+00  0.000000e+00  1.000000e+00
   outer loop
     vertex  7.541442e-01  1.201520e-01  1.060000e+01
     vertex  4.318759e-01  3.323427e-01  1.060000e+01
     vertex  5.704568e-01  2.240043e-01  1.060000e+01
   endloop
 endfacet
 facet normal  0.000000e+00  0.000000e+00  1.000000e+00
   outer loop
     vertex  8.188204e-01  9.233026e-02  1.060000e+01
     vertex  7.541442e-01  1.201520e-01  1.060000e+01
     vertex  7.862939e-01  1.058032e-01  1.060000e+01
   endloop
 endfacet
 facet normal  0.000000e+00  0.000000e+00  1.000000e+00
   outer loop
     vertex  9.233026e-02  8.188204e-01  1.060000e+01
     vertex  1.058032e-01  7.862939e-01  1.060000e+01
     vertex  1.201520e-01  7.541442e-01  1.060000e+01
   endloop
 endfacet
 facet normal  0.000000e+00  0.000000e+00  1.000000e+00
   outer loop
     vertex  9.233026e-02  8.188204e-01  1.060000e+01
     vertex  1.201520e-01  7.541442e-01  1.060000e+01
     vertex  1.514343e-01  6.910690e-01  1.060000e+01
   endloop
 endfacet
 facet normal  0.000000e+00  0.000000e+00  1.000000e+00
   outer loop
     vertex  9.233026e-02  8.188204e-01  1.060000e+01
     vertex  1.514343e-01  6.910690e-01  1.060000e+01
     vertex  1.860857e-01  6.297800e-01  1.060000e+01
   endloop
 endfacet
 facet normal  0.000000e+00  0.000000e+00  1.000000e+00
   outer loop
     vertex  8.516998e-01  7.974309e-02  1.060000e+01
     vertex  7.541442e-01  1.201520e-01  1.060000e+01
     vertex  8.188204e-01  9.233026e-02  1.060000e+01
   endloop
 endfacet
 facet normal  0.000000e+00  0.000000e+00  1.000000e+00
   outer loop
     vertex  6.805088e-02  8.849080e-01  1.060000e+01
     vertex  7.974309e-02  8.516998e-01  1.060000e+01
     vertex  9.233026e-02  8.188204e-01  1.060000e+01
   endloop
 endfacet
 facet normal  0.000000e+00  0.000000e+00  1.000000e+00
   outer loop
     vertex  9.522132e-01  4.738501e-02  1.060000e+01
     vertex  8.849080e-01  6.805088e-02  1.060000e+01
     vertex  9.184207e-01  5.726221e-02  1.060000e+01
   endloop
 endfacet
 facet normal  0.000000e+00  0.000000e+00  1.000000e+00
   outer loop
     vertex  9.862607e-01  3.842651e-02  1.060000e+01
     vertex  8.849080e-01  6.805088e-02  1.060000e+01
     vertex  9.522132e-01  4.738501e-02  1.060000e+01
   endloop
 endfacet
 facet normal  0.000000e+00  0.000000e+00  1.000000e+00
   outer loop
     vertex  3.842651e-02  9.862607e-01  1.060000e+01
     vertex  4.738501e-02  9.522132e-01  1.060000e+01
     vertex  5.726221e-02  9.184207e-01  1.060000e+01
   endloop
 endfacet
 facet normal  0.000000e+00  0.000000e+00  1.000000e+00
   outer loop
     vertex  3.842651e-02  9.862607e-01  1.060000e+01
     vertex  5.726221e-02  9.184207e-01  1.060000e+01
     vertex  6.805088e-02  8.849080e-01  1.060000e+01
   endloop
 endfacet
 facet normal  0.000000e+00  0.000000e+00  1.000000e+00
   outer loop
     vertex  3.842651e-02  9.862607e-01  1.060000e+01
     vertex  6.805088e-02  8.849080e-01  1.060000e+01
     vertex  9.233026e-02  8.188204e-01  1.060000e+01
   endloop
 endfacet
 facet normal  0.000000e+00  0.000000e+00  1.000000e+00
   outer loop
     vertex  1.020538e+00  3.039328e-02  1.060000e+01
     vertex  8.849080e-01  6.805088e-02  1.060000e+01
     vertex  9.862607e-01  3.842651e-02  1.060000e+01
   endloop
 endfacet
 facet normal  0.000000e+00  0.000000e+00  1.000000e+00
   outer loop
     vertex  1.020538e+00  3.039328e-02  1.060000e+01
     vertex  8.516998e-01  7.974309e-02  1.060000e+01
     vertex  8.849080e-01  6.805088e-02  1.060000e+01
   endloop
 endfacet
 facet normal  0.000000e+00  0.000000e+00  1.000000e+00
   outer loop
     vertex  3.039328e-02  1.020538e+00  1.060000e+01
     vertex  3.842651e-02  9.862607e-01  1.060000e+01
     vertex  9.233026e-02  8.188204e-01  1.060000e+01
   endloop
 endfacet
 facet normal  0.000000e+00  0.000000e+00  1.000000e+00
   outer loop
     vertex  3.039328e-02  1.020538e+00  1.060000e+01
     vertex  4.318759e-01  3.323427e-01  1.060000e+01
     vertex  7.541442e-01  1.201520e-01  1.060000e+01
   endloop
 endfacet
 facet normal  0.000000e+00  0.000000e+00  1.000000e+00
   outer loop
     vertex  3.039328e-02  1.020538e+00  1.060000e+01
     vertex  9.233026e-02  8.188204e-01  1.060000e+01
     vertex  1.860857e-01  6.297800e-01  1.060000e+01
   endloop
 endfacet
 facet normal  0.000000e+00  0.000000e+00  1.000000e+00
   outer loop
     vertex  3.039328e-02  1.020538e+00  1.060000e+01
     vertex  2.650790e-01  5.132735e-01  1.060000e+01
     vertex  4.318759e-01  3.323427e-01  1.060000e+01
   endloop
 endfacet
 facet normal  0.000000e+00  0.000000e+00  1.000000e+00
   outer loop
     vertex  3.039328e-02  1.020538e+00  1.060000e+01
     vertex  1.860857e-01  6.297800e-01  1.060000e+01
     vertex  2.650790e-01  5.132735e-01  1.060000e+01
   endloop
 endfacet
 facet normal  0.000000e+00  0.000000e+00  1.000000e+00
   outer loop
     vertex  1.124500e+00  1.190072e-02  1.060000e+01
     vertex  8.516998e-01  7.974309e-02  1.060000e+01
     vertex  1.020538e+00  3.039328e-02  1.060000e+01
   endloop
 endfacet
 facet normal  0.000000e+00  0.000000e+00  1.000000e+00
   outer loop
     vertex  1.124500e+00  1.190072e-02  1.060000e+01
     vertex  7.541442e-01  1.201520e-01  1.060000e+01
     vertex  8.516998e-01  7.974309e-02  1.060000e+01
   endloop
 endfacet
 facet normal  0.000000e+00  0.000000e+00  1.000000e+00
   outer loop
     vertex  1.124500e+00  1.190072e-02  1.060000e+01
     vertex  3.039328e-02  1.020538e+00  1.060000e+01
     vertex  7.541442e-01  1.201520e-01  1.060000e+01
   endloop
 endfacet
 facet normal  0.000000e+00  0.000000e+00  1.000000e+00
   outer loop
     vertex  1.124500e+00  1.190072e-02  1.060000e+01
     vertex  1.020538e+00  3.039328e-02  1.060000e+01
     vertex  1.055021e+00  2.329121e-02  1.060000e+01
   endloop
 endfacet
 facet normal  0.000000e+00  0.000000e+00  1.000000e+00
   outer loop
     vertex  1.124500e+00  1.190072e-02  1.060000e+01
     vertex  1.055021e+00  2.329121e-02  1.060000e+01
     vertex  1.089683e+00  1.712552e-02  1.060000e+01
   endloop
 endfacet
 facet normal  0.000000e+00  0.000000e+00  1.000000e+00
   outer loop
     vertex  7.620656e-03  1.159445e+00  1.060000e+01
     vertex  1.190072e-02  1.124500e+00  1.060000e+01
     vertex  1.712552e-02  1.089683e+00  1.060000e+01
   endloop
 endfacet
 facet normal  0.000000e+00  0.000000e+00  1.000000e+00
   outer loop
     vertex  7.620656e-03  1.159445e+00  1.060000e+01
     vertex  1.712552e-02  1.089683e+00  1.060000e+01
     vertex  2.329121e-02  1.055021e+00  1.060000e+01
   endloop
 endfacet
 facet normal  0.000000e+00  0.000000e+00  1.000000e+00
   outer loop
     vertex  1.229619e+00  1.906562e-03  1.060000e+01
     vertex  1.159445e+00  7.620656e-03  1.060000e+01
     vertex  1.194494e+00  4.288454e-03  1.060000e+01
   endloop
 endfacet
 facet normal  0.000000e+00  0.000000e+00  1.000000e+00
   outer loop
     vertex  1.906562e-03  1.229619e+00  1.060000e+01
     vertex  4.288454e-03  1.194494e+00  1.060000e+01
     vertex  7.620656e-03  1.159445e+00  1.060000e+01
   endloop
 endfacet
 facet normal  0.000000e+00  0.000000e+00  1.000000e+00
   outer loop
     vertex  1.906562e-03  1.229619e+00  1.060000e+01
     vertex  2.329121e-02  1.055021e+00  1.060000e+01
     vertex  3.039328e-02  1.020538e+00  1.060000e+01
   endloop
 endfacet
 facet normal  0.000000e+00  0.000000e+00  1.000000e+00
   outer loop
     vertex  1.906562e-03  1.229619e+00  1.060000e+01
     vertex  7.620656e-03  1.159445e+00  1.060000e+01
     vertex  2.329121e-02  1.055021e+00  1.060000e+01
   endloop
 endfacet
 facet normal  0.000000e+00  0.000000e+00  1.000000e+00
   outer loop
     vertex  1.264797e+00  4.767279e-04  1.060000e+01
     vertex  1.124500e+00  1.190072e-02  1.060000e+01
     vertex  1.159445e+00  7.620656e-03  1.060000e+01
   endloop
 endfacet
 facet normal  0.000000e+00  0.000000e+00  1.000000e+00
   outer loop
     vertex  1.264797e+00  4.767279e-04  1.060000e+01
     vertex  1.159445e+00  7.620656e-03  1.060000e+01
     vertex  1.229619e+00  1.906562e-03  1.060000e+01
   endloop
 endfacet
 facet normal  0.000000e+00  0.000000e+00  1.000000e+00
   outer loop
     vertex  1.300000e+00  0.000000e+00  1.060000e+01
     vertex  3.039328e-02  1.020538e+00  1.060000e+01
     vertex  1.124500e+00  1.190072e-02  1.060000e+01
   endloop
 endfacet
 facet normal  0.000000e+00  0.000000e+00  1.000000e+00
   outer loop
     vertex  1.300000e+00  0.000000e+00  1.060000e+01
     vertex  1.124500e+00  1.190072e-02  1.060000e+01
     vertex  1.264797e+00  4.767279e-04  1.060000e+01
   endloop
 endfacet
 facet normal  0.000000e+00  0.000000e+00  1.000000e+00
   outer loop
     vertex  0.000000e+00  1.300000e+00  1.060000e+01
     vertex  4.767279e-04  1.264797e+00  1.060000e+01
     vertex  1.906562e-03  1.229619e+00  1.060000e+01
   endloop
 endfacet
 facet normal  0.000000e+00  0.000000e+00  1.000000e+00
   outer loop
     vertex  0.000000e+00  1.300000e+00  1.060000e+01
     vertex  1.906562e-03  1.229619e+00  1.060000e+01
     vertex  3.039328e-02  1.020538e+00  1.060000e+01
   endloop
 endfacet
 facet normal  0.000000e+00  0.000000e+00  1.000000e+00
   outer loop
     vertex  0.000000e+00  1.300000e+00  1.060000e+01
     vertex  3.039328e-02  1.020538e+00  1.060000e+01
     vertex  1.300000e+00  0.000000e+00  1.060000e+01
   endloop
 endfacet
 facet normal  0.000000e+00  0.000000e+00  1.000000e+00
   outer loop
     vertex  2.400000e+00  2.400000e+00  1.060000e+01
     vertex  0.000000e+00  1.300000e+00  1.060000e+01
     vertex  1.300000e+00  0.000000e+00  1.060000e+01
   endloop
 endfacet
 facet normal  0.000000e+00  0.000000e+00  1.000000e+00
   outer loop
     vertex  0.000000e+00  1.861434e+01  1.060000e+01
     vertex  0.000000e+00  1.300000e+00  1.060000e+01
     vertex  2.400000e+00  2.400000e+00  1.060000e+01
   endloop
 endfacet
 facet normal  0.000000e+00  0.000000e+00  1.000000e+00
   outer loop
     vertex  2.400000e+00  1.861434e+01  1.060000e+01
     vertex  0.000000e+00  1.861434e+01  1.060000e+01
     vertex  2.400000e+00  2.400000e+00  1.060000e+01
   endloop
 endfacet
 facet normal  0.000000e+00  0.000000e+00  1.000000e+00
   outer loop
     vertex  6.097000e+01  0.000000e+00  1.060000e+01
     vertex  2.400000e+00  2.400000e+00  1.060000e+01
     vertex  1.300000e+00  0.000000e+00  1.060000e+01
   endloop
 endfacet
 facet normal  0.000000e+00  0.000000e+00  1.000000e+00
   outer loop
     vertex  6.097000e+01  2.400000e+00  1.060000e+01
     vertex  2.400000e+00  2.400000e+00  1.060000e+01
     vertex  6.097000e+01  0.000000e+00  1.060000e+01
   endloop
 endfacet
 facet normal -9.999083e-01 -1.354093e-02  0.000000e+00
   outer loop
     vertex  4.767279e-04  1.264797e+00  0.000000e+00
     vertex  0.000000e+00  1.300000e+00  1.060000e+01
     vertex  0.000000e+00  1.300000e+00  0.000000e+00
   endloop
 endfacet
 facet normal -9.999083e-01 -1.354093e-02  0.000000e+00
   outer loop
     vertex  4.767279e-04  1.264797e+00  0.000000e+00
     vertex  4.767279e-04  1.264797e+00  1.060000e+01
     vertex  0.000000e+00  1.300000e+00  1.060000e+01
   endloop
 endfacet
 facet normal -9.991750e-01 -4.061287e-02  0.000000e+00
   outer loop
     vertex  1.906562e-03  1.229619e+00  0.000000e+00
     vertex  1.906562e-03  1.229619e+00  1.060000e+01
     vertex  4.767279e-04  1.264797e+00  1.060000e+01
   endloop
 endfacet
 facet normal -9.977088e-01 -6.765502e-02  0.000000e+00
   outer loop
     vertex  1.906562e-03  1.229619e+00  0.000000e+00
     vertex  4.288454e-03  1.194494e+00  1.060000e+01
     vertex  1.906562e-03  1.229619e+00  1.060000e+01
   endloop
 endfacet
 facet normal -9.991750e-01 -4.061287e-02  0.000000e+00
   outer loop
     vertex  1.906562e-03  1.229619e+00  0.000000e+00
     vertex  4.767279e-04  1.264797e+00  1.060000e+01
     vertex  4.767279e-04  1.264797e+00  0.000000e+00
   endloop
 endfacet
 facet normal -9.977088e-01 -6.765502e-02  0.000000e+00
   outer loop
     vertex  4.288454e-03  1.194494e+00  0.000000e+00
     vertex  4.288454e-03  1.194494e+00  1.060000e+01
     vertex  1.906562e-03  1.229619e+00  0.000000e+00
   endloop
 endfacet
 facet normal -9.955108e-01 -9.464755e-02  0.000000e+00
   outer loop
     vertex  7.620656e-03  1.159445e+00  0.000000e+00
     vertex  7.620656e-03  1.159445e+00  1.060000e+01
     vertex  4.288454e-03  1.194494e+00  1.060000e+01
   endloop
 endfacet
 facet normal -9.955108e-01 -9.464755e-02  0.000000e+00
   outer loop
     vertex  7.620656e-03  1.159445e+00  0.000000e+00
     vertex  4.288454e-03  1.194494e+00  1.060000e+01
     vertex  4.288454e-03  1.194494e+00  0.000000e+00
   endloop
 endfacet
 facet normal -9.925828e-01 -1.215707e-01  0.000000e+00
   outer loop
     vertex  1.190072e-02  1.124500e+00  0.000000e+00
     vertex  1.190072e-02  1.124500e+00  1.060000e+01
     vertex  7.620656e-03  1.159445e+00  1.060000e+01
   endloop
 endfacet
 facet normal -9.889267e-01 -1.484046e-01  0.000000e+00
   outer loop
     vertex  1.190072e-02  1.124500e+00  0.000000e+00
     vertex  1.712552e-02  1.089683e+00  1.060000e+01
     vertex  1.190072e-02  1.124500e+00  1.060000e+01
   endloop
 endfacet
 facet normal -9.925828e-01 -1.215707e-01  0.000000e+00
   outer loop
     vertex  1.190072e-02  1.124500e+00  0.000000e+00
     vertex  7.620656e-03  1.159445e+00  1.060000e+01
     vertex  7.620656e-03  1.159445e+00  0.000000e+00
   endloop
 endfacet
 facet normal -9.889267e-01 -1.484046e-01  0.000000e+00
   outer loop
     vertex  1.712552e-02  1.089683e+00  0.000000e+00
     vertex  1.712552e-02  1.089683e+00  1.060000e+01
     vertex  1.190072e-02  1.124500e+00  0.000000e+00
   endloop
 endfacet
 facet normal -9.845454e-01 -1.751297e-01  0.000000e+00
   outer loop
     vertex  2.329121e-02  1.055021e+00  0.000000e+00
     vertex  2.329121e-02  1.055021e+00  1.060000e+01
     vertex  1.712552e-02  1.089683e+00  1.060000e+01
   endloop
 endfacet
 facet normal -9.845454e-01 -1.751297e-01  0.000000e+00
   outer loop
     vertex  2.329121e-02  1.055021e+00  0.000000e+00
     vertex  1.712552e-02  1.089683e+00  1.060000e+01
     vertex  1.712552e-02  1.089683e+00  0.000000e+00
   endloop
 endfacet
 facet normal -9.794419e-01 -2.017264e-01  0.000000e+00
   outer loop
     vertex  3.039328e-02  1.020538e+00  0.000000e+00
     vertex  3.039328e-02  1.020538e+00  1.060000e+01
     vertex  2.329121e-02  1.055021e+00  1.060000e+01
   endloop
 endfacet
 facet normal -9.736201e-01 -2.281751e-01  0.000000e+00
   outer loop
     vertex  3.039328e-02  1.020538e+00  0.000000e+00
     vertex  3.842651e-02  9.862607e-01  1.060000e+01
     vertex  3.039328e-02  1.020538e+00  1.060000e+01
   endloop
 endfacet
 facet normal -9.794419e-01 -2.017264e-01  0.000000e+00
   outer loop
     vertex  3.039328e-02  1.020538e+00  0.000000e+00
     vertex  2.329121e-02  1.055021e+00  1.060000e+01
     vertex  2.329121e-02  1.055021e+00  0.000000e+00
   endloop
 endfacet
 facet normal -9.736201e-01 -2.281751e-01  0.000000e+00
   outer loop
     vertex  3.842651e-02  9.862607e-01  0.000000e+00
     vertex  3.842651e-02  9.862607e-01  1.060000e+01
     vertex  3.039328e-02  1.020538e+00  0.000000e+00
   endloop
 endfacet
 facet normal -9.670842e-01 -2.544564e-01  0.000000e+00
   outer loop
     vertex  4.738501e-02  9.522132e-01  0.000000e+00
     vertex  4.738501e-02  9.522132e-01  1.060000e+01
     vertex  3.842651e-02  9.862607e-01  1.060000e+01
   endloop
 endfacet
 facet normal -9.670842e-01 -2.544564e-01  0.000000e+00
   outer loop
     vertex  4.738501e-02  9.522132e-01  0.000000e+00
     vertex  3.842651e-02  9.862607e-01  1.060000e+01
     vertex  3.842651e-02  9.862607e-01  0.000000e+00
   endloop
 endfacet
 facet normal -9.598391e-01 -2.805512e-01  0.000000e+00
   outer loop
     vertex  5.726221e-02  9.184207e-01  0.000000e+00
     vertex  5.726221e-02  9.184207e-01  1.060000e+01
     vertex  4.738501e-02  9.522132e-01  1.060000e+01
   endloop
 endfacet
 facet normal -9.598391e-01 -2.805512e-01  0.000000e+00
   outer loop
     vertex  5.726221e-02  9.184207e-01  0.000000e+00
     vertex  4.738501e-02  9.522132e-01  1.060000e+01
     vertex  4.738501e-02  9.522132e-01  0.000000e+00
   endloop
 endfacet
 facet normal -9.518899e-01 -3.064401e-01  0.000000e+00
   outer loop
     vertex  6.805088e-02  8.849080e-01  0.000000e+00
     vertex  6.805088e-02  8.849080e-01  1.060000e+01
     vertex  5.726221e-02  9.184207e-01  1.060000e+01
   endloop
 endfacet
 facet normal -9.518899e-01 -3.064401e-01  0.000000e+00
   outer loop
     vertex  6.805088e-02  8.849080e-01  0.000000e+00
     vertex  5.726221e-02  9.184207e-01  1.060000e+01
     vertex  5.726221e-02  9.184207e-01  0.000000e+00
   endloop
 endfacet
 facet normal -9.432426e-01 -3.321044e-01  0.000000e+00
   outer loop
     vertex  7.974309e-02  8.516998e-01  0.000000e+00
     vertex  7.974309e-02  8.516998e-01  1.060000e+01
     vertex  6.805088e-02  8.849080e-01  1.060000e+01
   endloop
 endfacet
 facet normal -9.432426e-01 -3.321044e-01  0.000000e+00
   outer loop
     vertex  7.974309e-02  8.516998e-01  0.000000e+00
     vertex  6.805088e-02  8.849080e-01  1.060000e+01
     vertex  6.805088e-02  8.849080e-01  0.000000e+00
   endloop
 endfacet
 facet normal -9.339036e-01 -3.575250e-01  0.000000e+00
   outer loop
     vertex  9.233026e-02  8.188204e-01  0.000000e+00
     vertex  9.233026e-02  8.188204e-01  1.060000e+01
     vertex  7.974309e-02  8.516998e-01  1.060000e+01
   endloop
 endfacet
 facet normal -9.339036e-01 -3.575250e-01  0.000000e+00
   outer loop
     vertex  9.233026e-02  8.188204e-01  0.000000e+00
     vertex  7.974309e-02  8.516998e-01  1.060000e+01
     vertex  7.974309e-02  8.516998e-01  0.000000e+00
   endloop
 endfacet
 facet normal -9.238795e-01 -3.826834e-01  0.000000e+00
   outer loop
     vertex  1.058032e-01  7.862939e-01  0.000000e+00
     vertex  1.058032e-01  7.862939e-01  1.060000e+01
     vertex  9.233026e-02  8.188204e-01  1.060000e+01
   endloop
 endfacet
 facet normal -9.238795e-01 -3.826834e-01  0.000000e+00
   outer loop
     vertex  1.058032e-01  7.862939e-01  0.000000e+00
     vertex  9.233026e-02  8.188204e-01  1.060000e+01
     vertex  9.233026e-02  8.188204e-01  0.000000e+00
   endloop
 endfacet
 facet normal -9.131779e-01 -4.075612e-01  0.000000e+00
   outer loop
     vertex  1.201520e-01  7.541442e-01  0.000000e+00
     vertex  1.201520e-01  7.541442e-01  1.060000e+01
     vertex  1.058032e-01  7.862939e-01  1.060000e+01
   endloop
 endfacet
 facet normal -9.131779e-01 -4.075612e-01  0.000000e+00
   outer loop
     vertex  1.201520e-01  7.541442e-01  0.000000e+00
     vertex  1.058032e-01  7.862939e-01  1.060000e+01
     vertex  1.058032e-01  7.862939e-01  0.000000e+00
   endloop
 endfacet
 facet normal -9.018065e-01 -4.321400e-01  0.000000e+00
   outer loop
     vertex  1.353661e-01  7.223948e-01  0.000000e+00
     vertex  1.353661e-01  7.223948e-01  1.060000e+01
     vertex  1.201520e-01  7.541442e-01  1.060000e+01
   endloop
 endfacet
 facet normal -8.897737e-01 -4.564019e-01  0.000000e+00
   outer loop
     vertex  1.353661e-01  7.223948e-01  0.000000e+00
     vertex  1.514343e-01  6.910690e-01  1.060000e+01
     vertex  1.353661e-01  7.223948e-01  1.060000e+01
   endloop
 endfacet
 facet normal -9.018065e-01 -4.321400e-01  0.000000e+00
   outer loop
     vertex  1.353661e-01  7.223948e-01  0.000000e+00
     vertex  1.201520e-01  7.541442e-01  1.060000e+01
     vertex  1.201520e-01  7.541442e-01  0.000000e+00
   endloop
 endfacet
 facet normal -8.897737e-01 -4.564019e-01  0.000000e+00
   outer loop
     vertex  1.514343e-01  6.910690e-01  0.000000e+00
     vertex  1.514343e-01  6.910690e-01  1.060000e+01
     vertex  1.353661e-01  7.223948e-01  0.000000e+00
   endloop
 endfacet
 facet normal -8.770884e-01 -4.803291e-01  0.000000e+00
   outer loop
     vertex  1.683450e-01  6.601899e-01  0.000000e+00
     vertex  1.683450e-01  6.601899e-01  1.060000e+01
     vertex  1.514343e-01  6.910690e-01  1.060000e+01
   endloop
 endfacet
 facet normal -8.770884e-01 -4.803291e-01  0.000000e+00
   outer loop
     vertex  1.683450e-01  6.601899e-01  0.000000e+00
     vertex  1.514343e-01  6.910690e-01  1.060000e+01
     vertex  1.514343e-01  6.910690e-01  0.000000e+00
   endloop
 endfacet
 facet normal -8.637597e-01 -5.039039e-01  0.000000e+00
   outer loop
     vertex  1.860857e-01  6.297800e-01  0.000000e+00
     vertex  1.860857e-01  6.297800e-01  1.060000e+01
     vertex  1.683450e-01  6.601899e-01  1.060000e+01
   endloop
 endfacet
 facet normal -8.497975e-01 -5.271092e-01  0.000000e+00
   outer loop
     vertex  1.860857e-01  6.297800e-01  0.000000e+00
     vertex  2.046433e-01  5.998616e-01  1.060000e+01
     vertex  1.860857e-01  6.297800e-01  1.060000e+01
   endloop
 endfacet
 facet normal -8.637597e-01 -5.039039e-01  0.000000e+00
   outer loop
     vertex  1.860857e-01  6.297800e-01  0.000000e+00
     vertex  1.683450e-01  6.601899e-01  1.060000e+01
     vertex  1.683450e-01  6.601899e-01  0.000000e+00
   endloop
 endfacet
 facet normal -8.497975e-01 -5.271092e-01  0.000000e+00
   outer loop
     vertex  2.046433e-01  5.998616e-01  0.000000e+00
     vertex  2.046433e-01  5.998616e-01  1.060000e+01
     vertex  1.860857e-01  6.297800e-01  0.000000e+00
   endloop
 endfacet
 facet normal -8.352121e-01 -5.499279e-01  0.000000e+00
   outer loop
     vertex  2.240043e-01  5.704568e-01  0.000000e+00
     vertex  2.046433e-01  5.998616e-01  1.060000e+01
     vertex  2.046433e-01  5.998616e-01  0.000000e+00
   endloop
 endfacet
 facet normal -8.352121e-01 -5.499279e-01  0.000000e+00
   outer loop
     vertex  2.240043e-01  5.704568e-01  0.000000e+00
     vertex  2.240043e-01  5.704568e-01  1.060000e+01
     vertex  2.046433e-01  5.998616e-01  1.060000e+01
   endloop
 endfacet
 facet normal -8.200141e-01 -5.723433e-01  0.000000e+00
   outer loop
     vertex  2.441545e-01  5.415870e-01  0.000000e+00
     vertex  2.240043e-01  5.704568e-01  1.060000e+01
     vertex  2.240043e-01  5.704568e-01  0.000000e+00
   endloop
 endfacet
 facet normal -8.200141e-01 -5.723433e-01  0.000000e+00
   outer loop
     vertex  2.441545e-01  5.415870e-01  0.000000e+00
     vertex  2.441545e-01  5.415870e-01  1.060000e+01
     vertex  2.240043e-01  5.704568e-01  1.060000e+01
   endloop
 endfacet
 facet normal -8.042147e-01 -5.943389e-01  0.000000e+00
   outer loop
     vertex  2.441545e-01  5.415870e-01  0.000000e+00
     vertex  2.650790e-01  5.132735e-01  1.060000e+01
     vertex  2.441545e-01  5.415870e-01  1.060000e+01
   endloop
 endfacet
 facet normal -8.042147e-01 -5.943389e-01  0.000000e+00
   outer loop
     vertex  2.650790e-01  5.132735e-01  0.000000e+00
     vertex  2.650790e-01  5.132735e-01  1.060000e+01
     vertex  2.441545e-01  5.415870e-01  0.000000e+00
   endloop
 endfacet
 facet normal -7.878255e-01 -6.158986e-01  0.000000e+00
   outer loop
     vertex  2.650790e-01  5.132735e-01  0.000000e+00
     vertex  2.867626e-01  4.855370e-01  1.060000e+01
     vertex  2.650790e-01  5.132735e-01  1.060000e+01
   endloop
 endfacet
 facet normal -7.878255e-01 -6.158986e-01  0.000000e+00
   outer loop
     vertex  2.867626e-01  4.855370e-01  0.000000e+00
     vertex  2.867626e-01  4.855370e-01  1.060000e+01
     vertex  2.650790e-01  5.132735e-01  0.000000e+00
   endloop
 endfacet
 facet normal -7.708584e-01 -6.370065e-01  0.000000e+00
   outer loop
     vertex  3.091893e-01  4.583978e-01  0.000000e+00
     vertex  3.091893e-01  4.583978e-01  1.060000e+01
     vertex  2.867626e-01  4.855370e-01  1.060000e+01
   endloop
 endfacet
 facet normal -7.708584e-01 -6.370065e-01  0.000000e+00
   outer loop
     vertex  3.091893e-01  4.583978e-01  0.000000e+00
     vertex  2.867626e-01  4.855370e-01  1.060000e+01
     vertex  2.867626e-01  4.855370e-01  0.000000e+00
   endloop
 endfacet
 facet normal -7.533260e-01 -6.576473e-01  0.000000e+00
   outer loop
     vertex  3.323427e-01  4.318759e-01  0.000000e+00
     vertex  3.323427e-01  4.318759e-01  1.060000e+01
     vertex  3.091893e-01  4.583978e-01  1.060000e+01
   endloop
 endfacet
 facet normal -7.533260e-01 -6.576473e-01  0.000000e+00
   outer loop
     vertex  3.323427e-01  4.318759e-01  0.000000e+00
     vertex  3.091893e-01  4.583978e-01  1.060000e+01
     vertex  3.091893e-01  4.583978e-01  0.000000e+00
   endloop
 endfacet
 facet normal -7.352410e-01 -6.778058e-01  0.000000e+00
   outer loop
     vertex  3.562059e-01  4.059907e-01  0.000000e+00
     vertex  3.562059e-01  4.059907e-01  1.060000e+01
     vertex  3.323427e-01  4.318759e-01  1.060000e+01
   endloop
 endfacet
 facet normal -7.352410e-01 -6.778058e-01  0.000000e+00
   outer loop
     vertex  3.562059e-01  4.059907e-01  0.000000e+00
     vertex  3.323427e-01  4.318759e-01  1.060000e+01
     vertex  3.323427e-01  4.318759e-01  0.000000e+00
   endloop
 endfacet
 facet normal -7.166168e-01 -6.974671e-01  0.000000e+00
   outer loop
     vertex  3.807612e-01  3.807612e-01  0.000000e+00
     vertex  3.807612e-01  3.807612e-01  1.060000e+01
     vertex  3.562059e-01  4.059907e-01  1.060000e+01
   endloop
 endfacet
 facet normal -7.166168e-01 -6.974671e-01  0.000000e+00
   outer loop
     vertex  3.807612e-01  3.807612e-01  0.000000e+00
     vertex  3.562059e-01  4.059907e-01  1.060000e+01
     vertex  3.562059e-01  4.059907e-01  0.000000e+00
   endloop
 endfacet
 facet normal -6.974671e-01 -7.166168e-01  0.000000e+00
   outer loop
     vertex  4.059907e-01  3.562059e-01  0.000000e+00
     vertex  4.059907e-01  3.562059e-01  1.060000e+01
     vertex  3.807612e-01  3.807612e-01  1.060000e+01
   endloop
 endfacet
 facet normal -6.974671e-01 -7.166168e-01  0.000000e+00
   outer loop
     vertex  4.059907e-01  3.562059e-01  0.000000e+00
     vertex  3.807612e-01  3.807612e-01  1.060000e+01
     vertex  3.807612e-01  3.807612e-01  0.000000e+00
   endloop
 endfacet
 facet normal -6.778058e-01 -7.352410e-01  0.000000e+00
   outer loop
     vertex  4.318759e-01  3.323427e-01  0.000000e+00
     vertex  4.318759e-01  3.323427e-01  1.060000e+01
     vertex  4.059907e-01  3.562059e-01  1.060000e+01
   endloop
 endfacet
 facet normal -6.778058e-01 -7.352410e-01  0.000000e+00
   outer loop
     vertex  4.318759e-01  3.323427e-01  0.000000e+00
     vertex  4.059907e-01  3.562059e-01  1.060000e+01
     vertex  4.059907e-01  3.562059e-01  0.000000e+00
   endloop
 endfacet
 facet normal -6.576473e-01 -7.533260e-01  0.000000e+00
   outer loop
     vertex  4.583978e-01  3.091893e-01  0.000000e+00
     vertex  4.583978e-01  3.091893e-01  1.060000e+01
     vertex  4.318759e-01  3.323427e-01  1.060000e+01
   endloop
 endfacet
 facet normal -6.576473e-01 -7.533260e-01  0.000000e+00
   outer loop
     vertex  4.583978e-01  3.091893e-01  0.000000e+00
     vertex  4.318759e-01  3.323427e-01  1.060000e+01
     vertex  4.318759e-01  3.323427e-01  0.000000e+00
   endloop
 endfacet
 facet normal -6.370065e-01 -7.708584e-01  0.000000e+00
   outer loop
     vertex  4.855370e-01  2.867626e-01  0.000000e+00
     vertex  4.855370e-01  2.867626e-01  1.060000e+01
     vertex  4.583978e-01  3.091893e-01  1.060000e+01
   endloop
 endfacet
 facet normal -6.370065e-01 -7.708584e-01  0.000000e+00
   outer loop
     vertex  4.855370e-01  2.867626e-01  0.000000e+00
     vertex  4.583978e-01  3.091893e-01  1.060000e+01
     vertex  4.583978e-01  3.091893e-01  0.000000e+00
   endloop
 endfacet
 facet normal -6.158986e-01 -7.878255e-01  0.000000e+00
   outer loop
     vertex  5.132735e-01  2.650790e-01  0.000000e+00
     vertex  5.132735e-01  2.650790e-01  1.060000e+01
     vertex  4.855370e-01  2.867626e-01  1.060000e+01
   endloop
 endfacet
 facet normal -6.158986e-01 -7.878255e-01  0.000000e+00
   outer loop
     vertex  5.132735e-01  2.650790e-01  0.000000e+00
     vertex  4.855370e-01  2.867626e-01  1.060000e+01
     vertex  4.855370e-01  2.867626e-01  0.000000e+00
   endloop
 endfacet
 facet normal -5.943389e-01 -8.042147e-01  0.000000e+00
   outer loop
     vertex  5.415870e-01  2.441545e-01  0.000000e+00
     vertex  5.415870e-01  2.441545e-01  1.060000e+01
     vertex  5.132735e-01  2.650790e-01  1.060000e+01
   endloop
 endfacet
 facet normal -5.943389e-01 -8.042147e-01  0.000000e+00
   outer loop
     vertex  5.415870e-01  2.441545e-01  0.000000e+00
     vertex  5.132735e-01  2.650790e-01  1.060000e+01
     vertex  5.132735e-01  2.650790e-01  0.000000e+00
   endloop
 endfacet
 facet normal -5.723433e-01 -8.200141e-01  0.000000e+00
   outer loop
     vertex  5.704568e-01  2.240043e-01  0.000000e+00
     vertex  5.704568e-01  2.240043e-01  1.060000e+01
     vertex  5.415870e-01  2.441545e-01  1.060000e+01
   endloop
 endfacet
 facet normal -5.723433e-01 -8.200141e-01  0.000000e+00
   outer loop
     vertex  5.704568e-01  2.240043e-01  0.000000e+00
     vertex  5.415870e-01  2.441545e-01  1.060000e+01
     vertex  5.415870e-01  2.441545e-01  0.000000e+00
   endloop
 endfacet
 facet normal -5.499279e-01 -8.352121e-01  0.000000e+00
   outer loop
     vertex  5.998616e-01  2.046433e-01  0.000000e+00
     vertex  5.998616e-01  2.046433e-01  1.060000e+01
     vertex  5.704568e-01  2.240043e-01  1.060000e+01
   endloop
 endfacet
 facet normal -5.499279e-01 -8.352121e-01  0.000000e+00
   outer loop
     vertex  5.998616e-01  2.046433e-01  0.000000e+00
     vertex  5.704568e-01  2.240043e-01  1.060000e+01
     vertex  5.704568e-01  2.240043e-01  0.000000e+00
   endloop
 endfacet
 facet normal -5.271092e-01 -8.497975e-01  0.000000e+00
   outer loop
     vertex  6.297800e-01  1.860857e-01  0.000000e+00
     vertex  6.297800e-01  1.860857e-01  1.060000e+01
     vertex  5.998616e-01  2.046433e-01  1.060000e+01
   endloop
 endfacet
 facet normal -5.271092e-01 -8.497975e-01  0.000000e+00
   outer loop
     vertex  6.297800e-01  1.860857e-01  0.000000e+00
     vertex  5.998616e-01  2.046433e-01  1.060000e+01
     vertex  5.998616e-01  2.046433e-01  0.000000e+00
   endloop
 endfacet
 facet normal -5.039039e-01 -8.637597e-01  0.000000e+00
   outer loop
     vertex  6.601899e-01  1.683450e-01  0.000000e+00
     vertex  6.601899e-01  1.683450e-01  1.060000e+01
     vertex  6.297800e-01  1.860857e-01  1.060000e+01
   endloop
 endfacet
 facet normal -5.039039e-01 -8.637597e-01  0.000000e+00
   outer loop
     vertex  6.601899e-01  1.683450e-01  0.000000e+00
     vertex  6.297800e-01  1.860857e-01  1.060000e+01
     vertex  6.297800e-01  1.860857e-01  0.000000e+00
   endloop
 endfacet
 facet normal -4.803291e-01 -8.770884e-01  0.000000e+00
   outer loop
     vertex  6.910690e-01  1.514343e-01  0.000000e+00
     vertex  6.910690e-01  1.514343e-01  1.060000e+01
     vertex  6.601899e-01  1.683450e-01  1.060000e+01
   endloop
 endfacet
 facet normal -4.564019e-01 -8.897737e-01  0.000000e+00
   outer loop
     vertex  6.910690e-01  1.514343e-01  0.000000e+00
     vertex  7.223948e-01  1.353661e-01  1.060000e+01
     vertex  6.910690e-01  1.514343e-01  1.060000e+01
   endloop
 endfacet
 facet normal -4.803291e-01 -8.770884e-01  0.000000e+00
   outer loop
     vertex  6.910690e-01  1.514343e-01  0.000000e+00
     vertex  6.601899e-01  1.683450e-01  1.060000e+01
     vertex  6.601899e-01  1.683450e-01  0.000000e+00
   endloop
 endfacet
 facet normal -4.564019e-01 -8.897737e-01  0.000000e+00
   outer loop
     vertex  7.223948e-01  1.353661e-01  0.000000e+00
     vertex  7.223948e-01  1.353661e-01  1.060000e+01
     vertex  6.910690e-01  1.514343e-01  0.000000e+00
   endloop
 endfacet
 facet normal -4.321400e-01 -9.018065e-01  0.000000e+00
   outer loop
     vertex  7.223948e-01  1.353661e-01  0.000000e+00
     vertex  7.541442e-01  1.201520e-01  1.060000e+01
     vertex  7.223948e-01  1.353661e-01  1.060000e+01
   endloop
 endfacet
 facet normal -4.321400e-01 -9.018065e-01  0.000000e+00
   outer loop
     vertex  7.541442e-01  1.201520e-01  0.000000e+00
     vertex  7.541442e-01  1.201520e-01  1.060000e+01
     vertex  7.223948e-01  1.353661e-01  0.000000e+00
   endloop
 endfacet
 facet normal -4.075612e-01 -9.131779e-01  0.000000e+00
   outer loop
     vertex  7.862939e-01  1.058032e-01  0.000000e+00
     vertex  7.862939e-01  1.058032e-01  1.060000e+01
     vertex  7.541442e-01  1.201520e-01  1.060000e+01
   endloop
 endfacet
 facet normal -4.075612e-01 -9.131779e-01  0.000000e+00
   outer loop
     vertex  7.862939e-01  1.058032e-01  0.000000e+00
     vertex  7.541442e-01  1.201520e-01  1.060000e+01
     vertex  7.541442e-01  1.201520e-01  0.000000e+00
   endloop
 endfacet
 facet normal -3.826834e-01 -9.238795e-01  0.000000e+00
   outer loop
     vertex  8.188204e-01  9.233026e-02  0.000000e+00
     vertex  8.188204e-01  9.233026e-02  1.060000e+01
     vertex  7.862939e-01  1.058032e-01  1.060000e+01
   endloop
 endfacet
 facet normal -3.826834e-01 -9.238795e-01  0.000000e+00
   outer loop
     vertex  8.188204e-01  9.233026e-02  0.000000e+00
     vertex  7.862939e-01  1.058032e-01  1.060000e+01
     vertex  7.862939e-01  1.058032e-01  0.000000e+00
   endloop
 endfacet
 facet normal -3.575250e-01 -9.339036e-01  0.000000e+00
   outer loop
     vertex  8.516998e-01  7.974309e-02  0.000000e+00
     vertex  8.516998e-01  7.974309e-02  1.060000e+01
     vertex  8.188204e-01  9.233026e-02  1.060000e+01
   endloop
 endfacet
 facet normal -3.575250e-01 -9.339036e-01  0.000000e+00
   outer loop
     vertex  8.516998e-01  7.974309e-02  0.000000e+00
     vertex  8.188204e-01  9.233026e-02  1.060000e+01
     vertex  8.188204e-01  9.233026e-02  0.000000e+00
   endloop
 endfacet
 facet normal -3.321044e-01 -9.432426e-01  0.000000e+00
   outer loop
     vertex  8.849080e-01  6.805088e-02  0.000000e+00
     vertex  8.516998e-01  7.974309e-02  1.060000e+01
     vertex  8.516998e-01  7.974309e-02  0.000000e+00
   endloop
 endfacet
 facet normal -3.321044e-01 -9.432426e-01  0.000000e+00
   outer loop
     vertex  8.849080e-01  6.805088e-02  0.000000e+00
     vertex  8.849080e-01  6.805088e-02  1.060000e+01
     vertex  8.516998e-01  7.974309e-02  1.060000e+01
   endloop
 endfacet
 facet normal -3.064401e-01 -9.518899e-01  0.000000e+00
   outer loop
     vertex  9.184207e-01  5.726221e-02  0.000000e+00
     vertex  8.849080e-01  6.805088e-02  1.060000e+01
     vertex  8.849080e-01  6.805088e-02  0.000000e+00
   endloop
 endfacet
 facet normal -3.064401e-01 -9.518899e-01  0.000000e+00
   outer loop
     vertex  9.184207e-01  5.726221e-02  0.000000e+00
     vertex  9.184207e-01  5.726221e-02  1.060000e+01
     vertex  8.849080e-01  6.805088e-02  1.060000e+01
   endloop
 endfacet
 facet normal -2.805512e-01 -9.598391e-01  0.000000e+00
   outer loop
     vertex  9.184207e-01  5.726221e-02  0.000000e+00
     vertex  9.522132e-01  4.738501e-02  1.060000e+01
     vertex  9.184207e-01  5.726221e-02  1.060000e+01
   endloop
 endfacet
 facet normal -2.805512e-01 -9.598391e-01  0.000000e+00
   outer loop
     vertex  9.522132e-01  4.738501e-02  0.000000e+00
     vertex  9.522132e-01  4.738501e-02  1.060000e+01
     vertex  9.184207e-01  5.726221e-02  0.000000e+00
   endloop
 endfacet
 facet normal -2.544564e-01 -9.670842e-01  0.000000e+00
   outer loop
     vertex  9.522132e-01  4.738501e-02  0.000000e+00
     vertex  9.862607e-01  3.842651e-02  1.060000e+01
     vertex  9.522132e-01  4.738501e-02  1.060000e+01
   endloop
 endfacet
 facet normal -2.544564e-01 -9.670842e-01  0.000000e+00
   outer loop
     vertex  9.862607e-01  3.842651e-02  0.000000e+00
     vertex  9.862607e-01  3.842651e-02  1.060000e+01
     vertex  9.522132e-01  4.738501e-02  0.000000e+00
   endloop
 endfacet
 facet normal -2.281751e-01 -9.736201e-01  0.000000e+00
   outer loop
     vertex  1.020538e+00  3.039328e-02  0.000000e+00
     vertex  9.862607e-01  3.842651e-02  1.060000e+01
     vertex  9.862607e-01  3.842651e-02  0.000000e+00
   endloop
 endfacet
 facet normal -2.281751e-01 -9.736201e-01  0.000000e+00
   outer loop
     vertex  1.020538e+00  3.039328e-02  0.000000e+00
     vertex  1.020538e+00  3.039328e-02  1.060000e+01
     vertex  9.862607e-01  3.842651e-02  1.060000e+01
   endloop
 endfacet
 facet normal -2.017264e-01 -9.794419e-01  0.000000e+00
   outer loop
     vertex  1.055021e+00  2.329121e-02  0.000000e+00
     vertex  1.020538e+00  3.039328e-02  1.060000e+01
     vertex  1.020538e+00  3.039328e-02  0.000000e+00
   endloop
 endfacet
 facet normal -2.017264e-01 -9.794419e-01  0.000000e+00
   outer loop
     vertex  1.055021e+00  2.329121e-02  0.000000e+00
     vertex  1.055021e+00  2.329121e-02  1.060000e+01
     vertex  1.020538e+00  3.039328e-02  1.060000e+01
   endloop
 endfacet
 facet normal -1.751297e-01 -9.845454e-01  0.000000e+00
   outer loop
     vertex  1.055021e+00  2.329121e-02  0.000000e+00
     vertex  1.089683e+00  1.712552e-02  1.060000e+01
     vertex  1.055021e+00  2.329121e-02  1.060000e+01
   endloop
 endfacet
 facet normal -1.751297e-01 -9.845454e-01  0.000000e+00
   outer loop
     vertex  1.089683e+00  1.712552e-02  0.000000e+00
     vertex  1.089683e+00  1.712552e-02  1.060000e+01
     vertex  1.055021e+00  2.329121e-02  0.000000e+00
   endloop
 endfacet
 facet normal -1.484046e-01 -9.889267e-01  0.000000e+00
   outer loop
     vertex  1.124500e+00  1.190072e-02  0.000000e+00
     vertex  1.089683e+00  1.712552e-02  1.060000e+01
     vertex  1.089683e+00  1.712552e-02  0.000000e+00
   endloop
 endfacet
 facet normal -1.484046e-01 -9.889267e-01  0.000000e+00
   outer loop
     vertex  1.124500e+00  1.190072e-02  0.000000e+00
     vertex  1.124500e+00  1.190072e-02  1.060000e+01
     vertex  1.089683e+00  1.712552e-02  1.060000e+01
   endloop
 endfacet
 facet normal -1.215707e-01 -9.925828e-01  0.000000e+00
   outer loop
     vertex  1.124500e+00  1.190072e-02  0.000000e+00
     vertex  1.159445e+00  7.620656e-03  1.060000e+01
     vertex  1.124500e+00  1.190072e-02  1.060000e+01
   endloop
 endfacet
 facet normal -1.215707e-01 -9.925828e-01  0.000000e+00
   outer loop
     vertex  1.159445e+00  7.620656e-03  0.000000e+00
     vertex  1.159445e+00  7.620656e-03  1.060000e+01
     vertex  1.124500e+00  1.190072e-02  0.000000e+00
   endloop
 endfacet
 facet normal -9.464755e-02 -9.955108e-01  0.000000e+00
   outer loop
     vertex  1.194494e+00  4.288454e-03  0.000000e+00
     vertex  1.159445e+00  7.620656e-03  1.060000e+01
     vertex  1.159445e+00  7.620656e-03  0.000000e+00
   endloop
 endfacet
 facet normal -9.464755e-02 -9.955108e-01  0.000000e+00
   outer loop
     vertex  1.194494e+00  4.288454e-03  0.000000e+00
     vertex  1.194494e+00  4.288454e-03  1.060000e+01
     vertex  1.159445e+00  7.620656e-03  1.060000e+01
   endloop
 endfacet
 facet normal -6.765502e-02 -9.977088e-01  0.000000e+00
   outer loop
     vertex  1.194494e+00  4.288454e-03  0.000000e+00
     vertex  1.229619e+00  1.906562e-03  1.060000e+01
     vertex  1.194494e+00  4.288454e-03  1.060000e+01
   endloop
 endfacet
 facet normal -6.765502e-02 -9.977088e-01  0.000000e+00
   outer loop
     vertex  1.229619e+00  1.906562e-03  0.000000e+00
     vertex  1.229619e+00  1.906562e-03  1.060000e+01
     vertex  1.194494e+00  4.288454e-03  0.000000e+00
   endloop
 endfacet
 facet normal -4.061287e-02 -9.991750e-01  0.000000e+00
   outer loop
     vertex  1.264797e+00  4.767279e-04  0.000000e+00
     vertex  1.229619e+00  1.906562e-03  1.060000e+01
     vertex  1.229619e+00  1.906562e-03  0.000000e+00
   endloop
 endfacet
 facet normal -4.061287e-02 -9.991750e-01  0.000000e+00
   outer loop
     vertex  1.264797e+00  4.767279e-04  0.000000e+00
     vertex  1.264797e+00  4.767279e-04  1.060000e+01
     vertex  1.229619e+00  1.906562e-03  1.060000e+01
   endloop
 endfacet
 facet normal -1.354093e-02 -9.999083e-01  0.000000e+00
   outer loop
     vertex  1.300000e+00  0.000000e+00  0.000000e+00
     vertex  1.264797e+00  4.767279e-04  1.060000e+01
     vertex  1.264797e+00  4.767279e-04  0.000000e+00
   endloop
 endfacet
 facet normal -1.354093e-02 -9.999083e-01  0.000000e+00
   outer loop
     vertex  1.300000e+00  0.000000e+00  0.000000e+00
     vertex  1.300000e+00  0.000000e+00  1.060000e+01
     vertex  1.264797e+00  4.767279e-04  1.060000e+01
   endloop
 endfacet
 facet normal -1.000000e+00  6.311928e-17  0.000000e+00
   outer loop
     vertex  0.000000e+00  3.588934e+01  2.200000e+00
     vertex  7.771561e-16  4.820184e+01  1.060000e+01
     vertex  7.771561e-16  4.820184e+01  0.000000e+00
   endloop
 endfacet
 facet normal -1.000000e+00  6.311928e-17  0.000000e+00
   outer loop
     vertex  0.000000e+00  3.588934e+01  2.200000e+00
     vertex  0.000000e+00  3.588934e+01  1.060000e+01
     vertex  7.771561e-16  4.820184e+01  1.060000e+01
   endloop
 endfacet
 facet normal -1.000000e+00  0.000000e+00  0.000000e+00
   outer loop
     vertex  0.000000e+00  1.300000e+00  1.060000e+01
     vertex  0.000000e+00  1.861434e+01  1.060000e+01
     vertex  0.000000e+00  1.861434e+01  2.200000e+00
   endloop
 endfacet
 facet normal -1.000000e+00  0.000000e+00  0.000000e+00
   outer loop
     vertex  0.000000e+00  1.300000e+00  0.000000e+00
     vertex  0.000000e+00  1.300000e+00  1.060000e+01
     vertex  0.000000e+00  1.861434e+01  2.200000e+00
   endloop
 endfacet
 facet normal -1.000000e+00  1.656984e-17 -2.605181e-16
   outer loop
     vertex  0.000000e+00  1.300000e+00  0.000000e+00
     vertex  0.000000e+00  3.588934e+01  2.200000e+00
     vertex  7.771561e-16  4.820184e+01  0.000000e+00
   endloop
 endfacet
 facet normal -1.000000e+00  0.000000e+00  0.000000e+00
   outer loop
     vertex  0.000000e+00  1.300000e+00  0.000000e+00
     vertex  0.000000e+00  1.861434e+01  2.200000e+00
     vertex  0.000000e+00  3.588934e+01  2.200000e+00
   endloop
 endfacet
 facet normal  1.000000e+00  0.000000e+00  0.000000e+00
   outer loop
     vertex  1.514000e+02  4.291839e+00  2.200000e+00
     vertex  1.514000e+02  1.300000e+00  1.060000e+01
     vertex  1.514000e+02  1.300000e+00  0.000000e+00
   endloop
 endfacet
 facet normal  1.000000e+00  0.000000e+00 -0.000000e+00
   outer loop
     vertex  1.514000e+02  4.291839e+00  2.200000e+00
     vertex  1.514000e+02  4.291839e+00  1.060000e+01
     vertex  1.514000e+02  1.300000e+00  1.060000e+01
   endloop
 endfacet
 facet normal  1.000000e+00  0.000000e+00  0.000000e+00
   outer loop
     vertex  1.514000e+02  2.527184e+01  2.200000e+00
     vertex  1.514000e+02  4.291839e+00  2.200000e+00
     vertex  1.514000e+02  1.300000e+00  0.000000e+00
   endloop
 endfacet
 facet normal  1.000000e+00  0.000000e+00  0.000000e+00
   outer loop
     vertex  1.514000e+02  3.172684e+01  2.200000e+00
     vertex  1.514000e+02  2.527184e+01  1.060000e+01
     vertex  1.514000e+02  2.527184e+01  2.200000e+00
   endloop
 endfacet
 facet normal  1.000000e+00  0.000000e+00 -0.000000e+00
   outer loop
     vertex  1.514000e+02  3.172684e+01  2.200000e+00
     vertex  1.514000e+02  3.172684e+01  1.060000e+01
     vertex  1.514000e+02  2.527184e+01  1.060000e+01
   endloop
 endfacet
 facet normal  1.000000e+00  0.000000e+00  0.000000e+00
   outer loop
     vertex  1.514000e+02  4.490184e+01  2.200000e+00
     vertex  1.514000e+02  4.820184e+01  1.060000e+01
     vertex  1.514000e+02  4.490184e+01  1.060000e+01
   endloop
 endfacet
 facet normal  1.000000e+00  0.000000e+00  0.000000e+00
   outer loop
     vertex  1.514000e+02  4.820184e+01  0.000000e+00
     vertex  1.514000e+02  4.490184e+01  2.200000e+00
     vertex  1.514000e+02  3.172684e+01  2.200000e+00
   endloop
 endfacet
 facet normal  1.000000e+00  0.000000e+00 -0.000000e+00
   outer loop
     vertex  1.514000e+02  4.820184e+01  0.000000e+00
     vertex  1.514000e+02  4.820184e+01  1.060000e+01
     vertex  1.514000e+02  4.490184e+01  2.200000e+00
   endloop
 endfacet
 facet normal  1.000000e+00  0.000000e+00  0.000000e+00
   outer loop
     vertex  1.514000e+02  4.820184e+01  0.000000e+00
     vertex  1.514000e+02  2.527184e+01  2.200000e+00
     vertex  1.514000e+02  1.300000e+00  0.000000e+00
   endloop
 endfacet
 facet normal  1.000000e+00  0.000000e+00  0.000000e+00
   outer loop
     vertex  1.514000e+02  4.820184e+01  0.000000e+00
     vertex  1.514000e+02  3.172684e+01  2.200000e+00
     vertex  1.514000e+02  2.527184e+01  2.200000e+00
   endloop
 endfacet
 facet normal -1.354093e-02  9.999083e-01  0.000000e+00
   outer loop
     vertex  1.264797e+00  4.950136e+01  0.000000e+00
     vertex  1.300000e+00  4.950184e+01  1.060000e+01
     vertex  1.300000e+00  4.950184e+01  0.000000e+00
   endloop
 endfacet
 facet normal -1.354093e-02  9.999083e-01  0.000000e+00
   outer loop
     vertex  1.264797e+00  4.950136e+01  0.000000e+00
     vertex  1.264797e+00  4.950136e+01  1.060000e+01
     vertex  1.300000e+00  4.950184e+01  1.060000e+01
   endloop
 endfacet
 facet normal -4.061287e-02  9.991750e-01  0.000000e+00
   outer loop
     vertex  1.229619e+00  4.949993e+01  0.000000e+00
     vertex  1.229619e+00  4.949993e+01  1.060000e+01
     vertex  1.264797e+00  4.950136e+01  1.060000e+01
   endloop
 endfacet
 facet normal -4.061287e-02  9.991750e-01  0.000000e+00
   outer loop
     vertex  1.229619e+00  4.949993e+01  0.000000e+00
     vertex  1.264797e+00  4.950136e+01  1.060000e+01
     vertex  1.264797e+00  4.950136e+01  0.000000e+00
   endloop
 endfacet
 facet normal -6.765502e-02  9.977088e-01  0.000000e+00
   outer loop
     vertex  1.194494e+00  4.949755e+01  0.000000e+00
     vertex  1.194494e+00  4.949755e+01  1.060000e+01
     vertex  1.229619e+00  4.949993e+01  1.060000e+01
   endloop
 endfacet
 facet normal -6.765502e-02  9.977088e-01  0.000000e+00
   outer loop
     vertex  1.194494e+00  4.949755e+01  0.000000e+00
     vertex  1.229619e+00  4.949993e+01  1.060000e+01
     vertex  1.229619e+00  4.949993e+01  0.000000e+00
   endloop
 endfacet
 facet normal -9.464755e-02  9.955108e-01  0.000000e+00
   outer loop
     vertex  1.159445e+00  4.949422e+01  0.000000e+00
     vertex  1.159445e+00  4.949422e+01  1.060000e+01
     vertex  1.194494e+00  4.949755e+01  1.060000e+01
   endloop
 endfacet
 facet normal -1.215707e-01  9.925828e-01  0.000000e+00
   outer loop
     vertex  1.159445e+00  4.949422e+01  0.000000e+00
     vertex  1.124500e+00  4.948994e+01  1.060000e+01
     vertex  1.159445e+00  4.949422e+01  1.060000e+01
   endloop
 endfacet
 facet normal -9.464755e-02  9.955108e-01  0.000000e+00
   outer loop
     vertex  1.159445e+00  4.949422e+01  0.000000e+00
     vertex  1.194494e+00  4.949755e+01  1.060000e+01
     vertex  1.194494e+00  4.949755e+01  0.000000e+00
   endloop
 endfacet
 facet normal -1.215707e-01  9.925828e-01  0.000000e+00
   outer loop
     vertex  1.124500e+00  4.948994e+01  0.000000e+00
     vertex  1.124500e+00  4.948994e+01  1.060000e+01
     vertex  1.159445e+00  4.949422e+01  0.000000e+00
   endloop
 endfacet
 facet normal -1.484046e-01  9.889267e-01  0.000000e+00
   outer loop
     vertex  1.089683e+00  4.948471e+01  0.000000e+00
     vertex  1.089683e+00  4.948471e+01  1.060000e+01
     vertex  1.124500e+00  4.948994e+01  1.060000e+01
   endloop
 endfacet
 facet normal -1.751297e-01  9.845454e-01  0.000000e+00
   outer loop
     vertex  1.089683e+00  4.948471e+01  0.000000e+00
     vertex  1.055021e+00  4.947855e+01  1.060000e+01
     vertex  1.089683e+00  4.948471e+01  1.060000e+01
   endloop
 endfacet
 facet normal -1.484046e-01  9.889267e-01  0.000000e+00
   outer loop
     vertex  1.089683e+00  4.948471e+01  0.000000e+00
     vertex  1.124500e+00  4.948994e+01  1.060000e+01
     vertex  1.124500e+00  4.948994e+01  0.000000e+00
   endloop
 endfacet
 facet normal -1.751297e-01  9.845454e-01  0.000000e+00
   outer loop
     vertex  1.055021e+00  4.947855e+01  0.000000e+00
     vertex  1.055021e+00  4.947855e+01  1.060000e+01
     vertex  1.089683e+00  4.948471e+01  0.000000e+00
   endloop
 endfacet
 facet normal -2.017264e-01  9.794419e-01  0.000000e+00
   outer loop
     vertex  1.020538e+00  4.947145e+01  0.000000e+00
     vertex  1.020538e+00  4.947145e+01  1.060000e+01
     vertex  1.055021e+00  4.947855e+01  1.060000e+01
   endloop
 endfacet
 facet normal -2.017264e-01  9.794419e-01  0.000000e+00
   outer loop
     vertex  1.020538e+00  4.947145e+01  0.000000e+00
     vertex  1.055021e+00  4.947855e+01  1.060000e+01
     vertex  1.055021e+00  4.947855e+01  0.000000e+00
   endloop
 endfacet
 facet normal -2.281751e-01  9.736201e-01  0.000000e+00
   outer loop
     vertex  9.862607e-01  4.946341e+01  0.000000e+00
     vertex  9.862607e-01  4.946341e+01  1.060000e+01
     vertex  1.020538e+00  4.947145e+01  1.060000e+01
   endloop
 endfacet
 facet normal -2.281751e-01  9.736201e-01  0.000000e+00
   outer loop
     vertex  9.862607e-01  4.946341e+01  0.000000e+00
     vertex  1.020538e+00  4.947145e+01  1.060000e+01
     vertex  1.020538e+00  4.947145e+01  0.000000e+00
   endloop
 endfacet
 facet normal -2.544564e-01  9.670842e-01  0.000000e+00
   outer loop
     vertex  9.522132e-01  4.945445e+01  0.000000e+00
     vertex  9.522132e-01  4.945445e+01  1.060000e+01
     vertex  9.862607e-01  4.946341e+01  1.060000e+01
   endloop
 endfacet
 facet normal -2.544564e-01  9.670842e-01  0.000000e+00
   outer loop
     vertex  9.522132e-01  4.945445e+01  0.000000e+00
     vertex  9.862607e-01  4.946341e+01  1.060000e+01
     vertex  9.862607e-01  4.946341e+01  0.000000e+00
   endloop
 endfacet
 facet normal -2.805512e-01  9.598391e-01  0.000000e+00
   outer loop
     vertex  9.184207e-01  4.944458e+01  0.000000e+00
     vertex  9.184207e-01  4.944458e+01  1.060000e+01
     vertex  9.522132e-01  4.945445e+01  1.060000e+01
   endloop
 endfacet
 facet normal -2.805512e-01  9.598391e-01  0.000000e+00
   outer loop
     vertex  9.184207e-01  4.944458e+01  0.000000e+00
     vertex  9.522132e-01  4.945445e+01  1.060000e+01
     vertex  9.522132e-01  4.945445e+01  0.000000e+00
   endloop
 endfacet
 facet normal -3.064401e-01  9.518899e-01  0.000000e+00
   outer loop
     vertex  8.849080e-01  4.943379e+01  0.000000e+00
     vertex  8.849080e-01  4.943379e+01  1.060000e+01
     vertex  9.184207e-01  4.944458e+01  1.060000e+01
   endloop
 endfacet
 facet normal -3.064401e-01  9.518899e-01  0.000000e+00
   outer loop
     vertex  8.849080e-01  4.943379e+01  0.000000e+00
     vertex  9.184207e-01  4.944458e+01  1.060000e+01
     vertex  9.184207e-01  4.944458e+01  0.000000e+00
   endloop
 endfacet
 facet normal -3.321044e-01  9.432426e-01  0.000000e+00
   outer loop
     vertex  8.516998e-01  4.942210e+01  0.000000e+00
     vertex  8.516998e-01  4.942210e+01  1.060000e+01
     vertex  8.849080e-01  4.943379e+01  1.060000e+01
   endloop
 endfacet
 facet normal -3.321044e-01  9.432426e-01  0.000000e+00
   outer loop
     vertex  8.516998e-01  4.942210e+01  0.000000e+00
     vertex  8.849080e-01  4.943379e+01  1.060000e+01
     vertex  8.849080e-01  4.943379e+01  0.000000e+00
   endloop
 endfacet
 facet normal -3.575250e-01  9.339036e-01  0.000000e+00
   outer loop
     vertex  8.188204e-01  4.940951e+01  0.000000e+00
     vertex  8.188204e-01  4.940951e+01  1.060000e+01
     vertex  8.516998e-01  4.942210e+01  1.060000e+01
   endloop
 endfacet
 facet normal -3.575250e-01  9.339036e-01  0.000000e+00
   outer loop
     vertex  8.188204e-01  4.940951e+01  0.000000e+00
     vertex  8.516998e-01  4.942210e+01  1.060000e+01
     vertex  8.516998e-01  4.942210e+01  0.000000e+00
   endloop
 endfacet
 facet normal -3.826834e-01  9.238795e-01  0.000000e+00
   outer loop
     vertex  7.862939e-01  4.939604e+01  0.000000e+00
     vertex  7.862939e-01  4.939604e+01  1.060000e+01
     vertex  8.188204e-01  4.940951e+01  1.060000e+01
   endloop
 endfacet
 facet normal -3.826834e-01  9.238795e-01  0.000000e+00
   outer loop
     vertex  7.862939e-01  4.939604e+01  0.000000e+00
     vertex  8.188204e-01  4.940951e+01  1.060000e+01
     vertex  8.188204e-01  4.940951e+01  0.000000e+00
   endloop
 endfacet
 facet normal -4.075612e-01  9.131779e-01  0.000000e+00
   outer loop
     vertex  7.541442e-01  4.938169e+01  0.000000e+00
     vertex  7.541442e-01  4.938169e+01  1.060000e+01
     vertex  7.862939e-01  4.939604e+01  1.060000e+01
   endloop
 endfacet
 facet normal -4.321400e-01  9.018065e-01  0.000000e+00
   outer loop
     vertex  7.541442e-01  4.938169e+01  0.000000e+00
     vertex  7.223948e-01  4.936647e+01  1.060000e+01
     vertex  7.541442e-01  4.938169e+01  1.060000e+01
   endloop
 endfacet
 facet normal -4.075612e-01  9.131779e-01  0.000000e+00
   outer loop
     vertex  7.541442e-01  4.938169e+01  0.000000e+00
     vertex  7.862939e-01  4.939604e+01  1.060000e+01
     vertex  7.862939e-01  4.939604e+01  0.000000e+00
   endloop
 endfacet
 facet normal -4.564019e-01  8.897737e-01  0.000000e+00
   outer loop
     vertex  7.223948e-01  4.936647e+01  0.000000e+00
     vertex  6.910690e-01  4.935041e+01  1.060000e+01
     vertex  7.223948e-01  4.936647e+01  1.060000e+01
   endloop
 endfacet
 facet normal -4.321400e-01  9.018065e-01  0.000000e+00
   outer loop
     vertex  7.223948e-01  4.936647e+01  0.000000e+00
     vertex  7.223948e-01  4.936647e+01  1.060000e+01
     vertex  7.541442e-01  4.938169e+01  0.000000e+00
   endloop
 endfacet
 facet normal -4.564019e-01  8.897737e-01  0.000000e+00
   outer loop
     vertex  6.910690e-01  4.935041e+01  0.000000e+00
     vertex  6.910690e-01  4.935041e+01  1.060000e+01
     vertex  7.223948e-01  4.936647e+01  0.000000e+00
   endloop
 endfacet
 facet normal -4.803291e-01  8.770884e-01  0.000000e+00
   outer loop
     vertex  6.601899e-01  4.933349e+01  0.000000e+00
     vertex  6.601899e-01  4.933349e+01  1.060000e+01
     vertex  6.910690e-01  4.935041e+01  1.060000e+01
   endloop
 endfacet
 facet normal -4.803291e-01  8.770884e-01  0.000000e+00
   outer loop
     vertex  6.601899e-01  4.933349e+01  0.000000e+00
     vertex  6.910690e-01  4.935041e+01  1.060000e+01
     vertex  6.910690e-01  4.935041e+01  0.000000e+00
   endloop
 endfacet
 facet normal -5.039039e-01  8.637597e-01  0.000000e+00
   outer loop
     vertex  6.297800e-01  4.931575e+01  0.000000e+00
     vertex  6.297800e-01  4.931575e+01  1.060000e+01
     vertex  6.601899e-01  4.933349e+01  1.060000e+01
   endloop
 endfacet
 facet normal -5.039039e-01  8.637597e-01  0.000000e+00
   outer loop
     vertex  6.297800e-01  4.931575e+01  0.000000e+00
     vertex  6.601899e-01  4.933349e+01  1.060000e+01
     vertex  6.601899e-01  4.933349e+01  0.000000e+00
   endloop
 endfacet
 facet normal -5.271092e-01  8.497975e-01  0.000000e+00
   outer loop
     vertex  5.998616e-01  4.929720e+01  0.000000e+00
     vertex  6.297800e-01  4.931575e+01  1.060000e+01
     vertex  6.297800e-01  4.931575e+01  0.000000e+00
   endloop
 endfacet
 facet normal -5.271092e-01  8.497975e-01  0.000000e+00
   outer loop
     vertex  5.998616e-01  4.929720e+01  0.000000e+00
     vertex  5.998616e-01  4.929720e+01  1.060000e+01
     vertex  6.297800e-01  4.931575e+01  1.060000e+01
   endloop
 endfacet
 facet normal -5.499279e-01  8.352121e-01  0.000000e+00
   outer loop
     vertex  5.704568e-01  4.927784e+01  0.000000e+00
     vertex  5.998616e-01  4.929720e+01  1.060000e+01
     vertex  5.998616e-01  4.929720e+01  0.000000e+00
   endloop
 endfacet
 facet normal -5.499279e-01  8.352121e-01  0.000000e+00
   outer loop
     vertex  5.704568e-01  4.927784e+01  0.000000e+00
     vertex  5.704568e-01  4.927784e+01  1.060000e+01
     vertex  5.998616e-01  4.929720e+01  1.060000e+01
   endloop
 endfacet
 facet normal -5.723433e-01  8.200141e-01  0.000000e+00
   outer loop
     vertex  5.704568e-01  4.927784e+01  0.000000e+00
     vertex  5.415870e-01  4.925769e+01  1.060000e+01
     vertex  5.704568e-01  4.927784e+01  1.060000e+01
   endloop
 endfacet
 facet normal -5.723433e-01  8.200141e-01  0.000000e+00
   outer loop
     vertex  5.415870e-01  4.925769e+01  0.000000e+00
     vertex  5.415870e-01  4.925769e+01  1.060000e+01
     vertex  5.704568e-01  4.927784e+01  0.000000e+00
   endloop
 endfacet
 facet normal -5.943389e-01  8.042147e-01  0.000000e+00
   outer loop
     vertex  5.415870e-01  4.925769e+01  0.000000e+00
     vertex  5.132735e-01  4.923676e+01  1.060000e+01
     vertex  5.415870e-01  4.925769e+01  1.060000e+01
   endloop
 endfacet
 facet normal -5.943389e-01  8.042147e-01  0.000000e+00
   outer loop
     vertex  5.132735e-01  4.923676e+01  0.000000e+00
     vertex  5.132735e-01  4.923676e+01  1.060000e+01
     vertex  5.415870e-01  4.925769e+01  0.000000e+00
   endloop
 endfacet
 facet normal -6.158986e-01  7.878255e-01  0.000000e+00
   outer loop
     vertex  4.855370e-01  4.921508e+01  0.000000e+00
     vertex  5.132735e-01  4.923676e+01  1.060000e+01
     vertex  5.132735e-01  4.923676e+01  0.000000e+00
   endloop
 endfacet
 facet normal -6.158986e-01  7.878255e-01  0.000000e+00
   outer loop
     vertex  4.855370e-01  4.921508e+01  0.000000e+00
     vertex  4.855370e-01  4.921508e+01  1.060000e+01
     vertex  5.132735e-01  4.923676e+01  1.060000e+01
   endloop
 endfacet
 facet normal -6.370065e-01  7.708584e-01  0.000000e+00
   outer loop
     vertex  4.583978e-01  4.919265e+01  0.000000e+00
     vertex  4.583978e-01  4.919265e+01  1.060000e+01
     vertex  4.855370e-01  4.921508e+01  1.060000e+01
   endloop
 endfacet
 facet normal -6.370065e-01  7.708584e-01  0.000000e+00
   outer loop
     vertex  4.583978e-01  4.919265e+01  0.000000e+00
     vertex  4.855370e-01  4.921508e+01  1.060000e+01
     vertex  4.855370e-01  4.921508e+01  0.000000e+00
   endloop
 endfacet
 facet normal -6.576473e-01  7.533260e-01  0.000000e+00
   outer loop
     vertex  4.318759e-01  4.916950e+01  0.000000e+00
     vertex  4.318759e-01  4.916950e+01  1.060000e+01
     vertex  4.583978e-01  4.919265e+01  1.060000e+01
   endloop
 endfacet
 facet normal -6.778058e-01  7.352410e-01  0.000000e+00
   outer loop
     vertex  4.318759e-01  4.916950e+01  0.000000e+00
     vertex  4.059907e-01  4.914563e+01  1.060000e+01
     vertex  4.318759e-01  4.916950e+01  1.060000e+01
   endloop
 endfacet
 facet normal -6.576473e-01  7.533260e-01  0.000000e+00
   outer loop
     vertex  4.318759e-01  4.916950e+01  0.000000e+00
     vertex  4.583978e-01  4.919265e+01  1.060000e+01
     vertex  4.583978e-01  4.919265e+01  0.000000e+00
   endloop
 endfacet
 facet normal -6.778058e-01  7.352410e-01  0.000000e+00
   outer loop
     vertex  4.059907e-01  4.914563e+01  0.000000e+00
     vertex  4.059907e-01  4.914563e+01  1.060000e+01
     vertex  4.318759e-01  4.916950e+01  0.000000e+00
   endloop
 endfacet
 facet normal -6.974671e-01  7.166168e-01  0.000000e+00
   outer loop
     vertex  3.807612e-01  4.912108e+01  0.000000e+00
     vertex  3.807612e-01  4.912108e+01  1.060000e+01
     vertex  4.059907e-01  4.914563e+01  1.060000e+01
   endloop
 endfacet
 facet normal -6.974671e-01  7.166168e-01  0.000000e+00
   outer loop
     vertex  3.807612e-01  4.912108e+01  0.000000e+00
     vertex  4.059907e-01  4.914563e+01  1.060000e+01
     vertex  4.059907e-01  4.914563e+01  0.000000e+00
   endloop
 endfacet
 facet normal -7.166168e-01  6.974671e-01  0.000000e+00
   outer loop
     vertex  3.562059e-01  4.909585e+01  0.000000e+00
     vertex  3.562059e-01  4.909585e+01  1.060000e+01
     vertex  3.807612e-01  4.912108e+01  1.060000e+01
   endloop
 endfacet
 facet normal -7.166168e-01  6.974671e-01  0.000000e+00
   outer loop
     vertex  3.562059e-01  4.909585e+01  0.000000e+00
     vertex  3.807612e-01  4.912108e+01  1.060000e+01
     vertex  3.807612e-01  4.912108e+01  0.000000e+00
   endloop
 endfacet
 facet normal -7.352410e-01  6.778058e-01  0.000000e+00
   outer loop
     vertex  3.323427e-01  4.906996e+01  0.000000e+00
     vertex  3.323427e-01  4.906996e+01  1.060000e+01
     vertex  3.562059e-01  4.909585e+01  1.060000e+01
   endloop
 endfacet
 facet normal -7.352410e-01  6.778058e-01  0.000000e+00
   outer loop
     vertex  3.323427e-01  4.906996e+01  0.000000e+00
     vertex  3.562059e-01  4.909585e+01  1.060000e+01
     vertex  3.562059e-01  4.909585e+01  0.000000e+00
   endloop
 endfacet
 facet normal -7.533260e-01  6.576473e-01  0.000000e+00
   outer loop
     vertex  3.091893e-01  4.904344e+01  0.000000e+00
     vertex  3.091893e-01  4.904344e+01  1.060000e+01
     vertex  3.323427e-01  4.906996e+01  1.060000e+01
   endloop
 endfacet
 facet normal -7.533260e-01  6.576473e-01  0.000000e+00
   outer loop
     vertex  3.091893e-01  4.904344e+01  0.000000e+00
     vertex  3.323427e-01  4.906996e+01  1.060000e+01
     vertex  3.323427e-01  4.906996e+01  0.000000e+00
   endloop
 endfacet
 facet normal -7.708584e-01  6.370065e-01  0.000000e+00
   outer loop
     vertex  2.867626e-01  4.901630e+01  0.000000e+00
     vertex  2.867626e-01  4.901630e+01  1.060000e+01
     vertex  3.091893e-01  4.904344e+01  1.060000e+01
   endloop
 endfacet
 facet normal -7.708584e-01  6.370065e-01  0.000000e+00
   outer loop
     vertex  2.867626e-01  4.901630e+01  0.000000e+00
     vertex  3.091893e-01  4.904344e+01  1.060000e+01
     vertex  3.091893e-01  4.904344e+01  0.000000e+00
   endloop
 endfacet
 facet normal -7.878255e-01  6.158986e-01  0.000000e+00
   outer loop
     vertex  2.650790e-01  4.898857e+01  0.000000e+00
     vertex  2.650790e-01  4.898857e+01  1.060000e+01
     vertex  2.867626e-01  4.901630e+01  1.060000e+01
   endloop
 endfacet
 facet normal -7.878255e-01  6.158986e-01  0.000000e+00
   outer loop
     vertex  2.650790e-01  4.898857e+01  0.000000e+00
     vertex  2.867626e-01  4.901630e+01  1.060000e+01
     vertex  2.867626e-01  4.901630e+01  0.000000e+00
   endloop
 endfacet
 facet normal -8.042147e-01  5.943389e-01  0.000000e+00
   outer loop
     vertex  2.441545e-01  4.896025e+01  0.000000e+00
     vertex  2.441545e-01  4.896025e+01  1.060000e+01
     vertex  2.650790e-01  4.898857e+01  1.060000e+01
   endloop
 endfacet
 facet normal -8.042147e-01  5.943389e-01  0.000000e+00
   outer loop
     vertex  2.441545e-01  4.896025e+01  0.000000e+00
     vertex  2.650790e-01  4.898857e+01  1.060000e+01
     vertex  2.650790e-01  4.898857e+01  0.000000e+00
   endloop
 endfacet
 facet normal -8.200141e-01  5.723433e-01  0.000000e+00
   outer loop
     vertex  2.240043e-01  4.893138e+01  0.000000e+00
     vertex  2.240043e-01  4.893138e+01  1.060000e+01
     vertex  2.441545e-01  4.896025e+01  1.060000e+01
   endloop
 endfacet
 facet normal -8.200141e-01  5.723433e-01  0.000000e+00
   outer loop
     vertex  2.240043e-01  4.893138e+01  0.000000e+00
     vertex  2.441545e-01  4.896025e+01  1.060000e+01
     vertex  2.441545e-01  4.896025e+01  0.000000e+00
   endloop
 endfacet
 facet normal -8.352121e-01  5.499279e-01  0.000000e+00
   outer loop
     vertex  2.046433e-01  4.890198e+01  0.000000e+00
     vertex  2.046433e-01  4.890198e+01  1.060000e+01
     vertex  2.240043e-01  4.893138e+01  1.060000e+01
   endloop
 endfacet
 facet normal -8.352121e-01  5.499279e-01  0.000000e+00
   outer loop
     vertex  2.046433e-01  4.890198e+01  0.000000e+00
     vertex  2.240043e-01  4.893138e+01  1.060000e+01
     vertex  2.240043e-01  4.893138e+01  0.000000e+00
   endloop
 endfacet
 facet normal -8.497975e-01  5.271092e-01  0.000000e+00
   outer loop
     vertex  1.860857e-01  4.887206e+01  0.000000e+00
     vertex  1.860857e-01  4.887206e+01  1.060000e+01
     vertex  2.046433e-01  4.890198e+01  1.060000e+01
   endloop
 endfacet
 facet normal -8.497975e-01  5.271092e-01  0.000000e+00
   outer loop
     vertex  1.860857e-01  4.887206e+01  0.000000e+00
     vertex  2.046433e-01  4.890198e+01  1.060000e+01
     vertex  2.046433e-01  4.890198e+01  0.000000e+00
   endloop
 endfacet
 facet normal -8.637597e-01  5.039039e-01  0.000000e+00
   outer loop
     vertex  1.683450e-01  4.884165e+01  0.000000e+00
     vertex  1.683450e-01  4.884165e+01  1.060000e+01
     vertex  1.860857e-01  4.887206e+01  1.060000e+01
   endloop
 endfacet
 facet normal -8.770884e-01  4.803291e-01  0.000000e+00
   outer loop
     vertex  1.683450e-01  4.884165e+01  0.000000e+00
     vertex  1.514343e-01  4.881077e+01  1.060000e+01
     vertex  1.683450e-01  4.884165e+01  1.060000e+01
   endloop
 endfacet
 facet normal -8.637597e-01  5.039039e-01  0.000000e+00
   outer loop
     vertex  1.683450e-01  4.884165e+01  0.000000e+00
     vertex  1.860857e-01  4.887206e+01  1.060000e+01
     vertex  1.860857e-01  4.887206e+01  0.000000e+00
   endloop
 endfacet
 facet normal -8.770884e-01  4.803291e-01  0.000000e+00
   outer loop
     vertex  1.514343e-01  4.881077e+01  0.000000e+00
     vertex  1.514343e-01  4.881077e+01  1.060000e+01
     vertex  1.683450e-01  4.884165e+01  0.000000e+00
   endloop
 endfacet
 facet normal -8.897737e-01  4.564019e-01  0.000000e+00
   outer loop
     vertex  1.514343e-01  4.881077e+01  0.000000e+00
     vertex  1.353661e-01  4.877945e+01  1.060000e+01
     vertex  1.514343e-01  4.881077e+01  1.060000e+01
   endloop
 endfacet
 facet normal -8.897737e-01  4.564019e-01  0.000000e+00
   outer loop
     vertex  1.353661e-01  4.877945e+01  0.000000e+00
     vertex  1.353661e-01  4.877945e+01  1.060000e+01
     vertex  1.514343e-01  4.881077e+01  0.000000e+00
   endloop
 endfacet
 facet normal -9.018065e-01  4.321400e-01  0.000000e+00
   outer loop
     vertex  1.201520e-01  4.874770e+01  0.000000e+00
     vertex  1.201520e-01  4.874770e+01  1.060000e+01
     vertex  1.353661e-01  4.877945e+01  1.060000e+01
   endloop
 endfacet
 facet normal -9.018065e-01  4.321400e-01  0.000000e+00
   outer loop
     vertex  1.201520e-01  4.874770e+01  0.000000e+00
     vertex  1.353661e-01  4.877945e+01  1.060000e+01
     vertex  1.353661e-01  4.877945e+01  0.000000e+00
   endloop
 endfacet
 facet normal -9.131779e-01  4.075612e-01  0.000000e+00
   outer loop
     vertex  1.058032e-01  4.871555e+01  0.000000e+00
     vertex  1.058032e-01  4.871555e+01  1.060000e+01
     vertex  1.201520e-01  4.874770e+01  1.060000e+01
   endloop
 endfacet
 facet normal -9.238795e-01  3.826834e-01  0.000000e+00
   outer loop
     vertex  1.058032e-01  4.871555e+01  0.000000e+00
     vertex  9.233026e-02  4.868302e+01  1.060000e+01
     vertex  1.058032e-01  4.871555e+01  1.060000e+01
   endloop
 endfacet
 facet normal -9.131779e-01  4.075612e-01  0.000000e+00
   outer loop
     vertex  1.058032e-01  4.871555e+01  0.000000e+00
     vertex  1.201520e-01  4.874770e+01  1.060000e+01
     vertex  1.201520e-01  4.874770e+01  0.000000e+00
   endloop
 endfacet
 facet normal -9.238795e-01  3.826834e-01  0.000000e+00
   outer loop
     vertex  9.233026e-02  4.868302e+01  0.000000e+00
     vertex  9.233026e-02  4.868302e+01  1.060000e+01
     vertex  1.058032e-01  4.871555e+01  0.000000e+00
   endloop
 endfacet
 facet normal -9.339036e-01  3.575250e-01  0.000000e+00
   outer loop
     vertex  7.974309e-02  4.865014e+01  0.000000e+00
     vertex  7.974309e-02  4.865014e+01  1.060000e+01
     vertex  9.233026e-02  4.868302e+01  1.060000e+01
   endloop
 endfacet
 facet normal -9.432426e-01  3.321044e-01  0.000000e+00
   outer loop
     vertex  7.974309e-02  4.865014e+01  0.000000e+00
     vertex  6.805088e-02  4.861693e+01  1.060000e+01
     vertex  7.974309e-02  4.865014e+01  1.060000e+01
   endloop
 endfacet
 facet normal -9.339036e-01  3.575250e-01  0.000000e+00
   outer loop
     vertex  7.974309e-02  4.865014e+01  0.000000e+00
     vertex  9.233026e-02  4.868302e+01  1.060000e+01
     vertex  9.233026e-02  4.868302e+01  0.000000e+00
   endloop
 endfacet
 facet normal -9.432426e-01  3.321044e-01  0.000000e+00
   outer loop
     vertex  6.805088e-02  4.861693e+01  0.000000e+00
     vertex  6.805088e-02  4.861693e+01  1.060000e+01
     vertex  7.974309e-02  4.865014e+01  0.000000e+00
   endloop
 endfacet
 facet normal -9.518899e-01  3.064401e-01  0.000000e+00
   outer loop
     vertex  6.805088e-02  4.861693e+01  0.000000e+00
     vertex  5.726221e-02  4.858342e+01  1.060000e+01
     vertex  6.805088e-02  4.861693e+01  1.060000e+01
   endloop
 endfacet
 facet normal -9.518899e-01  3.064401e-01  0.000000e+00
   outer loop
     vertex  5.726221e-02  4.858342e+01  0.000000e+00
     vertex  5.726221e-02  4.858342e+01  1.060000e+01
     vertex  6.805088e-02  4.861693e+01  0.000000e+00
   endloop
 endfacet
 facet normal -9.598391e-01  2.805512e-01  0.000000e+00
   outer loop
     vertex  4.738501e-02  4.854963e+01  0.000000e+00
     vertex  5.726221e-02  4.858342e+01  1.060000e+01
     vertex  5.726221e-02  4.858342e+01  0.000000e+00
   endloop
 endfacet
 facet normal -9.598391e-01  2.805512e-01  0.000000e+00
   outer loop
     vertex  4.738501e-02  4.854963e+01  0.000000e+00
     vertex  4.738501e-02  4.854963e+01  1.060000e+01
     vertex  5.726221e-02  4.858342e+01  1.060000e+01
   endloop
 endfacet
 facet normal -9.670842e-01  2.544564e-01  0.000000e+00
   outer loop
     vertex  3.842651e-02  4.851558e+01  0.000000e+00
     vertex  4.738501e-02  4.854963e+01  1.060000e+01
     vertex  4.738501e-02  4.854963e+01  0.000000e+00
   endloop
 endfacet
 facet normal -9.670842e-01  2.544564e-01  0.000000e+00
   outer loop
     vertex  3.842651e-02  4.851558e+01  0.000000e+00
     vertex  3.842651e-02  4.851558e+01  1.060000e+01
     vertex  4.738501e-02  4.854963e+01  1.060000e+01
   endloop
 endfacet
 facet normal -9.736201e-01  2.281751e-01  0.000000e+00
   outer loop
     vertex  3.039328e-02  4.848130e+01  0.000000e+00
     vertex  3.842651e-02  4.851558e+01  1.060000e+01
     vertex  3.842651e-02  4.851558e+01  0.000000e+00
   endloop
 endfacet
 facet normal -9.736201e-01  2.281751e-01  0.000000e+00
   outer loop
     vertex  3.039328e-02  4.848130e+01  0.000000e+00
     vertex  3.039328e-02  4.848130e+01  1.060000e+01
     vertex  3.842651e-02  4.851558e+01  1.060000e+01
   endloop
 endfacet
 facet normal -9.794419e-01  2.017264e-01  0.000000e+00
   outer loop
     vertex  2.329121e-02  4.844682e+01  0.000000e+00
     vertex  3.039328e-02  4.848130e+01  1.060000e+01
     vertex  3.039328e-02  4.848130e+01  0.000000e+00
   endloop
 endfacet
 facet normal -9.794419e-01  2.017264e-01  0.000000e+00
   outer loop
     vertex  2.329121e-02  4.844682e+01  0.000000e+00
     vertex  2.329121e-02  4.844682e+01  1.060000e+01
     vertex  3.039328e-02  4.848130e+01  1.060000e+01
   endloop
 endfacet
 facet normal -9.845454e-01  1.751297e-01  0.000000e+00
   outer loop
     vertex  1.712552e-02  4.841216e+01  0.000000e+00
     vertex  2.329121e-02  4.844682e+01  1.060000e+01
     vertex  2.329121e-02  4.844682e+01  0.000000e+00
   endloop
 endfacet
 facet normal -9.845454e-01  1.751297e-01  0.000000e+00
   outer loop
     vertex  1.712552e-02  4.841216e+01  0.000000e+00
     vertex  1.712552e-02  4.841216e+01  1.060000e+01
     vertex  2.329121e-02  4.844682e+01  1.060000e+01
   endloop
 endfacet
 facet normal -9.889267e-01  1.484046e-01  0.000000e+00
   outer loop
     vertex  1.190072e-02  4.837734e+01  0.000000e+00
     vertex  1.712552e-02  4.841216e+01  1.060000e+01
     vertex  1.712552e-02  4.841216e+01  0.000000e+00
   endloop
 endfacet
 facet normal -9.889267e-01  1.484046e-01  0.000000e+00
   outer loop
     vertex  1.190072e-02  4.837734e+01  0.000000e+00
     vertex  1.190072e-02  4.837734e+01  1.060000e+01
     vertex  1.712552e-02  4.841216e+01  1.060000e+01
   endloop
 endfacet
 facet normal -9.925828e-01  1.215707e-01  0.000000e+00
   outer loop
     vertex  1.190072e-02  4.837734e+01  0.000000e+00
     vertex  7.620656e-03  4.834239e+01  1.060000e+01
     vertex  1.190072e-02  4.837734e+01  1.060000e+01
   endloop
 endfacet
 facet normal -9.925828e-01  1.215707e-01  0.000000e+00
   outer loop
     vertex  7.620656e-03  4.834239e+01  0.000000e+00
     vertex  7.620656e-03  4.834239e+01  1.060000e+01
     vertex  1.190072e-02  4.837734e+01  0.000000e+00
   endloop
 endfacet
 facet normal -9.955108e-01  9.464755e-02  0.000000e+00
   outer loop
     vertex  7.620656e-03  4.834239e+01  0.000000e+00
     vertex  4.288454e-03  4.830735e+01  1.060000e+01
     vertex  7.620656e-03  4.834239e+01  1.060000e+01
   endloop
 endfacet
 facet normal -9.955108e-01  9.464755e-02  0.000000e+00
   outer loop
     vertex  4.288454e-03  4.830735e+01  0.000000e+00
     vertex  4.288454e-03  4.830735e+01  1.060000e+01
     vertex  7.620656e-03  4.834239e+01  0.000000e+00
   endloop
 endfacet
 facet normal -9.977088e-01  6.765502e-02  0.000000e+00
   outer loop
     vertex  1.906562e-03  4.827222e+01  0.000000e+00
     vertex  4.288454e-03  4.830735e+01  1.060000e+01
     vertex  4.288454e-03  4.830735e+01  0.000000e+00
   endloop
 endfacet
 facet normal -9.977088e-01  6.765502e-02  0.000000e+00
   outer loop
     vertex  1.906562e-03  4.827222e+01  0.000000e+00
     vertex  1.906562e-03  4.827222e+01  1.060000e+01
     vertex  4.288454e-03  4.830735e+01  1.060000e+01
   endloop
 endfacet
 facet normal -9.991750e-01  4.061287e-02  0.000000e+00
   outer loop
     vertex  1.906562e-03  4.827222e+01  0.000000e+00
     vertex  4.767279e-04  4.823704e+01  1.060000e+01
     vertex  1.906562e-03  4.827222e+01  1.060000e+01
   endloop
 endfacet
 facet normal -9.991750e-01  4.061287e-02  0.000000e+00
   outer loop
     vertex  4.767279e-04  4.823704e+01  0.000000e+00
     vertex  4.767279e-04  4.823704e+01  1.060000e+01
     vertex  1.906562e-03  4.827222e+01  0.000000e+00
   endloop
 endfacet
 facet normal -9.999083e-01  1.354093e-02  0.000000e+00
   outer loop
     vertex  7.771561e-16  4.820184e+01  0.000000e+00
     vertex  4.767279e-04  4.823704e+01  1.060000e+01
     vertex  4.767279e-04  4.823704e+01  0.000000e+00
   endloop
 endfacet
 facet normal -9.999083e-01  1.354093e-02  0.000000e+00
   outer loop
     vertex  7.771561e-16  4.820184e+01  0.000000e+00
     vertex  7.771561e-16  4.820184e+01  1.060000e+01
     vertex  4.767279e-04  4.823704e+01  1.060000e+01
   endloop
 endfacet
 facet normal  9.999083e-01  1.354093e-02  0.000000e+00
   outer loop
     vertex  1.513995e+02  4.823704e+01  0.000000e+00
     vertex  1.514000e+02  4.820184e+01  1.060000e+01
     vertex  1.514000e+02  4.820184e+01  0.000000e+00
   endloop
 endfacet
 facet normal  9.999083e-01  1.354093e-02 -0.000000e+00
   outer loop
     vertex  1.513995e+02  4.823704e+01  0.000000e+00
     vertex  1.513995e+02  4.823704e+01  1.060000e+01
     vertex  1.514000e+02  4.820184e+01  1.060000e+01
   endloop
 endfacet
 facet normal  9.991750e-01  4.061287e-02 -0.000000e+00
   outer loop
     vertex  1.513981e+02  4.827222e+01  0.000000e+00
     vertex  1.513981e+02  4.827222e+01  1.060000e+01
     vertex  1.513995e+02  4.823704e+01  1.060000e+01
   endloop
 endfacet
 facet normal  9.977088e-01  6.765502e-02 -0.000000e+00
   outer loop
     vertex  1.513981e+02  4.827222e+01  0.000000e+00
     vertex  1.513957e+02  4.830735e+01  1.060000e+01
     vertex  1.513981e+02  4.827222e+01  1.060000e+01
   endloop
 endfacet
 facet normal  9.991750e-01  4.061287e-02  0.000000e+00
   outer loop
     vertex  1.513981e+02  4.827222e+01  0.000000e+00
     vertex  1.513995e+02  4.823704e+01  1.060000e+01
     vertex  1.513995e+02  4.823704e+01  0.000000e+00
   endloop
 endfacet
 facet normal  9.977088e-01  6.765502e-02 -0.000000e+00
   outer loop
     vertex  1.513957e+02  4.830735e+01  0.000000e+00
     vertex  1.513957e+02  4.830735e+01  1.060000e+01
     vertex  1.513981e+02  4.827222e+01  0.000000e+00
   endloop
 endfacet
 facet normal  9.955108e-01  9.464755e-02 -0.000000e+00
   outer loop
     vertex  1.513924e+02  4.834239e+01  0.000000e+00
     vertex  1.513924e+02  4.834239e+01  1.060000e+01
     vertex  1.513957e+02  4.830735e+01  1.060000e+01
   endloop
 endfacet
 facet normal  9.925828e-01  1.215707e-01 -0.000000e+00
   outer loop
     vertex  1.513924e+02  4.834239e+01  0.000000e+00
     vertex  1.513881e+02  4.837734e+01  1.060000e+01
     vertex  1.513924e+02  4.834239e+01  1.060000e+01
   endloop
 endfacet
 facet normal  9.955108e-01  9.464755e-02  0.000000e+00
   outer loop
     vertex  1.513924e+02  4.834239e+01  0.000000e+00
     vertex  1.513957e+02  4.830735e+01  1.060000e+01
     vertex  1.513957e+02  4.830735e+01  0.000000e+00
   endloop
 endfacet
 facet normal  9.889267e-01  1.484046e-01 -0.000000e+00
   outer loop
     vertex  1.513881e+02  4.837734e+01  0.000000e+00
     vertex  1.513829e+02  4.841216e+01  1.060000e+01
     vertex  1.513881e+02  4.837734e+01  1.060000e+01
   endloop
 endfacet
 facet normal  9.925828e-01  1.215707e-01 -0.000000e+00
   outer loop
     vertex  1.513881e+02  4.837734e+01  0.000000e+00
     vertex  1.513881e+02  4.837734e+01  1.060000e+01
     vertex  1.513924e+02  4.834239e+01  0.000000e+00
   endloop
 endfacet
 facet normal  9.889267e-01  1.484046e-01 -0.000000e+00
   outer loop
     vertex  1.513829e+02  4.841216e+01  0.000000e+00
     vertex  1.513829e+02  4.841216e+01  1.060000e+01
     vertex  1.513881e+02  4.837734e+01  0.000000e+00
   endloop
 endfacet
 facet normal  9.845454e-01  1.751297e-01 -0.000000e+00
   outer loop
     vertex  1.513767e+02  4.844682e+01  0.000000e+00
     vertex  1.513767e+02  4.844682e+01  1.060000e+01
     vertex  1.513829e+02  4.841216e+01  1.060000e+01
   endloop
 endfacet
 facet normal  9.845454e-01  1.751297e-01  0.000000e+00
   outer loop
     vertex  1.513767e+02  4.844682e+01  0.000000e+00
     vertex  1.513829e+02  4.841216e+01  1.060000e+01
     vertex  1.513829e+02  4.841216e+01  0.000000e+00
   endloop
 endfacet
 facet normal  9.794419e-01  2.017264e-01 -0.000000e+00
   outer loop
     vertex  1.513696e+02  4.848130e+01  0.000000e+00
     vertex  1.513696e+02  4.848130e+01  1.060000e+01
     vertex  1.513767e+02  4.844682e+01  1.060000e+01
   endloop
 endfacet
 facet normal  9.736201e-01  2.281751e-01 -0.000000e+00
   outer loop
     vertex  1.513696e+02  4.848130e+01  0.000000e+00
     vertex  1.513616e+02  4.851558e+01  1.060000e+01
     vertex  1.513696e+02  4.848130e+01  1.060000e+01
   endloop
 endfacet
 facet normal  9.794419e-01  2.017264e-01  0.000000e+00
   outer loop
     vertex  1.513696e+02  4.848130e+01  0.000000e+00
     vertex  1.513767e+02  4.844682e+01  1.060000e+01
     vertex  1.513767e+02  4.844682e+01  0.000000e+00
   endloop
 endfacet
 facet normal  9.736201e-01  2.281751e-01 -0.000000e+00
   outer loop
     vertex  1.513616e+02  4.851558e+01  0.000000e+00
     vertex  1.513616e+02  4.851558e+01  1.060000e+01
     vertex  1.513696e+02  4.848130e+01  0.000000e+00
   endloop
 endfacet
 facet normal  9.670842e-01  2.544564e-01 -0.000000e+00
   outer loop
     vertex  1.513526e+02  4.854963e+01  0.000000e+00
     vertex  1.513526e+02  4.854963e+01  1.060000e+01
     vertex  1.513616e+02  4.851558e+01  1.060000e+01
   endloop
 endfacet
 facet normal  9.670842e-01  2.544564e-01  0.000000e+00
   outer loop
     vertex  1.513526e+02  4.854963e+01  0.000000e+00
     vertex  1.513616e+02  4.851558e+01  1.060000e+01
     vertex  1.513616e+02  4.851558e+01  0.000000e+00
   endloop
 endfacet
 facet normal  9.598391e-01  2.805512e-01 -0.000000e+00
   outer loop
     vertex  1.513427e+02  4.858342e+01  0.000000e+00
     vertex  1.513427e+02  4.858342e+01  1.060000e+01
     vertex  1.513526e+02  4.854963e+01  1.060000e+01
   endloop
 endfacet
 facet normal  9.518899e-01  3.064401e-01 -0.000000e+00
   outer loop
     vertex  1.513427e+02  4.858342e+01  0.000000e+00
     vertex  1.513319e+02  4.861693e+01  1.060000e+01
     vertex  1.513427e+02  4.858342e+01  1.060000e+01
   endloop
 endfacet
 facet normal  9.598391e-01  2.805512e-01  0.000000e+00
   outer loop
     vertex  1.513427e+02  4.858342e+01  0.000000e+00
     vertex  1.513526e+02  4.854963e+01  1.060000e+01
     vertex  1.513526e+02  4.854963e+01  0.000000e+00
   endloop
 endfacet
 facet normal  9.518899e-01  3.064401e-01 -0.000000e+00
   outer loop
     vertex  1.513319e+02  4.861693e+01  0.000000e+00
     vertex  1.513319e+02  4.861693e+01  1.060000e+01
     vertex  1.513427e+02  4.858342e+01  0.000000e+00
   endloop
 endfacet
 facet normal  9.432426e-01  3.321044e-01 -0.000000e+00
   outer loop
     vertex  1.513203e+02  4.865014e+01  0.000000e+00
     vertex  1.513203e+02  4.865014e+01  1.060000e+01
     vertex  1.513319e+02  4.861693e+01  1.060000e+01
   endloop
 endfacet
 facet normal  9.339036e-01  3.575250e-01 -0.000000e+00
   outer loop
     vertex  1.513203e+02  4.865014e+01  0.000000e+00
     vertex  1.513077e+02  4.868302e+01  1.060000e+01
     vertex  1.513203e+02  4.865014e+01  1.060000e+01
   endloop
 endfacet
 facet normal  9.432426e-01  3.321044e-01  0.000000e+00
   outer loop
     vertex  1.513203e+02  4.865014e+01  0.000000e+00
     vertex  1.513319e+02  4.861693e+01  1.060000e+01
     vertex  1.513319e+02  4.861693e+01  0.000000e+00
   endloop
 endfacet
 facet normal  9.339036e-01  3.575250e-01 -0.000000e+00
   outer loop
     vertex  1.513077e+02  4.868302e+01  0.000000e+00
     vertex  1.513077e+02  4.868302e+01  1.060000e+01
     vertex  1.513203e+02  4.865014e+01  0.000000e+00
   endloop
 endfacet
 facet normal  9.238795e-01  3.826834e-01 -0.000000e+00
   outer loop
     vertex  1.512942e+02  4.871555e+01  0.000000e+00
     vertex  1.512942e+02  4.871555e+01  1.060000e+01
     vertex  1.513077e+02  4.868302e+01  1.060000e+01
   endloop
 endfacet
 facet normal  9.131779e-01  4.075612e-01 -0.000000e+00
   outer loop
     vertex  1.512942e+02  4.871555e+01  0.000000e+00
     vertex  1.512798e+02  4.874770e+01  1.060000e+01
     vertex  1.512942e+02  4.871555e+01  1.060000e+01
   endloop
 endfacet
 facet normal  9.238795e-01  3.826834e-01  0.000000e+00
   outer loop
     vertex  1.512942e+02  4.871555e+01  0.000000e+00
     vertex  1.513077e+02  4.868302e+01  1.060000e+01
     vertex  1.513077e+02  4.868302e+01  0.000000e+00
   endloop
 endfacet
 facet normal  9.018065e-01  4.321400e-01 -0.000000e+00
   outer loop
     vertex  1.512798e+02  4.874770e+01  0.000000e+00
     vertex  1.512646e+02  4.877945e+01  1.060000e+01
     vertex  1.512798e+02  4.874770e+01  1.060000e+01
   endloop
 endfacet
 facet normal  9.131779e-01  4.075612e-01 -0.000000e+00
   outer loop
     vertex  1.512798e+02  4.874770e+01  0.000000e+00
     vertex  1.512798e+02  4.874770e+01  1.060000e+01
     vertex  1.512942e+02  4.871555e+01  0.000000e+00
   endloop
 endfacet
 facet normal  9.018065e-01  4.321400e-01 -0.000000e+00
   outer loop
     vertex  1.512646e+02  4.877945e+01  0.000000e+00
     vertex  1.512646e+02  4.877945e+01  1.060000e+01
     vertex  1.512798e+02  4.874770e+01  0.000000e+00
   endloop
 endfacet
 facet normal  8.897737e-01  4.564019e-01 -0.000000e+00
   outer loop
     vertex  1.512486e+02  4.881077e+01  0.000000e+00
     vertex  1.512486e+02  4.881077e+01  1.060000e+01
     vertex  1.512646e+02  4.877945e+01  1.060000e+01
   endloop
 endfacet
 facet normal  8.897737e-01  4.564019e-01  0.000000e+00
   outer loop
     vertex  1.512486e+02  4.881077e+01  0.000000e+00
     vertex  1.512646e+02  4.877945e+01  1.060000e+01
     vertex  1.512646e+02  4.877945e+01  0.000000e+00
   endloop
 endfacet
 facet normal  8.770884e-01  4.803291e-01 -0.000000e+00
   outer loop
     vertex  1.512317e+02  4.884165e+01  0.000000e+00
     vertex  1.512317e+02  4.884165e+01  1.060000e+01
     vertex  1.512486e+02  4.881077e+01  1.060000e+01
   endloop
 endfacet
 facet normal  8.770884e-01  4.803291e-01  0.000000e+00
   outer loop
     vertex  1.512317e+02  4.884165e+01  0.000000e+00
     vertex  1.512486e+02  4.881077e+01  1.060000e+01
     vertex  1.512486e+02  4.881077e+01  0.000000e+00
   endloop
 endfacet
 facet normal  8.637597e-01  5.039039e-01 -0.000000e+00
   outer loop
     vertex  1.512139e+02  4.887206e+01  0.000000e+00
     vertex  1.512139e+02  4.887206e+01  1.060000e+01
     vertex  1.512317e+02  4.884165e+01  1.060000e+01
   endloop
 endfacet
 facet normal  8.637597e-01  5.039039e-01  0.000000e+00
   outer loop
     vertex  1.512139e+02  4.887206e+01  0.000000e+00
     vertex  1.512317e+02  4.884165e+01  1.060000e+01
     vertex  1.512317e+02  4.884165e+01  0.000000e+00
   endloop
 endfacet
 facet normal  8.497975e-01  5.271092e-01  0.000000e+00
   outer loop
     vertex  1.511954e+02  4.890198e+01  0.000000e+00
     vertex  1.512139e+02  4.887206e+01  1.060000e+01
     vertex  1.512139e+02  4.887206e+01  0.000000e+00
   endloop
 endfacet
 facet normal  8.497975e-01  5.271092e-01 -0.000000e+00
   outer loop
     vertex  1.511954e+02  4.890198e+01  0.000000e+00
     vertex  1.511954e+02  4.890198e+01  1.060000e+01
     vertex  1.512139e+02  4.887206e+01  1.060000e+01
   endloop
 endfacet
 facet normal  8.352121e-01  5.499279e-01  0.000000e+00
   outer loop
     vertex  1.511760e+02  4.893138e+01  0.000000e+00
     vertex  1.511954e+02  4.890198e+01  1.060000e+01
     vertex  1.511954e+02  4.890198e+01  0.000000e+00
   endloop
 endfacet
 facet normal  8.352121e-01  5.499279e-01 -0.000000e+00
   outer loop
     vertex  1.511760e+02  4.893138e+01  0.000000e+00
     vertex  1.511760e+02  4.893138e+01  1.060000e+01
     vertex  1.511954e+02  4.890198e+01  1.060000e+01
   endloop
 endfacet
 facet normal  8.200141e-01  5.723433e-01  0.000000e+00
   outer loop
     vertex  1.511558e+02  4.896025e+01  0.000000e+00
     vertex  1.511760e+02  4.893138e+01  1.060000e+01
     vertex  1.511760e+02  4.893138e+01  0.000000e+00
   endloop
 endfacet
 facet normal  8.200141e-01  5.723433e-01 -0.000000e+00
   outer loop
     vertex  1.511558e+02  4.896025e+01  0.000000e+00
     vertex  1.511558e+02  4.896025e+01  1.060000e+01
     vertex  1.511760e+02  4.893138e+01  1.060000e+01
   endloop
 endfacet
 facet normal  8.042147e-01  5.943389e-01  0.000000e+00
   outer loop
     vertex  1.511349e+02  4.898857e+01  0.000000e+00
     vertex  1.511558e+02  4.896025e+01  1.060000e+01
     vertex  1.511558e+02  4.896025e+01  0.000000e+00
   endloop
 endfacet
 facet normal  8.042147e-01  5.943389e-01 -0.000000e+00
   outer loop
     vertex  1.511349e+02  4.898857e+01  0.000000e+00
     vertex  1.511349e+02  4.898857e+01  1.060000e+01
     vertex  1.511558e+02  4.896025e+01  1.060000e+01
   endloop
 endfacet
 facet normal  7.878255e-01  6.158986e-01  0.000000e+00
   outer loop
     vertex  1.511132e+02  4.901630e+01  0.000000e+00
     vertex  1.511349e+02  4.898857e+01  1.060000e+01
     vertex  1.511349e+02  4.898857e+01  0.000000e+00
   endloop
 endfacet
 facet normal  7.878255e-01  6.158986e-01 -0.000000e+00
   outer loop
     vertex  1.511132e+02  4.901630e+01  0.000000e+00
     vertex  1.511132e+02  4.901630e+01  1.060000e+01
     vertex  1.511349e+02  4.898857e+01  1.060000e+01
   endloop
 endfacet
 facet normal  7.708584e-01  6.370065e-01 -0.000000e+00
   outer loop
     vertex  1.510908e+02  4.904344e+01  0.000000e+00
     vertex  1.510908e+02  4.904344e+01  1.060000e+01
     vertex  1.511132e+02  4.901630e+01  1.060000e+01
   endloop
 endfacet
 facet normal  7.708584e-01  6.370065e-01  0.000000e+00
   outer loop
     vertex  1.510908e+02  4.904344e+01  0.000000e+00
     vertex  1.511132e+02  4.901630e+01  1.060000e+01
     vertex  1.511132e+02  4.901630e+01  0.000000e+00
   endloop
 endfacet
 facet normal  7.533260e-01  6.576473e-01 -0.000000e+00
   outer loop
     vertex  1.510677e+02  4.906996e+01  0.000000e+00
     vertex  1.510677e+02  4.906996e+01  1.060000e+01
     vertex  1.510908e+02  4.904344e+01  1.060000e+01
   endloop
 endfacet
 facet normal  7.533260e-01  6.576473e-01  0.000000e+00
   outer loop
     vertex  1.510677e+02  4.906996e+01  0.000000e+00
     vertex  1.510908e+02  4.904344e+01  1.060000e+01
     vertex  1.510908e+02  4.904344e+01  0.000000e+00
   endloop
 endfacet
 facet normal  7.352410e-01  6.778058e-01 -0.000000e+00
   outer loop
     vertex  1.510438e+02  4.909585e+01  0.000000e+00
     vertex  1.510438e+02  4.909585e+01  1.060000e+01
     vertex  1.510677e+02  4.906996e+01  1.060000e+01
   endloop
 endfacet
 facet normal  7.352410e-01  6.778058e-01  0.000000e+00
   outer loop
     vertex  1.510438e+02  4.909585e+01  0.000000e+00
     vertex  1.510677e+02  4.906996e+01  1.060000e+01
     vertex  1.510677e+02  4.906996e+01  0.000000e+00
   endloop
 endfacet
 facet normal  7.166168e-01  6.974671e-01 -0.000000e+00
   outer loop
     vertex  1.510192e+02  4.912108e+01  0.000000e+00
     vertex  1.510192e+02  4.912108e+01  1.060000e+01
     vertex  1.510438e+02  4.909585e+01  1.060000e+01
   endloop
 endfacet
 facet normal  7.166168e-01  6.974671e-01  0.000000e+00
   outer loop
     vertex  1.510192e+02  4.912108e+01  0.000000e+00
     vertex  1.510438e+02  4.909585e+01  1.060000e+01
     vertex  1.510438e+02  4.909585e+01  0.000000e+00
   endloop
 endfacet
 facet normal  6.974671e-01  7.166168e-01 -0.000000e+00
   outer loop
     vertex  1.509940e+02  4.914563e+01  0.000000e+00
     vertex  1.509940e+02  4.914563e+01  1.060000e+01
     vertex  1.510192e+02  4.912108e+01  1.060000e+01
   endloop
 endfacet
 facet normal  6.974671e-01  7.166168e-01  0.000000e+00
   outer loop
     vertex  1.509940e+02  4.914563e+01  0.000000e+00
     vertex  1.510192e+02  4.912108e+01  1.060000e+01
     vertex  1.510192e+02  4.912108e+01  0.000000e+00
   endloop
 endfacet
 facet normal  6.778058e-01  7.352410e-01 -0.000000e+00
   outer loop
     vertex  1.509681e+02  4.916950e+01  0.000000e+00
     vertex  1.509681e+02  4.916950e+01  1.060000e+01
     vertex  1.509940e+02  4.914563e+01  1.060000e+01
   endloop
 endfacet
 facet normal  6.778058e-01  7.352410e-01  0.000000e+00
   outer loop
     vertex  1.509681e+02  4.916950e+01  0.000000e+00
     vertex  1.509940e+02  4.914563e+01  1.060000e+01
     vertex  1.509940e+02  4.914563e+01  0.000000e+00
   endloop
 endfacet
 facet normal  6.576473e-01  7.533260e-01 -0.000000e+00
   outer loop
     vertex  1.509416e+02  4.919265e+01  0.000000e+00
     vertex  1.509416e+02  4.919265e+01  1.060000e+01
     vertex  1.509681e+02  4.916950e+01  1.060000e+01
   endloop
 endfacet
 facet normal  6.576473e-01  7.533260e-01  0.000000e+00
   outer loop
     vertex  1.509416e+02  4.919265e+01  0.000000e+00
     vertex  1.509681e+02  4.916950e+01  1.060000e+01
     vertex  1.509681e+02  4.916950e+01  0.000000e+00
   endloop
 endfacet
 facet normal  6.370065e-01  7.708584e-01 -0.000000e+00
   outer loop
     vertex  1.509145e+02  4.921508e+01  0.000000e+00
     vertex  1.509145e+02  4.921508e+01  1.060000e+01
     vertex  1.509416e+02  4.919265e+01  1.060000e+01
   endloop
 endfacet
 facet normal  6.370065e-01  7.708584e-01  0.000000e+00
   outer loop
     vertex  1.509145e+02  4.921508e+01  0.000000e+00
     vertex  1.509416e+02  4.919265e+01  1.060000e+01
     vertex  1.509416e+02  4.919265e+01  0.000000e+00
   endloop
 endfacet
 facet normal  6.158986e-01  7.878255e-01 -0.000000e+00
   outer loop
     vertex  1.508867e+02  4.923676e+01  0.000000e+00
     vertex  1.508867e+02  4.923676e+01  1.060000e+01
     vertex  1.509145e+02  4.921508e+01  1.060000e+01
   endloop
 endfacet
 facet normal  6.158986e-01  7.878255e-01  0.000000e+00
   outer loop
     vertex  1.508867e+02  4.923676e+01  0.000000e+00
     vertex  1.509145e+02  4.921508e+01  1.060000e+01
     vertex  1.509145e+02  4.921508e+01  0.000000e+00
   endloop
 endfacet
 facet normal  5.943389e-01  8.042147e-01 -0.000000e+00
   outer loop
     vertex  1.508584e+02  4.925769e+01  0.000000e+00
     vertex  1.508584e+02  4.925769e+01  1.060000e+01
     vertex  1.508867e+02  4.923676e+01  1.060000e+01
   endloop
 endfacet
 facet normal  5.943389e-01  8.042147e-01  0.000000e+00
   outer loop
     vertex  1.508584e+02  4.925769e+01  0.000000e+00
     vertex  1.508867e+02  4.923676e+01  1.060000e+01
     vertex  1.508867e+02  4.923676e+01  0.000000e+00
   endloop
 endfacet
 facet normal  5.723433e-01  8.200141e-01 -0.000000e+00
   outer loop
     vertex  1.508295e+02  4.927784e+01  0.000000e+00
     vertex  1.508295e+02  4.927784e+01  1.060000e+01
     vertex  1.508584e+02  4.925769e+01  1.060000e+01
   endloop
 endfacet
 facet normal  5.723433e-01  8.200141e-01  0.000000e+00
   outer loop
     vertex  1.508295e+02  4.927784e+01  0.000000e+00
     vertex  1.508584e+02  4.925769e+01  1.060000e+01
     vertex  1.508584e+02  4.925769e+01  0.000000e+00
   endloop
 endfacet
 facet normal  5.499279e-01  8.352121e-01 -0.000000e+00
   outer loop
     vertex  1.508001e+02  4.929720e+01  0.000000e+00
     vertex  1.508001e+02  4.929720e+01  1.060000e+01
     vertex  1.508295e+02  4.927784e+01  1.060000e+01
   endloop
 endfacet
 facet normal  5.271092e-01  8.497975e-01 -0.000000e+00
   outer loop
     vertex  1.508001e+02  4.929720e+01  0.000000e+00
     vertex  1.507702e+02  4.931575e+01  1.060000e+01
     vertex  1.508001e+02  4.929720e+01  1.060000e+01
   endloop
 endfacet
 facet normal  5.499279e-01  8.352121e-01  0.000000e+00
   outer loop
     vertex  1.508001e+02  4.929720e+01  0.000000e+00
     vertex  1.508295e+02  4.927784e+01  1.060000e+01
     vertex  1.508295e+02  4.927784e+01  0.000000e+00
   endloop
 endfacet
 facet normal  5.271092e-01  8.497975e-01 -0.000000e+00
   outer loop
     vertex  1.507702e+02  4.931575e+01  0.000000e+00
     vertex  1.507702e+02  4.931575e+01  1.060000e+01
     vertex  1.508001e+02  4.929720e+01  0.000000e+00
   endloop
 endfacet
 facet normal  5.039039e-01  8.637597e-01 -0.000000e+00
   outer loop
     vertex  1.507398e+02  4.933349e+01  0.000000e+00
     vertex  1.507398e+02  4.933349e+01  1.060000e+01
     vertex  1.507702e+02  4.931575e+01  1.060000e+01
   endloop
 endfacet
 facet normal  5.039039e-01  8.637597e-01  0.000000e+00
   outer loop
     vertex  1.507398e+02  4.933349e+01  0.000000e+00
     vertex  1.507702e+02  4.931575e+01  1.060000e+01
     vertex  1.507702e+02  4.931575e+01  0.000000e+00
   endloop
 endfacet
 facet normal  4.803291e-01  8.770884e-01 -0.000000e+00
   outer loop
     vertex  1.507089e+02  4.935041e+01  0.000000e+00
     vertex  1.507089e+02  4.935041e+01  1.060000e+01
     vertex  1.507398e+02  4.933349e+01  1.060000e+01
   endloop
 endfacet
 facet normal  4.803291e-01  8.770884e-01  0.000000e+00
   outer loop
     vertex  1.507089e+02  4.935041e+01  0.000000e+00
     vertex  1.507398e+02  4.933349e+01  1.060000e+01
     vertex  1.507398e+02  4.933349e+01  0.000000e+00
   endloop
 endfacet
 facet normal  4.564019e-01  8.897737e-01 -0.000000e+00
   outer loop
     vertex  1.506776e+02  4.936647e+01  0.000000e+00
     vertex  1.506776e+02  4.936647e+01  1.060000e+01
     vertex  1.507089e+02  4.935041e+01  1.060000e+01
   endloop
 endfacet
 facet normal  4.564019e-01  8.897737e-01  0.000000e+00
   outer loop
     vertex  1.506776e+02  4.936647e+01  0.000000e+00
     vertex  1.507089e+02  4.935041e+01  1.060000e+01
     vertex  1.507089e+02  4.935041e+01  0.000000e+00
   endloop
 endfacet
 facet normal  4.321400e-01  9.018065e-01 -0.000000e+00
   outer loop
     vertex  1.506459e+02  4.938169e+01  0.000000e+00
     vertex  1.506459e+02  4.938169e+01  1.060000e+01
     vertex  1.506776e+02  4.936647e+01  1.060000e+01
   endloop
 endfacet
 facet normal  4.321400e-01  9.018065e-01  0.000000e+00
   outer loop
     vertex  1.506459e+02  4.938169e+01  0.000000e+00
     vertex  1.506776e+02  4.936647e+01  1.060000e+01
     vertex  1.506776e+02  4.936647e+01  0.000000e+00
   endloop
 endfacet
 facet normal  4.075612e-01  9.131779e-01 -0.000000e+00
   outer loop
     vertex  1.506137e+02  4.939604e+01  0.000000e+00
     vertex  1.506137e+02  4.939604e+01  1.060000e+01
     vertex  1.506459e+02  4.938169e+01  1.060000e+01
   endloop
 endfacet
 facet normal  3.826834e-01  9.238795e-01 -0.000000e+00
   outer loop
     vertex  1.506137e+02  4.939604e+01  0.000000e+00
     vertex  1.505812e+02  4.940951e+01  1.060000e+01
     vertex  1.506137e+02  4.939604e+01  1.060000e+01
   endloop
 endfacet
 facet normal  4.075612e-01  9.131779e-01  0.000000e+00
   outer loop
     vertex  1.506137e+02  4.939604e+01  0.000000e+00
     vertex  1.506459e+02  4.938169e+01  1.060000e+01
     vertex  1.506459e+02  4.938169e+01  0.000000e+00
   endloop
 endfacet
 facet normal  3.826834e-01  9.238795e-01 -0.000000e+00
   outer loop
     vertex  1.505812e+02  4.940951e+01  0.000000e+00
     vertex  1.505812e+02  4.940951e+01  1.060000e+01
     vertex  1.506137e+02  4.939604e+01  0.000000e+00
   endloop
 endfacet
 facet normal  3.575250e-01  9.339036e-01 -0.000000e+00
   outer loop
     vertex  1.505483e+02  4.942210e+01  0.000000e+00
     vertex  1.505483e+02  4.942210e+01  1.060000e+01
     vertex  1.505812e+02  4.940951e+01  1.060000e+01
   endloop
 endfacet
 facet normal  3.575250e-01  9.339036e-01  0.000000e+00
   outer loop
     vertex  1.505483e+02  4.942210e+01  0.000000e+00
     vertex  1.505812e+02  4.940951e+01  1.060000e+01
     vertex  1.505812e+02  4.940951e+01  0.000000e+00
   endloop
 endfacet
 facet normal  3.321044e-01  9.432426e-01  0.000000e+00
   outer loop
     vertex  1.505151e+02  4.943379e+01  0.000000e+00
     vertex  1.505483e+02  4.942210e+01  1.060000e+01
     vertex  1.505483e+02  4.942210e+01  0.000000e+00
   endloop
 endfacet
 facet normal  3.321044e-01  9.432426e-01 -0.000000e+00
   outer loop
     vertex  1.505151e+02  4.943379e+01  0.000000e+00
     vertex  1.505151e+02  4.943379e+01  1.060000e+01
     vertex  1.505483e+02  4.942210e+01  1.060000e+01
   endloop
 endfacet
 facet normal  3.064401e-01  9.518899e-01 -0.000000e+00
   outer loop
     vertex  1.505151e+02  4.943379e+01  0.000000e+00
     vertex  1.504816e+02  4.944458e+01  1.060000e+01
     vertex  1.505151e+02  4.943379e+01  1.060000e+01
   endloop
 endfacet
 facet normal  3.064401e-01  9.518899e-01 -0.000000e+00
   outer loop
     vertex  1.504816e+02  4.944458e+01  0.000000e+00
     vertex  1.504816e+02  4.944458e+01  1.060000e+01
     vertex  1.505151e+02  4.943379e+01  0.000000e+00
   endloop
 endfacet
 facet normal  2.805512e-01  9.598391e-01  0.000000e+00
   outer loop
     vertex  1.504478e+02  4.945445e+01  0.000000e+00
     vertex  1.504816e+02  4.944458e+01  1.060000e+01
     vertex  1.504816e+02  4.944458e+01  0.000000e+00
   endloop
 endfacet
 facet normal  2.805512e-01  9.598391e-01 -0.000000e+00
   outer loop
     vertex  1.504478e+02  4.945445e+01  0.000000e+00
     vertex  1.504478e+02  4.945445e+01  1.060000e+01
     vertex  1.504816e+02  4.944458e+01  1.060000e+01
   endloop
 endfacet
 facet normal  2.544564e-01  9.670842e-01  0.000000e+00
   outer loop
     vertex  1.504137e+02  4.946341e+01  0.000000e+00
     vertex  1.504478e+02  4.945445e+01  1.060000e+01
     vertex  1.504478e+02  4.945445e+01  0.000000e+00
   endloop
 endfacet
 facet normal  2.544564e-01  9.670842e-01 -0.000000e+00
   outer loop
     vertex  1.504137e+02  4.946341e+01  0.000000e+00
     vertex  1.504137e+02  4.946341e+01  1.060000e+01
     vertex  1.504478e+02  4.945445e+01  1.060000e+01
   endloop
 endfacet
 facet normal  2.281751e-01  9.736201e-01  0.000000e+00
   outer loop
     vertex  1.503795e+02  4.947145e+01  0.000000e+00
     vertex  1.504137e+02  4.946341e+01  1.060000e+01
     vertex  1.504137e+02  4.946341e+01  0.000000e+00
   endloop
 endfacet
 facet normal  2.281751e-01  9.736201e-01 -0.000000e+00
   outer loop
     vertex  1.503795e+02  4.947145e+01  0.000000e+00
     vertex  1.503795e+02  4.947145e+01  1.060000e+01
     vertex  1.504137e+02  4.946341e+01  1.060000e+01
   endloop
 endfacet
 facet normal  2.017264e-01  9.794419e-01 -0.000000e+00
   outer loop
     vertex  1.503795e+02  4.947145e+01  0.000000e+00
     vertex  1.503450e+02  4.947855e+01  1.060000e+01
     vertex  1.503795e+02  4.947145e+01  1.060000e+01
   endloop
 endfacet
 facet normal  2.017264e-01  9.794419e-01 -0.000000e+00
   outer loop
     vertex  1.503450e+02  4.947855e+01  0.000000e+00
     vertex  1.503450e+02  4.947855e+01  1.060000e+01
     vertex  1.503795e+02  4.947145e+01  0.000000e+00
   endloop
 endfacet
 facet normal  1.751297e-01  9.845454e-01 -0.000000e+00
   outer loop
     vertex  1.503450e+02  4.947855e+01  0.000000e+00
     vertex  1.503103e+02  4.948471e+01  1.060000e+01
     vertex  1.503450e+02  4.947855e+01  1.060000e+01
   endloop
 endfacet
 facet normal  1.751297e-01  9.845454e-01 -0.000000e+00
   outer loop
     vertex  1.503103e+02  4.948471e+01  0.000000e+00
     vertex  1.503103e+02  4.948471e+01  1.060000e+01
     vertex  1.503450e+02  4.947855e+01  0.000000e+00
   endloop
 endfacet
 facet normal  1.484046e-01  9.889267e-01  0.000000e+00
   outer loop
     vertex  1.502755e+02  4.948994e+01  0.000000e+00
     vertex  1.503103e+02  4.948471e+01  1.060000e+01
     vertex  1.503103e+02  4.948471e+01  0.000000e+00
   endloop
 endfacet
 facet normal  1.484046e-01  9.889267e-01 -0.000000e+00
   outer loop
     vertex  1.502755e+02  4.948994e+01  0.000000e+00
     vertex  1.502755e+02  4.948994e+01  1.060000e+01
     vertex  1.503103e+02  4.948471e+01  1.060000e+01
   endloop
 endfacet
 facet normal  1.215707e-01  9.925828e-01 -0.000000e+00
   outer loop
     vertex  1.502755e+02  4.948994e+01  0.000000e+00
     vertex  1.502406e+02  4.949422e+01  1.060000e+01
     vertex  1.502755e+02  4.948994e+01  1.060000e+01
   endloop
 endfacet
 facet normal  1.215707e-01  9.925828e-01 -0.000000e+00
   outer loop
     vertex  1.502406e+02  4.949422e+01  0.000000e+00
     vertex  1.502406e+02  4.949422e+01  1.060000e+01
     vertex  1.502755e+02  4.948994e+01  0.000000e+00
   endloop
 endfacet
 facet normal  9.464755e-02  9.955108e-01  0.000000e+00
   outer loop
     vertex  1.502055e+02  4.949755e+01  0.000000e+00
     vertex  1.502406e+02  4.949422e+01  1.060000e+01
     vertex  1.502406e+02  4.949422e+01  0.000000e+00
   endloop
 endfacet
 facet normal  9.464755e-02  9.955108e-01 -0.000000e+00
   outer loop
     vertex  1.502055e+02  4.949755e+01  0.000000e+00
     vertex  1.502055e+02  4.949755e+01  1.060000e+01
     vertex  1.502406e+02  4.949422e+01  1.060000e+01
   endloop
 endfacet
 facet normal  6.765502e-02  9.977088e-01  0.000000e+00
   outer loop
     vertex  1.501704e+02  4.949993e+01  0.000000e+00
     vertex  1.502055e+02  4.949755e+01  1.060000e+01
     vertex  1.502055e+02  4.949755e+01  0.000000e+00
   endloop
 endfacet
 facet normal  6.765502e-02  9.977088e-01 -0.000000e+00
   outer loop
     vertex  1.501704e+02  4.949993e+01  0.000000e+00
     vertex  1.501704e+02  4.949993e+01  1.060000e+01
     vertex  1.502055e+02  4.949755e+01  1.060000e+01
   endloop
 endfacet
 facet normal  4.061287e-02  9.991750e-01  0.000000e+00
   outer loop
     vertex  1.501352e+02  4.950136e+01  0.000000e+00
     vertex  1.501704e+02  4.949993e+01  1.060000e+01
     vertex  1.501704e+02  4.949993e+01  0.000000e+00
   endloop
 endfacet
 facet normal  4.061287e-02  9.991750e-01 -0.000000e+00
   outer loop
     vertex  1.501352e+02  4.950136e+01  0.000000e+00
     vertex  1.501352e+02  4.950136e+01  1.060000e+01
     vertex  1.501704e+02  4.949993e+01  1.060000e+01
   endloop
 endfacet
 facet normal  1.354093e-02  9.999083e-01  0.000000e+00
   outer loop
     vertex  1.501000e+02  4.950184e+01  0.000000e+00
     vertex  1.501352e+02  4.950136e+01  1.060000e+01
     vertex  1.501352e+02  4.950136e+01  0.000000e+00
   endloop
 endfacet
 facet normal  1.354093e-02  9.999083e-01 -0.000000e+00
   outer loop
     vertex  1.501000e+02  4.950184e+01  0.000000e+00
     vertex  1.501000e+02  4.950184e+01  1.060000e+01
     vertex  1.501352e+02  4.950136e+01  1.060000e+01
   endloop
 endfacet
 facet normal  4.775153e-17  1.000000e+00  0.000000e+00
   outer loop
     vertex  1.300000e+00  4.950184e+01  0.000000e+00
     vertex  1.501000e+02  4.950184e+01  1.060000e+01
     vertex  1.501000e+02  4.950184e+01  0.000000e+00
   endloop
 endfacet
 facet normal  4.775153e-17  1.000000e+00 -0.000000e+00
   outer loop
     vertex  1.300000e+00  4.950184e+01  0.000000e+00
     vertex  1.300000e+00  4.950184e+01  1.060000e+01
     vertex  1.501000e+02  4.950184e+01  1.060000e+01
   endloop
 endfacet
 facet normal -7.071068e-01  7.071068e-01  0.000000e+00
   outer loop
     vertex  3.410000e+01  1.005092e+01  0.000000e+00
     vertex  3.060000e+01  6.550920e+00  0.000000e+00
     vertex  3.060000e+01  6.550920e+00  2.000000e+00
   endloop
 endfacet
 facet normal -7.071068e-01  7.071068e-01  0.000000e+00
   outer loop
     vertex  3.410000e+01  1.005092e+01  0.000000e+00
     vertex  3.060000e+01  6.550920e+00  2.000000e+00
     vertex  3.410000e+01  1.005092e+01  2.000000e+00
   endloop
 endfacet
 facet normal -7.071068e-01 -7.071068e-01  0.000000e+00
   outer loop
     vertex  3.060000e+01  1.355092e+01  0.000000e+00
     vertex  3.410000e+01  1.005092e+01  0.000000e+00
     vertex  3.410000e+01  1.005092e+01  2.000000e+00
   endloop
 endfacet
 facet normal -7.071068e-01 -7.071068e-01  0.000000e+00
   outer loop
     vertex  3.060000e+01  1.355092e+01  0.000000e+00
     vertex  3.410000e+01  1.005092e+01  2.000000e+00
     vertex  3.060000e+01  1.355092e+01  2.000000e+00
   endloop
 endfacet
 facet normal  0.000000e+00  1.000000e+00  0.000000e+00
   outer loop
     vertex  3.060000e+01  6.550920e+00  0.000000e+00
     vertex  1.360000e+01  6.550920e+00  0.000000e+00
     vertex  1.360000e+01  6.550920e+00  2.000000e+00
   endloop
 endfacet
 facet normal  0.000000e+00  1.000000e+00 -0.000000e+00
   outer loop
     vertex  3.060000e+01  6.550920e+00  0.000000e+00
     vertex  1.360000e+01  6.550920e+00  2.000000e+00
     vertex  3.060000e+01  6.550920e+00  2.000000e+00
   endloop
 endfacet
 facet normal  0.000000e+00 -1.000000e+00  0.000000e+00
   outer loop
     vertex  1.360000e+01  1.355092e+01  0.000000e+00
     vertex  3.060000e+01  1.355092e+01  0.000000e+00
     vertex  3.060000e+01  1.355092e+01  2.000000e+00
   endloop
 endfacet
 facet normal  0.000000e+00 -1.000000e+00  0.000000e+00
   outer loop
     vertex  1.360000e+01  1.355092e+01  0.000000e+00
     vertex  3.060000e+01  1.355092e+01  2.000000e+00
     vertex  1.360000e+01  1.355092e+01  2.000000e+00
   endloop
 endfacet
 facet normal  7.071068e-01  7.071068e-01  0.000000e+00
   outer loop
     vertex  1.360000e+01  6.550920e+00  0.000000e+00
     vertex  1.010000e+01  1.005092e+01  0.000000e+00
     vertex  1.010000e+01  1.005092e+01  2.000000e+00
   endloop
 endfacet
 facet normal  7.071068e-01  7.071068e-01 -0.000000e+00
   outer loop
     vertex  1.360000e+01  6.550920e+00  0.000000e+00
     vertex  1.010000e+01  1.005092e+01  2.000000e+00
     vertex  1.360000e+01  6.550920e+00  2.000000e+00
   endloop
 endfacet
 facet normal  7.071068e-01 -7.071068e-01  0.000000e+00
   outer loop
     vertex  1.010000e+01  1.005092e+01  0.000000e+00
     vertex  1.360000e+01  1.355092e+01  0.000000e+00
     vertex  1.360000e+01  1.355092e+01  2.000000e+00
   endloop
 endfacet
 facet normal  7.071068e-01 -7.071068e-01  0.000000e+00
   outer loop
     vertex  1.010000e+01  1.005092e+01  0.000000e+00
     vertex  1.360000e+01  1.355092e+01  2.000000e+00
     vertex  1.010000e+01  1.005092e+01  2.000000e+00
   endloop
 endfacet
 facet normal -7.071068e-01  7.071068e-01  0.000000e+00
   outer loop
     vertex  6.090000e+01  1.005092e+01  0.000000e+00
     vertex  5.740000e+01  6.550920e+00  0.000000e+00
     vertex  5.740000e+01  6.550920e+00  2.000000e+00
   endloop
 endfacet
 facet normal -7.071068e-01  7.071068e-01  0.000000e+00
   outer loop
     vertex  6.090000e+01  1.005092e+01  0.000000e+00
     vertex  5.740000e+01  6.550920e+00  2.000000e+00
     vertex  6.090000e+01  1.005092e+01  2.000000e+00
   endloop
 endfacet
 facet normal -7.071068e-01 -7.071068e-01  0.000000e+00
   outer loop
     vertex  5.740000e+01  1.355092e+01  0.000000e+00
     vertex  6.090000e+01  1.005092e+01  0.000000e+00
     vertex  6.090000e+01  1.005092e+01  2.000000e+00
   endloop
 endfacet
 facet normal -7.071068e-01 -7.071068e-01  0.000000e+00
   outer loop
     vertex  5.740000e+01  1.355092e+01  0.000000e+00
     vertex  6.090000e+01  1.005092e+01  2.000000e+00
     vertex  5.740000e+01  1.355092e+01  2.000000e+00
   endloop
 endfacet
 facet normal  0.000000e+00  1.000000e+00  0.000000e+00
   outer loop
     vertex  5.740000e+01  6.550920e+00  0.000000e+00
     vertex  4.040000e+01  6.550920e+00  0.000000e+00
     vertex  4.040000e+01  6.550920e+00  2.000000e+00
   endloop
 endfacet
 facet normal  0.000000e+00  1.000000e+00 -0.000000e+00
   outer loop
     vertex  5.740000e+01  6.550920e+00  0.000000e+00
     vertex  4.040000e+01  6.550920e+00  2.000000e+00
     vertex  5.740000e+01  6.550920e+00  2.000000e+00
   endloop
 endfacet
 facet normal  0.000000e+00 -1.000000e+00  0.000000e+00
   outer loop
     vertex  4.040000e+01  1.355092e+01  0.000000e+00
     vertex  5.740000e+01  1.355092e+01  0.000000e+00
     vertex  5.740000e+01  1.355092e+01  2.000000e+00
   endloop
 endfacet
 facet normal  0.000000e+00 -1.000000e+00  0.000000e+00
   outer loop
     vertex  4.040000e+01  1.355092e+01  0.000000e+00
     vertex  5.740000e+01  1.355092e+01  2.000000e+00
     vertex  4.040000e+01  1.355092e+01  2.000000e+00
   endloop
 endfacet
 facet normal  7.071068e-01  7.071068e-01  0.000000e+00
   outer loop
     vertex  4.040000e+01  6.550920e+00  0.000000e+00
     vertex  3.690000e+01  1.005092e+01  0.000000e+00
     vertex  3.690000e+01  1.005092e+01  2.000000e+00
   endloop
 endfacet
 facet normal  7.071068e-01  7.071068e-01 -0.000000e+00
   outer loop
     vertex  4.040000e+01  6.550920e+00  0.000000e+00
     vertex  3.690000e+01  1.005092e+01  2.000000e+00
     vertex  4.040000e+01  6.550920e+00  2.000000e+00
   endloop
 endfacet
 facet normal  7.071068e-01 -7.071068e-01  0.000000e+00
   outer loop
     vertex  3.690000e+01  1.005092e+01  0.000000e+00
     vertex  4.040000e+01  1.355092e+01  0.000000e+00
     vertex  4.040000e+01  1.355092e+01  2.000000e+00
   endloop
 endfacet
 facet normal  7.071068e-01 -7.071068e-01  0.000000e+00
   outer loop
     vertex  3.690000e+01  1.005092e+01  0.000000e+00
     vertex  4.040000e+01  1.355092e+01  2.000000e+00
     vertex  3.690000e+01  1.005092e+01  2.000000e+00
   endloop
 endfacet
 facet normal -7.071068e-01  7.071068e-01  0.000000e+00
   outer loop
     vertex  2.192500e+01  1.985092e+01  0.000000e+00
     vertex  1.842500e+01  1.635092e+01  0.000000e+00
     vertex  1.842500e+01  1.635092e+01  2.000000e+00
   endloop
 endfacet
 facet normal -7.071068e-01  7.071068e-01  0.000000e+00
   outer loop
     vertex  2.192500e+01  1.985092e+01  0.000000e+00
     vertex  1.842500e+01  1.635092e+01  2.000000e+00
     vertex  2.192500e+01  1.985092e+01  2.000000e+00
   endloop
 endfacet
 facet normal -7.071068e-01 -7.071068e-01  0.000000e+00
   outer loop
     vertex  1.842500e+01  2.335092e+01  0.000000e+00
     vertex  2.192500e+01  1.985092e+01  0.000000e+00
     vertex  2.192500e+01  1.985092e+01  2.000000e+00
   endloop
 endfacet
 facet normal -7.071068e-01 -7.071068e-01  0.000000e+00
   outer loop
     vertex  1.842500e+01  2.335092e+01  0.000000e+00
     vertex  2.192500e+01  1.985092e+01  2.000000e+00
     vertex  1.842500e+01  2.335092e+01  2.000000e+00
   endloop
 endfacet
 facet normal  0.000000e+00  1.000000e+00  0.000000e+00
   outer loop
     vertex  1.842500e+01  1.635092e+01  0.000000e+00
     vertex  9.700000e+00  1.635092e+01  0.000000e+00
     vertex  9.700000e+00  1.635092e+01  2.000000e+00
   endloop
 endfacet
 facet normal  0.000000e+00  1.000000e+00 -0.000000e+00
   outer loop
     vertex  1.842500e+01  1.635092e+01  0.000000e+00
     vertex  9.700000e+00  1.635092e+01  2.000000e+00
     vertex  1.842500e+01  1.635092e+01  2.000000e+00
   endloop
 endfacet
 facet normal  0.000000e+00 -1.000000e+00  0.000000e+00
   outer loop
     vertex  9.700000e+00  2.335092e+01  0.000000e+00
     vertex  1.842500e+01  2.335092e+01  0.000000e+00
     vertex  1.842500e+01  2.335092e+01  2.000000e+00
   endloop
 endfacet
 facet normal  0.000000e+00 -1.000000e+00  0.000000e+00
   outer loop
     vertex  9.700000e+00  2.335092e+01  0.000000e+00
     vertex  1.842500e+01  2.335092e+01  2.000000e+00
     vertex  9.700000e+00  2.335092e+01  2.000000e+00
   endloop
 endfacet
 facet normal  7.071068e-01  7.071068e-01  0.000000e+00
   outer loop
     vertex  9.700000e+00  1.635092e+01  0.000000e+00
     vertex  6.200000e+00  1.985092e+01  0.000000e+00
     vertex  6.200000e+00  1.985092e+01  2.000000e+00
   endloop
 endfacet
 facet normal  7.071068e-01  7.071068e-01 -0.000000e+00
   outer loop
     vertex  9.700000e+00  1.635092e+01  0.000000e+00
     vertex  6.200000e+00  1.985092e+01  2.000000e+00
     vertex  9.700000e+00  1.635092e+01  2.000000e+00
   endloop
 endfacet
 facet normal  7.071068e-01 -7.071068e-01  0.000000e+00
   outer loop
     vertex  6.200000e+00  1.985092e+01  0.000000e+00
     vertex  9.700000e+00  2.335092e+01  0.000000e+00
     vertex  9.700000e+00  2.335092e+01  2.000000e+00
   endloop
 endfacet
 facet normal  7.071068e-01 -7.071068e-01  0.000000e+00
   outer loop
     vertex  6.200000e+00  1.985092e+01  0.000000e+00
     vertex  9.700000e+00  2.335092e+01  2.000000e+00
     vertex  6.200000e+00  1.985092e+01  2.000000e+00
   endloop
 endfacet
 facet normal -7.071068e-01  7.071068e-01  0.000000e+00
   outer loop
     vertex  4.045000e+01  1.985092e+01  0.000000e+00
     vertex  3.695000e+01  1.635092e+01  0.000000e+00
     vertex  3.695000e+01  1.635092e+01  2.000000e+00
   endloop
 endfacet
 facet normal -7.071068e-01  7.071068e-01  0.000000e+00
   outer loop
     vertex  4.045000e+01  1.985092e+01  0.000000e+00
     vertex  3.695000e+01  1.635092e+01  2.000000e+00
     vertex  4.045000e+01  1.985092e+01  2.000000e+00
   endloop
 endfacet
 facet normal -7.071068e-01 -7.071068e-01  0.000000e+00
   outer loop
     vertex  3.695000e+01  2.335092e+01  0.000000e+00
     vertex  4.045000e+01  1.985092e+01  0.000000e+00
     vertex  4.045000e+01  1.985092e+01  2.000000e+00
   endloop
 endfacet
 facet normal -7.071068e-01 -7.071068e-01  0.000000e+00
   outer loop
     vertex  3.695000e+01  2.335092e+01  0.000000e+00
     vertex  4.045000e+01  1.985092e+01  2.000000e+00
     vertex  3.695000e+01  2.335092e+01  2.000000e+00
   endloop
 endfacet
 facet normal  0.000000e+00  1.000000e+00  0.000000e+00
   outer loop
     vertex  3.695000e+01  1.635092e+01  0.000000e+00
     vertex  2.822500e+01  1.635092e+01  0.000000e+00
     vertex  2.822500e+01  1.635092e+01  2.000000e+00
   endloop
 endfacet
 facet normal  0.000000e+00  1.000000e+00 -0.000000e+00
   outer loop
     vertex  3.695000e+01  1.635092e+01  0.000000e+00
     vertex  2.822500e+01  1.635092e+01  2.000000e+00
     vertex  3.695000e+01  1.635092e+01  2.000000e+00
   endloop
 endfacet
 facet normal  0.000000e+00 -1.000000e+00  0.000000e+00
   outer loop
     vertex  2.822500e+01  2.335092e+01  0.000000e+00
     vertex  3.695000e+01  2.335092e+01  0.000000e+00
     vertex  3.695000e+01  2.335092e+01  2.000000e+00
   endloop
 endfacet
 facet normal  0.000000e+00 -1.000000e+00  0.000000e+00
   outer loop
     vertex  2.822500e+01  2.335092e+01  0.000000e+00
     vertex  3.695000e+01  2.335092e+01  2.000000e+00
     vertex  2.822500e+01  2.335092e+01  2.000000e+00
   endloop
 endfacet
 facet normal  7.071068e-01  7.071068e-01  0.000000e+00
   outer loop
     vertex  2.822500e+01  1.635092e+01  0.000000e+00
     vertex  2.472500e+01  1.985092e+01  0.000000e+00
     vertex  2.472500e+01  1.985092e+01  2.000000e+00
   endloop
 endfacet
 facet normal  7.071068e-01  7.071068e-01 -0.000000e+00
   outer loop
     vertex  2.822500e+01  1.635092e+01  0.000000e+00
     vertex  2.472500e+01  1.985092e+01  2.000000e+00
     vertex  2.822500e+01  1.635092e+01  2.000000e+00
   endloop
 endfacet
 facet normal  7.071068e-01 -7.071068e-01  0.000000e+00
   outer loop
     vertex  2.472500e+01  1.985092e+01  0.000000e+00
     vertex  2.822500e+01  2.335092e+01  0.000000e+00
     vertex  2.822500e+01  2.335092e+01  2.000000e+00
   endloop
 endfacet
 facet normal  7.071068e-01 -7.071068e-01  0.000000e+00
   outer loop
     vertex  2.472500e+01  1.985092e+01  0.000000e+00
     vertex  2.822500e+01  2.335092e+01  2.000000e+00
     vertex  2.472500e+01  1.985092e+01  2.000000e+00
   endloop
 endfacet
 facet normal -7.071068e-01  7.071068e-01  0.000000e+00
   outer loop
     vertex  7.430000e+01  1.985092e+01  0.000000e+00
     vertex  7.080000e+01  1.635092e+01  0.000000e+00
     vertex  7.080000e+01  1.635092e+01  2.000000e+00
   endloop
 endfacet
 facet normal -7.071068e-01  7.071068e-01  0.000000e+00
   outer loop
     vertex  7.430000e+01  1.985092e+01  0.000000e+00
     vertex  7.080000e+01  1.635092e+01  2.000000e+00
     vertex  7.430000e+01  1.985092e+01  2.000000e+00
   endloop
 endfacet
 facet normal -7.071068e-01 -7.071068e-01  0.000000e+00
   outer loop
     vertex  7.080000e+01  2.335092e+01  0.000000e+00
     vertex  7.430000e+01  1.985092e+01  0.000000e+00
     vertex  7.430000e+01  1.985092e+01  2.000000e+00
   endloop
 endfacet
 facet normal -7.071068e-01 -7.071068e-01  0.000000e+00
   outer loop
     vertex  7.080000e+01  2.335092e+01  0.000000e+00
     vertex  7.430000e+01  1.985092e+01  2.000000e+00
     vertex  7.080000e+01  2.335092e+01  2.000000e+00
   endloop
 endfacet
 facet normal  0.000000e+00  1.000000e+00  0.000000e+00
   outer loop
     vertex  7.080000e+01  1.635092e+01  2.000000e+00
     vertex  6.195000e+01  1.635092e+01  0.000000e+00
     vertex  6.195000e+01  1.635092e+01  2.000000e+00
   endloop
 endfacet
 facet normal  0.000000e+00  1.000000e+00 -0.000000e+00
   outer loop
     vertex  7.080000e+01  1.635092e+01  0.000000e+00
     vertex  6.195000e+01  1.635092e+01  0.000000e+00
     vertex  7.080000e+01  1.635092e+01  2.000000e+00
   endloop
 endfacet
 facet normal  0.000000e+00 -1.000000e+00  0.000000e+00
   outer loop
     vertex  6.195000e+01  2.335092e+01  2.000000e+00
     vertex  7.080000e+01  2.335092e+01  0.000000e+00
     vertex  7.080000e+01  2.335092e+01  2.000000e+00
   endloop
 endfacet
 facet normal  0.000000e+00 -1.000000e+00  0.000000e+00
   outer loop
     vertex  6.195000e+01  2.335092e+01  0.000000e+00
     vertex  7.080000e+01  2.335092e+01  0.000000e+00
     vertex  6.195000e+01  2.335092e+01  2.000000e+00
   endloop
 endfacet
 facet normal  7.071068e-01  7.071068e-01  0.000000e+00
   outer loop
     vertex  6.195000e+01  1.635092e+01  0.000000e+00
     vertex  5.845000e+01  1.985092e+01  0.000000e+00
     vertex  5.845000e+01  1.985092e+01  2.000000e+00
   endloop
 endfacet
 facet normal  7.071068e-01  7.071068e-01 -0.000000e+00
   outer loop
     vertex  6.195000e+01  1.635092e+01  0.000000e+00
     vertex  5.845000e+01  1.985092e+01  2.000000e+00
     vertex  6.195000e+01  1.635092e+01  2.000000e+00
   endloop
 endfacet
 facet normal  7.071068e-01 -7.071068e-01  0.000000e+00
   outer loop
     vertex  5.845000e+01  1.985092e+01  0.000000e+00
     vertex  6.195000e+01  2.335092e+01  0.000000e+00
     vertex  6.195000e+01  2.335092e+01  2.000000e+00
   endloop
 endfacet
 facet normal  7.071068e-01 -7.071068e-01  0.000000e+00
   outer loop
     vertex  5.845000e+01  1.985092e+01  0.000000e+00
     vertex  6.195000e+01  2.335092e+01  2.000000e+00
     vertex  5.845000e+01  1.985092e+01  2.000000e+00
   endloop
 endfacet
 facet normal -7.071068e-01  7.071068e-01  0.000000e+00
   outer loop
     vertex  8.770000e+01  1.005092e+01  0.000000e+00
     vertex  8.420000e+01  6.550920e+00  0.000000e+00
     vertex  8.420000e+01  6.550920e+00  2.000000e+00
   endloop
 endfacet
 facet normal -7.071068e-01  7.071068e-01  0.000000e+00
   outer loop
     vertex  8.770000e+01  1.005092e+01  0.000000e+00
     vertex  8.420000e+01  6.550920e+00  2.000000e+00
     vertex  8.770000e+01  1.005092e+01  2.000000e+00
   endloop
 endfacet
 facet normal -7.071068e-01 -7.071068e-01  0.000000e+00
   outer loop
     vertex  8.420000e+01  1.355092e+01  0.000000e+00
     vertex  8.770000e+01  1.005092e+01  0.000000e+00
     vertex  8.770000e+01  1.005092e+01  2.000000e+00
   endloop
 endfacet
 facet normal -7.071068e-01 -7.071068e-01  0.000000e+00
   outer loop
     vertex  8.420000e+01  1.355092e+01  0.000000e+00
     vertex  8.770000e+01  1.005092e+01  2.000000e+00
     vertex  8.420000e+01  1.355092e+01  2.000000e+00
   endloop
 endfacet
 facet normal  0.000000e+00  1.000000e+00  0.000000e+00
   outer loop
     vertex  8.420000e+01  6.550920e+00  0.000000e+00
     vertex  6.720000e+01  6.550920e+00  0.000000e+00
     vertex  6.720000e+01  6.550920e+00  2.000000e+00
   endloop
 endfacet
 facet normal  0.000000e+00  1.000000e+00 -0.000000e+00
   outer loop
     vertex  8.420000e+01  6.550920e+00  0.000000e+00
     vertex  6.720000e+01  6.550920e+00  2.000000e+00
     vertex  8.420000e+01  6.550920e+00  2.000000e+00
   endloop
 endfacet
 facet normal  0.000000e+00 -1.000000e+00  0.000000e+00
   outer loop
     vertex  6.720000e+01  1.355092e+01  0.000000e+00
     vertex  8.420000e+01  1.355092e+01  0.000000e+00
     vertex  8.420000e+01  1.355092e+01  2.000000e+00
   endloop
 endfacet
 facet normal  0.000000e+00 -1.000000e+00  0.000000e+00
   outer loop
     vertex  6.720000e+01  1.355092e+01  0.000000e+00
     vertex  8.420000e+01  1.355092e+01  2.000000e+00
     vertex  6.720000e+01  1.355092e+01  2.000000e+00
   endloop
 endfacet
 facet normal  7.071068e-01  7.071068e-01  0.000000e+00
   outer loop
     vertex  6.720000e+01  6.550920e+00  0.000000e+00
     vertex  6.370000e+01  1.005092e+01  0.000000e+00
     vertex  6.370000e+01  1.005092e+01  2.000000e+00
   endloop
 endfacet
 facet normal  7.071068e-01  7.071068e-01 -0.000000e+00
   outer loop
     vertex  6.720000e+01  6.550920e+00  0.000000e+00
     vertex  6.370000e+01  1.005092e+01  2.000000e+00
     vertex  6.720000e+01  6.550920e+00  2.000000e+00
   endloop
 endfacet
 facet normal  7.071068e-01 -7.071068e-01  0.000000e+00
   outer loop
     vertex  6.370000e+01  1.005092e+01  0.000000e+00
     vertex  6.720000e+01  1.355092e+01  0.000000e+00
     vertex  6.720000e+01  1.355092e+01  2.000000e+00
   endloop
 endfacet
 facet normal  7.071068e-01 -7.071068e-01  0.000000e+00
   outer loop
     vertex  6.370000e+01  1.005092e+01  0.000000e+00
     vertex  6.720000e+01  1.355092e+01  2.000000e+00
     vertex  6.370000e+01  1.005092e+01  2.000000e+00
   endloop
 endfacet
 facet normal -7.071068e-01  7.071068e-01  0.000000e+00
   outer loop
     vertex  1.145000e+02  1.005092e+01  0.000000e+00
     vertex  1.110000e+02  6.550920e+00  0.000000e+00
     vertex  1.110000e+02  6.550920e+00  2.000000e+00
   endloop
 endfacet
 facet normal -7.071068e-01  7.071068e-01  0.000000e+00
   outer loop
     vertex  1.145000e+02  1.005092e+01  0.000000e+00
     vertex  1.110000e+02  6.550920e+00  2.000000e+00
     vertex  1.145000e+02  1.005092e+01  2.000000e+00
   endloop
 endfacet
 facet normal -7.071068e-01 -7.071068e-01  0.000000e+00
   outer loop
     vertex  1.110000e+02  1.355092e+01  0.000000e+00
     vertex  1.145000e+02  1.005092e+01  0.000000e+00
     vertex  1.145000e+02  1.005092e+01  2.000000e+00
   endloop
 endfacet
 facet normal -7.071068e-01 -7.071068e-01  0.000000e+00
   outer loop
     vertex  1.110000e+02  1.355092e+01  0.000000e+00
     vertex  1.145000e+02  1.005092e+01  2.000000e+00
     vertex  1.110000e+02  1.355092e+01  2.000000e+00
   endloop
 endfacet
 facet normal  0.000000e+00  1.000000e+00  0.000000e+00
   outer loop
     vertex  1.110000e+02  6.550920e+00  0.000000e+00
     vertex  9.400000e+01  6.550920e+00  0.000000e+00
     vertex  9.400000e+01  6.550920e+00  2.000000e+00
   endloop
 endfacet
 facet normal  0.000000e+00  1.000000e+00 -0.000000e+00
   outer loop
     vertex  1.110000e+02  6.550920e+00  0.000000e+00
     vertex  9.400000e+01  6.550920e+00  2.000000e+00
     vertex  1.110000e+02  6.550920e+00  2.000000e+00
   endloop
 endfacet
 facet normal  0.000000e+00 -1.000000e+00  0.000000e+00
   outer loop
     vertex  9.400000e+01  1.355092e+01  0.000000e+00
     vertex  1.110000e+02  1.355092e+01  0.000000e+00
     vertex  1.110000e+02  1.355092e+01  2.000000e+00
   endloop
 endfacet
 facet normal  0.000000e+00 -1.000000e+00  0.000000e+00
   outer loop
     vertex  9.400000e+01  1.355092e+01  0.000000e+00
     vertex  1.110000e+02  1.355092e+01  2.000000e+00
     vertex  9.400000e+01  1.355092e+01  2.000000e+00
   endloop
 endfacet
 facet normal  7.071068e-01  7.071068e-01  0.000000e+00
   outer loop
     vertex  9.400000e+01  6.550920e+00  0.000000e+00
     vertex  9.050000e+01  1.005092e+01  0.000000e+00
     vertex  9.050000e+01  1.005092e+01  2.000000e+00
   endloop
 endfacet
 facet normal  7.071068e-01  7.071068e-01 -0.000000e+00
   outer loop
     vertex  9.400000e+01  6.550920e+00  0.000000e+00
     vertex  9.050000e+01  1.005092e+01  2.000000e+00
     vertex  9.400000e+01  6.550920e+00  2.000000e+00
   endloop
 endfacet
 facet normal  7.071068e-01 -7.071068e-01  0.000000e+00
   outer loop
     vertex  9.050000e+01  1.005092e+01  0.000000e+00
     vertex  9.400000e+01  1.355092e+01  0.000000e+00
     vertex  9.400000e+01  1.355092e+01  2.000000e+00
   endloop
 endfacet
 facet normal  7.071068e-01 -7.071068e-01  0.000000e+00
   outer loop
     vertex  9.050000e+01  1.005092e+01  0.000000e+00
     vertex  9.400000e+01  1.355092e+01  2.000000e+00
     vertex  9.050000e+01  1.005092e+01  2.000000e+00
   endloop
 endfacet
 facet normal -7.071068e-01  7.071068e-01  0.000000e+00
   outer loop
     vertex  1.413000e+02  1.005092e+01  0.000000e+00
     vertex  1.378000e+02  6.550920e+00  0.000000e+00
     vertex  1.378000e+02  6.550920e+00  2.000000e+00
   endloop
 endfacet
 facet normal -7.071068e-01  7.071068e-01  0.000000e+00
   outer loop
     vertex  1.413000e+02  1.005092e+01  0.000000e+00
     vertex  1.378000e+02  6.550920e+00  2.000000e+00
     vertex  1.413000e+02  1.005092e+01  2.000000e+00
   endloop
 endfacet
 facet normal -7.071068e-01 -7.071068e-01  0.000000e+00
   outer loop
     vertex  1.378000e+02  1.355092e+01  0.000000e+00
     vertex  1.413000e+02  1.005092e+01  0.000000e+00
     vertex  1.413000e+02  1.005092e+01  2.000000e+00
   endloop
 endfacet
 facet normal -7.071068e-01 -7.071068e-01  0.000000e+00
   outer loop
     vertex  1.378000e+02  1.355092e+01  0.000000e+00
     vertex  1.413000e+02  1.005092e+01  2.000000e+00
     vertex  1.378000e+02  1.355092e+01  2.000000e+00
   endloop
 endfacet
 facet normal  0.000000e+00  1.000000e+00  0.000000e+00
   outer loop
     vertex  1.378000e+02  6.550920e+00  0.000000e+00
     vertex  1.208000e+02  6.550920e+00  0.000000e+00
     vertex  1.208000e+02  6.550920e+00  2.000000e+00
   endloop
 endfacet
 facet normal  0.000000e+00  1.000000e+00 -0.000000e+00
   outer loop
     vertex  1.378000e+02  6.550920e+00  0.000000e+00
     vertex  1.208000e+02  6.550920e+00  2.000000e+00
     vertex  1.378000e+02  6.550920e+00  2.000000e+00
   endloop
 endfacet
 facet normal  0.000000e+00 -1.000000e+00  0.000000e+00
   outer loop
     vertex  1.208000e+02  1.355092e+01  0.000000e+00
     vertex  1.378000e+02  1.355092e+01  0.000000e+00
     vertex  1.378000e+02  1.355092e+01  2.000000e+00
   endloop
 endfacet
 facet normal  0.000000e+00 -1.000000e+00  0.000000e+00
   outer loop
     vertex  1.208000e+02  1.355092e+01  0.000000e+00
     vertex  1.378000e+02  1.355092e+01  2.000000e+00
     vertex  1.208000e+02  1.355092e+01  2.000000e+00
   endloop
 endfacet
 facet normal  7.071068e-01  7.071068e-01  0.000000e+00
   outer loop
     vertex  1.208000e+02  6.550920e+00  0.000000e+00
     vertex  1.173000e+02  1.005092e+01  0.000000e+00
     vertex  1.173000e+02  1.005092e+01  2.000000e+00
   endloop
 endfacet
 facet normal  7.071068e-01  7.071068e-01 -0.000000e+00
   outer loop
     vertex  1.208000e+02  6.550920e+00  0.000000e+00
     vertex  1.173000e+02  1.005092e+01  2.000000e+00
     vertex  1.208000e+02  6.550920e+00  2.000000e+00
   endloop
 endfacet
 facet normal  7.071068e-01 -7.071068e-01  0.000000e+00
   outer loop
     vertex  1.173000e+02  1.005092e+01  0.000000e+00
     vertex  1.208000e+02  1.355092e+01  0.000000e+00
     vertex  1.208000e+02  1.355092e+01  2.000000e+00
   endloop
 endfacet
 facet normal  7.071068e-01 -7.071068e-01  0.000000e+00
   outer loop
     vertex  1.173000e+02  1.005092e+01  0.000000e+00
     vertex  1.208000e+02  1.355092e+01  2.000000e+00
     vertex  1.173000e+02  1.005092e+01  2.000000e+00
   endloop
 endfacet
 facet normal -7.071068e-01  7.071068e-01  0.000000e+00
   outer loop
     vertex  9.295000e+01  1.985092e+01  0.000000e+00
     vertex  8.945000e+01  1.635092e+01  0.000000e+00
     vertex  8.945000e+01  1.635092e+01  2.000000e+00
   endloop
 endfacet
 facet normal -7.071068e-01  7.071068e-01  0.000000e+00
   outer loop
     vertex  9.295000e+01  1.985092e+01  0.000000e+00
     vertex  8.945000e+01  1.635092e+01  2.000000e+00
     vertex  9.295000e+01  1.985092e+01  2.000000e+00
   endloop
 endfacet
 facet normal -7.071068e-01 -7.071068e-01  0.000000e+00
   outer loop
     vertex  8.945000e+01  2.335092e+01  0.000000e+00
     vertex  9.295000e+01  1.985092e+01  0.000000e+00
     vertex  9.295000e+01  1.985092e+01  2.000000e+00
   endloop
 endfacet
 facet normal -7.071068e-01 -7.071068e-01  0.000000e+00
   outer loop
     vertex  8.945000e+01  2.335092e+01  0.000000e+00
     vertex  9.295000e+01  1.985092e+01  2.000000e+00
     vertex  8.945000e+01  2.335092e+01  2.000000e+00
   endloop
 endfacet
 facet normal  0.000000e+00  1.000000e+00  0.000000e+00
   outer loop
     vertex  8.945000e+01  1.635092e+01  2.000000e+00
     vertex  8.060000e+01  1.635092e+01  0.000000e+00
     vertex  8.060000e+01  1.635092e+01  2.000000e+00
   endloop
 endfacet
 facet normal  0.000000e+00  1.000000e+00 -0.000000e+00
   outer loop
     vertex  8.945000e+01  1.635092e+01  0.000000e+00
     vertex  8.060000e+01  1.635092e+01  0.000000e+00
     vertex  8.945000e+01  1.635092e+01  2.000000e+00
   endloop
 endfacet
 facet normal  0.000000e+00 -1.000000e+00  0.000000e+00
   outer loop
     vertex  8.060000e+01  2.335092e+01  2.000000e+00
     vertex  8.945000e+01  2.335092e+01  0.000000e+00
     vertex  8.945000e+01  2.335092e+01  2.000000e+00
   endloop
 endfacet
 facet normal  0.000000e+00 -1.000000e+00  0.000000e+00
   outer loop
     vertex  8.060000e+01  2.335092e+01  0.000000e+00
     vertex  8.945000e+01  2.335092e+01  0.000000e+00
     vertex  8.060000e+01  2.335092e+01  2.000000e+00
   endloop
 endfacet
 facet normal  7.071068e-01  7.071068e-01  0.000000e+00
   outer loop
     vertex  8.060000e+01  1.635092e+01  0.000000e+00
     vertex  7.710000e+01  1.985092e+01  0.000000e+00
     vertex  7.710000e+01  1.985092e+01  2.000000e+00
   endloop
 endfacet
 facet normal  7.071068e-01  7.071068e-01 -0.000000e+00
   outer loop
     vertex  8.060000e+01  1.635092e+01  0.000000e+00
     vertex  7.710000e+01  1.985092e+01  2.000000e+00
     vertex  8.060000e+01  1.635092e+01  2.000000e+00
   endloop
 endfacet
 facet normal  7.071068e-01 -7.071068e-01  0.000000e+00
   outer loop
     vertex  7.710000e+01  1.985092e+01  0.000000e+00
     vertex  8.060000e+01  2.335092e+01  0.000000e+00
     vertex  8.060000e+01  2.335092e+01  2.000000e+00
   endloop
 endfacet
 facet normal  7.071068e-01 -7.071068e-01  0.000000e+00
   outer loop
     vertex  7.710000e+01  1.985092e+01  0.000000e+00
     vertex  8.060000e+01  2.335092e+01  2.000000e+00
     vertex  7.710000e+01  1.985092e+01  2.000000e+00
   endloop
 endfacet
 facet normal -7.071068e-01  7.071068e-01  0.000000e+00
   outer loop
     vertex  1.266750e+02  1.985092e+01  0.000000e+00
     vertex  1.231750e+02  1.635092e+01  0.000000e+00
     vertex  1.231750e+02  1.635092e+01  2.000000e+00
   endloop
 endfacet
 facet normal -7.071068e-01  7.071068e-01  0.000000e+00
   outer loop
     vertex  1.266750e+02  1.985092e+01  0.000000e+00
     vertex  1.231750e+02  1.635092e+01  2.000000e+00
     vertex  1.266750e+02  1.985092e+01  2.000000e+00
   endloop
 endfacet
 facet normal -7.071068e-01 -7.071068e-01  0.000000e+00
   outer loop
     vertex  1.231750e+02  2.335092e+01  0.000000e+00
     vertex  1.266750e+02  1.985092e+01  0.000000e+00
     vertex  1.266750e+02  1.985092e+01  2.000000e+00
   endloop
 endfacet
 facet normal -7.071068e-01 -7.071068e-01  0.000000e+00
   outer loop
     vertex  1.231750e+02  2.335092e+01  0.000000e+00
     vertex  1.266750e+02  1.985092e+01  2.000000e+00
     vertex  1.231750e+02  2.335092e+01  2.000000e+00
   endloop
 endfacet
 facet normal  0.000000e+00  1.000000e+00  0.000000e+00
   outer loop
     vertex  1.231750e+02  1.635092e+01  0.000000e+00
     vertex  1.144500e+02  1.635092e+01  0.000000e+00
     vertex  1.144500e+02  1.635092e+01  2.000000e+00
   endloop
 endfacet
 facet normal  0.000000e+00  1.000000e+00 -0.000000e+00
   outer loop
     vertex  1.231750e+02  1.635092e+01  0.000000e+00
     vertex  1.144500e+02  1.635092e+01  2.000000e+00
     vertex  1.231750e+02  1.635092e+01  2.000000e+00
   endloop
 endfacet
 facet normal  0.000000e+00 -1.000000e+00  0.000000e+00
   outer loop
     vertex  1.144500e+02  2.335092e+01  0.000000e+00
     vertex  1.231750e+02  2.335092e+01  0.000000e+00
     vertex  1.231750e+02  2.335092e+01  2.000000e+00
   endloop
 endfacet
 facet normal  0.000000e+00 -1.000000e+00  0.000000e+00
   outer loop
     vertex  1.144500e+02  2.335092e+01  0.000000e+00
     vertex  1.231750e+02  2.335092e+01  2.000000e+00
     vertex  1.144500e+02  2.335092e+01  2.000000e+00
   endloop
 endfacet
 facet normal  7.071068e-01  7.071068e-01  0.000000e+00
   outer loop
     vertex  1.144500e+02  1.635092e+01  0.000000e+00
     vertex  1.109500e+02  1.985092e+01  0.000000e+00
     vertex  1.109500e+02  1.985092e+01  2.000000e+00
   endloop
 endfacet
 facet normal  7.071068e-01  7.071068e-01 -0.000000e+00
   outer loop
     vertex  1.144500e+02  1.635092e+01  0.000000e+00
     vertex  1.109500e+02  1.985092e+01  2.000000e+00
     vertex  1.144500e+02  1.635092e+01  2.000000e+00
   endloop
 endfacet
 facet normal  7.071068e-01 -7.071068e-01  0.000000e+00
   outer loop
     vertex  1.109500e+02  1.985092e+01  0.000000e+00
     vertex  1.144500e+02  2.335092e+01  0.000000e+00
     vertex  1.144500e+02  2.335092e+01  2.000000e+00
   endloop
 endfacet
 facet normal  7.071068e-01 -7.071068e-01  0.000000e+00
   outer loop
     vertex  1.109500e+02  1.985092e+01  0.000000e+00
     vertex  1.144500e+02  2.335092e+01  2.000000e+00
     vertex  1.109500e+02  1.985092e+01  2.000000e+00
   endloop
 endfacet
 facet normal -7.071068e-01  7.071068e-01  0.000000e+00
   outer loop
     vertex  1.452000e+02  1.985092e+01  0.000000e+00
     vertex  1.417000e+02  1.635092e+01  0.000000e+00
     vertex  1.417000e+02  1.635092e+01  2.000000e+00
   endloop
 endfacet
 facet normal -7.071068e-01  7.071068e-01  0.000000e+00
   outer loop
     vertex  1.452000e+02  1.985092e+01  0.000000e+00
     vertex  1.417000e+02  1.635092e+01  2.000000e+00
     vertex  1.452000e+02  1.985092e+01  2.000000e+00
   endloop
 endfacet
 facet normal -7.071068e-01 -7.071068e-01  0.000000e+00
   outer loop
     vertex  1.417000e+02  2.335092e+01  0.000000e+00
     vertex  1.452000e+02  1.985092e+01  0.000000e+00
     vertex  1.452000e+02  1.985092e+01  2.000000e+00
   endloop
 endfacet
 facet normal -7.071068e-01 -7.071068e-01  0.000000e+00
   outer loop
     vertex  1.417000e+02  2.335092e+01  0.000000e+00
     vertex  1.452000e+02  1.985092e+01  2.000000e+00
     vertex  1.417000e+02  2.335092e+01  2.000000e+00
   endloop
 endfacet
 facet normal  0.000000e+00  1.000000e+00  0.000000e+00
   outer loop
     vertex  1.417000e+02  1.635092e+01  0.000000e+00
     vertex  1.329750e+02  1.635092e+01  0.000000e+00
     vertex  1.329750e+02  1.635092e+01  2.000000e+00
   endloop
 endfacet
 facet normal  0.000000e+00  1.000000e+00 -0.000000e+00
   outer loop
     vertex  1.417000e+02  1.635092e+01  0.000000e+00
     vertex  1.329750e+02  1.635092e+01  2.000000e+00
     vertex  1.417000e+02  1.635092e+01  2.000000e+00
   endloop
 endfacet
 facet normal  0.000000e+00 -1.000000e+00  0.000000e+00
   outer loop
     vertex  1.329750e+02  2.335092e+01  0.000000e+00
     vertex  1.417000e+02  2.335092e+01  0.000000e+00
     vertex  1.417000e+02  2.335092e+01  2.000000e+00
   endloop
 endfacet
 facet normal  0.000000e+00 -1.000000e+00  0.000000e+00
   outer loop
     vertex  1.329750e+02  2.335092e+01  0.000000e+00
     vertex  1.417000e+02  2.335092e+01  2.000000e+00
     vertex  1.329750e+02  2.335092e+01  2.000000e+00
   endloop
 endfacet
 facet normal  7.071068e-01  7.071068e-01  0.000000e+00
   outer loop
     vertex  1.329750e+02  1.635092e+01  0.000000e+00
     vertex  1.294750e+02  1.985092e+01  0.000000e+00
     vertex  1.294750e+02  1.985092e+01  2.000000e+00
   endloop
 endfacet
 facet normal  7.071068e-01  7.071068e-01 -0.000000e+00
   outer loop
     vertex  1.329750e+02  1.635092e+01  0.000000e+00
     vertex  1.294750e+02  1.985092e+01  2.000000e+00
     vertex  1.329750e+02  1.635092e+01  2.000000e+00
   endloop
 endfacet
 facet normal  7.071068e-01 -7.071068e-01  0.000000e+00
   outer loop
     vertex  1.294750e+02  1.985092e+01  0.000000e+00
     vertex  1.329750e+02  2.335092e+01  0.000000e+00
     vertex  1.329750e+02  2.335092e+01  2.000000e+00
   endloop
 endfacet
 facet normal  7.071068e-01 -7.071068e-01  0.000000e+00
   outer loop
     vertex  1.294750e+02  1.985092e+01  0.000000e+00
     vertex  1.329750e+02  2.335092e+01  2.000000e+00
     vertex  1.294750e+02  1.985092e+01  2.000000e+00
   endloop
 endfacet
 facet normal -7.071068e-01  7.071068e-01  0.000000e+00
   outer loop
     vertex  2.192500e+01  2.965092e+01  0.000000e+00
     vertex  1.842500e+01  2.615092e+01  0.000000e+00
     vertex  1.842500e+01  2.615092e+01  2.000000e+00
   endloop
 endfacet
 facet normal -7.071068e-01  7.071068e-01  0.000000e+00
   outer loop
     vertex  2.192500e+01  2.965092e+01  0.000000e+00
     vertex  1.842500e+01  2.615092e+01  2.000000e+00
     vertex  2.192500e+01  2.965092e+01  2.000000e+00
   endloop
 endfacet
 facet normal -7.071068e-01 -7.071068e-01  0.000000e+00
   outer loop
     vertex  1.842500e+01  3.315092e+01  0.000000e+00
     vertex  2.192500e+01  2.965092e+01  0.000000e+00
     vertex  2.192500e+01  2.965092e+01  2.000000e+00
   endloop
 endfacet
 facet normal -7.071068e-01 -7.071068e-01  0.000000e+00
   outer loop
     vertex  1.842500e+01  3.315092e+01  0.000000e+00
     vertex  2.192500e+01  2.965092e+01  2.000000e+00
     vertex  1.842500e+01  3.315092e+01  2.000000e+00
   endloop
 endfacet
 facet normal  0.000000e+00  1.000000e+00  0.000000e+00
   outer loop
     vertex  1.842500e+01  2.615092e+01  0.000000e+00
     vertex  9.700000e+00  2.615092e+01  0.000000e+00
     vertex  9.700000e+00  2.615092e+01  2.000000e+00
   endloop
 endfacet
 facet normal  0.000000e+00  1.000000e+00 -0.000000e+00
   outer loop
     vertex  1.842500e+01  2.615092e+01  0.000000e+00
     vertex  9.700000e+00  2.615092e+01  2.000000e+00
     vertex  1.842500e+01  2.615092e+01  2.000000e+00
   endloop
 endfacet
 facet normal  0.000000e+00 -1.000000e+00  0.000000e+00
   outer loop
     vertex  9.700000e+00  3.315092e+01  0.000000e+00
     vertex  1.842500e+01  3.315092e+01  0.000000e+00
     vertex  1.842500e+01  3.315092e+01  2.000000e+00
   endloop
 endfacet
 facet normal  0.000000e+00 -1.000000e+00  0.000000e+00
   outer loop
     vertex  9.700000e+00  3.315092e+01  0.000000e+00
     vertex  1.842500e+01  3.315092e+01  2.000000e+00
     vertex  9.700000e+00  3.315092e+01  2.000000e+00
   endloop
 endfacet
 facet normal  7.071068e-01  7.071068e-01  0.000000e+00
   outer loop
     vertex  9.700000e+00  2.615092e+01  0.000000e+00
     vertex  6.200000e+00  2.965092e+01  0.000000e+00
     vertex  6.200000e+00  2.965092e+01  2.000000e+00
   endloop
 endfacet
 facet normal  7.071068e-01  7.071068e-01 -0.000000e+00
   outer loop
     vertex  9.700000e+00  2.615092e+01  0.000000e+00
     vertex  6.200000e+00  2.965092e+01  2.000000e+00
     vertex  9.700000e+00  2.615092e+01  2.000000e+00
   endloop
 endfacet
 facet normal  7.071068e-01 -7.071068e-01  0.000000e+00
   outer loop
     vertex  6.200000e+00  2.965092e+01  0.000000e+00
     vertex  9.700000e+00  3.315092e+01  0.000000e+00
     vertex  9.700000e+00  3.315092e+01  2.000000e+00
   endloop
 endfacet
 facet normal  7.071068e-01 -7.071068e-01  0.000000e+00
   outer loop
     vertex  6.200000e+00  2.965092e+01  0.000000e+00
     vertex  9.700000e+00  3.315092e+01  2.000000e+00
     vertex  6.200000e+00  2.965092e+01  2.000000e+00
   endloop
 endfacet
 facet normal -7.071068e-01  7.071068e-01  0.000000e+00
   outer loop
     vertex  4.045000e+01  2.965092e+01  0.000000e+00
     vertex  3.695000e+01  2.615092e+01  0.000000e+00
     vertex  3.695000e+01  2.615092e+01  2.000000e+00
   endloop
 endfacet
 facet normal -7.071068e-01  7.071068e-01  0.000000e+00
   outer loop
     vertex  4.045000e+01  2.965092e+01  0.000000e+00
     vertex  3.695000e+01  2.615092e+01  2.000000e+00
     vertex  4.045000e+01  2.965092e+01  2.000000e+00
   endloop
 endfacet
 facet normal -7.071068e-01 -7.071068e-01  0.000000e+00
   outer loop
     vertex  3.695000e+01  3.315092e+01  0.000000e+00
     vertex  4.045000e+01  2.965092e+01  0.000000e+00
     vertex  4.045000e+01  2.965092e+01  2.000000e+00
   endloop
 endfacet
 facet normal -7.071068e-01 -7.071068e-01  0.000000e+00
   outer loop
     vertex  3.695000e+01  3.315092e+01  0.000000e+00
     vertex  4.045000e+01  2.965092e+01  2.000000e+00
     vertex  3.695000e+01  3.315092e+01  2.000000e+00
   endloop
 endfacet
 facet normal  0.000000e+00  1.000000e+00  0.000000e+00
   outer loop
     vertex  3.695000e+01  2.615092e+01  0.000000e+00
     vertex  2.822500e+01  2.615092e+01  0.000000e+00
     vertex  2.822500e+01  2.615092e+01  2.000000e+00
   endloop
 endfacet
 facet normal  0.000000e+00  1.000000e+00 -0.000000e+00
   outer loop
     vertex  3.695000e+01  2.615092e+01  0.000000e+00
     vertex  2.822500e+01  2.615092e+01  2.000000e+00
     vertex  3.695000e+01  2.615092e+01  2.000000e+00
   endloop
 endfacet
 facet normal  0.000000e+00 -1.000000e+00  0.000000e+00
   outer loop
     vertex  2.822500e+01  3.315092e+01  0.000000e+00
     vertex  3.695000e+01  3.315092e+01  0.000000e+00
     vertex  3.695000e+01  3.315092e+01  2.000000e+00
   endloop
 endfacet
 facet normal  0.000000e+00 -1.000000e+00  0.000000e+00
   outer loop
     vertex  2.822500e+01  3.315092e+01  0.000000e+00
     vertex  3.695000e+01  3.315092e+01  2.000000e+00
     vertex  2.822500e+01  3.315092e+01  2.000000e+00
   endloop
 endfacet
 facet normal  7.071068e-01  7.071068e-01  0.000000e+00
   outer loop
     vertex  2.822500e+01  2.615092e+01  0.000000e+00
     vertex  2.472500e+01  2.965092e+01  0.000000e+00
     vertex  2.472500e+01  2.965092e+01  2.000000e+00
   endloop
 endfacet
 facet normal  7.071068e-01  7.071068e-01 -0.000000e+00
   outer loop
     vertex  2.822500e+01  2.615092e+01  0.000000e+00
     vertex  2.472500e+01  2.965092e+01  2.000000e+00
     vertex  2.822500e+01  2.615092e+01  2.000000e+00
   endloop
 endfacet
 facet normal  7.071068e-01 -7.071068e-01  0.000000e+00
   outer loop
     vertex  2.472500e+01  2.965092e+01  0.000000e+00
     vertex  2.822500e+01  3.315092e+01  0.000000e+00
     vertex  2.822500e+01  3.315092e+01  2.000000e+00
   endloop
 endfacet
 facet normal  7.071068e-01 -7.071068e-01  0.000000e+00
   outer loop
     vertex  2.472500e+01  2.965092e+01  0.000000e+00
     vertex  2.822500e+01  3.315092e+01  2.000000e+00
     vertex  2.472500e+01  2.965092e+01  2.000000e+00
   endloop
 endfacet
 facet normal -9.999059e-01 -1.371831e-02  0.000000e+00
   outer loop
     vertex  5.114936e+01  2.479756e+01  2.000000e+00
     vertex  5.115000e+01  2.475092e+01  0.000000e+00
     vertex  5.115000e+01  2.475092e+01  2.000000e+00
   endloop
 endfacet
 facet normal -9.999059e-01 -1.371831e-02 -0.000000e+00
   outer loop
     vertex  5.114936e+01  2.479756e+01  2.000000e+00
     vertex  5.114936e+01  2.479756e+01  0.000000e+00
     vertex  5.115000e+01  2.475092e+01  0.000000e+00
   endloop
 endfacet
 facet normal -9.991532e-01 -4.114462e-02 -0.000000e+00
   outer loop
     vertex  5.114744e+01  2.484416e+01  2.000000e+00
     vertex  5.114744e+01  2.484416e+01  0.000000e+00
     vertex  5.114936e+01  2.479756e+01  0.000000e+00
   endloop
 endfacet
 facet normal -9.991532e-01 -4.114462e-02  0.000000e+00
   outer loop
     vertex  5.114744e+01  2.484416e+01  2.000000e+00
     vertex  5.114936e+01  2.479756e+01  0.000000e+00
     vertex  5.114936e+01  2.479756e+01  2.000000e+00
   endloop
 endfacet
 facet normal -9.976484e-01 -6.853995e-02 -0.000000e+00
   outer loop
     vertex  5.114424e+01  2.489069e+01  2.000000e+00
     vertex  5.114424e+01  2.489069e+01  0.000000e+00
     vertex  5.114744e+01  2.484416e+01  0.000000e+00
   endloop
 endfacet
 facet normal -9.976484e-01 -6.853995e-02  0.000000e+00
   outer loop
     vertex  5.114424e+01  2.489069e+01  2.000000e+00
     vertex  5.114744e+01  2.484416e+01  0.000000e+00
     vertex  5.114744e+01  2.484416e+01  2.000000e+00
   endloop
 endfacet
 facet normal -9.953925e-01 -9.588368e-02 -0.000000e+00
   outer loop
     vertex  5.113977e+01  2.493712e+01  2.000000e+00
     vertex  5.113977e+01  2.493712e+01  0.000000e+00
     vertex  5.114424e+01  2.489069e+01  0.000000e+00
   endloop
 endfacet
 facet normal -9.953925e-01 -9.588368e-02  0.000000e+00
   outer loop
     vertex  5.113977e+01  2.493712e+01  2.000000e+00
     vertex  5.114424e+01  2.489069e+01  0.000000e+00
     vertex  5.114424e+01  2.489069e+01  2.000000e+00
   endloop
 endfacet
 facet normal -9.923874e-01 -1.231552e-01 -0.000000e+00
   outer loop
     vertex  5.113403e+01  2.498341e+01  2.000000e+00
     vertex  5.113403e+01  2.498341e+01  0.000000e+00
     vertex  5.113977e+01  2.493712e+01  0.000000e+00
   endloop
 endfacet
 facet normal -9.923874e-01 -1.231552e-01  0.000000e+00
   outer loop
     vertex  5.113403e+01  2.498341e+01  2.000000e+00
     vertex  5.113977e+01  2.493712e+01  0.000000e+00
     vertex  5.113977e+01  2.493712e+01  2.000000e+00
   endloop
 endfacet
 facet normal -9.886353e-01 -1.503341e-01 -0.000000e+00
   outer loop
     vertex  5.112702e+01  2.502952e+01  2.000000e+00
     vertex  5.112702e+01  2.502952e+01  0.000000e+00
     vertex  5.113403e+01  2.498341e+01  0.000000e+00
   endloop
 endfacet
 facet normal -9.886353e-01 -1.503341e-01  0.000000e+00
   outer loop
     vertex  5.112702e+01  2.502952e+01  2.000000e+00
     vertex  5.113403e+01  2.498341e+01  0.000000e+00
     vertex  5.113403e+01  2.498341e+01  2.000000e+00
   endloop
 endfacet
 facet normal -9.841389e-01 -1.773998e-01 -0.000000e+00
   outer loop
     vertex  5.111874e+01  2.507542e+01  2.000000e+00
     vertex  5.111874e+01  2.507542e+01  0.000000e+00
     vertex  5.112702e+01  2.502952e+01  0.000000e+00
   endloop
 endfacet
 facet normal -9.841389e-01 -1.773998e-01  0.000000e+00
   outer loop
     vertex  5.111874e+01  2.507542e+01  2.000000e+00
     vertex  5.112702e+01  2.502952e+01  0.000000e+00
     vertex  5.112702e+01  2.502952e+01  2.000000e+00
   endloop
 endfacet
 facet normal -9.789017e-01 -2.043319e-01 -0.000000e+00
   outer loop
     vertex  5.110921e+01  2.512108e+01  2.000000e+00
     vertex  5.110921e+01  2.512108e+01  0.000000e+00
     vertex  5.111874e+01  2.507542e+01  0.000000e+00
   endloop
 endfacet
 facet normal -9.789017e-01 -2.043319e-01  0.000000e+00
   outer loop
     vertex  5.110921e+01  2.512108e+01  2.000000e+00
     vertex  5.111874e+01  2.507542e+01  0.000000e+00
     vertex  5.111874e+01  2.507542e+01  2.000000e+00
   endloop
 endfacet
 facet normal -9.729276e-01 -2.311102e-01 -0.000000e+00
   outer loop
     vertex  5.109843e+01  2.516646e+01  2.000000e+00
     vertex  5.109843e+01  2.516646e+01  0.000000e+00
     vertex  5.110921e+01  2.512108e+01  0.000000e+00
   endloop
 endfacet
 facet normal -9.729276e-01 -2.311102e-01  0.000000e+00
   outer loop
     vertex  5.109843e+01  2.516646e+01  2.000000e+00
     vertex  5.110921e+01  2.512108e+01  0.000000e+00
     vertex  5.110921e+01  2.512108e+01  2.000000e+00
   endloop
 endfacet
 facet normal -9.662211e-01 -2.577146e-01  0.000000e+00
   outer loop
     vertex  5.108641e+01  2.521153e+01  2.000000e+00
     vertex  5.109843e+01  2.516646e+01  0.000000e+00
     vertex  5.109843e+01  2.516646e+01  2.000000e+00
   endloop
 endfacet
 facet normal -9.662211e-01 -2.577146e-01 -0.000000e+00
   outer loop
     vertex  5.108641e+01  2.521153e+01  2.000000e+00
     vertex  5.108641e+01  2.521153e+01  0.000000e+00
     vertex  5.109843e+01  2.516646e+01  0.000000e+00
   endloop
 endfacet
 facet normal -9.587873e-01 -2.841250e-01  0.000000e+00
   outer loop
     vertex  5.107316e+01  2.525625e+01  2.000000e+00
     vertex  5.108641e+01  2.521153e+01  0.000000e+00
     vertex  5.108641e+01  2.521153e+01  2.000000e+00
   endloop
 endfacet
 facet normal -9.587873e-01 -2.841250e-01 -0.000000e+00
   outer loop
     vertex  5.107316e+01  2.525625e+01  2.000000e+00
     vertex  5.107316e+01  2.525625e+01  0.000000e+00
     vertex  5.108641e+01  2.521153e+01  0.000000e+00
   endloop
 endfacet
 facet normal -9.506317e-01 -3.103214e-01  0.000000e+00
   outer loop
     vertex  5.105868e+01  2.530059e+01  2.000000e+00
     vertex  5.107316e+01  2.525625e+01  0.000000e+00
     vertex  5.107316e+01  2.525625e+01  2.000000e+00
   endloop
 endfacet
 facet normal -9.506317e-01 -3.103214e-01 -0.000000e+00
   outer loop
     vertex  5.105868e+01  2.530059e+01  2.000000e+00
     vertex  5.105868e+01  2.530059e+01  0.000000e+00
     vertex  5.107316e+01  2.525625e+01  0.000000e+00
   endloop
 endfacet
 facet normal -9.417605e-01 -3.362843e-01  0.000000e+00
   outer loop
     vertex  5.104300e+01  2.534451e+01  2.000000e+00
     vertex  5.105868e+01  2.530059e+01  0.000000e+00
     vertex  5.105868e+01  2.530059e+01  2.000000e+00
   endloop
 endfacet
 facet normal -9.417605e-01 -3.362843e-01 -0.000000e+00
   outer loop
     vertex  5.104300e+01  2.534451e+01  2.000000e+00
     vertex  5.104300e+01  2.534451e+01  0.000000e+00
     vertex  5.105868e+01  2.530059e+01  0.000000e+00
   endloop
 endfacet
 facet normal -9.321804e-01 -3.619940e-01  0.000000e+00
   outer loop
     vertex  5.102612e+01  2.538799e+01  2.000000e+00
     vertex  5.104300e+01  2.534451e+01  0.000000e+00
     vertex  5.104300e+01  2.534451e+01  2.000000e+00
   endloop
 endfacet
 facet normal -9.321804e-01 -3.619940e-01 -0.000000e+00
   outer loop
     vertex  5.102612e+01  2.538799e+01  2.000000e+00
     vertex  5.102612e+01  2.538799e+01  0.000000e+00
     vertex  5.104300e+01  2.534451e+01  0.000000e+00
   endloop
 endfacet
 facet normal -9.218986e-01 -3.874313e-01  0.000000e+00
   outer loop
     vertex  5.100804e+01  2.543099e+01  2.000000e+00
     vertex  5.102612e+01  2.538799e+01  0.000000e+00
     vertex  5.102612e+01  2.538799e+01  2.000000e+00
   endloop
 endfacet
 facet normal -9.218986e-01 -3.874313e-01 -0.000000e+00
   outer loop
     vertex  5.100804e+01  2.543099e+01  2.000000e+00
     vertex  5.100804e+01  2.543099e+01  0.000000e+00
     vertex  5.102612e+01  2.538799e+01  0.000000e+00
   endloop
 endfacet
 facet normal -9.109228e-01 -4.125769e-01  0.000000e+00
   outer loop
     vertex  5.098880e+01  2.547348e+01  2.000000e+00
     vertex  5.100804e+01  2.543099e+01  0.000000e+00
     vertex  5.100804e+01  2.543099e+01  2.000000e+00
   endloop
 endfacet
 facet normal -9.109228e-01 -4.125769e-01 -0.000000e+00
   outer loop
     vertex  5.098880e+01  2.547348e+01  2.000000e+00
     vertex  5.098880e+01  2.547348e+01  0.000000e+00
     vertex  5.100804e+01  2.543099e+01  0.000000e+00
   endloop
 endfacet
 facet normal -8.992613e-01 -4.374119e-01  0.000000e+00
   outer loop
     vertex  5.096840e+01  2.551542e+01  2.000000e+00
     vertex  5.098880e+01  2.547348e+01  0.000000e+00
     vertex  5.098880e+01  2.547348e+01  2.000000e+00
   endloop
 endfacet
 facet normal -8.992613e-01 -4.374119e-01 -0.000000e+00
   outer loop
     vertex  5.096840e+01  2.551542e+01  2.000000e+00
     vertex  5.096840e+01  2.551542e+01  0.000000e+00
     vertex  5.098880e+01  2.547348e+01  0.000000e+00
   endloop
 endfacet
 facet normal -8.869228e-01 -4.619176e-01 -0.000000e+00
   outer loop
     vertex  5.096840e+01  2.551542e+01  2.000000e+00
     vertex  5.094685e+01  2.555679e+01  0.000000e+00
     vertex  5.096840e+01  2.551542e+01  0.000000e+00
   endloop
 endfacet
 facet normal -8.869228e-01 -4.619176e-01 -0.000000e+00
   outer loop
     vertex  5.094685e+01  2.555679e+01  2.000000e+00
     vertex  5.094685e+01  2.555679e+01  0.000000e+00
     vertex  5.096840e+01  2.551542e+01  2.000000e+00
   endloop
 endfacet
 facet normal -8.739167e-01 -4.860756e-01  0.000000e+00
   outer loop
     vertex  5.092418e+01  2.559755e+01  2.000000e+00
     vertex  5.094685e+01  2.555679e+01  0.000000e+00
     vertex  5.094685e+01  2.555679e+01  2.000000e+00
   endloop
 endfacet
 facet normal -8.739167e-01 -4.860756e-01 -0.000000e+00
   outer loop
     vertex  5.092418e+01  2.559755e+01  2.000000e+00
     vertex  5.092418e+01  2.559755e+01  0.000000e+00
     vertex  5.094685e+01  2.555679e+01  0.000000e+00
   endloop
 endfacet
 facet normal -8.602528e-01 -5.098678e-01  0.000000e+00
   outer loop
     vertex  5.090040e+01  2.563768e+01  2.000000e+00
     vertex  5.092418e+01  2.559755e+01  0.000000e+00
     vertex  5.092418e+01  2.559755e+01  2.000000e+00
   endloop
 endfacet
 facet normal -8.602528e-01 -5.098678e-01 -0.000000e+00
   outer loop
     vertex  5.090040e+01  2.563768e+01  2.000000e+00
     vertex  5.090040e+01  2.563768e+01  0.000000e+00
     vertex  5.092418e+01  2.559755e+01  0.000000e+00
   endloop
 endfacet
 facet normal -8.459413e-01 -5.332761e-01  0.000000e+00
   outer loop
     vertex  5.087553e+01  2.567713e+01  2.000000e+00
     vertex  5.090040e+01  2.563768e+01  0.000000e+00
     vertex  5.090040e+01  2.563768e+01  2.000000e+00
   endloop
 endfacet
 facet normal -8.459413e-01 -5.332761e-01 -0.000000e+00
   outer loop
     vertex  5.087553e+01  2.567713e+01  2.000000e+00
     vertex  5.087553e+01  2.567713e+01  0.000000e+00
     vertex  5.090040e+01  2.563768e+01  0.000000e+00
   endloop
 endfacet
 facet normal -8.309929e-01 -5.562829e-01 -0.000000e+00
   outer loop
     vertex  5.084958e+01  2.571589e+01  2.000000e+00
     vertex  5.084958e+01  2.571589e+01  0.000000e+00
     vertex  5.087553e+01  2.567713e+01  0.000000e+00
   endloop
 endfacet
 facet normal -8.309929e-01 -5.562829e-01  0.000000e+00
   outer loop
     vertex  5.084958e+01  2.571589e+01  2.000000e+00
     vertex  5.087553e+01  2.567713e+01  0.000000e+00
     vertex  5.087553e+01  2.567713e+01  2.000000e+00
   endloop
 endfacet
 facet normal -8.154191e-01 -5.788711e-01 -0.000000e+00
   outer loop
     vertex  5.082258e+01  2.575392e+01  2.000000e+00
     vertex  5.082258e+01  2.575392e+01  0.000000e+00
     vertex  5.084958e+01  2.571589e+01  0.000000e+00
   endloop
 endfacet
 facet normal -8.154191e-01 -5.788711e-01  0.000000e+00
   outer loop
     vertex  5.082258e+01  2.575392e+01  2.000000e+00
     vertex  5.084958e+01  2.571589e+01  0.000000e+00
     vertex  5.084958e+01  2.571589e+01  2.000000e+00
   endloop
 endfacet
 facet normal -7.992314e-01 -6.010234e-01 -0.000000e+00
   outer loop
     vertex  5.079455e+01  2.579120e+01  2.000000e+00
     vertex  5.079455e+01  2.579120e+01  0.000000e+00
     vertex  5.082258e+01  2.575392e+01  0.000000e+00
   endloop
 endfacet
 facet normal -7.824421e-01 -6.227234e-01 -0.000000e+00
   outer loop
     vertex  5.079455e+01  2.579120e+01  2.000000e+00
     vertex  5.076550e+01  2.582770e+01  0.000000e+00
     vertex  5.079455e+01  2.579120e+01  0.000000e+00
   endloop
 endfacet
 facet normal -7.992314e-01 -6.010234e-01  0.000000e+00
   outer loop
     vertex  5.079455e+01  2.579120e+01  2.000000e+00
     vertex  5.082258e+01  2.575392e+01  0.000000e+00
     vertex  5.082258e+01  2.575392e+01  2.000000e+00
   endloop
 endfacet
 facet normal -7.824421e-01 -6.227234e-01 -0.000000e+00
   outer loop
     vertex  5.076550e+01  2.582770e+01  2.000000e+00
     vertex  5.076550e+01  2.582770e+01  0.000000e+00
     vertex  5.079455e+01  2.579120e+01  2.000000e+00
   endloop
 endfacet
 facet normal -7.650637e-01 -6.439545e-01 -0.000000e+00
   outer loop
     vertex  5.073547e+01  2.586338e+01  2.000000e+00
     vertex  5.073547e+01  2.586338e+01  0.000000e+00
     vertex  5.076550e+01  2.582770e+01  0.000000e+00
   endloop
 endfacet
 facet normal -7.650637e-01 -6.439545e-01  0.000000e+00
   outer loop
     vertex  5.073547e+01  2.586338e+01  2.000000e+00
     vertex  5.076550e+01  2.582770e+01  0.000000e+00
     vertex  5.076550e+01  2.582770e+01  2.000000e+00
   endloop
 endfacet
 facet normal -7.471095e-01 -6.647010e-01 -0.000000e+00
   outer loop
     vertex  5.070447e+01  2.589823e+01  2.000000e+00
     vertex  5.070447e+01  2.589823e+01  0.000000e+00
     vertex  5.073547e+01  2.586338e+01  0.000000e+00
   endloop
 endfacet
 facet normal -7.471095e-01 -6.647010e-01  0.000000e+00
   outer loop
     vertex  5.070447e+01  2.589823e+01  2.000000e+00
     vertex  5.073547e+01  2.586338e+01  0.000000e+00
     vertex  5.073547e+01  2.586338e+01  2.000000e+00
   endloop
 endfacet
 facet normal -7.285929e-01 -6.849470e-01 -0.000000e+00
   outer loop
     vertex  5.067252e+01  2.593221e+01  2.000000e+00
     vertex  5.067252e+01  2.593221e+01  0.000000e+00
     vertex  5.070447e+01  2.589823e+01  0.000000e+00
   endloop
 endfacet
 facet normal -7.285929e-01 -6.849470e-01  0.000000e+00
   outer loop
     vertex  5.067252e+01  2.593221e+01  2.000000e+00
     vertex  5.070447e+01  2.589823e+01  0.000000e+00
     vertex  5.070447e+01  2.589823e+01  2.000000e+00
   endloop
 endfacet
 facet normal -7.095278e-01 -7.046775e-01 -0.000000e+00
   outer loop
     vertex  5.063965e+01  2.596531e+01  2.000000e+00
     vertex  5.063965e+01  2.596531e+01  0.000000e+00
     vertex  5.067252e+01  2.593221e+01  0.000000e+00
   endloop
 endfacet
 facet normal -7.095278e-01 -7.046775e-01  0.000000e+00
   outer loop
     vertex  5.063965e+01  2.596531e+01  2.000000e+00
     vertex  5.067252e+01  2.593221e+01  0.000000e+00
     vertex  5.067252e+01  2.593221e+01  2.000000e+00
   endloop
 endfacet
 facet normal -6.899286e-01 -7.238775e-01 -0.000000e+00
   outer loop
     vertex  5.060589e+01  2.599749e+01  2.000000e+00
     vertex  5.060589e+01  2.599749e+01  0.000000e+00
     vertex  5.063965e+01  2.596531e+01  0.000000e+00
   endloop
 endfacet
 facet normal -6.899286e-01 -7.238775e-01  0.000000e+00
   outer loop
     vertex  5.060589e+01  2.599749e+01  2.000000e+00
     vertex  5.063965e+01  2.596531e+01  0.000000e+00
     vertex  5.063965e+01  2.596531e+01  2.000000e+00
   endloop
 endfacet
 facet normal -6.698100e-01 -7.425325e-01 -0.000000e+00
   outer loop
     vertex  5.057125e+01  2.602873e+01  2.000000e+00
     vertex  5.057125e+01  2.602873e+01  0.000000e+00
     vertex  5.060589e+01  2.599749e+01  0.000000e+00
   endloop
 endfacet
 facet normal -6.698100e-01 -7.425325e-01  0.000000e+00
   outer loop
     vertex  5.057125e+01  2.602873e+01  2.000000e+00
     vertex  5.060589e+01  2.599749e+01  0.000000e+00
     vertex  5.060589e+01  2.599749e+01  2.000000e+00
   endloop
 endfacet
 facet normal -6.491872e-01 -7.606287e-01 -0.000000e+00
   outer loop
     vertex  5.053578e+01  2.605901e+01  2.000000e+00
     vertex  5.053578e+01  2.605901e+01  0.000000e+00
     vertex  5.057125e+01  2.602873e+01  0.000000e+00
   endloop
 endfacet
 facet normal -6.491872e-01 -7.606287e-01  0.000000e+00
   outer loop
     vertex  5.053578e+01  2.605901e+01  2.000000e+00
     vertex  5.057125e+01  2.602873e+01  0.000000e+00
     vertex  5.057125e+01  2.602873e+01  2.000000e+00
   endloop
 endfacet
 facet normal -6.280757e-01 -7.781522e-01 -0.000000e+00
   outer loop
     vertex  5.049948e+01  2.608830e+01  2.000000e+00
     vertex  5.049948e+01  2.608830e+01  0.000000e+00
     vertex  5.053578e+01  2.605901e+01  0.000000e+00
   endloop
 endfacet
 facet normal -6.064915e-01 -7.950900e-01 -0.000000e+00
   outer loop
     vertex  5.049948e+01  2.608830e+01  2.000000e+00
     vertex  5.046240e+01  2.611659e+01  0.000000e+00
     vertex  5.049948e+01  2.608830e+01  0.000000e+00
   endloop
 endfacet
 facet normal -6.280757e-01 -7.781522e-01  0.000000e+00
   outer loop
     vertex  5.049948e+01  2.608830e+01  2.000000e+00
     vertex  5.053578e+01  2.605901e+01  0.000000e+00
     vertex  5.053578e+01  2.605901e+01  2.000000e+00
   endloop
 endfacet
 facet normal -6.064915e-01 -7.950900e-01 -0.000000e+00
   outer loop
     vertex  5.046240e+01  2.611659e+01  2.000000e+00
     vertex  5.046240e+01  2.611659e+01  0.000000e+00
     vertex  5.049948e+01  2.608830e+01  2.000000e+00
   endloop
 endfacet
 facet normal -5.844507e-01 -8.114292e-01  0.000000e+00
   outer loop
     vertex  5.042455e+01  2.614385e+01  2.000000e+00
     vertex  5.046240e+01  2.611659e+01  0.000000e+00
     vertex  5.046240e+01  2.611659e+01  2.000000e+00
   endloop
 endfacet
 facet normal -5.844507e-01 -8.114292e-01 -0.000000e+00
   outer loop
     vertex  5.042455e+01  2.614385e+01  2.000000e+00
     vertex  5.042455e+01  2.614385e+01  0.000000e+00
     vertex  5.046240e+01  2.611659e+01  0.000000e+00
   endloop
 endfacet
 facet normal -5.619699e-01 -8.271577e-01 -0.000000e+00
   outer loop
     vertex  5.038597e+01  2.617006e+01  2.000000e+00
     vertex  5.038597e+01  2.617006e+01  0.000000e+00
     vertex  5.042455e+01  2.614385e+01  0.000000e+00
   endloop
 endfacet
 facet normal -5.619699e-01 -8.271577e-01  0.000000e+00
   outer loop
     vertex  5.038597e+01  2.617006e+01  2.000000e+00
     vertex  5.042455e+01  2.614385e+01  0.000000e+00
     vertex  5.042455e+01  2.614385e+01  2.000000e+00
   endloop
 endfacet
 facet normal -5.390661e-01 -8.422635e-01  0.000000e+00
   outer loop
     vertex  5.034668e+01  2.619520e+01  2.000000e+00
     vertex  5.038597e+01  2.617006e+01  0.000000e+00
     vertex  5.038597e+01  2.617006e+01  2.000000e+00
   endloop
 endfacet
 facet normal -5.390661e-01 -8.422635e-01 -0.000000e+00
   outer loop
     vertex  5.034668e+01  2.619520e+01  2.000000e+00
     vertex  5.034668e+01  2.619520e+01  0.000000e+00
     vertex  5.038597e+01  2.617006e+01  0.000000e+00
   endloop
 endfacet
 facet normal -5.157565e-01 -8.567352e-01  0.000000e+00
   outer loop
     vertex  5.030672e+01  2.621926e+01  2.000000e+00
     vertex  5.034668e+01  2.619520e+01  0.000000e+00
     vertex  5.034668e+01  2.619520e+01  2.000000e+00
   endloop
 endfacet
 facet normal -5.157565e-01 -8.567352e-01 -0.000000e+00
   outer loop
     vertex  5.030672e+01  2.621926e+01  2.000000e+00
     vertex  5.030672e+01  2.621926e+01  0.000000e+00
     vertex  5.034668e+01  2.619520e+01  0.000000e+00
   endloop
 endfacet
 facet normal -4.920587e-01 -8.705620e-01  0.000000e+00
   outer loop
     vertex  5.026612e+01  2.624221e+01  2.000000e+00
     vertex  5.030672e+01  2.621926e+01  0.000000e+00
     vertex  5.030672e+01  2.621926e+01  2.000000e+00
   endloop
 endfacet
 facet normal -4.920587e-01 -8.705620e-01 -0.000000e+00
   outer loop
     vertex  5.026612e+01  2.624221e+01  2.000000e+00
     vertex  5.026612e+01  2.624221e+01  0.000000e+00
     vertex  5.030672e+01  2.621926e+01  0.000000e+00
   endloop
 endfacet
 facet normal -4.679904e-01 -8.837335e-01  0.000000e+00
   outer loop
     vertex  5.022490e+01  2.626404e+01  2.000000e+00
     vertex  5.026612e+01  2.624221e+01  0.000000e+00
     vertex  5.026612e+01  2.624221e+01  2.000000e+00
   endloop
 endfacet
 facet normal -4.679904e-01 -8.837335e-01 -0.000000e+00
   outer loop
     vertex  5.022490e+01  2.626404e+01  2.000000e+00
     vertex  5.022490e+01  2.626404e+01  0.000000e+00
     vertex  5.026612e+01  2.624221e+01  0.000000e+00
   endloop
 endfacet
 facet normal -4.435699e-01 -8.962398e-01  0.000000e+00
   outer loop
     vertex  5.018310e+01  2.628473e+01  2.000000e+00
     vertex  5.022490e+01  2.626404e+01  0.000000e+00
     vertex  5.022490e+01  2.626404e+01  2.000000e+00
   endloop
 endfacet
 facet normal -4.435699e-01 -8.962398e-01 -0.000000e+00
   outer loop
     vertex  5.018310e+01  2.628473e+01  2.000000e+00
     vertex  5.018310e+01  2.628473e+01  0.000000e+00
     vertex  5.022490e+01  2.626404e+01  0.000000e+00
   endloop
 endfacet
 facet normal -4.188155e-01 -9.080714e-01 -0.000000e+00
   outer loop
     vertex  5.018310e+01  2.628473e+01  2.000000e+00
     vertex  5.014074e+01  2.630426e+01  0.000000e+00
     vertex  5.018310e+01  2.628473e+01  0.000000e+00
   endloop
 endfacet
 facet normal -4.188155e-01 -9.080714e-01 -0.000000e+00
   outer loop
     vertex  5.014074e+01  2.630426e+01  2.000000e+00
     vertex  5.014074e+01  2.630426e+01  0.000000e+00
     vertex  5.018310e+01  2.628473e+01  2.000000e+00
   endloop
 endfacet
 facet normal -3.937458e-01 -9.192194e-01  0.000000e+00
   outer loop
     vertex  5.009787e+01  2.632263e+01  2.000000e+00
     vertex  5.014074e+01  2.630426e+01  0.000000e+00
     vertex  5.014074e+01  2.630426e+01  2.000000e+00
   endloop
 endfacet
 facet normal -3.937458e-01 -9.192194e-01 -0.000000e+00
   outer loop
     vertex  5.009787e+01  2.632263e+01  2.000000e+00
     vertex  5.009787e+01  2.632263e+01  0.000000e+00
     vertex  5.014074e+01  2.630426e+01  0.000000e+00
   endloop
 endfacet
 facet normal -3.683796e-01 -9.296754e-01  0.000000e+00
   outer loop
     vertex  5.005451e+01  2.633981e+01  2.000000e+00
     vertex  5.009787e+01  2.632263e+01  0.000000e+00
     vertex  5.009787e+01  2.632263e+01  2.000000e+00
   endloop
 endfacet
 facet normal -3.683796e-01 -9.296754e-01 -0.000000e+00
   outer loop
     vertex  5.005451e+01  2.633981e+01  2.000000e+00
     vertex  5.005451e+01  2.633981e+01  0.000000e+00
     vertex  5.009787e+01  2.632263e+01  0.000000e+00
   endloop
 endfacet
 facet normal -3.427362e-01 -9.394317e-01 -0.000000e+00
   outer loop
     vertex  5.005451e+01  2.633981e+01  2.000000e+00
     vertex  5.001069e+01  2.635580e+01  0.000000e+00
     vertex  5.005451e+01  2.633981e+01  0.000000e+00
   endloop
 endfacet
 facet normal -3.427362e-01 -9.394317e-01 -0.000000e+00
   outer loop
     vertex  5.001069e+01  2.635580e+01  2.000000e+00
     vertex  5.001069e+01  2.635580e+01  0.000000e+00
     vertex  5.005451e+01  2.633981e+01  2.000000e+00
   endloop
 endfacet
 facet normal -3.168348e-01 -9.484807e-01 -0.000000e+00
   outer loop
     vertex  5.001069e+01  2.635580e+01  2.000000e+00
     vertex  4.996645e+01  2.637057e+01  0.000000e+00
     vertex  5.001069e+01  2.635580e+01  0.000000e+00
   endloop
 endfacet
 facet normal -3.168348e-01 -9.484807e-01 -0.000000e+00
   outer loop
     vertex  4.996645e+01  2.637057e+01  2.000000e+00
     vertex  4.996645e+01  2.637057e+01  0.000000e+00
     vertex  5.001069e+01  2.635580e+01  2.000000e+00
   endloop
 endfacet
 facet normal -2.906949e-01 -9.568158e-01  0.000000e+00
   outer loop
     vertex  4.992182e+01  2.638413e+01  2.000000e+00
     vertex  4.996645e+01  2.637057e+01  0.000000e+00
     vertex  4.996645e+01  2.637057e+01  2.000000e+00
   endloop
 endfacet
 facet normal -2.906949e-01 -9.568158e-01 -0.000000e+00
   outer loop
     vertex  4.992182e+01  2.638413e+01  2.000000e+00
     vertex  4.992182e+01  2.638413e+01  0.000000e+00
     vertex  4.996645e+01  2.637057e+01  0.000000e+00
   endloop
 endfacet
 facet normal -2.643362e-01 -9.644306e-01  0.000000e+00
   outer loop
     vertex  4.987684e+01  2.639646e+01  2.000000e+00
     vertex  4.992182e+01  2.638413e+01  0.000000e+00
     vertex  4.992182e+01  2.638413e+01  2.000000e+00
   endloop
 endfacet
 facet normal -2.643362e-01 -9.644306e-01 -0.000000e+00
   outer loop
     vertex  4.987684e+01  2.639646e+01  2.000000e+00
     vertex  4.987684e+01  2.639646e+01  0.000000e+00
     vertex  4.992182e+01  2.638413e+01  0.000000e+00
   endloop
 endfacet
 facet normal -2.377784e-01 -9.713194e-01  0.000000e+00
   outer loop
     vertex  4.983153e+01  2.640755e+01  2.000000e+00
     vertex  4.987684e+01  2.639646e+01  0.000000e+00
     vertex  4.987684e+01  2.639646e+01  2.000000e+00
   endloop
 endfacet
 facet normal -2.377784e-01 -9.713194e-01 -0.000000e+00
   outer loop
     vertex  4.983153e+01  2.640755e+01  2.000000e+00
     vertex  4.983153e+01  2.640755e+01  0.000000e+00
     vertex  4.987684e+01  2.639646e+01  0.000000e+00
   endloop
 endfacet
 facet normal -2.110417e-01 -9.774771e-01 -0.000000e+00
   outer loop
     vertex  4.983153e+01  2.640755e+01  2.000000e+00
     vertex  4.978594e+01  2.641740e+01  0.000000e+00
     vertex  4.983153e+01  2.640755e+01  0.000000e+00
   endloop
 endfacet
 facet normal -2.110417e-01 -9.774771e-01 -0.000000e+00
   outer loop
     vertex  4.978594e+01  2.641740e+01  2.000000e+00
     vertex  4.978594e+01  2.641740e+01  0.000000e+00
     vertex  4.983153e+01  2.640755e+01  2.000000e+00
   endloop
 endfacet
 facet normal -1.841461e-01 -9.828989e-01  0.000000e+00
   outer loop
     vertex  4.974010e+01  2.642599e+01  2.000000e+00
     vertex  4.978594e+01  2.641740e+01  0.000000e+00
     vertex  4.978594e+01  2.641740e+01  2.000000e+00
   endloop
 endfacet
 facet normal -1.841461e-01 -9.828989e-01 -0.000000e+00
   outer loop
     vertex  4.974010e+01  2.642599e+01  2.000000e+00
     vertex  4.974010e+01  2.642599e+01  0.000000e+00
     vertex  4.978594e+01  2.641740e+01  0.000000e+00
   endloop
 endfacet
 facet normal -1.571119e-01 -9.875808e-01  0.000000e+00
   outer loop
     vertex  4.969403e+01  2.643331e+01  2.000000e+00
     vertex  4.974010e+01  2.642599e+01  0.000000e+00
     vertex  4.974010e+01  2.642599e+01  2.000000e+00
   endloop
 endfacet
 facet normal -1.571119e-01 -9.875808e-01 -0.000000e+00
   outer loop
     vertex  4.969403e+01  2.643331e+01  2.000000e+00
     vertex  4.969403e+01  2.643331e+01  0.000000e+00
     vertex  4.974010e+01  2.642599e+01  0.000000e+00
   endloop
 endfacet
 facet normal -1.299594e-01 -9.915193e-01  0.000000e+00
   outer loop
     vertex  4.964779e+01  2.643938e+01  2.000000e+00
     vertex  4.969403e+01  2.643331e+01  0.000000e+00
     vertex  4.969403e+01  2.643331e+01  2.000000e+00
   endloop
 endfacet
 facet normal -1.299594e-01 -9.915193e-01 -0.000000e+00
   outer loop
     vertex  4.964779e+01  2.643938e+01  2.000000e+00
     vertex  4.964779e+01  2.643938e+01  0.000000e+00
     vertex  4.969403e+01  2.643331e+01  0.000000e+00
   endloop
 endfacet
 facet normal -1.027091e-01 -9.947114e-01 -0.000000e+00
   outer loop
     vertex  4.964779e+01  2.643938e+01  2.000000e+00
     vertex  4.960139e+01  2.644417e+01  0.000000e+00
     vertex  4.964779e+01  2.643938e+01  0.000000e+00
   endloop
 endfacet
 facet normal -1.027091e-01 -9.947114e-01 -0.000000e+00
   outer loop
     vertex  4.960139e+01  2.644417e+01  2.000000e+00
     vertex  4.960139e+01  2.644417e+01  0.000000e+00
     vertex  4.964779e+01  2.643938e+01  2.000000e+00
   endloop
 endfacet
 facet normal -7.538152e-02 -9.971548e-01  0.000000e+00
   outer loop
     vertex  4.955488e+01  2.644768e+01  2.000000e+00
     vertex  4.960139e+01  2.644417e+01  0.000000e+00
     vertex  4.960139e+01  2.644417e+01  2.000000e+00
   endloop
 endfacet
 facet normal -7.538152e-02 -9.971548e-01 -0.000000e+00
   outer loop
     vertex  4.955488e+01  2.644768e+01  2.000000e+00
     vertex  4.955488e+01  2.644768e+01  0.000000e+00
     vertex  4.960139e+01  2.644417e+01  0.000000e+00
   endloop
 endfacet
 facet normal -4.799716e-02 -9.988475e-01  0.000000e+00
   outer loop
     vertex  4.950829e+01  2.644992e+01  2.000000e+00
     vertex  4.955488e+01  2.644768e+01  0.000000e+00
     vertex  4.955488e+01  2.644768e+01  2.000000e+00
   endloop
 endfacet
 facet normal -4.799716e-02 -9.988475e-01 -0.000000e+00
   outer loop
     vertex  4.950829e+01  2.644992e+01  2.000000e+00
     vertex  4.950829e+01  2.644992e+01  0.000000e+00
     vertex  4.955488e+01  2.644768e+01  0.000000e+00
   endloop
 endfacet
 facet normal -2.057667e-02 -9.997883e-01 -0.000000e+00
   outer loop
     vertex  4.946166e+01  2.645088e+01  2.000000e+00
     vertex  4.946166e+01  2.645088e+01  0.000000e+00
     vertex  4.950829e+01  2.644992e+01  0.000000e+00
   endloop
 endfacet
 facet normal -2.057667e-02 -9.997883e-01  0.000000e+00
   outer loop
     vertex  4.946166e+01  2.645088e+01  2.000000e+00
     vertex  4.950829e+01  2.644992e+01  0.000000e+00
     vertex  4.950829e+01  2.644992e+01  2.000000e+00
   endloop
 endfacet
 facet normal  6.859319e-03 -9.999765e-01  0.000000e+00
   outer loop
     vertex  4.941502e+01  2.645056e+01  2.000000e+00
     vertex  4.941502e+01  2.645056e+01  0.000000e+00
     vertex  4.946166e+01  2.645088e+01  0.000000e+00
   endloop
 endfacet
 facet normal  3.429014e-02 -9.994119e-01  0.000000e+00
   outer loop
     vertex  4.941502e+01  2.645056e+01  2.000000e+00
     vertex  4.936840e+01  2.644896e+01  0.000000e+00
     vertex  4.941502e+01  2.645056e+01  0.000000e+00
   endloop
 endfacet
 facet normal  6.859319e-03 -9.999765e-01  0.000000e+00
   outer loop
     vertex  4.941502e+01  2.645056e+01  2.000000e+00
     vertex  4.946166e+01  2.645088e+01  0.000000e+00
     vertex  4.946166e+01  2.645088e+01  2.000000e+00
   endloop
 endfacet
 facet normal  3.429014e-02 -9.994119e-01  0.000000e+00
   outer loop
     vertex  4.936840e+01  2.644896e+01  2.000000e+00
     vertex  4.936840e+01  2.644896e+01  0.000000e+00
     vertex  4.941502e+01  2.645056e+01  2.000000e+00
   endloop
 endfacet
 facet normal  6.169515e-02 -9.980950e-01  0.000000e+00
   outer loop
     vertex  4.932185e+01  2.644608e+01  2.000000e+00
     vertex  4.932185e+01  2.644608e+01  0.000000e+00
     vertex  4.936840e+01  2.644896e+01  0.000000e+00
   endloop
 endfacet
 facet normal  8.905371e-02 -9.960268e-01  0.000000e+00
   outer loop
     vertex  4.932185e+01  2.644608e+01  2.000000e+00
     vertex  4.927539e+01  2.644193e+01  0.000000e+00
     vertex  4.932185e+01  2.644608e+01  0.000000e+00
   endloop
 endfacet
 facet normal  6.169515e-02 -9.980950e-01  0.000000e+00
   outer loop
     vertex  4.932185e+01  2.644608e+01  2.000000e+00
     vertex  4.936840e+01  2.644896e+01  0.000000e+00
     vertex  4.936840e+01  2.644896e+01  2.000000e+00
   endloop
 endfacet
 facet normal  8.905371e-02 -9.960268e-01  0.000000e+00
   outer loop
     vertex  4.927539e+01  2.644193e+01  2.000000e+00
     vertex  4.927539e+01  2.644193e+01  0.000000e+00
     vertex  4.932185e+01  2.644608e+01  2.000000e+00
   endloop
 endfacet
 facet normal  1.163452e-01 -9.932088e-01  0.000000e+00
   outer loop
     vertex  4.927539e+01  2.644193e+01  2.000000e+00
     vertex  4.922907e+01  2.643650e+01  0.000000e+00
     vertex  4.927539e+01  2.644193e+01  0.000000e+00
   endloop
 endfacet
 facet normal  1.163452e-01 -9.932088e-01  0.000000e+00
   outer loop
     vertex  4.922907e+01  2.643650e+01  2.000000e+00
     vertex  4.922907e+01  2.643650e+01  0.000000e+00
     vertex  4.927539e+01  2.644193e+01  2.000000e+00
   endloop
 endfacet
 facet normal  1.435492e-01 -9.896432e-01  0.000000e+00
   outer loop
     vertex  4.918291e+01  2.642981e+01  2.000000e+00
     vertex  4.922907e+01  2.643650e+01  0.000000e+00
     vertex  4.922907e+01  2.643650e+01  2.000000e+00
   endloop
 endfacet
 facet normal  1.435492e-01 -9.896432e-01  0.000000e+00
   outer loop
     vertex  4.918291e+01  2.642981e+01  2.000000e+00
     vertex  4.918291e+01  2.642981e+01  0.000000e+00
     vertex  4.922907e+01  2.643650e+01  0.000000e+00
   endloop
 endfacet
 facet normal  1.706451e-01 -9.853326e-01  0.000000e+00
   outer loop
     vertex  4.913695e+01  2.642185e+01  2.000000e+00
     vertex  4.918291e+01  2.642981e+01  0.000000e+00
     vertex  4.918291e+01  2.642981e+01  2.000000e+00
   endloop
 endfacet
 facet normal  1.706451e-01 -9.853326e-01  0.000000e+00
   outer loop
     vertex  4.913695e+01  2.642185e+01  2.000000e+00
     vertex  4.913695e+01  2.642185e+01  0.000000e+00
     vertex  4.918291e+01  2.642981e+01  0.000000e+00
   endloop
 endfacet
 facet normal  1.976125e-01 -9.802802e-01  0.000000e+00
   outer loop
     vertex  4.913695e+01  2.642185e+01  2.000000e+00
     vertex  4.909123e+01  2.641263e+01  0.000000e+00
     vertex  4.913695e+01  2.642185e+01  0.000000e+00
   endloop
 endfacet
 facet normal  1.976125e-01 -9.802802e-01  0.000000e+00
   outer loop
     vertex  4.909123e+01  2.641263e+01  2.000000e+00
     vertex  4.909123e+01  2.641263e+01  0.000000e+00
     vertex  4.913695e+01  2.642185e+01  2.000000e+00
   endloop
 endfacet
 facet normal  2.244312e-01 -9.744899e-01  0.000000e+00
   outer loop
     vertex  4.904578e+01  2.640216e+01  2.000000e+00
     vertex  4.909123e+01  2.641263e+01  0.000000e+00
     vertex  4.909123e+01  2.641263e+01  2.000000e+00
   endloop
 endfacet
 facet normal  2.244312e-01 -9.744899e-01  0.000000e+00
   outer loop
     vertex  4.904578e+01  2.640216e+01  2.000000e+00
     vertex  4.904578e+01  2.640216e+01  0.000000e+00
     vertex  4.909123e+01  2.641263e+01  0.000000e+00
   endloop
 endfacet
 facet normal  2.510809e-01 -9.679661e-01  0.000000e+00
   outer loop
     vertex  4.900063e+01  2.639045e+01  2.000000e+00
     vertex  4.904578e+01  2.640216e+01  0.000000e+00
     vertex  4.904578e+01  2.640216e+01  2.000000e+00
   endloop
 endfacet
 facet normal  2.510809e-01 -9.679661e-01  0.000000e+00
   outer loop
     vertex  4.900063e+01  2.639045e+01  2.000000e+00
     vertex  4.900063e+01  2.639045e+01  0.000000e+00
     vertex  4.904578e+01  2.640216e+01  0.000000e+00
   endloop
 endfacet
 facet normal  2.775416e-01 -9.607136e-01  0.000000e+00
   outer loop
     vertex  4.900063e+01  2.639045e+01  2.000000e+00
     vertex  4.895582e+01  2.637751e+01  0.000000e+00
     vertex  4.900063e+01  2.639045e+01  0.000000e+00
   endloop
 endfacet
 facet normal  2.775416e-01 -9.607136e-01  0.000000e+00
   outer loop
     vertex  4.895582e+01  2.637751e+01  2.000000e+00
     vertex  4.895582e+01  2.637751e+01  0.000000e+00
     vertex  4.900063e+01  2.639045e+01  2.000000e+00
   endloop
 endfacet
 facet normal  3.037934e-01 -9.527379e-01  0.000000e+00
   outer loop
     vertex  4.891138e+01  2.636334e+01  2.000000e+00
     vertex  4.895582e+01  2.637751e+01  0.000000e+00
     vertex  4.895582e+01  2.637751e+01  2.000000e+00
   endloop
 endfacet
 facet normal  3.037934e-01 -9.527379e-01  0.000000e+00
   outer loop
     vertex  4.891138e+01  2.636334e+01  2.000000e+00
     vertex  4.891138e+01  2.636334e+01  0.000000e+00
     vertex  4.895582e+01  2.637751e+01  0.000000e+00
   endloop
 endfacet
 facet normal  3.298166e-01 -9.440450e-01  0.000000e+00
   outer loop
     vertex  4.886735e+01  2.634795e+01  2.000000e+00
     vertex  4.891138e+01  2.636334e+01  0.000000e+00
     vertex  4.891138e+01  2.636334e+01  2.000000e+00
   endloop
 endfacet
 facet normal  3.298166e-01 -9.440450e-01  0.000000e+00
   outer loop
     vertex  4.886735e+01  2.634795e+01  2.000000e+00
     vertex  4.886735e+01  2.634795e+01  0.000000e+00
     vertex  4.891138e+01  2.636334e+01  0.000000e+00
   endloop
 endfacet
 facet normal  3.555914e-01 -9.346415e-01  0.000000e+00
   outer loop
     vertex  4.882375e+01  2.633137e+01  2.000000e+00
     vertex  4.886735e+01  2.634795e+01  0.000000e+00
     vertex  4.886735e+01  2.634795e+01  2.000000e+00
   endloop
 endfacet
 facet normal  3.555914e-01 -9.346415e-01  0.000000e+00
   outer loop
     vertex  4.882375e+01  2.633137e+01  2.000000e+00
     vertex  4.882375e+01  2.633137e+01  0.000000e+00
     vertex  4.886735e+01  2.634795e+01  0.000000e+00
   endloop
 endfacet
 facet normal  3.810986e-01 -9.245344e-01  0.000000e+00
   outer loop
     vertex  4.882375e+01  2.633137e+01  2.000000e+00
     vertex  4.878063e+01  2.631359e+01  0.000000e+00
     vertex  4.882375e+01  2.633137e+01  0.000000e+00
   endloop
 endfacet
 facet normal  4.063188e-01 -9.137314e-01  0.000000e+00
   outer loop
     vertex  4.878063e+01  2.631359e+01  2.000000e+00
     vertex  4.873801e+01  2.629464e+01  0.000000e+00
     vertex  4.878063e+01  2.631359e+01  0.000000e+00
   endloop
 endfacet
 facet normal  3.810986e-01 -9.245344e-01  0.000000e+00
   outer loop
     vertex  4.878063e+01  2.631359e+01  2.000000e+00
     vertex  4.878063e+01  2.631359e+01  0.000000e+00
     vertex  4.882375e+01  2.633137e+01  2.000000e+00
   endloop
 endfacet
 facet normal  4.063188e-01 -9.137314e-01  0.000000e+00
   outer loop
     vertex  4.873801e+01  2.629464e+01  2.000000e+00
     vertex  4.873801e+01  2.629464e+01  0.000000e+00
     vertex  4.878063e+01  2.631359e+01  2.000000e+00
   endloop
 endfacet
 facet normal  4.312333e-01 -9.022405e-01  0.000000e+00
   outer loop
     vertex  4.869593e+01  2.627453e+01  2.000000e+00
     vertex  4.869593e+01  2.627453e+01  0.000000e+00
     vertex  4.873801e+01  2.629464e+01  0.000000e+00
   endloop
 endfacet
 facet normal  4.312333e-01 -9.022405e-01  0.000000e+00
   outer loop
     vertex  4.869593e+01  2.627453e+01  2.000000e+00
     vertex  4.873801e+01  2.629464e+01  0.000000e+00
     vertex  4.873801e+01  2.629464e+01  2.000000e+00
   endloop
 endfacet
 facet normal  4.558231e-01 -8.900704e-01  0.000000e+00
   outer loop
     vertex  4.865442e+01  2.625327e+01  2.000000e+00
     vertex  4.865442e+01  2.625327e+01  0.000000e+00
     vertex  4.869593e+01  2.627453e+01  0.000000e+00
   endloop
 endfacet
 facet normal  4.800697e-01 -8.772303e-01  0.000000e+00
   outer loop
     vertex  4.865442e+01  2.625327e+01  2.000000e+00
     vertex  4.861350e+01  2.623088e+01  0.000000e+00
     vertex  4.865442e+01  2.625327e+01  0.000000e+00
   endloop
 endfacet
 facet normal  4.558231e-01 -8.900704e-01  0.000000e+00
   outer loop
     vertex  4.865442e+01  2.625327e+01  2.000000e+00
     vertex  4.869593e+01  2.627453e+01  0.000000e+00
     vertex  4.869593e+01  2.627453e+01  2.000000e+00
   endloop
 endfacet
 facet normal  5.039550e-01 -8.637299e-01  0.000000e+00
   outer loop
     vertex  4.861350e+01  2.623088e+01  2.000000e+00
     vertex  4.857321e+01  2.620737e+01  0.000000e+00
     vertex  4.861350e+01  2.623088e+01  0.000000e+00
   endloop
 endfacet
 facet normal  4.800697e-01 -8.772303e-01  0.000000e+00
   outer loop
     vertex  4.861350e+01  2.623088e+01  2.000000e+00
     vertex  4.861350e+01  2.623088e+01  0.000000e+00
     vertex  4.865442e+01  2.625327e+01  2.000000e+00
   endloop
 endfacet
 facet normal  5.039550e-01 -8.637299e-01  0.000000e+00
   outer loop
     vertex  4.857321e+01  2.620737e+01  2.000000e+00
     vertex  4.857321e+01  2.620737e+01  0.000000e+00
     vertex  4.861350e+01  2.623088e+01  2.000000e+00
   endloop
 endfacet
 facet normal  5.274609e-01 -8.495793e-01  0.000000e+00
   outer loop
     vertex  4.853359e+01  2.618277e+01  2.000000e+00
     vertex  4.853359e+01  2.618277e+01  0.000000e+00
     vertex  4.857321e+01  2.620737e+01  0.000000e+00
   endloop
 endfacet
 facet normal  5.274609e-01 -8.495793e-01  0.000000e+00
   outer loop
     vertex  4.853359e+01  2.618277e+01  2.000000e+00
     vertex  4.857321e+01  2.620737e+01  0.000000e+00
     vertex  4.857321e+01  2.620737e+01  2.000000e+00
   endloop
 endfacet
 facet normal  5.505698e-01 -8.347891e-01  0.000000e+00
   outer loop
     vertex  4.849465e+01  2.615709e+01  2.000000e+00
     vertex  4.849465e+01  2.615709e+01  0.000000e+00
     vertex  4.853359e+01  2.618277e+01  0.000000e+00
   endloop
 endfacet
 facet normal  5.505698e-01 -8.347891e-01  0.000000e+00
   outer loop
     vertex  4.849465e+01  2.615709e+01  2.000000e+00
     vertex  4.853359e+01  2.618277e+01  0.000000e+00
     vertex  4.853359e+01  2.618277e+01  2.000000e+00
   endloop
 endfacet
 facet normal  5.732642e-01 -8.193706e-01  0.000000e+00
   outer loop
     vertex  4.845643e+01  2.613035e+01  2.000000e+00
     vertex  4.845643e+01  2.613035e+01  0.000000e+00
     vertex  4.849465e+01  2.615709e+01  0.000000e+00
   endloop
 endfacet
 facet normal  5.732642e-01 -8.193706e-01  0.000000e+00
   outer loop
     vertex  4.845643e+01  2.613035e+01  2.000000e+00
     vertex  4.849465e+01  2.615709e+01  0.000000e+00
     vertex  4.849465e+01  2.615709e+01  2.000000e+00
   endloop
 endfacet
 facet normal  5.955271e-01 -8.033352e-01  0.000000e+00
   outer loop
     vertex  4.841896e+01  2.610257e+01  2.000000e+00
     vertex  4.841896e+01  2.610257e+01  0.000000e+00
     vertex  4.845643e+01  2.613035e+01  0.000000e+00
   endloop
 endfacet
 facet normal  5.955271e-01 -8.033352e-01  0.000000e+00
   outer loop
     vertex  4.841896e+01  2.610257e+01  2.000000e+00
     vertex  4.845643e+01  2.613035e+01  0.000000e+00
     vertex  4.845643e+01  2.613035e+01  2.000000e+00
   endloop
 endfacet
 facet normal  6.173417e-01 -7.866951e-01  0.000000e+00
   outer loop
     vertex  4.838227e+01  2.607378e+01  2.000000e+00
     vertex  4.838227e+01  2.607378e+01  0.000000e+00
     vertex  4.841896e+01  2.610257e+01  0.000000e+00
   endloop
 endfacet
 facet normal  6.386916e-01 -7.694628e-01  0.000000e+00
   outer loop
     vertex  4.838227e+01  2.607378e+01  2.000000e+00
     vertex  4.834638e+01  2.604399e+01  0.000000e+00
     vertex  4.838227e+01  2.607378e+01  0.000000e+00
   endloop
 endfacet
 facet normal  6.173417e-01 -7.866951e-01  0.000000e+00
   outer loop
     vertex  4.838227e+01  2.607378e+01  2.000000e+00
     vertex  4.841896e+01  2.610257e+01  0.000000e+00
     vertex  4.841896e+01  2.610257e+01  2.000000e+00
   endloop
 endfacet
 facet normal  6.595607e-01 -7.516513e-01  0.000000e+00
   outer loop
     vertex  4.834638e+01  2.604399e+01  2.000000e+00
     vertex  4.831132e+01  2.601323e+01  0.000000e+00
     vertex  4.834638e+01  2.604399e+01  0.000000e+00
   endloop
 endfacet
 facet normal  6.386916e-01 -7.694628e-01  0.000000e+00
   outer loop
     vertex  4.834638e+01  2.604399e+01  2.000000e+00
     vertex  4.834638e+01  2.604399e+01  0.000000e+00
     vertex  4.838227e+01  2.607378e+01  2.000000e+00
   endloop
 endfacet
 facet normal  6.799333e-01 -7.332740e-01  0.000000e+00
   outer loop
     vertex  4.831132e+01  2.601323e+01  2.000000e+00
     vertex  4.827712e+01  2.598151e+01  0.000000e+00
     vertex  4.831132e+01  2.601323e+01  0.000000e+00
   endloop
 endfacet
 facet normal  6.595607e-01 -7.516513e-01  0.000000e+00
   outer loop
     vertex  4.831132e+01  2.601323e+01  2.000000e+00
     vertex  4.831132e+01  2.601323e+01  0.000000e+00
     vertex  4.834638e+01  2.604399e+01  2.000000e+00
   endloop
 endfacet
 facet normal  6.997940e-01 -7.143447e-01  0.000000e+00
   outer loop
     vertex  4.827712e+01  2.598151e+01  2.000000e+00
     vertex  4.824380e+01  2.594887e+01  0.000000e+00
     vertex  4.827712e+01  2.598151e+01  0.000000e+00
   endloop
 endfacet
 facet normal  6.799333e-01 -7.332740e-01  0.000000e+00
   outer loop
     vertex  4.827712e+01  2.598151e+01  2.000000e+00
     vertex  4.827712e+01  2.598151e+01  0.000000e+00
     vertex  4.831132e+01  2.601323e+01  2.000000e+00
   endloop
 endfacet
 facet normal  6.997940e-01 -7.143447e-01  0.000000e+00
   outer loop
     vertex  4.824380e+01  2.594887e+01  2.000000e+00
     vertex  4.824380e+01  2.594887e+01  0.000000e+00
     vertex  4.827712e+01  2.598151e+01  2.000000e+00
   endloop
 endfacet
 facet normal  7.191280e-01 -6.948776e-01  0.000000e+00
   outer loop
     vertex  4.821139e+01  2.591533e+01  2.000000e+00
     vertex  4.824380e+01  2.594887e+01  0.000000e+00
     vertex  4.824380e+01  2.594887e+01  2.000000e+00
   endloop
 endfacet
 facet normal  7.191280e-01 -6.948776e-01  0.000000e+00
   outer loop
     vertex  4.821139e+01  2.591533e+01  2.000000e+00
     vertex  4.821139e+01  2.591533e+01  0.000000e+00
     vertex  4.824380e+01  2.594887e+01  0.000000e+00
   endloop
 endfacet
 facet normal  7.379206e-01 -6.748875e-01  0.000000e+00
   outer loop
     vertex  4.817991e+01  2.588091e+01  2.000000e+00
     vertex  4.821139e+01  2.591533e+01  0.000000e+00
     vertex  4.821139e+01  2.591533e+01  2.000000e+00
   endloop
 endfacet
 facet normal  7.379206e-01 -6.748875e-01  0.000000e+00
   outer loop
     vertex  4.817991e+01  2.588091e+01  2.000000e+00
     vertex  4.817991e+01  2.588091e+01  0.000000e+00
     vertex  4.821139e+01  2.591533e+01  0.000000e+00
   endloop
 endfacet
 facet normal  7.561578e-01 -6.543893e-01  0.000000e+00
   outer loop
     vertex  4.817991e+01  2.588091e+01  2.000000e+00
     vertex  4.814939e+01  2.584564e+01  0.000000e+00
     vertex  4.817991e+01  2.588091e+01  0.000000e+00
   endloop
 endfacet
 facet normal  7.561578e-01 -6.543893e-01  0.000000e+00
   outer loop
     vertex  4.814939e+01  2.584564e+01  2.000000e+00
     vertex  4.814939e+01  2.584564e+01  0.000000e+00
     vertex  4.817991e+01  2.588091e+01  2.000000e+00
   endloop
 endfacet
 facet normal  7.738257e-01 -6.333986e-01  0.000000e+00
   outer loop
     vertex  4.811985e+01  2.580955e+01  2.000000e+00
     vertex  4.811985e+01  2.580955e+01  0.000000e+00
     vertex  4.814939e+01  2.584564e+01  0.000000e+00
   endloop
 endfacet
 facet normal  7.738257e-01 -6.333986e-01  0.000000e+00
   outer loop
     vertex  4.811985e+01  2.580955e+01  2.000000e+00
     vertex  4.814939e+01  2.584564e+01  0.000000e+00
     vertex  4.814939e+01  2.584564e+01  2.000000e+00
   endloop
 endfacet
 facet normal  7.909112e-01 -6.119310e-01  0.000000e+00
   outer loop
     vertex  4.809131e+01  2.577266e+01  2.000000e+00
     vertex  4.809131e+01  2.577266e+01  0.000000e+00
     vertex  4.811985e+01  2.580955e+01  0.000000e+00
   endloop
 endfacet
 facet normal  8.074012e-01 -5.900028e-01  0.000000e+00
   outer loop
     vertex  4.809131e+01  2.577266e+01  2.000000e+00
     vertex  4.806379e+01  2.573500e+01  0.000000e+00
     vertex  4.809131e+01  2.577266e+01  0.000000e+00
   endloop
 endfacet
 facet normal  7.909112e-01 -6.119310e-01  0.000000e+00
   outer loop
     vertex  4.809131e+01  2.577266e+01  2.000000e+00
     vertex  4.811985e+01  2.580955e+01  0.000000e+00
     vertex  4.811985e+01  2.580955e+01  2.000000e+00
   endloop
 endfacet
 facet normal  8.074012e-01 -5.900028e-01  0.000000e+00
   outer loop
     vertex  4.806379e+01  2.573500e+01  2.000000e+00
     vertex  4.806379e+01  2.573500e+01  0.000000e+00
     vertex  4.809131e+01  2.577266e+01  2.000000e+00
   endloop
 endfacet
 facet normal  8.232835e-01 -5.676304e-01  0.000000e+00
   outer loop
     vertex  4.803731e+01  2.569660e+01  2.000000e+00
     vertex  4.803731e+01  2.569660e+01  0.000000e+00
     vertex  4.806379e+01  2.573500e+01  0.000000e+00
   endloop
 endfacet
 facet normal  8.385460e-01 -5.448308e-01  0.000000e+00
   outer loop
     vertex  4.803731e+01  2.569660e+01  2.000000e+00
     vertex  4.801190e+01  2.565749e+01  0.000000e+00
     vertex  4.803731e+01  2.569660e+01  0.000000e+00
   endloop
 endfacet
 facet normal  8.232835e-01 -5.676304e-01  0.000000e+00
   outer loop
     vertex  4.803731e+01  2.569660e+01  2.000000e+00
     vertex  4.806379e+01  2.573500e+01  0.000000e+00
     vertex  4.806379e+01  2.573500e+01  2.000000e+00
   endloop
 endfacet
 facet normal  8.531773e-01 -5.216210e-01  0.000000e+00
   outer loop
     vertex  4.801190e+01  2.565749e+01  2.000000e+00
     vertex  4.798757e+01  2.561770e+01  0.000000e+00
     vertex  4.801190e+01  2.565749e+01  0.000000e+00
   endloop
 endfacet
 facet normal  8.385460e-01 -5.448308e-01  0.000000e+00
   outer loop
     vertex  4.801190e+01  2.565749e+01  2.000000e+00
     vertex  4.801190e+01  2.565749e+01  0.000000e+00
     vertex  4.803731e+01  2.569660e+01  2.000000e+00
   endloop
 endfacet
 facet normal  8.531773e-01 -5.216210e-01  0.000000e+00
   outer loop
     vertex  4.798757e+01  2.561770e+01  2.000000e+00
     vertex  4.798757e+01  2.561770e+01  0.000000e+00
     vertex  4.801190e+01  2.565749e+01  2.000000e+00
   endloop
 endfacet
 facet normal  8.671664e-01 -4.980186e-01  0.000000e+00
   outer loop
     vertex  4.796434e+01  2.557725e+01  2.000000e+00
     vertex  4.796434e+01  2.557725e+01  0.000000e+00
     vertex  4.798757e+01  2.561770e+01  0.000000e+00
   endloop
 endfacet
 facet normal  8.805026e-01 -4.740412e-01  0.000000e+00
   outer loop
     vertex  4.796434e+01  2.557725e+01  2.000000e+00
     vertex  4.794223e+01  2.553618e+01  0.000000e+00
     vertex  4.796434e+01  2.557725e+01  0.000000e+00
   endloop
 endfacet
 facet normal  8.671664e-01 -4.980186e-01  0.000000e+00
   outer loop
     vertex  4.796434e+01  2.557725e+01  2.000000e+00
     vertex  4.798757e+01  2.561770e+01  0.000000e+00
     vertex  4.798757e+01  2.561770e+01  2.000000e+00
   endloop
 endfacet
 facet normal  8.805026e-01 -4.740412e-01  0.000000e+00
   outer loop
     vertex  4.794223e+01  2.553618e+01  2.000000e+00
     vertex  4.794223e+01  2.553618e+01  0.000000e+00
     vertex  4.796434e+01  2.557725e+01  2.000000e+00
   endloop
 endfacet
 facet normal  8.931761e-01 -4.497071e-01  0.000000e+00
   outer loop
     vertex  4.792126e+01  2.549452e+01  2.000000e+00
     vertex  4.792126e+01  2.549452e+01  0.000000e+00
     vertex  4.794223e+01  2.553618e+01  0.000000e+00
   endloop
 endfacet
 facet normal  8.931761e-01 -4.497071e-01  0.000000e+00
   outer loop
     vertex  4.792126e+01  2.549452e+01  2.000000e+00
     vertex  4.794223e+01  2.553618e+01  0.000000e+00
     vertex  4.794223e+01  2.553618e+01  2.000000e+00
   endloop
 endfacet
 facet normal  9.051772e-01 -4.250344e-01  0.000000e+00
   outer loop
     vertex  4.790143e+01  2.545230e+01  2.000000e+00
     vertex  4.790143e+01  2.545230e+01  0.000000e+00
     vertex  4.792126e+01  2.549452e+01  0.000000e+00
   endloop
 endfacet
 facet normal  9.164969e-01 -4.000417e-01  0.000000e+00
   outer loop
     vertex  4.790143e+01  2.545230e+01  2.000000e+00
     vertex  4.788277e+01  2.540955e+01  0.000000e+00
     vertex  4.790143e+01  2.545230e+01  0.000000e+00
   endloop
 endfacet
 facet normal  9.051772e-01 -4.250344e-01  0.000000e+00
   outer loop
     vertex  4.790143e+01  2.545230e+01  2.000000e+00
     vertex  4.792126e+01  2.549452e+01  0.000000e+00
     vertex  4.792126e+01  2.549452e+01  2.000000e+00
   endloop
 endfacet
 facet normal  9.164969e-01 -4.000417e-01  0.000000e+00
   outer loop
     vertex  4.788277e+01  2.540955e+01  2.000000e+00
     vertex  4.788277e+01  2.540955e+01  0.000000e+00
     vertex  4.790143e+01  2.545230e+01  2.000000e+00
   endloop
 endfacet
 facet normal  9.271267e-01 -3.747479e-01  0.000000e+00
   outer loop
     vertex  4.786529e+01  2.536631e+01  2.000000e+00
     vertex  4.786529e+01  2.536631e+01  0.000000e+00
     vertex  4.788277e+01  2.540955e+01  0.000000e+00
   endloop
 endfacet
 facet normal  9.271267e-01 -3.747479e-01  0.000000e+00
   outer loop
     vertex  4.786529e+01  2.536631e+01  2.000000e+00
     vertex  4.788277e+01  2.540955e+01  0.000000e+00
     vertex  4.788277e+01  2.540955e+01  2.000000e+00
   endloop
 endfacet
 facet normal  9.370586e-01 -3.491720e-01  0.000000e+00
   outer loop
     vertex  4.784901e+01  2.532260e+01  2.000000e+00
     vertex  4.784901e+01  2.532260e+01  0.000000e+00
     vertex  4.786529e+01  2.536631e+01  0.000000e+00
   endloop
 endfacet
 facet normal  9.462851e-01 -3.233333e-01  0.000000e+00
   outer loop
     vertex  4.784901e+01  2.532260e+01  2.000000e+00
     vertex  4.783393e+01  2.527847e+01  0.000000e+00
     vertex  4.784901e+01  2.532260e+01  0.000000e+00
   endloop
 endfacet
 facet normal  9.370586e-01 -3.491720e-01  0.000000e+00
   outer loop
     vertex  4.784901e+01  2.532260e+01  2.000000e+00
     vertex  4.786529e+01  2.536631e+01  0.000000e+00
     vertex  4.786529e+01  2.536631e+01  2.000000e+00
   endloop
 endfacet
 facet normal  9.462851e-01 -3.233333e-01  0.000000e+00
   outer loop
     vertex  4.783393e+01  2.527847e+01  2.000000e+00
     vertex  4.783393e+01  2.527847e+01  0.000000e+00
     vertex  4.784901e+01  2.532260e+01  2.000000e+00
   endloop
 endfacet
 facet normal  9.547993e-01 -2.972512e-01  0.000000e+00
   outer loop
     vertex  4.782006e+01  2.523393e+01  2.000000e+00
     vertex  4.782006e+01  2.523393e+01  0.000000e+00
     vertex  4.783393e+01  2.527847e+01  0.000000e+00
   endloop
 endfacet
 facet normal  9.547993e-01 -2.972512e-01  0.000000e+00
   outer loop
     vertex  4.782006e+01  2.523393e+01  2.000000e+00
     vertex  4.783393e+01  2.527847e+01  0.000000e+00
     vertex  4.783393e+01  2.527847e+01  2.000000e+00
   endloop
 endfacet
 facet normal  9.625948e-01 -2.709453e-01  0.000000e+00
   outer loop
     vertex  4.780742e+01  2.518903e+01  2.000000e+00
     vertex  4.780742e+01  2.518903e+01  0.000000e+00
     vertex  4.782006e+01  2.523393e+01  0.000000e+00
   endloop
 endfacet
 facet normal  9.696656e-01 -2.444354e-01  0.000000e+00
   outer loop
     vertex  4.780742e+01  2.518903e+01  2.000000e+00
     vertex  4.779602e+01  2.514381e+01  0.000000e+00
     vertex  4.780742e+01  2.518903e+01  0.000000e+00
   endloop
 endfacet
 facet normal  9.625948e-01 -2.709453e-01  0.000000e+00
   outer loop
     vertex  4.780742e+01  2.518903e+01  2.000000e+00
     vertex  4.782006e+01  2.523393e+01  0.000000e+00
     vertex  4.782006e+01  2.523393e+01  2.000000e+00
   endloop
 endfacet
 facet normal  9.760065e-01 -2.177416e-01  0.000000e+00
   outer loop
     vertex  4.779602e+01  2.514381e+01  2.000000e+00
     vertex  4.778587e+01  2.509828e+01  0.000000e+00
     vertex  4.779602e+01  2.514381e+01  0.000000e+00
   endloop
 endfacet
 facet normal  9.696656e-01 -2.444354e-01  0.000000e+00
   outer loop
     vertex  4.779602e+01  2.514381e+01  2.000000e+00
     vertex  4.779602e+01  2.514381e+01  0.000000e+00
     vertex  4.780742e+01  2.518903e+01  2.000000e+00
   endloop
 endfacet
 facet normal  9.816126e-01 -1.908838e-01  0.000000e+00
   outer loop
     vertex  4.778587e+01  2.509828e+01  2.000000e+00
     vertex  4.777696e+01  2.505250e+01  0.000000e+00
     vertex  4.778587e+01  2.509828e+01  0.000000e+00
   endloop
 endfacet
 facet normal  9.760065e-01 -2.177416e-01  0.000000e+00
   outer loop
     vertex  4.778587e+01  2.509828e+01  2.000000e+00
     vertex  4.778587e+01  2.509828e+01  0.000000e+00
     vertex  4.779602e+01  2.514381e+01  2.000000e+00
   endloop
 endfacet
 facet normal  9.864799e-01 -1.638824e-01  0.000000e+00
   outer loop
     vertex  4.777696e+01  2.505250e+01  2.000000e+00
     vertex  4.776932e+01  2.500649e+01  0.000000e+00
     vertex  4.777696e+01  2.505250e+01  0.000000e+00
   endloop
 endfacet
 facet normal  9.816126e-01 -1.908838e-01  0.000000e+00
   outer loop
     vertex  4.777696e+01  2.505250e+01  2.000000e+00
     vertex  4.777696e+01  2.505250e+01  0.000000e+00
     vertex  4.778587e+01  2.509828e+01  2.000000e+00
   endloop
 endfacet
 facet normal  9.864799e-01 -1.638824e-01  0.000000e+00
   outer loop
     vertex  4.776932e+01  2.500649e+01  2.000000e+00
     vertex  4.776932e+01  2.500649e+01  0.000000e+00
     vertex  4.777696e+01  2.505250e+01  2.000000e+00
   endloop
 endfacet
 facet normal  9.906046e-01 -1.367575e-01  0.000000e+00
   outer loop
     vertex  4.776294e+01  2.496028e+01  2.000000e+00
     vertex  4.776294e+01  2.496028e+01  0.000000e+00
     vertex  4.776932e+01  2.500649e+01  0.000000e+00
   endloop
 endfacet
 facet normal  9.939835e-01 -1.095298e-01  0.000000e+00
   outer loop
     vertex  4.776294e+01  2.496028e+01  2.000000e+00
     vertex  4.775783e+01  2.491392e+01  0.000000e+00
     vertex  4.776294e+01  2.496028e+01  0.000000e+00
   endloop
 endfacet
 facet normal  9.906046e-01 -1.367575e-01  0.000000e+00
   outer loop
     vertex  4.776294e+01  2.496028e+01  2.000000e+00
     vertex  4.776932e+01  2.500649e+01  0.000000e+00
     vertex  4.776932e+01  2.500649e+01  2.000000e+00
   endloop
 endfacet
 facet normal  9.939835e-01 -1.095298e-01  0.000000e+00
   outer loop
     vertex  4.775783e+01  2.491392e+01  2.000000e+00
     vertex  4.775783e+01  2.491392e+01  0.000000e+00
     vertex  4.776294e+01  2.496028e+01  2.000000e+00
   endloop
 endfacet
 facet normal  9.966142e-01 -8.221955e-02  0.000000e+00
   outer loop
     vertex  4.775400e+01  2.486744e+01  2.000000e+00
     vertex  4.775783e+01  2.491392e+01  0.000000e+00
     vertex  4.775783e+01  2.491392e+01  2.000000e+00
   endloop
 endfacet
 facet normal  9.966142e-01 -8.221955e-02  0.000000e+00
   outer loop
     vertex  4.775400e+01  2.486744e+01  2.000000e+00
     vertex  4.775400e+01  2.486744e+01  0.000000e+00
     vertex  4.775783e+01  2.491392e+01  0.000000e+00
   endloop
 endfacet
 facet normal  9.984947e-01 -5.484744e-02  0.000000e+00
   outer loop
     vertex  4.775144e+01  2.482087e+01  2.000000e+00
     vertex  4.775400e+01  2.486744e+01  0.000000e+00
     vertex  4.775400e+01  2.486744e+01  2.000000e+00
   endloop
 endfacet
 facet normal  9.984947e-01 -5.484744e-02  0.000000e+00
   outer loop
     vertex  4.775144e+01  2.482087e+01  2.000000e+00
     vertex  4.775144e+01  2.482087e+01  0.000000e+00
     vertex  4.775400e+01  2.486744e+01  0.000000e+00
   endloop
 endfacet
 facet normal  9.996236e-01 -2.743405e-02  0.000000e+00
   outer loop
     vertex  4.775144e+01  2.482087e+01  2.000000e+00
     vertex  4.775016e+01  2.477424e+01  0.000000e+00
     vertex  4.775144e+01  2.482087e+01  0.000000e+00
   endloop
 endfacet
 facet normal  9.996236e-01 -2.743405e-02  0.000000e+00
   outer loop
     vertex  4.775016e+01  2.477424e+01  2.000000e+00
     vertex  4.775016e+01  2.477424e+01  0.000000e+00
     vertex  4.775144e+01  2.482087e+01  2.000000e+00
   endloop
 endfacet
 facet normal  1.000000e+00 -0.000000e+00  0.000000e+00
   outer loop
     vertex  4.775016e+01  2.472760e+01  2.000000e+00
     vertex  4.775016e+01  2.477424e+01  0.000000e+00
     vertex  4.775016e+01  2.477424e+01  2.000000e+00
   endloop
 endfacet
 facet normal  1.000000e+00  0.000000e+00  0.000000e+00
   outer loop
     vertex  4.775016e+01  2.472760e+01  2.000000e+00
     vertex  4.775016e+01  2.472760e+01  0.000000e+00
     vertex  4.775016e+01  2.477424e+01  0.000000e+00
   endloop
 endfacet
 facet normal  9.996236e-01  2.743405e-02  0.000000e+00
   outer loop
     vertex  4.775016e+01  2.472760e+01  2.000000e+00
     vertex  4.775144e+01  2.468097e+01  0.000000e+00
     vertex  4.775016e+01  2.472760e+01  0.000000e+00
   endloop
 endfacet
 facet normal  9.996236e-01  2.743405e-02  0.000000e+00
   outer loop
     vertex  4.775144e+01  2.468097e+01  2.000000e+00
     vertex  4.775144e+01  2.468097e+01  0.000000e+00
     vertex  4.775016e+01  2.472760e+01  2.000000e+00
   endloop
 endfacet
 facet normal  9.984947e-01  5.484744e-02  0.000000e+00
   outer loop
     vertex  4.775400e+01  2.463440e+01  2.000000e+00
     vertex  4.775144e+01  2.468097e+01  0.000000e+00
     vertex  4.775144e+01  2.468097e+01  2.000000e+00
   endloop
 endfacet
 facet normal  9.984947e-01  5.484744e-02  0.000000e+00
   outer loop
     vertex  4.775400e+01  2.463440e+01  2.000000e+00
     vertex  4.775400e+01  2.463440e+01  0.000000e+00
     vertex  4.775144e+01  2.468097e+01  0.000000e+00
   endloop
 endfacet
 facet normal  9.966142e-01  8.221955e-02  0.000000e+00
   outer loop
     vertex  4.775400e+01  2.463440e+01  2.000000e+00
     vertex  4.775783e+01  2.458792e+01  0.000000e+00
     vertex  4.775400e+01  2.463440e+01  0.000000e+00
   endloop
 endfacet
 facet normal  9.966142e-01  8.221955e-02  0.000000e+00
   outer loop
     vertex  4.775783e+01  2.458792e+01  2.000000e+00
     vertex  4.775783e+01  2.458792e+01  0.000000e+00
     vertex  4.775400e+01  2.463440e+01  2.000000e+00
   endloop
 endfacet
 facet normal  9.939835e-01  1.095298e-01  0.000000e+00
   outer loop
     vertex  4.776294e+01  2.454156e+01  2.000000e+00
     vertex  4.775783e+01  2.458792e+01  0.000000e+00
     vertex  4.775783e+01  2.458792e+01  2.000000e+00
   endloop
 endfacet
 facet normal  9.939835e-01  1.095298e-01  0.000000e+00
   outer loop
     vertex  4.776294e+01  2.454156e+01  2.000000e+00
     vertex  4.776294e+01  2.454156e+01  0.000000e+00
     vertex  4.775783e+01  2.458792e+01  0.000000e+00
   endloop
 endfacet
 facet normal  9.906046e-01  1.367575e-01  0.000000e+00
   outer loop
     vertex  4.776294e+01  2.454156e+01  2.000000e+00
     vertex  4.776932e+01  2.449535e+01  0.000000e+00
     vertex  4.776294e+01  2.454156e+01  0.000000e+00
   endloop
 endfacet
 facet normal  9.906046e-01  1.367575e-01  0.000000e+00
   outer loop
     vertex  4.776932e+01  2.449535e+01  2.000000e+00
     vertex  4.776932e+01  2.449535e+01  0.000000e+00
     vertex  4.776294e+01  2.454156e+01  2.000000e+00
   endloop
 endfacet
 facet normal  9.864799e-01  1.638824e-01  0.000000e+00
   outer loop
     vertex  4.777696e+01  2.444934e+01  2.000000e+00
     vertex  4.776932e+01  2.449535e+01  0.000000e+00
     vertex  4.776932e+01  2.449535e+01  2.000000e+00
   endloop
 endfacet
 facet normal  9.864799e-01  1.638824e-01  0.000000e+00
   outer loop
     vertex  4.777696e+01  2.444934e+01  2.000000e+00
     vertex  4.777696e+01  2.444934e+01  0.000000e+00
     vertex  4.776932e+01  2.449535e+01  0.000000e+00
   endloop
 endfacet
 facet normal  9.816126e-01  1.908838e-01  0.000000e+00
   outer loop
     vertex  4.778587e+01  2.440356e+01  2.000000e+00
     vertex  4.777696e+01  2.444934e+01  0.000000e+00
     vertex  4.777696e+01  2.444934e+01  2.000000e+00
   endloop
 endfacet
 facet normal  9.816126e-01  1.908838e-01  0.000000e+00
   outer loop
     vertex  4.778587e+01  2.440356e+01  2.000000e+00
     vertex  4.778587e+01  2.440356e+01  0.000000e+00
     vertex  4.777696e+01  2.444934e+01  0.000000e+00
   endloop
 endfacet
 facet normal  9.760065e-01  2.177416e-01  0.000000e+00
   outer loop
     vertex  4.778587e+01  2.440356e+01  2.000000e+00
     vertex  4.779602e+01  2.435803e+01  0.000000e+00
     vertex  4.778587e+01  2.440356e+01  0.000000e+00
   endloop
 endfacet
 facet normal  9.760065e-01  2.177416e-01  0.000000e+00
   outer loop
     vertex  4.779602e+01  2.435803e+01  2.000000e+00
     vertex  4.779602e+01  2.435803e+01  0.000000e+00
     vertex  4.778587e+01  2.440356e+01  2.000000e+00
   endloop
 endfacet
 facet normal  9.696656e-01  2.444354e-01  0.000000e+00
   outer loop
     vertex  4.780742e+01  2.431281e+01  2.000000e+00
     vertex  4.780742e+01  2.431281e+01  0.000000e+00
     vertex  4.779602e+01  2.435803e+01  0.000000e+00
   endloop
 endfacet
 facet normal  9.696656e-01  2.444354e-01  0.000000e+00
   outer loop
     vertex  4.780742e+01  2.431281e+01  2.000000e+00
     vertex  4.779602e+01  2.435803e+01  0.000000e+00
     vertex  4.779602e+01  2.435803e+01  2.000000e+00
   endloop
 endfacet
 facet normal  9.625948e-01  2.709453e-01  0.000000e+00
   outer loop
     vertex  4.782006e+01  2.426791e+01  2.000000e+00
     vertex  4.782006e+01  2.426791e+01  0.000000e+00
     vertex  4.780742e+01  2.431281e+01  0.000000e+00
   endloop
 endfacet
 facet normal  9.625948e-01  2.709453e-01  0.000000e+00
   outer loop
     vertex  4.782006e+01  2.426791e+01  2.000000e+00
     vertex  4.780742e+01  2.431281e+01  0.000000e+00
     vertex  4.780742e+01  2.431281e+01  2.000000e+00
   endloop
 endfacet
 facet normal  9.547993e-01  2.972512e-01  0.000000e+00
   outer loop
     vertex  4.783393e+01  2.422337e+01  2.000000e+00
     vertex  4.783393e+01  2.422337e+01  0.000000e+00
     vertex  4.782006e+01  2.426791e+01  0.000000e+00
   endloop
 endfacet
 facet normal  9.547993e-01  2.972512e-01  0.000000e+00
   outer loop
     vertex  4.783393e+01  2.422337e+01  2.000000e+00
     vertex  4.782006e+01  2.426791e+01  0.000000e+00
     vertex  4.782006e+01  2.426791e+01  2.000000e+00
   endloop
 endfacet
 facet normal  9.462851e-01  3.233333e-01  0.000000e+00
   outer loop
     vertex  4.784901e+01  2.417924e+01  2.000000e+00
     vertex  4.784901e+01  2.417924e+01  0.000000e+00
     vertex  4.783393e+01  2.422337e+01  0.000000e+00
   endloop
 endfacet
 facet normal  9.462851e-01  3.233333e-01  0.000000e+00
   outer loop
     vertex  4.784901e+01  2.417924e+01  2.000000e+00
     vertex  4.783393e+01  2.422337e+01  0.000000e+00
     vertex  4.783393e+01  2.422337e+01  2.000000e+00
   endloop
 endfacet
 facet normal  9.370586e-01  3.491720e-01  0.000000e+00
   outer loop
     vertex  4.786529e+01  2.413553e+01  2.000000e+00
     vertex  4.786529e+01  2.413553e+01  0.000000e+00
     vertex  4.784901e+01  2.417924e+01  0.000000e+00
   endloop
 endfacet
 facet normal  9.271267e-01  3.747479e-01  0.000000e+00
   outer loop
     vertex  4.786529e+01  2.413553e+01  2.000000e+00
     vertex  4.788277e+01  2.409229e+01  0.000000e+00
     vertex  4.786529e+01  2.413553e+01  0.000000e+00
   endloop
 endfacet
 facet normal  9.370586e-01  3.491720e-01  0.000000e+00
   outer loop
     vertex  4.786529e+01  2.413553e+01  2.000000e+00
     vertex  4.784901e+01  2.417924e+01  0.000000e+00
     vertex  4.784901e+01  2.417924e+01  2.000000e+00
   endloop
 endfacet
 facet normal  9.164969e-01  4.000417e-01  0.000000e+00
   outer loop
     vertex  4.788277e+01  2.409229e+01  2.000000e+00
     vertex  4.790143e+01  2.404954e+01  0.000000e+00
     vertex  4.788277e+01  2.409229e+01  0.000000e+00
   endloop
 endfacet
 facet normal  9.271267e-01  3.747479e-01  0.000000e+00
   outer loop
     vertex  4.788277e+01  2.409229e+01  2.000000e+00
     vertex  4.788277e+01  2.409229e+01  0.000000e+00
     vertex  4.786529e+01  2.413553e+01  2.000000e+00
   endloop
 endfacet
 facet normal  9.164969e-01  4.000417e-01  0.000000e+00
   outer loop
     vertex  4.790143e+01  2.404954e+01  2.000000e+00
     vertex  4.790143e+01  2.404954e+01  0.000000e+00
     vertex  4.788277e+01  2.409229e+01  2.000000e+00
   endloop
 endfacet
 facet normal  9.051772e-01  4.250344e-01  0.000000e+00
   outer loop
     vertex  4.792126e+01  2.400732e+01  2.000000e+00
     vertex  4.792126e+01  2.400732e+01  0.000000e+00
     vertex  4.790143e+01  2.404954e+01  0.000000e+00
   endloop
 endfacet
 facet normal  9.051772e-01  4.250344e-01  0.000000e+00
   outer loop
     vertex  4.792126e+01  2.400732e+01  2.000000e+00
     vertex  4.790143e+01  2.404954e+01  0.000000e+00
     vertex  4.790143e+01  2.404954e+01  2.000000e+00
   endloop
 endfacet
 facet normal  8.931761e-01  4.497071e-01  0.000000e+00
   outer loop
     vertex  4.794223e+01  2.396566e+01  2.000000e+00
     vertex  4.794223e+01  2.396566e+01  0.000000e+00
     vertex  4.792126e+01  2.400732e+01  0.000000e+00
   endloop
 endfacet
 facet normal  8.931761e-01  4.497071e-01  0.000000e+00
   outer loop
     vertex  4.794223e+01  2.396566e+01  2.000000e+00
     vertex  4.792126e+01  2.400732e+01  0.000000e+00
     vertex  4.792126e+01  2.400732e+01  2.000000e+00
   endloop
 endfacet
 facet normal  8.805026e-01  4.740412e-01  0.000000e+00
   outer loop
     vertex  4.796434e+01  2.392459e+01  2.000000e+00
     vertex  4.796434e+01  2.392459e+01  0.000000e+00
     vertex  4.794223e+01  2.396566e+01  0.000000e+00
   endloop
 endfacet
 facet normal  8.671664e-01  4.980186e-01  0.000000e+00
   outer loop
     vertex  4.796434e+01  2.392459e+01  2.000000e+00
     vertex  4.798757e+01  2.388414e+01  0.000000e+00
     vertex  4.796434e+01  2.392459e+01  0.000000e+00
   endloop
 endfacet
 facet normal  8.805026e-01  4.740412e-01  0.000000e+00
   outer loop
     vertex  4.796434e+01  2.392459e+01  2.000000e+00
     vertex  4.794223e+01  2.396566e+01  0.000000e+00
     vertex  4.794223e+01  2.396566e+01  2.000000e+00
   endloop
 endfacet
 facet normal  8.531773e-01  5.216210e-01  0.000000e+00
   outer loop
     vertex  4.798757e+01  2.388414e+01  2.000000e+00
     vertex  4.801190e+01  2.384435e+01  0.000000e+00
     vertex  4.798757e+01  2.388414e+01  0.000000e+00
   endloop
 endfacet
 facet normal  8.671664e-01  4.980186e-01  0.000000e+00
   outer loop
     vertex  4.798757e+01  2.388414e+01  2.000000e+00
     vertex  4.798757e+01  2.388414e+01  0.000000e+00
     vertex  4.796434e+01  2.392459e+01  2.000000e+00
   endloop
 endfacet
 facet normal  8.531773e-01  5.216210e-01  0.000000e+00
   outer loop
     vertex  4.801190e+01  2.384435e+01  2.000000e+00
     vertex  4.801190e+01  2.384435e+01  0.000000e+00
     vertex  4.798757e+01  2.388414e+01  2.000000e+00
   endloop
 endfacet
 facet normal  8.385460e-01  5.448308e-01  0.000000e+00
   outer loop
     vertex  4.803731e+01  2.380524e+01  2.000000e+00
     vertex  4.801190e+01  2.384435e+01  0.000000e+00
     vertex  4.801190e+01  2.384435e+01  2.000000e+00
   endloop
 endfacet
 facet normal  8.385460e-01  5.448308e-01  0.000000e+00
   outer loop
     vertex  4.803731e+01  2.380524e+01  2.000000e+00
     vertex  4.803731e+01  2.380524e+01  0.000000e+00
     vertex  4.801190e+01  2.384435e+01  0.000000e+00
   endloop
 endfacet
 facet normal  8.232835e-01  5.676304e-01  0.000000e+00
   outer loop
     vertex  4.803731e+01  2.380524e+01  2.000000e+00
     vertex  4.806379e+01  2.376684e+01  0.000000e+00
     vertex  4.803731e+01  2.380524e+01  0.000000e+00
   endloop
 endfacet
 facet normal  8.232835e-01  5.676304e-01  0.000000e+00
   outer loop
     vertex  4.806379e+01  2.376684e+01  2.000000e+00
     vertex  4.806379e+01  2.376684e+01  0.000000e+00
     vertex  4.803731e+01  2.380524e+01  2.000000e+00
   endloop
 endfacet
 facet normal  8.074012e-01  5.900028e-01  0.000000e+00
   outer loop
     vertex  4.806379e+01  2.376684e+01  2.000000e+00
     vertex  4.809131e+01  2.372918e+01  0.000000e+00
     vertex  4.806379e+01  2.376684e+01  0.000000e+00
   endloop
 endfacet
 facet normal  8.074012e-01  5.900028e-01  0.000000e+00
   outer loop
     vertex  4.809131e+01  2.372918e+01  2.000000e+00
     vertex  4.809131e+01  2.372918e+01  0.000000e+00
     vertex  4.806379e+01  2.376684e+01  2.000000e+00
   endloop
 endfacet
 facet normal  7.909112e-01  6.119310e-01  0.000000e+00
   outer loop
     vertex  4.811985e+01  2.369229e+01  2.000000e+00
     vertex  4.809131e+01  2.372918e+01  0.000000e+00
     vertex  4.809131e+01  2.372918e+01  2.000000e+00
   endloop
 endfacet
 facet normal  7.909112e-01  6.119310e-01  0.000000e+00
   outer loop
     vertex  4.811985e+01  2.369229e+01  2.000000e+00
     vertex  4.811985e+01  2.369229e+01  0.000000e+00
     vertex  4.809131e+01  2.372918e+01  0.000000e+00
   endloop
 endfacet
 facet normal  7.738257e-01  6.333986e-01  0.000000e+00
   outer loop
     vertex  4.811985e+01  2.369229e+01  2.000000e+00
     vertex  4.814939e+01  2.365620e+01  0.000000e+00
     vertex  4.811985e+01  2.369229e+01  0.000000e+00
   endloop
 endfacet
 facet normal  7.738257e-01  6.333986e-01  0.000000e+00
   outer loop
     vertex  4.814939e+01  2.365620e+01  2.000000e+00
     vertex  4.814939e+01  2.365620e+01  0.000000e+00
     vertex  4.811985e+01  2.369229e+01  2.000000e+00
   endloop
 endfacet
 facet normal  7.561578e-01  6.543893e-01  0.000000e+00
   outer loop
     vertex  4.817991e+01  2.362093e+01  2.000000e+00
     vertex  4.814939e+01  2.365620e+01  0.000000e+00
     vertex  4.814939e+01  2.365620e+01  2.000000e+00
   endloop
 endfacet
 facet normal  7.561578e-01  6.543893e-01  0.000000e+00
   outer loop
     vertex  4.817991e+01  2.362093e+01  2.000000e+00
     vertex  4.817991e+01  2.362093e+01  0.000000e+00
     vertex  4.814939e+01  2.365620e+01  0.000000e+00
   endloop
 endfacet
 facet normal  7.379206e-01  6.748875e-01  0.000000e+00
   outer loop
     vertex  4.821139e+01  2.358651e+01  2.000000e+00
     vertex  4.817991e+01  2.362093e+01  0.000000e+00
     vertex  4.817991e+01  2.362093e+01  2.000000e+00
   endloop
 endfacet
 facet normal  7.379206e-01  6.748875e-01  0.000000e+00
   outer loop
     vertex  4.821139e+01  2.358651e+01  2.000000e+00
     vertex  4.821139e+01  2.358651e+01  0.000000e+00
     vertex  4.817991e+01  2.362093e+01  0.000000e+00
   endloop
 endfacet
 facet normal  7.191280e-01  6.948776e-01  0.000000e+00
   outer loop
     vertex  4.824380e+01  2.355297e+01  2.000000e+00
     vertex  4.821139e+01  2.358651e+01  0.000000e+00
     vertex  4.821139e+01  2.358651e+01  2.000000e+00
   endloop
 endfacet
 facet normal  7.191280e-01  6.948776e-01  0.000000e+00
   outer loop
     vertex  4.824380e+01  2.355297e+01  2.000000e+00
     vertex  4.824380e+01  2.355297e+01  0.000000e+00
     vertex  4.821139e+01  2.358651e+01  0.000000e+00
   endloop
 endfacet
 facet normal  6.997940e-01  7.143447e-01  0.000000e+00
   outer loop
     vertex  4.827712e+01  2.352033e+01  2.000000e+00
     vertex  4.824380e+01  2.355297e+01  0.000000e+00
     vertex  4.824380e+01  2.355297e+01  2.000000e+00
   endloop
 endfacet
 facet normal  6.997940e-01  7.143447e-01  0.000000e+00
   outer loop
     vertex  4.827712e+01  2.352033e+01  2.000000e+00
     vertex  4.827712e+01  2.352033e+01  0.000000e+00
     vertex  4.824380e+01  2.355297e+01  0.000000e+00
   endloop
 endfacet
 facet normal  6.799333e-01  7.332740e-01  0.000000e+00
   outer loop
     vertex  4.831132e+01  2.348861e+01  2.000000e+00
     vertex  4.827712e+01  2.352033e+01  0.000000e+00
     vertex  4.827712e+01  2.352033e+01  2.000000e+00
   endloop
 endfacet
 facet normal  6.799333e-01  7.332740e-01  0.000000e+00
   outer loop
     vertex  4.831132e+01  2.348861e+01  2.000000e+00
     vertex  4.831132e+01  2.348861e+01  0.000000e+00
     vertex  4.827712e+01  2.352033e+01  0.000000e+00
   endloop
 endfacet
 facet normal  6.595607e-01  7.516513e-01  0.000000e+00
   outer loop
     vertex  4.834638e+01  2.345785e+01  2.000000e+00
     vertex  4.831132e+01  2.348861e+01  0.000000e+00
     vertex  4.831132e+01  2.348861e+01  2.000000e+00
   endloop
 endfacet
 facet normal  6.595607e-01  7.516513e-01  0.000000e+00
   outer loop
     vertex  4.834638e+01  2.345785e+01  2.000000e+00
     vertex  4.834638e+01  2.345785e+01  0.000000e+00
     vertex  4.831132e+01  2.348861e+01  0.000000e+00
   endloop
 endfacet
 facet normal  6.386916e-01  7.694628e-01  0.000000e+00
   outer loop
     vertex  4.838227e+01  2.342806e+01  2.000000e+00
     vertex  4.834638e+01  2.345785e+01  0.000000e+00
     vertex  4.834638e+01  2.345785e+01  2.000000e+00
   endloop
 endfacet
 facet normal  6.386916e-01  7.694628e-01  0.000000e+00
   outer loop
     vertex  4.838227e+01  2.342806e+01  2.000000e+00
     vertex  4.838227e+01  2.342806e+01  0.000000e+00
     vertex  4.834638e+01  2.345785e+01  0.000000e+00
   endloop
 endfacet
 facet normal  6.173417e-01  7.866951e-01  0.000000e+00
   outer loop
     vertex  4.841896e+01  2.339927e+01  2.000000e+00
     vertex  4.838227e+01  2.342806e+01  0.000000e+00
     vertex  4.838227e+01  2.342806e+01  2.000000e+00
   endloop
 endfacet
 facet normal  6.173417e-01  7.866951e-01  0.000000e+00
   outer loop
     vertex  4.841896e+01  2.339927e+01  2.000000e+00
     vertex  4.841896e+01  2.339927e+01  0.000000e+00
     vertex  4.838227e+01  2.342806e+01  0.000000e+00
   endloop
 endfacet
 facet normal  5.955271e-01  8.033352e-01  0.000000e+00
   outer loop
     vertex  4.841896e+01  2.339927e+01  2.000000e+00
     vertex  4.845643e+01  2.337149e+01  0.000000e+00
     vertex  4.841896e+01  2.339927e+01  0.000000e+00
   endloop
 endfacet
 facet normal  5.955271e-01  8.033352e-01  0.000000e+00
   outer loop
     vertex  4.845643e+01  2.337149e+01  2.000000e+00
     vertex  4.845643e+01  2.337149e+01  0.000000e+00
     vertex  4.841896e+01  2.339927e+01  2.000000e+00
   endloop
 endfacet
 facet normal  5.732642e-01  8.193706e-01  0.000000e+00
   outer loop
     vertex  4.849465e+01  2.334475e+01  2.000000e+00
     vertex  4.845643e+01  2.337149e+01  0.000000e+00
     vertex  4.845643e+01  2.337149e+01  2.000000e+00
   endloop
 endfacet
 facet normal  5.732642e-01  8.193706e-01  0.000000e+00
   outer loop
     vertex  4.849465e+01  2.334475e+01  2.000000e+00
     vertex  4.849465e+01  2.334475e+01  0.000000e+00
     vertex  4.845643e+01  2.337149e+01  0.000000e+00
   endloop
 endfacet
 facet normal  5.505698e-01  8.347891e-01  0.000000e+00
   outer loop
     vertex  4.853359e+01  2.331907e+01  2.000000e+00
     vertex  4.849465e+01  2.334475e+01  0.000000e+00
     vertex  4.849465e+01  2.334475e+01  2.000000e+00
   endloop
 endfacet
 facet normal  5.505698e-01  8.347891e-01  0.000000e+00
   outer loop
     vertex  4.853359e+01  2.331907e+01  2.000000e+00
     vertex  4.853359e+01  2.331907e+01  0.000000e+00
     vertex  4.849465e+01  2.334475e+01  0.000000e+00
   endloop
 endfacet
 facet normal  5.274609e-01  8.495793e-01  0.000000e+00
   outer loop
     vertex  4.853359e+01  2.331907e+01  2.000000e+00
     vertex  4.857321e+01  2.329447e+01  0.000000e+00
     vertex  4.853359e+01  2.331907e+01  0.000000e+00
   endloop
 endfacet
 facet normal  5.274609e-01  8.495793e-01  0.000000e+00
   outer loop
     vertex  4.857321e+01  2.329447e+01  2.000000e+00
     vertex  4.857321e+01  2.329447e+01  0.000000e+00
     vertex  4.853359e+01  2.331907e+01  2.000000e+00
   endloop
 endfacet
 facet normal  5.039550e-01  8.637299e-01  0.000000e+00
   outer loop
     vertex  4.861350e+01  2.327096e+01  2.000000e+00
     vertex  4.857321e+01  2.329447e+01  0.000000e+00
     vertex  4.857321e+01  2.329447e+01  2.000000e+00
   endloop
 endfacet
 facet normal  5.039550e-01  8.637299e-01  0.000000e+00
   outer loop
     vertex  4.861350e+01  2.327096e+01  2.000000e+00
     vertex  4.861350e+01  2.327096e+01  0.000000e+00
     vertex  4.857321e+01  2.329447e+01  0.000000e+00
   endloop
 endfacet
 facet normal  4.800697e-01  8.772303e-01  0.000000e+00
   outer loop
     vertex  4.865442e+01  2.324857e+01  2.000000e+00
     vertex  4.861350e+01  2.327096e+01  0.000000e+00
     vertex  4.861350e+01  2.327096e+01  2.000000e+00
   endloop
 endfacet
 facet normal  4.800697e-01  8.772303e-01  0.000000e+00
   outer loop
     vertex  4.865442e+01  2.324857e+01  2.000000e+00
     vertex  4.865442e+01  2.324857e+01  0.000000e+00
     vertex  4.861350e+01  2.327096e+01  0.000000e+00
   endloop
 endfacet
 facet normal  4.558231e-01  8.900704e-01  0.000000e+00
   outer loop
     vertex  4.869593e+01  2.322731e+01  2.000000e+00
     vertex  4.865442e+01  2.324857e+01  0.000000e+00
     vertex  4.865442e+01  2.324857e+01  2.000000e+00
   endloop
 endfacet
 facet normal  4.558231e-01  8.900704e-01  0.000000e+00
   outer loop
     vertex  4.869593e+01  2.322731e+01  2.000000e+00
     vertex  4.869593e+01  2.322731e+01  0.000000e+00
     vertex  4.865442e+01  2.324857e+01  0.000000e+00
   endloop
 endfacet
 facet normal  4.312333e-01  9.022405e-01  0.000000e+00
   outer loop
     vertex  4.873801e+01  2.320720e+01  2.000000e+00
     vertex  4.869593e+01  2.322731e+01  0.000000e+00
     vertex  4.869593e+01  2.322731e+01  2.000000e+00
   endloop
 endfacet
 facet normal  4.312333e-01  9.022405e-01  0.000000e+00
   outer loop
     vertex  4.873801e+01  2.320720e+01  2.000000e+00
     vertex  4.873801e+01  2.320720e+01  0.000000e+00
     vertex  4.869593e+01  2.322731e+01  0.000000e+00
   endloop
 endfacet
 facet normal  4.063188e-01  9.137314e-01  0.000000e+00
   outer loop
     vertex  4.878063e+01  2.318825e+01  2.000000e+00
     vertex  4.873801e+01  2.320720e+01  0.000000e+00
     vertex  4.873801e+01  2.320720e+01  2.000000e+00
   endloop
 endfacet
 facet normal  4.063188e-01  9.137314e-01  0.000000e+00
   outer loop
     vertex  4.878063e+01  2.318825e+01  2.000000e+00
     vertex  4.878063e+01  2.318825e+01  0.000000e+00
     vertex  4.873801e+01  2.320720e+01  0.000000e+00
   endloop
 endfacet
 facet normal  3.810986e-01  9.245344e-01  0.000000e+00
   outer loop
     vertex  4.878063e+01  2.318825e+01  2.000000e+00
     vertex  4.882375e+01  2.317047e+01  0.000000e+00
     vertex  4.878063e+01  2.318825e+01  0.000000e+00
   endloop
 endfacet
 facet normal  3.810986e-01  9.245344e-01  0.000000e+00
   outer loop
     vertex  4.882375e+01  2.317047e+01  2.000000e+00
     vertex  4.882375e+01  2.317047e+01  0.000000e+00
     vertex  4.878063e+01  2.318825e+01  2.000000e+00
   endloop
 endfacet
 facet normal  3.555914e-01  9.346415e-01  0.000000e+00
   outer loop
     vertex  4.886735e+01  2.315389e+01  2.000000e+00
     vertex  4.886735e+01  2.315389e+01  0.000000e+00
     vertex  4.882375e+01  2.317047e+01  0.000000e+00
   endloop
 endfacet
 facet normal  3.555914e-01  9.346415e-01  0.000000e+00
   outer loop
     vertex  4.886735e+01  2.315389e+01  2.000000e+00
     vertex  4.882375e+01  2.317047e+01  0.000000e+00
     vertex  4.882375e+01  2.317047e+01  2.000000e+00
   endloop
 endfacet
 facet normal  3.298166e-01  9.440450e-01  0.000000e+00
   outer loop
     vertex  4.891138e+01  2.313850e+01  2.000000e+00
     vertex  4.891138e+01  2.313850e+01  0.000000e+00
     vertex  4.886735e+01  2.315389e+01  0.000000e+00
   endloop
 endfacet
 facet normal  3.298166e-01  9.440450e-01  0.000000e+00
   outer loop
     vertex  4.891138e+01  2.313850e+01  2.000000e+00
     vertex  4.886735e+01  2.315389e+01  0.000000e+00
     vertex  4.886735e+01  2.315389e+01  2.000000e+00
   endloop
 endfacet
 facet normal  3.037934e-01  9.527379e-01  0.000000e+00
   outer loop
     vertex  4.895582e+01  2.312433e+01  2.000000e+00
     vertex  4.895582e+01  2.312433e+01  0.000000e+00
     vertex  4.891138e+01  2.313850e+01  0.000000e+00
   endloop
 endfacet
 facet normal  3.037934e-01  9.527379e-01  0.000000e+00
   outer loop
     vertex  4.895582e+01  2.312433e+01  2.000000e+00
     vertex  4.891138e+01  2.313850e+01  0.000000e+00
     vertex  4.891138e+01  2.313850e+01  2.000000e+00
   endloop
 endfacet
 facet normal  2.775416e-01  9.607136e-01  0.000000e+00
   outer loop
     vertex  4.900063e+01  2.311139e+01  2.000000e+00
     vertex  4.895582e+01  2.312433e+01  0.000000e+00
     vertex  4.895582e+01  2.312433e+01  2.000000e+00
   endloop
 endfacet
 facet normal  2.775416e-01  9.607136e-01  0.000000e+00
   outer loop
     vertex  4.900063e+01  2.311139e+01  2.000000e+00
     vertex  4.900063e+01  2.311139e+01  0.000000e+00
     vertex  4.895582e+01  2.312433e+01  0.000000e+00
   endloop
 endfacet
 facet normal  2.510809e-01  9.679661e-01  0.000000e+00
   outer loop
     vertex  4.904578e+01  2.309968e+01  2.000000e+00
     vertex  4.900063e+01  2.311139e+01  0.000000e+00
     vertex  4.900063e+01  2.311139e+01  2.000000e+00
   endloop
 endfacet
 facet normal  2.510809e-01  9.679661e-01  0.000000e+00
   outer loop
     vertex  4.904578e+01  2.309968e+01  2.000000e+00
     vertex  4.904578e+01  2.309968e+01  0.000000e+00
     vertex  4.900063e+01  2.311139e+01  0.000000e+00
   endloop
 endfacet
 facet normal  2.244312e-01  9.744899e-01  0.000000e+00
   outer loop
     vertex  4.904578e+01  2.309968e+01  2.000000e+00
     vertex  4.909123e+01  2.308921e+01  0.000000e+00
     vertex  4.904578e+01  2.309968e+01  0.000000e+00
   endloop
 endfacet
 facet normal  2.244312e-01  9.744899e-01  0.000000e+00
   outer loop
     vertex  4.909123e+01  2.308921e+01  2.000000e+00
     vertex  4.909123e+01  2.308921e+01  0.000000e+00
     vertex  4.904578e+01  2.309968e+01  2.000000e+00
   endloop
 endfacet
 facet normal  1.976125e-01  9.802802e-01  0.000000e+00
   outer loop
     vertex  4.913695e+01  2.307999e+01  2.000000e+00
     vertex  4.909123e+01  2.308921e+01  0.000000e+00
     vertex  4.909123e+01  2.308921e+01  2.000000e+00
   endloop
 endfacet
 facet normal  1.976125e-01  9.802802e-01  0.000000e+00
   outer loop
     vertex  4.913695e+01  2.307999e+01  2.000000e+00
     vertex  4.913695e+01  2.307999e+01  0.000000e+00
     vertex  4.909123e+01  2.308921e+01  0.000000e+00
   endloop
 endfacet
 facet normal  1.706451e-01  9.853326e-01  0.000000e+00
   outer loop
     vertex  4.913695e+01  2.307999e+01  2.000000e+00
     vertex  4.918291e+01  2.307203e+01  0.000000e+00
     vertex  4.913695e+01  2.307999e+01  0.000000e+00
   endloop
 endfacet
 facet normal  1.706451e-01  9.853326e-01  0.000000e+00
   outer loop
     vertex  4.918291e+01  2.307203e+01  2.000000e+00
     vertex  4.918291e+01  2.307203e+01  0.000000e+00
     vertex  4.913695e+01  2.307999e+01  2.000000e+00
   endloop
 endfacet
 facet normal  1.435492e-01  9.896432e-01  0.000000e+00
   outer loop
     vertex  4.922907e+01  2.306534e+01  2.000000e+00
     vertex  4.918291e+01  2.307203e+01  0.000000e+00
     vertex  4.918291e+01  2.307203e+01  2.000000e+00
   endloop
 endfacet
 facet normal  1.435492e-01  9.896432e-01  0.000000e+00
   outer loop
     vertex  4.922907e+01  2.306534e+01  2.000000e+00
     vertex  4.922907e+01  2.306534e+01  0.000000e+00
     vertex  4.918291e+01  2.307203e+01  0.000000e+00
   endloop
 endfacet
 facet normal  1.163452e-01  9.932088e-01  0.000000e+00
   outer loop
     vertex  4.927539e+01  2.305991e+01  2.000000e+00
     vertex  4.922907e+01  2.306534e+01  0.000000e+00
     vertex  4.922907e+01  2.306534e+01  2.000000e+00
   endloop
 endfacet
 facet normal  1.163452e-01  9.932088e-01  0.000000e+00
   outer loop
     vertex  4.927539e+01  2.305991e+01  2.000000e+00
     vertex  4.927539e+01  2.305991e+01  0.000000e+00
     vertex  4.922907e+01  2.306534e+01  0.000000e+00
   endloop
 endfacet
 facet normal  8.905371e-02  9.960268e-01  0.000000e+00
   outer loop
     vertex  4.932185e+01  2.305576e+01  2.000000e+00
     vertex  4.927539e+01  2.305991e+01  0.000000e+00
     vertex  4.927539e+01  2.305991e+01  2.000000e+00
   endloop
 endfacet
 facet normal  8.905371e-02  9.960268e-01  0.000000e+00
   outer loop
     vertex  4.932185e+01  2.305576e+01  2.000000e+00
     vertex  4.932185e+01  2.305576e+01  0.000000e+00
     vertex  4.927539e+01  2.305991e+01  0.000000e+00
   endloop
 endfacet
 facet normal  6.169515e-02  9.980950e-01  0.000000e+00
   outer loop
     vertex  4.936840e+01  2.305288e+01  2.000000e+00
     vertex  4.932185e+01  2.305576e+01  0.000000e+00
     vertex  4.932185e+01  2.305576e+01  2.000000e+00
   endloop
 endfacet
 facet normal  6.169515e-02  9.980950e-01  0.000000e+00
   outer loop
     vertex  4.936840e+01  2.305288e+01  2.000000e+00
     vertex  4.936840e+01  2.305288e+01  0.000000e+00
     vertex  4.932185e+01  2.305576e+01  0.000000e+00
   endloop
 endfacet
 facet normal  3.429014e-02  9.994119e-01  0.000000e+00
   outer loop
     vertex  4.936840e+01  2.305288e+01  2.000000e+00
     vertex  4.941502e+01  2.305128e+01  0.000000e+00
     vertex  4.936840e+01  2.305288e+01  0.000000e+00
   endloop
 endfacet
 facet normal  3.429014e-02  9.994119e-01  0.000000e+00
   outer loop
     vertex  4.941502e+01  2.305128e+01  2.000000e+00
     vertex  4.941502e+01  2.305128e+01  0.000000e+00
     vertex  4.936840e+01  2.305288e+01  2.000000e+00
   endloop
 endfacet
 facet normal  6.859319e-03  9.999765e-01  0.000000e+00
   outer loop
     vertex  4.946166e+01  2.305096e+01  2.000000e+00
     vertex  4.941502e+01  2.305128e+01  0.000000e+00
     vertex  4.941502e+01  2.305128e+01  2.000000e+00
   endloop
 endfacet
 facet normal  6.859319e-03  9.999765e-01  0.000000e+00
   outer loop
     vertex  4.946166e+01  2.305096e+01  2.000000e+00
     vertex  4.946166e+01  2.305096e+01  0.000000e+00
     vertex  4.941502e+01  2.305128e+01  0.000000e+00
   endloop
 endfacet
 facet normal -2.057667e-02  9.997883e-01  0.000000e+00
   outer loop
     vertex  4.950829e+01  2.305192e+01  2.000000e+00
     vertex  4.946166e+01  2.305096e+01  0.000000e+00
     vertex  4.946166e+01  2.305096e+01  2.000000e+00
   endloop
 endfacet
 facet normal -2.057667e-02  9.997883e-01  0.000000e+00
   outer loop
     vertex  4.950829e+01  2.305192e+01  2.000000e+00
     vertex  4.950829e+01  2.305192e+01  0.000000e+00
     vertex  4.946166e+01  2.305096e+01  0.000000e+00
   endloop
 endfacet
 facet normal -4.799716e-02  9.988475e-01  0.000000e+00
   outer loop
     vertex  4.955488e+01  2.305416e+01  2.000000e+00
     vertex  4.955488e+01  2.305416e+01  0.000000e+00
     vertex  4.950829e+01  2.305192e+01  0.000000e+00
   endloop
 endfacet
 facet normal -7.538152e-02  9.971548e-01  0.000000e+00
   outer loop
     vertex  4.955488e+01  2.305416e+01  2.000000e+00
     vertex  4.960139e+01  2.305767e+01  0.000000e+00
     vertex  4.955488e+01  2.305416e+01  0.000000e+00
   endloop
 endfacet
 facet normal -4.799716e-02  9.988475e-01  0.000000e+00
   outer loop
     vertex  4.955488e+01  2.305416e+01  2.000000e+00
     vertex  4.950829e+01  2.305192e+01  0.000000e+00
     vertex  4.950829e+01  2.305192e+01  2.000000e+00
   endloop
 endfacet
 facet normal -7.538152e-02  9.971548e-01  0.000000e+00
   outer loop
     vertex  4.960139e+01  2.305767e+01  2.000000e+00
     vertex  4.960139e+01  2.305767e+01  0.000000e+00
     vertex  4.955488e+01  2.305416e+01  2.000000e+00
   endloop
 endfacet
 facet normal -1.027091e-01  9.947114e-01  0.000000e+00
   outer loop
     vertex  4.964779e+01  2.306246e+01  2.000000e+00
     vertex  4.964779e+01  2.306246e+01  0.000000e+00
     vertex  4.960139e+01  2.305767e+01  0.000000e+00
   endloop
 endfacet
 facet normal -1.027091e-01  9.947114e-01  0.000000e+00
   outer loop
     vertex  4.964779e+01  2.306246e+01  2.000000e+00
     vertex  4.960139e+01  2.305767e+01  0.000000e+00
     vertex  4.960139e+01  2.305767e+01  2.000000e+00
   endloop
 endfacet
 facet normal -1.299594e-01  9.915193e-01  0.000000e+00
   outer loop
     vertex  4.969403e+01  2.306853e+01  2.000000e+00
     vertex  4.969403e+01  2.306853e+01  0.000000e+00
     vertex  4.964779e+01  2.306246e+01  0.000000e+00
   endloop
 endfacet
 facet normal -1.571119e-01  9.875808e-01  0.000000e+00
   outer loop
     vertex  4.969403e+01  2.306853e+01  2.000000e+00
     vertex  4.974010e+01  2.307585e+01  0.000000e+00
     vertex  4.969403e+01  2.306853e+01  0.000000e+00
   endloop
 endfacet
 facet normal -1.299594e-01  9.915193e-01  0.000000e+00
   outer loop
     vertex  4.969403e+01  2.306853e+01  2.000000e+00
     vertex  4.964779e+01  2.306246e+01  0.000000e+00
     vertex  4.964779e+01  2.306246e+01  2.000000e+00
   endloop
 endfacet
 facet normal -1.841461e-01  9.828989e-01  0.000000e+00
   outer loop
     vertex  4.974010e+01  2.307585e+01  2.000000e+00
     vertex  4.978594e+01  2.308444e+01  0.000000e+00
     vertex  4.974010e+01  2.307585e+01  0.000000e+00
   endloop
 endfacet
 facet normal -1.571119e-01  9.875808e-01  0.000000e+00
   outer loop
     vertex  4.974010e+01  2.307585e+01  2.000000e+00
     vertex  4.974010e+01  2.307585e+01  0.000000e+00
     vertex  4.969403e+01  2.306853e+01  2.000000e+00
   endloop
 endfacet
 facet normal -1.841461e-01  9.828989e-01  0.000000e+00
   outer loop
     vertex  4.978594e+01  2.308444e+01  2.000000e+00
     vertex  4.978594e+01  2.308444e+01  0.000000e+00
     vertex  4.974010e+01  2.307585e+01  2.000000e+00
   endloop
 endfacet
 facet normal -2.110417e-01  9.774771e-01  0.000000e+00
   outer loop
     vertex  4.983153e+01  2.309429e+01  2.000000e+00
     vertex  4.983153e+01  2.309429e+01  0.000000e+00
     vertex  4.978594e+01  2.308444e+01  0.000000e+00
   endloop
 endfacet
 facet normal -2.110417e-01  9.774771e-01  0.000000e+00
   outer loop
     vertex  4.983153e+01  2.309429e+01  2.000000e+00
     vertex  4.978594e+01  2.308444e+01  0.000000e+00
     vertex  4.978594e+01  2.308444e+01  2.000000e+00
   endloop
 endfacet
 facet normal -2.377784e-01  9.713194e-01  0.000000e+00
   outer loop
     vertex  4.987684e+01  2.310538e+01  2.000000e+00
     vertex  4.987684e+01  2.310538e+01  0.000000e+00
     vertex  4.983153e+01  2.309429e+01  0.000000e+00
   endloop
 endfacet
 facet normal -2.643362e-01  9.644306e-01  0.000000e+00
   outer loop
     vertex  4.987684e+01  2.310538e+01  2.000000e+00
     vertex  4.992182e+01  2.311771e+01  0.000000e+00
     vertex  4.987684e+01  2.310538e+01  0.000000e+00
   endloop
 endfacet
 facet normal -2.377784e-01  9.713194e-01  0.000000e+00
   outer loop
     vertex  4.987684e+01  2.310538e+01  2.000000e+00
     vertex  4.983153e+01  2.309429e+01  0.000000e+00
     vertex  4.983153e+01  2.309429e+01  2.000000e+00
   endloop
 endfacet
 facet normal -2.643362e-01  9.644306e-01  0.000000e+00
   outer loop
     vertex  4.992182e+01  2.311771e+01  2.000000e+00
     vertex  4.992182e+01  2.311771e+01  0.000000e+00
     vertex  4.987684e+01  2.310538e+01  2.000000e+00
   endloop
 endfacet
 facet normal -2.906949e-01  9.568158e-01  0.000000e+00
   outer loop
     vertex  4.996645e+01  2.313127e+01  2.000000e+00
     vertex  4.996645e+01  2.313127e+01  0.000000e+00
     vertex  4.992182e+01  2.311771e+01  0.000000e+00
   endloop
 endfacet
 facet normal -2.906949e-01  9.568158e-01  0.000000e+00
   outer loop
     vertex  4.996645e+01  2.313127e+01  2.000000e+00
     vertex  4.992182e+01  2.311771e+01  0.000000e+00
     vertex  4.992182e+01  2.311771e+01  2.000000e+00
   endloop
 endfacet
 facet normal -3.168348e-01  9.484807e-01  0.000000e+00
   outer loop
     vertex  5.001069e+01  2.314604e+01  2.000000e+00
     vertex  5.001069e+01  2.314604e+01  0.000000e+00
     vertex  4.996645e+01  2.313127e+01  0.000000e+00
   endloop
 endfacet
 facet normal -3.168348e-01  9.484807e-01  0.000000e+00
   outer loop
     vertex  5.001069e+01  2.314604e+01  2.000000e+00
     vertex  4.996645e+01  2.313127e+01  0.000000e+00
     vertex  4.996645e+01  2.313127e+01  2.000000e+00
   endloop
 endfacet
 facet normal -3.427362e-01  9.394317e-01  0.000000e+00
   outer loop
     vertex  5.005451e+01  2.316203e+01  2.000000e+00
     vertex  5.005451e+01  2.316203e+01  0.000000e+00
     vertex  5.001069e+01  2.314604e+01  0.000000e+00
   endloop
 endfacet
 facet normal -3.427362e-01  9.394317e-01  0.000000e+00
   outer loop
     vertex  5.005451e+01  2.316203e+01  2.000000e+00
     vertex  5.001069e+01  2.314604e+01  0.000000e+00
     vertex  5.001069e+01  2.314604e+01  2.000000e+00
   endloop
 endfacet
 facet normal -3.683796e-01  9.296754e-01  0.000000e+00
   outer loop
     vertex  5.009787e+01  2.317921e+01  2.000000e+00
     vertex  5.009787e+01  2.317921e+01  0.000000e+00
     vertex  5.005451e+01  2.316203e+01  0.000000e+00
   endloop
 endfacet
 facet normal -3.937458e-01  9.192194e-01  0.000000e+00
   outer loop
     vertex  5.009787e+01  2.317921e+01  2.000000e+00
     vertex  5.014074e+01  2.319758e+01  0.000000e+00
     vertex  5.009787e+01  2.317921e+01  0.000000e+00
   endloop
 endfacet
 facet normal -3.683796e-01  9.296754e-01  0.000000e+00
   outer loop
     vertex  5.009787e+01  2.317921e+01  2.000000e+00
     vertex  5.005451e+01  2.316203e+01  0.000000e+00
     vertex  5.005451e+01  2.316203e+01  2.000000e+00
   endloop
 endfacet
 facet normal -3.937458e-01  9.192194e-01  0.000000e+00
   outer loop
     vertex  5.014074e+01  2.319758e+01  2.000000e+00
     vertex  5.014074e+01  2.319758e+01  0.000000e+00
     vertex  5.009787e+01  2.317921e+01  2.000000e+00
   endloop
 endfacet
 facet normal -4.188155e-01  9.080714e-01  0.000000e+00
   outer loop
     vertex  5.018310e+01  2.321711e+01  2.000000e+00
     vertex  5.018310e+01  2.321711e+01  0.000000e+00
     vertex  5.014074e+01  2.319758e+01  0.000000e+00
   endloop
 endfacet
 facet normal -4.188155e-01  9.080714e-01  0.000000e+00
   outer loop
     vertex  5.018310e+01  2.321711e+01  2.000000e+00
     vertex  5.014074e+01  2.319758e+01  0.000000e+00
     vertex  5.014074e+01  2.319758e+01  2.000000e+00
   endloop
 endfacet
 facet normal -4.435699e-01  8.962398e-01  0.000000e+00
   outer loop
     vertex  5.022490e+01  2.323780e+01  2.000000e+00
     vertex  5.018310e+01  2.321711e+01  0.000000e+00
     vertex  5.018310e+01  2.321711e+01  2.000000e+00
   endloop
 endfacet
 facet normal -4.435699e-01  8.962398e-01  0.000000e+00
   outer loop
     vertex  5.022490e+01  2.323780e+01  2.000000e+00
     vertex  5.022490e+01  2.323780e+01  0.000000e+00
     vertex  5.018310e+01  2.321711e+01  0.000000e+00
   endloop
 endfacet
 facet normal -4.679904e-01  8.837335e-01  0.000000e+00
   outer loop
     vertex  5.026612e+01  2.325963e+01  2.000000e+00
     vertex  5.022490e+01  2.323780e+01  0.000000e+00
     vertex  5.022490e+01  2.323780e+01  2.000000e+00
   endloop
 endfacet
 facet normal -4.679904e-01  8.837335e-01  0.000000e+00
   outer loop
     vertex  5.026612e+01  2.325963e+01  2.000000e+00
     vertex  5.026612e+01  2.325963e+01  0.000000e+00
     vertex  5.022490e+01  2.323780e+01  0.000000e+00
   endloop
 endfacet
 facet normal -4.920587e-01  8.705620e-01  0.000000e+00
   outer loop
     vertex  5.030672e+01  2.328258e+01  2.000000e+00
     vertex  5.026612e+01  2.325963e+01  0.000000e+00
     vertex  5.026612e+01  2.325963e+01  2.000000e+00
   endloop
 endfacet
 facet normal -4.920587e-01  8.705620e-01  0.000000e+00
   outer loop
     vertex  5.030672e+01  2.328258e+01  2.000000e+00
     vertex  5.030672e+01  2.328258e+01  0.000000e+00
     vertex  5.026612e+01  2.325963e+01  0.000000e+00
   endloop
 endfacet
 facet normal -5.157565e-01  8.567352e-01  0.000000e+00
   outer loop
     vertex  5.034668e+01  2.330664e+01  2.000000e+00
     vertex  5.034668e+01  2.330664e+01  0.000000e+00
     vertex  5.030672e+01  2.328258e+01  0.000000e+00
   endloop
 endfacet
 facet normal -5.157565e-01  8.567352e-01  0.000000e+00
   outer loop
     vertex  5.034668e+01  2.330664e+01  2.000000e+00
     vertex  5.030672e+01  2.328258e+01  0.000000e+00
     vertex  5.030672e+01  2.328258e+01  2.000000e+00
   endloop
 endfacet
 facet normal -5.390661e-01  8.422635e-01  0.000000e+00
   outer loop
     vertex  5.038597e+01  2.333178e+01  2.000000e+00
     vertex  5.038597e+01  2.333178e+01  0.000000e+00
     vertex  5.034668e+01  2.330664e+01  0.000000e+00
   endloop
 endfacet
 facet normal -5.390661e-01  8.422635e-01  0.000000e+00
   outer loop
     vertex  5.038597e+01  2.333178e+01  2.000000e+00
     vertex  5.034668e+01  2.330664e+01  0.000000e+00
     vertex  5.034668e+01  2.330664e+01  2.000000e+00
   endloop
 endfacet
 facet normal -5.619699e-01  8.271577e-01  0.000000e+00
   outer loop
     vertex  5.042455e+01  2.335799e+01  2.000000e+00
     vertex  5.042455e+01  2.335799e+01  0.000000e+00
     vertex  5.038597e+01  2.333178e+01  0.000000e+00
   endloop
 endfacet
 facet normal -5.844507e-01  8.114292e-01  0.000000e+00
   outer loop
     vertex  5.042455e+01  2.335799e+01  2.000000e+00
     vertex  5.046240e+01  2.338525e+01  0.000000e+00
     vertex  5.042455e+01  2.335799e+01  0.000000e+00
   endloop
 endfacet
 facet normal -5.619699e-01  8.271577e-01  0.000000e+00
   outer loop
     vertex  5.042455e+01  2.335799e+01  2.000000e+00
     vertex  5.038597e+01  2.333178e+01  0.000000e+00
     vertex  5.038597e+01  2.333178e+01  2.000000e+00
   endloop
 endfacet
 facet normal -5.844507e-01  8.114292e-01  0.000000e+00
   outer loop
     vertex  5.046240e+01  2.338525e+01  2.000000e+00
     vertex  5.046240e+01  2.338525e+01  0.000000e+00
     vertex  5.042455e+01  2.335799e+01  2.000000e+00
   endloop
 endfacet
 facet normal -6.064915e-01  7.950900e-01  0.000000e+00
   outer loop
     vertex  5.049948e+01  2.341354e+01  2.000000e+00
     vertex  5.049948e+01  2.341354e+01  0.000000e+00
     vertex  5.046240e+01  2.338525e+01  0.000000e+00
   endloop
 endfacet
 facet normal -6.064915e-01  7.950900e-01  0.000000e+00
   outer loop
     vertex  5.049948e+01  2.341354e+01  2.000000e+00
     vertex  5.046240e+01  2.338525e+01  0.000000e+00
     vertex  5.046240e+01  2.338525e+01  2.000000e+00
   endloop
 endfacet
 facet normal -6.280757e-01  7.781522e-01  0.000000e+00
   outer loop
     vertex  5.053578e+01  2.344283e+01  2.000000e+00
     vertex  5.053578e+01  2.344283e+01  0.000000e+00
     vertex  5.049948e+01  2.341354e+01  0.000000e+00
   endloop
 endfacet
 facet normal -6.280757e-01  7.781522e-01  0.000000e+00
   outer loop
     vertex  5.053578e+01  2.344283e+01  2.000000e+00
     vertex  5.049948e+01  2.341354e+01  0.000000e+00
     vertex  5.049948e+01  2.341354e+01  2.000000e+00
   endloop
 endfacet
 facet normal -6.491872e-01  7.606287e-01  0.000000e+00
   outer loop
     vertex  5.057125e+01  2.347311e+01  2.000000e+00
     vertex  5.057125e+01  2.347311e+01  0.000000e+00
     vertex  5.053578e+01  2.344283e+01  0.000000e+00
   endloop
 endfacet
 facet normal -6.491872e-01  7.606287e-01  0.000000e+00
   outer loop
     vertex  5.057125e+01  2.347311e+01  2.000000e+00
     vertex  5.053578e+01  2.344283e+01  0.000000e+00
     vertex  5.053578e+01  2.344283e+01  2.000000e+00
   endloop
 endfacet
 facet normal -6.698100e-01  7.425325e-01  0.000000e+00
   outer loop
     vertex  5.060589e+01  2.350435e+01  2.000000e+00
     vertex  5.060589e+01  2.350435e+01  0.000000e+00
     vertex  5.057125e+01  2.347311e+01  0.000000e+00
   endloop
 endfacet
 facet normal -6.899286e-01  7.238775e-01  0.000000e+00
   outer loop
     vertex  5.060589e+01  2.350435e+01  2.000000e+00
     vertex  5.063965e+01  2.353653e+01  0.000000e+00
     vertex  5.060589e+01  2.350435e+01  0.000000e+00
   endloop
 endfacet
 facet normal -6.698100e-01  7.425325e-01  0.000000e+00
   outer loop
     vertex  5.060589e+01  2.350435e+01  2.000000e+00
     vertex  5.057125e+01  2.347311e+01  0.000000e+00
     vertex  5.057125e+01  2.347311e+01  2.000000e+00
   endloop
 endfacet
 facet normal -6.899286e-01  7.238775e-01  0.000000e+00
   outer loop
     vertex  5.063965e+01  2.353653e+01  2.000000e+00
     vertex  5.063965e+01  2.353653e+01  0.000000e+00
     vertex  5.060589e+01  2.350435e+01  2.000000e+00
   endloop
 endfacet
 facet normal -7.095278e-01  7.046775e-01  0.000000e+00
   outer loop
     vertex  5.067252e+01  2.356963e+01  2.000000e+00
     vertex  5.067252e+01  2.356963e+01  0.000000e+00
     vertex  5.063965e+01  2.353653e+01  0.000000e+00
   endloop
 endfacet
 facet normal -7.095278e-01  7.046775e-01  0.000000e+00
   outer loop
     vertex  5.067252e+01  2.356963e+01  2.000000e+00
     vertex  5.063965e+01  2.353653e+01  0.000000e+00
     vertex  5.063965e+01  2.353653e+01  2.000000e+00
   endloop
 endfacet
 facet normal -7.285929e-01  6.849470e-01  0.000000e+00
   outer loop
     vertex  5.070447e+01  2.360361e+01  2.000000e+00
     vertex  5.070447e+01  2.360361e+01  0.000000e+00
     vertex  5.067252e+01  2.356963e+01  0.000000e+00
   endloop
 endfacet
 facet normal -7.471095e-01  6.647010e-01  0.000000e+00
   outer loop
     vertex  5.070447e+01  2.360361e+01  2.000000e+00
     vertex  5.073547e+01  2.363846e+01  0.000000e+00
     vertex  5.070447e+01  2.360361e+01  0.000000e+00
   endloop
 endfacet
 facet normal -7.285929e-01  6.849470e-01  0.000000e+00
   outer loop
     vertex  5.070447e+01  2.360361e+01  2.000000e+00
     vertex  5.067252e+01  2.356963e+01  0.000000e+00
     vertex  5.067252e+01  2.356963e+01  2.000000e+00
   endloop
 endfacet
 facet normal -7.471095e-01  6.647010e-01  0.000000e+00
   outer loop
     vertex  5.073547e+01  2.363846e+01  2.000000e+00
     vertex  5.073547e+01  2.363846e+01  0.000000e+00
     vertex  5.070447e+01  2.360361e+01  2.000000e+00
   endloop
 endfacet
 facet normal -7.650637e-01  6.439545e-01  0.000000e+00
   outer loop
     vertex  5.076550e+01  2.367414e+01  2.000000e+00
     vertex  5.076550e+01  2.367414e+01  0.000000e+00
     vertex  5.073547e+01  2.363846e+01  0.000000e+00
   endloop
 endfacet
 facet normal -7.650637e-01  6.439545e-01  0.000000e+00
   outer loop
     vertex  5.076550e+01  2.367414e+01  2.000000e+00
     vertex  5.073547e+01  2.363846e+01  0.000000e+00
     vertex  5.073547e+01  2.363846e+01  2.000000e+00
   endloop
 endfacet
 facet normal -7.824421e-01  6.227234e-01  0.000000e+00
   outer loop
     vertex  5.079455e+01  2.371064e+01  2.000000e+00
     vertex  5.079455e+01  2.371064e+01  0.000000e+00
     vertex  5.076550e+01  2.367414e+01  0.000000e+00
   endloop
 endfacet
 facet normal -7.824421e-01  6.227234e-01  0.000000e+00
   outer loop
     vertex  5.079455e+01  2.371064e+01  2.000000e+00
     vertex  5.076550e+01  2.367414e+01  0.000000e+00
     vertex  5.076550e+01  2.367414e+01  2.000000e+00
   endloop
 endfacet
 facet normal -7.992314e-01  6.010234e-01  0.000000e+00
   outer loop
     vertex  5.082258e+01  2.374792e+01  2.000000e+00
     vertex  5.082258e+01  2.374792e+01  0.000000e+00
     vertex  5.079455e+01  2.371064e+01  0.000000e+00
   endloop
 endfacet
 facet normal -7.992314e-01  6.010234e-01  0.000000e+00
   outer loop
     vertex  5.082258e+01  2.374792e+01  2.000000e+00
     vertex  5.079455e+01  2.371064e+01  0.000000e+00
     vertex  5.079455e+01  2.371064e+01  2.000000e+00
   endloop
 endfacet
 facet normal -8.154191e-01  5.788711e-01  0.000000e+00
   outer loop
     vertex  5.084958e+01  2.378595e+01  2.000000e+00
     vertex  5.084958e+01  2.378595e+01  0.000000e+00
     vertex  5.082258e+01  2.374792e+01  0.000000e+00
   endloop
 endfacet
 facet normal -8.154191e-01  5.788711e-01  0.000000e+00
   outer loop
     vertex  5.084958e+01  2.378595e+01  2.000000e+00
     vertex  5.082258e+01  2.374792e+01  0.000000e+00
     vertex  5.082258e+01  2.374792e+01  2.000000e+00
   endloop
 endfacet
 facet normal -8.309929e-01  5.562829e-01  0.000000e+00
   outer loop
     vertex  5.087553e+01  2.382471e+01  2.000000e+00
     vertex  5.087553e+01  2.382471e+01  0.000000e+00
     vertex  5.084958e+01  2.378595e+01  0.000000e+00
   endloop
 endfacet
 facet normal -8.309929e-01  5.562829e-01  0.000000e+00
   outer loop
     vertex  5.087553e+01  2.382471e+01  2.000000e+00
     vertex  5.084958e+01  2.378595e+01  0.000000e+00
     vertex  5.084958e+01  2.378595e+01  2.000000e+00
   endloop
 endfacet
 facet normal -8.459413e-01  5.332761e-01  0.000000e+00
   outer loop
     vertex  5.090040e+01  2.386416e+01  2.000000e+00
     vertex  5.090040e+01  2.386416e+01  0.000000e+00
     vertex  5.087553e+01  2.382471e+01  0.000000e+00
   endloop
 endfacet
 facet normal -8.459413e-01  5.332761e-01  0.000000e+00
   outer loop
     vertex  5.090040e+01  2.386416e+01  2.000000e+00
     vertex  5.087553e+01  2.382471e+01  0.000000e+00
     vertex  5.087553e+01  2.382471e+01  2.000000e+00
   endloop
 endfacet
 facet normal -8.602528e-01  5.098678e-01  0.000000e+00
   outer loop
     vertex  5.092418e+01  2.390429e+01  2.000000e+00
     vertex  5.092418e+01  2.390429e+01  0.000000e+00
     vertex  5.090040e+01  2.386416e+01  0.000000e+00
   endloop
 endfacet
 facet normal -8.602528e-01  5.098678e-01  0.000000e+00
   outer loop
     vertex  5.092418e+01  2.390429e+01  2.000000e+00
     vertex  5.090040e+01  2.386416e+01  0.000000e+00
     vertex  5.090040e+01  2.386416e+01  2.000000e+00
   endloop
 endfacet
 facet normal -8.739167e-01  4.860756e-01  0.000000e+00
   outer loop
     vertex  5.094685e+01  2.394505e+01  2.000000e+00
     vertex  5.094685e+01  2.394505e+01  0.000000e+00
     vertex  5.092418e+01  2.390429e+01  0.000000e+00
   endloop
 endfacet
 facet normal -8.739167e-01  4.860756e-01  0.000000e+00
   outer loop
     vertex  5.094685e+01  2.394505e+01  2.000000e+00
     vertex  5.092418e+01  2.390429e+01  0.000000e+00
     vertex  5.092418e+01  2.390429e+01  2.000000e+00
   endloop
 endfacet
 facet normal -8.869228e-01  4.619176e-01  0.000000e+00
   outer loop
     vertex  5.096840e+01  2.398642e+01  2.000000e+00
     vertex  5.094685e+01  2.394505e+01  0.000000e+00
     vertex  5.094685e+01  2.394505e+01  2.000000e+00
   endloop
 endfacet
 facet normal -8.869228e-01  4.619176e-01  0.000000e+00
   outer loop
     vertex  5.096840e+01  2.398642e+01  2.000000e+00
     vertex  5.096840e+01  2.398642e+01  0.000000e+00
     vertex  5.094685e+01  2.394505e+01  0.000000e+00
   endloop
 endfacet
 facet normal -8.992613e-01  4.374119e-01  0.000000e+00
   outer loop
     vertex  5.096840e+01  2.398642e+01  2.000000e+00
     vertex  5.098880e+01  2.402836e+01  0.000000e+00
     vertex  5.096840e+01  2.398642e+01  0.000000e+00
   endloop
 endfacet
 facet normal -8.992613e-01  4.374119e-01  0.000000e+00
   outer loop
     vertex  5.098880e+01  2.402836e+01  2.000000e+00
     vertex  5.098880e+01  2.402836e+01  0.000000e+00
     vertex  5.096840e+01  2.398642e+01  2.000000e+00
   endloop
 endfacet
 facet normal -9.109228e-01  4.125769e-01  0.000000e+00
   outer loop
     vertex  5.100804e+01  2.407085e+01  2.000000e+00
     vertex  5.098880e+01  2.402836e+01  0.000000e+00
     vertex  5.098880e+01  2.402836e+01  2.000000e+00
   endloop
 endfacet
 facet normal -9.109228e-01  4.125769e-01  0.000000e+00
   outer loop
     vertex  5.100804e+01  2.407085e+01  2.000000e+00
     vertex  5.100804e+01  2.407085e+01  0.000000e+00
     vertex  5.098880e+01  2.402836e+01  0.000000e+00
   endloop
 endfacet
 facet normal -9.218986e-01  3.874313e-01  0.000000e+00
   outer loop
     vertex  5.102612e+01  2.411385e+01  2.000000e+00
     vertex  5.100804e+01  2.407085e+01  0.000000e+00
     vertex  5.100804e+01  2.407085e+01  2.000000e+00
   endloop
 endfacet
 facet normal -9.218986e-01  3.874313e-01  0.000000e+00
   outer loop
     vertex  5.102612e+01  2.411385e+01  2.000000e+00
     vertex  5.102612e+01  2.411385e+01  0.000000e+00
     vertex  5.100804e+01  2.407085e+01  0.000000e+00
   endloop
 endfacet
 facet normal -9.321804e-01  3.619940e-01  0.000000e+00
   outer loop
     vertex  5.104300e+01  2.415733e+01  2.000000e+00
     vertex  5.102612e+01  2.411385e+01  0.000000e+00
     vertex  5.102612e+01  2.411385e+01  2.000000e+00
   endloop
 endfacet
 facet normal -9.321804e-01  3.619940e-01  0.000000e+00
   outer loop
     vertex  5.104300e+01  2.415733e+01  2.000000e+00
     vertex  5.104300e+01  2.415733e+01  0.000000e+00
     vertex  5.102612e+01  2.411385e+01  0.000000e+00
   endloop
 endfacet
 facet normal -9.417605e-01  3.362843e-01  0.000000e+00
   outer loop
     vertex  5.105868e+01  2.420125e+01  2.000000e+00
     vertex  5.104300e+01  2.415733e+01  0.000000e+00
     vertex  5.104300e+01  2.415733e+01  2.000000e+00
   endloop
 endfacet
 facet normal -9.417605e-01  3.362843e-01  0.000000e+00
   outer loop
     vertex  5.105868e+01  2.420125e+01  2.000000e+00
     vertex  5.105868e+01  2.420125e+01  0.000000e+00
     vertex  5.104300e+01  2.415733e+01  0.000000e+00
   endloop
 endfacet
 facet normal -9.506317e-01  3.103214e-01  0.000000e+00
   outer loop
     vertex  5.107316e+01  2.424559e+01  2.000000e+00
     vertex  5.105868e+01  2.420125e+01  0.000000e+00
     vertex  5.105868e+01  2.420125e+01  2.000000e+00
   endloop
 endfacet
 facet normal -9.506317e-01  3.103214e-01  0.000000e+00
   outer loop
     vertex  5.107316e+01  2.424559e+01  2.000000e+00
     vertex  5.107316e+01  2.424559e+01  0.000000e+00
     vertex  5.105868e+01  2.420125e+01  0.000000e+00
   endloop
 endfacet
 facet normal -9.587873e-01  2.841250e-01  0.000000e+00
   outer loop
     vertex  5.108641e+01  2.429031e+01  2.000000e+00
     vertex  5.107316e+01  2.424559e+01  0.000000e+00
     vertex  5.107316e+01  2.424559e+01  2.000000e+00
   endloop
 endfacet
 facet normal -9.587873e-01  2.841250e-01  0.000000e+00
   outer loop
     vertex  5.108641e+01  2.429031e+01  2.000000e+00
     vertex  5.108641e+01  2.429031e+01  0.000000e+00
     vertex  5.107316e+01  2.424559e+01  0.000000e+00
   endloop
 endfacet
 facet normal -9.662211e-01  2.577146e-01  0.000000e+00
   outer loop
     vertex  5.109843e+01  2.433538e+01  2.000000e+00
     vertex  5.108641e+01  2.429031e+01  0.000000e+00
     vertex  5.108641e+01  2.429031e+01  2.000000e+00
   endloop
 endfacet
 facet normal -9.662211e-01  2.577146e-01  0.000000e+00
   outer loop
     vertex  5.109843e+01  2.433538e+01  2.000000e+00
     vertex  5.109843e+01  2.433538e+01  0.000000e+00
     vertex  5.108641e+01  2.429031e+01  0.000000e+00
   endloop
 endfacet
 facet normal -9.729276e-01  2.311102e-01  0.000000e+00
   outer loop
     vertex  5.110921e+01  2.438076e+01  2.000000e+00
     vertex  5.109843e+01  2.433538e+01  0.000000e+00
     vertex  5.109843e+01  2.433538e+01  2.000000e+00
   endloop
 endfacet
 facet normal -9.729276e-01  2.311102e-01  0.000000e+00
   outer loop
     vertex  5.110921e+01  2.438076e+01  2.000000e+00
     vertex  5.110921e+01  2.438076e+01  0.000000e+00
     vertex  5.109843e+01  2.433538e+01  0.000000e+00
   endloop
 endfacet
 facet normal -9.789017e-01  2.043319e-01  0.000000e+00
   outer loop
     vertex  5.111874e+01  2.442642e+01  2.000000e+00
     vertex  5.110921e+01  2.438076e+01  0.000000e+00
     vertex  5.110921e+01  2.438076e+01  2.000000e+00
   endloop
 endfacet
 facet normal -9.789017e-01  2.043319e-01  0.000000e+00
   outer loop
     vertex  5.111874e+01  2.442642e+01  2.000000e+00
     vertex  5.111874e+01  2.442642e+01  0.000000e+00
     vertex  5.110921e+01  2.438076e+01  0.000000e+00
   endloop
 endfacet
 facet normal -9.841389e-01  1.773998e-01  0.000000e+00
   outer loop
     vertex  5.112702e+01  2.447232e+01  2.000000e+00
     vertex  5.111874e+01  2.442642e+01  0.000000e+00
     vertex  5.111874e+01  2.442642e+01  2.000000e+00
   endloop
 endfacet
 facet normal -9.841389e-01  1.773998e-01  0.000000e+00
   outer loop
     vertex  5.112702e+01  2.447232e+01  2.000000e+00
     vertex  5.112702e+01  2.447232e+01  0.000000e+00
     vertex  5.111874e+01  2.442642e+01  0.000000e+00
   endloop
 endfacet
 facet normal -9.886353e-01  1.503341e-01  0.000000e+00
   outer loop
     vertex  5.112702e+01  2.447232e+01  2.000000e+00
     vertex  5.113403e+01  2.451843e+01  0.000000e+00
     vertex  5.112702e+01  2.447232e+01  0.000000e+00
   endloop
 endfacet
 facet normal -9.923874e-01  1.231552e-01  0.000000e+00
   outer loop
     vertex  5.113403e+01  2.451843e+01  2.000000e+00
     vertex  5.113977e+01  2.456472e+01  0.000000e+00
     vertex  5.113403e+01  2.451843e+01  0.000000e+00
   endloop
 endfacet
 facet normal -9.886353e-01  1.503341e-01  0.000000e+00
   outer loop
     vertex  5.113403e+01  2.451843e+01  2.000000e+00
     vertex  5.113403e+01  2.451843e+01  0.000000e+00
     vertex  5.112702e+01  2.447232e+01  2.000000e+00
   endloop
 endfacet
 facet normal -9.923874e-01  1.231552e-01  0.000000e+00
   outer loop
     vertex  5.113977e+01  2.456472e+01  2.000000e+00
     vertex  5.113977e+01  2.456472e+01  0.000000e+00
     vertex  5.113403e+01  2.451843e+01  2.000000e+00
   endloop
 endfacet
 facet normal -9.953925e-01  9.588368e-02  0.000000e+00
   outer loop
     vertex  5.114424e+01  2.461115e+01  2.000000e+00
     vertex  5.114424e+01  2.461115e+01  0.000000e+00
     vertex  5.113977e+01  2.456472e+01  0.000000e+00
   endloop
 endfacet
 facet normal -9.953925e-01  9.588368e-02  0.000000e+00
   outer loop
     vertex  5.114424e+01  2.461115e+01  2.000000e+00
     vertex  5.113977e+01  2.456472e+01  0.000000e+00
     vertex  5.113977e+01  2.456472e+01  2.000000e+00
   endloop
 endfacet
 facet normal -9.976484e-01  6.853995e-02  0.000000e+00
   outer loop
     vertex  5.114744e+01  2.465768e+01  2.000000e+00
     vertex  5.114744e+01  2.465768e+01  0.000000e+00
     vertex  5.114424e+01  2.461115e+01  0.000000e+00
   endloop
 endfacet
 facet normal -9.976484e-01  6.853995e-02  0.000000e+00
   outer loop
     vertex  5.114744e+01  2.465768e+01  2.000000e+00
     vertex  5.114424e+01  2.461115e+01  0.000000e+00
     vertex  5.114424e+01  2.461115e+01  2.000000e+00
   endloop
 endfacet
 facet normal -9.991532e-01  4.114462e-02  0.000000e+00
   outer loop
     vertex  5.114936e+01  2.470428e+01  2.000000e+00
     vertex  5.114936e+01  2.470428e+01  0.000000e+00
     vertex  5.114744e+01  2.465768e+01  0.000000e+00
   endloop
 endfacet
 facet normal -9.991532e-01  4.114462e-02  0.000000e+00
   outer loop
     vertex  5.114936e+01  2.470428e+01  2.000000e+00
     vertex  5.114744e+01  2.465768e+01  0.000000e+00
     vertex  5.114744e+01  2.465768e+01  2.000000e+00
   endloop
 endfacet
 facet normal -9.999059e-01  1.371831e-02  0.000000e+00
   outer loop
     vertex  5.115000e+01  2.475092e+01  2.000000e+00
     vertex  5.115000e+01  2.475092e+01  0.000000e+00
     vertex  5.114936e+01  2.470428e+01  0.000000e+00
   endloop
 endfacet
 facet normal -9.999059e-01  1.371831e-02  0.000000e+00
   outer loop
     vertex  5.115000e+01  2.475092e+01  2.000000e+00
     vertex  5.114936e+01  2.470428e+01  0.000000e+00
     vertex  5.114936e+01  2.470428e+01  2.000000e+00
   endloop
 endfacet
 facet normal -7.071068e-01  7.071068e-01  0.000000e+00
   outer loop
     vertex  7.430000e+01  2.965092e+01  0.000000e+00
     vertex  7.080000e+01  2.615092e+01  0.000000e+00
     vertex  7.080000e+01  2.615092e+01  2.000000e+00
   endloop
 endfacet
 facet normal -7.071068e-01  7.071068e-01  0.000000e+00
   outer loop
     vertex  7.430000e+01  2.965092e+01  0.000000e+00
     vertex  7.080000e+01  2.615092e+01  2.000000e+00
     vertex  7.430000e+01  2.965092e+01  2.000000e+00
   endloop
 endfacet
 facet normal -7.071068e-01 -7.071068e-01  0.000000e+00
   outer loop
     vertex  7.080000e+01  3.315092e+01  0.000000e+00
     vertex  7.430000e+01  2.965092e+01  0.000000e+00
     vertex  7.430000e+01  2.965092e+01  2.000000e+00
   endloop
 endfacet
 facet normal -7.071068e-01 -7.071068e-01  0.000000e+00
   outer loop
     vertex  7.080000e+01  3.315092e+01  0.000000e+00
     vertex  7.430000e+01  2.965092e+01  2.000000e+00
     vertex  7.080000e+01  3.315092e+01  2.000000e+00
   endloop
 endfacet
 facet normal  0.000000e+00  1.000000e+00  0.000000e+00
   outer loop
     vertex  7.080000e+01  2.615092e+01  2.000000e+00
     vertex  6.195000e+01  2.615092e+01  0.000000e+00
     vertex  6.195000e+01  2.615092e+01  2.000000e+00
   endloop
 endfacet
 facet normal  0.000000e+00  1.000000e+00 -0.000000e+00
   outer loop
     vertex  7.080000e+01  2.615092e+01  0.000000e+00
     vertex  6.195000e+01  2.615092e+01  0.000000e+00
     vertex  7.080000e+01  2.615092e+01  2.000000e+00
   endloop
 endfacet
 facet normal  0.000000e+00 -1.000000e+00  0.000000e+00
   outer loop
     vertex  6.195000e+01  3.315092e+01  2.000000e+00
     vertex  7.080000e+01  3.315092e+01  0.000000e+00
     vertex  7.080000e+01  3.315092e+01  2.000000e+00
   endloop
 endfacet
 facet normal  0.000000e+00 -1.000000e+00  0.000000e+00
   outer loop
     vertex  6.195000e+01  3.315092e+01  0.000000e+00
     vertex  7.080000e+01  3.315092e+01  0.000000e+00
     vertex  6.195000e+01  3.315092e+01  2.000000e+00
   endloop
 endfacet
 facet normal  7.071068e-01  7.071068e-01  0.000000e+00
   outer loop
     vertex  6.195000e+01  2.615092e+01  0.000000e+00
     vertex  5.845000e+01  2.965092e+01  0.000000e+00
     vertex  5.845000e+01  2.965092e+01  2.000000e+00
   endloop
 endfacet
 facet normal  7.071068e-01  7.071068e-01 -0.000000e+00
   outer loop
     vertex  6.195000e+01  2.615092e+01  0.000000e+00
     vertex  5.845000e+01  2.965092e+01  2.000000e+00
     vertex  6.195000e+01  2.615092e+01  2.000000e+00
   endloop
 endfacet
 facet normal  7.071068e-01 -7.071068e-01  0.000000e+00
   outer loop
     vertex  5.845000e+01  2.965092e+01  0.000000e+00
     vertex  6.195000e+01  3.315092e+01  0.000000e+00
     vertex  6.195000e+01  3.315092e+01  2.000000e+00
   endloop
 endfacet
 facet normal  7.071068e-01 -7.071068e-01  0.000000e+00
   outer loop
     vertex  5.845000e+01  2.965092e+01  0.000000e+00
     vertex  6.195000e+01  3.315092e+01  2.000000e+00
     vertex  5.845000e+01  2.965092e+01  2.000000e+00
   endloop
 endfacet
 facet normal -7.071068e-01  7.071068e-01  0.000000e+00
   outer loop
     vertex  3.410000e+01  3.945092e+01  0.000000e+00
     vertex  3.060000e+01  3.595092e+01  0.000000e+00
     vertex  3.060000e+01  3.595092e+01  2.000000e+00
   endloop
 endfacet
 facet normal -7.071068e-01  7.071068e-01  0.000000e+00
   outer loop
     vertex  3.410000e+01  3.945092e+01  0.000000e+00
     vertex  3.060000e+01  3.595092e+01  2.000000e+00
     vertex  3.410000e+01  3.945092e+01  2.000000e+00
   endloop
 endfacet
 facet normal -7.071068e-01 -7.071068e-01  0.000000e+00
   outer loop
     vertex  3.060000e+01  4.295092e+01  0.000000e+00
     vertex  3.410000e+01  3.945092e+01  0.000000e+00
     vertex  3.410000e+01  3.945092e+01  2.000000e+00
   endloop
 endfacet
 facet normal -7.071068e-01 -7.071068e-01  0.000000e+00
   outer loop
     vertex  3.060000e+01  4.295092e+01  0.000000e+00
     vertex  3.410000e+01  3.945092e+01  2.000000e+00
     vertex  3.060000e+01  4.295092e+01  2.000000e+00
   endloop
 endfacet
 facet normal  0.000000e+00  1.000000e+00  0.000000e+00
   outer loop
     vertex  3.060000e+01  3.595092e+01  0.000000e+00
     vertex  1.360000e+01  3.595092e+01  0.000000e+00
     vertex  1.360000e+01  3.595092e+01  2.000000e+00
   endloop
 endfacet
 facet normal  0.000000e+00  1.000000e+00 -0.000000e+00
   outer loop
     vertex  3.060000e+01  3.595092e+01  0.000000e+00
     vertex  1.360000e+01  3.595092e+01  2.000000e+00
     vertex  3.060000e+01  3.595092e+01  2.000000e+00
   endloop
 endfacet
 facet normal  0.000000e+00 -1.000000e+00  0.000000e+00
   outer loop
     vertex  1.360000e+01  4.295092e+01  0.000000e+00
     vertex  3.060000e+01  4.295092e+01  0.000000e+00
     vertex  3.060000e+01  4.295092e+01  2.000000e+00
   endloop
 endfacet
 facet normal  0.000000e+00 -1.000000e+00  0.000000e+00
   outer loop
     vertex  1.360000e+01  4.295092e+01  0.000000e+00
     vertex  3.060000e+01  4.295092e+01  2.000000e+00
     vertex  1.360000e+01  4.295092e+01  2.000000e+00
   endloop
 endfacet
 facet normal  7.071068e-01  7.071068e-01  0.000000e+00
   outer loop
     vertex  1.360000e+01  3.595092e+01  0.000000e+00
     vertex  1.010000e+01  3.945092e+01  0.000000e+00
     vertex  1.010000e+01  3.945092e+01  2.000000e+00
   endloop
 endfacet
 facet normal  7.071068e-01  7.071068e-01 -0.000000e+00
   outer loop
     vertex  1.360000e+01  3.595092e+01  0.000000e+00
     vertex  1.010000e+01  3.945092e+01  2.000000e+00
     vertex  1.360000e+01  3.595092e+01  2.000000e+00
   endloop
 endfacet
 facet normal  7.071068e-01 -7.071068e-01  0.000000e+00
   outer loop
     vertex  1.010000e+01  3.945092e+01  0.000000e+00
     vertex  1.360000e+01  4.295092e+01  0.000000e+00
     vertex  1.360000e+01  4.295092e+01  2.000000e+00
   endloop
 endfacet
 facet normal  7.071068e-01 -7.071068e-01  0.000000e+00
   outer loop
     vertex  1.010000e+01  3.945092e+01  0.000000e+00
     vertex  1.360000e+01  4.295092e+01  2.000000e+00
     vertex  1.010000e+01  3.945092e+01  2.000000e+00
   endloop
 endfacet
 facet normal -7.071068e-01  7.071068e-01  0.000000e+00
   outer loop
     vertex  6.090000e+01  3.945092e+01  0.000000e+00
     vertex  5.740000e+01  3.595092e+01  0.000000e+00
     vertex  5.740000e+01  3.595092e+01  2.000000e+00
   endloop
 endfacet
 facet normal -7.071068e-01  7.071068e-01  0.000000e+00
   outer loop
     vertex  6.090000e+01  3.945092e+01  0.000000e+00
     vertex  5.740000e+01  3.595092e+01  2.000000e+00
     vertex  6.090000e+01  3.945092e+01  2.000000e+00
   endloop
 endfacet
 facet normal -7.071068e-01 -7.071068e-01  0.000000e+00
   outer loop
     vertex  5.740000e+01  4.295092e+01  0.000000e+00
     vertex  6.090000e+01  3.945092e+01  0.000000e+00
     vertex  6.090000e+01  3.945092e+01  2.000000e+00
   endloop
 endfacet
 facet normal -7.071068e-01 -7.071068e-01  0.000000e+00
   outer loop
     vertex  5.740000e+01  4.295092e+01  0.000000e+00
     vertex  6.090000e+01  3.945092e+01  2.000000e+00
     vertex  5.740000e+01  4.295092e+01  2.000000e+00
   endloop
 endfacet
 facet normal  0.000000e+00  1.000000e+00  0.000000e+00
   outer loop
     vertex  5.740000e+01  3.595092e+01  0.000000e+00
     vertex  4.040000e+01  3.595092e+01  0.000000e+00
     vertex  4.040000e+01  3.595092e+01  2.000000e+00
   endloop
 endfacet
 facet normal  0.000000e+00  1.000000e+00 -0.000000e+00
   outer loop
     vertex  5.740000e+01  3.595092e+01  0.000000e+00
     vertex  4.040000e+01  3.595092e+01  2.000000e+00
     vertex  5.740000e+01  3.595092e+01  2.000000e+00
   endloop
 endfacet
 facet normal  0.000000e+00 -1.000000e+00  0.000000e+00
   outer loop
     vertex  4.040000e+01  4.295092e+01  0.000000e+00
     vertex  5.740000e+01  4.295092e+01  0.000000e+00
     vertex  5.740000e+01  4.295092e+01  2.000000e+00
   endloop
 endfacet
 facet normal  0.000000e+00 -1.000000e+00  0.000000e+00
   outer loop
     vertex  4.040000e+01  4.295092e+01  0.000000e+00
     vertex  5.740000e+01  4.295092e+01  2.000000e+00
     vertex  4.040000e+01  4.295092e+01  2.000000e+00
   endloop
 endfacet
 facet normal  7.071068e-01  7.071068e-01  0.000000e+00
   outer loop
     vertex  4.040000e+01  3.595092e+01  0.000000e+00
     vertex  3.690000e+01  3.945092e+01  0.000000e+00
     vertex  3.690000e+01  3.945092e+01  2.000000e+00
   endloop
 endfacet
 facet normal  7.071068e-01  7.071068e-01 -0.000000e+00
   outer loop
     vertex  4.040000e+01  3.595092e+01  0.000000e+00
     vertex  3.690000e+01  3.945092e+01  2.000000e+00
     vertex  4.040000e+01  3.595092e+01  2.000000e+00
   endloop
 endfacet
 facet normal  7.071068e-01 -7.071068e-01  0.000000e+00
   outer loop
     vertex  3.690000e+01  3.945092e+01  0.000000e+00
     vertex  4.040000e+01  4.295092e+01  0.000000e+00
     vertex  4.040000e+01  4.295092e+01  2.000000e+00
   endloop
 endfacet
 facet normal  7.071068e-01 -7.071068e-01  0.000000e+00
   outer loop
     vertex  3.690000e+01  3.945092e+01  0.000000e+00
     vertex  4.040000e+01  4.295092e+01  2.000000e+00
     vertex  3.690000e+01  3.945092e+01  2.000000e+00
   endloop
 endfacet
 facet normal -9.999059e-01 -1.371831e-02  0.000000e+00
   outer loop
     vertex  1.036494e+02  2.479756e+01  2.000000e+00
     vertex  1.036500e+02  2.475092e+01  0.000000e+00
     vertex  1.036500e+02  2.475092e+01  2.000000e+00
   endloop
 endfacet
 facet normal -9.999059e-01 -1.371831e-02 -0.000000e+00
   outer loop
     vertex  1.036494e+02  2.479756e+01  2.000000e+00
     vertex  1.036494e+02  2.479756e+01  0.000000e+00
     vertex  1.036500e+02  2.475092e+01  0.000000e+00
   endloop
 endfacet
 facet normal -9.991532e-01 -4.114462e-02 -0.000000e+00
   outer loop
     vertex  1.036474e+02  2.484416e+01  2.000000e+00
     vertex  1.036474e+02  2.484416e+01  0.000000e+00
     vertex  1.036494e+02  2.479756e+01  0.000000e+00
   endloop
 endfacet
 facet normal -9.991532e-01 -4.114462e-02  0.000000e+00
   outer loop
     vertex  1.036474e+02  2.484416e+01  2.000000e+00
     vertex  1.036494e+02  2.479756e+01  0.000000e+00
     vertex  1.036494e+02  2.479756e+01  2.000000e+00
   endloop
 endfacet
 facet normal -9.976484e-01 -6.853995e-02 -0.000000e+00
   outer loop
     vertex  1.036442e+02  2.489069e+01  2.000000e+00
     vertex  1.036442e+02  2.489069e+01  0.000000e+00
     vertex  1.036474e+02  2.484416e+01  0.000000e+00
   endloop
 endfacet
 facet normal -9.976484e-01 -6.853995e-02  0.000000e+00
   outer loop
     vertex  1.036442e+02  2.489069e+01  2.000000e+00
     vertex  1.036474e+02  2.484416e+01  0.000000e+00
     vertex  1.036474e+02  2.484416e+01  2.000000e+00
   endloop
 endfacet
 facet normal -9.953925e-01 -9.588368e-02 -0.000000e+00
   outer loop
     vertex  1.036398e+02  2.493712e+01  2.000000e+00
     vertex  1.036398e+02  2.493712e+01  0.000000e+00
     vertex  1.036442e+02  2.489069e+01  0.000000e+00
   endloop
 endfacet
 facet normal -9.953925e-01 -9.588368e-02  0.000000e+00
   outer loop
     vertex  1.036398e+02  2.493712e+01  2.000000e+00
     vertex  1.036442e+02  2.489069e+01  0.000000e+00
     vertex  1.036442e+02  2.489069e+01  2.000000e+00
   endloop
 endfacet
 facet normal -9.923874e-01 -1.231552e-01 -0.000000e+00
   outer loop
     vertex  1.036340e+02  2.498341e+01  2.000000e+00
     vertex  1.036340e+02  2.498341e+01  0.000000e+00
     vertex  1.036398e+02  2.493712e+01  0.000000e+00
   endloop
 endfacet
 facet normal -9.923874e-01 -1.231552e-01  0.000000e+00
   outer loop
     vertex  1.036340e+02  2.498341e+01  2.000000e+00
     vertex  1.036398e+02  2.493712e+01  0.000000e+00
     vertex  1.036398e+02  2.493712e+01  2.000000e+00
   endloop
 endfacet
 facet normal -9.886353e-01 -1.503341e-01 -0.000000e+00
   outer loop
     vertex  1.036270e+02  2.502952e+01  2.000000e+00
     vertex  1.036270e+02  2.502952e+01  0.000000e+00
     vertex  1.036340e+02  2.498341e+01  0.000000e+00
   endloop
 endfacet
 facet normal -9.886353e-01 -1.503341e-01  0.000000e+00
   outer loop
     vertex  1.036270e+02  2.502952e+01  2.000000e+00
     vertex  1.036340e+02  2.498341e+01  0.000000e+00
     vertex  1.036340e+02  2.498341e+01  2.000000e+00
   endloop
 endfacet
 facet normal -9.841389e-01 -1.773998e-01 -0.000000e+00
   outer loop
     vertex  1.036187e+02  2.507542e+01  2.000000e+00
     vertex  1.036187e+02  2.507542e+01  0.000000e+00
     vertex  1.036270e+02  2.502952e+01  0.000000e+00
   endloop
 endfacet
 facet normal -9.841389e-01 -1.773998e-01  0.000000e+00
   outer loop
     vertex  1.036187e+02  2.507542e+01  2.000000e+00
     vertex  1.036270e+02  2.502952e+01  0.000000e+00
     vertex  1.036270e+02  2.502952e+01  2.000000e+00
   endloop
 endfacet
 facet normal -9.789017e-01 -2.043319e-01 -0.000000e+00
   outer loop
     vertex  1.036092e+02  2.512108e+01  2.000000e+00
     vertex  1.036092e+02  2.512108e+01  0.000000e+00
     vertex  1.036187e+02  2.507542e+01  0.000000e+00
   endloop
 endfacet
 facet normal -9.789017e-01 -2.043319e-01  0.000000e+00
   outer loop
     vertex  1.036092e+02  2.512108e+01  2.000000e+00
     vertex  1.036187e+02  2.507542e+01  0.000000e+00
     vertex  1.036187e+02  2.507542e+01  2.000000e+00
   endloop
 endfacet
 facet normal -9.729276e-01 -2.311102e-01 -0.000000e+00
   outer loop
     vertex  1.035984e+02  2.516646e+01  2.000000e+00
     vertex  1.035984e+02  2.516646e+01  0.000000e+00
     vertex  1.036092e+02  2.512108e+01  0.000000e+00
   endloop
 endfacet
 facet normal -9.729276e-01 -2.311102e-01  0.000000e+00
   outer loop
     vertex  1.035984e+02  2.516646e+01  2.000000e+00
     vertex  1.036092e+02  2.512108e+01  0.000000e+00
     vertex  1.036092e+02  2.512108e+01  2.000000e+00
   endloop
 endfacet
 facet normal -9.662211e-01 -2.577146e-01  0.000000e+00
   outer loop
     vertex  1.035864e+02  2.521153e+01  2.000000e+00
     vertex  1.035984e+02  2.516646e+01  0.000000e+00
     vertex  1.035984e+02  2.516646e+01  2.000000e+00
   endloop
 endfacet
 facet normal -9.662211e-01 -2.577146e-01 -0.000000e+00
   outer loop
     vertex  1.035864e+02  2.521153e+01  2.000000e+00
     vertex  1.035864e+02  2.521153e+01  0.000000e+00
     vertex  1.035984e+02  2.516646e+01  0.000000e+00
   endloop
 endfacet
 facet normal -9.587873e-01 -2.841250e-01  0.000000e+00
   outer loop
     vertex  1.035732e+02  2.525625e+01  2.000000e+00
     vertex  1.035864e+02  2.521153e+01  0.000000e+00
     vertex  1.035864e+02  2.521153e+01  2.000000e+00
   endloop
 endfacet
 facet normal -9.587873e-01 -2.841250e-01 -0.000000e+00
   outer loop
     vertex  1.035732e+02  2.525625e+01  2.000000e+00
     vertex  1.035732e+02  2.525625e+01  0.000000e+00
     vertex  1.035864e+02  2.521153e+01  0.000000e+00
   endloop
 endfacet
 facet normal -9.506317e-01 -3.103214e-01  0.000000e+00
   outer loop
     vertex  1.035587e+02  2.530059e+01  2.000000e+00
     vertex  1.035732e+02  2.525625e+01  0.000000e+00
     vertex  1.035732e+02  2.525625e+01  2.000000e+00
   endloop
 endfacet
 facet normal -9.506317e-01 -3.103214e-01 -0.000000e+00
   outer loop
     vertex  1.035587e+02  2.530059e+01  2.000000e+00
     vertex  1.035587e+02  2.530059e+01  0.000000e+00
     vertex  1.035732e+02  2.525625e+01  0.000000e+00
   endloop
 endfacet
 facet normal -9.417605e-01 -3.362843e-01  0.000000e+00
   outer loop
     vertex  1.035430e+02  2.534451e+01  2.000000e+00
     vertex  1.035587e+02  2.530059e+01  0.000000e+00
     vertex  1.035587e+02  2.530059e+01  2.000000e+00
   endloop
 endfacet
 facet normal -9.417605e-01 -3.362843e-01 -0.000000e+00
   outer loop
     vertex  1.035430e+02  2.534451e+01  2.000000e+00
     vertex  1.035430e+02  2.534451e+01  0.000000e+00
     vertex  1.035587e+02  2.530059e+01  0.000000e+00
   endloop
 endfacet
 facet normal -9.321804e-01 -3.619940e-01  0.000000e+00
   outer loop
     vertex  1.035261e+02  2.538799e+01  2.000000e+00
     vertex  1.035430e+02  2.534451e+01  0.000000e+00
     vertex  1.035430e+02  2.534451e+01  2.000000e+00
   endloop
 endfacet
 facet normal -9.321804e-01 -3.619940e-01 -0.000000e+00
   outer loop
     vertex  1.035261e+02  2.538799e+01  2.000000e+00
     vertex  1.035261e+02  2.538799e+01  0.000000e+00
     vertex  1.035430e+02  2.534451e+01  0.000000e+00
   endloop
 endfacet
 facet normal -9.218986e-01 -3.874313e-01  0.000000e+00
   outer loop
     vertex  1.035080e+02  2.543099e+01  2.000000e+00
     vertex  1.035261e+02  2.538799e+01  0.000000e+00
     vertex  1.035261e+02  2.538799e+01  2.000000e+00
   endloop
 endfacet
 facet normal -9.218986e-01 -3.874313e-01 -0.000000e+00
   outer loop
     vertex  1.035080e+02  2.543099e+01  2.000000e+00
     vertex  1.035080e+02  2.543099e+01  0.000000e+00
     vertex  1.035261e+02  2.538799e+01  0.000000e+00
   endloop
 endfacet
 facet normal -9.109228e-01 -4.125769e-01  0.000000e+00
   outer loop
     vertex  1.034888e+02  2.547348e+01  2.000000e+00
     vertex  1.035080e+02  2.543099e+01  0.000000e+00
     vertex  1.035080e+02  2.543099e+01  2.000000e+00
   endloop
 endfacet
 facet normal -9.109228e-01 -4.125769e-01 -0.000000e+00
   outer loop
     vertex  1.034888e+02  2.547348e+01  2.000000e+00
     vertex  1.034888e+02  2.547348e+01  0.000000e+00
     vertex  1.035080e+02  2.543099e+01  0.000000e+00
   endloop
 endfacet
 facet normal -8.992613e-01 -4.374119e-01  0.000000e+00
   outer loop
     vertex  1.034684e+02  2.551542e+01  2.000000e+00
     vertex  1.034888e+02  2.547348e+01  0.000000e+00
     vertex  1.034888e+02  2.547348e+01  2.000000e+00
   endloop
 endfacet
 facet normal -8.992613e-01 -4.374119e-01 -0.000000e+00
   outer loop
     vertex  1.034684e+02  2.551542e+01  2.000000e+00
     vertex  1.034684e+02  2.551542e+01  0.000000e+00
     vertex  1.034888e+02  2.547348e+01  0.000000e+00
   endloop
 endfacet
 facet normal -8.869228e-01 -4.619176e-01 -0.000000e+00
   outer loop
     vertex  1.034684e+02  2.551542e+01  2.000000e+00
     vertex  1.034469e+02  2.555679e+01  0.000000e+00
     vertex  1.034684e+02  2.551542e+01  0.000000e+00
   endloop
 endfacet
 facet normal -8.869228e-01 -4.619176e-01 -0.000000e+00
   outer loop
     vertex  1.034469e+02  2.555679e+01  2.000000e+00
     vertex  1.034469e+02  2.555679e+01  0.000000e+00
     vertex  1.034684e+02  2.551542e+01  2.000000e+00
   endloop
 endfacet
 facet normal -8.739167e-01 -4.860756e-01  0.000000e+00
   outer loop
     vertex  1.034242e+02  2.559755e+01  2.000000e+00
     vertex  1.034469e+02  2.555679e+01  0.000000e+00
     vertex  1.034469e+02  2.555679e+01  2.000000e+00
   endloop
 endfacet
 facet normal -8.739167e-01 -4.860756e-01 -0.000000e+00
   outer loop
     vertex  1.034242e+02  2.559755e+01  2.000000e+00
     vertex  1.034242e+02  2.559755e+01  0.000000e+00
     vertex  1.034469e+02  2.555679e+01  0.000000e+00
   endloop
 endfacet
 facet normal -8.602528e-01 -5.098678e-01  0.000000e+00
   outer loop
     vertex  1.034004e+02  2.563768e+01  2.000000e+00
     vertex  1.034242e+02  2.559755e+01  0.000000e+00
     vertex  1.034242e+02  2.559755e+01  2.000000e+00
   endloop
 endfacet
 facet normal -8.602528e-01 -5.098678e-01 -0.000000e+00
   outer loop
     vertex  1.034004e+02  2.563768e+01  2.000000e+00
     vertex  1.034004e+02  2.563768e+01  0.000000e+00
     vertex  1.034242e+02  2.559755e+01  0.000000e+00
   endloop
 endfacet
 facet normal -8.459413e-01 -5.332761e-01  0.000000e+00
   outer loop
     vertex  1.033755e+02  2.567713e+01  2.000000e+00
     vertex  1.034004e+02  2.563768e+01  0.000000e+00
     vertex  1.034004e+02  2.563768e+01  2.000000e+00
   endloop
 endfacet
 facet normal -8.459413e-01 -5.332761e-01 -0.000000e+00
   outer loop
     vertex  1.033755e+02  2.567713e+01  2.000000e+00
     vertex  1.033755e+02  2.567713e+01  0.000000e+00
     vertex  1.034004e+02  2.563768e+01  0.000000e+00
   endloop
 endfacet
 facet normal -8.309929e-01 -5.562829e-01 -0.000000e+00
   outer loop
     vertex  1.033496e+02  2.571589e+01  2.000000e+00
     vertex  1.033496e+02  2.571589e+01  0.000000e+00
     vertex  1.033755e+02  2.567713e+01  0.000000e+00
   endloop
 endfacet
 facet normal -8.309929e-01 -5.562829e-01  0.000000e+00
   outer loop
     vertex  1.033496e+02  2.571589e+01  2.000000e+00
     vertex  1.033755e+02  2.567713e+01  0.000000e+00
     vertex  1.033755e+02  2.567713e+01  2.000000e+00
   endloop
 endfacet
 facet normal -8.154191e-01 -5.788711e-01 -0.000000e+00
   outer loop
     vertex  1.033226e+02  2.575392e+01  2.000000e+00
     vertex  1.033226e+02  2.575392e+01  0.000000e+00
     vertex  1.033496e+02  2.571589e+01  0.000000e+00
   endloop
 endfacet
 facet normal -8.154191e-01 -5.788711e-01  0.000000e+00
   outer loop
     vertex  1.033226e+02  2.575392e+01  2.000000e+00
     vertex  1.033496e+02  2.571589e+01  0.000000e+00
     vertex  1.033496e+02  2.571589e+01  2.000000e+00
   endloop
 endfacet
 facet normal -7.992314e-01 -6.010234e-01 -0.000000e+00
   outer loop
     vertex  1.032945e+02  2.579120e+01  2.000000e+00
     vertex  1.032945e+02  2.579120e+01  0.000000e+00
     vertex  1.033226e+02  2.575392e+01  0.000000e+00
   endloop
 endfacet
 facet normal -7.824421e-01 -6.227234e-01 -0.000000e+00
   outer loop
     vertex  1.032945e+02  2.579120e+01  2.000000e+00
     vertex  1.032655e+02  2.582770e+01  0.000000e+00
     vertex  1.032945e+02  2.579120e+01  0.000000e+00
   endloop
 endfacet
 facet normal -7.992314e-01 -6.010234e-01  0.000000e+00
   outer loop
     vertex  1.032945e+02  2.579120e+01  2.000000e+00
     vertex  1.033226e+02  2.575392e+01  0.000000e+00
     vertex  1.033226e+02  2.575392e+01  2.000000e+00
   endloop
 endfacet
 facet normal -7.824421e-01 -6.227234e-01 -0.000000e+00
   outer loop
     vertex  1.032655e+02  2.582770e+01  2.000000e+00
     vertex  1.032655e+02  2.582770e+01  0.000000e+00
     vertex  1.032945e+02  2.579120e+01  2.000000e+00
   endloop
 endfacet
 facet normal -7.650637e-01 -6.439545e-01 -0.000000e+00
   outer loop
     vertex  1.032355e+02  2.586338e+01  2.000000e+00
     vertex  1.032355e+02  2.586338e+01  0.000000e+00
     vertex  1.032655e+02  2.582770e+01  0.000000e+00
   endloop
 endfacet
 facet normal -7.650637e-01 -6.439545e-01  0.000000e+00
   outer loop
     vertex  1.032355e+02  2.586338e+01  2.000000e+00
     vertex  1.032655e+02  2.582770e+01  0.000000e+00
     vertex  1.032655e+02  2.582770e+01  2.000000e+00
   endloop
 endfacet
 facet normal -7.471095e-01 -6.647010e-01 -0.000000e+00
   outer loop
     vertex  1.032045e+02  2.589823e+01  2.000000e+00
     vertex  1.032045e+02  2.589823e+01  0.000000e+00
     vertex  1.032355e+02  2.586338e+01  0.000000e+00
   endloop
 endfacet
 facet normal -7.471095e-01 -6.647010e-01  0.000000e+00
   outer loop
     vertex  1.032045e+02  2.589823e+01  2.000000e+00
     vertex  1.032355e+02  2.586338e+01  0.000000e+00
     vertex  1.032355e+02  2.586338e+01  2.000000e+00
   endloop
 endfacet
 facet normal -7.285929e-01 -6.849470e-01 -0.000000e+00
   outer loop
     vertex  1.031725e+02  2.593221e+01  2.000000e+00
     vertex  1.031725e+02  2.593221e+01  0.000000e+00
     vertex  1.032045e+02  2.589823e+01  0.000000e+00
   endloop
 endfacet
 facet normal -7.285929e-01 -6.849470e-01  0.000000e+00
   outer loop
     vertex  1.031725e+02  2.593221e+01  2.000000e+00
     vertex  1.032045e+02  2.589823e+01  0.000000e+00
     vertex  1.032045e+02  2.589823e+01  2.000000e+00
   endloop
 endfacet
 facet normal -7.095278e-01 -7.046775e-01 -0.000000e+00
   outer loop
     vertex  1.031396e+02  2.596531e+01  2.000000e+00
     vertex  1.031396e+02  2.596531e+01  0.000000e+00
     vertex  1.031725e+02  2.593221e+01  0.000000e+00
   endloop
 endfacet
 facet normal -7.095278e-01 -7.046775e-01  0.000000e+00
   outer loop
     vertex  1.031396e+02  2.596531e+01  2.000000e+00
     vertex  1.031725e+02  2.593221e+01  0.000000e+00
     vertex  1.031725e+02  2.593221e+01  2.000000e+00
   endloop
 endfacet
 facet normal -6.899286e-01 -7.238775e-01 -0.000000e+00
   outer loop
     vertex  1.031059e+02  2.599749e+01  2.000000e+00
     vertex  1.031059e+02  2.599749e+01  0.000000e+00
     vertex  1.031396e+02  2.596531e+01  0.000000e+00
   endloop
 endfacet
 facet normal -6.899286e-01 -7.238775e-01  0.000000e+00
   outer loop
     vertex  1.031059e+02  2.599749e+01  2.000000e+00
     vertex  1.031396e+02  2.596531e+01  0.000000e+00
     vertex  1.031396e+02  2.596531e+01  2.000000e+00
   endloop
 endfacet
 facet normal -6.698100e-01 -7.425325e-01 -0.000000e+00
   outer loop
     vertex  1.030713e+02  2.602873e+01  2.000000e+00
     vertex  1.030713e+02  2.602873e+01  0.000000e+00
     vertex  1.031059e+02  2.599749e+01  0.000000e+00
   endloop
 endfacet
 facet normal -6.698100e-01 -7.425325e-01  0.000000e+00
   outer loop
     vertex  1.030713e+02  2.602873e+01  2.000000e+00
     vertex  1.031059e+02  2.599749e+01  0.000000e+00
     vertex  1.031059e+02  2.599749e+01  2.000000e+00
   endloop
 endfacet
 facet normal -6.491872e-01 -7.606287e-01 -0.000000e+00
   outer loop
     vertex  1.030358e+02  2.605901e+01  2.000000e+00
     vertex  1.030358e+02  2.605901e+01  0.000000e+00
     vertex  1.030713e+02  2.602873e+01  0.000000e+00
   endloop
 endfacet
 facet normal -6.491872e-01 -7.606287e-01  0.000000e+00
   outer loop
     vertex  1.030358e+02  2.605901e+01  2.000000e+00
     vertex  1.030713e+02  2.602873e+01  0.000000e+00
     vertex  1.030713e+02  2.602873e+01  2.000000e+00
   endloop
 endfacet
 facet normal -6.280757e-01 -7.781522e-01 -0.000000e+00
   outer loop
     vertex  1.029995e+02  2.608830e+01  2.000000e+00
     vertex  1.029995e+02  2.608830e+01  0.000000e+00
     vertex  1.030358e+02  2.605901e+01  0.000000e+00
   endloop
 endfacet
 facet normal -6.064915e-01 -7.950900e-01 -0.000000e+00
   outer loop
     vertex  1.029995e+02  2.608830e+01  2.000000e+00
     vertex  1.029624e+02  2.611659e+01  0.000000e+00
     vertex  1.029995e+02  2.608830e+01  0.000000e+00
   endloop
 endfacet
 facet normal -6.280757e-01 -7.781522e-01  0.000000e+00
   outer loop
     vertex  1.029995e+02  2.608830e+01  2.000000e+00
     vertex  1.030358e+02  2.605901e+01  0.000000e+00
     vertex  1.030358e+02  2.605901e+01  2.000000e+00
   endloop
 endfacet
 facet normal -6.064915e-01 -7.950900e-01 -0.000000e+00
   outer loop
     vertex  1.029624e+02  2.611659e+01  2.000000e+00
     vertex  1.029624e+02  2.611659e+01  0.000000e+00
     vertex  1.029995e+02  2.608830e+01  2.000000e+00
   endloop
 endfacet
 facet normal -5.844507e-01 -8.114292e-01  0.000000e+00
   outer loop
     vertex  1.029245e+02  2.614385e+01  2.000000e+00
     vertex  1.029624e+02  2.611659e+01  0.000000e+00
     vertex  1.029624e+02  2.611659e+01  2.000000e+00
   endloop
 endfacet
 facet normal -5.844507e-01 -8.114292e-01 -0.000000e+00
   outer loop
     vertex  1.029245e+02  2.614385e+01  2.000000e+00
     vertex  1.029245e+02  2.614385e+01  0.000000e+00
     vertex  1.029624e+02  2.611659e+01  0.000000e+00
   endloop
 endfacet
 facet normal -5.619699e-01 -8.271577e-01 -0.000000e+00
   outer loop
     vertex  1.028860e+02  2.617006e+01  2.000000e+00
     vertex  1.028860e+02  2.617006e+01  0.000000e+00
     vertex  1.029245e+02  2.614385e+01  0.000000e+00
   endloop
 endfacet
 facet normal -5.619699e-01 -8.271577e-01  0.000000e+00
   outer loop
     vertex  1.028860e+02  2.617006e+01  2.000000e+00
     vertex  1.029245e+02  2.614385e+01  0.000000e+00
     vertex  1.029245e+02  2.614385e+01  2.000000e+00
   endloop
 endfacet
 facet normal -5.390661e-01 -8.422635e-01  0.000000e+00
   outer loop
     vertex  1.028467e+02  2.619520e+01  2.000000e+00
     vertex  1.028860e+02  2.617006e+01  0.000000e+00
     vertex  1.028860e+02  2.617006e+01  2.000000e+00
   endloop
 endfacet
 facet normal -5.390661e-01 -8.422635e-01 -0.000000e+00
   outer loop
     vertex  1.028467e+02  2.619520e+01  2.000000e+00
     vertex  1.028467e+02  2.619520e+01  0.000000e+00
     vertex  1.028860e+02  2.617006e+01  0.000000e+00
   endloop
 endfacet
 facet normal -5.157565e-01 -8.567352e-01  0.000000e+00
   outer loop
     vertex  1.028067e+02  2.621926e+01  2.000000e+00
     vertex  1.028467e+02  2.619520e+01  0.000000e+00
     vertex  1.028467e+02  2.619520e+01  2.000000e+00
   endloop
 endfacet
 facet normal -5.157565e-01 -8.567352e-01 -0.000000e+00
   outer loop
     vertex  1.028067e+02  2.621926e+01  2.000000e+00
     vertex  1.028067e+02  2.621926e+01  0.000000e+00
     vertex  1.028467e+02  2.619520e+01  0.000000e+00
   endloop
 endfacet
 facet normal -4.920587e-01 -8.705620e-01  0.000000e+00
   outer loop
     vertex  1.027661e+02  2.624221e+01  2.000000e+00
     vertex  1.028067e+02  2.621926e+01  0.000000e+00
     vertex  1.028067e+02  2.621926e+01  2.000000e+00
   endloop
 endfacet
 facet normal -4.920587e-01 -8.705620e-01 -0.000000e+00
   outer loop
     vertex  1.027661e+02  2.624221e+01  2.000000e+00
     vertex  1.027661e+02  2.624221e+01  0.000000e+00
     vertex  1.028067e+02  2.621926e+01  0.000000e+00
   endloop
 endfacet
 facet normal -4.679904e-01 -8.837335e-01  0.000000e+00
   outer loop
     vertex  1.027249e+02  2.626404e+01  2.000000e+00
     vertex  1.027661e+02  2.624221e+01  0.000000e+00
     vertex  1.027661e+02  2.624221e+01  2.000000e+00
   endloop
 endfacet
 facet normal -4.679904e-01 -8.837335e-01 -0.000000e+00
   outer loop
     vertex  1.027249e+02  2.626404e+01  2.000000e+00
     vertex  1.027249e+02  2.626404e+01  0.000000e+00
     vertex  1.027661e+02  2.624221e+01  0.000000e+00
   endloop
 endfacet
 facet normal -4.435699e-01 -8.962398e-01  0.000000e+00
   outer loop
     vertex  1.026831e+02  2.628473e+01  2.000000e+00
     vertex  1.027249e+02  2.626404e+01  0.000000e+00
     vertex  1.027249e+02  2.626404e+01  2.000000e+00
   endloop
 endfacet
 facet normal -4.435699e-01 -8.962398e-01 -0.000000e+00
   outer loop
     vertex  1.026831e+02  2.628473e+01  2.000000e+00
     vertex  1.026831e+02  2.628473e+01  0.000000e+00
     vertex  1.027249e+02  2.626404e+01  0.000000e+00
   endloop
 endfacet
 facet normal -4.188155e-01 -9.080714e-01 -0.000000e+00
   outer loop
     vertex  1.026831e+02  2.628473e+01  2.000000e+00
     vertex  1.026407e+02  2.630426e+01  0.000000e+00
     vertex  1.026831e+02  2.628473e+01  0.000000e+00
   endloop
 endfacet
 facet normal -4.188155e-01 -9.080714e-01 -0.000000e+00
   outer loop
     vertex  1.026407e+02  2.630426e+01  2.000000e+00
     vertex  1.026407e+02  2.630426e+01  0.000000e+00
     vertex  1.026831e+02  2.628473e+01  2.000000e+00
   endloop
 endfacet
 facet normal -3.937458e-01 -9.192194e-01  0.000000e+00
   outer loop
     vertex  1.025979e+02  2.632263e+01  2.000000e+00
     vertex  1.026407e+02  2.630426e+01  0.000000e+00
     vertex  1.026407e+02  2.630426e+01  2.000000e+00
   endloop
 endfacet
 facet normal -3.937458e-01 -9.192194e-01 -0.000000e+00
   outer loop
     vertex  1.025979e+02  2.632263e+01  2.000000e+00
     vertex  1.025979e+02  2.632263e+01  0.000000e+00
     vertex  1.026407e+02  2.630426e+01  0.000000e+00
   endloop
 endfacet
 facet normal -3.683796e-01 -9.296754e-01  0.000000e+00
   outer loop
     vertex  1.025545e+02  2.633981e+01  2.000000e+00
     vertex  1.025979e+02  2.632263e+01  0.000000e+00
     vertex  1.025979e+02  2.632263e+01  2.000000e+00
   endloop
 endfacet
 facet normal -3.683796e-01 -9.296754e-01 -0.000000e+00
   outer loop
     vertex  1.025545e+02  2.633981e+01  2.000000e+00
     vertex  1.025545e+02  2.633981e+01  0.000000e+00
     vertex  1.025979e+02  2.632263e+01  0.000000e+00
   endloop
 endfacet
 facet normal -3.427362e-01 -9.394317e-01 -0.000000e+00
   outer loop
     vertex  1.025545e+02  2.633981e+01  2.000000e+00
     vertex  1.025107e+02  2.635580e+01  0.000000e+00
     vertex  1.025545e+02  2.633981e+01  0.000000e+00
   endloop
 endfacet
 facet normal -3.427362e-01 -9.394317e-01 -0.000000e+00
   outer loop
     vertex  1.025107e+02  2.635580e+01  2.000000e+00
     vertex  1.025107e+02  2.635580e+01  0.000000e+00
     vertex  1.025545e+02  2.633981e+01  2.000000e+00
   endloop
 endfacet
 facet normal -3.168348e-01 -9.484807e-01 -0.000000e+00
   outer loop
     vertex  1.025107e+02  2.635580e+01  2.000000e+00
     vertex  1.024664e+02  2.637057e+01  0.000000e+00
     vertex  1.025107e+02  2.635580e+01  0.000000e+00
   endloop
 endfacet
 facet normal -3.168348e-01 -9.484807e-01 -0.000000e+00
   outer loop
     vertex  1.024664e+02  2.637057e+01  2.000000e+00
     vertex  1.024664e+02  2.637057e+01  0.000000e+00
     vertex  1.025107e+02  2.635580e+01  2.000000e+00
   endloop
 endfacet
 facet normal -2.906949e-01 -9.568158e-01  0.000000e+00
   outer loop
     vertex  1.024218e+02  2.638413e+01  2.000000e+00
     vertex  1.024664e+02  2.637057e+01  0.000000e+00
     vertex  1.024664e+02  2.637057e+01  2.000000e+00
   endloop
 endfacet
 facet normal -2.906949e-01 -9.568158e-01 -0.000000e+00
   outer loop
     vertex  1.024218e+02  2.638413e+01  2.000000e+00
     vertex  1.024218e+02  2.638413e+01  0.000000e+00
     vertex  1.024664e+02  2.637057e+01  0.000000e+00
   endloop
 endfacet
 facet normal -2.643362e-01 -9.644306e-01  0.000000e+00
   outer loop
     vertex  1.023768e+02  2.639646e+01  2.000000e+00
     vertex  1.024218e+02  2.638413e+01  0.000000e+00
     vertex  1.024218e+02  2.638413e+01  2.000000e+00
   endloop
 endfacet
 facet normal -2.643362e-01 -9.644306e-01 -0.000000e+00
   outer loop
     vertex  1.023768e+02  2.639646e+01  2.000000e+00
     vertex  1.023768e+02  2.639646e+01  0.000000e+00
     vertex  1.024218e+02  2.638413e+01  0.000000e+00
   endloop
 endfacet
 facet normal -2.377784e-01 -9.713194e-01  0.000000e+00
   outer loop
     vertex  1.023315e+02  2.640755e+01  2.000000e+00
     vertex  1.023768e+02  2.639646e+01  0.000000e+00
     vertex  1.023768e+02  2.639646e+01  2.000000e+00
   endloop
 endfacet
 facet normal -2.377784e-01 -9.713194e-01 -0.000000e+00
   outer loop
     vertex  1.023315e+02  2.640755e+01  2.000000e+00
     vertex  1.023315e+02  2.640755e+01  0.000000e+00
     vertex  1.023768e+02  2.639646e+01  0.000000e+00
   endloop
 endfacet
 facet normal -2.110417e-01 -9.774771e-01 -0.000000e+00
   outer loop
     vertex  1.023315e+02  2.640755e+01  2.000000e+00
     vertex  1.022859e+02  2.641740e+01  0.000000e+00
     vertex  1.023315e+02  2.640755e+01  0.000000e+00
   endloop
 endfacet
 facet normal -2.110417e-01 -9.774771e-01 -0.000000e+00
   outer loop
     vertex  1.022859e+02  2.641740e+01  2.000000e+00
     vertex  1.022859e+02  2.641740e+01  0.000000e+00
     vertex  1.023315e+02  2.640755e+01  2.000000e+00
   endloop
 endfacet
 facet normal -1.841461e-01 -9.828989e-01  0.000000e+00
   outer loop
     vertex  1.022401e+02  2.642599e+01  2.000000e+00
     vertex  1.022859e+02  2.641740e+01  0.000000e+00
     vertex  1.022859e+02  2.641740e+01  2.000000e+00
   endloop
 endfacet
 facet normal -1.841461e-01 -9.828989e-01 -0.000000e+00
   outer loop
     vertex  1.022401e+02  2.642599e+01  2.000000e+00
     vertex  1.022401e+02  2.642599e+01  0.000000e+00
     vertex  1.022859e+02  2.641740e+01  0.000000e+00
   endloop
 endfacet
 facet normal -1.571119e-01 -9.875808e-01  0.000000e+00
   outer loop
     vertex  1.021940e+02  2.643331e+01  2.000000e+00
     vertex  1.022401e+02  2.642599e+01  0.000000e+00
     vertex  1.022401e+02  2.642599e+01  2.000000e+00
   endloop
 endfacet
 facet normal -1.571119e-01 -9.875808e-01 -0.000000e+00
   outer loop
     vertex  1.021940e+02  2.643331e+01  2.000000e+00
     vertex  1.021940e+02  2.643331e+01  0.000000e+00
     vertex  1.022401e+02  2.642599e+01  0.000000e+00
   endloop
 endfacet
 facet normal -1.299594e-01 -9.915193e-01  0.000000e+00
   outer loop
     vertex  1.021478e+02  2.643938e+01  2.000000e+00
     vertex  1.021940e+02  2.643331e+01  0.000000e+00
     vertex  1.021940e+02  2.643331e+01  2.000000e+00
   endloop
 endfacet
 facet normal -1.299594e-01 -9.915193e-01 -0.000000e+00
   outer loop
     vertex  1.021478e+02  2.643938e+01  2.000000e+00
     vertex  1.021478e+02  2.643938e+01  0.000000e+00
     vertex  1.021940e+02  2.643331e+01  0.000000e+00
   endloop
 endfacet
 facet normal -1.027091e-01 -9.947114e-01 -0.000000e+00
   outer loop
     vertex  1.021478e+02  2.643938e+01  2.000000e+00
     vertex  1.021014e+02  2.644417e+01  0.000000e+00
     vertex  1.021478e+02  2.643938e+01  0.000000e+00
   endloop
 endfacet
 facet normal -1.027091e-01 -9.947114e-01 -0.000000e+00
   outer loop
     vertex  1.021014e+02  2.644417e+01  2.000000e+00
     vertex  1.021014e+02  2.644417e+01  0.000000e+00
     vertex  1.021478e+02  2.643938e+01  2.000000e+00
   endloop
 endfacet
 facet normal -7.538152e-02 -9.971548e-01  0.000000e+00
   outer loop
     vertex  1.020549e+02  2.644768e+01  2.000000e+00
     vertex  1.021014e+02  2.644417e+01  0.000000e+00
     vertex  1.021014e+02  2.644417e+01  2.000000e+00
   endloop
 endfacet
 facet normal -7.538152e-02 -9.971548e-01 -0.000000e+00
   outer loop
     vertex  1.020549e+02  2.644768e+01  2.000000e+00
     vertex  1.020549e+02  2.644768e+01  0.000000e+00
     vertex  1.021014e+02  2.644417e+01  0.000000e+00
   endloop
 endfacet
 facet normal -4.799716e-02 -9.988475e-01  0.000000e+00
   outer loop
     vertex  1.020083e+02  2.644992e+01  2.000000e+00
     vertex  1.020549e+02  2.644768e+01  0.000000e+00
     vertex  1.020549e+02  2.644768e+01  2.000000e+00
   endloop
 endfacet
 facet normal -4.799716e-02 -9.988475e-01 -0.000000e+00
   outer loop
     vertex  1.020083e+02  2.644992e+01  2.000000e+00
     vertex  1.020083e+02  2.644992e+01  0.000000e+00
     vertex  1.020549e+02  2.644768e+01  0.000000e+00
   endloop
 endfacet
 facet normal -2.057667e-02 -9.997883e-01 -0.000000e+00
   outer loop
     vertex  1.019617e+02  2.645088e+01  2.000000e+00
     vertex  1.019617e+02  2.645088e+01  0.000000e+00
     vertex  1.020083e+02  2.644992e+01  0.000000e+00
   endloop
 endfacet
 facet normal -2.057667e-02 -9.997883e-01  0.000000e+00
   outer loop
     vertex  1.019617e+02  2.645088e+01  2.000000e+00
     vertex  1.020083e+02  2.644992e+01  0.000000e+00
     vertex  1.020083e+02  2.644992e+01  2.000000e+00
   endloop
 endfacet
 facet normal  6.859319e-03 -9.999765e-01  0.000000e+00
   outer loop
     vertex  1.019150e+02  2.645056e+01  2.000000e+00
     vertex  1.019150e+02  2.645056e+01  0.000000e+00
     vertex  1.019617e+02  2.645088e+01  0.000000e+00
   endloop
 endfacet
 facet normal  3.429014e-02 -9.994119e-01  0.000000e+00
   outer loop
     vertex  1.019150e+02  2.645056e+01  2.000000e+00
     vertex  1.018684e+02  2.644896e+01  0.000000e+00
     vertex  1.019150e+02  2.645056e+01  0.000000e+00
   endloop
 endfacet
 facet normal  6.859319e-03 -9.999765e-01  0.000000e+00
   outer loop
     vertex  1.019150e+02  2.645056e+01  2.000000e+00
     vertex  1.019617e+02  2.645088e+01  0.000000e+00
     vertex  1.019617e+02  2.645088e+01  2.000000e+00
   endloop
 endfacet
 facet normal  3.429014e-02 -9.994119e-01  0.000000e+00
   outer loop
     vertex  1.018684e+02  2.644896e+01  2.000000e+00
     vertex  1.018684e+02  2.644896e+01  0.000000e+00
     vertex  1.019150e+02  2.645056e+01  2.000000e+00
   endloop
 endfacet
 facet normal  6.169515e-02 -9.980950e-01  0.000000e+00
   outer loop
     vertex  1.018219e+02  2.644608e+01  2.000000e+00
     vertex  1.018219e+02  2.644608e+01  0.000000e+00
     vertex  1.018684e+02  2.644896e+01  0.000000e+00
   endloop
 endfacet
 facet normal  8.905371e-02 -9.960268e-01  0.000000e+00
   outer loop
     vertex  1.018219e+02  2.644608e+01  2.000000e+00
     vertex  1.017754e+02  2.644193e+01  0.000000e+00
     vertex  1.018219e+02  2.644608e+01  0.000000e+00
   endloop
 endfacet
 facet normal  6.169515e-02 -9.980950e-01  0.000000e+00
   outer loop
     vertex  1.018219e+02  2.644608e+01  2.000000e+00
     vertex  1.018684e+02  2.644896e+01  0.000000e+00
     vertex  1.018684e+02  2.644896e+01  2.000000e+00
   endloop
 endfacet
 facet normal  8.905371e-02 -9.960268e-01  0.000000e+00
   outer loop
     vertex  1.017754e+02  2.644193e+01  2.000000e+00
     vertex  1.017754e+02  2.644193e+01  0.000000e+00
     vertex  1.018219e+02  2.644608e+01  2.000000e+00
   endloop
 endfacet
 facet normal  1.163452e-01 -9.932088e-01  0.000000e+00
   outer loop
     vertex  1.017754e+02  2.644193e+01  2.000000e+00
     vertex  1.017291e+02  2.643650e+01  0.000000e+00
     vertex  1.017754e+02  2.644193e+01  0.000000e+00
   endloop
 endfacet
 facet normal  1.163452e-01 -9.932088e-01  0.000000e+00
   outer loop
     vertex  1.017291e+02  2.643650e+01  2.000000e+00
     vertex  1.017291e+02  2.643650e+01  0.000000e+00
     vertex  1.017754e+02  2.644193e+01  2.000000e+00
   endloop
 endfacet
 facet normal  1.435492e-01 -9.896432e-01  0.000000e+00
   outer loop
     vertex  1.016829e+02  2.642981e+01  2.000000e+00
     vertex  1.017291e+02  2.643650e+01  0.000000e+00
     vertex  1.017291e+02  2.643650e+01  2.000000e+00
   endloop
 endfacet
 facet normal  1.435492e-01 -9.896432e-01  0.000000e+00
   outer loop
     vertex  1.016829e+02  2.642981e+01  2.000000e+00
     vertex  1.016829e+02  2.642981e+01  0.000000e+00
     vertex  1.017291e+02  2.643650e+01  0.000000e+00
   endloop
 endfacet
 facet normal  1.706451e-01 -9.853326e-01  0.000000e+00
   outer loop
     vertex  1.016370e+02  2.642185e+01  2.000000e+00
     vertex  1.016829e+02  2.642981e+01  0.000000e+00
     vertex  1.016829e+02  2.642981e+01  2.000000e+00
   endloop
 endfacet
 facet normal  1.706451e-01 -9.853326e-01  0.000000e+00
   outer loop
     vertex  1.016370e+02  2.642185e+01  2.000000e+00
     vertex  1.016370e+02  2.642185e+01  0.000000e+00
     vertex  1.016829e+02  2.642981e+01  0.000000e+00
   endloop
 endfacet
 facet normal  1.976125e-01 -9.802802e-01  0.000000e+00
   outer loop
     vertex  1.016370e+02  2.642185e+01  2.000000e+00
     vertex  1.015912e+02  2.641263e+01  0.000000e+00
     vertex  1.016370e+02  2.642185e+01  0.000000e+00
   endloop
 endfacet
 facet normal  1.976125e-01 -9.802802e-01  0.000000e+00
   outer loop
     vertex  1.015912e+02  2.641263e+01  2.000000e+00
     vertex  1.015912e+02  2.641263e+01  0.000000e+00
     vertex  1.016370e+02  2.642185e+01  2.000000e+00
   endloop
 endfacet
 facet normal  2.244312e-01 -9.744899e-01  0.000000e+00
   outer loop
     vertex  1.015458e+02  2.640216e+01  2.000000e+00
     vertex  1.015912e+02  2.641263e+01  0.000000e+00
     vertex  1.015912e+02  2.641263e+01  2.000000e+00
   endloop
 endfacet
 facet normal  2.244312e-01 -9.744899e-01  0.000000e+00
   outer loop
     vertex  1.015458e+02  2.640216e+01  2.000000e+00
     vertex  1.015458e+02  2.640216e+01  0.000000e+00
     vertex  1.015912e+02  2.641263e+01  0.000000e+00
   endloop
 endfacet
 facet normal  2.510809e-01 -9.679661e-01  0.000000e+00
   outer loop
     vertex  1.015006e+02  2.639045e+01  2.000000e+00
     vertex  1.015458e+02  2.640216e+01  0.000000e+00
     vertex  1.015458e+02  2.640216e+01  2.000000e+00
   endloop
 endfacet
 facet normal  2.510809e-01 -9.679661e-01  0.000000e+00
   outer loop
     vertex  1.015006e+02  2.639045e+01  2.000000e+00
     vertex  1.015006e+02  2.639045e+01  0.000000e+00
     vertex  1.015458e+02  2.640216e+01  0.000000e+00
   endloop
 endfacet
 facet normal  2.775416e-01 -9.607136e-01  0.000000e+00
   outer loop
     vertex  1.015006e+02  2.639045e+01  2.000000e+00
     vertex  1.014558e+02  2.637751e+01  0.000000e+00
     vertex  1.015006e+02  2.639045e+01  0.000000e+00
   endloop
 endfacet
 facet normal  2.775416e-01 -9.607136e-01  0.000000e+00
   outer loop
     vertex  1.014558e+02  2.637751e+01  2.000000e+00
     vertex  1.014558e+02  2.637751e+01  0.000000e+00
     vertex  1.015006e+02  2.639045e+01  2.000000e+00
   endloop
 endfacet
 facet normal  3.037934e-01 -9.527379e-01  0.000000e+00
   outer loop
     vertex  1.014114e+02  2.636334e+01  2.000000e+00
     vertex  1.014558e+02  2.637751e+01  0.000000e+00
     vertex  1.014558e+02  2.637751e+01  2.000000e+00
   endloop
 endfacet
 facet normal  3.037934e-01 -9.527379e-01  0.000000e+00
   outer loop
     vertex  1.014114e+02  2.636334e+01  2.000000e+00
     vertex  1.014114e+02  2.636334e+01  0.000000e+00
     vertex  1.014558e+02  2.637751e+01  0.000000e+00
   endloop
 endfacet
 facet normal  3.298166e-01 -9.440450e-01  0.000000e+00
   outer loop
     vertex  1.013673e+02  2.634795e+01  2.000000e+00
     vertex  1.014114e+02  2.636334e+01  0.000000e+00
     vertex  1.014114e+02  2.636334e+01  2.000000e+00
   endloop
 endfacet
 facet normal  3.298166e-01 -9.440450e-01  0.000000e+00
   outer loop
     vertex  1.013673e+02  2.634795e+01  2.000000e+00
     vertex  1.013673e+02  2.634795e+01  0.000000e+00
     vertex  1.014114e+02  2.636334e+01  0.000000e+00
   endloop
 endfacet
 facet normal  3.555914e-01 -9.346415e-01  0.000000e+00
   outer loop
     vertex  1.013238e+02  2.633137e+01  2.000000e+00
     vertex  1.013673e+02  2.634795e+01  0.000000e+00
     vertex  1.013673e+02  2.634795e+01  2.000000e+00
   endloop
 endfacet
 facet normal  3.555914e-01 -9.346415e-01  0.000000e+00
   outer loop
     vertex  1.013238e+02  2.633137e+01  2.000000e+00
     vertex  1.013238e+02  2.633137e+01  0.000000e+00
     vertex  1.013673e+02  2.634795e+01  0.000000e+00
   endloop
 endfacet
 facet normal  3.810986e-01 -9.245344e-01  0.000000e+00
   outer loop
     vertex  1.013238e+02  2.633137e+01  2.000000e+00
     vertex  1.012806e+02  2.631359e+01  0.000000e+00
     vertex  1.013238e+02  2.633137e+01  0.000000e+00
   endloop
 endfacet
 facet normal  4.063188e-01 -9.137314e-01  0.000000e+00
   outer loop
     vertex  1.012806e+02  2.631359e+01  2.000000e+00
     vertex  1.012380e+02  2.629464e+01  0.000000e+00
     vertex  1.012806e+02  2.631359e+01  0.000000e+00
   endloop
 endfacet
 facet normal  3.810986e-01 -9.245344e-01  0.000000e+00
   outer loop
     vertex  1.012806e+02  2.631359e+01  2.000000e+00
     vertex  1.012806e+02  2.631359e+01  0.000000e+00
     vertex  1.013238e+02  2.633137e+01  2.000000e+00
   endloop
 endfacet
 facet normal  4.063188e-01 -9.137314e-01  0.000000e+00
   outer loop
     vertex  1.012380e+02  2.629464e+01  2.000000e+00
     vertex  1.012380e+02  2.629464e+01  0.000000e+00
     vertex  1.012806e+02  2.631359e+01  2.000000e+00
   endloop
 endfacet
 facet normal  4.312333e-01 -9.022405e-01  0.000000e+00
   outer loop
     vertex  1.011959e+02  2.627453e+01  2.000000e+00
     vertex  1.011959e+02  2.627453e+01  0.000000e+00
     vertex  1.012380e+02  2.629464e+01  0.000000e+00
   endloop
 endfacet
 facet normal  4.312333e-01 -9.022405e-01  0.000000e+00
   outer loop
     vertex  1.011959e+02  2.627453e+01  2.000000e+00
     vertex  1.012380e+02  2.629464e+01  0.000000e+00
     vertex  1.012380e+02  2.629464e+01  2.000000e+00
   endloop
 endfacet
 facet normal  4.558231e-01 -8.900704e-01  0.000000e+00
   outer loop
     vertex  1.011544e+02  2.625327e+01  2.000000e+00
     vertex  1.011544e+02  2.625327e+01  0.000000e+00
     vertex  1.011959e+02  2.627453e+01  0.000000e+00
   endloop
 endfacet
 facet normal  4.800697e-01 -8.772303e-01  0.000000e+00
   outer loop
     vertex  1.011544e+02  2.625327e+01  2.000000e+00
     vertex  1.011135e+02  2.623088e+01  0.000000e+00
     vertex  1.011544e+02  2.625327e+01  0.000000e+00
   endloop
 endfacet
 facet normal  4.558231e-01 -8.900704e-01  0.000000e+00
   outer loop
     vertex  1.011544e+02  2.625327e+01  2.000000e+00
     vertex  1.011959e+02  2.627453e+01  0.000000e+00
     vertex  1.011959e+02  2.627453e+01  2.000000e+00
   endloop
 endfacet
 facet normal  5.039550e-01 -8.637299e-01  0.000000e+00
   outer loop
     vertex  1.011135e+02  2.623088e+01  2.000000e+00
     vertex  1.010732e+02  2.620737e+01  0.000000e+00
     vertex  1.011135e+02  2.623088e+01  0.000000e+00
   endloop
 endfacet
 facet normal  4.800697e-01 -8.772303e-01  0.000000e+00
   outer loop
     vertex  1.011135e+02  2.623088e+01  2.000000e+00
     vertex  1.011135e+02  2.623088e+01  0.000000e+00
     vertex  1.011544e+02  2.625327e+01  2.000000e+00
   endloop
 endfacet
 facet normal  5.039550e-01 -8.637299e-01  0.000000e+00
   outer loop
     vertex  1.010732e+02  2.620737e+01  2.000000e+00
     vertex  1.010732e+02  2.620737e+01  0.000000e+00
     vertex  1.011135e+02  2.623088e+01  2.000000e+00
   endloop
 endfacet
 facet normal  5.274609e-01 -8.495793e-01  0.000000e+00
   outer loop
     vertex  1.010336e+02  2.618277e+01  2.000000e+00
     vertex  1.010336e+02  2.618277e+01  0.000000e+00
     vertex  1.010732e+02  2.620737e+01  0.000000e+00
   endloop
 endfacet
 facet normal  5.274609e-01 -8.495793e-01  0.000000e+00
   outer loop
     vertex  1.010336e+02  2.618277e+01  2.000000e+00
     vertex  1.010732e+02  2.620737e+01  0.000000e+00
     vertex  1.010732e+02  2.620737e+01  2.000000e+00
   endloop
 endfacet
 facet normal  5.505698e-01 -8.347891e-01  0.000000e+00
   outer loop
     vertex  1.009947e+02  2.615709e+01  2.000000e+00
     vertex  1.009947e+02  2.615709e+01  0.000000e+00
     vertex  1.010336e+02  2.618277e+01  0.000000e+00
   endloop
 endfacet
 facet normal  5.505698e-01 -8.347891e-01  0.000000e+00
   outer loop
     vertex  1.009947e+02  2.615709e+01  2.000000e+00
     vertex  1.010336e+02  2.618277e+01  0.000000e+00
     vertex  1.010336e+02  2.618277e+01  2.000000e+00
   endloop
 endfacet
 facet normal  5.732642e-01 -8.193706e-01  0.000000e+00
   outer loop
     vertex  1.009564e+02  2.613035e+01  2.000000e+00
     vertex  1.009564e+02  2.613035e+01  0.000000e+00
     vertex  1.009947e+02  2.615709e+01  0.000000e+00
   endloop
 endfacet
 facet normal  5.732642e-01 -8.193706e-01  0.000000e+00
   outer loop
     vertex  1.009564e+02  2.613035e+01  2.000000e+00
     vertex  1.009947e+02  2.615709e+01  0.000000e+00
     vertex  1.009947e+02  2.615709e+01  2.000000e+00
   endloop
 endfacet
 facet normal  5.955271e-01 -8.033352e-01  0.000000e+00
   outer loop
     vertex  1.009190e+02  2.610257e+01  2.000000e+00
     vertex  1.009190e+02  2.610257e+01  0.000000e+00
     vertex  1.009564e+02  2.613035e+01  0.000000e+00
   endloop
 endfacet
 facet normal  5.955271e-01 -8.033352e-01  0.000000e+00
   outer loop
     vertex  1.009190e+02  2.610257e+01  2.000000e+00
     vertex  1.009564e+02  2.613035e+01  0.000000e+00
     vertex  1.009564e+02  2.613035e+01  2.000000e+00
   endloop
 endfacet
 facet normal  6.173417e-01 -7.866951e-01  0.000000e+00
   outer loop
     vertex  1.008823e+02  2.607378e+01  2.000000e+00
     vertex  1.008823e+02  2.607378e+01  0.000000e+00
     vertex  1.009190e+02  2.610257e+01  0.000000e+00
   endloop
 endfacet
 facet normal  6.386916e-01 -7.694628e-01  0.000000e+00
   outer loop
     vertex  1.008823e+02  2.607378e+01  2.000000e+00
     vertex  1.008464e+02  2.604399e+01  0.000000e+00
     vertex  1.008823e+02  2.607378e+01  0.000000e+00
   endloop
 endfacet
 facet normal  6.173417e-01 -7.866951e-01  0.000000e+00
   outer loop
     vertex  1.008823e+02  2.607378e+01  2.000000e+00
     vertex  1.009190e+02  2.610257e+01  0.000000e+00
     vertex  1.009190e+02  2.610257e+01  2.000000e+00
   endloop
 endfacet
 facet normal  6.595607e-01 -7.516513e-01  0.000000e+00
   outer loop
     vertex  1.008464e+02  2.604399e+01  2.000000e+00
     vertex  1.008113e+02  2.601323e+01  0.000000e+00
     vertex  1.008464e+02  2.604399e+01  0.000000e+00
   endloop
 endfacet
 facet normal  6.386916e-01 -7.694628e-01  0.000000e+00
   outer loop
     vertex  1.008464e+02  2.604399e+01  2.000000e+00
     vertex  1.008464e+02  2.604399e+01  0.000000e+00
     vertex  1.008823e+02  2.607378e+01  2.000000e+00
   endloop
 endfacet
 facet normal  6.799333e-01 -7.332740e-01  0.000000e+00
   outer loop
     vertex  1.008113e+02  2.601323e+01  2.000000e+00
     vertex  1.007771e+02  2.598151e+01  0.000000e+00
     vertex  1.008113e+02  2.601323e+01  0.000000e+00
   endloop
 endfacet
 facet normal  6.595607e-01 -7.516513e-01  0.000000e+00
   outer loop
     vertex  1.008113e+02  2.601323e+01  2.000000e+00
     vertex  1.008113e+02  2.601323e+01  0.000000e+00
     vertex  1.008464e+02  2.604399e+01  2.000000e+00
   endloop
 endfacet
 facet normal  6.997940e-01 -7.143447e-01  0.000000e+00
   outer loop
     vertex  1.007771e+02  2.598151e+01  2.000000e+00
     vertex  1.007438e+02  2.594887e+01  0.000000e+00
     vertex  1.007771e+02  2.598151e+01  0.000000e+00
   endloop
 endfacet
 facet normal  6.799333e-01 -7.332740e-01  0.000000e+00
   outer loop
     vertex  1.007771e+02  2.598151e+01  2.000000e+00
     vertex  1.007771e+02  2.598151e+01  0.000000e+00
     vertex  1.008113e+02  2.601323e+01  2.000000e+00
   endloop
 endfacet
 facet normal  6.997940e-01 -7.143447e-01  0.000000e+00
   outer loop
     vertex  1.007438e+02  2.594887e+01  2.000000e+00
     vertex  1.007438e+02  2.594887e+01  0.000000e+00
     vertex  1.007771e+02  2.598151e+01  2.000000e+00
   endloop
 endfacet
 facet normal  7.191280e-01 -6.948776e-01  0.000000e+00
   outer loop
     vertex  1.007114e+02  2.591533e+01  2.000000e+00
     vertex  1.007438e+02  2.594887e+01  0.000000e+00
     vertex  1.007438e+02  2.594887e+01  2.000000e+00
   endloop
 endfacet
 facet normal  7.191280e-01 -6.948776e-01  0.000000e+00
   outer loop
     vertex  1.007114e+02  2.591533e+01  2.000000e+00
     vertex  1.007114e+02  2.591533e+01  0.000000e+00
     vertex  1.007438e+02  2.594887e+01  0.000000e+00
   endloop
 endfacet
 facet normal  7.379206e-01 -6.748875e-01  0.000000e+00
   outer loop
     vertex  1.006799e+02  2.588091e+01  2.000000e+00
     vertex  1.007114e+02  2.591533e+01  0.000000e+00
     vertex  1.007114e+02  2.591533e+01  2.000000e+00
   endloop
 endfacet
 facet normal  7.379206e-01 -6.748875e-01  0.000000e+00
   outer loop
     vertex  1.006799e+02  2.588091e+01  2.000000e+00
     vertex  1.006799e+02  2.588091e+01  0.000000e+00
     vertex  1.007114e+02  2.591533e+01  0.000000e+00
   endloop
 endfacet
 facet normal  7.561578e-01 -6.543893e-01  0.000000e+00
   outer loop
     vertex  1.006799e+02  2.588091e+01  2.000000e+00
     vertex  1.006494e+02  2.584564e+01  0.000000e+00
     vertex  1.006799e+02  2.588091e+01  0.000000e+00
   endloop
 endfacet
 facet normal  7.561578e-01 -6.543893e-01  0.000000e+00
   outer loop
     vertex  1.006494e+02  2.584564e+01  2.000000e+00
     vertex  1.006494e+02  2.584564e+01  0.000000e+00
     vertex  1.006799e+02  2.588091e+01  2.000000e+00
   endloop
 endfacet
 facet normal  7.738257e-01 -6.333986e-01  0.000000e+00
   outer loop
     vertex  1.006198e+02  2.580955e+01  2.000000e+00
     vertex  1.006198e+02  2.580955e+01  0.000000e+00
     vertex  1.006494e+02  2.584564e+01  0.000000e+00
   endloop
 endfacet
 facet normal  7.738257e-01 -6.333986e-01  0.000000e+00
   outer loop
     vertex  1.006198e+02  2.580955e+01  2.000000e+00
     vertex  1.006494e+02  2.584564e+01  0.000000e+00
     vertex  1.006494e+02  2.584564e+01  2.000000e+00
   endloop
 endfacet
 facet normal  7.909112e-01 -6.119310e-01  0.000000e+00
   outer loop
     vertex  1.005913e+02  2.577266e+01  2.000000e+00
     vertex  1.005913e+02  2.577266e+01  0.000000e+00
     vertex  1.006198e+02  2.580955e+01  0.000000e+00
   endloop
 endfacet
 facet normal  8.074012e-01 -5.900028e-01  0.000000e+00
   outer loop
     vertex  1.005913e+02  2.577266e+01  2.000000e+00
     vertex  1.005638e+02  2.573500e+01  0.000000e+00
     vertex  1.005913e+02  2.577266e+01  0.000000e+00
   endloop
 endfacet
 facet normal  7.909112e-01 -6.119310e-01  0.000000e+00
   outer loop
     vertex  1.005913e+02  2.577266e+01  2.000000e+00
     vertex  1.006198e+02  2.580955e+01  0.000000e+00
     vertex  1.006198e+02  2.580955e+01  2.000000e+00
   endloop
 endfacet
 facet normal  8.074012e-01 -5.900028e-01  0.000000e+00
   outer loop
     vertex  1.005638e+02  2.573500e+01  2.000000e+00
     vertex  1.005638e+02  2.573500e+01  0.000000e+00
     vertex  1.005913e+02  2.577266e+01  2.000000e+00
   endloop
 endfacet
 facet normal  8.232835e-01 -5.676304e-01  0.000000e+00
   outer loop
     vertex  1.005373e+02  2.569660e+01  2.000000e+00
     vertex  1.005373e+02  2.569660e+01  0.000000e+00
     vertex  1.005638e+02  2.573500e+01  0.000000e+00
   endloop
 endfacet
 facet normal  8.385460e-01 -5.448308e-01  0.000000e+00
   outer loop
     vertex  1.005373e+02  2.569660e+01  2.000000e+00
     vertex  1.005119e+02  2.565749e+01  0.000000e+00
     vertex  1.005373e+02  2.569660e+01  0.000000e+00
   endloop
 endfacet
 facet normal  8.232835e-01 -5.676304e-01  0.000000e+00
   outer loop
     vertex  1.005373e+02  2.569660e+01  2.000000e+00
     vertex  1.005638e+02  2.573500e+01  0.000000e+00
     vertex  1.005638e+02  2.573500e+01  2.000000e+00
   endloop
 endfacet
 facet normal  8.531773e-01 -5.216210e-01  0.000000e+00
   outer loop
     vertex  1.005119e+02  2.565749e+01  2.000000e+00
     vertex  1.004876e+02  2.561770e+01  0.000000e+00
     vertex  1.005119e+02  2.565749e+01  0.000000e+00
   endloop
 endfacet
 facet normal  8.385460e-01 -5.448308e-01  0.000000e+00
   outer loop
     vertex  1.005119e+02  2.565749e+01  2.000000e+00
     vertex  1.005119e+02  2.565749e+01  0.000000e+00
     vertex  1.005373e+02  2.569660e+01  2.000000e+00
   endloop
 endfacet
 facet normal  8.531773e-01 -5.216210e-01  0.000000e+00
   outer loop
     vertex  1.004876e+02  2.561770e+01  2.000000e+00
     vertex  1.004876e+02  2.561770e+01  0.000000e+00
     vertex  1.005119e+02  2.565749e+01  2.000000e+00
   endloop
 endfacet
 facet normal  8.671664e-01 -4.980186e-01  0.000000e+00
   outer loop
     vertex  1.004643e+02  2.557725e+01  2.000000e+00
     vertex  1.004643e+02  2.557725e+01  0.000000e+00
     vertex  1.004876e+02  2.561770e+01  0.000000e+00
   endloop
 endfacet
 facet normal  8.805026e-01 -4.740412e-01  0.000000e+00
   outer loop
     vertex  1.004643e+02  2.557725e+01  2.000000e+00
     vertex  1.004422e+02  2.553618e+01  0.000000e+00
     vertex  1.004643e+02  2.557725e+01  0.000000e+00
   endloop
 endfacet
 facet normal  8.671664e-01 -4.980186e-01  0.000000e+00
   outer loop
     vertex  1.004643e+02  2.557725e+01  2.000000e+00
     vertex  1.004876e+02  2.561770e+01  0.000000e+00
     vertex  1.004876e+02  2.561770e+01  2.000000e+00
   endloop
 endfacet
 facet normal  8.805026e-01 -4.740412e-01  0.000000e+00
   outer loop
     vertex  1.004422e+02  2.553618e+01  2.000000e+00
     vertex  1.004422e+02  2.553618e+01  0.000000e+00
     vertex  1.004643e+02  2.557725e+01  2.000000e+00
   endloop
 endfacet
 facet normal  8.931761e-01 -4.497071e-01  0.000000e+00
   outer loop
     vertex  1.004213e+02  2.549452e+01  2.000000e+00
     vertex  1.004213e+02  2.549452e+01  0.000000e+00
     vertex  1.004422e+02  2.553618e+01  0.000000e+00
   endloop
 endfacet
 facet normal  8.931761e-01 -4.497071e-01  0.000000e+00
   outer loop
     vertex  1.004213e+02  2.549452e+01  2.000000e+00
     vertex  1.004422e+02  2.553618e+01  0.000000e+00
     vertex  1.004422e+02  2.553618e+01  2.000000e+00
   endloop
 endfacet
 facet normal  9.051772e-01 -4.250344e-01  0.000000e+00
   outer loop
     vertex  1.004014e+02  2.545230e+01  2.000000e+00
     vertex  1.004014e+02  2.545230e+01  0.000000e+00
     vertex  1.004213e+02  2.549452e+01  0.000000e+00
   endloop
 endfacet
 facet normal  9.164969e-01 -4.000417e-01  0.000000e+00
   outer loop
     vertex  1.004014e+02  2.545230e+01  2.000000e+00
     vertex  1.003828e+02  2.540955e+01  0.000000e+00
     vertex  1.004014e+02  2.545230e+01  0.000000e+00
   endloop
 endfacet
 facet normal  9.051772e-01 -4.250344e-01  0.000000e+00
   outer loop
     vertex  1.004014e+02  2.545230e+01  2.000000e+00
     vertex  1.004213e+02  2.549452e+01  0.000000e+00
     vertex  1.004213e+02  2.549452e+01  2.000000e+00
   endloop
 endfacet
 facet normal  9.164969e-01 -4.000417e-01  0.000000e+00
   outer loop
     vertex  1.003828e+02  2.540955e+01  2.000000e+00
     vertex  1.003828e+02  2.540955e+01  0.000000e+00
     vertex  1.004014e+02  2.545230e+01  2.000000e+00
   endloop
 endfacet
 facet normal  9.271267e-01 -3.747479e-01  0.000000e+00
   outer loop
     vertex  1.003653e+02  2.536631e+01  2.000000e+00
     vertex  1.003653e+02  2.536631e+01  0.000000e+00
     vertex  1.003828e+02  2.540955e+01  0.000000e+00
   endloop
 endfacet
 facet normal  9.271267e-01 -3.747479e-01  0.000000e+00
   outer loop
     vertex  1.003653e+02  2.536631e+01  2.000000e+00
     vertex  1.003828e+02  2.540955e+01  0.000000e+00
     vertex  1.003828e+02  2.540955e+01  2.000000e+00
   endloop
 endfacet
 facet normal  9.370586e-01 -3.491720e-01  0.000000e+00
   outer loop
     vertex  1.003490e+02  2.532260e+01  2.000000e+00
     vertex  1.003490e+02  2.532260e+01  0.000000e+00
     vertex  1.003653e+02  2.536631e+01  0.000000e+00
   endloop
 endfacet
 facet normal  9.462851e-01 -3.233333e-01  0.000000e+00
   outer loop
     vertex  1.003490e+02  2.532260e+01  2.000000e+00
     vertex  1.003339e+02  2.527847e+01  0.000000e+00
     vertex  1.003490e+02  2.532260e+01  0.000000e+00
   endloop
 endfacet
 facet normal  9.370586e-01 -3.491720e-01  0.000000e+00
   outer loop
     vertex  1.003490e+02  2.532260e+01  2.000000e+00
     vertex  1.003653e+02  2.536631e+01  0.000000e+00
     vertex  1.003653e+02  2.536631e+01  2.000000e+00
   endloop
 endfacet
 facet normal  9.462851e-01 -3.233333e-01  0.000000e+00
   outer loop
     vertex  1.003339e+02  2.527847e+01  2.000000e+00
     vertex  1.003339e+02  2.527847e+01  0.000000e+00
     vertex  1.003490e+02  2.532260e+01  2.000000e+00
   endloop
 endfacet
 facet normal  9.547993e-01 -2.972512e-01  0.000000e+00
   outer loop
     vertex  1.003201e+02  2.523393e+01  2.000000e+00
     vertex  1.003201e+02  2.523393e+01  0.000000e+00
     vertex  1.003339e+02  2.527847e+01  0.000000e+00
   endloop
 endfacet
 facet normal  9.547993e-01 -2.972512e-01  0.000000e+00
   outer loop
     vertex  1.003201e+02  2.523393e+01  2.000000e+00
     vertex  1.003339e+02  2.527847e+01  0.000000e+00
     vertex  1.003339e+02  2.527847e+01  2.000000e+00
   endloop
 endfacet
 facet normal  9.625948e-01 -2.709453e-01  0.000000e+00
   outer loop
     vertex  1.003074e+02  2.518903e+01  2.000000e+00
     vertex  1.003074e+02  2.518903e+01  0.000000e+00
     vertex  1.003201e+02  2.523393e+01  0.000000e+00
   endloop
 endfacet
 facet normal  9.696656e-01 -2.444354e-01  0.000000e+00
   outer loop
     vertex  1.003074e+02  2.518903e+01  2.000000e+00
     vertex  1.002960e+02  2.514381e+01  0.000000e+00
     vertex  1.003074e+02  2.518903e+01  0.000000e+00
   endloop
 endfacet
 facet normal  9.625948e-01 -2.709453e-01  0.000000e+00
   outer loop
     vertex  1.003074e+02  2.518903e+01  2.000000e+00
     vertex  1.003201e+02  2.523393e+01  0.000000e+00
     vertex  1.003201e+02  2.523393e+01  2.000000e+00
   endloop
 endfacet
 facet normal  9.760065e-01 -2.177416e-01  0.000000e+00
   outer loop
     vertex  1.002960e+02  2.514381e+01  2.000000e+00
     vertex  1.002859e+02  2.509828e+01  0.000000e+00
     vertex  1.002960e+02  2.514381e+01  0.000000e+00
   endloop
 endfacet
 facet normal  9.696656e-01 -2.444354e-01  0.000000e+00
   outer loop
     vertex  1.002960e+02  2.514381e+01  2.000000e+00
     vertex  1.002960e+02  2.514381e+01  0.000000e+00
     vertex  1.003074e+02  2.518903e+01  2.000000e+00
   endloop
 endfacet
 facet normal  9.816126e-01 -1.908838e-01  0.000000e+00
   outer loop
     vertex  1.002859e+02  2.509828e+01  2.000000e+00
     vertex  1.002770e+02  2.505250e+01  0.000000e+00
     vertex  1.002859e+02  2.509828e+01  0.000000e+00
   endloop
 endfacet
 facet normal  9.760065e-01 -2.177416e-01  0.000000e+00
   outer loop
     vertex  1.002859e+02  2.509828e+01  2.000000e+00
     vertex  1.002859e+02  2.509828e+01  0.000000e+00
     vertex  1.002960e+02  2.514381e+01  2.000000e+00
   endloop
 endfacet
 facet normal  9.864799e-01 -1.638824e-01  0.000000e+00
   outer loop
     vertex  1.002770e+02  2.505250e+01  2.000000e+00
     vertex  1.002693e+02  2.500649e+01  0.000000e+00
     vertex  1.002770e+02  2.505250e+01  0.000000e+00
   endloop
 endfacet
 facet normal  9.816126e-01 -1.908838e-01  0.000000e+00
   outer loop
     vertex  1.002770e+02  2.505250e+01  2.000000e+00
     vertex  1.002770e+02  2.505250e+01  0.000000e+00
     vertex  1.002859e+02  2.509828e+01  2.000000e+00
   endloop
 endfacet
 facet normal  9.864799e-01 -1.638824e-01  0.000000e+00
   outer loop
     vertex  1.002693e+02  2.500649e+01  2.000000e+00
     vertex  1.002693e+02  2.500649e+01  0.000000e+00
     vertex  1.002770e+02  2.505250e+01  2.000000e+00
   endloop
 endfacet
 facet normal  9.906046e-01 -1.367575e-01  0.000000e+00
   outer loop
     vertex  1.002629e+02  2.496028e+01  2.000000e+00
     vertex  1.002629e+02  2.496028e+01  0.000000e+00
     vertex  1.002693e+02  2.500649e+01  0.000000e+00
   endloop
 endfacet
 facet normal  9.939835e-01 -1.095298e-01  0.000000e+00
   outer loop
     vertex  1.002629e+02  2.496028e+01  2.000000e+00
     vertex  1.002578e+02  2.491392e+01  0.000000e+00
     vertex  1.002629e+02  2.496028e+01  0.000000e+00
   endloop
 endfacet
 facet normal  9.906046e-01 -1.367575e-01  0.000000e+00
   outer loop
     vertex  1.002629e+02  2.496028e+01  2.000000e+00
     vertex  1.002693e+02  2.500649e+01  0.000000e+00
     vertex  1.002693e+02  2.500649e+01  2.000000e+00
   endloop
 endfacet
 facet normal  9.939835e-01 -1.095298e-01  0.000000e+00
   outer loop
     vertex  1.002578e+02  2.491392e+01  2.000000e+00
     vertex  1.002578e+02  2.491392e+01  0.000000e+00
     vertex  1.002629e+02  2.496028e+01  2.000000e+00
   endloop
 endfacet
 facet normal  9.966142e-01 -8.221955e-02  0.000000e+00
   outer loop
     vertex  1.002540e+02  2.486744e+01  2.000000e+00
     vertex  1.002578e+02  2.491392e+01  0.000000e+00
     vertex  1.002578e+02  2.491392e+01  2.000000e+00
   endloop
 endfacet
 facet normal  9.966142e-01 -8.221955e-02  0.000000e+00
   outer loop
     vertex  1.002540e+02  2.486744e+01  2.000000e+00
     vertex  1.002540e+02  2.486744e+01  0.000000e+00
     vertex  1.002578e+02  2.491392e+01  0.000000e+00
   endloop
 endfacet
 facet normal  9.984947e-01 -5.484744e-02  0.000000e+00
   outer loop
     vertex  1.002514e+02  2.482087e+01  2.000000e+00
     vertex  1.002540e+02  2.486744e+01  0.000000e+00
     vertex  1.002540e+02  2.486744e+01  2.000000e+00
   endloop
 endfacet
 facet normal  9.984947e-01 -5.484744e-02  0.000000e+00
   outer loop
     vertex  1.002514e+02  2.482087e+01  2.000000e+00
     vertex  1.002514e+02  2.482087e+01  0.000000e+00
     vertex  1.002540e+02  2.486744e+01  0.000000e+00
   endloop
 endfacet
 facet normal  9.996236e-01 -2.743405e-02  0.000000e+00
   outer loop
     vertex  1.002514e+02  2.482087e+01  2.000000e+00
     vertex  1.002502e+02  2.477424e+01  0.000000e+00
     vertex  1.002514e+02  2.482087e+01  0.000000e+00
   endloop
 endfacet
 facet normal  9.996236e-01 -2.743405e-02  0.000000e+00
   outer loop
     vertex  1.002502e+02  2.477424e+01  2.000000e+00
     vertex  1.002502e+02  2.477424e+01  0.000000e+00
     vertex  1.002514e+02  2.482087e+01  2.000000e+00
   endloop
 endfacet
 facet normal  1.000000e+00 -0.000000e+00  0.000000e+00
   outer loop
     vertex  1.002502e+02  2.472760e+01  2.000000e+00
     vertex  1.002502e+02  2.477424e+01  0.000000e+00
     vertex  1.002502e+02  2.477424e+01  2.000000e+00
   endloop
 endfacet
 facet normal  1.000000e+00  0.000000e+00  0.000000e+00
   outer loop
     vertex  1.002502e+02  2.472760e+01  2.000000e+00
     vertex  1.002502e+02  2.472760e+01  0.000000e+00
     vertex  1.002502e+02  2.477424e+01  0.000000e+00
   endloop
 endfacet
 facet normal  9.996236e-01  2.743405e-02  0.000000e+00
   outer loop
     vertex  1.002502e+02  2.472760e+01  2.000000e+00
     vertex  1.002514e+02  2.468097e+01  0.000000e+00
     vertex  1.002502e+02  2.472760e+01  0.000000e+00
   endloop
 endfacet
 facet normal  9.996236e-01  2.743405e-02  0.000000e+00
   outer loop
     vertex  1.002514e+02  2.468097e+01  2.000000e+00
     vertex  1.002514e+02  2.468097e+01  0.000000e+00
     vertex  1.002502e+02  2.472760e+01  2.000000e+00
   endloop
 endfacet
 facet normal  9.984947e-01  5.484744e-02  0.000000e+00
   outer loop
     vertex  1.002540e+02  2.463440e+01  2.000000e+00
     vertex  1.002514e+02  2.468097e+01  0.000000e+00
     vertex  1.002514e+02  2.468097e+01  2.000000e+00
   endloop
 endfacet
 facet normal  9.984947e-01  5.484744e-02  0.000000e+00
   outer loop
     vertex  1.002540e+02  2.463440e+01  2.000000e+00
     vertex  1.002540e+02  2.463440e+01  0.000000e+00
     vertex  1.002514e+02  2.468097e+01  0.000000e+00
   endloop
 endfacet
 facet normal  9.966142e-01  8.221955e-02  0.000000e+00
   outer loop
     vertex  1.002540e+02  2.463440e+01  2.000000e+00
     vertex  1.002578e+02  2.458792e+01  0.000000e+00
     vertex  1.002540e+02  2.463440e+01  0.000000e+00
   endloop
 endfacet
 facet normal  9.966142e-01  8.221955e-02  0.000000e+00
   outer loop
     vertex  1.002578e+02  2.458792e+01  2.000000e+00
     vertex  1.002578e+02  2.458792e+01  0.000000e+00
     vertex  1.002540e+02  2.463440e+01  2.000000e+00
   endloop
 endfacet
 facet normal  9.939835e-01  1.095298e-01  0.000000e+00
   outer loop
     vertex  1.002629e+02  2.454156e+01  2.000000e+00
     vertex  1.002578e+02  2.458792e+01  0.000000e+00
     vertex  1.002578e+02  2.458792e+01  2.000000e+00
   endloop
 endfacet
 facet normal  9.939835e-01  1.095298e-01  0.000000e+00
   outer loop
     vertex  1.002629e+02  2.454156e+01  2.000000e+00
     vertex  1.002629e+02  2.454156e+01  0.000000e+00
     vertex  1.002578e+02  2.458792e+01  0.000000e+00
   endloop
 endfacet
 facet normal  9.906046e-01  1.367575e-01  0.000000e+00
   outer loop
     vertex  1.002629e+02  2.454156e+01  2.000000e+00
     vertex  1.002693e+02  2.449535e+01  0.000000e+00
     vertex  1.002629e+02  2.454156e+01  0.000000e+00
   endloop
 endfacet
 facet normal  9.906046e-01  1.367575e-01  0.000000e+00
   outer loop
     vertex  1.002693e+02  2.449535e+01  2.000000e+00
     vertex  1.002693e+02  2.449535e+01  0.000000e+00
     vertex  1.002629e+02  2.454156e+01  2.000000e+00
   endloop
 endfacet
 facet normal  9.864799e-01  1.638824e-01  0.000000e+00
   outer loop
     vertex  1.002770e+02  2.444934e+01  2.000000e+00
     vertex  1.002693e+02  2.449535e+01  0.000000e+00
     vertex  1.002693e+02  2.449535e+01  2.000000e+00
   endloop
 endfacet
 facet normal  9.864799e-01  1.638824e-01  0.000000e+00
   outer loop
     vertex  1.002770e+02  2.444934e+01  2.000000e+00
     vertex  1.002770e+02  2.444934e+01  0.000000e+00
     vertex  1.002693e+02  2.449535e+01  0.000000e+00
   endloop
 endfacet
 facet normal  9.816126e-01  1.908838e-01  0.000000e+00
   outer loop
     vertex  1.002859e+02  2.440356e+01  2.000000e+00
     vertex  1.002770e+02  2.444934e+01  0.000000e+00
     vertex  1.002770e+02  2.444934e+01  2.000000e+00
   endloop
 endfacet
 facet normal  9.816126e-01  1.908838e-01  0.000000e+00
   outer loop
     vertex  1.002859e+02  2.440356e+01  2.000000e+00
     vertex  1.002859e+02  2.440356e+01  0.000000e+00
     vertex  1.002770e+02  2.444934e+01  0.000000e+00
   endloop
 endfacet
 facet normal  9.760065e-01  2.177416e-01  0.000000e+00
   outer loop
     vertex  1.002859e+02  2.440356e+01  2.000000e+00
     vertex  1.002960e+02  2.435803e+01  0.000000e+00
     vertex  1.002859e+02  2.440356e+01  0.000000e+00
   endloop
 endfacet
 facet normal  9.760065e-01  2.177416e-01  0.000000e+00
   outer loop
     vertex  1.002960e+02  2.435803e+01  2.000000e+00
     vertex  1.002960e+02  2.435803e+01  0.000000e+00
     vertex  1.002859e+02  2.440356e+01  2.000000e+00
   endloop
 endfacet
 facet normal  9.696656e-01  2.444354e-01  0.000000e+00
   outer loop
     vertex  1.003074e+02  2.431281e+01  2.000000e+00
     vertex  1.003074e+02  2.431281e+01  0.000000e+00
     vertex  1.002960e+02  2.435803e+01  0.000000e+00
   endloop
 endfacet
 facet normal  9.696656e-01  2.444354e-01  0.000000e+00
   outer loop
     vertex  1.003074e+02  2.431281e+01  2.000000e+00
     vertex  1.002960e+02  2.435803e+01  0.000000e+00
     vertex  1.002960e+02  2.435803e+01  2.000000e+00
   endloop
 endfacet
 facet normal  9.625948e-01  2.709453e-01  0.000000e+00
   outer loop
     vertex  1.003201e+02  2.426791e+01  2.000000e+00
     vertex  1.003201e+02  2.426791e+01  0.000000e+00
     vertex  1.003074e+02  2.431281e+01  0.000000e+00
   endloop
 endfacet
 facet normal  9.625948e-01  2.709453e-01  0.000000e+00
   outer loop
     vertex  1.003201e+02  2.426791e+01  2.000000e+00
     vertex  1.003074e+02  2.431281e+01  0.000000e+00
     vertex  1.003074e+02  2.431281e+01  2.000000e+00
   endloop
 endfacet
 facet normal  9.547993e-01  2.972512e-01  0.000000e+00
   outer loop
     vertex  1.003339e+02  2.422337e+01  2.000000e+00
     vertex  1.003339e+02  2.422337e+01  0.000000e+00
     vertex  1.003201e+02  2.426791e+01  0.000000e+00
   endloop
 endfacet
 facet normal  9.547993e-01  2.972512e-01  0.000000e+00
   outer loop
     vertex  1.003339e+02  2.422337e+01  2.000000e+00
     vertex  1.003201e+02  2.426791e+01  0.000000e+00
     vertex  1.003201e+02  2.426791e+01  2.000000e+00
   endloop
 endfacet
 facet normal  9.462851e-01  3.233333e-01  0.000000e+00
   outer loop
     vertex  1.003490e+02  2.417924e+01  2.000000e+00
     vertex  1.003490e+02  2.417924e+01  0.000000e+00
     vertex  1.003339e+02  2.422337e+01  0.000000e+00
   endloop
 endfacet
 facet normal  9.462851e-01  3.233333e-01  0.000000e+00
   outer loop
     vertex  1.003490e+02  2.417924e+01  2.000000e+00
     vertex  1.003339e+02  2.422337e+01  0.000000e+00
     vertex  1.003339e+02  2.422337e+01  2.000000e+00
   endloop
 endfacet
 facet normal  9.370586e-01  3.491720e-01  0.000000e+00
   outer loop
     vertex  1.003653e+02  2.413553e+01  2.000000e+00
     vertex  1.003653e+02  2.413553e+01  0.000000e+00
     vertex  1.003490e+02  2.417924e+01  0.000000e+00
   endloop
 endfacet
 facet normal  9.271267e-01  3.747479e-01  0.000000e+00
   outer loop
     vertex  1.003653e+02  2.413553e+01  2.000000e+00
     vertex  1.003828e+02  2.409229e+01  0.000000e+00
     vertex  1.003653e+02  2.413553e+01  0.000000e+00
   endloop
 endfacet
 facet normal  9.370586e-01  3.491720e-01  0.000000e+00
   outer loop
     vertex  1.003653e+02  2.413553e+01  2.000000e+00
     vertex  1.003490e+02  2.417924e+01  0.000000e+00
     vertex  1.003490e+02  2.417924e+01  2.000000e+00
   endloop
 endfacet
 facet normal  9.164969e-01  4.000417e-01  0.000000e+00
   outer loop
     vertex  1.003828e+02  2.409229e+01  2.000000e+00
     vertex  1.004014e+02  2.404954e+01  0.000000e+00
     vertex  1.003828e+02  2.409229e+01  0.000000e+00
   endloop
 endfacet
 facet normal  9.271267e-01  3.747479e-01  0.000000e+00
   outer loop
     vertex  1.003828e+02  2.409229e+01  2.000000e+00
     vertex  1.003828e+02  2.409229e+01  0.000000e+00
     vertex  1.003653e+02  2.413553e+01  2.000000e+00
   endloop
 endfacet
 facet normal  9.164969e-01  4.000417e-01  0.000000e+00
   outer loop
     vertex  1.004014e+02  2.404954e+01  2.000000e+00
     vertex  1.004014e+02  2.404954e+01  0.000000e+00
     vertex  1.003828e+02  2.409229e+01  2.000000e+00
   endloop
 endfacet
 facet normal  9.051772e-01  4.250344e-01  0.000000e+00
   outer loop
     vertex  1.004213e+02  2.400732e+01  2.000000e+00
     vertex  1.004213e+02  2.400732e+01  0.000000e+00
     vertex  1.004014e+02  2.404954e+01  0.000000e+00
   endloop
 endfacet
 facet normal  9.051772e-01  4.250344e-01  0.000000e+00
   outer loop
     vertex  1.004213e+02  2.400732e+01  2.000000e+00
     vertex  1.004014e+02  2.404954e+01  0.000000e+00
     vertex  1.004014e+02  2.404954e+01  2.000000e+00
   endloop
 endfacet
 facet normal  8.931761e-01  4.497071e-01  0.000000e+00
   outer loop
     vertex  1.004422e+02  2.396566e+01  2.000000e+00
     vertex  1.004422e+02  2.396566e+01  0.000000e+00
     vertex  1.004213e+02  2.400732e+01  0.000000e+00
   endloop
 endfacet
 facet normal  8.931761e-01  4.497071e-01  0.000000e+00
   outer loop
     vertex  1.004422e+02  2.396566e+01  2.000000e+00
     vertex  1.004213e+02  2.400732e+01  0.000000e+00
     vertex  1.004213e+02  2.400732e+01  2.000000e+00
   endloop
 endfacet
 facet normal  8.805026e-01  4.740412e-01  0.000000e+00
   outer loop
     vertex  1.004643e+02  2.392459e+01  2.000000e+00
     vertex  1.004643e+02  2.392459e+01  0.000000e+00
     vertex  1.004422e+02  2.396566e+01  0.000000e+00
   endloop
 endfacet
 facet normal  8.671664e-01  4.980186e-01  0.000000e+00
   outer loop
     vertex  1.004643e+02  2.392459e+01  2.000000e+00
     vertex  1.004876e+02  2.388414e+01  0.000000e+00
     vertex  1.004643e+02  2.392459e+01  0.000000e+00
   endloop
 endfacet
 facet normal  8.805026e-01  4.740412e-01  0.000000e+00
   outer loop
     vertex  1.004643e+02  2.392459e+01  2.000000e+00
     vertex  1.004422e+02  2.396566e+01  0.000000e+00
     vertex  1.004422e+02  2.396566e+01  2.000000e+00
   endloop
 endfacet
 facet normal  8.531773e-01  5.216210e-01  0.000000e+00
   outer loop
     vertex  1.004876e+02  2.388414e+01  2.000000e+00
     vertex  1.005119e+02  2.384435e+01  0.000000e+00
     vertex  1.004876e+02  2.388414e+01  0.000000e+00
   endloop
 endfacet
 facet normal  8.671664e-01  4.980186e-01  0.000000e+00
   outer loop
     vertex  1.004876e+02  2.388414e+01  2.000000e+00
     vertex  1.004876e+02  2.388414e+01  0.000000e+00
     vertex  1.004643e+02  2.392459e+01  2.000000e+00
   endloop
 endfacet
 facet normal  8.531773e-01  5.216210e-01  0.000000e+00
   outer loop
     vertex  1.005119e+02  2.384435e+01  2.000000e+00
     vertex  1.005119e+02  2.384435e+01  0.000000e+00
     vertex  1.004876e+02  2.388414e+01  2.000000e+00
   endloop
 endfacet
 facet normal  8.385460e-01  5.448308e-01  0.000000e+00
   outer loop
     vertex  1.005373e+02  2.380524e+01  2.000000e+00
     vertex  1.005119e+02  2.384435e+01  0.000000e+00
     vertex  1.005119e+02  2.384435e+01  2.000000e+00
   endloop
 endfacet
 facet normal  8.385460e-01  5.448308e-01  0.000000e+00
   outer loop
     vertex  1.005373e+02  2.380524e+01  2.000000e+00
     vertex  1.005373e+02  2.380524e+01  0.000000e+00
     vertex  1.005119e+02  2.384435e+01  0.000000e+00
   endloop
 endfacet
 facet normal  8.232835e-01  5.676304e-01  0.000000e+00
   outer loop
     vertex  1.005373e+02  2.380524e+01  2.000000e+00
     vertex  1.005638e+02  2.376684e+01  0.000000e+00
     vertex  1.005373e+02  2.380524e+01  0.000000e+00
   endloop
 endfacet
 facet normal  8.232835e-01  5.676304e-01  0.000000e+00
   outer loop
     vertex  1.005638e+02  2.376684e+01  2.000000e+00
     vertex  1.005638e+02  2.376684e+01  0.000000e+00
     vertex  1.005373e+02  2.380524e+01  2.000000e+00
   endloop
 endfacet
 facet normal  8.074012e-01  5.900028e-01  0.000000e+00
   outer loop
     vertex  1.005638e+02  2.376684e+01  2.000000e+00
     vertex  1.005913e+02  2.372918e+01  0.000000e+00
     vertex  1.005638e+02  2.376684e+01  0.000000e+00
   endloop
 endfacet
 facet normal  8.074012e-01  5.900028e-01  0.000000e+00
   outer loop
     vertex  1.005913e+02  2.372918e+01  2.000000e+00
     vertex  1.005913e+02  2.372918e+01  0.000000e+00
     vertex  1.005638e+02  2.376684e+01  2.000000e+00
   endloop
 endfacet
 facet normal  7.909112e-01  6.119310e-01  0.000000e+00
   outer loop
     vertex  1.006198e+02  2.369229e+01  2.000000e+00
     vertex  1.005913e+02  2.372918e+01  0.000000e+00
     vertex  1.005913e+02  2.372918e+01  2.000000e+00
   endloop
 endfacet
 facet normal  7.909112e-01  6.119310e-01  0.000000e+00
   outer loop
     vertex  1.006198e+02  2.369229e+01  2.000000e+00
     vertex  1.006198e+02  2.369229e+01  0.000000e+00
     vertex  1.005913e+02  2.372918e+01  0.000000e+00
   endloop
 endfacet
 facet normal  7.738257e-01  6.333986e-01  0.000000e+00
   outer loop
     vertex  1.006198e+02  2.369229e+01  2.000000e+00
     vertex  1.006494e+02  2.365620e+01  0.000000e+00
     vertex  1.006198e+02  2.369229e+01  0.000000e+00
   endloop
 endfacet
 facet normal  7.738257e-01  6.333986e-01  0.000000e+00
   outer loop
     vertex  1.006494e+02  2.365620e+01  2.000000e+00
     vertex  1.006494e+02  2.365620e+01  0.000000e+00
     vertex  1.006198e+02  2.369229e+01  2.000000e+00
   endloop
 endfacet
 facet normal  7.561578e-01  6.543893e-01  0.000000e+00
   outer loop
     vertex  1.006799e+02  2.362093e+01  2.000000e+00
     vertex  1.006494e+02  2.365620e+01  0.000000e+00
     vertex  1.006494e+02  2.365620e+01  2.000000e+00
   endloop
 endfacet
 facet normal  7.561578e-01  6.543893e-01  0.000000e+00
   outer loop
     vertex  1.006799e+02  2.362093e+01  2.000000e+00
     vertex  1.006799e+02  2.362093e+01  0.000000e+00
     vertex  1.006494e+02  2.365620e+01  0.000000e+00
   endloop
 endfacet
 facet normal  7.379206e-01  6.748875e-01  0.000000e+00
   outer loop
     vertex  1.007114e+02  2.358651e+01  2.000000e+00
     vertex  1.006799e+02  2.362093e+01  0.000000e+00
     vertex  1.006799e+02  2.362093e+01  2.000000e+00
   endloop
 endfacet
 facet normal  7.379206e-01  6.748875e-01  0.000000e+00
   outer loop
     vertex  1.007114e+02  2.358651e+01  2.000000e+00
     vertex  1.007114e+02  2.358651e+01  0.000000e+00
     vertex  1.006799e+02  2.362093e+01  0.000000e+00
   endloop
 endfacet
 facet normal  7.191280e-01  6.948776e-01  0.000000e+00
   outer loop
     vertex  1.007438e+02  2.355297e+01  2.000000e+00
     vertex  1.007114e+02  2.358651e+01  0.000000e+00
     vertex  1.007114e+02  2.358651e+01  2.000000e+00
   endloop
 endfacet
 facet normal  7.191280e-01  6.948776e-01  0.000000e+00
   outer loop
     vertex  1.007438e+02  2.355297e+01  2.000000e+00
     vertex  1.007438e+02  2.355297e+01  0.000000e+00
     vertex  1.007114e+02  2.358651e+01  0.000000e+00
   endloop
 endfacet
 facet normal  6.997940e-01  7.143447e-01  0.000000e+00
   outer loop
     vertex  1.007771e+02  2.352033e+01  2.000000e+00
     vertex  1.007438e+02  2.355297e+01  0.000000e+00
     vertex  1.007438e+02  2.355297e+01  2.000000e+00
   endloop
 endfacet
 facet normal  6.997940e-01  7.143447e-01  0.000000e+00
   outer loop
     vertex  1.007771e+02  2.352033e+01  2.000000e+00
     vertex  1.007771e+02  2.352033e+01  0.000000e+00
     vertex  1.007438e+02  2.355297e+01  0.000000e+00
   endloop
 endfacet
 facet normal  6.799333e-01  7.332740e-01  0.000000e+00
   outer loop
     vertex  1.008113e+02  2.348861e+01  2.000000e+00
     vertex  1.007771e+02  2.352033e+01  0.000000e+00
     vertex  1.007771e+02  2.352033e+01  2.000000e+00
   endloop
 endfacet
 facet normal  6.799333e-01  7.332740e-01  0.000000e+00
   outer loop
     vertex  1.008113e+02  2.348861e+01  2.000000e+00
     vertex  1.008113e+02  2.348861e+01  0.000000e+00
     vertex  1.007771e+02  2.352033e+01  0.000000e+00
   endloop
 endfacet
 facet normal  6.595607e-01  7.516513e-01  0.000000e+00
   outer loop
     vertex  1.008464e+02  2.345785e+01  2.000000e+00
     vertex  1.008113e+02  2.348861e+01  0.000000e+00
     vertex  1.008113e+02  2.348861e+01  2.000000e+00
   endloop
 endfacet
 facet normal  6.595607e-01  7.516513e-01  0.000000e+00
   outer loop
     vertex  1.008464e+02  2.345785e+01  2.000000e+00
     vertex  1.008464e+02  2.345785e+01  0.000000e+00
     vertex  1.008113e+02  2.348861e+01  0.000000e+00
   endloop
 endfacet
 facet normal  6.386916e-01  7.694628e-01  0.000000e+00
   outer loop
     vertex  1.008823e+02  2.342806e+01  2.000000e+00
     vertex  1.008464e+02  2.345785e+01  0.000000e+00
     vertex  1.008464e+02  2.345785e+01  2.000000e+00
   endloop
 endfacet
 facet normal  6.386916e-01  7.694628e-01  0.000000e+00
   outer loop
     vertex  1.008823e+02  2.342806e+01  2.000000e+00
     vertex  1.008823e+02  2.342806e+01  0.000000e+00
     vertex  1.008464e+02  2.345785e+01  0.000000e+00
   endloop
 endfacet
 facet normal  6.173417e-01  7.866951e-01  0.000000e+00
   outer loop
     vertex  1.009190e+02  2.339927e+01  2.000000e+00
     vertex  1.008823e+02  2.342806e+01  0.000000e+00
     vertex  1.008823e+02  2.342806e+01  2.000000e+00
   endloop
 endfacet
 facet normal  6.173417e-01  7.866951e-01  0.000000e+00
   outer loop
     vertex  1.009190e+02  2.339927e+01  2.000000e+00
     vertex  1.009190e+02  2.339927e+01  0.000000e+00
     vertex  1.008823e+02  2.342806e+01  0.000000e+00
   endloop
 endfacet
 facet normal  5.955271e-01  8.033352e-01  0.000000e+00
   outer loop
     vertex  1.009190e+02  2.339927e+01  2.000000e+00
     vertex  1.009564e+02  2.337149e+01  0.000000e+00
     vertex  1.009190e+02  2.339927e+01  0.000000e+00
   endloop
 endfacet
 facet normal  5.955271e-01  8.033352e-01  0.000000e+00
   outer loop
     vertex  1.009564e+02  2.337149e+01  2.000000e+00
     vertex  1.009564e+02  2.337149e+01  0.000000e+00
     vertex  1.009190e+02  2.339927e+01  2.000000e+00
   endloop
 endfacet
 facet normal  5.732642e-01  8.193706e-01  0.000000e+00
   outer loop
     vertex  1.009947e+02  2.334475e+01  2.000000e+00
     vertex  1.009564e+02  2.337149e+01  0.000000e+00
     vertex  1.009564e+02  2.337149e+01  2.000000e+00
   endloop
 endfacet
 facet normal  5.732642e-01  8.193706e-01  0.000000e+00
   outer loop
     vertex  1.009947e+02  2.334475e+01  2.000000e+00
     vertex  1.009947e+02  2.334475e+01  0.000000e+00
     vertex  1.009564e+02  2.337149e+01  0.000000e+00
   endloop
 endfacet
 facet normal  5.505698e-01  8.347891e-01  0.000000e+00
   outer loop
     vertex  1.010336e+02  2.331907e+01  2.000000e+00
     vertex  1.009947e+02  2.334475e+01  0.000000e+00
     vertex  1.009947e+02  2.334475e+01  2.000000e+00
   endloop
 endfacet
 facet normal  5.505698e-01  8.347891e-01  0.000000e+00
   outer loop
     vertex  1.010336e+02  2.331907e+01  2.000000e+00
     vertex  1.010336e+02  2.331907e+01  0.000000e+00
     vertex  1.009947e+02  2.334475e+01  0.000000e+00
   endloop
 endfacet
 facet normal  5.274609e-01  8.495793e-01  0.000000e+00
   outer loop
     vertex  1.010336e+02  2.331907e+01  2.000000e+00
     vertex  1.010732e+02  2.329447e+01  0.000000e+00
     vertex  1.010336e+02  2.331907e+01  0.000000e+00
   endloop
 endfacet
 facet normal  5.274609e-01  8.495793e-01  0.000000e+00
   outer loop
     vertex  1.010732e+02  2.329447e+01  2.000000e+00
     vertex  1.010732e+02  2.329447e+01  0.000000e+00
     vertex  1.010336e+02  2.331907e+01  2.000000e+00
   endloop
 endfacet
 facet normal  5.039550e-01  8.637299e-01  0.000000e+00
   outer loop
     vertex  1.011135e+02  2.327096e+01  2.000000e+00
     vertex  1.010732e+02  2.329447e+01  0.000000e+00
     vertex  1.010732e+02  2.329447e+01  2.000000e+00
   endloop
 endfacet
 facet normal  5.039550e-01  8.637299e-01  0.000000e+00
   outer loop
     vertex  1.011135e+02  2.327096e+01  2.000000e+00
     vertex  1.011135e+02  2.327096e+01  0.000000e+00
     vertex  1.010732e+02  2.329447e+01  0.000000e+00
   endloop
 endfacet
 facet normal  4.800697e-01  8.772303e-01  0.000000e+00
   outer loop
     vertex  1.011544e+02  2.324857e+01  2.000000e+00
     vertex  1.011135e+02  2.327096e+01  0.000000e+00
     vertex  1.011135e+02  2.327096e+01  2.000000e+00
   endloop
 endfacet
 facet normal  4.800697e-01  8.772303e-01  0.000000e+00
   outer loop
     vertex  1.011544e+02  2.324857e+01  2.000000e+00
     vertex  1.011544e+02  2.324857e+01  0.000000e+00
     vertex  1.011135e+02  2.327096e+01  0.000000e+00
   endloop
 endfacet
 facet normal  4.558231e-01  8.900704e-01  0.000000e+00
   outer loop
     vertex  1.011959e+02  2.322731e+01  2.000000e+00
     vertex  1.011544e+02  2.324857e+01  0.000000e+00
     vertex  1.011544e+02  2.324857e+01  2.000000e+00
   endloop
 endfacet
 facet normal  4.558231e-01  8.900704e-01  0.000000e+00
   outer loop
     vertex  1.011959e+02  2.322731e+01  2.000000e+00
     vertex  1.011959e+02  2.322731e+01  0.000000e+00
     vertex  1.011544e+02  2.324857e+01  0.000000e+00
   endloop
 endfacet
 facet normal  4.312333e-01  9.022405e-01  0.000000e+00
   outer loop
     vertex  1.012380e+02  2.320720e+01  2.000000e+00
     vertex  1.011959e+02  2.322731e+01  0.000000e+00
     vertex  1.011959e+02  2.322731e+01  2.000000e+00
   endloop
 endfacet
 facet normal  4.312333e-01  9.022405e-01  0.000000e+00
   outer loop
     vertex  1.012380e+02  2.320720e+01  2.000000e+00
     vertex  1.012380e+02  2.320720e+01  0.000000e+00
     vertex  1.011959e+02  2.322731e+01  0.000000e+00
   endloop
 endfacet
 facet normal  4.063188e-01  9.137314e-01  0.000000e+00
   outer loop
     vertex  1.012806e+02  2.318825e+01  2.000000e+00
     vertex  1.012380e+02  2.320720e+01  0.000000e+00
     vertex  1.012380e+02  2.320720e+01  2.000000e+00
   endloop
 endfacet
 facet normal  4.063188e-01  9.137314e-01  0.000000e+00
   outer loop
     vertex  1.012806e+02  2.318825e+01  2.000000e+00
     vertex  1.012806e+02  2.318825e+01  0.000000e+00
     vertex  1.012380e+02  2.320720e+01  0.000000e+00
   endloop
 endfacet
 facet normal  3.810986e-01  9.245344e-01  0.000000e+00
   outer loop
     vertex  1.012806e+02  2.318825e+01  2.000000e+00
     vertex  1.013238e+02  2.317047e+01  0.000000e+00
     vertex  1.012806e+02  2.318825e+01  0.000000e+00
   endloop
 endfacet
 facet normal  3.810986e-01  9.245344e-01  0.000000e+00
   outer loop
     vertex  1.013238e+02  2.317047e+01  2.000000e+00
     vertex  1.013238e+02  2.317047e+01  0.000000e+00
     vertex  1.012806e+02  2.318825e+01  2.000000e+00
   endloop
 endfacet
 facet normal  3.555914e-01  9.346415e-01  0.000000e+00
   outer loop
     vertex  1.013673e+02  2.315389e+01  2.000000e+00
     vertex  1.013673e+02  2.315389e+01  0.000000e+00
     vertex  1.013238e+02  2.317047e+01  0.000000e+00
   endloop
 endfacet
 facet normal  3.555914e-01  9.346415e-01  0.000000e+00
   outer loop
     vertex  1.013673e+02  2.315389e+01  2.000000e+00
     vertex  1.013238e+02  2.317047e+01  0.000000e+00
     vertex  1.013238e+02  2.317047e+01  2.000000e+00
   endloop
 endfacet
 facet normal  3.298166e-01  9.440450e-01  0.000000e+00
   outer loop
     vertex  1.014114e+02  2.313850e+01  2.000000e+00
     vertex  1.014114e+02  2.313850e+01  0.000000e+00
     vertex  1.013673e+02  2.315389e+01  0.000000e+00
   endloop
 endfacet
 facet normal  3.298166e-01  9.440450e-01  0.000000e+00
   outer loop
     vertex  1.014114e+02  2.313850e+01  2.000000e+00
     vertex  1.013673e+02  2.315389e+01  0.000000e+00
     vertex  1.013673e+02  2.315389e+01  2.000000e+00
   endloop
 endfacet
 facet normal  3.037934e-01  9.527379e-01  0.000000e+00
   outer loop
     vertex  1.014558e+02  2.312433e+01  2.000000e+00
     vertex  1.014558e+02  2.312433e+01  0.000000e+00
     vertex  1.014114e+02  2.313850e+01  0.000000e+00
   endloop
 endfacet
 facet normal  3.037934e-01  9.527379e-01  0.000000e+00
   outer loop
     vertex  1.014558e+02  2.312433e+01  2.000000e+00
     vertex  1.014114e+02  2.313850e+01  0.000000e+00
     vertex  1.014114e+02  2.313850e+01  2.000000e+00
   endloop
 endfacet
 facet normal  2.775416e-01  9.607136e-01  0.000000e+00
   outer loop
     vertex  1.015006e+02  2.311139e+01  2.000000e+00
     vertex  1.014558e+02  2.312433e+01  0.000000e+00
     vertex  1.014558e+02  2.312433e+01  2.000000e+00
   endloop
 endfacet
 facet normal  2.775416e-01  9.607136e-01  0.000000e+00
   outer loop
     vertex  1.015006e+02  2.311139e+01  2.000000e+00
     vertex  1.015006e+02  2.311139e+01  0.000000e+00
     vertex  1.014558e+02  2.312433e+01  0.000000e+00
   endloop
 endfacet
 facet normal  2.510809e-01  9.679661e-01  0.000000e+00
   outer loop
     vertex  1.015458e+02  2.309968e+01  2.000000e+00
     vertex  1.015006e+02  2.311139e+01  0.000000e+00
     vertex  1.015006e+02  2.311139e+01  2.000000e+00
   endloop
 endfacet
 facet normal  2.510809e-01  9.679661e-01  0.000000e+00
   outer loop
     vertex  1.015458e+02  2.309968e+01  2.000000e+00
     vertex  1.015458e+02  2.309968e+01  0.000000e+00
     vertex  1.015006e+02  2.311139e+01  0.000000e+00
   endloop
 endfacet
 facet normal  2.244312e-01  9.744899e-01  0.000000e+00
   outer loop
     vertex  1.015458e+02  2.309968e+01  2.000000e+00
     vertex  1.015912e+02  2.308921e+01  0.000000e+00
     vertex  1.015458e+02  2.309968e+01  0.000000e+00
   endloop
 endfacet
 facet normal  2.244312e-01  9.744899e-01  0.000000e+00
   outer loop
     vertex  1.015912e+02  2.308921e+01  2.000000e+00
     vertex  1.015912e+02  2.308921e+01  0.000000e+00
     vertex  1.015458e+02  2.309968e+01  2.000000e+00
   endloop
 endfacet
 facet normal  1.976125e-01  9.802802e-01  0.000000e+00
   outer loop
     vertex  1.016370e+02  2.307999e+01  2.000000e+00
     vertex  1.015912e+02  2.308921e+01  0.000000e+00
     vertex  1.015912e+02  2.308921e+01  2.000000e+00
   endloop
 endfacet
 facet normal  1.976125e-01  9.802802e-01  0.000000e+00
   outer loop
     vertex  1.016370e+02  2.307999e+01  2.000000e+00
     vertex  1.016370e+02  2.307999e+01  0.000000e+00
     vertex  1.015912e+02  2.308921e+01  0.000000e+00
   endloop
 endfacet
 facet normal  1.706451e-01  9.853326e-01  0.000000e+00
   outer loop
     vertex  1.016370e+02  2.307999e+01  2.000000e+00
     vertex  1.016829e+02  2.307203e+01  0.000000e+00
     vertex  1.016370e+02  2.307999e+01  0.000000e+00
   endloop
 endfacet
 facet normal  1.706451e-01  9.853326e-01  0.000000e+00
   outer loop
     vertex  1.016829e+02  2.307203e+01  2.000000e+00
     vertex  1.016829e+02  2.307203e+01  0.000000e+00
     vertex  1.016370e+02  2.307999e+01  2.000000e+00
   endloop
 endfacet
 facet normal  1.435492e-01  9.896432e-01  0.000000e+00
   outer loop
     vertex  1.017291e+02  2.306534e+01  2.000000e+00
     vertex  1.016829e+02  2.307203e+01  0.000000e+00
     vertex  1.016829e+02  2.307203e+01  2.000000e+00
   endloop
 endfacet
 facet normal  1.435492e-01  9.896432e-01  0.000000e+00
   outer loop
     vertex  1.017291e+02  2.306534e+01  2.000000e+00
     vertex  1.017291e+02  2.306534e+01  0.000000e+00
     vertex  1.016829e+02  2.307203e+01  0.000000e+00
   endloop
 endfacet
 facet normal  1.163452e-01  9.932088e-01  0.000000e+00
   outer loop
     vertex  1.017754e+02  2.305991e+01  2.000000e+00
     vertex  1.017291e+02  2.306534e+01  0.000000e+00
     vertex  1.017291e+02  2.306534e+01  2.000000e+00
   endloop
 endfacet
 facet normal  1.163452e-01  9.932088e-01  0.000000e+00
   outer loop
     vertex  1.017754e+02  2.305991e+01  2.000000e+00
     vertex  1.017754e+02  2.305991e+01  0.000000e+00
     vertex  1.017291e+02  2.306534e+01  0.000000e+00
   endloop
 endfacet
 facet normal  8.905371e-02  9.960268e-01  0.000000e+00
   outer loop
     vertex  1.018219e+02  2.305576e+01  2.000000e+00
     vertex  1.017754e+02  2.305991e+01  0.000000e+00
     vertex  1.017754e+02  2.305991e+01  2.000000e+00
   endloop
 endfacet
 facet normal  8.905371e-02  9.960268e-01  0.000000e+00
   outer loop
     vertex  1.018219e+02  2.305576e+01  2.000000e+00
     vertex  1.018219e+02  2.305576e+01  0.000000e+00
     vertex  1.017754e+02  2.305991e+01  0.000000e+00
   endloop
 endfacet
 facet normal  6.169515e-02  9.980950e-01  0.000000e+00
   outer loop
     vertex  1.018684e+02  2.305288e+01  2.000000e+00
     vertex  1.018219e+02  2.305576e+01  0.000000e+00
     vertex  1.018219e+02  2.305576e+01  2.000000e+00
   endloop
 endfacet
 facet normal  6.169515e-02  9.980950e-01  0.000000e+00
   outer loop
     vertex  1.018684e+02  2.305288e+01  2.000000e+00
     vertex  1.018684e+02  2.305288e+01  0.000000e+00
     vertex  1.018219e+02  2.305576e+01  0.000000e+00
   endloop
 endfacet
 facet normal  3.429014e-02  9.994119e-01  0.000000e+00
   outer loop
     vertex  1.018684e+02  2.305288e+01  2.000000e+00
     vertex  1.019150e+02  2.305128e+01  0.000000e+00
     vertex  1.018684e+02  2.305288e+01  0.000000e+00
   endloop
 endfacet
 facet normal  3.429014e-02  9.994119e-01  0.000000e+00
   outer loop
     vertex  1.019150e+02  2.305128e+01  2.000000e+00
     vertex  1.019150e+02  2.305128e+01  0.000000e+00
     vertex  1.018684e+02  2.305288e+01  2.000000e+00
   endloop
 endfacet
 facet normal  6.859319e-03  9.999765e-01  0.000000e+00
   outer loop
     vertex  1.019617e+02  2.305096e+01  2.000000e+00
     vertex  1.019150e+02  2.305128e+01  0.000000e+00
     vertex  1.019150e+02  2.305128e+01  2.000000e+00
   endloop
 endfacet
 facet normal  6.859319e-03  9.999765e-01  0.000000e+00
   outer loop
     vertex  1.019617e+02  2.305096e+01  2.000000e+00
     vertex  1.019617e+02  2.305096e+01  0.000000e+00
     vertex  1.019150e+02  2.305128e+01  0.000000e+00
   endloop
 endfacet
 facet normal -2.057667e-02  9.997883e-01  0.000000e+00
   outer loop
     vertex  1.020083e+02  2.305192e+01  2.000000e+00
     vertex  1.019617e+02  2.305096e+01  0.000000e+00
     vertex  1.019617e+02  2.305096e+01  2.000000e+00
   endloop
 endfacet
 facet normal -2.057667e-02  9.997883e-01  0.000000e+00
   outer loop
     vertex  1.020083e+02  2.305192e+01  2.000000e+00
     vertex  1.020083e+02  2.305192e+01  0.000000e+00
     vertex  1.019617e+02  2.305096e+01  0.000000e+00
   endloop
 endfacet
 facet normal -4.799716e-02  9.988475e-01  0.000000e+00
   outer loop
     vertex  1.020549e+02  2.305416e+01  2.000000e+00
     vertex  1.020549e+02  2.305416e+01  0.000000e+00
     vertex  1.020083e+02  2.305192e+01  0.000000e+00
   endloop
 endfacet
 facet normal -7.538152e-02  9.971548e-01  0.000000e+00
   outer loop
     vertex  1.020549e+02  2.305416e+01  2.000000e+00
     vertex  1.021014e+02  2.305767e+01  0.000000e+00
     vertex  1.020549e+02  2.305416e+01  0.000000e+00
   endloop
 endfacet
 facet normal -4.799716e-02  9.988475e-01  0.000000e+00
   outer loop
     vertex  1.020549e+02  2.305416e+01  2.000000e+00
     vertex  1.020083e+02  2.305192e+01  0.000000e+00
     vertex  1.020083e+02  2.305192e+01  2.000000e+00
   endloop
 endfacet
 facet normal -7.538152e-02  9.971548e-01  0.000000e+00
   outer loop
     vertex  1.021014e+02  2.305767e+01  2.000000e+00
     vertex  1.021014e+02  2.305767e+01  0.000000e+00
     vertex  1.020549e+02  2.305416e+01  2.000000e+00
   endloop
 endfacet
 facet normal -1.027091e-01  9.947114e-01  0.000000e+00
   outer loop
     vertex  1.021478e+02  2.306246e+01  2.000000e+00
     vertex  1.021478e+02  2.306246e+01  0.000000e+00
     vertex  1.021014e+02  2.305767e+01  0.000000e+00
   endloop
 endfacet
 facet normal -1.027091e-01  9.947114e-01  0.000000e+00
   outer loop
     vertex  1.021478e+02  2.306246e+01  2.000000e+00
     vertex  1.021014e+02  2.305767e+01  0.000000e+00
     vertex  1.021014e+02  2.305767e+01  2.000000e+00
   endloop
 endfacet
 facet normal -1.299594e-01  9.915193e-01  0.000000e+00
   outer loop
     vertex  1.021940e+02  2.306853e+01  2.000000e+00
     vertex  1.021940e+02  2.306853e+01  0.000000e+00
     vertex  1.021478e+02  2.306246e+01  0.000000e+00
   endloop
 endfacet
 facet normal -1.571119e-01  9.875808e-01  0.000000e+00
   outer loop
     vertex  1.021940e+02  2.306853e+01  2.000000e+00
     vertex  1.022401e+02  2.307585e+01  0.000000e+00
     vertex  1.021940e+02  2.306853e+01  0.000000e+00
   endloop
 endfacet
 facet normal -1.299594e-01  9.915193e-01  0.000000e+00
   outer loop
     vertex  1.021940e+02  2.306853e+01  2.000000e+00
     vertex  1.021478e+02  2.306246e+01  0.000000e+00
     vertex  1.021478e+02  2.306246e+01  2.000000e+00
   endloop
 endfacet
 facet normal -1.841461e-01  9.828989e-01  0.000000e+00
   outer loop
     vertex  1.022401e+02  2.307585e+01  2.000000e+00
     vertex  1.022859e+02  2.308444e+01  0.000000e+00
     vertex  1.022401e+02  2.307585e+01  0.000000e+00
   endloop
 endfacet
 facet normal -1.571119e-01  9.875808e-01  0.000000e+00
   outer loop
     vertex  1.022401e+02  2.307585e+01  2.000000e+00
     vertex  1.022401e+02  2.307585e+01  0.000000e+00
     vertex  1.021940e+02  2.306853e+01  2.000000e+00
   endloop
 endfacet
 facet normal -1.841461e-01  9.828989e-01  0.000000e+00
   outer loop
     vertex  1.022859e+02  2.308444e+01  2.000000e+00
     vertex  1.022859e+02  2.308444e+01  0.000000e+00
     vertex  1.022401e+02  2.307585e+01  2.000000e+00
   endloop
 endfacet
 facet normal -2.110417e-01  9.774771e-01  0.000000e+00
   outer loop
     vertex  1.023315e+02  2.309429e+01  2.000000e+00
     vertex  1.023315e+02  2.309429e+01  0.000000e+00
     vertex  1.022859e+02  2.308444e+01  0.000000e+00
   endloop
 endfacet
 facet normal -2.110417e-01  9.774771e-01  0.000000e+00
   outer loop
     vertex  1.023315e+02  2.309429e+01  2.000000e+00
     vertex  1.022859e+02  2.308444e+01  0.000000e+00
     vertex  1.022859e+02  2.308444e+01  2.000000e+00
   endloop
 endfacet
 facet normal -2.377784e-01  9.713194e-01  0.000000e+00
   outer loop
     vertex  1.023768e+02  2.310538e+01  2.000000e+00
     vertex  1.023768e+02  2.310538e+01  0.000000e+00
     vertex  1.023315e+02  2.309429e+01  0.000000e+00
   endloop
 endfacet
 facet normal -2.643362e-01  9.644306e-01  0.000000e+00
   outer loop
     vertex  1.023768e+02  2.310538e+01  2.000000e+00
     vertex  1.024218e+02  2.311771e+01  0.000000e+00
     vertex  1.023768e+02  2.310538e+01  0.000000e+00
   endloop
 endfacet
 facet normal -2.377784e-01  9.713194e-01  0.000000e+00
   outer loop
     vertex  1.023768e+02  2.310538e+01  2.000000e+00
     vertex  1.023315e+02  2.309429e+01  0.000000e+00
     vertex  1.023315e+02  2.309429e+01  2.000000e+00
   endloop
 endfacet
 facet normal -2.643362e-01  9.644306e-01  0.000000e+00
   outer loop
     vertex  1.024218e+02  2.311771e+01  2.000000e+00
     vertex  1.024218e+02  2.311771e+01  0.000000e+00
     vertex  1.023768e+02  2.310538e+01  2.000000e+00
   endloop
 endfacet
 facet normal -2.906949e-01  9.568158e-01  0.000000e+00
   outer loop
     vertex  1.024664e+02  2.313127e+01  2.000000e+00
     vertex  1.024664e+02  2.313127e+01  0.000000e+00
     vertex  1.024218e+02  2.311771e+01  0.000000e+00
   endloop
 endfacet
 facet normal -2.906949e-01  9.568158e-01  0.000000e+00
   outer loop
     vertex  1.024664e+02  2.313127e+01  2.000000e+00
     vertex  1.024218e+02  2.311771e+01  0.000000e+00
     vertex  1.024218e+02  2.311771e+01  2.000000e+00
   endloop
 endfacet
 facet normal -3.168348e-01  9.484807e-01  0.000000e+00
   outer loop
     vertex  1.025107e+02  2.314604e+01  2.000000e+00
     vertex  1.025107e+02  2.314604e+01  0.000000e+00
     vertex  1.024664e+02  2.313127e+01  0.000000e+00
   endloop
 endfacet
 facet normal -3.168348e-01  9.484807e-01  0.000000e+00
   outer loop
     vertex  1.025107e+02  2.314604e+01  2.000000e+00
     vertex  1.024664e+02  2.313127e+01  0.000000e+00
     vertex  1.024664e+02  2.313127e+01  2.000000e+00
   endloop
 endfacet
 facet normal -3.427362e-01  9.394317e-01  0.000000e+00
   outer loop
     vertex  1.025545e+02  2.316203e+01  2.000000e+00
     vertex  1.025545e+02  2.316203e+01  0.000000e+00
     vertex  1.025107e+02  2.314604e+01  0.000000e+00
   endloop
 endfacet
 facet normal -3.427362e-01  9.394317e-01  0.000000e+00
   outer loop
     vertex  1.025545e+02  2.316203e+01  2.000000e+00
     vertex  1.025107e+02  2.314604e+01  0.000000e+00
     vertex  1.025107e+02  2.314604e+01  2.000000e+00
   endloop
 endfacet
 facet normal -3.683796e-01  9.296754e-01  0.000000e+00
   outer loop
     vertex  1.025979e+02  2.317921e+01  2.000000e+00
     vertex  1.025979e+02  2.317921e+01  0.000000e+00
     vertex  1.025545e+02  2.316203e+01  0.000000e+00
   endloop
 endfacet
 facet normal -3.937458e-01  9.192194e-01  0.000000e+00
   outer loop
     vertex  1.025979e+02  2.317921e+01  2.000000e+00
     vertex  1.026407e+02  2.319758e+01  0.000000e+00
     vertex  1.025979e+02  2.317921e+01  0.000000e+00
   endloop
 endfacet
 facet normal -3.683796e-01  9.296754e-01  0.000000e+00
   outer loop
     vertex  1.025979e+02  2.317921e+01  2.000000e+00
     vertex  1.025545e+02  2.316203e+01  0.000000e+00
     vertex  1.025545e+02  2.316203e+01  2.000000e+00
   endloop
 endfacet
 facet normal -3.937458e-01  9.192194e-01  0.000000e+00
   outer loop
     vertex  1.026407e+02  2.319758e+01  2.000000e+00
     vertex  1.026407e+02  2.319758e+01  0.000000e+00
     vertex  1.025979e+02  2.317921e+01  2.000000e+00
   endloop
 endfacet
 facet normal -4.188155e-01  9.080714e-01  0.000000e+00
   outer loop
     vertex  1.026831e+02  2.321711e+01  2.000000e+00
     vertex  1.026831e+02  2.321711e+01  0.000000e+00
     vertex  1.026407e+02  2.319758e+01  0.000000e+00
   endloop
 endfacet
 facet normal -4.188155e-01  9.080714e-01  0.000000e+00
   outer loop
     vertex  1.026831e+02  2.321711e+01  2.000000e+00
     vertex  1.026407e+02  2.319758e+01  0.000000e+00
     vertex  1.026407e+02  2.319758e+01  2.000000e+00
   endloop
 endfacet
 facet normal -4.435699e-01  8.962398e-01  0.000000e+00
   outer loop
     vertex  1.027249e+02  2.323780e+01  2.000000e+00
     vertex  1.026831e+02  2.321711e+01  0.000000e+00
     vertex  1.026831e+02  2.321711e+01  2.000000e+00
   endloop
 endfacet
 facet normal -4.435699e-01  8.962398e-01  0.000000e+00
   outer loop
     vertex  1.027249e+02  2.323780e+01  2.000000e+00
     vertex  1.027249e+02  2.323780e+01  0.000000e+00
     vertex  1.026831e+02  2.321711e+01  0.000000e+00
   endloop
 endfacet
 facet normal -4.679904e-01  8.837335e-01  0.000000e+00
   outer loop
     vertex  1.027661e+02  2.325963e+01  2.000000e+00
     vertex  1.027249e+02  2.323780e+01  0.000000e+00
     vertex  1.027249e+02  2.323780e+01  2.000000e+00
   endloop
 endfacet
 facet normal -4.679904e-01  8.837335e-01  0.000000e+00
   outer loop
     vertex  1.027661e+02  2.325963e+01  2.000000e+00
     vertex  1.027661e+02  2.325963e+01  0.000000e+00
     vertex  1.027249e+02  2.323780e+01  0.000000e+00
   endloop
 endfacet
 facet normal -4.920587e-01  8.705620e-01  0.000000e+00
   outer loop
     vertex  1.028067e+02  2.328258e+01  2.000000e+00
     vertex  1.027661e+02  2.325963e+01  0.000000e+00
     vertex  1.027661e+02  2.325963e+01  2.000000e+00
   endloop
 endfacet
 facet normal -4.920587e-01  8.705620e-01  0.000000e+00
   outer loop
     vertex  1.028067e+02  2.328258e+01  2.000000e+00
     vertex  1.028067e+02  2.328258e+01  0.000000e+00
     vertex  1.027661e+02  2.325963e+01  0.000000e+00
   endloop
 endfacet
 facet normal -5.157565e-01  8.567352e-01  0.000000e+00
   outer loop
     vertex  1.028467e+02  2.330664e+01  2.000000e+00
     vertex  1.028467e+02  2.330664e+01  0.000000e+00
     vertex  1.028067e+02  2.328258e+01  0.000000e+00
   endloop
 endfacet
 facet normal -5.157565e-01  8.567352e-01  0.000000e+00
   outer loop
     vertex  1.028467e+02  2.330664e+01  2.000000e+00
     vertex  1.028067e+02  2.328258e+01  0.000000e+00
     vertex  1.028067e+02  2.328258e+01  2.000000e+00
   endloop
 endfacet
 facet normal -5.390661e-01  8.422635e-01  0.000000e+00
   outer loop
     vertex  1.028860e+02  2.333178e+01  2.000000e+00
     vertex  1.028860e+02  2.333178e+01  0.000000e+00
     vertex  1.028467e+02  2.330664e+01  0.000000e+00
   endloop
 endfacet
 facet normal -5.390661e-01  8.422635e-01  0.000000e+00
   outer loop
     vertex  1.028860e+02  2.333178e+01  2.000000e+00
     vertex  1.028467e+02  2.330664e+01  0.000000e+00
     vertex  1.028467e+02  2.330664e+01  2.000000e+00
   endloop
 endfacet
 facet normal -5.619699e-01  8.271577e-01  0.000000e+00
   outer loop
     vertex  1.029245e+02  2.335799e+01  2.000000e+00
     vertex  1.029245e+02  2.335799e+01  0.000000e+00
     vertex  1.028860e+02  2.333178e+01  0.000000e+00
   endloop
 endfacet
 facet normal -5.844507e-01  8.114292e-01  0.000000e+00
   outer loop
     vertex  1.029245e+02  2.335799e+01  2.000000e+00
     vertex  1.029624e+02  2.338525e+01  0.000000e+00
     vertex  1.029245e+02  2.335799e+01  0.000000e+00
   endloop
 endfacet
 facet normal -5.619699e-01  8.271577e-01  0.000000e+00
   outer loop
     vertex  1.029245e+02  2.335799e+01  2.000000e+00
     vertex  1.028860e+02  2.333178e+01  0.000000e+00
     vertex  1.028860e+02  2.333178e+01  2.000000e+00
   endloop
 endfacet
 facet normal -5.844507e-01  8.114292e-01  0.000000e+00
   outer loop
     vertex  1.029624e+02  2.338525e+01  2.000000e+00
     vertex  1.029624e+02  2.338525e+01  0.000000e+00
     vertex  1.029245e+02  2.335799e+01  2.000000e+00
   endloop
 endfacet
 facet normal -6.064915e-01  7.950900e-01  0.000000e+00
   outer loop
     vertex  1.029995e+02  2.341354e+01  2.000000e+00
     vertex  1.029995e+02  2.341354e+01  0.000000e+00
     vertex  1.029624e+02  2.338525e+01  0.000000e+00
   endloop
 endfacet
 facet normal -6.064915e-01  7.950900e-01  0.000000e+00
   outer loop
     vertex  1.029995e+02  2.341354e+01  2.000000e+00
     vertex  1.029624e+02  2.338525e+01  0.000000e+00
     vertex  1.029624e+02  2.338525e+01  2.000000e+00
   endloop
 endfacet
 facet normal -6.280757e-01  7.781522e-01  0.000000e+00
   outer loop
     vertex  1.030358e+02  2.344283e+01  2.000000e+00
     vertex  1.030358e+02  2.344283e+01  0.000000e+00
     vertex  1.029995e+02  2.341354e+01  0.000000e+00
   endloop
 endfacet
 facet normal -6.280757e-01  7.781522e-01  0.000000e+00
   outer loop
     vertex  1.030358e+02  2.344283e+01  2.000000e+00
     vertex  1.029995e+02  2.341354e+01  0.000000e+00
     vertex  1.029995e+02  2.341354e+01  2.000000e+00
   endloop
 endfacet
 facet normal -6.491872e-01  7.606287e-01  0.000000e+00
   outer loop
     vertex  1.030713e+02  2.347311e+01  2.000000e+00
     vertex  1.030713e+02  2.347311e+01  0.000000e+00
     vertex  1.030358e+02  2.344283e+01  0.000000e+00
   endloop
 endfacet
 facet normal -6.491872e-01  7.606287e-01  0.000000e+00
   outer loop
     vertex  1.030713e+02  2.347311e+01  2.000000e+00
     vertex  1.030358e+02  2.344283e+01  0.000000e+00
     vertex  1.030358e+02  2.344283e+01  2.000000e+00
   endloop
 endfacet
 facet normal -6.698100e-01  7.425325e-01  0.000000e+00
   outer loop
     vertex  1.031059e+02  2.350435e+01  2.000000e+00
     vertex  1.031059e+02  2.350435e+01  0.000000e+00
     vertex  1.030713e+02  2.347311e+01  0.000000e+00
   endloop
 endfacet
 facet normal -6.899286e-01  7.238775e-01  0.000000e+00
   outer loop
     vertex  1.031059e+02  2.350435e+01  2.000000e+00
     vertex  1.031396e+02  2.353653e+01  0.000000e+00
     vertex  1.031059e+02  2.350435e+01  0.000000e+00
   endloop
 endfacet
 facet normal -6.698100e-01  7.425325e-01  0.000000e+00
   outer loop
     vertex  1.031059e+02  2.350435e+01  2.000000e+00
     vertex  1.030713e+02  2.347311e+01  0.000000e+00
     vertex  1.030713e+02  2.347311e+01  2.000000e+00
   endloop
 endfacet
 facet normal -6.899286e-01  7.238775e-01  0.000000e+00
   outer loop
     vertex  1.031396e+02  2.353653e+01  2.000000e+00
     vertex  1.031396e+02  2.353653e+01  0.000000e+00
     vertex  1.031059e+02  2.350435e+01  2.000000e+00
   endloop
 endfacet
 facet normal -7.095278e-01  7.046775e-01  0.000000e+00
   outer loop
     vertex  1.031725e+02  2.356963e+01  2.000000e+00
     vertex  1.031725e+02  2.356963e+01  0.000000e+00
     vertex  1.031396e+02  2.353653e+01  0.000000e+00
   endloop
 endfacet
 facet normal -7.095278e-01  7.046775e-01  0.000000e+00
   outer loop
     vertex  1.031725e+02  2.356963e+01  2.000000e+00
     vertex  1.031396e+02  2.353653e+01  0.000000e+00
     vertex  1.031396e+02  2.353653e+01  2.000000e+00
   endloop
 endfacet
 facet normal -7.285929e-01  6.849470e-01  0.000000e+00
   outer loop
     vertex  1.032045e+02  2.360361e+01  2.000000e+00
     vertex  1.032045e+02  2.360361e+01  0.000000e+00
     vertex  1.031725e+02  2.356963e+01  0.000000e+00
   endloop
 endfacet
 facet normal -7.471095e-01  6.647010e-01  0.000000e+00
   outer loop
     vertex  1.032045e+02  2.360361e+01  2.000000e+00
     vertex  1.032355e+02  2.363846e+01  0.000000e+00
     vertex  1.032045e+02  2.360361e+01  0.000000e+00
   endloop
 endfacet
 facet normal -7.285929e-01  6.849470e-01  0.000000e+00
   outer loop
     vertex  1.032045e+02  2.360361e+01  2.000000e+00
     vertex  1.031725e+02  2.356963e+01  0.000000e+00
     vertex  1.031725e+02  2.356963e+01  2.000000e+00
   endloop
 endfacet
 facet normal -7.471095e-01  6.647010e-01  0.000000e+00
   outer loop
     vertex  1.032355e+02  2.363846e+01  2.000000e+00
     vertex  1.032355e+02  2.363846e+01  0.000000e+00
     vertex  1.032045e+02  2.360361e+01  2.000000e+00
   endloop
 endfacet
 facet normal -7.650637e-01  6.439545e-01  0.000000e+00
   outer loop
     vertex  1.032655e+02  2.367414e+01  2.000000e+00
     vertex  1.032655e+02  2.367414e+01  0.000000e+00
     vertex  1.032355e+02  2.363846e+01  0.000000e+00
   endloop
 endfacet
 facet normal -7.650637e-01  6.439545e-01  0.000000e+00
   outer loop
     vertex  1.032655e+02  2.367414e+01  2.000000e+00
     vertex  1.032355e+02  2.363846e+01  0.000000e+00
     vertex  1.032355e+02  2.363846e+01  2.000000e+00
   endloop
 endfacet
 facet normal -7.824421e-01  6.227234e-01  0.000000e+00
   outer loop
     vertex  1.032945e+02  2.371064e+01  2.000000e+00
     vertex  1.032945e+02  2.371064e+01  0.000000e+00
     vertex  1.032655e+02  2.367414e+01  0.000000e+00
   endloop
 endfacet
 facet normal -7.824421e-01  6.227234e-01  0.000000e+00
   outer loop
     vertex  1.032945e+02  2.371064e+01  2.000000e+00
     vertex  1.032655e+02  2.367414e+01  0.000000e+00
     vertex  1.032655e+02  2.367414e+01  2.000000e+00
   endloop
 endfacet
 facet normal -7.992314e-01  6.010234e-01  0.000000e+00
   outer loop
     vertex  1.033226e+02  2.374792e+01  2.000000e+00
     vertex  1.033226e+02  2.374792e+01  0.000000e+00
     vertex  1.032945e+02  2.371064e+01  0.000000e+00
   endloop
 endfacet
 facet normal -7.992314e-01  6.010234e-01  0.000000e+00
   outer loop
     vertex  1.033226e+02  2.374792e+01  2.000000e+00
     vertex  1.032945e+02  2.371064e+01  0.000000e+00
     vertex  1.032945e+02  2.371064e+01  2.000000e+00
   endloop
 endfacet
 facet normal -8.154191e-01  5.788711e-01  0.000000e+00
   outer loop
     vertex  1.033496e+02  2.378595e+01  2.000000e+00
     vertex  1.033496e+02  2.378595e+01  0.000000e+00
     vertex  1.033226e+02  2.374792e+01  0.000000e+00
   endloop
 endfacet
 facet normal -8.154191e-01  5.788711e-01  0.000000e+00
   outer loop
     vertex  1.033496e+02  2.378595e+01  2.000000e+00
     vertex  1.033226e+02  2.374792e+01  0.000000e+00
     vertex  1.033226e+02  2.374792e+01  2.000000e+00
   endloop
 endfacet
 facet normal -8.309929e-01  5.562829e-01  0.000000e+00
   outer loop
     vertex  1.033755e+02  2.382471e+01  2.000000e+00
     vertex  1.033755e+02  2.382471e+01  0.000000e+00
     vertex  1.033496e+02  2.378595e+01  0.000000e+00
   endloop
 endfacet
 facet normal -8.309929e-01  5.562829e-01  0.000000e+00
   outer loop
     vertex  1.033755e+02  2.382471e+01  2.000000e+00
     vertex  1.033496e+02  2.378595e+01  0.000000e+00
     vertex  1.033496e+02  2.378595e+01  2.000000e+00
   endloop
 endfacet
 facet normal -8.459413e-01  5.332761e-01  0.000000e+00
   outer loop
     vertex  1.034004e+02  2.386416e+01  2.000000e+00
     vertex  1.034004e+02  2.386416e+01  0.000000e+00
     vertex  1.033755e+02  2.382471e+01  0.000000e+00
   endloop
 endfacet
 facet normal -8.459413e-01  5.332761e-01  0.000000e+00
   outer loop
     vertex  1.034004e+02  2.386416e+01  2.000000e+00
     vertex  1.033755e+02  2.382471e+01  0.000000e+00
     vertex  1.033755e+02  2.382471e+01  2.000000e+00
   endloop
 endfacet
 facet normal -8.602528e-01  5.098678e-01  0.000000e+00
   outer loop
     vertex  1.034242e+02  2.390429e+01  2.000000e+00
     vertex  1.034242e+02  2.390429e+01  0.000000e+00
     vertex  1.034004e+02  2.386416e+01  0.000000e+00
   endloop
 endfacet
 facet normal -8.602528e-01  5.098678e-01  0.000000e+00
   outer loop
     vertex  1.034242e+02  2.390429e+01  2.000000e+00
     vertex  1.034004e+02  2.386416e+01  0.000000e+00
     vertex  1.034004e+02  2.386416e+01  2.000000e+00
   endloop
 endfacet
 facet normal -8.739167e-01  4.860756e-01  0.000000e+00
   outer loop
     vertex  1.034469e+02  2.394505e+01  2.000000e+00
     vertex  1.034469e+02  2.394505e+01  0.000000e+00
     vertex  1.034242e+02  2.390429e+01  0.000000e+00
   endloop
 endfacet
 facet normal -8.739167e-01  4.860756e-01  0.000000e+00
   outer loop
     vertex  1.034469e+02  2.394505e+01  2.000000e+00
     vertex  1.034242e+02  2.390429e+01  0.000000e+00
     vertex  1.034242e+02  2.390429e+01  2.000000e+00
   endloop
 endfacet
 facet normal -8.869228e-01  4.619176e-01  0.000000e+00
   outer loop
     vertex  1.034684e+02  2.398642e+01  2.000000e+00
     vertex  1.034469e+02  2.394505e+01  0.000000e+00
     vertex  1.034469e+02  2.394505e+01  2.000000e+00
   endloop
 endfacet
 facet normal -8.869228e-01  4.619176e-01  0.000000e+00
   outer loop
     vertex  1.034684e+02  2.398642e+01  2.000000e+00
     vertex  1.034684e+02  2.398642e+01  0.000000e+00
     vertex  1.034469e+02  2.394505e+01  0.000000e+00
   endloop
 endfacet
 facet normal -8.992613e-01  4.374119e-01  0.000000e+00
   outer loop
     vertex  1.034684e+02  2.398642e+01  2.000000e+00
     vertex  1.034888e+02  2.402836e+01  0.000000e+00
     vertex  1.034684e+02  2.398642e+01  0.000000e+00
   endloop
 endfacet
 facet normal -8.992613e-01  4.374119e-01  0.000000e+00
   outer loop
     vertex  1.034888e+02  2.402836e+01  2.000000e+00
     vertex  1.034888e+02  2.402836e+01  0.000000e+00
     vertex  1.034684e+02  2.398642e+01  2.000000e+00
   endloop
 endfacet
 facet normal -9.109228e-01  4.125769e-01  0.000000e+00
   outer loop
     vertex  1.035080e+02  2.407085e+01  2.000000e+00
     vertex  1.034888e+02  2.402836e+01  0.000000e+00
     vertex  1.034888e+02  2.402836e+01  2.000000e+00
   endloop
 endfacet
 facet normal -9.109228e-01  4.125769e-01  0.000000e+00
   outer loop
     vertex  1.035080e+02  2.407085e+01  2.000000e+00
     vertex  1.035080e+02  2.407085e+01  0.000000e+00
     vertex  1.034888e+02  2.402836e+01  0.000000e+00
   endloop
 endfacet
 facet normal -9.218986e-01  3.874313e-01  0.000000e+00
   outer loop
     vertex  1.035261e+02  2.411385e+01  2.000000e+00
     vertex  1.035080e+02  2.407085e+01  0.000000e+00
     vertex  1.035080e+02  2.407085e+01  2.000000e+00
   endloop
 endfacet
 facet normal -9.218986e-01  3.874313e-01  0.000000e+00
   outer loop
     vertex  1.035261e+02  2.411385e+01  2.000000e+00
     vertex  1.035261e+02  2.411385e+01  0.000000e+00
     vertex  1.035080e+02  2.407085e+01  0.000000e+00
   endloop
 endfacet
 facet normal -9.321804e-01  3.619940e-01  0.000000e+00
   outer loop
     vertex  1.035430e+02  2.415733e+01  2.000000e+00
     vertex  1.035261e+02  2.411385e+01  0.000000e+00
     vertex  1.035261e+02  2.411385e+01  2.000000e+00
   endloop
 endfacet
 facet normal -9.321804e-01  3.619940e-01  0.000000e+00
   outer loop
     vertex  1.035430e+02  2.415733e+01  2.000000e+00
     vertex  1.035430e+02  2.415733e+01  0.000000e+00
     vertex  1.035261e+02  2.411385e+01  0.000000e+00
   endloop
 endfacet
 facet normal -9.417605e-01  3.362843e-01  0.000000e+00
   outer loop
     vertex  1.035587e+02  2.420125e+01  2.000000e+00
     vertex  1.035430e+02  2.415733e+01  0.000000e+00
     vertex  1.035430e+02  2.415733e+01  2.000000e+00
   endloop
 endfacet
 facet normal -9.417605e-01  3.362843e-01  0.000000e+00
   outer loop
     vertex  1.035587e+02  2.420125e+01  2.000000e+00
     vertex  1.035587e+02  2.420125e+01  0.000000e+00
     vertex  1.035430e+02  2.415733e+01  0.000000e+00
   endloop
 endfacet
 facet normal -9.506317e-01  3.103214e-01  0.000000e+00
   outer loop
     vertex  1.035732e+02  2.424559e+01  2.000000e+00
     vertex  1.035587e+02  2.420125e+01  0.000000e+00
     vertex  1.035587e+02  2.420125e+01  2.000000e+00
   endloop
 endfacet
 facet normal -9.506317e-01  3.103214e-01  0.000000e+00
   outer loop
     vertex  1.035732e+02  2.424559e+01  2.000000e+00
     vertex  1.035732e+02  2.424559e+01  0.000000e+00
     vertex  1.035587e+02  2.420125e+01  0.000000e+00
   endloop
 endfacet
 facet normal -9.587873e-01  2.841250e-01  0.000000e+00
   outer loop
     vertex  1.035864e+02  2.429031e+01  2.000000e+00
     vertex  1.035732e+02  2.424559e+01  0.000000e+00
     vertex  1.035732e+02  2.424559e+01  2.000000e+00
   endloop
 endfacet
 facet normal -9.587873e-01  2.841250e-01  0.000000e+00
   outer loop
     vertex  1.035864e+02  2.429031e+01  2.000000e+00
     vertex  1.035864e+02  2.429031e+01  0.000000e+00
     vertex  1.035732e+02  2.424559e+01  0.000000e+00
   endloop
 endfacet
 facet normal -9.662211e-01  2.577146e-01  0.000000e+00
   outer loop
     vertex  1.035984e+02  2.433538e+01  2.000000e+00
     vertex  1.035864e+02  2.429031e+01  0.000000e+00
     vertex  1.035864e+02  2.429031e+01  2.000000e+00
   endloop
 endfacet
 facet normal -9.662211e-01  2.577146e-01  0.000000e+00
   outer loop
     vertex  1.035984e+02  2.433538e+01  2.000000e+00
     vertex  1.035984e+02  2.433538e+01  0.000000e+00
     vertex  1.035864e+02  2.429031e+01  0.000000e+00
   endloop
 endfacet
 facet normal -9.729276e-01  2.311102e-01  0.000000e+00
   outer loop
     vertex  1.036092e+02  2.438076e+01  2.000000e+00
     vertex  1.035984e+02  2.433538e+01  0.000000e+00
     vertex  1.035984e+02  2.433538e+01  2.000000e+00
   endloop
 endfacet
 facet normal -9.729276e-01  2.311102e-01  0.000000e+00
   outer loop
     vertex  1.036092e+02  2.438076e+01  2.000000e+00
     vertex  1.036092e+02  2.438076e+01  0.000000e+00
     vertex  1.035984e+02  2.433538e+01  0.000000e+00
   endloop
 endfacet
 facet normal -9.789017e-01  2.043319e-01  0.000000e+00
   outer loop
     vertex  1.036187e+02  2.442642e+01  2.000000e+00
     vertex  1.036092e+02  2.438076e+01  0.000000e+00
     vertex  1.036092e+02  2.438076e+01  2.000000e+00
   endloop
 endfacet
 facet normal -9.789017e-01  2.043319e-01  0.000000e+00
   outer loop
     vertex  1.036187e+02  2.442642e+01  2.000000e+00
     vertex  1.036187e+02  2.442642e+01  0.000000e+00
     vertex  1.036092e+02  2.438076e+01  0.000000e+00
   endloop
 endfacet
 facet normal -9.841389e-01  1.773998e-01  0.000000e+00
   outer loop
     vertex  1.036270e+02  2.447232e+01  2.000000e+00
     vertex  1.036187e+02  2.442642e+01  0.000000e+00
     vertex  1.036187e+02  2.442642e+01  2.000000e+00
   endloop
 endfacet
 facet normal -9.841389e-01  1.773998e-01  0.000000e+00
   outer loop
     vertex  1.036270e+02  2.447232e+01  2.000000e+00
     vertex  1.036270e+02  2.447232e+01  0.000000e+00
     vertex  1.036187e+02  2.442642e+01  0.000000e+00
   endloop
 endfacet
 facet normal -9.886353e-01  1.503341e-01  0.000000e+00
   outer loop
     vertex  1.036270e+02  2.447232e+01  2.000000e+00
     vertex  1.036340e+02  2.451843e+01  0.000000e+00
     vertex  1.036270e+02  2.447232e+01  0.000000e+00
   endloop
 endfacet
 facet normal -9.923874e-01  1.231552e-01  0.000000e+00
   outer loop
     vertex  1.036340e+02  2.451843e+01  2.000000e+00
     vertex  1.036398e+02  2.456472e+01  0.000000e+00
     vertex  1.036340e+02  2.451843e+01  0.000000e+00
   endloop
 endfacet
 facet normal -9.886353e-01  1.503341e-01  0.000000e+00
   outer loop
     vertex  1.036340e+02  2.451843e+01  2.000000e+00
     vertex  1.036340e+02  2.451843e+01  0.000000e+00
     vertex  1.036270e+02  2.447232e+01  2.000000e+00
   endloop
 endfacet
 facet normal -9.923874e-01  1.231552e-01  0.000000e+00
   outer loop
     vertex  1.036398e+02  2.456472e+01  2.000000e+00
     vertex  1.036398e+02  2.456472e+01  0.000000e+00
     vertex  1.036340e+02  2.451843e+01  2.000000e+00
   endloop
 endfacet
 facet normal -9.953925e-01  9.588368e-02  0.000000e+00
   outer loop
     vertex  1.036442e+02  2.461115e+01  2.000000e+00
     vertex  1.036442e+02  2.461115e+01  0.000000e+00
     vertex  1.036398e+02  2.456472e+01  0.000000e+00
   endloop
 endfacet
 facet normal -9.953925e-01  9.588368e-02  0.000000e+00
   outer loop
     vertex  1.036442e+02  2.461115e+01  2.000000e+00
     vertex  1.036398e+02  2.456472e+01  0.000000e+00
     vertex  1.036398e+02  2.456472e+01  2.000000e+00
   endloop
 endfacet
 facet normal -9.976484e-01  6.853995e-02  0.000000e+00
   outer loop
     vertex  1.036474e+02  2.465768e+01  2.000000e+00
     vertex  1.036474e+02  2.465768e+01  0.000000e+00
     vertex  1.036442e+02  2.461115e+01  0.000000e+00
   endloop
 endfacet
 facet normal -9.976484e-01  6.853995e-02  0.000000e+00
   outer loop
     vertex  1.036474e+02  2.465768e+01  2.000000e+00
     vertex  1.036442e+02  2.461115e+01  0.000000e+00
     vertex  1.036442e+02  2.461115e+01  2.000000e+00
   endloop
 endfacet
 facet normal -9.991532e-01  4.114462e-02  0.000000e+00
   outer loop
     vertex  1.036494e+02  2.470428e+01  2.000000e+00
     vertex  1.036494e+02  2.470428e+01  0.000000e+00
     vertex  1.036474e+02  2.465768e+01  0.000000e+00
   endloop
 endfacet
 facet normal -9.991532e-01  4.114462e-02  0.000000e+00
   outer loop
     vertex  1.036494e+02  2.470428e+01  2.000000e+00
     vertex  1.036474e+02  2.465768e+01  0.000000e+00
     vertex  1.036474e+02  2.465768e+01  2.000000e+00
   endloop
 endfacet
 facet normal -9.999059e-01  1.371831e-02  0.000000e+00
   outer loop
     vertex  1.036500e+02  2.475092e+01  2.000000e+00
     vertex  1.036500e+02  2.475092e+01  0.000000e+00
     vertex  1.036494e+02  2.470428e+01  0.000000e+00
   endloop
 endfacet
 facet normal -9.999059e-01  1.371831e-02  0.000000e+00
   outer loop
     vertex  1.036500e+02  2.475092e+01  2.000000e+00
     vertex  1.036494e+02  2.470428e+01  0.000000e+00
     vertex  1.036494e+02  2.470428e+01  2.000000e+00
   endloop
 endfacet
 facet normal -7.071068e-01  7.071068e-01  0.000000e+00
   outer loop
     vertex  9.295000e+01  2.965092e+01  0.000000e+00
     vertex  8.945000e+01  2.615092e+01  0.000000e+00
     vertex  8.945000e+01  2.615092e+01  2.000000e+00
   endloop
 endfacet
 facet normal -7.071068e-01  7.071068e-01  0.000000e+00
   outer loop
     vertex  9.295000e+01  2.965092e+01  0.000000e+00
     vertex  8.945000e+01  2.615092e+01  2.000000e+00
     vertex  9.295000e+01  2.965092e+01  2.000000e+00
   endloop
 endfacet
 facet normal -7.071068e-01 -7.071068e-01  0.000000e+00
   outer loop
     vertex  8.945000e+01  3.315092e+01  0.000000e+00
     vertex  9.295000e+01  2.965092e+01  0.000000e+00
     vertex  9.295000e+01  2.965092e+01  2.000000e+00
   endloop
 endfacet
 facet normal -7.071068e-01 -7.071068e-01  0.000000e+00
   outer loop
     vertex  8.945000e+01  3.315092e+01  0.000000e+00
     vertex  9.295000e+01  2.965092e+01  2.000000e+00
     vertex  8.945000e+01  3.315092e+01  2.000000e+00
   endloop
 endfacet
 facet normal  0.000000e+00  1.000000e+00  0.000000e+00
   outer loop
     vertex  8.945000e+01  2.615092e+01  2.000000e+00
     vertex  8.060000e+01  2.615092e+01  0.000000e+00
     vertex  8.060000e+01  2.615092e+01  2.000000e+00
   endloop
 endfacet
 facet normal  0.000000e+00  1.000000e+00 -0.000000e+00
   outer loop
     vertex  8.945000e+01  2.615092e+01  0.000000e+00
     vertex  8.060000e+01  2.615092e+01  0.000000e+00
     vertex  8.945000e+01  2.615092e+01  2.000000e+00
   endloop
 endfacet
 facet normal  0.000000e+00 -1.000000e+00  0.000000e+00
   outer loop
     vertex  8.060000e+01  3.315092e+01  2.000000e+00
     vertex  8.945000e+01  3.315092e+01  0.000000e+00
     vertex  8.945000e+01  3.315092e+01  2.000000e+00
   endloop
 endfacet
 facet normal  0.000000e+00 -1.000000e+00  0.000000e+00
   outer loop
     vertex  8.060000e+01  3.315092e+01  0.000000e+00
     vertex  8.945000e+01  3.315092e+01  0.000000e+00
     vertex  8.060000e+01  3.315092e+01  2.000000e+00
   endloop
 endfacet
 facet normal  7.071068e-01  7.071068e-01  0.000000e+00
   outer loop
     vertex  8.060000e+01  2.615092e+01  0.000000e+00
     vertex  7.710000e+01  2.965092e+01  0.000000e+00
     vertex  7.710000e+01  2.965092e+01  2.000000e+00
   endloop
 endfacet
 facet normal  7.071068e-01  7.071068e-01 -0.000000e+00
   outer loop
     vertex  8.060000e+01  2.615092e+01  0.000000e+00
     vertex  7.710000e+01  2.965092e+01  2.000000e+00
     vertex  8.060000e+01  2.615092e+01  2.000000e+00
   endloop
 endfacet
 facet normal  7.071068e-01 -7.071068e-01  0.000000e+00
   outer loop
     vertex  7.710000e+01  2.965092e+01  0.000000e+00
     vertex  8.060000e+01  3.315092e+01  0.000000e+00
     vertex  8.060000e+01  3.315092e+01  2.000000e+00
   endloop
 endfacet
 facet normal  7.071068e-01 -7.071068e-01  0.000000e+00
   outer loop
     vertex  7.710000e+01  2.965092e+01  0.000000e+00
     vertex  8.060000e+01  3.315092e+01  2.000000e+00
     vertex  7.710000e+01  2.965092e+01  2.000000e+00
   endloop
 endfacet
 facet normal -7.071068e-01  7.071068e-01  0.000000e+00
   outer loop
     vertex  1.266750e+02  2.965092e+01  0.000000e+00
     vertex  1.231750e+02  2.615092e+01  0.000000e+00
     vertex  1.231750e+02  2.615092e+01  2.000000e+00
   endloop
 endfacet
 facet normal -7.071068e-01  7.071068e-01  0.000000e+00
   outer loop
     vertex  1.266750e+02  2.965092e+01  0.000000e+00
     vertex  1.231750e+02  2.615092e+01  2.000000e+00
     vertex  1.266750e+02  2.965092e+01  2.000000e+00
   endloop
 endfacet
 facet normal -7.071068e-01 -7.071068e-01  0.000000e+00
   outer loop
     vertex  1.231750e+02  3.315092e+01  0.000000e+00
     vertex  1.266750e+02  2.965092e+01  0.000000e+00
     vertex  1.266750e+02  2.965092e+01  2.000000e+00
   endloop
 endfacet
 facet normal -7.071068e-01 -7.071068e-01  0.000000e+00
   outer loop
     vertex  1.231750e+02  3.315092e+01  0.000000e+00
     vertex  1.266750e+02  2.965092e+01  2.000000e+00
     vertex  1.231750e+02  3.315092e+01  2.000000e+00
   endloop
 endfacet
 facet normal  0.000000e+00  1.000000e+00  0.000000e+00
   outer loop
     vertex  1.231750e+02  2.615092e+01  0.000000e+00
     vertex  1.144500e+02  2.615092e+01  0.000000e+00
     vertex  1.144500e+02  2.615092e+01  2.000000e+00
   endloop
 endfacet
 facet normal  0.000000e+00  1.000000e+00 -0.000000e+00
   outer loop
     vertex  1.231750e+02  2.615092e+01  0.000000e+00
     vertex  1.144500e+02  2.615092e+01  2.000000e+00
     vertex  1.231750e+02  2.615092e+01  2.000000e+00
   endloop
 endfacet
 facet normal  0.000000e+00 -1.000000e+00  0.000000e+00
   outer loop
     vertex  1.144500e+02  3.315092e+01  0.000000e+00
     vertex  1.231750e+02  3.315092e+01  0.000000e+00
     vertex  1.231750e+02  3.315092e+01  2.000000e+00
   endloop
 endfacet
 facet normal  0.000000e+00 -1.000000e+00  0.000000e+00
   outer loop
     vertex  1.144500e+02  3.315092e+01  0.000000e+00
     vertex  1.231750e+02  3.315092e+01  2.000000e+00
     vertex  1.144500e+02  3.315092e+01  2.000000e+00
   endloop
 endfacet
 facet normal  7.071068e-01  7.071068e-01  0.000000e+00
   outer loop
     vertex  1.144500e+02  2.615092e+01  0.000000e+00
     vertex  1.109500e+02  2.965092e+01  0.000000e+00
     vertex  1.109500e+02  2.965092e+01  2.000000e+00
   endloop
 endfacet
 facet normal  7.071068e-01  7.071068e-01 -0.000000e+00
   outer loop
     vertex  1.144500e+02  2.615092e+01  0.000000e+00
     vertex  1.109500e+02  2.965092e+01  2.000000e+00
     vertex  1.144500e+02  2.615092e+01  2.000000e+00
   endloop
 endfacet
 facet normal  7.071068e-01 -7.071068e-01  0.000000e+00
   outer loop
     vertex  1.109500e+02  2.965092e+01  0.000000e+00
     vertex  1.144500e+02  3.315092e+01  0.000000e+00
     vertex  1.144500e+02  3.315092e+01  2.000000e+00
   endloop
 endfacet
 facet normal  7.071068e-01 -7.071068e-01  0.000000e+00
   outer loop
     vertex  1.109500e+02  2.965092e+01  0.000000e+00
     vertex  1.144500e+02  3.315092e+01  2.000000e+00
     vertex  1.109500e+02  2.965092e+01  2.000000e+00
   endloop
 endfacet
 facet normal -7.071068e-01  7.071068e-01  0.000000e+00
   outer loop
     vertex  1.452000e+02  2.965092e+01  0.000000e+00
     vertex  1.417000e+02  2.615092e+01  0.000000e+00
     vertex  1.417000e+02  2.615092e+01  2.000000e+00
   endloop
 endfacet
 facet normal -7.071068e-01  7.071068e-01  0.000000e+00
   outer loop
     vertex  1.452000e+02  2.965092e+01  0.000000e+00
     vertex  1.417000e+02  2.615092e+01  2.000000e+00
     vertex  1.452000e+02  2.965092e+01  2.000000e+00
   endloop
 endfacet
 facet normal -7.071068e-01 -7.071068e-01  0.000000e+00
   outer loop
     vertex  1.417000e+02  3.315092e+01  0.000000e+00
     vertex  1.452000e+02  2.965092e+01  0.000000e+00
     vertex  1.452000e+02  2.965092e+01  2.000000e+00
   endloop
 endfacet
 facet normal -7.071068e-01 -7.071068e-01  0.000000e+00
   outer loop
     vertex  1.417000e+02  3.315092e+01  0.000000e+00
     vertex  1.452000e+02  2.965092e+01  2.000000e+00
     vertex  1.417000e+02  3.315092e+01  2.000000e+00
   endloop
 endfacet
 facet normal  0.000000e+00  1.000000e+00  0.000000e+00
   outer loop
     vertex  1.417000e+02  2.615092e+01  0.000000e+00
     vertex  1.329750e+02  2.615092e+01  0.000000e+00
     vertex  1.329750e+02  2.615092e+01  2.000000e+00
   endloop
 endfacet
 facet normal  0.000000e+00  1.000000e+00 -0.000000e+00
   outer loop
     vertex  1.417000e+02  2.615092e+01  0.000000e+00
     vertex  1.329750e+02  2.615092e+01  2.000000e+00
     vertex  1.417000e+02  2.615092e+01  2.000000e+00
   endloop
 endfacet
 facet normal  0.000000e+00 -1.000000e+00  0.000000e+00
   outer loop
     vertex  1.329750e+02  3.315092e+01  0.000000e+00
     vertex  1.417000e+02  3.315092e+01  0.000000e+00
     vertex  1.417000e+02  3.315092e+01  2.000000e+00
   endloop
 endfacet
 facet normal  0.000000e+00 -1.000000e+00  0.000000e+00
   outer loop
     vertex  1.329750e+02  3.315092e+01  0.000000e+00
     vertex  1.417000e+02  3.315092e+01  2.000000e+00
     vertex  1.329750e+02  3.315092e+01  2.000000e+00
   endloop
 endfacet
 facet normal  7.071068e-01  7.071068e-01  0.000000e+00
   outer loop
     vertex  1.329750e+02  2.615092e+01  0.000000e+00
     vertex  1.294750e+02  2.965092e+01  0.000000e+00
     vertex  1.294750e+02  2.965092e+01  2.000000e+00
   endloop
 endfacet
 facet normal  7.071068e-01  7.071068e-01 -0.000000e+00
   outer loop
     vertex  1.329750e+02  2.615092e+01  0.000000e+00
     vertex  1.294750e+02  2.965092e+01  2.000000e+00
     vertex  1.329750e+02  2.615092e+01  2.000000e+00
   endloop
 endfacet
 facet normal  7.071068e-01 -7.071068e-01  0.000000e+00
   outer loop
     vertex  1.294750e+02  2.965092e+01  0.000000e+00
     vertex  1.329750e+02  3.315092e+01  0.000000e+00
     vertex  1.329750e+02  3.315092e+01  2.000000e+00
   endloop
 endfacet
 facet normal  7.071068e-01 -7.071068e-01  0.000000e+00
   outer loop
     vertex  1.294750e+02  2.965092e+01  0.000000e+00
     vertex  1.329750e+02  3.315092e+01  2.000000e+00
     vertex  1.294750e+02  2.965092e+01  2.000000e+00
   endloop
 endfacet
 facet normal -7.071068e-01  7.071068e-01  0.000000e+00
   outer loop
     vertex  8.770000e+01  3.945092e+01  0.000000e+00
     vertex  8.420000e+01  3.595092e+01  0.000000e+00
     vertex  8.420000e+01  3.595092e+01  2.000000e+00
   endloop
 endfacet
 facet normal -7.071068e-01  7.071068e-01  0.000000e+00
   outer loop
     vertex  8.770000e+01  3.945092e+01  0.000000e+00
     vertex  8.420000e+01  3.595092e+01  2.000000e+00
     vertex  8.770000e+01  3.945092e+01  2.000000e+00
   endloop
 endfacet
 facet normal -7.071068e-01 -7.071068e-01  0.000000e+00
   outer loop
     vertex  8.420000e+01  4.295092e+01  0.000000e+00
     vertex  8.770000e+01  3.945092e+01  0.000000e+00
     vertex  8.770000e+01  3.945092e+01  2.000000e+00
   endloop
 endfacet
 facet normal -7.071068e-01 -7.071068e-01  0.000000e+00
   outer loop
     vertex  8.420000e+01  4.295092e+01  0.000000e+00
     vertex  8.770000e+01  3.945092e+01  2.000000e+00
     vertex  8.420000e+01  4.295092e+01  2.000000e+00
   endloop
 endfacet
 facet normal  0.000000e+00  1.000000e+00  0.000000e+00
   outer loop
     vertex  8.420000e+01  3.595092e+01  0.000000e+00
     vertex  6.720000e+01  3.595092e+01  0.000000e+00
     vertex  6.720000e+01  3.595092e+01  2.000000e+00
   endloop
 endfacet
 facet normal  0.000000e+00  1.000000e+00 -0.000000e+00
   outer loop
     vertex  8.420000e+01  3.595092e+01  0.000000e+00
     vertex  6.720000e+01  3.595092e+01  2.000000e+00
     vertex  8.420000e+01  3.595092e+01  2.000000e+00
   endloop
 endfacet
 facet normal  0.000000e+00 -1.000000e+00  0.000000e+00
   outer loop
     vertex  6.720000e+01  4.295092e+01  0.000000e+00
     vertex  8.420000e+01  4.295092e+01  0.000000e+00
     vertex  8.420000e+01  4.295092e+01  2.000000e+00
   endloop
 endfacet
 facet normal  0.000000e+00 -1.000000e+00  0.000000e+00
   outer loop
     vertex  6.720000e+01  4.295092e+01  0.000000e+00
     vertex  8.420000e+01  4.295092e+01  2.000000e+00
     vertex  6.720000e+01  4.295092e+01  2.000000e+00
   endloop
 endfacet
 facet normal  7.071068e-01  7.071068e-01  0.000000e+00
   outer loop
     vertex  6.720000e+01  3.595092e+01  0.000000e+00
     vertex  6.370000e+01  3.945092e+01  0.000000e+00
     vertex  6.370000e+01  3.945092e+01  2.000000e+00
   endloop
 endfacet
 facet normal  7.071068e-01  7.071068e-01 -0.000000e+00
   outer loop
     vertex  6.720000e+01  3.595092e+01  0.000000e+00
     vertex  6.370000e+01  3.945092e+01  2.000000e+00
     vertex  6.720000e+01  3.595092e+01  2.000000e+00
   endloop
 endfacet
 facet normal  7.071068e-01 -7.071068e-01  0.000000e+00
   outer loop
     vertex  6.370000e+01  3.945092e+01  0.000000e+00
     vertex  6.720000e+01  4.295092e+01  0.000000e+00
     vertex  6.720000e+01  4.295092e+01  2.000000e+00
   endloop
 endfacet
 facet normal  7.071068e-01 -7.071068e-01  0.000000e+00
   outer loop
     vertex  6.370000e+01  3.945092e+01  0.000000e+00
     vertex  6.720000e+01  4.295092e+01  2.000000e+00
     vertex  6.370000e+01  3.945092e+01  2.000000e+00
   endloop
 endfacet
 facet normal -7.071068e-01  7.071068e-01  0.000000e+00
   outer loop
     vertex  1.145000e+02  3.945092e+01  0.000000e+00
     vertex  1.110000e+02  3.595092e+01  0.000000e+00
     vertex  1.110000e+02  3.595092e+01  2.000000e+00
   endloop
 endfacet
 facet normal -7.071068e-01  7.071068e-01  0.000000e+00
   outer loop
     vertex  1.145000e+02  3.945092e+01  0.000000e+00
     vertex  1.110000e+02  3.595092e+01  2.000000e+00
     vertex  1.145000e+02  3.945092e+01  2.000000e+00
   endloop
 endfacet
 facet normal -7.071068e-01 -7.071068e-01  0.000000e+00
   outer loop
     vertex  1.110000e+02  4.295092e+01  0.000000e+00
     vertex  1.145000e+02  3.945092e+01  0.000000e+00
     vertex  1.145000e+02  3.945092e+01  2.000000e+00
   endloop
 endfacet
 facet normal -7.071068e-01 -7.071068e-01  0.000000e+00
   outer loop
     vertex  1.110000e+02  4.295092e+01  0.000000e+00
     vertex  1.145000e+02  3.945092e+01  2.000000e+00
     vertex  1.110000e+02  4.295092e+01  2.000000e+00
   endloop
 endfacet
 facet normal  0.000000e+00  1.000000e+00  0.000000e+00
   outer loop
     vertex  1.110000e+02  3.595092e+01  0.000000e+00
     vertex  9.400000e+01  3.595092e+01  0.000000e+00
     vertex  9.400000e+01  3.595092e+01  2.000000e+00
   endloop
 endfacet
 facet normal  0.000000e+00  1.000000e+00 -0.000000e+00
   outer loop
     vertex  1.110000e+02  3.595092e+01  0.000000e+00
     vertex  9.400000e+01  3.595092e+01  2.000000e+00
     vertex  1.110000e+02  3.595092e+01  2.000000e+00
   endloop
 endfacet
 facet normal  0.000000e+00 -1.000000e+00  0.000000e+00
   outer loop
     vertex  9.400000e+01  4.295092e+01  0.000000e+00
     vertex  1.110000e+02  4.295092e+01  0.000000e+00
     vertex  1.110000e+02  4.295092e+01  2.000000e+00
   endloop
 endfacet
 facet normal  0.000000e+00 -1.000000e+00  0.000000e+00
   outer loop
     vertex  9.400000e+01  4.295092e+01  0.000000e+00
     vertex  1.110000e+02  4.295092e+01  2.000000e+00
     vertex  9.400000e+01  4.295092e+01  2.000000e+00
   endloop
 endfacet
 facet normal  7.071068e-01  7.071068e-01  0.000000e+00
   outer loop
     vertex  9.400000e+01  3.595092e+01  0.000000e+00
     vertex  9.050000e+01  3.945092e+01  0.000000e+00
     vertex  9.050000e+01  3.945092e+01  2.000000e+00
   endloop
 endfacet
 facet normal  7.071068e-01  7.071068e-01 -0.000000e+00
   outer loop
     vertex  9.400000e+01  3.595092e+01  0.000000e+00
     vertex  9.050000e+01  3.945092e+01  2.000000e+00
     vertex  9.400000e+01  3.595092e+01  2.000000e+00
   endloop
 endfacet
 facet normal  7.071068e-01 -7.071068e-01  0.000000e+00
   outer loop
     vertex  9.050000e+01  3.945092e+01  0.000000e+00
     vertex  9.400000e+01  4.295092e+01  0.000000e+00
     vertex  9.400000e+01  4.295092e+01  2.000000e+00
   endloop
 endfacet
 facet normal  7.071068e-01 -7.071068e-01  0.000000e+00
   outer loop
     vertex  9.050000e+01  3.945092e+01  0.000000e+00
     vertex  9.400000e+01  4.295092e+01  2.000000e+00
     vertex  9.050000e+01  3.945092e+01  2.000000e+00
   endloop
 endfacet
 facet normal -7.071068e-01  7.071068e-01  0.000000e+00
   outer loop
     vertex  1.413000e+02  3.945092e+01  0.000000e+00
     vertex  1.378000e+02  3.595092e+01  0.000000e+00
     vertex  1.378000e+02  3.595092e+01  2.000000e+00
   endloop
 endfacet
 facet normal -7.071068e-01  7.071068e-01  0.000000e+00
   outer loop
     vertex  1.413000e+02  3.945092e+01  0.000000e+00
     vertex  1.378000e+02  3.595092e+01  2.000000e+00
     vertex  1.413000e+02  3.945092e+01  2.000000e+00
   endloop
 endfacet
 facet normal -7.071068e-01 -7.071068e-01  0.000000e+00
   outer loop
     vertex  1.378000e+02  4.295092e+01  0.000000e+00
     vertex  1.413000e+02  3.945092e+01  0.000000e+00
     vertex  1.413000e+02  3.945092e+01  2.000000e+00
   endloop
 endfacet
 facet normal -7.071068e-01 -7.071068e-01  0.000000e+00
   outer loop
     vertex  1.378000e+02  4.295092e+01  0.000000e+00
     vertex  1.413000e+02  3.945092e+01  2.000000e+00
     vertex  1.378000e+02  4.295092e+01  2.000000e+00
   endloop
 endfacet
 facet normal  0.000000e+00 -1.000000e+00  0.000000e+00
   outer loop
     vertex  1.208000e+02  4.295092e+01  0.000000e+00
     vertex  1.378000e+02  4.295092e+01  0.000000e+00
     vertex  1.378000e+02  4.295092e+01  2.000000e+00
   endloop
 endfacet
 facet normal  0.000000e+00 -1.000000e+00  0.000000e+00
   outer loop
     vertex  1.208000e+02  4.295092e+01  0.000000e+00
     vertex  1.378000e+02  4.295092e+01  2.000000e+00
     vertex  1.208000e+02  4.295092e+01  2.000000e+00
   endloop
 endfacet
 facet normal  7.071068e-01 -7.071068e-01  0.000000e+00
   outer loop
     vertex  1.173000e+02  3.945092e+01  0.000000e+00
     vertex  1.208000e+02  4.295092e+01  0.000000e+00
     vertex  1.208000e+02  4.295092e+01  2.000000e+00
   endloop
 endfacet
 facet normal  7.071068e-01 -7.071068e-01  0.000000e+00
   outer loop
     vertex  1.173000e+02  3.945092e+01  0.000000e+00
     vertex  1.208000e+02  4.295092e+01  2.000000e+00
     vertex  1.173000e+02  3.945092e+01  2.000000e+00
   endloop
 endfacet
 facet normal  7.071068e-01  7.071068e-01  0.000000e+00
   outer loop
     vertex  1.208000e+02  3.595092e+01  0.000000e+00
     vertex  1.173000e+02  3.945092e+01  0.000000e+00
     vertex  1.173000e+02  3.945092e+01  2.000000e+00
   endloop
 endfacet
 facet normal  7.071068e-01  7.071068e-01 -0.000000e+00
   outer loop
     vertex  1.208000e+02  3.595092e+01  0.000000e+00
     vertex  1.173000e+02  3.945092e+01  2.000000e+00
     vertex  1.208000e+02  3.595092e+01  2.000000e+00
   endloop
 endfacet
 facet normal  0.000000e+00  1.000000e+00  0.000000e+00
   outer loop
     vertex  1.378000e+02  3.595092e+01  0.000000e+00
     vertex  1.208000e+02  3.595092e+01  0.000000e+00
     vertex  1.208000e+02  3.595092e+01  2.000000e+00
   endloop
 endfacet
 facet normal  0.000000e+00  1.000000e+00 -0.000000e+00
   outer loop
     vertex  1.378000e+02  3.595092e+01  0.000000e+00
     vertex  1.208000e+02  3.595092e+01  2.000000e+00
     vertex  1.378000e+02  3.595092e+01  2.000000e+00
   endloop
 endfacet
 facet normal  2.585998e-17  1.000000e+00  1.531342e-16
   outer loop
     vertex  8.381250e+01  2.400000e+00  6.200000e+00
     vertex  7.493000e+01  2.400000e+00  4.800000e+00
     vertex  7.493000e+01  2.400000e+00  1.060000e+01
   endloop
 endfacet
 facet normal  0.000000e+00  1.000000e+00  1.009294e-16
   outer loop
     vertex  8.381250e+01  2.400000e+00  1.060000e+01
     vertex  8.381250e+01  2.400000e+00  6.200000e+00
     vertex  7.493000e+01  2.400000e+00  1.060000e+01
   endloop
 endfacet
 facet normal -1.490076e-16  1.000000e+00  1.009294e-16
   outer loop
     vertex  9.598000e+01  2.400000e+00  9.400000e+00
     vertex  9.381250e+01  2.400000e+00  6.200000e+00
     vertex  9.381250e+01  2.400000e+00  1.060000e+01
   endloop
 endfacet
 facet normal  0.000000e+00  1.000000e+00  0.000000e+00
   outer loop
     vertex  9.598000e+01  2.400000e+00  9.400000e+00
     vertex  9.598000e+01  2.400000e+00  7.400000e+00
     vertex  9.381250e+01  2.400000e+00  6.200000e+00
   endloop
 endfacet
 facet normal  0.000000e+00  1.000000e+00  0.000000e+00
   outer loop
     vertex  1.159800e+02  2.400000e+00  7.400000e+00
     vertex  9.381250e+01  2.400000e+00  6.200000e+00
     vertex  9.598000e+01  2.400000e+00  7.400000e+00
   endloop
 endfacet
 facet normal  0.000000e+00  1.000000e+00  3.700743e-16
   outer loop
     vertex  1.159800e+02  2.400000e+00  9.400000e+00
     vertex  9.598000e+01  2.400000e+00  9.400000e+00
     vertex  9.381250e+01  2.400000e+00  1.060000e+01
   endloop
 endfacet
 facet normal -2.404381e-17  1.000000e+00  0.000000e+00
   outer loop
     vertex  1.344500e+02  2.400000e+00  4.800000e+00
     vertex  1.159800e+02  2.400000e+00  7.400000e+00
     vertex  1.159800e+02  2.400000e+00  9.400000e+00
   endloop
 endfacet
 facet normal  3.052160e-17  1.000000e+00  0.000000e+00
   outer loop
     vertex  1.490000e+02  2.400000e+00  2.000000e+00
     vertex  1.344500e+02  2.400000e+00  2.000000e+00
     vertex  1.344500e+02  2.400000e+00  4.800000e+00
   endloop
 endfacet
 facet normal -3.061699e-18  1.000000e+00  8.424775e-17
   outer loop
     vertex  1.490000e+02  2.400000e+00  1.060000e+01
     vertex  1.344500e+02  2.400000e+00  4.800000e+00
     vertex  1.159800e+02  2.400000e+00  9.400000e+00
   endloop
 endfacet
 facet normal  3.052160e-17  1.000000e+00  0.000000e+00
   outer loop
     vertex  1.490000e+02  2.400000e+00  1.060000e+01
     vertex  1.490000e+02  2.400000e+00  2.000000e+00
     vertex  1.344500e+02  2.400000e+00  4.800000e+00
   endloop
 endfacet
 facet normal  0.000000e+00  1.000000e+00  3.172066e-16
   outer loop
     vertex  1.344500e+02  2.400000e+00  4.800000e+00
     vertex  7.493000e+01  2.400000e+00  4.800000e+00
     vertex  8.381250e+01  2.400000e+00  6.200000e+00
   endloop
 endfacet
 facet normal  0.000000e+00  1.000000e+00  3.172066e-16
   outer loop
     vertex  1.344500e+02  2.400000e+00  4.800000e+00
     vertex  8.381250e+01  2.400000e+00  6.200000e+00
     vertex  9.381250e+01  2.400000e+00  6.200000e+00
   endloop
 endfacet
 facet normal -6.678075e-18  1.000000e+00  1.233635e-16
   outer loop
     vertex  1.344500e+02  2.400000e+00  4.800000e+00
     vertex  9.381250e+01  2.400000e+00  6.200000e+00
     vertex  1.159800e+02  2.400000e+00  7.400000e+00
   endloop
 endfacet
 facet normal -8.046917e-18  1.000000e+00  2.214243e-16
   outer loop
     vertex  9.381250e+01  2.400000e+00  1.060000e+01
     vertex  1.490000e+02  2.400000e+00  1.060000e+01
     vertex  1.159800e+02  2.400000e+00  9.400000e+00
   endloop
 endfacet
 facet normal -1.000000e+00  0.000000e+00 -0.000000e+00
   outer loop
     vertex  1.490000e+02  4.710184e+01  1.060000e+01
     vertex  1.490000e+02  4.710184e+01  2.000000e+00
     vertex  1.490000e+02  4.490184e+01  2.200000e+00
   endloop
 endfacet
 facet normal -1.000000e+00  0.000000e+00  0.000000e+00
   outer loop
     vertex  1.490000e+02  4.490184e+01  1.060000e+01
     vertex  1.490000e+02  4.710184e+01  1.060000e+01
     vertex  1.490000e+02  4.490184e+01  2.200000e+00
   endloop
 endfacet
 facet normal -1.000000e+00  0.000000e+00  0.000000e+00
   outer loop
     vertex  1.490000e+02  2.527184e+01  1.060000e+01
     vertex  1.490000e+02  3.172684e+01  1.060000e+01
     vertex  1.490000e+02  3.172684e+01  2.200000e+00
   endloop
 endfacet
 facet normal -1.000000e+00  0.000000e+00  0.000000e+00
   outer loop
     vertex  1.490000e+02  2.527184e+01  1.060000e+01
     vertex  1.490000e+02  3.172684e+01  2.200000e+00
     vertex  1.490000e+02  2.527184e+01  2.200000e+00
   endloop
 endfacet
 facet normal -1.000000e+00  0.000000e+00  0.000000e+00
   outer loop
     vertex  1.490000e+02  2.400000e+00  1.060000e+01
     vertex  1.490000e+02  4.291839e+00  1.060000e+01
     vertex  1.490000e+02  4.291839e+00  2.200000e+00
   endloop
 endfacet
 facet normal -1.000000e+00  0.000000e+00  0.000000e+00
   outer loop
     vertex  1.490000e+02  2.400000e+00  1.060000e+01
     vertex  1.490000e+02  4.291839e+00  2.200000e+00
     vertex  1.490000e+02  2.400000e+00  2.000000e+00
   endloop
 endfacet
 facet normal -1.000000e+00  0.000000e+00  0.000000e+00
   outer loop
     vertex  1.490000e+02  2.400000e+00  2.000000e+00
     vertex  1.490000e+02  4.490184e+01  2.200000e+00
     vertex  1.490000e+02  4.710184e+01  2.000000e+00
   endloop
 endfacet
 facet normal -1.000000e+00  0.000000e+00  0.000000e+00
   outer loop
     vertex  1.490000e+02  2.400000e+00  2.000000e+00
     vertex  1.490000e+02  3.172684e+01  2.200000e+00
     vertex  1.490000e+02  4.490184e+01  2.200000e+00
   endloop
 endfacet
 facet normal -1.000000e+00  0.000000e+00  0.000000e+00
   outer loop
     vertex  1.490000e+02  2.400000e+00  2.000000e+00
     vertex  1.490000e+02  2.527184e+01  2.200000e+00
     vertex  1.490000e+02  3.172684e+01  2.200000e+00
   endloop
 endfacet
 facet normal -1.000000e+00  0.000000e+00  0.000000e+00
   outer loop
     vertex  1.490000e+02  2.400000e+00  2.000000e+00
     vertex  1.490000e+02  4.291839e+00  2.200000e+00
     vertex  1.490000e+02  2.527184e+01  2.200000e+00
   endloop
 endfacet
 facet normal  0.000000e+00  1.000000e+00  0.000000e+00
   outer loop
     vertex  1.490000e+02  4.291839e+00  1.060000e+01
     vertex  1.514000e+02  4.291839e+00  2.200000e+00
     vertex  1.490000e+02  4.291839e+00  2.200000e+00
   endloop
 endfacet
 facet normal  0.000000e+00  1.000000e+00  0.000000e+00
   outer loop
     vertex  1.514000e+02  4.291839e+00  1.060000e+01
     vertex  1.514000e+02  4.291839e+00  2.200000e+00
     vertex  1.490000e+02  4.291839e+00  1.060000e+01
   endloop
 endfacet
 facet normal  1.000000e+00  0.000000e+00  0.000000e+00
   outer loop
     vertex  1.344500e+02  2.400000e+00  4.800000e+00
     vertex  1.344500e+02  2.400000e+00  2.000000e+00
     vertex  1.344500e+02  4.350000e+00  2.000000e+00
   endloop
 endfacet
 facet normal  1.000000e+00 -0.000000e+00  0.000000e+00
   outer loop
     vertex  1.344500e+02  2.400000e+00  4.800000e+00
     vertex  1.344500e+02  4.350000e+00  2.000000e+00
     vertex  1.344500e+02  4.350000e+00  4.800000e+00
   endloop
 endfacet
 facet normal  0.000000e+00  1.000000e+00  0.000000e+00
   outer loop
     vertex  1.344500e+02  4.350000e+00  4.800000e+00
     vertex  1.344500e+02  4.350000e+00  2.000000e+00
     vertex  1.695000e+01  4.350000e+00  2.000000e+00
   endloop
 endfacet
 facet normal  0.000000e+00  1.000000e+00  0.000000e+00
   outer loop
     vertex  1.344500e+02  4.350000e+00  4.800000e+00
     vertex  1.695000e+01  4.350000e+00  2.000000e+00
     vertex  1.695000e+01  4.350000e+00  4.800000e+00
   endloop
 endfacet
 facet normal -1.000000e+00  0.000000e+00  0.000000e+00
   outer loop
     vertex  1.695000e+01  2.400000e+00  4.800000e+00
     vertex  1.695000e+01  4.350000e+00  2.000000e+00
     vertex  1.695000e+01  2.400000e+00  2.000000e+00
   endloop
 endfacet
 facet normal -1.000000e+00  0.000000e+00  0.000000e+00
   outer loop
     vertex  1.695000e+01  2.400000e+00  4.800000e+00
     vertex  1.695000e+01  4.350000e+00  4.800000e+00
     vertex  1.695000e+01  4.350000e+00  2.000000e+00
   endloop
 endfacet
 facet normal -3.052160e-17  1.000000e+00  0.000000e+00
   outer loop
     vertex  1.695000e+01  2.400000e+00  4.800000e+00
     vertex  1.695000e+01  2.400000e+00  2.000000e+00
     vertex  2.400000e+00  2.400000e+00  2.000000e+00
   endloop
 endfacet
 facet normal -3.052160e-17  1.000000e+00  0.000000e+00
   outer loop
     vertex  1.695000e+01  2.400000e+00  4.800000e+00
     vertex  2.400000e+00  2.400000e+00  2.000000e+00
     vertex  2.400000e+00  2.400000e+00  1.060000e+01
   endloop
 endfacet
 facet normal  3.061699e-18  1.000000e+00  8.424775e-17
   outer loop
     vertex  3.542000e+01  2.400000e+00  9.400000e+00
     vertex  1.695000e+01  2.400000e+00  4.800000e+00
     vertex  2.400000e+00  2.400000e+00  1.060000e+01
   endloop
 endfacet
 facet normal  2.404381e-17  1.000000e+00  0.000000e+00
   outer loop
     vertex  3.542000e+01  2.400000e+00  9.400000e+00
     vertex  3.542000e+01  2.400000e+00  7.400000e+00
     vertex  1.695000e+01  2.400000e+00  4.800000e+00
   endloop
 endfacet
 facet normal  0.000000e+00  1.000000e+00  1.708035e-16
   outer loop
     vertex  6.097000e+01  2.400000e+00  4.800000e+00
     vertex  3.542000e+01  2.400000e+00  7.400000e+00
     vertex  5.542000e+01  2.400000e+00  7.400000e+00
   endloop
 endfacet
 facet normal  8.001607e-17  1.000000e+00  0.000000e+00
   outer loop
     vertex  6.097000e+01  2.400000e+00  1.060000e+01
     vertex  5.542000e+01  2.400000e+00  7.400000e+00
     vertex  5.542000e+01  2.400000e+00  9.400000e+00
   endloop
 endfacet
 facet normal -8.277525e-18  1.000000e+00  1.531342e-16
   outer loop
     vertex  6.097000e+01  2.400000e+00  1.060000e+01
     vertex  6.097000e+01  2.400000e+00  4.800000e+00
     vertex  5.542000e+01  2.400000e+00  7.400000e+00
   endloop
 endfacet
 facet normal  7.582196e-18  1.000000e+00  3.350067e-16
   outer loop
     vertex  2.400000e+00  2.400000e+00  1.060000e+01
     vertex  6.097000e+01  2.400000e+00  1.060000e+01
     vertex  5.542000e+01  2.400000e+00  9.400000e+00
   endloop
 endfacet
 facet normal  0.000000e+00  1.000000e+00  0.000000e+00
   outer loop
     vertex  2.400000e+00  2.400000e+00  1.060000e+01
     vertex  5.542000e+01  2.400000e+00  9.400000e+00
     vertex  3.542000e+01  2.400000e+00  9.400000e+00
   endloop
 endfacet
 facet normal  0.000000e+00  1.000000e+00  1.708035e-16
   outer loop
     vertex  6.097000e+01  2.400000e+00  4.800000e+00
     vertex  1.695000e+01  2.400000e+00  4.800000e+00
     vertex  3.542000e+01  2.400000e+00  7.400000e+00
   endloop
 endfacet
 facet normal  0.000000e+00  1.000000e+00  0.000000e+00
   outer loop
     vertex  0.000000e+00  1.861434e+01  1.060000e+01
     vertex  2.400000e+00  1.861434e+01  2.200000e+00
     vertex  0.000000e+00  1.861434e+01  2.200000e+00
   endloop
 endfacet
 facet normal  0.000000e+00  1.000000e+00  0.000000e+00
   outer loop
     vertex  2.400000e+00  1.861434e+01  1.060000e+01
     vertex  2.400000e+00  1.861434e+01  2.200000e+00
     vertex  0.000000e+00  1.861434e+01  1.060000e+01
   endloop
 endfacet
 facet normal  1.000000e+00 -0.000000e+00  0.000000e+00
   outer loop
     vertex  2.400000e+00  3.588934e+01  2.200000e+00
     vertex  2.400000e+00  4.710184e+01  2.000000e+00
     vertex  2.400000e+00  4.710184e+01  1.060000e+01
   endloop
 endfacet
 facet normal  1.000000e+00  2.772463e-16 -3.700743e-16
   outer loop
     vertex  2.400000e+00  3.588934e+01  1.060000e+01
     vertex  2.400000e+00  3.588934e+01  2.200000e+00
     vertex  2.400000e+00  4.710184e+01  1.060000e+01
   endloop
 endfacet
 facet normal  1.000000e+00 -1.917207e-16 -3.700743e-16
   outer loop
     vertex  2.400000e+00  2.400000e+00  1.060000e+01
     vertex  2.400000e+00  1.861434e+01  2.200000e+00
     vertex  2.400000e+00  1.861434e+01  1.060000e+01
   endloop
 endfacet
 facet normal  1.000000e+00  0.000000e+00  0.000000e+00
   outer loop
     vertex  2.400000e+00  2.400000e+00  1.060000e+01
     vertex  2.400000e+00  2.400000e+00  2.000000e+00
     vertex  2.400000e+00  1.861434e+01  2.200000e+00
   endloop
 endfacet
 facet normal  1.000000e+00  0.000000e+00  0.000000e+00
   outer loop
     vertex  2.400000e+00  2.400000e+00  2.000000e+00
     vertex  2.400000e+00  4.710184e+01  2.000000e+00
     vertex  2.400000e+00  3.588934e+01  2.200000e+00
   endloop
 endfacet
 facet normal  1.000000e+00  0.000000e+00  0.000000e+00
   outer loop
     vertex  2.400000e+00  2.400000e+00  2.000000e+00
     vertex  2.400000e+00  3.588934e+01  2.200000e+00
     vertex  2.400000e+00  1.861434e+01  2.200000e+00
   endloop
 endfacet
 facet normal  0.000000e+00  0.000000e+00  1.000000e+00
   outer loop
     vertex  2.400000e+00  3.588934e+01  2.200000e+00
     vertex  0.000000e+00  3.588934e+01  2.200000e+00
     vertex  0.000000e+00  1.861434e+01  2.200000e+00
   endloop
 endfacet
 facet normal  0.000000e+00  0.000000e+00  1.000000e+00
   outer loop
     vertex  2.400000e+00  3.588934e+01  2.200000e+00
     vertex  0.000000e+00  1.861434e+01  2.200000e+00
     vertex  2.400000e+00  1.861434e+01  2.200000e+00
   endloop
 endfacet
 facet normal  0.000000e+00 -1.000000e+00  0.000000e+00
   outer loop
     vertex  0.000000e+00  3.588934e+01  1.060000e+01
     vertex  0.000000e+00  3.588934e+01  2.200000e+00
     vertex  2.400000e+00  3.588934e+01  2.200000e+00
   endloop
 endfacet
 facet normal -0.000000e+00 -1.000000e+00  0.000000e+00
   outer loop
     vertex  2.400000e+00  3.588934e+01  1.060000e+01
     vertex  0.000000e+00  3.588934e+01  1.060000e+01
     vertex  2.400000e+00  3.588934e+01  2.200000e+00
   endloop
 endfacet
 facet normal  0.000000e+00  0.000000e+00  1.000000e+00
   outer loop
     vertex  7.620656e-03  4.834239e+01  1.060000e+01
     vertex  4.288454e-03  4.830735e+01  1.060000e+01
     vertex  1.906562e-03  4.827222e+01  1.060000e+01
   endloop
 endfacet
 facet normal  0.000000e+00  0.000000e+00  1.000000e+00
   outer loop
     vertex  1.712552e-02  4.841216e+01  1.060000e+01
     vertex  1.190072e-02  4.837734e+01  1.060000e+01
     vertex  7.620656e-03  4.834239e+01  1.060000e+01
   endloop
 endfacet
 facet normal  0.000000e+00  0.000000e+00  1.000000e+00
   outer loop
     vertex  2.329121e-02  4.844682e+01  1.060000e+01
     vertex  1.906562e-03  4.827222e+01  1.060000e+01
     vertex  4.767279e-04  4.823704e+01  1.060000e+01
   endloop
 endfacet
 facet normal  0.000000e+00  0.000000e+00  1.000000e+00
   outer loop
     vertex  2.329121e-02  4.844682e+01  1.060000e+01
     vertex  7.620656e-03  4.834239e+01  1.060000e+01
     vertex  1.906562e-03  4.827222e+01  1.060000e+01
   endloop
 endfacet
 facet normal  0.000000e+00  0.000000e+00  1.000000e+00
   outer loop
     vertex  2.329121e-02  4.844682e+01  1.060000e+01
     vertex  1.712552e-02  4.841216e+01  1.060000e+01
     vertex  7.620656e-03  4.834239e+01  1.060000e+01
   endloop
 endfacet
 facet normal  0.000000e+00  0.000000e+00  1.000000e+00
   outer loop
     vertex  3.842651e-02  4.851558e+01  1.060000e+01
     vertex  3.039328e-02  4.848130e+01  1.060000e+01
     vertex  2.329121e-02  4.844682e+01  1.060000e+01
   endloop
 endfacet
 facet normal  0.000000e+00  0.000000e+00  1.000000e+00
   outer loop
     vertex  3.842651e-02  4.851558e+01  1.060000e+01
     vertex  2.329121e-02  4.844682e+01  1.060000e+01
     vertex  4.767279e-04  4.823704e+01  1.060000e+01
   endloop
 endfacet
 facet normal  0.000000e+00  0.000000e+00  1.000000e+00
   outer loop
     vertex  5.726221e-02  4.858342e+01  1.060000e+01
     vertex  4.738501e-02  4.854963e+01  1.060000e+01
     vertex  3.842651e-02  4.851558e+01  1.060000e+01
   endloop
 endfacet
 facet normal  0.000000e+00  0.000000e+00  1.000000e+00
   outer loop
     vertex  5.726221e-02  4.858342e+01  1.060000e+01
     vertex  3.842651e-02  4.851558e+01  1.060000e+01
     vertex  4.767279e-04  4.823704e+01  1.060000e+01
   endloop
 endfacet
 facet normal  0.000000e+00  0.000000e+00  1.000000e+00
   outer loop
     vertex  7.974309e-02  4.865014e+01  1.060000e+01
     vertex  6.805088e-02  4.861693e+01  1.060000e+01
     vertex  5.726221e-02  4.858342e+01  1.060000e+01
   endloop
 endfacet
 facet normal  0.000000e+00  0.000000e+00  1.000000e+00
   outer loop
     vertex  1.201520e-01  4.874770e+01  1.060000e+01
     vertex  1.058032e-01  4.871555e+01  1.060000e+01
     vertex  9.233026e-02  4.868302e+01  1.060000e+01
   endloop
 endfacet
 facet normal  0.000000e+00  0.000000e+00  1.000000e+00
   outer loop
     vertex  1.201520e-01  4.874770e+01  1.060000e+01
     vertex  9.233026e-02  4.868302e+01  1.060000e+01
     vertex  7.974309e-02  4.865014e+01  1.060000e+01
   endloop
 endfacet
 facet normal  0.000000e+00  0.000000e+00  1.000000e+00
   outer loop
     vertex  1.353661e-01  4.877945e+01  1.060000e+01
     vertex  7.974309e-02  4.865014e+01  1.060000e+01
     vertex  5.726221e-02  4.858342e+01  1.060000e+01
   endloop
 endfacet
 facet normal  0.000000e+00  0.000000e+00  1.000000e+00
   outer loop
     vertex  1.353661e-01  4.877945e+01  1.060000e+01
     vertex  1.201520e-01  4.874770e+01  1.060000e+01
     vertex  7.974309e-02  4.865014e+01  1.060000e+01
   endloop
 endfacet
 facet normal  0.000000e+00  0.000000e+00  1.000000e+00
   outer loop
     vertex  1.683450e-01  4.884165e+01  1.060000e+01
     vertex  1.514343e-01  4.881077e+01  1.060000e+01
     vertex  1.353661e-01  4.877945e+01  1.060000e+01
   endloop
 endfacet
 facet normal  0.000000e+00  0.000000e+00  1.000000e+00
   outer loop
     vertex  1.683450e-01  4.884165e+01  1.060000e+01
     vertex  4.767279e-04  4.823704e+01  1.060000e+01
     vertex  7.771561e-16  4.820184e+01  1.060000e+01
   endloop
 endfacet
 facet normal  0.000000e+00  0.000000e+00  1.000000e+00
   outer loop
     vertex  1.683450e-01  4.884165e+01  1.060000e+01
     vertex  5.726221e-02  4.858342e+01  1.060000e+01
     vertex  4.767279e-04  4.823704e+01  1.060000e+01
   endloop
 endfacet
 facet normal  0.000000e+00  0.000000e+00  1.000000e+00
   outer loop
     vertex  1.683450e-01  4.884165e+01  1.060000e+01
     vertex  1.353661e-01  4.877945e+01  1.060000e+01
     vertex  5.726221e-02  4.858342e+01  1.060000e+01
   endloop
 endfacet
 facet normal  0.000000e+00  0.000000e+00  1.000000e+00
   outer loop
     vertex  1.860857e-01  4.887206e+01  1.060000e+01
     vertex  1.683450e-01  4.884165e+01  1.060000e+01
     vertex  7.771561e-16  4.820184e+01  1.060000e+01
   endloop
 endfacet
 facet normal  0.000000e+00  0.000000e+00  1.000000e+00
   outer loop
     vertex  2.240043e-01  4.893138e+01  1.060000e+01
     vertex  2.046433e-01  4.890198e+01  1.060000e+01
     vertex  1.860857e-01  4.887206e+01  1.060000e+01
   endloop
 endfacet
 facet normal  0.000000e+00  0.000000e+00  1.000000e+00
   outer loop
     vertex  2.441545e-01  4.896025e+01  1.060000e+01
     vertex  2.240043e-01  4.893138e+01  1.060000e+01
     vertex  1.860857e-01  4.887206e+01  1.060000e+01
   endloop
 endfacet
 facet normal  0.000000e+00  0.000000e+00  1.000000e+00
   outer loop
     vertex  2.867626e-01  4.901630e+01  1.060000e+01
     vertex  2.441545e-01  4.896025e+01  1.060000e+01
     vertex  1.860857e-01  4.887206e+01  1.060000e+01
   endloop
 endfacet
 facet normal  0.000000e+00  0.000000e+00  1.000000e+00
   outer loop
     vertex  2.867626e-01  4.901630e+01  1.060000e+01
     vertex  2.650790e-01  4.898857e+01  1.060000e+01
     vertex  2.441545e-01  4.896025e+01  1.060000e+01
   endloop
 endfacet
 facet normal  0.000000e+00  0.000000e+00  1.000000e+00
   outer loop
     vertex  3.323427e-01  4.906996e+01  1.060000e+01
     vertex  2.867626e-01  4.901630e+01  1.060000e+01
     vertex  1.860857e-01  4.887206e+01  1.060000e+01
   endloop
 endfacet
 facet normal  0.000000e+00  0.000000e+00  1.000000e+00
   outer loop
     vertex  3.323427e-01  4.906996e+01  1.060000e+01
     vertex  3.091893e-01  4.904344e+01  1.060000e+01
     vertex  2.867626e-01  4.901630e+01  1.060000e+01
   endloop
 endfacet
 facet normal  0.000000e+00  0.000000e+00  1.000000e+00
   outer loop
     vertex  3.562059e-01  4.909585e+01  1.060000e+01
     vertex  3.323427e-01  4.906996e+01  1.060000e+01
     vertex  1.860857e-01  4.887206e+01  1.060000e+01
   endloop
 endfacet
 facet normal  0.000000e+00  0.000000e+00  1.000000e+00
   outer loop
     vertex  2.400000e+00  4.710184e+01  1.060000e+01
     vertex  7.771561e-16  4.820184e+01  1.060000e+01
     vertex  0.000000e+00  3.588934e+01  1.060000e+01
   endloop
 endfacet
 facet normal  0.000000e+00  0.000000e+00  1.000000e+00
   outer loop
     vertex  2.400000e+00  4.710184e+01  1.060000e+01
     vertex  0.000000e+00  3.588934e+01  1.060000e+01
     vertex  2.400000e+00  3.588934e+01  1.060000e+01
   endloop
 endfacet
 facet normal  0.000000e+00  0.000000e+00  1.000000e+00
   outer loop
     vertex  3.807612e-01  4.912108e+01  1.060000e+01
     vertex  3.562059e-01  4.909585e+01  1.060000e+01
     vertex  1.860857e-01  4.887206e+01  1.060000e+01
   endloop
 endfacet
 facet normal  0.000000e+00  0.000000e+00  1.000000e+00
   outer loop
     vertex  4.059907e-01  4.914563e+01  1.060000e+01
     vertex  1.860857e-01  4.887206e+01  1.060000e+01
     vertex  7.771561e-16  4.820184e+01  1.060000e+01
   endloop
 endfacet
 facet normal  0.000000e+00  0.000000e+00  1.000000e+00
   outer loop
     vertex  4.059907e-01  4.914563e+01  1.060000e+01
     vertex  3.807612e-01  4.912108e+01  1.060000e+01
     vertex  1.860857e-01  4.887206e+01  1.060000e+01
   endloop
 endfacet
 facet normal  0.000000e+00  0.000000e+00  1.000000e+00
   outer loop
     vertex  4.318759e-01  4.916950e+01  1.060000e+01
     vertex  4.059907e-01  4.914563e+01  1.060000e+01
     vertex  7.771561e-16  4.820184e+01  1.060000e+01
   endloop
 endfacet
 facet normal  0.000000e+00  0.000000e+00  1.000000e+00
   outer loop
     vertex  4.583978e-01  4.919265e+01  1.060000e+01
     vertex  4.318759e-01  4.916950e+01  1.060000e+01
     vertex  7.771561e-16  4.820184e+01  1.060000e+01
   endloop
 endfacet
 facet normal  0.000000e+00  0.000000e+00  1.000000e+00
   outer loop
     vertex  4.855370e-01  4.921508e+01  1.060000e+01
     vertex  4.583978e-01  4.919265e+01  1.060000e+01
     vertex  7.771561e-16  4.820184e+01  1.060000e+01
   endloop
 endfacet
 facet normal  0.000000e+00  0.000000e+00  1.000000e+00
   outer loop
     vertex  5.415870e-01  4.925769e+01  1.060000e+01
     vertex  5.132735e-01  4.923676e+01  1.060000e+01
     vertex  4.855370e-01  4.921508e+01  1.060000e+01
   endloop
 endfacet
 facet normal  0.000000e+00  0.000000e+00  1.000000e+00
   outer loop
     vertex  5.704568e-01  4.927784e+01  1.060000e+01
     vertex  5.415870e-01  4.925769e+01  1.060000e+01
     vertex  4.855370e-01  4.921508e+01  1.060000e+01
   endloop
 endfacet
 facet normal  0.000000e+00  0.000000e+00  1.000000e+00
   outer loop
     vertex  5.998616e-01  4.929720e+01  1.060000e+01
     vertex  5.704568e-01  4.927784e+01  1.060000e+01
     vertex  4.855370e-01  4.921508e+01  1.060000e+01
   endloop
 endfacet
 facet normal  0.000000e+00  0.000000e+00  1.000000e+00
   outer loop
     vertex  6.601899e-01  4.933349e+01  1.060000e+01
     vertex  5.998616e-01  4.929720e+01  1.060000e+01
     vertex  4.855370e-01  4.921508e+01  1.060000e+01
   endloop
 endfacet
 facet normal  0.000000e+00  0.000000e+00  1.000000e+00
   outer loop
     vertex  6.601899e-01  4.933349e+01  1.060000e+01
     vertex  6.297800e-01  4.931575e+01  1.060000e+01
     vertex  5.998616e-01  4.929720e+01  1.060000e+01
   endloop
 endfacet
 facet normal  0.000000e+00  0.000000e+00  1.000000e+00
   outer loop
     vertex  6.910690e-01  4.935041e+01  1.060000e+01
     vertex  6.601899e-01  4.933349e+01  1.060000e+01
     vertex  4.855370e-01  4.921508e+01  1.060000e+01
   endloop
 endfacet
 facet normal  0.000000e+00  0.000000e+00  1.000000e+00
   outer loop
     vertex  7.541442e-01  4.938169e+01  1.060000e+01
     vertex  6.910690e-01  4.935041e+01  1.060000e+01
     vertex  4.855370e-01  4.921508e+01  1.060000e+01
   endloop
 endfacet
 facet normal  0.000000e+00  0.000000e+00  1.000000e+00
   outer loop
     vertex  7.541442e-01  4.938169e+01  1.060000e+01
     vertex  7.223948e-01  4.936647e+01  1.060000e+01
     vertex  6.910690e-01  4.935041e+01  1.060000e+01
   endloop
 endfacet
 facet normal  0.000000e+00  0.000000e+00  1.000000e+00
   outer loop
     vertex  8.516998e-01  4.942210e+01  1.060000e+01
     vertex  8.188204e-01  4.940951e+01  1.060000e+01
     vertex  7.862939e-01  4.939604e+01  1.060000e+01
   endloop
 endfacet
 facet normal  0.000000e+00  0.000000e+00  1.000000e+00
   outer loop
     vertex  9.184207e-01  4.944458e+01  1.060000e+01
     vertex  8.516998e-01  4.942210e+01  1.060000e+01
     vertex  7.862939e-01  4.939604e+01  1.060000e+01
   endloop
 endfacet
 facet normal  0.000000e+00  0.000000e+00  1.000000e+00
   outer loop
     vertex  9.184207e-01  4.944458e+01  1.060000e+01
     vertex  8.849080e-01  4.943379e+01  1.060000e+01
     vertex  8.516998e-01  4.942210e+01  1.060000e+01
   endloop
 endfacet
 facet normal  0.000000e+00  0.000000e+00  1.000000e+00
   outer loop
     vertex  9.522132e-01  4.945445e+01  1.060000e+01
     vertex  9.184207e-01  4.944458e+01  1.060000e+01
     vertex  7.862939e-01  4.939604e+01  1.060000e+01
   endloop
 endfacet
 facet normal  0.000000e+00  0.000000e+00  1.000000e+00
   outer loop
     vertex  9.522132e-01  4.945445e+01  1.060000e+01
     vertex  7.862939e-01  4.939604e+01  1.060000e+01
     vertex  7.541442e-01  4.938169e+01  1.060000e+01
   endloop
 endfacet
 facet normal  0.000000e+00  0.000000e+00  1.000000e+00
   outer loop
     vertex  1.020538e+00  4.947145e+01  1.060000e+01
     vertex  7.541442e-01  4.938169e+01  1.060000e+01
     vertex  4.855370e-01  4.921508e+01  1.060000e+01
   endloop
 endfacet
 facet normal  0.000000e+00  0.000000e+00  1.000000e+00
   outer loop
     vertex  1.020538e+00  4.947145e+01  1.060000e+01
     vertex  9.522132e-01  4.945445e+01  1.060000e+01
     vertex  7.541442e-01  4.938169e+01  1.060000e+01
   endloop
 endfacet
 facet normal  0.000000e+00  0.000000e+00  1.000000e+00
   outer loop
     vertex  1.020538e+00  4.947145e+01  1.060000e+01
     vertex  9.862607e-01  4.946341e+01  1.060000e+01
     vertex  9.522132e-01  4.945445e+01  1.060000e+01
   endloop
 endfacet
 facet normal  0.000000e+00  0.000000e+00  1.000000e+00
   outer loop
     vertex  1.089683e+00  4.948471e+01  1.060000e+01
     vertex  1.020538e+00  4.947145e+01  1.060000e+01
     vertex  4.855370e-01  4.921508e+01  1.060000e+01
   endloop
 endfacet
 facet normal  0.000000e+00  0.000000e+00  1.000000e+00
   outer loop
     vertex  1.089683e+00  4.948471e+01  1.060000e+01
     vertex  1.055021e+00  4.947855e+01  1.060000e+01
     vertex  1.020538e+00  4.947145e+01  1.060000e+01
   endloop
 endfacet
 facet normal  0.000000e+00  0.000000e+00  1.000000e+00
   outer loop
     vertex  1.194494e+00  4.949755e+01  1.060000e+01
     vertex  1.159445e+00  4.949422e+01  1.060000e+01
     vertex  1.124500e+00  4.948994e+01  1.060000e+01
   endloop
 endfacet
 facet normal  0.000000e+00  0.000000e+00  1.000000e+00
   outer loop
     vertex  1.229619e+00  4.949993e+01  1.060000e+01
     vertex  1.089683e+00  4.948471e+01  1.060000e+01
     vertex  4.855370e-01  4.921508e+01  1.060000e+01
   endloop
 endfacet
 facet normal  0.000000e+00  0.000000e+00  1.000000e+00
   outer loop
     vertex  1.229619e+00  4.949993e+01  1.060000e+01
     vertex  1.194494e+00  4.949755e+01  1.060000e+01
     vertex  1.124500e+00  4.948994e+01  1.060000e+01
   endloop
 endfacet
 facet normal  0.000000e+00  0.000000e+00  1.000000e+00
   outer loop
     vertex  1.229619e+00  4.949993e+01  1.060000e+01
     vertex  1.124500e+00  4.948994e+01  1.060000e+01
     vertex  1.089683e+00  4.948471e+01  1.060000e+01
   endloop
 endfacet
 facet normal  0.000000e+00  0.000000e+00  1.000000e+00
   outer loop
     vertex  1.229619e+00  4.949993e+01  1.060000e+01
     vertex  4.855370e-01  4.921508e+01  1.060000e+01
     vertex  7.771561e-16  4.820184e+01  1.060000e+01
   endloop
 endfacet
 facet normal  0.000000e+00  0.000000e+00  1.000000e+00
   outer loop
     vertex  1.264797e+00  4.950136e+01  1.060000e+01
     vertex  1.229619e+00  4.949993e+01  1.060000e+01
     vertex  7.771561e-16  4.820184e+01  1.060000e+01
   endloop
 endfacet
 facet normal  0.000000e+00  0.000000e+00  1.000000e+00
   outer loop
     vertex  1.300000e+00  4.950184e+01  1.060000e+01
     vertex  1.264797e+00  4.950136e+01  1.060000e+01
     vertex  7.771561e-16  4.820184e+01  1.060000e+01
   endloop
 endfacet
 facet normal  0.000000e+00  0.000000e+00  1.000000e+00
   outer loop
     vertex  1.300000e+00  4.950184e+01  1.060000e+01
     vertex  7.771561e-16  4.820184e+01  1.060000e+01
     vertex  2.400000e+00  4.710184e+01  1.060000e+01
   endloop
 endfacet
 facet normal  0.000000e+00  0.000000e+00  1.000000e+00
   outer loop
     vertex  1.490000e+02  4.710184e+01  1.060000e+01
     vertex  1.300000e+00  4.950184e+01  1.060000e+01
     vertex  2.400000e+00  4.710184e+01  1.060000e+01
   endloop
 endfacet
 facet normal  0.000000e+00  0.000000e+00  1.000000e+00
   outer loop
     vertex  1.514000e+02  4.490184e+01  1.060000e+01
     vertex  1.490000e+02  4.710184e+01  1.060000e+01
     vertex  1.490000e+02  4.490184e+01  1.060000e+01
   endloop
 endfacet
 facet normal  0.000000e+00  0.000000e+00  1.000000e+00
   outer loop
     vertex  1.501000e+02  4.950184e+01  1.060000e+01
     vertex  1.300000e+00  4.950184e+01  1.060000e+01
     vertex  1.490000e+02  4.710184e+01  1.060000e+01
   endloop
 endfacet
 facet normal  0.000000e+00  0.000000e+00  1.000000e+00
   outer loop
     vertex  1.514000e+02  4.820184e+01  1.060000e+01
     vertex  1.490000e+02  4.710184e+01  1.060000e+01
     vertex  1.514000e+02  4.490184e+01  1.060000e+01
   endloop
 endfacet
 facet normal  0.000000e+00  0.000000e+00  1.000000e+00
   outer loop
     vertex  1.514000e+02  4.820184e+01  1.060000e+01
     vertex  1.501000e+02  4.950184e+01  1.060000e+01
     vertex  1.490000e+02  4.710184e+01  1.060000e+01
   endloop
 endfacet
 facet normal  0.000000e+00  0.000000e+00  1.000000e+00
   outer loop
     vertex  1.513957e+02  4.830735e+01  1.060000e+01
     vertex  1.513995e+02  4.823704e+01  1.060000e+01
     vertex  1.513981e+02  4.827222e+01  1.060000e+01
   endloop
 endfacet
 facet normal  0.000000e+00  0.000000e+00  1.000000e+00
   outer loop
     vertex  1.502755e+02  4.948994e+01  1.060000e+01
     vertex  1.502406e+02  4.949422e+01  1.060000e+01
     vertex  1.502055e+02  4.949755e+01  1.060000e+01
   endloop
 endfacet
 facet normal  0.000000e+00  0.000000e+00  1.000000e+00
   outer loop
     vertex  1.502755e+02  4.948994e+01  1.060000e+01
     vertex  1.502055e+02  4.949755e+01  1.060000e+01
     vertex  1.501704e+02  4.949993e+01  1.060000e+01
   endloop
 endfacet
 facet normal  0.000000e+00  0.000000e+00  1.000000e+00
   outer loop
     vertex  1.513829e+02  4.841216e+01  1.060000e+01
     vertex  1.513924e+02  4.834239e+01  1.060000e+01
     vertex  1.513881e+02  4.837734e+01  1.060000e+01
   endloop
 endfacet
 facet normal  0.000000e+00  0.000000e+00  1.000000e+00
   outer loop
     vertex  1.503450e+02  4.947855e+01  1.060000e+01
     vertex  1.503103e+02  4.948471e+01  1.060000e+01
     vertex  1.502755e+02  4.948994e+01  1.060000e+01
   endloop
 endfacet
 facet normal  0.000000e+00  0.000000e+00  1.000000e+00
   outer loop
     vertex  1.504137e+02  4.946341e+01  1.060000e+01
     vertex  1.503795e+02  4.947145e+01  1.060000e+01
     vertex  1.503450e+02  4.947855e+01  1.060000e+01
   endloop
 endfacet
 facet normal  0.000000e+00  0.000000e+00  1.000000e+00
   outer loop
     vertex  1.504137e+02  4.946341e+01  1.060000e+01
     vertex  1.501704e+02  4.949993e+01  1.060000e+01
     vertex  1.501352e+02  4.950136e+01  1.060000e+01
   endloop
 endfacet
 facet normal  0.000000e+00  0.000000e+00  1.000000e+00
   outer loop
     vertex  1.504137e+02  4.946341e+01  1.060000e+01
     vertex  1.501352e+02  4.950136e+01  1.060000e+01
     vertex  1.501000e+02  4.950184e+01  1.060000e+01
   endloop
 endfacet
 facet normal  0.000000e+00  0.000000e+00  1.000000e+00
   outer loop
     vertex  1.504137e+02  4.946341e+01  1.060000e+01
     vertex  1.503450e+02  4.947855e+01  1.060000e+01
     vertex  1.502755e+02  4.948994e+01  1.060000e+01
   endloop
 endfacet
 facet normal  0.000000e+00  0.000000e+00  1.000000e+00
   outer loop
     vertex  1.504137e+02  4.946341e+01  1.060000e+01
     vertex  1.502755e+02  4.948994e+01  1.060000e+01
     vertex  1.501704e+02  4.949993e+01  1.060000e+01
   endloop
 endfacet
 facet normal  0.000000e+00  0.000000e+00  1.000000e+00
   outer loop
     vertex  1.513526e+02  4.854963e+01  1.060000e+01
     vertex  1.513957e+02  4.830735e+01  1.060000e+01
     vertex  1.513924e+02  4.834239e+01  1.060000e+01
   endloop
 endfacet
 facet normal  0.000000e+00  0.000000e+00  1.000000e+00
   outer loop
     vertex  1.513526e+02  4.854963e+01  1.060000e+01
     vertex  1.513829e+02  4.841216e+01  1.060000e+01
     vertex  1.513767e+02  4.844682e+01  1.060000e+01
   endloop
 endfacet
 facet normal  0.000000e+00  0.000000e+00  1.000000e+00
   outer loop
     vertex  1.513526e+02  4.854963e+01  1.060000e+01
     vertex  1.513767e+02  4.844682e+01  1.060000e+01
     vertex  1.513696e+02  4.848130e+01  1.060000e+01
   endloop
 endfacet
 facet normal  0.000000e+00  0.000000e+00  1.000000e+00
   outer loop
     vertex  1.513526e+02  4.854963e+01  1.060000e+01
     vertex  1.513696e+02  4.848130e+01  1.060000e+01
     vertex  1.513616e+02  4.851558e+01  1.060000e+01
   endloop
 endfacet
 facet normal  0.000000e+00  0.000000e+00  1.000000e+00
   outer loop
     vertex  1.513526e+02  4.854963e+01  1.060000e+01
     vertex  1.513995e+02  4.823704e+01  1.060000e+01
     vertex  1.513957e+02  4.830735e+01  1.060000e+01
   endloop
 endfacet
 facet normal  0.000000e+00  0.000000e+00  1.000000e+00
   outer loop
     vertex  1.513526e+02  4.854963e+01  1.060000e+01
     vertex  1.513924e+02  4.834239e+01  1.060000e+01
     vertex  1.513829e+02  4.841216e+01  1.060000e+01
   endloop
 endfacet
 facet normal  0.000000e+00  0.000000e+00  1.000000e+00
   outer loop
     vertex  1.513427e+02  4.858342e+01  1.060000e+01
     vertex  1.513995e+02  4.823704e+01  1.060000e+01
     vertex  1.513526e+02  4.854963e+01  1.060000e+01
   endloop
 endfacet
 facet normal  0.000000e+00  0.000000e+00  1.000000e+00
   outer loop
     vertex  1.505151e+02  4.943379e+01  1.060000e+01
     vertex  1.504816e+02  4.944458e+01  1.060000e+01
     vertex  1.504478e+02  4.945445e+01  1.060000e+01
   endloop
 endfacet
 facet normal  0.000000e+00  0.000000e+00  1.000000e+00
   outer loop
     vertex  1.505151e+02  4.943379e+01  1.060000e+01
     vertex  1.504478e+02  4.945445e+01  1.060000e+01
     vertex  1.504137e+02  4.946341e+01  1.060000e+01
   endloop
 endfacet
 facet normal  0.000000e+00  0.000000e+00  1.000000e+00
   outer loop
     vertex  1.505151e+02  4.943379e+01  1.060000e+01
     vertex  1.504137e+02  4.946341e+01  1.060000e+01
     vertex  1.501000e+02  4.950184e+01  1.060000e+01
   endloop
 endfacet
 facet normal  0.000000e+00  0.000000e+00  1.000000e+00
   outer loop
     vertex  1.513319e+02  4.861693e+01  1.060000e+01
     vertex  1.514000e+02  4.820184e+01  1.060000e+01
     vertex  1.513995e+02  4.823704e+01  1.060000e+01
   endloop
 endfacet
 facet normal  0.000000e+00  0.000000e+00  1.000000e+00
   outer loop
     vertex  1.513319e+02  4.861693e+01  1.060000e+01
     vertex  1.513995e+02  4.823704e+01  1.060000e+01
     vertex  1.513427e+02  4.858342e+01  1.060000e+01
   endloop
 endfacet
 facet normal  0.000000e+00  0.000000e+00  1.000000e+00
   outer loop
     vertex  1.505812e+02  4.940951e+01  1.060000e+01
     vertex  1.505483e+02  4.942210e+01  1.060000e+01
     vertex  1.505151e+02  4.943379e+01  1.060000e+01
   endloop
 endfacet
 facet normal  0.000000e+00  0.000000e+00  1.000000e+00
   outer loop
     vertex  1.513077e+02  4.868302e+01  1.060000e+01
     vertex  1.513319e+02  4.861693e+01  1.060000e+01
     vertex  1.513203e+02  4.865014e+01  1.060000e+01
   endloop
 endfacet
 facet normal  0.000000e+00  0.000000e+00  1.000000e+00
   outer loop
     vertex  1.506137e+02  4.939604e+01  1.060000e+01
     vertex  1.505812e+02  4.940951e+01  1.060000e+01
     vertex  1.505151e+02  4.943379e+01  1.060000e+01
   endloop
 endfacet
 facet normal  0.000000e+00  0.000000e+00  1.000000e+00
   outer loop
     vertex  1.512942e+02  4.871555e+01  1.060000e+01
     vertex  1.513319e+02  4.861693e+01  1.060000e+01
     vertex  1.513077e+02  4.868302e+01  1.060000e+01
   endloop
 endfacet
 facet normal  0.000000e+00  0.000000e+00  1.000000e+00
   outer loop
     vertex  1.512798e+02  4.874770e+01  1.060000e+01
     vertex  1.505151e+02  4.943379e+01  1.060000e+01
     vertex  1.501000e+02  4.950184e+01  1.060000e+01
   endloop
 endfacet
 facet normal  0.000000e+00  0.000000e+00  1.000000e+00
   outer loop
     vertex  1.512798e+02  4.874770e+01  1.060000e+01
     vertex  1.514000e+02  4.820184e+01  1.060000e+01
     vertex  1.513319e+02  4.861693e+01  1.060000e+01
   endloop
 endfacet
 facet normal  0.000000e+00  0.000000e+00  1.000000e+00
   outer loop
     vertex  1.512798e+02  4.874770e+01  1.060000e+01
     vertex  1.513319e+02  4.861693e+01  1.060000e+01
     vertex  1.512942e+02  4.871555e+01  1.060000e+01
   endloop
 endfacet
 facet normal  0.000000e+00  0.000000e+00  1.000000e+00
   outer loop
     vertex  1.512798e+02  4.874770e+01  1.060000e+01
     vertex  1.501000e+02  4.950184e+01  1.060000e+01
     vertex  1.514000e+02  4.820184e+01  1.060000e+01
   endloop
 endfacet
 facet normal  0.000000e+00  0.000000e+00  1.000000e+00
   outer loop
     vertex  1.512486e+02  4.881077e+01  1.060000e+01
     vertex  1.512798e+02  4.874770e+01  1.060000e+01
     vertex  1.512646e+02  4.877945e+01  1.060000e+01
   endloop
 endfacet
 facet normal  0.000000e+00  0.000000e+00  1.000000e+00
   outer loop
     vertex  1.507089e+02  4.935041e+01  1.060000e+01
     vertex  1.506137e+02  4.939604e+01  1.060000e+01
     vertex  1.505151e+02  4.943379e+01  1.060000e+01
   endloop
 endfacet
 facet normal  0.000000e+00  0.000000e+00  1.000000e+00
   outer loop
     vertex  1.507089e+02  4.935041e+01  1.060000e+01
     vertex  1.506776e+02  4.936647e+01  1.060000e+01
     vertex  1.506459e+02  4.938169e+01  1.060000e+01
   endloop
 endfacet
 facet normal  0.000000e+00  0.000000e+00  1.000000e+00
   outer loop
     vertex  1.507089e+02  4.935041e+01  1.060000e+01
     vertex  1.506459e+02  4.938169e+01  1.060000e+01
     vertex  1.506137e+02  4.939604e+01  1.060000e+01
   endloop
 endfacet
 facet normal  0.000000e+00  0.000000e+00  1.000000e+00
   outer loop
     vertex  1.507702e+02  4.931575e+01  1.060000e+01
     vertex  1.507398e+02  4.933349e+01  1.060000e+01
     vertex  1.507089e+02  4.935041e+01  1.060000e+01
   endloop
 endfacet
 facet normal  0.000000e+00  0.000000e+00  1.000000e+00
   outer loop
     vertex  1.508295e+02  4.927784e+01  1.060000e+01
     vertex  1.507702e+02  4.931575e+01  1.060000e+01
     vertex  1.507089e+02  4.935041e+01  1.060000e+01
   endloop
 endfacet
 facet normal  0.000000e+00  0.000000e+00  1.000000e+00
   outer loop
     vertex  1.508295e+02  4.927784e+01  1.060000e+01
     vertex  1.508001e+02  4.929720e+01  1.060000e+01
     vertex  1.507702e+02  4.931575e+01  1.060000e+01
   endloop
 endfacet
 facet normal  0.000000e+00  0.000000e+00  1.000000e+00
   outer loop
     vertex  1.511760e+02  4.893138e+01  1.060000e+01
     vertex  1.512486e+02  4.881077e+01  1.060000e+01
     vertex  1.512317e+02  4.884165e+01  1.060000e+01
   endloop
 endfacet
 facet normal  0.000000e+00  0.000000e+00  1.000000e+00
   outer loop
     vertex  1.511760e+02  4.893138e+01  1.060000e+01
     vertex  1.512317e+02  4.884165e+01  1.060000e+01
     vertex  1.512139e+02  4.887206e+01  1.060000e+01
   endloop
 endfacet
 facet normal  0.000000e+00  0.000000e+00  1.000000e+00
   outer loop
     vertex  1.511760e+02  4.893138e+01  1.060000e+01
     vertex  1.512139e+02  4.887206e+01  1.060000e+01
     vertex  1.511954e+02  4.890198e+01  1.060000e+01
   endloop
 endfacet
 facet normal  0.000000e+00  0.000000e+00  1.000000e+00
   outer loop
     vertex  1.511558e+02  4.896025e+01  1.060000e+01
     vertex  1.512798e+02  4.874770e+01  1.060000e+01
     vertex  1.512486e+02  4.881077e+01  1.060000e+01
   endloop
 endfacet
 facet normal  0.000000e+00  0.000000e+00  1.000000e+00
   outer loop
     vertex  1.511558e+02  4.896025e+01  1.060000e+01
     vertex  1.512486e+02  4.881077e+01  1.060000e+01
     vertex  1.511760e+02  4.893138e+01  1.060000e+01
   endloop
 endfacet
 facet normal  0.000000e+00  0.000000e+00  1.000000e+00
   outer loop
     vertex  1.508867e+02  4.923676e+01  1.060000e+01
     vertex  1.507089e+02  4.935041e+01  1.060000e+01
     vertex  1.505151e+02  4.943379e+01  1.060000e+01
   endloop
 endfacet
 facet normal  0.000000e+00  0.000000e+00  1.000000e+00
   outer loop
     vertex  1.508867e+02  4.923676e+01  1.060000e+01
     vertex  1.508584e+02  4.925769e+01  1.060000e+01
     vertex  1.508295e+02  4.927784e+01  1.060000e+01
   endloop
 endfacet
 facet normal  0.000000e+00  0.000000e+00  1.000000e+00
   outer loop
     vertex  1.508867e+02  4.923676e+01  1.060000e+01
     vertex  1.508295e+02  4.927784e+01  1.060000e+01
     vertex  1.507089e+02  4.935041e+01  1.060000e+01
   endloop
 endfacet
 facet normal  0.000000e+00  0.000000e+00  1.000000e+00
   outer loop
     vertex  1.509145e+02  4.921508e+01  1.060000e+01
     vertex  1.508867e+02  4.923676e+01  1.060000e+01
     vertex  1.505151e+02  4.943379e+01  1.060000e+01
   endloop
 endfacet
 facet normal  0.000000e+00  0.000000e+00  1.000000e+00
   outer loop
     vertex  1.509416e+02  4.919265e+01  1.060000e+01
     vertex  1.509145e+02  4.921508e+01  1.060000e+01
     vertex  1.505151e+02  4.943379e+01  1.060000e+01
   endloop
 endfacet
 facet normal  0.000000e+00  0.000000e+00  1.000000e+00
   outer loop
     vertex  1.510908e+02  4.904344e+01  1.060000e+01
     vertex  1.511558e+02  4.896025e+01  1.060000e+01
     vertex  1.511349e+02  4.898857e+01  1.060000e+01
   endloop
 endfacet
 facet normal  0.000000e+00  0.000000e+00  1.000000e+00
   outer loop
     vertex  1.510908e+02  4.904344e+01  1.060000e+01
     vertex  1.511349e+02  4.898857e+01  1.060000e+01
     vertex  1.511132e+02  4.901630e+01  1.060000e+01
   endloop
 endfacet
 facet normal  0.000000e+00  0.000000e+00  1.000000e+00
   outer loop
     vertex  1.509681e+02  4.916950e+01  1.060000e+01
     vertex  1.509416e+02  4.919265e+01  1.060000e+01
     vertex  1.505151e+02  4.943379e+01  1.060000e+01
   endloop
 endfacet
 facet normal  0.000000e+00  0.000000e+00  1.000000e+00
   outer loop
     vertex  1.510192e+02  4.912108e+01  1.060000e+01
     vertex  1.505151e+02  4.943379e+01  1.060000e+01
     vertex  1.512798e+02  4.874770e+01  1.060000e+01
   endloop
 endfacet
 facet normal  0.000000e+00  0.000000e+00  1.000000e+00
   outer loop
     vertex  1.510192e+02  4.912108e+01  1.060000e+01
     vertex  1.510908e+02  4.904344e+01  1.060000e+01
     vertex  1.510677e+02  4.906996e+01  1.060000e+01
   endloop
 endfacet
 facet normal  0.000000e+00  0.000000e+00  1.000000e+00
   outer loop
     vertex  1.510192e+02  4.912108e+01  1.060000e+01
     vertex  1.510677e+02  4.906996e+01  1.060000e+01
     vertex  1.510438e+02  4.909585e+01  1.060000e+01
   endloop
 endfacet
 facet normal  0.000000e+00  0.000000e+00  1.000000e+00
   outer loop
     vertex  1.510192e+02  4.912108e+01  1.060000e+01
     vertex  1.509940e+02  4.914563e+01  1.060000e+01
     vertex  1.509681e+02  4.916950e+01  1.060000e+01
   endloop
 endfacet
 facet normal  0.000000e+00  0.000000e+00  1.000000e+00
   outer loop
     vertex  1.510192e+02  4.912108e+01  1.060000e+01
     vertex  1.512798e+02  4.874770e+01  1.060000e+01
     vertex  1.511558e+02  4.896025e+01  1.060000e+01
   endloop
 endfacet
 facet normal  0.000000e+00  0.000000e+00  1.000000e+00
   outer loop
     vertex  1.510192e+02  4.912108e+01  1.060000e+01
     vertex  1.511558e+02  4.896025e+01  1.060000e+01
     vertex  1.510908e+02  4.904344e+01  1.060000e+01
   endloop
 endfacet
 facet normal  0.000000e+00  0.000000e+00  1.000000e+00
   outer loop
     vertex  1.510192e+02  4.912108e+01  1.060000e+01
     vertex  1.509681e+02  4.916950e+01  1.060000e+01
     vertex  1.505151e+02  4.943379e+01  1.060000e+01
   endloop
 endfacet
 facet normal  0.000000e+00 -1.000000e+00  0.000000e+00
   outer loop
     vertex  1.490000e+02  4.490184e+01  1.060000e+01
     vertex  1.490000e+02  4.490184e+01  2.200000e+00
     vertex  1.514000e+02  4.490184e+01  2.200000e+00
   endloop
 endfacet
 facet normal -0.000000e+00 -1.000000e+00 -0.000000e+00
   outer loop
     vertex  1.514000e+02  4.490184e+01  1.060000e+01
     vertex  1.490000e+02  4.490184e+01  1.060000e+01
     vertex  1.514000e+02  4.490184e+01  2.200000e+00
   endloop
 endfacet
 facet normal  0.000000e+00  0.000000e+00  1.000000e+00
   outer loop
     vertex  1.514000e+02  4.490184e+01  2.200000e+00
     vertex  1.490000e+02  4.490184e+01  2.200000e+00
     vertex  1.490000e+02  3.172684e+01  2.200000e+00
   endloop
 endfacet
 facet normal  0.000000e+00  0.000000e+00  1.000000e+00
   outer loop
     vertex  1.514000e+02  4.490184e+01  2.200000e+00
     vertex  1.490000e+02  3.172684e+01  2.200000e+00
     vertex  1.514000e+02  3.172684e+01  2.200000e+00
   endloop
 endfacet
 facet normal  0.000000e+00  1.000000e+00  0.000000e+00
   outer loop
     vertex  1.490000e+02  3.172684e+01  1.060000e+01
     vertex  1.514000e+02  3.172684e+01  2.200000e+00
     vertex  1.490000e+02  3.172684e+01  2.200000e+00
   endloop
 endfacet
 facet normal  0.000000e+00  1.000000e+00  0.000000e+00
   outer loop
     vertex  1.514000e+02  3.172684e+01  1.060000e+01
     vertex  1.514000e+02  3.172684e+01  2.200000e+00
     vertex  1.490000e+02  3.172684e+01  1.060000e+01
   endloop
 endfacet
 facet normal  0.000000e+00  0.000000e+00  1.000000e+00
   outer loop
     vertex  1.514000e+02  3.172684e+01  1.060000e+01
     vertex  1.490000e+02  2.527184e+01  1.060000e+01
     vertex  1.514000e+02  2.527184e+01  1.060000e+01
   endloop
 endfacet
 facet normal  0.000000e+00  0.000000e+00  1.000000e+00
   outer loop
     vertex  1.514000e+02  3.172684e+01  1.060000e+01
     vertex  1.490000e+02  3.172684e+01  1.060000e+01
     vertex  1.490000e+02  2.527184e+01  1.060000e+01
   endloop
 endfacet
 facet normal  0.000000e+00 -1.000000e+00  0.000000e+00
   outer loop
     vertex  1.490000e+02  2.527184e+01  1.060000e+01
     vertex  1.490000e+02  2.527184e+01  2.200000e+00
     vertex  1.514000e+02  2.527184e+01  2.200000e+00
   endloop
 endfacet
 facet normal -0.000000e+00 -1.000000e+00 -0.000000e+00
   outer loop
     vertex  1.514000e+02  2.527184e+01  1.060000e+01
     vertex  1.490000e+02  2.527184e+01  1.060000e+01
     vertex  1.514000e+02  2.527184e+01  2.200000e+00
   endloop
 endfacet
 facet normal  0.000000e+00  0.000000e+00  1.000000e+00
   outer loop
     vertex  1.490000e+02  2.527184e+01  2.200000e+00
     vertex  1.490000e+02  4.291839e+00  2.200000e+00
     vertex  1.514000e+02  4.291839e+00  2.200000e+00
   endloop
 endfacet
 facet normal  0.000000e+00  0.000000e+00  1.000000e+00
   outer loop
     vertex  1.514000e+02  2.527184e+01  2.200000e+00
     vertex  1.490000e+02  2.527184e+01  2.200000e+00
     vertex  1.514000e+02  4.291839e+00  2.200000e+00
   endloop
 endfacet
 facet normal  0.000000e+00  0.000000e+00  1.000000e+00
   outer loop
     vertex  1.360000e+01  6.550920e+00  2.000000e+00
     vertex  2.400000e+00  2.400000e+00  2.000000e+00
     vertex  1.695000e+01  2.400000e+00  2.000000e+00
   endloop
 endfacet
 facet normal  0.000000e+00  0.000000e+00  1.000000e+00
   outer loop
     vertex  1.360000e+01  6.550920e+00  2.000000e+00
     vertex  1.010000e+01  1.005092e+01  2.000000e+00
     vertex  2.400000e+00  2.400000e+00  2.000000e+00
   endloop
 endfacet
 facet normal  0.000000e+00  0.000000e+00  1.000000e+00
   outer loop
     vertex  1.695000e+01  4.350000e+00  2.000000e+00
     vertex  1.360000e+01  6.550920e+00  2.000000e+00
     vertex  1.695000e+01  2.400000e+00  2.000000e+00
   endloop
 endfacet
 facet normal  0.000000e+00  0.000000e+00  1.000000e+00
   outer loop
     vertex  6.200000e+00  1.985092e+01  2.000000e+00
     vertex  2.400000e+00  2.400000e+00  2.000000e+00
     vertex  1.010000e+01  1.005092e+01  2.000000e+00
   endloop
 endfacet
 facet normal  0.000000e+00  0.000000e+00  1.000000e+00
   outer loop
     vertex  6.200000e+00  1.985092e+01  2.000000e+00
     vertex  1.010000e+01  1.005092e+01  2.000000e+00
     vertex  9.700000e+00  1.635092e+01  2.000000e+00
   endloop
 endfacet
 facet normal  0.000000e+00  0.000000e+00  1.000000e+00
   outer loop
     vertex  1.360000e+01  1.355092e+01  2.000000e+00
     vertex  9.700000e+00  1.635092e+01  2.000000e+00
     vertex  1.010000e+01  1.005092e+01  2.000000e+00
   endloop
 endfacet
 facet normal  0.000000e+00  0.000000e+00  1.000000e+00
   outer loop
     vertex  1.842500e+01  1.635092e+01  2.000000e+00
     vertex  9.700000e+00  1.635092e+01  2.000000e+00
     vertex  1.360000e+01  1.355092e+01  2.000000e+00
   endloop
 endfacet
 facet normal  0.000000e+00  0.000000e+00  1.000000e+00
   outer loop
     vertex  6.200000e+00  2.965092e+01  2.000000e+00
     vertex  2.400000e+00  2.400000e+00  2.000000e+00
     vertex  6.200000e+00  1.985092e+01  2.000000e+00
   endloop
 endfacet
 facet normal  0.000000e+00  0.000000e+00  1.000000e+00
   outer loop
     vertex  9.700000e+00  2.615092e+01  2.000000e+00
     vertex  6.200000e+00  2.965092e+01  2.000000e+00
     vertex  6.200000e+00  1.985092e+01  2.000000e+00
   endloop
 endfacet
 facet normal  0.000000e+00  0.000000e+00  1.000000e+00
   outer loop
     vertex  9.700000e+00  2.615092e+01  2.000000e+00
     vertex  6.200000e+00  1.985092e+01  2.000000e+00
     vertex  9.700000e+00  2.335092e+01  2.000000e+00
   endloop
 endfacet
 facet normal  0.000000e+00  0.000000e+00  1.000000e+00
   outer loop
     vertex  2.822500e+01  1.635092e+01  2.000000e+00
     vertex  2.192500e+01  1.985092e+01  2.000000e+00
     vertex  1.842500e+01  1.635092e+01  2.000000e+00
   endloop
 endfacet
 facet normal  0.000000e+00  0.000000e+00  1.000000e+00
   outer loop
     vertex  1.842500e+01  2.615092e+01  2.000000e+00
     vertex  9.700000e+00  2.615092e+01  2.000000e+00
     vertex  9.700000e+00  2.335092e+01  2.000000e+00
   endloop
 endfacet
 facet normal  0.000000e+00  0.000000e+00  1.000000e+00
   outer loop
     vertex  1.842500e+01  2.615092e+01  2.000000e+00
     vertex  9.700000e+00  2.335092e+01  2.000000e+00
     vertex  1.842500e+01  2.335092e+01  2.000000e+00
   endloop
 endfacet
 facet normal  0.000000e+00  0.000000e+00  1.000000e+00
   outer loop
     vertex  1.842500e+01  2.615092e+01  2.000000e+00
     vertex  1.842500e+01  2.335092e+01  2.000000e+00
     vertex  2.192500e+01  1.985092e+01  2.000000e+00
   endloop
 endfacet
 facet normal  0.000000e+00  0.000000e+00  1.000000e+00
   outer loop
     vertex  2.472500e+01  1.985092e+01  2.000000e+00
     vertex  2.192500e+01  1.985092e+01  2.000000e+00
     vertex  2.822500e+01  1.635092e+01  2.000000e+00
   endloop
 endfacet
 facet normal  0.000000e+00  0.000000e+00  1.000000e+00
   outer loop
     vertex  3.690000e+01  1.005092e+01  2.000000e+00
     vertex  3.410000e+01  1.005092e+01  2.000000e+00
     vertex  3.060000e+01  6.550920e+00  2.000000e+00
   endloop
 endfacet
 facet normal  0.000000e+00  0.000000e+00  1.000000e+00
   outer loop
     vertex  3.690000e+01  1.005092e+01  2.000000e+00
     vertex  3.060000e+01  6.550920e+00  2.000000e+00
     vertex  4.040000e+01  6.550920e+00  2.000000e+00
   endloop
 endfacet
 facet normal  0.000000e+00  0.000000e+00  1.000000e+00
   outer loop
     vertex  2.400000e+00  4.710184e+01  2.000000e+00
     vertex  2.400000e+00  2.400000e+00  2.000000e+00
     vertex  6.200000e+00  2.965092e+01  2.000000e+00
   endloop
 endfacet
 facet normal  0.000000e+00  0.000000e+00  1.000000e+00
   outer loop
     vertex  1.010000e+01  3.945092e+01  2.000000e+00
     vertex  2.400000e+00  4.710184e+01  2.000000e+00
     vertex  6.200000e+00  2.965092e+01  2.000000e+00
   endloop
 endfacet
 facet normal  0.000000e+00  0.000000e+00  1.000000e+00
   outer loop
     vertex  1.010000e+01  3.945092e+01  2.000000e+00
     vertex  6.200000e+00  2.965092e+01  2.000000e+00
     vertex  9.700000e+00  3.315092e+01  2.000000e+00
   endloop
 endfacet
 facet normal  0.000000e+00  0.000000e+00  1.000000e+00
   outer loop
     vertex  1.360000e+01  3.595092e+01  2.000000e+00
     vertex  1.010000e+01  3.945092e+01  2.000000e+00
     vertex  9.700000e+00  3.315092e+01  2.000000e+00
   endloop
 endfacet
 facet normal  0.000000e+00  0.000000e+00  1.000000e+00
   outer loop
     vertex  1.842500e+01  3.315092e+01  2.000000e+00
     vertex  1.360000e+01  3.595092e+01  2.000000e+00
     vertex  9.700000e+00  3.315092e+01  2.000000e+00
   endloop
 endfacet
 facet normal  0.000000e+00  0.000000e+00  1.000000e+00
   outer loop
     vertex  2.822500e+01  2.335092e+01  2.000000e+00
     vertex  2.192500e+01  1.985092e+01  2.000000e+00
     vertex  2.472500e+01  1.985092e+01  2.000000e+00
   endloop
 endfacet
 facet normal  0.000000e+00  0.000000e+00  1.000000e+00
   outer loop
     vertex  3.695000e+01  1.635092e+01  2.000000e+00
     vertex  3.060000e+01  1.355092e+01  2.000000e+00
     vertex  3.410000e+01  1.005092e+01  2.000000e+00
   endloop
 endfacet
 facet normal  0.000000e+00  0.000000e+00  1.000000e+00
   outer loop
     vertex  3.695000e+01  1.635092e+01  2.000000e+00
     vertex  2.822500e+01  1.635092e+01  2.000000e+00
     vertex  3.060000e+01  1.355092e+01  2.000000e+00
   endloop
 endfacet
 facet normal  0.000000e+00  0.000000e+00  1.000000e+00
   outer loop
     vertex  3.695000e+01  1.635092e+01  2.000000e+00
     vertex  3.410000e+01  1.005092e+01  2.000000e+00
     vertex  3.690000e+01  1.005092e+01  2.000000e+00
   endloop
 endfacet
 facet normal  0.000000e+00  0.000000e+00  1.000000e+00
   outer loop
     vertex  4.040000e+01  1.355092e+01  2.000000e+00
     vertex  3.695000e+01  1.635092e+01  2.000000e+00
     vertex  3.690000e+01  1.005092e+01  2.000000e+00
   endloop
 endfacet
 facet normal  0.000000e+00  0.000000e+00  1.000000e+00
   outer loop
     vertex  2.472500e+01  2.965092e+01  2.000000e+00
     vertex  1.842500e+01  2.615092e+01  2.000000e+00
     vertex  2.192500e+01  1.985092e+01  2.000000e+00
   endloop
 endfacet
 facet normal  0.000000e+00  0.000000e+00  1.000000e+00
   outer loop
     vertex  2.472500e+01  2.965092e+01  2.000000e+00
     vertex  2.192500e+01  2.965092e+01  2.000000e+00
     vertex  1.842500e+01  2.615092e+01  2.000000e+00
   endloop
 endfacet
 facet normal  0.000000e+00  0.000000e+00  1.000000e+00
   outer loop
     vertex  2.472500e+01  2.965092e+01  2.000000e+00
     vertex  1.842500e+01  3.315092e+01  2.000000e+00
     vertex  2.192500e+01  2.965092e+01  2.000000e+00
   endloop
 endfacet
 facet normal  0.000000e+00  0.000000e+00  1.000000e+00
   outer loop
     vertex  2.822500e+01  2.615092e+01  2.000000e+00
     vertex  2.192500e+01  1.985092e+01  2.000000e+00
     vertex  2.822500e+01  2.335092e+01  2.000000e+00
   endloop
 endfacet
 facet normal  0.000000e+00  0.000000e+00  1.000000e+00
   outer loop
     vertex  2.822500e+01  2.615092e+01  2.000000e+00
     vertex  2.472500e+01  2.965092e+01  2.000000e+00
     vertex  2.192500e+01  1.985092e+01  2.000000e+00
   endloop
 endfacet
 facet normal  0.000000e+00  0.000000e+00  1.000000e+00
   outer loop
     vertex  1.360000e+01  4.295092e+01  2.000000e+00
     vertex  2.400000e+00  4.710184e+01  2.000000e+00
     vertex  1.010000e+01  3.945092e+01  2.000000e+00
   endloop
 endfacet
 facet normal  0.000000e+00  0.000000e+00  1.000000e+00
   outer loop
     vertex  4.045000e+01  1.985092e+01  2.000000e+00
     vertex  3.695000e+01  1.635092e+01  2.000000e+00
     vertex  4.040000e+01  1.355092e+01  2.000000e+00
   endloop
 endfacet
 facet normal  0.000000e+00  0.000000e+00  1.000000e+00
   outer loop
     vertex  2.822500e+01  3.315092e+01  2.000000e+00
     vertex  1.842500e+01  3.315092e+01  2.000000e+00
     vertex  2.472500e+01  2.965092e+01  2.000000e+00
   endloop
 endfacet
 facet normal  0.000000e+00  0.000000e+00  1.000000e+00
   outer loop
     vertex  3.695000e+01  2.615092e+01  2.000000e+00
     vertex  2.822500e+01  2.335092e+01  2.000000e+00
     vertex  3.695000e+01  2.335092e+01  2.000000e+00
   endloop
 endfacet
 facet normal  0.000000e+00  0.000000e+00  1.000000e+00
   outer loop
     vertex  3.695000e+01  2.615092e+01  2.000000e+00
     vertex  3.695000e+01  2.335092e+01  2.000000e+00
     vertex  4.045000e+01  1.985092e+01  2.000000e+00
   endloop
 endfacet
 facet normal  0.000000e+00  0.000000e+00  1.000000e+00
   outer loop
     vertex  3.695000e+01  2.615092e+01  2.000000e+00
     vertex  2.822500e+01  2.615092e+01  2.000000e+00
     vertex  2.822500e+01  2.335092e+01  2.000000e+00
   endloop
 endfacet
 facet normal  0.000000e+00  0.000000e+00  1.000000e+00
   outer loop
     vertex  1.695000e+01  4.710184e+01  2.000000e+00
     vertex  2.400000e+00  4.710184e+01  2.000000e+00
     vertex  1.360000e+01  4.295092e+01  2.000000e+00
   endloop
 endfacet
 facet normal  0.000000e+00  0.000000e+00  1.000000e+00
   outer loop
     vertex  1.695000e+01  4.710184e+01  2.000000e+00
     vertex  1.360000e+01  4.295092e+01  2.000000e+00
     vertex  1.695000e+01  4.515184e+01  2.000000e+00
   endloop
 endfacet
 facet normal  0.000000e+00  0.000000e+00  1.000000e+00
   outer loop
     vertex  4.045000e+01  2.965092e+01  2.000000e+00
     vertex  3.695000e+01  2.615092e+01  2.000000e+00
     vertex  4.045000e+01  1.985092e+01  2.000000e+00
   endloop
 endfacet
 facet normal  0.000000e+00  0.000000e+00  1.000000e+00
   outer loop
     vertex  3.695000e+01  3.315092e+01  2.000000e+00
     vertex  3.060000e+01  3.595092e+01  2.000000e+00
     vertex  2.822500e+01  3.315092e+01  2.000000e+00
   endloop
 endfacet
 facet normal  0.000000e+00  0.000000e+00  1.000000e+00
   outer loop
     vertex  4.827712e+01  2.352033e+01  2.000000e+00
     vertex  4.824380e+01  2.355297e+01  2.000000e+00
     vertex  4.045000e+01  1.985092e+01  2.000000e+00
   endloop
 endfacet
 facet normal  0.000000e+00  0.000000e+00  1.000000e+00
   outer loop
     vertex  4.821139e+01  2.358651e+01  2.000000e+00
     vertex  4.045000e+01  1.985092e+01  2.000000e+00
     vertex  4.824380e+01  2.355297e+01  2.000000e+00
   endloop
 endfacet
 facet normal  0.000000e+00  0.000000e+00  1.000000e+00
   outer loop
     vertex  4.831132e+01  2.348861e+01  2.000000e+00
     vertex  4.827712e+01  2.352033e+01  2.000000e+00
     vertex  4.045000e+01  1.985092e+01  2.000000e+00
   endloop
 endfacet
 facet normal  0.000000e+00  0.000000e+00  1.000000e+00
   outer loop
     vertex  4.817991e+01  2.362093e+01  2.000000e+00
     vertex  4.045000e+01  1.985092e+01  2.000000e+00
     vertex  4.821139e+01  2.358651e+01  2.000000e+00
   endloop
 endfacet
 facet normal  0.000000e+00  0.000000e+00  1.000000e+00
   outer loop
     vertex  4.834638e+01  2.345785e+01  2.000000e+00
     vertex  4.831132e+01  2.348861e+01  2.000000e+00
     vertex  4.045000e+01  1.985092e+01  2.000000e+00
   endloop
 endfacet
 facet normal  0.000000e+00  0.000000e+00  1.000000e+00
   outer loop
     vertex  4.814939e+01  2.365620e+01  2.000000e+00
     vertex  4.045000e+01  1.985092e+01  2.000000e+00
     vertex  4.817991e+01  2.362093e+01  2.000000e+00
   endloop
 endfacet
 facet normal  0.000000e+00  0.000000e+00  1.000000e+00
   outer loop
     vertex  4.838227e+01  2.342806e+01  2.000000e+00
     vertex  4.834638e+01  2.345785e+01  2.000000e+00
     vertex  4.045000e+01  1.985092e+01  2.000000e+00
   endloop
 endfacet
 facet normal  0.000000e+00  0.000000e+00  1.000000e+00
   outer loop
     vertex  4.811985e+01  2.369229e+01  2.000000e+00
     vertex  4.045000e+01  1.985092e+01  2.000000e+00
     vertex  4.814939e+01  2.365620e+01  2.000000e+00
   endloop
 endfacet
 facet normal  0.000000e+00  0.000000e+00  1.000000e+00
   outer loop
     vertex  4.841896e+01  2.339927e+01  2.000000e+00
     vertex  4.838227e+01  2.342806e+01  2.000000e+00
     vertex  4.045000e+01  1.985092e+01  2.000000e+00
   endloop
 endfacet
 facet normal  0.000000e+00  0.000000e+00  1.000000e+00
   outer loop
     vertex  4.809131e+01  2.372918e+01  2.000000e+00
     vertex  4.045000e+01  1.985092e+01  2.000000e+00
     vertex  4.811985e+01  2.369229e+01  2.000000e+00
   endloop
 endfacet
 facet normal  0.000000e+00  0.000000e+00  1.000000e+00
   outer loop
     vertex  4.845643e+01  2.337149e+01  2.000000e+00
     vertex  4.841896e+01  2.339927e+01  2.000000e+00
     vertex  4.045000e+01  1.985092e+01  2.000000e+00
   endloop
 endfacet
 facet normal  0.000000e+00  0.000000e+00  1.000000e+00
   outer loop
     vertex  4.806379e+01  2.376684e+01  2.000000e+00
     vertex  4.045000e+01  1.985092e+01  2.000000e+00
     vertex  4.809131e+01  2.372918e+01  2.000000e+00
   endloop
 endfacet
 facet normal  0.000000e+00  0.000000e+00  1.000000e+00
   outer loop
     vertex  4.849465e+01  2.334475e+01  2.000000e+00
     vertex  4.845643e+01  2.337149e+01  2.000000e+00
     vertex  4.045000e+01  1.985092e+01  2.000000e+00
   endloop
 endfacet
 facet normal  0.000000e+00  0.000000e+00  1.000000e+00
   outer loop
     vertex  4.803731e+01  2.380524e+01  2.000000e+00
     vertex  4.045000e+01  1.985092e+01  2.000000e+00
     vertex  4.806379e+01  2.376684e+01  2.000000e+00
   endloop
 endfacet
 facet normal  0.000000e+00  0.000000e+00  1.000000e+00
   outer loop
     vertex  4.853359e+01  2.331907e+01  2.000000e+00
     vertex  4.849465e+01  2.334475e+01  2.000000e+00
     vertex  4.045000e+01  1.985092e+01  2.000000e+00
   endloop
 endfacet
 facet normal  0.000000e+00  0.000000e+00  1.000000e+00
   outer loop
     vertex  4.801190e+01  2.384435e+01  2.000000e+00
     vertex  4.045000e+01  1.985092e+01  2.000000e+00
     vertex  4.803731e+01  2.380524e+01  2.000000e+00
   endloop
 endfacet
 facet normal  0.000000e+00  0.000000e+00  1.000000e+00
   outer loop
     vertex  4.857321e+01  2.329447e+01  2.000000e+00
     vertex  4.853359e+01  2.331907e+01  2.000000e+00
     vertex  4.045000e+01  1.985092e+01  2.000000e+00
   endloop
 endfacet
 facet normal  0.000000e+00  0.000000e+00  1.000000e+00
   outer loop
     vertex  4.798757e+01  2.388414e+01  2.000000e+00
     vertex  4.045000e+01  1.985092e+01  2.000000e+00
     vertex  4.801190e+01  2.384435e+01  2.000000e+00
   endloop
 endfacet
 facet normal  0.000000e+00  0.000000e+00  1.000000e+00
   outer loop
     vertex  4.861350e+01  2.327096e+01  2.000000e+00
     vertex  4.857321e+01  2.329447e+01  2.000000e+00
     vertex  4.045000e+01  1.985092e+01  2.000000e+00
   endloop
 endfacet
 facet normal  0.000000e+00  0.000000e+00  1.000000e+00
   outer loop
     vertex  4.796434e+01  2.392459e+01  2.000000e+00
     vertex  4.045000e+01  1.985092e+01  2.000000e+00
     vertex  4.798757e+01  2.388414e+01  2.000000e+00
   endloop
 endfacet
 facet normal  0.000000e+00  0.000000e+00  1.000000e+00
   outer loop
     vertex  4.865442e+01  2.324857e+01  2.000000e+00
     vertex  4.861350e+01  2.327096e+01  2.000000e+00
     vertex  4.045000e+01  1.985092e+01  2.000000e+00
   endloop
 endfacet
 facet normal  0.000000e+00  0.000000e+00  1.000000e+00
   outer loop
     vertex  4.794223e+01  2.396566e+01  2.000000e+00
     vertex  4.045000e+01  1.985092e+01  2.000000e+00
     vertex  4.796434e+01  2.392459e+01  2.000000e+00
   endloop
 endfacet
 facet normal  0.000000e+00  0.000000e+00  1.000000e+00
   outer loop
     vertex  4.869593e+01  2.322731e+01  2.000000e+00
     vertex  4.865442e+01  2.324857e+01  2.000000e+00
     vertex  4.045000e+01  1.985092e+01  2.000000e+00
   endloop
 endfacet
 facet normal  0.000000e+00  0.000000e+00  1.000000e+00
   outer loop
     vertex  4.792126e+01  2.400732e+01  2.000000e+00
     vertex  4.045000e+01  1.985092e+01  2.000000e+00
     vertex  4.794223e+01  2.396566e+01  2.000000e+00
   endloop
 endfacet
 facet normal  0.000000e+00  0.000000e+00  1.000000e+00
   outer loop
     vertex  4.873801e+01  2.320720e+01  2.000000e+00
     vertex  4.869593e+01  2.322731e+01  2.000000e+00
     vertex  4.045000e+01  1.985092e+01  2.000000e+00
   endloop
 endfacet
 facet normal  0.000000e+00  0.000000e+00  1.000000e+00
   outer loop
     vertex  4.790143e+01  2.404954e+01  2.000000e+00
     vertex  4.045000e+01  1.985092e+01  2.000000e+00
     vertex  4.792126e+01  2.400732e+01  2.000000e+00
   endloop
 endfacet
 facet normal  0.000000e+00  0.000000e+00  1.000000e+00
   outer loop
     vertex  4.878063e+01  2.318825e+01  2.000000e+00
     vertex  4.873801e+01  2.320720e+01  2.000000e+00
     vertex  4.045000e+01  1.985092e+01  2.000000e+00
   endloop
 endfacet
 facet normal  0.000000e+00  0.000000e+00  1.000000e+00
   outer loop
     vertex  4.788277e+01  2.409229e+01  2.000000e+00
     vertex  4.045000e+01  1.985092e+01  2.000000e+00
     vertex  4.790143e+01  2.404954e+01  2.000000e+00
   endloop
 endfacet
 facet normal  0.000000e+00  0.000000e+00  1.000000e+00
   outer loop
     vertex  4.882375e+01  2.317047e+01  2.000000e+00
     vertex  4.878063e+01  2.318825e+01  2.000000e+00
     vertex  4.045000e+01  1.985092e+01  2.000000e+00
   endloop
 endfacet
 facet normal  0.000000e+00  0.000000e+00  1.000000e+00
   outer loop
     vertex  4.786529e+01  2.413553e+01  2.000000e+00
     vertex  4.045000e+01  1.985092e+01  2.000000e+00
     vertex  4.788277e+01  2.409229e+01  2.000000e+00
   endloop
 endfacet
 facet normal  0.000000e+00  0.000000e+00  1.000000e+00
   outer loop
     vertex  4.886735e+01  2.315389e+01  2.000000e+00
     vertex  4.882375e+01  2.317047e+01  2.000000e+00
     vertex  4.045000e+01  1.985092e+01  2.000000e+00
   endloop
 endfacet
 facet normal  0.000000e+00  0.000000e+00  1.000000e+00
   outer loop
     vertex  4.886735e+01  2.315389e+01  2.000000e+00
     vertex  4.045000e+01  1.985092e+01  2.000000e+00
     vertex  4.040000e+01  1.355092e+01  2.000000e+00
   endloop
 endfacet
 facet normal  0.000000e+00  0.000000e+00  1.000000e+00
   outer loop
     vertex  4.784901e+01  2.417924e+01  2.000000e+00
     vertex  4.045000e+01  1.985092e+01  2.000000e+00
     vertex  4.786529e+01  2.413553e+01  2.000000e+00
   endloop
 endfacet
 facet normal  0.000000e+00  0.000000e+00  1.000000e+00
   outer loop
     vertex  4.891138e+01  2.313850e+01  2.000000e+00
     vertex  4.886735e+01  2.315389e+01  2.000000e+00
     vertex  4.040000e+01  1.355092e+01  2.000000e+00
   endloop
 endfacet
 facet normal  0.000000e+00  0.000000e+00  1.000000e+00
   outer loop
     vertex  4.783393e+01  2.422337e+01  2.000000e+00
     vertex  4.045000e+01  1.985092e+01  2.000000e+00
     vertex  4.784901e+01  2.417924e+01  2.000000e+00
   endloop
 endfacet
 facet normal  0.000000e+00  0.000000e+00  1.000000e+00
   outer loop
     vertex  4.895582e+01  2.312433e+01  2.000000e+00
     vertex  4.891138e+01  2.313850e+01  2.000000e+00
     vertex  4.040000e+01  1.355092e+01  2.000000e+00
   endloop
 endfacet
 facet normal  0.000000e+00  0.000000e+00  1.000000e+00
   outer loop
     vertex  4.782006e+01  2.426791e+01  2.000000e+00
     vertex  4.045000e+01  1.985092e+01  2.000000e+00
     vertex  4.783393e+01  2.422337e+01  2.000000e+00
   endloop
 endfacet
 facet normal  0.000000e+00  0.000000e+00  1.000000e+00
   outer loop
     vertex  4.900063e+01  2.311139e+01  2.000000e+00
     vertex  4.895582e+01  2.312433e+01  2.000000e+00
     vertex  4.040000e+01  1.355092e+01  2.000000e+00
   endloop
 endfacet
 facet normal  0.000000e+00  0.000000e+00  1.000000e+00
   outer loop
     vertex  4.780742e+01  2.431281e+01  2.000000e+00
     vertex  4.045000e+01  1.985092e+01  2.000000e+00
     vertex  4.782006e+01  2.426791e+01  2.000000e+00
   endloop
 endfacet
 facet normal  0.000000e+00  0.000000e+00  1.000000e+00
   outer loop
     vertex  4.904578e+01  2.309968e+01  2.000000e+00
     vertex  4.900063e+01  2.311139e+01  2.000000e+00
     vertex  4.040000e+01  1.355092e+01  2.000000e+00
   endloop
 endfacet
 facet normal  0.000000e+00  0.000000e+00  1.000000e+00
   outer loop
     vertex  4.779602e+01  2.435803e+01  2.000000e+00
     vertex  4.045000e+01  1.985092e+01  2.000000e+00
     vertex  4.780742e+01  2.431281e+01  2.000000e+00
   endloop
 endfacet
 facet normal  0.000000e+00  0.000000e+00  1.000000e+00
   outer loop
     vertex  4.909123e+01  2.308921e+01  2.000000e+00
     vertex  4.904578e+01  2.309968e+01  2.000000e+00
     vertex  4.040000e+01  1.355092e+01  2.000000e+00
   endloop
 endfacet
 facet normal  0.000000e+00  0.000000e+00  1.000000e+00
   outer loop
     vertex  4.778587e+01  2.440356e+01  2.000000e+00
     vertex  4.045000e+01  1.985092e+01  2.000000e+00
     vertex  4.779602e+01  2.435803e+01  2.000000e+00
   endloop
 endfacet
 facet normal  0.000000e+00  0.000000e+00  1.000000e+00
   outer loop
     vertex  4.913695e+01  2.307999e+01  2.000000e+00
     vertex  4.909123e+01  2.308921e+01  2.000000e+00
     vertex  4.040000e+01  1.355092e+01  2.000000e+00
   endloop
 endfacet
 facet normal  0.000000e+00  0.000000e+00  1.000000e+00
   outer loop
     vertex  4.777696e+01  2.444934e+01  2.000000e+00
     vertex  4.045000e+01  1.985092e+01  2.000000e+00
     vertex  4.778587e+01  2.440356e+01  2.000000e+00
   endloop
 endfacet
 facet normal  0.000000e+00  0.000000e+00  1.000000e+00
   outer loop
     vertex  4.918291e+01  2.307203e+01  2.000000e+00
     vertex  4.913695e+01  2.307999e+01  2.000000e+00
     vertex  4.040000e+01  1.355092e+01  2.000000e+00
   endloop
 endfacet
 facet normal  0.000000e+00  0.000000e+00  1.000000e+00
   outer loop
     vertex  4.776932e+01  2.449535e+01  2.000000e+00
     vertex  4.045000e+01  1.985092e+01  2.000000e+00
     vertex  4.777696e+01  2.444934e+01  2.000000e+00
   endloop
 endfacet
 facet normal  0.000000e+00  0.000000e+00  1.000000e+00
   outer loop
     vertex  4.922907e+01  2.306534e+01  2.000000e+00
     vertex  4.918291e+01  2.307203e+01  2.000000e+00
     vertex  4.040000e+01  1.355092e+01  2.000000e+00
   endloop
 endfacet
 facet normal  0.000000e+00  0.000000e+00  1.000000e+00
   outer loop
     vertex  4.776294e+01  2.454156e+01  2.000000e+00
     vertex  4.045000e+01  1.985092e+01  2.000000e+00
     vertex  4.776932e+01  2.449535e+01  2.000000e+00
   endloop
 endfacet
 facet normal  0.000000e+00  0.000000e+00  1.000000e+00
   outer loop
     vertex  4.927539e+01  2.305991e+01  2.000000e+00
     vertex  4.922907e+01  2.306534e+01  2.000000e+00
     vertex  4.040000e+01  1.355092e+01  2.000000e+00
   endloop
 endfacet
 facet normal  0.000000e+00  0.000000e+00  1.000000e+00
   outer loop
     vertex  4.775783e+01  2.458792e+01  2.000000e+00
     vertex  4.045000e+01  1.985092e+01  2.000000e+00
     vertex  4.776294e+01  2.454156e+01  2.000000e+00
   endloop
 endfacet
 facet normal  0.000000e+00  0.000000e+00  1.000000e+00
   outer loop
     vertex  4.932185e+01  2.305576e+01  2.000000e+00
     vertex  4.927539e+01  2.305991e+01  2.000000e+00
     vertex  4.040000e+01  1.355092e+01  2.000000e+00
   endloop
 endfacet
 facet normal  0.000000e+00  0.000000e+00  1.000000e+00
   outer loop
     vertex  4.775400e+01  2.463440e+01  2.000000e+00
     vertex  4.045000e+01  1.985092e+01  2.000000e+00
     vertex  4.775783e+01  2.458792e+01  2.000000e+00
   endloop
 endfacet
 facet normal  0.000000e+00  0.000000e+00  1.000000e+00
   outer loop
     vertex  4.936840e+01  2.305288e+01  2.000000e+00
     vertex  4.040000e+01  1.355092e+01  2.000000e+00
     vertex  5.740000e+01  1.355092e+01  2.000000e+00
   endloop
 endfacet
 facet normal  0.000000e+00  0.000000e+00  1.000000e+00
   outer loop
     vertex  4.936840e+01  2.305288e+01  2.000000e+00
     vertex  4.932185e+01  2.305576e+01  2.000000e+00
     vertex  4.040000e+01  1.355092e+01  2.000000e+00
   endloop
 endfacet
 facet normal  0.000000e+00  0.000000e+00  1.000000e+00
   outer loop
     vertex  4.775144e+01  2.468097e+01  2.000000e+00
     vertex  4.045000e+01  1.985092e+01  2.000000e+00
     vertex  4.775400e+01  2.463440e+01  2.000000e+00
   endloop
 endfacet
 facet normal  0.000000e+00  0.000000e+00  1.000000e+00
   outer loop
     vertex  4.941502e+01  2.305128e+01  2.000000e+00
     vertex  4.936840e+01  2.305288e+01  2.000000e+00
     vertex  5.740000e+01  1.355092e+01  2.000000e+00
   endloop
 endfacet
 facet normal  0.000000e+00  0.000000e+00  1.000000e+00
   outer loop
     vertex  4.775016e+01  2.472760e+01  2.000000e+00
     vertex  4.045000e+01  1.985092e+01  2.000000e+00
     vertex  4.775144e+01  2.468097e+01  2.000000e+00
   endloop
 endfacet
 facet normal  0.000000e+00  0.000000e+00  1.000000e+00
   outer loop
     vertex  4.946166e+01  2.305096e+01  2.000000e+00
     vertex  4.941502e+01  2.305128e+01  2.000000e+00
     vertex  5.740000e+01  1.355092e+01  2.000000e+00
   endloop
 endfacet
 facet normal  0.000000e+00  0.000000e+00  1.000000e+00
   outer loop
     vertex  4.775016e+01  2.477424e+01  2.000000e+00
     vertex  4.045000e+01  1.985092e+01  2.000000e+00
     vertex  4.775016e+01  2.472760e+01  2.000000e+00
   endloop
 endfacet
 facet normal  0.000000e+00  0.000000e+00  1.000000e+00
   outer loop
     vertex  4.775016e+01  2.477424e+01  2.000000e+00
     vertex  4.045000e+01  2.965092e+01  2.000000e+00
     vertex  4.045000e+01  1.985092e+01  2.000000e+00
   endloop
 endfacet
 facet normal  0.000000e+00  0.000000e+00  1.000000e+00
   outer loop
     vertex  4.950829e+01  2.305192e+01  2.000000e+00
     vertex  4.946166e+01  2.305096e+01  2.000000e+00
     vertex  5.740000e+01  1.355092e+01  2.000000e+00
   endloop
 endfacet
 facet normal  0.000000e+00  0.000000e+00  1.000000e+00
   outer loop
     vertex  4.775144e+01  2.482087e+01  2.000000e+00
     vertex  4.045000e+01  2.965092e+01  2.000000e+00
     vertex  4.775016e+01  2.477424e+01  2.000000e+00
   endloop
 endfacet
 facet normal  0.000000e+00  0.000000e+00  1.000000e+00
   outer loop
     vertex  4.955488e+01  2.305416e+01  2.000000e+00
     vertex  4.950829e+01  2.305192e+01  2.000000e+00
     vertex  5.740000e+01  1.355092e+01  2.000000e+00
   endloop
 endfacet
 facet normal  0.000000e+00  0.000000e+00  1.000000e+00
   outer loop
     vertex  4.775400e+01  2.486744e+01  2.000000e+00
     vertex  4.045000e+01  2.965092e+01  2.000000e+00
     vertex  4.775144e+01  2.482087e+01  2.000000e+00
   endloop
 endfacet
 facet normal  0.000000e+00  0.000000e+00  1.000000e+00
   outer loop
     vertex  4.960139e+01  2.305767e+01  2.000000e+00
     vertex  4.955488e+01  2.305416e+01  2.000000e+00
     vertex  5.740000e+01  1.355092e+01  2.000000e+00
   endloop
 endfacet
 facet normal  0.000000e+00  0.000000e+00  1.000000e+00
   outer loop
     vertex  4.775783e+01  2.491392e+01  2.000000e+00
     vertex  4.045000e+01  2.965092e+01  2.000000e+00
     vertex  4.775400e+01  2.486744e+01  2.000000e+00
   endloop
 endfacet
 facet normal  0.000000e+00  0.000000e+00  1.000000e+00
   outer loop
     vertex  4.964779e+01  2.306246e+01  2.000000e+00
     vertex  4.960139e+01  2.305767e+01  2.000000e+00
     vertex  5.740000e+01  1.355092e+01  2.000000e+00
   endloop
 endfacet
 facet normal  0.000000e+00  0.000000e+00  1.000000e+00
   outer loop
     vertex  4.776294e+01  2.496028e+01  2.000000e+00
     vertex  4.045000e+01  2.965092e+01  2.000000e+00
     vertex  4.775783e+01  2.491392e+01  2.000000e+00
   endloop
 endfacet
 facet normal  0.000000e+00  0.000000e+00  1.000000e+00
   outer loop
     vertex  4.969403e+01  2.306853e+01  2.000000e+00
     vertex  4.964779e+01  2.306246e+01  2.000000e+00
     vertex  5.740000e+01  1.355092e+01  2.000000e+00
   endloop
 endfacet
 facet normal  0.000000e+00  0.000000e+00  1.000000e+00
   outer loop
     vertex  4.776932e+01  2.500649e+01  2.000000e+00
     vertex  4.045000e+01  2.965092e+01  2.000000e+00
     vertex  4.776294e+01  2.496028e+01  2.000000e+00
   endloop
 endfacet
 facet normal  0.000000e+00  0.000000e+00  1.000000e+00
   outer loop
     vertex  4.974010e+01  2.307585e+01  2.000000e+00
     vertex  4.969403e+01  2.306853e+01  2.000000e+00
     vertex  5.740000e+01  1.355092e+01  2.000000e+00
   endloop
 endfacet
 facet normal  0.000000e+00  0.000000e+00  1.000000e+00
   outer loop
     vertex  4.777696e+01  2.505250e+01  2.000000e+00
     vertex  4.045000e+01  2.965092e+01  2.000000e+00
     vertex  4.776932e+01  2.500649e+01  2.000000e+00
   endloop
 endfacet
 facet normal  0.000000e+00  0.000000e+00  1.000000e+00
   outer loop
     vertex  4.978594e+01  2.308444e+01  2.000000e+00
     vertex  4.974010e+01  2.307585e+01  2.000000e+00
     vertex  5.740000e+01  1.355092e+01  2.000000e+00
   endloop
 endfacet
 facet normal  0.000000e+00  0.000000e+00  1.000000e+00
   outer loop
     vertex  4.778587e+01  2.509828e+01  2.000000e+00
     vertex  4.045000e+01  2.965092e+01  2.000000e+00
     vertex  4.777696e+01  2.505250e+01  2.000000e+00
   endloop
 endfacet
 facet normal  0.000000e+00  0.000000e+00  1.000000e+00
   outer loop
     vertex  4.983153e+01  2.309429e+01  2.000000e+00
     vertex  4.978594e+01  2.308444e+01  2.000000e+00
     vertex  5.740000e+01  1.355092e+01  2.000000e+00
   endloop
 endfacet
 facet normal  0.000000e+00  0.000000e+00  1.000000e+00
   outer loop
     vertex  4.779602e+01  2.514381e+01  2.000000e+00
     vertex  4.045000e+01  2.965092e+01  2.000000e+00
     vertex  4.778587e+01  2.509828e+01  2.000000e+00
   endloop
 endfacet
 facet normal  0.000000e+00  0.000000e+00  1.000000e+00
   outer loop
     vertex  4.987684e+01  2.310538e+01  2.000000e+00
     vertex  4.983153e+01  2.309429e+01  2.000000e+00
     vertex  5.740000e+01  1.355092e+01  2.000000e+00
   endloop
 endfacet
 facet normal  0.000000e+00  0.000000e+00  1.000000e+00
   outer loop
     vertex  4.780742e+01  2.518903e+01  2.000000e+00
     vertex  4.045000e+01  2.965092e+01  2.000000e+00
     vertex  4.779602e+01  2.514381e+01  2.000000e+00
   endloop
 endfacet
 facet normal  0.000000e+00  0.000000e+00  1.000000e+00
   outer loop
     vertex  4.992182e+01  2.311771e+01  2.000000e+00
     vertex  4.987684e+01  2.310538e+01  2.000000e+00
     vertex  5.740000e+01  1.355092e+01  2.000000e+00
   endloop
 endfacet
 facet normal  0.000000e+00  0.000000e+00  1.000000e+00
   outer loop
     vertex  4.782006e+01  2.523393e+01  2.000000e+00
     vertex  4.045000e+01  2.965092e+01  2.000000e+00
     vertex  4.780742e+01  2.518903e+01  2.000000e+00
   endloop
 endfacet
 facet normal  0.000000e+00  0.000000e+00  1.000000e+00
   outer loop
     vertex  4.996645e+01  2.313127e+01  2.000000e+00
     vertex  4.992182e+01  2.311771e+01  2.000000e+00
     vertex  5.740000e+01  1.355092e+01  2.000000e+00
   endloop
 endfacet
 facet normal  0.000000e+00  0.000000e+00  1.000000e+00
   outer loop
     vertex  4.783393e+01  2.527847e+01  2.000000e+00
     vertex  4.045000e+01  2.965092e+01  2.000000e+00
     vertex  4.782006e+01  2.523393e+01  2.000000e+00
   endloop
 endfacet
 facet normal  0.000000e+00  0.000000e+00  1.000000e+00
   outer loop
     vertex  5.001069e+01  2.314604e+01  2.000000e+00
     vertex  4.996645e+01  2.313127e+01  2.000000e+00
     vertex  5.740000e+01  1.355092e+01  2.000000e+00
   endloop
 endfacet
 facet normal  0.000000e+00  0.000000e+00  1.000000e+00
   outer loop
     vertex  4.784901e+01  2.532260e+01  2.000000e+00
     vertex  4.045000e+01  2.965092e+01  2.000000e+00
     vertex  4.783393e+01  2.527847e+01  2.000000e+00
   endloop
 endfacet
 facet normal  0.000000e+00  0.000000e+00  1.000000e+00
   outer loop
     vertex  5.005451e+01  2.316203e+01  2.000000e+00
     vertex  5.001069e+01  2.314604e+01  2.000000e+00
     vertex  5.740000e+01  1.355092e+01  2.000000e+00
   endloop
 endfacet
 facet normal  0.000000e+00  0.000000e+00  1.000000e+00
   outer loop
     vertex  4.786529e+01  2.536631e+01  2.000000e+00
     vertex  4.045000e+01  2.965092e+01  2.000000e+00
     vertex  4.784901e+01  2.532260e+01  2.000000e+00
   endloop
 endfacet
 facet normal  0.000000e+00  0.000000e+00  1.000000e+00
   outer loop
     vertex  5.009787e+01  2.317921e+01  2.000000e+00
     vertex  5.005451e+01  2.316203e+01  2.000000e+00
     vertex  5.740000e+01  1.355092e+01  2.000000e+00
   endloop
 endfacet
 facet normal  0.000000e+00  0.000000e+00  1.000000e+00
   outer loop
     vertex  4.788277e+01  2.540955e+01  2.000000e+00
     vertex  4.045000e+01  2.965092e+01  2.000000e+00
     vertex  4.786529e+01  2.536631e+01  2.000000e+00
   endloop
 endfacet
 facet normal  0.000000e+00  0.000000e+00  1.000000e+00
   outer loop
     vertex  5.014074e+01  2.319758e+01  2.000000e+00
     vertex  5.009787e+01  2.317921e+01  2.000000e+00
     vertex  5.740000e+01  1.355092e+01  2.000000e+00
   endloop
 endfacet
 facet normal  0.000000e+00  0.000000e+00  1.000000e+00
   outer loop
     vertex  4.790143e+01  2.545230e+01  2.000000e+00
     vertex  4.045000e+01  2.965092e+01  2.000000e+00
     vertex  4.788277e+01  2.540955e+01  2.000000e+00
   endloop
 endfacet
 facet normal  0.000000e+00  0.000000e+00  1.000000e+00
   outer loop
     vertex  4.792126e+01  2.549452e+01  2.000000e+00
     vertex  4.045000e+01  2.965092e+01  2.000000e+00
     vertex  4.790143e+01  2.545230e+01  2.000000e+00
   endloop
 endfacet
 facet normal  0.000000e+00  0.000000e+00  1.000000e+00
   outer loop
     vertex  4.794223e+01  2.553618e+01  2.000000e+00
     vertex  4.045000e+01  2.965092e+01  2.000000e+00
     vertex  4.792126e+01  2.549452e+01  2.000000e+00
   endloop
 endfacet
 facet normal  0.000000e+00  0.000000e+00  1.000000e+00
   outer loop
     vertex  4.796434e+01  2.557725e+01  2.000000e+00
     vertex  4.045000e+01  2.965092e+01  2.000000e+00
     vertex  4.794223e+01  2.553618e+01  2.000000e+00
   endloop
 endfacet
 facet normal  0.000000e+00  0.000000e+00  1.000000e+00
   outer loop
     vertex  3.410000e+01  3.945092e+01  2.000000e+00
     vertex  3.060000e+01  3.595092e+01  2.000000e+00
     vertex  3.695000e+01  3.315092e+01  2.000000e+00
   endloop
 endfacet
 facet normal  0.000000e+00  0.000000e+00  1.000000e+00
   outer loop
     vertex  4.798757e+01  2.561770e+01  2.000000e+00
     vertex  4.045000e+01  2.965092e+01  2.000000e+00
     vertex  4.796434e+01  2.557725e+01  2.000000e+00
   endloop
 endfacet
 facet normal  0.000000e+00  0.000000e+00  1.000000e+00
   outer loop
     vertex  4.801190e+01  2.565749e+01  2.000000e+00
     vertex  4.045000e+01  2.965092e+01  2.000000e+00
     vertex  4.798757e+01  2.561770e+01  2.000000e+00
   endloop
 endfacet
 facet normal  0.000000e+00  0.000000e+00  1.000000e+00
   outer loop
     vertex  4.803731e+01  2.569660e+01  2.000000e+00
     vertex  4.045000e+01  2.965092e+01  2.000000e+00
     vertex  4.801190e+01  2.565749e+01  2.000000e+00
   endloop
 endfacet
 facet normal  0.000000e+00  0.000000e+00  1.000000e+00
   outer loop
     vertex  6.720000e+01  6.550920e+00  2.000000e+00
     vertex  6.090000e+01  1.005092e+01  2.000000e+00
     vertex  5.740000e+01  6.550920e+00  2.000000e+00
   endloop
 endfacet
 facet normal  0.000000e+00  0.000000e+00  1.000000e+00
   outer loop
     vertex  6.720000e+01  6.550920e+00  2.000000e+00
     vertex  6.370000e+01  1.005092e+01  2.000000e+00
     vertex  6.090000e+01  1.005092e+01  2.000000e+00
   endloop
 endfacet
 facet normal  0.000000e+00  0.000000e+00  1.000000e+00
   outer loop
     vertex  4.806379e+01  2.573500e+01  2.000000e+00
     vertex  4.045000e+01  2.965092e+01  2.000000e+00
     vertex  4.803731e+01  2.569660e+01  2.000000e+00
   endloop
 endfacet
 facet normal  0.000000e+00  0.000000e+00  1.000000e+00
   outer loop
     vertex  4.809131e+01  2.577266e+01  2.000000e+00
     vertex  4.045000e+01  2.965092e+01  2.000000e+00
     vertex  4.806379e+01  2.573500e+01  2.000000e+00
   endloop
 endfacet
 facet normal  0.000000e+00  0.000000e+00  1.000000e+00
   outer loop
     vertex  4.811985e+01  2.580955e+01  2.000000e+00
     vertex  4.045000e+01  2.965092e+01  2.000000e+00
     vertex  4.809131e+01  2.577266e+01  2.000000e+00
   endloop
 endfacet
 facet normal  0.000000e+00  0.000000e+00  1.000000e+00
   outer loop
     vertex  4.814939e+01  2.584564e+01  2.000000e+00
     vertex  4.045000e+01  2.965092e+01  2.000000e+00
     vertex  4.811985e+01  2.580955e+01  2.000000e+00
   endloop
 endfacet
 facet normal  0.000000e+00  0.000000e+00  1.000000e+00
   outer loop
     vertex  4.817991e+01  2.588091e+01  2.000000e+00
     vertex  4.045000e+01  2.965092e+01  2.000000e+00
     vertex  4.814939e+01  2.584564e+01  2.000000e+00
   endloop
 endfacet
 facet normal  0.000000e+00  0.000000e+00  1.000000e+00
   outer loop
     vertex  4.821139e+01  2.591533e+01  2.000000e+00
     vertex  4.045000e+01  2.965092e+01  2.000000e+00
     vertex  4.817991e+01  2.588091e+01  2.000000e+00
   endloop
 endfacet
 facet normal  0.000000e+00  0.000000e+00  1.000000e+00
   outer loop
     vertex  4.824380e+01  2.594887e+01  2.000000e+00
     vertex  4.045000e+01  2.965092e+01  2.000000e+00
     vertex  4.821139e+01  2.591533e+01  2.000000e+00
   endloop
 endfacet
 facet normal  0.000000e+00  0.000000e+00  1.000000e+00
   outer loop
     vertex  4.827712e+01  2.598151e+01  2.000000e+00
     vertex  4.045000e+01  2.965092e+01  2.000000e+00
     vertex  4.824380e+01  2.594887e+01  2.000000e+00
   endloop
 endfacet
 facet normal  0.000000e+00  0.000000e+00  1.000000e+00
   outer loop
     vertex  4.831132e+01  2.601323e+01  2.000000e+00
     vertex  4.045000e+01  2.965092e+01  2.000000e+00
     vertex  4.827712e+01  2.598151e+01  2.000000e+00
   endloop
 endfacet
 facet normal  0.000000e+00  0.000000e+00  1.000000e+00
   outer loop
     vertex  4.834638e+01  2.604399e+01  2.000000e+00
     vertex  4.045000e+01  2.965092e+01  2.000000e+00
     vertex  4.831132e+01  2.601323e+01  2.000000e+00
   endloop
 endfacet
 facet normal  0.000000e+00  0.000000e+00  1.000000e+00
   outer loop
     vertex  4.838227e+01  2.607378e+01  2.000000e+00
     vertex  4.045000e+01  2.965092e+01  2.000000e+00
     vertex  4.834638e+01  2.604399e+01  2.000000e+00
   endloop
 endfacet
 facet normal  0.000000e+00  0.000000e+00  1.000000e+00
   outer loop
     vertex  4.841896e+01  2.610257e+01  2.000000e+00
     vertex  4.045000e+01  2.965092e+01  2.000000e+00
     vertex  4.838227e+01  2.607378e+01  2.000000e+00
   endloop
 endfacet
 facet normal  0.000000e+00  0.000000e+00  1.000000e+00
   outer loop
     vertex  4.845643e+01  2.613035e+01  2.000000e+00
     vertex  4.045000e+01  2.965092e+01  2.000000e+00
     vertex  4.841896e+01  2.610257e+01  2.000000e+00
   endloop
 endfacet
 facet normal  0.000000e+00  0.000000e+00  1.000000e+00
   outer loop
     vertex  4.849465e+01  2.615709e+01  2.000000e+00
     vertex  4.045000e+01  2.965092e+01  2.000000e+00
     vertex  4.845643e+01  2.613035e+01  2.000000e+00
   endloop
 endfacet
 facet normal  0.000000e+00  0.000000e+00  1.000000e+00
   outer loop
     vertex  4.853359e+01  2.618277e+01  2.000000e+00
     vertex  4.045000e+01  2.965092e+01  2.000000e+00
     vertex  4.849465e+01  2.615709e+01  2.000000e+00
   endloop
 endfacet
 facet normal  0.000000e+00  0.000000e+00  1.000000e+00
   outer loop
     vertex  4.857321e+01  2.620737e+01  2.000000e+00
     vertex  4.045000e+01  2.965092e+01  2.000000e+00
     vertex  4.853359e+01  2.618277e+01  2.000000e+00
   endloop
 endfacet
 facet normal  0.000000e+00  0.000000e+00  1.000000e+00
   outer loop
     vertex  4.861350e+01  2.623088e+01  2.000000e+00
     vertex  4.045000e+01  2.965092e+01  2.000000e+00
     vertex  4.857321e+01  2.620737e+01  2.000000e+00
   endloop
 endfacet
 facet normal  0.000000e+00  0.000000e+00  1.000000e+00
   outer loop
     vertex  4.865442e+01  2.625327e+01  2.000000e+00
     vertex  4.045000e+01  2.965092e+01  2.000000e+00
     vertex  4.861350e+01  2.623088e+01  2.000000e+00
   endloop
 endfacet
 facet normal  0.000000e+00  0.000000e+00  1.000000e+00
   outer loop
     vertex  4.869593e+01  2.627453e+01  2.000000e+00
     vertex  4.045000e+01  2.965092e+01  2.000000e+00
     vertex  4.865442e+01  2.625327e+01  2.000000e+00
   endloop
 endfacet
 facet normal  0.000000e+00  0.000000e+00  1.000000e+00
   outer loop
     vertex  4.873801e+01  2.629464e+01  2.000000e+00
     vertex  4.045000e+01  2.965092e+01  2.000000e+00
     vertex  4.869593e+01  2.627453e+01  2.000000e+00
   endloop
 endfacet
 facet normal  0.000000e+00  0.000000e+00  1.000000e+00
   outer loop
     vertex  4.878063e+01  2.631359e+01  2.000000e+00
     vertex  4.045000e+01  2.965092e+01  2.000000e+00
     vertex  4.873801e+01  2.629464e+01  2.000000e+00
   endloop
 endfacet
 facet normal  0.000000e+00  0.000000e+00  1.000000e+00
   outer loop
     vertex  4.882375e+01  2.633137e+01  2.000000e+00
     vertex  4.045000e+01  2.965092e+01  2.000000e+00
     vertex  4.878063e+01  2.631359e+01  2.000000e+00
   endloop
 endfacet
 facet normal  0.000000e+00  0.000000e+00  1.000000e+00
   outer loop
     vertex  4.886735e+01  2.634795e+01  2.000000e+00
     vertex  4.045000e+01  2.965092e+01  2.000000e+00
     vertex  4.882375e+01  2.633137e+01  2.000000e+00
   endloop
 endfacet
 facet normal  0.000000e+00  0.000000e+00  1.000000e+00
   outer loop
     vertex  3.690000e+01  3.945092e+01  2.000000e+00
     vertex  3.060000e+01  4.295092e+01  2.000000e+00
     vertex  3.410000e+01  3.945092e+01  2.000000e+00
   endloop
 endfacet
 facet normal  0.000000e+00  0.000000e+00  1.000000e+00
   outer loop
     vertex  3.690000e+01  3.945092e+01  2.000000e+00
     vertex  3.410000e+01  3.945092e+01  2.000000e+00
     vertex  3.695000e+01  3.315092e+01  2.000000e+00
   endloop
 endfacet
 facet normal  0.000000e+00  0.000000e+00  1.000000e+00
   outer loop
     vertex  4.040000e+01  3.595092e+01  2.000000e+00
     vertex  4.932185e+01  2.644608e+01  2.000000e+00
     vertex  4.936840e+01  2.644896e+01  2.000000e+00
   endloop
 endfacet
 facet normal  0.000000e+00  0.000000e+00  1.000000e+00
   outer loop
     vertex  4.040000e+01  3.595092e+01  2.000000e+00
     vertex  4.927539e+01  2.644193e+01  2.000000e+00
     vertex  4.932185e+01  2.644608e+01  2.000000e+00
   endloop
 endfacet
 facet normal  0.000000e+00  0.000000e+00  1.000000e+00
   outer loop
     vertex  4.040000e+01  3.595092e+01  2.000000e+00
     vertex  4.922907e+01  2.643650e+01  2.000000e+00
     vertex  4.927539e+01  2.644193e+01  2.000000e+00
   endloop
 endfacet
 facet normal  0.000000e+00  0.000000e+00  1.000000e+00
   outer loop
     vertex  4.040000e+01  3.595092e+01  2.000000e+00
     vertex  4.918291e+01  2.642981e+01  2.000000e+00
     vertex  4.922907e+01  2.643650e+01  2.000000e+00
   endloop
 endfacet
 facet normal  0.000000e+00  0.000000e+00  1.000000e+00
   outer loop
     vertex  4.040000e+01  3.595092e+01  2.000000e+00
     vertex  4.913695e+01  2.642185e+01  2.000000e+00
     vertex  4.918291e+01  2.642981e+01  2.000000e+00
   endloop
 endfacet
 facet normal  0.000000e+00  0.000000e+00  1.000000e+00
   outer loop
     vertex  4.040000e+01  3.595092e+01  2.000000e+00
     vertex  4.909123e+01  2.641263e+01  2.000000e+00
     vertex  4.913695e+01  2.642185e+01  2.000000e+00
   endloop
 endfacet
 facet normal  0.000000e+00  0.000000e+00  1.000000e+00
   outer loop
     vertex  4.040000e+01  3.595092e+01  2.000000e+00
     vertex  4.904578e+01  2.640216e+01  2.000000e+00
     vertex  4.909123e+01  2.641263e+01  2.000000e+00
   endloop
 endfacet
 facet normal  0.000000e+00  0.000000e+00  1.000000e+00
   outer loop
     vertex  4.040000e+01  3.595092e+01  2.000000e+00
     vertex  4.900063e+01  2.639045e+01  2.000000e+00
     vertex  4.904578e+01  2.640216e+01  2.000000e+00
   endloop
 endfacet
 facet normal  0.000000e+00  0.000000e+00  1.000000e+00
   outer loop
     vertex  4.040000e+01  3.595092e+01  2.000000e+00
     vertex  4.895582e+01  2.637751e+01  2.000000e+00
     vertex  4.900063e+01  2.639045e+01  2.000000e+00
   endloop
 endfacet
 facet normal  0.000000e+00  0.000000e+00  1.000000e+00
   outer loop
     vertex  4.040000e+01  3.595092e+01  2.000000e+00
     vertex  4.891138e+01  2.636334e+01  2.000000e+00
     vertex  4.895582e+01  2.637751e+01  2.000000e+00
   endloop
 endfacet
 facet normal  0.000000e+00  0.000000e+00  1.000000e+00
   outer loop
     vertex  4.040000e+01  3.595092e+01  2.000000e+00
     vertex  4.886735e+01  2.634795e+01  2.000000e+00
     vertex  4.891138e+01  2.636334e+01  2.000000e+00
   endloop
 endfacet
 facet normal  0.000000e+00  0.000000e+00  1.000000e+00
   outer loop
     vertex  4.040000e+01  3.595092e+01  2.000000e+00
     vertex  3.695000e+01  3.315092e+01  2.000000e+00
     vertex  4.045000e+01  2.965092e+01  2.000000e+00
   endloop
 endfacet
 facet normal  0.000000e+00  0.000000e+00  1.000000e+00
   outer loop
     vertex  4.040000e+01  3.595092e+01  2.000000e+00
     vertex  3.690000e+01  3.945092e+01  2.000000e+00
     vertex  3.695000e+01  3.315092e+01  2.000000e+00
   endloop
 endfacet
 facet normal  0.000000e+00  0.000000e+00  1.000000e+00
   outer loop
     vertex  4.040000e+01  3.595092e+01  2.000000e+00
     vertex  4.045000e+01  2.965092e+01  2.000000e+00
     vertex  4.886735e+01  2.634795e+01  2.000000e+00
   endloop
 endfacet
 facet normal  0.000000e+00  0.000000e+00  1.000000e+00
   outer loop
     vertex  6.195000e+01  1.635092e+01  2.000000e+00
     vertex  5.740000e+01  1.355092e+01  2.000000e+00
     vertex  6.090000e+01  1.005092e+01  2.000000e+00
   endloop
 endfacet
 facet normal  0.000000e+00  0.000000e+00  1.000000e+00
   outer loop
     vertex  6.195000e+01  1.635092e+01  2.000000e+00
     vertex  6.090000e+01  1.005092e+01  2.000000e+00
     vertex  6.370000e+01  1.005092e+01  2.000000e+00
   endloop
 endfacet
 facet normal  0.000000e+00  0.000000e+00  1.000000e+00
   outer loop
     vertex  5.845000e+01  1.985092e+01  2.000000e+00
     vertex  5.098880e+01  2.402836e+01  2.000000e+00
     vertex  5.096840e+01  2.398642e+01  2.000000e+00
   endloop
 endfacet
 facet normal  0.000000e+00  0.000000e+00  1.000000e+00
   outer loop
     vertex  5.845000e+01  1.985092e+01  2.000000e+00
     vertex  5.100804e+01  2.407085e+01  2.000000e+00
     vertex  5.098880e+01  2.402836e+01  2.000000e+00
   endloop
 endfacet
 facet normal  0.000000e+00  0.000000e+00  1.000000e+00
   outer loop
     vertex  5.845000e+01  1.985092e+01  2.000000e+00
     vertex  5.102612e+01  2.411385e+01  2.000000e+00
     vertex  5.100804e+01  2.407085e+01  2.000000e+00
   endloop
 endfacet
 facet normal  0.000000e+00  0.000000e+00  1.000000e+00
   outer loop
     vertex  5.845000e+01  1.985092e+01  2.000000e+00
     vertex  5.104300e+01  2.415733e+01  2.000000e+00
     vertex  5.102612e+01  2.411385e+01  2.000000e+00
   endloop
 endfacet
 facet normal  0.000000e+00  0.000000e+00  1.000000e+00
   outer loop
     vertex  5.845000e+01  1.985092e+01  2.000000e+00
     vertex  5.105868e+01  2.420125e+01  2.000000e+00
     vertex  5.104300e+01  2.415733e+01  2.000000e+00
   endloop
 endfacet
 facet normal  0.000000e+00  0.000000e+00  1.000000e+00
   outer loop
     vertex  5.845000e+01  1.985092e+01  2.000000e+00
     vertex  5.107316e+01  2.424559e+01  2.000000e+00
     vertex  5.105868e+01  2.420125e+01  2.000000e+00
   endloop
 endfacet
 facet normal  0.000000e+00  0.000000e+00  1.000000e+00
   outer loop
     vertex  5.845000e+01  1.985092e+01  2.000000e+00
     vertex  5.108641e+01  2.429031e+01  2.000000e+00
     vertex  5.107316e+01  2.424559e+01  2.000000e+00
   endloop
 endfacet
 facet normal  0.000000e+00  0.000000e+00  1.000000e+00
   outer loop
     vertex  5.845000e+01  1.985092e+01  2.000000e+00
     vertex  5.109843e+01  2.433538e+01  2.000000e+00
     vertex  5.108641e+01  2.429031e+01  2.000000e+00
   endloop
 endfacet
 facet normal  0.000000e+00  0.000000e+00  1.000000e+00
   outer loop
     vertex  5.845000e+01  1.985092e+01  2.000000e+00
     vertex  5.110921e+01  2.438076e+01  2.000000e+00
     vertex  5.109843e+01  2.433538e+01  2.000000e+00
   endloop
 endfacet
 facet normal  0.000000e+00  0.000000e+00  1.000000e+00
   outer loop
     vertex  5.845000e+01  1.985092e+01  2.000000e+00
     vertex  5.111874e+01  2.442642e+01  2.000000e+00
     vertex  5.110921e+01  2.438076e+01  2.000000e+00
   endloop
 endfacet
 facet normal  0.000000e+00  0.000000e+00  1.000000e+00
   outer loop
     vertex  5.845000e+01  1.985092e+01  2.000000e+00
     vertex  5.112702e+01  2.447232e+01  2.000000e+00
     vertex  5.111874e+01  2.442642e+01  2.000000e+00
   endloop
 endfacet
 facet normal  0.000000e+00  0.000000e+00  1.000000e+00
   outer loop
     vertex  5.845000e+01  1.985092e+01  2.000000e+00
     vertex  5.113403e+01  2.451843e+01  2.000000e+00
     vertex  5.112702e+01  2.447232e+01  2.000000e+00
   endloop
 endfacet
 facet normal  0.000000e+00  0.000000e+00  1.000000e+00
   outer loop
     vertex  5.845000e+01  1.985092e+01  2.000000e+00
     vertex  5.113977e+01  2.456472e+01  2.000000e+00
     vertex  5.113403e+01  2.451843e+01  2.000000e+00
   endloop
 endfacet
 facet normal  0.000000e+00  0.000000e+00  1.000000e+00
   outer loop
     vertex  5.845000e+01  1.985092e+01  2.000000e+00
     vertex  5.114424e+01  2.461115e+01  2.000000e+00
     vertex  5.113977e+01  2.456472e+01  2.000000e+00
   endloop
 endfacet
 facet normal  0.000000e+00  0.000000e+00  1.000000e+00
   outer loop
     vertex  5.845000e+01  1.985092e+01  2.000000e+00
     vertex  5.114744e+01  2.465768e+01  2.000000e+00
     vertex  5.114424e+01  2.461115e+01  2.000000e+00
   endloop
 endfacet
 facet normal  0.000000e+00  0.000000e+00  1.000000e+00
   outer loop
     vertex  5.845000e+01  1.985092e+01  2.000000e+00
     vertex  5.114936e+01  2.470428e+01  2.000000e+00
     vertex  5.114744e+01  2.465768e+01  2.000000e+00
   endloop
 endfacet
 facet normal  0.000000e+00  0.000000e+00  1.000000e+00
   outer loop
     vertex  5.845000e+01  1.985092e+01  2.000000e+00
     vertex  5.115000e+01  2.475092e+01  2.000000e+00
     vertex  5.114936e+01  2.470428e+01  2.000000e+00
   endloop
 endfacet
 facet normal  0.000000e+00  0.000000e+00  1.000000e+00
   outer loop
     vertex  5.845000e+01  1.985092e+01  2.000000e+00
     vertex  5.014074e+01  2.319758e+01  2.000000e+00
     vertex  5.740000e+01  1.355092e+01  2.000000e+00
   endloop
 endfacet
 facet normal  0.000000e+00  0.000000e+00  1.000000e+00
   outer loop
     vertex  5.845000e+01  1.985092e+01  2.000000e+00
     vertex  5.018310e+01  2.321711e+01  2.000000e+00
     vertex  5.014074e+01  2.319758e+01  2.000000e+00
   endloop
 endfacet
 facet normal  0.000000e+00  0.000000e+00  1.000000e+00
   outer loop
     vertex  5.845000e+01  1.985092e+01  2.000000e+00
     vertex  5.022490e+01  2.323780e+01  2.000000e+00
     vertex  5.018310e+01  2.321711e+01  2.000000e+00
   endloop
 endfacet
 facet normal  0.000000e+00  0.000000e+00  1.000000e+00
   outer loop
     vertex  5.845000e+01  1.985092e+01  2.000000e+00
     vertex  5.026612e+01  2.325963e+01  2.000000e+00
     vertex  5.022490e+01  2.323780e+01  2.000000e+00
   endloop
 endfacet
 facet normal  0.000000e+00  0.000000e+00  1.000000e+00
   outer loop
     vertex  5.845000e+01  1.985092e+01  2.000000e+00
     vertex  5.030672e+01  2.328258e+01  2.000000e+00
     vertex  5.026612e+01  2.325963e+01  2.000000e+00
   endloop
 endfacet
 facet normal  0.000000e+00  0.000000e+00  1.000000e+00
   outer loop
     vertex  5.845000e+01  1.985092e+01  2.000000e+00
     vertex  5.034668e+01  2.330664e+01  2.000000e+00
     vertex  5.030672e+01  2.328258e+01  2.000000e+00
   endloop
 endfacet
 facet normal  0.000000e+00  0.000000e+00  1.000000e+00
   outer loop
     vertex  5.845000e+01  1.985092e+01  2.000000e+00
     vertex  5.038597e+01  2.333178e+01  2.000000e+00
     vertex  5.034668e+01  2.330664e+01  2.000000e+00
   endloop
 endfacet
 facet normal  0.000000e+00  0.000000e+00  1.000000e+00
   outer loop
     vertex  5.845000e+01  1.985092e+01  2.000000e+00
     vertex  5.042455e+01  2.335799e+01  2.000000e+00
     vertex  5.038597e+01  2.333178e+01  2.000000e+00
   endloop
 endfacet
 facet normal  0.000000e+00  0.000000e+00  1.000000e+00
   outer loop
     vertex  5.845000e+01  1.985092e+01  2.000000e+00
     vertex  5.740000e+01  1.355092e+01  2.000000e+00
     vertex  6.195000e+01  1.635092e+01  2.000000e+00
   endloop
 endfacet
 facet normal  0.000000e+00  0.000000e+00  1.000000e+00
   outer loop
     vertex  5.845000e+01  1.985092e+01  2.000000e+00
     vertex  5.046240e+01  2.338525e+01  2.000000e+00
     vertex  5.042455e+01  2.335799e+01  2.000000e+00
   endloop
 endfacet
 facet normal  0.000000e+00  0.000000e+00  1.000000e+00
   outer loop
     vertex  5.845000e+01  1.985092e+01  2.000000e+00
     vertex  5.049948e+01  2.341354e+01  2.000000e+00
     vertex  5.046240e+01  2.338525e+01  2.000000e+00
   endloop
 endfacet
 facet normal  0.000000e+00  0.000000e+00  1.000000e+00
   outer loop
     vertex  5.845000e+01  1.985092e+01  2.000000e+00
     vertex  5.053578e+01  2.344283e+01  2.000000e+00
     vertex  5.049948e+01  2.341354e+01  2.000000e+00
   endloop
 endfacet
 facet normal  0.000000e+00  0.000000e+00  1.000000e+00
   outer loop
     vertex  5.845000e+01  1.985092e+01  2.000000e+00
     vertex  5.057125e+01  2.347311e+01  2.000000e+00
     vertex  5.053578e+01  2.344283e+01  2.000000e+00
   endloop
 endfacet
 facet normal  0.000000e+00  0.000000e+00  1.000000e+00
   outer loop
     vertex  5.845000e+01  1.985092e+01  2.000000e+00
     vertex  5.060589e+01  2.350435e+01  2.000000e+00
     vertex  5.057125e+01  2.347311e+01  2.000000e+00
   endloop
 endfacet
 facet normal  0.000000e+00  0.000000e+00  1.000000e+00
   outer loop
     vertex  5.845000e+01  1.985092e+01  2.000000e+00
     vertex  5.063965e+01  2.353653e+01  2.000000e+00
     vertex  5.060589e+01  2.350435e+01  2.000000e+00
   endloop
 endfacet
 facet normal  0.000000e+00  0.000000e+00  1.000000e+00
   outer loop
     vertex  5.845000e+01  1.985092e+01  2.000000e+00
     vertex  5.067252e+01  2.356963e+01  2.000000e+00
     vertex  5.063965e+01  2.353653e+01  2.000000e+00
   endloop
 endfacet
 facet normal  0.000000e+00  0.000000e+00  1.000000e+00
   outer loop
     vertex  5.845000e+01  1.985092e+01  2.000000e+00
     vertex  5.070447e+01  2.360361e+01  2.000000e+00
     vertex  5.067252e+01  2.356963e+01  2.000000e+00
   endloop
 endfacet
 facet normal  0.000000e+00  0.000000e+00  1.000000e+00
   outer loop
     vertex  5.845000e+01  1.985092e+01  2.000000e+00
     vertex  5.073547e+01  2.363846e+01  2.000000e+00
     vertex  5.070447e+01  2.360361e+01  2.000000e+00
   endloop
 endfacet
 facet normal  0.000000e+00  0.000000e+00  1.000000e+00
   outer loop
     vertex  5.845000e+01  1.985092e+01  2.000000e+00
     vertex  5.076550e+01  2.367414e+01  2.000000e+00
     vertex  5.073547e+01  2.363846e+01  2.000000e+00
   endloop
 endfacet
 facet normal  0.000000e+00  0.000000e+00  1.000000e+00
   outer loop
     vertex  5.845000e+01  1.985092e+01  2.000000e+00
     vertex  5.079455e+01  2.371064e+01  2.000000e+00
     vertex  5.076550e+01  2.367414e+01  2.000000e+00
   endloop
 endfacet
 facet normal  0.000000e+00  0.000000e+00  1.000000e+00
   outer loop
     vertex  5.845000e+01  1.985092e+01  2.000000e+00
     vertex  5.082258e+01  2.374792e+01  2.000000e+00
     vertex  5.079455e+01  2.371064e+01  2.000000e+00
   endloop
 endfacet
 facet normal  0.000000e+00  0.000000e+00  1.000000e+00
   outer loop
     vertex  5.845000e+01  1.985092e+01  2.000000e+00
     vertex  5.084958e+01  2.378595e+01  2.000000e+00
     vertex  5.082258e+01  2.374792e+01  2.000000e+00
   endloop
 endfacet
 facet normal  0.000000e+00  0.000000e+00  1.000000e+00
   outer loop
     vertex  5.845000e+01  1.985092e+01  2.000000e+00
     vertex  5.087553e+01  2.382471e+01  2.000000e+00
     vertex  5.084958e+01  2.378595e+01  2.000000e+00
   endloop
 endfacet
 facet normal  0.000000e+00  0.000000e+00  1.000000e+00
   outer loop
     vertex  5.845000e+01  1.985092e+01  2.000000e+00
     vertex  5.090040e+01  2.386416e+01  2.000000e+00
     vertex  5.087553e+01  2.382471e+01  2.000000e+00
   endloop
 endfacet
 facet normal  0.000000e+00  0.000000e+00  1.000000e+00
   outer loop
     vertex  5.845000e+01  1.985092e+01  2.000000e+00
     vertex  5.092418e+01  2.390429e+01  2.000000e+00
     vertex  5.090040e+01  2.386416e+01  2.000000e+00
   endloop
 endfacet
 facet normal  0.000000e+00  0.000000e+00  1.000000e+00
   outer loop
     vertex  5.845000e+01  1.985092e+01  2.000000e+00
     vertex  5.094685e+01  2.394505e+01  2.000000e+00
     vertex  5.092418e+01  2.390429e+01  2.000000e+00
   endloop
 endfacet
 facet normal  0.000000e+00  0.000000e+00  1.000000e+00
   outer loop
     vertex  5.845000e+01  1.985092e+01  2.000000e+00
     vertex  5.096840e+01  2.398642e+01  2.000000e+00
     vertex  5.094685e+01  2.394505e+01  2.000000e+00
   endloop
 endfacet
 facet normal  0.000000e+00  0.000000e+00  1.000000e+00
   outer loop
     vertex  6.720000e+01  1.355092e+01  2.000000e+00
     vertex  6.195000e+01  1.635092e+01  2.000000e+00
     vertex  6.370000e+01  1.005092e+01  2.000000e+00
   endloop
 endfacet
 facet normal  0.000000e+00  0.000000e+00  1.000000e+00
   outer loop
     vertex  4.040000e+01  4.295092e+01  2.000000e+00
     vertex  3.060000e+01  4.295092e+01  2.000000e+00
     vertex  3.690000e+01  3.945092e+01  2.000000e+00
   endloop
 endfacet
 facet normal  0.000000e+00  0.000000e+00  1.000000e+00
   outer loop
     vertex  7.080000e+01  1.635092e+01  2.000000e+00
     vertex  6.195000e+01  1.635092e+01  2.000000e+00
     vertex  6.720000e+01  1.355092e+01  2.000000e+00
   endloop
 endfacet
 facet normal  0.000000e+00  0.000000e+00  1.000000e+00
   outer loop
     vertex  6.195000e+01  2.615092e+01  2.000000e+00
     vertex  5.845000e+01  1.985092e+01  2.000000e+00
     vertex  6.195000e+01  2.335092e+01  2.000000e+00
   endloop
 endfacet
 facet normal  0.000000e+00  0.000000e+00  1.000000e+00
   outer loop
     vertex  5.845000e+01  2.965092e+01  2.000000e+00
     vertex  5.107316e+01  2.525625e+01  2.000000e+00
     vertex  5.108641e+01  2.521153e+01  2.000000e+00
   endloop
 endfacet
 facet normal  0.000000e+00  0.000000e+00  1.000000e+00
   outer loop
     vertex  5.845000e+01  2.965092e+01  2.000000e+00
     vertex  5.105868e+01  2.530059e+01  2.000000e+00
     vertex  5.107316e+01  2.525625e+01  2.000000e+00
   endloop
 endfacet
 facet normal  0.000000e+00  0.000000e+00  1.000000e+00
   outer loop
     vertex  5.845000e+01  2.965092e+01  2.000000e+00
     vertex  5.104300e+01  2.534451e+01  2.000000e+00
     vertex  5.105868e+01  2.530059e+01  2.000000e+00
   endloop
 endfacet
 facet normal  0.000000e+00  0.000000e+00  1.000000e+00
   outer loop
     vertex  5.845000e+01  2.965092e+01  2.000000e+00
     vertex  5.102612e+01  2.538799e+01  2.000000e+00
     vertex  5.104300e+01  2.534451e+01  2.000000e+00
   endloop
 endfacet
 facet normal  0.000000e+00  0.000000e+00  1.000000e+00
   outer loop
     vertex  5.845000e+01  2.965092e+01  2.000000e+00
     vertex  5.100804e+01  2.543099e+01  2.000000e+00
     vertex  5.102612e+01  2.538799e+01  2.000000e+00
   endloop
 endfacet
 facet normal  0.000000e+00  0.000000e+00  1.000000e+00
   outer loop
     vertex  5.845000e+01  2.965092e+01  2.000000e+00
     vertex  5.098880e+01  2.547348e+01  2.000000e+00
     vertex  5.100804e+01  2.543099e+01  2.000000e+00
   endloop
 endfacet
 facet normal  0.000000e+00  0.000000e+00  1.000000e+00
   outer loop
     vertex  5.845000e+01  2.965092e+01  2.000000e+00
     vertex  5.096840e+01  2.551542e+01  2.000000e+00
     vertex  5.098880e+01  2.547348e+01  2.000000e+00
   endloop
 endfacet
 facet normal  0.000000e+00  0.000000e+00  1.000000e+00
   outer loop
     vertex  5.845000e+01  2.965092e+01  2.000000e+00
     vertex  5.094685e+01  2.555679e+01  2.000000e+00
     vertex  5.096840e+01  2.551542e+01  2.000000e+00
   endloop
 endfacet
 facet normal  0.000000e+00  0.000000e+00  1.000000e+00
   outer loop
     vertex  5.845000e+01  2.965092e+01  2.000000e+00
     vertex  5.092418e+01  2.559755e+01  2.000000e+00
     vertex  5.094685e+01  2.555679e+01  2.000000e+00
   endloop
 endfacet
 facet normal  0.000000e+00  0.000000e+00  1.000000e+00
   outer loop
     vertex  5.845000e+01  2.965092e+01  2.000000e+00
     vertex  5.090040e+01  2.563768e+01  2.000000e+00
     vertex  5.092418e+01  2.559755e+01  2.000000e+00
   endloop
 endfacet
 facet normal  0.000000e+00  0.000000e+00  1.000000e+00
   outer loop
     vertex  5.845000e+01  2.965092e+01  2.000000e+00
     vertex  5.087553e+01  2.567713e+01  2.000000e+00
     vertex  5.090040e+01  2.563768e+01  2.000000e+00
   endloop
 endfacet
 facet normal  0.000000e+00  0.000000e+00  1.000000e+00
   outer loop
     vertex  5.845000e+01  2.965092e+01  2.000000e+00
     vertex  5.084958e+01  2.571589e+01  2.000000e+00
     vertex  5.087553e+01  2.567713e+01  2.000000e+00
   endloop
 endfacet
 facet normal  0.000000e+00  0.000000e+00  1.000000e+00
   outer loop
     vertex  5.845000e+01  2.965092e+01  2.000000e+00
     vertex  5.082258e+01  2.575392e+01  2.000000e+00
     vertex  5.084958e+01  2.571589e+01  2.000000e+00
   endloop
 endfacet
 facet normal  0.000000e+00  0.000000e+00  1.000000e+00
   outer loop
     vertex  5.845000e+01  2.965092e+01  2.000000e+00
     vertex  5.079455e+01  2.579120e+01  2.000000e+00
     vertex  5.082258e+01  2.575392e+01  2.000000e+00
   endloop
 endfacet
 facet normal  0.000000e+00  0.000000e+00  1.000000e+00
   outer loop
     vertex  5.845000e+01  2.965092e+01  2.000000e+00
     vertex  5.076550e+01  2.582770e+01  2.000000e+00
     vertex  5.079455e+01  2.579120e+01  2.000000e+00
   endloop
 endfacet
 facet normal  0.000000e+00  0.000000e+00  1.000000e+00
   outer loop
     vertex  5.845000e+01  2.965092e+01  2.000000e+00
     vertex  5.073547e+01  2.586338e+01  2.000000e+00
     vertex  5.076550e+01  2.582770e+01  2.000000e+00
   endloop
 endfacet
 facet normal  0.000000e+00  0.000000e+00  1.000000e+00
   outer loop
     vertex  5.845000e+01  2.965092e+01  2.000000e+00
     vertex  5.070447e+01  2.589823e+01  2.000000e+00
     vertex  5.073547e+01  2.586338e+01  2.000000e+00
   endloop
 endfacet
 facet normal  0.000000e+00  0.000000e+00  1.000000e+00
   outer loop
     vertex  5.845000e+01  2.965092e+01  2.000000e+00
     vertex  5.067252e+01  2.593221e+01  2.000000e+00
     vertex  5.070447e+01  2.589823e+01  2.000000e+00
   endloop
 endfacet
 facet normal  0.000000e+00  0.000000e+00  1.000000e+00
   outer loop
     vertex  5.845000e+01  2.965092e+01  2.000000e+00
     vertex  5.063965e+01  2.596531e+01  2.000000e+00
     vertex  5.067252e+01  2.593221e+01  2.000000e+00
   endloop
 endfacet
 facet normal  0.000000e+00  0.000000e+00  1.000000e+00
   outer loop
     vertex  5.845000e+01  2.965092e+01  2.000000e+00
     vertex  5.060589e+01  2.599749e+01  2.000000e+00
     vertex  5.063965e+01  2.596531e+01  2.000000e+00
   endloop
 endfacet
 facet normal  0.000000e+00  0.000000e+00  1.000000e+00
   outer loop
     vertex  5.845000e+01  2.965092e+01  2.000000e+00
     vertex  5.057125e+01  2.602873e+01  2.000000e+00
     vertex  5.060589e+01  2.599749e+01  2.000000e+00
   endloop
 endfacet
 facet normal  0.000000e+00  0.000000e+00  1.000000e+00
   outer loop
     vertex  5.845000e+01  2.965092e+01  2.000000e+00
     vertex  5.053578e+01  2.605901e+01  2.000000e+00
     vertex  5.057125e+01  2.602873e+01  2.000000e+00
   endloop
 endfacet
 facet normal  0.000000e+00  0.000000e+00  1.000000e+00
   outer loop
     vertex  5.845000e+01  2.965092e+01  2.000000e+00
     vertex  5.049948e+01  2.608830e+01  2.000000e+00
     vertex  5.053578e+01  2.605901e+01  2.000000e+00
   endloop
 endfacet
 facet normal  0.000000e+00  0.000000e+00  1.000000e+00
   outer loop
     vertex  5.845000e+01  2.965092e+01  2.000000e+00
     vertex  5.046240e+01  2.611659e+01  2.000000e+00
     vertex  5.049948e+01  2.608830e+01  2.000000e+00
   endloop
 endfacet
 facet normal  0.000000e+00  0.000000e+00  1.000000e+00
   outer loop
     vertex  5.845000e+01  2.965092e+01  2.000000e+00
     vertex  5.042455e+01  2.614385e+01  2.000000e+00
     vertex  5.046240e+01  2.611659e+01  2.000000e+00
   endloop
 endfacet
 facet normal  0.000000e+00  0.000000e+00  1.000000e+00
   outer loop
     vertex  5.845000e+01  2.965092e+01  2.000000e+00
     vertex  5.038597e+01  2.617006e+01  2.000000e+00
     vertex  5.042455e+01  2.614385e+01  2.000000e+00
   endloop
 endfacet
 facet normal  0.000000e+00  0.000000e+00  1.000000e+00
   outer loop
     vertex  5.845000e+01  2.965092e+01  2.000000e+00
     vertex  5.034668e+01  2.619520e+01  2.000000e+00
     vertex  5.038597e+01  2.617006e+01  2.000000e+00
   endloop
 endfacet
 facet normal  0.000000e+00  0.000000e+00  1.000000e+00
   outer loop
     vertex  5.845000e+01  2.965092e+01  2.000000e+00
     vertex  5.030672e+01  2.621926e+01  2.000000e+00
     vertex  5.034668e+01  2.619520e+01  2.000000e+00
   endloop
 endfacet
 facet normal  0.000000e+00  0.000000e+00  1.000000e+00
   outer loop
     vertex  5.845000e+01  2.965092e+01  2.000000e+00
     vertex  5.026612e+01  2.624221e+01  2.000000e+00
     vertex  5.030672e+01  2.621926e+01  2.000000e+00
   endloop
 endfacet
 facet normal  0.000000e+00  0.000000e+00  1.000000e+00
   outer loop
     vertex  5.845000e+01  2.965092e+01  2.000000e+00
     vertex  5.022490e+01  2.626404e+01  2.000000e+00
     vertex  5.026612e+01  2.624221e+01  2.000000e+00
   endloop
 endfacet
 facet normal  0.000000e+00  0.000000e+00  1.000000e+00
   outer loop
     vertex  5.845000e+01  2.965092e+01  2.000000e+00
     vertex  5.018310e+01  2.628473e+01  2.000000e+00
     vertex  5.022490e+01  2.626404e+01  2.000000e+00
   endloop
 endfacet
 facet normal  0.000000e+00  0.000000e+00  1.000000e+00
   outer loop
     vertex  5.845000e+01  2.965092e+01  2.000000e+00
     vertex  5.014074e+01  2.630426e+01  2.000000e+00
     vertex  5.018310e+01  2.628473e+01  2.000000e+00
   endloop
 endfacet
 facet normal  0.000000e+00  0.000000e+00  1.000000e+00
   outer loop
     vertex  5.845000e+01  2.965092e+01  2.000000e+00
     vertex  5.115000e+01  2.475092e+01  2.000000e+00
     vertex  5.845000e+01  1.985092e+01  2.000000e+00
   endloop
 endfacet
 facet normal  0.000000e+00  0.000000e+00  1.000000e+00
   outer loop
     vertex  5.845000e+01  2.965092e+01  2.000000e+00
     vertex  5.114936e+01  2.479756e+01  2.000000e+00
     vertex  5.115000e+01  2.475092e+01  2.000000e+00
   endloop
 endfacet
 facet normal  0.000000e+00  0.000000e+00  1.000000e+00
   outer loop
     vertex  5.845000e+01  2.965092e+01  2.000000e+00
     vertex  5.845000e+01  1.985092e+01  2.000000e+00
     vertex  6.195000e+01  2.615092e+01  2.000000e+00
   endloop
 endfacet
 facet normal  0.000000e+00  0.000000e+00  1.000000e+00
   outer loop
     vertex  5.845000e+01  2.965092e+01  2.000000e+00
     vertex  5.114744e+01  2.484416e+01  2.000000e+00
     vertex  5.114936e+01  2.479756e+01  2.000000e+00
   endloop
 endfacet
 facet normal  0.000000e+00  0.000000e+00  1.000000e+00
   outer loop
     vertex  5.845000e+01  2.965092e+01  2.000000e+00
     vertex  5.114424e+01  2.489069e+01  2.000000e+00
     vertex  5.114744e+01  2.484416e+01  2.000000e+00
   endloop
 endfacet
 facet normal  0.000000e+00  0.000000e+00  1.000000e+00
   outer loop
     vertex  5.845000e+01  2.965092e+01  2.000000e+00
     vertex  5.113977e+01  2.493712e+01  2.000000e+00
     vertex  5.114424e+01  2.489069e+01  2.000000e+00
   endloop
 endfacet
 facet normal  0.000000e+00  0.000000e+00  1.000000e+00
   outer loop
     vertex  5.845000e+01  2.965092e+01  2.000000e+00
     vertex  5.113403e+01  2.498341e+01  2.000000e+00
     vertex  5.113977e+01  2.493712e+01  2.000000e+00
   endloop
 endfacet
 facet normal  0.000000e+00  0.000000e+00  1.000000e+00
   outer loop
     vertex  5.845000e+01  2.965092e+01  2.000000e+00
     vertex  5.112702e+01  2.502952e+01  2.000000e+00
     vertex  5.113403e+01  2.498341e+01  2.000000e+00
   endloop
 endfacet
 facet normal  0.000000e+00  0.000000e+00  1.000000e+00
   outer loop
     vertex  5.845000e+01  2.965092e+01  2.000000e+00
     vertex  5.111874e+01  2.507542e+01  2.000000e+00
     vertex  5.112702e+01  2.502952e+01  2.000000e+00
   endloop
 endfacet
 facet normal  0.000000e+00  0.000000e+00  1.000000e+00
   outer loop
     vertex  5.845000e+01  2.965092e+01  2.000000e+00
     vertex  5.110921e+01  2.512108e+01  2.000000e+00
     vertex  5.111874e+01  2.507542e+01  2.000000e+00
   endloop
 endfacet
 facet normal  0.000000e+00  0.000000e+00  1.000000e+00
   outer loop
     vertex  5.845000e+01  2.965092e+01  2.000000e+00
     vertex  5.109843e+01  2.516646e+01  2.000000e+00
     vertex  5.110921e+01  2.512108e+01  2.000000e+00
   endloop
 endfacet
 facet normal  0.000000e+00  0.000000e+00  1.000000e+00
   outer loop
     vertex  5.845000e+01  2.965092e+01  2.000000e+00
     vertex  5.108641e+01  2.521153e+01  2.000000e+00
     vertex  5.109843e+01  2.516646e+01  2.000000e+00
   endloop
 endfacet
 facet normal  0.000000e+00  0.000000e+00  1.000000e+00
   outer loop
     vertex  5.740000e+01  3.595092e+01  2.000000e+00
     vertex  5.009787e+01  2.632263e+01  2.000000e+00
     vertex  5.014074e+01  2.630426e+01  2.000000e+00
   endloop
 endfacet
 facet normal  0.000000e+00  0.000000e+00  1.000000e+00
   outer loop
     vertex  5.740000e+01  3.595092e+01  2.000000e+00
     vertex  5.005451e+01  2.633981e+01  2.000000e+00
     vertex  5.009787e+01  2.632263e+01  2.000000e+00
   endloop
 endfacet
 facet normal  0.000000e+00  0.000000e+00  1.000000e+00
   outer loop
     vertex  5.740000e+01  3.595092e+01  2.000000e+00
     vertex  5.001069e+01  2.635580e+01  2.000000e+00
     vertex  5.005451e+01  2.633981e+01  2.000000e+00
   endloop
 endfacet
 facet normal  0.000000e+00  0.000000e+00  1.000000e+00
   outer loop
     vertex  5.740000e+01  3.595092e+01  2.000000e+00
     vertex  4.996645e+01  2.637057e+01  2.000000e+00
     vertex  5.001069e+01  2.635580e+01  2.000000e+00
   endloop
 endfacet
 facet normal  0.000000e+00  0.000000e+00  1.000000e+00
   outer loop
     vertex  5.740000e+01  3.595092e+01  2.000000e+00
     vertex  4.992182e+01  2.638413e+01  2.000000e+00
     vertex  4.996645e+01  2.637057e+01  2.000000e+00
   endloop
 endfacet
 facet normal  0.000000e+00  0.000000e+00  1.000000e+00
   outer loop
     vertex  5.740000e+01  3.595092e+01  2.000000e+00
     vertex  4.987684e+01  2.639646e+01  2.000000e+00
     vertex  4.992182e+01  2.638413e+01  2.000000e+00
   endloop
 endfacet
 facet normal  0.000000e+00  0.000000e+00  1.000000e+00
   outer loop
     vertex  5.740000e+01  3.595092e+01  2.000000e+00
     vertex  4.983153e+01  2.640755e+01  2.000000e+00
     vertex  4.987684e+01  2.639646e+01  2.000000e+00
   endloop
 endfacet
 facet normal  0.000000e+00  0.000000e+00  1.000000e+00
   outer loop
     vertex  5.740000e+01  3.595092e+01  2.000000e+00
     vertex  4.978594e+01  2.641740e+01  2.000000e+00
     vertex  4.983153e+01  2.640755e+01  2.000000e+00
   endloop
 endfacet
 facet normal  0.000000e+00  0.000000e+00  1.000000e+00
   outer loop
     vertex  5.740000e+01  3.595092e+01  2.000000e+00
     vertex  4.974010e+01  2.642599e+01  2.000000e+00
     vertex  4.978594e+01  2.641740e+01  2.000000e+00
   endloop
 endfacet
 facet normal  0.000000e+00  0.000000e+00  1.000000e+00
   outer loop
     vertex  5.740000e+01  3.595092e+01  2.000000e+00
     vertex  4.969403e+01  2.643331e+01  2.000000e+00
     vertex  4.974010e+01  2.642599e+01  2.000000e+00
   endloop
 endfacet
 facet normal  0.000000e+00  0.000000e+00  1.000000e+00
   outer loop
     vertex  5.740000e+01  3.595092e+01  2.000000e+00
     vertex  4.964779e+01  2.643938e+01  2.000000e+00
     vertex  4.969403e+01  2.643331e+01  2.000000e+00
   endloop
 endfacet
 facet normal  0.000000e+00  0.000000e+00  1.000000e+00
   outer loop
     vertex  5.740000e+01  3.595092e+01  2.000000e+00
     vertex  4.960139e+01  2.644417e+01  2.000000e+00
     vertex  4.964779e+01  2.643938e+01  2.000000e+00
   endloop
 endfacet
 facet normal  0.000000e+00  0.000000e+00  1.000000e+00
   outer loop
     vertex  5.740000e+01  3.595092e+01  2.000000e+00
     vertex  4.955488e+01  2.644768e+01  2.000000e+00
     vertex  4.960139e+01  2.644417e+01  2.000000e+00
   endloop
 endfacet
 facet normal  0.000000e+00  0.000000e+00  1.000000e+00
   outer loop
     vertex  5.740000e+01  3.595092e+01  2.000000e+00
     vertex  4.950829e+01  2.644992e+01  2.000000e+00
     vertex  4.955488e+01  2.644768e+01  2.000000e+00
   endloop
 endfacet
 facet normal  0.000000e+00  0.000000e+00  1.000000e+00
   outer loop
     vertex  5.740000e+01  3.595092e+01  2.000000e+00
     vertex  4.946166e+01  2.645088e+01  2.000000e+00
     vertex  4.950829e+01  2.644992e+01  2.000000e+00
   endloop
 endfacet
 facet normal  0.000000e+00  0.000000e+00  1.000000e+00
   outer loop
     vertex  5.740000e+01  3.595092e+01  2.000000e+00
     vertex  4.941502e+01  2.645056e+01  2.000000e+00
     vertex  4.946166e+01  2.645088e+01  2.000000e+00
   endloop
 endfacet
 facet normal  0.000000e+00  0.000000e+00  1.000000e+00
   outer loop
     vertex  5.740000e+01  3.595092e+01  2.000000e+00
     vertex  4.936840e+01  2.644896e+01  2.000000e+00
     vertex  4.941502e+01  2.645056e+01  2.000000e+00
   endloop
 endfacet
 facet normal  0.000000e+00  0.000000e+00  1.000000e+00
   outer loop
     vertex  5.740000e+01  3.595092e+01  2.000000e+00
     vertex  5.014074e+01  2.630426e+01  2.000000e+00
     vertex  5.845000e+01  2.965092e+01  2.000000e+00
   endloop
 endfacet
 facet normal  0.000000e+00  0.000000e+00  1.000000e+00
   outer loop
     vertex  5.740000e+01  3.595092e+01  2.000000e+00
     vertex  4.040000e+01  3.595092e+01  2.000000e+00
     vertex  4.936840e+01  2.644896e+01  2.000000e+00
   endloop
 endfacet
 facet normal  0.000000e+00  0.000000e+00  1.000000e+00
   outer loop
     vertex  6.195000e+01  3.315092e+01  2.000000e+00
     vertex  5.740000e+01  3.595092e+01  2.000000e+00
     vertex  5.845000e+01  2.965092e+01  2.000000e+00
   endloop
 endfacet
 facet normal  0.000000e+00  0.000000e+00  1.000000e+00
   outer loop
     vertex  7.080000e+01  2.615092e+01  2.000000e+00
     vertex  6.195000e+01  2.335092e+01  2.000000e+00
     vertex  7.080000e+01  2.335092e+01  2.000000e+00
   endloop
 endfacet
 facet normal  0.000000e+00  0.000000e+00  1.000000e+00
   outer loop
     vertex  7.080000e+01  2.615092e+01  2.000000e+00
     vertex  6.195000e+01  2.615092e+01  2.000000e+00
     vertex  6.195000e+01  2.335092e+01  2.000000e+00
   endloop
 endfacet
 facet normal  0.000000e+00  0.000000e+00  1.000000e+00
   outer loop
     vertex  7.710000e+01  1.985092e+01  2.000000e+00
     vertex  7.080000e+01  2.335092e+01  2.000000e+00
     vertex  7.430000e+01  1.985092e+01  2.000000e+00
   endloop
 endfacet
 facet normal  0.000000e+00  0.000000e+00  1.000000e+00
   outer loop
     vertex  7.710000e+01  1.985092e+01  2.000000e+00
     vertex  7.080000e+01  2.615092e+01  2.000000e+00
     vertex  7.080000e+01  2.335092e+01  2.000000e+00
   endloop
 endfacet
 facet normal  0.000000e+00  0.000000e+00  1.000000e+00
   outer loop
     vertex  8.060000e+01  1.635092e+01  2.000000e+00
     vertex  7.430000e+01  1.985092e+01  2.000000e+00
     vertex  7.080000e+01  1.635092e+01  2.000000e+00
   endloop
 endfacet
 facet normal  0.000000e+00  0.000000e+00  1.000000e+00
   outer loop
     vertex  8.060000e+01  1.635092e+01  2.000000e+00
     vertex  7.710000e+01  1.985092e+01  2.000000e+00
     vertex  7.430000e+01  1.985092e+01  2.000000e+00
   endloop
 endfacet
 facet normal  0.000000e+00  0.000000e+00  1.000000e+00
   outer loop
     vertex  6.090000e+01  3.945092e+01  2.000000e+00
     vertex  5.740000e+01  3.595092e+01  2.000000e+00
     vertex  6.195000e+01  3.315092e+01  2.000000e+00
   endloop
 endfacet
 facet normal  0.000000e+00  0.000000e+00  1.000000e+00
   outer loop
     vertex  9.400000e+01  6.550920e+00  2.000000e+00
     vertex  8.770000e+01  1.005092e+01  2.000000e+00
     vertex  8.420000e+01  6.550920e+00  2.000000e+00
   endloop
 endfacet
 facet normal  0.000000e+00  0.000000e+00  1.000000e+00
   outer loop
     vertex  9.400000e+01  6.550920e+00  2.000000e+00
     vertex  9.050000e+01  1.005092e+01  2.000000e+00
     vertex  8.770000e+01  1.005092e+01  2.000000e+00
   endloop
 endfacet
 facet normal  0.000000e+00  0.000000e+00  1.000000e+00
   outer loop
     vertex  6.370000e+01  3.945092e+01  2.000000e+00
     vertex  6.090000e+01  3.945092e+01  2.000000e+00
     vertex  6.195000e+01  3.315092e+01  2.000000e+00
   endloop
 endfacet
 facet normal  0.000000e+00  0.000000e+00  1.000000e+00
   outer loop
     vertex  6.720000e+01  3.595092e+01  2.000000e+00
     vertex  6.370000e+01  3.945092e+01  2.000000e+00
     vertex  6.195000e+01  3.315092e+01  2.000000e+00
   endloop
 endfacet
 facet normal  0.000000e+00  0.000000e+00  1.000000e+00
   outer loop
     vertex  7.430000e+01  2.965092e+01  2.000000e+00
     vertex  7.080000e+01  2.615092e+01  2.000000e+00
     vertex  7.710000e+01  1.985092e+01  2.000000e+00
   endloop
 endfacet
 facet normal  0.000000e+00  0.000000e+00  1.000000e+00
   outer loop
     vertex  7.080000e+01  3.315092e+01  2.000000e+00
     vertex  6.720000e+01  3.595092e+01  2.000000e+00
     vertex  6.195000e+01  3.315092e+01  2.000000e+00
   endloop
 endfacet
 facet normal  0.000000e+00  0.000000e+00  1.000000e+00
   outer loop
     vertex  8.945000e+01  1.635092e+01  2.000000e+00
     vertex  8.420000e+01  1.355092e+01  2.000000e+00
     vertex  8.770000e+01  1.005092e+01  2.000000e+00
   endloop
 endfacet
 facet normal  0.000000e+00  0.000000e+00  1.000000e+00
   outer loop
     vertex  8.945000e+01  1.635092e+01  2.000000e+00
     vertex  8.770000e+01  1.005092e+01  2.000000e+00
     vertex  9.050000e+01  1.005092e+01  2.000000e+00
   endloop
 endfacet
 facet normal  0.000000e+00  0.000000e+00  1.000000e+00
   outer loop
     vertex  8.945000e+01  1.635092e+01  2.000000e+00
     vertex  8.060000e+01  1.635092e+01  2.000000e+00
     vertex  8.420000e+01  1.355092e+01  2.000000e+00
   endloop
 endfacet
 facet normal  0.000000e+00  0.000000e+00  1.000000e+00
   outer loop
     vertex  7.710000e+01  2.965092e+01  2.000000e+00
     vertex  7.430000e+01  2.965092e+01  2.000000e+00
     vertex  7.710000e+01  1.985092e+01  2.000000e+00
   endloop
 endfacet
 facet normal  0.000000e+00  0.000000e+00  1.000000e+00
   outer loop
     vertex  7.710000e+01  2.965092e+01  2.000000e+00
     vertex  7.080000e+01  3.315092e+01  2.000000e+00
     vertex  7.430000e+01  2.965092e+01  2.000000e+00
   endloop
 endfacet
 facet normal  0.000000e+00  0.000000e+00  1.000000e+00
   outer loop
     vertex  8.060000e+01  2.615092e+01  2.000000e+00
     vertex  7.710000e+01  2.965092e+01  2.000000e+00
     vertex  7.710000e+01  1.985092e+01  2.000000e+00
   endloop
 endfacet
 facet normal  0.000000e+00  0.000000e+00  1.000000e+00
   outer loop
     vertex  8.060000e+01  2.615092e+01  2.000000e+00
     vertex  7.710000e+01  1.985092e+01  2.000000e+00
     vertex  8.060000e+01  2.335092e+01  2.000000e+00
   endloop
 endfacet
 facet normal  0.000000e+00  0.000000e+00  1.000000e+00
   outer loop
     vertex  9.400000e+01  1.355092e+01  2.000000e+00
     vertex  8.945000e+01  1.635092e+01  2.000000e+00
     vertex  9.050000e+01  1.005092e+01  2.000000e+00
   endloop
 endfacet
 facet normal  0.000000e+00  0.000000e+00  1.000000e+00
   outer loop
     vertex  6.720000e+01  4.295092e+01  2.000000e+00
     vertex  6.090000e+01  3.945092e+01  2.000000e+00
     vertex  6.370000e+01  3.945092e+01  2.000000e+00
   endloop
 endfacet
 facet normal  0.000000e+00  0.000000e+00  1.000000e+00
   outer loop
     vertex  6.720000e+01  4.295092e+01  2.000000e+00
     vertex  5.740000e+01  4.295092e+01  2.000000e+00
     vertex  6.090000e+01  3.945092e+01  2.000000e+00
   endloop
 endfacet
 facet normal  0.000000e+00  0.000000e+00  1.000000e+00
   outer loop
     vertex  9.295000e+01  1.985092e+01  2.000000e+00
     vertex  8.945000e+01  1.635092e+01  2.000000e+00
     vertex  9.400000e+01  1.355092e+01  2.000000e+00
   endloop
 endfacet
 facet normal  0.000000e+00  0.000000e+00  1.000000e+00
   outer loop
     vertex  8.060000e+01  3.315092e+01  2.000000e+00
     vertex  7.080000e+01  3.315092e+01  2.000000e+00
     vertex  7.710000e+01  2.965092e+01  2.000000e+00
   endloop
 endfacet
 facet normal  0.000000e+00  0.000000e+00  1.000000e+00
   outer loop
     vertex  8.945000e+01  2.615092e+01  2.000000e+00
     vertex  8.060000e+01  2.615092e+01  2.000000e+00
     vertex  8.060000e+01  2.335092e+01  2.000000e+00
   endloop
 endfacet
 facet normal  0.000000e+00  0.000000e+00  1.000000e+00
   outer loop
     vertex  8.945000e+01  2.615092e+01  2.000000e+00
     vertex  8.060000e+01  2.335092e+01  2.000000e+00
     vertex  8.945000e+01  2.335092e+01  2.000000e+00
   endloop
 endfacet
 facet normal  0.000000e+00  0.000000e+00  1.000000e+00
   outer loop
     vertex  8.945000e+01  2.615092e+01  2.000000e+00
     vertex  8.945000e+01  2.335092e+01  2.000000e+00
     vertex  9.295000e+01  1.985092e+01  2.000000e+00
   endloop
 endfacet
 facet normal  0.000000e+00  0.000000e+00  1.000000e+00
   outer loop
     vertex  9.295000e+01  2.965092e+01  2.000000e+00
     vertex  8.945000e+01  2.615092e+01  2.000000e+00
     vertex  9.295000e+01  1.985092e+01  2.000000e+00
   endloop
 endfacet
 facet normal  0.000000e+00  0.000000e+00  1.000000e+00
   outer loop
     vertex  8.945000e+01  3.315092e+01  2.000000e+00
     vertex  8.420000e+01  3.595092e+01  2.000000e+00
     vertex  8.060000e+01  3.315092e+01  2.000000e+00
   endloop
 endfacet
 facet normal  0.000000e+00  0.000000e+00  1.000000e+00
   outer loop
     vertex  1.007771e+02  2.352033e+01  2.000000e+00
     vertex  1.007438e+02  2.355297e+01  2.000000e+00
     vertex  9.295000e+01  1.985092e+01  2.000000e+00
   endloop
 endfacet
 facet normal  0.000000e+00  0.000000e+00  1.000000e+00
   outer loop
     vertex  1.007114e+02  2.358651e+01  2.000000e+00
     vertex  9.295000e+01  1.985092e+01  2.000000e+00
     vertex  1.007438e+02  2.355297e+01  2.000000e+00
   endloop
 endfacet
 facet normal  0.000000e+00  0.000000e+00  1.000000e+00
   outer loop
     vertex  1.008113e+02  2.348861e+01  2.000000e+00
     vertex  1.007771e+02  2.352033e+01  2.000000e+00
     vertex  9.295000e+01  1.985092e+01  2.000000e+00
   endloop
 endfacet
 facet normal  0.000000e+00  0.000000e+00  1.000000e+00
   outer loop
     vertex  1.006799e+02  2.362093e+01  2.000000e+00
     vertex  9.295000e+01  1.985092e+01  2.000000e+00
     vertex  1.007114e+02  2.358651e+01  2.000000e+00
   endloop
 endfacet
 facet normal  0.000000e+00  0.000000e+00  1.000000e+00
   outer loop
     vertex  1.008464e+02  2.345785e+01  2.000000e+00
     vertex  1.008113e+02  2.348861e+01  2.000000e+00
     vertex  9.295000e+01  1.985092e+01  2.000000e+00
   endloop
 endfacet
 facet normal  0.000000e+00  0.000000e+00  1.000000e+00
   outer loop
     vertex  1.006494e+02  2.365620e+01  2.000000e+00
     vertex  9.295000e+01  1.985092e+01  2.000000e+00
     vertex  1.006799e+02  2.362093e+01  2.000000e+00
   endloop
 endfacet
 facet normal  0.000000e+00  0.000000e+00  1.000000e+00
   outer loop
     vertex  1.008823e+02  2.342806e+01  2.000000e+00
     vertex  1.008464e+02  2.345785e+01  2.000000e+00
     vertex  9.295000e+01  1.985092e+01  2.000000e+00
   endloop
 endfacet
 facet normal  0.000000e+00  0.000000e+00  1.000000e+00
   outer loop
     vertex  1.006198e+02  2.369229e+01  2.000000e+00
     vertex  9.295000e+01  1.985092e+01  2.000000e+00
     vertex  1.006494e+02  2.365620e+01  2.000000e+00
   endloop
 endfacet
 facet normal  0.000000e+00  0.000000e+00  1.000000e+00
   outer loop
     vertex  1.009190e+02  2.339927e+01  2.000000e+00
     vertex  1.008823e+02  2.342806e+01  2.000000e+00
     vertex  9.295000e+01  1.985092e+01  2.000000e+00
   endloop
 endfacet
 facet normal  0.000000e+00  0.000000e+00  1.000000e+00
   outer loop
     vertex  1.005913e+02  2.372918e+01  2.000000e+00
     vertex  9.295000e+01  1.985092e+01  2.000000e+00
     vertex  1.006198e+02  2.369229e+01  2.000000e+00
   endloop
 endfacet
 facet normal  0.000000e+00  0.000000e+00  1.000000e+00
   outer loop
     vertex  1.009564e+02  2.337149e+01  2.000000e+00
     vertex  1.009190e+02  2.339927e+01  2.000000e+00
     vertex  9.295000e+01  1.985092e+01  2.000000e+00
   endloop
 endfacet
 facet normal  0.000000e+00  0.000000e+00  1.000000e+00
   outer loop
     vertex  1.005638e+02  2.376684e+01  2.000000e+00
     vertex  9.295000e+01  1.985092e+01  2.000000e+00
     vertex  1.005913e+02  2.372918e+01  2.000000e+00
   endloop
 endfacet
 facet normal  0.000000e+00  0.000000e+00  1.000000e+00
   outer loop
     vertex  1.009947e+02  2.334475e+01  2.000000e+00
     vertex  1.009564e+02  2.337149e+01  2.000000e+00
     vertex  9.295000e+01  1.985092e+01  2.000000e+00
   endloop
 endfacet
 facet normal  0.000000e+00  0.000000e+00  1.000000e+00
   outer loop
     vertex  1.005373e+02  2.380524e+01  2.000000e+00
     vertex  9.295000e+01  1.985092e+01  2.000000e+00
     vertex  1.005638e+02  2.376684e+01  2.000000e+00
   endloop
 endfacet
 facet normal  0.000000e+00  0.000000e+00  1.000000e+00
   outer loop
     vertex  1.010336e+02  2.331907e+01  2.000000e+00
     vertex  1.009947e+02  2.334475e+01  2.000000e+00
     vertex  9.295000e+01  1.985092e+01  2.000000e+00
   endloop
 endfacet
 facet normal  0.000000e+00  0.000000e+00  1.000000e+00
   outer loop
     vertex  1.005119e+02  2.384435e+01  2.000000e+00
     vertex  9.295000e+01  1.985092e+01  2.000000e+00
     vertex  1.005373e+02  2.380524e+01  2.000000e+00
   endloop
 endfacet
 facet normal  0.000000e+00  0.000000e+00  1.000000e+00
   outer loop
     vertex  1.010732e+02  2.329447e+01  2.000000e+00
     vertex  1.010336e+02  2.331907e+01  2.000000e+00
     vertex  9.295000e+01  1.985092e+01  2.000000e+00
   endloop
 endfacet
 facet normal  0.000000e+00  0.000000e+00  1.000000e+00
   outer loop
     vertex  1.004876e+02  2.388414e+01  2.000000e+00
     vertex  9.295000e+01  1.985092e+01  2.000000e+00
     vertex  1.005119e+02  2.384435e+01  2.000000e+00
   endloop
 endfacet
 facet normal  0.000000e+00  0.000000e+00  1.000000e+00
   outer loop
     vertex  1.011135e+02  2.327096e+01  2.000000e+00
     vertex  1.010732e+02  2.329447e+01  2.000000e+00
     vertex  9.295000e+01  1.985092e+01  2.000000e+00
   endloop
 endfacet
 facet normal  0.000000e+00  0.000000e+00  1.000000e+00
   outer loop
     vertex  1.004643e+02  2.392459e+01  2.000000e+00
     vertex  9.295000e+01  1.985092e+01  2.000000e+00
     vertex  1.004876e+02  2.388414e+01  2.000000e+00
   endloop
 endfacet
 facet normal  0.000000e+00  0.000000e+00  1.000000e+00
   outer loop
     vertex  1.011544e+02  2.324857e+01  2.000000e+00
     vertex  1.011135e+02  2.327096e+01  2.000000e+00
     vertex  9.295000e+01  1.985092e+01  2.000000e+00
   endloop
 endfacet
 facet normal  0.000000e+00  0.000000e+00  1.000000e+00
   outer loop
     vertex  1.004422e+02  2.396566e+01  2.000000e+00
     vertex  9.295000e+01  1.985092e+01  2.000000e+00
     vertex  1.004643e+02  2.392459e+01  2.000000e+00
   endloop
 endfacet
 facet normal  0.000000e+00  0.000000e+00  1.000000e+00
   outer loop
     vertex  1.011959e+02  2.322731e+01  2.000000e+00
     vertex  1.011544e+02  2.324857e+01  2.000000e+00
     vertex  9.295000e+01  1.985092e+01  2.000000e+00
   endloop
 endfacet
 facet normal  0.000000e+00  0.000000e+00  1.000000e+00
   outer loop
     vertex  1.004213e+02  2.400732e+01  2.000000e+00
     vertex  9.295000e+01  1.985092e+01  2.000000e+00
     vertex  1.004422e+02  2.396566e+01  2.000000e+00
   endloop
 endfacet
 facet normal  0.000000e+00  0.000000e+00  1.000000e+00
   outer loop
     vertex  1.012380e+02  2.320720e+01  2.000000e+00
     vertex  9.295000e+01  1.985092e+01  2.000000e+00
     vertex  9.400000e+01  1.355092e+01  2.000000e+00
   endloop
 endfacet
 facet normal  0.000000e+00  0.000000e+00  1.000000e+00
   outer loop
     vertex  1.012380e+02  2.320720e+01  2.000000e+00
     vertex  1.011959e+02  2.322731e+01  2.000000e+00
     vertex  9.295000e+01  1.985092e+01  2.000000e+00
   endloop
 endfacet
 facet normal  0.000000e+00  0.000000e+00  1.000000e+00
   outer loop
     vertex  1.004014e+02  2.404954e+01  2.000000e+00
     vertex  9.295000e+01  1.985092e+01  2.000000e+00
     vertex  1.004213e+02  2.400732e+01  2.000000e+00
   endloop
 endfacet
 facet normal  0.000000e+00  0.000000e+00  1.000000e+00
   outer loop
     vertex  1.012806e+02  2.318825e+01  2.000000e+00
     vertex  1.012380e+02  2.320720e+01  2.000000e+00
     vertex  9.400000e+01  1.355092e+01  2.000000e+00
   endloop
 endfacet
 facet normal  0.000000e+00  0.000000e+00  1.000000e+00
   outer loop
     vertex  1.003828e+02  2.409229e+01  2.000000e+00
     vertex  9.295000e+01  1.985092e+01  2.000000e+00
     vertex  1.004014e+02  2.404954e+01  2.000000e+00
   endloop
 endfacet
 facet normal  0.000000e+00  0.000000e+00  1.000000e+00
   outer loop
     vertex  1.013238e+02  2.317047e+01  2.000000e+00
     vertex  1.012806e+02  2.318825e+01  2.000000e+00
     vertex  9.400000e+01  1.355092e+01  2.000000e+00
   endloop
 endfacet
 facet normal  0.000000e+00  0.000000e+00  1.000000e+00
   outer loop
     vertex  1.003653e+02  2.413553e+01  2.000000e+00
     vertex  9.295000e+01  1.985092e+01  2.000000e+00
     vertex  1.003828e+02  2.409229e+01  2.000000e+00
   endloop
 endfacet
 facet normal  0.000000e+00  0.000000e+00  1.000000e+00
   outer loop
     vertex  1.013673e+02  2.315389e+01  2.000000e+00
     vertex  1.013238e+02  2.317047e+01  2.000000e+00
     vertex  9.400000e+01  1.355092e+01  2.000000e+00
   endloop
 endfacet
 facet normal  0.000000e+00  0.000000e+00  1.000000e+00
   outer loop
     vertex  1.003490e+02  2.417924e+01  2.000000e+00
     vertex  9.295000e+01  1.985092e+01  2.000000e+00
     vertex  1.003653e+02  2.413553e+01  2.000000e+00
   endloop
 endfacet
 facet normal  0.000000e+00  0.000000e+00  1.000000e+00
   outer loop
     vertex  1.014114e+02  2.313850e+01  2.000000e+00
     vertex  1.013673e+02  2.315389e+01  2.000000e+00
     vertex  9.400000e+01  1.355092e+01  2.000000e+00
   endloop
 endfacet
 facet normal  0.000000e+00  0.000000e+00  1.000000e+00
   outer loop
     vertex  1.003339e+02  2.422337e+01  2.000000e+00
     vertex  9.295000e+01  1.985092e+01  2.000000e+00
     vertex  1.003490e+02  2.417924e+01  2.000000e+00
   endloop
 endfacet
 facet normal  0.000000e+00  0.000000e+00  1.000000e+00
   outer loop
     vertex  1.014558e+02  2.312433e+01  2.000000e+00
     vertex  1.014114e+02  2.313850e+01  2.000000e+00
     vertex  9.400000e+01  1.355092e+01  2.000000e+00
   endloop
 endfacet
 facet normal  0.000000e+00  0.000000e+00  1.000000e+00
   outer loop
     vertex  1.003201e+02  2.426791e+01  2.000000e+00
     vertex  9.295000e+01  1.985092e+01  2.000000e+00
     vertex  1.003339e+02  2.422337e+01  2.000000e+00
   endloop
 endfacet
 facet normal  0.000000e+00  0.000000e+00  1.000000e+00
   outer loop
     vertex  1.015006e+02  2.311139e+01  2.000000e+00
     vertex  1.014558e+02  2.312433e+01  2.000000e+00
     vertex  9.400000e+01  1.355092e+01  2.000000e+00
   endloop
 endfacet
 facet normal  0.000000e+00  0.000000e+00  1.000000e+00
   outer loop
     vertex  1.003074e+02  2.431281e+01  2.000000e+00
     vertex  9.295000e+01  1.985092e+01  2.000000e+00
     vertex  1.003201e+02  2.426791e+01  2.000000e+00
   endloop
 endfacet
 facet normal  0.000000e+00  0.000000e+00  1.000000e+00
   outer loop
     vertex  1.015458e+02  2.309968e+01  2.000000e+00
     vertex  1.015006e+02  2.311139e+01  2.000000e+00
     vertex  9.400000e+01  1.355092e+01  2.000000e+00
   endloop
 endfacet
 facet normal  0.000000e+00  0.000000e+00  1.000000e+00
   outer loop
     vertex  1.002960e+02  2.435803e+01  2.000000e+00
     vertex  9.295000e+01  1.985092e+01  2.000000e+00
     vertex  1.003074e+02  2.431281e+01  2.000000e+00
   endloop
 endfacet
 facet normal  0.000000e+00  0.000000e+00  1.000000e+00
   outer loop
     vertex  1.015912e+02  2.308921e+01  2.000000e+00
     vertex  1.015458e+02  2.309968e+01  2.000000e+00
     vertex  9.400000e+01  1.355092e+01  2.000000e+00
   endloop
 endfacet
 facet normal  0.000000e+00  0.000000e+00  1.000000e+00
   outer loop
     vertex  1.002859e+02  2.440356e+01  2.000000e+00
     vertex  9.295000e+01  1.985092e+01  2.000000e+00
     vertex  1.002960e+02  2.435803e+01  2.000000e+00
   endloop
 endfacet
 facet normal  0.000000e+00  0.000000e+00  1.000000e+00
   outer loop
     vertex  1.016370e+02  2.307999e+01  2.000000e+00
     vertex  1.015912e+02  2.308921e+01  2.000000e+00
     vertex  9.400000e+01  1.355092e+01  2.000000e+00
   endloop
 endfacet
 facet normal  0.000000e+00  0.000000e+00  1.000000e+00
   outer loop
     vertex  1.002770e+02  2.444934e+01  2.000000e+00
     vertex  9.295000e+01  1.985092e+01  2.000000e+00
     vertex  1.002859e+02  2.440356e+01  2.000000e+00
   endloop
 endfacet
 facet normal  0.000000e+00  0.000000e+00  1.000000e+00
   outer loop
     vertex  1.016829e+02  2.307203e+01  2.000000e+00
     vertex  1.016370e+02  2.307999e+01  2.000000e+00
     vertex  9.400000e+01  1.355092e+01  2.000000e+00
   endloop
 endfacet
 facet normal  0.000000e+00  0.000000e+00  1.000000e+00
   outer loop
     vertex  1.002693e+02  2.449535e+01  2.000000e+00
     vertex  9.295000e+01  1.985092e+01  2.000000e+00
     vertex  1.002770e+02  2.444934e+01  2.000000e+00
   endloop
 endfacet
 facet normal  0.000000e+00  0.000000e+00  1.000000e+00
   outer loop
     vertex  1.017291e+02  2.306534e+01  2.000000e+00
     vertex  1.016829e+02  2.307203e+01  2.000000e+00
     vertex  9.400000e+01  1.355092e+01  2.000000e+00
   endloop
 endfacet
 facet normal  0.000000e+00  0.000000e+00  1.000000e+00
   outer loop
     vertex  1.002629e+02  2.454156e+01  2.000000e+00
     vertex  9.295000e+01  1.985092e+01  2.000000e+00
     vertex  1.002693e+02  2.449535e+01  2.000000e+00
   endloop
 endfacet
 facet normal  0.000000e+00  0.000000e+00  1.000000e+00
   outer loop
     vertex  1.017754e+02  2.305991e+01  2.000000e+00
     vertex  1.017291e+02  2.306534e+01  2.000000e+00
     vertex  9.400000e+01  1.355092e+01  2.000000e+00
   endloop
 endfacet
 facet normal  0.000000e+00  0.000000e+00  1.000000e+00
   outer loop
     vertex  1.002578e+02  2.458792e+01  2.000000e+00
     vertex  9.295000e+01  1.985092e+01  2.000000e+00
     vertex  1.002629e+02  2.454156e+01  2.000000e+00
   endloop
 endfacet
 facet normal  0.000000e+00  0.000000e+00  1.000000e+00
   outer loop
     vertex  1.018219e+02  2.305576e+01  2.000000e+00
     vertex  1.017754e+02  2.305991e+01  2.000000e+00
     vertex  9.400000e+01  1.355092e+01  2.000000e+00
   endloop
 endfacet
 facet normal  0.000000e+00  0.000000e+00  1.000000e+00
   outer loop
     vertex  1.002540e+02  2.463440e+01  2.000000e+00
     vertex  9.295000e+01  1.985092e+01  2.000000e+00
     vertex  1.002578e+02  2.458792e+01  2.000000e+00
   endloop
 endfacet
 facet normal  0.000000e+00  0.000000e+00  1.000000e+00
   outer loop
     vertex  1.018684e+02  2.305288e+01  2.000000e+00
     vertex  1.018219e+02  2.305576e+01  2.000000e+00
     vertex  9.400000e+01  1.355092e+01  2.000000e+00
   endloop
 endfacet
 facet normal  0.000000e+00  0.000000e+00  1.000000e+00
   outer loop
     vertex  1.002514e+02  2.468097e+01  2.000000e+00
     vertex  9.295000e+01  1.985092e+01  2.000000e+00
     vertex  1.002540e+02  2.463440e+01  2.000000e+00
   endloop
 endfacet
 facet normal  0.000000e+00  0.000000e+00  1.000000e+00
   outer loop
     vertex  1.019150e+02  2.305128e+01  2.000000e+00
     vertex  1.018684e+02  2.305288e+01  2.000000e+00
     vertex  9.400000e+01  1.355092e+01  2.000000e+00
   endloop
 endfacet
 facet normal  0.000000e+00  0.000000e+00  1.000000e+00
   outer loop
     vertex  1.002502e+02  2.472760e+01  2.000000e+00
     vertex  9.295000e+01  1.985092e+01  2.000000e+00
     vertex  1.002514e+02  2.468097e+01  2.000000e+00
   endloop
 endfacet
 facet normal  0.000000e+00  0.000000e+00  1.000000e+00
   outer loop
     vertex  1.019617e+02  2.305096e+01  2.000000e+00
     vertex  1.019150e+02  2.305128e+01  2.000000e+00
     vertex  9.400000e+01  1.355092e+01  2.000000e+00
   endloop
 endfacet
 facet normal  0.000000e+00  0.000000e+00  1.000000e+00
   outer loop
     vertex  1.002502e+02  2.477424e+01  2.000000e+00
     vertex  9.295000e+01  2.965092e+01  2.000000e+00
     vertex  9.295000e+01  1.985092e+01  2.000000e+00
   endloop
 endfacet
 facet normal  0.000000e+00  0.000000e+00  1.000000e+00
   outer loop
     vertex  1.002502e+02  2.477424e+01  2.000000e+00
     vertex  9.295000e+01  1.985092e+01  2.000000e+00
     vertex  1.002502e+02  2.472760e+01  2.000000e+00
   endloop
 endfacet
 facet normal  0.000000e+00  0.000000e+00  1.000000e+00
   outer loop
     vertex  1.020083e+02  2.305192e+01  2.000000e+00
     vertex  1.019617e+02  2.305096e+01  2.000000e+00
     vertex  9.400000e+01  1.355092e+01  2.000000e+00
   endloop
 endfacet
 facet normal  0.000000e+00  0.000000e+00  1.000000e+00
   outer loop
     vertex  1.002514e+02  2.482087e+01  2.000000e+00
     vertex  9.295000e+01  2.965092e+01  2.000000e+00
     vertex  1.002502e+02  2.477424e+01  2.000000e+00
   endloop
 endfacet
 facet normal  0.000000e+00  0.000000e+00  1.000000e+00
   outer loop
     vertex  1.020549e+02  2.305416e+01  2.000000e+00
     vertex  9.400000e+01  1.355092e+01  2.000000e+00
     vertex  1.110000e+02  1.355092e+01  2.000000e+00
   endloop
 endfacet
 facet normal  0.000000e+00  0.000000e+00  1.000000e+00
   outer loop
     vertex  1.020549e+02  2.305416e+01  2.000000e+00
     vertex  1.020083e+02  2.305192e+01  2.000000e+00
     vertex  9.400000e+01  1.355092e+01  2.000000e+00
   endloop
 endfacet
 facet normal  0.000000e+00  0.000000e+00  1.000000e+00
   outer loop
     vertex  1.002540e+02  2.486744e+01  2.000000e+00
     vertex  9.295000e+01  2.965092e+01  2.000000e+00
     vertex  1.002514e+02  2.482087e+01  2.000000e+00
   endloop
 endfacet
 facet normal  0.000000e+00  0.000000e+00  1.000000e+00
   outer loop
     vertex  1.021014e+02  2.305767e+01  2.000000e+00
     vertex  1.020549e+02  2.305416e+01  2.000000e+00
     vertex  1.110000e+02  1.355092e+01  2.000000e+00
   endloop
 endfacet
 facet normal  0.000000e+00  0.000000e+00  1.000000e+00
   outer loop
     vertex  1.002578e+02  2.491392e+01  2.000000e+00
     vertex  9.295000e+01  2.965092e+01  2.000000e+00
     vertex  1.002540e+02  2.486744e+01  2.000000e+00
   endloop
 endfacet
 facet normal  0.000000e+00  0.000000e+00  1.000000e+00
   outer loop
     vertex  1.021478e+02  2.306246e+01  2.000000e+00
     vertex  1.021014e+02  2.305767e+01  2.000000e+00
     vertex  1.110000e+02  1.355092e+01  2.000000e+00
   endloop
 endfacet
 facet normal  0.000000e+00  0.000000e+00  1.000000e+00
   outer loop
     vertex  1.002629e+02  2.496028e+01  2.000000e+00
     vertex  9.295000e+01  2.965092e+01  2.000000e+00
     vertex  1.002578e+02  2.491392e+01  2.000000e+00
   endloop
 endfacet
 facet normal  0.000000e+00  0.000000e+00  1.000000e+00
   outer loop
     vertex  1.021940e+02  2.306853e+01  2.000000e+00
     vertex  1.021478e+02  2.306246e+01  2.000000e+00
     vertex  1.110000e+02  1.355092e+01  2.000000e+00
   endloop
 endfacet
 facet normal  0.000000e+00  0.000000e+00  1.000000e+00
   outer loop
     vertex  1.002693e+02  2.500649e+01  2.000000e+00
     vertex  9.295000e+01  2.965092e+01  2.000000e+00
     vertex  1.002629e+02  2.496028e+01  2.000000e+00
   endloop
 endfacet
 facet normal  0.000000e+00  0.000000e+00  1.000000e+00
   outer loop
     vertex  1.022401e+02  2.307585e+01  2.000000e+00
     vertex  1.021940e+02  2.306853e+01  2.000000e+00
     vertex  1.110000e+02  1.355092e+01  2.000000e+00
   endloop
 endfacet
 facet normal  0.000000e+00  0.000000e+00  1.000000e+00
   outer loop
     vertex  1.002770e+02  2.505250e+01  2.000000e+00
     vertex  9.295000e+01  2.965092e+01  2.000000e+00
     vertex  1.002693e+02  2.500649e+01  2.000000e+00
   endloop
 endfacet
 facet normal  0.000000e+00  0.000000e+00  1.000000e+00
   outer loop
     vertex  1.022859e+02  2.308444e+01  2.000000e+00
     vertex  1.022401e+02  2.307585e+01  2.000000e+00
     vertex  1.110000e+02  1.355092e+01  2.000000e+00
   endloop
 endfacet
 facet normal  0.000000e+00  0.000000e+00  1.000000e+00
   outer loop
     vertex  1.002859e+02  2.509828e+01  2.000000e+00
     vertex  9.295000e+01  2.965092e+01  2.000000e+00
     vertex  1.002770e+02  2.505250e+01  2.000000e+00
   endloop
 endfacet
 facet normal  0.000000e+00  0.000000e+00  1.000000e+00
   outer loop
     vertex  1.023315e+02  2.309429e+01  2.000000e+00
     vertex  1.022859e+02  2.308444e+01  2.000000e+00
     vertex  1.110000e+02  1.355092e+01  2.000000e+00
   endloop
 endfacet
 facet normal  0.000000e+00  0.000000e+00  1.000000e+00
   outer loop
     vertex  1.002960e+02  2.514381e+01  2.000000e+00
     vertex  9.295000e+01  2.965092e+01  2.000000e+00
     vertex  1.002859e+02  2.509828e+01  2.000000e+00
   endloop
 endfacet
 facet normal  0.000000e+00  0.000000e+00  1.000000e+00
   outer loop
     vertex  1.023768e+02  2.310538e+01  2.000000e+00
     vertex  1.023315e+02  2.309429e+01  2.000000e+00
     vertex  1.110000e+02  1.355092e+01  2.000000e+00
   endloop
 endfacet
 facet normal  0.000000e+00  0.000000e+00  1.000000e+00
   outer loop
     vertex  1.003074e+02  2.518903e+01  2.000000e+00
     vertex  9.295000e+01  2.965092e+01  2.000000e+00
     vertex  1.002960e+02  2.514381e+01  2.000000e+00
   endloop
 endfacet
 facet normal  0.000000e+00  0.000000e+00  1.000000e+00
   outer loop
     vertex  1.024218e+02  2.311771e+01  2.000000e+00
     vertex  1.023768e+02  2.310538e+01  2.000000e+00
     vertex  1.110000e+02  1.355092e+01  2.000000e+00
   endloop
 endfacet
 facet normal  0.000000e+00  0.000000e+00  1.000000e+00
   outer loop
     vertex  1.003201e+02  2.523393e+01  2.000000e+00
     vertex  9.295000e+01  2.965092e+01  2.000000e+00
     vertex  1.003074e+02  2.518903e+01  2.000000e+00
   endloop
 endfacet
 facet normal  0.000000e+00  0.000000e+00  1.000000e+00
   outer loop
     vertex  1.024664e+02  2.313127e+01  2.000000e+00
     vertex  1.024218e+02  2.311771e+01  2.000000e+00
     vertex  1.110000e+02  1.355092e+01  2.000000e+00
   endloop
 endfacet
 facet normal  0.000000e+00  0.000000e+00  1.000000e+00
   outer loop
     vertex  1.003339e+02  2.527847e+01  2.000000e+00
     vertex  9.295000e+01  2.965092e+01  2.000000e+00
     vertex  1.003201e+02  2.523393e+01  2.000000e+00
   endloop
 endfacet
 facet normal  0.000000e+00  0.000000e+00  1.000000e+00
   outer loop
     vertex  1.025107e+02  2.314604e+01  2.000000e+00
     vertex  1.024664e+02  2.313127e+01  2.000000e+00
     vertex  1.110000e+02  1.355092e+01  2.000000e+00
   endloop
 endfacet
 facet normal  0.000000e+00  0.000000e+00  1.000000e+00
   outer loop
     vertex  1.003490e+02  2.532260e+01  2.000000e+00
     vertex  9.295000e+01  2.965092e+01  2.000000e+00
     vertex  1.003339e+02  2.527847e+01  2.000000e+00
   endloop
 endfacet
 facet normal  0.000000e+00  0.000000e+00  1.000000e+00
   outer loop
     vertex  1.003653e+02  2.536631e+01  2.000000e+00
     vertex  9.295000e+01  2.965092e+01  2.000000e+00
     vertex  1.003490e+02  2.532260e+01  2.000000e+00
   endloop
 endfacet
 facet normal  0.000000e+00  0.000000e+00  1.000000e+00
   outer loop
     vertex  1.003828e+02  2.540955e+01  2.000000e+00
     vertex  9.295000e+01  2.965092e+01  2.000000e+00
     vertex  1.003653e+02  2.536631e+01  2.000000e+00
   endloop
 endfacet
 facet normal  0.000000e+00  0.000000e+00  1.000000e+00
   outer loop
     vertex  1.004014e+02  2.545230e+01  2.000000e+00
     vertex  9.295000e+01  2.965092e+01  2.000000e+00
     vertex  1.003828e+02  2.540955e+01  2.000000e+00
   endloop
 endfacet
 facet normal  0.000000e+00  0.000000e+00  1.000000e+00
   outer loop
     vertex  1.004213e+02  2.549452e+01  2.000000e+00
     vertex  9.295000e+01  2.965092e+01  2.000000e+00
     vertex  1.004014e+02  2.545230e+01  2.000000e+00
   endloop
 endfacet
 facet normal  0.000000e+00  0.000000e+00  1.000000e+00
   outer loop
     vertex  1.004422e+02  2.553618e+01  2.000000e+00
     vertex  9.295000e+01  2.965092e+01  2.000000e+00
     vertex  1.004213e+02  2.549452e+01  2.000000e+00
   endloop
 endfacet
 facet normal  0.000000e+00  0.000000e+00  1.000000e+00
   outer loop
     vertex  1.004643e+02  2.557725e+01  2.000000e+00
     vertex  9.295000e+01  2.965092e+01  2.000000e+00
     vertex  1.004422e+02  2.553618e+01  2.000000e+00
   endloop
 endfacet
 facet normal  0.000000e+00  0.000000e+00  1.000000e+00
   outer loop
     vertex  1.004876e+02  2.561770e+01  2.000000e+00
     vertex  9.295000e+01  2.965092e+01  2.000000e+00
     vertex  1.004643e+02  2.557725e+01  2.000000e+00
   endloop
 endfacet
 facet normal  0.000000e+00  0.000000e+00  1.000000e+00
   outer loop
     vertex  1.005119e+02  2.565749e+01  2.000000e+00
     vertex  9.295000e+01  2.965092e+01  2.000000e+00
     vertex  1.004876e+02  2.561770e+01  2.000000e+00
   endloop
 endfacet
 facet normal  0.000000e+00  0.000000e+00  1.000000e+00
   outer loop
     vertex  1.005373e+02  2.569660e+01  2.000000e+00
     vertex  9.295000e+01  2.965092e+01  2.000000e+00
     vertex  1.005119e+02  2.565749e+01  2.000000e+00
   endloop
 endfacet
 facet normal  0.000000e+00  0.000000e+00  1.000000e+00
   outer loop
     vertex  1.005638e+02  2.573500e+01  2.000000e+00
     vertex  9.295000e+01  2.965092e+01  2.000000e+00
     vertex  1.005373e+02  2.569660e+01  2.000000e+00
   endloop
 endfacet
 facet normal  0.000000e+00  0.000000e+00  1.000000e+00
   outer loop
     vertex  1.005913e+02  2.577266e+01  2.000000e+00
     vertex  9.295000e+01  2.965092e+01  2.000000e+00
     vertex  1.005638e+02  2.573500e+01  2.000000e+00
   endloop
 endfacet
 facet normal  0.000000e+00  0.000000e+00  1.000000e+00
   outer loop
     vertex  1.006198e+02  2.580955e+01  2.000000e+00
     vertex  9.295000e+01  2.965092e+01  2.000000e+00
     vertex  1.005913e+02  2.577266e+01  2.000000e+00
   endloop
 endfacet
 facet normal  0.000000e+00  0.000000e+00  1.000000e+00
   outer loop
     vertex  1.006494e+02  2.584564e+01  2.000000e+00
     vertex  9.295000e+01  2.965092e+01  2.000000e+00
     vertex  1.006198e+02  2.580955e+01  2.000000e+00
   endloop
 endfacet
 facet normal  0.000000e+00  0.000000e+00  1.000000e+00
   outer loop
     vertex  1.006799e+02  2.588091e+01  2.000000e+00
     vertex  9.295000e+01  2.965092e+01  2.000000e+00
     vertex  1.006494e+02  2.584564e+01  2.000000e+00
   endloop
 endfacet
 facet normal  0.000000e+00  0.000000e+00  1.000000e+00
   outer loop
     vertex  1.007114e+02  2.591533e+01  2.000000e+00
     vertex  9.295000e+01  2.965092e+01  2.000000e+00
     vertex  1.006799e+02  2.588091e+01  2.000000e+00
   endloop
 endfacet
 facet normal  0.000000e+00  0.000000e+00  1.000000e+00
   outer loop
     vertex  1.007438e+02  2.594887e+01  2.000000e+00
     vertex  9.295000e+01  2.965092e+01  2.000000e+00
     vertex  1.007114e+02  2.591533e+01  2.000000e+00
   endloop
 endfacet
 facet normal  0.000000e+00  0.000000e+00  1.000000e+00
   outer loop
     vertex  1.007771e+02  2.598151e+01  2.000000e+00
     vertex  9.295000e+01  2.965092e+01  2.000000e+00
     vertex  1.007438e+02  2.594887e+01  2.000000e+00
   endloop
 endfacet
 facet normal  0.000000e+00  0.000000e+00  1.000000e+00
   outer loop
     vertex  1.008113e+02  2.601323e+01  2.000000e+00
     vertex  9.295000e+01  2.965092e+01  2.000000e+00
     vertex  1.007771e+02  2.598151e+01  2.000000e+00
   endloop
 endfacet
 facet normal  0.000000e+00  0.000000e+00  1.000000e+00
   outer loop
     vertex  1.008464e+02  2.604399e+01  2.000000e+00
     vertex  9.295000e+01  2.965092e+01  2.000000e+00
     vertex  1.008113e+02  2.601323e+01  2.000000e+00
   endloop
 endfacet
 facet normal  0.000000e+00  0.000000e+00  1.000000e+00
   outer loop
     vertex  1.008823e+02  2.607378e+01  2.000000e+00
     vertex  9.295000e+01  2.965092e+01  2.000000e+00
     vertex  1.008464e+02  2.604399e+01  2.000000e+00
   endloop
 endfacet
 facet normal  0.000000e+00  0.000000e+00  1.000000e+00
   outer loop
     vertex  1.009190e+02  2.610257e+01  2.000000e+00
     vertex  9.295000e+01  2.965092e+01  2.000000e+00
     vertex  1.008823e+02  2.607378e+01  2.000000e+00
   endloop
 endfacet
 facet normal  0.000000e+00  0.000000e+00  1.000000e+00
   outer loop
     vertex  1.009564e+02  2.613035e+01  2.000000e+00
     vertex  9.295000e+01  2.965092e+01  2.000000e+00
     vertex  1.009190e+02  2.610257e+01  2.000000e+00
   endloop
 endfacet
 facet normal  0.000000e+00  0.000000e+00  1.000000e+00
   outer loop
     vertex  8.770000e+01  3.945092e+01  2.000000e+00
     vertex  8.420000e+01  3.595092e+01  2.000000e+00
     vertex  8.945000e+01  3.315092e+01  2.000000e+00
   endloop
 endfacet
 facet normal  0.000000e+00  0.000000e+00  1.000000e+00
   outer loop
     vertex  1.009947e+02  2.615709e+01  2.000000e+00
     vertex  9.295000e+01  2.965092e+01  2.000000e+00
     vertex  1.009564e+02  2.613035e+01  2.000000e+00
   endloop
 endfacet
 facet normal  0.000000e+00  0.000000e+00  1.000000e+00
   outer loop
     vertex  1.010336e+02  2.618277e+01  2.000000e+00
     vertex  9.295000e+01  2.965092e+01  2.000000e+00
     vertex  1.009947e+02  2.615709e+01  2.000000e+00
   endloop
 endfacet
 facet normal  0.000000e+00  0.000000e+00  1.000000e+00
   outer loop
     vertex  1.010732e+02  2.620737e+01  2.000000e+00
     vertex  9.295000e+01  2.965092e+01  2.000000e+00
     vertex  1.010336e+02  2.618277e+01  2.000000e+00
   endloop
 endfacet
 facet normal  0.000000e+00  0.000000e+00  1.000000e+00
   outer loop
     vertex  1.011135e+02  2.623088e+01  2.000000e+00
     vertex  9.295000e+01  2.965092e+01  2.000000e+00
     vertex  1.010732e+02  2.620737e+01  2.000000e+00
   endloop
 endfacet
 facet normal  0.000000e+00  0.000000e+00  1.000000e+00
   outer loop
     vertex  1.173000e+02  1.005092e+01  2.000000e+00
     vertex  1.145000e+02  1.005092e+01  2.000000e+00
     vertex  1.110000e+02  6.550920e+00  2.000000e+00
   endloop
 endfacet
 facet normal  0.000000e+00  0.000000e+00  1.000000e+00
   outer loop
     vertex  1.208000e+02  6.550920e+00  2.000000e+00
     vertex  1.173000e+02  1.005092e+01  2.000000e+00
     vertex  1.110000e+02  6.550920e+00  2.000000e+00
   endloop
 endfacet
 facet normal  0.000000e+00  0.000000e+00  1.000000e+00
   outer loop
     vertex  1.011544e+02  2.625327e+01  2.000000e+00
     vertex  9.295000e+01  2.965092e+01  2.000000e+00
     vertex  1.011135e+02  2.623088e+01  2.000000e+00
   endloop
 endfacet
 facet normal  0.000000e+00  0.000000e+00  1.000000e+00
   outer loop
     vertex  1.011959e+02  2.627453e+01  2.000000e+00
     vertex  9.295000e+01  2.965092e+01  2.000000e+00
     vertex  1.011544e+02  2.625327e+01  2.000000e+00
   endloop
 endfacet
 facet normal  0.000000e+00  0.000000e+00  1.000000e+00
   outer loop
     vertex  1.012380e+02  2.629464e+01  2.000000e+00
     vertex  9.295000e+01  2.965092e+01  2.000000e+00
     vertex  1.011959e+02  2.627453e+01  2.000000e+00
   endloop
 endfacet
 facet normal  0.000000e+00  0.000000e+00  1.000000e+00
   outer loop
     vertex  9.050000e+01  3.945092e+01  2.000000e+00
     vertex  8.770000e+01  3.945092e+01  2.000000e+00
     vertex  8.945000e+01  3.315092e+01  2.000000e+00
   endloop
 endfacet
 facet normal  0.000000e+00  0.000000e+00  1.000000e+00
   outer loop
     vertex  9.400000e+01  3.595092e+01  2.000000e+00
     vertex  1.015006e+02  2.639045e+01  2.000000e+00
     vertex  1.015458e+02  2.640216e+01  2.000000e+00
   endloop
 endfacet
 facet normal  0.000000e+00  0.000000e+00  1.000000e+00
   outer loop
     vertex  9.400000e+01  3.595092e+01  2.000000e+00
     vertex  1.014558e+02  2.637751e+01  2.000000e+00
     vertex  1.015006e+02  2.639045e+01  2.000000e+00
   endloop
 endfacet
 facet normal  0.000000e+00  0.000000e+00  1.000000e+00
   outer loop
     vertex  9.400000e+01  3.595092e+01  2.000000e+00
     vertex  1.014114e+02  2.636334e+01  2.000000e+00
     vertex  1.014558e+02  2.637751e+01  2.000000e+00
   endloop
 endfacet
 facet normal  0.000000e+00  0.000000e+00  1.000000e+00
   outer loop
     vertex  9.400000e+01  3.595092e+01  2.000000e+00
     vertex  1.013673e+02  2.634795e+01  2.000000e+00
     vertex  1.014114e+02  2.636334e+01  2.000000e+00
   endloop
 endfacet
 facet normal  0.000000e+00  0.000000e+00  1.000000e+00
   outer loop
     vertex  9.400000e+01  3.595092e+01  2.000000e+00
     vertex  1.013238e+02  2.633137e+01  2.000000e+00
     vertex  1.013673e+02  2.634795e+01  2.000000e+00
   endloop
 endfacet
 facet normal  0.000000e+00  0.000000e+00  1.000000e+00
   outer loop
     vertex  9.400000e+01  3.595092e+01  2.000000e+00
     vertex  1.012806e+02  2.631359e+01  2.000000e+00
     vertex  1.013238e+02  2.633137e+01  2.000000e+00
   endloop
 endfacet
 facet normal  0.000000e+00  0.000000e+00  1.000000e+00
   outer loop
     vertex  9.400000e+01  3.595092e+01  2.000000e+00
     vertex  1.012380e+02  2.629464e+01  2.000000e+00
     vertex  1.012806e+02  2.631359e+01  2.000000e+00
   endloop
 endfacet
 facet normal  0.000000e+00  0.000000e+00  1.000000e+00
   outer loop
     vertex  9.400000e+01  3.595092e+01  2.000000e+00
     vertex  9.295000e+01  2.965092e+01  2.000000e+00
     vertex  1.012380e+02  2.629464e+01  2.000000e+00
   endloop
 endfacet
 facet normal  0.000000e+00  0.000000e+00  1.000000e+00
   outer loop
     vertex  9.400000e+01  3.595092e+01  2.000000e+00
     vertex  8.945000e+01  3.315092e+01  2.000000e+00
     vertex  9.295000e+01  2.965092e+01  2.000000e+00
   endloop
 endfacet
 facet normal  0.000000e+00  0.000000e+00  1.000000e+00
   outer loop
     vertex  9.400000e+01  3.595092e+01  2.000000e+00
     vertex  1.020083e+02  2.644992e+01  2.000000e+00
     vertex  1.020549e+02  2.644768e+01  2.000000e+00
   endloop
 endfacet
 facet normal  0.000000e+00  0.000000e+00  1.000000e+00
   outer loop
     vertex  9.400000e+01  3.595092e+01  2.000000e+00
     vertex  1.019617e+02  2.645088e+01  2.000000e+00
     vertex  1.020083e+02  2.644992e+01  2.000000e+00
   endloop
 endfacet
 facet normal  0.000000e+00  0.000000e+00  1.000000e+00
   outer loop
     vertex  9.400000e+01  3.595092e+01  2.000000e+00
     vertex  1.019150e+02  2.645056e+01  2.000000e+00
     vertex  1.019617e+02  2.645088e+01  2.000000e+00
   endloop
 endfacet
 facet normal  0.000000e+00  0.000000e+00  1.000000e+00
   outer loop
     vertex  9.400000e+01  3.595092e+01  2.000000e+00
     vertex  1.018684e+02  2.644896e+01  2.000000e+00
     vertex  1.019150e+02  2.645056e+01  2.000000e+00
   endloop
 endfacet
 facet normal  0.000000e+00  0.000000e+00  1.000000e+00
   outer loop
     vertex  9.400000e+01  3.595092e+01  2.000000e+00
     vertex  9.050000e+01  3.945092e+01  2.000000e+00
     vertex  8.945000e+01  3.315092e+01  2.000000e+00
   endloop
 endfacet
 facet normal  0.000000e+00  0.000000e+00  1.000000e+00
   outer loop
     vertex  9.400000e+01  3.595092e+01  2.000000e+00
     vertex  1.018219e+02  2.644608e+01  2.000000e+00
     vertex  1.018684e+02  2.644896e+01  2.000000e+00
   endloop
 endfacet
 facet normal  0.000000e+00  0.000000e+00  1.000000e+00
   outer loop
     vertex  9.400000e+01  3.595092e+01  2.000000e+00
     vertex  1.017754e+02  2.644193e+01  2.000000e+00
     vertex  1.018219e+02  2.644608e+01  2.000000e+00
   endloop
 endfacet
 facet normal  0.000000e+00  0.000000e+00  1.000000e+00
   outer loop
     vertex  9.400000e+01  3.595092e+01  2.000000e+00
     vertex  1.017291e+02  2.643650e+01  2.000000e+00
     vertex  1.017754e+02  2.644193e+01  2.000000e+00
   endloop
 endfacet
 facet normal  0.000000e+00  0.000000e+00  1.000000e+00
   outer loop
     vertex  9.400000e+01  3.595092e+01  2.000000e+00
     vertex  1.016829e+02  2.642981e+01  2.000000e+00
     vertex  1.017291e+02  2.643650e+01  2.000000e+00
   endloop
 endfacet
 facet normal  0.000000e+00  0.000000e+00  1.000000e+00
   outer loop
     vertex  9.400000e+01  3.595092e+01  2.000000e+00
     vertex  1.016370e+02  2.642185e+01  2.000000e+00
     vertex  1.016829e+02  2.642981e+01  2.000000e+00
   endloop
 endfacet
 facet normal  0.000000e+00  0.000000e+00  1.000000e+00
   outer loop
     vertex  9.400000e+01  3.595092e+01  2.000000e+00
     vertex  1.015912e+02  2.641263e+01  2.000000e+00
     vertex  1.016370e+02  2.642185e+01  2.000000e+00
   endloop
 endfacet
 facet normal  0.000000e+00  0.000000e+00  1.000000e+00
   outer loop
     vertex  9.400000e+01  3.595092e+01  2.000000e+00
     vertex  1.015458e+02  2.640216e+01  2.000000e+00
     vertex  1.015912e+02  2.641263e+01  2.000000e+00
   endloop
 endfacet
 facet normal  0.000000e+00  0.000000e+00  1.000000e+00
   outer loop
     vertex  1.109500e+02  1.985092e+01  2.000000e+00
     vertex  1.025545e+02  2.316203e+01  2.000000e+00
     vertex  1.025107e+02  2.314604e+01  2.000000e+00
   endloop
 endfacet
 facet normal  0.000000e+00  0.000000e+00  1.000000e+00
   outer loop
     vertex  1.109500e+02  1.985092e+01  2.000000e+00
     vertex  1.025979e+02  2.317921e+01  2.000000e+00
     vertex  1.025545e+02  2.316203e+01  2.000000e+00
   endloop
 endfacet
 facet normal  0.000000e+00  0.000000e+00  1.000000e+00
   outer loop
     vertex  1.109500e+02  1.985092e+01  2.000000e+00
     vertex  1.026407e+02  2.319758e+01  2.000000e+00
     vertex  1.025979e+02  2.317921e+01  2.000000e+00
   endloop
 endfacet
 facet normal  0.000000e+00  0.000000e+00  1.000000e+00
   outer loop
     vertex  1.109500e+02  1.985092e+01  2.000000e+00
     vertex  1.026831e+02  2.321711e+01  2.000000e+00
     vertex  1.026407e+02  2.319758e+01  2.000000e+00
   endloop
 endfacet
 facet normal  0.000000e+00  0.000000e+00  1.000000e+00
   outer loop
     vertex  1.109500e+02  1.985092e+01  2.000000e+00
     vertex  1.027249e+02  2.323780e+01  2.000000e+00
     vertex  1.026831e+02  2.321711e+01  2.000000e+00
   endloop
 endfacet
 facet normal  0.000000e+00  0.000000e+00  1.000000e+00
   outer loop
     vertex  1.109500e+02  1.985092e+01  2.000000e+00
     vertex  1.027661e+02  2.325963e+01  2.000000e+00
     vertex  1.027249e+02  2.323780e+01  2.000000e+00
   endloop
 endfacet
 facet normal  0.000000e+00  0.000000e+00  1.000000e+00
   outer loop
     vertex  1.109500e+02  1.985092e+01  2.000000e+00
     vertex  1.028067e+02  2.328258e+01  2.000000e+00
     vertex  1.027661e+02  2.325963e+01  2.000000e+00
   endloop
 endfacet
 facet normal  0.000000e+00  0.000000e+00  1.000000e+00
   outer loop
     vertex  1.109500e+02  1.985092e+01  2.000000e+00
     vertex  1.028467e+02  2.330664e+01  2.000000e+00
     vertex  1.028067e+02  2.328258e+01  2.000000e+00
   endloop
 endfacet
 facet normal  0.000000e+00  0.000000e+00  1.000000e+00
   outer loop
     vertex  1.109500e+02  1.985092e+01  2.000000e+00
     vertex  1.028860e+02  2.333178e+01  2.000000e+00
     vertex  1.028467e+02  2.330664e+01  2.000000e+00
   endloop
 endfacet
 facet normal  0.000000e+00  0.000000e+00  1.000000e+00
   outer loop
     vertex  1.109500e+02  1.985092e+01  2.000000e+00
     vertex  1.029245e+02  2.335799e+01  2.000000e+00
     vertex  1.028860e+02  2.333178e+01  2.000000e+00
   endloop
 endfacet
 facet normal  0.000000e+00  0.000000e+00  1.000000e+00
   outer loop
     vertex  1.109500e+02  1.985092e+01  2.000000e+00
     vertex  1.029624e+02  2.338525e+01  2.000000e+00
     vertex  1.029245e+02  2.335799e+01  2.000000e+00
   endloop
 endfacet
 facet normal  0.000000e+00  0.000000e+00  1.000000e+00
   outer loop
     vertex  1.109500e+02  1.985092e+01  2.000000e+00
     vertex  1.029995e+02  2.341354e+01  2.000000e+00
     vertex  1.029624e+02  2.338525e+01  2.000000e+00
   endloop
 endfacet
 facet normal  0.000000e+00  0.000000e+00  1.000000e+00
   outer loop
     vertex  1.109500e+02  1.985092e+01  2.000000e+00
     vertex  1.030358e+02  2.344283e+01  2.000000e+00
     vertex  1.029995e+02  2.341354e+01  2.000000e+00
   endloop
 endfacet
 facet normal  0.000000e+00  0.000000e+00  1.000000e+00
   outer loop
     vertex  1.109500e+02  1.985092e+01  2.000000e+00
     vertex  1.030713e+02  2.347311e+01  2.000000e+00
     vertex  1.030358e+02  2.344283e+01  2.000000e+00
   endloop
 endfacet
 facet normal  0.000000e+00  0.000000e+00  1.000000e+00
   outer loop
     vertex  1.109500e+02  1.985092e+01  2.000000e+00
     vertex  1.031059e+02  2.350435e+01  2.000000e+00
     vertex  1.030713e+02  2.347311e+01  2.000000e+00
   endloop
 endfacet
 facet normal  0.000000e+00  0.000000e+00  1.000000e+00
   outer loop
     vertex  1.109500e+02  1.985092e+01  2.000000e+00
     vertex  1.031396e+02  2.353653e+01  2.000000e+00
     vertex  1.031059e+02  2.350435e+01  2.000000e+00
   endloop
 endfacet
 facet normal  0.000000e+00  0.000000e+00  1.000000e+00
   outer loop
     vertex  1.109500e+02  1.985092e+01  2.000000e+00
     vertex  1.031725e+02  2.356963e+01  2.000000e+00
     vertex  1.031396e+02  2.353653e+01  2.000000e+00
   endloop
 endfacet
 facet normal  0.000000e+00  0.000000e+00  1.000000e+00
   outer loop
     vertex  1.109500e+02  1.985092e+01  2.000000e+00
     vertex  1.032045e+02  2.360361e+01  2.000000e+00
     vertex  1.031725e+02  2.356963e+01  2.000000e+00
   endloop
 endfacet
 facet normal  0.000000e+00  0.000000e+00  1.000000e+00
   outer loop
     vertex  1.109500e+02  1.985092e+01  2.000000e+00
     vertex  1.032355e+02  2.363846e+01  2.000000e+00
     vertex  1.032045e+02  2.360361e+01  2.000000e+00
   endloop
 endfacet
 facet normal  0.000000e+00  0.000000e+00  1.000000e+00
   outer loop
     vertex  1.109500e+02  1.985092e+01  2.000000e+00
     vertex  1.032655e+02  2.367414e+01  2.000000e+00
     vertex  1.032355e+02  2.363846e+01  2.000000e+00
   endloop
 endfacet
 facet normal  0.000000e+00  0.000000e+00  1.000000e+00
   outer loop
     vertex  1.109500e+02  1.985092e+01  2.000000e+00
     vertex  1.032945e+02  2.371064e+01  2.000000e+00
     vertex  1.032655e+02  2.367414e+01  2.000000e+00
   endloop
 endfacet
 facet normal  0.000000e+00  0.000000e+00  1.000000e+00
   outer loop
     vertex  1.109500e+02  1.985092e+01  2.000000e+00
     vertex  1.033226e+02  2.374792e+01  2.000000e+00
     vertex  1.032945e+02  2.371064e+01  2.000000e+00
   endloop
 endfacet
 facet normal  0.000000e+00  0.000000e+00  1.000000e+00
   outer loop
     vertex  1.109500e+02  1.985092e+01  2.000000e+00
     vertex  1.033496e+02  2.378595e+01  2.000000e+00
     vertex  1.033226e+02  2.374792e+01  2.000000e+00
   endloop
 endfacet
 facet normal  0.000000e+00  0.000000e+00  1.000000e+00
   outer loop
     vertex  1.109500e+02  1.985092e+01  2.000000e+00
     vertex  1.033755e+02  2.382471e+01  2.000000e+00
     vertex  1.033496e+02  2.378595e+01  2.000000e+00
   endloop
 endfacet
 facet normal  0.000000e+00  0.000000e+00  1.000000e+00
   outer loop
     vertex  1.109500e+02  1.985092e+01  2.000000e+00
     vertex  1.034004e+02  2.386416e+01  2.000000e+00
     vertex  1.033755e+02  2.382471e+01  2.000000e+00
   endloop
 endfacet
 facet normal  0.000000e+00  0.000000e+00  1.000000e+00
   outer loop
     vertex  1.109500e+02  1.985092e+01  2.000000e+00
     vertex  1.034242e+02  2.390429e+01  2.000000e+00
     vertex  1.034004e+02  2.386416e+01  2.000000e+00
   endloop
 endfacet
 facet normal  0.000000e+00  0.000000e+00  1.000000e+00
   outer loop
     vertex  1.109500e+02  1.985092e+01  2.000000e+00
     vertex  1.034469e+02  2.394505e+01  2.000000e+00
     vertex  1.034242e+02  2.390429e+01  2.000000e+00
   endloop
 endfacet
 facet normal  0.000000e+00  0.000000e+00  1.000000e+00
   outer loop
     vertex  1.109500e+02  1.985092e+01  2.000000e+00
     vertex  1.034684e+02  2.398642e+01  2.000000e+00
     vertex  1.034469e+02  2.394505e+01  2.000000e+00
   endloop
 endfacet
 facet normal  0.000000e+00  0.000000e+00  1.000000e+00
   outer loop
     vertex  1.109500e+02  1.985092e+01  2.000000e+00
     vertex  1.034888e+02  2.402836e+01  2.000000e+00
     vertex  1.034684e+02  2.398642e+01  2.000000e+00
   endloop
 endfacet
 facet normal  0.000000e+00  0.000000e+00  1.000000e+00
   outer loop
     vertex  1.109500e+02  1.985092e+01  2.000000e+00
     vertex  1.035080e+02  2.407085e+01  2.000000e+00
     vertex  1.034888e+02  2.402836e+01  2.000000e+00
   endloop
 endfacet
 facet normal  0.000000e+00  0.000000e+00  1.000000e+00
   outer loop
     vertex  1.109500e+02  1.985092e+01  2.000000e+00
     vertex  1.035261e+02  2.411385e+01  2.000000e+00
     vertex  1.035080e+02  2.407085e+01  2.000000e+00
   endloop
 endfacet
 facet normal  0.000000e+00  0.000000e+00  1.000000e+00
   outer loop
     vertex  1.109500e+02  1.985092e+01  2.000000e+00
     vertex  1.035430e+02  2.415733e+01  2.000000e+00
     vertex  1.035261e+02  2.411385e+01  2.000000e+00
   endloop
 endfacet
 facet normal  0.000000e+00  0.000000e+00  1.000000e+00
   outer loop
     vertex  1.109500e+02  1.985092e+01  2.000000e+00
     vertex  1.035587e+02  2.420125e+01  2.000000e+00
     vertex  1.035430e+02  2.415733e+01  2.000000e+00
   endloop
 endfacet
 facet normal  0.000000e+00  0.000000e+00  1.000000e+00
   outer loop
     vertex  1.109500e+02  1.985092e+01  2.000000e+00
     vertex  1.035732e+02  2.424559e+01  2.000000e+00
     vertex  1.035587e+02  2.420125e+01  2.000000e+00
   endloop
 endfacet
 facet normal  0.000000e+00  0.000000e+00  1.000000e+00
   outer loop
     vertex  1.109500e+02  1.985092e+01  2.000000e+00
     vertex  1.035864e+02  2.429031e+01  2.000000e+00
     vertex  1.035732e+02  2.424559e+01  2.000000e+00
   endloop
 endfacet
 facet normal  0.000000e+00  0.000000e+00  1.000000e+00
   outer loop
     vertex  1.109500e+02  1.985092e+01  2.000000e+00
     vertex  1.035984e+02  2.433538e+01  2.000000e+00
     vertex  1.035864e+02  2.429031e+01  2.000000e+00
   endloop
 endfacet
 facet normal  0.000000e+00  0.000000e+00  1.000000e+00
   outer loop
     vertex  1.109500e+02  1.985092e+01  2.000000e+00
     vertex  1.036092e+02  2.438076e+01  2.000000e+00
     vertex  1.035984e+02  2.433538e+01  2.000000e+00
   endloop
 endfacet
 facet normal  0.000000e+00  0.000000e+00  1.000000e+00
   outer loop
     vertex  1.109500e+02  1.985092e+01  2.000000e+00
     vertex  1.036187e+02  2.442642e+01  2.000000e+00
     vertex  1.036092e+02  2.438076e+01  2.000000e+00
   endloop
 endfacet
 facet normal  0.000000e+00  0.000000e+00  1.000000e+00
   outer loop
     vertex  1.109500e+02  1.985092e+01  2.000000e+00
     vertex  1.036270e+02  2.447232e+01  2.000000e+00
     vertex  1.036187e+02  2.442642e+01  2.000000e+00
   endloop
 endfacet
 facet normal  0.000000e+00  0.000000e+00  1.000000e+00
   outer loop
     vertex  1.109500e+02  1.985092e+01  2.000000e+00
     vertex  1.036340e+02  2.451843e+01  2.000000e+00
     vertex  1.036270e+02  2.447232e+01  2.000000e+00
   endloop
 endfacet
 facet normal  0.000000e+00  0.000000e+00  1.000000e+00
   outer loop
     vertex  1.109500e+02  1.985092e+01  2.000000e+00
     vertex  1.036398e+02  2.456472e+01  2.000000e+00
     vertex  1.036340e+02  2.451843e+01  2.000000e+00
   endloop
 endfacet
 facet normal  0.000000e+00  0.000000e+00  1.000000e+00
   outer loop
     vertex  1.109500e+02  1.985092e+01  2.000000e+00
     vertex  1.036442e+02  2.461115e+01  2.000000e+00
     vertex  1.036398e+02  2.456472e+01  2.000000e+00
   endloop
 endfacet
 facet normal  0.000000e+00  0.000000e+00  1.000000e+00
   outer loop
     vertex  1.109500e+02  1.985092e+01  2.000000e+00
     vertex  1.036474e+02  2.465768e+01  2.000000e+00
     vertex  1.036442e+02  2.461115e+01  2.000000e+00
   endloop
 endfacet
 facet normal  0.000000e+00  0.000000e+00  1.000000e+00
   outer loop
     vertex  1.109500e+02  1.985092e+01  2.000000e+00
     vertex  1.036494e+02  2.470428e+01  2.000000e+00
     vertex  1.036474e+02  2.465768e+01  2.000000e+00
   endloop
 endfacet
 facet normal  0.000000e+00  0.000000e+00  1.000000e+00
   outer loop
     vertex  1.109500e+02  1.985092e+01  2.000000e+00
     vertex  1.036500e+02  2.475092e+01  2.000000e+00
     vertex  1.036494e+02  2.470428e+01  2.000000e+00
   endloop
 endfacet
 facet normal  0.000000e+00  0.000000e+00  1.000000e+00
   outer loop
     vertex  1.109500e+02  1.985092e+01  2.000000e+00
     vertex  1.025107e+02  2.314604e+01  2.000000e+00
     vertex  1.110000e+02  1.355092e+01  2.000000e+00
   endloop
 endfacet
 facet normal  0.000000e+00  0.000000e+00  1.000000e+00
   outer loop
     vertex  1.144500e+02  1.635092e+01  2.000000e+00
     vertex  1.145000e+02  1.005092e+01  2.000000e+00
     vertex  1.173000e+02  1.005092e+01  2.000000e+00
   endloop
 endfacet
 facet normal  0.000000e+00  0.000000e+00  1.000000e+00
   outer loop
     vertex  1.144500e+02  1.635092e+01  2.000000e+00
     vertex  1.110000e+02  1.355092e+01  2.000000e+00
     vertex  1.145000e+02  1.005092e+01  2.000000e+00
   endloop
 endfacet
 facet normal  0.000000e+00  0.000000e+00  1.000000e+00
   outer loop
     vertex  1.144500e+02  1.635092e+01  2.000000e+00
     vertex  1.109500e+02  1.985092e+01  2.000000e+00
     vertex  1.110000e+02  1.355092e+01  2.000000e+00
   endloop
 endfacet
 facet normal  0.000000e+00  0.000000e+00  1.000000e+00
   outer loop
     vertex  1.208000e+02  1.355092e+01  2.000000e+00
     vertex  1.144500e+02  1.635092e+01  2.000000e+00
     vertex  1.173000e+02  1.005092e+01  2.000000e+00
   endloop
 endfacet
 facet normal  0.000000e+00  0.000000e+00  1.000000e+00
   outer loop
     vertex  9.400000e+01  4.295092e+01  2.000000e+00
     vertex  8.420000e+01  4.295092e+01  2.000000e+00
     vertex  8.770000e+01  3.945092e+01  2.000000e+00
   endloop
 endfacet
 facet normal  0.000000e+00  0.000000e+00  1.000000e+00
   outer loop
     vertex  9.400000e+01  4.295092e+01  2.000000e+00
     vertex  8.770000e+01  3.945092e+01  2.000000e+00
     vertex  9.050000e+01  3.945092e+01  2.000000e+00
   endloop
 endfacet
 facet normal  0.000000e+00  0.000000e+00  1.000000e+00
   outer loop
     vertex  1.231750e+02  1.635092e+01  2.000000e+00
     vertex  1.144500e+02  1.635092e+01  2.000000e+00
     vertex  1.208000e+02  1.355092e+01  2.000000e+00
   endloop
 endfacet
 facet normal  0.000000e+00  0.000000e+00  1.000000e+00
   outer loop
     vertex  1.109500e+02  2.965092e+01  2.000000e+00
     vertex  1.036500e+02  2.475092e+01  2.000000e+00
     vertex  1.109500e+02  1.985092e+01  2.000000e+00
   endloop
 endfacet
 facet normal  0.000000e+00  0.000000e+00  1.000000e+00
   outer loop
     vertex  1.109500e+02  2.965092e+01  2.000000e+00
     vertex  1.036494e+02  2.479756e+01  2.000000e+00
     vertex  1.036500e+02  2.475092e+01  2.000000e+00
   endloop
 endfacet
 facet normal  0.000000e+00  0.000000e+00  1.000000e+00
   outer loop
     vertex  1.109500e+02  2.965092e+01  2.000000e+00
     vertex  1.036474e+02  2.484416e+01  2.000000e+00
     vertex  1.036494e+02  2.479756e+01  2.000000e+00
   endloop
 endfacet
 facet normal  0.000000e+00  0.000000e+00  1.000000e+00
   outer loop
     vertex  1.109500e+02  2.965092e+01  2.000000e+00
     vertex  1.036442e+02  2.489069e+01  2.000000e+00
     vertex  1.036474e+02  2.484416e+01  2.000000e+00
   endloop
 endfacet
 facet normal  0.000000e+00  0.000000e+00  1.000000e+00
   outer loop
     vertex  1.109500e+02  2.965092e+01  2.000000e+00
     vertex  1.036398e+02  2.493712e+01  2.000000e+00
     vertex  1.036442e+02  2.489069e+01  2.000000e+00
   endloop
 endfacet
 facet normal  0.000000e+00  0.000000e+00  1.000000e+00
   outer loop
     vertex  1.109500e+02  2.965092e+01  2.000000e+00
     vertex  1.036340e+02  2.498341e+01  2.000000e+00
     vertex  1.036398e+02  2.493712e+01  2.000000e+00
   endloop
 endfacet
 facet normal  0.000000e+00  0.000000e+00  1.000000e+00
   outer loop
     vertex  1.109500e+02  2.965092e+01  2.000000e+00
     vertex  1.036270e+02  2.502952e+01  2.000000e+00
     vertex  1.036340e+02  2.498341e+01  2.000000e+00
   endloop
 endfacet
 facet normal  0.000000e+00  0.000000e+00  1.000000e+00
   outer loop
     vertex  1.109500e+02  2.965092e+01  2.000000e+00
     vertex  1.036187e+02  2.507542e+01  2.000000e+00
     vertex  1.036270e+02  2.502952e+01  2.000000e+00
   endloop
 endfacet
 facet normal  0.000000e+00  0.000000e+00  1.000000e+00
   outer loop
     vertex  1.109500e+02  2.965092e+01  2.000000e+00
     vertex  1.036092e+02  2.512108e+01  2.000000e+00
     vertex  1.036187e+02  2.507542e+01  2.000000e+00
   endloop
 endfacet
 facet normal  0.000000e+00  0.000000e+00  1.000000e+00
   outer loop
     vertex  1.109500e+02  2.965092e+01  2.000000e+00
     vertex  1.035984e+02  2.516646e+01  2.000000e+00
     vertex  1.036092e+02  2.512108e+01  2.000000e+00
   endloop
 endfacet
 facet normal  0.000000e+00  0.000000e+00  1.000000e+00
   outer loop
     vertex  1.109500e+02  2.965092e+01  2.000000e+00
     vertex  1.035864e+02  2.521153e+01  2.000000e+00
     vertex  1.035984e+02  2.516646e+01  2.000000e+00
   endloop
 endfacet
 facet normal  0.000000e+00  0.000000e+00  1.000000e+00
   outer loop
     vertex  1.109500e+02  2.965092e+01  2.000000e+00
     vertex  1.035732e+02  2.525625e+01  2.000000e+00
     vertex  1.035864e+02  2.521153e+01  2.000000e+00
   endloop
 endfacet
 facet normal  0.000000e+00  0.000000e+00  1.000000e+00
   outer loop
     vertex  1.109500e+02  2.965092e+01  2.000000e+00
     vertex  1.035587e+02  2.530059e+01  2.000000e+00
     vertex  1.035732e+02  2.525625e+01  2.000000e+00
   endloop
 endfacet
 facet normal  0.000000e+00  0.000000e+00  1.000000e+00
   outer loop
     vertex  1.109500e+02  2.965092e+01  2.000000e+00
     vertex  1.035430e+02  2.534451e+01  2.000000e+00
     vertex  1.035587e+02  2.530059e+01  2.000000e+00
   endloop
 endfacet
 facet normal  0.000000e+00  0.000000e+00  1.000000e+00
   outer loop
     vertex  1.109500e+02  2.965092e+01  2.000000e+00
     vertex  1.035261e+02  2.538799e+01  2.000000e+00
     vertex  1.035430e+02  2.534451e+01  2.000000e+00
   endloop
 endfacet
 facet normal  0.000000e+00  0.000000e+00  1.000000e+00
   outer loop
     vertex  1.109500e+02  2.965092e+01  2.000000e+00
     vertex  1.035080e+02  2.543099e+01  2.000000e+00
     vertex  1.035261e+02  2.538799e+01  2.000000e+00
   endloop
 endfacet
 facet normal  0.000000e+00  0.000000e+00  1.000000e+00
   outer loop
     vertex  1.109500e+02  2.965092e+01  2.000000e+00
     vertex  1.034888e+02  2.547348e+01  2.000000e+00
     vertex  1.035080e+02  2.543099e+01  2.000000e+00
   endloop
 endfacet
 facet normal  0.000000e+00  0.000000e+00  1.000000e+00
   outer loop
     vertex  1.109500e+02  2.965092e+01  2.000000e+00
     vertex  1.034684e+02  2.551542e+01  2.000000e+00
     vertex  1.034888e+02  2.547348e+01  2.000000e+00
   endloop
 endfacet
 facet normal  0.000000e+00  0.000000e+00  1.000000e+00
   outer loop
     vertex  1.109500e+02  2.965092e+01  2.000000e+00
     vertex  1.034469e+02  2.555679e+01  2.000000e+00
     vertex  1.034684e+02  2.551542e+01  2.000000e+00
   endloop
 endfacet
 facet normal  0.000000e+00  0.000000e+00  1.000000e+00
   outer loop
     vertex  1.109500e+02  2.965092e+01  2.000000e+00
     vertex  1.034242e+02  2.559755e+01  2.000000e+00
     vertex  1.034469e+02  2.555679e+01  2.000000e+00
   endloop
 endfacet
 facet normal  0.000000e+00  0.000000e+00  1.000000e+00
   outer loop
     vertex  1.109500e+02  2.965092e+01  2.000000e+00
     vertex  1.034004e+02  2.563768e+01  2.000000e+00
     vertex  1.034242e+02  2.559755e+01  2.000000e+00
   endloop
 endfacet
 facet normal  0.000000e+00  0.000000e+00  1.000000e+00
   outer loop
     vertex  1.109500e+02  2.965092e+01  2.000000e+00
     vertex  1.033755e+02  2.567713e+01  2.000000e+00
     vertex  1.034004e+02  2.563768e+01  2.000000e+00
   endloop
 endfacet
 facet normal  0.000000e+00  0.000000e+00  1.000000e+00
   outer loop
     vertex  1.109500e+02  2.965092e+01  2.000000e+00
     vertex  1.033496e+02  2.571589e+01  2.000000e+00
     vertex  1.033755e+02  2.567713e+01  2.000000e+00
   endloop
 endfacet
 facet normal  0.000000e+00  0.000000e+00  1.000000e+00
   outer loop
     vertex  1.109500e+02  2.965092e+01  2.000000e+00
     vertex  1.033226e+02  2.575392e+01  2.000000e+00
     vertex  1.033496e+02  2.571589e+01  2.000000e+00
   endloop
 endfacet
 facet normal  0.000000e+00  0.000000e+00  1.000000e+00
   outer loop
     vertex  1.109500e+02  2.965092e+01  2.000000e+00
     vertex  1.032945e+02  2.579120e+01  2.000000e+00
     vertex  1.033226e+02  2.575392e+01  2.000000e+00
   endloop
 endfacet
 facet normal  0.000000e+00  0.000000e+00  1.000000e+00
   outer loop
     vertex  1.109500e+02  2.965092e+01  2.000000e+00
     vertex  1.032655e+02  2.582770e+01  2.000000e+00
     vertex  1.032945e+02  2.579120e+01  2.000000e+00
   endloop
 endfacet
 facet normal  0.000000e+00  0.000000e+00  1.000000e+00
   outer loop
     vertex  1.109500e+02  2.965092e+01  2.000000e+00
     vertex  1.032355e+02  2.586338e+01  2.000000e+00
     vertex  1.032655e+02  2.582770e+01  2.000000e+00
   endloop
 endfacet
 facet normal  0.000000e+00  0.000000e+00  1.000000e+00
   outer loop
     vertex  1.109500e+02  2.965092e+01  2.000000e+00
     vertex  1.032045e+02  2.589823e+01  2.000000e+00
     vertex  1.032355e+02  2.586338e+01  2.000000e+00
   endloop
 endfacet
 facet normal  0.000000e+00  0.000000e+00  1.000000e+00
   outer loop
     vertex  1.109500e+02  2.965092e+01  2.000000e+00
     vertex  1.031725e+02  2.593221e+01  2.000000e+00
     vertex  1.032045e+02  2.589823e+01  2.000000e+00
   endloop
 endfacet
 facet normal  0.000000e+00  0.000000e+00  1.000000e+00
   outer loop
     vertex  1.109500e+02  2.965092e+01  2.000000e+00
     vertex  1.031396e+02  2.596531e+01  2.000000e+00
     vertex  1.031725e+02  2.593221e+01  2.000000e+00
   endloop
 endfacet
 facet normal  0.000000e+00  0.000000e+00  1.000000e+00
   outer loop
     vertex  1.109500e+02  2.965092e+01  2.000000e+00
     vertex  1.031059e+02  2.599749e+01  2.000000e+00
     vertex  1.031396e+02  2.596531e+01  2.000000e+00
   endloop
 endfacet
 facet normal  0.000000e+00  0.000000e+00  1.000000e+00
   outer loop
     vertex  1.109500e+02  2.965092e+01  2.000000e+00
     vertex  1.030713e+02  2.602873e+01  2.000000e+00
     vertex  1.031059e+02  2.599749e+01  2.000000e+00
   endloop
 endfacet
 facet normal  0.000000e+00  0.000000e+00  1.000000e+00
   outer loop
     vertex  1.109500e+02  2.965092e+01  2.000000e+00
     vertex  1.030358e+02  2.605901e+01  2.000000e+00
     vertex  1.030713e+02  2.602873e+01  2.000000e+00
   endloop
 endfacet
 facet normal  0.000000e+00  0.000000e+00  1.000000e+00
   outer loop
     vertex  1.109500e+02  2.965092e+01  2.000000e+00
     vertex  1.029995e+02  2.608830e+01  2.000000e+00
     vertex  1.030358e+02  2.605901e+01  2.000000e+00
   endloop
 endfacet
 facet normal  0.000000e+00  0.000000e+00  1.000000e+00
   outer loop
     vertex  1.109500e+02  2.965092e+01  2.000000e+00
     vertex  1.029624e+02  2.611659e+01  2.000000e+00
     vertex  1.029995e+02  2.608830e+01  2.000000e+00
   endloop
 endfacet
 facet normal  0.000000e+00  0.000000e+00  1.000000e+00
   outer loop
     vertex  1.109500e+02  2.965092e+01  2.000000e+00
     vertex  1.029245e+02  2.614385e+01  2.000000e+00
     vertex  1.029624e+02  2.611659e+01  2.000000e+00
   endloop
 endfacet
 facet normal  0.000000e+00  0.000000e+00  1.000000e+00
   outer loop
     vertex  1.109500e+02  2.965092e+01  2.000000e+00
     vertex  1.028860e+02  2.617006e+01  2.000000e+00
     vertex  1.029245e+02  2.614385e+01  2.000000e+00
   endloop
 endfacet
 facet normal  0.000000e+00  0.000000e+00  1.000000e+00
   outer loop
     vertex  1.109500e+02  2.965092e+01  2.000000e+00
     vertex  1.028467e+02  2.619520e+01  2.000000e+00
     vertex  1.028860e+02  2.617006e+01  2.000000e+00
   endloop
 endfacet
 facet normal  0.000000e+00  0.000000e+00  1.000000e+00
   outer loop
     vertex  1.109500e+02  2.965092e+01  2.000000e+00
     vertex  1.028067e+02  2.621926e+01  2.000000e+00
     vertex  1.028467e+02  2.619520e+01  2.000000e+00
   endloop
 endfacet
 facet normal  0.000000e+00  0.000000e+00  1.000000e+00
   outer loop
     vertex  1.109500e+02  2.965092e+01  2.000000e+00
     vertex  1.027661e+02  2.624221e+01  2.000000e+00
     vertex  1.028067e+02  2.621926e+01  2.000000e+00
   endloop
 endfacet
 facet normal  0.000000e+00  0.000000e+00  1.000000e+00
   outer loop
     vertex  1.109500e+02  2.965092e+01  2.000000e+00
     vertex  1.027249e+02  2.626404e+01  2.000000e+00
     vertex  1.027661e+02  2.624221e+01  2.000000e+00
   endloop
 endfacet
 facet normal  0.000000e+00  0.000000e+00  1.000000e+00
   outer loop
     vertex  1.109500e+02  2.965092e+01  2.000000e+00
     vertex  1.026831e+02  2.628473e+01  2.000000e+00
     vertex  1.027249e+02  2.626404e+01  2.000000e+00
   endloop
 endfacet
 facet normal  0.000000e+00  0.000000e+00  1.000000e+00
   outer loop
     vertex  1.109500e+02  2.965092e+01  2.000000e+00
     vertex  1.026407e+02  2.630426e+01  2.000000e+00
     vertex  1.026831e+02  2.628473e+01  2.000000e+00
   endloop
 endfacet
 facet normal  0.000000e+00  0.000000e+00  1.000000e+00
   outer loop
     vertex  1.109500e+02  2.965092e+01  2.000000e+00
     vertex  1.025979e+02  2.632263e+01  2.000000e+00
     vertex  1.026407e+02  2.630426e+01  2.000000e+00
   endloop
 endfacet
 facet normal  0.000000e+00  0.000000e+00  1.000000e+00
   outer loop
     vertex  1.109500e+02  2.965092e+01  2.000000e+00
     vertex  1.025545e+02  2.633981e+01  2.000000e+00
     vertex  1.025979e+02  2.632263e+01  2.000000e+00
   endloop
 endfacet
 facet normal  0.000000e+00  0.000000e+00  1.000000e+00
   outer loop
     vertex  1.109500e+02  2.965092e+01  2.000000e+00
     vertex  1.025107e+02  2.635580e+01  2.000000e+00
     vertex  1.025545e+02  2.633981e+01  2.000000e+00
   endloop
 endfacet
 facet normal  0.000000e+00  0.000000e+00  1.000000e+00
   outer loop
     vertex  1.144500e+02  2.615092e+01  2.000000e+00
     vertex  1.109500e+02  1.985092e+01  2.000000e+00
     vertex  1.144500e+02  2.335092e+01  2.000000e+00
   endloop
 endfacet
 facet normal  0.000000e+00  0.000000e+00  1.000000e+00
   outer loop
     vertex  1.144500e+02  2.615092e+01  2.000000e+00
     vertex  1.109500e+02  2.965092e+01  2.000000e+00
     vertex  1.109500e+02  1.985092e+01  2.000000e+00
   endloop
 endfacet
 facet normal  0.000000e+00  0.000000e+00  1.000000e+00
   outer loop
     vertex  1.378000e+02  6.550920e+00  2.000000e+00
     vertex  1.344500e+02  4.350000e+00  2.000000e+00
     vertex  1.344500e+02  2.400000e+00  2.000000e+00
   endloop
 endfacet
 facet normal  0.000000e+00  0.000000e+00  1.000000e+00
   outer loop
     vertex  1.110000e+02  3.595092e+01  2.000000e+00
     vertex  1.025107e+02  2.635580e+01  2.000000e+00
     vertex  1.109500e+02  2.965092e+01  2.000000e+00
   endloop
 endfacet
 facet normal  0.000000e+00  0.000000e+00  1.000000e+00
   outer loop
     vertex  1.110000e+02  3.595092e+01  2.000000e+00
     vertex  9.400000e+01  3.595092e+01  2.000000e+00
     vertex  1.020549e+02  2.644768e+01  2.000000e+00
   endloop
 endfacet
 facet normal  0.000000e+00  0.000000e+00  1.000000e+00
   outer loop
     vertex  1.110000e+02  3.595092e+01  2.000000e+00
     vertex  1.024664e+02  2.637057e+01  2.000000e+00
     vertex  1.025107e+02  2.635580e+01  2.000000e+00
   endloop
 endfacet
 facet normal  0.000000e+00  0.000000e+00  1.000000e+00
   outer loop
     vertex  1.110000e+02  3.595092e+01  2.000000e+00
     vertex  1.024218e+02  2.638413e+01  2.000000e+00
     vertex  1.024664e+02  2.637057e+01  2.000000e+00
   endloop
 endfacet
 facet normal  0.000000e+00  0.000000e+00  1.000000e+00
   outer loop
     vertex  1.110000e+02  3.595092e+01  2.000000e+00
     vertex  1.023768e+02  2.639646e+01  2.000000e+00
     vertex  1.024218e+02  2.638413e+01  2.000000e+00
   endloop
 endfacet
 facet normal  0.000000e+00  0.000000e+00  1.000000e+00
   outer loop
     vertex  1.110000e+02  3.595092e+01  2.000000e+00
     vertex  1.023315e+02  2.640755e+01  2.000000e+00
     vertex  1.023768e+02  2.639646e+01  2.000000e+00
   endloop
 endfacet
 facet normal  0.000000e+00  0.000000e+00  1.000000e+00
   outer loop
     vertex  1.110000e+02  3.595092e+01  2.000000e+00
     vertex  1.022859e+02  2.641740e+01  2.000000e+00
     vertex  1.023315e+02  2.640755e+01  2.000000e+00
   endloop
 endfacet
 facet normal  0.000000e+00  0.000000e+00  1.000000e+00
   outer loop
     vertex  1.110000e+02  3.595092e+01  2.000000e+00
     vertex  1.022401e+02  2.642599e+01  2.000000e+00
     vertex  1.022859e+02  2.641740e+01  2.000000e+00
   endloop
 endfacet
 facet normal  0.000000e+00  0.000000e+00  1.000000e+00
   outer loop
     vertex  1.110000e+02  3.595092e+01  2.000000e+00
     vertex  1.021940e+02  2.643331e+01  2.000000e+00
     vertex  1.022401e+02  2.642599e+01  2.000000e+00
   endloop
 endfacet
 facet normal  0.000000e+00  0.000000e+00  1.000000e+00
   outer loop
     vertex  1.110000e+02  3.595092e+01  2.000000e+00
     vertex  1.021478e+02  2.643938e+01  2.000000e+00
     vertex  1.021940e+02  2.643331e+01  2.000000e+00
   endloop
 endfacet
 facet normal  0.000000e+00  0.000000e+00  1.000000e+00
   outer loop
     vertex  1.110000e+02  3.595092e+01  2.000000e+00
     vertex  1.021014e+02  2.644417e+01  2.000000e+00
     vertex  1.021478e+02  2.643938e+01  2.000000e+00
   endloop
 endfacet
 facet normal  0.000000e+00  0.000000e+00  1.000000e+00
   outer loop
     vertex  1.110000e+02  3.595092e+01  2.000000e+00
     vertex  1.020549e+02  2.644768e+01  2.000000e+00
     vertex  1.021014e+02  2.644417e+01  2.000000e+00
   endloop
 endfacet
 facet normal  0.000000e+00  0.000000e+00  1.000000e+00
   outer loop
     vertex  1.144500e+02  3.315092e+01  2.000000e+00
     vertex  1.110000e+02  3.595092e+01  2.000000e+00
     vertex  1.109500e+02  2.965092e+01  2.000000e+00
   endloop
 endfacet
 facet normal  0.000000e+00  0.000000e+00  1.000000e+00
   outer loop
     vertex  1.231750e+02  2.615092e+01  2.000000e+00
     vertex  1.144500e+02  2.615092e+01  2.000000e+00
     vertex  1.144500e+02  2.335092e+01  2.000000e+00
   endloop
 endfacet
 facet normal  0.000000e+00  0.000000e+00  1.000000e+00
   outer loop
     vertex  1.231750e+02  2.615092e+01  2.000000e+00
     vertex  1.144500e+02  2.335092e+01  2.000000e+00
     vertex  1.231750e+02  2.335092e+01  2.000000e+00
   endloop
 endfacet
 facet normal  0.000000e+00  0.000000e+00  1.000000e+00
   outer loop
     vertex  1.231750e+02  2.615092e+01  2.000000e+00
     vertex  1.231750e+02  2.335092e+01  2.000000e+00
     vertex  1.266750e+02  1.985092e+01  2.000000e+00
   endloop
 endfacet
 facet normal  0.000000e+00  0.000000e+00  1.000000e+00
   outer loop
     vertex  1.329750e+02  1.635092e+01  2.000000e+00
     vertex  1.266750e+02  1.985092e+01  2.000000e+00
     vertex  1.231750e+02  1.635092e+01  2.000000e+00
   endloop
 endfacet
 facet normal  0.000000e+00  0.000000e+00  1.000000e+00
   outer loop
     vertex  1.294750e+02  1.985092e+01  2.000000e+00
     vertex  1.266750e+02  1.985092e+01  2.000000e+00
     vertex  1.329750e+02  1.635092e+01  2.000000e+00
   endloop
 endfacet
 facet normal  0.000000e+00  0.000000e+00  1.000000e+00
   outer loop
     vertex  1.490000e+02  2.400000e+00  2.000000e+00
     vertex  1.413000e+02  1.005092e+01  2.000000e+00
     vertex  1.378000e+02  6.550920e+00  2.000000e+00
   endloop
 endfacet
 facet normal  0.000000e+00  0.000000e+00  1.000000e+00
   outer loop
     vertex  1.490000e+02  2.400000e+00  2.000000e+00
     vertex  1.378000e+02  6.550920e+00  2.000000e+00
     vertex  1.344500e+02  2.400000e+00  2.000000e+00
   endloop
 endfacet
 facet normal  0.000000e+00  0.000000e+00  1.000000e+00
   outer loop
     vertex  1.145000e+02  3.945092e+01  2.000000e+00
     vertex  1.110000e+02  3.595092e+01  2.000000e+00
     vertex  1.144500e+02  3.315092e+01  2.000000e+00
   endloop
 endfacet
 facet normal  0.000000e+00  0.000000e+00  1.000000e+00
   outer loop
     vertex  1.266750e+02  2.965092e+01  2.000000e+00
     vertex  1.231750e+02  2.615092e+01  2.000000e+00
     vertex  1.266750e+02  1.985092e+01  2.000000e+00
   endloop
 endfacet
 facet normal  0.000000e+00  0.000000e+00  1.000000e+00
   outer loop
     vertex  1.329750e+02  2.335092e+01  2.000000e+00
     vertex  1.266750e+02  1.985092e+01  2.000000e+00
     vertex  1.294750e+02  1.985092e+01  2.000000e+00
   endloop
 endfacet
 facet normal  0.000000e+00  0.000000e+00  1.000000e+00
   outer loop
     vertex  1.208000e+02  3.595092e+01  2.000000e+00
     vertex  1.144500e+02  3.315092e+01  2.000000e+00
     vertex  1.231750e+02  3.315092e+01  2.000000e+00
   endloop
 endfacet
 facet normal  0.000000e+00  0.000000e+00  1.000000e+00
   outer loop
     vertex  1.173000e+02  3.945092e+01  2.000000e+00
     vertex  1.145000e+02  3.945092e+01  2.000000e+00
     vertex  1.144500e+02  3.315092e+01  2.000000e+00
   endloop
 endfacet
 facet normal  0.000000e+00  0.000000e+00  1.000000e+00
   outer loop
     vertex  1.173000e+02  3.945092e+01  2.000000e+00
     vertex  1.144500e+02  3.315092e+01  2.000000e+00
     vertex  1.208000e+02  3.595092e+01  2.000000e+00
   endloop
 endfacet
 facet normal  0.000000e+00  0.000000e+00  1.000000e+00
   outer loop
     vertex  1.417000e+02  1.635092e+01  2.000000e+00
     vertex  1.329750e+02  1.635092e+01  2.000000e+00
     vertex  1.378000e+02  1.355092e+01  2.000000e+00
   endloop
 endfacet
 facet normal  0.000000e+00  0.000000e+00  1.000000e+00
   outer loop
     vertex  1.417000e+02  1.635092e+01  2.000000e+00
     vertex  1.378000e+02  1.355092e+01  2.000000e+00
     vertex  1.413000e+02  1.005092e+01  2.000000e+00
   endloop
 endfacet
 facet normal  0.000000e+00  0.000000e+00  1.000000e+00
   outer loop
     vertex  1.329750e+02  2.615092e+01  2.000000e+00
     vertex  1.266750e+02  2.965092e+01  2.000000e+00
     vertex  1.266750e+02  1.985092e+01  2.000000e+00
   endloop
 endfacet
 facet normal  0.000000e+00  0.000000e+00  1.000000e+00
   outer loop
     vertex  1.329750e+02  2.615092e+01  2.000000e+00
     vertex  1.266750e+02  1.985092e+01  2.000000e+00
     vertex  1.329750e+02  2.335092e+01  2.000000e+00
   endloop
 endfacet
 facet normal  0.000000e+00  0.000000e+00  1.000000e+00
   outer loop
     vertex  1.329750e+02  2.615092e+01  2.000000e+00
     vertex  1.294750e+02  2.965092e+01  2.000000e+00
     vertex  1.266750e+02  2.965092e+01  2.000000e+00
   endloop
 endfacet
 facet normal  0.000000e+00  0.000000e+00  1.000000e+00
   outer loop
     vertex  1.208000e+02  4.295092e+01  2.000000e+00
     vertex  1.145000e+02  3.945092e+01  2.000000e+00
     vertex  1.173000e+02  3.945092e+01  2.000000e+00
   endloop
 endfacet
 facet normal  0.000000e+00  0.000000e+00  1.000000e+00
   outer loop
     vertex  1.208000e+02  4.295092e+01  2.000000e+00
     vertex  1.110000e+02  4.295092e+01  2.000000e+00
     vertex  1.145000e+02  3.945092e+01  2.000000e+00
   endloop
 endfacet
 facet normal  0.000000e+00  0.000000e+00  1.000000e+00
   outer loop
     vertex  1.452000e+02  1.985092e+01  2.000000e+00
     vertex  1.413000e+02  1.005092e+01  2.000000e+00
     vertex  1.490000e+02  2.400000e+00  2.000000e+00
   endloop
 endfacet
 facet normal  0.000000e+00  0.000000e+00  1.000000e+00
   outer loop
     vertex  1.452000e+02  1.985092e+01  2.000000e+00
     vertex  1.417000e+02  1.635092e+01  2.000000e+00
     vertex  1.413000e+02  1.005092e+01  2.000000e+00
   endloop
 endfacet
 facet normal  0.000000e+00  0.000000e+00  1.000000e+00
   outer loop
     vertex  1.329750e+02  3.315092e+01  2.000000e+00
     vertex  1.266750e+02  2.965092e+01  2.000000e+00
     vertex  1.294750e+02  2.965092e+01  2.000000e+00
   endloop
 endfacet
 facet normal  0.000000e+00  0.000000e+00  1.000000e+00
   outer loop
     vertex  1.329750e+02  3.315092e+01  2.000000e+00
     vertex  1.231750e+02  3.315092e+01  2.000000e+00
     vertex  1.266750e+02  2.965092e+01  2.000000e+00
   endloop
 endfacet
 facet normal  0.000000e+00  0.000000e+00  1.000000e+00
   outer loop
     vertex  1.417000e+02  2.615092e+01  2.000000e+00
     vertex  1.329750e+02  2.615092e+01  2.000000e+00
     vertex  1.329750e+02  2.335092e+01  2.000000e+00
   endloop
 endfacet
 facet normal  0.000000e+00  0.000000e+00  1.000000e+00
   outer loop
     vertex  1.417000e+02  2.615092e+01  2.000000e+00
     vertex  1.329750e+02  2.335092e+01  2.000000e+00
     vertex  1.417000e+02  2.335092e+01  2.000000e+00
   endloop
 endfacet
 facet normal  0.000000e+00  0.000000e+00  1.000000e+00
   outer loop
     vertex  1.417000e+02  2.615092e+01  2.000000e+00
     vertex  1.417000e+02  2.335092e+01  2.000000e+00
     vertex  1.452000e+02  1.985092e+01  2.000000e+00
   endloop
 endfacet
 facet normal  0.000000e+00  0.000000e+00  1.000000e+00
   outer loop
     vertex  1.452000e+02  2.965092e+01  2.000000e+00
     vertex  1.417000e+02  2.615092e+01  2.000000e+00
     vertex  1.452000e+02  1.985092e+01  2.000000e+00
   endloop
 endfacet
 facet normal  0.000000e+00  0.000000e+00  1.000000e+00
   outer loop
     vertex  1.417000e+02  3.315092e+01  2.000000e+00
     vertex  1.378000e+02  3.595092e+01  2.000000e+00
     vertex  1.329750e+02  3.315092e+01  2.000000e+00
   endloop
 endfacet
 facet normal  0.000000e+00  0.000000e+00  1.000000e+00
   outer loop
     vertex  1.413000e+02  3.945092e+01  2.000000e+00
     vertex  1.417000e+02  3.315092e+01  2.000000e+00
     vertex  1.452000e+02  2.965092e+01  2.000000e+00
   endloop
 endfacet
 facet normal  0.000000e+00  0.000000e+00  1.000000e+00
   outer loop
     vertex  1.413000e+02  3.945092e+01  2.000000e+00
     vertex  1.378000e+02  3.595092e+01  2.000000e+00
     vertex  1.417000e+02  3.315092e+01  2.000000e+00
   endloop
 endfacet
 facet normal  0.000000e+00  0.000000e+00  1.000000e+00
   outer loop
     vertex  1.344500e+02  4.710184e+01  2.000000e+00
     vertex  1.344500e+02  4.515184e+01  2.000000e+00
     vertex  1.378000e+02  4.295092e+01  2.000000e+00
   endloop
 endfacet
 facet normal  0.000000e+00  0.000000e+00  1.000000e+00
   outer loop
     vertex  1.490000e+02  4.710184e+01  2.000000e+00
     vertex  1.452000e+02  2.965092e+01  2.000000e+00
     vertex  1.452000e+02  1.985092e+01  2.000000e+00
   endloop
 endfacet
 facet normal  0.000000e+00  0.000000e+00  1.000000e+00
   outer loop
     vertex  1.490000e+02  4.710184e+01  2.000000e+00
     vertex  1.413000e+02  3.945092e+01  2.000000e+00
     vertex  1.452000e+02  2.965092e+01  2.000000e+00
   endloop
 endfacet
 facet normal  0.000000e+00  0.000000e+00  1.000000e+00
   outer loop
     vertex  1.490000e+02  4.710184e+01  2.000000e+00
     vertex  1.452000e+02  1.985092e+01  2.000000e+00
     vertex  1.490000e+02  2.400000e+00  2.000000e+00
   endloop
 endfacet
 facet normal  0.000000e+00  0.000000e+00  1.000000e+00
   outer loop
     vertex  1.490000e+02  4.710184e+01  2.000000e+00
     vertex  1.378000e+02  4.295092e+01  2.000000e+00
     vertex  1.413000e+02  3.945092e+01  2.000000e+00
   endloop
 endfacet
 facet normal  0.000000e+00  0.000000e+00  1.000000e+00
   outer loop
     vertex  1.490000e+02  4.710184e+01  2.000000e+00
     vertex  1.344500e+02  4.710184e+01  2.000000e+00
     vertex  1.378000e+02  4.295092e+01  2.000000e+00
   endloop
 endfacet
 facet normal  0.000000e+00  0.000000e+00  1.000000e+00
   outer loop
     vertex  1.695000e+01  4.350000e+00  2.000000e+00
     vertex  1.344500e+02  4.350000e+00  2.000000e+00
     vertex  1.208000e+02  6.550920e+00  2.000000e+00
   endloop
 endfacet
 facet normal  0.000000e+00  0.000000e+00  1.000000e+00
   outer loop
     vertex  1.695000e+01  4.350000e+00  2.000000e+00
     vertex  1.208000e+02  6.550920e+00  2.000000e+00
     vertex  1.110000e+02  6.550920e+00  2.000000e+00
   endloop
 endfacet
 facet normal  0.000000e+00  0.000000e+00  1.000000e+00
   outer loop
     vertex  1.695000e+01  4.350000e+00  2.000000e+00
     vertex  1.110000e+02  6.550920e+00  2.000000e+00
     vertex  9.400000e+01  6.550920e+00  2.000000e+00
   endloop
 endfacet
 facet normal  0.000000e+00  0.000000e+00  1.000000e+00
   outer loop
     vertex  1.695000e+01  4.350000e+00  2.000000e+00
     vertex  9.400000e+01  6.550920e+00  2.000000e+00
     vertex  8.420000e+01  6.550920e+00  2.000000e+00
   endloop
 endfacet
 facet normal  0.000000e+00  0.000000e+00  1.000000e+00
   outer loop
     vertex  1.695000e+01  4.350000e+00  2.000000e+00
     vertex  8.420000e+01  6.550920e+00  2.000000e+00
     vertex  6.720000e+01  6.550920e+00  2.000000e+00
   endloop
 endfacet
 facet normal  0.000000e+00  0.000000e+00  1.000000e+00
   outer loop
     vertex  1.695000e+01  4.350000e+00  2.000000e+00
     vertex  6.720000e+01  6.550920e+00  2.000000e+00
     vertex  5.740000e+01  6.550920e+00  2.000000e+00
   endloop
 endfacet
 facet normal  0.000000e+00  0.000000e+00  1.000000e+00
   outer loop
     vertex  1.695000e+01  4.350000e+00  2.000000e+00
     vertex  5.740000e+01  6.550920e+00  2.000000e+00
     vertex  4.040000e+01  6.550920e+00  2.000000e+00
   endloop
 endfacet
 facet normal  0.000000e+00  0.000000e+00  1.000000e+00
   outer loop
     vertex  1.695000e+01  4.350000e+00  2.000000e+00
     vertex  4.040000e+01  6.550920e+00  2.000000e+00
     vertex  3.060000e+01  6.550920e+00  2.000000e+00
   endloop
 endfacet
 facet normal  0.000000e+00  0.000000e+00  1.000000e+00
   outer loop
     vertex  1.344500e+02  4.515184e+01  2.000000e+00
     vertex  1.695000e+01  4.515184e+01  2.000000e+00
     vertex  5.740000e+01  4.295092e+01  2.000000e+00
   endloop
 endfacet
 facet normal  0.000000e+00  0.000000e+00  1.000000e+00
   outer loop
     vertex  5.740000e+01  4.295092e+01  2.000000e+00
     vertex  1.695000e+01  4.515184e+01  2.000000e+00
     vertex  4.040000e+01  4.295092e+01  2.000000e+00
   endloop
 endfacet
 facet normal  0.000000e+00  0.000000e+00  1.000000e+00
   outer loop
     vertex  4.040000e+01  4.295092e+01  2.000000e+00
     vertex  1.695000e+01  4.515184e+01  2.000000e+00
     vertex  3.060000e+01  4.295092e+01  2.000000e+00
   endloop
 endfacet
 facet normal  0.000000e+00  0.000000e+00  1.000000e+00
   outer loop
     vertex  1.344500e+02  4.515184e+01  2.000000e+00
     vertex  5.740000e+01  4.295092e+01  2.000000e+00
     vertex  6.720000e+01  4.295092e+01  2.000000e+00
   endloop
 endfacet
 facet normal  0.000000e+00  0.000000e+00  1.000000e+00
   outer loop
     vertex  1.344500e+02  4.515184e+01  2.000000e+00
     vertex  6.720000e+01  4.295092e+01  2.000000e+00
     vertex  8.420000e+01  4.295092e+01  2.000000e+00
   endloop
 endfacet
 facet normal  0.000000e+00  0.000000e+00  1.000000e+00
   outer loop
     vertex  1.344500e+02  4.515184e+01  2.000000e+00
     vertex  8.420000e+01  4.295092e+01  2.000000e+00
     vertex  9.400000e+01  4.295092e+01  2.000000e+00
   endloop
 endfacet
 facet normal  0.000000e+00  0.000000e+00  1.000000e+00
   outer loop
     vertex  1.344500e+02  4.515184e+01  2.000000e+00
     vertex  9.400000e+01  4.295092e+01  2.000000e+00
     vertex  1.110000e+02  4.295092e+01  2.000000e+00
   endloop
 endfacet
 facet normal  0.000000e+00  0.000000e+00  1.000000e+00
   outer loop
     vertex  1.344500e+02  4.515184e+01  2.000000e+00
     vertex  1.110000e+02  4.295092e+01  2.000000e+00
     vertex  1.208000e+02  4.295092e+01  2.000000e+00
   endloop
 endfacet
 facet normal  0.000000e+00  0.000000e+00  1.000000e+00
   outer loop
     vertex  3.060000e+01  6.550920e+00  2.000000e+00
     vertex  1.360000e+01  6.550920e+00  2.000000e+00
     vertex  1.695000e+01  4.350000e+00  2.000000e+00
   endloop
 endfacet
 facet normal  0.000000e+00  0.000000e+00  1.000000e+00
   outer loop
     vertex  1.360000e+01  1.355092e+01  2.000000e+00
     vertex  3.060000e+01  1.355092e+01  2.000000e+00
     vertex  1.842500e+01  1.635092e+01  2.000000e+00
   endloop
 endfacet
 facet normal -0.000000e+00  0.000000e+00  1.000000e+00
   outer loop
     vertex  1.842500e+01  1.635092e+01  2.000000e+00
     vertex  3.060000e+01  1.355092e+01  2.000000e+00
     vertex  2.822500e+01  1.635092e+01  2.000000e+00
   endloop
 endfacet
 facet normal  0.000000e+00  0.000000e+00  1.000000e+00
   outer loop
     vertex  6.720000e+01  1.355092e+01  2.000000e+00
     vertex  8.420000e+01  1.355092e+01  2.000000e+00
     vertex  7.080000e+01  1.635092e+01  2.000000e+00
   endloop
 endfacet
 facet normal -0.000000e+00  0.000000e+00  1.000000e+00
   outer loop
     vertex  7.080000e+01  1.635092e+01  2.000000e+00
     vertex  8.420000e+01  1.355092e+01  2.000000e+00
     vertex  8.060000e+01  1.635092e+01  2.000000e+00
   endloop
 endfacet
 facet normal  0.000000e+00  0.000000e+00  1.000000e+00
   outer loop
     vertex  1.378000e+02  6.550920e+00  2.000000e+00
     vertex  1.208000e+02  6.550920e+00  2.000000e+00
     vertex  1.344500e+02  4.350000e+00  2.000000e+00
   endloop
 endfacet
 facet normal  0.000000e+00  0.000000e+00  1.000000e+00
   outer loop
     vertex  1.208000e+02  1.355092e+01  2.000000e+00
     vertex  1.378000e+02  1.355092e+01  2.000000e+00
     vertex  1.231750e+02  1.635092e+01  2.000000e+00
   endloop
 endfacet
 facet normal -0.000000e+00  0.000000e+00  1.000000e+00
   outer loop
     vertex  1.231750e+02  1.635092e+01  2.000000e+00
     vertex  1.378000e+02  1.355092e+01  2.000000e+00
     vertex  1.329750e+02  1.635092e+01  2.000000e+00
   endloop
 endfacet
 facet normal  0.000000e+00  0.000000e+00  1.000000e+00
   outer loop
     vertex  3.060000e+01  3.595092e+01  2.000000e+00
     vertex  1.360000e+01  3.595092e+01  2.000000e+00
     vertex  1.842500e+01  3.315092e+01  2.000000e+00
   endloop
 endfacet
 facet normal  0.000000e+00  0.000000e+00  1.000000e+00
   outer loop
     vertex  3.060000e+01  3.595092e+01  2.000000e+00
     vertex  1.842500e+01  3.315092e+01  2.000000e+00
     vertex  2.822500e+01  3.315092e+01  2.000000e+00
   endloop
 endfacet
 facet normal  0.000000e+00  0.000000e+00  1.000000e+00
   outer loop
     vertex  1.360000e+01  4.295092e+01  2.000000e+00
     vertex  3.060000e+01  4.295092e+01  2.000000e+00
     vertex  1.695000e+01  4.515184e+01  2.000000e+00
   endloop
 endfacet
 facet normal  0.000000e+00  0.000000e+00  1.000000e+00
   outer loop
     vertex  8.420000e+01  3.595092e+01  2.000000e+00
     vertex  6.720000e+01  3.595092e+01  2.000000e+00
     vertex  7.080000e+01  3.315092e+01  2.000000e+00
   endloop
 endfacet
 facet normal  0.000000e+00  0.000000e+00  1.000000e+00
   outer loop
     vertex  8.420000e+01  3.595092e+01  2.000000e+00
     vertex  7.080000e+01  3.315092e+01  2.000000e+00
     vertex  8.060000e+01  3.315092e+01  2.000000e+00
   endloop
 endfacet
 facet normal  0.000000e+00  0.000000e+00  1.000000e+00
   outer loop
     vertex  1.378000e+02  3.595092e+01  2.000000e+00
     vertex  1.208000e+02  3.595092e+01  2.000000e+00
     vertex  1.231750e+02  3.315092e+01  2.000000e+00
   endloop
 endfacet
 facet normal  0.000000e+00  0.000000e+00  1.000000e+00
   outer loop
     vertex  1.378000e+02  3.595092e+01  2.000000e+00
     vertex  1.231750e+02  3.315092e+01  2.000000e+00
     vertex  1.329750e+02  3.315092e+01  2.000000e+00
   endloop
 endfacet
 facet normal  0.000000e+00  0.000000e+00  1.000000e+00
   outer loop
     vertex  1.208000e+02  4.295092e+01  2.000000e+00
     vertex  1.378000e+02  4.295092e+01  2.000000e+00
     vertex  1.344500e+02  4.515184e+01  2.000000e+00
   endloop
 endfacet
 facet normal -1.000000e+00  0.000000e+00  0.000000e+00
   outer loop
     vertex  9.598000e+01  2.400000e+00  7.400000e+00
     vertex  9.598000e+01  2.400000e+00  9.400000e+00
     vertex  9.598000e+01  3.400000e+00  8.400000e+00
   endloop
 endfacet
 facet normal  0.000000e+00  7.071068e-01 -7.071068e-01
   outer loop
     vertex  9.598000e+01  2.400000e+00  7.400000e+00
     vertex  9.598000e+01  3.400000e+00  8.400000e+00
     vertex  1.159800e+02  3.400000e+00  8.400000e+00
   endloop
 endfacet
 facet normal  0.000000e+00  7.071068e-01 -7.071068e-01
   outer loop
     vertex  9.598000e+01  2.400000e+00  7.400000e+00
     vertex  1.159800e+02  3.400000e+00  8.400000e+00
     vertex  1.159800e+02  2.400000e+00  7.400000e+00
   endloop
 endfacet
 facet normal  0.000000e+00  7.071068e-01  7.071068e-01
   outer loop
     vertex  9.598000e+01  3.400000e+00  8.400000e+00
     vertex  9.598000e+01  2.400000e+00  9.400000e+00
     vertex  1.159800e+02  2.400000e+00  9.400000e+00
   endloop
 endfacet
 facet normal -0.000000e+00  7.071068e-01  7.071068e-01
   outer loop
     vertex  9.598000e+01  3.400000e+00  8.400000e+00
     vertex  1.159800e+02  2.400000e+00  9.400000e+00
     vertex  1.159800e+02  3.400000e+00  8.400000e+00
   endloop
 endfacet
 facet normal  1.000000e+00  0.000000e+00  0.000000e+00
   outer loop
     vertex  1.159800e+02  2.400000e+00  7.400000e+00
     vertex  1.159800e+02  3.400000e+00  8.400000e+00
     vertex  1.159800e+02  2.400000e+00  9.400000e+00
   endloop
 endfacet
 facet normal  4.883455e-16 -1.000000e+00  0.000000e+00
   outer loop
     vertex  1.695000e+01  4.710184e+01  4.800000e+00
     vertex  2.400000e+00  4.710184e+01  2.000000e+00
     vertex  1.695000e+01  4.710184e+01  2.000000e+00
   endloop
 endfacet
 facet normal  4.883455e-16 -1.000000e+00  0.000000e+00
   outer loop
     vertex  1.695000e+01  4.710184e+01  4.800000e+00
     vertex  2.400000e+00  4.710184e+01  1.060000e+01
     vertex  2.400000e+00  4.710184e+01  2.000000e+00
   endloop
 endfacet
 facet normal -4.898718e-17 -1.000000e+00 -1.347964e-15
   outer loop
     vertex  3.542000e+01  4.710184e+01  9.400000e+00
     vertex  2.400000e+00  4.710184e+01  1.060000e+01
     vertex  1.695000e+01  4.710184e+01  4.800000e+00
   endloop
 endfacet
 facet normal -3.847010e-16 -1.000000e+00 -0.000000e+00
   outer loop
     vertex  3.542000e+01  4.710184e+01  9.400000e+00
     vertex  1.695000e+01  4.710184e+01  4.800000e+00
     vertex  3.542000e+01  4.710184e+01  7.400000e+00
   endloop
 endfacet
 facet normal  0.000000e+00 -1.000000e+00  0.000000e+00
   outer loop
     vertex  9.598000e+01  4.710184e+01  7.400000e+00
     vertex  5.542000e+01  4.710184e+01  9.400000e+00
     vertex  5.542000e+01  4.710184e+01  7.400000e+00
   endloop
 endfacet
 facet normal -0.000000e+00 -1.000000e+00 -0.000000e+00
   outer loop
     vertex  9.598000e+01  4.710184e+01  9.400000e+00
     vertex  5.542000e+01  4.710184e+01  9.400000e+00
     vertex  9.598000e+01  4.710184e+01  7.400000e+00
   endloop
 endfacet
 facet normal  3.847010e-16 -1.000000e+00  0.000000e+00
   outer loop
     vertex  1.344500e+02  4.710184e+01  4.800000e+00
     vertex  1.159800e+02  4.710184e+01  9.400000e+00
     vertex  1.159800e+02  4.710184e+01  7.400000e+00
   endloop
 endfacet
 facet normal -4.883455e-16 -1.000000e+00  0.000000e+00
   outer loop
     vertex  1.490000e+02  4.710184e+01  2.000000e+00
     vertex  1.344500e+02  4.710184e+01  4.800000e+00
     vertex  1.344500e+02  4.710184e+01  2.000000e+00
   endloop
 endfacet
 facet normal  4.898718e-17 -1.000000e+00 -1.347964e-15
   outer loop
     vertex  1.490000e+02  4.710184e+01  1.060000e+01
     vertex  1.159800e+02  4.710184e+01  9.400000e+00
     vertex  1.344500e+02  4.710184e+01  4.800000e+00
   endloop
 endfacet
 facet normal -4.883455e-16 -1.000000e+00 -0.000000e+00
   outer loop
     vertex  1.490000e+02  4.710184e+01  1.060000e+01
     vertex  1.344500e+02  4.710184e+01  4.800000e+00
     vertex  1.490000e+02  4.710184e+01  2.000000e+00
   endloop
 endfacet
 facet normal -0.000000e+00 -1.000000e+00 -2.732857e-15
   outer loop
     vertex  1.344500e+02  4.710184e+01  4.800000e+00
     vertex  3.542000e+01  4.710184e+01  7.400000e+00
     vertex  1.695000e+01  4.710184e+01  4.800000e+00
   endloop
 endfacet
 facet normal  0.000000e+00 -1.000000e+00 -2.732857e-15
   outer loop
     vertex  1.344500e+02  4.710184e+01  4.800000e+00
     vertex  5.542000e+01  4.710184e+01  7.400000e+00
     vertex  3.542000e+01  4.710184e+01  7.400000e+00
   endloop
 endfacet
 facet normal  0.000000e+00 -1.000000e+00 -2.732857e-15
   outer loop
     vertex  1.344500e+02  4.710184e+01  4.800000e+00
     vertex  9.598000e+01  4.710184e+01  7.400000e+00
     vertex  5.542000e+01  4.710184e+01  7.400000e+00
   endloop
 endfacet
 facet normal  0.000000e+00 -1.000000e+00 -2.732857e-15
   outer loop
     vertex  1.344500e+02  4.710184e+01  4.800000e+00
     vertex  1.159800e+02  4.710184e+01  7.400000e+00
     vertex  9.598000e+01  4.710184e+01  7.400000e+00
   endloop
 endfacet
 facet normal  0.000000e+00 -1.000000e+00  0.000000e+00
   outer loop
     vertex  2.400000e+00  4.710184e+01  1.060000e+01
     vertex  1.159800e+02  4.710184e+01  9.400000e+00
     vertex  1.490000e+02  4.710184e+01  1.060000e+01
   endloop
 endfacet
 facet normal  0.000000e+00 -1.000000e+00  0.000000e+00
   outer loop
     vertex  2.400000e+00  4.710184e+01  1.060000e+01
     vertex  9.598000e+01  4.710184e+01  9.400000e+00
     vertex  1.159800e+02  4.710184e+01  9.400000e+00
   endloop
 endfacet
 facet normal  0.000000e+00 -1.000000e+00  0.000000e+00
   outer loop
     vertex  2.400000e+00  4.710184e+01  1.060000e+01
     vertex  5.542000e+01  4.710184e+01  9.400000e+00
     vertex  9.598000e+01  4.710184e+01  9.400000e+00
   endloop
 endfacet
 facet normal  0.000000e+00 -1.000000e+00  0.000000e+00
   outer loop
     vertex  2.400000e+00  4.710184e+01  1.060000e+01
     vertex  3.542000e+01  4.710184e+01  9.400000e+00
     vertex  5.542000e+01  4.710184e+01  9.400000e+00
   endloop
 endfacet
 facet normal -1.000000e+00  0.000000e+00  0.000000e+00
   outer loop
     vertex  3.542000e+01  2.400000e+00  7.400000e+00
     vertex  3.542000e+01  2.400000e+00  9.400000e+00
     vertex  3.542000e+01  3.400000e+00  8.400000e+00
   endloop
 endfacet
 facet normal  0.000000e+00  7.071068e-01 -7.071068e-01
   outer loop
     vertex  3.542000e+01  2.400000e+00  7.400000e+00
     vertex  3.542000e+01  3.400000e+00  8.400000e+00
     vertex  5.542000e+01  3.400000e+00  8.400000e+00
   endloop
 endfacet
 facet normal  0.000000e+00  7.071068e-01 -7.071068e-01
   outer loop
     vertex  3.542000e+01  2.400000e+00  7.400000e+00
     vertex  5.542000e+01  3.400000e+00  8.400000e+00
     vertex  5.542000e+01  2.400000e+00  7.400000e+00
   endloop
 endfacet
 facet normal  0.000000e+00  7.071068e-01  7.071068e-01
   outer loop
     vertex  3.542000e+01  3.400000e+00  8.400000e+00
     vertex  3.542000e+01  2.400000e+00  9.400000e+00
     vertex  5.542000e+01  2.400000e+00  9.400000e+00
   endloop
 endfacet
 facet normal -0.000000e+00  7.071068e-01  7.071068e-01
   outer loop
     vertex  3.542000e+01  3.400000e+00  8.400000e+00
     vertex  5.542000e+01  2.400000e+00  9.400000e+00
     vertex  5.542000e+01  3.400000e+00  8.400000e+00
   endloop
 endfacet
 facet normal  1.000000e+00  0.000000e+00  0.000000e+00
   outer loop
     vertex  5.542000e+01  2.400000e+00  7.400000e+00
     vertex  5.542000e+01  3.400000e+00  8.400000e+00
     vertex  5.542000e+01  2.400000e+00  9.400000e+00
   endloop
 endfacet
 facet normal -1.000000e+00  0.000000e+00  0.000000e+00
   outer loop
     vertex  1.695000e+01  4.515184e+01  4.800000e+00
     vertex  1.695000e+01  4.710184e+01  2.000000e+00
     vertex  1.695000e+01  4.515184e+01  2.000000e+00
   endloop
 endfacet
 facet normal -1.000000e+00  0.000000e+00  0.000000e+00
   outer loop
     vertex  1.695000e+01  4.515184e+01  4.800000e+00
     vertex  1.695000e+01  4.710184e+01  4.800000e+00
     vertex  1.695000e+01  4.710184e+01  2.000000e+00
   endloop
 endfacet
 facet normal  0.000000e+00 -1.000000e+00 -0.000000e+00
   outer loop
     vertex  1.344500e+02  4.515184e+01  4.800000e+00
     vertex  1.695000e+01  4.515184e+01  2.000000e+00
     vertex  1.344500e+02  4.515184e+01  2.000000e+00
   endloop
 endfacet
 facet normal -0.000000e+00 -1.000000e+00  0.000000e+00
   outer loop
     vertex  1.344500e+02  4.515184e+01  4.800000e+00
     vertex  1.695000e+01  4.515184e+01  4.800000e+00
     vertex  1.695000e+01  4.515184e+01  2.000000e+00
   endloop
 endfacet
 facet normal  1.000000e+00  0.000000e+00  0.000000e+00
   outer loop
     vertex  1.344500e+02  4.515184e+01  4.800000e+00
     vertex  1.344500e+02  4.515184e+01  2.000000e+00
     vertex  1.344500e+02  4.710184e+01  2.000000e+00
   endloop
 endfacet
 facet normal  1.000000e+00 -0.000000e+00  0.000000e+00
   outer loop
     vertex  1.344500e+02  4.515184e+01  4.800000e+00
     vertex  1.344500e+02  4.710184e+01  2.000000e+00
     vertex  1.344500e+02  4.710184e+01  4.800000e+00
   endloop
 endfacet
 facet normal  0.000000e+00  0.000000e+00  1.000000e+00
   outer loop
     vertex  1.344500e+02  4.710184e+01  4.800000e+00
     vertex  1.695000e+01  4.710184e+01  4.800000e+00
     vertex  1.695000e+01  4.515184e+01  4.800000e+00
   endloop
 endfacet
 facet normal  0.000000e+00  0.000000e+00  1.000000e+00
   outer loop
     vertex  1.344500e+02  4.710184e+01  4.800000e+00
     vertex  1.695000e+01  4.515184e+01  4.800000e+00
     vertex  1.344500e+02  4.515184e+01  4.800000e+00
   endloop
 endfacet
 facet normal -1.000000e+00  0.000000e+00 -0.000000e+00
   outer loop
     vertex  3.542000e+01  4.710184e+01  9.400000e+00
     vertex  3.542000e+01  4.710184e+01  7.400000e+00
     vertex  3.542000e+01  4.610184e+01  8.400000e+00
   endloop
 endfacet
 facet normal  0.000000e+00 -7.071068e-01 -7.071068e-01
   outer loop
     vertex  3.542000e+01  4.710184e+01  7.400000e+00
     vertex  5.542000e+01  4.610184e+01  8.400000e+00
     vertex  3.542000e+01  4.610184e+01  8.400000e+00
   endloop
 endfacet
 facet normal  0.000000e+00 -7.071068e-01 -7.071068e-01
   outer loop
     vertex  3.542000e+01  4.710184e+01  7.400000e+00
     vertex  5.542000e+01  4.710184e+01  7.400000e+00
     vertex  5.542000e+01  4.610184e+01  8.400000e+00
   endloop
 endfacet
 facet normal  0.000000e+00 -7.071068e-01  7.071068e-01
   outer loop
     vertex  3.542000e+01  4.610184e+01  8.400000e+00
     vertex  5.542000e+01  4.710184e+01  9.400000e+00
     vertex  3.542000e+01  4.710184e+01  9.400000e+00
   endloop
 endfacet
 facet normal  0.000000e+00 -7.071068e-01  7.071068e-01
   outer loop
     vertex  3.542000e+01  4.610184e+01  8.400000e+00
     vertex  5.542000e+01  4.610184e+01  8.400000e+00
     vertex  5.542000e+01  4.710184e+01  9.400000e+00
   endloop
 endfacet
 facet normal  1.000000e+00  0.000000e+00  0.000000e+00
   outer loop
     vertex  5.542000e+01  4.710184e+01  9.400000e+00
     vertex  5.542000e+01  4.610184e+01  8.400000e+00
     vertex  5.542000e+01  4.710184e+01  7.400000e+00
   endloop
 endfacet
 facet normal -1.000000e+00  0.000000e+00 -0.000000e+00
   outer loop
     vertex  9.598000e+01  4.710184e+01  9.400000e+00
     vertex  9.598000e+01  4.710184e+01  7.400000e+00
     vertex  9.598000e+01  4.610184e+01  8.400000e+00
   endloop
 endfacet
 facet normal  0.000000e+00 -7.071068e-01  7.071068e-01
   outer loop
     vertex  9.598000e+01  4.610184e+01  8.400000e+00
     vertex  1.159800e+02  4.710184e+01  9.400000e+00
     vertex  9.598000e+01  4.710184e+01  9.400000e+00
   endloop
 endfacet
 facet normal  0.000000e+00 -7.071068e-01  7.071068e-01
   outer loop
     vertex  9.598000e+01  4.610184e+01  8.400000e+00
     vertex  1.159800e+02  4.610184e+01  8.400000e+00
     vertex  1.159800e+02  4.710184e+01  9.400000e+00
   endloop
 endfacet
 facet normal  1.000000e+00  0.000000e+00  0.000000e+00
   outer loop
     vertex  1.159800e+02  4.710184e+01  9.400000e+00
     vertex  1.159800e+02  4.610184e+01  8.400000e+00
     vertex  1.159800e+02  4.710184e+01  7.400000e+00
   endloop
 endfacet
 facet normal  0.000000e+00 -7.071068e-01 -7.071068e-01
   outer loop
     vertex  9.598000e+01  4.710184e+01  7.400000e+00
     vertex  1.159800e+02  4.610184e+01  8.400000e+00
     vertex  9.598000e+01  4.610184e+01  8.400000e+00
   endloop
 endfacet
 facet normal  0.000000e+00 -7.071068e-01 -7.071068e-01
   outer loop
     vertex  9.598000e+01  4.710184e+01  7.400000e+00
     vertex  1.159800e+02  4.710184e+01  7.400000e+00
     vertex  1.159800e+02  4.610184e+01  8.400000e+00
   endloop
 endfacet
endsolid
