solid 
 facet normal -0.000000e+00 -1.000000e+00  0.000000e+00
   outer loop
     vertex  6.097000e+01  0.000000e+00  4.800000e+00
     vertex  1.300000e+00  0.000000e+00  1.060000e+01
     vertex  1.300000e+00  0.000000e+00  0.000000e+00
   endloop
 endfacet
 facet normal  0.000000e+00 -1.000000e+00  0.000000e+00
   outer loop
     vertex  6.097000e+01  0.000000e+00  4.800000e+00
     vertex  6.097000e+01  0.000000e+00  1.060000e+01
     vertex  1.300000e+00  0.000000e+00  1.060000e+01
   endloop
 endfacet
 facet normal -0.000000e+00 -1.000000e+00  0.000000e+00
   outer loop
     vertex  8.381250e+01  0.000000e+00  6.200000e+00
     vertex  7.493000e+01  0.000000e+00  1.060000e+01
     vertex  7.493000e+01  0.000000e+00  4.800000e+00
   endloop
 endfacet
 facet normal  0.000000e+00 -1.000000e+00  0.000000e+00
   outer loop
     vertex  8.381250e+01  0.000000e+00  6.200000e+00
     vertex  8.381250e+01  0.000000e+00  1.060000e+01
     vertex  7.493000e+01  0.000000e+00  1.060000e+01
   endloop
 endfacet
 facet normal -0.000000e+00 -1.000000e+00  0.000000e+00
   outer loop
     vertex  9.381250e+01  0.000000e+00  6.200000e+00
     vertex  8.381250e+01  0.000000e+00  6.200000e+00
     vertex  7.493000e+01  0.000000e+00  4.800000e+00
   endloop
 endfacet
 facet normal  1.183449e-16 -1.000000e+00  0.000000e+00
   outer loop
     vertex  1.501000e+02  6.661338e-15  1.060000e+01
     vertex  9.381250e+01  0.000000e+00  1.060000e+01
     vertex  9.381250e+01  0.000000e+00  6.200000e+00
   endloop
 endfacet
 facet normal  1.183449e-16 -1.000000e+00  0.000000e+00
   outer loop
     vertex  1.501000e+02  6.661338e-15  0.000000e+00
     vertex  1.501000e+02  6.661338e-15  1.060000e+01
     vertex  9.381250e+01  0.000000e+00  6.200000e+00
   endloop
 endfacet
 facet normal  4.476706e-17 -1.000000e+00 -5.565105e-16
   outer loop
     vertex  1.501000e+02  6.661338e-15  0.000000e+00
     vertex  6.097000e+01  0.000000e+00  4.800000e+00
     vertex  1.300000e+00  0.000000e+00  0.000000e+00
   endloop
 endfacet
 facet normal  0.000000e+00 -1.000000e+00 -1.387779e-15
   outer loop
     vertex  1.501000e+02  6.661338e-15  0.000000e+00
     vertex  7.493000e+01  0.000000e+00  4.800000e+00
     vertex  6.097000e+01  0.000000e+00  4.800000e+00
   endloop
 endfacet
 facet normal  4.761159e-17 -1.000000e+00 -6.421614e-16
   outer loop
     vertex  1.501000e+02  6.661338e-15  0.000000e+00
     vertex  9.381250e+01  0.000000e+00  6.200000e+00
     vertex  7.493000e+01  0.000000e+00  4.800000e+00
   endloop
 endfacet
 facet normal  1.354093e-02 -9.999083e-01  0.000000e+00
   outer loop
     vertex  1.501352e+02  4.767279e-04  0.000000e+00
     vertex  1.501000e+02  6.661338e-15  1.060000e+01
     vertex  1.501000e+02  6.661338e-15  0.000000e+00
   endloop
 endfacet
 facet normal  1.354093e-02 -9.999083e-01  0.000000e+00
   outer loop
     vertex  1.501352e+02  4.767279e-04  0.000000e+00
     vertex  1.501352e+02  4.767279e-04  1.060000e+01
     vertex  1.501000e+02  6.661338e-15  1.060000e+01
   endloop
 endfacet
 facet normal  4.061287e-02 -9.991750e-01  0.000000e+00
   outer loop
     vertex  1.501704e+02  1.906562e-03  0.000000e+00
     vertex  1.501704e+02  1.906562e-03  1.060000e+01
     vertex  1.501352e+02  4.767279e-04  1.060000e+01
   endloop
 endfacet
 facet normal  4.061287e-02 -9.991750e-01  0.000000e+00
   outer loop
     vertex  1.501704e+02  1.906562e-03  0.000000e+00
     vertex  1.501352e+02  4.767279e-04  1.060000e+01
     vertex  1.501352e+02  4.767279e-04  0.000000e+00
   endloop
 endfacet
 facet normal  6.765502e-02 -9.977088e-01  0.000000e+00
   outer loop
     vertex  1.502055e+02  4.288454e-03  0.000000e+00
     vertex  1.502055e+02  4.288454e-03  1.060000e+01
     vertex  1.501704e+02  1.906562e-03  1.060000e+01
   endloop
 endfacet
 facet normal  6.765502e-02 -9.977088e-01  0.000000e+00
   outer loop
     vertex  1.502055e+02  4.288454e-03  0.000000e+00
     vertex  1.501704e+02  1.906562e-03  1.060000e+01
     vertex  1.501704e+02  1.906562e-03  0.000000e+00
   endloop
 endfacet
 facet normal  9.464755e-02 -9.955108e-01  0.000000e+00
   outer loop
     vertex  1.502406e+02  7.620656e-03  0.000000e+00
     vertex  1.502406e+02  7.620656e-03  1.060000e+01
     vertex  1.502055e+02  4.288454e-03  1.060000e+01
   endloop
 endfacet
 facet normal  1.215707e-01 -9.925828e-01  0.000000e+00
   outer loop
     vertex  1.502406e+02  7.620656e-03  0.000000e+00
     vertex  1.502755e+02  1.190072e-02  1.060000e+01
     vertex  1.502406e+02  7.620656e-03  1.060000e+01
   endloop
 endfacet
 facet normal  9.464755e-02 -9.955108e-01  0.000000e+00
   outer loop
     vertex  1.502406e+02  7.620656e-03  0.000000e+00
     vertex  1.502055e+02  4.288454e-03  1.060000e+01
     vertex  1.502055e+02  4.288454e-03  0.000000e+00
   endloop
 endfacet
 facet normal  1.484046e-01 -9.889267e-01  0.000000e+00
   outer loop
     vertex  1.502755e+02  1.190072e-02  0.000000e+00
     vertex  1.503103e+02  1.712552e-02  1.060000e+01
     vertex  1.502755e+02  1.190072e-02  1.060000e+01
   endloop
 endfacet
 facet normal  1.215707e-01 -9.925828e-01  0.000000e+00
   outer loop
     vertex  1.502755e+02  1.190072e-02  0.000000e+00
     vertex  1.502755e+02  1.190072e-02  1.060000e+01
     vertex  1.502406e+02  7.620656e-03  0.000000e+00
   endloop
 endfacet
 facet normal  1.751297e-01 -9.845454e-01  0.000000e+00
   outer loop
     vertex  1.503103e+02  1.712552e-02  0.000000e+00
     vertex  1.503450e+02  2.329121e-02  1.060000e+01
     vertex  1.503103e+02  1.712552e-02  1.060000e+01
   endloop
 endfacet
 facet normal  1.484046e-01 -9.889267e-01  0.000000e+00
   outer loop
     vertex  1.503103e+02  1.712552e-02  0.000000e+00
     vertex  1.503103e+02  1.712552e-02  1.060000e+01
     vertex  1.502755e+02  1.190072e-02  0.000000e+00
   endloop
 endfacet
 facet normal  1.751297e-01 -9.845454e-01  0.000000e+00
   outer loop
     vertex  1.503450e+02  2.329121e-02  0.000000e+00
     vertex  1.503450e+02  2.329121e-02  1.060000e+01
     vertex  1.503103e+02  1.712552e-02  0.000000e+00
   endloop
 endfacet
 facet normal  2.017264e-01 -9.794419e-01  0.000000e+00
   outer loop
     vertex  1.503795e+02  3.039328e-02  0.000000e+00
     vertex  1.503795e+02  3.039328e-02  1.060000e+01
     vertex  1.503450e+02  2.329121e-02  1.060000e+01
   endloop
 endfacet
 facet normal  2.281751e-01 -9.736201e-01  0.000000e+00
   outer loop
     vertex  1.503795e+02  3.039328e-02  0.000000e+00
     vertex  1.504137e+02  3.842651e-02  1.060000e+01
     vertex  1.503795e+02  3.039328e-02  1.060000e+01
   endloop
 endfacet
 facet normal  2.017264e-01 -9.794419e-01  0.000000e+00
   outer loop
     vertex  1.503795e+02  3.039328e-02  0.000000e+00
     vertex  1.503450e+02  2.329121e-02  1.060000e+01
     vertex  1.503450e+02  2.329121e-02  0.000000e+00
   endloop
 endfacet
 facet normal  2.281751e-01 -9.736201e-01  0.000000e+00
   outer loop
     vertex  1.504137e+02  3.842651e-02  0.000000e+00
     vertex  1.504137e+02  3.842651e-02  1.060000e+01
     vertex  1.503795e+02  3.039328e-02  0.000000e+00
   endloop
 endfacet
 facet normal  2.544564e-01 -9.670842e-01  0.000000e+00
   outer loop
     vertex  1.504478e+02  4.738501e-02  0.000000e+00
     vertex  1.504478e+02  4.738501e-02  1.060000e+01
     vertex  1.504137e+02  3.842651e-02  1.060000e+01
   endloop
 endfacet
 facet normal  2.544564e-01 -9.670842e-01  0.000000e+00
   outer loop
     vertex  1.504478e+02  4.738501e-02  0.000000e+00
     vertex  1.504137e+02  3.842651e-02  1.060000e+01
     vertex  1.504137e+02  3.842651e-02  0.000000e+00
   endloop
 endfacet
 facet normal  2.805512e-01 -9.598391e-01  0.000000e+00
   outer loop
     vertex  1.504816e+02  5.726221e-02  0.000000e+00
     vertex  1.504816e+02  5.726221e-02  1.060000e+01
     vertex  1.504478e+02  4.738501e-02  1.060000e+01
   endloop
 endfacet
 facet normal  2.805512e-01 -9.598391e-01  0.000000e+00
   outer loop
     vertex  1.504816e+02  5.726221e-02  0.000000e+00
     vertex  1.504478e+02  4.738501e-02  1.060000e+01
     vertex  1.504478e+02  4.738501e-02  0.000000e+00
   endloop
 endfacet
 facet normal  3.064401e-01 -9.518899e-01  0.000000e+00
   outer loop
     vertex  1.505151e+02  6.805088e-02  0.000000e+00
     vertex  1.505151e+02  6.805088e-02  1.060000e+01
     vertex  1.504816e+02  5.726221e-02  1.060000e+01
   endloop
 endfacet
 facet normal  3.064401e-01 -9.518899e-01  0.000000e+00
   outer loop
     vertex  1.505151e+02  6.805088e-02  0.000000e+00
     vertex  1.504816e+02  5.726221e-02  1.060000e+01
     vertex  1.504816e+02  5.726221e-02  0.000000e+00
   endloop
 endfacet
 facet normal  3.321044e-01 -9.432426e-01  0.000000e+00
   outer loop
     vertex  1.505483e+02  7.974309e-02  0.000000e+00
     vertex  1.505483e+02  7.974309e-02  1.060000e+01
     vertex  1.505151e+02  6.805088e-02  1.060000e+01
   endloop
 endfacet
 facet normal  3.575250e-01 -9.339036e-01  0.000000e+00
   outer loop
     vertex  1.505483e+02  7.974309e-02  0.000000e+00
     vertex  1.505812e+02  9.233026e-02  1.060000e+01
     vertex  1.505483e+02  7.974309e-02  1.060000e+01
   endloop
 endfacet
 facet normal  3.321044e-01 -9.432426e-01  0.000000e+00
   outer loop
     vertex  1.505483e+02  7.974309e-02  0.000000e+00
     vertex  1.505151e+02  6.805088e-02  1.060000e+01
     vertex  1.505151e+02  6.805088e-02  0.000000e+00
   endloop
 endfacet
 facet normal  3.826834e-01 -9.238795e-01  0.000000e+00
   outer loop
     vertex  1.505812e+02  9.233026e-02  0.000000e+00
     vertex  1.506137e+02  1.058032e-01  1.060000e+01
     vertex  1.505812e+02  9.233026e-02  1.060000e+01
   endloop
 endfacet
 facet normal  3.575250e-01 -9.339036e-01  0.000000e+00
   outer loop
     vertex  1.505812e+02  9.233026e-02  0.000000e+00
     vertex  1.505812e+02  9.233026e-02  1.060000e+01
     vertex  1.505483e+02  7.974309e-02  0.000000e+00
   endloop
 endfacet
 facet normal  3.826834e-01 -9.238795e-01  0.000000e+00
   outer loop
     vertex  1.506137e+02  1.058032e-01  0.000000e+00
     vertex  1.506137e+02  1.058032e-01  1.060000e+01
     vertex  1.505812e+02  9.233026e-02  0.000000e+00
   endloop
 endfacet
 facet normal  4.075612e-01 -9.131779e-01  0.000000e+00
   outer loop
     vertex  1.506459e+02  1.201520e-01  0.000000e+00
     vertex  1.506459e+02  1.201520e-01  1.060000e+01
     vertex  1.506137e+02  1.058032e-01  1.060000e+01
   endloop
 endfacet
 facet normal  4.321400e-01 -9.018065e-01  0.000000e+00
   outer loop
     vertex  1.506459e+02  1.201520e-01  0.000000e+00
     vertex  1.506776e+02  1.353661e-01  1.060000e+01
     vertex  1.506459e+02  1.201520e-01  1.060000e+01
   endloop
 endfacet
 facet normal  4.075612e-01 -9.131779e-01  0.000000e+00
   outer loop
     vertex  1.506459e+02  1.201520e-01  0.000000e+00
     vertex  1.506137e+02  1.058032e-01  1.060000e+01
     vertex  1.506137e+02  1.058032e-01  0.000000e+00
   endloop
 endfacet
 facet normal  4.321400e-01 -9.018065e-01  0.000000e+00
   outer loop
     vertex  1.506776e+02  1.353661e-01  0.000000e+00
     vertex  1.506776e+02  1.353661e-01  1.060000e+01
     vertex  1.506459e+02  1.201520e-01  0.000000e+00
   endloop
 endfacet
 facet normal  4.564019e-01 -8.897737e-01  0.000000e+00
   outer loop
     vertex  1.507089e+02  1.514343e-01  0.000000e+00
     vertex  1.507089e+02  1.514343e-01  1.060000e+01
     vertex  1.506776e+02  1.353661e-01  1.060000e+01
   endloop
 endfacet
 facet normal  4.564019e-01 -8.897737e-01  0.000000e+00
   outer loop
     vertex  1.507089e+02  1.514343e-01  0.000000e+00
     vertex  1.506776e+02  1.353661e-01  1.060000e+01
     vertex  1.506776e+02  1.353661e-01  0.000000e+00
   endloop
 endfacet
 facet normal  4.803291e-01 -8.770884e-01  0.000000e+00
   outer loop
     vertex  1.507398e+02  1.683450e-01  0.000000e+00
     vertex  1.507398e+02  1.683450e-01  1.060000e+01
     vertex  1.507089e+02  1.514343e-01  1.060000e+01
   endloop
 endfacet
 facet normal  4.803291e-01 -8.770884e-01  0.000000e+00
   outer loop
     vertex  1.507398e+02  1.683450e-01  0.000000e+00
     vertex  1.507089e+02  1.514343e-01  1.060000e+01
     vertex  1.507089e+02  1.514343e-01  0.000000e+00
   endloop
 endfacet
 facet normal  5.039039e-01 -8.637597e-01  0.000000e+00
   outer loop
     vertex  1.507702e+02  1.860857e-01  0.000000e+00
     vertex  1.507702e+02  1.860857e-01  1.060000e+01
     vertex  1.507398e+02  1.683450e-01  1.060000e+01
   endloop
 endfacet
 facet normal  5.039039e-01 -8.637597e-01  0.000000e+00
   outer loop
     vertex  1.507702e+02  1.860857e-01  0.000000e+00
     vertex  1.507398e+02  1.683450e-01  1.060000e+01
     vertex  1.507398e+02  1.683450e-01  0.000000e+00
   endloop
 endfacet
 facet normal  5.271092e-01 -8.497975e-01  0.000000e+00
   outer loop
     vertex  1.508001e+02  2.046433e-01  0.000000e+00
     vertex  1.507702e+02  1.860857e-01  1.060000e+01
     vertex  1.507702e+02  1.860857e-01  0.000000e+00
   endloop
 endfacet
 facet normal  5.271092e-01 -8.497975e-01  0.000000e+00
   outer loop
     vertex  1.508001e+02  2.046433e-01  0.000000e+00
     vertex  1.508001e+02  2.046433e-01  1.060000e+01
     vertex  1.507702e+02  1.860857e-01  1.060000e+01
   endloop
 endfacet
 facet normal  5.499279e-01 -8.352121e-01  0.000000e+00
   outer loop
     vertex  1.508295e+02  2.240043e-01  0.000000e+00
     vertex  1.508001e+02  2.046433e-01  1.060000e+01
     vertex  1.508001e+02  2.046433e-01  0.000000e+00
   endloop
 endfacet
 facet normal  5.499279e-01 -8.352121e-01  0.000000e+00
   outer loop
     vertex  1.508295e+02  2.240043e-01  0.000000e+00
     vertex  1.508295e+02  2.240043e-01  1.060000e+01
     vertex  1.508001e+02  2.046433e-01  1.060000e+01
   endloop
 endfacet
 facet normal  5.723433e-01 -8.200141e-01  0.000000e+00
   outer loop
     vertex  1.508584e+02  2.441545e-01  0.000000e+00
     vertex  1.508295e+02  2.240043e-01  1.060000e+01
     vertex  1.508295e+02  2.240043e-01  0.000000e+00
   endloop
 endfacet
 facet normal  5.723433e-01 -8.200141e-01  0.000000e+00
   outer loop
     vertex  1.508584e+02  2.441545e-01  0.000000e+00
     vertex  1.508584e+02  2.441545e-01  1.060000e+01
     vertex  1.508295e+02  2.240043e-01  1.060000e+01
   endloop
 endfacet
 facet normal  5.943389e-01 -8.042147e-01  0.000000e+00
   outer loop
     vertex  1.508867e+02  2.650790e-01  0.000000e+00
     vertex  1.508584e+02  2.441545e-01  1.060000e+01
     vertex  1.508584e+02  2.441545e-01  0.000000e+00
   endloop
 endfacet
 facet normal  5.943389e-01 -8.042147e-01  0.000000e+00
   outer loop
     vertex  1.508867e+02  2.650790e-01  0.000000e+00
     vertex  1.508867e+02  2.650790e-01  1.060000e+01
     vertex  1.508584e+02  2.441545e-01  1.060000e+01
   endloop
 endfacet
 facet normal  6.158986e-01 -7.878255e-01  0.000000e+00
   outer loop
     vertex  1.509145e+02  2.867626e-01  0.000000e+00
     vertex  1.508867e+02  2.650790e-01  1.060000e+01
     vertex  1.508867e+02  2.650790e-01  0.000000e+00
   endloop
 endfacet
 facet normal  6.158986e-01 -7.878255e-01  0.000000e+00
   outer loop
     vertex  1.509145e+02  2.867626e-01  0.000000e+00
     vertex  1.509145e+02  2.867626e-01  1.060000e+01
     vertex  1.508867e+02  2.650790e-01  1.060000e+01
   endloop
 endfacet
 facet normal  6.370065e-01 -7.708584e-01  0.000000e+00
   outer loop
     vertex  1.509416e+02  3.091893e-01  0.000000e+00
     vertex  1.509416e+02  3.091893e-01  1.060000e+01
     vertex  1.509145e+02  2.867626e-01  1.060000e+01
   endloop
 endfacet
 facet normal  6.370065e-01 -7.708584e-01  0.000000e+00
   outer loop
     vertex  1.509416e+02  3.091893e-01  0.000000e+00
     vertex  1.509145e+02  2.867626e-01  1.060000e+01
     vertex  1.509145e+02  2.867626e-01  0.000000e+00
   endloop
 endfacet
 facet normal  6.576473e-01 -7.533260e-01  0.000000e+00
   outer loop
     vertex  1.509681e+02  3.323427e-01  0.000000e+00
     vertex  1.509681e+02  3.323427e-01  1.060000e+01
     vertex  1.509416e+02  3.091893e-01  1.060000e+01
   endloop
 endfacet
 facet normal  6.778058e-01 -7.352410e-01  0.000000e+00
   outer loop
     vertex  1.509681e+02  3.323427e-01  0.000000e+00
     vertex  1.509940e+02  3.562059e-01  1.060000e+01
     vertex  1.509681e+02  3.323427e-01  1.060000e+01
   endloop
 endfacet
 facet normal  6.576473e-01 -7.533260e-01  0.000000e+00
   outer loop
     vertex  1.509681e+02  3.323427e-01  0.000000e+00
     vertex  1.509416e+02  3.091893e-01  1.060000e+01
     vertex  1.509416e+02  3.091893e-01  0.000000e+00
   endloop
 endfacet
 facet normal  6.778058e-01 -7.352410e-01  0.000000e+00
   outer loop
     vertex  1.509940e+02  3.562059e-01  0.000000e+00
     vertex  1.509940e+02  3.562059e-01  1.060000e+01
     vertex  1.509681e+02  3.323427e-01  0.000000e+00
   endloop
 endfacet
 facet normal  6.974671e-01 -7.166168e-01  0.000000e+00
   outer loop
     vertex  1.510192e+02  3.807612e-01  0.000000e+00
     vertex  1.510192e+02  3.807612e-01  1.060000e+01
     vertex  1.509940e+02  3.562059e-01  1.060000e+01
   endloop
 endfacet
 facet normal  6.974671e-01 -7.166168e-01  0.000000e+00
   outer loop
     vertex  1.510192e+02  3.807612e-01  0.000000e+00
     vertex  1.509940e+02  3.562059e-01  1.060000e+01
     vertex  1.509940e+02  3.562059e-01  0.000000e+00
   endloop
 endfacet
 facet normal  7.166168e-01 -6.974671e-01  0.000000e+00
   outer loop
     vertex  1.510438e+02  4.059907e-01  0.000000e+00
     vertex  1.510438e+02  4.059907e-01  1.060000e+01
     vertex  1.510192e+02  3.807612e-01  1.060000e+01
   endloop
 endfacet
 facet normal  7.166168e-01 -6.974671e-01  0.000000e+00
   outer loop
     vertex  1.510438e+02  4.059907e-01  0.000000e+00
     vertex  1.510192e+02  3.807612e-01  1.060000e+01
     vertex  1.510192e+02  3.807612e-01  0.000000e+00
   endloop
 endfacet
 facet normal  7.352410e-01 -6.778058e-01  0.000000e+00
   outer loop
     vertex  1.510677e+02  4.318759e-01  0.000000e+00
     vertex  1.510677e+02  4.318759e-01  1.060000e+01
     vertex  1.510438e+02  4.059907e-01  1.060000e+01
   endloop
 endfacet
 facet normal  7.352410e-01 -6.778058e-01  0.000000e+00
   outer loop
     vertex  1.510677e+02  4.318759e-01  0.000000e+00
     vertex  1.510438e+02  4.059907e-01  1.060000e+01
     vertex  1.510438e+02  4.059907e-01  0.000000e+00
   endloop
 endfacet
 facet normal  7.533260e-01 -6.576473e-01  0.000000e+00
   outer loop
     vertex  1.510908e+02  4.583978e-01  0.000000e+00
     vertex  1.510908e+02  4.583978e-01  1.060000e+01
     vertex  1.510677e+02  4.318759e-01  1.060000e+01
   endloop
 endfacet
 facet normal  7.533260e-01 -6.576473e-01  0.000000e+00
   outer loop
     vertex  1.510908e+02  4.583978e-01  0.000000e+00
     vertex  1.510677e+02  4.318759e-01  1.060000e+01
     vertex  1.510677e+02  4.318759e-01  0.000000e+00
   endloop
 endfacet
 facet normal  7.708584e-01 -6.370065e-01  0.000000e+00
   outer loop
     vertex  1.511132e+02  4.855370e-01  0.000000e+00
     vertex  1.511132e+02  4.855370e-01  1.060000e+01
     vertex  1.510908e+02  4.583978e-01  1.060000e+01
   endloop
 endfacet
 facet normal  7.708584e-01 -6.370065e-01  0.000000e+00
   outer loop
     vertex  1.511132e+02  4.855370e-01  0.000000e+00
     vertex  1.510908e+02  4.583978e-01  1.060000e+01
     vertex  1.510908e+02  4.583978e-01  0.000000e+00
   endloop
 endfacet
 facet normal  7.878255e-01 -6.158986e-01  0.000000e+00
   outer loop
     vertex  1.511349e+02  5.132735e-01  0.000000e+00
     vertex  1.511349e+02  5.132735e-01  1.060000e+01
     vertex  1.511132e+02  4.855370e-01  1.060000e+01
   endloop
 endfacet
 facet normal  8.042147e-01 -5.943389e-01  0.000000e+00
   outer loop
     vertex  1.511349e+02  5.132735e-01  0.000000e+00
     vertex  1.511558e+02  5.415870e-01  1.060000e+01
     vertex  1.511349e+02  5.132735e-01  1.060000e+01
   endloop
 endfacet
 facet normal  7.878255e-01 -6.158986e-01  0.000000e+00
   outer loop
     vertex  1.511349e+02  5.132735e-01  0.000000e+00
     vertex  1.511132e+02  4.855370e-01  1.060000e+01
     vertex  1.511132e+02  4.855370e-01  0.000000e+00
   endloop
 endfacet
 facet normal  8.042147e-01 -5.943389e-01  0.000000e+00
   outer loop
     vertex  1.511558e+02  5.415870e-01  0.000000e+00
     vertex  1.511558e+02  5.415870e-01  1.060000e+01
     vertex  1.511349e+02  5.132735e-01  0.000000e+00
   endloop
 endfacet
 facet normal  8.200141e-01 -5.723433e-01  0.000000e+00
   outer loop
     vertex  1.511760e+02  5.704568e-01  0.000000e+00
     vertex  1.511760e+02  5.704568e-01  1.060000e+01
     vertex  1.511558e+02  5.415870e-01  1.060000e+01
   endloop
 endfacet
 facet normal  8.200141e-01 -5.723433e-01  0.000000e+00
   outer loop
     vertex  1.511760e+02  5.704568e-01  0.000000e+00
     vertex  1.511558e+02  5.415870e-01  1.060000e+01
     vertex  1.511558e+02  5.415870e-01  0.000000e+00
   endloop
 endfacet
 facet normal  8.352121e-01 -5.499279e-01  0.000000e+00
   outer loop
     vertex  1.511954e+02  5.998616e-01  0.000000e+00
     vertex  1.511954e+02  5.998616e-01  1.060000e+01
     vertex  1.511760e+02  5.704568e-01  1.060000e+01
   endloop
 endfacet
 facet normal  8.352121e-01 -5.499279e-01  0.000000e+00
   outer loop
     vertex  1.511954e+02  5.998616e-01  0.000000e+00
     vertex  1.511760e+02  5.704568e-01  1.060000e+01
     vertex  1.511760e+02  5.704568e-01  0.000000e+00
   endloop
 endfacet
 facet normal  8.497975e-01 -5.271092e-01  0.000000e+00
   outer loop
     vertex  1.512139e+02  6.297800e-01  0.000000e+00
     vertex  1.512139e+02  6.297800e-01  1.060000e+01
     vertex  1.511954e+02  5.998616e-01  1.060000e+01
   endloop
 endfacet
 facet normal  8.497975e-01 -5.271092e-01  0.000000e+00
   outer loop
     vertex  1.512139e+02  6.297800e-01  0.000000e+00
     vertex  1.511954e+02  5.998616e-01  1.060000e+01
     vertex  1.511954e+02  5.998616e-01  0.000000e+00
   endloop
 endfacet
 facet normal  8.637597e-01 -5.039039e-01  0.000000e+00
   outer loop
     vertex  1.512317e+02  6.601899e-01  0.000000e+00
     vertex  1.512317e+02  6.601899e-01  1.060000e+01
     vertex  1.512139e+02  6.297800e-01  1.060000e+01
   endloop
 endfacet
 facet normal  8.637597e-01 -5.039039e-01  0.000000e+00
   outer loop
     vertex  1.512317e+02  6.601899e-01  0.000000e+00
     vertex  1.512139e+02  6.297800e-01  1.060000e+01
     vertex  1.512139e+02  6.297800e-01  0.000000e+00
   endloop
 endfacet
 facet normal  8.770884e-01 -4.803291e-01  0.000000e+00
   outer loop
     vertex  1.512486e+02  6.910690e-01  0.000000e+00
     vertex  1.512486e+02  6.910690e-01  1.060000e+01
     vertex  1.512317e+02  6.601899e-01  1.060000e+01
   endloop
 endfacet
 facet normal  8.770884e-01 -4.803291e-01  0.000000e+00
   outer loop
     vertex  1.512486e+02  6.910690e-01  0.000000e+00
     vertex  1.512317e+02  6.601899e-01  1.060000e+01
     vertex  1.512317e+02  6.601899e-01  0.000000e+00
   endloop
 endfacet
 facet normal  8.897737e-01 -4.564019e-01  0.000000e+00
   outer loop
     vertex  1.512646e+02  7.223948e-01  0.000000e+00
     vertex  1.512646e+02  7.223948e-01  1.060000e+01
     vertex  1.512486e+02  6.910690e-01  1.060000e+01
   endloop
 endfacet
 facet normal  8.897737e-01 -4.564019e-01  0.000000e+00
   outer loop
     vertex  1.512646e+02  7.223948e-01  0.000000e+00
     vertex  1.512486e+02  6.910690e-01  1.060000e+01
     vertex  1.512486e+02  6.910690e-01  0.000000e+00
   endloop
 endfacet
 facet normal  9.018065e-01 -4.321400e-01  0.000000e+00
   outer loop
     vertex  1.512798e+02  7.541442e-01  0.000000e+00
     vertex  1.512798e+02  7.541442e-01  1.060000e+01
     vertex  1.512646e+02  7.223948e-01  1.060000e+01
   endloop
 endfacet
 facet normal  9.018065e-01 -4.321400e-01  0.000000e+00
   outer loop
     vertex  1.512798e+02  7.541442e-01  0.000000e+00
     vertex  1.512646e+02  7.223948e-01  1.060000e+01
     vertex  1.512646e+02  7.223948e-01  0.000000e+00
   endloop
 endfacet
 facet normal  9.131779e-01 -4.075612e-01  0.000000e+00
   outer loop
     vertex  1.512942e+02  7.862939e-01  0.000000e+00
     vertex  1.512942e+02  7.862939e-01  1.060000e+01
     vertex  1.512798e+02  7.541442e-01  1.060000e+01
   endloop
 endfacet
 facet normal  9.238795e-01 -3.826834e-01  0.000000e+00
   outer loop
     vertex  1.512942e+02  7.862939e-01  0.000000e+00
     vertex  1.513077e+02  8.188204e-01  1.060000e+01
     vertex  1.512942e+02  7.862939e-01  1.060000e+01
   endloop
 endfacet
 facet normal  9.131779e-01 -4.075612e-01  0.000000e+00
   outer loop
     vertex  1.512942e+02  7.862939e-01  0.000000e+00
     vertex  1.512798e+02  7.541442e-01  1.060000e+01
     vertex  1.512798e+02  7.541442e-01  0.000000e+00
   endloop
 endfacet
 facet normal  9.238795e-01 -3.826834e-01  0.000000e+00
   outer loop
     vertex  1.513077e+02  8.188204e-01  0.000000e+00
     vertex  1.513077e+02  8.188204e-01  1.060000e+01
     vertex  1.512942e+02  7.862939e-01  0.000000e+00
   endloop
 endfacet
 facet normal  9.339036e-01 -3.575250e-01  0.000000e+00
   outer loop
     vertex  1.513203e+02  8.516998e-01  0.000000e+00
     vertex  1.513203e+02  8.516998e-01  1.060000e+01
     vertex  1.513077e+02  8.188204e-01  1.060000e+01
   endloop
 endfacet
 facet normal  9.339036e-01 -3.575250e-01  0.000000e+00
   outer loop
     vertex  1.513203e+02  8.516998e-01  0.000000e+00
     vertex  1.513077e+02  8.188204e-01  1.060000e+01
     vertex  1.513077e+02  8.188204e-01  0.000000e+00
   endloop
 endfacet
 facet normal  9.432426e-01 -3.321044e-01  0.000000e+00
   outer loop
     vertex  1.513319e+02  8.849080e-01  0.000000e+00
     vertex  1.513203e+02  8.516998e-01  1.060000e+01
     vertex  1.513203e+02  8.516998e-01  0.000000e+00
   endloop
 endfacet
 facet normal  9.432426e-01 -3.321044e-01  0.000000e+00
   outer loop
     vertex  1.513319e+02  8.849080e-01  0.000000e+00
     vertex  1.513319e+02  8.849080e-01  1.060000e+01
     vertex  1.513203e+02  8.516998e-01  1.060000e+01
   endloop
 endfacet
 facet normal  9.518899e-01 -3.064401e-01  0.000000e+00
   outer loop
     vertex  1.513427e+02  9.184207e-01  0.000000e+00
     vertex  1.513319e+02  8.849080e-01  1.060000e+01
     vertex  1.513319e+02  8.849080e-01  0.000000e+00
   endloop
 endfacet
 facet normal  9.518899e-01 -3.064401e-01  0.000000e+00
   outer loop
     vertex  1.513427e+02  9.184207e-01  0.000000e+00
     vertex  1.513427e+02  9.184207e-01  1.060000e+01
     vertex  1.513319e+02  8.849080e-01  1.060000e+01
   endloop
 endfacet
 facet normal  9.598391e-01 -2.805512e-01  0.000000e+00
   outer loop
     vertex  1.513526e+02  9.522132e-01  0.000000e+00
     vertex  1.513427e+02  9.184207e-01  1.060000e+01
     vertex  1.513427e+02  9.184207e-01  0.000000e+00
   endloop
 endfacet
 facet normal  9.598391e-01 -2.805512e-01  0.000000e+00
   outer loop
     vertex  1.513526e+02  9.522132e-01  0.000000e+00
     vertex  1.513526e+02  9.522132e-01  1.060000e+01
     vertex  1.513427e+02  9.184207e-01  1.060000e+01
   endloop
 endfacet
 facet normal  9.670842e-01 -2.544564e-01  0.000000e+00
   outer loop
     vertex  1.513616e+02  9.862607e-01  0.000000e+00
     vertex  1.513526e+02  9.522132e-01  1.060000e+01
     vertex  1.513526e+02  9.522132e-01  0.000000e+00
   endloop
 endfacet
 facet normal  9.670842e-01 -2.544564e-01  0.000000e+00
   outer loop
     vertex  1.513616e+02  9.862607e-01  0.000000e+00
     vertex  1.513616e+02  9.862607e-01  1.060000e+01
     vertex  1.513526e+02  9.522132e-01  1.060000e+01
   endloop
 endfacet
 facet normal  9.736201e-01 -2.281751e-01  0.000000e+00
   outer loop
     vertex  1.513616e+02  9.862607e-01  0.000000e+00
     vertex  1.513696e+02  1.020538e+00  1.060000e+01
     vertex  1.513616e+02  9.862607e-01  1.060000e+01
   endloop
 endfacet
 facet normal  9.736201e-01 -2.281751e-01  0.000000e+00
   outer loop
     vertex  1.513696e+02  1.020538e+00  0.000000e+00
     vertex  1.513696e+02  1.020538e+00  1.060000e+01
     vertex  1.513616e+02  9.862607e-01  0.000000e+00
   endloop
 endfacet
 facet normal  9.794419e-01 -2.017264e-01  0.000000e+00
   outer loop
     vertex  1.513767e+02  1.055021e+00  0.000000e+00
     vertex  1.513696e+02  1.020538e+00  1.060000e+01
     vertex  1.513696e+02  1.020538e+00  0.000000e+00
   endloop
 endfacet
 facet normal  9.794419e-01 -2.017264e-01  0.000000e+00
   outer loop
     vertex  1.513767e+02  1.055021e+00  0.000000e+00
     vertex  1.513767e+02  1.055021e+00  1.060000e+01
     vertex  1.513696e+02  1.020538e+00  1.060000e+01
   endloop
 endfacet
 facet normal  9.845454e-01 -1.751297e-01  0.000000e+00
   outer loop
     vertex  1.513767e+02  1.055021e+00  0.000000e+00
     vertex  1.513829e+02  1.089683e+00  1.060000e+01
     vertex  1.513767e+02  1.055021e+00  1.060000e+01
   endloop
 endfacet
 facet normal  9.845454e-01 -1.751297e-01  0.000000e+00
   outer loop
     vertex  1.513829e+02  1.089683e+00  0.000000e+00
     vertex  1.513829e+02  1.089683e+00  1.060000e+01
     vertex  1.513767e+02  1.055021e+00  0.000000e+00
   endloop
 endfacet
 facet normal  9.889267e-01 -1.484046e-01  0.000000e+00
   outer loop
     vertex  1.513829e+02  1.089683e+00  0.000000e+00
     vertex  1.513881e+02  1.124500e+00  1.060000e+01
     vertex  1.513829e+02  1.089683e+00  1.060000e+01
   endloop
 endfacet
 facet normal  9.889267e-01 -1.484046e-01  0.000000e+00
   outer loop
     vertex  1.513881e+02  1.124500e+00  0.000000e+00
     vertex  1.513881e+02  1.124500e+00  1.060000e+01
     vertex  1.513829e+02  1.089683e+00  0.000000e+00
   endloop
 endfacet
 facet normal  9.925828e-01 -1.215707e-01  0.000000e+00
   outer loop
     vertex  1.513924e+02  1.159445e+00  0.000000e+00
     vertex  1.513881e+02  1.124500e+00  1.060000e+01
     vertex  1.513881e+02  1.124500e+00  0.000000e+00
   endloop
 endfacet
 facet normal  9.925828e-01 -1.215707e-01  0.000000e+00
   outer loop
     vertex  1.513924e+02  1.159445e+00  0.000000e+00
     vertex  1.513924e+02  1.159445e+00  1.060000e+01
     vertex  1.513881e+02  1.124500e+00  1.060000e+01
   endloop
 endfacet
 facet normal  9.955108e-01 -9.464755e-02  0.000000e+00
   outer loop
     vertex  1.513924e+02  1.159445e+00  0.000000e+00
     vertex  1.513957e+02  1.194494e+00  1.060000e+01
     vertex  1.513924e+02  1.159445e+00  1.060000e+01
   endloop
 endfacet
 facet normal  9.955108e-01 -9.464755e-02  0.000000e+00
   outer loop
     vertex  1.513957e+02  1.194494e+00  0.000000e+00
     vertex  1.513957e+02  1.194494e+00  1.060000e+01
     vertex  1.513924e+02  1.159445e+00  0.000000e+00
   endloop
 endfacet
 facet normal  9.977088e-01 -6.765502e-02  0.000000e+00
   outer loop
     vertex  1.513957e+02  1.194494e+00  0.000000e+00
     vertex  1.513981e+02  1.229619e+00  1.060000e+01
     vertex  1.513957e+02  1.194494e+00  1.060000e+01
   endloop
 endfacet
 facet normal  9.977088e-01 -6.765502e-02  0.000000e+00
   outer loop
     vertex  1.513981e+02  1.229619e+00  0.000000e+00
     vertex  1.513981e+02  1.229619e+00  1.060000e+01
     vertex  1.513957e+02  1.194494e+00  0.000000e+00
   endloop
 endfacet
 facet normal  9.991750e-01 -4.061287e-02  0.000000e+00
   outer loop
     vertex  1.513981e+02  1.229619e+00  0.000000e+00
     vertex  1.513995e+02  1.264797e+00  1.060000e+01
     vertex  1.513981e+02  1.229619e+00  1.060000e+01
   endloop
 endfacet
 facet normal  9.991750e-01 -4.061287e-02  0.000000e+00
   outer loop
     vertex  1.513995e+02  1.264797e+00  0.000000e+00
     vertex  1.513995e+02  1.264797e+00  1.060000e+01
     vertex  1.513981e+02  1.229619e+00  0.000000e+00
   endloop
 endfacet
 facet normal  9.999083e-01 -1.354093e-02  0.000000e+00
   outer loop
     vertex  1.514000e+02  1.300000e+00  0.000000e+00
     vertex  1.513995e+02  1.264797e+00  1.060000e+01
     vertex  1.513995e+02  1.264797e+00  0.000000e+00
   endloop
 endfacet
 facet normal  9.999083e-01 -1.354093e-02  0.000000e+00
   outer loop
     vertex  1.514000e+02  1.300000e+00  0.000000e+00
     vertex  1.514000e+02  1.300000e+00  1.060000e+01
     vertex  1.513995e+02  1.264797e+00  1.060000e+01
   endloop
 endfacet
 facet normal  0.000000e+00  0.000000e+00  1.000000e+00
   outer loop
     vertex  1.501704e+02  1.906562e-03  1.060000e+01
     vertex  1.501000e+02  6.661338e-15  1.060000e+01
     vertex  1.501352e+02  4.767279e-04  1.060000e+01
   endloop
 endfacet
 facet normal  0.000000e+00  0.000000e+00  1.000000e+00
   outer loop
     vertex  1.502406e+02  7.620656e-03  1.060000e+01
     vertex  1.501704e+02  1.906562e-03  1.060000e+01
     vertex  1.502055e+02  4.288454e-03  1.060000e+01
   endloop
 endfacet
 facet normal  0.000000e+00  0.000000e+00  1.000000e+00
   outer loop
     vertex  1.502406e+02  7.620656e-03  1.060000e+01
     vertex  1.501000e+02  6.661338e-15  1.060000e+01
     vertex  1.501704e+02  1.906562e-03  1.060000e+01
   endloop
 endfacet
 facet normal  0.000000e+00  0.000000e+00  1.000000e+00
   outer loop
     vertex  1.503450e+02  2.329121e-02  1.060000e+01
     vertex  1.502406e+02  7.620656e-03  1.060000e+01
     vertex  1.502755e+02  1.190072e-02  1.060000e+01
   endloop
 endfacet
 facet normal  0.000000e+00  0.000000e+00  1.000000e+00
   outer loop
     vertex  1.503450e+02  2.329121e-02  1.060000e+01
     vertex  1.502755e+02  1.190072e-02  1.060000e+01
     vertex  1.503103e+02  1.712552e-02  1.060000e+01
   endloop
 endfacet
 facet normal  0.000000e+00  0.000000e+00  1.000000e+00
   outer loop
     vertex  1.504137e+02  3.842651e-02  1.060000e+01
     vertex  1.503450e+02  2.329121e-02  1.060000e+01
     vertex  1.503795e+02  3.039328e-02  1.060000e+01
   endloop
 endfacet
 facet normal  0.000000e+00  0.000000e+00  1.000000e+00
   outer loop
     vertex  1.504137e+02  3.842651e-02  1.060000e+01
     vertex  1.502406e+02  7.620656e-03  1.060000e+01
     vertex  1.503450e+02  2.329121e-02  1.060000e+01
   endloop
 endfacet
 facet normal  0.000000e+00  0.000000e+00  1.000000e+00
   outer loop
     vertex  1.504478e+02  4.738501e-02  1.060000e+01
     vertex  1.501000e+02  6.661338e-15  1.060000e+01
     vertex  1.502406e+02  7.620656e-03  1.060000e+01
   endloop
 endfacet
 facet normal  0.000000e+00  0.000000e+00  1.000000e+00
   outer loop
     vertex  1.504478e+02  4.738501e-02  1.060000e+01
     vertex  1.502406e+02  7.620656e-03  1.060000e+01
     vertex  1.504137e+02  3.842651e-02  1.060000e+01
   endloop
 endfacet
 facet normal  0.000000e+00  0.000000e+00  1.000000e+00
   outer loop
     vertex  1.505812e+02  9.233026e-02  1.060000e+01
     vertex  1.504816e+02  5.726221e-02  1.060000e+01
     vertex  1.505151e+02  6.805088e-02  1.060000e+01
   endloop
 endfacet
 facet normal  0.000000e+00  0.000000e+00  1.000000e+00
   outer loop
     vertex  1.505812e+02  9.233026e-02  1.060000e+01
     vertex  1.505151e+02  6.805088e-02  1.060000e+01
     vertex  1.505483e+02  7.974309e-02  1.060000e+01
   endloop
 endfacet
 facet normal  0.000000e+00  0.000000e+00  1.000000e+00
   outer loop
     vertex  1.506137e+02  1.058032e-01  1.060000e+01
     vertex  1.504478e+02  4.738501e-02  1.060000e+01
     vertex  1.504816e+02  5.726221e-02  1.060000e+01
   endloop
 endfacet
 facet normal  0.000000e+00  0.000000e+00  1.000000e+00
   outer loop
     vertex  1.506137e+02  1.058032e-01  1.060000e+01
     vertex  1.504816e+02  5.726221e-02  1.060000e+01
     vertex  1.505812e+02  9.233026e-02  1.060000e+01
   endloop
 endfacet
 facet normal  0.000000e+00  0.000000e+00  1.000000e+00
   outer loop
     vertex  1.506459e+02  1.201520e-01  1.060000e+01
     vertex  1.504478e+02  4.738501e-02  1.060000e+01
     vertex  1.506137e+02  1.058032e-01  1.060000e+01
   endloop
 endfacet
 facet normal  0.000000e+00  0.000000e+00  1.000000e+00
   outer loop
     vertex  1.507702e+02  1.860857e-01  1.060000e+01
     vertex  1.507089e+02  1.514343e-01  1.060000e+01
     vertex  1.507398e+02  1.683450e-01  1.060000e+01
   endloop
 endfacet
 facet normal  0.000000e+00  0.000000e+00  1.000000e+00
   outer loop
     vertex  1.508001e+02  2.046433e-01  1.060000e+01
     vertex  1.504478e+02  4.738501e-02  1.060000e+01
     vertex  1.506459e+02  1.201520e-01  1.060000e+01
   endloop
 endfacet
 facet normal  0.000000e+00  0.000000e+00  1.000000e+00
   outer loop
     vertex  1.508001e+02  2.046433e-01  1.060000e+01
     vertex  1.507089e+02  1.514343e-01  1.060000e+01
     vertex  1.507702e+02  1.860857e-01  1.060000e+01
   endloop
 endfacet
 facet normal  0.000000e+00  0.000000e+00  1.000000e+00
   outer loop
     vertex  1.508001e+02  2.046433e-01  1.060000e+01
     vertex  1.506459e+02  1.201520e-01  1.060000e+01
     vertex  1.506776e+02  1.353661e-01  1.060000e+01
   endloop
 endfacet
 facet normal  0.000000e+00  0.000000e+00  1.000000e+00
   outer loop
     vertex  1.508001e+02  2.046433e-01  1.060000e+01
     vertex  1.506776e+02  1.353661e-01  1.060000e+01
     vertex  1.507089e+02  1.514343e-01  1.060000e+01
   endloop
 endfacet
 facet normal  0.000000e+00  0.000000e+00  1.000000e+00
   outer loop
     vertex  1.508001e+02  2.046433e-01  1.060000e+01
     vertex  1.501000e+02  6.661338e-15  1.060000e+01
     vertex  1.504478e+02  4.738501e-02  1.060000e+01
   endloop
 endfacet
 facet normal  0.000000e+00  0.000000e+00  1.000000e+00
   outer loop
     vertex  1.509145e+02  2.867626e-01  1.060000e+01
     vertex  1.501000e+02  6.661338e-15  1.060000e+01
     vertex  1.508001e+02  2.046433e-01  1.060000e+01
   endloop
 endfacet
 facet normal  0.000000e+00  0.000000e+00  1.000000e+00
   outer loop
     vertex  1.509145e+02  2.867626e-01  1.060000e+01
     vertex  1.508001e+02  2.046433e-01  1.060000e+01
     vertex  1.508295e+02  2.240043e-01  1.060000e+01
   endloop
 endfacet
 facet normal  0.000000e+00  0.000000e+00  1.000000e+00
   outer loop
     vertex  1.509145e+02  2.867626e-01  1.060000e+01
     vertex  1.508295e+02  2.240043e-01  1.060000e+01
     vertex  1.508584e+02  2.441545e-01  1.060000e+01
   endloop
 endfacet
 facet normal  0.000000e+00  0.000000e+00  1.000000e+00
   outer loop
     vertex  1.509145e+02  2.867626e-01  1.060000e+01
     vertex  1.508584e+02  2.441545e-01  1.060000e+01
     vertex  1.508867e+02  2.650790e-01  1.060000e+01
   endloop
 endfacet
 facet normal  0.000000e+00  0.000000e+00  1.000000e+00
   outer loop
     vertex  1.509940e+02  3.562059e-01  1.060000e+01
     vertex  1.501000e+02  6.661338e-15  1.060000e+01
     vertex  1.509145e+02  2.867626e-01  1.060000e+01
   endloop
 endfacet
 facet normal  0.000000e+00  0.000000e+00  1.000000e+00
   outer loop
     vertex  1.509940e+02  3.562059e-01  1.060000e+01
     vertex  1.509145e+02  2.867626e-01  1.060000e+01
     vertex  1.509416e+02  3.091893e-01  1.060000e+01
   endloop
 endfacet
 facet normal  0.000000e+00  0.000000e+00  1.000000e+00
   outer loop
     vertex  1.509940e+02  3.562059e-01  1.060000e+01
     vertex  1.509416e+02  3.091893e-01  1.060000e+01
     vertex  1.509681e+02  3.323427e-01  1.060000e+01
   endloop
 endfacet
 facet normal  0.000000e+00  0.000000e+00  1.000000e+00
   outer loop
     vertex  1.490000e+02  2.400000e+00  1.060000e+01
     vertex  9.381250e+01  2.400000e+00  1.060000e+01
     vertex  9.381250e+01  0.000000e+00  1.060000e+01
   endloop
 endfacet
 facet normal  0.000000e+00  0.000000e+00  1.000000e+00
   outer loop
     vertex  1.490000e+02  2.400000e+00  1.060000e+01
     vertex  9.381250e+01  0.000000e+00  1.060000e+01
     vertex  1.501000e+02  6.661338e-15  1.060000e+01
   endloop
 endfacet
 facet normal  0.000000e+00  0.000000e+00  1.000000e+00
   outer loop
     vertex  1.510908e+02  4.583978e-01  1.060000e+01
     vertex  1.509940e+02  3.562059e-01  1.060000e+01
     vertex  1.510192e+02  3.807612e-01  1.060000e+01
   endloop
 endfacet
 facet normal  0.000000e+00  0.000000e+00  1.000000e+00
   outer loop
     vertex  1.510908e+02  4.583978e-01  1.060000e+01
     vertex  1.510192e+02  3.807612e-01  1.060000e+01
     vertex  1.510438e+02  4.059907e-01  1.060000e+01
   endloop
 endfacet
 facet normal  0.000000e+00  0.000000e+00  1.000000e+00
   outer loop
     vertex  1.510908e+02  4.583978e-01  1.060000e+01
     vertex  1.510438e+02  4.059907e-01  1.060000e+01
     vertex  1.510677e+02  4.318759e-01  1.060000e+01
   endloop
 endfacet
 facet normal  0.000000e+00  0.000000e+00  1.000000e+00
   outer loop
     vertex  1.511132e+02  4.855370e-01  1.060000e+01
     vertex  1.509940e+02  3.562059e-01  1.060000e+01
     vertex  1.510908e+02  4.583978e-01  1.060000e+01
   endloop
 endfacet
 facet normal  0.000000e+00  0.000000e+00  1.000000e+00
   outer loop
     vertex  1.511349e+02  5.132735e-01  1.060000e+01
     vertex  1.501000e+02  6.661338e-15  1.060000e+01
     vertex  1.509940e+02  3.562059e-01  1.060000e+01
   endloop
 endfacet
 facet normal  0.000000e+00  0.000000e+00  1.000000e+00
   outer loop
     vertex  1.511349e+02  5.132735e-01  1.060000e+01
     vertex  1.509940e+02  3.562059e-01  1.060000e+01
     vertex  1.511132e+02  4.855370e-01  1.060000e+01
   endloop
 endfacet
 facet normal  0.000000e+00  0.000000e+00  1.000000e+00
   outer loop
     vertex  1.511760e+02  5.704568e-01  1.060000e+01
     vertex  1.511349e+02  5.132735e-01  1.060000e+01
     vertex  1.511558e+02  5.415870e-01  1.060000e+01
   endloop
 endfacet
 facet normal  0.000000e+00  0.000000e+00  1.000000e+00
   outer loop
     vertex  1.511760e+02  5.704568e-01  1.060000e+01
     vertex  1.501000e+02  6.661338e-15  1.060000e+01
     vertex  1.511349e+02  5.132735e-01  1.060000e+01
   endloop
 endfacet
 facet normal  0.000000e+00  0.000000e+00  1.000000e+00
   outer loop
     vertex  1.511954e+02  5.998616e-01  1.060000e+01
     vertex  1.501000e+02  6.661338e-15  1.060000e+01
     vertex  1.511760e+02  5.704568e-01  1.060000e+01
   endloop
 endfacet
 facet normal  0.000000e+00  0.000000e+00  1.000000e+00
   outer loop
     vertex  1.512317e+02  6.601899e-01  1.060000e+01
     vertex  1.511954e+02  5.998616e-01  1.060000e+01
     vertex  1.512139e+02  6.297800e-01  1.060000e+01
   endloop
 endfacet
 facet normal  0.000000e+00  0.000000e+00  1.000000e+00
   outer loop
     vertex  1.512317e+02  6.601899e-01  1.060000e+01
     vertex  1.501000e+02  6.661338e-15  1.060000e+01
     vertex  1.511954e+02  5.998616e-01  1.060000e+01
   endloop
 endfacet
 facet normal  0.000000e+00  0.000000e+00  1.000000e+00
   outer loop
     vertex  1.512486e+02  6.910690e-01  1.060000e+01
     vertex  1.501000e+02  6.661338e-15  1.060000e+01
     vertex  1.512317e+02  6.601899e-01  1.060000e+01
   endloop
 endfacet
 facet normal  0.000000e+00  0.000000e+00  1.000000e+00
   outer loop
     vertex  1.512798e+02  7.541442e-01  1.060000e+01
     vertex  1.512486e+02  6.910690e-01  1.060000e+01
     vertex  1.512646e+02  7.223948e-01  1.060000e+01
   endloop
 endfacet
 facet normal  0.000000e+00  0.000000e+00  1.000000e+00
   outer loop
     vertex  1.512798e+02  7.541442e-01  1.060000e+01
     vertex  1.501000e+02  6.661338e-15  1.060000e+01
     vertex  1.512486e+02  6.910690e-01  1.060000e+01
   endloop
 endfacet
 facet normal  0.000000e+00  0.000000e+00  1.000000e+00
   outer loop
     vertex  1.513319e+02  8.849080e-01  1.060000e+01
     vertex  1.512798e+02  7.541442e-01  1.060000e+01
     vertex  1.512942e+02  7.862939e-01  1.060000e+01
   endloop
 endfacet
 facet normal  0.000000e+00  0.000000e+00  1.000000e+00
   outer loop
     vertex  1.513319e+02  8.849080e-01  1.060000e+01
     vertex  1.512942e+02  7.862939e-01  1.060000e+01
     vertex  1.513077e+02  8.188204e-01  1.060000e+01
   endloop
 endfacet
 facet normal  0.000000e+00  0.000000e+00  1.000000e+00
   outer loop
     vertex  1.513319e+02  8.849080e-01  1.060000e+01
     vertex  1.513077e+02  8.188204e-01  1.060000e+01
     vertex  1.513203e+02  8.516998e-01  1.060000e+01
   endloop
 endfacet
 facet normal  0.000000e+00  0.000000e+00  1.000000e+00
   outer loop
     vertex  1.513427e+02  9.184207e-01  1.060000e+01
     vertex  1.512798e+02  7.541442e-01  1.060000e+01
     vertex  1.513319e+02  8.849080e-01  1.060000e+01
   endloop
 endfacet
 facet normal  0.000000e+00  0.000000e+00  1.000000e+00
   outer loop
     vertex  1.513526e+02  9.522132e-01  1.060000e+01
     vertex  1.512798e+02  7.541442e-01  1.060000e+01
     vertex  1.513427e+02  9.184207e-01  1.060000e+01
   endloop
 endfacet
 facet normal  0.000000e+00  0.000000e+00  1.000000e+00
   outer loop
     vertex  1.513616e+02  9.862607e-01  1.060000e+01
     vertex  1.501000e+02  6.661338e-15  1.060000e+01
     vertex  1.512798e+02  7.541442e-01  1.060000e+01
   endloop
 endfacet
 facet normal  0.000000e+00  0.000000e+00  1.000000e+00
   outer loop
     vertex  1.513616e+02  9.862607e-01  1.060000e+01
     vertex  1.512798e+02  7.541442e-01  1.060000e+01
     vertex  1.513526e+02  9.522132e-01  1.060000e+01
   endloop
 endfacet
 facet normal  0.000000e+00  0.000000e+00  1.000000e+00
   outer loop
     vertex  1.513767e+02  1.055021e+00  1.060000e+01
     vertex  1.501000e+02  6.661338e-15  1.060000e+01
     vertex  1.513616e+02  9.862607e-01  1.060000e+01
   endloop
 endfacet
 facet normal  0.000000e+00  0.000000e+00  1.000000e+00
   outer loop
     vertex  1.513767e+02  1.055021e+00  1.060000e+01
     vertex  1.513616e+02  9.862607e-01  1.060000e+01
     vertex  1.513696e+02  1.020538e+00  1.060000e+01
   endloop
 endfacet
 facet normal  0.000000e+00  0.000000e+00  1.000000e+00
   outer loop
     vertex  1.513881e+02  1.124500e+00  1.060000e+01
     vertex  1.513767e+02  1.055021e+00  1.060000e+01
     vertex  1.513829e+02  1.089683e+00  1.060000e+01
   endloop
 endfacet
 facet normal  0.000000e+00  0.000000e+00  1.000000e+00
   outer loop
     vertex  1.513924e+02  1.159445e+00  1.060000e+01
     vertex  1.501000e+02  6.661338e-15  1.060000e+01
     vertex  1.513767e+02  1.055021e+00  1.060000e+01
   endloop
 endfacet
 facet normal  0.000000e+00  0.000000e+00  1.000000e+00
   outer loop
     vertex  1.513924e+02  1.159445e+00  1.060000e+01
     vertex  1.513767e+02  1.055021e+00  1.060000e+01
     vertex  1.513881e+02  1.124500e+00  1.060000e+01
   endloop
 endfacet
 facet normal  0.000000e+00  0.000000e+00  1.000000e+00
   outer loop
     vertex  1.513981e+02  1.229619e+00  1.060000e+01
     vertex  1.513924e+02  1.159445e+00  1.060000e+01
     vertex  1.513957e+02  1.194494e+00  1.060000e+01
   endloop
 endfacet
 facet normal  0.000000e+00  0.000000e+00  1.000000e+00
   outer loop
     vertex  1.514000e+02  1.300000e+00  1.060000e+01
     vertex  1.490000e+02  2.400000e+00  1.060000e+01
     vertex  1.501000e+02  6.661338e-15  1.060000e+01
   endloop
 endfacet
 facet normal  0.000000e+00  0.000000e+00  1.000000e+00
   outer loop
     vertex  1.514000e+02  1.300000e+00  1.060000e+01
     vertex  1.513981e+02  1.229619e+00  1.060000e+01
     vertex  1.513995e+02  1.264797e+00  1.060000e+01
   endloop
 endfacet
 facet normal  0.000000e+00  0.000000e+00  1.000000e+00
   outer loop
     vertex  1.514000e+02  1.300000e+00  1.060000e+01
     vertex  1.501000e+02  6.661338e-15  1.060000e+01
     vertex  1.513924e+02  1.159445e+00  1.060000e+01
   endloop
 endfacet
 facet normal  0.000000e+00  0.000000e+00  1.000000e+00
   outer loop
     vertex  1.514000e+02  1.300000e+00  1.060000e+01
     vertex  1.513924e+02  1.159445e+00  1.060000e+01
     vertex  1.513981e+02  1.229619e+00  1.060000e+01
   endloop
 endfacet
 facet normal  0.000000e+00  0.000000e+00  1.000000e+00
   outer loop
     vertex  1.514000e+02  4.291839e+00  1.060000e+01
     vertex  1.490000e+02  4.291839e+00  1.060000e+01
     vertex  1.490000e+02  2.400000e+00  1.060000e+01
   endloop
 endfacet
 facet normal  0.000000e+00  0.000000e+00  1.000000e+00
   outer loop
     vertex  1.514000e+02  4.291839e+00  1.060000e+01
     vertex  1.490000e+02  2.400000e+00  1.060000e+01
     vertex  1.514000e+02  1.300000e+00  1.060000e+01
   endloop
 endfacet
 facet normal -1.000000e+00  0.000000e+00  0.000000e+00
   outer loop
     vertex  9.381250e+01  0.000000e+00  1.060000e+01
     vertex  9.381250e+01  2.400000e+00  6.200000e+00
     vertex  9.381250e+01  0.000000e+00  6.200000e+00
   endloop
 endfacet
 facet normal -1.000000e+00  0.000000e+00  0.000000e+00
   outer loop
     vertex  9.381250e+01  0.000000e+00  1.060000e+01
     vertex  9.381250e+01  2.400000e+00  1.060000e+01
     vertex  9.381250e+01  2.400000e+00  6.200000e+00
   endloop
 endfacet
 facet normal  0.000000e+00  0.000000e+00  1.000000e+00
   outer loop
     vertex  9.381250e+01  2.400000e+00  6.200000e+00
     vertex  8.381250e+01  2.400000e+00  6.200000e+00
     vertex  8.381250e+01  0.000000e+00  6.200000e+00
   endloop
 endfacet
 facet normal  0.000000e+00  0.000000e+00  1.000000e+00
   outer loop
     vertex  9.381250e+01  2.400000e+00  6.200000e+00
     vertex  8.381250e+01  0.000000e+00  6.200000e+00
     vertex  9.381250e+01  0.000000e+00  6.200000e+00
   endloop
 endfacet
 facet normal  1.000000e+00  0.000000e+00  0.000000e+00
   outer loop
     vertex  8.381250e+01  0.000000e+00  1.060000e+01
     vertex  8.381250e+01  0.000000e+00  6.200000e+00
     vertex  8.381250e+01  2.400000e+00  6.200000e+00
   endloop
 endfacet
 facet normal  1.000000e+00 -0.000000e+00  0.000000e+00
   outer loop
     vertex  8.381250e+01  0.000000e+00  1.060000e+01
     vertex  8.381250e+01  2.400000e+00  6.200000e+00
     vertex  8.381250e+01  2.400000e+00  1.060000e+01
   endloop
 endfacet
 facet normal  0.000000e+00  0.000000e+00  1.000000e+00
   outer loop
     vertex  8.381250e+01  2.400000e+00  1.060000e+01
     vertex  7.493000e+01  2.400000e+00  1.060000e+01
     vertex  7.493000e+01  0.000000e+00  1.060000e+01
   endloop
 endfacet
 facet normal  0.000000e+00  0.000000e+00  1.000000e+00
   outer loop
     vertex  8.381250e+01  2.400000e+00  1.060000e+01
     vertex  7.493000e+01  0.000000e+00  1.060000e+01
     vertex  8.381250e+01  0.000000e+00  1.060000e+01
   endloop
 endfacet
 facet normal -1.000000e+00  0.000000e+00  0.000000e+00
   outer loop
     vertex  7.493000e+01  0.000000e+00  1.060000e+01
     vertex  7.493000e+01  2.400000e+00  4.800000e+00
     vertex  7.493000e+01  0.000000e+00  4.800000e+00
   endloop
 endfacet
 facet normal -1.000000e+00  0.000000e+00  0.000000e+00
   outer loop
     vertex  7.493000e+01  0.000000e+00  1.060000e+01
     vertex  7.493000e+01  2.400000e+00  1.060000e+01
     vertex  7.493000e+01  2.400000e+00  4.800000e+00
   endloop
 endfacet
 facet normal  0.000000e+00  0.000000e+00  1.000000e+00
   outer loop
     vertex  6.097000e+01  2.400000e+00  4.800000e+00
     vertex  1.695000e+01  4.350000e+00  4.800000e+00
     vertex  1.695000e+01  2.400000e+00  4.800000e+00
   endloop
 endfacet
 facet normal  0.000000e+00  0.000000e+00  1.000000e+00
   outer loop
     vertex  7.493000e+01  2.400000e+00  4.800000e+00
     vertex  6.097000e+01  2.400000e+00  4.800000e+00
     vertex  6.097000e+01  0.000000e+00  4.800000e+00
   endloop
 endfacet
 facet normal  0.000000e+00  0.000000e+00  1.000000e+00
   outer loop
     vertex  7.493000e+01  2.400000e+00  4.800000e+00
     vertex  6.097000e+01  0.000000e+00  4.800000e+00
     vertex  7.493000e+01  0.000000e+00  4.800000e+00
   endloop
 endfacet
 facet normal  0.000000e+00  0.000000e+00  1.000000e+00
   outer loop
     vertex  1.344500e+02  4.350000e+00  4.800000e+00
     vertex  7.493000e+01  2.400000e+00  4.800000e+00
     vertex  1.344500e+02  2.400000e+00  4.800000e+00
   endloop
 endfacet
 facet normal  0.000000e+00  0.000000e+00  1.000000e+00
   outer loop
     vertex  1.344500e+02  4.350000e+00  4.800000e+00
     vertex  1.695000e+01  4.350000e+00  4.800000e+00
     vertex  6.097000e+01  2.400000e+00  4.800000e+00
   endloop
 endfacet
 facet normal  0.000000e+00  0.000000e+00  1.000000e+00
   outer loop
     vertex  1.344500e+02  4.350000e+00  4.800000e+00
     vertex  6.097000e+01  2.400000e+00  4.800000e+00
     vertex  7.493000e+01  2.400000e+00  4.800000e+00
   endloop
 endfacet
 facet normal  1.000000e+00  0.000000e+00  0.000000e+00
   outer loop
     vertex  6.097000e+01  0.000000e+00  1.060000e+01
     vertex  6.097000e+01  0.000000e+00  4.800000e+00
     vertex  6.097000e+01  2.400000e+00  4.800000e+00
   endloop
 endfacet
 facet normal  1.000000e+00 -0.000000e+00  0.000000e+00
   outer loop
     vertex  6.097000e+01  0.000000e+00  1.060000e+01
     vertex  6.097000e+01  2.400000e+00  4.800000e+00
     vertex  6.097000e+01  2.400000e+00  1.060000e+01
   endloop
 endfacet
 facet normal  0.000000e+00  0.000000e+00  1.000000e+00
   outer loop
     vertex  4.318759e-01  3.323427e-01  1.060000e+01
     vertex  3.562059e-01  4.059907e-01  1.060000e+01
     vertex  3.807612e-01  3.807612e-01  1.060000e+01
   endloop
 endfacet
 facet normal  0.000000e+00  0.000000e+00  1.000000e+00
   outer loop
     vertex  4.318759e-01  3.323427e-01  1.060000e+01
     vertex  3.807612e-01  3.807612e-01  1.060000e+01
     vertex  4.059907e-01  3.562059e-01  1.060000e+01
   endloop
 endfacet
 facet normal  0.000000e+00  0.000000e+00  1.000000e+00
   outer loop
     vertex  3.091893e-01  4.583978e-01  1.060000e+01
     vertex  3.323427e-01  4.318759e-01  1.060000e+01
     vertex  3.562059e-01  4.059907e-01  1.060000e+01
   endloop
 endfacet
 facet normal  0.000000e+00  0.000000e+00  1.000000e+00
   outer loop
     vertex  2.867626e-01  4.855370e-01  1.060000e+01
     vertex  3.562059e-01  4.059907e-01  1.060000e+01
     vertex  4.318759e-01  3.323427e-01  1.060000e+01
   endloop
 endfacet
 facet normal  0.000000e+00  0.000000e+00  1.000000e+00
   outer loop
     vertex  2.867626e-01  4.855370e-01  1.060000e+01
     vertex  3.091893e-01  4.583978e-01  1.060000e+01
     vertex  3.562059e-01  4.059907e-01  1.060000e+01
   endloop
 endfacet
 facet normal  0.000000e+00  0.000000e+00  1.000000e+00
   outer loop
     vertex  5.132735e-01  2.650790e-01  1.060000e+01
     vertex  4.318759e-01  3.323427e-01  1.060000e+01
     vertex  4.583978e-01  3.091893e-01  1.060000e+01
   endloop
 endfacet
 facet normal  0.000000e+00  0.000000e+00  1.000000e+00
   outer loop
     vertex  5.132735e-01  2.650790e-01  1.060000e+01
     vertex  4.583978e-01  3.091893e-01  1.060000e+01
     vertex  4.855370e-01  2.867626e-01  1.060000e+01
   endloop
 endfacet
 facet normal  0.000000e+00  0.000000e+00  1.000000e+00
   outer loop
     vertex  2.650790e-01  5.132735e-01  1.060000e+01
     vertex  2.867626e-01  4.855370e-01  1.060000e+01
     vertex  4.318759e-01  3.323427e-01  1.060000e+01
   endloop
 endfacet
 facet normal  0.000000e+00  0.000000e+00  1.000000e+00
   outer loop
     vertex  2.240043e-01  5.704568e-01  1.060000e+01
     vertex  2.441545e-01  5.415870e-01  1.060000e+01
     vertex  2.650790e-01  5.132735e-01  1.060000e+01
   endloop
 endfacet
 facet normal  0.000000e+00  0.000000e+00  1.000000e+00
   outer loop
     vertex  5.704568e-01  2.240043e-01  1.060000e+01
     vertex  5.132735e-01  2.650790e-01  1.060000e+01
     vertex  5.415870e-01  2.441545e-01  1.060000e+01
   endloop
 endfacet
 facet normal  0.000000e+00  0.000000e+00  1.000000e+00
   outer loop
     vertex  5.704568e-01  2.240043e-01  1.060000e+01
     vertex  4.318759e-01  3.323427e-01  1.060000e+01
     vertex  5.132735e-01  2.650790e-01  1.060000e+01
   endloop
 endfacet
 facet normal  0.000000e+00  0.000000e+00  1.000000e+00
   outer loop
     vertex  2.046433e-01  5.998616e-01  1.060000e+01
     vertex  2.240043e-01  5.704568e-01  1.060000e+01
     vertex  2.650790e-01  5.132735e-01  1.060000e+01
   endloop
 endfacet
 facet normal  0.000000e+00  0.000000e+00  1.000000e+00
   outer loop
     vertex  6.297800e-01  1.860857e-01  1.060000e+01
     vertex  5.704568e-01  2.240043e-01  1.060000e+01
     vertex  5.998616e-01  2.046433e-01  1.060000e+01
   endloop
 endfacet
 facet normal  0.000000e+00  0.000000e+00  1.000000e+00
   outer loop
     vertex  1.860857e-01  6.297800e-01  1.060000e+01
     vertex  2.046433e-01  5.998616e-01  1.060000e+01
     vertex  2.650790e-01  5.132735e-01  1.060000e+01
   endloop
 endfacet
 facet normal  0.000000e+00  0.000000e+00  1.000000e+00
   outer loop
     vertex  6.601899e-01  1.683450e-01  1.060000e+01
     vertex  5.704568e-01  2.240043e-01  1.060000e+01
     vertex  6.297800e-01  1.860857e-01  1.060000e+01
   endloop
 endfacet
 facet normal  0.000000e+00  0.000000e+00  1.000000e+00
   outer loop
     vertex  1.514343e-01  6.910690e-01  1.060000e+01
     vertex  1.683450e-01  6.601899e-01  1.060000e+01
     vertex  1.860857e-01  6.297800e-01  1.060000e+01
   endloop
 endfacet
 facet normal  0.000000e+00  0.000000e+00  1.000000e+00
   outer loop
     vertex  7.223948e-01  1.353661e-01  1.060000e+01
     vertex  6.601899e-01  1.683450e-01  1.060000e+01
     vertex  6.910690e-01  1.514343e-01  1.060000e+01
   endloop
 endfacet
 facet normal  0.000000e+00  0.000000e+00  1.000000e+00
   outer loop
     vertex  1.201520e-01  7.541442e-01  1.060000e+01
     vertex  1.353661e-01  7.223948e-01  1.060000e+01
     vertex  1.514343e-01  6.910690e-01  1.060000e+01
   endloop
 endfacet
 facet normal  0.000000e+00  0.000000e+00  1.000000e+00
   outer loop
     vertex  7.541442e-01  1.201520e-01  1.060000e+01
     vertex  5.704568e-01  2.240043e-01  1.060000e+01
     vertex  6.601899e-01  1.683450e-01  1.060000e+01
   endloop
 endfacet
 facet normal  0.000000e+00  0.000000e+00  1.000000e+00
   outer loop
     vertex  7.541442e-01  1.201520e-01  1.060000e+01
     vertex  6.601899e-01  1.683450e-01  1.060000e+01
     vertex  7.223948e-01  1.353661e-01  1.060000e+01
   endloop
 endfacet
 facet normal  0.000000e+00  0.000000e+00  1.000000e+00
   outer loop
     vertex  7.541442e-01  1.201520e-01  1.060000e+01
     vertex  4.318759e-01  3.323427e-01  1.060000e+01
     vertex  5.704568e-01  2.240043e-01  1.060000e+01
   endloop
 endfacet
 facet normal  0.000000e+00  0.000000e+00  1.000000e+00
   outer loop
     vertex  8.188204e-01  9.233026e-02  1.060000e+01
     vertex  7.541442e-01  1.201520e-01  1.060000e+01
     vertex  7.862939e-01  1.058032e-01  1.060000e+01
   endloop
 endfacet
 facet normal  0.000000e+00  0.000000e+00  1.000000e+00
   outer loop
     vertex  9.233026e-02  8.188204e-01  1.060000e+01
     vertex  1.058032e-01  7.862939e-01  1.060000e+01
     vertex  1.201520e-01  7.541442e-01  1.060000e+01
   endloop
 endfacet
 facet normal  0.000000e+00  0.000000e+00  1.000000e+00
   outer loop
     vertex  9.233026e-02  8.188204e-01  1.060000e+01
     vertex  1.201520e-01  7.541442e-01  1.060000e+01
     vertex  1.514343e-01  6.910690e-01  1.060000e+01
   endloop
 endfacet
 facet normal  0.000000e+00  0.000000e+00  1.000000e+00
   outer loop
     vertex  9.233026e-02  8.188204e-01  1.060000e+01
     vertex  1.514343e-01  6.910690e-01  1.060000e+01
     vertex  1.860857e-01  6.297800e-01  1.060000e+01
   endloop
 endfacet
 facet normal  0.000000e+00  0.000000e+00  1.000000e+00
   outer loop
     vertex  8.516998e-01  7.974309e-02  1.060000e+01
     vertex  7.541442e-01  1.201520e-01  1.060000e+01
     vertex  8.188204e-01  9.233026e-02  1.060000e+01
   endloop
 endfacet
 facet normal  0.000000e+00  0.000000e+00  1.000000e+00
   outer loop
     vertex  6.805088e-02  8.849080e-01  1.060000e+01
     vertex  7.974309e-02  8.516998e-01  1.060000e+01
     vertex  9.233026e-02  8.188204e-01  1.060000e+01
   endloop
 endfacet
 facet normal  0.000000e+00  0.000000e+00  1.000000e+00
   outer loop
     vertex  9.522132e-01  4.738501e-02  1.060000e+01
     vertex  8.849080e-01  6.805088e-02  1.060000e+01
     vertex  9.184207e-01  5.726221e-02  1.060000e+01
   endloop
 endfacet
 facet normal  0.000000e+00  0.000000e+00  1.000000e+00
   outer loop
     vertex  9.862607e-01  3.842651e-02  1.060000e+01
     vertex  8.849080e-01  6.805088e-02  1.060000e+01
     vertex  9.522132e-01  4.738501e-02  1.060000e+01
   endloop
 endfacet
 facet normal  0.000000e+00  0.000000e+00  1.000000e+00
   outer loop
     vertex  3.842651e-02  9.862607e-01  1.060000e+01
     vertex  4.738501e-02  9.522132e-01  1.060000e+01
     vertex  5.726221e-02  9.184207e-01  1.060000e+01
   endloop
 endfacet
 facet normal  0.000000e+00  0.000000e+00  1.000000e+00
   outer loop
     vertex  3.842651e-02  9.862607e-01  1.060000e+01
     vertex  5.726221e-02  9.184207e-01  1.060000e+01
     vertex  6.805088e-02  8.849080e-01  1.060000e+01
   endloop
 endfacet
 facet normal  0.000000e+00  0.000000e+00  1.000000e+00
   outer loop
     vertex  3.842651e-02  9.862607e-01  1.060000e+01
     vertex  6.805088e-02  8.849080e-01  1.060000e+01
     vertex  9.233026e-02  8.188204e-01  1.060000e+01
   endloop
 endfacet
 facet normal  0.000000e+00  0.000000e+00  1.000000e+00
   outer loop
     vertex  1.020538e+00  3.039328e-02  1.060000e+01
     vertex  8.849080e-01  6.805088e-02  1.060000e+01
     vertex  9.862607e-01  3.842651e-02  1.060000e+01
   endloop
 endfacet
 facet normal  0.000000e+00  0.000000e+00  1.000000e+00
   outer loop
     vertex  1.020538e+00  3.039328e-02  1.060000e+01
     vertex  8.516998e-01  7.974309e-02  1.060000e+01
     vertex  8.849080e-01  6.805088e-02  1.060000e+01
   endloop
 endfacet
 facet normal  0.000000e+00  0.000000e+00  1.000000e+00
   outer loop
     vertex  3.039328e-02  1.020538e+00  1.060000e+01
     vertex  3.842651e-02  9.862607e-01  1.060000e+01
     vertex  9.233026e-02  8.188204e-01  1.060000e+01
   endloop
 endfacet
 facet normal  0.000000e+00  0.000000e+00  1.000000e+00
   outer loop
     vertex  3.039328e-02  1.020538e+00  1.060000e+01
     vertex  4.318759e-01  3.323427e-01  1.060000e+01
     vertex  7.541442e-01  1.201520e-01  1.060000e+01
   endloop
 endfacet
 facet normal  0.000000e+00  0.000000e+00  1.000000e+00
   outer loop
     vertex  3.039328e-02  1.020538e+00  1.060000e+01
     vertex  9.233026e-02  8.188204e-01  1.060000e+01
     vertex  1.860857e-01  6.297800e-01  1.060000e+01
   endloop
 endfacet
 facet normal  0.000000e+00  0.000000e+00  1.000000e+00
   outer loop
     vertex  3.039328e-02  1.020538e+00  1.060000e+01
     vertex  2.650790e-01  5.132735e-01  1.060000e+01
     vertex  4.318759e-01  3.323427e-01  1.060000e+01
   endloop
 endfacet
 facet normal  0.000000e+00  0.000000e+00  1.000000e+00
   outer loop
     vertex  3.039328e-02  1.020538e+00  1.060000e+01
     vertex  1.860857e-01  6.297800e-01  1.060000e+01
     vertex  2.650790e-01  5.132735e-01  1.060000e+01
   endloop
 endfacet
 facet normal  0.000000e+00  0.000000e+00  1.000000e+00
   outer loop
     vertex  1.124500e+00  1.190072e-02  1.060000e+01
     vertex  8.516998e-01  7.974309e-02  1.060000e+01
     vertex  1.020538e+00  3.039328e-02  1.060000e+01
   endloop
 endfacet
 facet normal  0.000000e+00  0.000000e+00  1.000000e+00
   outer loop
     vertex  1.124500e+00  1.190072e-02  1.060000e+01
     vertex  7.541442e-01  1.201520e-01  1.060000e+01
     vertex  8.516998e-01  7.974309e-02  1.060000e+01
   endloop
 endfacet
 facet normal  0.000000e+00  0.000000e+00  1.000000e+00
   outer loop
     vertex  1.124500e+00  1.190072e-02  1.060000e+01
     vertex  3.039328e-02  1.020538e+00  1.060000e+01
     vertex  7.541442e-01  1.201520e-01  1.060000e+01
   endloop
 endfacet
 facet normal  0.000000e+00  0.000000e+00  1.000000e+00
   outer loop
     vertex  1.124500e+00  1.190072e-02  1.060000e+01
     vertex  1.020538e+00  3.039328e-02  1.060000e+01
     vertex  1.055021e+00  2.329121e-02  1.060000e+01
   endloop
 endfacet
 facet normal  0.000000e+00  0.000000e+00  1.000000e+00
   outer loop
     vertex  1.124500e+00  1.190072e-02  1.060000e+01
     vertex  1.055021e+00  2.329121e-02  1.060000e+01
     vertex  1.089683e+00  1.712552e-02  1.060000e+01
   endloop
 endfacet
 facet normal  0.000000e+00  0.000000e+00  1.000000e+00
   outer loop
     vertex  7.620656e-03  1.159445e+00  1.060000e+01
     vertex  1.190072e-02  1.124500e+00  1.060000e+01
     vertex  1.712552e-02  1.089683e+00  1.060000e+01
   endloop
 endfacet
 facet normal  0.000000e+00  0.000000e+00  1.000000e+00
   outer loop
     vertex  7.620656e-03  1.159445e+00  1.060000e+01
     vertex  1.712552e-02  1.089683e+00  1.060000e+01
     vertex  2.329121e-02  1.055021e+00  1.060000e+01
   endloop
 endfacet
 facet normal  0.000000e+00  0.000000e+00  1.000000e+00
   outer loop
     vertex  1.229619e+00  1.906562e-03  1.060000e+01
     vertex  1.159445e+00  7.620656e-03  1.060000e+01
     vertex  1.194494e+00  4.288454e-03  1.060000e+01
   endloop
 endfacet
 facet normal  0.000000e+00  0.000000e+00  1.000000e+00
   outer loop
     vertex  1.906562e-03  1.229619e+00  1.060000e+01
     vertex  4.288454e-03  1.194494e+00  1.060000e+01
     vertex  7.620656e-03  1.159445e+00  1.060000e+01
   endloop
 endfacet
 facet normal  0.000000e+00  0.000000e+00  1.000000e+00
   outer loop
     vertex  1.906562e-03  1.229619e+00  1.060000e+01
     vertex  2.329121e-02  1.055021e+00  1.060000e+01
     vertex  3.039328e-02  1.020538e+00  1.060000e+01
   endloop
 endfacet
 facet normal  0.000000e+00  0.000000e+00  1.000000e+00
   outer loop
     vertex  1.906562e-03  1.229619e+00  1.060000e+01
     vertex  7.620656e-03  1.159445e+00  1.060000e+01
     vertex  2.329121e-02  1.055021e+00  1.060000e+01
   endloop
 endfacet
 facet normal  0.000000e+00  0.000000e+00  1.000000e+00
   outer loop
     vertex  1.264797e+00  4.767279e-04  1.060000e+01
     vertex  1.124500e+00  1.190072e-02  1.060000e+01
     vertex  1.159445e+00  7.620656e-03  1.060000e+01
   endloop
 endfacet
 facet normal  0.000000e+00  0.000000e+00  1.000000e+00
   outer loop
     vertex  1.264797e+00  4.767279e-04  1.060000e+01
     vertex  1.159445e+00  7.620656e-03  1.060000e+01
     vertex  1.229619e+00  1.906562e-03  1.060000e+01
   endloop
 endfacet
 facet normal  0.000000e+00  0.000000e+00  1.000000e+00
   outer loop
     vertex  1.300000e+00  0.000000e+00  1.060000e+01
     vertex  3.039328e-02  1.020538e+00  1.060000e+01
     vertex  1.124500e+00  1.190072e-02  1.060000e+01
   endloop
 endfacet
 facet normal  0.000000e+00  0.000000e+00  1.000000e+00
   outer loop
     vertex  1.300000e+00  0.000000e+00  1.060000e+01
     vertex  1.124500e+00  1.190072e-02  1.060000e+01
     vertex  1.264797e+00  4.767279e-04  1.060000e+01
   endloop
 endfacet
 facet normal  0.000000e+00  0.000000e+00  1.000000e+00
   outer loop
     vertex  0.000000e+00  1.300000e+00  1.060000e+01
     vertex  4.767279e-04  1.264797e+00  1.060000e+01
     vertex  1.906562e-03  1.229619e+00  1.060000e+01
   endloop
 endfacet
 facet normal  0.000000e+00  0.000000e+00  1.000000e+00
   outer loop
     vertex  0.000000e+00  1.300000e+00  1.060000e+01
     vertex  1.906562e-03  1.229619e+00  1.060000e+01
     vertex  3.039328e-02  1.020538e+00  1.060000e+01
   endloop
 endfacet
 facet normal  0.000000e+00  0.000000e+00  1.000000e+00
   outer loop
     vertex  0.000000e+00  1.300000e+00  1.060000e+01
     vertex  3.039328e-02  1.020538e+00  1.060000e+01
     vertex  1.300000e+00  0.000000e+00  1.060000e+01
   endloop
 endfacet
 facet normal  0.000000e+00  0.000000e+00  1.000000e+00
   outer loop
     vertex  2.400000e+00  2.400000e+00  1.060000e+01
     vertex  0.000000e+00  1.300000e+00  1.060000e+01
     vertex  1.300000e+00  0.000000e+00  1.060000e+01
   endloop
 endfacet
 facet normal  0.000000e+00  0.000000e+00  1.000000e+00
   outer loop
     vertex  0.000000e+00  1.861434e+01  1.060000e+01
     vertex  0.000000e+00  1.300000e+00  1.060000e+01
     vertex  2.400000e+00  2.400000e+00  1.060000e+01
   endloop
 endfacet
 facet normal  0.000000e+00  0.000000e+00  1.000000e+00
   outer loop
     vertex  2.400000e+00  1.861434e+01  1.060000e+01
     vertex  0.000000e+00  1.861434e+01  1.060000e+01
     vertex  2.400000e+00  2.400000e+00  1.060000e+01
   endloop
 endfacet
 facet normal  0.000000e+00  0.000000e+00  1.000000e+00
   outer loop
     vertex  6.097000e+01  0.000000e+00  1.060000e+01
     vertex  2.400000e+00  2.400000e+00  1.060000e+01
     vertex  1.300000e+00  0.000000e+00  1.060000e+01
   endloop
 endfacet
 facet normal  0.000000e+00  0.000000e+00  1.000000e+00
   outer loop
     vertex  6.097000e+01  2.400000e+00  1.060000e+01
     vertex  2.400000e+00  2.400000e+00  1.060000e+01
     vertex  6.097000e+01  0.000000e+00  1.060000e+01
   endloop
 endfacet
 facet normal -9.999083e-01 -1.354093e-02  0.000000e+00
   outer loop
     vertex  4.767279e-04  1.264797e+00  0.000000e+00
     vertex  0.000000e+00  1.300000e+00  1.060000e+01
     vertex  0.000000e+00  1.300000e+00  0.000000e+00
   endloop
 endfacet
 facet normal -9.999083e-01 -1.354093e-02  0.000000e+00
   outer loop
     vertex  4.767279e-04  1.264797e+00  0.000000e+00
     vertex  4.767279e-04  1.264797e+00  1.060000e+01
     vertex  0.000000e+00  1.300000e+00  1.060000e+01
   endloop
 endfacet
 facet normal -9.991750e-01 -4.061287e-02  0.000000e+00
   outer loop
     vertex  1.906562e-03  1.229619e+00  0.000000e+00
     vertex  1.906562e-03  1.229619e+00  1.060000e+01
     vertex  4.767279e-04  1.264797e+00  1.060000e+01
   endloop
 endfacet
 facet normal -9.977088e-01 -6.765502e-02  0.000000e+00
   outer loop
     vertex  1.906562e-03  1.229619e+00  0.000000e+00
     vertex  4.288454e-03  1.194494e+00  1.060000e+01
     vertex  1.906562e-03  1.229619e+00  1.060000e+01
   endloop
 endfacet
 facet normal -9.991750e-01 -4.061287e-02  0.000000e+00
   outer loop
     vertex  1.906562e-03  1.229619e+00  0.000000e+00
     vertex  4.767279e-04  1.264797e+00  1.060000e+01
     vertex  4.767279e-04  1.264797e+00  0.000000e+00
   endloop
 endfacet
 facet normal -9.977088e-01 -6.765502e-02  0.000000e+00
   outer loop
     vertex  4.288454e-03  1.194494e+00  0.000000e+00
     vertex  4.288454e-03  1.194494e+00  1.060000e+01
     vertex  1.906562e-03  1.229619e+00  0.000000e+00
   endloop
 endfacet
 facet normal -9.955108e-01 -9.464755e-02  0.000000e+00
   outer loop
     vertex  7.620656e-03  1.159445e+00  0.000000e+00
     vertex  7.620656e-03  1.159445e+00  1.060000e+01
     vertex  4.288454e-03  1.194494e+00  1.060000e+01
   endloop
 endfacet
 facet normal -9.955108e-01 -9.464755e-02  0.000000e+00
   outer loop
     vertex  7.620656e-03  1.159445e+00  0.000000e+00
     vertex  4.288454e-03  1.194494e+00  1.060000e+01
     vertex  4.288454e-03  1.194494e+00  0.000000e+00
   endloop
 endfacet
 facet normal -9.925828e-01 -1.215707e-01  0.000000e+00
   outer loop
     vertex  1.190072e-02  1.124500e+00  0.000000e+00
     vertex  1.190072e-02  1.124500e+00  1.060000e+01
     vertex  7.620656e-03  1.159445e+00  1.060000e+01
   endloop
 endfacet
 facet normal -9.889267e-01 -1.484046e-01  0.000000e+00
   outer loop
     vertex  1.190072e-02  1.124500e+00  0.000000e+00
     vertex  1.712552e-02  1.089683e+00  1.060000e+01
     vertex  1.190072e-02  1.124500e+00  1.060000e+01
   endloop
 endfacet
 facet normal -9.925828e-01 -1.215707e-01  0.000000e+00
   outer loop
     vertex  1.190072e-02  1.124500e+00  0.000000e+00
     vertex  7.620656e-03  1.159445e+00  1.060000e+01
     vertex  7.620656e-03  1.159445e+00  0.000000e+00
   endloop
 endfacet
 facet normal -9.889267e-01 -1.484046e-01  0.000000e+00
   outer loop
     vertex  1.712552e-02  1.089683e+00  0.000000e+00
     vertex  1.712552e-02  1.089683e+00  1.060000e+01
     vertex  1.190072e-02  1.124500e+00  0.000000e+00
   endloop
 endfacet
 facet normal -9.845454e-01 -1.751297e-01  0.000000e+00
   outer loop
     vertex  2.329121e-02  1.055021e+00  0.000000e+00
     vertex  2.329121e-02  1.055021e+00  1.060000e+01
     vertex  1.712552e-02  1.089683e+00  1.060000e+01
   endloop
 endfacet
 facet normal -9.845454e-01 -1.751297e-01  0.000000e+00
   outer loop
     vertex  2.329121e-02  1.055021e+00  0.000000e+00
     vertex  1.712552e-02  1.089683e+00  1.060000e+01
     vertex  1.712552e-02  1.089683e+00  0.000000e+00
   endloop
 endfacet
 facet normal -9.794419e-01 -2.017264e-01  0.000000e+00
   outer loop
     vertex  3.039328e-02  1.020538e+00  0.000000e+00
     vertex  3.039328e-02  1.020538e+00  1.060000e+01
     vertex  2.329121e-02  1.055021e+00  1.060000e+01
   endloop
 endfacet
 facet normal -9.736201e-01 -2.281751e-01  0.000000e+00
   outer loop
     vertex  3.039328e-02  1.020538e+00  0.000000e+00
     vertex  3.842651e-02  9.862607e-01  1.060000e+01
     vertex  3.039328e-02  1.020538e+00  1.060000e+01
   endloop
 endfacet
 facet normal -9.794419e-01 -2.017264e-01  0.000000e+00
   outer loop
     vertex  3.039328e-02  1.020538e+00  0.000000e+00
     vertex  2.329121e-02  1.055021e+00  1.060000e+01
     vertex  2.329121e-02  1.055021e+00  0.000000e+00
   endloop
 endfacet
 facet normal -9.736201e-01 -2.281751e-01  0.000000e+00
   outer loop
     vertex  3.842651e-02  9.862607e-01  0.000000e+00
     vertex  3.842651e-02  9.862607e-01  1.060000e+01
     vertex  3.039328e-02  1.020538e+00  0.000000e+00
   endloop
 endfacet
 facet normal -9.670842e-01 -2.544564e-01  0.000000e+00
   outer loop
     vertex  4.738501e-02  9.522132e-01  0.000000e+00
     vertex  4.738501e-02  9.522132e-01  1.060000e+01
     vertex  3.842651e-02  9.862607e-01  1.060000e+01
   endloop
 endfacet
 facet normal -9.670842e-01 -2.544564e-01  0.000000e+00
   outer loop
     vertex  4.738501e-02  9.522132e-01  0.000000e+00
     vertex  3.842651e-02  9.862607e-01  1.060000e+01
     vertex  3.842651e-02  9.862607e-01  0.000000e+00
   endloop
 endfacet
 facet normal -9.598391e-01 -2.805512e-01  0.000000e+00
   outer loop
     vertex  5.726221e-02  9.184207e-01  0.000000e+00
     vertex  5.726221e-02  9.184207e-01  1.060000e+01
     vertex  4.738501e-02  9.522132e-01  1.060000e+01
   endloop
 endfacet
 facet normal -9.598391e-01 -2.805512e-01  0.000000e+00
   outer loop
     vertex  5.726221e-02  9.184207e-01  0.000000e+00
     vertex  4.738501e-02  9.522132e-01  1.060000e+01
     vertex  4.738501e-02  9.522132e-01  0.000000e+00
   endloop
 endfacet
 facet normal -9.518899e-01 -3.064401e-01  0.000000e+00
   outer loop
     vertex  6.805088e-02  8.849080e-01  0.000000e+00
     vertex  6.805088e-02  8.849080e-01  1.060000e+01
     vertex  5.726221e-02  9.184207e-01  1.060000e+01
   endloop
 endfacet
 facet normal -9.518899e-01 -3.064401e-01  0.000000e+00
   outer loop
     vertex  6.805088e-02  8.849080e-01  0.000000e+00
     vertex  5.726221e-02  9.184207e-01  1.060000e+01
     vertex  5.726221e-02  9.184207e-01  0.000000e+00
   endloop
 endfacet
 facet normal -9.432426e-01 -3.321044e-01  0.000000e+00
   outer loop
     vertex  7.974309e-02  8.516998e-01  0.000000e+00
     vertex  7.974309e-02  8.516998e-01  1.060000e+01
     vertex  6.805088e-02  8.849080e-01  1.060000e+01
   endloop
 endfacet
 facet normal -9.432426e-01 -3.321044e-01  0.000000e+00
   outer loop
     vertex  7.974309e-02  8.516998e-01  0.000000e+00
     vertex  6.805088e-02  8.849080e-01  1.060000e+01
     vertex  6.805088e-02  8.849080e-01  0.000000e+00
   endloop
 endfacet
 facet normal -9.339036e-01 -3.575250e-01  0.000000e+00
   outer loop
     vertex  9.233026e-02  8.188204e-01  0.000000e+00
     vertex  9.233026e-02  8.188204e-01  1.060000e+01
     vertex  7.974309e-02  8.516998e-01  1.060000e+01
   endloop
 endfacet
 facet normal -9.339036e-01 -3.575250e-01  0.000000e+00
   outer loop
     vertex  9.233026e-02  8.188204e-01  0.000000e+00
     vertex  7.974309e-02  8.516998e-01  1.060000e+01
     vertex  7.974309e-02  8.516998e-01  0.000000e+00
   endloop
 endfacet
 facet normal -9.238795e-01 -3.826834e-01  0.000000e+00
   outer loop
     vertex  1.058032e-01  7.862939e-01  0.000000e+00
     vertex  1.058032e-01  7.862939e-01  1.060000e+01
     vertex  9.233026e-02  8.188204e-01  1.060000e+01
   endloop
 endfacet
 facet normal -9.238795e-01 -3.826834e-01  0.000000e+00
   outer loop
     vertex  1.058032e-01  7.862939e-01  0.000000e+00
     vertex  9.233026e-02  8.188204e-01  1.060000e+01
     vertex  9.233026e-02  8.188204e-01  0.000000e+00
   endloop
 endfacet
 facet normal -9.131779e-01 -4.075612e-01  0.000000e+00
   outer loop
     vertex  1.201520e-01  7.541442e-01  0.000000e+00
     vertex  1.201520e-01  7.541442e-01  1.060000e+01
     vertex  1.058032e-01  7.862939e-01  1.060000e+01
   endloop
 endfacet
 facet normal -9.131779e-01 -4.075612e-01  0.000000e+00
   outer loop
     vertex  1.201520e-01  7.541442e-01  0.000000e+00
     vertex  1.058032e-01  7.862939e-01  1.060000e+01
     vertex  1.058032e-01  7.862939e-01  0.000000e+00
   endloop
 endfacet
 facet normal -9.018065e-01 -4.321400e-01  0.000000e+00
   outer loop
     vertex  1.353661e-01  7.223948e-01  0.000000e+00
     vertex  1.353661e-01  7.223948e-01  1.060000e+01
     vertex  1.201520e-01  7.541442e-01  1.060000e+01
   endloop
 endfacet
 facet normal -8.897737e-01 -4.564019e-01  0.000000e+00
   outer loop
     vertex  1.353661e-01  7.223948e-01  0.000000e+00
     vertex  1.514343e-01  6.910690e-01  1.060000e+01
     vertex  1.353661e-01  7.223948e-01  1.060000e+01
   endloop
 endfacet
 facet normal -9.018065e-01 -4.321400e-01  0.000000e+00
   outer loop
     vertex  1.353661e-01  7.223948e-01  0.000000e+00
     vertex  1.201520e-01  7.541442e-01  1.060000e+01
     vertex  1.201520e-01  7.541442e-01  0.000000e+00
   endloop
 endfacet
 facet normal -8.897737e-01 -4.564019e-01  0.000000e+00
   outer loop
     vertex  1.514343e-01  6.910690e-01  0.000000e+00
     vertex  1.514343e-01  6.910690e-01  1.060000e+01
     vertex  1.353661e-01  7.223948e-01  0.000000e+00
   endloop
 endfacet
 facet normal -8.770884e-01 -4.803291e-01  0.000000e+00
   outer loop
     vertex  1.683450e-01  6.601899e-01  0.000000e+00
     vertex  1.683450e-01  6.601899e-01  1.060000e+01
     vertex  1.514343e-01  6.910690e-01  1.060000e+01
   endloop
 endfacet
 facet normal -8.770884e-01 -4.803291e-01  0.000000e+00
   outer loop
     vertex  1.683450e-01  6.601899e-01  0.000000e+00
     vertex  1.514343e-01  6.910690e-01  1.060000e+01
     vertex  1.514343e-01  6.910690e-01  0.000000e+00
   endloop
 endfacet
 facet normal -8.637597e-01 -5.039039e-01  0.000000e+00
   outer loop
     vertex  1.860857e-01  6.297800e-01  0.000000e+00
     vertex  1.860857e-01  6.297800e-01  1.060000e+01
     vertex  1.683450e-01  6.601899e-01  1.060000e+01
   endloop
 endfacet
 facet normal -8.497975e-01 -5.271092e-01  0.000000e+00
   outer loop
     vertex  1.860857e-01  6.297800e-01  0.000000e+00
     vertex  2.046433e-01  5.998616e-01  1.060000e+01
     vertex  1.860857e-01  6.297800e-01  1.060000e+01
   endloop
 endfacet
 facet normal -8.637597e-01 -5.039039e-01  0.000000e+00
   outer loop
     vertex  1.860857e-01  6.297800e-01  0.000000e+00
     vertex  1.683450e-01  6.601899e-01  1.060000e+01
     vertex  1.683450e-01  6.601899e-01  0.000000e+00
   endloop
 endfacet
 facet normal -8.497975e-01 -5.271092e-01  0.000000e+00
   outer loop
     vertex  2.046433e-01  5.998616e-01  0.000000e+00
     vertex  2.046433e-01  5.998616e-01  1.060000e+01
     vertex  1.860857e-01  6.297800e-01  0.000000e+00
   endloop
 endfacet
 facet normal -8.352121e-01 -5.499279e-01  0.000000e+00
   outer loop
     vertex  2.240043e-01  5.704568e-01  0.000000e+00
     vertex  2.046433e-01  5.998616e-01  1.060000e+01
     vertex  2.046433e-01  5.998616e-01  0.000000e+00
   endloop
 endfacet
 facet normal -8.352121e-01 -5.499279e-01  0.000000e+00
   outer loop
     vertex  2.240043e-01  5.704568e-01  0.000000e+00
     vertex  2.240043e-01  5.704568e-01  1.060000e+01
     vertex  2.046433e-01  5.998616e-01  1.060000e+01
   endloop
 endfacet
 facet normal -8.200141e-01 -5.723433e-01  0.000000e+00
   outer loop
     vertex  2.441545e-01  5.415870e-01  0.000000e+00
     vertex  2.240043e-01  5.704568e-01  1.060000e+01
     vertex  2.240043e-01  5.704568e-01  0.000000e+00
   endloop
 endfacet
 facet normal -8.200141e-01 -5.723433e-01  0.000000e+00
   outer loop
     vertex  2.441545e-01  5.415870e-01  0.000000e+00
     vertex  2.441545e-01  5.415870e-01  1.060000e+01
     vertex  2.240043e-01  5.704568e-01  1.060000e+01
   endloop
 endfacet
 facet normal -8.042147e-01 -5.943389e-01  0.000000e+00
   outer loop
     vertex  2.441545e-01  5.415870e-01  0.000000e+00
     vertex  2.650790e-01  5.132735e-01  1.060000e+01
     vertex  2.441545e-01  5.415870e-01  1.060000e+01
   endloop
 endfacet
 facet normal -8.042147e-01 -5.943389e-01  0.000000e+00
   outer loop
     vertex  2.650790e-01  5.132735e-01  0.000000e+00
     vertex  2.650790e-01  5.132735e-01  1.060000e+01
     vertex  2.441545e-01  5.415870e-01  0.000000e+00
   endloop
 endfacet
 facet normal -7.878255e-01 -6.158986e-01  0.000000e+00
   outer loop
     vertex  2.650790e-01  5.132735e-01  0.000000e+00
     vertex  2.867626e-01  4.855370e-01  1.060000e+01
     vertex  2.650790e-01  5.132735e-01  1.060000e+01
   endloop
 endfacet
 facet normal -7.878255e-01 -6.158986e-01  0.000000e+00
   outer loop
     vertex  2.867626e-01  4.855370e-01  0.000000e+00
     vertex  2.867626e-01  4.855370e-01  1.060000e+01
     vertex  2.650790e-01  5.132735e-01  0.000000e+00
   endloop
 endfacet
 facet normal -7.708584e-01 -6.370065e-01  0.000000e+00
   outer loop
     vertex  3.091893e-01  4.583978e-01  0.000000e+00
     vertex  3.091893e-01  4.583978e-01  1.060000e+01
     vertex  2.867626e-01  4.855370e-01  1.060000e+01
   endloop
 endfacet
 facet normal -7.708584e-01 -6.370065e-01  0.000000e+00
   outer loop
     vertex  3.091893e-01  4.583978e-01  0.000000e+00
     vertex  2.867626e-01  4.855370e-01  1.060000e+01
     vertex  2.867626e-01  4.855370e-01  0.000000e+00
   endloop
 endfacet
 facet normal -7.533260e-01 -6.576473e-01  0.000000e+00
   outer loop
     vertex  3.323427e-01  4.318759e-01  0.000000e+00
     vertex  3.323427e-01  4.318759e-01  1.060000e+01
     vertex  3.091893e-01  4.583978e-01  1.060000e+01
   endloop
 endfacet
 facet normal -7.533260e-01 -6.576473e-01  0.000000e+00
   outer loop
     vertex  3.323427e-01  4.318759e-01  0.000000e+00
     vertex  3.091893e-01  4.583978e-01  1.060000e+01
     vertex  3.091893e-01  4.583978e-01  0.000000e+00
   endloop
 endfacet
 facet normal -7.352410e-01 -6.778058e-01  0.000000e+00
   outer loop
     vertex  3.562059e-01  4.059907e-01  0.000000e+00
     vertex  3.562059e-01  4.059907e-01  1.060000e+01
     vertex  3.323427e-01  4.318759e-01  1.060000e+01
   endloop
 endfacet
 facet normal -7.352410e-01 -6.778058e-01  0.000000e+00
   outer loop
     vertex  3.562059e-01  4.059907e-01  0.000000e+00
     vertex  3.323427e-01  4.318759e-01  1.060000e+01
     vertex  3.323427e-01  4.318759e-01  0.000000e+00
   endloop
 endfacet
 facet normal -7.166168e-01 -6.974671e-01  0.000000e+00
   outer loop
     vertex  3.807612e-01  3.807612e-01  0.000000e+00
     vertex  3.807612e-01  3.807612e-01  1.060000e+01
     vertex  3.562059e-01  4.059907e-01  1.060000e+01
   endloop
 endfacet
 facet normal -7.166168e-01 -6.974671e-01  0.000000e+00
   outer loop
     vertex  3.807612e-01  3.807612e-01  0.000000e+00
     vertex  3.562059e-01  4.059907e-01  1.060000e+01
     vertex  3.562059e-01  4.059907e-01  0.000000e+00
   endloop
 endfacet
 facet normal -6.974671e-01 -7.166168e-01  0.000000e+00
   outer loop
     vertex  4.059907e-01  3.562059e-01  0.000000e+00
     vertex  4.059907e-01  3.562059e-01  1.060000e+01
     vertex  3.807612e-01  3.807612e-01  1.060000e+01
   endloop
 endfacet
 facet normal -6.974671e-01 -7.166168e-01  0.000000e+00
   outer loop
     vertex  4.059907e-01  3.562059e-01  0.000000e+00
     vertex  3.807612e-01  3.807612e-01  1.060000e+01
     vertex  3.807612e-01  3.807612e-01  0.000000e+00
   endloop
 endfacet
 facet normal -6.778058e-01 -7.352410e-01  0.000000e+00
   outer loop
     vertex  4.318759e-01  3.323427e-01  0.000000e+00
     vertex  4.318759e-01  3.323427e-01  1.060000e+01
     vertex  4.059907e-01  3.562059e-01  1.060000e+01
   endloop
 endfacet
 facet normal -6.778058e-01 -7.352410e-01  0.000000e+00
   outer loop
     vertex  4.318759e-01  3.323427e-01  0.000000e+00
     vertex  4.059907e-01  3.562059e-01  1.060000e+01
     vertex  4.059907e-01  3.562059e-01  0.000000e+00
   endloop
 endfacet
 facet normal -6.576473e-01 -7.533260e-01  0.000000e+00
   outer loop
     vertex  4.583978e-01  3.091893e-01  0.000000e+00
     vertex  4.583978e-01  3.091893e-01  1.060000e+01
     vertex  4.318759e-01  3.323427e-01  1.060000e+01
   endloop
 endfacet
 facet normal -6.576473e-01 -7.533260e-01  0.000000e+00
   outer loop
     vertex  4.583978e-01  3.091893e-01  0.000000e+00
     vertex  4.318759e-01  3.323427e-01  1.060000e+01
     vertex  4.318759e-01  3.323427e-01  0.000000e+00
   endloop
 endfacet
 facet normal -6.370065e-01 -7.708584e-01  0.000000e+00
   outer loop
     vertex  4.855370e-01  2.867626e-01  0.000000e+00
     vertex  4.855370e-01  2.867626e-01  1.060000e+01
     vertex  4.583978e-01  3.091893e-01  1.060000e+01
   endloop
 endfacet
 facet normal -6.370065e-01 -7.708584e-01  0.000000e+00
   outer loop
     vertex  4.855370e-01  2.867626e-01  0.000000e+00
     vertex  4.583978e-01  3.091893e-01  1.060000e+01
     vertex  4.583978e-01  3.091893e-01  0.000000e+00
   endloop
 endfacet
 facet normal -6.158986e-01 -7.878255e-01  0.000000e+00
   outer loop
     vertex  5.132735e-01  2.650790e-01  0.000000e+00
     vertex  5.132735e-01  2.650790e-01  1.060000e+01
     vertex  4.855370e-01  2.867626e-01  1.060000e+01
   endloop
 endfacet
 facet normal -6.158986e-01 -7.878255e-01  0.000000e+00
   outer loop
     vertex  5.132735e-01  2.650790e-01  0.000000e+00
     vertex  4.855370e-01  2.867626e-01  1.060000e+01
     vertex  4.855370e-01  2.867626e-01  0.000000e+00
   endloop
 endfacet
 facet normal -5.943389e-01 -8.042147e-01  0.000000e+00
   outer loop
     vertex  5.415870e-01  2.441545e-01  0.000000e+00
     vertex  5.415870e-01  2.441545e-01  1.060000e+01
     vertex  5.132735e-01  2.650790e-01  1.060000e+01
   endloop
 endfacet
 facet normal -5.943389e-01 -8.042147e-01  0.000000e+00
   outer loop
     vertex  5.415870e-01  2.441545e-01  0.000000e+00
     vertex  5.132735e-01  2.650790e-01  1.060000e+01
     vertex  5.132735e-01  2.650790e-01  0.000000e+00
   endloop
 endfacet
 facet normal -5.723433e-01 -8.200141e-01  0.000000e+00
   outer loop
     vertex  5.704568e-01  2.240043e-01  0.000000e+00
     vertex  5.704568e-01  2.240043e-01  1.060000e+01
     vertex  5.415870e-01  2.441545e-01  1.060000e+01
   endloop
 endfacet
 facet normal -5.723433e-01 -8.200141e-01  0.000000e+00
   outer loop
     vertex  5.704568e-01  2.240043e-01  0.000000e+00
     vertex  5.415870e-01  2.441545e-01  1.060000e+01
     vertex  5.415870e-01  2.441545e-01  0.000000e+00
   endloop
 endfacet
 facet normal -5.499279e-01 -8.352121e-01  0.000000e+00
   outer loop
     vertex  5.998616e-01  2.046433e-01  0.000000e+00
     vertex  5.998616e-01  2.046433e-01  1.060000e+01
     vertex  5.704568e-01  2.240043e-01  1.060000e+01
   endloop
 endfacet
 facet normal -5.499279e-01 -8.352121e-01  0.000000e+00
   outer loop
     vertex  5.998616e-01  2.046433e-01  0.000000e+00
     vertex  5.704568e-01  2.240043e-01  1.060000e+01
     vertex  5.704568e-01  2.240043e-01  0.000000e+00
   endloop
 endfacet
 facet normal -5.271092e-01 -8.497975e-01  0.000000e+00
   outer loop
     vertex  6.297800e-01  1.860857e-01  0.000000e+00
     vertex  6.297800e-01  1.860857e-01  1.060000e+01
     vertex  5.998616e-01  2.046433e-01  1.060000e+01
   endloop
 endfacet
 facet normal -5.271092e-01 -8.497975e-01  0.000000e+00
   outer loop
     vertex  6.297800e-01  1.860857e-01  0.000000e+00
     vertex  5.998616e-01  2.046433e-01  1.060000e+01
     vertex  5.998616e-01  2.046433e-01  0.000000e+00
   endloop
 endfacet
 facet normal -5.039039e-01 -8.637597e-01  0.000000e+00
   outer loop
     vertex  6.601899e-01  1.683450e-01  0.000000e+00
     vertex  6.601899e-01  1.683450e-01  1.060000e+01
     vertex  6.297800e-01  1.860857e-01  1.060000e+01
   endloop
 endfacet
 facet normal -5.039039e-01 -8.637597e-01  0.000000e+00
   outer loop
     vertex  6.601899e-01  1.683450e-01  0.000000e+00
     vertex  6.297800e-01  1.860857e-01  1.060000e+01
     vertex  6.297800e-01  1.860857e-01  0.000000e+00
   endloop
 endfacet
 facet normal -4.803291e-01 -8.770884e-01  0.000000e+00
   outer loop
     vertex  6.910690e-01  1.514343e-01  0.000000e+00
     vertex  6.910690e-01  1.514343e-01  1.060000e+01
     vertex  6.601899e-01  1.683450e-01  1.060000e+01
   endloop
 endfacet
 facet normal -4.564019e-01 -8.897737e-01  0.000000e+00
   outer loop
     vertex  6.910690e-01  1.514343e-01  0.000000e+00
     vertex  7.223948e-01  1.353661e-01  1.060000e+01
     vertex  6.910690e-01  1.514343e-01  1.060000e+01
   endloop
 endfacet
 facet normal -4.803291e-01 -8.770884e-01  0.000000e+00
   outer loop
     vertex  6.910690e-01  1.514343e-01  0.000000e+00
     vertex  6.601899e-01  1.683450e-01  1.060000e+01
     vertex  6.601899e-01  1.683450e-01  0.000000e+00
   endloop
 endfacet
 facet normal -4.564019e-01 -8.897737e-01  0.000000e+00
   outer loop
     vertex  7.223948e-01  1.353661e-01  0.000000e+00
     vertex  7.223948e-01  1.353661e-01  1.060000e+01
     vertex  6.910690e-01  1.514343e-01  0.000000e+00
   endloop
 endfacet
 facet normal -4.321400e-01 -9.018065e-01  0.000000e+00
   outer loop
     vertex  7.223948e-01  1.353661e-01  0.000000e+00
     vertex  7.541442e-01  1.201520e-01  1.060000e+01
     vertex  7.223948e-01  1.353661e-01  1.060000e+01
   endloop
 endfacet
 facet normal -4.321400e-01 -9.018065e-01  0.000000e+00
   outer loop
     vertex  7.541442e-01  1.201520e-01  0.000000e+00
     vertex  7.541442e-01  1.201520e-01  1.060000e+01
     vertex  7.223948e-01  1.353661e-01  0.000000e+00
   endloop
 endfacet
 facet normal -4.075612e-01 -9.131779e-01  0.000000e+00
   outer loop
     vertex  7.862939e-01  1.058032e-01  0.000000e+00
     vertex  7.862939e-01  1.058032e-01  1.060000e+01
     vertex  7.541442e-01  1.201520e-01  1.060000e+01
   endloop
 endfacet
 facet normal -4.075612e-01 -9.131779e-01  0.000000e+00
   outer loop
     vertex  7.862939e-01  1.058032e-01  0.000000e+00
     vertex  7.541442e-01  1.201520e-01  1.060000e+01
     vertex  7.541442e-01  1.201520e-01  0.000000e+00
   endloop
 endfacet
 facet normal -3.826834e-01 -9.238795e-01  0.000000e+00
   outer loop
     vertex  8.188204e-01  9.233026e-02  0.000000e+00
     vertex  8.188204e-01  9.233026e-02  1.060000e+01
     vertex  7.862939e-01  1.058032e-01  1.060000e+01
   endloop
 endfacet
 facet normal -3.826834e-01 -9.238795e-01  0.000000e+00
   outer loop
     vertex  8.188204e-01  9.233026e-02  0.000000e+00
     vertex  7.862939e-01  1.058032e-01  1.060000e+01
     vertex  7.862939e-01  1.058032e-01  0.000000e+00
   endloop
 endfacet
 facet normal -3.575250e-01 -9.339036e-01  0.000000e+00
   outer loop
     vertex  8.516998e-01  7.974309e-02  0.000000e+00
     vertex  8.516998e-01  7.974309e-02  1.060000e+01
     vertex  8.188204e-01  9.233026e-02  1.060000e+01
   endloop
 endfacet
 facet normal -3.575250e-01 -9.339036e-01  0.000000e+00
   outer loop
     vertex  8.516998e-01  7.974309e-02  0.000000e+00
     vertex  8.188204e-01  9.233026e-02  1.060000e+01
     vertex  8.188204e-01  9.233026e-02  0.000000e+00
   endloop
 endfacet
 facet normal -3.321044e-01 -9.432426e-01  0.000000e+00
   outer loop
     vertex  8.849080e-01  6.805088e-02  0.000000e+00
     vertex  8.516998e-01  7.974309e-02  1.060000e+01
     vertex  8.516998e-01  7.974309e-02  0.000000e+00
   endloop
 endfacet
 facet normal -3.321044e-01 -9.432426e-01  0.000000e+00
   outer loop
     vertex  8.849080e-01  6.805088e-02  0.000000e+00
     vertex  8.849080e-01  6.805088e-02  1.060000e+01
     vertex  8.516998e-01  7.974309e-02  1.060000e+01
   endloop
 endfacet
 facet normal -3.064401e-01 -9.518899e-01  0.000000e+00
   outer loop
     vertex  9.184207e-01  5.726221e-02  0.000000e+00
     vertex  8.849080e-01  6.805088e-02  1.060000e+01
     vertex  8.849080e-01  6.805088e-02  0.000000e+00
   endloop
 endfacet
 facet normal -3.064401e-01 -9.518899e-01  0.000000e+00
   outer loop
     vertex  9.184207e-01  5.726221e-02  0.000000e+00
     vertex  9.184207e-01  5.726221e-02  1.060000e+01
     vertex  8.849080e-01  6.805088e-02  1.060000e+01
   endloop
 endfacet
 facet normal -2.805512e-01 -9.598391e-01  0.000000e+00
   outer loop
     vertex  9.184207e-01  5.726221e-02  0.000000e+00
     vertex  9.522132e-01  4.738501e-02  1.060000e+01
     vertex  9.184207e-01  5.726221e-02  1.060000e+01
   endloop
 endfacet
 facet normal -2.805512e-01 -9.598391e-01  0.000000e+00
   outer loop
     vertex  9.522132e-01  4.738501e-02  0.000000e+00
     vertex  9.522132e-01  4.738501e-02  1.060000e+01
     vertex  9.184207e-01  5.726221e-02  0.000000e+00
   endloop
 endfacet
 facet normal -2.544564e-01 -9.670842e-01  0.000000e+00
   outer loop
     vertex  9.522132e-01  4.738501e-02  0.000000e+00
     vertex  9.862607e-01  3.842651e-02  1.060000e+01
     vertex  9.522132e-01  4.738501e-02  1.060000e+01
   endloop
 endfacet
 facet normal -2.544564e-01 -9.670842e-01  0.000000e+00
   outer loop
     vertex  9.862607e-01  3.842651e-02  0.000000e+00
     vertex  9.862607e-01  3.842651e-02  1.060000e+01
     vertex  9.522132e-01  4.738501e-02  0.000000e+00
   endloop
 endfacet
 facet normal -2.281751e-01 -9.736201e-01  0.000000e+00
   outer loop
     vertex  1.020538e+00  3.039328e-02  0.000000e+00
     vertex  9.862607e-01  3.842651e-02  1.060000e+01
     vertex  9.862607e-01  3.842651e-02  0.000000e+00
   endloop
 endfacet
 facet normal -2.281751e-01 -9.736201e-01  0.000000e+00
   outer loop
     vertex  1.020538e+00  3.039328e-02  0.000000e+00
     vertex  1.020538e+00  3.039328e-02  1.060000e+01
     vertex  9.862607e-01  3.842651e-02  1.060000e+01
   endloop
 endfacet
 facet normal -2.017264e-01 -9.794419e-01  0.000000e+00
   outer loop
     vertex  1.055021e+00  2.329121e-02  0.000000e+00
     vertex  1.020538e+00  3.039328e-02  1.060000e+01
     vertex  1.020538e+00  3.039328e-02  0.000000e+00
   endloop
 endfacet
 facet normal -2.017264e-01 -9.794419e-01  0.000000e+00
   outer loop
     vertex  1.055021e+00  2.329121e-02  0.000000e+00
     vertex  1.055021e+00  2.329121e-02  1.060000e+01
     vertex  1.020538e+00  3.039328e-02  1.060000e+01
   endloop
 endfacet
 facet normal -1.751297e-01 -9.845454e-01  0.000000e+00
   outer loop
     vertex  1.055021e+00  2.329121e-02  0.000000e+00
     vertex  1.089683e+00  1.712552e-02  1.060000e+01
     vertex  1.055021e+00  2.329121e-02  1.060000e+01
   endloop
 endfacet
 facet normal -1.751297e-01 -9.845454e-01  0.000000e+00
   outer loop
     vertex  1.089683e+00  1.712552e-02  0.000000e+00
     vertex  1.089683e+00  1.712552e-02  1.060000e+01
     vertex  1.055021e+00  2.329121e-02  0.000000e+00
   endloop
 endfacet
 facet normal -1.484046e-01 -9.889267e-01  0.000000e+00
   outer loop
     vertex  1.124500e+00  1.190072e-02  0.000000e+00
     vertex  1.089683e+00  1.712552e-02  1.060000e+01
     vertex  1.089683e+00  1.712552e-02  0.000000e+00
   endloop
 endfacet
 facet normal -1.484046e-01 -9.889267e-01  0.000000e+00
   outer loop
     vertex  1.124500e+00  1.190072e-02  0.000000e+00
     vertex  1.124500e+00  1.190072e-02  1.060000e+01
     vertex  1.089683e+00  1.712552e-02  1.060000e+01
   endloop
 endfacet
 facet normal -1.215707e-01 -9.925828e-01  0.000000e+00
   outer loop
     vertex  1.124500e+00  1.190072e-02  0.000000e+00
     vertex  1.159445e+00  7.620656e-03  1.060000e+01
     vertex  1.124500e+00  1.190072e-02  1.060000e+01
   endloop
 endfacet
 facet normal -1.215707e-01 -9.925828e-01  0.000000e+00
   outer loop
     vertex  1.159445e+00  7.620656e-03  0.000000e+00
     vertex  1.159445e+00  7.620656e-03  1.060000e+01
     vertex  1.124500e+00  1.190072e-02  0.000000e+00
   endloop
 endfacet
 facet normal -9.464755e-02 -9.955108e-01  0.000000e+00
   outer loop
     vertex  1.194494e+00  4.288454e-03  0.000000e+00
     vertex  1.159445e+00  7.620656e-03  1.060000e+01
     vertex  1.159445e+00  7.620656e-03  0.000000e+00
   endloop
 endfacet
 facet normal -9.464755e-02 -9.955108e-01  0.000000e+00
   outer loop
     vertex  1.194494e+00  4.288454e-03  0.000000e+00
     vertex  1.194494e+00  4.288454e-03  1.060000e+01
     vertex  1.159445e+00  7.620656e-03  1.060000e+01
   endloop
 endfacet
 facet normal -6.765502e-02 -9.977088e-01  0.000000e+00
   outer loop
     vertex  1.194494e+00  4.288454e-03  0.000000e+00
     vertex  1.229619e+00  1.906562e-03  1.060000e+01
     vertex  1.194494e+00  4.288454e-03  1.060000e+01
   endloop
 endfacet
 facet normal -6.765502e-02 -9.977088e-01  0.000000e+00
   outer loop
     vertex  1.229619e+00  1.906562e-03  0.000000e+00
     vertex  1.229619e+00  1.906562e-03  1.060000e+01
     vertex  1.194494e+00  4.288454e-03  0.000000e+00
   endloop
 endfacet
 facet normal -4.061287e-02 -9.991750e-01  0.000000e+00
   outer loop
     vertex  1.264797e+00  4.767279e-04  0.000000e+00
     vertex  1.229619e+00  1.906562e-03  1.060000e+01
     vertex  1.229619e+00  1.906562e-03  0.000000e+00
   endloop
 endfacet
 facet normal -4.061287e-02 -9.991750e-01  0.000000e+00
   outer loop
     vertex  1.264797e+00  4.767279e-04  0.000000e+00
     vertex  1.264797e+00  4.767279e-04  1.060000e+01
     vertex  1.229619e+00  1.906562e-03  1.060000e+01
   endloop
 endfacet
 facet normal -1.354093e-02 -9.999083e-01  0.000000e+00
   outer loop
     vertex  1.300000e+00  0.000000e+00  0.000000e+00
     vertex  1.264797e+00  4.767279e-04  1.060000e+01
     vertex  1.264797e+00  4.767279e-04  0.000000e+00
   endloop
 endfacet
 facet normal -1.354093e-02 -9.999083e-01  0.000000e+00
   outer loop
     vertex  1.300000e+00  0.000000e+00  0.000000e+00
     vertex  1.300000e+00  0.000000e+00  1.060000e+01
     vertex  1.264797e+00  4.767279e-04  1.060000e+01
   endloop
 endfacet
 facet normal -1.000000e+00  6.311928e-17  0.000000e+00
   outer loop
     vertex  0.000000e+00  3.588934e+01  2.200000e+00
     vertex  7.771561e-16  4.820184e+01  1.060000e+01
     vertex  7.771561e-16  4.820184e+01  0.000000e+00
   endloop
 endfacet
 facet normal -1.000000e+00  6.311928e-17  0.000000e+00
   outer loop
     vertex  0.000000e+00  3.588934e+01  2.200000e+00
     vertex  0.000000e+00  3.588934e+01  1.060000e+01
     vertex  7.771561e-16  4.820184e+01  1.060000e+01
   endloop
 endfacet
 facet normal -1.000000e+00  0.000000e+00  0.000000e+00
   outer loop
     vertex  0.000000e+00  1.300000e+00  1.060000e+01
     vertex  0.000000e+00  1.861434e+01  1.060000e+01
     vertex  0.000000e+00  1.861434e+01  2.200000e+00
   endloop
 endfacet
 facet normal -1.000000e+00  0.000000e+00  0.000000e+00
   outer loop
     vertex  0.000000e+00  1.300000e+00  0.000000e+00
     vertex  0.000000e+00  1.300000e+00  1.060000e+01
     vertex  0.000000e+00  1.861434e+01  2.200000e+00
   endloop
 endfacet
 facet normal -1.000000e+00  1.656984e-17 -2.605181e-16
   outer loop
     vertex  0.000000e+00  1.300000e+00  0.000000e+00
     vertex  0.000000e+00  3.588934e+01  2.200000e+00
     vertex  7.771561e-16  4.820184e+01  0.000000e+00
   endloop
 endfacet
 facet normal -1.000000e+00  0.000000e+00  0.000000e+00
   outer loop
     vertex  0.000000e+00  1.300000e+00  0.000000e+00
     vertex  0.000000e+00  1.861434e+01  2.200000e+00
     vertex  0.000000e+00  3.588934e+01  2.200000e+00
   endloop
 endfacet
 facet normal -1.354093e-02  9.999083e-01  0.000000e+00
   outer loop
     vertex  1.264797e+00  4.950136e+01  0.000000e+00
     vertex  1.300000e+00  4.950184e+01  1.060000e+01
     vertex  1.300000e+00  4.950184e+01  0.000000e+00
   endloop
 endfacet
 facet normal -1.354093e-02  9.999083e-01  0.000000e+00
   outer loop
     vertex  1.264797e+00  4.950136e+01  0.000000e+00
     vertex  1.264797e+00  4.950136e+01  1.060000e+01
     vertex  1.300000e+00  4.950184e+01  1.060000e+01
   endloop
 endfacet
 facet normal -4.061287e-02  9.991750e-01  0.000000e+00
   outer loop
     vertex  1.229619e+00  4.949993e+01  0.000000e+00
     vertex  1.229619e+00  4.949993e+01  1.060000e+01
     vertex  1.264797e+00  4.950136e+01  1.060000e+01
   endloop
 endfacet
 facet normal -4.061287e-02  9.991750e-01  0.000000e+00
   outer loop
     vertex  1.229619e+00  4.949993e+01  0.000000e+00
     vertex  1.264797e+00  4.950136e+01  1.060000e+01
     vertex  1.264797e+00  4.950136e+01  0.000000e+00
   endloop
 endfacet
 facet normal -6.765502e-02  9.977088e-01  0.000000e+00
   outer loop
     vertex  1.194494e+00  4.949755e+01  0.000000e+00
     vertex  1.194494e+00  4.949755e+01  1.060000e+01
     vertex  1.229619e+00  4.949993e+01  1.060000e+01
   endloop
 endfacet
 facet normal -6.765502e-02  9.977088e-01  0.000000e+00
   outer loop
     vertex  1.194494e+00  4.949755e+01  0.000000e+00
     vertex  1.229619e+00  4.949993e+01  1.060000e+01
     vertex  1.229619e+00  4.949993e+01  0.000000e+00
   endloop
 endfacet
 facet normal -9.464755e-02  9.955108e-01  0.000000e+00
   outer loop
     vertex  1.159445e+00  4.949422e+01  0.000000e+00
     vertex  1.159445e+00  4.949422e+01  1.060000e+01
     vertex  1.194494e+00  4.949755e+01  1.060000e+01
   endloop
 endfacet
 facet normal -1.215707e-01  9.925828e-01  0.000000e+00
   outer loop
     vertex  1.159445e+00  4.949422e+01  0.000000e+00
     vertex  1.124500e+00  4.948994e+01  1.060000e+01
     vertex  1.159445e+00  4.949422e+01  1.060000e+01
   endloop
 endfacet
 facet normal -9.464755e-02  9.955108e-01  0.000000e+00
   outer loop
     vertex  1.159445e+00  4.949422e+01  0.000000e+00
     vertex  1.194494e+00  4.949755e+01  1.060000e+01
     vertex  1.194494e+00  4.949755e+01  0.000000e+00
   endloop
 endfacet
 facet normal -1.215707e-01  9.925828e-01  0.000000e+00
   outer loop
     vertex  1.124500e+00  4.948994e+01  0.000000e+00
     vertex  1.124500e+00  4.948994e+01  1.060000e+01
     vertex  1.159445e+00  4.949422e+01  0.000000e+00
   endloop
 endfacet
 facet normal -1.484046e-01  9.889267e-01  0.000000e+00
   outer loop
     vertex  1.089683e+00  4.948471e+01  0.000000e+00
     vertex  1.089683e+00  4.948471e+01  1.060000e+01
     vertex  1.124500e+00  4.948994e+01  1.060000e+01
   endloop
 endfacet
 facet normal -1.751297e-01  9.845454e-01  0.000000e+00
   outer loop
     vertex  1.089683e+00  4.948471e+01  0.000000e+00
     vertex  1.055021e+00  4.947855e+01  1.060000e+01
     vertex  1.089683e+00  4.948471e+01  1.060000e+01
   endloop
 endfacet
 facet normal -1.484046e-01  9.889267e-01  0.000000e+00
   outer loop
     vertex  1.089683e+00  4.948471e+01  0.000000e+00
     vertex  1.124500e+00  4.948994e+01  1.060000e+01
     vertex  1.124500e+00  4.948994e+01  0.000000e+00
   endloop
 endfacet
 facet normal -1.751297e-01  9.845454e-01  0.000000e+00
   outer loop
     vertex  1.055021e+00  4.947855e+01  0.000000e+00
     vertex  1.055021e+00  4.947855e+01  1.060000e+01
     vertex  1.089683e+00  4.948471e+01  0.000000e+00
   endloop
 endfacet
 facet normal -2.017264e-01  9.794419e-01  0.000000e+00
   outer loop
     vertex  1.020538e+00  4.947145e+01  0.000000e+00
     vertex  1.020538e+00  4.947145e+01  1.060000e+01
     vertex  1.055021e+00  4.947855e+01  1.060000e+01
   endloop
 endfacet
 facet normal -2.017264e-01  9.794419e-01  0.000000e+00
   outer loop
     vertex  1.020538e+00  4.947145e+01  0.000000e+00
     vertex  1.055021e+00  4.947855e+01  1.060000e+01
     vertex  1.055021e+00  4.947855e+01  0.000000e+00
   endloop
 endfacet
 facet normal -2.281751e-01  9.736201e-01  0.000000e+00
   outer loop
     vertex  9.862607e-01  4.946341e+01  0.000000e+00
     vertex  9.862607e-01  4.946341e+01  1.060000e+01
     vertex  1.020538e+00  4.947145e+01  1.060000e+01
   endloop
 endfacet
 facet normal -2.281751e-01  9.736201e-01  0.000000e+00
   outer loop
     vertex  9.862607e-01  4.946341e+01  0.000000e+00
     vertex  1.020538e+00  4.947145e+01  1.060000e+01
     vertex  1.020538e+00  4.947145e+01  0.000000e+00
   endloop
 endfacet
 facet normal -2.544564e-01  9.670842e-01  0.000000e+00
   outer loop
     vertex  9.522132e-01  4.945445e+01  0.000000e+00
     vertex  9.522132e-01  4.945445e+01  1.060000e+01
     vertex  9.862607e-01  4.946341e+01  1.060000e+01
   endloop
 endfacet
 facet normal -2.544564e-01  9.670842e-01  0.000000e+00
   outer loop
     vertex  9.522132e-01  4.945445e+01  0.000000e+00
     vertex  9.862607e-01  4.946341e+01  1.060000e+01
     vertex  9.862607e-01  4.946341e+01  0.000000e+00
   endloop
 endfacet
 facet normal -2.805512e-01  9.598391e-01  0.000000e+00
   outer loop
     vertex  9.184207e-01  4.944458e+01  0.000000e+00
     vertex  9.184207e-01  4.944458e+01  1.060000e+01
     vertex  9.522132e-01  4.945445e+01  1.060000e+01
   endloop
 endfacet
 facet normal -2.805512e-01  9.598391e-01  0.000000e+00
   outer loop
     vertex  9.184207e-01  4.944458e+01  0.000000e+00
     vertex  9.522132e-01  4.945445e+01  1.060000e+01
     vertex  9.522132e-01  4.945445e+01  0.000000e+00
   endloop
 endfacet
 facet normal -3.064401e-01  9.518899e-01  0.000000e+00
   outer loop
     vertex  8.849080e-01  4.943379e+01  0.000000e+00
     vertex  8.849080e-01  4.943379e+01  1.060000e+01
     vertex  9.184207e-01  4.944458e+01  1.060000e+01
   endloop
 endfacet
 facet normal -3.064401e-01  9.518899e-01  0.000000e+00
   outer loop
     vertex  8.849080e-01  4.943379e+01  0.000000e+00
     vertex  9.184207e-01  4.944458e+01  1.060000e+01
     vertex  9.184207e-01  4.944458e+01  0.000000e+00
   endloop
 endfacet
 facet normal -3.321044e-01  9.432426e-01  0.000000e+00
   outer loop
     vertex  8.516998e-01  4.942210e+01  0.000000e+00
     vertex  8.516998e-01  4.942210e+01  1.060000e+01
     vertex  8.849080e-01  4.943379e+01  1.060000e+01
   endloop
 endfacet
 facet normal -3.321044e-01  9.432426e-01  0.000000e+00
   outer loop
     vertex  8.516998e-01  4.942210e+01  0.000000e+00
     vertex  8.849080e-01  4.943379e+01  1.060000e+01
     vertex  8.849080e-01  4.943379e+01  0.000000e+00
   endloop
 endfacet
 facet normal -3.575250e-01  9.339036e-01  0.000000e+00
   outer loop
     vertex  8.188204e-01  4.940951e+01  0.000000e+00
     vertex  8.188204e-01  4.940951e+01  1.060000e+01
     vertex  8.516998e-01  4.942210e+01  1.060000e+01
   endloop
 endfacet
 facet normal -3.575250e-01  9.339036e-01  0.000000e+00
   outer loop
     vertex  8.188204e-01  4.940951e+01  0.000000e+00
     vertex  8.516998e-01  4.942210e+01  1.060000e+01
     vertex  8.516998e-01  4.942210e+01  0.000000e+00
   endloop
 endfacet
 facet normal -3.826834e-01  9.238795e-01  0.000000e+00
   outer loop
     vertex  7.862939e-01  4.939604e+01  0.000000e+00
     vertex  7.862939e-01  4.939604e+01  1.060000e+01
     vertex  8.188204e-01  4.940951e+01  1.060000e+01
   endloop
 endfacet
 facet normal -3.826834e-01  9.238795e-01  0.000000e+00
   outer loop
     vertex  7.862939e-01  4.939604e+01  0.000000e+00
     vertex  8.188204e-01  4.940951e+01  1.060000e+01
     vertex  8.188204e-01  4.940951e+01  0.000000e+00
   endloop
 endfacet
 facet normal -4.075612e-01  9.131779e-01  0.000000e+00
   outer loop
     vertex  7.541442e-01  4.938169e+01  0.000000e+00
     vertex  7.541442e-01  4.938169e+01  1.060000e+01
     vertex  7.862939e-01  4.939604e+01  1.060000e+01
   endloop
 endfacet
 facet normal -4.321400e-01  9.018065e-01  0.000000e+00
   outer loop
     vertex  7.541442e-01  4.938169e+01  0.000000e+00
     vertex  7.223948e-01  4.936647e+01  1.060000e+01
     vertex  7.541442e-01  4.938169e+01  1.060000e+01
   endloop
 endfacet
 facet normal -4.075612e-01  9.131779e-01  0.000000e+00
   outer loop
     vertex  7.541442e-01  4.938169e+01  0.000000e+00
     vertex  7.862939e-01  4.939604e+01  1.060000e+01
     vertex  7.862939e-01  4.939604e+01  0.000000e+00
   endloop
 endfacet
 facet normal -4.564019e-01  8.897737e-01  0.000000e+00
   outer loop
     vertex  7.223948e-01  4.936647e+01  0.000000e+00
     vertex  6.910690e-01  4.935041e+01  1.060000e+01
     vertex  7.223948e-01  4.936647e+01  1.060000e+01
   endloop
 endfacet
 facet normal -4.321400e-01  9.018065e-01  0.000000e+00
   outer loop
     vertex  7.223948e-01  4.936647e+01  0.000000e+00
     vertex  7.223948e-01  4.936647e+01  1.060000e+01
     vertex  7.541442e-01  4.938169e+01  0.000000e+00
   endloop
 endfacet
 facet normal -4.564019e-01  8.897737e-01  0.000000e+00
   outer loop
     vertex  6.910690e-01  4.935041e+01  0.000000e+00
     vertex  6.910690e-01  4.935041e+01  1.060000e+01
     vertex  7.223948e-01  4.936647e+01  0.000000e+00
   endloop
 endfacet
 facet normal -4.803291e-01  8.770884e-01  0.000000e+00
   outer loop
     vertex  6.601899e-01  4.933349e+01  0.000000e+00
     vertex  6.601899e-01  4.933349e+01  1.060000e+01
     vertex  6.910690e-01  4.935041e+01  1.060000e+01
   endloop
 endfacet
 facet normal -4.803291e-01  8.770884e-01  0.000000e+00
   outer loop
     vertex  6.601899e-01  4.933349e+01  0.000000e+00
     vertex  6.910690e-01  4.935041e+01  1.060000e+01
     vertex  6.910690e-01  4.935041e+01  0.000000e+00
   endloop
 endfacet
 facet normal -5.039039e-01  8.637597e-01  0.000000e+00
   outer loop
     vertex  6.297800e-01  4.931575e+01  0.000000e+00
     vertex  6.297800e-01  4.931575e+01  1.060000e+01
     vertex  6.601899e-01  4.933349e+01  1.060000e+01
   endloop
 endfacet
 facet normal -5.039039e-01  8.637597e-01  0.000000e+00
   outer loop
     vertex  6.297800e-01  4.931575e+01  0.000000e+00
     vertex  6.601899e-01  4.933349e+01  1.060000e+01
     vertex  6.601899e-01  4.933349e+01  0.000000e+00
   endloop
 endfacet
 facet normal -5.271092e-01  8.497975e-01  0.000000e+00
   outer loop
     vertex  5.998616e-01  4.929720e+01  0.000000e+00
     vertex  6.297800e-01  4.931575e+01  1.060000e+01
     vertex  6.297800e-01  4.931575e+01  0.000000e+00
   endloop
 endfacet
 facet normal -5.271092e-01  8.497975e-01  0.000000e+00
   outer loop
     vertex  5.998616e-01  4.929720e+01  0.000000e+00
     vertex  5.998616e-01  4.929720e+01  1.060000e+01
     vertex  6.297800e-01  4.931575e+01  1.060000e+01
   endloop
 endfacet
 facet normal -5.499279e-01  8.352121e-01  0.000000e+00
   outer loop
     vertex  5.704568e-01  4.927784e+01  0.000000e+00
     vertex  5.998616e-01  4.929720e+01  1.060000e+01
     vertex  5.998616e-01  4.929720e+01  0.000000e+00
   endloop
 endfacet
 facet normal -5.499279e-01  8.352121e-01  0.000000e+00
   outer loop
     vertex  5.704568e-01  4.927784e+01  0.000000e+00
     vertex  5.704568e-01  4.927784e+01  1.060000e+01
     vertex  5.998616e-01  4.929720e+01  1.060000e+01
   endloop
 endfacet
 facet normal -5.723433e-01  8.200141e-01  0.000000e+00
   outer loop
     vertex  5.704568e-01  4.927784e+01  0.000000e+00
     vertex  5.415870e-01  4.925769e+01  1.060000e+01
     vertex  5.704568e-01  4.927784e+01  1.060000e+01
   endloop
 endfacet
 facet normal -5.723433e-01  8.200141e-01  0.000000e+00
   outer loop
     vertex  5.415870e-01  4.925769e+01  0.000000e+00
     vertex  5.415870e-01  4.925769e+01  1.060000e+01
     vertex  5.704568e-01  4.927784e+01  0.000000e+00
   endloop
 endfacet
 facet normal -5.943389e-01  8.042147e-01  0.000000e+00
   outer loop
     vertex  5.415870e-01  4.925769e+01  0.000000e+00
     vertex  5.132735e-01  4.923676e+01  1.060000e+01
     vertex  5.415870e-01  4.925769e+01  1.060000e+01
   endloop
 endfacet
 facet normal -5.943389e-01  8.042147e-01  0.000000e+00
   outer loop
     vertex  5.132735e-01  4.923676e+01  0.000000e+00
     vertex  5.132735e-01  4.923676e+01  1.060000e+01
     vertex  5.415870e-01  4.925769e+01  0.000000e+00
   endloop
 endfacet
 facet normal -6.158986e-01  7.878255e-01  0.000000e+00
   outer loop
     vertex  4.855370e-01  4.921508e+01  0.000000e+00
     vertex  5.132735e-01  4.923676e+01  1.060000e+01
     vertex  5.132735e-01  4.923676e+01  0.000000e+00
   endloop
 endfacet
 facet normal -6.158986e-01  7.878255e-01  0.000000e+00
   outer loop
     vertex  4.855370e-01  4.921508e+01  0.000000e+00
     vertex  4.855370e-01  4.921508e+01  1.060000e+01
     vertex  5.132735e-01  4.923676e+01  1.060000e+01
   endloop
 endfacet
 facet normal -6.370065e-01  7.708584e-01  0.000000e+00
   outer loop
     vertex  4.583978e-01  4.919265e+01  0.000000e+00
     vertex  4.583978e-01  4.919265e+01  1.060000e+01
     vertex  4.855370e-01  4.921508e+01  1.060000e+01
   endloop
 endfacet
 facet normal -6.370065e-01  7.708584e-01  0.000000e+00
   outer loop
     vertex  4.583978e-01  4.919265e+01  0.000000e+00
     vertex  4.855370e-01  4.921508e+01  1.060000e+01
     vertex  4.855370e-01  4.921508e+01  0.000000e+00
   endloop
 endfacet
 facet normal -6.576473e-01  7.533260e-01  0.000000e+00
   outer loop
     vertex  4.318759e-01  4.916950e+01  0.000000e+00
     vertex  4.318759e-01  4.916950e+01  1.060000e+01
     vertex  4.583978e-01  4.919265e+01  1.060000e+01
   endloop
 endfacet
 facet normal -6.778058e-01  7.352410e-01  0.000000e+00
   outer loop
     vertex  4.318759e-01  4.916950e+01  0.000000e+00
     vertex  4.059907e-01  4.914563e+01  1.060000e+01
     vertex  4.318759e-01  4.916950e+01  1.060000e+01
   endloop
 endfacet
 facet normal -6.576473e-01  7.533260e-01  0.000000e+00
   outer loop
     vertex  4.318759e-01  4.916950e+01  0.000000e+00
     vertex  4.583978e-01  4.919265e+01  1.060000e+01
     vertex  4.583978e-01  4.919265e+01  0.000000e+00
   endloop
 endfacet
 facet normal -6.778058e-01  7.352410e-01  0.000000e+00
   outer loop
     vertex  4.059907e-01  4.914563e+01  0.000000e+00
     vertex  4.059907e-01  4.914563e+01  1.060000e+01
     vertex  4.318759e-01  4.916950e+01  0.000000e+00
   endloop
 endfacet
 facet normal -6.974671e-01  7.166168e-01  0.000000e+00
   outer loop
     vertex  3.807612e-01  4.912108e+01  0.000000e+00
     vertex  3.807612e-01  4.912108e+01  1.060000e+01
     vertex  4.059907e-01  4.914563e+01  1.060000e+01
   endloop
 endfacet
 facet normal -6.974671e-01  7.166168e-01  0.000000e+00
   outer loop
     vertex  3.807612e-01  4.912108e+01  0.000000e+00
     vertex  4.059907e-01  4.914563e+01  1.060000e+01
     vertex  4.059907e-01  4.914563e+01  0.000000e+00
   endloop
 endfacet
 facet normal -7.166168e-01  6.974671e-01  0.000000e+00
   outer loop
     vertex  3.562059e-01  4.909585e+01  0.000000e+00
     vertex  3.562059e-01  4.909585e+01  1.060000e+01
     vertex  3.807612e-01  4.912108e+01  1.060000e+01
   endloop
 endfacet
 facet normal -7.166168e-01  6.974671e-01  0.000000e+00
   outer loop
     vertex  3.562059e-01  4.909585e+01  0.000000e+00
     vertex  3.807612e-01  4.912108e+01  1.060000e+01
     vertex  3.807612e-01  4.912108e+01  0.000000e+00
   endloop
 endfacet
 facet normal -7.352410e-01  6.778058e-01  0.000000e+00
   outer loop
     vertex  3.323427e-01  4.906996e+01  0.000000e+00
     vertex  3.323427e-01  4.906996e+01  1.060000e+01
     vertex  3.562059e-01  4.909585e+01  1.060000e+01
   endloop
 endfacet
 facet normal -7.352410e-01  6.778058e-01  0.000000e+00
   outer loop
     vertex  3.323427e-01  4.906996e+01  0.000000e+00
     vertex  3.562059e-01  4.909585e+01  1.060000e+01
     vertex  3.562059e-01  4.909585e+01  0.000000e+00
   endloop
 endfacet
 facet normal -7.533260e-01  6.576473e-01  0.000000e+00
   outer loop
     vertex  3.091893e-01  4.904344e+01  0.000000e+00
     vertex  3.091893e-01  4.904344e+01  1.060000e+01
     vertex  3.323427e-01  4.906996e+01  1.060000e+01
   endloop
 endfacet
 facet normal -7.533260e-01  6.576473e-01  0.000000e+00
   outer loop
     vertex  3.091893e-01  4.904344e+01  0.000000e+00
     vertex  3.323427e-01  4.906996e+01  1.060000e+01
     vertex  3.323427e-01  4.906996e+01  0.000000e+00
   endloop
 endfacet
 facet normal -7.708584e-01  6.370065e-01  0.000000e+00
   outer loop
     vertex  2.867626e-01  4.901630e+01  0.000000e+00
     vertex  2.867626e-01  4.901630e+01  1.060000e+01
     vertex  3.091893e-01  4.904344e+01  1.060000e+01
   endloop
 endfacet
 facet normal -7.708584e-01  6.370065e-01  0.000000e+00
   outer loop
     vertex  2.867626e-01  4.901630e+01  0.000000e+00
     vertex  3.091893e-01  4.904344e+01  1.060000e+01
     vertex  3.091893e-01  4.904344e+01  0.000000e+00
   endloop
 endfacet
 facet normal -7.878255e-01  6.158986e-01  0.000000e+00
   outer loop
     vertex  2.650790e-01  4.898857e+01  0.000000e+00
     vertex  2.650790e-01  4.898857e+01  1.060000e+01
     vertex  2.867626e-01  4.901630e+01  1.060000e+01
   endloop
 endfacet
 facet normal -7.878255e-01  6.158986e-01  0.000000e+00
   outer loop
     vertex  2.650790e-01  4.898857e+01  0.000000e+00
     vertex  2.867626e-01  4.901630e+01  1.060000e+01
     vertex  2.867626e-01  4.901630e+01  0.000000e+00
   endloop
 endfacet
 facet normal -8.042147e-01  5.943389e-01  0.000000e+00
   outer loop
     vertex  2.441545e-01  4.896025e+01  0.000000e+00
     vertex  2.441545e-01  4.896025e+01  1.060000e+01
     vertex  2.650790e-01  4.898857e+01  1.060000e+01
   endloop
 endfacet
 facet normal -8.042147e-01  5.943389e-01  0.000000e+00
   outer loop
     vertex  2.441545e-01  4.896025e+01  0.000000e+00
     vertex  2.650790e-01  4.898857e+01  1.060000e+01
     vertex  2.650790e-01  4.898857e+01  0.000000e+00
   endloop
 endfacet
 facet normal -8.200141e-01  5.723433e-01  0.000000e+00
   outer loop
     vertex  2.240043e-01  4.893138e+01  0.000000e+00
     vertex  2.240043e-01  4.893138e+01  1.060000e+01
     vertex  2.441545e-01  4.896025e+01  1.060000e+01
   endloop
 endfacet
 facet normal -8.200141e-01  5.723433e-01  0.000000e+00
   outer loop
     vertex  2.240043e-01  4.893138e+01  0.000000e+00
     vertex  2.441545e-01  4.896025e+01  1.060000e+01
     vertex  2.441545e-01  4.896025e+01  0.000000e+00
   endloop
 endfacet
 facet normal -8.352121e-01  5.499279e-01  0.000000e+00
   outer loop
     vertex  2.046433e-01  4.890198e+01  0.000000e+00
     vertex  2.046433e-01  4.890198e+01  1.060000e+01
     vertex  2.240043e-01  4.893138e+01  1.060000e+01
   endloop
 endfacet
 facet normal -8.352121e-01  5.499279e-01  0.000000e+00
   outer loop
     vertex  2.046433e-01  4.890198e+01  0.000000e+00
     vertex  2.240043e-01  4.893138e+01  1.060000e+01
     vertex  2.240043e-01  4.893138e+01  0.000000e+00
   endloop
 endfacet
 facet normal -8.497975e-01  5.271092e-01  0.000000e+00
   outer loop
     vertex  1.860857e-01  4.887206e+01  0.000000e+00
     vertex  1.860857e-01  4.887206e+01  1.060000e+01
     vertex  2.046433e-01  4.890198e+01  1.060000e+01
   endloop
 endfacet
 facet normal -8.497975e-01  5.271092e-01  0.000000e+00
   outer loop
     vertex  1.860857e-01  4.887206e+01  0.000000e+00
     vertex  2.046433e-01  4.890198e+01  1.060000e+01
     vertex  2.046433e-01  4.890198e+01  0.000000e+00
   endloop
 endfacet
 facet normal -8.637597e-01  5.039039e-01  0.000000e+00
   outer loop
     vertex  1.683450e-01  4.884165e+01  0.000000e+00
     vertex  1.683450e-01  4.884165e+01  1.060000e+01
     vertex  1.860857e-01  4.887206e+01  1.060000e+01
   endloop
 endfacet
 facet normal -8.770884e-01  4.803291e-01  0.000000e+00
   outer loop
     vertex  1.683450e-01  4.884165e+01  0.000000e+00
     vertex  1.514343e-01  4.881077e+01  1.060000e+01
     vertex  1.683450e-01  4.884165e+01  1.060000e+01
   endloop
 endfacet
 facet normal -8.637597e-01  5.039039e-01  0.000000e+00
   outer loop
     vertex  1.683450e-01  4.884165e+01  0.000000e+00
     vertex  1.860857e-01  4.887206e+01  1.060000e+01
     vertex  1.860857e-01  4.887206e+01  0.000000e+00
   endloop
 endfacet
 facet normal -8.770884e-01  4.803291e-01  0.000000e+00
   outer loop
     vertex  1.514343e-01  4.881077e+01  0.000000e+00
     vertex  1.514343e-01  4.881077e+01  1.060000e+01
     vertex  1.683450e-01  4.884165e+01  0.000000e+00
   endloop
 endfacet
 facet normal -8.897737e-01  4.564019e-01  0.000000e+00
   outer loop
     vertex  1.514343e-01  4.881077e+01  0.000000e+00
     vertex  1.353661e-01  4.877945e+01  1.060000e+01
     vertex  1.514343e-01  4.881077e+01  1.060000e+01
   endloop
 endfacet
 facet normal -8.897737e-01  4.564019e-01  0.000000e+00
   outer loop
     vertex  1.353661e-01  4.877945e+01  0.000000e+00
     vertex  1.353661e-01  4.877945e+01  1.060000e+01
     vertex  1.514343e-01  4.881077e+01  0.000000e+00
   endloop
 endfacet
 facet normal -9.018065e-01  4.321400e-01  0.000000e+00
   outer loop
     vertex  1.201520e-01  4.874770e+01  0.000000e+00
     vertex  1.201520e-01  4.874770e+01  1.060000e+01
     vertex  1.353661e-01  4.877945e+01  1.060000e+01
   endloop
 endfacet
 facet normal -9.018065e-01  4.321400e-01  0.000000e+00
   outer loop
     vertex  1.201520e-01  4.874770e+01  0.000000e+00
     vertex  1.353661e-01  4.877945e+01  1.060000e+01
     vertex  1.353661e-01  4.877945e+01  0.000000e+00
   endloop
 endfacet
 facet normal -9.131779e-01  4.075612e-01  0.000000e+00
   outer loop
     vertex  1.058032e-01  4.871555e+01  0.000000e+00
     vertex  1.058032e-01  4.871555e+01  1.060000e+01
     vertex  1.201520e-01  4.874770e+01  1.060000e+01
   endloop
 endfacet
 facet normal -9.238795e-01  3.826834e-01  0.000000e+00
   outer loop
     vertex  1.058032e-01  4.871555e+01  0.000000e+00
     vertex  9.233026e-02  4.868302e+01  1.060000e+01
     vertex  1.058032e-01  4.871555e+01  1.060000e+01
   endloop
 endfacet
 facet normal -9.131779e-01  4.075612e-01  0.000000e+00
   outer loop
     vertex  1.058032e-01  4.871555e+01  0.000000e+00
     vertex  1.201520e-01  4.874770e+01  1.060000e+01
     vertex  1.201520e-01  4.874770e+01  0.000000e+00
   endloop
 endfacet
 facet normal -9.238795e-01  3.826834e-01  0.000000e+00
   outer loop
     vertex  9.233026e-02  4.868302e+01  0.000000e+00
     vertex  9.233026e-02  4.868302e+01  1.060000e+01
     vertex  1.058032e-01  4.871555e+01  0.000000e+00
   endloop
 endfacet
 facet normal -9.339036e-01  3.575250e-01  0.000000e+00
   outer loop
     vertex  7.974309e-02  4.865014e+01  0.000000e+00
     vertex  7.974309e-02  4.865014e+01  1.060000e+01
     vertex  9.233026e-02  4.868302e+01  1.060000e+01
   endloop
 endfacet
 facet normal -9.432426e-01  3.321044e-01  0.000000e+00
   outer loop
     vertex  7.974309e-02  4.865014e+01  0.000000e+00
     vertex  6.805088e-02  4.861693e+01  1.060000e+01
     vertex  7.974309e-02  4.865014e+01  1.060000e+01
   endloop
 endfacet
 facet normal -9.339036e-01  3.575250e-01  0.000000e+00
   outer loop
     vertex  7.974309e-02  4.865014e+01  0.000000e+00
     vertex  9.233026e-02  4.868302e+01  1.060000e+01
     vertex  9.233026e-02  4.868302e+01  0.000000e+00
   endloop
 endfacet
 facet normal -9.432426e-01  3.321044e-01  0.000000e+00
   outer loop
     vertex  6.805088e-02  4.861693e+01  0.000000e+00
     vertex  6.805088e-02  4.861693e+01  1.060000e+01
     vertex  7.974309e-02  4.865014e+01  0.000000e+00
   endloop
 endfacet
 facet normal -9.518899e-01  3.064401e-01  0.000000e+00
   outer loop
     vertex  6.805088e-02  4.861693e+01  0.000000e+00
     vertex  5.726221e-02  4.858342e+01  1.060000e+01
     vertex  6.805088e-02  4.861693e+01  1.060000e+01
   endloop
 endfacet
 facet normal -9.518899e-01  3.064401e-01  0.000000e+00
   outer loop
     vertex  5.726221e-02  4.858342e+01  0.000000e+00
     vertex  5.726221e-02  4.858342e+01  1.060000e+01
     vertex  6.805088e-02  4.861693e+01  0.000000e+00
   endloop
 endfacet
 facet normal -9.598391e-01  2.805512e-01  0.000000e+00
   outer loop
     vertex  4.738501e-02  4.854963e+01  0.000000e+00
     vertex  5.726221e-02  4.858342e+01  1.060000e+01
     vertex  5.726221e-02  4.858342e+01  0.000000e+00
   endloop
 endfacet
 facet normal -9.598391e-01  2.805512e-01  0.000000e+00
   outer loop
     vertex  4.738501e-02  4.854963e+01  0.000000e+00
     vertex  4.738501e-02  4.854963e+01  1.060000e+01
     vertex  5.726221e-02  4.858342e+01  1.060000e+01
   endloop
 endfacet
 facet normal -9.670842e-01  2.544564e-01  0.000000e+00
   outer loop
     vertex  3.842651e-02  4.851558e+01  0.000000e+00
     vertex  4.738501e-02  4.854963e+01  1.060000e+01
     vertex  4.738501e-02  4.854963e+01  0.000000e+00
   endloop
 endfacet
 facet normal -9.670842e-01  2.544564e-01  0.000000e+00
   outer loop
     vertex  3.842651e-02  4.851558e+01  0.000000e+00
     vertex  3.842651e-02  4.851558e+01  1.060000e+01
     vertex  4.738501e-02  4.854963e+01  1.060000e+01
   endloop
 endfacet
 facet normal -9.736201e-01  2.281751e-01  0.000000e+00
   outer loop
     vertex  3.039328e-02  4.848130e+01  0.000000e+00
     vertex  3.842651e-02  4.851558e+01  1.060000e+01
     vertex  3.842651e-02  4.851558e+01  0.000000e+00
   endloop
 endfacet
 facet normal -9.736201e-01  2.281751e-01  0.000000e+00
   outer loop
     vertex  3.039328e-02  4.848130e+01  0.000000e+00
     vertex  3.039328e-02  4.848130e+01  1.060000e+01
     vertex  3.842651e-02  4.851558e+01  1.060000e+01
   endloop
 endfacet
 facet normal -9.794419e-01  2.017264e-01  0.000000e+00
   outer loop
     vertex  2.329121e-02  4.844682e+01  0.000000e+00
     vertex  3.039328e-02  4.848130e+01  1.060000e+01
     vertex  3.039328e-02  4.848130e+01  0.000000e+00
   endloop
 endfacet
 facet normal -9.794419e-01  2.017264e-01  0.000000e+00
   outer loop
     vertex  2.329121e-02  4.844682e+01  0.000000e+00
     vertex  2.329121e-02  4.844682e+01  1.060000e+01
     vertex  3.039328e-02  4.848130e+01  1.060000e+01
   endloop
 endfacet
 facet normal -9.845454e-01  1.751297e-01  0.000000e+00
   outer loop
     vertex  1.712552e-02  4.841216e+01  0.000000e+00
     vertex  2.329121e-02  4.844682e+01  1.060000e+01
     vertex  2.329121e-02  4.844682e+01  0.000000e+00
   endloop
 endfacet
 facet normal -9.845454e-01  1.751297e-01  0.000000e+00
   outer loop
     vertex  1.712552e-02  4.841216e+01  0.000000e+00
     vertex  1.712552e-02  4.841216e+01  1.060000e+01
     vertex  2.329121e-02  4.844682e+01  1.060000e+01
   endloop
 endfacet
 facet normal -9.889267e-01  1.484046e-01  0.000000e+00
   outer loop
     vertex  1.190072e-02  4.837734e+01  0.000000e+00
     vertex  1.712552e-02  4.841216e+01  1.060000e+01
     vertex  1.712552e-02  4.841216e+01  0.000000e+00
   endloop
 endfacet
 facet normal -9.889267e-01  1.484046e-01  0.000000e+00
   outer loop
     vertex  1.190072e-02  4.837734e+01  0.000000e+00
     vertex  1.190072e-02  4.837734e+01  1.060000e+01
     vertex  1.712552e-02  4.841216e+01  1.060000e+01
   endloop
 endfacet
 facet normal -9.925828e-01  1.215707e-01  0.000000e+00
   outer loop
     vertex  1.190072e-02  4.837734e+01  0.000000e+00
     vertex  7.620656e-03  4.834239e+01  1.060000e+01
     vertex  1.190072e-02  4.837734e+01  1.060000e+01
   endloop
 endfacet
 facet normal -9.925828e-01  1.215707e-01  0.000000e+00
   outer loop
     vertex  7.620656e-03  4.834239e+01  0.000000e+00
     vertex  7.620656e-03  4.834239e+01  1.060000e+01
     vertex  1.190072e-02  4.837734e+01  0.000000e+00
   endloop
 endfacet
 facet normal -9.955108e-01  9.464755e-02  0.000000e+00
   outer loop
     vertex  7.620656e-03  4.834239e+01  0.000000e+00
     vertex  4.288454e-03  4.830735e+01  1.060000e+01
     vertex  7.620656e-03  4.834239e+01  1.060000e+01
   endloop
 endfacet
 facet normal -9.955108e-01  9.464755e-02  0.000000e+00
   outer loop
     vertex  4.288454e-03  4.830735e+01  0.000000e+00
     vertex  4.288454e-03  4.830735e+01  1.060000e+01
     vertex  7.620656e-03  4.834239e+01  0.000000e+00
   endloop
 endfacet
 facet normal -9.977088e-01  6.765502e-02  0.000000e+00
   outer loop
     vertex  1.906562e-03  4.827222e+01  0.000000e+00
     vertex  4.288454e-03  4.830735e+01  1.060000e+01
     vertex  4.288454e-03  4.830735e+01  0.000000e+00
   endloop
 endfacet
 facet normal -9.977088e-01  6.765502e-02  0.000000e+00
   outer loop
     vertex  1.906562e-03  4.827222e+01  0.000000e+00
     vertex  1.906562e-03  4.827222e+01  1.060000e+01
     vertex  4.288454e-03  4.830735e+01  1.060000e+01
   endloop
 endfacet
 facet normal -9.991750e-01  4.061287e-02  0.000000e+00
   outer loop
     vertex  1.906562e-03  4.827222e+01  0.000000e+00
     vertex  4.767279e-04  4.823704e+01  1.060000e+01
     vertex  1.906562e-03  4.827222e+01  1.060000e+01
   endloop
 endfacet
 facet normal -9.991750e-01  4.061287e-02  0.000000e+00
   outer loop
     vertex  4.767279e-04  4.823704e+01  0.000000e+00
     vertex  4.767279e-04  4.823704e+01  1.060000e+01
     vertex  1.906562e-03  4.827222e+01  0.000000e+00
   endloop
 endfacet
 facet normal -9.999083e-01  1.354093e-02  0.000000e+00
   outer loop
     vertex  7.771561e-16  4.820184e+01  0.000000e+00
     vertex  4.767279e-04  4.823704e+01  1.060000e+01
     vertex  4.767279e-04  4.823704e+01  0.000000e+00
   endloop
 endfacet
 facet normal -9.999083e-01  1.354093e-02  0.000000e+00
   outer loop
     vertex  7.771561e-16  4.820184e+01  0.000000e+00
     vertex  7.771561e-16  4.820184e+01  1.060000e+01
     vertex  4.767279e-04  4.823704e+01  1.060000e+01
   endloop
 endfacet
 facet normal  4.254747e-16  1.000000e+00  0.000000e+00
   outer loop
     vertex  1.334000e+02  4.950184e+01  7.500000e+00
     vertex  1.501000e+02  4.950184e+01  1.060000e+01
     vertex  1.501000e+02  4.950184e+01  0.000000e+00
   endloop
 endfacet
 facet normal  4.254747e-16  1.000000e+00 -0.000000e+00
   outer loop
     vertex  1.334000e+02  4.950184e+01  0.000000e+00
     vertex  1.334000e+02  4.950184e+01  7.500000e+00
     vertex  1.501000e+02  4.950184e+01  0.000000e+00
   endloop
 endfacet
 facet normal  0.000000e+00  1.000000e+00  0.000000e+00
   outer loop
     vertex  1.300000e+00  4.950184e+01  1.060000e+01
     vertex  1.334000e+02  4.950184e+01  7.500000e+00
     vertex  1.800000e+01  4.950184e+01  7.500000e+00
   endloop
 endfacet
 facet normal  4.775153e-17  1.000000e+00  2.034831e-15
   outer loop
     vertex  1.300000e+00  4.950184e+01  1.060000e+01
     vertex  1.501000e+02  4.950184e+01  1.060000e+01
     vertex  1.334000e+02  4.950184e+01  7.500000e+00
   endloop
 endfacet
 facet normal -0.000000e+00  1.000000e+00  0.000000e+00
   outer loop
     vertex  1.300000e+00  4.950184e+01  0.000000e+00
     vertex  1.800000e+01  4.950184e+01  7.500000e+00
     vertex  1.800000e+01  4.950184e+01 -0.000000e+00
   endloop
 endfacet
 facet normal  0.000000e+00  1.000000e+00  0.000000e+00
   outer loop
     vertex  1.300000e+00  4.950184e+01  0.000000e+00
     vertex  1.300000e+00  4.950184e+01  1.060000e+01
     vertex  1.800000e+01  4.950184e+01  7.500000e+00
   endloop
 endfacet
 facet normal  9.999083e-01  1.354093e-02  0.000000e+00
   outer loop
     vertex  1.513995e+02  4.823704e+01  0.000000e+00
     vertex  1.514000e+02  4.820184e+01  1.060000e+01
     vertex  1.514000e+02  4.820184e+01  0.000000e+00
   endloop
 endfacet
 facet normal  9.999083e-01  1.354093e-02 -0.000000e+00
   outer loop
     vertex  1.513995e+02  4.823704e+01  0.000000e+00
     vertex  1.513995e+02  4.823704e+01  1.060000e+01
     vertex  1.514000e+02  4.820184e+01  1.060000e+01
   endloop
 endfacet
 facet normal  9.991750e-01  4.061287e-02 -0.000000e+00
   outer loop
     vertex  1.513981e+02  4.827222e+01  0.000000e+00
     vertex  1.513981e+02  4.827222e+01  1.060000e+01
     vertex  1.513995e+02  4.823704e+01  1.060000e+01
   endloop
 endfacet
 facet normal  9.977088e-01  6.765502e-02 -0.000000e+00
   outer loop
     vertex  1.513981e+02  4.827222e+01  0.000000e+00
     vertex  1.513957e+02  4.830735e+01  1.060000e+01
     vertex  1.513981e+02  4.827222e+01  1.060000e+01
   endloop
 endfacet
 facet normal  9.991750e-01  4.061287e-02  0.000000e+00
   outer loop
     vertex  1.513981e+02  4.827222e+01  0.000000e+00
     vertex  1.513995e+02  4.823704e+01  1.060000e+01
     vertex  1.513995e+02  4.823704e+01  0.000000e+00
   endloop
 endfacet
 facet normal  9.977088e-01  6.765502e-02 -0.000000e+00
   outer loop
     vertex  1.513957e+02  4.830735e+01  0.000000e+00
     vertex  1.513957e+02  4.830735e+01  1.060000e+01
     vertex  1.513981e+02  4.827222e+01  0.000000e+00
   endloop
 endfacet
 facet normal  9.955108e-01  9.464755e-02 -0.000000e+00
   outer loop
     vertex  1.513924e+02  4.834239e+01  0.000000e+00
     vertex  1.513924e+02  4.834239e+01  1.060000e+01
     vertex  1.513957e+02  4.830735e+01  1.060000e+01
   endloop
 endfacet
 facet normal  9.925828e-01  1.215707e-01 -0.000000e+00
   outer loop
     vertex  1.513924e+02  4.834239e+01  0.000000e+00
     vertex  1.513881e+02  4.837734e+01  1.060000e+01
     vertex  1.513924e+02  4.834239e+01  1.060000e+01
   endloop
 endfacet
 facet normal  9.955108e-01  9.464755e-02  0.000000e+00
   outer loop
     vertex  1.513924e+02  4.834239e+01  0.000000e+00
     vertex  1.513957e+02  4.830735e+01  1.060000e+01
     vertex  1.513957e+02  4.830735e+01  0.000000e+00
   endloop
 endfacet
 facet normal  9.889267e-01  1.484046e-01 -0.000000e+00
   outer loop
     vertex  1.513881e+02  4.837734e+01  0.000000e+00
     vertex  1.513829e+02  4.841216e+01  1.060000e+01
     vertex  1.513881e+02  4.837734e+01  1.060000e+01
   endloop
 endfacet
 facet normal  9.925828e-01  1.215707e-01 -0.000000e+00
   outer loop
     vertex  1.513881e+02  4.837734e+01  0.000000e+00
     vertex  1.513881e+02  4.837734e+01  1.060000e+01
     vertex  1.513924e+02  4.834239e+01  0.000000e+00
   endloop
 endfacet
 facet normal  9.889267e-01  1.484046e-01 -0.000000e+00
   outer loop
     vertex  1.513829e+02  4.841216e+01  0.000000e+00
     vertex  1.513829e+02  4.841216e+01  1.060000e+01
     vertex  1.513881e+02  4.837734e+01  0.000000e+00
   endloop
 endfacet
 facet normal  9.845454e-01  1.751297e-01 -0.000000e+00
   outer loop
     vertex  1.513767e+02  4.844682e+01  0.000000e+00
     vertex  1.513767e+02  4.844682e+01  1.060000e+01
     vertex  1.513829e+02  4.841216e+01  1.060000e+01
   endloop
 endfacet
 facet normal  9.845454e-01  1.751297e-01  0.000000e+00
   outer loop
     vertex  1.513767e+02  4.844682e+01  0.000000e+00
     vertex  1.513829e+02  4.841216e+01  1.060000e+01
     vertex  1.513829e+02  4.841216e+01  0.000000e+00
   endloop
 endfacet
 facet normal  9.794419e-01  2.017264e-01 -0.000000e+00
   outer loop
     vertex  1.513696e+02  4.848130e+01  0.000000e+00
     vertex  1.513696e+02  4.848130e+01  1.060000e+01
     vertex  1.513767e+02  4.844682e+01  1.060000e+01
   endloop
 endfacet
 facet normal  9.736201e-01  2.281751e-01 -0.000000e+00
   outer loop
     vertex  1.513696e+02  4.848130e+01  0.000000e+00
     vertex  1.513616e+02  4.851558e+01  1.060000e+01
     vertex  1.513696e+02  4.848130e+01  1.060000e+01
   endloop
 endfacet
 facet normal  9.794419e-01  2.017264e-01  0.000000e+00
   outer loop
     vertex  1.513696e+02  4.848130e+01  0.000000e+00
     vertex  1.513767e+02  4.844682e+01  1.060000e+01
     vertex  1.513767e+02  4.844682e+01  0.000000e+00
   endloop
 endfacet
 facet normal  9.736201e-01  2.281751e-01 -0.000000e+00
   outer loop
     vertex  1.513616e+02  4.851558e+01  0.000000e+00
     vertex  1.513616e+02  4.851558e+01  1.060000e+01
     vertex  1.513696e+02  4.848130e+01  0.000000e+00
   endloop
 endfacet
 facet normal  9.670842e-01  2.544564e-01 -0.000000e+00
   outer loop
     vertex  1.513526e+02  4.854963e+01  0.000000e+00
     vertex  1.513526e+02  4.854963e+01  1.060000e+01
     vertex  1.513616e+02  4.851558e+01  1.060000e+01
   endloop
 endfacet
 facet normal  9.670842e-01  2.544564e-01  0.000000e+00
   outer loop
     vertex  1.513526e+02  4.854963e+01  0.000000e+00
     vertex  1.513616e+02  4.851558e+01  1.060000e+01
     vertex  1.513616e+02  4.851558e+01  0.000000e+00
   endloop
 endfacet
 facet normal  9.598391e-01  2.805512e-01 -0.000000e+00
   outer loop
     vertex  1.513427e+02  4.858342e+01  0.000000e+00
     vertex  1.513427e+02  4.858342e+01  1.060000e+01
     vertex  1.513526e+02  4.854963e+01  1.060000e+01
   endloop
 endfacet
 facet normal  9.518899e-01  3.064401e-01 -0.000000e+00
   outer loop
     vertex  1.513427e+02  4.858342e+01  0.000000e+00
     vertex  1.513319e+02  4.861693e+01  1.060000e+01
     vertex  1.513427e+02  4.858342e+01  1.060000e+01
   endloop
 endfacet
 facet normal  9.598391e-01  2.805512e-01  0.000000e+00
   outer loop
     vertex  1.513427e+02  4.858342e+01  0.000000e+00
     vertex  1.513526e+02  4.854963e+01  1.060000e+01
     vertex  1.513526e+02  4.854963e+01  0.000000e+00
   endloop
 endfacet
 facet normal  9.518899e-01  3.064401e-01 -0.000000e+00
   outer loop
     vertex  1.513319e+02  4.861693e+01  0.000000e+00
     vertex  1.513319e+02  4.861693e+01  1.060000e+01
     vertex  1.513427e+02  4.858342e+01  0.000000e+00
   endloop
 endfacet
 facet normal  9.432426e-01  3.321044e-01 -0.000000e+00
   outer loop
     vertex  1.513203e+02  4.865014e+01  0.000000e+00
     vertex  1.513203e+02  4.865014e+01  1.060000e+01
     vertex  1.513319e+02  4.861693e+01  1.060000e+01
   endloop
 endfacet
 facet normal  9.339036e-01  3.575250e-01 -0.000000e+00
   outer loop
     vertex  1.513203e+02  4.865014e+01  0.000000e+00
     vertex  1.513077e+02  4.868302e+01  1.060000e+01
     vertex  1.513203e+02  4.865014e+01  1.060000e+01
   endloop
 endfacet
 facet normal  9.432426e-01  3.321044e-01  0.000000e+00
   outer loop
     vertex  1.513203e+02  4.865014e+01  0.000000e+00
     vertex  1.513319e+02  4.861693e+01  1.060000e+01
     vertex  1.513319e+02  4.861693e+01  0.000000e+00
   endloop
 endfacet
 facet normal  9.339036e-01  3.575250e-01 -0.000000e+00
   outer loop
     vertex  1.513077e+02  4.868302e+01  0.000000e+00
     vertex  1.513077e+02  4.868302e+01  1.060000e+01
     vertex  1.513203e+02  4.865014e+01  0.000000e+00
   endloop
 endfacet
 facet normal  9.238795e-01  3.826834e-01 -0.000000e+00
   outer loop
     vertex  1.512942e+02  4.871555e+01  0.000000e+00
     vertex  1.512942e+02  4.871555e+01  1.060000e+01
     vertex  1.513077e+02  4.868302e+01  1.060000e+01
   endloop
 endfacet
 facet normal  9.131779e-01  4.075612e-01 -0.000000e+00
   outer loop
     vertex  1.512942e+02  4.871555e+01  0.000000e+00
     vertex  1.512798e+02  4.874770e+01  1.060000e+01
     vertex  1.512942e+02  4.871555e+01  1.060000e+01
   endloop
 endfacet
 facet normal  9.238795e-01  3.826834e-01  0.000000e+00
   outer loop
     vertex  1.512942e+02  4.871555e+01  0.000000e+00
     vertex  1.513077e+02  4.868302e+01  1.060000e+01
     vertex  1.513077e+02  4.868302e+01  0.000000e+00
   endloop
 endfacet
 facet normal  9.018065e-01  4.321400e-01 -0.000000e+00
   outer loop
     vertex  1.512798e+02  4.874770e+01  0.000000e+00
     vertex  1.512646e+02  4.877945e+01  1.060000e+01
     vertex  1.512798e+02  4.874770e+01  1.060000e+01
   endloop
 endfacet
 facet normal  9.131779e-01  4.075612e-01 -0.000000e+00
   outer loop
     vertex  1.512798e+02  4.874770e+01  0.000000e+00
     vertex  1.512798e+02  4.874770e+01  1.060000e+01
     vertex  1.512942e+02  4.871555e+01  0.000000e+00
   endloop
 endfacet
 facet normal  9.018065e-01  4.321400e-01 -0.000000e+00
   outer loop
     vertex  1.512646e+02  4.877945e+01  0.000000e+00
     vertex  1.512646e+02  4.877945e+01  1.060000e+01
     vertex  1.512798e+02  4.874770e+01  0.000000e+00
   endloop
 endfacet
 facet normal  8.897737e-01  4.564019e-01 -0.000000e+00
   outer loop
     vertex  1.512486e+02  4.881077e+01  0.000000e+00
     vertex  1.512486e+02  4.881077e+01  1.060000e+01
     vertex  1.512646e+02  4.877945e+01  1.060000e+01
   endloop
 endfacet
 facet normal  8.897737e-01  4.564019e-01  0.000000e+00
   outer loop
     vertex  1.512486e+02  4.881077e+01  0.000000e+00
     vertex  1.512646e+02  4.877945e+01  1.060000e+01
     vertex  1.512646e+02  4.877945e+01  0.000000e+00
   endloop
 endfacet
 facet normal  8.770884e-01  4.803291e-01 -0.000000e+00
   outer loop
     vertex  1.512317e+02  4.884165e+01  0.000000e+00
     vertex  1.512317e+02  4.884165e+01  1.060000e+01
     vertex  1.512486e+02  4.881077e+01  1.060000e+01
   endloop
 endfacet
 facet normal  8.770884e-01  4.803291e-01  0.000000e+00
   outer loop
     vertex  1.512317e+02  4.884165e+01  0.000000e+00
     vertex  1.512486e+02  4.881077e+01  1.060000e+01
     vertex  1.512486e+02  4.881077e+01  0.000000e+00
   endloop
 endfacet
 facet normal  8.637597e-01  5.039039e-01 -0.000000e+00
   outer loop
     vertex  1.512139e+02  4.887206e+01  0.000000e+00
     vertex  1.512139e+02  4.887206e+01  1.060000e+01
     vertex  1.512317e+02  4.884165e+01  1.060000e+01
   endloop
 endfacet
 facet normal  8.637597e-01  5.039039e-01  0.000000e+00
   outer loop
     vertex  1.512139e+02  4.887206e+01  0.000000e+00
     vertex  1.512317e+02  4.884165e+01  1.060000e+01
     vertex  1.512317e+02  4.884165e+01  0.000000e+00
   endloop
 endfacet
 facet normal  8.497975e-01  5.271092e-01  0.000000e+00
   outer loop
     vertex  1.511954e+02  4.890198e+01  0.000000e+00
     vertex  1.512139e+02  4.887206e+01  1.060000e+01
     vertex  1.512139e+02  4.887206e+01  0.000000e+00
   endloop
 endfacet
 facet normal  8.497975e-01  5.271092e-01 -0.000000e+00
   outer loop
     vertex  1.511954e+02  4.890198e+01  0.000000e+00
     vertex  1.511954e+02  4.890198e+01  1.060000e+01
     vertex  1.512139e+02  4.887206e+01  1.060000e+01
   endloop
 endfacet
 facet normal  8.352121e-01  5.499279e-01  0.000000e+00
   outer loop
     vertex  1.511760e+02  4.893138e+01  0.000000e+00
     vertex  1.511954e+02  4.890198e+01  1.060000e+01
     vertex  1.511954e+02  4.890198e+01  0.000000e+00
   endloop
 endfacet
 facet normal  8.352121e-01  5.499279e-01 -0.000000e+00
   outer loop
     vertex  1.511760e+02  4.893138e+01  0.000000e+00
     vertex  1.511760e+02  4.893138e+01  1.060000e+01
     vertex  1.511954e+02  4.890198e+01  1.060000e+01
   endloop
 endfacet
 facet normal  8.200141e-01  5.723433e-01  0.000000e+00
   outer loop
     vertex  1.511558e+02  4.896025e+01  0.000000e+00
     vertex  1.511760e+02  4.893138e+01  1.060000e+01
     vertex  1.511760e+02  4.893138e+01  0.000000e+00
   endloop
 endfacet
 facet normal  8.200141e-01  5.723433e-01 -0.000000e+00
   outer loop
     vertex  1.511558e+02  4.896025e+01  0.000000e+00
     vertex  1.511558e+02  4.896025e+01  1.060000e+01
     vertex  1.511760e+02  4.893138e+01  1.060000e+01
   endloop
 endfacet
 facet normal  8.042147e-01  5.943389e-01  0.000000e+00
   outer loop
     vertex  1.511349e+02  4.898857e+01  0.000000e+00
     vertex  1.511558e+02  4.896025e+01  1.060000e+01
     vertex  1.511558e+02  4.896025e+01  0.000000e+00
   endloop
 endfacet
 facet normal  8.042147e-01  5.943389e-01 -0.000000e+00
   outer loop
     vertex  1.511349e+02  4.898857e+01  0.000000e+00
     vertex  1.511349e+02  4.898857e+01  1.060000e+01
     vertex  1.511558e+02  4.896025e+01  1.060000e+01
   endloop
 endfacet
 facet normal  7.878255e-01  6.158986e-01  0.000000e+00
   outer loop
     vertex  1.511132e+02  4.901630e+01  0.000000e+00
     vertex  1.511349e+02  4.898857e+01  1.060000e+01
     vertex  1.511349e+02  4.898857e+01  0.000000e+00
   endloop
 endfacet
 facet normal  7.878255e-01  6.158986e-01 -0.000000e+00
   outer loop
     vertex  1.511132e+02  4.901630e+01  0.000000e+00
     vertex  1.511132e+02  4.901630e+01  1.060000e+01
     vertex  1.511349e+02  4.898857e+01  1.060000e+01
   endloop
 endfacet
 facet normal  7.708584e-01  6.370065e-01 -0.000000e+00
   outer loop
     vertex  1.510908e+02  4.904344e+01  0.000000e+00
     vertex  1.510908e+02  4.904344e+01  1.060000e+01
     vertex  1.511132e+02  4.901630e+01  1.060000e+01
   endloop
 endfacet
 facet normal  7.708584e-01  6.370065e-01  0.000000e+00
   outer loop
     vertex  1.510908e+02  4.904344e+01  0.000000e+00
     vertex  1.511132e+02  4.901630e+01  1.060000e+01
     vertex  1.511132e+02  4.901630e+01  0.000000e+00
   endloop
 endfacet
 facet normal  7.533260e-01  6.576473e-01 -0.000000e+00
   outer loop
     vertex  1.510677e+02  4.906996e+01  0.000000e+00
     vertex  1.510677e+02  4.906996e+01  1.060000e+01
     vertex  1.510908e+02  4.904344e+01  1.060000e+01
   endloop
 endfacet
 facet normal  7.533260e-01  6.576473e-01  0.000000e+00
   outer loop
     vertex  1.510677e+02  4.906996e+01  0.000000e+00
     vertex  1.510908e+02  4.904344e+01  1.060000e+01
     vertex  1.510908e+02  4.904344e+01  0.000000e+00
   endloop
 endfacet
 facet normal  7.352410e-01  6.778058e-01 -0.000000e+00
   outer loop
     vertex  1.510438e+02  4.909585e+01  0.000000e+00
     vertex  1.510438e+02  4.909585e+01  1.060000e+01
     vertex  1.510677e+02  4.906996e+01  1.060000e+01
   endloop
 endfacet
 facet normal  7.352410e-01  6.778058e-01  0.000000e+00
   outer loop
     vertex  1.510438e+02  4.909585e+01  0.000000e+00
     vertex  1.510677e+02  4.906996e+01  1.060000e+01
     vertex  1.510677e+02  4.906996e+01  0.000000e+00
   endloop
 endfacet
 facet normal  7.166168e-01  6.974671e-01 -0.000000e+00
   outer loop
     vertex  1.510192e+02  4.912108e+01  0.000000e+00
     vertex  1.510192e+02  4.912108e+01  1.060000e+01
     vertex  1.510438e+02  4.909585e+01  1.060000e+01
   endloop
 endfacet
 facet normal  7.166168e-01  6.974671e-01  0.000000e+00
   outer loop
     vertex  1.510192e+02  4.912108e+01  0.000000e+00
     vertex  1.510438e+02  4.909585e+01  1.060000e+01
     vertex  1.510438e+02  4.909585e+01  0.000000e+00
   endloop
 endfacet
 facet normal  6.974671e-01  7.166168e-01 -0.000000e+00
   outer loop
     vertex  1.509940e+02  4.914563e+01  0.000000e+00
     vertex  1.509940e+02  4.914563e+01  1.060000e+01
     vertex  1.510192e+02  4.912108e+01  1.060000e+01
   endloop
 endfacet
 facet normal  6.974671e-01  7.166168e-01  0.000000e+00
   outer loop
     vertex  1.509940e+02  4.914563e+01  0.000000e+00
     vertex  1.510192e+02  4.912108e+01  1.060000e+01
     vertex  1.510192e+02  4.912108e+01  0.000000e+00
   endloop
 endfacet
 facet normal  6.778058e-01  7.352410e-01 -0.000000e+00
   outer loop
     vertex  1.509681e+02  4.916950e+01  0.000000e+00
     vertex  1.509681e+02  4.916950e+01  1.060000e+01
     vertex  1.509940e+02  4.914563e+01  1.060000e+01
   endloop
 endfacet
 facet normal  6.778058e-01  7.352410e-01  0.000000e+00
   outer loop
     vertex  1.509681e+02  4.916950e+01  0.000000e+00
     vertex  1.509940e+02  4.914563e+01  1.060000e+01
     vertex  1.509940e+02  4.914563e+01  0.000000e+00
   endloop
 endfacet
 facet normal  6.576473e-01  7.533260e-01 -0.000000e+00
   outer loop
     vertex  1.509416e+02  4.919265e+01  0.000000e+00
     vertex  1.509416e+02  4.919265e+01  1.060000e+01
     vertex  1.509681e+02  4.916950e+01  1.060000e+01
   endloop
 endfacet
 facet normal  6.576473e-01  7.533260e-01  0.000000e+00
   outer loop
     vertex  1.509416e+02  4.919265e+01  0.000000e+00
     vertex  1.509681e+02  4.916950e+01  1.060000e+01
     vertex  1.509681e+02  4.916950e+01  0.000000e+00
   endloop
 endfacet
 facet normal  6.370065e-01  7.708584e-01 -0.000000e+00
   outer loop
     vertex  1.509145e+02  4.921508e+01  0.000000e+00
     vertex  1.509145e+02  4.921508e+01  1.060000e+01
     vertex  1.509416e+02  4.919265e+01  1.060000e+01
   endloop
 endfacet
 facet normal  6.370065e-01  7.708584e-01  0.000000e+00
   outer loop
     vertex  1.509145e+02  4.921508e+01  0.000000e+00
     vertex  1.509416e+02  4.919265e+01  1.060000e+01
     vertex  1.509416e+02  4.919265e+01  0.000000e+00
   endloop
 endfacet
 facet normal  6.158986e-01  7.878255e-01 -0.000000e+00
   outer loop
     vertex  1.508867e+02  4.923676e+01  0.000000e+00
     vertex  1.508867e+02  4.923676e+01  1.060000e+01
     vertex  1.509145e+02  4.921508e+01  1.060000e+01
   endloop
 endfacet
 facet normal  6.158986e-01  7.878255e-01  0.000000e+00
   outer loop
     vertex  1.508867e+02  4.923676e+01  0.000000e+00
     vertex  1.509145e+02  4.921508e+01  1.060000e+01
     vertex  1.509145e+02  4.921508e+01  0.000000e+00
   endloop
 endfacet
 facet normal  5.943389e-01  8.042147e-01 -0.000000e+00
   outer loop
     vertex  1.508584e+02  4.925769e+01  0.000000e+00
     vertex  1.508584e+02  4.925769e+01  1.060000e+01
     vertex  1.508867e+02  4.923676e+01  1.060000e+01
   endloop
 endfacet
 facet normal  5.943389e-01  8.042147e-01  0.000000e+00
   outer loop
     vertex  1.508584e+02  4.925769e+01  0.000000e+00
     vertex  1.508867e+02  4.923676e+01  1.060000e+01
     vertex  1.508867e+02  4.923676e+01  0.000000e+00
   endloop
 endfacet
 facet normal  5.723433e-01  8.200141e-01 -0.000000e+00
   outer loop
     vertex  1.508295e+02  4.927784e+01  0.000000e+00
     vertex  1.508295e+02  4.927784e+01  1.060000e+01
     vertex  1.508584e+02  4.925769e+01  1.060000e+01
   endloop
 endfacet
 facet normal  5.723433e-01  8.200141e-01  0.000000e+00
   outer loop
     vertex  1.508295e+02  4.927784e+01  0.000000e+00
     vertex  1.508584e+02  4.925769e+01  1.060000e+01
     vertex  1.508584e+02  4.925769e+01  0.000000e+00
   endloop
 endfacet
 facet normal  5.499279e-01  8.352121e-01 -0.000000e+00
   outer loop
     vertex  1.508001e+02  4.929720e+01  0.000000e+00
     vertex  1.508001e+02  4.929720e+01  1.060000e+01
     vertex  1.508295e+02  4.927784e+01  1.060000e+01
   endloop
 endfacet
 facet normal  5.271092e-01  8.497975e-01 -0.000000e+00
   outer loop
     vertex  1.508001e+02  4.929720e+01  0.000000e+00
     vertex  1.507702e+02  4.931575e+01  1.060000e+01
     vertex  1.508001e+02  4.929720e+01  1.060000e+01
   endloop
 endfacet
 facet normal  5.499279e-01  8.352121e-01  0.000000e+00
   outer loop
     vertex  1.508001e+02  4.929720e+01  0.000000e+00
     vertex  1.508295e+02  4.927784e+01  1.060000e+01
     vertex  1.508295e+02  4.927784e+01  0.000000e+00
   endloop
 endfacet
 facet normal  5.271092e-01  8.497975e-01 -0.000000e+00
   outer loop
     vertex  1.507702e+02  4.931575e+01  0.000000e+00
     vertex  1.507702e+02  4.931575e+01  1.060000e+01
     vertex  1.508001e+02  4.929720e+01  0.000000e+00
   endloop
 endfacet
 facet normal  5.039039e-01  8.637597e-01 -0.000000e+00
   outer loop
     vertex  1.507398e+02  4.933349e+01  0.000000e+00
     vertex  1.507398e+02  4.933349e+01  1.060000e+01
     vertex  1.507702e+02  4.931575e+01  1.060000e+01
   endloop
 endfacet
 facet normal  5.039039e-01  8.637597e-01  0.000000e+00
   outer loop
     vertex  1.507398e+02  4.933349e+01  0.000000e+00
     vertex  1.507702e+02  4.931575e+01  1.060000e+01
     vertex  1.507702e+02  4.931575e+01  0.000000e+00
   endloop
 endfacet
 facet normal  4.803291e-01  8.770884e-01 -0.000000e+00
   outer loop
     vertex  1.507089e+02  4.935041e+01  0.000000e+00
     vertex  1.507089e+02  4.935041e+01  1.060000e+01
     vertex  1.507398e+02  4.933349e+01  1.060000e+01
   endloop
 endfacet
 facet normal  4.803291e-01  8.770884e-01  0.000000e+00
   outer loop
     vertex  1.507089e+02  4.935041e+01  0.000000e+00
     vertex  1.507398e+02  4.933349e+01  1.060000e+01
     vertex  1.507398e+02  4.933349e+01  0.000000e+00
   endloop
 endfacet
 facet normal  4.564019e-01  8.897737e-01 -0.000000e+00
   outer loop
     vertex  1.506776e+02  4.936647e+01  0.000000e+00
     vertex  1.506776e+02  4.936647e+01  1.060000e+01
     vertex  1.507089e+02  4.935041e+01  1.060000e+01
   endloop
 endfacet
 facet normal  4.564019e-01  8.897737e-01  0.000000e+00
   outer loop
     vertex  1.506776e+02  4.936647e+01  0.000000e+00
     vertex  1.507089e+02  4.935041e+01  1.060000e+01
     vertex  1.507089e+02  4.935041e+01  0.000000e+00
   endloop
 endfacet
 facet normal  4.321400e-01  9.018065e-01 -0.000000e+00
   outer loop
     vertex  1.506459e+02  4.938169e+01  0.000000e+00
     vertex  1.506459e+02  4.938169e+01  1.060000e+01
     vertex  1.506776e+02  4.936647e+01  1.060000e+01
   endloop
 endfacet
 facet normal  4.321400e-01  9.018065e-01  0.000000e+00
   outer loop
     vertex  1.506459e+02  4.938169e+01  0.000000e+00
     vertex  1.506776e+02  4.936647e+01  1.060000e+01
     vertex  1.506776e+02  4.936647e+01  0.000000e+00
   endloop
 endfacet
 facet normal  4.075612e-01  9.131779e-01 -0.000000e+00
   outer loop
     vertex  1.506137e+02  4.939604e+01  0.000000e+00
     vertex  1.506137e+02  4.939604e+01  1.060000e+01
     vertex  1.506459e+02  4.938169e+01  1.060000e+01
   endloop
 endfacet
 facet normal  3.826834e-01  9.238795e-01 -0.000000e+00
   outer loop
     vertex  1.506137e+02  4.939604e+01  0.000000e+00
     vertex  1.505812e+02  4.940951e+01  1.060000e+01
     vertex  1.506137e+02  4.939604e+01  1.060000e+01
   endloop
 endfacet
 facet normal  4.075612e-01  9.131779e-01  0.000000e+00
   outer loop
     vertex  1.506137e+02  4.939604e+01  0.000000e+00
     vertex  1.506459e+02  4.938169e+01  1.060000e+01
     vertex  1.506459e+02  4.938169e+01  0.000000e+00
   endloop
 endfacet
 facet normal  3.826834e-01  9.238795e-01 -0.000000e+00
   outer loop
     vertex  1.505812e+02  4.940951e+01  0.000000e+00
     vertex  1.505812e+02  4.940951e+01  1.060000e+01
     vertex  1.506137e+02  4.939604e+01  0.000000e+00
   endloop
 endfacet
 facet normal  3.575250e-01  9.339036e-01 -0.000000e+00
   outer loop
     vertex  1.505483e+02  4.942210e+01  0.000000e+00
     vertex  1.505483e+02  4.942210e+01  1.060000e+01
     vertex  1.505812e+02  4.940951e+01  1.060000e+01
   endloop
 endfacet
 facet normal  3.575250e-01  9.339036e-01  0.000000e+00
   outer loop
     vertex  1.505483e+02  4.942210e+01  0.000000e+00
     vertex  1.505812e+02  4.940951e+01  1.060000e+01
     vertex  1.505812e+02  4.940951e+01  0.000000e+00
   endloop
 endfacet
 facet normal  3.321044e-01  9.432426e-01  0.000000e+00
   outer loop
     vertex  1.505151e+02  4.943379e+01  0.000000e+00
     vertex  1.505483e+02  4.942210e+01  1.060000e+01
     vertex  1.505483e+02  4.942210e+01  0.000000e+00
   endloop
 endfacet
 facet normal  3.321044e-01  9.432426e-01 -0.000000e+00
   outer loop
     vertex  1.505151e+02  4.943379e+01  0.000000e+00
     vertex  1.505151e+02  4.943379e+01  1.060000e+01
     vertex  1.505483e+02  4.942210e+01  1.060000e+01
   endloop
 endfacet
 facet normal  3.064401e-01  9.518899e-01 -0.000000e+00
   outer loop
     vertex  1.505151e+02  4.943379e+01  0.000000e+00
     vertex  1.504816e+02  4.944458e+01  1.060000e+01
     vertex  1.505151e+02  4.943379e+01  1.060000e+01
   endloop
 endfacet
 facet normal  3.064401e-01  9.518899e-01 -0.000000e+00
   outer loop
     vertex  1.504816e+02  4.944458e+01  0.000000e+00
     vertex  1.504816e+02  4.944458e+01  1.060000e+01
     vertex  1.505151e+02  4.943379e+01  0.000000e+00
   endloop
 endfacet
 facet normal  2.805512e-01  9.598391e-01  0.000000e+00
   outer loop
     vertex  1.504478e+02  4.945445e+01  0.000000e+00
     vertex  1.504816e+02  4.944458e+01  1.060000e+01
     vertex  1.504816e+02  4.944458e+01  0.000000e+00
   endloop
 endfacet
 facet normal  2.805512e-01  9.598391e-01 -0.000000e+00
   outer loop
     vertex  1.504478e+02  4.945445e+01  0.000000e+00
     vertex  1.504478e+02  4.945445e+01  1.060000e+01
     vertex  1.504816e+02  4.944458e+01  1.060000e+01
   endloop
 endfacet
 facet normal  2.544564e-01  9.670842e-01  0.000000e+00
   outer loop
     vertex  1.504137e+02  4.946341e+01  0.000000e+00
     vertex  1.504478e+02  4.945445e+01  1.060000e+01
     vertex  1.504478e+02  4.945445e+01  0.000000e+00
   endloop
 endfacet
 facet normal  2.544564e-01  9.670842e-01 -0.000000e+00
   outer loop
     vertex  1.504137e+02  4.946341e+01  0.000000e+00
     vertex  1.504137e+02  4.946341e+01  1.060000e+01
     vertex  1.504478e+02  4.945445e+01  1.060000e+01
   endloop
 endfacet
 facet normal  2.281751e-01  9.736201e-01  0.000000e+00
   outer loop
     vertex  1.503795e+02  4.947145e+01  0.000000e+00
     vertex  1.504137e+02  4.946341e+01  1.060000e+01
     vertex  1.504137e+02  4.946341e+01  0.000000e+00
   endloop
 endfacet
 facet normal  2.281751e-01  9.736201e-01 -0.000000e+00
   outer loop
     vertex  1.503795e+02  4.947145e+01  0.000000e+00
     vertex  1.503795e+02  4.947145e+01  1.060000e+01
     vertex  1.504137e+02  4.946341e+01  1.060000e+01
   endloop
 endfacet
 facet normal  2.017264e-01  9.794419e-01 -0.000000e+00
   outer loop
     vertex  1.503795e+02  4.947145e+01  0.000000e+00
     vertex  1.503450e+02  4.947855e+01  1.060000e+01
     vertex  1.503795e+02  4.947145e+01  1.060000e+01
   endloop
 endfacet
 facet normal  2.017264e-01  9.794419e-01 -0.000000e+00
   outer loop
     vertex  1.503450e+02  4.947855e+01  0.000000e+00
     vertex  1.503450e+02  4.947855e+01  1.060000e+01
     vertex  1.503795e+02  4.947145e+01  0.000000e+00
   endloop
 endfacet
 facet normal  1.751297e-01  9.845454e-01 -0.000000e+00
   outer loop
     vertex  1.503450e+02  4.947855e+01  0.000000e+00
     vertex  1.503103e+02  4.948471e+01  1.060000e+01
     vertex  1.503450e+02  4.947855e+01  1.060000e+01
   endloop
 endfacet
 facet normal  1.751297e-01  9.845454e-01 -0.000000e+00
   outer loop
     vertex  1.503103e+02  4.948471e+01  0.000000e+00
     vertex  1.503103e+02  4.948471e+01  1.060000e+01
     vertex  1.503450e+02  4.947855e+01  0.000000e+00
   endloop
 endfacet
 facet normal  1.484046e-01  9.889267e-01  0.000000e+00
   outer loop
     vertex  1.502755e+02  4.948994e+01  0.000000e+00
     vertex  1.503103e+02  4.948471e+01  1.060000e+01
     vertex  1.503103e+02  4.948471e+01  0.000000e+00
   endloop
 endfacet
 facet normal  1.484046e-01  9.889267e-01 -0.000000e+00
   outer loop
     vertex  1.502755e+02  4.948994e+01  0.000000e+00
     vertex  1.502755e+02  4.948994e+01  1.060000e+01
     vertex  1.503103e+02  4.948471e+01  1.060000e+01
   endloop
 endfacet
 facet normal  1.215707e-01  9.925828e-01 -0.000000e+00
   outer loop
     vertex  1.502755e+02  4.948994e+01  0.000000e+00
     vertex  1.502406e+02  4.949422e+01  1.060000e+01
     vertex  1.502755e+02  4.948994e+01  1.060000e+01
   endloop
 endfacet
 facet normal  1.215707e-01  9.925828e-01 -0.000000e+00
   outer loop
     vertex  1.502406e+02  4.949422e+01  0.000000e+00
     vertex  1.502406e+02  4.949422e+01  1.060000e+01
     vertex  1.502755e+02  4.948994e+01  0.000000e+00
   endloop
 endfacet
 facet normal  9.464755e-02  9.955108e-01  0.000000e+00
   outer loop
     vertex  1.502055e+02  4.949755e+01  0.000000e+00
     vertex  1.502406e+02  4.949422e+01  1.060000e+01
     vertex  1.502406e+02  4.949422e+01  0.000000e+00
   endloop
 endfacet
 facet normal  9.464755e-02  9.955108e-01 -0.000000e+00
   outer loop
     vertex  1.502055e+02  4.949755e+01  0.000000e+00
     vertex  1.502055e+02  4.949755e+01  1.060000e+01
     vertex  1.502406e+02  4.949422e+01  1.060000e+01
   endloop
 endfacet
 facet normal  6.765502e-02  9.977088e-01  0.000000e+00
   outer loop
     vertex  1.501704e+02  4.949993e+01  0.000000e+00
     vertex  1.502055e+02  4.949755e+01  1.060000e+01
     vertex  1.502055e+02  4.949755e+01  0.000000e+00
   endloop
 endfacet
 facet normal  6.765502e-02  9.977088e-01 -0.000000e+00
   outer loop
     vertex  1.501704e+02  4.949993e+01  0.000000e+00
     vertex  1.501704e+02  4.949993e+01  1.060000e+01
     vertex  1.502055e+02  4.949755e+01  1.060000e+01
   endloop
 endfacet
 facet normal  4.061287e-02  9.991750e-01  0.000000e+00
   outer loop
     vertex  1.501352e+02  4.950136e+01  0.000000e+00
     vertex  1.501704e+02  4.949993e+01  1.060000e+01
     vertex  1.501704e+02  4.949993e+01  0.000000e+00
   endloop
 endfacet
 facet normal  4.061287e-02  9.991750e-01 -0.000000e+00
   outer loop
     vertex  1.501352e+02  4.950136e+01  0.000000e+00
     vertex  1.501352e+02  4.950136e+01  1.060000e+01
     vertex  1.501704e+02  4.949993e+01  1.060000e+01
   endloop
 endfacet
 facet normal  1.354093e-02  9.999083e-01  0.000000e+00
   outer loop
     vertex  1.501000e+02  4.950184e+01  0.000000e+00
     vertex  1.501352e+02  4.950136e+01  1.060000e+01
     vertex  1.501352e+02  4.950136e+01  0.000000e+00
   endloop
 endfacet
 facet normal  1.354093e-02  9.999083e-01 -0.000000e+00
   outer loop
     vertex  1.501000e+02  4.950184e+01  0.000000e+00
     vertex  1.501000e+02  4.950184e+01  1.060000e+01
     vertex  1.501352e+02  4.950136e+01  1.060000e+01
   endloop
 endfacet
 facet normal  1.000000e+00  0.000000e+00  0.000000e+00
   outer loop
     vertex  1.514000e+02  4.291839e+00  2.200000e+00
     vertex  1.514000e+02  1.300000e+00  1.060000e+01
     vertex  1.514000e+02  1.300000e+00  0.000000e+00
   endloop
 endfacet
 facet normal  1.000000e+00  0.000000e+00 -0.000000e+00
   outer loop
     vertex  1.514000e+02  4.291839e+00  2.200000e+00
     vertex  1.514000e+02  4.291839e+00  1.060000e+01
     vertex  1.514000e+02  1.300000e+00  1.060000e+01
   endloop
 endfacet
 facet normal  1.000000e+00  0.000000e+00  0.000000e+00
   outer loop
     vertex  1.514000e+02  2.527184e+01  2.200000e+00
     vertex  1.514000e+02  4.291839e+00  2.200000e+00
     vertex  1.514000e+02  1.300000e+00  0.000000e+00
   endloop
 endfacet
 facet normal  1.000000e+00  0.000000e+00  0.000000e+00
   outer loop
     vertex  1.514000e+02  3.172684e+01  2.200000e+00
     vertex  1.514000e+02  2.527184e+01  1.060000e+01
     vertex  1.514000e+02  2.527184e+01  2.200000e+00
   endloop
 endfacet
 facet normal  1.000000e+00  0.000000e+00 -0.000000e+00
   outer loop
     vertex  1.514000e+02  3.172684e+01  2.200000e+00
     vertex  1.514000e+02  3.172684e+01  1.060000e+01
     vertex  1.514000e+02  2.527184e+01  1.060000e+01
   endloop
 endfacet
 facet normal  1.000000e+00  0.000000e+00  0.000000e+00
   outer loop
     vertex  1.514000e+02  4.490184e+01  2.200000e+00
     vertex  1.514000e+02  4.820184e+01  1.060000e+01
     vertex  1.514000e+02  4.490184e+01  1.060000e+01
   endloop
 endfacet
 facet normal  1.000000e+00  0.000000e+00  0.000000e+00
   outer loop
     vertex  1.514000e+02  4.820184e+01  0.000000e+00
     vertex  1.514000e+02  4.490184e+01  2.200000e+00
     vertex  1.514000e+02  3.172684e+01  2.200000e+00
   endloop
 endfacet
 facet normal  1.000000e+00  0.000000e+00 -0.000000e+00
   outer loop
     vertex  1.514000e+02  4.820184e+01  0.000000e+00
     vertex  1.514000e+02  4.820184e+01  1.060000e+01
     vertex  1.514000e+02  4.490184e+01  2.200000e+00
   endloop
 endfacet
 facet normal  1.000000e+00  0.000000e+00  0.000000e+00
   outer loop
     vertex  1.514000e+02  4.820184e+01  0.000000e+00
     vertex  1.514000e+02  2.527184e+01  2.200000e+00
     vertex  1.514000e+02  1.300000e+00  0.000000e+00
   endloop
 endfacet
 facet normal  1.000000e+00  0.000000e+00  0.000000e+00
   outer loop
     vertex  1.514000e+02  4.820184e+01  0.000000e+00
     vertex  1.514000e+02  3.172684e+01  2.200000e+00
     vertex  1.514000e+02  2.527184e+01  2.200000e+00
   endloop
 endfacet
 facet normal  2.585998e-17  1.000000e+00  1.531342e-16
   outer loop
     vertex  8.381250e+01  2.400000e+00  6.200000e+00
     vertex  7.493000e+01  2.400000e+00  4.800000e+00
     vertex  7.493000e+01  2.400000e+00  1.060000e+01
   endloop
 endfacet
 facet normal  0.000000e+00  1.000000e+00  1.009294e-16
   outer loop
     vertex  8.381250e+01  2.400000e+00  1.060000e+01
     vertex  8.381250e+01  2.400000e+00  6.200000e+00
     vertex  7.493000e+01  2.400000e+00  1.060000e+01
   endloop
 endfacet
 facet normal -1.490076e-16  1.000000e+00  1.009294e-16
   outer loop
     vertex  9.598000e+01  2.400000e+00  9.400000e+00
     vertex  9.381250e+01  2.400000e+00  6.200000e+00
     vertex  9.381250e+01  2.400000e+00  1.060000e+01
   endloop
 endfacet
 facet normal  0.000000e+00  1.000000e+00  0.000000e+00
   outer loop
     vertex  9.598000e+01  2.400000e+00  9.400000e+00
     vertex  9.598000e+01  2.400000e+00  7.400000e+00
     vertex  9.381250e+01  2.400000e+00  6.200000e+00
   endloop
 endfacet
 facet normal  0.000000e+00  1.000000e+00  0.000000e+00
   outer loop
     vertex  1.159800e+02  2.400000e+00  7.400000e+00
     vertex  9.381250e+01  2.400000e+00  6.200000e+00
     vertex  9.598000e+01  2.400000e+00  7.400000e+00
   endloop
 endfacet
 facet normal  0.000000e+00  1.000000e+00  3.700743e-16
   outer loop
     vertex  1.159800e+02  2.400000e+00  9.400000e+00
     vertex  9.598000e+01  2.400000e+00  9.400000e+00
     vertex  9.381250e+01  2.400000e+00  1.060000e+01
   endloop
 endfacet
 facet normal -2.404381e-17  1.000000e+00  0.000000e+00
   outer loop
     vertex  1.344500e+02  2.400000e+00  4.800000e+00
     vertex  1.159800e+02  2.400000e+00  7.400000e+00
     vertex  1.159800e+02  2.400000e+00  9.400000e+00
   endloop
 endfacet
 facet normal  3.052160e-17  1.000000e+00  0.000000e+00
   outer loop
     vertex  1.490000e+02  2.400000e+00  2.000000e+00
     vertex  1.344500e+02  2.400000e+00  2.000000e+00
     vertex  1.344500e+02  2.400000e+00  4.800000e+00
   endloop
 endfacet
 facet normal -3.061699e-18  1.000000e+00  8.424775e-17
   outer loop
     vertex  1.490000e+02  2.400000e+00  1.060000e+01
     vertex  1.344500e+02  2.400000e+00  4.800000e+00
     vertex  1.159800e+02  2.400000e+00  9.400000e+00
   endloop
 endfacet
 facet normal  3.052160e-17  1.000000e+00  0.000000e+00
   outer loop
     vertex  1.490000e+02  2.400000e+00  1.060000e+01
     vertex  1.490000e+02  2.400000e+00  2.000000e+00
     vertex  1.344500e+02  2.400000e+00  4.800000e+00
   endloop
 endfacet
 facet normal  0.000000e+00  1.000000e+00  3.172066e-16
   outer loop
     vertex  1.344500e+02  2.400000e+00  4.800000e+00
     vertex  7.493000e+01  2.400000e+00  4.800000e+00
     vertex  8.381250e+01  2.400000e+00  6.200000e+00
   endloop
 endfacet
 facet normal  0.000000e+00  1.000000e+00  3.172066e-16
   outer loop
     vertex  1.344500e+02  2.400000e+00  4.800000e+00
     vertex  8.381250e+01  2.400000e+00  6.200000e+00
     vertex  9.381250e+01  2.400000e+00  6.200000e+00
   endloop
 endfacet
 facet normal -6.678075e-18  1.000000e+00  1.233635e-16
   outer loop
     vertex  1.344500e+02  2.400000e+00  4.800000e+00
     vertex  9.381250e+01  2.400000e+00  6.200000e+00
     vertex  1.159800e+02  2.400000e+00  7.400000e+00
   endloop
 endfacet
 facet normal -8.046917e-18  1.000000e+00  2.214243e-16
   outer loop
     vertex  9.381250e+01  2.400000e+00  1.060000e+01
     vertex  1.490000e+02  2.400000e+00  1.060000e+01
     vertex  1.159800e+02  2.400000e+00  9.400000e+00
   endloop
 endfacet
 facet normal -1.000000e+00  0.000000e+00 -0.000000e+00
   outer loop
     vertex  1.490000e+02  4.710184e+01  1.060000e+01
     vertex  1.490000e+02  4.710184e+01  2.000000e+00
     vertex  1.490000e+02  4.490184e+01  2.200000e+00
   endloop
 endfacet
 facet normal -1.000000e+00  0.000000e+00  0.000000e+00
   outer loop
     vertex  1.490000e+02  4.490184e+01  1.060000e+01
     vertex  1.490000e+02  4.710184e+01  1.060000e+01
     vertex  1.490000e+02  4.490184e+01  2.200000e+00
   endloop
 endfacet
 facet normal -1.000000e+00  0.000000e+00  0.000000e+00
   outer loop
     vertex  1.490000e+02  2.527184e+01  1.060000e+01
     vertex  1.490000e+02  3.172684e+01  1.060000e+01
     vertex  1.490000e+02  3.172684e+01  2.200000e+00
   endloop
 endfacet
 facet normal -1.000000e+00  0.000000e+00  0.000000e+00
   outer loop
     vertex  1.490000e+02  2.527184e+01  1.060000e+01
     vertex  1.490000e+02  3.172684e+01  2.200000e+00
     vertex  1.490000e+02  2.527184e+01  2.200000e+00
   endloop
 endfacet
 facet normal -1.000000e+00  0.000000e+00  0.000000e+00
   outer loop
     vertex  1.490000e+02  2.400000e+00  1.060000e+01
     vertex  1.490000e+02  4.291839e+00  1.060000e+01
     vertex  1.490000e+02  4.291839e+00  2.200000e+00
   endloop
 endfacet
 facet normal -1.000000e+00  0.000000e+00  0.000000e+00
   outer loop
     vertex  1.490000e+02  2.400000e+00  1.060000e+01
     vertex  1.490000e+02  4.291839e+00  2.200000e+00
     vertex  1.490000e+02  2.400000e+00  2.000000e+00
   endloop
 endfacet
 facet normal -1.000000e+00  0.000000e+00  0.000000e+00
   outer loop
     vertex  1.490000e+02  2.400000e+00  2.000000e+00
     vertex  1.490000e+02  4.490184e+01  2.200000e+00
     vertex  1.490000e+02  4.710184e+01  2.000000e+00
   endloop
 endfacet
 facet normal -1.000000e+00  0.000000e+00  0.000000e+00
   outer loop
     vertex  1.490000e+02  2.400000e+00  2.000000e+00
     vertex  1.490000e+02  3.172684e+01  2.200000e+00
     vertex  1.490000e+02  4.490184e+01  2.200000e+00
   endloop
 endfacet
 facet normal -1.000000e+00  0.000000e+00  0.000000e+00
   outer loop
     vertex  1.490000e+02  2.400000e+00  2.000000e+00
     vertex  1.490000e+02  2.527184e+01  2.200000e+00
     vertex  1.490000e+02  3.172684e+01  2.200000e+00
   endloop
 endfacet
 facet normal -1.000000e+00  0.000000e+00  0.000000e+00
   outer loop
     vertex  1.490000e+02  2.400000e+00  2.000000e+00
     vertex  1.490000e+02  4.291839e+00  2.200000e+00
     vertex  1.490000e+02  2.527184e+01  2.200000e+00
   endloop
 endfacet
 facet normal  0.000000e+00  1.000000e+00  0.000000e+00
   outer loop
     vertex  1.490000e+02  4.291839e+00  1.060000e+01
     vertex  1.514000e+02  4.291839e+00  2.200000e+00
     vertex  1.490000e+02  4.291839e+00  2.200000e+00
   endloop
 endfacet
 facet normal  0.000000e+00  1.000000e+00  0.000000e+00
   outer loop
     vertex  1.514000e+02  4.291839e+00  1.060000e+01
     vertex  1.514000e+02  4.291839e+00  2.200000e+00
     vertex  1.490000e+02  4.291839e+00  1.060000e+01
   endloop
 endfacet
 facet normal  1.000000e+00  0.000000e+00  0.000000e+00
   outer loop
     vertex  1.344500e+02  2.400000e+00  4.800000e+00
     vertex  1.344500e+02  2.400000e+00  2.000000e+00
     vertex  1.344500e+02  4.350000e+00  2.000000e+00
   endloop
 endfacet
 facet normal  1.000000e+00 -0.000000e+00  0.000000e+00
   outer loop
     vertex  1.344500e+02  2.400000e+00  4.800000e+00
     vertex  1.344500e+02  4.350000e+00  2.000000e+00
     vertex  1.344500e+02  4.350000e+00  4.800000e+00
   endloop
 endfacet
 facet normal  0.000000e+00  1.000000e+00  0.000000e+00
   outer loop
     vertex  1.344500e+02  4.350000e+00  4.800000e+00
     vertex  1.344500e+02  4.350000e+00  2.000000e+00
     vertex  1.695000e+01  4.350000e+00  2.000000e+00
   endloop
 endfacet
 facet normal  0.000000e+00  1.000000e+00  0.000000e+00
   outer loop
     vertex  1.344500e+02  4.350000e+00  4.800000e+00
     vertex  1.695000e+01  4.350000e+00  2.000000e+00
     vertex  1.695000e+01  4.350000e+00  4.800000e+00
   endloop
 endfacet
 facet normal -1.000000e+00  0.000000e+00  0.000000e+00
   outer loop
     vertex  1.695000e+01  2.400000e+00  4.800000e+00
     vertex  1.695000e+01  4.350000e+00  2.000000e+00
     vertex  1.695000e+01  2.400000e+00  2.000000e+00
   endloop
 endfacet
 facet normal -1.000000e+00  0.000000e+00  0.000000e+00
   outer loop
     vertex  1.695000e+01  2.400000e+00  4.800000e+00
     vertex  1.695000e+01  4.350000e+00  4.800000e+00
     vertex  1.695000e+01  4.350000e+00  2.000000e+00
   endloop
 endfacet
 facet normal -3.052160e-17  1.000000e+00  0.000000e+00
   outer loop
     vertex  1.695000e+01  2.400000e+00  4.800000e+00
     vertex  1.695000e+01  2.400000e+00  2.000000e+00
     vertex  2.400000e+00  2.400000e+00  2.000000e+00
   endloop
 endfacet
 facet normal -3.052160e-17  1.000000e+00  0.000000e+00
   outer loop
     vertex  1.695000e+01  2.400000e+00  4.800000e+00
     vertex  2.400000e+00  2.400000e+00  2.000000e+00
     vertex  2.400000e+00  2.400000e+00  1.060000e+01
   endloop
 endfacet
 facet normal  3.061699e-18  1.000000e+00  8.424775e-17
   outer loop
     vertex  3.542000e+01  2.400000e+00  9.400000e+00
     vertex  1.695000e+01  2.400000e+00  4.800000e+00
     vertex  2.400000e+00  2.400000e+00  1.060000e+01
   endloop
 endfacet
 facet normal  2.404381e-17  1.000000e+00  0.000000e+00
   outer loop
     vertex  3.542000e+01  2.400000e+00  9.400000e+00
     vertex  3.542000e+01  2.400000e+00  7.400000e+00
     vertex  1.695000e+01  2.400000e+00  4.800000e+00
   endloop
 endfacet
 facet normal  0.000000e+00  1.000000e+00  1.708035e-16
   outer loop
     vertex  6.097000e+01  2.400000e+00  4.800000e+00
     vertex  3.542000e+01  2.400000e+00  7.400000e+00
     vertex  5.542000e+01  2.400000e+00  7.400000e+00
   endloop
 endfacet
 facet normal  8.001607e-17  1.000000e+00  0.000000e+00
   outer loop
     vertex  6.097000e+01  2.400000e+00  1.060000e+01
     vertex  5.542000e+01  2.400000e+00  7.400000e+00
     vertex  5.542000e+01  2.400000e+00  9.400000e+00
   endloop
 endfacet
 facet normal -8.277525e-18  1.000000e+00  1.531342e-16
   outer loop
     vertex  6.097000e+01  2.400000e+00  1.060000e+01
     vertex  6.097000e+01  2.400000e+00  4.800000e+00
     vertex  5.542000e+01  2.400000e+00  7.400000e+00
   endloop
 endfacet
 facet normal  7.582196e-18  1.000000e+00  3.350067e-16
   outer loop
     vertex  2.400000e+00  2.400000e+00  1.060000e+01
     vertex  6.097000e+01  2.400000e+00  1.060000e+01
     vertex  5.542000e+01  2.400000e+00  9.400000e+00
   endloop
 endfacet
 facet normal  0.000000e+00  1.000000e+00  0.000000e+00
   outer loop
     vertex  2.400000e+00  2.400000e+00  1.060000e+01
     vertex  5.542000e+01  2.400000e+00  9.400000e+00
     vertex  3.542000e+01  2.400000e+00  9.400000e+00
   endloop
 endfacet
 facet normal  0.000000e+00  1.000000e+00  1.708035e-16
   outer loop
     vertex  6.097000e+01  2.400000e+00  4.800000e+00
     vertex  1.695000e+01  2.400000e+00  4.800000e+00
     vertex  3.542000e+01  2.400000e+00  7.400000e+00
   endloop
 endfacet
 facet normal  0.000000e+00  1.000000e+00  0.000000e+00
   outer loop
     vertex  0.000000e+00  1.861434e+01  1.060000e+01
     vertex  2.400000e+00  1.861434e+01  2.200000e+00
     vertex  0.000000e+00  1.861434e+01  2.200000e+00
   endloop
 endfacet
 facet normal  0.000000e+00  1.000000e+00  0.000000e+00
   outer loop
     vertex  2.400000e+00  1.861434e+01  1.060000e+01
     vertex  2.400000e+00  1.861434e+01  2.200000e+00
     vertex  0.000000e+00  1.861434e+01  1.060000e+01
   endloop
 endfacet
 facet normal  1.000000e+00 -0.000000e+00  0.000000e+00
   outer loop
     vertex  2.400000e+00  3.588934e+01  2.200000e+00
     vertex  2.400000e+00  4.710184e+01  2.000000e+00
     vertex  2.400000e+00  4.710184e+01  1.060000e+01
   endloop
 endfacet
 facet normal  1.000000e+00  2.772463e-16 -3.700743e-16
   outer loop
     vertex  2.400000e+00  3.588934e+01  1.060000e+01
     vertex  2.400000e+00  3.588934e+01  2.200000e+00
     vertex  2.400000e+00  4.710184e+01  1.060000e+01
   endloop
 endfacet
 facet normal  1.000000e+00 -1.917207e-16 -3.700743e-16
   outer loop
     vertex  2.400000e+00  2.400000e+00  1.060000e+01
     vertex  2.400000e+00  1.861434e+01  2.200000e+00
     vertex  2.400000e+00  1.861434e+01  1.060000e+01
   endloop
 endfacet
 facet normal  1.000000e+00  0.000000e+00  0.000000e+00
   outer loop
     vertex  2.400000e+00  2.400000e+00  1.060000e+01
     vertex  2.400000e+00  2.400000e+00  2.000000e+00
     vertex  2.400000e+00  1.861434e+01  2.200000e+00
   endloop
 endfacet
 facet normal  1.000000e+00  0.000000e+00  0.000000e+00
   outer loop
     vertex  2.400000e+00  2.400000e+00  2.000000e+00
     vertex  2.400000e+00  4.710184e+01  2.000000e+00
     vertex  2.400000e+00  3.588934e+01  2.200000e+00
   endloop
 endfacet
 facet normal  1.000000e+00  0.000000e+00  0.000000e+00
   outer loop
     vertex  2.400000e+00  2.400000e+00  2.000000e+00
     vertex  2.400000e+00  3.588934e+01  2.200000e+00
     vertex  2.400000e+00  1.861434e+01  2.200000e+00
   endloop
 endfacet
 facet normal  0.000000e+00  0.000000e+00  1.000000e+00
   outer loop
     vertex  2.400000e+00  3.588934e+01  2.200000e+00
     vertex  0.000000e+00  3.588934e+01  2.200000e+00
     vertex  0.000000e+00  1.861434e+01  2.200000e+00
   endloop
 endfacet
 facet normal  0.000000e+00  0.000000e+00  1.000000e+00
   outer loop
     vertex  2.400000e+00  3.588934e+01  2.200000e+00
     vertex  0.000000e+00  1.861434e+01  2.200000e+00
     vertex  2.400000e+00  1.861434e+01  2.200000e+00
   endloop
 endfacet
 facet normal  0.000000e+00 -1.000000e+00  0.000000e+00
   outer loop
     vertex  0.000000e+00  3.588934e+01  1.060000e+01
     vertex  0.000000e+00  3.588934e+01  2.200000e+00
     vertex  2.400000e+00  3.588934e+01  2.200000e+00
   endloop
 endfacet
 facet normal -0.000000e+00 -1.000000e+00  0.000000e+00
   outer loop
     vertex  2.400000e+00  3.588934e+01  1.060000e+01
     vertex  0.000000e+00  3.588934e+01  1.060000e+01
     vertex  2.400000e+00  3.588934e+01  2.200000e+00
   endloop
 endfacet
 facet normal  0.000000e+00  0.000000e+00  1.000000e+00
   outer loop
     vertex  7.620656e-03  4.834239e+01  1.060000e+01
     vertex  4.288454e-03  4.830735e+01  1.060000e+01
     vertex  1.906562e-03  4.827222e+01  1.060000e+01
   endloop
 endfacet
 facet normal  0.000000e+00  0.000000e+00  1.000000e+00
   outer loop
     vertex  1.712552e-02  4.841216e+01  1.060000e+01
     vertex  1.190072e-02  4.837734e+01  1.060000e+01
     vertex  7.620656e-03  4.834239e+01  1.060000e+01
   endloop
 endfacet
 facet normal  0.000000e+00  0.000000e+00  1.000000e+00
   outer loop
     vertex  2.329121e-02  4.844682e+01  1.060000e+01
     vertex  1.906562e-03  4.827222e+01  1.060000e+01
     vertex  4.767279e-04  4.823704e+01  1.060000e+01
   endloop
 endfacet
 facet normal  0.000000e+00  0.000000e+00  1.000000e+00
   outer loop
     vertex  2.329121e-02  4.844682e+01  1.060000e+01
     vertex  7.620656e-03  4.834239e+01  1.060000e+01
     vertex  1.906562e-03  4.827222e+01  1.060000e+01
   endloop
 endfacet
 facet normal  0.000000e+00  0.000000e+00  1.000000e+00
   outer loop
     vertex  2.329121e-02  4.844682e+01  1.060000e+01
     vertex  1.712552e-02  4.841216e+01  1.060000e+01
     vertex  7.620656e-03  4.834239e+01  1.060000e+01
   endloop
 endfacet
 facet normal  0.000000e+00  0.000000e+00  1.000000e+00
   outer loop
     vertex  3.842651e-02  4.851558e+01  1.060000e+01
     vertex  3.039328e-02  4.848130e+01  1.060000e+01
     vertex  2.329121e-02  4.844682e+01  1.060000e+01
   endloop
 endfacet
 facet normal  0.000000e+00  0.000000e+00  1.000000e+00
   outer loop
     vertex  3.842651e-02  4.851558e+01  1.060000e+01
     vertex  2.329121e-02  4.844682e+01  1.060000e+01
     vertex  4.767279e-04  4.823704e+01  1.060000e+01
   endloop
 endfacet
 facet normal  0.000000e+00  0.000000e+00  1.000000e+00
   outer loop
     vertex  5.726221e-02  4.858342e+01  1.060000e+01
     vertex  4.738501e-02  4.854963e+01  1.060000e+01
     vertex  3.842651e-02  4.851558e+01  1.060000e+01
   endloop
 endfacet
 facet normal  0.000000e+00  0.000000e+00  1.000000e+00
   outer loop
     vertex  5.726221e-02  4.858342e+01  1.060000e+01
     vertex  3.842651e-02  4.851558e+01  1.060000e+01
     vertex  4.767279e-04  4.823704e+01  1.060000e+01
   endloop
 endfacet
 facet normal  0.000000e+00  0.000000e+00  1.000000e+00
   outer loop
     vertex  7.974309e-02  4.865014e+01  1.060000e+01
     vertex  6.805088e-02  4.861693e+01  1.060000e+01
     vertex  5.726221e-02  4.858342e+01  1.060000e+01
   endloop
 endfacet
 facet normal  0.000000e+00  0.000000e+00  1.000000e+00
   outer loop
     vertex  1.201520e-01  4.874770e+01  1.060000e+01
     vertex  1.058032e-01  4.871555e+01  1.060000e+01
     vertex  9.233026e-02  4.868302e+01  1.060000e+01
   endloop
 endfacet
 facet normal  0.000000e+00  0.000000e+00  1.000000e+00
   outer loop
     vertex  1.201520e-01  4.874770e+01  1.060000e+01
     vertex  9.233026e-02  4.868302e+01  1.060000e+01
     vertex  7.974309e-02  4.865014e+01  1.060000e+01
   endloop
 endfacet
 facet normal  0.000000e+00  0.000000e+00  1.000000e+00
   outer loop
     vertex  1.353661e-01  4.877945e+01  1.060000e+01
     vertex  7.974309e-02  4.865014e+01  1.060000e+01
     vertex  5.726221e-02  4.858342e+01  1.060000e+01
   endloop
 endfacet
 facet normal  0.000000e+00  0.000000e+00  1.000000e+00
   outer loop
     vertex  1.353661e-01  4.877945e+01  1.060000e+01
     vertex  1.201520e-01  4.874770e+01  1.060000e+01
     vertex  7.974309e-02  4.865014e+01  1.060000e+01
   endloop
 endfacet
 facet normal  0.000000e+00  0.000000e+00  1.000000e+00
   outer loop
     vertex  1.683450e-01  4.884165e+01  1.060000e+01
     vertex  1.514343e-01  4.881077e+01  1.060000e+01
     vertex  1.353661e-01  4.877945e+01  1.060000e+01
   endloop
 endfacet
 facet normal  0.000000e+00  0.000000e+00  1.000000e+00
   outer loop
     vertex  1.683450e-01  4.884165e+01  1.060000e+01
     vertex  4.767279e-04  4.823704e+01  1.060000e+01
     vertex  7.771561e-16  4.820184e+01  1.060000e+01
   endloop
 endfacet
 facet normal  0.000000e+00  0.000000e+00  1.000000e+00
   outer loop
     vertex  1.683450e-01  4.884165e+01  1.060000e+01
     vertex  5.726221e-02  4.858342e+01  1.060000e+01
     vertex  4.767279e-04  4.823704e+01  1.060000e+01
   endloop
 endfacet
 facet normal  0.000000e+00  0.000000e+00  1.000000e+00
   outer loop
     vertex  1.683450e-01  4.884165e+01  1.060000e+01
     vertex  1.353661e-01  4.877945e+01  1.060000e+01
     vertex  5.726221e-02  4.858342e+01  1.060000e+01
   endloop
 endfacet
 facet normal  0.000000e+00  0.000000e+00  1.000000e+00
   outer loop
     vertex  1.860857e-01  4.887206e+01  1.060000e+01
     vertex  1.683450e-01  4.884165e+01  1.060000e+01
     vertex  7.771561e-16  4.820184e+01  1.060000e+01
   endloop
 endfacet
 facet normal  0.000000e+00  0.000000e+00  1.000000e+00
   outer loop
     vertex  2.240043e-01  4.893138e+01  1.060000e+01
     vertex  2.046433e-01  4.890198e+01  1.060000e+01
     vertex  1.860857e-01  4.887206e+01  1.060000e+01
   endloop
 endfacet
 facet normal  0.000000e+00  0.000000e+00  1.000000e+00
   outer loop
     vertex  2.441545e-01  4.896025e+01  1.060000e+01
     vertex  2.240043e-01  4.893138e+01  1.060000e+01
     vertex  1.860857e-01  4.887206e+01  1.060000e+01
   endloop
 endfacet
 facet normal  0.000000e+00  0.000000e+00  1.000000e+00
   outer loop
     vertex  2.867626e-01  4.901630e+01  1.060000e+01
     vertex  2.441545e-01  4.896025e+01  1.060000e+01
     vertex  1.860857e-01  4.887206e+01  1.060000e+01
   endloop
 endfacet
 facet normal  0.000000e+00  0.000000e+00  1.000000e+00
   outer loop
     vertex  2.867626e-01  4.901630e+01  1.060000e+01
     vertex  2.650790e-01  4.898857e+01  1.060000e+01
     vertex  2.441545e-01  4.896025e+01  1.060000e+01
   endloop
 endfacet
 facet normal  0.000000e+00  0.000000e+00  1.000000e+00
   outer loop
     vertex  3.323427e-01  4.906996e+01  1.060000e+01
     vertex  2.867626e-01  4.901630e+01  1.060000e+01
     vertex  1.860857e-01  4.887206e+01  1.060000e+01
   endloop
 endfacet
 facet normal  0.000000e+00  0.000000e+00  1.000000e+00
   outer loop
     vertex  3.323427e-01  4.906996e+01  1.060000e+01
     vertex  3.091893e-01  4.904344e+01  1.060000e+01
     vertex  2.867626e-01  4.901630e+01  1.060000e+01
   endloop
 endfacet
 facet normal  0.000000e+00  0.000000e+00  1.000000e+00
   outer loop
     vertex  3.562059e-01  4.909585e+01  1.060000e+01
     vertex  3.323427e-01  4.906996e+01  1.060000e+01
     vertex  1.860857e-01  4.887206e+01  1.060000e+01
   endloop
 endfacet
 facet normal  0.000000e+00  0.000000e+00  1.000000e+00
   outer loop
     vertex  2.400000e+00  4.710184e+01  1.060000e+01
     vertex  7.771561e-16  4.820184e+01  1.060000e+01
     vertex  0.000000e+00  3.588934e+01  1.060000e+01
   endloop
 endfacet
 facet normal  0.000000e+00  0.000000e+00  1.000000e+00
   outer loop
     vertex  2.400000e+00  4.710184e+01  1.060000e+01
     vertex  0.000000e+00  3.588934e+01  1.060000e+01
     vertex  2.400000e+00  3.588934e+01  1.060000e+01
   endloop
 endfacet
 facet normal  0.000000e+00  0.000000e+00  1.000000e+00
   outer loop
     vertex  3.807612e-01  4.912108e+01  1.060000e+01
     vertex  3.562059e-01  4.909585e+01  1.060000e+01
     vertex  1.860857e-01  4.887206e+01  1.060000e+01
   endloop
 endfacet
 facet normal  0.000000e+00  0.000000e+00  1.000000e+00
   outer loop
     vertex  4.059907e-01  4.914563e+01  1.060000e+01
     vertex  1.860857e-01  4.887206e+01  1.060000e+01
     vertex  7.771561e-16  4.820184e+01  1.060000e+01
   endloop
 endfacet
 facet normal  0.000000e+00  0.000000e+00  1.000000e+00
   outer loop
     vertex  4.059907e-01  4.914563e+01  1.060000e+01
     vertex  3.807612e-01  4.912108e+01  1.060000e+01
     vertex  1.860857e-01  4.887206e+01  1.060000e+01
   endloop
 endfacet
 facet normal  0.000000e+00  0.000000e+00  1.000000e+00
   outer loop
     vertex  4.318759e-01  4.916950e+01  1.060000e+01
     vertex  4.059907e-01  4.914563e+01  1.060000e+01
     vertex  7.771561e-16  4.820184e+01  1.060000e+01
   endloop
 endfacet
 facet normal  0.000000e+00  0.000000e+00  1.000000e+00
   outer loop
     vertex  4.583978e-01  4.919265e+01  1.060000e+01
     vertex  4.318759e-01  4.916950e+01  1.060000e+01
     vertex  7.771561e-16  4.820184e+01  1.060000e+01
   endloop
 endfacet
 facet normal  0.000000e+00  0.000000e+00  1.000000e+00
   outer loop
     vertex  4.855370e-01  4.921508e+01  1.060000e+01
     vertex  4.583978e-01  4.919265e+01  1.060000e+01
     vertex  7.771561e-16  4.820184e+01  1.060000e+01
   endloop
 endfacet
 facet normal  0.000000e+00  0.000000e+00  1.000000e+00
   outer loop
     vertex  5.415870e-01  4.925769e+01  1.060000e+01
     vertex  5.132735e-01  4.923676e+01  1.060000e+01
     vertex  4.855370e-01  4.921508e+01  1.060000e+01
   endloop
 endfacet
 facet normal  0.000000e+00  0.000000e+00  1.000000e+00
   outer loop
     vertex  5.704568e-01  4.927784e+01  1.060000e+01
     vertex  5.415870e-01  4.925769e+01  1.060000e+01
     vertex  4.855370e-01  4.921508e+01  1.060000e+01
   endloop
 endfacet
 facet normal  0.000000e+00  0.000000e+00  1.000000e+00
   outer loop
     vertex  5.998616e-01  4.929720e+01  1.060000e+01
     vertex  5.704568e-01  4.927784e+01  1.060000e+01
     vertex  4.855370e-01  4.921508e+01  1.060000e+01
   endloop
 endfacet
 facet normal  0.000000e+00  0.000000e+00  1.000000e+00
   outer loop
     vertex  6.601899e-01  4.933349e+01  1.060000e+01
     vertex  5.998616e-01  4.929720e+01  1.060000e+01
     vertex  4.855370e-01  4.921508e+01  1.060000e+01
   endloop
 endfacet
 facet normal  0.000000e+00  0.000000e+00  1.000000e+00
   outer loop
     vertex  6.601899e-01  4.933349e+01  1.060000e+01
     vertex  6.297800e-01  4.931575e+01  1.060000e+01
     vertex  5.998616e-01  4.929720e+01  1.060000e+01
   endloop
 endfacet
 facet normal  0.000000e+00  0.000000e+00  1.000000e+00
   outer loop
     vertex  6.910690e-01  4.935041e+01  1.060000e+01
     vertex  6.601899e-01  4.933349e+01  1.060000e+01
     vertex  4.855370e-01  4.921508e+01  1.060000e+01
   endloop
 endfacet
 facet normal  0.000000e+00  0.000000e+00  1.000000e+00
   outer loop
     vertex  7.541442e-01  4.938169e+01  1.060000e+01
     vertex  6.910690e-01  4.935041e+01  1.060000e+01
     vertex  4.855370e-01  4.921508e+01  1.060000e+01
   endloop
 endfacet
 facet normal  0.000000e+00  0.000000e+00  1.000000e+00
   outer loop
     vertex  7.541442e-01  4.938169e+01  1.060000e+01
     vertex  7.223948e-01  4.936647e+01  1.060000e+01
     vertex  6.910690e-01  4.935041e+01  1.060000e+01
   endloop
 endfacet
 facet normal  0.000000e+00  0.000000e+00  1.000000e+00
   outer loop
     vertex  8.516998e-01  4.942210e+01  1.060000e+01
     vertex  8.188204e-01  4.940951e+01  1.060000e+01
     vertex  7.862939e-01  4.939604e+01  1.060000e+01
   endloop
 endfacet
 facet normal  0.000000e+00  0.000000e+00  1.000000e+00
   outer loop
     vertex  9.184207e-01  4.944458e+01  1.060000e+01
     vertex  8.516998e-01  4.942210e+01  1.060000e+01
     vertex  7.862939e-01  4.939604e+01  1.060000e+01
   endloop
 endfacet
 facet normal  0.000000e+00  0.000000e+00  1.000000e+00
   outer loop
     vertex  9.184207e-01  4.944458e+01  1.060000e+01
     vertex  8.849080e-01  4.943379e+01  1.060000e+01
     vertex  8.516998e-01  4.942210e+01  1.060000e+01
   endloop
 endfacet
 facet normal  0.000000e+00  0.000000e+00  1.000000e+00
   outer loop
     vertex  9.522132e-01  4.945445e+01  1.060000e+01
     vertex  9.184207e-01  4.944458e+01  1.060000e+01
     vertex  7.862939e-01  4.939604e+01  1.060000e+01
   endloop
 endfacet
 facet normal  0.000000e+00  0.000000e+00  1.000000e+00
   outer loop
     vertex  9.522132e-01  4.945445e+01  1.060000e+01
     vertex  7.862939e-01  4.939604e+01  1.060000e+01
     vertex  7.541442e-01  4.938169e+01  1.060000e+01
   endloop
 endfacet
 facet normal  0.000000e+00  0.000000e+00  1.000000e+00
   outer loop
     vertex  1.020538e+00  4.947145e+01  1.060000e+01
     vertex  7.541442e-01  4.938169e+01  1.060000e+01
     vertex  4.855370e-01  4.921508e+01  1.060000e+01
   endloop
 endfacet
 facet normal  0.000000e+00  0.000000e+00  1.000000e+00
   outer loop
     vertex  1.020538e+00  4.947145e+01  1.060000e+01
     vertex  9.522132e-01  4.945445e+01  1.060000e+01
     vertex  7.541442e-01  4.938169e+01  1.060000e+01
   endloop
 endfacet
 facet normal  0.000000e+00  0.000000e+00  1.000000e+00
   outer loop
     vertex  1.020538e+00  4.947145e+01  1.060000e+01
     vertex  9.862607e-01  4.946341e+01  1.060000e+01
     vertex  9.522132e-01  4.945445e+01  1.060000e+01
   endloop
 endfacet
 facet normal  0.000000e+00  0.000000e+00  1.000000e+00
   outer loop
     vertex  1.089683e+00  4.948471e+01  1.060000e+01
     vertex  1.020538e+00  4.947145e+01  1.060000e+01
     vertex  4.855370e-01  4.921508e+01  1.060000e+01
   endloop
 endfacet
 facet normal  0.000000e+00  0.000000e+00  1.000000e+00
   outer loop
     vertex  1.089683e+00  4.948471e+01  1.060000e+01
     vertex  1.055021e+00  4.947855e+01  1.060000e+01
     vertex  1.020538e+00  4.947145e+01  1.060000e+01
   endloop
 endfacet
 facet normal  0.000000e+00  0.000000e+00  1.000000e+00
   outer loop
     vertex  1.194494e+00  4.949755e+01  1.060000e+01
     vertex  1.159445e+00  4.949422e+01  1.060000e+01
     vertex  1.124500e+00  4.948994e+01  1.060000e+01
   endloop
 endfacet
 facet normal  0.000000e+00  0.000000e+00  1.000000e+00
   outer loop
     vertex  1.229619e+00  4.949993e+01  1.060000e+01
     vertex  1.089683e+00  4.948471e+01  1.060000e+01
     vertex  4.855370e-01  4.921508e+01  1.060000e+01
   endloop
 endfacet
 facet normal  0.000000e+00  0.000000e+00  1.000000e+00
   outer loop
     vertex  1.229619e+00  4.949993e+01  1.060000e+01
     vertex  1.194494e+00  4.949755e+01  1.060000e+01
     vertex  1.124500e+00  4.948994e+01  1.060000e+01
   endloop
 endfacet
 facet normal  0.000000e+00  0.000000e+00  1.000000e+00
   outer loop
     vertex  1.229619e+00  4.949993e+01  1.060000e+01
     vertex  1.124500e+00  4.948994e+01  1.060000e+01
     vertex  1.089683e+00  4.948471e+01  1.060000e+01
   endloop
 endfacet
 facet normal  0.000000e+00  0.000000e+00  1.000000e+00
   outer loop
     vertex  1.229619e+00  4.949993e+01  1.060000e+01
     vertex  4.855370e-01  4.921508e+01  1.060000e+01
     vertex  7.771561e-16  4.820184e+01  1.060000e+01
   endloop
 endfacet
 facet normal  0.000000e+00  0.000000e+00  1.000000e+00
   outer loop
     vertex  1.264797e+00  4.950136e+01  1.060000e+01
     vertex  1.229619e+00  4.949993e+01  1.060000e+01
     vertex  7.771561e-16  4.820184e+01  1.060000e+01
   endloop
 endfacet
 facet normal  0.000000e+00  0.000000e+00  1.000000e+00
   outer loop
     vertex  1.300000e+00  4.950184e+01  1.060000e+01
     vertex  1.264797e+00  4.950136e+01  1.060000e+01
     vertex  7.771561e-16  4.820184e+01  1.060000e+01
   endloop
 endfacet
 facet normal  0.000000e+00  0.000000e+00  1.000000e+00
   outer loop
     vertex  1.300000e+00  4.950184e+01  1.060000e+01
     vertex  7.771561e-16  4.820184e+01  1.060000e+01
     vertex  2.400000e+00  4.710184e+01  1.060000e+01
   endloop
 endfacet
 facet normal  0.000000e+00  0.000000e+00  1.000000e+00
   outer loop
     vertex  1.490000e+02  4.710184e+01  1.060000e+01
     vertex  1.300000e+00  4.950184e+01  1.060000e+01
     vertex  2.400000e+00  4.710184e+01  1.060000e+01
   endloop
 endfacet
 facet normal  0.000000e+00  0.000000e+00  1.000000e+00
   outer loop
     vertex  1.514000e+02  4.490184e+01  1.060000e+01
     vertex  1.490000e+02  4.710184e+01  1.060000e+01
     vertex  1.490000e+02  4.490184e+01  1.060000e+01
   endloop
 endfacet
 facet normal  0.000000e+00  0.000000e+00  1.000000e+00
   outer loop
     vertex  1.501000e+02  4.950184e+01  1.060000e+01
     vertex  1.300000e+00  4.950184e+01  1.060000e+01
     vertex  1.490000e+02  4.710184e+01  1.060000e+01
   endloop
 endfacet
 facet normal  0.000000e+00  0.000000e+00  1.000000e+00
   outer loop
     vertex  1.514000e+02  4.820184e+01  1.060000e+01
     vertex  1.490000e+02  4.710184e+01  1.060000e+01
     vertex  1.514000e+02  4.490184e+01  1.060000e+01
   endloop
 endfacet
 facet normal  0.000000e+00  0.000000e+00  1.000000e+00
   outer loop
     vertex  1.514000e+02  4.820184e+01  1.060000e+01
     vertex  1.501000e+02  4.950184e+01  1.060000e+01
     vertex  1.490000e+02  4.710184e+01  1.060000e+01
   endloop
 endfacet
 facet normal  0.000000e+00  0.000000e+00  1.000000e+00
   outer loop
     vertex  1.513957e+02  4.830735e+01  1.060000e+01
     vertex  1.513995e+02  4.823704e+01  1.060000e+01
     vertex  1.513981e+02  4.827222e+01  1.060000e+01
   endloop
 endfacet
 facet normal  0.000000e+00  0.000000e+00  1.000000e+00
   outer loop
     vertex  1.502755e+02  4.948994e+01  1.060000e+01
     vertex  1.502406e+02  4.949422e+01  1.060000e+01
     vertex  1.502055e+02  4.949755e+01  1.060000e+01
   endloop
 endfacet
 facet normal  0.000000e+00  0.000000e+00  1.000000e+00
   outer loop
     vertex  1.502755e+02  4.948994e+01  1.060000e+01
     vertex  1.502055e+02  4.949755e+01  1.060000e+01
     vertex  1.501704e+02  4.949993e+01  1.060000e+01
   endloop
 endfacet
 facet normal  0.000000e+00  0.000000e+00  1.000000e+00
   outer loop
     vertex  1.513829e+02  4.841216e+01  1.060000e+01
     vertex  1.513924e+02  4.834239e+01  1.060000e+01
     vertex  1.513881e+02  4.837734e+01  1.060000e+01
   endloop
 endfacet
 facet normal  0.000000e+00  0.000000e+00  1.000000e+00
   outer loop
     vertex  1.503450e+02  4.947855e+01  1.060000e+01
     vertex  1.503103e+02  4.948471e+01  1.060000e+01
     vertex  1.502755e+02  4.948994e+01  1.060000e+01
   endloop
 endfacet
 facet normal  0.000000e+00  0.000000e+00  1.000000e+00
   outer loop
     vertex  1.504137e+02  4.946341e+01  1.060000e+01
     vertex  1.503795e+02  4.947145e+01  1.060000e+01
     vertex  1.503450e+02  4.947855e+01  1.060000e+01
   endloop
 endfacet
 facet normal  0.000000e+00  0.000000e+00  1.000000e+00
   outer loop
     vertex  1.504137e+02  4.946341e+01  1.060000e+01
     vertex  1.501704e+02  4.949993e+01  1.060000e+01
     vertex  1.501352e+02  4.950136e+01  1.060000e+01
   endloop
 endfacet
 facet normal  0.000000e+00  0.000000e+00  1.000000e+00
   outer loop
     vertex  1.504137e+02  4.946341e+01  1.060000e+01
     vertex  1.501352e+02  4.950136e+01  1.060000e+01
     vertex  1.501000e+02  4.950184e+01  1.060000e+01
   endloop
 endfacet
 facet normal  0.000000e+00  0.000000e+00  1.000000e+00
   outer loop
     vertex  1.504137e+02  4.946341e+01  1.060000e+01
     vertex  1.503450e+02  4.947855e+01  1.060000e+01
     vertex  1.502755e+02  4.948994e+01  1.060000e+01
   endloop
 endfacet
 facet normal  0.000000e+00  0.000000e+00  1.000000e+00
   outer loop
     vertex  1.504137e+02  4.946341e+01  1.060000e+01
     vertex  1.502755e+02  4.948994e+01  1.060000e+01
     vertex  1.501704e+02  4.949993e+01  1.060000e+01
   endloop
 endfacet
 facet normal  0.000000e+00  0.000000e+00  1.000000e+00
   outer loop
     vertex  1.513526e+02  4.854963e+01  1.060000e+01
     vertex  1.513957e+02  4.830735e+01  1.060000e+01
     vertex  1.513924e+02  4.834239e+01  1.060000e+01
   endloop
 endfacet
 facet normal  0.000000e+00  0.000000e+00  1.000000e+00
   outer loop
     vertex  1.513526e+02  4.854963e+01  1.060000e+01
     vertex  1.513829e+02  4.841216e+01  1.060000e+01
     vertex  1.513767e+02  4.844682e+01  1.060000e+01
   endloop
 endfacet
 facet normal  0.000000e+00  0.000000e+00  1.000000e+00
   outer loop
     vertex  1.513526e+02  4.854963e+01  1.060000e+01
     vertex  1.513767e+02  4.844682e+01  1.060000e+01
     vertex  1.513696e+02  4.848130e+01  1.060000e+01
   endloop
 endfacet
 facet normal  0.000000e+00  0.000000e+00  1.000000e+00
   outer loop
     vertex  1.513526e+02  4.854963e+01  1.060000e+01
     vertex  1.513696e+02  4.848130e+01  1.060000e+01
     vertex  1.513616e+02  4.851558e+01  1.060000e+01
   endloop
 endfacet
 facet normal  0.000000e+00  0.000000e+00  1.000000e+00
   outer loop
     vertex  1.513526e+02  4.854963e+01  1.060000e+01
     vertex  1.513995e+02  4.823704e+01  1.060000e+01
     vertex  1.513957e+02  4.830735e+01  1.060000e+01
   endloop
 endfacet
 facet normal  0.000000e+00  0.000000e+00  1.000000e+00
   outer loop
     vertex  1.513526e+02  4.854963e+01  1.060000e+01
     vertex  1.513924e+02  4.834239e+01  1.060000e+01
     vertex  1.513829e+02  4.841216e+01  1.060000e+01
   endloop
 endfacet
 facet normal  0.000000e+00  0.000000e+00  1.000000e+00
   outer loop
     vertex  1.513427e+02  4.858342e+01  1.060000e+01
     vertex  1.513995e+02  4.823704e+01  1.060000e+01
     vertex  1.513526e+02  4.854963e+01  1.060000e+01
   endloop
 endfacet
 facet normal  0.000000e+00  0.000000e+00  1.000000e+00
   outer loop
     vertex  1.505151e+02  4.943379e+01  1.060000e+01
     vertex  1.504816e+02  4.944458e+01  1.060000e+01
     vertex  1.504478e+02  4.945445e+01  1.060000e+01
   endloop
 endfacet
 facet normal  0.000000e+00  0.000000e+00  1.000000e+00
   outer loop
     vertex  1.505151e+02  4.943379e+01  1.060000e+01
     vertex  1.504478e+02  4.945445e+01  1.060000e+01
     vertex  1.504137e+02  4.946341e+01  1.060000e+01
   endloop
 endfacet
 facet normal  0.000000e+00  0.000000e+00  1.000000e+00
   outer loop
     vertex  1.505151e+02  4.943379e+01  1.060000e+01
     vertex  1.504137e+02  4.946341e+01  1.060000e+01
     vertex  1.501000e+02  4.950184e+01  1.060000e+01
   endloop
 endfacet
 facet normal  0.000000e+00  0.000000e+00  1.000000e+00
   outer loop
     vertex  1.513319e+02  4.861693e+01  1.060000e+01
     vertex  1.514000e+02  4.820184e+01  1.060000e+01
     vertex  1.513995e+02  4.823704e+01  1.060000e+01
   endloop
 endfacet
 facet normal  0.000000e+00  0.000000e+00  1.000000e+00
   outer loop
     vertex  1.513319e+02  4.861693e+01  1.060000e+01
     vertex  1.513995e+02  4.823704e+01  1.060000e+01
     vertex  1.513427e+02  4.858342e+01  1.060000e+01
   endloop
 endfacet
 facet normal  0.000000e+00  0.000000e+00  1.000000e+00
   outer loop
     vertex  1.505812e+02  4.940951e+01  1.060000e+01
     vertex  1.505483e+02  4.942210e+01  1.060000e+01
     vertex  1.505151e+02  4.943379e+01  1.060000e+01
   endloop
 endfacet
 facet normal  0.000000e+00  0.000000e+00  1.000000e+00
   outer loop
     vertex  1.513077e+02  4.868302e+01  1.060000e+01
     vertex  1.513319e+02  4.861693e+01  1.060000e+01
     vertex  1.513203e+02  4.865014e+01  1.060000e+01
   endloop
 endfacet
 facet normal  0.000000e+00  0.000000e+00  1.000000e+00
   outer loop
     vertex  1.506137e+02  4.939604e+01  1.060000e+01
     vertex  1.505812e+02  4.940951e+01  1.060000e+01
     vertex  1.505151e+02  4.943379e+01  1.060000e+01
   endloop
 endfacet
 facet normal  0.000000e+00  0.000000e+00  1.000000e+00
   outer loop
     vertex  1.512942e+02  4.871555e+01  1.060000e+01
     vertex  1.513319e+02  4.861693e+01  1.060000e+01
     vertex  1.513077e+02  4.868302e+01  1.060000e+01
   endloop
 endfacet
 facet normal  0.000000e+00  0.000000e+00  1.000000e+00
   outer loop
     vertex  1.512798e+02  4.874770e+01  1.060000e+01
     vertex  1.505151e+02  4.943379e+01  1.060000e+01
     vertex  1.501000e+02  4.950184e+01  1.060000e+01
   endloop
 endfacet
 facet normal  0.000000e+00  0.000000e+00  1.000000e+00
   outer loop
     vertex  1.512798e+02  4.874770e+01  1.060000e+01
     vertex  1.514000e+02  4.820184e+01  1.060000e+01
     vertex  1.513319e+02  4.861693e+01  1.060000e+01
   endloop
 endfacet
 facet normal  0.000000e+00  0.000000e+00  1.000000e+00
   outer loop
     vertex  1.512798e+02  4.874770e+01  1.060000e+01
     vertex  1.513319e+02  4.861693e+01  1.060000e+01
     vertex  1.512942e+02  4.871555e+01  1.060000e+01
   endloop
 endfacet
 facet normal  0.000000e+00  0.000000e+00  1.000000e+00
   outer loop
     vertex  1.512798e+02  4.874770e+01  1.060000e+01
     vertex  1.501000e+02  4.950184e+01  1.060000e+01
     vertex  1.514000e+02  4.820184e+01  1.060000e+01
   endloop
 endfacet
 facet normal  0.000000e+00  0.000000e+00  1.000000e+00
   outer loop
     vertex  1.512486e+02  4.881077e+01  1.060000e+01
     vertex  1.512798e+02  4.874770e+01  1.060000e+01
     vertex  1.512646e+02  4.877945e+01  1.060000e+01
   endloop
 endfacet
 facet normal  0.000000e+00  0.000000e+00  1.000000e+00
   outer loop
     vertex  1.507089e+02  4.935041e+01  1.060000e+01
     vertex  1.506137e+02  4.939604e+01  1.060000e+01
     vertex  1.505151e+02  4.943379e+01  1.060000e+01
   endloop
 endfacet
 facet normal  0.000000e+00  0.000000e+00  1.000000e+00
   outer loop
     vertex  1.507089e+02  4.935041e+01  1.060000e+01
     vertex  1.506776e+02  4.936647e+01  1.060000e+01
     vertex  1.506459e+02  4.938169e+01  1.060000e+01
   endloop
 endfacet
 facet normal  0.000000e+00  0.000000e+00  1.000000e+00
   outer loop
     vertex  1.507089e+02  4.935041e+01  1.060000e+01
     vertex  1.506459e+02  4.938169e+01  1.060000e+01
     vertex  1.506137e+02  4.939604e+01  1.060000e+01
   endloop
 endfacet
 facet normal  0.000000e+00  0.000000e+00  1.000000e+00
   outer loop
     vertex  1.507702e+02  4.931575e+01  1.060000e+01
     vertex  1.507398e+02  4.933349e+01  1.060000e+01
     vertex  1.507089e+02  4.935041e+01  1.060000e+01
   endloop
 endfacet
 facet normal  0.000000e+00  0.000000e+00  1.000000e+00
   outer loop
     vertex  1.508295e+02  4.927784e+01  1.060000e+01
     vertex  1.507702e+02  4.931575e+01  1.060000e+01
     vertex  1.507089e+02  4.935041e+01  1.060000e+01
   endloop
 endfacet
 facet normal  0.000000e+00  0.000000e+00  1.000000e+00
   outer loop
     vertex  1.508295e+02  4.927784e+01  1.060000e+01
     vertex  1.508001e+02  4.929720e+01  1.060000e+01
     vertex  1.507702e+02  4.931575e+01  1.060000e+01
   endloop
 endfacet
 facet normal  0.000000e+00  0.000000e+00  1.000000e+00
   outer loop
     vertex  1.511760e+02  4.893138e+01  1.060000e+01
     vertex  1.512486e+02  4.881077e+01  1.060000e+01
     vertex  1.512317e+02  4.884165e+01  1.060000e+01
   endloop
 endfacet
 facet normal  0.000000e+00  0.000000e+00  1.000000e+00
   outer loop
     vertex  1.511760e+02  4.893138e+01  1.060000e+01
     vertex  1.512317e+02  4.884165e+01  1.060000e+01
     vertex  1.512139e+02  4.887206e+01  1.060000e+01
   endloop
 endfacet
 facet normal  0.000000e+00  0.000000e+00  1.000000e+00
   outer loop
     vertex  1.511760e+02  4.893138e+01  1.060000e+01
     vertex  1.512139e+02  4.887206e+01  1.060000e+01
     vertex  1.511954e+02  4.890198e+01  1.060000e+01
   endloop
 endfacet
 facet normal  0.000000e+00  0.000000e+00  1.000000e+00
   outer loop
     vertex  1.511558e+02  4.896025e+01  1.060000e+01
     vertex  1.512798e+02  4.874770e+01  1.060000e+01
     vertex  1.512486e+02  4.881077e+01  1.060000e+01
   endloop
 endfacet
 facet normal  0.000000e+00  0.000000e+00  1.000000e+00
   outer loop
     vertex  1.511558e+02  4.896025e+01  1.060000e+01
     vertex  1.512486e+02  4.881077e+01  1.060000e+01
     vertex  1.511760e+02  4.893138e+01  1.060000e+01
   endloop
 endfacet
 facet normal  0.000000e+00  0.000000e+00  1.000000e+00
   outer loop
     vertex  1.508867e+02  4.923676e+01  1.060000e+01
     vertex  1.507089e+02  4.935041e+01  1.060000e+01
     vertex  1.505151e+02  4.943379e+01  1.060000e+01
   endloop
 endfacet
 facet normal  0.000000e+00  0.000000e+00  1.000000e+00
   outer loop
     vertex  1.508867e+02  4.923676e+01  1.060000e+01
     vertex  1.508584e+02  4.925769e+01  1.060000e+01
     vertex  1.508295e+02  4.927784e+01  1.060000e+01
   endloop
 endfacet
 facet normal  0.000000e+00  0.000000e+00  1.000000e+00
   outer loop
     vertex  1.508867e+02  4.923676e+01  1.060000e+01
     vertex  1.508295e+02  4.927784e+01  1.060000e+01
     vertex  1.507089e+02  4.935041e+01  1.060000e+01
   endloop
 endfacet
 facet normal  0.000000e+00  0.000000e+00  1.000000e+00
   outer loop
     vertex  1.509145e+02  4.921508e+01  1.060000e+01
     vertex  1.508867e+02  4.923676e+01  1.060000e+01
     vertex  1.505151e+02  4.943379e+01  1.060000e+01
   endloop
 endfacet
 facet normal  0.000000e+00  0.000000e+00  1.000000e+00
   outer loop
     vertex  1.509416e+02  4.919265e+01  1.060000e+01
     vertex  1.509145e+02  4.921508e+01  1.060000e+01
     vertex  1.505151e+02  4.943379e+01  1.060000e+01
   endloop
 endfacet
 facet normal  0.000000e+00  0.000000e+00  1.000000e+00
   outer loop
     vertex  1.510908e+02  4.904344e+01  1.060000e+01
     vertex  1.511558e+02  4.896025e+01  1.060000e+01
     vertex  1.511349e+02  4.898857e+01  1.060000e+01
   endloop
 endfacet
 facet normal  0.000000e+00  0.000000e+00  1.000000e+00
   outer loop
     vertex  1.510908e+02  4.904344e+01  1.060000e+01
     vertex  1.511349e+02  4.898857e+01  1.060000e+01
     vertex  1.511132e+02  4.901630e+01  1.060000e+01
   endloop
 endfacet
 facet normal  0.000000e+00  0.000000e+00  1.000000e+00
   outer loop
     vertex  1.509681e+02  4.916950e+01  1.060000e+01
     vertex  1.509416e+02  4.919265e+01  1.060000e+01
     vertex  1.505151e+02  4.943379e+01  1.060000e+01
   endloop
 endfacet
 facet normal  0.000000e+00  0.000000e+00  1.000000e+00
   outer loop
     vertex  1.510192e+02  4.912108e+01  1.060000e+01
     vertex  1.505151e+02  4.943379e+01  1.060000e+01
     vertex  1.512798e+02  4.874770e+01  1.060000e+01
   endloop
 endfacet
 facet normal  0.000000e+00  0.000000e+00  1.000000e+00
   outer loop
     vertex  1.510192e+02  4.912108e+01  1.060000e+01
     vertex  1.510908e+02  4.904344e+01  1.060000e+01
     vertex  1.510677e+02  4.906996e+01  1.060000e+01
   endloop
 endfacet
 facet normal  0.000000e+00  0.000000e+00  1.000000e+00
   outer loop
     vertex  1.510192e+02  4.912108e+01  1.060000e+01
     vertex  1.510677e+02  4.906996e+01  1.060000e+01
     vertex  1.510438e+02  4.909585e+01  1.060000e+01
   endloop
 endfacet
 facet normal  0.000000e+00  0.000000e+00  1.000000e+00
   outer loop
     vertex  1.510192e+02  4.912108e+01  1.060000e+01
     vertex  1.509940e+02  4.914563e+01  1.060000e+01
     vertex  1.509681e+02  4.916950e+01  1.060000e+01
   endloop
 endfacet
 facet normal  0.000000e+00  0.000000e+00  1.000000e+00
   outer loop
     vertex  1.510192e+02  4.912108e+01  1.060000e+01
     vertex  1.512798e+02  4.874770e+01  1.060000e+01
     vertex  1.511558e+02  4.896025e+01  1.060000e+01
   endloop
 endfacet
 facet normal  0.000000e+00  0.000000e+00  1.000000e+00
   outer loop
     vertex  1.510192e+02  4.912108e+01  1.060000e+01
     vertex  1.511558e+02  4.896025e+01  1.060000e+01
     vertex  1.510908e+02  4.904344e+01  1.060000e+01
   endloop
 endfacet
 facet normal  0.000000e+00  0.000000e+00  1.000000e+00
   outer loop
     vertex  1.510192e+02  4.912108e+01  1.060000e+01
     vertex  1.509681e+02  4.916950e+01  1.060000e+01
     vertex  1.505151e+02  4.943379e+01  1.060000e+01
   endloop
 endfacet
 facet normal  1.000000e+00  0.000000e+00  0.000000e+00
   outer loop
     vertex  1.334000e+02  5.123155e+01  9.145622e+00
     vertex  1.334000e+02  5.125184e+01  9.146447e+00
     vertex  1.334000e+02  5.124507e+01  9.146355e+00
   endloop
 endfacet
 facet normal  1.000000e+00  0.000000e+00  0.000000e+00
   outer loop
     vertex  1.334000e+02  5.123155e+01  9.145622e+00
     vertex  1.334000e+02  5.124507e+01  9.146355e+00
     vertex  1.334000e+02  5.123831e+01  9.146080e+00
   endloop
 endfacet
 facet normal  1.000000e+00  0.000000e+00  0.000000e+00
   outer loop
     vertex  1.334000e+02  5.122481e+01  9.144981e+00
     vertex  1.334000e+02  5.125184e+01  9.146447e+00
     vertex  1.334000e+02  5.123155e+01  9.145622e+00
   endloop
 endfacet
 facet normal  1.000000e+00  0.000000e+00  0.000000e+00
   outer loop
     vertex  1.334000e+02  5.121809e+01  9.144158e+00
     vertex  1.334000e+02  5.125184e+01  9.146447e+00
     vertex  1.334000e+02  5.122481e+01  9.144981e+00
   endloop
 endfacet
 facet normal  1.000000e+00  0.000000e+00  0.000000e+00
   outer loop
     vertex  1.334000e+02  5.121139e+01  9.143153e+00
     vertex  1.334000e+02  5.125184e+01  9.146447e+00
     vertex  1.334000e+02  5.121809e+01  9.144158e+00
   endloop
 endfacet
 facet normal  1.000000e+00  0.000000e+00  0.000000e+00
   outer loop
     vertex  1.334000e+02  5.120473e+01  9.141968e+00
     vertex  1.334000e+02  5.125184e+01  9.146447e+00
     vertex  1.334000e+02  5.121139e+01  9.143153e+00
   endloop
 endfacet
 facet normal  1.000000e+00  0.000000e+00  0.000000e+00
   outer loop
     vertex  1.334000e+02  5.119810e+01  9.140602e+00
     vertex  1.334000e+02  5.125184e+01  9.146447e+00
     vertex  1.334000e+02  5.120473e+01  9.141968e+00
   endloop
 endfacet
 facet normal  1.000000e+00  0.000000e+00  0.000000e+00
   outer loop
     vertex  1.334000e+02  5.118496e+01  9.137334e+00
     vertex  1.334000e+02  5.119810e+01  9.140602e+00
     vertex  1.334000e+02  5.119151e+01  9.139057e+00
   endloop
 endfacet
 facet normal  1.000000e+00  0.000000e+00  0.000000e+00
   outer loop
     vertex  1.334000e+02  5.117201e+01  9.133360e+00
     vertex  1.334000e+02  5.118496e+01  9.137334e+00
     vertex  1.334000e+02  5.117846e+01  9.135435e+00
   endloop
 endfacet
 facet normal  1.000000e+00  0.000000e+00  0.000000e+00
   outer loop
     vertex  1.334000e+02  5.117201e+01  9.133360e+00
     vertex  1.334000e+02  5.119810e+01  9.140602e+00
     vertex  1.334000e+02  5.118496e+01  9.137334e+00
   endloop
 endfacet
 facet normal  1.000000e+00  0.000000e+00  0.000000e+00
   outer loop
     vertex  1.334000e+02  5.116563e+01  9.131111e+00
     vertex  1.334000e+02  5.125184e+01  9.146447e+00
     vertex  1.334000e+02  5.119810e+01  9.140602e+00
   endloop
 endfacet
 facet normal  1.000000e+00  0.000000e+00  0.000000e+00
   outer loop
     vertex  1.334000e+02  5.116563e+01  9.131111e+00
     vertex  1.334000e+02  5.119810e+01  9.140602e+00
     vertex  1.334000e+02  5.117201e+01  9.133360e+00
   endloop
 endfacet
 facet normal  1.000000e+00  0.000000e+00  0.000000e+00
   outer loop
     vertex  1.334000e+02  5.115305e+01  9.126100e+00
     vertex  1.334000e+02  5.116563e+01  9.131111e+00
     vertex  1.334000e+02  5.115931e+01  9.128691e+00
   endloop
 endfacet
 facet normal  1.000000e+00  0.000000e+00  0.000000e+00
   outer loop
     vertex  1.334000e+02  5.114076e+01  9.120415e+00
     vertex  1.334000e+02  5.115305e+01  9.126100e+00
     vertex  1.334000e+02  5.114687e+01  9.123340e+00
   endloop
 endfacet
 facet normal  1.000000e+00  0.000000e+00  0.000000e+00
   outer loop
     vertex  1.334000e+02  5.114076e+01  9.120415e+00
     vertex  1.334000e+02  5.116563e+01  9.131111e+00
     vertex  1.334000e+02  5.115305e+01  9.126100e+00
   endloop
 endfacet
 facet normal  1.000000e+00  0.000000e+00  0.000000e+00
   outer loop
     vertex  1.334000e+02  5.113474e+01  9.117325e+00
     vertex  1.334000e+02  5.116563e+01  9.131111e+00
     vertex  1.334000e+02  5.114076e+01  9.120415e+00
   endloop
 endfacet
 facet normal  1.000000e+00  0.000000e+00  0.000000e+00
   outer loop
     vertex  1.334000e+02  5.112295e+01  9.110661e+00
     vertex  1.334000e+02  5.113474e+01  9.117325e+00
     vertex  1.334000e+02  5.112880e+01  9.114073e+00
   endloop
 endfacet
 facet normal  1.000000e+00  0.000000e+00  0.000000e+00
   outer loop
     vertex  1.334000e+02  5.111720e+01  9.107092e+00
     vertex  1.334000e+02  5.125184e+01  9.146447e+00
     vertex  1.334000e+02  5.116563e+01  9.131111e+00
   endloop
 endfacet
 facet normal  1.000000e+00  0.000000e+00  0.000000e+00
   outer loop
     vertex  1.334000e+02  5.111720e+01  9.107092e+00
     vertex  1.334000e+02  5.113474e+01  9.117325e+00
     vertex  1.334000e+02  5.112295e+01  9.110661e+00
   endloop
 endfacet
 facet normal  1.000000e+00  0.000000e+00  0.000000e+00
   outer loop
     vertex  1.334000e+02  5.111720e+01  9.107092e+00
     vertex  1.334000e+02  5.116563e+01  9.131111e+00
     vertex  1.334000e+02  5.113474e+01  9.117325e+00
   endloop
 endfacet
 facet normal  1.000000e+00  0.000000e+00  0.000000e+00
   outer loop
     vertex  1.334000e+02  5.111154e+01  9.103369e+00
     vertex  1.334000e+02  5.125184e+01  9.146447e+00
     vertex  1.334000e+02  5.111720e+01  9.107092e+00
   endloop
 endfacet
 facet normal  1.000000e+00  0.000000e+00  0.000000e+00
   outer loop
     vertex  1.334000e+02  5.109521e+01  9.091300e+00
     vertex  1.334000e+02  5.111154e+01  9.103369e+00
     vertex  1.334000e+02  5.110599e+01  9.099494e+00
   endloop
 endfacet
 facet normal  1.000000e+00  0.000000e+00  0.000000e+00
   outer loop
     vertex  1.334000e+02  5.109521e+01  9.091300e+00
     vertex  1.334000e+02  5.110599e+01  9.099494e+00
     vertex  1.334000e+02  5.110055e+01  9.095470e+00
   endloop
 endfacet
 facet normal  1.000000e+00  0.000000e+00  0.000000e+00
   outer loop
     vertex  1.334000e+02  5.108999e+01  9.086987e+00
     vertex  1.334000e+02  5.111154e+01  9.103369e+00
     vertex  1.334000e+02  5.109521e+01  9.091300e+00
   endloop
 endfacet
 facet normal  1.000000e+00  0.000000e+00  0.000000e+00
   outer loop
     vertex  1.334000e+02  5.107992e+01  9.077945e+00
     vertex  1.334000e+02  5.108999e+01  9.086987e+00
     vertex  1.334000e+02  5.108489e+01  9.082535e+00
   endloop
 endfacet
 facet normal  1.000000e+00  0.000000e+00  0.000000e+00
   outer loop
     vertex  1.334000e+02  5.107992e+01  9.077945e+00
     vertex  1.334000e+02  5.111154e+01  9.103369e+00
     vertex  1.334000e+02  5.108999e+01  9.086987e+00
   endloop
 endfacet
 facet normal  1.000000e+00  0.000000e+00  0.000000e+00
   outer loop
     vertex  1.334000e+02  5.107506e+01  9.073223e+00
     vertex  1.334000e+02  5.125184e+01  9.146447e+00
     vertex  1.334000e+02  5.111154e+01  9.103369e+00
   endloop
 endfacet
 facet normal  1.000000e+00  0.000000e+00  0.000000e+00
   outer loop
     vertex  1.334000e+02  5.107506e+01  9.073223e+00
     vertex  1.334000e+02  5.111154e+01  9.103369e+00
     vertex  1.334000e+02  5.107992e+01  9.077945e+00
   endloop
 endfacet
 facet normal  1.000000e+00  0.000000e+00  0.000000e+00
   outer loop
     vertex  1.334000e+02  4.950184e+01  7.500000e+00
     vertex  1.334000e+02  4.950184e+01  0.000000e+00
     vertex  1.334000e+02  5.125184e+01  2.712500e+00
   endloop
 endfacet
 facet normal  1.000000e+00 -0.000000e+00  0.000000e+00
   outer loop
     vertex  1.334000e+02  4.950184e+01  7.500000e+00
     vertex  1.334000e+02  5.125184e+01  2.712500e+00
     vertex  1.334000e+02  5.125184e+01  9.146447e+00
   endloop
 endfacet
 facet normal  1.000000e+00  0.000000e+00  0.000000e+00
   outer loop
     vertex  1.334000e+02  4.950184e+01  7.500000e+00
     vertex  1.334000e+02  5.125184e+01  9.146447e+00
     vertex  1.334000e+02  5.107506e+01  9.073223e+00
   endloop
 endfacet
 facet normal  0.000000e+00 -7.071068e-01  7.071068e-01
   outer loop
     vertex  1.800000e+01  4.950184e+01  7.500000e+00
     vertex  1.334000e+02  5.107506e+01  9.073223e+00
     vertex  1.800000e+01  5.107506e+01  9.073223e+00
   endloop
 endfacet
 facet normal  0.000000e+00 -7.071068e-01  7.071068e-01
   outer loop
     vertex  1.800000e+01  4.950184e+01  7.500000e+00
     vertex  1.334000e+02  4.950184e+01  7.500000e+00
     vertex  1.334000e+02  5.107506e+01  9.073223e+00
   endloop
 endfacet
 facet normal -1.000000e+00  0.000000e+00  0.000000e+00
   outer loop
     vertex  1.800000e+01  5.123155e+01  9.145622e+00
     vertex  1.800000e+01  5.124507e+01  9.146355e+00
     vertex  1.800000e+01  5.125184e+01  9.146447e+00
   endloop
 endfacet
 facet normal -1.000000e+00  0.000000e+00  0.000000e+00
   outer loop
     vertex  1.800000e+01  5.123155e+01  9.145622e+00
     vertex  1.800000e+01  5.123831e+01  9.146080e+00
     vertex  1.800000e+01  5.124507e+01  9.146355e+00
   endloop
 endfacet
 facet normal -1.000000e+00  0.000000e+00  0.000000e+00
   outer loop
     vertex  1.800000e+01  5.122481e+01  9.144981e+00
     vertex  1.800000e+01  5.123155e+01  9.145622e+00
     vertex  1.800000e+01  5.125184e+01  9.146447e+00
   endloop
 endfacet
 facet normal -1.000000e+00  0.000000e+00  0.000000e+00
   outer loop
     vertex  1.800000e+01  5.121809e+01  9.144158e+00
     vertex  1.800000e+01  5.122481e+01  9.144981e+00
     vertex  1.800000e+01  5.125184e+01  9.146447e+00
   endloop
 endfacet
 facet normal -1.000000e+00  0.000000e+00  0.000000e+00
   outer loop
     vertex  1.800000e+01  5.121139e+01  9.143153e+00
     vertex  1.800000e+01  5.121809e+01  9.144158e+00
     vertex  1.800000e+01  5.125184e+01  9.146447e+00
   endloop
 endfacet
 facet normal -1.000000e+00  0.000000e+00  0.000000e+00
   outer loop
     vertex  1.800000e+01  5.120473e+01  9.141968e+00
     vertex  1.800000e+01  5.121139e+01  9.143153e+00
     vertex  1.800000e+01  5.125184e+01  9.146447e+00
   endloop
 endfacet
 facet normal -1.000000e+00  0.000000e+00  0.000000e+00
   outer loop
     vertex  1.800000e+01  5.119810e+01  9.140602e+00
     vertex  1.800000e+01  5.120473e+01  9.141968e+00
     vertex  1.800000e+01  5.125184e+01  9.146447e+00
   endloop
 endfacet
 facet normal -1.000000e+00  0.000000e+00  0.000000e+00
   outer loop
     vertex  1.800000e+01  5.118496e+01  9.137334e+00
     vertex  1.800000e+01  5.119151e+01  9.139057e+00
     vertex  1.800000e+01  5.119810e+01  9.140602e+00
   endloop
 endfacet
 facet normal -1.000000e+00  0.000000e+00  0.000000e+00
   outer loop
     vertex  1.800000e+01  5.117201e+01  9.133360e+00
     vertex  1.800000e+01  5.117846e+01  9.135435e+00
     vertex  1.800000e+01  5.118496e+01  9.137334e+00
   endloop
 endfacet
 facet normal -1.000000e+00  0.000000e+00  0.000000e+00
   outer loop
     vertex  1.800000e+01  5.117201e+01  9.133360e+00
     vertex  1.800000e+01  5.118496e+01  9.137334e+00
     vertex  1.800000e+01  5.119810e+01  9.140602e+00
   endloop
 endfacet
 facet normal -1.000000e+00  0.000000e+00  0.000000e+00
   outer loop
     vertex  1.800000e+01  5.116563e+01  9.131111e+00
     vertex  1.800000e+01  5.119810e+01  9.140602e+00
     vertex  1.800000e+01  5.125184e+01  9.146447e+00
   endloop
 endfacet
 facet normal -1.000000e+00  0.000000e+00  0.000000e+00
   outer loop
     vertex  1.800000e+01  5.116563e+01  9.131111e+00
     vertex  1.800000e+01  5.117201e+01  9.133360e+00
     vertex  1.800000e+01  5.119810e+01  9.140602e+00
   endloop
 endfacet
 facet normal -1.000000e+00  0.000000e+00  0.000000e+00
   outer loop
     vertex  1.800000e+01  5.115305e+01  9.126100e+00
     vertex  1.800000e+01  5.115931e+01  9.128691e+00
     vertex  1.800000e+01  5.116563e+01  9.131111e+00
   endloop
 endfacet
 facet normal -1.000000e+00  0.000000e+00  0.000000e+00
   outer loop
     vertex  1.800000e+01  5.114076e+01  9.120415e+00
     vertex  1.800000e+01  5.114687e+01  9.123340e+00
     vertex  1.800000e+01  5.115305e+01  9.126100e+00
   endloop
 endfacet
 facet normal -1.000000e+00  0.000000e+00  0.000000e+00
   outer loop
     vertex  1.800000e+01  5.114076e+01  9.120415e+00
     vertex  1.800000e+01  5.115305e+01  9.126100e+00
     vertex  1.800000e+01  5.116563e+01  9.131111e+00
   endloop
 endfacet
 facet normal -1.000000e+00  0.000000e+00  0.000000e+00
   outer loop
     vertex  1.800000e+01  5.113474e+01  9.117325e+00
     vertex  1.800000e+01  5.114076e+01  9.120415e+00
     vertex  1.800000e+01  5.116563e+01  9.131111e+00
   endloop
 endfacet
 facet normal -1.000000e+00  0.000000e+00  0.000000e+00
   outer loop
     vertex  1.800000e+01  5.112295e+01  9.110661e+00
     vertex  1.800000e+01  5.112880e+01  9.114073e+00
     vertex  1.800000e+01  5.113474e+01  9.117325e+00
   endloop
 endfacet
 facet normal -1.000000e+00  0.000000e+00  0.000000e+00
   outer loop
     vertex  1.800000e+01  5.111720e+01  9.107092e+00
     vertex  1.800000e+01  5.116563e+01  9.131111e+00
     vertex  1.800000e+01  5.125184e+01  9.146447e+00
   endloop
 endfacet
 facet normal -1.000000e+00  0.000000e+00  0.000000e+00
   outer loop
     vertex  1.800000e+01  5.111720e+01  9.107092e+00
     vertex  1.800000e+01  5.112295e+01  9.110661e+00
     vertex  1.800000e+01  5.113474e+01  9.117325e+00
   endloop
 endfacet
 facet normal -1.000000e+00  0.000000e+00  0.000000e+00
   outer loop
     vertex  1.800000e+01  5.111720e+01  9.107092e+00
     vertex  1.800000e+01  5.113474e+01  9.117325e+00
     vertex  1.800000e+01  5.116563e+01  9.131111e+00
   endloop
 endfacet
 facet normal -1.000000e+00  0.000000e+00  0.000000e+00
   outer loop
     vertex  1.800000e+01  5.111154e+01  9.103369e+00
     vertex  1.800000e+01  5.111720e+01  9.107092e+00
     vertex  1.800000e+01  5.125184e+01  9.146447e+00
   endloop
 endfacet
 facet normal -1.000000e+00  0.000000e+00  0.000000e+00
   outer loop
     vertex  1.800000e+01  5.109521e+01  9.091300e+00
     vertex  1.800000e+01  5.110599e+01  9.099494e+00
     vertex  1.800000e+01  5.111154e+01  9.103369e+00
   endloop
 endfacet
 facet normal -1.000000e+00  0.000000e+00  0.000000e+00
   outer loop
     vertex  1.800000e+01  5.109521e+01  9.091300e+00
     vertex  1.800000e+01  5.110055e+01  9.095470e+00
     vertex  1.800000e+01  5.110599e+01  9.099494e+00
   endloop
 endfacet
 facet normal -1.000000e+00  0.000000e+00  0.000000e+00
   outer loop
     vertex  1.800000e+01  5.108999e+01  9.086987e+00
     vertex  1.800000e+01  5.109521e+01  9.091300e+00
     vertex  1.800000e+01  5.111154e+01  9.103369e+00
   endloop
 endfacet
 facet normal -1.000000e+00  0.000000e+00  0.000000e+00
   outer loop
     vertex  1.800000e+01  5.107992e+01  9.077945e+00
     vertex  1.800000e+01  5.108489e+01  9.082535e+00
     vertex  1.800000e+01  5.108999e+01  9.086987e+00
   endloop
 endfacet
 facet normal -1.000000e+00  0.000000e+00  0.000000e+00
   outer loop
     vertex  1.800000e+01  5.107992e+01  9.077945e+00
     vertex  1.800000e+01  5.108999e+01  9.086987e+00
     vertex  1.800000e+01  5.111154e+01  9.103369e+00
   endloop
 endfacet
 facet normal -1.000000e+00 -5.758146e-14  1.875328e-13
   outer loop
     vertex  1.800000e+01  5.107506e+01  9.073223e+00
     vertex  1.800000e+01  5.111154e+01  9.103369e+00
     vertex  1.800000e+01  5.125184e+01  9.146447e+00
   endloop
 endfacet
 facet normal -1.000000e+00 -3.473443e-12  4.321157e-12
   outer loop
     vertex  1.800000e+01  5.107506e+01  9.073223e+00
     vertex  1.800000e+01  5.107992e+01  9.077945e+00
     vertex  1.800000e+01  5.111154e+01  9.103369e+00
   endloop
 endfacet
 facet normal -1.000000e+00  2.030122e-15  0.000000e+00
   outer loop
     vertex  1.800000e+01  4.950184e+01  7.500000e+00
     vertex  1.800000e+01  5.125184e+01  2.712500e+00
     vertex  1.800000e+01  4.950184e+01 -0.000000e+00
   endloop
 endfacet
 facet normal -1.000000e+00  2.030122e-15  0.000000e+00
   outer loop
     vertex  1.800000e+01  4.950184e+01  7.500000e+00
     vertex  1.800000e+01  5.125184e+01  9.146447e+00
     vertex  1.800000e+01  5.125184e+01  2.712500e+00
   endloop
 endfacet
 facet normal -1.000000e+00  3.430804e-14 -3.430804e-14
   outer loop
     vertex  1.800000e+01  4.950184e+01  7.500000e+00
     vertex  1.800000e+01  5.107506e+01  9.073223e+00
     vertex  1.800000e+01  5.125184e+01  9.146447e+00
   endloop
 endfacet
 facet normal -1.261936e-14  8.402966e-01 -5.421269e-01
   outer loop
     vertex  1.332855e+02  5.146191e+01  3.038115e+00
     vertex  1.334000e+02  5.125184e+01  2.712500e+00
     vertex  1.334000e+02  4.950184e+01  0.000000e+00
   endloop
 endfacet
 facet normal -3.546919e-11  8.402966e-01 -5.421269e-01
   outer loop
     vertex  1.332855e+02  5.146191e+01  3.038115e+00
     vertex  1.332899e+02  5.145905e+01  3.033678e+00
     vertex  1.332941e+02  5.145610e+01  3.029102e+00
   endloop
 endfacet
 facet normal  1.423640e-11  8.402966e-01 -5.421269e-01
   outer loop
     vertex  1.332855e+02  5.146191e+01  3.038115e+00
     vertex  1.332941e+02  5.145610e+01  3.029102e+00
     vertex  1.332984e+02  5.145306e+01  3.024389e+00
   endloop
 endfacet
 facet normal  1.152076e-12  8.402966e-01 -5.421269e-01
   outer loop
     vertex  1.332855e+02  5.146191e+01  3.038115e+00
     vertex  1.332984e+02  5.145306e+01  3.024389e+00
     vertex  1.333025e+02  5.144993e+01  3.019542e+00
   endloop
 endfacet
 facet normal -2.823399e-12  8.402966e-01 -5.421269e-01
   outer loop
     vertex  1.332855e+02  5.146191e+01  3.038115e+00
     vertex  1.333025e+02  5.144993e+01  3.019542e+00
     vertex  1.333066e+02  5.144672e+01  3.014562e+00
   endloop
 endfacet
 facet normal  3.074194e-12  8.402966e-01 -5.421269e-01
   outer loop
     vertex  1.332855e+02  5.146191e+01  3.038115e+00
     vertex  1.333066e+02  5.144672e+01  3.014562e+00
     vertex  1.333106e+02  5.144342e+01  3.009451e+00
   endloop
 endfacet
 facet normal -4.698161e-12  8.402966e-01 -5.421269e-01
   outer loop
     vertex  1.332855e+02  5.146191e+01  3.038115e+00
     vertex  1.333106e+02  5.144342e+01  3.009451e+00
     vertex  1.333146e+02  5.144004e+01  3.004212e+00
   endloop
 endfacet
 facet normal  4.263447e-12  8.402966e-01 -5.421269e-01
   outer loop
     vertex  1.332855e+02  5.146191e+01  3.038115e+00
     vertex  1.333146e+02  5.144004e+01  3.004212e+00
     vertex  1.333184e+02  5.143658e+01  2.998847e+00
   endloop
 endfacet
 facet normal -5.218883e-12  8.402966e-01 -5.421269e-01
   outer loop
     vertex  1.332855e+02  5.146191e+01  3.038115e+00
     vertex  1.333184e+02  5.143658e+01  2.998847e+00
     vertex  1.333222e+02  5.143304e+01  2.993358e+00
   endloop
 endfacet
 facet normal  3.388931e-12  8.402966e-01 -5.421269e-01
   outer loop
     vertex  1.332855e+02  5.146191e+01  3.038115e+00
     vertex  1.333222e+02  5.143304e+01  2.993358e+00
     vertex  1.333260e+02  5.142942e+01  2.987748e+00
   endloop
 endfacet
 facet normal -1.651098e-12  8.402966e-01 -5.421269e-01
   outer loop
     vertex  1.332855e+02  5.146191e+01  3.038115e+00
     vertex  1.333260e+02  5.142942e+01  2.987748e+00
     vertex  1.333296e+02  5.142572e+01  2.982019e+00
   endloop
 endfacet
 facet normal  1.848758e-13  8.402966e-01 -5.421269e-01
   outer loop
     vertex  1.332855e+02  5.146191e+01  3.038115e+00
     vertex  1.333296e+02  5.142572e+01  2.982019e+00
     vertex  1.333332e+02  5.142195e+01  2.976173e+00
   endloop
 endfacet
 facet normal  3.028796e-12  8.402966e-01 -5.421269e-01
   outer loop
     vertex  1.332855e+02  5.146191e+01  3.038115e+00
     vertex  1.333332e+02  5.142195e+01  2.976173e+00
     vertex  1.333367e+02  5.141811e+01  2.970214e+00
   endloop
 endfacet
 facet normal -1.394229e-12  8.402966e-01 -5.421269e-01
   outer loop
     vertex  1.332855e+02  5.146191e+01  3.038115e+00
     vertex  1.333367e+02  5.141811e+01  2.970214e+00
     vertex  1.333401e+02  5.141419e+01  2.964143e+00
   endloop
 endfacet
 facet normal  1.024704e-12  8.402966e-01 -5.421269e-01
   outer loop
     vertex  1.332855e+02  5.146191e+01  3.038115e+00
     vertex  1.333401e+02  5.141419e+01  2.964143e+00
     vertex  1.333434e+02  5.141020e+01  2.957963e+00
   endloop
 endfacet
 facet normal -6.687901e-13  8.402966e-01 -5.421269e-01
   outer loop
     vertex  1.332855e+02  5.146191e+01  3.038115e+00
     vertex  1.333434e+02  5.141020e+01  2.957963e+00
     vertex  1.333467e+02  5.140615e+01  2.951678e+00
   endloop
 endfacet
 facet normal -1.679089e-13  8.402966e-01 -5.421269e-01
   outer loop
     vertex  1.332855e+02  5.146191e+01  3.038115e+00
     vertex  1.333467e+02  5.140615e+01  2.951678e+00
     vertex  1.333499e+02  5.140203e+01  2.945288e+00
   endloop
 endfacet
 facet normal -2.242055e-12  8.402966e-01 -5.421269e-01
   outer loop
     vertex  1.332855e+02  5.146191e+01  3.038115e+00
     vertex  1.333499e+02  5.140203e+01  2.945288e+00
     vertex  1.333539e+02  5.139643e+01  2.936614e+00
   endloop
 endfacet
 facet normal  3.640760e-13  8.402966e-01 -5.421269e-01
   outer loop
     vertex  1.332855e+02  5.146191e+01  3.038115e+00
     vertex  1.333539e+02  5.139643e+01  2.936614e+00
     vertex  1.333584e+02  5.139000e+01  2.926649e+00
   endloop
 endfacet
 facet normal  1.559714e-12  8.402966e-01 -5.421269e-01
   outer loop
     vertex  1.332855e+02  5.146191e+01  3.038115e+00
     vertex  1.333584e+02  5.139000e+01  2.926649e+00
     vertex  1.333626e+02  5.138344e+01  2.916476e+00
   endloop
 endfacet
 facet normal -1.381257e-12  8.402966e-01 -5.421269e-01
   outer loop
     vertex  1.332855e+02  5.146191e+01  3.038115e+00
     vertex  1.333626e+02  5.138344e+01  2.916476e+00
     vertex  1.333666e+02  5.137675e+01  2.906105e+00
   endloop
 endfacet
 facet normal -5.905787e-13  8.402966e-01 -5.421269e-01
   outer loop
     vertex  1.332855e+02  5.146191e+01  3.038115e+00
     vertex  1.333666e+02  5.137675e+01  2.906105e+00
     vertex  1.333703e+02  5.136993e+01  2.895546e+00
   endloop
 endfacet
 facet normal  1.926312e-12  8.402966e-01 -5.421269e-01
   outer loop
     vertex  1.332855e+02  5.146191e+01  3.038115e+00
     vertex  1.333703e+02  5.136993e+01  2.895546e+00
     vertex  1.333739e+02  5.136301e+01  2.884809e+00
   endloop
 endfacet
 facet normal -4.996875e-13  8.402966e-01 -5.421269e-01
   outer loop
     vertex  1.332855e+02  5.146191e+01  3.038115e+00
     vertex  1.333739e+02  5.136301e+01  2.884809e+00
     vertex  1.333773e+02  5.135597e+01  2.873904e+00
   endloop
 endfacet
 facet normal  3.848812e-13  8.402966e-01 -5.421269e-01
   outer loop
     vertex  1.332855e+02  5.146191e+01  3.038115e+00
     vertex  1.333773e+02  5.135597e+01  2.873904e+00
     vertex  1.333804e+02  5.134884e+01  2.862842e+00
   endloop
 endfacet
 facet normal -7.748785e-13  8.402966e-01 -5.421269e-01
   outer loop
     vertex  1.332855e+02  5.146191e+01  3.038115e+00
     vertex  1.333804e+02  5.134884e+01  2.862842e+00
     vertex  1.333833e+02  5.134160e+01  2.851634e+00
   endloop
 endfacet
 facet normal -4.694484e-13  8.402966e-01 -5.421269e-01
   outer loop
     vertex  1.332855e+02  5.146191e+01  3.038115e+00
     vertex  1.333833e+02  5.134160e+01  2.851634e+00
     vertex  1.333860e+02  5.133429e+01  2.840291e+00
   endloop
 endfacet
 facet normal -5.336637e-13  8.402966e-01 -5.421269e-01
   outer loop
     vertex  1.332855e+02  5.146191e+01  3.038115e+00
     vertex  1.333860e+02  5.133429e+01  2.840291e+00
     vertex  1.333885e+02  5.132689e+01  2.828824e+00
   endloop
 endfacet
 facet normal  1.620888e-12  8.402966e-01 -5.421269e-01
   outer loop
     vertex  1.332855e+02  5.146191e+01  3.038115e+00
     vertex  1.333885e+02  5.132689e+01  2.828824e+00
     vertex  1.333907e+02  5.131942e+01  2.817243e+00
   endloop
 endfacet
 facet normal -1.537048e-12  8.402966e-01 -5.421269e-01
   outer loop
     vertex  1.332855e+02  5.146191e+01  3.038115e+00
     vertex  1.333907e+02  5.131942e+01  2.817243e+00
     vertex  1.333927e+02  5.131188e+01  2.805561e+00
   endloop
 endfacet
 facet normal  7.445470e-13  8.402966e-01 -5.421269e-01
   outer loop
     vertex  1.332855e+02  5.146191e+01  3.038115e+00
     vertex  1.333927e+02  5.131188e+01  2.805561e+00
     vertex  1.333944e+02  5.130428e+01  2.793788e+00
   endloop
 endfacet
 facet normal -6.272476e-13  8.402966e-01 -5.421269e-01
   outer loop
     vertex  1.332855e+02  5.146191e+01  3.038115e+00
     vertex  1.333944e+02  5.130428e+01  2.793788e+00
     vertex  1.333960e+02  5.129664e+01  2.781936e+00
   endloop
 endfacet
 facet normal  1.886601e-13  8.402966e-01 -5.421269e-01
   outer loop
     vertex  1.332855e+02  5.146191e+01  3.038115e+00
     vertex  1.333960e+02  5.129664e+01  2.781936e+00
     vertex  1.333972e+02  5.128895e+01  2.770017e+00
   endloop
 endfacet
 facet normal  1.485633e-13  8.402966e-01 -5.421269e-01
   outer loop
     vertex  1.332855e+02  5.146191e+01  3.038115e+00
     vertex  1.333972e+02  5.128895e+01  2.770017e+00
     vertex  1.333983e+02  5.128122e+01  2.758042e+00
   endloop
 endfacet
 facet normal  1.019614e-12  8.402966e-01 -5.421269e-01
   outer loop
     vertex  1.332855e+02  5.146191e+01  3.038115e+00
     vertex  1.333983e+02  5.128122e+01  2.758042e+00
     vertex  1.333991e+02  5.127347e+01  2.746022e+00
   endloop
 endfacet
 facet normal -9.180674e-14  8.402966e-01 -5.421269e-01
   outer loop
     vertex  1.332855e+02  5.146191e+01  3.038115e+00
     vertex  1.333991e+02  5.127347e+01  2.746022e+00
     vertex  1.333996e+02  5.126569e+01  2.733970e+00
   endloop
 endfacet
 facet normal -1.431222e-12  8.402966e-01 -5.421269e-01
   outer loop
     vertex  1.332855e+02  5.146191e+01  3.038115e+00
     vertex  1.333996e+02  5.126569e+01  2.733970e+00
     vertex  1.333999e+02  5.125877e+01  2.723239e+00
   endloop
 endfacet
 facet normal  1.031793e-12  8.402966e-01 -5.421269e-01
   outer loop
     vertex  1.332855e+02  5.146191e+01  3.038115e+00
     vertex  1.333999e+02  5.125877e+01  2.723239e+00
     vertex  1.334000e+02  5.125184e+01  2.712500e+00
   endloop
 endfacet
 facet normal  1.261936e-14  8.402966e-01 -5.421269e-01
   outer loop
     vertex  1.811447e+01  5.146191e+01  3.038115e+00
     vertex  1.800000e+01  4.950184e+01 -0.000000e+00
     vertex  1.800000e+01  5.125184e+01  2.712500e+00
   endloop
 endfacet
 facet normal  0.000000e+00  8.402966e-01 -5.421269e-01
   outer loop
     vertex  1.811447e+01  5.146191e+01  3.038115e+00
     vertex  1.334000e+02  4.950184e+01  0.000000e+00
     vertex  1.800000e+01  4.950184e+01 -0.000000e+00
   endloop
 endfacet
 facet normal  2.360905e-11  8.402966e-01 -5.421269e-01
   outer loop
     vertex  1.811447e+01  5.146191e+01  3.038115e+00
     vertex  1.810585e+01  5.145610e+01  3.029102e+00
     vertex  1.811013e+01  5.145905e+01  3.033678e+00
   endloop
 endfacet
 facet normal -4.153557e-12  8.402966e-01 -5.421269e-01
   outer loop
     vertex  1.811447e+01  5.146191e+01  3.038115e+00
     vertex  1.810164e+01  5.145306e+01  3.024389e+00
     vertex  1.810585e+01  5.145610e+01  3.029102e+00
   endloop
 endfacet
 facet normal -1.832848e-12  8.402966e-01 -5.421269e-01
   outer loop
     vertex  1.811447e+01  5.146191e+01  3.038115e+00
     vertex  1.809749e+01  5.144993e+01  3.019542e+00
     vertex  1.810164e+01  5.145306e+01  3.024389e+00
   endloop
 endfacet
 facet normal -2.226242e-12  8.402966e-01 -5.421269e-01
   outer loop
     vertex  1.811447e+01  5.146191e+01  3.038115e+00
     vertex  1.809340e+01  5.144672e+01  3.014562e+00
     vertex  1.809749e+01  5.144993e+01  3.019542e+00
   endloop
 endfacet
 facet normal  1.310026e-12  8.402966e-01 -5.421269e-01
   outer loop
     vertex  1.811447e+01  5.146191e+01  3.038115e+00
     vertex  1.808939e+01  5.144342e+01  3.009451e+00
     vertex  1.809340e+01  5.144672e+01  3.014562e+00
   endloop
 endfacet
 facet normal  4.798016e-12  8.402966e-01 -5.421269e-01
   outer loop
     vertex  1.811447e+01  5.146191e+01  3.038115e+00
     vertex  1.808544e+01  5.144004e+01  3.004212e+00
     vertex  1.808939e+01  5.144342e+01  3.009451e+00
   endloop
 endfacet
 facet normal -6.882208e-12  8.402966e-01 -5.421269e-01
   outer loop
     vertex  1.811447e+01  5.146191e+01  3.038115e+00
     vertex  1.808156e+01  5.143658e+01  2.998847e+00
     vertex  1.808544e+01  5.144004e+01  3.004212e+00
   endloop
 endfacet
 facet normal  7.638811e-13  8.402966e-01 -5.421269e-01
   outer loop
     vertex  1.811447e+01  5.146191e+01  3.038115e+00
     vertex  1.807776e+01  5.143304e+01  2.993358e+00
     vertex  1.808156e+01  5.143658e+01  2.998847e+00
   endloop
 endfacet
 facet normal  4.817324e-12  8.402966e-01 -5.421269e-01
   outer loop
     vertex  1.811447e+01  5.146191e+01  3.038115e+00
     vertex  1.807403e+01  5.142942e+01  2.987748e+00
     vertex  1.807776e+01  5.143304e+01  2.993358e+00
   endloop
 endfacet
 facet normal  2.675390e-14  8.402966e-01 -5.421269e-01
   outer loop
     vertex  1.811447e+01  5.146191e+01  3.038115e+00
     vertex  1.807038e+01  5.142572e+01  2.982019e+00
     vertex  1.807403e+01  5.142942e+01  2.987748e+00
   endloop
 endfacet
 facet normal -3.193889e-12  8.402966e-01 -5.421269e-01
   outer loop
     vertex  1.811447e+01  5.146191e+01  3.038115e+00
     vertex  1.806680e+01  5.142195e+01  2.976173e+00
     vertex  1.807038e+01  5.142572e+01  2.982019e+00
   endloop
 endfacet
 facet normal  3.611880e-12  8.402966e-01 -5.421269e-01
   outer loop
     vertex  1.811447e+01  5.146191e+01  3.038115e+00
     vertex  1.806330e+01  5.141811e+01  2.970214e+00
     vertex  1.806680e+01  5.142195e+01  2.976173e+00
   endloop
 endfacet
 facet normal -4.673678e-12  8.402966e-01 -5.421269e-01
   outer loop
     vertex  1.811447e+01  5.146191e+01  3.038115e+00
     vertex  1.805989e+01  5.141419e+01  2.964143e+00
     vertex  1.806330e+01  5.141811e+01  2.970214e+00
   endloop
 endfacet
 facet normal  2.073518e-12  8.402966e-01 -5.421269e-01
   outer loop
     vertex  1.811447e+01  5.146191e+01  3.038115e+00
     vertex  1.805655e+01  5.141020e+01  2.957963e+00
     vertex  1.805989e+01  5.141419e+01  2.964143e+00
   endloop
 endfacet
 facet normal  1.893732e-12  8.402966e-01 -5.421269e-01
   outer loop
     vertex  1.811447e+01  5.146191e+01  3.038115e+00
     vertex  1.805330e+01  5.140615e+01  2.951678e+00
     vertex  1.805655e+01  5.141020e+01  2.957963e+00
   endloop
 endfacet
 facet normal  3.544744e-13  8.402966e-01 -5.421269e-01
   outer loop
     vertex  1.811447e+01  5.146191e+01  3.038115e+00
     vertex  1.805014e+01  5.140203e+01  2.945288e+00
     vertex  1.805330e+01  5.140615e+01  2.951678e+00
   endloop
 endfacet
 facet normal -2.074920e-12  8.402966e-01 -5.421269e-01
   outer loop
     vertex  1.811447e+01  5.146191e+01  3.038115e+00
     vertex  1.804605e+01  5.139643e+01  2.936614e+00
     vertex  1.805014e+01  5.140203e+01  2.945288e+00
   endloop
 endfacet
 facet normal  0.000000e+00  8.402966e-01 -5.421269e-01
   outer loop
     vertex  1.811447e+01  5.146191e+01  3.038115e+00
     vertex  1.332855e+02  5.146191e+01  3.038115e+00
     vertex  1.334000e+02  4.950184e+01  0.000000e+00
   endloop
 endfacet
 facet normal  1.303828e-12  8.402966e-01 -5.421269e-01
   outer loop
     vertex  1.811447e+01  5.146191e+01  3.038115e+00
     vertex  1.804165e+01  5.139000e+01  2.926649e+00
     vertex  1.804605e+01  5.139643e+01  2.936614e+00
   endloop
 endfacet
 facet normal -1.500756e-12  8.402966e-01 -5.421269e-01
   outer loop
     vertex  1.811447e+01  5.146191e+01  3.038115e+00
     vertex  1.803744e+01  5.138344e+01  2.916476e+00
     vertex  1.804165e+01  5.139000e+01  2.926649e+00
   endloop
 endfacet
 facet normal  3.079830e-13  8.402966e-01 -5.421269e-01
   outer loop
     vertex  1.811447e+01  5.146191e+01  3.038115e+00
     vertex  1.803344e+01  5.137675e+01  2.906105e+00
     vertex  1.803744e+01  5.138344e+01  2.916476e+00
   endloop
 endfacet
 facet normal  7.013122e-13  8.402966e-01 -5.421269e-01
   outer loop
     vertex  1.811447e+01  5.146191e+01  3.038115e+00
     vertex  1.802965e+01  5.136993e+01  2.895546e+00
     vertex  1.803344e+01  5.137675e+01  2.906105e+00
   endloop
 endfacet
 facet normal -7.341793e-13  8.402966e-01 -5.421269e-01
   outer loop
     vertex  1.811447e+01  5.146191e+01  3.038115e+00
     vertex  1.802608e+01  5.136301e+01  2.884809e+00
     vertex  1.802965e+01  5.136993e+01  2.895546e+00
   endloop
 endfacet
 facet normal  5.775609e-13  8.402966e-01 -5.421269e-01
   outer loop
     vertex  1.811447e+01  5.146191e+01  3.038115e+00
     vertex  1.802272e+01  5.135597e+01  2.873904e+00
     vertex  1.802608e+01  5.136301e+01  2.884809e+00
   endloop
 endfacet
 facet normal  8.514039e-13  8.402966e-01 -5.421269e-01
   outer loop
     vertex  1.811447e+01  5.146191e+01  3.038115e+00
     vertex  1.801958e+01  5.134884e+01  2.862842e+00
     vertex  1.802272e+01  5.135597e+01  2.873904e+00
   endloop
 endfacet
 facet normal -6.799955e-13  8.402966e-01 -5.421269e-01
   outer loop
     vertex  1.811447e+01  5.146191e+01  3.038115e+00
     vertex  1.801667e+01  5.134160e+01  2.851634e+00
     vertex  1.801958e+01  5.134884e+01  2.862842e+00
   endloop
 endfacet
 facet normal  2.347242e-13  8.402966e-01 -5.421269e-01
   outer loop
     vertex  1.811447e+01  5.146191e+01  3.038115e+00
     vertex  1.801399e+01  5.133429e+01  2.840291e+00
     vertex  1.801667e+01  5.134160e+01  2.851634e+00
   endloop
 endfacet
 facet normal -2.580833e-13  8.402966e-01 -5.421269e-01
   outer loop
     vertex  1.811447e+01  5.146191e+01  3.038115e+00
     vertex  1.801153e+01  5.132689e+01  2.828824e+00
     vertex  1.801399e+01  5.133429e+01  2.840291e+00
   endloop
 endfacet
 facet normal -1.179557e-12  8.402966e-01 -5.421269e-01
   outer loop
     vertex  1.811447e+01  5.146191e+01  3.038115e+00
     vertex  1.800931e+01  5.131942e+01  2.817243e+00
     vertex  1.801153e+01  5.132689e+01  2.828824e+00
   endloop
 endfacet
 facet normal  1.477930e-12  8.402966e-01 -5.421269e-01
   outer loop
     vertex  1.811447e+01  5.146191e+01  3.038115e+00
     vertex  1.800732e+01  5.131188e+01  2.805561e+00
     vertex  1.800931e+01  5.131942e+01  2.817243e+00
   endloop
 endfacet
 facet normal -1.127067e-12  8.402966e-01 -5.421269e-01
   outer loop
     vertex  1.811447e+01  5.146191e+01  3.038115e+00
     vertex  1.800556e+01  5.130428e+01  2.793788e+00
     vertex  1.800732e+01  5.131188e+01  2.805561e+00
   endloop
 endfacet
 facet normal -1.774034e-13  8.402966e-01 -5.421269e-01
   outer loop
     vertex  1.811447e+01  5.146191e+01  3.038115e+00
     vertex  1.800405e+01  5.129664e+01  2.781936e+00
     vertex  1.800556e+01  5.130428e+01  2.793788e+00
   endloop
 endfacet
 facet normal  3.596333e-13  8.402966e-01 -5.421269e-01
   outer loop
     vertex  1.811447e+01  5.146191e+01  3.038115e+00
     vertex  1.800277e+01  5.128895e+01  2.770017e+00
     vertex  1.800405e+01  5.129664e+01  2.781936e+00
   endloop
 endfacet
 facet normal  1.760750e-13  8.402966e-01 -5.421269e-01
   outer loop
     vertex  1.811447e+01  5.146191e+01  3.038115e+00
     vertex  1.800173e+01  5.128122e+01  2.758042e+00
     vertex  1.800277e+01  5.128895e+01  2.770017e+00
   endloop
 endfacet
 facet normal  5.252555e-13  8.402966e-01 -5.421269e-01
   outer loop
     vertex  1.811447e+01  5.146191e+01  3.038115e+00
     vertex  1.800094e+01  5.127347e+01  2.746022e+00
     vertex  1.800173e+01  5.128122e+01  2.758042e+00
   endloop
 endfacet
 facet normal -7.731094e-14  8.402966e-01 -5.421269e-01
   outer loop
     vertex  1.811447e+01  5.146191e+01  3.038115e+00
     vertex  1.800038e+01  5.126569e+01  2.733970e+00
     vertex  1.800094e+01  5.127347e+01  2.746022e+00
   endloop
 endfacet
 facet normal  1.231159e-13  8.402966e-01 -5.421269e-01
   outer loop
     vertex  1.811447e+01  5.146191e+01  3.038115e+00
     vertex  1.800010e+01  5.125877e+01  2.723239e+00
     vertex  1.800038e+01  5.126569e+01  2.733970e+00
   endloop
 endfacet
 facet normal -7.105747e-13  8.402966e-01 -5.421269e-01
   outer loop
     vertex  1.811447e+01  5.146191e+01  3.038115e+00
     vertex  1.800000e+01  5.125184e+01  2.712500e+00
     vertex  1.800010e+01  5.125877e+01  2.723239e+00
   endloop
 endfacet
 facet normal  0.000000e+00 -1.000000e+00  0.000000e+00
   outer loop
     vertex  1.490000e+02  4.490184e+01  1.060000e+01
     vertex  1.490000e+02  4.490184e+01  2.200000e+00
     vertex  1.514000e+02  4.490184e+01  2.200000e+00
   endloop
 endfacet
 facet normal -0.000000e+00 -1.000000e+00 -0.000000e+00
   outer loop
     vertex  1.514000e+02  4.490184e+01  1.060000e+01
     vertex  1.490000e+02  4.490184e+01  1.060000e+01
     vertex  1.514000e+02  4.490184e+01  2.200000e+00
   endloop
 endfacet
 facet normal  0.000000e+00  0.000000e+00  1.000000e+00
   outer loop
     vertex  1.514000e+02  4.490184e+01  2.200000e+00
     vertex  1.490000e+02  4.490184e+01  2.200000e+00
     vertex  1.490000e+02  3.172684e+01  2.200000e+00
   endloop
 endfacet
 facet normal  0.000000e+00  0.000000e+00  1.000000e+00
   outer loop
     vertex  1.514000e+02  4.490184e+01  2.200000e+00
     vertex  1.490000e+02  3.172684e+01  2.200000e+00
     vertex  1.514000e+02  3.172684e+01  2.200000e+00
   endloop
 endfacet
 facet normal  0.000000e+00  1.000000e+00  0.000000e+00
   outer loop
     vertex  1.490000e+02  3.172684e+01  1.060000e+01
     vertex  1.514000e+02  3.172684e+01  2.200000e+00
     vertex  1.490000e+02  3.172684e+01  2.200000e+00
   endloop
 endfacet
 facet normal  0.000000e+00  1.000000e+00  0.000000e+00
   outer loop
     vertex  1.514000e+02  3.172684e+01  1.060000e+01
     vertex  1.514000e+02  3.172684e+01  2.200000e+00
     vertex  1.490000e+02  3.172684e+01  1.060000e+01
   endloop
 endfacet
 facet normal  0.000000e+00  0.000000e+00  1.000000e+00
   outer loop
     vertex  1.514000e+02  3.172684e+01  1.060000e+01
     vertex  1.490000e+02  2.527184e+01  1.060000e+01
     vertex  1.514000e+02  2.527184e+01  1.060000e+01
   endloop
 endfacet
 facet normal  0.000000e+00  0.000000e+00  1.000000e+00
   outer loop
     vertex  1.514000e+02  3.172684e+01  1.060000e+01
     vertex  1.490000e+02  3.172684e+01  1.060000e+01
     vertex  1.490000e+02  2.527184e+01  1.060000e+01
   endloop
 endfacet
 facet normal  0.000000e+00 -1.000000e+00  0.000000e+00
   outer loop
     vertex  1.490000e+02  2.527184e+01  1.060000e+01
     vertex  1.490000e+02  2.527184e+01  2.200000e+00
     vertex  1.514000e+02  2.527184e+01  2.200000e+00
   endloop
 endfacet
 facet normal -0.000000e+00 -1.000000e+00 -0.000000e+00
   outer loop
     vertex  1.514000e+02  2.527184e+01  1.060000e+01
     vertex  1.490000e+02  2.527184e+01  1.060000e+01
     vertex  1.514000e+02  2.527184e+01  2.200000e+00
   endloop
 endfacet
 facet normal  0.000000e+00  0.000000e+00  1.000000e+00
   outer loop
     vertex  1.490000e+02  2.527184e+01  2.200000e+00
     vertex  1.490000e+02  4.291839e+00  2.200000e+00
     vertex  1.514000e+02  4.291839e+00  2.200000e+00
   endloop
 endfacet
 facet normal  0.000000e+00  0.000000e+00  1.000000e+00
   outer loop
     vertex  1.514000e+02  2.527184e+01  2.200000e+00
     vertex  1.490000e+02  2.527184e+01  2.200000e+00
     vertex  1.514000e+02  4.291839e+00  2.200000e+00
   endloop
 endfacet
 facet normal  0.000000e+00  0.000000e+00  1.000000e+00
   outer loop
     vertex  1.695000e+01  4.350000e+00  2.000000e+00
     vertex  2.400000e+00  2.400000e+00  2.000000e+00
     vertex  1.695000e+01  2.400000e+00  2.000000e+00
   endloop
 endfacet
 facet normal  0.000000e+00  0.000000e+00  1.000000e+00
   outer loop
     vertex  2.400000e+00  4.710184e+01  2.000000e+00
     vertex  2.400000e+00  2.400000e+00  2.000000e+00
     vertex  1.695000e+01  4.350000e+00  2.000000e+00
   endloop
 endfacet
 facet normal  0.000000e+00  0.000000e+00  1.000000e+00
   outer loop
     vertex  1.695000e+01  4.515184e+01  2.000000e+00
     vertex  2.400000e+00  4.710184e+01  2.000000e+00
     vertex  1.695000e+01  4.350000e+00  2.000000e+00
   endloop
 endfacet
 facet normal  0.000000e+00  0.000000e+00  1.000000e+00
   outer loop
     vertex  1.695000e+01  4.710184e+01  2.000000e+00
     vertex  2.400000e+00  4.710184e+01  2.000000e+00
     vertex  1.695000e+01  4.515184e+01  2.000000e+00
   endloop
 endfacet
 facet normal  0.000000e+00  0.000000e+00  1.000000e+00
   outer loop
     vertex  1.490000e+02  2.400000e+00  2.000000e+00
     vertex  1.344500e+02  4.350000e+00  2.000000e+00
     vertex  1.344500e+02  2.400000e+00  2.000000e+00
   endloop
 endfacet
 facet normal  0.000000e+00  0.000000e+00  1.000000e+00
   outer loop
     vertex  1.344500e+02  4.515184e+01  2.000000e+00
     vertex  1.695000e+01  4.350000e+00  2.000000e+00
     vertex  1.344500e+02  4.350000e+00  2.000000e+00
   endloop
 endfacet
 facet normal  0.000000e+00  0.000000e+00  1.000000e+00
   outer loop
     vertex  1.344500e+02  4.515184e+01  2.000000e+00
     vertex  1.344500e+02  4.350000e+00  2.000000e+00
     vertex  1.490000e+02  2.400000e+00  2.000000e+00
   endloop
 endfacet
 facet normal  0.000000e+00  0.000000e+00  1.000000e+00
   outer loop
     vertex  1.344500e+02  4.515184e+01  2.000000e+00
     vertex  1.695000e+01  4.515184e+01  2.000000e+00
     vertex  1.695000e+01  4.350000e+00  2.000000e+00
   endloop
 endfacet
 facet normal  0.000000e+00  0.000000e+00  1.000000e+00
   outer loop
     vertex  1.490000e+02  4.710184e+01  2.000000e+00
     vertex  1.344500e+02  4.710184e+01  2.000000e+00
     vertex  1.344500e+02  4.515184e+01  2.000000e+00
   endloop
 endfacet
 facet normal  0.000000e+00  0.000000e+00  1.000000e+00
   outer loop
     vertex  1.490000e+02  4.710184e+01  2.000000e+00
     vertex  1.344500e+02  4.515184e+01  2.000000e+00
     vertex  1.490000e+02  2.400000e+00  2.000000e+00
   endloop
 endfacet
 facet normal -1.000000e+00  0.000000e+00  0.000000e+00
   outer loop
     vertex  9.598000e+01  2.400000e+00  7.400000e+00
     vertex  9.598000e+01  2.400000e+00  9.400000e+00
     vertex  9.598000e+01  3.400000e+00  8.400000e+00
   endloop
 endfacet
 facet normal  0.000000e+00  7.071068e-01 -7.071068e-01
   outer loop
     vertex  9.598000e+01  2.400000e+00  7.400000e+00
     vertex  9.598000e+01  3.400000e+00  8.400000e+00
     vertex  1.159800e+02  3.400000e+00  8.400000e+00
   endloop
 endfacet
 facet normal  0.000000e+00  7.071068e-01 -7.071068e-01
   outer loop
     vertex  9.598000e+01  2.400000e+00  7.400000e+00
     vertex  1.159800e+02  3.400000e+00  8.400000e+00
     vertex  1.159800e+02  2.400000e+00  7.400000e+00
   endloop
 endfacet
 facet normal  0.000000e+00  7.071068e-01  7.071068e-01
   outer loop
     vertex  9.598000e+01  3.400000e+00  8.400000e+00
     vertex  9.598000e+01  2.400000e+00  9.400000e+00
     vertex  1.159800e+02  2.400000e+00  9.400000e+00
   endloop
 endfacet
 facet normal -0.000000e+00  7.071068e-01  7.071068e-01
   outer loop
     vertex  9.598000e+01  3.400000e+00  8.400000e+00
     vertex  1.159800e+02  2.400000e+00  9.400000e+00
     vertex  1.159800e+02  3.400000e+00  8.400000e+00
   endloop
 endfacet
 facet normal  1.000000e+00  0.000000e+00  0.000000e+00
   outer loop
     vertex  1.159800e+02  2.400000e+00  7.400000e+00
     vertex  1.159800e+02  3.400000e+00  8.400000e+00
     vertex  1.159800e+02  2.400000e+00  9.400000e+00
   endloop
 endfacet
 facet normal  4.883455e-16 -1.000000e+00  0.000000e+00
   outer loop
     vertex  1.695000e+01  4.710184e+01  4.800000e+00
     vertex  2.400000e+00  4.710184e+01  2.000000e+00
     vertex  1.695000e+01  4.710184e+01  2.000000e+00
   endloop
 endfacet
 facet normal  4.883455e-16 -1.000000e+00  0.000000e+00
   outer loop
     vertex  1.695000e+01  4.710184e+01  4.800000e+00
     vertex  2.400000e+00  4.710184e+01  1.060000e+01
     vertex  2.400000e+00  4.710184e+01  2.000000e+00
   endloop
 endfacet
 facet normal -4.898718e-17 -1.000000e+00 -1.347964e-15
   outer loop
     vertex  3.542000e+01  4.710184e+01  9.400000e+00
     vertex  2.400000e+00  4.710184e+01  1.060000e+01
     vertex  1.695000e+01  4.710184e+01  4.800000e+00
   endloop
 endfacet
 facet normal -3.847010e-16 -1.000000e+00 -0.000000e+00
   outer loop
     vertex  3.542000e+01  4.710184e+01  9.400000e+00
     vertex  1.695000e+01  4.710184e+01  4.800000e+00
     vertex  3.542000e+01  4.710184e+01  7.400000e+00
   endloop
 endfacet
 facet normal  0.000000e+00 -1.000000e+00  0.000000e+00
   outer loop
     vertex  9.598000e+01  4.710184e+01  7.400000e+00
     vertex  5.542000e+01  4.710184e+01  9.400000e+00
     vertex  5.542000e+01  4.710184e+01  7.400000e+00
   endloop
 endfacet
 facet normal -0.000000e+00 -1.000000e+00 -0.000000e+00
   outer loop
     vertex  9.598000e+01  4.710184e+01  9.400000e+00
     vertex  5.542000e+01  4.710184e+01  9.400000e+00
     vertex  9.598000e+01  4.710184e+01  7.400000e+00
   endloop
 endfacet
 facet normal  3.847010e-16 -1.000000e+00  0.000000e+00
   outer loop
     vertex  1.344500e+02  4.710184e+01  4.800000e+00
     vertex  1.159800e+02  4.710184e+01  9.400000e+00
     vertex  1.159800e+02  4.710184e+01  7.400000e+00
   endloop
 endfacet
 facet normal -4.883455e-16 -1.000000e+00  0.000000e+00
   outer loop
     vertex  1.490000e+02  4.710184e+01  2.000000e+00
     vertex  1.344500e+02  4.710184e+01  4.800000e+00
     vertex  1.344500e+02  4.710184e+01  2.000000e+00
   endloop
 endfacet
 facet normal  4.898718e-17 -1.000000e+00 -1.347964e-15
   outer loop
     vertex  1.490000e+02  4.710184e+01  1.060000e+01
     vertex  1.159800e+02  4.710184e+01  9.400000e+00
     vertex  1.344500e+02  4.710184e+01  4.800000e+00
   endloop
 endfacet
 facet normal -4.883455e-16 -1.000000e+00 -0.000000e+00
   outer loop
     vertex  1.490000e+02  4.710184e+01  1.060000e+01
     vertex  1.344500e+02  4.710184e+01  4.800000e+00
     vertex  1.490000e+02  4.710184e+01  2.000000e+00
   endloop
 endfacet
 facet normal -0.000000e+00 -1.000000e+00 -2.732857e-15
   outer loop
     vertex  1.344500e+02  4.710184e+01  4.800000e+00
     vertex  3.542000e+01  4.710184e+01  7.400000e+00
     vertex  1.695000e+01  4.710184e+01  4.800000e+00
   endloop
 endfacet
 facet normal  0.000000e+00 -1.000000e+00 -2.732857e-15
   outer loop
     vertex  1.344500e+02  4.710184e+01  4.800000e+00
     vertex  5.542000e+01  4.710184e+01  7.400000e+00
     vertex  3.542000e+01  4.710184e+01  7.400000e+00
   endloop
 endfacet
 facet normal  0.000000e+00 -1.000000e+00 -2.732857e-15
   outer loop
     vertex  1.344500e+02  4.710184e+01  4.800000e+00
     vertex  9.598000e+01  4.710184e+01  7.400000e+00
     vertex  5.542000e+01  4.710184e+01  7.400000e+00
   endloop
 endfacet
 facet normal  0.000000e+00 -1.000000e+00 -2.732857e-15
   outer loop
     vertex  1.344500e+02  4.710184e+01  4.800000e+00
     vertex  1.159800e+02  4.710184e+01  7.400000e+00
     vertex  9.598000e+01  4.710184e+01  7.400000e+00
   endloop
 endfacet
 facet normal  0.000000e+00 -1.000000e+00  0.000000e+00
   outer loop
     vertex  2.400000e+00  4.710184e+01  1.060000e+01
     vertex  1.159800e+02  4.710184e+01  9.400000e+00
     vertex  1.490000e+02  4.710184e+01  1.060000e+01
   endloop
 endfacet
 facet normal  0.000000e+00 -1.000000e+00  0.000000e+00
   outer loop
     vertex  2.400000e+00  4.710184e+01  1.060000e+01
     vertex  9.598000e+01  4.710184e+01  9.400000e+00
     vertex  1.159800e+02  4.710184e+01  9.400000e+00
   endloop
 endfacet
 facet normal  0.000000e+00 -1.000000e+00  0.000000e+00
   outer loop
     vertex  2.400000e+00  4.710184e+01  1.060000e+01
     vertex  5.542000e+01  4.710184e+01  9.400000e+00
     vertex  9.598000e+01  4.710184e+01  9.400000e+00
   endloop
 endfacet
 facet normal  0.000000e+00 -1.000000e+00  0.000000e+00
   outer loop
     vertex  2.400000e+00  4.710184e+01  1.060000e+01
     vertex  3.542000e+01  4.710184e+01  9.400000e+00
     vertex  5.542000e+01  4.710184e+01  9.400000e+00
   endloop
 endfacet
 facet normal -1.000000e+00  0.000000e+00  0.000000e+00
   outer loop
     vertex  3.542000e+01  2.400000e+00  7.400000e+00
     vertex  3.542000e+01  2.400000e+00  9.400000e+00
     vertex  3.542000e+01  3.400000e+00  8.400000e+00
   endloop
 endfacet
 facet normal  0.000000e+00  7.071068e-01 -7.071068e-01
   outer loop
     vertex  3.542000e+01  2.400000e+00  7.400000e+00
     vertex  3.542000e+01  3.400000e+00  8.400000e+00
     vertex  5.542000e+01  3.400000e+00  8.400000e+00
   endloop
 endfacet
 facet normal  0.000000e+00  7.071068e-01 -7.071068e-01
   outer loop
     vertex  3.542000e+01  2.400000e+00  7.400000e+00
     vertex  5.542000e+01  3.400000e+00  8.400000e+00
     vertex  5.542000e+01  2.400000e+00  7.400000e+00
   endloop
 endfacet
 facet normal  0.000000e+00  7.071068e-01  7.071068e-01
   outer loop
     vertex  3.542000e+01  3.400000e+00  8.400000e+00
     vertex  3.542000e+01  2.400000e+00  9.400000e+00
     vertex  5.542000e+01  2.400000e+00  9.400000e+00
   endloop
 endfacet
 facet normal -0.000000e+00  7.071068e-01  7.071068e-01
   outer loop
     vertex  3.542000e+01  3.400000e+00  8.400000e+00
     vertex  5.542000e+01  2.400000e+00  9.400000e+00
     vertex  5.542000e+01  3.400000e+00  8.400000e+00
   endloop
 endfacet
 facet normal  1.000000e+00  0.000000e+00  0.000000e+00
   outer loop
     vertex  5.542000e+01  2.400000e+00  7.400000e+00
     vertex  5.542000e+01  3.400000e+00  8.400000e+00
     vertex  5.542000e+01  2.400000e+00  9.400000e+00
   endloop
 endfacet
 facet normal  0.000000e+00  9.998339e-01  1.822399e-02
   outer loop
     vertex  1.331591e+02  5.150167e+01  8.905557e+00
     vertex  1.825000e+01  5.150184e+01  8.896447e+00
     vertex  1.824089e+01  5.150167e+01  8.905557e+00
   endloop
 endfacet
 facet normal  0.000000e+00  9.998339e-01  1.822399e-02
   outer loop
     vertex  1.331591e+02  5.150167e+01  8.905557e+00
     vertex  1.331500e+02  5.150184e+01  8.896447e+00
     vertex  1.825000e+01  5.150184e+01  8.896447e+00
   endloop
 endfacet
 facet normal  0.000000e+00  9.985057e-01  5.464776e-02
   outer loop
     vertex  1.331682e+02  5.150118e+01  8.914655e+00
     vertex  1.824089e+01  5.150167e+01  8.905557e+00
     vertex  1.823179e+01  5.150118e+01  8.914655e+00
   endloop
 endfacet
 facet normal  0.000000e+00  9.985057e-01  5.464776e-02
   outer loop
     vertex  1.331682e+02  5.150118e+01  8.914655e+00
     vertex  1.331591e+02  5.150167e+01  8.905557e+00
     vertex  1.824089e+01  5.150167e+01  8.905557e+00
   endloop
 endfacet
 facet normal  0.000000e+00  9.958510e-01  9.099894e-02
   outer loop
     vertex  1.331773e+02  5.150035e+01  8.923730e+00
     vertex  1.823179e+01  5.150118e+01  8.914655e+00
     vertex  1.822272e+01  5.150035e+01  8.923730e+00
   endloop
 endfacet
 facet normal  0.000000e+00  9.958510e-01  9.099894e-02
   outer loop
     vertex  1.331773e+02  5.150035e+01  8.923730e+00
     vertex  1.331682e+02  5.150118e+01  8.914655e+00
     vertex  1.823179e+01  5.150118e+01  8.914655e+00
   endloop
 endfacet
 facet normal  0.000000e+00  9.918733e-01  1.272292e-01
   outer loop
     vertex  1.331863e+02  5.149919e+01  8.932768e+00
     vertex  1.331773e+02  5.150035e+01  8.923730e+00
     vertex  1.822272e+01  5.150035e+01  8.923730e+00
   endloop
 endfacet
 facet normal  0.000000e+00  9.918733e-01  1.272292e-01
   outer loop
     vertex  1.331863e+02  5.149919e+01  8.932768e+00
     vertex  1.822272e+01  5.150035e+01  8.923730e+00
     vertex  1.821368e+01  5.149919e+01  8.932768e+00
   endloop
 endfacet
 facet normal  0.000000e+00  9.865780e-01  1.632905e-01
   outer loop
     vertex  1.331953e+02  5.149770e+01  8.941757e+00
     vertex  1.331863e+02  5.149919e+01  8.932768e+00
     vertex  1.821368e+01  5.149919e+01  8.932768e+00
   endloop
 endfacet
 facet normal  0.000000e+00  9.865780e-01  1.632905e-01
   outer loop
     vertex  1.331953e+02  5.149770e+01  8.941757e+00
     vertex  1.821368e+01  5.149919e+01  8.932768e+00
     vertex  1.820469e+01  5.149770e+01  8.941757e+00
   endloop
 endfacet
 facet normal  0.000000e+00  9.799721e-01  1.991348e-01
   outer loop
     vertex  1.331953e+02  5.149770e+01  8.941757e+00
     vertex  1.820469e+01  5.149770e+01  8.941757e+00
     vertex  1.819576e+01  5.149589e+01  8.950687e+00
   endloop
 endfacet
 facet normal  0.000000e+00  9.720643e-01  2.347146e-01
   outer loop
     vertex  1.332042e+02  5.149589e+01  8.950687e+00
     vertex  1.819576e+01  5.149589e+01  8.950687e+00
     vertex  1.818690e+01  5.149375e+01  8.959544e+00
   endloop
 endfacet
 facet normal  0.000000e+00  9.799721e-01  1.991348e-01
   outer loop
     vertex  1.332042e+02  5.149589e+01  8.950687e+00
     vertex  1.331953e+02  5.149770e+01  8.941757e+00
     vertex  1.819576e+01  5.149589e+01  8.950687e+00
   endloop
 endfacet
 facet normal  0.000000e+00  9.628652e-01  2.699826e-01
   outer loop
     vertex  1.332131e+02  5.149375e+01  8.959544e+00
     vertex  1.818690e+01  5.149375e+01  8.959544e+00
     vertex  1.817813e+01  5.149129e+01  8.968318e+00
   endloop
 endfacet
 facet normal  0.000000e+00  9.720643e-01  2.347146e-01
   outer loop
     vertex  1.332131e+02  5.149375e+01  8.959544e+00
     vertex  1.332042e+02  5.149589e+01  8.950687e+00
     vertex  1.818690e+01  5.149375e+01  8.959544e+00
   endloop
 endfacet
 facet normal  0.000000e+00  9.523869e-01  3.048920e-01
   outer loop
     vertex  1.332219e+02  5.149129e+01  8.968318e+00
     vertex  1.817813e+01  5.149129e+01  8.968318e+00
     vertex  1.816945e+01  5.148851e+01  8.976996e+00
   endloop
 endfacet
 facet normal  0.000000e+00  9.628652e-01  2.699826e-01
   outer loop
     vertex  1.332219e+02  5.149129e+01  8.968318e+00
     vertex  1.332131e+02  5.149375e+01  8.959544e+00
     vertex  1.817813e+01  5.149129e+01  8.968318e+00
   endloop
 endfacet
 facet normal  0.000000e+00  9.406435e-01  3.393963e-01
   outer loop
     vertex  1.332305e+02  5.148851e+01  8.976996e+00
     vertex  1.816945e+01  5.148851e+01  8.976996e+00
     vertex  1.816088e+01  5.148542e+01  8.985567e+00
   endloop
 endfacet
 facet normal  0.000000e+00  9.523869e-01  3.048920e-01
   outer loop
     vertex  1.332305e+02  5.148851e+01  8.976996e+00
     vertex  1.332219e+02  5.149129e+01  8.968318e+00
     vertex  1.816945e+01  5.148851e+01  8.976996e+00
   endloop
 endfacet
 facet normal  0.000000e+00  9.283295e-01  3.717584e-01
   outer loop
     vertex  1.332391e+02  5.148542e+01  8.985567e+00
     vertex  1.816088e+01  5.148542e+01  8.985567e+00
     vertex  1.815327e+01  5.148237e+01  8.993180e+00
   endloop
 endfacet
 facet normal  0.000000e+00  9.406435e-01  3.393963e-01
   outer loop
     vertex  1.332391e+02  5.148542e+01  8.985567e+00
     vertex  1.332305e+02  5.148851e+01  8.976996e+00
     vertex  1.816088e+01  5.148542e+01  8.985567e+00
   endloop
 endfacet
 facet normal  0.000000e+00  9.162948e-01  4.005044e-01
   outer loop
     vertex  1.332467e+02  5.148237e+01  8.993180e+00
     vertex  1.815327e+01  5.148237e+01  8.993180e+00
     vertex  1.814650e+01  5.147941e+01  8.999943e+00
   endloop
 endfacet
 facet normal  0.000000e+00  9.283295e-01  3.717584e-01
   outer loop
     vertex  1.332467e+02  5.148237e+01  8.993180e+00
     vertex  1.332391e+02  5.148542e+01  8.985567e+00
     vertex  1.815327e+01  5.148237e+01  8.993180e+00
   endloop
 endfacet
 facet normal  0.000000e+00  9.040725e-01  4.273791e-01
   outer loop
     vertex  1.332535e+02  5.147941e+01  8.999943e+00
     vertex  1.814650e+01  5.147941e+01  8.999943e+00
     vertex  1.813983e+01  5.147626e+01  9.006616e+00
   endloop
 endfacet
 facet normal  0.000000e+00  9.162948e-01  4.005044e-01
   outer loop
     vertex  1.332535e+02  5.147941e+01  8.999943e+00
     vertex  1.332467e+02  5.148237e+01  8.993180e+00
     vertex  1.814650e+01  5.147941e+01  8.999943e+00
   endloop
 endfacet
 facet normal  0.000000e+00  8.910622e-01  4.538812e-01
   outer loop
     vertex  1.332602e+02  5.147626e+01  9.006616e+00
     vertex  1.813983e+01  5.147626e+01  9.006616e+00
     vertex  1.813325e+01  5.147291e+01  9.013193e+00
   endloop
 endfacet
 facet normal  0.000000e+00  9.040725e-01  4.273791e-01
   outer loop
     vertex  1.332602e+02  5.147626e+01  9.006616e+00
     vertex  1.332535e+02  5.147941e+01  8.999943e+00
     vertex  1.813983e+01  5.147626e+01  9.006616e+00
   endloop
 endfacet
 facet normal  0.000000e+00  8.772752e-01  4.799878e-01
   outer loop
     vertex  1.332667e+02  5.147291e+01  9.013193e+00
     vertex  1.813325e+01  5.147291e+01  9.013193e+00
     vertex  1.812678e+01  5.146936e+01  9.019668e+00
   endloop
 endfacet
 facet normal  0.000000e+00  8.910622e-01  4.538812e-01
   outer loop
     vertex  1.332667e+02  5.147291e+01  9.013193e+00
     vertex  1.332602e+02  5.147626e+01  9.006616e+00
     vertex  1.813325e+01  5.147291e+01  9.013193e+00
   endloop
 endfacet
 facet normal  0.000000e+00  8.627235e-01  5.056759e-01
   outer loop
     vertex  1.332732e+02  5.146936e+01  9.019668e+00
     vertex  1.812678e+01  5.146936e+01  9.019668e+00
     vertex  1.812041e+01  5.146563e+01  9.026036e+00
   endloop
 endfacet
 facet normal  0.000000e+00  8.772752e-01  4.799878e-01
   outer loop
     vertex  1.332732e+02  5.146936e+01  9.019668e+00
     vertex  1.332667e+02  5.147291e+01  9.013193e+00
     vertex  1.812678e+01  5.146936e+01  9.019668e+00
   endloop
 endfacet
 facet normal  0.000000e+00  8.474199e-01  5.309233e-01
   outer loop
     vertex  1.332796e+02  5.146563e+01  9.026036e+00
     vertex  1.812041e+01  5.146563e+01  9.026036e+00
     vertex  1.811416e+01  5.146171e+01  9.032290e+00
   endloop
 endfacet
 facet normal  0.000000e+00  8.627235e-01  5.056759e-01
   outer loop
     vertex  1.332796e+02  5.146563e+01  9.026036e+00
     vertex  1.332732e+02  5.146936e+01  9.019668e+00
     vertex  1.812041e+01  5.146563e+01  9.026036e+00
   endloop
 endfacet
 facet normal  0.000000e+00  8.313776e-01  5.557079e-01
   outer loop
     vertex  1.332858e+02  5.146171e+01  9.032290e+00
     vertex  1.811416e+01  5.146171e+01  9.032290e+00
     vertex  1.810802e+01  5.145761e+01  9.038427e+00
   endloop
 endfacet
 facet normal  0.000000e+00  8.474199e-01  5.309233e-01
   outer loop
     vertex  1.332858e+02  5.146171e+01  9.032290e+00
     vertex  1.332796e+02  5.146563e+01  9.026036e+00
     vertex  1.811416e+01  5.146171e+01  9.032290e+00
   endloop
 endfacet
 facet normal  0.000000e+00  8.146106e-01  5.800082e-01
   outer loop
     vertex  1.332920e+02  5.145761e+01  9.038427e+00
     vertex  1.810802e+01  5.145761e+01  9.038427e+00
     vertex  1.810201e+01  5.145333e+01  9.044439e+00
   endloop
 endfacet
 facet normal  0.000000e+00  8.313776e-01  5.557079e-01
   outer loop
     vertex  1.332920e+02  5.145761e+01  9.038427e+00
     vertex  1.332858e+02  5.146171e+01  9.032290e+00
     vertex  1.810802e+01  5.145761e+01  9.038427e+00
   endloop
 endfacet
 facet normal  0.000000e+00  7.971337e-01  6.038029e-01
   outer loop
     vertex  1.332980e+02  5.145333e+01  9.044439e+00
     vertex  1.810201e+01  5.145333e+01  9.044439e+00
     vertex  1.809612e+01  5.144887e+01  9.050323e+00
   endloop
 endfacet
 facet normal  0.000000e+00  8.146106e-01  5.800082e-01
   outer loop
     vertex  1.332980e+02  5.145333e+01  9.044439e+00
     vertex  1.332920e+02  5.145761e+01  9.038427e+00
     vertex  1.810201e+01  5.145333e+01  9.044439e+00
   endloop
 endfacet
 facet normal  0.000000e+00  7.789619e-01  6.270713e-01
   outer loop
     vertex  1.333039e+02  5.144887e+01  9.050323e+00
     vertex  1.809612e+01  5.144887e+01  9.050323e+00
     vertex  1.809037e+01  5.144425e+01  9.056072e+00
   endloop
 endfacet
 facet normal  0.000000e+00  7.971337e-01  6.038029e-01
   outer loop
     vertex  1.333039e+02  5.144887e+01  9.050323e+00
     vertex  1.332980e+02  5.145333e+01  9.044439e+00
     vertex  1.809612e+01  5.144887e+01  9.050323e+00
   endloop
 endfacet
 facet normal  0.000000e+00  7.601111e-01  6.497931e-01
   outer loop
     vertex  1.333096e+02  5.144425e+01  9.056072e+00
     vertex  1.809037e+01  5.144425e+01  9.056072e+00
     vertex  1.808476e+01  5.143945e+01  9.061682e+00
   endloop
 endfacet
 facet normal  0.000000e+00  7.789619e-01  6.270713e-01
   outer loop
     vertex  1.333096e+02  5.144425e+01  9.056072e+00
     vertex  1.333039e+02  5.144887e+01  9.050323e+00
     vertex  1.809037e+01  5.144425e+01  9.056072e+00
   endloop
 endfacet
 facet normal  0.000000e+00  7.405978e-01  6.719486e-01
   outer loop
     vertex  1.333152e+02  5.143945e+01  9.061682e+00
     vertex  1.808476e+01  5.143945e+01  9.061682e+00
     vertex  1.807930e+01  5.143449e+01  9.067149e+00
   endloop
 endfacet
 facet normal  0.000000e+00  7.601111e-01  6.497931e-01
   outer loop
     vertex  1.333152e+02  5.143945e+01  9.061682e+00
     vertex  1.333096e+02  5.144425e+01  9.056072e+00
     vertex  1.808476e+01  5.143945e+01  9.061682e+00
   endloop
 endfacet
 facet normal  0.000000e+00  7.204390e-01  6.935183e-01
   outer loop
     vertex  1.333207e+02  5.143449e+01  9.067149e+00
     vertex  1.807930e+01  5.143449e+01  9.067149e+00
     vertex  1.807398e+01  5.142937e+01  9.072466e+00
   endloop
 endfacet
 facet normal  0.000000e+00  7.405978e-01  6.719486e-01
   outer loop
     vertex  1.333207e+02  5.143449e+01  9.067149e+00
     vertex  1.333152e+02  5.143945e+01  9.061682e+00
     vertex  1.807930e+01  5.143449e+01  9.067149e+00
   endloop
 endfacet
 facet normal  0.000000e+00  7.007062e-01  7.134500e-01
   outer loop
     vertex  1.333260e+02  5.142937e+01  9.072466e+00
     vertex  1.807398e+01  5.142937e+01  9.072466e+00
     vertex  1.806933e+01  5.142463e+01  9.077121e+00
   endloop
 endfacet
 facet normal  0.000000e+00  7.204390e-01  6.935183e-01
   outer loop
     vertex  1.333260e+02  5.142937e+01  9.072466e+00
     vertex  1.333207e+02  5.143449e+01  9.067149e+00
     vertex  1.807398e+01  5.142937e+01  9.072466e+00
   endloop
 endfacet
 facet normal  0.000000e+00  6.824749e-01  7.309090e-01
   outer loop
     vertex  1.333307e+02  5.142463e+01  9.077121e+00
     vertex  1.806933e+01  5.142463e+01  9.077121e+00
     vertex  1.806525e+01  5.142026e+01  9.081201e+00
   endloop
 endfacet
 facet normal  0.000000e+00  7.007062e-01  7.134500e-01
   outer loop
     vertex  1.333307e+02  5.142463e+01  9.077121e+00
     vertex  1.333260e+02  5.142937e+01  9.072466e+00
     vertex  1.806933e+01  5.142463e+01  9.077121e+00
   endloop
 endfacet
 facet normal  0.000000e+00  6.648018e-01  7.470198e-01
   outer loop
     vertex  1.333348e+02  5.142026e+01  9.081201e+00
     vertex  1.806525e+01  5.142026e+01  9.081201e+00
     vertex  1.806127e+01  5.141580e+01  9.085175e+00
   endloop
 endfacet
 facet normal  0.000000e+00  6.824749e-01  7.309090e-01
   outer loop
     vertex  1.333348e+02  5.142026e+01  9.081201e+00
     vertex  1.333307e+02  5.142463e+01  9.077121e+00
     vertex  1.806525e+01  5.142026e+01  9.081201e+00
   endloop
 endfacet
 facet normal  0.000000e+00  6.467486e-01  7.627033e-01
   outer loop
     vertex  1.333387e+02  5.141580e+01  9.085175e+00
     vertex  1.806127e+01  5.141580e+01  9.085175e+00
     vertex  1.805740e+01  5.141124e+01  9.089042e+00
   endloop
 endfacet
 facet normal  0.000000e+00  6.648018e-01  7.470198e-01
   outer loop
     vertex  1.333387e+02  5.141580e+01  9.085175e+00
     vertex  1.333348e+02  5.142026e+01  9.081201e+00
     vertex  1.806127e+01  5.141580e+01  9.085175e+00
   endloop
 endfacet
 facet normal  0.000000e+00  6.283254e-01  7.779506e-01
   outer loop
     vertex  1.333426e+02  5.141124e+01  9.089042e+00
     vertex  1.805740e+01  5.141124e+01  9.089042e+00
     vertex  1.805365e+01  5.140658e+01  9.092799e+00
   endloop
 endfacet
 facet normal  0.000000e+00  6.467486e-01  7.627033e-01
   outer loop
     vertex  1.333426e+02  5.141124e+01  9.089042e+00
     vertex  1.333387e+02  5.141580e+01  9.085175e+00
     vertex  1.805740e+01  5.141124e+01  9.089042e+00
   endloop
 endfacet
 facet normal  0.000000e+00  6.283254e-01  7.779506e-01
   outer loop
     vertex  1.333464e+02  5.140658e+01  9.092799e+00
     vertex  1.333426e+02  5.141124e+01  9.089042e+00
     vertex  1.805365e+01  5.140658e+01  9.092799e+00
   endloop
 endfacet
 facet normal  0.000000e+00  6.095430e-01  7.927530e-01
   outer loop
     vertex  1.333464e+02  5.140658e+01  9.092799e+00
     vertex  1.805365e+01  5.140658e+01  9.092799e+00
     vertex  1.805000e+01  5.140185e+01  9.096443e+00
   endloop
 endfacet
 facet normal  0.000000e+00  6.095430e-01  7.927530e-01
   outer loop
     vertex  1.333500e+02  5.140185e+01  9.096443e+00
     vertex  1.333464e+02  5.140658e+01  9.092799e+00
     vertex  1.805000e+01  5.140185e+01  9.096443e+00
   endloop
 endfacet
 facet normal  0.000000e+00  5.904119e-01  8.071021e-01
   outer loop
     vertex  1.333500e+02  5.140185e+01  9.096443e+00
     vertex  1.805000e+01  5.140185e+01  9.096443e+00
     vertex  1.804647e+01  5.139702e+01  9.099973e+00
   endloop
 endfacet
 facet normal  0.000000e+00  5.904119e-01  8.071021e-01
   outer loop
     vertex  1.333535e+02  5.139702e+01  9.099973e+00
     vertex  1.333500e+02  5.140185e+01  9.096443e+00
     vertex  1.804647e+01  5.139702e+01  9.099973e+00
   endloop
 endfacet
 facet normal  0.000000e+00  5.709432e-01  8.209895e-01
   outer loop
     vertex  1.333535e+02  5.139702e+01  9.099973e+00
     vertex  1.804647e+01  5.139702e+01  9.099973e+00
     vertex  1.804306e+01  5.139211e+01  9.103386e+00
   endloop
 endfacet
 facet normal  0.000000e+00  5.709432e-01  8.209895e-01
   outer loop
     vertex  1.333569e+02  5.139211e+01  9.103386e+00
     vertex  1.333535e+02  5.139702e+01  9.099973e+00
     vertex  1.804306e+01  5.139211e+01  9.103386e+00
   endloop
 endfacet
 facet normal  0.000000e+00  5.511480e-01  8.344075e-01
   outer loop
     vertex  1.333569e+02  5.139211e+01  9.103386e+00
     vertex  1.804306e+01  5.139211e+01  9.103386e+00
     vertex  1.803977e+01  5.138712e+01  9.106681e+00
   endloop
 endfacet
 facet normal  0.000000e+00  5.511480e-01  8.344075e-01
   outer loop
     vertex  1.333602e+02  5.138712e+01  9.106681e+00
     vertex  1.333569e+02  5.139211e+01  9.103386e+00
     vertex  1.803977e+01  5.138712e+01  9.106681e+00
   endloop
 endfacet
 facet normal  0.000000e+00  5.310376e-01  8.473483e-01
   outer loop
     vertex  1.333602e+02  5.138712e+01  9.106681e+00
     vertex  1.803977e+01  5.138712e+01  9.106681e+00
     vertex  1.803659e+01  5.138206e+01  9.109856e+00
   endloop
 endfacet
 facet normal  0.000000e+00  5.310376e-01  8.473483e-01
   outer loop
     vertex  1.333634e+02  5.138206e+01  9.109856e+00
     vertex  1.333602e+02  5.138712e+01  9.106681e+00
     vertex  1.803659e+01  5.138206e+01  9.109856e+00
   endloop
 endfacet
 facet normal  0.000000e+00  5.106235e-01  8.598044e-01
   outer loop
     vertex  1.333634e+02  5.138206e+01  9.109856e+00
     vertex  1.803659e+01  5.138206e+01  9.109856e+00
     vertex  1.803354e+01  5.137692e+01  9.112909e+00
   endloop
 endfacet
 facet normal  0.000000e+00  5.106235e-01  8.598044e-01
   outer loop
     vertex  1.333665e+02  5.137692e+01  9.112909e+00
     vertex  1.333634e+02  5.138206e+01  9.109856e+00
     vertex  1.803354e+01  5.137692e+01  9.112909e+00
   endloop
 endfacet
 facet normal  0.000000e+00  4.899173e-01  8.717689e-01
   outer loop
     vertex  1.333665e+02  5.137692e+01  9.112909e+00
     vertex  1.803354e+01  5.137692e+01  9.112909e+00
     vertex  1.803061e+01  5.137170e+01  9.115838e+00
   endloop
 endfacet
 facet normal  0.000000e+00  4.899173e-01  8.717689e-01
   outer loop
     vertex  1.333694e+02  5.137170e+01  9.115838e+00
     vertex  1.333665e+02  5.137692e+01  9.112909e+00
     vertex  1.803061e+01  5.137170e+01  9.115838e+00
   endloop
 endfacet
 facet normal  0.000000e+00  4.699868e-01  8.826735e-01
   outer loop
     vertex  1.333694e+02  5.137170e+01  9.115838e+00
     vertex  1.803061e+01  5.137170e+01  9.115838e+00
     vertex  1.802808e+01  5.136696e+01  9.118367e+00
   endloop
 endfacet
 facet normal  0.000000e+00  4.699868e-01  8.826735e-01
   outer loop
     vertex  1.333719e+02  5.136696e+01  9.118367e+00
     vertex  1.333694e+02  5.137170e+01  9.115838e+00
     vertex  1.802808e+01  5.136696e+01  9.118367e+00
   endloop
 endfacet
 facet normal  0.000000e+00  4.518416e-01  8.920982e-01
   outer loop
     vertex  1.333719e+02  5.136696e+01  9.118367e+00
     vertex  1.802808e+01  5.136696e+01  9.118367e+00
     vertex  1.802589e+01  5.136264e+01  9.120555e+00
   endloop
 endfacet
 facet normal  0.000000e+00  4.344771e-01  9.006829e-01
   outer loop
     vertex  1.333741e+02  5.136264e+01  9.120555e+00
     vertex  1.802589e+01  5.136264e+01  9.120555e+00
     vertex  1.802379e+01  5.135827e+01  9.122659e+00
   endloop
 endfacet
 facet normal  0.000000e+00  4.518416e-01  8.920982e-01
   outer loop
     vertex  1.333741e+02  5.136264e+01  9.120555e+00
     vertex  1.333719e+02  5.136696e+01  9.118367e+00
     vertex  1.802589e+01  5.136264e+01  9.120555e+00
   endloop
 endfacet
 facet normal  0.000000e+00  4.169495e-01  9.089297e-01
   outer loop
     vertex  1.333762e+02  5.135827e+01  9.122659e+00
     vertex  1.802379e+01  5.135827e+01  9.122659e+00
     vertex  1.802177e+01  5.135387e+01  9.124678e+00
   endloop
 endfacet
 facet normal  0.000000e+00  4.344771e-01  9.006829e-01
   outer loop
     vertex  1.333762e+02  5.135827e+01  9.122659e+00
     vertex  1.333741e+02  5.136264e+01  9.120555e+00
     vertex  1.802379e+01  5.135827e+01  9.122659e+00
   endloop
 endfacet
 facet normal  0.000000e+00  3.992655e-01  9.168354e-01
   outer loop
     vertex  1.333782e+02  5.135387e+01  9.124678e+00
     vertex  1.802177e+01  5.135387e+01  9.124678e+00
     vertex  1.801984e+01  5.134943e+01  9.126611e+00
   endloop
 endfacet
 facet normal  0.000000e+00  4.169495e-01  9.089297e-01
   outer loop
     vertex  1.333782e+02  5.135387e+01  9.124678e+00
     vertex  1.333762e+02  5.135827e+01  9.122659e+00
     vertex  1.802177e+01  5.135387e+01  9.124678e+00
   endloop
 endfacet
 facet normal  0.000000e+00  3.814316e-01  9.243971e-01
   outer loop
     vertex  1.333802e+02  5.134943e+01  9.126611e+00
     vertex  1.801984e+01  5.134943e+01  9.126611e+00
     vertex  1.801799e+01  5.134496e+01  9.128459e+00
   endloop
 endfacet
 facet normal  0.000000e+00  3.992655e-01  9.168354e-01
   outer loop
     vertex  1.333802e+02  5.134943e+01  9.126611e+00
     vertex  1.333782e+02  5.135387e+01  9.124678e+00
     vertex  1.801984e+01  5.134943e+01  9.126611e+00
   endloop
 endfacet
 facet normal  0.000000e+00  3.634547e-01  9.316119e-01
   outer loop
     vertex  1.333820e+02  5.134496e+01  9.128459e+00
     vertex  1.801799e+01  5.134496e+01  9.128459e+00
     vertex  1.801623e+01  5.134044e+01  9.130219e+00
   endloop
 endfacet
 facet normal  0.000000e+00  3.814316e-01  9.243971e-01
   outer loop
     vertex  1.333820e+02  5.134496e+01  9.128459e+00
     vertex  1.333802e+02  5.134943e+01  9.126611e+00
     vertex  1.801799e+01  5.134496e+01  9.128459e+00
   endloop
 endfacet
 facet normal  0.000000e+00  3.453413e-01  9.384772e-01
   outer loop
     vertex  1.333838e+02  5.134044e+01  9.130219e+00
     vertex  1.801623e+01  5.134044e+01  9.130219e+00
     vertex  1.801456e+01  5.133590e+01  9.131891e+00
   endloop
 endfacet
 facet normal  0.000000e+00  3.634547e-01  9.316119e-01
   outer loop
     vertex  1.333838e+02  5.134044e+01  9.130219e+00
     vertex  1.333820e+02  5.134496e+01  9.128459e+00
     vertex  1.801623e+01  5.134044e+01  9.130219e+00
   endloop
 endfacet
 facet normal  0.000000e+00  3.270984e-01  9.449903e-01
   outer loop
     vertex  1.333854e+02  5.133590e+01  9.131891e+00
     vertex  1.801456e+01  5.133590e+01  9.131891e+00
     vertex  1.801297e+01  5.133132e+01  9.133475e+00
   endloop
 endfacet
 facet normal  0.000000e+00  3.453413e-01  9.384772e-01
   outer loop
     vertex  1.333854e+02  5.133590e+01  9.131891e+00
     vertex  1.333838e+02  5.134044e+01  9.130219e+00
     vertex  1.801456e+01  5.133590e+01  9.131891e+00
   endloop
 endfacet
 facet normal  0.000000e+00  3.087328e-01  9.511488e-01
   outer loop
     vertex  1.333870e+02  5.133132e+01  9.133475e+00
     vertex  1.801297e+01  5.133132e+01  9.133475e+00
     vertex  1.801148e+01  5.132672e+01  9.134970e+00
   endloop
 endfacet
 facet normal  0.000000e+00  3.270984e-01  9.449903e-01
   outer loop
     vertex  1.333870e+02  5.133132e+01  9.133475e+00
     vertex  1.333854e+02  5.133590e+01  9.131891e+00
     vertex  1.801297e+01  5.133132e+01  9.133475e+00
   endloop
 endfacet
 facet normal  0.000000e+00  2.902513e-01  9.569505e-01
   outer loop
     vertex  1.333885e+02  5.132672e+01  9.134970e+00
     vertex  1.801148e+01  5.132672e+01  9.134970e+00
     vertex  1.801007e+01  5.132208e+01  9.136376e+00
   endloop
 endfacet
 facet normal  0.000000e+00  3.087328e-01  9.511488e-01
   outer loop
     vertex  1.333885e+02  5.132672e+01  9.134970e+00
     vertex  1.333870e+02  5.133132e+01  9.133475e+00
     vertex  1.801148e+01  5.132672e+01  9.134970e+00
   endloop
 endfacet
 facet normal  0.000000e+00  2.716609e-01  9.623930e-01
   outer loop
     vertex  1.333899e+02  5.132208e+01  9.136376e+00
     vertex  1.801007e+01  5.132208e+01  9.136376e+00
     vertex  1.800876e+01  5.131742e+01  9.137691e+00
   endloop
 endfacet
 facet normal  0.000000e+00  2.902513e-01  9.569505e-01
   outer loop
     vertex  1.333899e+02  5.132208e+01  9.136376e+00
     vertex  1.333885e+02  5.132672e+01  9.134970e+00
     vertex  1.801007e+01  5.132208e+01  9.136376e+00
   endloop
 endfacet
 facet normal  0.000000e+00  2.529685e-01  9.674745e-01
   outer loop
     vertex  1.333912e+02  5.131742e+01  9.137691e+00
     vertex  1.800876e+01  5.131742e+01  9.137691e+00
     vertex  1.800753e+01  5.131274e+01  9.138916e+00
   endloop
 endfacet
 facet normal  0.000000e+00  2.716609e-01  9.623930e-01
   outer loop
     vertex  1.333912e+02  5.131742e+01  9.137691e+00
     vertex  1.333899e+02  5.132208e+01  9.136376e+00
     vertex  1.800876e+01  5.131742e+01  9.137691e+00
   endloop
 endfacet
 facet normal  0.000000e+00  2.529685e-01  9.674745e-01
   outer loop
     vertex  1.333925e+02  5.131274e+01  9.138916e+00
     vertex  1.333912e+02  5.131742e+01  9.137691e+00
     vertex  1.800753e+01  5.131274e+01  9.138916e+00
   endloop
 endfacet
 facet normal  0.000000e+00  2.341813e-01  9.721930e-01
   outer loop
     vertex  1.333936e+02  5.130803e+01  9.140050e+00
     vertex  1.800753e+01  5.131274e+01  9.138916e+00
     vertex  1.800640e+01  5.130803e+01  9.140050e+00
   endloop
 endfacet
 facet normal  0.000000e+00  2.341813e-01  9.721930e-01
   outer loop
     vertex  1.333936e+02  5.130803e+01  9.140050e+00
     vertex  1.333925e+02  5.131274e+01  9.138916e+00
     vertex  1.800753e+01  5.131274e+01  9.138916e+00
   endloop
 endfacet
 facet normal  0.000000e+00  2.153061e-01  9.765466e-01
   outer loop
     vertex  1.333946e+02  5.130330e+01  9.141093e+00
     vertex  1.800640e+01  5.130803e+01  9.140050e+00
     vertex  1.800535e+01  5.130330e+01  9.141093e+00
   endloop
 endfacet
 facet normal  0.000000e+00  2.153061e-01  9.765466e-01
   outer loop
     vertex  1.333946e+02  5.130330e+01  9.141093e+00
     vertex  1.333936e+02  5.130803e+01  9.140050e+00
     vertex  1.800640e+01  5.130803e+01  9.140050e+00
   endloop
 endfacet
 facet normal  0.000000e+00  1.963502e-01  9.805338e-01
   outer loop
     vertex  1.333956e+02  5.129855e+01  9.142044e+00
     vertex  1.800535e+01  5.130330e+01  9.141093e+00
     vertex  1.800440e+01  5.129855e+01  9.142044e+00
   endloop
 endfacet
 facet normal  0.000000e+00  1.963502e-01  9.805338e-01
   outer loop
     vertex  1.333956e+02  5.129855e+01  9.142044e+00
     vertex  1.333946e+02  5.130330e+01  9.141093e+00
     vertex  1.800535e+01  5.130330e+01  9.141093e+00
   endloop
 endfacet
 facet normal  0.000000e+00  1.773206e-01  9.841531e-01
   outer loop
     vertex  1.333965e+02  5.129379e+01  9.142903e+00
     vertex  1.800440e+01  5.129855e+01  9.142044e+00
     vertex  1.800354e+01  5.129379e+01  9.142903e+00
   endloop
 endfacet
 facet normal  0.000000e+00  1.773206e-01  9.841531e-01
   outer loop
     vertex  1.333965e+02  5.129379e+01  9.142903e+00
     vertex  1.333956e+02  5.129855e+01  9.142044e+00
     vertex  1.800440e+01  5.129855e+01  9.142044e+00
   endloop
 endfacet
 facet normal  0.000000e+00  1.582245e-01  9.874032e-01
   outer loop
     vertex  1.333972e+02  5.128900e+01  9.143669e+00
     vertex  1.333965e+02  5.129379e+01  9.142903e+00
     vertex  1.800354e+01  5.129379e+01  9.142903e+00
   endloop
 endfacet
 facet normal  0.000000e+00  1.582245e-01  9.874032e-01
   outer loop
     vertex  1.333972e+02  5.128900e+01  9.143669e+00
     vertex  1.800354e+01  5.129379e+01  9.142903e+00
     vertex  1.800278e+01  5.128900e+01  9.143669e+00
   endloop
 endfacet
 facet normal  0.000000e+00  1.390690e-01  9.902827e-01
   outer loop
     vertex  1.333979e+02  5.128421e+01  9.144342e+00
     vertex  1.333972e+02  5.128900e+01  9.143669e+00
     vertex  1.800278e+01  5.128900e+01  9.143669e+00
   endloop
 endfacet
 facet normal  0.000000e+00  1.390690e-01  9.902827e-01
   outer loop
     vertex  1.333979e+02  5.128421e+01  9.144342e+00
     vertex  1.800278e+01  5.128900e+01  9.143669e+00
     vertex  1.800210e+01  5.128421e+01  9.144342e+00
   endloop
 endfacet
 facet normal  0.000000e+00  1.198613e-01  9.927906e-01
   outer loop
     vertex  1.333985e+02  5.127940e+01  9.144923e+00
     vertex  1.333979e+02  5.128421e+01  9.144342e+00
     vertex  1.800210e+01  5.128421e+01  9.144342e+00
   endloop
 endfacet
 facet normal  0.000000e+00  1.198613e-01  9.927906e-01
   outer loop
     vertex  1.333985e+02  5.127940e+01  9.144923e+00
     vertex  1.800210e+01  5.128421e+01  9.144342e+00
     vertex  1.800152e+01  5.127940e+01  9.144923e+00
   endloop
 endfacet
 facet normal  0.000000e+00  1.006086e-01  9.949261e-01
   outer loop
     vertex  1.333990e+02  5.127458e+01  9.145410e+00
     vertex  1.333985e+02  5.127940e+01  9.144923e+00
     vertex  1.800152e+01  5.127940e+01  9.144923e+00
   endloop
 endfacet
 facet normal  0.000000e+00  1.006086e-01  9.949261e-01
   outer loop
     vertex  1.333990e+02  5.127458e+01  9.145410e+00
     vertex  1.800152e+01  5.127940e+01  9.144923e+00
     vertex  1.800104e+01  5.127458e+01  9.145410e+00
   endloop
 endfacet
 facet normal  0.000000e+00  8.131823e-02  9.966882e-01
   outer loop
     vertex  1.333994e+02  5.126976e+01  9.145804e+00
     vertex  1.333990e+02  5.127458e+01  9.145410e+00
     vertex  1.800104e+01  5.127458e+01  9.145410e+00
   endloop
 endfacet
 facet normal  0.000000e+00  8.131823e-02  9.966882e-01
   outer loop
     vertex  1.333994e+02  5.126976e+01  9.145804e+00
     vertex  1.800104e+01  5.127458e+01  9.145410e+00
     vertex  1.800064e+01  5.126976e+01  9.145804e+00
   endloop
 endfacet
 facet normal  0.000000e+00  6.199731e-02  9.980763e-01
   outer loop
     vertex  1.333997e+02  5.126492e+01  9.146104e+00
     vertex  1.333994e+02  5.126976e+01  9.145804e+00
     vertex  1.800064e+01  5.126976e+01  9.145804e+00
   endloop
 endfacet
 facet normal  0.000000e+00  6.199731e-02  9.980763e-01
   outer loop
     vertex  1.333997e+02  5.126492e+01  9.146104e+00
     vertex  1.800064e+01  5.126976e+01  9.145804e+00
     vertex  1.800034e+01  5.126492e+01  9.146104e+00
   endloop
 endfacet
 facet normal  0.000000e+00  4.265313e-02  9.990899e-01
   outer loop
     vertex  1.333999e+02  5.126008e+01  9.146311e+00
     vertex  1.333997e+02  5.126492e+01  9.146104e+00
     vertex  1.800034e+01  5.126492e+01  9.146104e+00
   endloop
 endfacet
 facet normal  0.000000e+00  4.265313e-02  9.990899e-01
   outer loop
     vertex  1.333999e+02  5.126008e+01  9.146311e+00
     vertex  1.800034e+01  5.126492e+01  9.146104e+00
     vertex  1.800014e+01  5.126008e+01  9.146311e+00
   endloop
 endfacet
 facet normal  0.000000e+00  2.473290e-02  9.996941e-01
   outer loop
     vertex  1.334000e+02  5.125596e+01  9.146413e+00
     vertex  1.333999e+02  5.126008e+01  9.146311e+00
     vertex  1.800014e+01  5.126008e+01  9.146311e+00
   endloop
 endfacet
 facet normal  0.000000e+00  2.473290e-02  9.996941e-01
   outer loop
     vertex  1.334000e+02  5.125596e+01  9.146413e+00
     vertex  1.800014e+01  5.126008e+01  9.146311e+00
     vertex  1.800003e+01  5.125596e+01  9.146413e+00
   endloop
 endfacet
 facet normal  0.000000e+00  8.245047e-03  9.999660e-01
   outer loop
     vertex  1.334000e+02  5.125184e+01  9.146447e+00
     vertex  1.334000e+02  5.125596e+01  9.146413e+00
     vertex  1.800003e+01  5.125596e+01  9.146413e+00
   endloop
 endfacet
 facet normal  0.000000e+00  8.245047e-03  9.999660e-01
   outer loop
     vertex  1.334000e+02  5.125184e+01  9.146447e+00
     vertex  1.800003e+01  5.125596e+01  9.146413e+00
     vertex  1.800000e+01  5.125184e+01  9.146447e+00
   endloop
 endfacet
 facet normal  0.000000e+00 -1.354093e-02  9.999083e-01
   outer loop
     vertex  1.334000e+02  5.124507e+01  9.146355e+00
     vertex  1.334000e+02  5.125184e+01  9.146447e+00
     vertex  1.800000e+01  5.125184e+01  9.146447e+00
   endloop
 endfacet
 facet normal  0.000000e+00 -1.354093e-02  9.999083e-01
   outer loop
     vertex  1.334000e+02  5.124507e+01  9.146355e+00
     vertex  1.800000e+01  5.125184e+01  9.146447e+00
     vertex  1.800000e+01  5.124507e+01  9.146355e+00
   endloop
 endfacet
 facet normal  0.000000e+00 -4.061287e-02  9.991750e-01
   outer loop
     vertex  1.334000e+02  5.123831e+01  9.146080e+00
     vertex  1.334000e+02  5.124507e+01  9.146355e+00
     vertex  1.800000e+01  5.124507e+01  9.146355e+00
   endloop
 endfacet
 facet normal  0.000000e+00 -4.061287e-02  9.991750e-01
   outer loop
     vertex  1.334000e+02  5.123831e+01  9.146080e+00
     vertex  1.800000e+01  5.124507e+01  9.146355e+00
     vertex  1.800000e+01  5.123831e+01  9.146080e+00
   endloop
 endfacet
 facet normal  0.000000e+00 -6.765502e-02  9.977088e-01
   outer loop
     vertex  1.334000e+02  5.123831e+01  9.146080e+00
     vertex  1.800000e+01  5.123831e+01  9.146080e+00
     vertex  1.800000e+01  5.123155e+01  9.145622e+00
   endloop
 endfacet
 facet normal  0.000000e+00 -6.765502e-02  9.977088e-01
   outer loop
     vertex  1.334000e+02  5.123155e+01  9.145622e+00
     vertex  1.334000e+02  5.123831e+01  9.146080e+00
     vertex  1.800000e+01  5.123155e+01  9.145622e+00
   endloop
 endfacet
 facet normal  0.000000e+00 -9.464755e-02  9.955108e-01
   outer loop
     vertex  1.334000e+02  5.123155e+01  9.145622e+00
     vertex  1.800000e+01  5.123155e+01  9.145622e+00
     vertex  1.800000e+01  5.122481e+01  9.144981e+00
   endloop
 endfacet
 facet normal  0.000000e+00 -9.464755e-02  9.955108e-01
   outer loop
     vertex  1.334000e+02  5.122481e+01  9.144981e+00
     vertex  1.334000e+02  5.123155e+01  9.145622e+00
     vertex  1.800000e+01  5.122481e+01  9.144981e+00
   endloop
 endfacet
 facet normal  0.000000e+00 -1.215707e-01  9.925828e-01
   outer loop
     vertex  1.334000e+02  5.121809e+01  9.144158e+00
     vertex  1.334000e+02  5.122481e+01  9.144981e+00
     vertex  1.800000e+01  5.122481e+01  9.144981e+00
   endloop
 endfacet
 facet normal  0.000000e+00 -1.215707e-01  9.925828e-01
   outer loop
     vertex  1.334000e+02  5.121809e+01  9.144158e+00
     vertex  1.800000e+01  5.122481e+01  9.144981e+00
     vertex  1.800000e+01  5.121809e+01  9.144158e+00
   endloop
 endfacet
 facet normal  0.000000e+00 -1.484046e-01  9.889267e-01
   outer loop
     vertex  1.334000e+02  5.121139e+01  9.143153e+00
     vertex  1.334000e+02  5.121809e+01  9.144158e+00
     vertex  1.800000e+01  5.121809e+01  9.144158e+00
   endloop
 endfacet
 facet normal  0.000000e+00 -1.484046e-01  9.889267e-01
   outer loop
     vertex  1.334000e+02  5.121139e+01  9.143153e+00
     vertex  1.800000e+01  5.121809e+01  9.144158e+00
     vertex  1.800000e+01  5.121139e+01  9.143153e+00
   endloop
 endfacet
 facet normal  0.000000e+00 -1.751297e-01  9.845454e-01
   outer loop
     vertex  1.334000e+02  5.121139e+01  9.143153e+00
     vertex  1.800000e+01  5.121139e+01  9.143153e+00
     vertex  1.800000e+01  5.120473e+01  9.141968e+00
   endloop
 endfacet
 facet normal  0.000000e+00 -1.751297e-01  9.845454e-01
   outer loop
     vertex  1.334000e+02  5.120473e+01  9.141968e+00
     vertex  1.334000e+02  5.121139e+01  9.143153e+00
     vertex  1.800000e+01  5.120473e+01  9.141968e+00
   endloop
 endfacet
 facet normal  0.000000e+00 -2.017264e-01  9.794419e-01
   outer loop
     vertex  1.334000e+02  5.120473e+01  9.141968e+00
     vertex  1.800000e+01  5.120473e+01  9.141968e+00
     vertex  1.800000e+01  5.119810e+01  9.140602e+00
   endloop
 endfacet
 facet normal  0.000000e+00 -2.017264e-01  9.794419e-01
   outer loop
     vertex  1.334000e+02  5.119810e+01  9.140602e+00
     vertex  1.334000e+02  5.120473e+01  9.141968e+00
     vertex  1.800000e+01  5.119810e+01  9.140602e+00
   endloop
 endfacet
 facet normal  0.000000e+00 -2.281751e-01  9.736201e-01
   outer loop
     vertex  1.334000e+02  5.119151e+01  9.139057e+00
     vertex  1.800000e+01  5.119810e+01  9.140602e+00
     vertex  1.800000e+01  5.119151e+01  9.139057e+00
   endloop
 endfacet
 facet normal  0.000000e+00 -2.281751e-01  9.736201e-01
   outer loop
     vertex  1.334000e+02  5.119151e+01  9.139057e+00
     vertex  1.334000e+02  5.119810e+01  9.140602e+00
     vertex  1.800000e+01  5.119810e+01  9.140602e+00
   endloop
 endfacet
 facet normal  0.000000e+00 -2.544564e-01  9.670842e-01
   outer loop
     vertex  1.334000e+02  5.118496e+01  9.137334e+00
     vertex  1.800000e+01  5.119151e+01  9.139057e+00
     vertex  1.800000e+01  5.118496e+01  9.137334e+00
   endloop
 endfacet
 facet normal  0.000000e+00 -2.544564e-01  9.670842e-01
   outer loop
     vertex  1.334000e+02  5.118496e+01  9.137334e+00
     vertex  1.334000e+02  5.119151e+01  9.139057e+00
     vertex  1.800000e+01  5.119151e+01  9.139057e+00
   endloop
 endfacet
 facet normal  0.000000e+00 -2.805512e-01  9.598391e-01
   outer loop
     vertex  1.334000e+02  5.117846e+01  9.135435e+00
     vertex  1.800000e+01  5.118496e+01  9.137334e+00
     vertex  1.800000e+01  5.117846e+01  9.135435e+00
   endloop
 endfacet
 facet normal  0.000000e+00 -3.064401e-01  9.518899e-01
   outer loop
     vertex  1.334000e+02  5.117846e+01  9.135435e+00
     vertex  1.800000e+01  5.117846e+01  9.135435e+00
     vertex  1.800000e+01  5.117201e+01  9.133360e+00
   endloop
 endfacet
 facet normal  0.000000e+00 -2.805512e-01  9.598391e-01
   outer loop
     vertex  1.334000e+02  5.117846e+01  9.135435e+00
     vertex  1.334000e+02  5.118496e+01  9.137334e+00
     vertex  1.800000e+01  5.118496e+01  9.137334e+00
   endloop
 endfacet
 facet normal  0.000000e+00 -3.064401e-01  9.518899e-01
   outer loop
     vertex  1.334000e+02  5.117201e+01  9.133360e+00
     vertex  1.334000e+02  5.117846e+01  9.135435e+00
     vertex  1.800000e+01  5.117201e+01  9.133360e+00
   endloop
 endfacet
 facet normal  0.000000e+00 -3.321044e-01  9.432426e-01
   outer loop
     vertex  1.334000e+02  5.116563e+01  9.131111e+00
     vertex  1.800000e+01  5.117201e+01  9.133360e+00
     vertex  1.800000e+01  5.116563e+01  9.131111e+00
   endloop
 endfacet
 facet normal  0.000000e+00 -3.321044e-01  9.432426e-01
   outer loop
     vertex  1.334000e+02  5.116563e+01  9.131111e+00
     vertex  1.334000e+02  5.117201e+01  9.133360e+00
     vertex  1.800000e+01  5.117201e+01  9.133360e+00
   endloop
 endfacet
 facet normal  0.000000e+00 -3.575250e-01  9.339036e-01
   outer loop
     vertex  1.334000e+02  5.115931e+01  9.128691e+00
     vertex  1.800000e+01  5.116563e+01  9.131111e+00
     vertex  1.800000e+01  5.115931e+01  9.128691e+00
   endloop
 endfacet
 facet normal  0.000000e+00 -3.575250e-01  9.339036e-01
   outer loop
     vertex  1.334000e+02  5.115931e+01  9.128691e+00
     vertex  1.334000e+02  5.116563e+01  9.131111e+00
     vertex  1.800000e+01  5.116563e+01  9.131111e+00
   endloop
 endfacet
 facet normal  0.000000e+00 -3.826834e-01  9.238795e-01
   outer loop
     vertex  1.334000e+02  5.115305e+01  9.126100e+00
     vertex  1.800000e+01  5.115931e+01  9.128691e+00
     vertex  1.800000e+01  5.115305e+01  9.126100e+00
   endloop
 endfacet
 facet normal  0.000000e+00 -3.826834e-01  9.238795e-01
   outer loop
     vertex  1.334000e+02  5.115305e+01  9.126100e+00
     vertex  1.334000e+02  5.115931e+01  9.128691e+00
     vertex  1.800000e+01  5.115931e+01  9.128691e+00
   endloop
 endfacet
 facet normal  0.000000e+00 -4.075612e-01  9.131779e-01
   outer loop
     vertex  1.334000e+02  5.114687e+01  9.123340e+00
     vertex  1.800000e+01  5.115305e+01  9.126100e+00
     vertex  1.800000e+01  5.114687e+01  9.123340e+00
   endloop
 endfacet
 facet normal  0.000000e+00 -4.321400e-01  9.018065e-01
   outer loop
     vertex  1.334000e+02  5.114687e+01  9.123340e+00
     vertex  1.800000e+01  5.114687e+01  9.123340e+00
     vertex  1.800000e+01  5.114076e+01  9.120415e+00
   endloop
 endfacet
 facet normal  0.000000e+00 -4.075612e-01  9.131779e-01
   outer loop
     vertex  1.334000e+02  5.114687e+01  9.123340e+00
     vertex  1.334000e+02  5.115305e+01  9.126100e+00
     vertex  1.800000e+01  5.115305e+01  9.126100e+00
   endloop
 endfacet
 facet normal  0.000000e+00 -4.321400e-01  9.018065e-01
   outer loop
     vertex  1.334000e+02  5.114076e+01  9.120415e+00
     vertex  1.334000e+02  5.114687e+01  9.123340e+00
     vertex  1.800000e+01  5.114076e+01  9.120415e+00
   endloop
 endfacet
 facet normal  0.000000e+00 -4.564019e-01  8.897737e-01
   outer loop
     vertex  1.334000e+02  5.114076e+01  9.120415e+00
     vertex  1.800000e+01  5.114076e+01  9.120415e+00
     vertex  1.800000e+01  5.113474e+01  9.117325e+00
   endloop
 endfacet
 facet normal  0.000000e+00 -4.564019e-01  8.897737e-01
   outer loop
     vertex  1.334000e+02  5.113474e+01  9.117325e+00
     vertex  1.334000e+02  5.114076e+01  9.120415e+00
     vertex  1.800000e+01  5.113474e+01  9.117325e+00
   endloop
 endfacet
 facet normal  0.000000e+00 -4.803291e-01  8.770884e-01
   outer loop
     vertex  1.334000e+02  5.112880e+01  9.114073e+00
     vertex  1.334000e+02  5.113474e+01  9.117325e+00
     vertex  1.800000e+01  5.113474e+01  9.117325e+00
   endloop
 endfacet
 facet normal  0.000000e+00 -4.803291e-01  8.770884e-01
   outer loop
     vertex  1.334000e+02  5.112880e+01  9.114073e+00
     vertex  1.800000e+01  5.113474e+01  9.117325e+00
     vertex  1.800000e+01  5.112880e+01  9.114073e+00
   endloop
 endfacet
 facet normal  0.000000e+00 -5.039039e-01  8.637597e-01
   outer loop
     vertex  1.334000e+02  5.112295e+01  9.110661e+00
     vertex  1.334000e+02  5.112880e+01  9.114073e+00
     vertex  1.800000e+01  5.112880e+01  9.114073e+00
   endloop
 endfacet
 facet normal  0.000000e+00 -5.039039e-01  8.637597e-01
   outer loop
     vertex  1.334000e+02  5.112295e+01  9.110661e+00
     vertex  1.800000e+01  5.112880e+01  9.114073e+00
     vertex  1.800000e+01  5.112295e+01  9.110661e+00
   endloop
 endfacet
 facet normal  0.000000e+00 -5.271092e-01  8.497975e-01
   outer loop
     vertex  1.334000e+02  5.112295e+01  9.110661e+00
     vertex  1.800000e+01  5.112295e+01  9.110661e+00
     vertex  1.800000e+01  5.111720e+01  9.107092e+00
   endloop
 endfacet
 facet normal  0.000000e+00 -5.271092e-01  8.497975e-01
   outer loop
     vertex  1.334000e+02  5.111720e+01  9.107092e+00
     vertex  1.334000e+02  5.112295e+01  9.110661e+00
     vertex  1.800000e+01  5.111720e+01  9.107092e+00
   endloop
 endfacet
 facet normal  0.000000e+00 -5.499279e-01  8.352121e-01
   outer loop
     vertex  1.334000e+02  5.111154e+01  9.103369e+00
     vertex  1.334000e+02  5.111720e+01  9.107092e+00
     vertex  1.800000e+01  5.111720e+01  9.107092e+00
   endloop
 endfacet
 facet normal  0.000000e+00 -5.499279e-01  8.352121e-01
   outer loop
     vertex  1.334000e+02  5.111154e+01  9.103369e+00
     vertex  1.800000e+01  5.111720e+01  9.107092e+00
     vertex  1.800000e+01  5.111154e+01  9.103369e+00
   endloop
 endfacet
 facet normal  0.000000e+00 -5.723433e-01  8.200141e-01
   outer loop
     vertex  1.334000e+02  5.110599e+01  9.099494e+00
     vertex  1.334000e+02  5.111154e+01  9.103369e+00
     vertex  1.800000e+01  5.111154e+01  9.103369e+00
   endloop
 endfacet
 facet normal  0.000000e+00 -5.723433e-01  8.200141e-01
   outer loop
     vertex  1.334000e+02  5.110599e+01  9.099494e+00
     vertex  1.800000e+01  5.111154e+01  9.103369e+00
     vertex  1.800000e+01  5.110599e+01  9.099494e+00
   endloop
 endfacet
 facet normal  0.000000e+00 -5.943389e-01  8.042147e-01
   outer loop
     vertex  1.334000e+02  5.110055e+01  9.095470e+00
     vertex  1.334000e+02  5.110599e+01  9.099494e+00
     vertex  1.800000e+01  5.110599e+01  9.099494e+00
   endloop
 endfacet
 facet normal  0.000000e+00 -5.943389e-01  8.042147e-01
   outer loop
     vertex  1.334000e+02  5.110055e+01  9.095470e+00
     vertex  1.800000e+01  5.110599e+01  9.099494e+00
     vertex  1.800000e+01  5.110055e+01  9.095470e+00
   endloop
 endfacet
 facet normal  0.000000e+00 -6.158986e-01  7.878255e-01
   outer loop
     vertex  1.334000e+02  5.109521e+01  9.091300e+00
     vertex  1.334000e+02  5.110055e+01  9.095470e+00
     vertex  1.800000e+01  5.110055e+01  9.095470e+00
   endloop
 endfacet
 facet normal  0.000000e+00 -6.158986e-01  7.878255e-01
   outer loop
     vertex  1.334000e+02  5.109521e+01  9.091300e+00
     vertex  1.800000e+01  5.110055e+01  9.095470e+00
     vertex  1.800000e+01  5.109521e+01  9.091300e+00
   endloop
 endfacet
 facet normal  0.000000e+00 -6.370065e-01  7.708584e-01
   outer loop
     vertex  1.334000e+02  5.108999e+01  9.086987e+00
     vertex  1.334000e+02  5.109521e+01  9.091300e+00
     vertex  1.800000e+01  5.109521e+01  9.091300e+00
   endloop
 endfacet
 facet normal  0.000000e+00 -6.370065e-01  7.708584e-01
   outer loop
     vertex  1.334000e+02  5.108999e+01  9.086987e+00
     vertex  1.800000e+01  5.109521e+01  9.091300e+00
     vertex  1.800000e+01  5.108999e+01  9.086987e+00
   endloop
 endfacet
 facet normal  0.000000e+00 -6.576473e-01  7.533260e-01
   outer loop
     vertex  1.334000e+02  5.108489e+01  9.082535e+00
     vertex  1.334000e+02  5.108999e+01  9.086987e+00
     vertex  1.800000e+01  5.108999e+01  9.086987e+00
   endloop
 endfacet
 facet normal  0.000000e+00 -6.576473e-01  7.533260e-01
   outer loop
     vertex  1.334000e+02  5.108489e+01  9.082535e+00
     vertex  1.800000e+01  5.108999e+01  9.086987e+00
     vertex  1.800000e+01  5.108489e+01  9.082535e+00
   endloop
 endfacet
 facet normal  0.000000e+00 -6.778058e-01  7.352410e-01
   outer loop
     vertex  1.334000e+02  5.107992e+01  9.077945e+00
     vertex  1.334000e+02  5.108489e+01  9.082535e+00
     vertex  1.800000e+01  5.108489e+01  9.082535e+00
   endloop
 endfacet
 facet normal  0.000000e+00 -6.778058e-01  7.352410e-01
   outer loop
     vertex  1.334000e+02  5.107992e+01  9.077945e+00
     vertex  1.800000e+01  5.108489e+01  9.082535e+00
     vertex  1.800000e+01  5.107992e+01  9.077945e+00
   endloop
 endfacet
 facet normal  0.000000e+00 -6.974671e-01  7.166168e-01
   outer loop
     vertex  1.334000e+02  5.107506e+01  9.073223e+00
     vertex  1.334000e+02  5.107992e+01  9.077945e+00
     vertex  1.800000e+01  5.107992e+01  9.077945e+00
   endloop
 endfacet
 facet normal  0.000000e+00 -6.974671e-01  7.166168e-01
   outer loop
     vertex  1.334000e+02  5.107506e+01  9.073223e+00
     vertex  1.800000e+01  5.107992e+01  9.077945e+00
     vertex  1.800000e+01  5.107506e+01  9.073223e+00
   endloop
 endfacet
 facet normal  1.933464e-02  9.998131e-01 -1.765900e-06
   outer loop
     vertex  1.331591e+02  5.150167e+01  8.905557e+00
     vertex  1.331597e+02  5.150165e+01  3.163980e+00
     vertex  1.331500e+02  5.150184e+01  3.173647e+00
   endloop
 endfacet
 facet normal  1.822399e-02  9.998339e-01  0.000000e+00
   outer loop
     vertex  1.331591e+02  5.150167e+01  8.905557e+00
     vertex  1.331500e+02  5.150184e+01  3.173647e+00
     vertex  1.331500e+02  5.150184e+01  8.896447e+00
   endloop
 endfacet
 facet normal  5.797699e-02  9.983179e-01 -3.305732e-06
   outer loop
     vertex  1.331682e+02  5.150118e+01  8.914655e+00
     vertex  1.331693e+02  5.150109e+01  3.154328e+00
     vertex  1.331597e+02  5.150165e+01  3.163980e+00
   endloop
 endfacet
 facet normal  5.464611e-02  9.985058e-01  1.657785e-06
   outer loop
     vertex  1.331682e+02  5.150118e+01  8.914655e+00
     vertex  1.331597e+02  5.150165e+01  3.163980e+00
     vertex  1.331591e+02  5.150167e+01  8.905557e+00
   endloop
 endfacet
 facet normal  9.653288e-02  9.953298e-01 -4.621663e-06
   outer loop
     vertex  1.331773e+02  5.150035e+01  8.923730e+00
     vertex  1.331789e+02  5.150016e+01  3.144705e+00
     vertex  1.331693e+02  5.150109e+01  3.154328e+00
   endloop
 endfacet
 facet normal  9.099587e-02  9.958513e-01  3.089630e-06
   outer loop
     vertex  1.331773e+02  5.150035e+01  8.923730e+00
     vertex  1.331693e+02  5.150109e+01  3.154328e+00
     vertex  1.331682e+02  5.150118e+01  8.914655e+00
   endloop
 endfacet
 facet normal  1.330308e-01  9.911119e-01 -3.232254e-06
   outer loop
     vertex  1.331863e+02  5.149919e+01  8.932768e+00
     vertex  1.331876e+02  5.149900e+01  3.136081e+00
     vertex  1.331789e+02  5.150016e+01  3.144705e+00
   endloop
 endfacet
 facet normal  1.272250e-01  9.918739e-01  4.297836e-06
   outer loop
     vertex  1.331863e+02  5.149919e+01  8.932768e+00
     vertex  1.331789e+02  5.150016e+01  3.144705e+00
     vertex  1.331773e+02  5.150035e+01  8.923730e+00
   endloop
 endfacet
 facet normal  1.657287e-01  9.861714e-01  6.061802e-08
   outer loop
     vertex  1.331953e+02  5.149770e+01  8.941757e+00
     vertex  1.331953e+02  5.149770e+01  3.128358e+00
     vertex  1.331876e+02  5.149900e+01  3.136081e+00
   endloop
 endfacet
 facet normal  1.965359e-01  9.804966e-01 -6.027175e-08
   outer loop
     vertex  1.331953e+02  5.149770e+01  8.941757e+00
     vertex  1.332030e+02  5.149616e+01  3.120679e+00
     vertex  1.331953e+02  5.149770e+01  3.128358e+00
   endloop
 endfacet
 facet normal  1.632872e-01  9.865786e-01  3.409063e-06
   outer loop
     vertex  1.331953e+02  5.149770e+01  8.941757e+00
     vertex  1.331876e+02  5.149900e+01  3.136081e+00
     vertex  1.331863e+02  5.149919e+01  8.932768e+00
   endloop
 endfacet
 facet normal  2.271477e-01  9.738603e-01 -2.917972e-06
   outer loop
     vertex  1.332042e+02  5.149589e+01  8.950687e+00
     vertex  1.332106e+02  5.149439e+01  3.113053e+00
     vertex  1.332030e+02  5.149616e+01  3.120679e+00
   endloop
 endfacet
 facet normal  1.991315e-01  9.799728e-01  3.491902e-06
   outer loop
     vertex  1.332042e+02  5.149589e+01  8.950687e+00
     vertex  1.332030e+02  5.149616e+01  3.120679e+00
     vertex  1.331953e+02  5.149770e+01  8.941757e+00
   endloop
 endfacet
 facet normal  2.575377e-01  9.662682e-01 -4.636616e-06
   outer loop
     vertex  1.332131e+02  5.149375e+01  8.959544e+00
     vertex  1.332182e+02  5.149237e+01  3.105485e+00
     vertex  1.332106e+02  5.149439e+01  3.113053e+00
   endloop
 endfacet
 facet normal  2.347092e-01  9.720656e-01  5.773114e-06
   outer loop
     vertex  1.332131e+02  5.149375e+01  8.959544e+00
     vertex  1.332106e+02  5.149439e+01  3.113053e+00
     vertex  1.332042e+02  5.149589e+01  8.950687e+00
   endloop
 endfacet
 facet normal  2.876761e-01  9.577278e-01 -5.226621e-06
   outer loop
     vertex  1.332219e+02  5.149129e+01  8.968318e+00
     vertex  1.332257e+02  5.149012e+01  3.097985e+00
     vertex  1.332182e+02  5.149237e+01  3.105485e+00
   endloop
 endfacet
 facet normal  2.699762e-01  9.628670e-01  6.922775e-06
   outer loop
     vertex  1.332219e+02  5.149129e+01  8.968318e+00
     vertex  1.332182e+02  5.149237e+01  3.105485e+00
     vertex  1.332131e+02  5.149375e+01  8.959544e+00
   endloop
 endfacet
 facet normal  3.175332e-01  9.482471e-01 -4.698138e-06
   outer loop
     vertex  1.332305e+02  5.148851e+01  8.976996e+00
     vertex  1.332331e+02  5.148763e+01  3.090559e+00
     vertex  1.332257e+02  5.149012e+01  3.097985e+00
   endloop
 endfacet
 facet normal  3.048857e-01  9.523890e-01  6.949686e-06
   outer loop
     vertex  1.332305e+02  5.148851e+01  8.976996e+00
     vertex  1.332257e+02  5.149012e+01  3.097985e+00
     vertex  1.332219e+02  5.149129e+01  8.968318e+00
   endloop
 endfacet
 facet normal  3.470797e-01  9.378356e-01 -3.061009e-06
   outer loop
     vertex  1.332391e+02  5.148542e+01  8.985567e+00
     vertex  1.332404e+02  5.148491e+01  3.083214e+00
     vertex  1.332331e+02  5.148763e+01  3.090559e+00
   endloop
 endfacet
 facet normal  3.393911e-01  9.406454e-01  5.862439e-06
   outer loop
     vertex  1.332391e+02  5.148542e+01  8.985567e+00
     vertex  1.332331e+02  5.148763e+01  3.090559e+00
     vertex  1.332305e+02  5.148851e+01  8.976996e+00
   endloop
 endfacet
 facet normal  3.762848e-01  9.265041e-01 -2.379801e-06
   outer loop
     vertex  1.332467e+02  5.148237e+01  8.993180e+00
     vertex  1.332477e+02  5.148196e+01  3.075959e+00
     vertex  1.332404e+02  5.148491e+01  3.083214e+00
   endloop
 endfacet
 facet normal  3.717556e-01  9.283306e-01  3.235573e-06
   outer loop
     vertex  1.332467e+02  5.148237e+01  8.993180e+00
     vertex  1.332404e+02  5.148491e+01  3.083214e+00
     vertex  1.332391e+02  5.148542e+01  8.985567e+00
   endloop
 endfacet
 facet normal  4.051193e-01  9.142638e-01 -3.181263e-06
   outer loop
     vertex  1.332535e+02  5.147941e+01  8.999943e+00
     vertex  1.332548e+02  5.147879e+01  3.068799e+00
     vertex  1.332477e+02  5.148196e+01  3.075959e+00
   endloop
 endfacet
 facet normal  4.005025e-01  9.162957e-01  2.221297e-06
   outer loop
     vertex  1.332535e+02  5.147941e+01  8.999943e+00
     vertex  1.332477e+02  5.148196e+01  3.075959e+00
     vertex  1.332467e+02  5.148237e+01  8.993180e+00
   endloop
 endfacet
 facet normal  4.335564e-01  9.011264e-01 -3.842545e-06
   outer loop
     vertex  1.332602e+02  5.147626e+01  9.006616e+00
     vertex  1.332619e+02  5.147540e+01  3.061742e+00
     vertex  1.332548e+02  5.147879e+01  3.068799e+00
   endloop
 endfacet
 facet normal  4.273766e-01  9.040737e-01  2.954009e-06
   outer loop
     vertex  1.332602e+02  5.147626e+01  9.006616e+00
     vertex  1.332548e+02  5.147879e+01  3.068799e+00
     vertex  1.332535e+02  5.147941e+01  8.999943e+00
   endloop
 endfacet
 facet normal  4.615682e-01  8.871047e-01 -4.364656e-06
   outer loop
     vertex  1.332667e+02  5.147291e+01  9.013193e+00
     vertex  1.332689e+02  5.147178e+01  3.054794e+00
     vertex  1.332619e+02  5.147540e+01  3.061742e+00
   endloop
 endfacet
 facet normal  4.538784e-01  8.910636e-01  3.546746e-06
   outer loop
     vertex  1.332667e+02  5.147291e+01  9.013193e+00
     vertex  1.332619e+02  5.147540e+01  3.061742e+00
     vertex  1.332602e+02  5.147626e+01  9.006616e+00
   endloop
 endfacet
 facet normal  4.891272e-01  8.722125e-01 -4.748574e-06
   outer loop
     vertex  1.332732e+02  5.146936e+01  9.019668e+00
     vertex  1.332757e+02  5.146795e+01  3.047964e+00
     vertex  1.332689e+02  5.147178e+01  3.054794e+00
   endloop
 endfacet
 facet normal  4.799847e-01  8.772769e-01  4.000571e-06
   outer loop
     vertex  1.332732e+02  5.146936e+01  9.019668e+00
     vertex  1.332689e+02  5.147178e+01  3.054794e+00
     vertex  1.332667e+02  5.147291e+01  9.013193e+00
   endloop
 endfacet
 facet normal  5.126834e-01  8.585778e-01 -1.873354e-06
   outer loop
     vertex  1.332796e+02  5.146563e+01  9.026036e+00
     vertex  1.332806e+02  5.146499e+01  3.043004e+00
     vertex  1.332757e+02  5.146795e+01  3.047964e+00
   endloop
 endfacet
 facet normal  5.056727e-01  8.627254e-01  4.316511e-06
   outer loop
     vertex  1.332796e+02  5.146563e+01  9.026036e+00
     vertex  1.332757e+02  5.146795e+01  3.047964e+00
     vertex  1.332732e+02  5.146936e+01  9.019668e+00
   endloop
 endfacet
 facet normal  5.323840e-01  8.465030e-01  7.618950e-07
   outer loop
     vertex  1.332858e+02  5.146171e+01  9.032290e+00
     vertex  1.332855e+02  5.146191e+01  3.038115e+00
     vertex  1.332806e+02  5.146499e+01  3.043004e+00
   endloop
 endfacet
 facet normal  5.508311e-01  8.346167e-01 -5.980482e-07
   outer loop
     vertex  1.332858e+02  5.146171e+01  9.032290e+00
     vertex  1.332899e+02  5.145905e+01  3.033678e+00
     vertex  1.332855e+02  5.146191e+01  3.038115e+00
   endloop
 endfacet
 facet normal  5.309215e-01  8.474210e-01  2.534269e-06
   outer loop
     vertex  1.332858e+02  5.146171e+01  9.032290e+00
     vertex  1.332806e+02  5.146499e+01  3.043004e+00
     vertex  1.332796e+02  5.146563e+01  9.026036e+00
   endloop
 endfacet
 facet normal  5.680597e-01  8.229873e-01 -2.247505e-06
   outer loop
     vertex  1.332920e+02  5.145761e+01  9.038427e+00
     vertex  1.332941e+02  5.145610e+01  3.029102e+00
     vertex  1.332899e+02  5.145905e+01  3.033678e+00
   endloop
 endfacet
 facet normal  5.557051e-01  8.313795e-01  4.108793e-06
   outer loop
     vertex  1.332920e+02  5.145761e+01  9.038427e+00
     vertex  1.332899e+02  5.145905e+01  3.033678e+00
     vertex  1.332858e+02  5.146171e+01  9.032290e+00
   endloop
 endfacet
 facet normal  5.800054e-01  8.146126e-01  4.165174e-06
   outer loop
     vertex  1.332980e+02  5.145333e+01  9.044439e+00
     vertex  1.332941e+02  5.145610e+01  3.029102e+00
     vertex  1.332920e+02  5.145761e+01  9.038427e+00
   endloop
 endfacet
 facet normal  5.850452e-01  8.110007e-01 -7.202428e-07
   outer loop
     vertex  1.332980e+02  5.145333e+01  9.044439e+00
     vertex  1.332984e+02  5.145306e+01  3.024389e+00
     vertex  1.332941e+02  5.145610e+01  3.029102e+00
   endloop
 endfacet
 facet normal  6.017779e-01  7.986635e-01  8.592478e-07
   outer loop
     vertex  1.332980e+02  5.145333e+01  9.044439e+00
     vertex  1.333025e+02  5.144993e+01  3.019542e+00
     vertex  1.332984e+02  5.145306e+01  3.024389e+00
   endloop
 endfacet
 facet normal  6.038008e-01  7.971352e-01  3.238565e-06
   outer loop
     vertex  1.333039e+02  5.144887e+01  9.050323e+00
     vertex  1.333025e+02  5.144993e+01  3.019542e+00
     vertex  1.332980e+02  5.145333e+01  9.044439e+00
   endloop
 endfacet
 facet normal  6.182473e-01  7.859836e-01 -1.986654e-06
   outer loop
     vertex  1.333039e+02  5.144887e+01  9.050323e+00
     vertex  1.333066e+02  5.144672e+01  3.014562e+00
     vertex  1.333025e+02  5.144993e+01  3.019542e+00
   endloop
 endfacet
 facet normal  6.270686e-01  7.789641e-01  4.495017e-06
   outer loop
     vertex  1.333096e+02  5.144425e+01  9.056072e+00
     vertex  1.333066e+02  5.144672e+01  3.014562e+00
     vertex  1.333039e+02  5.144887e+01  9.050323e+00
   endloop
 endfacet
 facet normal  6.344519e-01  7.729624e-01 -1.664131e-06
   outer loop
     vertex  1.333096e+02  5.144425e+01  9.056072e+00
     vertex  1.333106e+02  5.144342e+01  3.009451e+00
     vertex  1.333066e+02  5.144672e+01  3.014562e+00
   endloop
 endfacet
 facet normal  6.497916e-01  7.601124e-01  2.592510e-06
   outer loop
     vertex  1.333152e+02  5.143945e+01  9.061682e+00
     vertex  1.333106e+02  5.144342e+01  3.009451e+00
     vertex  1.333096e+02  5.144425e+01  9.056072e+00
   endloop
 endfacet
 facet normal  6.503847e-01  7.596050e-01  1.806507e-06
   outer loop
     vertex  1.333152e+02  5.143945e+01  9.061682e+00
     vertex  1.333146e+02  5.144004e+01  3.004212e+00
     vertex  1.333106e+02  5.144342e+01  3.009451e+00
   endloop
 endfacet
 facet normal  6.660315e-01  7.459236e-01 -1.274270e-06
   outer loop
     vertex  1.333152e+02  5.143945e+01  9.061682e+00
     vertex  1.333184e+02  5.143658e+01  2.998847e+00
     vertex  1.333146e+02  5.144004e+01  3.004212e+00
   endloop
 endfacet
 facet normal  6.719462e-01  7.406000e-01  4.368467e-06
   outer loop
     vertex  1.333207e+02  5.143449e+01  9.067149e+00
     vertex  1.333184e+02  5.143658e+01  2.998847e+00
     vertex  1.333152e+02  5.143945e+01  9.061682e+00
   endloop
 endfacet
 facet normal  6.813921e-01  7.319186e-01 -2.147229e-06
   outer loop
     vertex  1.333207e+02  5.143449e+01  9.067149e+00
     vertex  1.333222e+02  5.143304e+01  2.993358e+00
     vertex  1.333184e+02  5.143658e+01  2.998847e+00
   endloop
 endfacet
 facet normal  6.964607e-01  7.175949e-01  1.194589e-07
   outer loop
     vertex  1.333260e+02  5.142937e+01  9.072466e+00
     vertex  1.333260e+02  5.142942e+01  2.987748e+00
     vertex  1.333222e+02  5.143304e+01  2.993358e+00
   endloop
 endfacet
 facet normal  6.935164e-01  7.204408e-01  3.666593e-06
   outer loop
     vertex  1.333260e+02  5.142937e+01  9.072466e+00
     vertex  1.333222e+02  5.143304e+01  2.993358e+00
     vertex  1.333207e+02  5.143449e+01  9.067149e+00
   endloop
 endfacet
 facet normal  7.112265e-01  7.029630e-01 -1.163277e-07
   outer loop
     vertex  1.333260e+02  5.142937e+01  9.072466e+00
     vertex  1.333296e+02  5.142572e+01  2.982019e+00
     vertex  1.333260e+02  5.142942e+01  2.987748e+00
   endloop
 endfacet
 facet normal  7.256837e-01  6.880285e-01 -1.829881e-06
   outer loop
     vertex  1.333307e+02  5.142463e+01  9.077121e+00
     vertex  1.333332e+02  5.142195e+01  2.976173e+00
     vertex  1.333296e+02  5.142572e+01  2.982019e+00
   endloop
 endfacet
 facet normal  7.134487e-01  7.007074e-01  2.549633e-06
   outer loop
     vertex  1.333307e+02  5.142463e+01  9.077121e+00
     vertex  1.333296e+02  5.142572e+01  2.982019e+00
     vertex  1.333260e+02  5.142937e+01  9.072466e+00
   endloop
 endfacet
 facet normal  7.398284e-01  6.727956e-01 -2.181234e-06
   outer loop
     vertex  1.333348e+02  5.142026e+01  9.081201e+00
     vertex  1.333367e+02  5.141811e+01  2.970214e+00
     vertex  1.333332e+02  5.142195e+01  2.976173e+00
   endloop
 endfacet
 facet normal  7.309077e-01  6.824763e-01  2.770997e-06
   outer loop
     vertex  1.333348e+02  5.142026e+01  9.081201e+00
     vertex  1.333332e+02  5.142195e+01  2.976173e+00
     vertex  1.333307e+02  5.142463e+01  9.077121e+00
   endloop
 endfacet
 facet normal  7.536537e-01  6.572717e-01 -2.131868e-06
   outer loop
     vertex  1.333387e+02  5.141580e+01  9.085175e+00
     vertex  1.333401e+02  5.141419e+01  2.964143e+00
     vertex  1.333367e+02  5.141811e+01  2.970214e+00
   endloop
 endfacet
 facet normal  7.470185e-01  6.648033e-01  2.921100e-06
   outer loop
     vertex  1.333387e+02  5.141580e+01  9.085175e+00
     vertex  1.333367e+02  5.141811e+01  2.970214e+00
     vertex  1.333348e+02  5.142026e+01  9.081201e+00
   endloop
 endfacet
 facet normal  7.671536e-01  6.414634e-01 -1.683925e-06
   outer loop
     vertex  1.333426e+02  5.141124e+01  9.089042e+00
     vertex  1.333434e+02  5.141020e+01  2.957963e+00
     vertex  1.333401e+02  5.141419e+01  2.964143e+00
   endloop
 endfacet
 facet normal  7.627022e-01  6.467499e-01  2.671520e-06
   outer loop
     vertex  1.333426e+02  5.141124e+01  9.089042e+00
     vertex  1.333401e+02  5.141419e+01  2.964143e+00
     vertex  1.333387e+02  5.141580e+01  9.085175e+00
   endloop
 endfacet
 facet normal  7.803224e-01  6.253775e-01 -8.395451e-07
   outer loop
     vertex  1.333464e+02  5.140658e+01  9.092799e+00
     vertex  1.333467e+02  5.140615e+01  2.951678e+00
     vertex  1.333434e+02  5.141020e+01  2.957963e+00
   endloop
 endfacet
 facet normal  7.779498e-01  6.283264e-01  2.024118e-06
   outer loop
     vertex  1.333464e+02  5.140658e+01  9.092799e+00
     vertex  1.333434e+02  5.141020e+01  2.957963e+00
     vertex  1.333426e+02  5.141124e+01  9.089042e+00
   endloop
 endfacet
 facet normal  7.931542e-01  6.090209e-01  3.991323e-07
   outer loop
     vertex  1.333500e+02  5.140185e+01  9.096443e+00
     vertex  1.333499e+02  5.140203e+01  2.945288e+00
     vertex  1.333467e+02  5.140615e+01  2.951678e+00
   endloop
 endfacet
 facet normal  7.927527e-01  6.095435e-01  9.807606e-07
   outer loop
     vertex  1.333500e+02  5.140185e+01  9.096443e+00
     vertex  1.333467e+02  5.140615e+01  2.951678e+00
     vertex  1.333464e+02  5.140658e+01  9.092799e+00
   endloop
 endfacet
 facet normal  8.076886e-01  5.896093e-01 -1.458590e-06
   outer loop
     vertex  1.333535e+02  5.139702e+01  9.099973e+00
     vertex  1.333539e+02  5.139643e+01  2.936614e+00
     vertex  1.333499e+02  5.140203e+01  2.945288e+00
   endloop
 endfacet
 facet normal  8.071022e-01  5.904117e-01 -4.566875e-07
   outer loop
     vertex  1.333535e+02  5.139702e+01  9.099973e+00
     vertex  1.333499e+02  5.140203e+01  2.945288e+00
     vertex  1.333500e+02  5.140185e+01  9.096443e+00
   endloop
 endfacet
 facet normal  8.246977e-01  5.655739e-01 -4.325557e-06
   outer loop
     vertex  1.333569e+02  5.139211e+01  9.103386e+00
     vertex  1.333584e+02  5.139000e+01  2.926649e+00
     vertex  1.333539e+02  5.139643e+01  2.936614e+00
   endloop
 endfacet
 facet normal  8.209891e-01  5.709438e-01  1.234867e-06
   outer loop
     vertex  1.333569e+02  5.139211e+01  9.103386e+00
     vertex  1.333539e+02  5.139643e+01  2.936614e+00
     vertex  1.333535e+02  5.139702e+01  9.099973e+00
   endloop
 endfacet
 facet normal  8.419293e-01  5.395879e-01 -4.844532e-06
   outer loop
     vertex  1.333602e+02  5.138712e+01  9.106681e+00
     vertex  1.333626e+02  5.138344e+01  2.916476e+00
     vertex  1.333584e+02  5.139000e+01  2.926649e+00
   endloop
 endfacet
 facet normal  8.344066e-01  5.511493e-01  2.827792e-06
   outer loop
     vertex  1.333602e+02  5.138712e+01  9.106681e+00
     vertex  1.333584e+02  5.139000e+01  2.926649e+00
     vertex  1.333569e+02  5.139211e+01  9.103386e+00
   endloop
 endfacet
 facet normal  8.583439e-01  5.130749e-01 -3.230537e-06
   outer loop
     vertex  1.333634e+02  5.138206e+01  9.109856e+00
     vertex  1.333666e+02  5.137675e+01  2.906105e+00
     vertex  1.333626e+02  5.138344e+01  2.916476e+00
   endloop
 endfacet
 facet normal  8.473476e-01  5.310386e-01  2.281145e-06
   outer loop
     vertex  1.333634e+02  5.138206e+01  9.109856e+00
     vertex  1.333626e+02  5.138344e+01  2.916476e+00
     vertex  1.333602e+02  5.138712e+01  9.106681e+00
   endloop
 endfacet
 facet normal  8.598045e-01  5.106233e-01 -3.901714e-07
   outer loop
     vertex  1.333665e+02  5.137692e+01  9.112909e+00
     vertex  1.333666e+02  5.137675e+01  2.906105e+00
     vertex  1.333634e+02  5.138206e+01  9.109856e+00
   endloop
 endfacet
 facet normal  8.739224e-01  4.860654e-01 -3.744153e-06
   outer loop
     vertex  1.333694e+02  5.137170e+01  9.115838e+00
     vertex  1.333703e+02  5.136993e+01  2.895546e+00
     vertex  1.333666e+02  5.137675e+01  2.906105e+00
   endloop
 endfacet
 facet normal  8.717688e-01  4.899175e-01  3.653901e-07
   outer loop
     vertex  1.333694e+02  5.137170e+01  9.115838e+00
     vertex  1.333666e+02  5.137675e+01  2.906105e+00
     vertex  1.333665e+02  5.137692e+01  9.112909e+00
   endloop
 endfacet
 facet normal  8.886510e-01  4.585841e-01 -4.788973e-06
   outer loop
     vertex  1.333719e+02  5.136696e+01  9.118367e+00
     vertex  1.333739e+02  5.136301e+01  2.884809e+00
     vertex  1.333703e+02  5.136993e+01  2.895546e+00
   endloop
 endfacet
 facet normal  8.826730e-01  4.699877e-01  2.179410e-06
   outer loop
     vertex  1.333719e+02  5.136696e+01  9.118367e+00
     vertex  1.333703e+02  5.136993e+01  2.895546e+00
     vertex  1.333694e+02  5.137170e+01  9.115838e+00
   endloop
 endfacet
 facet normal  8.920981e-01  4.518418e-01  5.894970e-07
   outer loop
     vertex  1.333741e+02  5.136264e+01  9.120555e+00
     vertex  1.333739e+02  5.136301e+01  2.884809e+00
     vertex  1.333719e+02  5.136696e+01  9.118367e+00
   endloop
 endfacet
 facet normal  9.025166e-01  4.306550e-01 -4.272878e-06
   outer loop
     vertex  1.333762e+02  5.135827e+01  9.122659e+00
     vertex  1.333773e+02  5.135597e+01  2.873904e+00
     vertex  1.333739e+02  5.136301e+01  2.884809e+00
   endloop
 endfacet
 facet normal  9.006830e-01  4.344768e-01 -7.000269e-07
   outer loop
     vertex  1.333762e+02  5.135827e+01  9.122659e+00
     vertex  1.333739e+02  5.136301e+01  2.884809e+00
     vertex  1.333741e+02  5.136264e+01  9.120555e+00
   endloop
 endfacet
 facet normal  9.155046e-01  4.023075e-01 -4.047185e-06
   outer loop
     vertex  1.333782e+02  5.135387e+01  9.124678e+00
     vertex  1.333804e+02  5.134884e+01  2.862842e+00
     vertex  1.333773e+02  5.135597e+01  2.873904e+00
   endloop
 endfacet
 facet normal  9.089293e-01  4.169502e-01  1.871896e-06
   outer loop
     vertex  1.333782e+02  5.135387e+01  9.124678e+00
     vertex  1.333773e+02  5.135597e+01  2.873904e+00
     vertex  1.333762e+02  5.135827e+01  9.122659e+00
   endloop
 endfacet
 facet normal  9.168355e-01  3.992650e-01 -1.135445e-06
   outer loop
     vertex  1.333802e+02  5.134943e+01  9.126611e+00
     vertex  1.333804e+02  5.134884e+01  2.862842e+00
     vertex  1.333782e+02  5.135387e+01  9.124678e+00
   endloop
 endfacet
 facet normal  9.276019e-01  3.735703e-01 -4.816588e-06
   outer loop
     vertex  1.333820e+02  5.134496e+01  9.128459e+00
     vertex  1.333833e+02  5.134160e+01  2.851634e+00
     vertex  1.333804e+02  5.134884e+01  2.862842e+00
   endloop
 endfacet
 facet normal  9.243969e-01  3.814319e-01  8.675530e-07
   outer loop
     vertex  1.333820e+02  5.134496e+01  9.128459e+00
     vertex  1.333804e+02  5.134884e+01  2.862842e+00
     vertex  1.333802e+02  5.134943e+01  9.126611e+00
   endloop
 endfacet
 facet normal  9.316117e-01  3.634551e-01  1.424840e-06
   outer loop
     vertex  1.333838e+02  5.134044e+01  9.130219e+00
     vertex  1.333833e+02  5.134160e+01  2.851634e+00
     vertex  1.333820e+02  5.134496e+01  9.128459e+00
   endloop
 endfacet
 facet normal  9.384774e-01  3.453405e-01 -2.407983e-06
   outer loop
     vertex  1.333854e+02  5.133590e+01  9.131891e+00
     vertex  1.333833e+02  5.134160e+01  2.851634e+00
     vertex  1.333838e+02  5.134044e+01  9.130219e+00
   endloop
 endfacet
 facet normal  9.387985e-01  3.444667e-01 -3.309981e-06
   outer loop
     vertex  1.333854e+02  5.133590e+01  9.131891e+00
     vertex  1.333860e+02  5.133429e+01  2.840291e+00
     vertex  1.333833e+02  5.134160e+01  2.851634e+00
   endloop
 endfacet
 facet normal  9.449901e-01  3.270989e-01  1.702992e-06
   outer loop
     vertex  1.333870e+02  5.133132e+01  9.133475e+00
     vertex  1.333860e+02  5.133429e+01  2.840291e+00
     vertex  1.333854e+02  5.133590e+01  9.131891e+00
   endloop
 endfacet
 facet normal  9.490810e-01  3.150321e-01 -4.638528e-06
   outer loop
     vertex  1.333870e+02  5.133132e+01  9.133475e+00
     vertex  1.333885e+02  5.132689e+01  2.828824e+00
     vertex  1.333860e+02  5.133429e+01  2.840291e+00
   endloop
 endfacet
 facet normal  9.511488e-01  3.087328e-01  2.653484e-07
   outer loop
     vertex  1.333885e+02  5.132672e+01  9.134970e+00
     vertex  1.333885e+02  5.132689e+01  2.828824e+00
     vertex  1.333870e+02  5.133132e+01  9.133475e+00
   endloop
 endfacet
 facet normal  9.569505e-01  2.902512e-01 -2.857652e-07
   outer loop
     vertex  1.333899e+02  5.132208e+01  9.136376e+00
     vertex  1.333885e+02  5.132689e+01  2.828824e+00
     vertex  1.333885e+02  5.132672e+01  9.134970e+00
   endloop
 endfacet
 facet normal  9.584415e-01  2.852891e-01 -4.411099e-06
   outer loop
     vertex  1.333899e+02  5.132208e+01  9.136376e+00
     vertex  1.333907e+02  5.131942e+01  2.817243e+00
     vertex  1.333885e+02  5.132689e+01  2.828824e+00
   endloop
 endfacet
 facet normal  9.623929e-01  2.716613e-01  1.816211e-06
   outer loop
     vertex  1.333912e+02  5.131742e+01  9.137691e+00
     vertex  1.333907e+02  5.131942e+01  2.817243e+00
     vertex  1.333899e+02  5.132208e+01  9.136376e+00
   endloop
 endfacet
 facet normal  9.668703e-01  2.552680e-01 -3.747679e-06
   outer loop
     vertex  1.333912e+02  5.131742e+01  9.137691e+00
     vertex  1.333927e+02  5.131188e+01  2.805561e+00
     vertex  1.333907e+02  5.131942e+01  2.817243e+00
   endloop
 endfacet
 facet normal  9.674746e-01  2.529681e-01 -1.597349e-06
   outer loop
     vertex  1.333925e+02  5.131274e+01  9.138916e+00
     vertex  1.333927e+02  5.131188e+01  2.805561e+00
     vertex  1.333912e+02  5.131742e+01  9.137691e+00
   endloop
 endfacet
 facet normal  9.721929e-01  2.341815e-01  1.104497e-06
   outer loop
     vertex  1.333936e+02  5.130803e+01  9.140050e+00
     vertex  1.333927e+02  5.131188e+01  2.805561e+00
     vertex  1.333925e+02  5.131274e+01  9.138916e+00
   endloop
 endfacet
 facet normal  9.743585e-01  2.250012e-01 -4.790985e-06
   outer loop
     vertex  1.333936e+02  5.130803e+01  9.140050e+00
     vertex  1.333944e+02  5.130428e+01  2.793788e+00
     vertex  1.333927e+02  5.131188e+01  2.805561e+00
   endloop
 endfacet
 facet normal  9.765466e-01  2.153064e-01  1.216713e-06
   outer loop
     vertex  1.333946e+02  5.130330e+01  9.141093e+00
     vertex  1.333944e+02  5.130428e+01  2.793788e+00
     vertex  1.333936e+02  5.130803e+01  9.140050e+00
   endloop
 endfacet
 facet normal  9.805339e-01  1.963498e-01 -1.855168e-06
   outer loop
     vertex  1.333956e+02  5.129855e+01  9.142044e+00
     vertex  1.333944e+02  5.130428e+01  2.793788e+00
     vertex  1.333946e+02  5.130330e+01  9.141093e+00
   endloop
 endfacet
 facet normal  9.809001e-01  1.945124e-01 -3.581442e-06
   outer loop
     vertex  1.333956e+02  5.129855e+01  9.142044e+00
     vertex  1.333960e+02  5.129664e+01  2.781936e+00
     vertex  1.333944e+02  5.130428e+01  2.793788e+00
   endloop
 endfacet
 facet normal  9.841531e-01  1.773209e-01  1.772601e-06
   outer loop
     vertex  1.333965e+02  5.129379e+01  9.142903e+00
     vertex  1.333960e+02  5.129664e+01  2.781936e+00
     vertex  1.333956e+02  5.129855e+01  9.142044e+00
   endloop
 endfacet
 facet normal  9.864873e-01  1.638375e-01 -4.458424e-06
   outer loop
     vertex  1.333965e+02  5.129379e+01  9.142903e+00
     vertex  1.333972e+02  5.128895e+01  2.770017e+00
     vertex  1.333960e+02  5.129664e+01  2.781936e+00
   endloop
 endfacet
 facet normal  9.874032e-01  1.582245e-01 -8.651480e-08
   outer loop
     vertex  1.333972e+02  5.128900e+01  9.143669e+00
     vertex  1.333972e+02  5.128895e+01  2.770017e+00
     vertex  1.333965e+02  5.129379e+01  9.142903e+00
   endloop
 endfacet
 facet normal  9.902827e-01  1.390690e-01  8.452715e-08
   outer loop
     vertex  1.333979e+02  5.128421e+01  9.144342e+00
     vertex  1.333972e+02  5.128895e+01  2.770017e+00
     vertex  1.333972e+02  5.128900e+01  9.143669e+00
   endloop
 endfacet
 facet normal  9.911157e-01  1.330021e-01 -4.513717e-06
   outer loop
     vertex  1.333979e+02  5.128421e+01  9.144342e+00
     vertex  1.333983e+02  5.128122e+01  2.758042e+00
     vertex  1.333972e+02  5.128895e+01  2.770017e+00
   endloop
 endfacet
 facet normal  9.927906e-01  1.198615e-01  1.727865e-06
   outer loop
     vertex  1.333985e+02  5.127940e+01  9.144923e+00
     vertex  1.333983e+02  5.128122e+01  2.758042e+00
     vertex  1.333979e+02  5.128421e+01  9.144342e+00
   endloop
 endfacet
 facet normal  9.947807e-01  1.020357e-01 -3.421720e-06
   outer loop
     vertex  1.333985e+02  5.127940e+01  9.144923e+00
     vertex  1.333991e+02  5.127347e+01  2.746022e+00
     vertex  1.333983e+02  5.128122e+01  2.758042e+00
   endloop
 endfacet
 facet normal  9.949261e-01  1.006084e-01 -2.085100e-06
   outer loop
     vertex  1.333990e+02  5.127458e+01  9.145410e+00
     vertex  1.333991e+02  5.127347e+01  2.746022e+00
     vertex  1.333985e+02  5.127940e+01  9.144923e+00
   endloop
 endfacet
 facet normal  9.966882e-01  8.131834e-02  1.302331e-06
   outer loop
     vertex  1.333994e+02  5.126976e+01  9.145804e+00
     vertex  1.333991e+02  5.127347e+01  2.746022e+00
     vertex  1.333990e+02  5.127458e+01  9.145410e+00
   endloop
 endfacet
 facet normal  9.974782e-01  7.097371e-02 -4.734033e-06
   outer loop
     vertex  1.333994e+02  5.126976e+01  9.145804e+00
     vertex  1.333996e+02  5.126569e+01  2.733970e+00
     vertex  1.333991e+02  5.127347e+01  2.746022e+00
   endloop
 endfacet
 facet normal  9.980763e-01  6.199737e-02  9.790308e-07
   outer loop
     vertex  1.333997e+02  5.126492e+01  9.146104e+00
     vertex  1.333996e+02  5.126569e+01  2.733970e+00
     vertex  1.333994e+02  5.126976e+01  9.145804e+00
   endloop
 endfacet
 facet normal  9.990899e-01  4.265307e-02 -1.349698e-06
   outer loop
     vertex  1.333999e+02  5.126008e+01  9.146311e+00
     vertex  1.333996e+02  5.126569e+01  2.733970e+00
     vertex  1.333997e+02  5.126492e+01  9.146104e+00
   endloop
 endfacet
 facet normal  9.991357e-01  4.156784e-02 -2.300571e-06
   outer loop
     vertex  1.333999e+02  5.126008e+01  9.146311e+00
     vertex  1.333999e+02  5.125877e+01  2.723239e+00
     vertex  1.333996e+02  5.126569e+01  2.733970e+00
   endloop
 endfacet
 facet normal  9.999039e-01  1.386389e-02 -3.600473e-06
   outer loop
     vertex  1.334000e+02  5.125596e+01  9.146413e+00
     vertex  1.334000e+02  5.125184e+01  2.712500e+00
     vertex  1.333999e+02  5.125877e+01  2.723239e+00
   endloop
 endfacet
 facet normal  9.996941e-01  2.473293e-02  1.149933e-06
   outer loop
     vertex  1.334000e+02  5.125596e+01  9.146413e+00
     vertex  1.333999e+02  5.125877e+01  2.723239e+00
     vertex  1.333999e+02  5.126008e+01  9.146311e+00
   endloop
 endfacet
 facet normal  9.999660e-01  8.245046e-03  0.000000e+00
   outer loop
     vertex  1.334000e+02  5.125184e+01  9.146447e+00
     vertex  1.334000e+02  5.125184e+01  2.712500e+00
     vertex  1.334000e+02  5.125596e+01  9.146413e+00
   endloop
 endfacet
 facet normal -1.933464e-02  9.998131e-01 -1.765900e-06
   outer loop
     vertex  1.824089e+01  5.150167e+01  8.905557e+00
     vertex  1.825000e+01  5.150184e+01  3.173647e+00
     vertex  1.824033e+01  5.150165e+01  3.163980e+00
   endloop
 endfacet
 facet normal -1.822399e-02  9.998339e-01  0.000000e+00
   outer loop
     vertex  1.824089e+01  5.150167e+01  8.905557e+00
     vertex  1.825000e+01  5.150184e+01  8.896447e+00
     vertex  1.825000e+01  5.150184e+01  3.173647e+00
   endloop
 endfacet
 facet normal -5.797699e-02  9.983179e-01 -3.305732e-06
   outer loop
     vertex  1.823179e+01  5.150118e+01  8.914655e+00
     vertex  1.824033e+01  5.150165e+01  3.163980e+00
     vertex  1.823068e+01  5.150109e+01  3.154328e+00
   endloop
 endfacet
 facet normal -5.464611e-02  9.985058e-01  1.657785e-06
   outer loop
     vertex  1.823179e+01  5.150118e+01  8.914655e+00
     vertex  1.824089e+01  5.150167e+01  8.905557e+00
     vertex  1.824033e+01  5.150165e+01  3.163980e+00
   endloop
 endfacet
 facet normal -9.653288e-02  9.953298e-01 -4.621663e-06
   outer loop
     vertex  1.822272e+01  5.150035e+01  8.923730e+00
     vertex  1.823068e+01  5.150109e+01  3.154328e+00
     vertex  1.822106e+01  5.150016e+01  3.144705e+00
   endloop
 endfacet
 facet normal -9.099587e-02  9.958513e-01  3.089630e-06
   outer loop
     vertex  1.822272e+01  5.150035e+01  8.923730e+00
     vertex  1.823179e+01  5.150118e+01  8.914655e+00
     vertex  1.823068e+01  5.150109e+01  3.154328e+00
   endloop
 endfacet
 facet normal -1.330308e-01  9.911119e-01 -3.232254e-06
   outer loop
     vertex  1.821368e+01  5.149919e+01  8.932768e+00
     vertex  1.822106e+01  5.150016e+01  3.144705e+00
     vertex  1.821243e+01  5.149900e+01  3.136081e+00
   endloop
 endfacet
 facet normal -1.272250e-01  9.918739e-01  4.297836e-06
   outer loop
     vertex  1.821368e+01  5.149919e+01  8.932768e+00
     vertex  1.822272e+01  5.150035e+01  8.923730e+00
     vertex  1.822106e+01  5.150016e+01  3.144705e+00
   endloop
 endfacet
 facet normal -1.657287e-01  9.861714e-01  6.061802e-08
   outer loop
     vertex  1.820469e+01  5.149770e+01  8.941757e+00
     vertex  1.821243e+01  5.149900e+01  3.136081e+00
     vertex  1.820471e+01  5.149770e+01  3.128358e+00
   endloop
 endfacet
 facet normal -1.965359e-01  9.804966e-01 -6.027175e-08
   outer loop
     vertex  1.820469e+01  5.149770e+01  8.941757e+00
     vertex  1.820471e+01  5.149770e+01  3.128358e+00
     vertex  1.819703e+01  5.149616e+01  3.120679e+00
   endloop
 endfacet
 facet normal -1.632872e-01  9.865786e-01  3.409063e-06
   outer loop
     vertex  1.820469e+01  5.149770e+01  8.941757e+00
     vertex  1.821368e+01  5.149919e+01  8.932768e+00
     vertex  1.821243e+01  5.149900e+01  3.136081e+00
   endloop
 endfacet
 facet normal -2.271477e-01  9.738603e-01 -2.917972e-06
   outer loop
     vertex  1.819576e+01  5.149589e+01  8.950687e+00
     vertex  1.819703e+01  5.149616e+01  3.120679e+00
     vertex  1.818941e+01  5.149439e+01  3.113053e+00
   endloop
 endfacet
 facet normal -1.991315e-01  9.799728e-01  3.491902e-06
   outer loop
     vertex  1.819576e+01  5.149589e+01  8.950687e+00
     vertex  1.820469e+01  5.149770e+01  8.941757e+00
     vertex  1.819703e+01  5.149616e+01  3.120679e+00
   endloop
 endfacet
 facet normal -2.575377e-01  9.662682e-01 -4.636616e-06
   outer loop
     vertex  1.818690e+01  5.149375e+01  8.959544e+00
     vertex  1.818941e+01  5.149439e+01  3.113053e+00
     vertex  1.818184e+01  5.149237e+01  3.105485e+00
   endloop
 endfacet
 facet normal -2.347092e-01  9.720656e-01  5.773114e-06
   outer loop
     vertex  1.818690e+01  5.149375e+01  8.959544e+00
     vertex  1.819576e+01  5.149589e+01  8.950687e+00
     vertex  1.818941e+01  5.149439e+01  3.113053e+00
   endloop
 endfacet
 facet normal -2.876761e-01  9.577278e-01 -5.226621e-06
   outer loop
     vertex  1.817813e+01  5.149129e+01  8.968318e+00
     vertex  1.818184e+01  5.149237e+01  3.105485e+00
     vertex  1.817434e+01  5.149012e+01  3.097985e+00
   endloop
 endfacet
 facet normal -2.699762e-01  9.628670e-01  6.922775e-06
   outer loop
     vertex  1.817813e+01  5.149129e+01  8.968318e+00
     vertex  1.818690e+01  5.149375e+01  8.959544e+00
     vertex  1.818184e+01  5.149237e+01  3.105485e+00
   endloop
 endfacet
 facet normal -3.175332e-01  9.482471e-01 -4.698138e-06
   outer loop
     vertex  1.816945e+01  5.148851e+01  8.976996e+00
     vertex  1.817434e+01  5.149012e+01  3.097985e+00
     vertex  1.816691e+01  5.148763e+01  3.090559e+00
   endloop
 endfacet
 facet normal -3.048857e-01  9.523890e-01  6.949686e-06
   outer loop
     vertex  1.816945e+01  5.148851e+01  8.976996e+00
     vertex  1.817813e+01  5.149129e+01  8.968318e+00
     vertex  1.817434e+01  5.149012e+01  3.097985e+00
   endloop
 endfacet
 facet normal -3.470797e-01  9.378356e-01 -3.061009e-06
   outer loop
     vertex  1.816088e+01  5.148542e+01  8.985567e+00
     vertex  1.816691e+01  5.148763e+01  3.090559e+00
     vertex  1.815957e+01  5.148491e+01  3.083214e+00
   endloop
 endfacet
 facet normal -3.393911e-01  9.406454e-01  5.862439e-06
   outer loop
     vertex  1.816088e+01  5.148542e+01  8.985567e+00
     vertex  1.816945e+01  5.148851e+01  8.976996e+00
     vertex  1.816691e+01  5.148763e+01  3.090559e+00
   endloop
 endfacet
 facet normal -3.762848e-01  9.265041e-01 -2.379801e-06
   outer loop
     vertex  1.815327e+01  5.148237e+01  8.993180e+00
     vertex  1.815957e+01  5.148491e+01  3.083214e+00
     vertex  1.815231e+01  5.148196e+01  3.075959e+00
   endloop
 endfacet
 facet normal -3.717556e-01  9.283306e-01  3.235573e-06
   outer loop
     vertex  1.815327e+01  5.148237e+01  8.993180e+00
     vertex  1.816088e+01  5.148542e+01  8.985567e+00
     vertex  1.815957e+01  5.148491e+01  3.083214e+00
   endloop
 endfacet
 facet normal -4.051193e-01  9.142638e-01 -3.181263e-06
   outer loop
     vertex  1.814650e+01  5.147941e+01  8.999943e+00
     vertex  1.815231e+01  5.148196e+01  3.075959e+00
     vertex  1.814515e+01  5.147879e+01  3.068799e+00
   endloop
 endfacet
 facet normal -4.005025e-01  9.162957e-01  2.221297e-06
   outer loop
     vertex  1.814650e+01  5.147941e+01  8.999943e+00
     vertex  1.815327e+01  5.148237e+01  8.993180e+00
     vertex  1.815231e+01  5.148196e+01  3.075959e+00
   endloop
 endfacet
 facet normal -4.335564e-01  9.011264e-01 -3.842545e-06
   outer loop
     vertex  1.813983e+01  5.147626e+01  9.006616e+00
     vertex  1.814515e+01  5.147879e+01  3.068799e+00
     vertex  1.813809e+01  5.147540e+01  3.061742e+00
   endloop
 endfacet
 facet normal -4.273766e-01  9.040737e-01  2.954009e-06
   outer loop
     vertex  1.813983e+01  5.147626e+01  9.006616e+00
     vertex  1.814650e+01  5.147941e+01  8.999943e+00
     vertex  1.814515e+01  5.147879e+01  3.068799e+00
   endloop
 endfacet
 facet normal -4.615682e-01  8.871047e-01 -4.364656e-06
   outer loop
     vertex  1.813325e+01  5.147291e+01  9.013193e+00
     vertex  1.813809e+01  5.147540e+01  3.061742e+00
     vertex  1.813115e+01  5.147178e+01  3.054794e+00
   endloop
 endfacet
 facet normal -4.538784e-01  8.910636e-01  3.546746e-06
   outer loop
     vertex  1.813325e+01  5.147291e+01  9.013193e+00
     vertex  1.813983e+01  5.147626e+01  9.006616e+00
     vertex  1.813809e+01  5.147540e+01  3.061742e+00
   endloop
 endfacet
 facet normal -4.891272e-01  8.722125e-01 -4.748574e-06
   outer loop
     vertex  1.812678e+01  5.146936e+01  9.019668e+00
     vertex  1.813115e+01  5.147178e+01  3.054794e+00
     vertex  1.812432e+01  5.146795e+01  3.047964e+00
   endloop
 endfacet
 facet normal -4.799847e-01  8.772769e-01  4.000571e-06
   outer loop
     vertex  1.812678e+01  5.146936e+01  9.019668e+00
     vertex  1.813325e+01  5.147291e+01  9.013193e+00
     vertex  1.813115e+01  5.147178e+01  3.054794e+00
   endloop
 endfacet
 facet normal -5.126834e-01  8.585778e-01 -1.873354e-06
   outer loop
     vertex  1.812041e+01  5.146563e+01  9.026036e+00
     vertex  1.812432e+01  5.146795e+01  3.047964e+00
     vertex  1.811936e+01  5.146499e+01  3.043004e+00
   endloop
 endfacet
 facet normal -5.056727e-01  8.627254e-01  4.316511e-06
   outer loop
     vertex  1.812041e+01  5.146563e+01  9.026036e+00
     vertex  1.812678e+01  5.146936e+01  9.019668e+00
     vertex  1.812432e+01  5.146795e+01  3.047964e+00
   endloop
 endfacet
 facet normal -5.323840e-01  8.465030e-01  7.618946e-07
   outer loop
     vertex  1.811416e+01  5.146171e+01  9.032290e+00
     vertex  1.811936e+01  5.146499e+01  3.043004e+00
     vertex  1.811447e+01  5.146191e+01  3.038115e+00
   endloop
 endfacet
 facet normal -5.508311e-01  8.346167e-01 -5.980485e-07
   outer loop
     vertex  1.811416e+01  5.146171e+01  9.032290e+00
     vertex  1.811447e+01  5.146191e+01  3.038115e+00
     vertex  1.811013e+01  5.145905e+01  3.033678e+00
   endloop
 endfacet
 facet normal -5.309215e-01  8.474210e-01  2.534269e-06
   outer loop
     vertex  1.811416e+01  5.146171e+01  9.032290e+00
     vertex  1.812041e+01  5.146563e+01  9.026036e+00
     vertex  1.811936e+01  5.146499e+01  3.043004e+00
   endloop
 endfacet
 facet normal -5.680597e-01  8.229873e-01 -2.247505e-06
   outer loop
     vertex  1.810802e+01  5.145761e+01  9.038427e+00
     vertex  1.811013e+01  5.145905e+01  3.033678e+00
     vertex  1.810585e+01  5.145610e+01  3.029102e+00
   endloop
 endfacet
 facet normal -5.557051e-01  8.313795e-01  4.108793e-06
   outer loop
     vertex  1.810802e+01  5.145761e+01  9.038427e+00
     vertex  1.811416e+01  5.146171e+01  9.032290e+00
     vertex  1.811013e+01  5.145905e+01  3.033678e+00
   endloop
 endfacet
 facet normal -5.800054e-01  8.146126e-01  4.165174e-06
   outer loop
     vertex  1.810201e+01  5.145333e+01  9.044439e+00
     vertex  1.810802e+01  5.145761e+01  9.038427e+00
     vertex  1.810585e+01  5.145610e+01  3.029102e+00
   endloop
 endfacet
 facet normal -5.850452e-01  8.110007e-01 -7.202428e-07
   outer loop
     vertex  1.810201e+01  5.145333e+01  9.044439e+00
     vertex  1.810585e+01  5.145610e+01  3.029102e+00
     vertex  1.810164e+01  5.145306e+01  3.024389e+00
   endloop
 endfacet
 facet normal -6.017779e-01  7.986635e-01  8.592478e-07
   outer loop
     vertex  1.810201e+01  5.145333e+01  9.044439e+00
     vertex  1.810164e+01  5.145306e+01  3.024389e+00
     vertex  1.809749e+01  5.144993e+01  3.019542e+00
   endloop
 endfacet
 facet normal -6.038008e-01  7.971352e-01  3.238565e-06
   outer loop
     vertex  1.809612e+01  5.144887e+01  9.050323e+00
     vertex  1.810201e+01  5.145333e+01  9.044439e+00
     vertex  1.809749e+01  5.144993e+01  3.019542e+00
   endloop
 endfacet
 facet normal -6.182473e-01  7.859836e-01 -1.986654e-06
   outer loop
     vertex  1.809612e+01  5.144887e+01  9.050323e+00
     vertex  1.809749e+01  5.144993e+01  3.019542e+00
     vertex  1.809340e+01  5.144672e+01  3.014562e+00
   endloop
 endfacet
 facet normal -6.270686e-01  7.789641e-01  4.495017e-06
   outer loop
     vertex  1.809037e+01  5.144425e+01  9.056072e+00
     vertex  1.809612e+01  5.144887e+01  9.050323e+00
     vertex  1.809340e+01  5.144672e+01  3.014562e+00
   endloop
 endfacet
 facet normal -6.344519e-01  7.729624e-01 -1.664131e-06
   outer loop
     vertex  1.809037e+01  5.144425e+01  9.056072e+00
     vertex  1.809340e+01  5.144672e+01  3.014562e+00
     vertex  1.808939e+01  5.144342e+01  3.009451e+00
   endloop
 endfacet
 facet normal -6.497916e-01  7.601124e-01  2.592510e-06
   outer loop
     vertex  1.808476e+01  5.143945e+01  9.061682e+00
     vertex  1.809037e+01  5.144425e+01  9.056072e+00
     vertex  1.808939e+01  5.144342e+01  3.009451e+00
   endloop
 endfacet
 facet normal -6.503847e-01  7.596050e-01  1.806507e-06
   outer loop
     vertex  1.808476e+01  5.143945e+01  9.061682e+00
     vertex  1.808939e+01  5.144342e+01  3.009451e+00
     vertex  1.808544e+01  5.144004e+01  3.004212e+00
   endloop
 endfacet
 facet normal -6.660315e-01  7.459236e-01 -1.274270e-06
   outer loop
     vertex  1.808476e+01  5.143945e+01  9.061682e+00
     vertex  1.808544e+01  5.144004e+01  3.004212e+00
     vertex  1.808156e+01  5.143658e+01  2.998847e+00
   endloop
 endfacet
 facet normal -6.719462e-01  7.406000e-01  4.368467e-06
   outer loop
     vertex  1.807930e+01  5.143449e+01  9.067149e+00
     vertex  1.808476e+01  5.143945e+01  9.061682e+00
     vertex  1.808156e+01  5.143658e+01  2.998847e+00
   endloop
 endfacet
 facet normal -6.813921e-01  7.319186e-01 -2.147229e-06
   outer loop
     vertex  1.807930e+01  5.143449e+01  9.067149e+00
     vertex  1.808156e+01  5.143658e+01  2.998847e+00
     vertex  1.807776e+01  5.143304e+01  2.993358e+00
   endloop
 endfacet
 facet normal -6.964607e-01  7.175949e-01  1.194589e-07
   outer loop
     vertex  1.807398e+01  5.142937e+01  9.072466e+00
     vertex  1.807776e+01  5.143304e+01  2.993358e+00
     vertex  1.807403e+01  5.142942e+01  2.987748e+00
   endloop
 endfacet
 facet normal -6.935164e-01  7.204408e-01  3.666593e-06
   outer loop
     vertex  1.807398e+01  5.142937e+01  9.072466e+00
     vertex  1.807930e+01  5.143449e+01  9.067149e+00
     vertex  1.807776e+01  5.143304e+01  2.993358e+00
   endloop
 endfacet
 facet normal -7.112265e-01  7.029630e-01 -1.163277e-07
   outer loop
     vertex  1.807398e+01  5.142937e+01  9.072466e+00
     vertex  1.807403e+01  5.142942e+01  2.987748e+00
     vertex  1.807038e+01  5.142572e+01  2.982019e+00
   endloop
 endfacet
 facet normal -7.256837e-01  6.880285e-01 -1.829881e-06
   outer loop
     vertex  1.806933e+01  5.142463e+01  9.077121e+00
     vertex  1.807038e+01  5.142572e+01  2.982019e+00
     vertex  1.806680e+01  5.142195e+01  2.976173e+00
   endloop
 endfacet
 facet normal -7.134487e-01  7.007074e-01  2.549633e-06
   outer loop
     vertex  1.806933e+01  5.142463e+01  9.077121e+00
     vertex  1.807398e+01  5.142937e+01  9.072466e+00
     vertex  1.807038e+01  5.142572e+01  2.982019e+00
   endloop
 endfacet
 facet normal -7.398284e-01  6.727956e-01 -2.181234e-06
   outer loop
     vertex  1.806525e+01  5.142026e+01  9.081201e+00
     vertex  1.806680e+01  5.142195e+01  2.976173e+00
     vertex  1.806330e+01  5.141811e+01  2.970214e+00
   endloop
 endfacet
 facet normal -7.309077e-01  6.824763e-01  2.770997e-06
   outer loop
     vertex  1.806525e+01  5.142026e+01  9.081201e+00
     vertex  1.806933e+01  5.142463e+01  9.077121e+00
     vertex  1.806680e+01  5.142195e+01  2.976173e+00
   endloop
 endfacet
 facet normal -7.536537e-01  6.572717e-01 -2.131868e-06
   outer loop
     vertex  1.806127e+01  5.141580e+01  9.085175e+00
     vertex  1.806330e+01  5.141811e+01  2.970214e+00
     vertex  1.805989e+01  5.141419e+01  2.964143e+00
   endloop
 endfacet
 facet normal -7.470185e-01  6.648033e-01  2.921100e-06
   outer loop
     vertex  1.806127e+01  5.141580e+01  9.085175e+00
     vertex  1.806525e+01  5.142026e+01  9.081201e+00
     vertex  1.806330e+01  5.141811e+01  2.970214e+00
   endloop
 endfacet
 facet normal -7.671536e-01  6.414634e-01 -1.683925e-06
   outer loop
     vertex  1.805740e+01  5.141124e+01  9.089042e+00
     vertex  1.805989e+01  5.141419e+01  2.964143e+00
     vertex  1.805655e+01  5.141020e+01  2.957963e+00
   endloop
 endfacet
 facet normal -7.627022e-01  6.467499e-01  2.671520e-06
   outer loop
     vertex  1.805740e+01  5.141124e+01  9.089042e+00
     vertex  1.806127e+01  5.141580e+01  9.085175e+00
     vertex  1.805989e+01  5.141419e+01  2.964143e+00
   endloop
 endfacet
 facet normal -7.803224e-01  6.253775e-01 -8.395451e-07
   outer loop
     vertex  1.805365e+01  5.140658e+01  9.092799e+00
     vertex  1.805655e+01  5.141020e+01  2.957963e+00
     vertex  1.805330e+01  5.140615e+01  2.951678e+00
   endloop
 endfacet
 facet normal -7.779498e-01  6.283264e-01  2.024118e-06
   outer loop
     vertex  1.805365e+01  5.140658e+01  9.092799e+00
     vertex  1.805740e+01  5.141124e+01  9.089042e+00
     vertex  1.805655e+01  5.141020e+01  2.957963e+00
   endloop
 endfacet
 facet normal -7.931542e-01  6.090209e-01  3.991323e-07
   outer loop
     vertex  1.805000e+01  5.140185e+01  9.096443e+00
     vertex  1.805330e+01  5.140615e+01  2.951678e+00
     vertex  1.805014e+01  5.140203e+01  2.945288e+00
   endloop
 endfacet
 facet normal -7.927527e-01  6.095435e-01  9.807606e-07
   outer loop
     vertex  1.805000e+01  5.140185e+01  9.096443e+00
     vertex  1.805365e+01  5.140658e+01  9.092799e+00
     vertex  1.805330e+01  5.140615e+01  2.951678e+00
   endloop
 endfacet
 facet normal -8.076886e-01  5.896093e-01 -1.458590e-06
   outer loop
     vertex  1.804647e+01  5.139702e+01  9.099973e+00
     vertex  1.805014e+01  5.140203e+01  2.945288e+00
     vertex  1.804605e+01  5.139643e+01  2.936614e+00
   endloop
 endfacet
 facet normal -8.071022e-01  5.904117e-01 -4.566875e-07
   outer loop
     vertex  1.804647e+01  5.139702e+01  9.099973e+00
     vertex  1.805000e+01  5.140185e+01  9.096443e+00
     vertex  1.805014e+01  5.140203e+01  2.945288e+00
   endloop
 endfacet
 facet normal -8.246977e-01  5.655739e-01 -4.325557e-06
   outer loop
     vertex  1.804306e+01  5.139211e+01  9.103386e+00
     vertex  1.804605e+01  5.139643e+01  2.936614e+00
     vertex  1.804165e+01  5.139000e+01  2.926649e+00
   endloop
 endfacet
 facet normal -8.209891e-01  5.709438e-01  1.234867e-06
   outer loop
     vertex  1.804306e+01  5.139211e+01  9.103386e+00
     vertex  1.804647e+01  5.139702e+01  9.099973e+00
     vertex  1.804605e+01  5.139643e+01  2.936614e+00
   endloop
 endfacet
 facet normal -8.419293e-01  5.395879e-01 -4.844532e-06
   outer loop
     vertex  1.803977e+01  5.138712e+01  9.106681e+00
     vertex  1.804165e+01  5.139000e+01  2.926649e+00
     vertex  1.803744e+01  5.138344e+01  2.916476e+00
   endloop
 endfacet
 facet normal -8.344066e-01  5.511493e-01  2.827792e-06
   outer loop
     vertex  1.803977e+01  5.138712e+01  9.106681e+00
     vertex  1.804306e+01  5.139211e+01  9.103386e+00
     vertex  1.804165e+01  5.139000e+01  2.926649e+00
   endloop
 endfacet
 facet normal -8.583439e-01  5.130749e-01 -3.230537e-06
   outer loop
     vertex  1.803659e+01  5.138206e+01  9.109856e+00
     vertex  1.803744e+01  5.138344e+01  2.916476e+00
     vertex  1.803344e+01  5.137675e+01  2.906105e+00
   endloop
 endfacet
 facet normal -8.473476e-01  5.310386e-01  2.281145e-06
   outer loop
     vertex  1.803659e+01  5.138206e+01  9.109856e+00
     vertex  1.803977e+01  5.138712e+01  9.106681e+00
     vertex  1.803744e+01  5.138344e+01  2.916476e+00
   endloop
 endfacet
 facet normal -8.598045e-01  5.106233e-01 -3.901714e-07
   outer loop
     vertex  1.803354e+01  5.137692e+01  9.112909e+00
     vertex  1.803659e+01  5.138206e+01  9.109856e+00
     vertex  1.803344e+01  5.137675e+01  2.906105e+00
   endloop
 endfacet
 facet normal -8.739224e-01  4.860654e-01 -3.744153e-06
   outer loop
     vertex  1.803061e+01  5.137170e+01  9.115838e+00
     vertex  1.803344e+01  5.137675e+01  2.906105e+00
     vertex  1.802965e+01  5.136993e+01  2.895546e+00
   endloop
 endfacet
 facet normal -8.717688e-01  4.899175e-01  3.653901e-07
   outer loop
     vertex  1.803061e+01  5.137170e+01  9.115838e+00
     vertex  1.803354e+01  5.137692e+01  9.112909e+00
     vertex  1.803344e+01  5.137675e+01  2.906105e+00
   endloop
 endfacet
 facet normal -8.886510e-01  4.585841e-01 -4.788973e-06
   outer loop
     vertex  1.802808e+01  5.136696e+01  9.118367e+00
     vertex  1.802965e+01  5.136993e+01  2.895546e+00
     vertex  1.802608e+01  5.136301e+01  2.884809e+00
   endloop
 endfacet
 facet normal -8.826730e-01  4.699877e-01  2.179410e-06
   outer loop
     vertex  1.802808e+01  5.136696e+01  9.118367e+00
     vertex  1.803061e+01  5.137170e+01  9.115838e+00
     vertex  1.802965e+01  5.136993e+01  2.895546e+00
   endloop
 endfacet
 facet normal -8.920981e-01  4.518418e-01  5.894970e-07
   outer loop
     vertex  1.802589e+01  5.136264e+01  9.120555e+00
     vertex  1.802808e+01  5.136696e+01  9.118367e+00
     vertex  1.802608e+01  5.136301e+01  2.884809e+00
   endloop
 endfacet
 facet normal -9.025166e-01  4.306550e-01 -4.272878e-06
   outer loop
     vertex  1.802379e+01  5.135827e+01  9.122659e+00
     vertex  1.802608e+01  5.136301e+01  2.884809e+00
     vertex  1.802272e+01  5.135597e+01  2.873904e+00
   endloop
 endfacet
 facet normal -9.006830e-01  4.344768e-01 -7.000269e-07
   outer loop
     vertex  1.802379e+01  5.135827e+01  9.122659e+00
     vertex  1.802589e+01  5.136264e+01  9.120555e+00
     vertex  1.802608e+01  5.136301e+01  2.884809e+00
   endloop
 endfacet
 facet normal -9.155046e-01  4.023075e-01 -4.047185e-06
   outer loop
     vertex  1.802177e+01  5.135387e+01  9.124678e+00
     vertex  1.802272e+01  5.135597e+01  2.873904e+00
     vertex  1.801958e+01  5.134884e+01  2.862842e+00
   endloop
 endfacet
 facet normal -9.089293e-01  4.169502e-01  1.871896e-06
   outer loop
     vertex  1.802177e+01  5.135387e+01  9.124678e+00
     vertex  1.802379e+01  5.135827e+01  9.122659e+00
     vertex  1.802272e+01  5.135597e+01  2.873904e+00
   endloop
 endfacet
 facet normal -9.168355e-01  3.992650e-01 -1.135445e-06
   outer loop
     vertex  1.801984e+01  5.134943e+01  9.126611e+00
     vertex  1.802177e+01  5.135387e+01  9.124678e+00
     vertex  1.801958e+01  5.134884e+01  2.862842e+00
   endloop
 endfacet
 facet normal -9.276019e-01  3.735703e-01 -4.816588e-06
   outer loop
     vertex  1.801799e+01  5.134496e+01  9.128459e+00
     vertex  1.801958e+01  5.134884e+01  2.862842e+00
     vertex  1.801667e+01  5.134160e+01  2.851634e+00
   endloop
 endfacet
 facet normal -9.243969e-01  3.814319e-01  8.675529e-07
   outer loop
     vertex  1.801799e+01  5.134496e+01  9.128459e+00
     vertex  1.801984e+01  5.134943e+01  9.126611e+00
     vertex  1.801958e+01  5.134884e+01  2.862842e+00
   endloop
 endfacet
 facet normal -9.316117e-01  3.634551e-01  1.424840e-06
   outer loop
     vertex  1.801623e+01  5.134044e+01  9.130219e+00
     vertex  1.801799e+01  5.134496e+01  9.128459e+00
     vertex  1.801667e+01  5.134160e+01  2.851634e+00
   endloop
 endfacet
 facet normal -9.384774e-01  3.453405e-01 -2.407983e-06
   outer loop
     vertex  1.801456e+01  5.133590e+01  9.131891e+00
     vertex  1.801623e+01  5.134044e+01  9.130219e+00
     vertex  1.801667e+01  5.134160e+01  2.851634e+00
   endloop
 endfacet
 facet normal -9.387985e-01  3.444667e-01 -3.309981e-06
   outer loop
     vertex  1.801456e+01  5.133590e+01  9.131891e+00
     vertex  1.801667e+01  5.134160e+01  2.851634e+00
     vertex  1.801399e+01  5.133429e+01  2.840291e+00
   endloop
 endfacet
 facet normal -9.449901e-01  3.270989e-01  1.702992e-06
   outer loop
     vertex  1.801297e+01  5.133132e+01  9.133475e+00
     vertex  1.801456e+01  5.133590e+01  9.131891e+00
     vertex  1.801399e+01  5.133429e+01  2.840291e+00
   endloop
 endfacet
 facet normal -9.490810e-01  3.150321e-01 -4.638528e-06
   outer loop
     vertex  1.801297e+01  5.133132e+01  9.133475e+00
     vertex  1.801399e+01  5.133429e+01  2.840291e+00
     vertex  1.801153e+01  5.132689e+01  2.828824e+00
   endloop
 endfacet
 facet normal -9.511488e-01  3.087328e-01  2.653484e-07
   outer loop
     vertex  1.801148e+01  5.132672e+01  9.134970e+00
     vertex  1.801297e+01  5.133132e+01  9.133475e+00
     vertex  1.801153e+01  5.132689e+01  2.828824e+00
   endloop
 endfacet
 facet normal -9.569505e-01  2.902512e-01 -2.857652e-07
   outer loop
     vertex  1.801007e+01  5.132208e+01  9.136376e+00
     vertex  1.801148e+01  5.132672e+01  9.134970e+00
     vertex  1.801153e+01  5.132689e+01  2.828824e+00
   endloop
 endfacet
 facet normal -9.584415e-01  2.852891e-01 -4.411099e-06
   outer loop
     vertex  1.801007e+01  5.132208e+01  9.136376e+00
     vertex  1.801153e+01  5.132689e+01  2.828824e+00
     vertex  1.800931e+01  5.131942e+01  2.817243e+00
   endloop
 endfacet
 facet normal -9.623929e-01  2.716613e-01  1.816211e-06
   outer loop
     vertex  1.800876e+01  5.131742e+01  9.137691e+00
     vertex  1.801007e+01  5.132208e+01  9.136376e+00
     vertex  1.800931e+01  5.131942e+01  2.817243e+00
   endloop
 endfacet
 facet normal -9.668703e-01  2.552680e-01 -3.747679e-06
   outer loop
     vertex  1.800876e+01  5.131742e+01  9.137691e+00
     vertex  1.800931e+01  5.131942e+01  2.817243e+00
     vertex  1.800732e+01  5.131188e+01  2.805561e+00
   endloop
 endfacet
 facet normal -9.674746e-01  2.529681e-01 -1.597349e-06
   outer loop
     vertex  1.800753e+01  5.131274e+01  9.138916e+00
     vertex  1.800876e+01  5.131742e+01  9.137691e+00
     vertex  1.800732e+01  5.131188e+01  2.805561e+00
   endloop
 endfacet
 facet normal -9.721929e-01  2.341815e-01  1.104497e-06
   outer loop
     vertex  1.800640e+01  5.130803e+01  9.140050e+00
     vertex  1.800753e+01  5.131274e+01  9.138916e+00
     vertex  1.800732e+01  5.131188e+01  2.805561e+00
   endloop
 endfacet
 facet normal -9.743585e-01  2.250012e-01 -4.790985e-06
   outer loop
     vertex  1.800640e+01  5.130803e+01  9.140050e+00
     vertex  1.800732e+01  5.131188e+01  2.805561e+00
     vertex  1.800556e+01  5.130428e+01  2.793788e+00
   endloop
 endfacet
 facet normal -9.765466e-01  2.153064e-01  1.216713e-06
   outer loop
     vertex  1.800535e+01  5.130330e+01  9.141093e+00
     vertex  1.800640e+01  5.130803e+01  9.140050e+00
     vertex  1.800556e+01  5.130428e+01  2.793788e+00
   endloop
 endfacet
 facet normal -9.805339e-01  1.963498e-01 -1.855168e-06
   outer loop
     vertex  1.800440e+01  5.129855e+01  9.142044e+00
     vertex  1.800535e+01  5.130330e+01  9.141093e+00
     vertex  1.800556e+01  5.130428e+01  2.793788e+00
   endloop
 endfacet
 facet normal -9.809001e-01  1.945124e-01 -3.581442e-06
   outer loop
     vertex  1.800440e+01  5.129855e+01  9.142044e+00
     vertex  1.800556e+01  5.130428e+01  2.793788e+00
     vertex  1.800405e+01  5.129664e+01  2.781936e+00
   endloop
 endfacet
 facet normal -9.841531e-01  1.773209e-01  1.772601e-06
   outer loop
     vertex  1.800354e+01  5.129379e+01  9.142903e+00
     vertex  1.800440e+01  5.129855e+01  9.142044e+00
     vertex  1.800405e+01  5.129664e+01  2.781936e+00
   endloop
 endfacet
 facet normal -9.864873e-01  1.638375e-01 -4.458424e-06
   outer loop
     vertex  1.800354e+01  5.129379e+01  9.142903e+00
     vertex  1.800405e+01  5.129664e+01  2.781936e+00
     vertex  1.800277e+01  5.128895e+01  2.770017e+00
   endloop
 endfacet
 facet normal -9.874032e-01  1.582245e-01 -8.651480e-08
   outer loop
     vertex  1.800278e+01  5.128900e+01  9.143669e+00
     vertex  1.800354e+01  5.129379e+01  9.142903e+00
     vertex  1.800277e+01  5.128895e+01  2.770017e+00
   endloop
 endfacet
 facet normal -9.902827e-01  1.390690e-01  8.452715e-08
   outer loop
     vertex  1.800210e+01  5.128421e+01  9.144342e+00
     vertex  1.800278e+01  5.128900e+01  9.143669e+00
     vertex  1.800277e+01  5.128895e+01  2.770017e+00
   endloop
 endfacet
 facet normal -9.911157e-01  1.330021e-01 -4.513717e-06
   outer loop
     vertex  1.800210e+01  5.128421e+01  9.144342e+00
     vertex  1.800277e+01  5.128895e+01  2.770017e+00
     vertex  1.800173e+01  5.128122e+01  2.758042e+00
   endloop
 endfacet
 facet normal -9.927906e-01  1.198615e-01  1.727865e-06
   outer loop
     vertex  1.800152e+01  5.127940e+01  9.144923e+00
     vertex  1.800210e+01  5.128421e+01  9.144342e+00
     vertex  1.800173e+01  5.128122e+01  2.758042e+00
   endloop
 endfacet
 facet normal -9.947807e-01  1.020357e-01 -3.421720e-06
   outer loop
     vertex  1.800152e+01  5.127940e+01  9.144923e+00
     vertex  1.800173e+01  5.128122e+01  2.758042e+00
     vertex  1.800094e+01  5.127347e+01  2.746022e+00
   endloop
 endfacet
 facet normal -9.949261e-01  1.006084e-01 -2.085100e-06
   outer loop
     vertex  1.800104e+01  5.127458e+01  9.145410e+00
     vertex  1.800152e+01  5.127940e+01  9.144923e+00
     vertex  1.800094e+01  5.127347e+01  2.746022e+00
   endloop
 endfacet
 facet normal -9.966882e-01  8.131834e-02  1.302331e-06
   outer loop
     vertex  1.800064e+01  5.126976e+01  9.145804e+00
     vertex  1.800104e+01  5.127458e+01  9.145410e+00
     vertex  1.800094e+01  5.127347e+01  2.746022e+00
   endloop
 endfacet
 facet normal -9.974782e-01  7.097371e-02 -4.734033e-06
   outer loop
     vertex  1.800064e+01  5.126976e+01  9.145804e+00
     vertex  1.800094e+01  5.127347e+01  2.746022e+00
     vertex  1.800038e+01  5.126569e+01  2.733970e+00
   endloop
 endfacet
 facet normal -9.980763e-01  6.199737e-02  9.790308e-07
   outer loop
     vertex  1.800034e+01  5.126492e+01  9.146104e+00
     vertex  1.800064e+01  5.126976e+01  9.145804e+00
     vertex  1.800038e+01  5.126569e+01  2.733970e+00
   endloop
 endfacet
 facet normal -9.990899e-01  4.265307e-02 -1.349698e-06
   outer loop
     vertex  1.800014e+01  5.126008e+01  9.146311e+00
     vertex  1.800034e+01  5.126492e+01  9.146104e+00
     vertex  1.800038e+01  5.126569e+01  2.733970e+00
   endloop
 endfacet
 facet normal -9.991357e-01  4.156784e-02 -2.300571e-06
   outer loop
     vertex  1.800014e+01  5.126008e+01  9.146311e+00
     vertex  1.800038e+01  5.126569e+01  2.733970e+00
     vertex  1.800010e+01  5.125877e+01  2.723239e+00
   endloop
 endfacet
 facet normal -9.999039e-01  1.386389e-02 -3.600473e-06
   outer loop
     vertex  1.800003e+01  5.125596e+01  9.146413e+00
     vertex  1.800010e+01  5.125877e+01  2.723239e+00
     vertex  1.800000e+01  5.125184e+01  2.712500e+00
   endloop
 endfacet
 facet normal -9.996941e-01  2.473293e-02  1.149933e-06
   outer loop
     vertex  1.800003e+01  5.125596e+01  9.146413e+00
     vertex  1.800014e+01  5.126008e+01  9.146311e+00
     vertex  1.800010e+01  5.125877e+01  2.723239e+00
   endloop
 endfacet
 facet normal -9.999660e-01  8.245046e-03  0.000000e+00
   outer loop
     vertex  1.800000e+01  5.125184e+01  9.146447e+00
     vertex  1.800003e+01  5.125596e+01  9.146413e+00
     vertex  1.800000e+01  5.125184e+01  2.712500e+00
   endloop
 endfacet
 facet normal -1.046186e-16  8.465033e-01 -5.323834e-01
   outer loop
     vertex  1.332806e+02  5.146499e+01  3.043004e+00
     vertex  1.811447e+01  5.146191e+01  3.038115e+00
     vertex  1.811936e+01  5.146499e+01  3.043004e+00
   endloop
 endfacet
 facet normal  0.000000e+00  8.465033e-01 -5.323834e-01
   outer loop
     vertex  1.332806e+02  5.146499e+01  3.043004e+00
     vertex  1.332855e+02  5.146191e+01  3.038115e+00
     vertex  1.811447e+01  5.146191e+01  3.038115e+00
   endloop
 endfacet
 facet normal -1.065479e-16  8.585769e-01 -5.126847e-01
   outer loop
     vertex  1.332757e+02  5.146795e+01  3.047964e+00
     vertex  1.811936e+01  5.146499e+01  3.043004e+00
     vertex  1.812432e+01  5.146795e+01  3.047964e+00
   endloop
 endfacet
 facet normal  1.669970e-16  8.585769e-01 -5.126847e-01
   outer loop
     vertex  1.332757e+02  5.146795e+01  3.047964e+00
     vertex  1.332806e+02  5.146499e+01  3.043004e+00
     vertex  1.811936e+01  5.146499e+01  3.043004e+00
   endloop
 endfacet
 facet normal -1.367065e-16  8.722104e-01 -4.891308e-01
   outer loop
     vertex  1.332689e+02  5.147178e+01  3.054794e+00
     vertex  1.812432e+01  5.146795e+01  3.047964e+00
     vertex  1.813115e+01  5.147178e+01  3.054794e+00
   endloop
 endfacet
 facet normal  1.996666e-16  8.722104e-01 -4.891308e-01
   outer loop
     vertex  1.332689e+02  5.147178e+01  3.054794e+00
     vertex  1.332757e+02  5.146795e+01  3.047964e+00
     vertex  1.812432e+01  5.146795e+01  3.047964e+00
   endloop
 endfacet
 facet normal -2.006650e-16  8.871029e-01 -4.615716e-01
   outer loop
     vertex  1.332619e+02  5.147540e+01  3.061742e+00
     vertex  1.813115e+01  5.147178e+01  3.054794e+00
     vertex  1.813809e+01  5.147540e+01  3.061742e+00
   endloop
 endfacet
 facet normal  1.950460e-16  8.871029e-01 -4.615716e-01
   outer loop
     vertex  1.332619e+02  5.147540e+01  3.061742e+00
     vertex  1.332689e+02  5.147178e+01  3.054794e+00
     vertex  1.813115e+01  5.147178e+01  3.054794e+00
   endloop
 endfacet
 facet normal -1.320367e-16  9.011249e-01 -4.335595e-01
   outer loop
     vertex  1.332548e+02  5.147879e+01  3.068799e+00
     vertex  1.813809e+01  5.147540e+01  3.061742e+00
     vertex  1.814515e+01  5.147879e+01  3.068799e+00
   endloop
 endfacet
 facet normal  1.088801e-16  9.011249e-01 -4.335595e-01
   outer loop
     vertex  1.332548e+02  5.147879e+01  3.068799e+00
     vertex  1.332619e+02  5.147540e+01  3.061742e+00
     vertex  1.813809e+01  5.147540e+01  3.061742e+00
   endloop
 endfacet
 facet normal -1.471853e-16  9.142627e-01 -4.051219e-01
   outer loop
     vertex  1.332477e+02  5.148196e+01  3.075959e+00
     vertex  1.814515e+01  5.147879e+01  3.068799e+00
     vertex  1.815231e+01  5.148196e+01  3.075959e+00
   endloop
 endfacet
 facet normal  1.575654e-16  9.142627e-01 -4.051219e-01
   outer loop
     vertex  1.332477e+02  5.148196e+01  3.075959e+00
     vertex  1.332548e+02  5.147879e+01  3.068799e+00
     vertex  1.814515e+01  5.147879e+01  3.068799e+00
   endloop
 endfacet
 facet normal -1.405621e-16  9.265032e-01 -3.762868e-01
   outer loop
     vertex  1.332404e+02  5.148491e+01  3.083214e+00
     vertex  1.815231e+01  5.148196e+01  3.075959e+00
     vertex  1.815957e+01  5.148491e+01  3.083214e+00
   endloop
 endfacet
 facet normal  1.210333e-16  9.265032e-01 -3.762868e-01
   outer loop
     vertex  1.332404e+02  5.148491e+01  3.083214e+00
     vertex  1.332477e+02  5.148196e+01  3.075959e+00
     vertex  1.815231e+01  5.148196e+01  3.075959e+00
   endloop
 endfacet
 facet normal -1.097347e-16  9.378346e-01 -3.470824e-01
   outer loop
     vertex  1.332331e+02  5.148763e+01  3.090559e+00
     vertex  1.815957e+01  5.148491e+01  3.083214e+00
     vertex  1.816691e+01  5.148763e+01  3.090559e+00
   endloop
 endfacet
 facet normal  1.067591e-16  9.378346e-01 -3.470824e-01
   outer loop
     vertex  1.332331e+02  5.148763e+01  3.090559e+00
     vertex  1.332404e+02  5.148491e+01  3.083214e+00
     vertex  1.815957e+01  5.148491e+01  3.083214e+00
   endloop
 endfacet
 facet normal -1.140374e-16  9.482457e-01 -3.175375e-01
   outer loop
     vertex  1.332257e+02  5.149012e+01  3.097985e+00
     vertex  1.816691e+01  5.148763e+01  3.090559e+00
     vertex  1.817434e+01  5.149012e+01  3.097985e+00
   endloop
 endfacet
 facet normal  1.169357e-16  9.482457e-01 -3.175375e-01
   outer loop
     vertex  1.332257e+02  5.149012e+01  3.097985e+00
     vertex  1.332331e+02  5.148763e+01  3.090559e+00
     vertex  1.816691e+01  5.148763e+01  3.090559e+00
   endloop
 endfacet
 facet normal -3.644567e-17  9.577263e-01 -2.876809e-01
   outer loop
     vertex  1.332182e+02  5.149237e+01  3.105485e+00
     vertex  1.817434e+01  5.149012e+01  3.097985e+00
     vertex  1.818184e+01  5.149237e+01  3.105485e+00
   endloop
 endfacet
 facet normal  9.162477e-17  9.577263e-01 -2.876809e-01
   outer loop
     vertex  1.332182e+02  5.149237e+01  3.105485e+00
     vertex  1.332257e+02  5.149012e+01  3.097985e+00
     vertex  1.817434e+01  5.149012e+01  3.097985e+00
   endloop
 endfacet
 facet normal -5.306661e-17  9.662671e-01 -2.575420e-01
   outer loop
     vertex  1.332106e+02  5.149439e+01  3.113053e+00
     vertex  1.818184e+01  5.149237e+01  3.105485e+00
     vertex  1.818941e+01  5.149439e+01  3.113053e+00
   endloop
 endfacet
 facet normal  1.489482e-16  9.662671e-01 -2.575420e-01
   outer loop
     vertex  1.332106e+02  5.149439e+01  3.113053e+00
     vertex  1.332182e+02  5.149237e+01  3.105485e+00
     vertex  1.818184e+01  5.149237e+01  3.105485e+00
   endloop
 endfacet
 facet normal -1.114398e-16  9.738597e-01 -2.271505e-01
   outer loop
     vertex  1.332030e+02  5.149616e+01  3.120679e+00
     vertex  1.818941e+01  5.149439e+01  3.113053e+00
     vertex  1.819703e+01  5.149616e+01  3.120679e+00
   endloop
 endfacet
 facet normal  1.109670e-16  9.738597e-01 -2.271505e-01
   outer loop
     vertex  1.332030e+02  5.149616e+01  3.120679e+00
     vertex  1.332106e+02  5.149439e+01  3.113053e+00
     vertex  1.818941e+01  5.149439e+01  3.113053e+00
   endloop
 endfacet
 facet normal -8.649355e-17  9.804966e-01 -1.965360e-01
   outer loop
     vertex  1.331953e+02  5.149770e+01  3.128358e+00
     vertex  1.819703e+01  5.149616e+01  3.120679e+00
     vertex  1.820471e+01  5.149770e+01  3.128358e+00
   endloop
 endfacet
 facet normal  3.136808e-17  9.804966e-01 -1.965360e-01
   outer loop
     vertex  1.331953e+02  5.149770e+01  3.128358e+00
     vertex  1.332030e+02  5.149616e+01  3.120679e+00
     vertex  1.819703e+01  5.149616e+01  3.120679e+00
   endloop
 endfacet
 facet normal -4.118138e-17  9.861714e-01 -1.657286e-01
   outer loop
     vertex  1.331876e+02  5.149900e+01  3.136081e+00
     vertex  1.820471e+01  5.149770e+01  3.128358e+00
     vertex  1.821243e+01  5.149900e+01  3.136081e+00
   endloop
 endfacet
 facet normal  3.538857e-17  9.861714e-01 -1.657286e-01
   outer loop
     vertex  1.331876e+02  5.149900e+01  3.136081e+00
     vertex  1.331953e+02  5.149770e+01  3.128358e+00
     vertex  1.820471e+01  5.149770e+01  3.128358e+00
   endloop
 endfacet
 facet normal  6.556953e-17  9.911115e-01 -1.330339e-01
   outer loop
     vertex  1.331789e+02  5.150016e+01  3.144705e+00
     vertex  1.331876e+02  5.149900e+01  3.136081e+00
     vertex  1.821243e+01  5.149900e+01  3.136081e+00
   endloop
 endfacet
 facet normal -2.209578e-17  9.911115e-01 -1.330339e-01
   outer loop
     vertex  1.331789e+02  5.150016e+01  3.144705e+00
     vertex  1.821243e+01  5.149900e+01  3.136081e+00
     vertex  1.822106e+01  5.150016e+01  3.144705e+00
   endloop
 endfacet
 facet normal  6.929990e-17  9.953294e-01 -9.653746e-02
   outer loop
     vertex  1.331693e+02  5.150109e+01  3.154328e+00
     vertex  1.331789e+02  5.150016e+01  3.144705e+00
     vertex  1.822106e+01  5.150016e+01  3.144705e+00
   endloop
 endfacet
 facet normal -3.620662e-17  9.953294e-01 -9.653746e-02
   outer loop
     vertex  1.331693e+02  5.150109e+01  3.154328e+00
     vertex  1.822106e+01  5.150016e+01  3.144705e+00
     vertex  1.823068e+01  5.150109e+01  3.154328e+00
   endloop
 endfacet
 facet normal  1.377760e-17  9.983177e-01 -5.798029e-02
   outer loop
     vertex  1.331597e+02  5.150165e+01  3.163980e+00
     vertex  1.823068e+01  5.150109e+01  3.154328e+00
     vertex  1.824033e+01  5.150165e+01  3.163980e+00
   endloop
 endfacet
 facet normal  2.777430e-17  9.983177e-01 -5.798029e-02
   outer loop
     vertex  1.331597e+02  5.150165e+01  3.163980e+00
     vertex  1.331693e+02  5.150109e+01  3.154328e+00
     vertex  1.823068e+01  5.150109e+01  3.154328e+00
   endloop
 endfacet
 facet normal  0.000000e+00  9.998130e-01 -1.933640e-02
   outer loop
     vertex  1.331500e+02  5.150184e+01  3.173647e+00
     vertex  1.824033e+01  5.150165e+01  3.163980e+00
     vertex  1.825000e+01  5.150184e+01  3.173647e+00
   endloop
 endfacet
 facet normal  4.582733e-17  9.998130e-01 -1.933640e-02
   outer loop
     vertex  1.331500e+02  5.150184e+01  3.173647e+00
     vertex  1.331597e+02  5.150165e+01  3.163980e+00
     vertex  1.824033e+01  5.150165e+01  3.163980e+00
   endloop
 endfacet
 facet normal -1.000000e+00  0.000000e+00  0.000000e+00
   outer loop
     vertex  1.695000e+01  4.515184e+01  4.800000e+00
     vertex  1.695000e+01  4.710184e+01  2.000000e+00
     vertex  1.695000e+01  4.515184e+01  2.000000e+00
   endloop
 endfacet
 facet normal -1.000000e+00  0.000000e+00  0.000000e+00
   outer loop
     vertex  1.695000e+01  4.515184e+01  4.800000e+00
     vertex  1.695000e+01  4.710184e+01  4.800000e+00
     vertex  1.695000e+01  4.710184e+01  2.000000e+00
   endloop
 endfacet
 facet normal  0.000000e+00 -1.000000e+00 -0.000000e+00
   outer loop
     vertex  1.344500e+02  4.515184e+01  4.800000e+00
     vertex  1.695000e+01  4.515184e+01  2.000000e+00
     vertex  1.344500e+02  4.515184e+01  2.000000e+00
   endloop
 endfacet
 facet normal -0.000000e+00 -1.000000e+00  0.000000e+00
   outer loop
     vertex  1.344500e+02  4.515184e+01  4.800000e+00
     vertex  1.695000e+01  4.515184e+01  4.800000e+00
     vertex  1.695000e+01  4.515184e+01  2.000000e+00
   endloop
 endfacet
 facet normal  1.000000e+00  0.000000e+00  0.000000e+00
   outer loop
     vertex  1.344500e+02  4.515184e+01  4.800000e+00
     vertex  1.344500e+02  4.515184e+01  2.000000e+00
     vertex  1.344500e+02  4.710184e+01  2.000000e+00
   endloop
 endfacet
 facet normal  1.000000e+00 -0.000000e+00  0.000000e+00
   outer loop
     vertex  1.344500e+02  4.515184e+01  4.800000e+00
     vertex  1.344500e+02  4.710184e+01  2.000000e+00
     vertex  1.344500e+02  4.710184e+01  4.800000e+00
   endloop
 endfacet
 facet normal  0.000000e+00  0.000000e+00  1.000000e+00
   outer loop
     vertex  1.344500e+02  4.710184e+01  4.800000e+00
     vertex  1.695000e+01  4.710184e+01  4.800000e+00
     vertex  1.695000e+01  4.515184e+01  4.800000e+00
   endloop
 endfacet
 facet normal  0.000000e+00  0.000000e+00  1.000000e+00
   outer loop
     vertex  1.344500e+02  4.710184e+01  4.800000e+00
     vertex  1.695000e+01  4.515184e+01  4.800000e+00
     vertex  1.344500e+02  4.515184e+01  4.800000e+00
   endloop
 endfacet
 facet normal -1.000000e+00  0.000000e+00 -0.000000e+00
   outer loop
     vertex  3.542000e+01  4.710184e+01  9.400000e+00
     vertex  3.542000e+01  4.710184e+01  7.400000e+00
     vertex  3.542000e+01  4.610184e+01  8.400000e+00
   endloop
 endfacet
 facet normal  0.000000e+00 -7.071068e-01 -7.071068e-01
   outer loop
     vertex  3.542000e+01  4.710184e+01  7.400000e+00
     vertex  5.542000e+01  4.610184e+01  8.400000e+00
     vertex  3.542000e+01  4.610184e+01  8.400000e+00
   endloop
 endfacet
 facet normal  0.000000e+00 -7.071068e-01 -7.071068e-01
   outer loop
     vertex  3.542000e+01  4.710184e+01  7.400000e+00
     vertex  5.542000e+01  4.710184e+01  7.400000e+00
     vertex  5.542000e+01  4.610184e+01  8.400000e+00
   endloop
 endfacet
 facet normal  0.000000e+00 -7.071068e-01  7.071068e-01
   outer loop
     vertex  3.542000e+01  4.610184e+01  8.400000e+00
     vertex  5.542000e+01  4.710184e+01  9.400000e+00
     vertex  3.542000e+01  4.710184e+01  9.400000e+00
   endloop
 endfacet
 facet normal  0.000000e+00 -7.071068e-01  7.071068e-01
   outer loop
     vertex  3.542000e+01  4.610184e+01  8.400000e+00
     vertex  5.542000e+01  4.610184e+01  8.400000e+00
     vertex  5.542000e+01  4.710184e+01  9.400000e+00
   endloop
 endfacet
 facet normal  1.000000e+00  0.000000e+00  0.000000e+00
   outer loop
     vertex  5.542000e+01  4.710184e+01  9.400000e+00
     vertex  5.542000e+01  4.610184e+01  8.400000e+00
     vertex  5.542000e+01  4.710184e+01  7.400000e+00
   endloop
 endfacet
 facet normal -1.000000e+00  0.000000e+00 -0.000000e+00
   outer loop
     vertex  9.598000e+01  4.710184e+01  9.400000e+00
     vertex  9.598000e+01  4.710184e+01  7.400000e+00
     vertex  9.598000e+01  4.610184e+01  8.400000e+00
   endloop
 endfacet
 facet normal  0.000000e+00 -7.071068e-01  7.071068e-01
   outer loop
     vertex  9.598000e+01  4.610184e+01  8.400000e+00
     vertex  1.159800e+02  4.710184e+01  9.400000e+00
     vertex  9.598000e+01  4.710184e+01  9.400000e+00
   endloop
 endfacet
 facet normal  0.000000e+00 -7.071068e-01  7.071068e-01
   outer loop
     vertex  9.598000e+01  4.610184e+01  8.400000e+00
     vertex  1.159800e+02  4.610184e+01  8.400000e+00
     vertex  1.159800e+02  4.710184e+01  9.400000e+00
   endloop
 endfacet
 facet normal  1.000000e+00  0.000000e+00  0.000000e+00
   outer loop
     vertex  1.159800e+02  4.710184e+01  9.400000e+00
     vertex  1.159800e+02  4.610184e+01  8.400000e+00
     vertex  1.159800e+02  4.710184e+01  7.400000e+00
   endloop
 endfacet
 facet normal  0.000000e+00 -7.071068e-01 -7.071068e-01
   outer loop
     vertex  9.598000e+01  4.710184e+01  7.400000e+00
     vertex  1.159800e+02  4.610184e+01  8.400000e+00
     vertex  9.598000e+01  4.610184e+01  8.400000e+00
   endloop
 endfacet
 facet normal  0.000000e+00 -7.071068e-01 -7.071068e-01
   outer loop
     vertex  9.598000e+01  4.710184e+01  7.400000e+00
     vertex  1.159800e+02  4.710184e+01  7.400000e+00
     vertex  1.159800e+02  4.610184e+01  8.400000e+00
   endloop
 endfacet
 facet normal  0.000000e+00  1.000000e+00  0.000000e+00
   outer loop
     vertex  1.825000e+01  5.150184e+01  8.896447e+00
     vertex  1.331500e+02  5.150184e+01  3.173647e+00
     vertex  1.825000e+01  5.150184e+01  3.173647e+00
   endloop
 endfacet
 facet normal -0.000000e+00  1.000000e+00  0.000000e+00
   outer loop
     vertex  1.825000e+01  5.150184e+01  8.896447e+00
     vertex  1.331500e+02  5.150184e+01  8.896447e+00
     vertex  1.331500e+02  5.150184e+01  3.173647e+00
   endloop
 endfacet
 facet normal  0.000000e+00  0.000000e+00 -1.000000e+00
   outer loop
     vertex  1.509681e+02  3.323427e-01  0.000000e+00
     vertex  1.510192e+02  3.807612e-01  0.000000e+00
     vertex  1.509940e+02  3.562059e-01  0.000000e+00
   endloop
 endfacet
 facet normal  0.000000e+00  0.000000e+00 -1.000000e+00
   outer loop
     vertex  1.509681e+02  3.323427e-01  0.000000e+00
     vertex  1.510438e+02  4.059907e-01  0.000000e+00
     vertex  1.510192e+02  3.807612e-01  0.000000e+00
   endloop
 endfacet
 facet normal  0.000000e+00  0.000000e+00 -1.000000e+00
   outer loop
     vertex  1.510908e+02  4.583978e-01  0.000000e+00
     vertex  1.510677e+02  4.318759e-01  0.000000e+00
     vertex  1.510438e+02  4.059907e-01  0.000000e+00
   endloop
 endfacet
 facet normal  0.000000e+00  0.000000e+00 -1.000000e+00
   outer loop
     vertex  1.511132e+02  4.855370e-01  0.000000e+00
     vertex  1.510438e+02  4.059907e-01  0.000000e+00
     vertex  1.509681e+02  3.323427e-01  0.000000e+00
   endloop
 endfacet
 facet normal  0.000000e+00  0.000000e+00 -1.000000e+00
   outer loop
     vertex  1.511132e+02  4.855370e-01  0.000000e+00
     vertex  1.510908e+02  4.583978e-01  0.000000e+00
     vertex  1.510438e+02  4.059907e-01  0.000000e+00
   endloop
 endfacet
 facet normal  0.000000e+00  0.000000e+00 -1.000000e+00
   outer loop
     vertex  1.508867e+02  2.650790e-01  0.000000e+00
     vertex  1.509416e+02  3.091893e-01  0.000000e+00
     vertex  1.509145e+02  2.867626e-01  0.000000e+00
   endloop
 endfacet
 facet normal  0.000000e+00  0.000000e+00 -1.000000e+00
   outer loop
     vertex  1.508867e+02  2.650790e-01  0.000000e+00
     vertex  1.509681e+02  3.323427e-01  0.000000e+00
     vertex  1.509416e+02  3.091893e-01  0.000000e+00
   endloop
 endfacet
 facet normal  0.000000e+00  0.000000e+00 -1.000000e+00
   outer loop
     vertex  1.511349e+02  5.132735e-01  0.000000e+00
     vertex  1.511132e+02  4.855370e-01  0.000000e+00
     vertex  1.509681e+02  3.323427e-01  0.000000e+00
   endloop
 endfacet
 facet normal  0.000000e+00  0.000000e+00 -1.000000e+00
   outer loop
     vertex  1.508584e+02  2.441545e-01  0.000000e+00
     vertex  1.509681e+02  3.323427e-01  0.000000e+00
     vertex  1.508867e+02  2.650790e-01  0.000000e+00
   endloop
 endfacet
 facet normal  0.000000e+00  0.000000e+00 -1.000000e+00
   outer loop
     vertex  1.511760e+02  5.704568e-01  0.000000e+00
     vertex  1.511558e+02  5.415870e-01  0.000000e+00
     vertex  1.511349e+02  5.132735e-01  0.000000e+00
   endloop
 endfacet
 facet normal  0.000000e+00  0.000000e+00 -1.000000e+00
   outer loop
     vertex  1.511954e+02  5.998616e-01  0.000000e+00
     vertex  1.511760e+02  5.704568e-01  0.000000e+00
     vertex  1.511349e+02  5.132735e-01  0.000000e+00
   endloop
 endfacet
 facet normal  0.000000e+00  0.000000e+00 -1.000000e+00
   outer loop
     vertex  1.508001e+02  2.046433e-01  0.000000e+00
     vertex  1.508584e+02  2.441545e-01  0.000000e+00
     vertex  1.508295e+02  2.240043e-01  0.000000e+00
   endloop
 endfacet
 facet normal  0.000000e+00  0.000000e+00 -1.000000e+00
   outer loop
     vertex  1.508001e+02  2.046433e-01  0.000000e+00
     vertex  1.509681e+02  3.323427e-01  0.000000e+00
     vertex  1.508584e+02  2.441545e-01  0.000000e+00
   endloop
 endfacet
 facet normal  0.000000e+00  0.000000e+00 -1.000000e+00
   outer loop
     vertex  1.512139e+02  6.297800e-01  0.000000e+00
     vertex  1.511954e+02  5.998616e-01  0.000000e+00
     vertex  1.511349e+02  5.132735e-01  0.000000e+00
   endloop
 endfacet
 facet normal  0.000000e+00  0.000000e+00 -1.000000e+00
   outer loop
     vertex  1.507398e+02  1.683450e-01  0.000000e+00
     vertex  1.508001e+02  2.046433e-01  0.000000e+00
     vertex  1.507702e+02  1.860857e-01  0.000000e+00
   endloop
 endfacet
 facet normal  0.000000e+00  0.000000e+00 -1.000000e+00
   outer loop
     vertex  1.512317e+02  6.601899e-01  0.000000e+00
     vertex  1.512139e+02  6.297800e-01  0.000000e+00
     vertex  1.511349e+02  5.132735e-01  0.000000e+00
   endloop
 endfacet
 facet normal  0.000000e+00  0.000000e+00 -1.000000e+00
   outer loop
     vertex  1.507089e+02  1.514343e-01  0.000000e+00
     vertex  1.508001e+02  2.046433e-01  0.000000e+00
     vertex  1.507398e+02  1.683450e-01  0.000000e+00
   endloop
 endfacet
 facet normal  0.000000e+00  0.000000e+00 -1.000000e+00
   outer loop
     vertex  1.506776e+02  1.353661e-01  0.000000e+00
     vertex  1.508001e+02  2.046433e-01  0.000000e+00
     vertex  1.507089e+02  1.514343e-01  0.000000e+00
   endloop
 endfacet
 facet normal  0.000000e+00  0.000000e+00 -1.000000e+00
   outer loop
     vertex  1.512798e+02  7.541442e-01  0.000000e+00
     vertex  1.512486e+02  6.910690e-01  0.000000e+00
     vertex  1.512317e+02  6.601899e-01  0.000000e+00
   endloop
 endfacet
 facet normal  0.000000e+00  0.000000e+00 -1.000000e+00
   outer loop
     vertex  1.512798e+02  7.541442e-01  0.000000e+00
     vertex  1.512646e+02  7.223948e-01  0.000000e+00
     vertex  1.512486e+02  6.910690e-01  0.000000e+00
   endloop
 endfacet
 facet normal  0.000000e+00  0.000000e+00 -1.000000e+00
   outer loop
     vertex  1.513077e+02  8.188204e-01  0.000000e+00
     vertex  1.512942e+02  7.862939e-01  0.000000e+00
     vertex  1.512798e+02  7.541442e-01  0.000000e+00
   endloop
 endfacet
 facet normal  0.000000e+00  0.000000e+00 -1.000000e+00
   outer loop
     vertex  1.513077e+02  8.188204e-01  0.000000e+00
     vertex  1.512798e+02  7.541442e-01  0.000000e+00
     vertex  1.512317e+02  6.601899e-01  0.000000e+00
   endloop
 endfacet
 facet normal  0.000000e+00  0.000000e+00 -1.000000e+00
   outer loop
     vertex  1.505812e+02  9.233026e-02  0.000000e+00
     vertex  1.508001e+02  2.046433e-01  0.000000e+00
     vertex  1.506776e+02  1.353661e-01  0.000000e+00
   endloop
 endfacet
 facet normal  0.000000e+00  0.000000e+00 -1.000000e+00
   outer loop
     vertex  1.505812e+02  9.233026e-02  0.000000e+00
     vertex  1.506459e+02  1.201520e-01  0.000000e+00
     vertex  1.506137e+02  1.058032e-01  0.000000e+00
   endloop
 endfacet
 facet normal  0.000000e+00  0.000000e+00 -1.000000e+00
   outer loop
     vertex  1.505812e+02  9.233026e-02  0.000000e+00
     vertex  1.506776e+02  1.353661e-01  0.000000e+00
     vertex  1.506459e+02  1.201520e-01  0.000000e+00
   endloop
 endfacet
 facet normal  0.000000e+00  0.000000e+00 -1.000000e+00
   outer loop
     vertex  1.513319e+02  8.849080e-01  0.000000e+00
     vertex  1.513203e+02  8.516998e-01  0.000000e+00
     vertex  1.513077e+02  8.188204e-01  0.000000e+00
   endloop
 endfacet
 facet normal  0.000000e+00  0.000000e+00 -1.000000e+00
   outer loop
     vertex  1.505151e+02  6.805088e-02  0.000000e+00
     vertex  1.511349e+02  5.132735e-01  0.000000e+00
     vertex  1.509681e+02  3.323427e-01  0.000000e+00
   endloop
 endfacet
 facet normal  0.000000e+00  0.000000e+00 -1.000000e+00
   outer loop
     vertex  1.505151e+02  6.805088e-02  0.000000e+00
     vertex  1.509681e+02  3.323427e-01  0.000000e+00
     vertex  1.508001e+02  2.046433e-01  0.000000e+00
   endloop
 endfacet
 facet normal  0.000000e+00  0.000000e+00 -1.000000e+00
   outer loop
     vertex  1.505151e+02  6.805088e-02  0.000000e+00
     vertex  1.512317e+02  6.601899e-01  0.000000e+00
     vertex  1.511349e+02  5.132735e-01  0.000000e+00
   endloop
 endfacet
 facet normal  0.000000e+00  0.000000e+00 -1.000000e+00
   outer loop
     vertex  1.505151e+02  6.805088e-02  0.000000e+00
     vertex  1.508001e+02  2.046433e-01  0.000000e+00
     vertex  1.505812e+02  9.233026e-02  0.000000e+00
   endloop
 endfacet
 facet normal  0.000000e+00  0.000000e+00 -1.000000e+00
   outer loop
     vertex  1.505151e+02  6.805088e-02  0.000000e+00
     vertex  1.505812e+02  9.233026e-02  0.000000e+00
     vertex  1.505483e+02  7.974309e-02  0.000000e+00
   endloop
 endfacet
 facet normal  0.000000e+00  0.000000e+00 -1.000000e+00
   outer loop
     vertex  1.513526e+02  9.522132e-01  0.000000e+00
     vertex  1.513427e+02  9.184207e-01  0.000000e+00
     vertex  1.513319e+02  8.849080e-01  0.000000e+00
   endloop
 endfacet
 facet normal  0.000000e+00  0.000000e+00 -1.000000e+00
   outer loop
     vertex  1.504478e+02  4.738501e-02  0.000000e+00
     vertex  1.505151e+02  6.805088e-02  0.000000e+00
     vertex  1.504816e+02  5.726221e-02  0.000000e+00
   endloop
 endfacet
 facet normal  0.000000e+00  0.000000e+00 -1.000000e+00
   outer loop
     vertex  1.513696e+02  1.020538e+00  0.000000e+00
     vertex  1.513616e+02  9.862607e-01  0.000000e+00
     vertex  1.513526e+02  9.522132e-01  0.000000e+00
   endloop
 endfacet
 facet normal  0.000000e+00  0.000000e+00 -1.000000e+00
   outer loop
     vertex  1.513767e+02  1.055021e+00  0.000000e+00
     vertex  1.513319e+02  8.849080e-01  0.000000e+00
     vertex  1.513077e+02  8.188204e-01  0.000000e+00
   endloop
 endfacet
 facet normal  0.000000e+00  0.000000e+00 -1.000000e+00
   outer loop
     vertex  1.513767e+02  1.055021e+00  0.000000e+00
     vertex  1.513526e+02  9.522132e-01  0.000000e+00
     vertex  1.513319e+02  8.849080e-01  0.000000e+00
   endloop
 endfacet
 facet normal  0.000000e+00  0.000000e+00 -1.000000e+00
   outer loop
     vertex  1.513767e+02  1.055021e+00  0.000000e+00
     vertex  1.513696e+02  1.020538e+00  0.000000e+00
     vertex  1.513526e+02  9.522132e-01  0.000000e+00
   endloop
 endfacet
 facet normal  0.000000e+00  0.000000e+00 -1.000000e+00
   outer loop
     vertex  1.513767e+02  1.055021e+00  0.000000e+00
     vertex  1.513077e+02  8.188204e-01  0.000000e+00
     vertex  1.512317e+02  6.601899e-01  0.000000e+00
   endloop
 endfacet
 facet normal  0.000000e+00  0.000000e+00 -1.000000e+00
   outer loop
     vertex  1.503103e+02  1.712552e-02  0.000000e+00
     vertex  1.503795e+02  3.039328e-02  0.000000e+00
     vertex  1.503450e+02  2.329121e-02  0.000000e+00
   endloop
 endfacet
 facet normal  0.000000e+00  0.000000e+00 -1.000000e+00
   outer loop
     vertex  1.503103e+02  1.712552e-02  0.000000e+00
     vertex  1.504137e+02  3.842651e-02  0.000000e+00
     vertex  1.503795e+02  3.039328e-02  0.000000e+00
   endloop
 endfacet
 facet normal  0.000000e+00  0.000000e+00 -1.000000e+00
   outer loop
     vertex  1.502755e+02  1.190072e-02  0.000000e+00
     vertex  1.504137e+02  3.842651e-02  0.000000e+00
     vertex  1.503103e+02  1.712552e-02  0.000000e+00
   endloop
 endfacet
 facet normal  0.000000e+00  0.000000e+00 -1.000000e+00
   outer loop
     vertex  1.502755e+02  1.190072e-02  0.000000e+00
     vertex  1.504478e+02  4.738501e-02  0.000000e+00
     vertex  1.504137e+02  3.842651e-02  0.000000e+00
   endloop
 endfacet
 facet normal  0.000000e+00  0.000000e+00 -1.000000e+00
   outer loop
     vertex  1.502755e+02  1.190072e-02  0.000000e+00
     vertex  1.505151e+02  6.805088e-02  0.000000e+00
     vertex  1.504478e+02  4.738501e-02  0.000000e+00
   endloop
 endfacet
 facet normal  0.000000e+00  0.000000e+00 -1.000000e+00
   outer loop
     vertex  1.513924e+02  1.159445e+00  0.000000e+00
     vertex  1.513829e+02  1.089683e+00  0.000000e+00
     vertex  1.513767e+02  1.055021e+00  0.000000e+00
   endloop
 endfacet
 facet normal  0.000000e+00  0.000000e+00 -1.000000e+00
   outer loop
     vertex  1.513924e+02  1.159445e+00  0.000000e+00
     vertex  1.513881e+02  1.124500e+00  0.000000e+00
     vertex  1.513829e+02  1.089683e+00  0.000000e+00
   endloop
 endfacet
 facet normal  0.000000e+00  0.000000e+00 -1.000000e+00
   outer loop
     vertex  1.502055e+02  4.288454e-03  0.000000e+00
     vertex  1.502755e+02  1.190072e-02  0.000000e+00
     vertex  1.502406e+02  7.620656e-03  0.000000e+00
   endloop
 endfacet
 facet normal  0.000000e+00  0.000000e+00 -1.000000e+00
   outer loop
     vertex  1.513981e+02  1.229619e+00  0.000000e+00
     vertex  1.513924e+02  1.159445e+00  0.000000e+00
     vertex  1.513767e+02  1.055021e+00  0.000000e+00
   endloop
 endfacet
 facet normal  0.000000e+00  0.000000e+00 -1.000000e+00
   outer loop
     vertex  1.513981e+02  1.229619e+00  0.000000e+00
     vertex  1.513957e+02  1.194494e+00  0.000000e+00
     vertex  1.513924e+02  1.159445e+00  0.000000e+00
   endloop
 endfacet
 facet normal  0.000000e+00  0.000000e+00 -1.000000e+00
   outer loop
     vertex  1.501704e+02  1.906562e-03  0.000000e+00
     vertex  1.505151e+02  6.805088e-02  0.000000e+00
     vertex  1.502755e+02  1.190072e-02  0.000000e+00
   endloop
 endfacet
 facet normal  0.000000e+00  0.000000e+00 -1.000000e+00
   outer loop
     vertex  1.501704e+02  1.906562e-03  0.000000e+00
     vertex  1.502755e+02  1.190072e-02  0.000000e+00
     vertex  1.502055e+02  4.288454e-03  0.000000e+00
   endloop
 endfacet
 facet normal  0.000000e+00  0.000000e+00 -1.000000e+00
   outer loop
     vertex  1.501704e+02  1.906562e-03  0.000000e+00
     vertex  1.512317e+02  6.601899e-01  0.000000e+00
     vertex  1.505151e+02  6.805088e-02  0.000000e+00
   endloop
 endfacet
 facet normal  0.000000e+00  0.000000e+00 -1.000000e+00
   outer loop
     vertex  1.514000e+02  1.300000e+00  0.000000e+00
     vertex  1.513767e+02  1.055021e+00  0.000000e+00
     vertex  1.512317e+02  6.601899e-01  0.000000e+00
   endloop
 endfacet
 facet normal  0.000000e+00  0.000000e+00 -1.000000e+00
   outer loop
     vertex  1.514000e+02  1.300000e+00  0.000000e+00
     vertex  1.513995e+02  1.264797e+00  0.000000e+00
     vertex  1.513981e+02  1.229619e+00  0.000000e+00
   endloop
 endfacet
 facet normal  0.000000e+00  0.000000e+00 -1.000000e+00
   outer loop
     vertex  1.514000e+02  1.300000e+00  0.000000e+00
     vertex  1.512317e+02  6.601899e-01  0.000000e+00
     vertex  1.501704e+02  1.906562e-03  0.000000e+00
   endloop
 endfacet
 facet normal  0.000000e+00  0.000000e+00 -1.000000e+00
   outer loop
     vertex  1.514000e+02  1.300000e+00  0.000000e+00
     vertex  1.513981e+02  1.229619e+00  0.000000e+00
     vertex  1.513767e+02  1.055021e+00  0.000000e+00
   endloop
 endfacet
 facet normal  0.000000e+00  0.000000e+00 -1.000000e+00
   outer loop
     vertex  1.514000e+02  1.300000e+00  0.000000e+00
     vertex  1.501704e+02  1.906562e-03  0.000000e+00
     vertex  1.501352e+02  4.767279e-04  0.000000e+00
   endloop
 endfacet
 facet normal  0.000000e+00  0.000000e+00 -1.000000e+00
   outer loop
     vertex  1.501000e+02  6.661338e-15  0.000000e+00
     vertex  1.514000e+02  1.300000e+00  0.000000e+00
     vertex  1.501352e+02  4.767279e-04  0.000000e+00
   endloop
 endfacet
 facet normal  0.000000e+00  0.000000e+00 -1.000000e+00
   outer loop
     vertex  1.513957e+02  4.830735e+01  0.000000e+00
     vertex  1.513981e+02  4.827222e+01  0.000000e+00
     vertex  1.513995e+02  4.823704e+01  0.000000e+00
   endloop
 endfacet
 facet normal  0.000000e+00  0.000000e+00 -1.000000e+00
   outer loop
     vertex  1.513924e+02  4.834239e+01  0.000000e+00
     vertex  1.513995e+02  4.823704e+01  0.000000e+00
     vertex  1.514000e+02  4.820184e+01  0.000000e+00
   endloop
 endfacet
 facet normal  0.000000e+00  0.000000e+00 -1.000000e+00
   outer loop
     vertex  1.513924e+02  4.834239e+01  0.000000e+00
     vertex  1.513957e+02  4.830735e+01  0.000000e+00
     vertex  1.513995e+02  4.823704e+01  0.000000e+00
   endloop
 endfacet
 facet normal  0.000000e+00  0.000000e+00 -1.000000e+00
   outer loop
     vertex  1.513829e+02  4.841216e+01  0.000000e+00
     vertex  1.513881e+02  4.837734e+01  0.000000e+00
     vertex  1.513924e+02  4.834239e+01  0.000000e+00
   endloop
 endfacet
 facet normal  0.000000e+00  0.000000e+00 -1.000000e+00
   outer loop
     vertex  1.513767e+02  4.844682e+01  0.000000e+00
     vertex  1.513829e+02  4.841216e+01  0.000000e+00
     vertex  1.513924e+02  4.834239e+01  0.000000e+00
   endloop
 endfacet
 facet normal  0.000000e+00  0.000000e+00 -1.000000e+00
   outer loop
     vertex  1.513696e+02  4.848130e+01  0.000000e+00
     vertex  1.513924e+02  4.834239e+01  0.000000e+00
     vertex  1.514000e+02  4.820184e+01  0.000000e+00
   endloop
 endfacet
 facet normal  0.000000e+00  0.000000e+00 -1.000000e+00
   outer loop
     vertex  1.513696e+02  4.848130e+01  0.000000e+00
     vertex  1.513767e+02  4.844682e+01  0.000000e+00
     vertex  1.513924e+02  4.834239e+01  0.000000e+00
   endloop
 endfacet
 facet normal  0.000000e+00  0.000000e+00 -1.000000e+00
   outer loop
     vertex  1.513319e+02  4.861693e+01  0.000000e+00
     vertex  1.513616e+02  4.851558e+01  0.000000e+00
     vertex  1.513696e+02  4.848130e+01  0.000000e+00
   endloop
 endfacet
 facet normal  0.000000e+00  0.000000e+00 -1.000000e+00
   outer loop
     vertex  1.513319e+02  4.861693e+01  0.000000e+00
     vertex  1.513526e+02  4.854963e+01  0.000000e+00
     vertex  1.513616e+02  4.851558e+01  0.000000e+00
   endloop
 endfacet
 facet normal  0.000000e+00  0.000000e+00 -1.000000e+00
   outer loop
     vertex  1.513319e+02  4.861693e+01  0.000000e+00
     vertex  1.513427e+02  4.858342e+01  0.000000e+00
     vertex  1.513526e+02  4.854963e+01  0.000000e+00
   endloop
 endfacet
 facet normal  0.000000e+00  0.000000e+00 -1.000000e+00
   outer loop
     vertex  1.513203e+02  4.865014e+01  0.000000e+00
     vertex  1.513696e+02  4.848130e+01  0.000000e+00
     vertex  1.514000e+02  4.820184e+01  0.000000e+00
   endloop
 endfacet
 facet normal  0.000000e+00  0.000000e+00 -1.000000e+00
   outer loop
     vertex  1.513203e+02  4.865014e+01  0.000000e+00
     vertex  1.513319e+02  4.861693e+01  0.000000e+00
     vertex  1.513696e+02  4.848130e+01  0.000000e+00
   endloop
 endfacet
 facet normal  0.000000e+00  0.000000e+00 -1.000000e+00
   outer loop
     vertex  1.512942e+02  4.871555e+01  0.000000e+00
     vertex  1.513077e+02  4.868302e+01  0.000000e+00
     vertex  1.513203e+02  4.865014e+01  0.000000e+00
   endloop
 endfacet
 facet normal  0.000000e+00  0.000000e+00 -1.000000e+00
   outer loop
     vertex  1.512798e+02  4.874770e+01  0.000000e+00
     vertex  1.512942e+02  4.871555e+01  0.000000e+00
     vertex  1.513203e+02  4.865014e+01  0.000000e+00
   endloop
 endfacet
 facet normal  0.000000e+00  0.000000e+00 -1.000000e+00
   outer loop
     vertex  1.512646e+02  4.877945e+01  0.000000e+00
     vertex  1.512798e+02  4.874770e+01  0.000000e+00
     vertex  1.513203e+02  4.865014e+01  0.000000e+00
   endloop
 endfacet
 facet normal  0.000000e+00  0.000000e+00 -1.000000e+00
   outer loop
     vertex  1.512317e+02  4.884165e+01  0.000000e+00
     vertex  1.512486e+02  4.881077e+01  0.000000e+00
     vertex  1.512646e+02  4.877945e+01  0.000000e+00
   endloop
 endfacet
 facet normal  0.000000e+00  0.000000e+00 -1.000000e+00
   outer loop
     vertex  1.512317e+02  4.884165e+01  0.000000e+00
     vertex  1.512646e+02  4.877945e+01  0.000000e+00
     vertex  1.513203e+02  4.865014e+01  0.000000e+00
   endloop
 endfacet
 facet normal  0.000000e+00  0.000000e+00 -1.000000e+00
   outer loop
     vertex  1.511954e+02  4.890198e+01  0.000000e+00
     vertex  1.512139e+02  4.887206e+01  0.000000e+00
     vertex  1.512317e+02  4.884165e+01  0.000000e+00
   endloop
 endfacet
 facet normal  0.000000e+00  0.000000e+00 -1.000000e+00
   outer loop
     vertex  1.511954e+02  4.890198e+01  0.000000e+00
     vertex  1.512317e+02  4.884165e+01  0.000000e+00
     vertex  1.513203e+02  4.865014e+01  0.000000e+00
   endloop
 endfacet
 facet normal  0.000000e+00  0.000000e+00 -1.000000e+00
   outer loop
     vertex  1.511558e+02  4.896025e+01  0.000000e+00
     vertex  1.511760e+02  4.893138e+01  0.000000e+00
     vertex  1.511954e+02  4.890198e+01  0.000000e+00
   endloop
 endfacet
 facet normal  0.000000e+00  0.000000e+00 -1.000000e+00
   outer loop
     vertex  1.511349e+02  4.898857e+01  0.000000e+00
     vertex  1.511954e+02  4.890198e+01  0.000000e+00
     vertex  1.513203e+02  4.865014e+01  0.000000e+00
   endloop
 endfacet
 facet normal  0.000000e+00  0.000000e+00 -1.000000e+00
   outer loop
     vertex  1.511349e+02  4.898857e+01  0.000000e+00
     vertex  1.513203e+02  4.865014e+01  0.000000e+00
     vertex  1.514000e+02  4.820184e+01  0.000000e+00
   endloop
 endfacet
 facet normal  0.000000e+00  0.000000e+00 -1.000000e+00
   outer loop
     vertex  1.511349e+02  4.898857e+01  0.000000e+00
     vertex  1.511558e+02  4.896025e+01  0.000000e+00
     vertex  1.511954e+02  4.890198e+01  0.000000e+00
   endloop
 endfacet
 facet normal  0.000000e+00  0.000000e+00 -1.000000e+00
   outer loop
     vertex  1.511132e+02  4.901630e+01  0.000000e+00
     vertex  1.511349e+02  4.898857e+01  0.000000e+00
     vertex  1.514000e+02  4.820184e+01  0.000000e+00
   endloop
 endfacet
 facet normal  0.000000e+00  0.000000e+00 -1.000000e+00
   outer loop
     vertex  1.510677e+02  4.906996e+01  0.000000e+00
     vertex  1.510908e+02  4.904344e+01  0.000000e+00
     vertex  1.511132e+02  4.901630e+01  0.000000e+00
   endloop
 endfacet
 facet normal  0.000000e+00  0.000000e+00 -1.000000e+00
   outer loop
     vertex  1.510438e+02  4.909585e+01  0.000000e+00
     vertex  1.511132e+02  4.901630e+01  0.000000e+00
     vertex  1.514000e+02  4.820184e+01  0.000000e+00
   endloop
 endfacet
 facet normal  0.000000e+00  0.000000e+00 -1.000000e+00
   outer loop
     vertex  1.510438e+02  4.909585e+01  0.000000e+00
     vertex  1.510677e+02  4.906996e+01  0.000000e+00
     vertex  1.511132e+02  4.901630e+01  0.000000e+00
   endloop
 endfacet
 facet normal  0.000000e+00  0.000000e+00 -1.000000e+00
   outer loop
     vertex  1.509416e+02  4.919265e+01  0.000000e+00
     vertex  1.510192e+02  4.912108e+01  0.000000e+00
     vertex  1.510438e+02  4.909585e+01  0.000000e+00
   endloop
 endfacet
 facet normal  0.000000e+00  0.000000e+00 -1.000000e+00
   outer loop
     vertex  1.509416e+02  4.919265e+01  0.000000e+00
     vertex  1.509940e+02  4.914563e+01  0.000000e+00
     vertex  1.510192e+02  4.912108e+01  0.000000e+00
   endloop
 endfacet
 facet normal  0.000000e+00  0.000000e+00 -1.000000e+00
   outer loop
     vertex  1.509416e+02  4.919265e+01  0.000000e+00
     vertex  1.509681e+02  4.916950e+01  0.000000e+00
     vertex  1.509940e+02  4.914563e+01  0.000000e+00
   endloop
 endfacet
 facet normal  0.000000e+00  0.000000e+00 -1.000000e+00
   outer loop
     vertex  1.508867e+02  4.923676e+01  0.000000e+00
     vertex  1.509416e+02  4.919265e+01  0.000000e+00
     vertex  1.510438e+02  4.909585e+01  0.000000e+00
   endloop
 endfacet
 facet normal  0.000000e+00  0.000000e+00 -1.000000e+00
   outer loop
     vertex  1.508867e+02  4.923676e+01  0.000000e+00
     vertex  1.509145e+02  4.921508e+01  0.000000e+00
     vertex  1.509416e+02  4.919265e+01  0.000000e+00
   endloop
 endfacet
 facet normal  0.000000e+00  0.000000e+00 -1.000000e+00
   outer loop
     vertex  1.508584e+02  4.925769e+01  0.000000e+00
     vertex  1.508867e+02  4.923676e+01  0.000000e+00
     vertex  1.510438e+02  4.909585e+01  0.000000e+00
   endloop
 endfacet
 facet normal  0.000000e+00  0.000000e+00 -1.000000e+00
   outer loop
     vertex  1.508295e+02  4.927784e+01  0.000000e+00
     vertex  1.508584e+02  4.925769e+01  0.000000e+00
     vertex  1.510438e+02  4.909585e+01  0.000000e+00
   endloop
 endfacet
 facet normal  0.000000e+00  0.000000e+00 -1.000000e+00
   outer loop
     vertex  1.507702e+02  4.931575e+01  0.000000e+00
     vertex  1.508295e+02  4.927784e+01  0.000000e+00
     vertex  1.510438e+02  4.909585e+01  0.000000e+00
   endloop
 endfacet
 facet normal  0.000000e+00  0.000000e+00 -1.000000e+00
   outer loop
     vertex  1.507702e+02  4.931575e+01  0.000000e+00
     vertex  1.508001e+02  4.929720e+01  0.000000e+00
     vertex  1.508295e+02  4.927784e+01  0.000000e+00
   endloop
 endfacet
 facet normal  0.000000e+00  0.000000e+00 -1.000000e+00
   outer loop
     vertex  1.507089e+02  4.935041e+01  0.000000e+00
     vertex  1.510438e+02  4.909585e+01  0.000000e+00
     vertex  1.514000e+02  4.820184e+01  0.000000e+00
   endloop
 endfacet
 facet normal  0.000000e+00  0.000000e+00 -1.000000e+00
   outer loop
     vertex  1.507089e+02  4.935041e+01  0.000000e+00
     vertex  1.507702e+02  4.931575e+01  0.000000e+00
     vertex  1.510438e+02  4.909585e+01  0.000000e+00
   endloop
 endfacet
 facet normal  0.000000e+00  0.000000e+00 -1.000000e+00
   outer loop
     vertex  1.507089e+02  4.935041e+01  0.000000e+00
     vertex  1.507398e+02  4.933349e+01  0.000000e+00
     vertex  1.507702e+02  4.931575e+01  0.000000e+00
   endloop
 endfacet
 facet normal  0.000000e+00  0.000000e+00 -1.000000e+00
   outer loop
     vertex  1.506459e+02  4.938169e+01  0.000000e+00
     vertex  1.506776e+02  4.936647e+01  0.000000e+00
     vertex  1.507089e+02  4.935041e+01  0.000000e+00
   endloop
 endfacet
 facet normal  0.000000e+00  0.000000e+00 -1.000000e+00
   outer loop
     vertex  1.505812e+02  4.940951e+01  0.000000e+00
     vertex  1.506137e+02  4.939604e+01  0.000000e+00
     vertex  1.506459e+02  4.938169e+01  0.000000e+00
   endloop
 endfacet
 facet normal  0.000000e+00  0.000000e+00 -1.000000e+00
   outer loop
     vertex  1.505483e+02  4.942210e+01  0.000000e+00
     vertex  1.505812e+02  4.940951e+01  0.000000e+00
     vertex  1.506459e+02  4.938169e+01  0.000000e+00
   endloop
 endfacet
 facet normal  0.000000e+00  0.000000e+00 -1.000000e+00
   outer loop
     vertex  1.504816e+02  4.944458e+01  0.000000e+00
     vertex  1.505151e+02  4.943379e+01  0.000000e+00
     vertex  1.505483e+02  4.942210e+01  0.000000e+00
   endloop
 endfacet
 facet normal  0.000000e+00  0.000000e+00 -1.000000e+00
   outer loop
     vertex  1.504478e+02  4.945445e+01  0.000000e+00
     vertex  1.505483e+02  4.942210e+01  0.000000e+00
     vertex  1.506459e+02  4.938169e+01  0.000000e+00
   endloop
 endfacet
 facet normal  0.000000e+00  0.000000e+00 -1.000000e+00
   outer loop
     vertex  1.504478e+02  4.945445e+01  0.000000e+00
     vertex  1.504816e+02  4.944458e+01  0.000000e+00
     vertex  1.505483e+02  4.942210e+01  0.000000e+00
   endloop
 endfacet
 facet normal  0.000000e+00  0.000000e+00 -1.000000e+00
   outer loop
     vertex  1.503795e+02  4.947145e+01  0.000000e+00
     vertex  1.506459e+02  4.938169e+01  0.000000e+00
     vertex  1.507089e+02  4.935041e+01  0.000000e+00
   endloop
 endfacet
 facet normal  0.000000e+00  0.000000e+00 -1.000000e+00
   outer loop
     vertex  1.503795e+02  4.947145e+01  0.000000e+00
     vertex  1.504478e+02  4.945445e+01  0.000000e+00
     vertex  1.506459e+02  4.938169e+01  0.000000e+00
   endloop
 endfacet
 facet normal  0.000000e+00  0.000000e+00 -1.000000e+00
   outer loop
     vertex  1.503795e+02  4.947145e+01  0.000000e+00
     vertex  1.504137e+02  4.946341e+01  0.000000e+00
     vertex  1.504478e+02  4.945445e+01  0.000000e+00
   endloop
 endfacet
 facet normal  0.000000e+00  0.000000e+00 -1.000000e+00
   outer loop
     vertex  1.503450e+02  4.947855e+01  0.000000e+00
     vertex  1.503795e+02  4.947145e+01  0.000000e+00
     vertex  1.507089e+02  4.935041e+01  0.000000e+00
   endloop
 endfacet
 facet normal  0.000000e+00  0.000000e+00 -1.000000e+00
   outer loop
     vertex  1.503103e+02  4.948471e+01  0.000000e+00
     vertex  1.503450e+02  4.947855e+01  0.000000e+00
     vertex  1.507089e+02  4.935041e+01  0.000000e+00
   endloop
 endfacet
 facet normal  0.000000e+00  0.000000e+00 -1.000000e+00
   outer loop
     vertex  1.502406e+02  4.949422e+01  0.000000e+00
     vertex  1.507089e+02  4.935041e+01  0.000000e+00
     vertex  1.514000e+02  4.820184e+01  0.000000e+00
   endloop
 endfacet
 facet normal  0.000000e+00  0.000000e+00 -1.000000e+00
   outer loop
     vertex  1.502406e+02  4.949422e+01  0.000000e+00
     vertex  1.503103e+02  4.948471e+01  0.000000e+00
     vertex  1.507089e+02  4.935041e+01  0.000000e+00
   endloop
 endfacet
 facet normal  0.000000e+00  0.000000e+00 -1.000000e+00
   outer loop
     vertex  1.502406e+02  4.949422e+01  0.000000e+00
     vertex  1.502755e+02  4.948994e+01  0.000000e+00
     vertex  1.503103e+02  4.948471e+01  0.000000e+00
   endloop
 endfacet
 facet normal  0.000000e+00  0.000000e+00 -1.000000e+00
   outer loop
     vertex  1.501352e+02  4.950136e+01  0.000000e+00
     vertex  1.501704e+02  4.949993e+01  0.000000e+00
     vertex  1.502055e+02  4.949755e+01  0.000000e+00
   endloop
 endfacet
 facet normal  0.000000e+00  0.000000e+00 -1.000000e+00
   outer loop
     vertex  1.501000e+02  4.950184e+01  0.000000e+00
     vertex  1.502406e+02  4.949422e+01  0.000000e+00
     vertex  1.514000e+02  4.820184e+01  0.000000e+00
   endloop
 endfacet
 facet normal  0.000000e+00  0.000000e+00 -1.000000e+00
   outer loop
     vertex  1.501000e+02  4.950184e+01  0.000000e+00
     vertex  1.501352e+02  4.950136e+01  0.000000e+00
     vertex  1.502055e+02  4.949755e+01  0.000000e+00
   endloop
 endfacet
 facet normal  0.000000e+00  0.000000e+00 -1.000000e+00
   outer loop
     vertex  1.501000e+02  4.950184e+01  0.000000e+00
     vertex  1.502055e+02  4.949755e+01  0.000000e+00
     vertex  1.502406e+02  4.949422e+01  0.000000e+00
   endloop
 endfacet
 facet normal  0.000000e+00  0.000000e+00 -1.000000e+00
   outer loop
     vertex  1.334000e+02  4.950184e+01  0.000000e+00
     vertex  1.514000e+02  1.300000e+00  0.000000e+00
     vertex  1.501000e+02  6.661338e-15  0.000000e+00
   endloop
 endfacet
 facet normal  0.000000e+00  0.000000e+00 -1.000000e+00
   outer loop
     vertex  1.334000e+02  4.950184e+01  0.000000e+00
     vertex  1.501000e+02  4.950184e+01  0.000000e+00
     vertex  1.514000e+02  4.820184e+01  0.000000e+00
   endloop
 endfacet
 facet normal  0.000000e+00  0.000000e+00 -1.000000e+00
   outer loop
     vertex  1.334000e+02  4.950184e+01  0.000000e+00
     vertex  1.514000e+02  4.820184e+01  0.000000e+00
     vertex  1.514000e+02  1.300000e+00  0.000000e+00
   endloop
 endfacet
 facet normal  0.000000e+00  0.000000e+00 -1.000000e+00
   outer loop
     vertex  1.229619e+00  1.906562e-03  0.000000e+00
     vertex  1.300000e+00  0.000000e+00  0.000000e+00
     vertex  1.264797e+00  4.767279e-04  0.000000e+00
   endloop
 endfacet
 facet normal  0.000000e+00  0.000000e+00 -1.000000e+00
   outer loop
     vertex  1.194494e+00  4.288454e-03  0.000000e+00
     vertex  1.300000e+00  0.000000e+00  0.000000e+00
     vertex  1.229619e+00  1.906562e-03  0.000000e+00
   endloop
 endfacet
 facet normal  0.000000e+00  0.000000e+00 -1.000000e+00
   outer loop
     vertex  1.159445e+00  7.620656e-03  0.000000e+00
     vertex  1.300000e+00  0.000000e+00  0.000000e+00
     vertex  1.194494e+00  4.288454e-03  0.000000e+00
   endloop
 endfacet
 facet normal  0.000000e+00  0.000000e+00 -1.000000e+00
   outer loop
     vertex  1.124500e+00  1.190072e-02  0.000000e+00
     vertex  1.300000e+00  0.000000e+00  0.000000e+00
     vertex  1.159445e+00  7.620656e-03  0.000000e+00
   endloop
 endfacet
 facet normal  0.000000e+00  0.000000e+00 -1.000000e+00
   outer loop
     vertex  1.020538e+00  3.039328e-02  0.000000e+00
     vertex  1.089683e+00  1.712552e-02  0.000000e+00
     vertex  1.055021e+00  2.329121e-02  0.000000e+00
   endloop
 endfacet
 facet normal  0.000000e+00  0.000000e+00 -1.000000e+00
   outer loop
     vertex  1.020538e+00  3.039328e-02  0.000000e+00
     vertex  1.124500e+00  1.190072e-02  0.000000e+00
     vertex  1.089683e+00  1.712552e-02  0.000000e+00
   endloop
 endfacet
 facet normal  0.000000e+00  0.000000e+00 -1.000000e+00
   outer loop
     vertex  9.862607e-01  3.842651e-02  0.000000e+00
     vertex  1.124500e+00  1.190072e-02  0.000000e+00
     vertex  1.020538e+00  3.039328e-02  0.000000e+00
   endloop
 endfacet
 facet normal  0.000000e+00  0.000000e+00 -1.000000e+00
   outer loop
     vertex  9.522132e-01  4.738501e-02  0.000000e+00
     vertex  1.300000e+00  0.000000e+00  0.000000e+00
     vertex  1.124500e+00  1.190072e-02  0.000000e+00
   endloop
 endfacet
 facet normal  0.000000e+00  0.000000e+00 -1.000000e+00
   outer loop
     vertex  9.522132e-01  4.738501e-02  0.000000e+00
     vertex  1.124500e+00  1.190072e-02  0.000000e+00
     vertex  9.862607e-01  3.842651e-02  0.000000e+00
   endloop
 endfacet
 facet normal  0.000000e+00  0.000000e+00 -1.000000e+00
   outer loop
     vertex  9.184207e-01  5.726221e-02  0.000000e+00
     vertex  1.300000e+00  0.000000e+00  0.000000e+00
     vertex  9.522132e-01  4.738501e-02  0.000000e+00
   endloop
 endfacet
 facet normal  0.000000e+00  0.000000e+00 -1.000000e+00
   outer loop
     vertex  8.849080e-01  6.805088e-02  0.000000e+00
     vertex  1.300000e+00  0.000000e+00  0.000000e+00
     vertex  9.184207e-01  5.726221e-02  0.000000e+00
   endloop
 endfacet
 facet normal  0.000000e+00  0.000000e+00 -1.000000e+00
   outer loop
     vertex  8.516998e-01  7.974309e-02  0.000000e+00
     vertex  1.300000e+00  0.000000e+00  0.000000e+00
     vertex  8.849080e-01  6.805088e-02  0.000000e+00
   endloop
 endfacet
 facet normal  0.000000e+00  0.000000e+00 -1.000000e+00
   outer loop
     vertex  7.862939e-01  1.058032e-01  0.000000e+00
     vertex  1.300000e+00  0.000000e+00  0.000000e+00
     vertex  8.516998e-01  7.974309e-02  0.000000e+00
   endloop
 endfacet
 facet normal  0.000000e+00  0.000000e+00 -1.000000e+00
   outer loop
     vertex  7.862939e-01  1.058032e-01  0.000000e+00
     vertex  8.516998e-01  7.974309e-02  0.000000e+00
     vertex  8.188204e-01  9.233026e-02  0.000000e+00
   endloop
 endfacet
 facet normal  0.000000e+00  0.000000e+00 -1.000000e+00
   outer loop
     vertex  7.541442e-01  1.201520e-01  0.000000e+00
     vertex  1.300000e+00  0.000000e+00  0.000000e+00
     vertex  7.862939e-01  1.058032e-01  0.000000e+00
   endloop
 endfacet
 facet normal  0.000000e+00  0.000000e+00 -1.000000e+00
   outer loop
     vertex  6.910690e-01  1.514343e-01  0.000000e+00
     vertex  1.300000e+00  0.000000e+00  0.000000e+00
     vertex  7.541442e-01  1.201520e-01  0.000000e+00
   endloop
 endfacet
 facet normal  0.000000e+00  0.000000e+00 -1.000000e+00
   outer loop
     vertex  6.910690e-01  1.514343e-01  0.000000e+00
     vertex  7.541442e-01  1.201520e-01  0.000000e+00
     vertex  7.223948e-01  1.353661e-01  0.000000e+00
   endloop
 endfacet
 facet normal  0.000000e+00  0.000000e+00 -1.000000e+00
   outer loop
     vertex  5.998616e-01  2.046433e-01  0.000000e+00
     vertex  6.601899e-01  1.683450e-01  0.000000e+00
     vertex  6.297800e-01  1.860857e-01  0.000000e+00
   endloop
 endfacet
 facet normal  0.000000e+00  0.000000e+00 -1.000000e+00
   outer loop
     vertex  5.998616e-01  2.046433e-01  0.000000e+00
     vertex  6.910690e-01  1.514343e-01  0.000000e+00
     vertex  6.601899e-01  1.683450e-01  0.000000e+00
   endloop
 endfacet
 facet normal  0.000000e+00  0.000000e+00 -1.000000e+00
   outer loop
     vertex  5.704568e-01  2.240043e-01  0.000000e+00
     vertex  1.300000e+00  0.000000e+00  0.000000e+00
     vertex  6.910690e-01  1.514343e-01  0.000000e+00
   endloop
 endfacet
 facet normal  0.000000e+00  0.000000e+00 -1.000000e+00
   outer loop
     vertex  5.704568e-01  2.240043e-01  0.000000e+00
     vertex  6.910690e-01  1.514343e-01  0.000000e+00
     vertex  5.998616e-01  2.046433e-01  0.000000e+00
   endloop
 endfacet
 facet normal  0.000000e+00  0.000000e+00 -1.000000e+00
   outer loop
     vertex  4.855370e-01  2.867626e-01  0.000000e+00
     vertex  5.415870e-01  2.441545e-01  0.000000e+00
     vertex  5.132735e-01  2.650790e-01  0.000000e+00
   endloop
 endfacet
 facet normal  0.000000e+00  0.000000e+00 -1.000000e+00
   outer loop
     vertex  4.855370e-01  2.867626e-01  0.000000e+00
     vertex  5.704568e-01  2.240043e-01  0.000000e+00
     vertex  5.415870e-01  2.441545e-01  0.000000e+00
   endloop
 endfacet
 facet normal  0.000000e+00  0.000000e+00 -1.000000e+00
   outer loop
     vertex  4.318759e-01  3.323427e-01  0.000000e+00
     vertex  1.300000e+00  0.000000e+00  0.000000e+00
     vertex  5.704568e-01  2.240043e-01  0.000000e+00
   endloop
 endfacet
 facet normal  0.000000e+00  0.000000e+00 -1.000000e+00
   outer loop
     vertex  4.318759e-01  3.323427e-01  0.000000e+00
     vertex  5.704568e-01  2.240043e-01  0.000000e+00
     vertex  4.855370e-01  2.867626e-01  0.000000e+00
   endloop
 endfacet
 facet normal  0.000000e+00  0.000000e+00 -1.000000e+00
   outer loop
     vertex  4.318759e-01  3.323427e-01  0.000000e+00
     vertex  4.855370e-01  2.867626e-01  0.000000e+00
     vertex  4.583978e-01  3.091893e-01  0.000000e+00
   endloop
 endfacet
 facet normal  0.000000e+00  0.000000e+00 -1.000000e+00
   outer loop
     vertex  4.059907e-01  3.562059e-01  0.000000e+00
     vertex  1.300000e+00  0.000000e+00  0.000000e+00
     vertex  4.318759e-01  3.323427e-01  0.000000e+00
   endloop
 endfacet
 facet normal  0.000000e+00  0.000000e+00 -1.000000e+00
   outer loop
     vertex  3.562059e-01  4.059907e-01  0.000000e+00
     vertex  4.059907e-01  3.562059e-01  0.000000e+00
     vertex  3.807612e-01  3.807612e-01  0.000000e+00
   endloop
 endfacet
 facet normal  0.000000e+00  0.000000e+00 -1.000000e+00
   outer loop
     vertex  3.323427e-01  4.318759e-01  0.000000e+00
     vertex  4.059907e-01  3.562059e-01  0.000000e+00
     vertex  3.562059e-01  4.059907e-01  0.000000e+00
   endloop
 endfacet
 facet normal  0.000000e+00  0.000000e+00 -1.000000e+00
   outer loop
     vertex  3.091893e-01  4.583978e-01  0.000000e+00
     vertex  1.300000e+00  0.000000e+00  0.000000e+00
     vertex  4.059907e-01  3.562059e-01  0.000000e+00
   endloop
 endfacet
 facet normal  0.000000e+00  0.000000e+00 -1.000000e+00
   outer loop
     vertex  3.091893e-01  4.583978e-01  0.000000e+00
     vertex  4.059907e-01  3.562059e-01  0.000000e+00
     vertex  3.323427e-01  4.318759e-01  0.000000e+00
   endloop
 endfacet
 facet normal  0.000000e+00  0.000000e+00 -1.000000e+00
   outer loop
     vertex  2.441545e-01  5.415870e-01  0.000000e+00
     vertex  2.867626e-01  4.855370e-01  0.000000e+00
     vertex  2.650790e-01  5.132735e-01  0.000000e+00
   endloop
 endfacet
 facet normal  0.000000e+00  0.000000e+00 -1.000000e+00
   outer loop
     vertex  2.441545e-01  5.415870e-01  0.000000e+00
     vertex  3.091893e-01  4.583978e-01  0.000000e+00
     vertex  2.867626e-01  4.855370e-01  0.000000e+00
   endloop
 endfacet
 facet normal  0.000000e+00  0.000000e+00 -1.000000e+00
   outer loop
     vertex  2.240043e-01  5.704568e-01  0.000000e+00
     vertex  3.091893e-01  4.583978e-01  0.000000e+00
     vertex  2.441545e-01  5.415870e-01  0.000000e+00
   endloop
 endfacet
 facet normal  0.000000e+00  0.000000e+00 -1.000000e+00
   outer loop
     vertex  2.046433e-01  5.998616e-01  0.000000e+00
     vertex  1.300000e+00  0.000000e+00  0.000000e+00
     vertex  3.091893e-01  4.583978e-01  0.000000e+00
   endloop
 endfacet
 facet normal  0.000000e+00  0.000000e+00 -1.000000e+00
   outer loop
     vertex  2.046433e-01  5.998616e-01  0.000000e+00
     vertex  3.091893e-01  4.583978e-01  0.000000e+00
     vertex  2.240043e-01  5.704568e-01  0.000000e+00
   endloop
 endfacet
 facet normal  0.000000e+00  0.000000e+00 -1.000000e+00
   outer loop
     vertex  1.514343e-01  6.910690e-01  0.000000e+00
     vertex  1.860857e-01  6.297800e-01  0.000000e+00
     vertex  1.683450e-01  6.601899e-01  0.000000e+00
   endloop
 endfacet
 facet normal  0.000000e+00  0.000000e+00 -1.000000e+00
   outer loop
     vertex  1.353661e-01  7.223948e-01  0.000000e+00
     vertex  2.046433e-01  5.998616e-01  0.000000e+00
     vertex  1.860857e-01  6.297800e-01  0.000000e+00
   endloop
 endfacet
 facet normal  0.000000e+00  0.000000e+00 -1.000000e+00
   outer loop
     vertex  1.353661e-01  7.223948e-01  0.000000e+00
     vertex  1.300000e+00  0.000000e+00  0.000000e+00
     vertex  2.046433e-01  5.998616e-01  0.000000e+00
   endloop
 endfacet
 facet normal  0.000000e+00  0.000000e+00 -1.000000e+00
   outer loop
     vertex  1.353661e-01  7.223948e-01  0.000000e+00
     vertex  1.860857e-01  6.297800e-01  0.000000e+00
     vertex  1.514343e-01  6.910690e-01  0.000000e+00
   endloop
 endfacet
 facet normal  0.000000e+00  0.000000e+00 -1.000000e+00
   outer loop
     vertex  1.201520e-01  7.541442e-01  0.000000e+00
     vertex  1.300000e+00  0.000000e+00  0.000000e+00
     vertex  1.353661e-01  7.223948e-01  0.000000e+00
   endloop
 endfacet
 facet normal  0.000000e+00  0.000000e+00 -1.000000e+00
   outer loop
     vertex  1.058032e-01  7.862939e-01  0.000000e+00
     vertex  1.300000e+00  0.000000e+00  0.000000e+00
     vertex  1.201520e-01  7.541442e-01  0.000000e+00
   endloop
 endfacet
 facet normal  0.000000e+00  0.000000e+00 -1.000000e+00
   outer loop
     vertex  7.974309e-02  8.516998e-01  0.000000e+00
     vertex  1.058032e-01  7.862939e-01  0.000000e+00
     vertex  9.233026e-02  8.188204e-01  0.000000e+00
   endloop
 endfacet
 facet normal  0.000000e+00  0.000000e+00 -1.000000e+00
   outer loop
     vertex  7.974309e-02  8.516998e-01  0.000000e+00
     vertex  1.300000e+00  0.000000e+00  0.000000e+00
     vertex  1.058032e-01  7.862939e-01  0.000000e+00
   endloop
 endfacet
 facet normal  0.000000e+00  0.000000e+00 -1.000000e+00
   outer loop
     vertex  6.805088e-02  8.849080e-01  0.000000e+00
     vertex  1.300000e+00  0.000000e+00  0.000000e+00
     vertex  7.974309e-02  8.516998e-01  0.000000e+00
   endloop
 endfacet
 facet normal  0.000000e+00  0.000000e+00 -1.000000e+00
   outer loop
     vertex  4.738501e-02  9.522132e-01  0.000000e+00
     vertex  6.805088e-02  8.849080e-01  0.000000e+00
     vertex  5.726221e-02  9.184207e-01  0.000000e+00
   endloop
 endfacet
 facet normal  0.000000e+00  0.000000e+00 -1.000000e+00
   outer loop
     vertex  3.842651e-02  9.862607e-01  0.000000e+00
     vertex  1.300000e+00  0.000000e+00  0.000000e+00
     vertex  6.805088e-02  8.849080e-01  0.000000e+00
   endloop
 endfacet
 facet normal  0.000000e+00  0.000000e+00 -1.000000e+00
   outer loop
     vertex  3.842651e-02  9.862607e-01  0.000000e+00
     vertex  6.805088e-02  8.849080e-01  0.000000e+00
     vertex  4.738501e-02  9.522132e-01  0.000000e+00
   endloop
 endfacet
 facet normal  0.000000e+00  0.000000e+00 -1.000000e+00
   outer loop
     vertex  3.039328e-02  1.020538e+00  0.000000e+00
     vertex  1.300000e+00  0.000000e+00  0.000000e+00
     vertex  3.842651e-02  9.862607e-01  0.000000e+00
   endloop
 endfacet
 facet normal  0.000000e+00  0.000000e+00 -1.000000e+00
   outer loop
     vertex  1.712552e-02  1.089683e+00  0.000000e+00
     vertex  3.039328e-02  1.020538e+00  0.000000e+00
     vertex  2.329121e-02  1.055021e+00  0.000000e+00
   endloop
 endfacet
 facet normal  0.000000e+00  0.000000e+00 -1.000000e+00
   outer loop
     vertex  1.190072e-02  1.124500e+00  0.000000e+00
     vertex  3.039328e-02  1.020538e+00  0.000000e+00
     vertex  1.712552e-02  1.089683e+00  0.000000e+00
   endloop
 endfacet
 facet normal  0.000000e+00  0.000000e+00 -1.000000e+00
   outer loop
     vertex  1.190072e-02  1.124500e+00  0.000000e+00
     vertex  1.300000e+00  0.000000e+00  0.000000e+00
     vertex  3.039328e-02  1.020538e+00  0.000000e+00
   endloop
 endfacet
 facet normal  0.000000e+00  0.000000e+00 -1.000000e+00
   outer loop
     vertex  4.288454e-03  1.194494e+00  0.000000e+00
     vertex  1.190072e-02  1.124500e+00  0.000000e+00
     vertex  7.620656e-03  1.159445e+00  0.000000e+00
   endloop
 endfacet
 facet normal  0.000000e+00  0.000000e+00 -1.000000e+00
   outer loop
     vertex  1.906562e-03  1.229619e+00  0.000000e+00
     vertex  1.190072e-02  1.124500e+00  0.000000e+00
     vertex  4.288454e-03  1.194494e+00  0.000000e+00
   endloop
 endfacet
 facet normal  0.000000e+00  0.000000e+00 -1.000000e+00
   outer loop
     vertex  4.767279e-04  1.264797e+00  0.000000e+00
     vertex  1.190072e-02  1.124500e+00  0.000000e+00
     vertex  1.906562e-03  1.229619e+00  0.000000e+00
   endloop
 endfacet
 facet normal  0.000000e+00  0.000000e+00 -1.000000e+00
   outer loop
     vertex  0.000000e+00  1.300000e+00  0.000000e+00
     vertex  1.300000e+00  0.000000e+00  0.000000e+00
     vertex  1.190072e-02  1.124500e+00  0.000000e+00
   endloop
 endfacet
 facet normal  0.000000e+00  0.000000e+00 -1.000000e+00
   outer loop
     vertex  0.000000e+00  1.300000e+00  0.000000e+00
     vertex  1.190072e-02  1.124500e+00  0.000000e+00
     vertex  4.767279e-04  1.264797e+00  0.000000e+00
   endloop
 endfacet
 facet normal  0.000000e+00 -0.000000e+00 -1.000000e+00
   outer loop
     vertex  1.800000e+01  4.950184e+01 -0.000000e+00
     vertex  1.501000e+02  6.661338e-15  0.000000e+00
     vertex  1.300000e+00  0.000000e+00  0.000000e+00
   endloop
 endfacet
 facet normal  0.000000e+00  0.000000e+00 -1.000000e+00
   outer loop
     vertex  1.800000e+01  4.950184e+01 -0.000000e+00
     vertex  1.334000e+02  4.950184e+01  0.000000e+00
     vertex  1.501000e+02  6.661338e-15  0.000000e+00
   endloop
 endfacet
 facet normal  0.000000e+00  0.000000e+00 -1.000000e+00
   outer loop
     vertex  1.800000e+01  4.950184e+01 -0.000000e+00
     vertex  1.300000e+00  0.000000e+00  0.000000e+00
     vertex  0.000000e+00  1.300000e+00  0.000000e+00
   endloop
 endfacet
 facet normal -0.000000e+00  0.000000e+00 -1.000000e+00
   outer loop
     vertex  7.771561e-16  4.820184e+01  0.000000e+00
     vertex  1.300000e+00  4.950184e+01  0.000000e+00
     vertex  1.800000e+01  4.950184e+01 -0.000000e+00
   endloop
 endfacet
 facet normal  0.000000e+00  0.000000e+00 -1.000000e+00
   outer loop
     vertex  7.771561e-16  4.820184e+01  0.000000e+00
     vertex  1.800000e+01  4.950184e+01 -0.000000e+00
     vertex  0.000000e+00  1.300000e+00  0.000000e+00
   endloop
 endfacet
 facet normal  0.000000e+00  0.000000e+00 -1.000000e+00
   outer loop
     vertex  1.229619e+00  4.949993e+01  0.000000e+00
     vertex  1.264797e+00  4.950136e+01  0.000000e+00
     vertex  1.300000e+00  4.950184e+01  0.000000e+00
   endloop
 endfacet
 facet normal  0.000000e+00  0.000000e+00 -1.000000e+00
   outer loop
     vertex  1.194494e+00  4.949755e+01  0.000000e+00
     vertex  1.229619e+00  4.949993e+01  0.000000e+00
     vertex  1.300000e+00  4.950184e+01  0.000000e+00
   endloop
 endfacet
 facet normal  0.000000e+00  0.000000e+00 -1.000000e+00
   outer loop
     vertex  1.190072e-02  4.837734e+01  0.000000e+00
     vertex  4.288454e-03  4.830735e+01  0.000000e+00
     vertex  7.620656e-03  4.834239e+01  0.000000e+00
   endloop
 endfacet
 facet normal  0.000000e+00  0.000000e+00 -1.000000e+00
   outer loop
     vertex  1.190072e-02  4.837734e+01  0.000000e+00
     vertex  1.906562e-03  4.827222e+01  0.000000e+00
     vertex  4.288454e-03  4.830735e+01  0.000000e+00
   endloop
 endfacet
 facet normal  0.000000e+00  0.000000e+00 -1.000000e+00
   outer loop
     vertex  1.190072e-02  4.837734e+01  0.000000e+00
     vertex  4.767279e-04  4.823704e+01  0.000000e+00
     vertex  1.906562e-03  4.827222e+01  0.000000e+00
   endloop
 endfacet
 facet normal  0.000000e+00  0.000000e+00 -1.000000e+00
   outer loop
     vertex  1.089683e+00  4.948471e+01  0.000000e+00
     vertex  1.194494e+00  4.949755e+01  0.000000e+00
     vertex  1.300000e+00  4.950184e+01  0.000000e+00
   endloop
 endfacet
 facet normal  0.000000e+00  0.000000e+00 -1.000000e+00
   outer loop
     vertex  1.089683e+00  4.948471e+01  0.000000e+00
     vertex  7.771561e-16  4.820184e+01  0.000000e+00
     vertex  4.767279e-04  4.823704e+01  0.000000e+00
   endloop
 endfacet
 facet normal  0.000000e+00  0.000000e+00 -1.000000e+00
   outer loop
     vertex  1.089683e+00  4.948471e+01  0.000000e+00
     vertex  4.767279e-04  4.823704e+01  0.000000e+00
     vertex  1.190072e-02  4.837734e+01  0.000000e+00
   endloop
 endfacet
 facet normal  0.000000e+00  0.000000e+00 -1.000000e+00
   outer loop
     vertex  1.089683e+00  4.948471e+01  0.000000e+00
     vertex  1.159445e+00  4.949422e+01  0.000000e+00
     vertex  1.194494e+00  4.949755e+01  0.000000e+00
   endloop
 endfacet
 facet normal  0.000000e+00  0.000000e+00 -1.000000e+00
   outer loop
     vertex  1.089683e+00  4.948471e+01  0.000000e+00
     vertex  1.124500e+00  4.948994e+01  0.000000e+00
     vertex  1.159445e+00  4.949422e+01  0.000000e+00
   endloop
 endfacet
 facet normal  0.000000e+00 -0.000000e+00 -1.000000e+00
   outer loop
     vertex  1.089683e+00  4.948471e+01  0.000000e+00
     vertex  1.300000e+00  4.950184e+01  0.000000e+00
     vertex  7.771561e-16  4.820184e+01  0.000000e+00
   endloop
 endfacet
 facet normal  0.000000e+00  0.000000e+00 -1.000000e+00
   outer loop
     vertex  2.329121e-02  4.844682e+01  0.000000e+00
     vertex  1.190072e-02  4.837734e+01  0.000000e+00
     vertex  1.712552e-02  4.841216e+01  0.000000e+00
   endloop
 endfacet
 facet normal  0.000000e+00  0.000000e+00 -1.000000e+00
   outer loop
     vertex  1.020538e+00  4.947145e+01  0.000000e+00
     vertex  1.055021e+00  4.947855e+01  0.000000e+00
     vertex  1.089683e+00  4.948471e+01  0.000000e+00
   endloop
 endfacet
 facet normal  0.000000e+00  0.000000e+00 -1.000000e+00
   outer loop
     vertex  9.862607e-01  4.946341e+01  0.000000e+00
     vertex  1.020538e+00  4.947145e+01  0.000000e+00
     vertex  1.089683e+00  4.948471e+01  0.000000e+00
   endloop
 endfacet
 facet normal  0.000000e+00  0.000000e+00 -1.000000e+00
   outer loop
     vertex  3.842651e-02  4.851558e+01  0.000000e+00
     vertex  2.329121e-02  4.844682e+01  0.000000e+00
     vertex  3.039328e-02  4.848130e+01  0.000000e+00
   endloop
 endfacet
 facet normal  0.000000e+00  0.000000e+00 -1.000000e+00
   outer loop
     vertex  3.842651e-02  4.851558e+01  0.000000e+00
     vertex  1.190072e-02  4.837734e+01  0.000000e+00
     vertex  2.329121e-02  4.844682e+01  0.000000e+00
   endloop
 endfacet
 facet normal  0.000000e+00  0.000000e+00 -1.000000e+00
   outer loop
     vertex  9.522132e-01  4.945445e+01  0.000000e+00
     vertex  9.862607e-01  4.946341e+01  0.000000e+00
     vertex  1.089683e+00  4.948471e+01  0.000000e+00
   endloop
 endfacet
 facet normal  0.000000e+00  0.000000e+00 -1.000000e+00
   outer loop
     vertex  5.726221e-02  4.858342e+01  0.000000e+00
     vertex  3.842651e-02  4.851558e+01  0.000000e+00
     vertex  4.738501e-02  4.854963e+01  0.000000e+00
   endloop
 endfacet
 facet normal  0.000000e+00  0.000000e+00 -1.000000e+00
   outer loop
     vertex  5.726221e-02  4.858342e+01  0.000000e+00
     vertex  1.190072e-02  4.837734e+01  0.000000e+00
     vertex  3.842651e-02  4.851558e+01  0.000000e+00
   endloop
 endfacet
 facet normal  0.000000e+00  0.000000e+00 -1.000000e+00
   outer loop
     vertex  8.849080e-01  4.943379e+01  0.000000e+00
     vertex  9.184207e-01  4.944458e+01  0.000000e+00
     vertex  9.522132e-01  4.945445e+01  0.000000e+00
   endloop
 endfacet
 facet normal  0.000000e+00  0.000000e+00 -1.000000e+00
   outer loop
     vertex  8.516998e-01  4.942210e+01  0.000000e+00
     vertex  8.849080e-01  4.943379e+01  0.000000e+00
     vertex  9.522132e-01  4.945445e+01  0.000000e+00
   endloop
 endfacet
 facet normal  0.000000e+00  0.000000e+00 -1.000000e+00
   outer loop
     vertex  7.974309e-02  4.865014e+01  0.000000e+00
     vertex  5.726221e-02  4.858342e+01  0.000000e+00
     vertex  6.805088e-02  4.861693e+01  0.000000e+00
   endloop
 endfacet
 facet normal  0.000000e+00  0.000000e+00 -1.000000e+00
   outer loop
     vertex  7.974309e-02  4.865014e+01  0.000000e+00
     vertex  1.190072e-02  4.837734e+01  0.000000e+00
     vertex  5.726221e-02  4.858342e+01  0.000000e+00
   endloop
 endfacet
 facet normal  0.000000e+00  0.000000e+00 -1.000000e+00
   outer loop
     vertex  7.862939e-01  4.939604e+01  0.000000e+00
     vertex  8.516998e-01  4.942210e+01  0.000000e+00
     vertex  9.522132e-01  4.945445e+01  0.000000e+00
   endloop
 endfacet
 facet normal  0.000000e+00  0.000000e+00 -1.000000e+00
   outer loop
     vertex  7.862939e-01  4.939604e+01  0.000000e+00
     vertex  8.188204e-01  4.940951e+01  0.000000e+00
     vertex  8.516998e-01  4.942210e+01  0.000000e+00
   endloop
 endfacet
 facet normal  0.000000e+00  0.000000e+00 -1.000000e+00
   outer loop
     vertex  1.058032e-01  4.871555e+01  0.000000e+00
     vertex  7.974309e-02  4.865014e+01  0.000000e+00
     vertex  9.233026e-02  4.868302e+01  0.000000e+00
   endloop
 endfacet
 facet normal  0.000000e+00  0.000000e+00 -1.000000e+00
   outer loop
     vertex  1.201520e-01  4.874770e+01  0.000000e+00
     vertex  1.190072e-02  4.837734e+01  0.000000e+00
     vertex  7.974309e-02  4.865014e+01  0.000000e+00
   endloop
 endfacet
 facet normal  0.000000e+00  0.000000e+00 -1.000000e+00
   outer loop
     vertex  1.201520e-01  4.874770e+01  0.000000e+00
     vertex  7.974309e-02  4.865014e+01  0.000000e+00
     vertex  1.058032e-01  4.871555e+01  0.000000e+00
   endloop
 endfacet
 facet normal  0.000000e+00  0.000000e+00 -1.000000e+00
   outer loop
     vertex  6.601899e-01  4.933349e+01  0.000000e+00
     vertex  9.522132e-01  4.945445e+01  0.000000e+00
     vertex  1.089683e+00  4.948471e+01  0.000000e+00
   endloop
 endfacet
 facet normal  0.000000e+00  0.000000e+00 -1.000000e+00
   outer loop
     vertex  6.601899e-01  4.933349e+01  0.000000e+00
     vertex  7.862939e-01  4.939604e+01  0.000000e+00
     vertex  9.522132e-01  4.945445e+01  0.000000e+00
   endloop
 endfacet
 facet normal  0.000000e+00  0.000000e+00 -1.000000e+00
   outer loop
     vertex  6.601899e-01  4.933349e+01  0.000000e+00
     vertex  7.541442e-01  4.938169e+01  0.000000e+00
     vertex  7.862939e-01  4.939604e+01  0.000000e+00
   endloop
 endfacet
 facet normal  0.000000e+00  0.000000e+00 -1.000000e+00
   outer loop
     vertex  6.601899e-01  4.933349e+01  0.000000e+00
     vertex  7.223948e-01  4.936647e+01  0.000000e+00
     vertex  7.541442e-01  4.938169e+01  0.000000e+00
   endloop
 endfacet
 facet normal  0.000000e+00  0.000000e+00 -1.000000e+00
   outer loop
     vertex  6.601899e-01  4.933349e+01  0.000000e+00
     vertex  6.910690e-01  4.935041e+01  0.000000e+00
     vertex  7.223948e-01  4.936647e+01  0.000000e+00
   endloop
 endfacet
 facet normal  0.000000e+00  0.000000e+00 -1.000000e+00
   outer loop
     vertex  1.683450e-01  4.884165e+01  0.000000e+00
     vertex  1.201520e-01  4.874770e+01  0.000000e+00
     vertex  1.353661e-01  4.877945e+01  0.000000e+00
   endloop
 endfacet
 facet normal  0.000000e+00  0.000000e+00 -1.000000e+00
   outer loop
     vertex  1.683450e-01  4.884165e+01  0.000000e+00
     vertex  1.190072e-02  4.837734e+01  0.000000e+00
     vertex  1.201520e-01  4.874770e+01  0.000000e+00
   endloop
 endfacet
 facet normal  0.000000e+00  0.000000e+00 -1.000000e+00
   outer loop
     vertex  1.683450e-01  4.884165e+01  0.000000e+00
     vertex  1.353661e-01  4.877945e+01  0.000000e+00
     vertex  1.514343e-01  4.881077e+01  0.000000e+00
   endloop
 endfacet
 facet normal  0.000000e+00  0.000000e+00 -1.000000e+00
   outer loop
     vertex  6.297800e-01  4.931575e+01  0.000000e+00
     vertex  6.601899e-01  4.933349e+01  0.000000e+00
     vertex  1.089683e+00  4.948471e+01  0.000000e+00
   endloop
 endfacet
 facet normal  0.000000e+00  0.000000e+00 -1.000000e+00
   outer loop
     vertex  5.998616e-01  4.929720e+01  0.000000e+00
     vertex  6.297800e-01  4.931575e+01  0.000000e+00
     vertex  1.089683e+00  4.948471e+01  0.000000e+00
   endloop
 endfacet
 facet normal  0.000000e+00  0.000000e+00 -1.000000e+00
   outer loop
     vertex  2.046433e-01  4.890198e+01  0.000000e+00
     vertex  1.190072e-02  4.837734e+01  0.000000e+00
     vertex  1.683450e-01  4.884165e+01  0.000000e+00
   endloop
 endfacet
 facet normal  0.000000e+00  0.000000e+00 -1.000000e+00
   outer loop
     vertex  2.046433e-01  4.890198e+01  0.000000e+00
     vertex  1.683450e-01  4.884165e+01  0.000000e+00
     vertex  1.860857e-01  4.887206e+01  0.000000e+00
   endloop
 endfacet
 facet normal  0.000000e+00  0.000000e+00 -1.000000e+00
   outer loop
     vertex  2.240043e-01  4.893138e+01  0.000000e+00
     vertex  1.190072e-02  4.837734e+01  0.000000e+00
     vertex  2.046433e-01  4.890198e+01  0.000000e+00
   endloop
 endfacet
 facet normal  0.000000e+00  0.000000e+00 -1.000000e+00
   outer loop
     vertex  2.650790e-01  4.898857e+01  0.000000e+00
     vertex  1.190072e-02  4.837734e+01  0.000000e+00
     vertex  2.240043e-01  4.893138e+01  0.000000e+00
   endloop
 endfacet
 facet normal  0.000000e+00  0.000000e+00 -1.000000e+00
   outer loop
     vertex  2.650790e-01  4.898857e+01  0.000000e+00
     vertex  2.240043e-01  4.893138e+01  0.000000e+00
     vertex  2.441545e-01  4.896025e+01  0.000000e+00
   endloop
 endfacet
 facet normal  0.000000e+00  0.000000e+00 -1.000000e+00
   outer loop
     vertex  4.583978e-01  4.919265e+01  0.000000e+00
     vertex  5.704568e-01  4.927784e+01  0.000000e+00
     vertex  5.998616e-01  4.929720e+01  0.000000e+00
   endloop
 endfacet
 facet normal  0.000000e+00  0.000000e+00 -1.000000e+00
   outer loop
     vertex  4.583978e-01  4.919265e+01  0.000000e+00
     vertex  5.415870e-01  4.925769e+01  0.000000e+00
     vertex  5.704568e-01  4.927784e+01  0.000000e+00
   endloop
 endfacet
 facet normal  0.000000e+00  0.000000e+00 -1.000000e+00
   outer loop
     vertex  4.583978e-01  4.919265e+01  0.000000e+00
     vertex  5.132735e-01  4.923676e+01  0.000000e+00
     vertex  5.415870e-01  4.925769e+01  0.000000e+00
   endloop
 endfacet
 facet normal  0.000000e+00  0.000000e+00 -1.000000e+00
   outer loop
     vertex  4.583978e-01  4.919265e+01  0.000000e+00
     vertex  4.855370e-01  4.921508e+01  0.000000e+00
     vertex  5.132735e-01  4.923676e+01  0.000000e+00
   endloop
 endfacet
 facet normal  0.000000e+00  0.000000e+00 -1.000000e+00
   outer loop
     vertex  3.091893e-01  4.904344e+01  0.000000e+00
     vertex  2.650790e-01  4.898857e+01  0.000000e+00
     vertex  2.867626e-01  4.901630e+01  0.000000e+00
   endloop
 endfacet
 facet normal  0.000000e+00 -0.000000e+00 -1.000000e+00
   outer loop
     vertex  4.318759e-01  4.916950e+01  0.000000e+00
     vertex  1.089683e+00  4.948471e+01  0.000000e+00
     vertex  1.190072e-02  4.837734e+01  0.000000e+00
   endloop
 endfacet
 facet normal  0.000000e+00  0.000000e+00 -1.000000e+00
   outer loop
     vertex  4.318759e-01  4.916950e+01  0.000000e+00
     vertex  5.998616e-01  4.929720e+01  0.000000e+00
     vertex  1.089683e+00  4.948471e+01  0.000000e+00
   endloop
 endfacet
 facet normal  0.000000e+00  0.000000e+00 -1.000000e+00
   outer loop
     vertex  4.318759e-01  4.916950e+01  0.000000e+00
     vertex  4.583978e-01  4.919265e+01  0.000000e+00
     vertex  5.998616e-01  4.929720e+01  0.000000e+00
   endloop
 endfacet
 facet normal  0.000000e+00  0.000000e+00 -1.000000e+00
   outer loop
     vertex  3.323427e-01  4.906996e+01  0.000000e+00
     vertex  1.190072e-02  4.837734e+01  0.000000e+00
     vertex  2.650790e-01  4.898857e+01  0.000000e+00
   endloop
 endfacet
 facet normal  0.000000e+00  0.000000e+00 -1.000000e+00
   outer loop
     vertex  3.323427e-01  4.906996e+01  0.000000e+00
     vertex  2.650790e-01  4.898857e+01  0.000000e+00
     vertex  3.091893e-01  4.904344e+01  0.000000e+00
   endloop
 endfacet
 facet normal  0.000000e+00 -0.000000e+00 -1.000000e+00
   outer loop
     vertex  3.807612e-01  4.912108e+01  0.000000e+00
     vertex  4.318759e-01  4.916950e+01  0.000000e+00
     vertex  1.190072e-02  4.837734e+01  0.000000e+00
   endloop
 endfacet
 facet normal  0.000000e+00  0.000000e+00 -1.000000e+00
   outer loop
     vertex  3.807612e-01  4.912108e+01  0.000000e+00
     vertex  4.059907e-01  4.914563e+01  0.000000e+00
     vertex  4.318759e-01  4.916950e+01  0.000000e+00
   endloop
 endfacet
 facet normal  0.000000e+00  0.000000e+00 -1.000000e+00
   outer loop
     vertex  3.807612e-01  4.912108e+01  0.000000e+00
     vertex  3.323427e-01  4.906996e+01  0.000000e+00
     vertex  3.562059e-01  4.909585e+01  0.000000e+00
   endloop
 endfacet
 facet normal  0.000000e+00  0.000000e+00 -1.000000e+00
   outer loop
     vertex  3.807612e-01  4.912108e+01  0.000000e+00
     vertex  1.190072e-02  4.837734e+01  0.000000e+00
     vertex  3.323427e-01  4.906996e+01  0.000000e+00
   endloop
 endfacet
endsolid
