ISO-10303-21;
HEADER;
FILE_DESCRIPTION(('FreeCAD Model'),'2;1');
FILE_NAME('Open CASCADE Shape Model','2026-07-04T21:12:45',('FreeCAD'),(
    'FreeCAD'),'Open CASCADE STEP processor 7.9','FreeCAD','Unknown');
FILE_SCHEMA(('AUTOMOTIVE_DESIGN { 1 0 10303 214 1 1 1 1 }'));
ENDSEC;
DATA;
#1 = APPLICATION_PROTOCOL_DEFINITION('international standard',
  'automotive_design',2000,#2);
#2 = APPLICATION_CONTEXT(
  'core data for automotive mechanical design processes');
#3 = SHAPE_DEFINITION_REPRESENTATION(#4,#10);
#4 = PRODUCT_DEFINITION_SHAPE('','',#5);
#5 = PRODUCT_DEFINITION('design','',#6,#9);
#6 = PRODUCT_DEFINITION_FORMATION('','',#7);
#7 = PRODUCT('Open CASCADE STEP translator 7.9 8',
  'Open CASCADE STEP translator 7.9 8','',(#8));
#8 = PRODUCT_CONTEXT('',#2,'mechanical');
#9 = PRODUCT_DEFINITION_CONTEXT('part definition',#2,'design');
#10 = ADVANCED_BREP_SHAPE_REPRESENTATION('',(#11,#15),#2715);
#11 = AXIS2_PLACEMENT_3D('',#12,#13,#14);
#12 = CARTESIAN_POINT('',(0.,0.,0.));
#13 = DIRECTION('',(0.,0.,1.));
#14 = DIRECTION('',(1.,0.,-0.));
#15 = MANIFOLD_SOLID_BREP('',#16);
#16 = CLOSED_SHELL('',(#17,#57,#90,#123,#434,#499,#516,#533,#564,#620,
    #644,#669,#693,#749,#773,#829,#853,#878,#902,#958,#982,#1038,#1062,
    #1118,#1142,#1184,#1226,#1251,#1282,#1306,#1330,#1354,#1378,#1402,
    #1426,#1443,#1468,#1493,#1518,#1543,#1568,#1592,#1680,#1697,#1852,
    #1876,#1932,#1949,#1973,#1997,#2014,#2038,#2085,#2132,#2152,#2164,
    #2176,#2193,#2210,#2227,#2239,#2288,#2305,#2322,#2345,#2369,#2385,
    #2408,#2432,#2448,#2460,#2472,#2489,#2506,#2541,#2572,#2603,#2619,
    #2636,#2647,#2659,#2671,#2687,#2704));
#17 = ADVANCED_FACE('',(#18),#52,.F.);
#18 = FACE_BOUND('',#19,.F.);
#19 = EDGE_LOOP('',(#20,#30,#38,#46));
#20 = ORIENTED_EDGE('',*,*,#21,.T.);
#21 = EDGE_CURVE('',#22,#24,#26,.T.);
#22 = VERTEX_POINT('',#23);
#23 = CARTESIAN_POINT('',(1.3,0.,0.));
#24 = VERTEX_POINT('',#25);
#25 = CARTESIAN_POINT('',(1.3,0.,2.4));
#26 = LINE('',#27,#28);
#27 = CARTESIAN_POINT('',(1.3,0.,0.));
#28 = VECTOR('',#29,1.);
#29 = DIRECTION('',(0.,0.,1.));
#30 = ORIENTED_EDGE('',*,*,#31,.T.);
#31 = EDGE_CURVE('',#24,#32,#34,.T.);
#32 = VERTEX_POINT('',#33);
#33 = CARTESIAN_POINT('',(150.1,6.661338147751E-15,2.4));
#34 = LINE('',#35,#36);
#35 = CARTESIAN_POINT('',(1.3,0.,2.4));
#36 = VECTOR('',#37,1.);
#37 = DIRECTION('',(1.,0.,0.));
#38 = ORIENTED_EDGE('',*,*,#39,.F.);
#39 = EDGE_CURVE('',#40,#32,#42,.T.);
#40 = VERTEX_POINT('',#41);
#41 = CARTESIAN_POINT('',(150.1,6.661338147751E-15,0.));
#42 = LINE('',#43,#44);
#43 = CARTESIAN_POINT('',(150.1,6.661338147751E-15,0.));
#44 = VECTOR('',#45,1.);
#45 = DIRECTION('',(0.,0.,1.));
#46 = ORIENTED_EDGE('',*,*,#47,.F.);
#47 = EDGE_CURVE('',#22,#40,#48,.T.);
#48 = LINE('',#49,#50);
#49 = CARTESIAN_POINT('',(1.3,0.,0.));
#50 = VECTOR('',#51,1.);
#51 = DIRECTION('',(1.,0.,0.));
#52 = PLANE('',#53);
#53 = AXIS2_PLACEMENT_3D('',#54,#55,#56);
#54 = CARTESIAN_POINT('',(1.3,0.,0.));
#55 = DIRECTION('',(0.,1.,0.));
#56 = DIRECTION('',(1.,0.,0.));
#57 = ADVANCED_FACE('',(#58),#85,.T.);
#58 = FACE_BOUND('',#59,.F.);
#59 = EDGE_LOOP('',(#60,#70,#77,#78));
#60 = ORIENTED_EDGE('',*,*,#61,.T.);
#61 = EDGE_CURVE('',#62,#64,#66,.T.);
#62 = VERTEX_POINT('',#63);
#63 = CARTESIAN_POINT('',(0.,1.3,0.));
#64 = VERTEX_POINT('',#65);
#65 = CARTESIAN_POINT('',(0.,1.3,2.4));
#66 = LINE('',#67,#68);
#67 = CARTESIAN_POINT('',(0.,1.3,0.));
#68 = VECTOR('',#69,1.);
#69 = DIRECTION('',(0.,0.,1.));
#70 = ORIENTED_EDGE('',*,*,#71,.T.);
#71 = EDGE_CURVE('',#64,#24,#72,.T.);
#72 = CIRCLE('',#73,1.3);
#73 = AXIS2_PLACEMENT_3D('',#74,#75,#76);
#74 = CARTESIAN_POINT('',(1.3,1.3,2.4));
#75 = DIRECTION('',(0.,0.,1.));
#76 = DIRECTION('',(-1.,-1.7080354225E-16,0.));
#77 = ORIENTED_EDGE('',*,*,#21,.F.);
#78 = ORIENTED_EDGE('',*,*,#79,.F.);
#79 = EDGE_CURVE('',#62,#22,#80,.T.);
#80 = CIRCLE('',#81,1.3);
#81 = AXIS2_PLACEMENT_3D('',#82,#83,#84);
#82 = CARTESIAN_POINT('',(1.3,1.3,0.));
#83 = DIRECTION('',(0.,0.,1.));
#84 = DIRECTION('',(-1.,-1.7080354225E-16,0.));
#85 = CYLINDRICAL_SURFACE('',#86,1.3);
#86 = AXIS2_PLACEMENT_3D('',#87,#88,#89);
#87 = CARTESIAN_POINT('',(1.3,1.3,0.));
#88 = DIRECTION('',(-0.,-0.,-1.));
#89 = DIRECTION('',(-1.,-1.7080354225E-16,0.));
#90 = ADVANCED_FACE('',(#91),#118,.T.);
#91 = FACE_BOUND('',#92,.F.);
#92 = EDGE_LOOP('',(#93,#94,#103,#111));
#93 = ORIENTED_EDGE('',*,*,#39,.T.);
#94 = ORIENTED_EDGE('',*,*,#95,.T.);
#95 = EDGE_CURVE('',#32,#96,#98,.T.);
#96 = VERTEX_POINT('',#97);
#97 = CARTESIAN_POINT('',(151.4,1.3,2.4));
#98 = CIRCLE('',#99,1.3);
#99 = AXIS2_PLACEMENT_3D('',#100,#101,#102);
#100 = CARTESIAN_POINT('',(150.1,1.3,2.4));
#101 = DIRECTION('',(0.,0.,1.));
#102 = DIRECTION('',(-2.1862853408E-14,-1.,0.));
#103 = ORIENTED_EDGE('',*,*,#104,.F.);
#104 = EDGE_CURVE('',#105,#96,#107,.T.);
#105 = VERTEX_POINT('',#106);
#106 = CARTESIAN_POINT('',(151.4,1.3,0.));
#107 = LINE('',#108,#109);
#108 = CARTESIAN_POINT('',(151.4,1.3,0.));
#109 = VECTOR('',#110,1.);
#110 = DIRECTION('',(0.,0.,1.));
#111 = ORIENTED_EDGE('',*,*,#112,.F.);
#112 = EDGE_CURVE('',#40,#105,#113,.T.);
#113 = CIRCLE('',#114,1.3);
#114 = AXIS2_PLACEMENT_3D('',#115,#116,#117);
#115 = CARTESIAN_POINT('',(150.1,1.3,0.));
#116 = DIRECTION('',(0.,0.,1.));
#117 = DIRECTION('',(-2.1862853408E-14,-1.,0.));
#118 = CYLINDRICAL_SURFACE('',#119,1.3);
#119 = AXIS2_PLACEMENT_3D('',#120,#121,#122);
#120 = CARTESIAN_POINT('',(150.1,1.3,0.));
#121 = DIRECTION('',(-0.,-0.,-1.));
#122 = DIRECTION('',(-2.1862853408E-14,-1.,0.));
#123 = ADVANCED_FACE('',(#124,#297,#308,#374,#385,#396,#407,#418),#429,
  .F.);
#124 = FACE_BOUND('',#125,.F.);
#125 = EDGE_LOOP('',(#126,#136,#144,#150,#151,#152,#153,#161,#169,#177,
    #185,#193,#201,#209,#217,#225,#234,#242,#250,#258,#266,#274,#283,
    #291));
#126 = ORIENTED_EDGE('',*,*,#127,.F.);
#127 = EDGE_CURVE('',#128,#130,#132,.T.);
#128 = VERTEX_POINT('',#129);
#129 = CARTESIAN_POINT('',(20.3025,13.9125,0.));
#130 = VERTEX_POINT('',#131);
#131 = CARTESIAN_POINT('',(20.3025,30.5875,0.));
#132 = LINE('',#133,#134);
#133 = CARTESIAN_POINT('',(20.3025,19.33171,0.));
#134 = VECTOR('',#135,1.);
#135 = DIRECTION('',(-0.,1.,0.));
#136 = ORIENTED_EDGE('',*,*,#137,.T.);
#137 = EDGE_CURVE('',#128,#138,#140,.T.);
#138 = VERTEX_POINT('',#139);
#139 = CARTESIAN_POINT('',(0.,13.9125,0.));
#140 = LINE('',#141,#142);
#141 = CARTESIAN_POINT('',(37.64875,13.9125,0.));
#142 = VECTOR('',#143,1.);
#143 = DIRECTION('',(-1.,-0.,0.));
#144 = ORIENTED_EDGE('',*,*,#145,.T.);
#145 = EDGE_CURVE('',#138,#62,#146,.T.);
#146 = LINE('',#147,#148);
#147 = CARTESIAN_POINT('',(0.,48.20184,0.));
#148 = VECTOR('',#149,1.);
#149 = DIRECTION('',(0.,-1.,0.));
#150 = ORIENTED_EDGE('',*,*,#79,.T.);
#151 = ORIENTED_EDGE('',*,*,#47,.T.);
#152 = ORIENTED_EDGE('',*,*,#112,.T.);
#153 = ORIENTED_EDGE('',*,*,#154,.T.);
#154 = EDGE_CURVE('',#105,#155,#157,.T.);
#155 = VERTEX_POINT('',#156);
#156 = CARTESIAN_POINT('',(151.4,4.9,0.));
#157 = LINE('',#158,#159);
#158 = CARTESIAN_POINT('',(151.4,1.3,0.));
#159 = VECTOR('',#160,1.);
#160 = DIRECTION('',(0.,1.,0.));
#161 = ORIENTED_EDGE('',*,*,#162,.T.);
#162 = EDGE_CURVE('',#155,#163,#165,.T.);
#163 = VERTEX_POINT('',#164);
#164 = CARTESIAN_POINT('',(134.88,4.9,0.));
#165 = LINE('',#166,#167);
#166 = CARTESIAN_POINT('',(105.29,4.9,0.));
#167 = VECTOR('',#168,1.);
#168 = DIRECTION('',(-1.,-0.,0.));
#169 = ORIENTED_EDGE('',*,*,#170,.T.);
#170 = EDGE_CURVE('',#163,#171,#173,.T.);
#171 = VERTEX_POINT('',#172);
#172 = CARTESIAN_POINT('',(134.88,17.475,0.));
#173 = LINE('',#174,#175);
#174 = CARTESIAN_POINT('',(134.88,14.82546,0.));
#175 = VECTOR('',#176,1.);
#176 = DIRECTION('',(-0.,1.,0.));
#177 = ORIENTED_EDGE('',*,*,#178,.F.);
#178 = EDGE_CURVE('',#179,#171,#181,.T.);
#179 = VERTEX_POINT('',#180);
#180 = CARTESIAN_POINT('',(151.4,17.475,0.));
#181 = LINE('',#182,#183);
#182 = CARTESIAN_POINT('',(105.29,17.475,0.));
#183 = VECTOR('',#184,1.);
#184 = DIRECTION('',(-1.,-0.,0.));
#185 = ORIENTED_EDGE('',*,*,#186,.T.);
#186 = EDGE_CURVE('',#179,#187,#189,.T.);
#187 = VERTEX_POINT('',#188);
#188 = CARTESIAN_POINT('',(151.4,24.530001,0.));
#189 = LINE('',#190,#191);
#190 = CARTESIAN_POINT('',(151.4,1.3,0.));
#191 = VECTOR('',#192,1.);
#192 = DIRECTION('',(0.,1.,0.));
#193 = ORIENTED_EDGE('',*,*,#194,.T.);
#194 = EDGE_CURVE('',#187,#195,#197,.T.);
#195 = VERTEX_POINT('',#196);
#196 = CARTESIAN_POINT('',(127.705,24.530001,0.));
#197 = LINE('',#198,#199);
#198 = CARTESIAN_POINT('',(101.7025,24.530001,0.));
#199 = VECTOR('',#200,1.);
#200 = DIRECTION('',(-1.,-0.,0.));
#201 = ORIENTED_EDGE('',*,*,#202,.T.);
#202 = EDGE_CURVE('',#195,#203,#205,.T.);
#203 = VERTEX_POINT('',#204);
#204 = CARTESIAN_POINT('',(127.705,44.910001,0.));
#205 = LINE('',#206,#207);
#206 = CARTESIAN_POINT('',(127.705,24.6404605,0.));
#207 = VECTOR('',#208,1.);
#208 = DIRECTION('',(-0.,1.,0.));
#209 = ORIENTED_EDGE('',*,*,#210,.F.);
#210 = EDGE_CURVE('',#211,#203,#213,.T.);
#211 = VERTEX_POINT('',#212);
#212 = CARTESIAN_POINT('',(151.4,44.910001,0.));
#213 = LINE('',#214,#215);
#214 = CARTESIAN_POINT('',(101.7025,44.910001,0.));
#215 = VECTOR('',#216,1.);
#216 = DIRECTION('',(-1.,-0.,0.));
#217 = ORIENTED_EDGE('',*,*,#218,.T.);
#218 = EDGE_CURVE('',#211,#219,#221,.T.);
#219 = VERTEX_POINT('',#220);
#220 = CARTESIAN_POINT('',(151.4,48.20184,0.));
#221 = LINE('',#222,#223);
#222 = CARTESIAN_POINT('',(151.4,1.3,0.));
#223 = VECTOR('',#224,1.);
#224 = DIRECTION('',(0.,1.,0.));
#225 = ORIENTED_EDGE('',*,*,#226,.T.);
#226 = EDGE_CURVE('',#219,#227,#229,.T.);
#227 = VERTEX_POINT('',#228);
#228 = CARTESIAN_POINT('',(150.1,49.50184,0.));
#229 = CIRCLE('',#230,1.3);
#230 = AXIS2_PLACEMENT_3D('',#231,#232,#233);
#231 = CARTESIAN_POINT('',(150.1,48.20184,0.));
#232 = DIRECTION('',(0.,0.,1.));
#233 = DIRECTION('',(1.,0.,-0.));
#234 = ORIENTED_EDGE('',*,*,#235,.T.);
#235 = EDGE_CURVE('',#227,#236,#238,.T.);
#236 = VERTEX_POINT('',#237);
#237 = CARTESIAN_POINT('',(93.8125,49.50184,0.));
#238 = LINE('',#239,#240);
#239 = CARTESIAN_POINT('',(150.1,49.50184,0.));
#240 = VECTOR('',#241,1.);
#241 = DIRECTION('',(-1.,0.,0.));
#242 = ORIENTED_EDGE('',*,*,#243,.F.);
#243 = EDGE_CURVE('',#244,#236,#246,.T.);
#244 = VERTEX_POINT('',#245);
#245 = CARTESIAN_POINT('',(93.8125,37.85,0.));
#246 = LINE('',#247,#248);
#247 = CARTESIAN_POINT('',(93.8125,31.30046,0.));
#248 = VECTOR('',#249,1.);
#249 = DIRECTION('',(-0.,1.,0.));
#250 = ORIENTED_EDGE('',*,*,#251,.T.);
#251 = EDGE_CURVE('',#244,#252,#254,.T.);
#252 = VERTEX_POINT('',#253);
#253 = CARTESIAN_POINT('',(83.8125,37.85,0.));
#254 = LINE('',#255,#256);
#255 = CARTESIAN_POINT('',(79.75625,37.85,0.));
#256 = VECTOR('',#257,1.);
#257 = DIRECTION('',(-1.,-0.,0.));
#258 = ORIENTED_EDGE('',*,*,#259,.T.);
#259 = EDGE_CURVE('',#252,#260,#262,.T.);
#260 = VERTEX_POINT('',#261);
#261 = CARTESIAN_POINT('',(83.8125,49.50184,0.));
#262 = LINE('',#263,#264);
#263 = CARTESIAN_POINT('',(83.8125,31.30046,0.));
#264 = VECTOR('',#265,1.);
#265 = DIRECTION('',(-0.,1.,0.));
#266 = ORIENTED_EDGE('',*,*,#267,.T.);
#267 = EDGE_CURVE('',#260,#268,#270,.T.);
#268 = VERTEX_POINT('',#269);
#269 = CARTESIAN_POINT('',(1.3,49.50184,0.));
#270 = LINE('',#271,#272);
#271 = CARTESIAN_POINT('',(150.1,49.50184,0.));
#272 = VECTOR('',#273,1.);
#273 = DIRECTION('',(-1.,0.,0.));
#274 = ORIENTED_EDGE('',*,*,#275,.T.);
#275 = EDGE_CURVE('',#268,#276,#278,.T.);
#276 = VERTEX_POINT('',#277);
#277 = CARTESIAN_POINT('',(7.771561172376E-16,48.20184,0.));
#278 = CIRCLE('',#279,1.3);
#279 = AXIS2_PLACEMENT_3D('',#280,#281,#282);
#280 = CARTESIAN_POINT('',(1.3,48.20184,0.));
#281 = DIRECTION('',(0.,0.,1.));
#282 = DIRECTION('',(5.636516894251E-15,1.,-0.));
#283 = ORIENTED_EDGE('',*,*,#284,.T.);
#284 = EDGE_CURVE('',#276,#285,#287,.T.);
#285 = VERTEX_POINT('',#286);
#286 = CARTESIAN_POINT('',(0.,30.5875,0.));
#287 = LINE('',#288,#289);
#288 = CARTESIAN_POINT('',(0.,48.20184,0.));
#289 = VECTOR('',#290,1.);
#290 = DIRECTION('',(0.,-1.,0.));
#291 = ORIENTED_EDGE('',*,*,#292,.F.);
#292 = EDGE_CURVE('',#130,#285,#293,.T.);
#293 = LINE('',#294,#295);
#294 = CARTESIAN_POINT('',(37.64875,30.5875,0.));
#295 = VECTOR('',#296,1.);
#296 = DIRECTION('',(-1.,-0.,0.));
#297 = FACE_BOUND('',#298,.F.);
#298 = EDGE_LOOP('',(#299));
#299 = ORIENTED_EDGE('',*,*,#300,.F.);
#300 = EDGE_CURVE('',#301,#301,#303,.T.);
#301 = VERTEX_POINT('',#302);
#302 = CARTESIAN_POINT('',(63.62,24.75,0.));
#303 = CIRCLE('',#304,1.2);
#304 = AXIS2_PLACEMENT_3D('',#305,#306,#307);
#305 = CARTESIAN_POINT('',(62.42,24.75,0.));
#306 = DIRECTION('',(0.,0.,1.));
#307 = DIRECTION('',(1.,0.,-0.));
#308 = FACE_BOUND('',#309,.F.);
#309 = EDGE_LOOP('',(#310,#320,#328,#336,#344,#352,#360,#368));
#310 = ORIENTED_EDGE('',*,*,#311,.F.);
#311 = EDGE_CURVE('',#312,#314,#316,.T.);
#312 = VERTEX_POINT('',#313);
#313 = CARTESIAN_POINT('',(92.105,11.875,0.));
#314 = VERTEX_POINT('',#315);
#315 = CARTESIAN_POINT('',(92.105,15.18,0.));
#316 = LINE('',#317,#318);
#317 = CARTESIAN_POINT('',(92.105,18.31296,0.));
#318 = VECTOR('',#319,1.);
#319 = DIRECTION('',(-0.,1.,0.));
#320 = ORIENTED_EDGE('',*,*,#321,.T.);
#321 = EDGE_CURVE('',#312,#322,#324,.T.);
#322 = VERTEX_POINT('',#323);
#323 = CARTESIAN_POINT('',(74.215,11.875,0.));
#324 = LINE('',#325,#326);
#325 = CARTESIAN_POINT('',(74.9575,11.875,0.));
#326 = VECTOR('',#327,1.);
#327 = DIRECTION('',(-1.,-0.,0.));
#328 = ORIENTED_EDGE('',*,*,#329,.T.);
#329 = EDGE_CURVE('',#322,#330,#332,.T.);
#330 = VERTEX_POINT('',#331);
#331 = CARTESIAN_POINT('',(74.215,23.415,0.));
#332 = LINE('',#333,#334);
#333 = CARTESIAN_POINT('',(74.215,18.31296,0.));
#334 = VECTOR('',#335,1.);
#335 = DIRECTION('',(-0.,1.,0.));
#336 = ORIENTED_EDGE('',*,*,#337,.F.);
#337 = EDGE_CURVE('',#338,#330,#340,.T.);
#338 = VERTEX_POINT('',#339);
#339 = CARTESIAN_POINT('',(92.105,23.415,0.));
#340 = LINE('',#341,#342);
#341 = CARTESIAN_POINT('',(74.9575,23.415,0.));
#342 = VECTOR('',#343,1.);
#343 = DIRECTION('',(-1.,-0.,0.));
#344 = ORIENTED_EDGE('',*,*,#345,.F.);
#345 = EDGE_CURVE('',#346,#338,#348,.T.);
#346 = VERTEX_POINT('',#347);
#347 = CARTESIAN_POINT('',(92.105,20.32,0.));
#348 = LINE('',#349,#350);
#349 = CARTESIAN_POINT('',(92.105,18.31296,0.));
#350 = VECTOR('',#351,1.);
#351 = DIRECTION('',(-0.,1.,0.));
#352 = ORIENTED_EDGE('',*,*,#353,.F.);
#353 = EDGE_CURVE('',#354,#346,#356,.T.);
#354 = VERTEX_POINT('',#355);
#355 = CARTESIAN_POINT('',(99.29,20.32,0.));
#356 = LINE('',#357,#358);
#357 = CARTESIAN_POINT('',(83.655,20.32,0.));
#358 = VECTOR('',#359,1.);
#359 = DIRECTION('',(-1.,-0.,0.));
#360 = ORIENTED_EDGE('',*,*,#361,.F.);
#361 = EDGE_CURVE('',#362,#354,#364,.T.);
#362 = VERTEX_POINT('',#363);
#363 = CARTESIAN_POINT('',(99.29,15.18,0.));
#364 = LINE('',#365,#366);
#365 = CARTESIAN_POINT('',(99.29,19.96546,0.));
#366 = VECTOR('',#367,1.);
#367 = DIRECTION('',(-0.,1.,0.));
#368 = ORIENTED_EDGE('',*,*,#369,.T.);
#369 = EDGE_CURVE('',#362,#314,#370,.T.);
#370 = LINE('',#371,#372);
#371 = CARTESIAN_POINT('',(83.655,15.18,0.));
#372 = VECTOR('',#373,1.);
#373 = DIRECTION('',(-1.,-0.,0.));
#374 = FACE_BOUND('',#375,.F.);
#375 = EDGE_LOOP('',(#376));
#376 = ORIENTED_EDGE('',*,*,#377,.F.);
#377 = EDGE_CURVE('',#378,#378,#380,.T.);
#378 = VERTEX_POINT('',#379);
#379 = CARTESIAN_POINT('',(34.68,32.25,0.));
#380 = CIRCLE('',#381,1.2);
#381 = AXIS2_PLACEMENT_3D('',#382,#383,#384);
#382 = CARTESIAN_POINT('',(33.48,32.25,0.));
#383 = DIRECTION('',(0.,0.,1.));
#384 = DIRECTION('',(1.,0.,-0.));
#385 = FACE_BOUND('',#386,.F.);
#386 = EDGE_LOOP('',(#387));
#387 = ORIENTED_EDGE('',*,*,#388,.F.);
#388 = EDGE_CURVE('',#389,#389,#391,.T.);
#389 = VERTEX_POINT('',#390);
#390 = CARTESIAN_POINT('',(34.68,34.75,0.));
#391 = CIRCLE('',#392,1.2);
#392 = AXIS2_PLACEMENT_3D('',#393,#394,#395);
#393 = CARTESIAN_POINT('',(33.48,34.75,0.));
#394 = DIRECTION('',(0.,0.,1.));
#395 = DIRECTION('',(1.,0.,-0.));
#396 = FACE_BOUND('',#397,.F.);
#397 = EDGE_LOOP('',(#398));
#398 = ORIENTED_EDGE('',*,*,#399,.F.);
#399 = EDGE_CURVE('',#400,#400,#402,.T.);
#400 = VERTEX_POINT('',#401);
#401 = CARTESIAN_POINT('',(59.25,30.35,0.));
#402 = CIRCLE('',#403,2.5);
#403 = AXIS2_PLACEMENT_3D('',#404,#405,#406);
#404 = CARTESIAN_POINT('',(56.75,30.35,0.));
#405 = DIRECTION('',(0.,0.,1.));
#406 = DIRECTION('',(1.,0.,-0.));
#407 = FACE_BOUND('',#408,.F.);
#408 = EDGE_LOOP('',(#409));
#409 = ORIENTED_EDGE('',*,*,#410,.F.);
#410 = EDGE_CURVE('',#411,#411,#413,.T.);
#411 = VERTEX_POINT('',#412);
#412 = CARTESIAN_POINT('',(59.25,36.15,0.));
#413 = CIRCLE('',#414,2.5);
#414 = AXIS2_PLACEMENT_3D('',#415,#416,#417);
#415 = CARTESIAN_POINT('',(56.75,36.15,0.));
#416 = DIRECTION('',(0.,0.,1.));
#417 = DIRECTION('',(1.,0.,-0.));
#418 = FACE_BOUND('',#419,.F.);
#419 = EDGE_LOOP('',(#420));
#420 = ORIENTED_EDGE('',*,*,#421,.F.);
#421 = EDGE_CURVE('',#422,#422,#424,.T.);
#422 = VERTEX_POINT('',#423);
#423 = CARTESIAN_POINT('',(59.375,41.95,0.));
#424 = CIRCLE('',#425,2.5);
#425 = AXIS2_PLACEMENT_3D('',#426,#427,#428);
#426 = CARTESIAN_POINT('',(56.875,41.95,0.));
#427 = DIRECTION('',(0.,0.,1.));
#428 = DIRECTION('',(1.,0.,-0.));
#429 = PLANE('',#430);
#430 = AXIS2_PLACEMENT_3D('',#431,#432,#433);
#431 = CARTESIAN_POINT('',(75.7,24.75092,0.));
#432 = DIRECTION('',(0.,0.,1.));
#433 = DIRECTION('',(1.,0.,-0.));
#434 = ADVANCED_FACE('',(#435),#494,.T.);
#435 = FACE_BOUND('',#436,.T.);
#436 = EDGE_LOOP('',(#437,#447,#453,#454,#455,#456,#464,#472,#480,#488)
  );
#437 = ORIENTED_EDGE('',*,*,#438,.T.);
#438 = EDGE_CURVE('',#439,#441,#443,.T.);
#439 = VERTEX_POINT('',#440);
#440 = CARTESIAN_POINT('',(2.65,13.9125,2.4));
#441 = VERTEX_POINT('',#442);
#442 = CARTESIAN_POINT('',(0.,13.9125,2.4));
#443 = LINE('',#444,#445);
#444 = CARTESIAN_POINT('',(37.64875,13.9125,2.4));
#445 = VECTOR('',#446,1.);
#446 = DIRECTION('',(-1.,-0.,0.));
#447 = ORIENTED_EDGE('',*,*,#448,.T.);
#448 = EDGE_CURVE('',#441,#64,#449,.T.);
#449 = LINE('',#450,#451);
#450 = CARTESIAN_POINT('',(0.,48.20184,2.4));
#451 = VECTOR('',#452,1.);
#452 = DIRECTION('',(0.,-1.,0.));
#453 = ORIENTED_EDGE('',*,*,#71,.T.);
#454 = ORIENTED_EDGE('',*,*,#31,.T.);
#455 = ORIENTED_EDGE('',*,*,#95,.T.);
#456 = ORIENTED_EDGE('',*,*,#457,.T.);
#457 = EDGE_CURVE('',#96,#458,#460,.T.);
#458 = VERTEX_POINT('',#459);
#459 = CARTESIAN_POINT('',(151.4,4.9,2.4));
#460 = LINE('',#461,#462);
#461 = CARTESIAN_POINT('',(151.4,1.3,2.4));
#462 = VECTOR('',#463,1.);
#463 = DIRECTION('',(0.,1.,0.));
#464 = ORIENTED_EDGE('',*,*,#465,.T.);
#465 = EDGE_CURVE('',#458,#466,#468,.T.);
#466 = VERTEX_POINT('',#467);
#467 = CARTESIAN_POINT('',(148.75,4.9,2.4));
#468 = LINE('',#469,#470);
#469 = CARTESIAN_POINT('',(105.29,4.9,2.4));
#470 = VECTOR('',#471,1.);
#471 = DIRECTION('',(-1.,-0.,0.));
#472 = ORIENTED_EDGE('',*,*,#473,.F.);
#473 = EDGE_CURVE('',#474,#466,#476,.T.);
#474 = VERTEX_POINT('',#475);
#475 = CARTESIAN_POINT('',(148.75,2.65,2.4));
#476 = LINE('',#477,#478);
#477 = CARTESIAN_POINT('',(148.75,2.65,2.4));
#478 = VECTOR('',#479,1.);
#479 = DIRECTION('',(-0.,1.,0.));
#480 = ORIENTED_EDGE('',*,*,#481,.F.);
#481 = EDGE_CURVE('',#482,#474,#484,.T.);
#482 = VERTEX_POINT('',#483);
#483 = CARTESIAN_POINT('',(2.65,2.65,2.4));
#484 = LINE('',#485,#486);
#485 = CARTESIAN_POINT('',(2.65,2.65,2.4));
#486 = VECTOR('',#487,1.);
#487 = DIRECTION('',(1.,0.,-0.));
#488 = ORIENTED_EDGE('',*,*,#489,.T.);
#489 = EDGE_CURVE('',#482,#439,#490,.T.);
#490 = LINE('',#491,#492);
#491 = CARTESIAN_POINT('',(2.65,2.65,2.4));
#492 = VECTOR('',#493,1.);
#493 = DIRECTION('',(-0.,1.,0.));
#494 = PLANE('',#495);
#495 = AXIS2_PLACEMENT_3D('',#496,#497,#498);
#496 = CARTESIAN_POINT('',(75.7,24.75092,2.4));
#497 = DIRECTION('',(0.,0.,1.));
#498 = DIRECTION('',(1.,0.,-0.));
#499 = ADVANCED_FACE('',(#500),#511,.F.);
#500 = FACE_BOUND('',#501,.F.);
#501 = EDGE_LOOP('',(#502,#503,#509,#510));
#502 = ORIENTED_EDGE('',*,*,#145,.F.);
#503 = ORIENTED_EDGE('',*,*,#504,.T.);
#504 = EDGE_CURVE('',#138,#441,#505,.T.);
#505 = LINE('',#506,#507);
#506 = CARTESIAN_POINT('',(0.,13.9125,-0.25));
#507 = VECTOR('',#508,1.);
#508 = DIRECTION('',(0.,0.,1.));
#509 = ORIENTED_EDGE('',*,*,#448,.T.);
#510 = ORIENTED_EDGE('',*,*,#61,.F.);
#511 = PLANE('',#512);
#512 = AXIS2_PLACEMENT_3D('',#513,#514,#515);
#513 = CARTESIAN_POINT('',(0.,48.20184,0.));
#514 = DIRECTION('',(1.,0.,-0.));
#515 = DIRECTION('',(0.,-1.,0.));
#516 = ADVANCED_FACE('',(#517),#528,.F.);
#517 = FACE_BOUND('',#518,.F.);
#518 = EDGE_LOOP('',(#519,#520,#521,#522));
#519 = ORIENTED_EDGE('',*,*,#154,.F.);
#520 = ORIENTED_EDGE('',*,*,#104,.T.);
#521 = ORIENTED_EDGE('',*,*,#457,.T.);
#522 = ORIENTED_EDGE('',*,*,#523,.T.);
#523 = EDGE_CURVE('',#458,#155,#524,.T.);
#524 = LINE('',#525,#526);
#525 = CARTESIAN_POINT('',(151.4,4.9,-0.25));
#526 = VECTOR('',#527,1.);
#527 = DIRECTION('',(0.,0.,-1.));
#528 = PLANE('',#529);
#529 = AXIS2_PLACEMENT_3D('',#530,#531,#532);
#530 = CARTESIAN_POINT('',(151.4,1.3,0.));
#531 = DIRECTION('',(-1.,0.,0.));
#532 = DIRECTION('',(0.,1.,0.));
#533 = ADVANCED_FACE('',(#534),#559,.F.);
#534 = FACE_BOUND('',#535,.F.);
#535 = EDGE_LOOP('',(#536,#544,#545,#553));
#536 = ORIENTED_EDGE('',*,*,#537,.F.);
#537 = EDGE_CURVE('',#128,#538,#540,.T.);
#538 = VERTEX_POINT('',#539);
#539 = CARTESIAN_POINT('',(20.3025,13.9125,2.4));
#540 = LINE('',#541,#542);
#541 = CARTESIAN_POINT('',(20.3025,13.9125,-0.5));
#542 = VECTOR('',#543,1.);
#543 = DIRECTION('',(0.,0.,1.));
#544 = ORIENTED_EDGE('',*,*,#127,.T.);
#545 = ORIENTED_EDGE('',*,*,#546,.T.);
#546 = EDGE_CURVE('',#130,#547,#549,.T.);
#547 = VERTEX_POINT('',#548);
#548 = CARTESIAN_POINT('',(20.3025,30.5875,2.4));
#549 = LINE('',#550,#551);
#550 = CARTESIAN_POINT('',(20.3025,30.5875,-0.5));
#551 = VECTOR('',#552,1.);
#552 = DIRECTION('',(0.,0.,1.));
#553 = ORIENTED_EDGE('',*,*,#554,.F.);
#554 = EDGE_CURVE('',#538,#547,#555,.T.);
#555 = LINE('',#556,#557);
#556 = CARTESIAN_POINT('',(20.3025,19.33171,2.4));
#557 = VECTOR('',#558,1.);
#558 = DIRECTION('',(-0.,1.,0.));
#559 = PLANE('',#560);
#560 = AXIS2_PLACEMENT_3D('',#561,#562,#563);
#561 = CARTESIAN_POINT('',(20.3025,13.9125,-0.5));
#562 = DIRECTION('',(1.,0.,-0.));
#563 = DIRECTION('',(0.,0.,1.));
#564 = ADVANCED_FACE('',(#565),#615,.F.);
#565 = FACE_BOUND('',#566,.F.);
#566 = EDGE_LOOP('',(#567,#568,#569,#577,#585,#593,#601,#609));
#567 = ORIENTED_EDGE('',*,*,#546,.F.);
#568 = ORIENTED_EDGE('',*,*,#292,.T.);
#569 = ORIENTED_EDGE('',*,*,#570,.T.);
#570 = EDGE_CURVE('',#285,#571,#573,.T.);
#571 = VERTEX_POINT('',#572);
#572 = CARTESIAN_POINT('',(0.,30.5875,2.4));
#573 = LINE('',#574,#575);
#574 = CARTESIAN_POINT('',(0.,30.5875,-0.25));
#575 = VECTOR('',#576,1.);
#576 = DIRECTION('',(0.,0.,1.));
#577 = ORIENTED_EDGE('',*,*,#578,.F.);
#578 = EDGE_CURVE('',#579,#571,#581,.T.);
#579 = VERTEX_POINT('',#580);
#580 = CARTESIAN_POINT('',(2.65,30.5875,2.4));
#581 = LINE('',#582,#583);
#582 = CARTESIAN_POINT('',(37.64875,30.5875,2.4));
#583 = VECTOR('',#584,1.);
#584 = DIRECTION('',(-1.,-0.,0.));
#585 = ORIENTED_EDGE('',*,*,#586,.T.);
#586 = EDGE_CURVE('',#579,#587,#589,.T.);
#587 = VERTEX_POINT('',#588);
#588 = CARTESIAN_POINT('',(2.65,30.5875,5.6));
#589 = LINE('',#590,#591);
#590 = CARTESIAN_POINT('',(2.65,30.5875,0.95));
#591 = VECTOR('',#592,1.);
#592 = DIRECTION('',(0.,0.,1.));
#593 = ORIENTED_EDGE('',*,*,#594,.F.);
#594 = EDGE_CURVE('',#595,#587,#597,.T.);
#595 = VERTEX_POINT('',#596);
#596 = CARTESIAN_POINT('',(4.45,30.5875,5.6));
#597 = LINE('',#598,#599);
#598 = CARTESIAN_POINT('',(1.12375,30.5875,5.6));
#599 = VECTOR('',#600,1.);
#600 = DIRECTION('',(-1.,-0.,0.));
#601 = ORIENTED_EDGE('',*,*,#602,.F.);
#602 = EDGE_CURVE('',#603,#595,#605,.T.);
#603 = VERTEX_POINT('',#604);
#604 = CARTESIAN_POINT('',(4.45,30.5875,2.4));
#605 = LINE('',#606,#607);
#606 = CARTESIAN_POINT('',(4.45,30.5875,0.7));
#607 = VECTOR('',#608,1.);
#608 = DIRECTION('',(0.,0.,1.));
#609 = ORIENTED_EDGE('',*,*,#610,.F.);
#610 = EDGE_CURVE('',#547,#603,#611,.T.);
#611 = LINE('',#612,#613);
#612 = CARTESIAN_POINT('',(37.64875,30.5875,2.4));
#613 = VECTOR('',#614,1.);
#614 = DIRECTION('',(-1.,-0.,0.));
#615 = PLANE('',#616);
#616 = AXIS2_PLACEMENT_3D('',#617,#618,#619);
#617 = CARTESIAN_POINT('',(-0.4025,30.5875,-0.5));
#618 = DIRECTION('',(-0.,1.,0.));
#619 = DIRECTION('',(0.,0.,1.));
#620 = ADVANCED_FACE('',(#621),#639,.F.);
#621 = FACE_BOUND('',#622,.F.);
#622 = EDGE_LOOP('',(#623,#624,#632,#638));
#623 = ORIENTED_EDGE('',*,*,#284,.F.);
#624 = ORIENTED_EDGE('',*,*,#625,.T.);
#625 = EDGE_CURVE('',#276,#626,#628,.T.);
#626 = VERTEX_POINT('',#627);
#627 = CARTESIAN_POINT('',(7.771561172376E-16,48.20184,2.4));
#628 = LINE('',#629,#630);
#629 = CARTESIAN_POINT('',(7.771561172376E-16,48.20184,0.));
#630 = VECTOR('',#631,1.);
#631 = DIRECTION('',(0.,0.,1.));
#632 = ORIENTED_EDGE('',*,*,#633,.T.);
#633 = EDGE_CURVE('',#626,#571,#634,.T.);
#634 = LINE('',#635,#636);
#635 = CARTESIAN_POINT('',(0.,48.20184,2.4));
#636 = VECTOR('',#637,1.);
#637 = DIRECTION('',(0.,-1.,0.));
#638 = ORIENTED_EDGE('',*,*,#570,.F.);
#639 = PLANE('',#640);
#640 = AXIS2_PLACEMENT_3D('',#641,#642,#643);
#641 = CARTESIAN_POINT('',(0.,48.20184,0.));
#642 = DIRECTION('',(1.,0.,-0.));
#643 = DIRECTION('',(0.,-1.,0.));
#644 = ADVANCED_FACE('',(#645),#664,.T.);
#645 = FACE_BOUND('',#646,.F.);
#646 = EDGE_LOOP('',(#647,#655,#662,#663));
#647 = ORIENTED_EDGE('',*,*,#648,.T.);
#648 = EDGE_CURVE('',#268,#649,#651,.T.);
#649 = VERTEX_POINT('',#650);
#650 = CARTESIAN_POINT('',(1.3,49.50184,2.4));
#651 = LINE('',#652,#653);
#652 = CARTESIAN_POINT('',(1.3,49.50184,0.));
#653 = VECTOR('',#654,1.);
#654 = DIRECTION('',(0.,0.,1.));
#655 = ORIENTED_EDGE('',*,*,#656,.T.);
#656 = EDGE_CURVE('',#649,#626,#657,.T.);
#657 = CIRCLE('',#658,1.3);
#658 = AXIS2_PLACEMENT_3D('',#659,#660,#661);
#659 = CARTESIAN_POINT('',(1.3,48.20184,2.4));
#660 = DIRECTION('',(0.,0.,1.));
#661 = DIRECTION('',(5.636516894251E-15,1.,-0.));
#662 = ORIENTED_EDGE('',*,*,#625,.F.);
#663 = ORIENTED_EDGE('',*,*,#275,.F.);
#664 = CYLINDRICAL_SURFACE('',#665,1.3);
#665 = AXIS2_PLACEMENT_3D('',#666,#667,#668);
#666 = CARTESIAN_POINT('',(1.3,48.20184,0.));
#667 = DIRECTION('',(-0.,-0.,-1.));
#668 = DIRECTION('',(5.636516894251E-15,1.,-0.));
#669 = ADVANCED_FACE('',(#670),#688,.F.);
#670 = FACE_BOUND('',#671,.F.);
#671 = EDGE_LOOP('',(#672,#673,#681,#687));
#672 = ORIENTED_EDGE('',*,*,#267,.F.);
#673 = ORIENTED_EDGE('',*,*,#674,.T.);
#674 = EDGE_CURVE('',#260,#675,#677,.T.);
#675 = VERTEX_POINT('',#676);
#676 = CARTESIAN_POINT('',(83.8125,49.50184,2.4));
#677 = LINE('',#678,#679);
#678 = CARTESIAN_POINT('',(83.8125,49.50184,-0.25));
#679 = VECTOR('',#680,1.);
#680 = DIRECTION('',(0.,0.,1.));
#681 = ORIENTED_EDGE('',*,*,#682,.T.);
#682 = EDGE_CURVE('',#675,#649,#683,.T.);
#683 = LINE('',#684,#685);
#684 = CARTESIAN_POINT('',(150.1,49.50184,2.4));
#685 = VECTOR('',#686,1.);
#686 = DIRECTION('',(-1.,0.,0.));
#687 = ORIENTED_EDGE('',*,*,#648,.F.);
#688 = PLANE('',#689);
#689 = AXIS2_PLACEMENT_3D('',#690,#691,#692);
#690 = CARTESIAN_POINT('',(150.1,49.50184,0.));
#691 = DIRECTION('',(0.,-1.,0.));
#692 = DIRECTION('',(-1.,0.,0.));
#693 = ADVANCED_FACE('',(#694),#744,.T.);
#694 = FACE_BOUND('',#695,.T.);
#695 = EDGE_LOOP('',(#696,#704,#705,#706,#714,#722,#730,#738));
#696 = ORIENTED_EDGE('',*,*,#697,.F.);
#697 = EDGE_CURVE('',#252,#698,#700,.T.);
#698 = VERTEX_POINT('',#699);
#699 = CARTESIAN_POINT('',(83.8125,37.85,2.4));
#700 = LINE('',#701,#702);
#701 = CARTESIAN_POINT('',(83.8125,37.85,-0.5));
#702 = VECTOR('',#703,1.);
#703 = DIRECTION('',(0.,0.,1.));
#704 = ORIENTED_EDGE('',*,*,#259,.T.);
#705 = ORIENTED_EDGE('',*,*,#674,.T.);
#706 = ORIENTED_EDGE('',*,*,#707,.F.);
#707 = EDGE_CURVE('',#708,#675,#710,.T.);
#708 = VERTEX_POINT('',#709);
#709 = CARTESIAN_POINT('',(83.8125,46.85184,2.4));
#710 = LINE('',#711,#712);
#711 = CARTESIAN_POINT('',(83.8125,31.30046,2.4));
#712 = VECTOR('',#713,1.);
#713 = DIRECTION('',(-0.,1.,0.));
#714 = ORIENTED_EDGE('',*,*,#715,.F.);
#715 = EDGE_CURVE('',#716,#708,#718,.T.);
#716 = VERTEX_POINT('',#717);
#717 = CARTESIAN_POINT('',(83.8125,46.85184,5.6));
#718 = LINE('',#719,#720);
#719 = CARTESIAN_POINT('',(83.8125,46.85184,0.95));
#720 = VECTOR('',#721,1.);
#721 = DIRECTION('',(-0.,0.,-1.));
#722 = ORIENTED_EDGE('',*,*,#723,.F.);
#723 = EDGE_CURVE('',#724,#716,#726,.T.);
#724 = VERTEX_POINT('',#725);
#725 = CARTESIAN_POINT('',(83.8125,45.05184,5.6));
#726 = LINE('',#727,#728);
#727 = CARTESIAN_POINT('',(83.8125,20.25,5.6));
#728 = VECTOR('',#729,1.);
#729 = DIRECTION('',(-0.,1.,0.));
#730 = ORIENTED_EDGE('',*,*,#731,.T.);
#731 = EDGE_CURVE('',#724,#732,#734,.T.);
#732 = VERTEX_POINT('',#733);
#733 = CARTESIAN_POINT('',(83.8125,45.05184,2.4));
#734 = LINE('',#735,#736);
#735 = CARTESIAN_POINT('',(83.8125,45.05184,0.7));
#736 = VECTOR('',#737,1.);
#737 = DIRECTION('',(-0.,0.,-1.));
#738 = ORIENTED_EDGE('',*,*,#739,.F.);
#739 = EDGE_CURVE('',#698,#732,#740,.T.);
#740 = LINE('',#741,#742);
#741 = CARTESIAN_POINT('',(83.8125,31.30046,2.4));
#742 = VECTOR('',#743,1.);
#743 = DIRECTION('',(-0.,1.,0.));
#744 = PLANE('',#745);
#745 = AXIS2_PLACEMENT_3D('',#746,#747,#748);
#746 = CARTESIAN_POINT('',(83.8125,37.85,-0.5));
#747 = DIRECTION('',(1.,0.,-0.));
#748 = DIRECTION('',(0.,0.,1.));
#749 = ADVANCED_FACE('',(#750),#768,.T.);
#750 = FACE_BOUND('',#751,.T.);
#751 = EDGE_LOOP('',(#752,#760,#761,#762));
#752 = ORIENTED_EDGE('',*,*,#753,.F.);
#753 = EDGE_CURVE('',#244,#754,#756,.T.);
#754 = VERTEX_POINT('',#755);
#755 = CARTESIAN_POINT('',(93.8125,37.85,2.4));
#756 = LINE('',#757,#758);
#757 = CARTESIAN_POINT('',(93.8125,37.85,-0.5));
#758 = VECTOR('',#759,1.);
#759 = DIRECTION('',(0.,0.,1.));
#760 = ORIENTED_EDGE('',*,*,#251,.T.);
#761 = ORIENTED_EDGE('',*,*,#697,.T.);
#762 = ORIENTED_EDGE('',*,*,#763,.F.);
#763 = EDGE_CURVE('',#754,#698,#764,.T.);
#764 = LINE('',#765,#766);
#765 = CARTESIAN_POINT('',(79.75625,37.85,2.4));
#766 = VECTOR('',#767,1.);
#767 = DIRECTION('',(-1.,-0.,0.));
#768 = PLANE('',#769);
#769 = AXIS2_PLACEMENT_3D('',#770,#771,#772);
#770 = CARTESIAN_POINT('',(83.8125,37.85,-0.5));
#771 = DIRECTION('',(-0.,1.,0.));
#772 = DIRECTION('',(0.,0.,1.));
#773 = ADVANCED_FACE('',(#774),#824,.F.);
#774 = FACE_BOUND('',#775,.F.);
#775 = EDGE_LOOP('',(#776,#777,#778,#786,#794,#802,#810,#818));
#776 = ORIENTED_EDGE('',*,*,#753,.F.);
#777 = ORIENTED_EDGE('',*,*,#243,.T.);
#778 = ORIENTED_EDGE('',*,*,#779,.T.);
#779 = EDGE_CURVE('',#236,#780,#782,.T.);
#780 = VERTEX_POINT('',#781);
#781 = CARTESIAN_POINT('',(93.8125,49.50184,2.4));
#782 = LINE('',#783,#784);
#783 = CARTESIAN_POINT('',(93.8125,49.50184,-0.25));
#784 = VECTOR('',#785,1.);
#785 = DIRECTION('',(0.,0.,1.));
#786 = ORIENTED_EDGE('',*,*,#787,.F.);
#787 = EDGE_CURVE('',#788,#780,#790,.T.);
#788 = VERTEX_POINT('',#789);
#789 = CARTESIAN_POINT('',(93.8125,46.85184,2.4));
#790 = LINE('',#791,#792);
#791 = CARTESIAN_POINT('',(93.8125,31.30046,2.4));
#792 = VECTOR('',#793,1.);
#793 = DIRECTION('',(-0.,1.,0.));
#794 = ORIENTED_EDGE('',*,*,#795,.F.);
#795 = EDGE_CURVE('',#796,#788,#798,.T.);
#796 = VERTEX_POINT('',#797);
#797 = CARTESIAN_POINT('',(93.8125,46.85184,5.6));
#798 = LINE('',#799,#800);
#799 = CARTESIAN_POINT('',(93.8125,46.85184,0.95));
#800 = VECTOR('',#801,1.);
#801 = DIRECTION('',(-0.,0.,-1.));
#802 = ORIENTED_EDGE('',*,*,#803,.F.);
#803 = EDGE_CURVE('',#804,#796,#806,.T.);
#804 = VERTEX_POINT('',#805);
#805 = CARTESIAN_POINT('',(93.8125,45.05184,5.6));
#806 = LINE('',#807,#808);
#807 = CARTESIAN_POINT('',(93.8125,20.25,5.6));
#808 = VECTOR('',#809,1.);
#809 = DIRECTION('',(-0.,1.,0.));
#810 = ORIENTED_EDGE('',*,*,#811,.T.);
#811 = EDGE_CURVE('',#804,#812,#814,.T.);
#812 = VERTEX_POINT('',#813);
#813 = CARTESIAN_POINT('',(93.8125,45.05184,2.4));
#814 = LINE('',#815,#816);
#815 = CARTESIAN_POINT('',(93.8125,45.05184,0.7));
#816 = VECTOR('',#817,1.);
#817 = DIRECTION('',(-0.,0.,-1.));
#818 = ORIENTED_EDGE('',*,*,#819,.F.);
#819 = EDGE_CURVE('',#754,#812,#820,.T.);
#820 = LINE('',#821,#822);
#821 = CARTESIAN_POINT('',(93.8125,31.30046,2.4));
#822 = VECTOR('',#823,1.);
#823 = DIRECTION('',(-0.,1.,0.));
#824 = PLANE('',#825);
#825 = AXIS2_PLACEMENT_3D('',#826,#827,#828);
#826 = CARTESIAN_POINT('',(93.8125,37.85,-0.5));
#827 = DIRECTION('',(1.,0.,-0.));
#828 = DIRECTION('',(0.,0.,1.));
#829 = ADVANCED_FACE('',(#830),#848,.F.);
#830 = FACE_BOUND('',#831,.F.);
#831 = EDGE_LOOP('',(#832,#833,#841,#847));
#832 = ORIENTED_EDGE('',*,*,#235,.F.);
#833 = ORIENTED_EDGE('',*,*,#834,.T.);
#834 = EDGE_CURVE('',#227,#835,#837,.T.);
#835 = VERTEX_POINT('',#836);
#836 = CARTESIAN_POINT('',(150.1,49.50184,2.4));
#837 = LINE('',#838,#839);
#838 = CARTESIAN_POINT('',(150.1,49.50184,0.));
#839 = VECTOR('',#840,1.);
#840 = DIRECTION('',(0.,0.,1.));
#841 = ORIENTED_EDGE('',*,*,#842,.T.);
#842 = EDGE_CURVE('',#835,#780,#843,.T.);
#843 = LINE('',#844,#845);
#844 = CARTESIAN_POINT('',(150.1,49.50184,2.4));
#845 = VECTOR('',#846,1.);
#846 = DIRECTION('',(-1.,0.,0.));
#847 = ORIENTED_EDGE('',*,*,#779,.F.);
#848 = PLANE('',#849);
#849 = AXIS2_PLACEMENT_3D('',#850,#851,#852);
#850 = CARTESIAN_POINT('',(150.1,49.50184,0.));
#851 = DIRECTION('',(0.,-1.,0.));
#852 = DIRECTION('',(-1.,0.,0.));
#853 = ADVANCED_FACE('',(#854),#873,.T.);
#854 = FACE_BOUND('',#855,.F.);
#855 = EDGE_LOOP('',(#856,#864,#871,#872));
#856 = ORIENTED_EDGE('',*,*,#857,.T.);
#857 = EDGE_CURVE('',#219,#858,#860,.T.);
#858 = VERTEX_POINT('',#859);
#859 = CARTESIAN_POINT('',(151.4,48.20184,2.4));
#860 = LINE('',#861,#862);
#861 = CARTESIAN_POINT('',(151.4,48.20184,0.));
#862 = VECTOR('',#863,1.);
#863 = DIRECTION('',(0.,0.,1.));
#864 = ORIENTED_EDGE('',*,*,#865,.T.);
#865 = EDGE_CURVE('',#858,#835,#866,.T.);
#866 = CIRCLE('',#867,1.3);
#867 = AXIS2_PLACEMENT_3D('',#868,#869,#870);
#868 = CARTESIAN_POINT('',(150.1,48.20184,2.4));
#869 = DIRECTION('',(0.,0.,1.));
#870 = DIRECTION('',(1.,0.,-0.));
#871 = ORIENTED_EDGE('',*,*,#834,.F.);
#872 = ORIENTED_EDGE('',*,*,#226,.F.);
#873 = CYLINDRICAL_SURFACE('',#874,1.3);
#874 = AXIS2_PLACEMENT_3D('',#875,#876,#877);
#875 = CARTESIAN_POINT('',(150.1,48.20184,0.));
#876 = DIRECTION('',(-0.,-0.,-1.));
#877 = DIRECTION('',(1.,0.,-0.));
#878 = ADVANCED_FACE('',(#879),#897,.F.);
#879 = FACE_BOUND('',#880,.F.);
#880 = EDGE_LOOP('',(#881,#882,#890,#896));
#881 = ORIENTED_EDGE('',*,*,#218,.F.);
#882 = ORIENTED_EDGE('',*,*,#883,.F.);
#883 = EDGE_CURVE('',#884,#211,#886,.T.);
#884 = VERTEX_POINT('',#885);
#885 = CARTESIAN_POINT('',(151.4,44.910001,2.4));
#886 = LINE('',#887,#888);
#887 = CARTESIAN_POINT('',(151.4,44.910001,-0.25));
#888 = VECTOR('',#889,1.);
#889 = DIRECTION('',(0.,0.,-1.));
#890 = ORIENTED_EDGE('',*,*,#891,.T.);
#891 = EDGE_CURVE('',#884,#858,#892,.T.);
#892 = LINE('',#893,#894);
#893 = CARTESIAN_POINT('',(151.4,1.3,2.4));
#894 = VECTOR('',#895,1.);
#895 = DIRECTION('',(0.,1.,0.));
#896 = ORIENTED_EDGE('',*,*,#857,.F.);
#897 = PLANE('',#898);
#898 = AXIS2_PLACEMENT_3D('',#899,#900,#901);
#899 = CARTESIAN_POINT('',(151.4,1.3,0.));
#900 = DIRECTION('',(-1.,0.,0.));
#901 = DIRECTION('',(0.,1.,0.));
#902 = ADVANCED_FACE('',(#903),#953,.F.);
#903 = FACE_BOUND('',#904,.F.);
#904 = EDGE_LOOP('',(#905,#906,#914,#922,#930,#938,#946,#952));
#905 = ORIENTED_EDGE('',*,*,#210,.T.);
#906 = ORIENTED_EDGE('',*,*,#907,.T.);
#907 = EDGE_CURVE('',#203,#908,#910,.T.);
#908 = VERTEX_POINT('',#909);
#909 = CARTESIAN_POINT('',(127.705,44.910001,2.4));
#910 = LINE('',#911,#912);
#911 = CARTESIAN_POINT('',(127.705,44.910001,-0.5));
#912 = VECTOR('',#913,1.);
#913 = DIRECTION('',(0.,0.,1.));
#914 = ORIENTED_EDGE('',*,*,#915,.F.);
#915 = EDGE_CURVE('',#916,#908,#918,.T.);
#916 = VERTEX_POINT('',#917);
#917 = CARTESIAN_POINT('',(146.95,44.910001,2.4));
#918 = LINE('',#919,#920);
#919 = CARTESIAN_POINT('',(101.7025,44.910001,2.4));
#920 = VECTOR('',#921,1.);
#921 = DIRECTION('',(-1.,-0.,0.));
#922 = ORIENTED_EDGE('',*,*,#923,.T.);
#923 = EDGE_CURVE('',#916,#924,#926,.T.);
#924 = VERTEX_POINT('',#925);
#925 = CARTESIAN_POINT('',(146.95,44.910001,5.6));
#926 = LINE('',#927,#928);
#927 = CARTESIAN_POINT('',(146.95,44.910001,0.7));
#928 = VECTOR('',#929,1.);
#929 = DIRECTION('',(0.,0.,1.));
#930 = ORIENTED_EDGE('',*,*,#931,.F.);
#931 = EDGE_CURVE('',#932,#924,#934,.T.);
#932 = VERTEX_POINT('',#933);
#933 = CARTESIAN_POINT('',(148.75,44.910001,5.6));
#934 = LINE('',#935,#936);
#935 = CARTESIAN_POINT('',(65.1775,44.910001,5.6));
#936 = VECTOR('',#937,1.);
#937 = DIRECTION('',(-1.,-0.,0.));
#938 = ORIENTED_EDGE('',*,*,#939,.F.);
#939 = EDGE_CURVE('',#940,#932,#942,.T.);
#940 = VERTEX_POINT('',#941);
#941 = CARTESIAN_POINT('',(148.75,44.910001,2.4));
#942 = LINE('',#943,#944);
#943 = CARTESIAN_POINT('',(148.75,44.910001,0.95));
#944 = VECTOR('',#945,1.);
#945 = DIRECTION('',(0.,0.,1.));
#946 = ORIENTED_EDGE('',*,*,#947,.F.);
#947 = EDGE_CURVE('',#884,#940,#948,.T.);
#948 = LINE('',#949,#950);
#949 = CARTESIAN_POINT('',(101.7025,44.910001,2.4));
#950 = VECTOR('',#951,1.);
#951 = DIRECTION('',(-1.,-0.,0.));
#952 = ORIENTED_EDGE('',*,*,#883,.T.);
#953 = PLANE('',#954);
#954 = AXIS2_PLACEMENT_3D('',#955,#956,#957);
#955 = CARTESIAN_POINT('',(127.705,44.910001,-0.5));
#956 = DIRECTION('',(-0.,1.,0.));
#957 = DIRECTION('',(0.,0.,1.));
#958 = ADVANCED_FACE('',(#959),#977,.T.);
#959 = FACE_BOUND('',#960,.T.);
#960 = EDGE_LOOP('',(#961,#969,#970,#971));
#961 = ORIENTED_EDGE('',*,*,#962,.F.);
#962 = EDGE_CURVE('',#195,#963,#965,.T.);
#963 = VERTEX_POINT('',#964);
#964 = CARTESIAN_POINT('',(127.705,24.530001,2.4));
#965 = LINE('',#966,#967);
#966 = CARTESIAN_POINT('',(127.705,24.530001,-0.5));
#967 = VECTOR('',#968,1.);
#968 = DIRECTION('',(0.,0.,1.));
#969 = ORIENTED_EDGE('',*,*,#202,.T.);
#970 = ORIENTED_EDGE('',*,*,#907,.T.);
#971 = ORIENTED_EDGE('',*,*,#972,.F.);
#972 = EDGE_CURVE('',#963,#908,#973,.T.);
#973 = LINE('',#974,#975);
#974 = CARTESIAN_POINT('',(127.705,24.6404605,2.4));
#975 = VECTOR('',#976,1.);
#976 = DIRECTION('',(-0.,1.,0.));
#977 = PLANE('',#978);
#978 = AXIS2_PLACEMENT_3D('',#979,#980,#981);
#979 = CARTESIAN_POINT('',(127.705,24.530001,-0.5));
#980 = DIRECTION('',(1.,0.,-0.));
#981 = DIRECTION('',(0.,0.,1.));
#982 = ADVANCED_FACE('',(#983),#1033,.T.);
#983 = FACE_BOUND('',#984,.T.);
#984 = EDGE_LOOP('',(#985,#986,#987,#995,#1003,#1011,#1019,#1027));
#985 = ORIENTED_EDGE('',*,*,#194,.T.);
#986 = ORIENTED_EDGE('',*,*,#962,.T.);
#987 = ORIENTED_EDGE('',*,*,#988,.F.);
#988 = EDGE_CURVE('',#989,#963,#991,.T.);
#989 = VERTEX_POINT('',#990);
#990 = CARTESIAN_POINT('',(146.95,24.530001,2.4));
#991 = LINE('',#992,#993);
#992 = CARTESIAN_POINT('',(101.7025,24.530001,2.4));
#993 = VECTOR('',#994,1.);
#994 = DIRECTION('',(-1.,-0.,0.));
#995 = ORIENTED_EDGE('',*,*,#996,.T.);
#996 = EDGE_CURVE('',#989,#997,#999,.T.);
#997 = VERTEX_POINT('',#998);
#998 = CARTESIAN_POINT('',(146.95,24.530001,5.6));
#999 = LINE('',#1000,#1001);
#1000 = CARTESIAN_POINT('',(146.95,24.530001,0.7));
#1001 = VECTOR('',#1002,1.);
#1002 = DIRECTION('',(0.,0.,1.));
#1003 = ORIENTED_EDGE('',*,*,#1004,.F.);
#1004 = EDGE_CURVE('',#1005,#997,#1007,.T.);
#1005 = VERTEX_POINT('',#1006);
#1006 = CARTESIAN_POINT('',(148.75,24.530001,5.6));
#1007 = LINE('',#1008,#1009);
#1008 = CARTESIAN_POINT('',(65.1775,24.530001,5.6));
#1009 = VECTOR('',#1010,1.);
#1010 = DIRECTION('',(-1.,-0.,0.));
#1011 = ORIENTED_EDGE('',*,*,#1012,.F.);
#1012 = EDGE_CURVE('',#1013,#1005,#1015,.T.);
#1013 = VERTEX_POINT('',#1014);
#1014 = CARTESIAN_POINT('',(148.75,24.530001,2.4));
#1015 = LINE('',#1016,#1017);
#1016 = CARTESIAN_POINT('',(148.75,24.530001,0.95));
#1017 = VECTOR('',#1018,1.);
#1018 = DIRECTION('',(0.,0.,1.));
#1019 = ORIENTED_EDGE('',*,*,#1020,.F.);
#1020 = EDGE_CURVE('',#1021,#1013,#1023,.T.);
#1021 = VERTEX_POINT('',#1022);
#1022 = CARTESIAN_POINT('',(151.4,24.530001,2.4));
#1023 = LINE('',#1024,#1025);
#1024 = CARTESIAN_POINT('',(101.7025,24.530001,2.4));
#1025 = VECTOR('',#1026,1.);
#1026 = DIRECTION('',(-1.,-0.,0.));
#1027 = ORIENTED_EDGE('',*,*,#1028,.T.);
#1028 = EDGE_CURVE('',#1021,#187,#1029,.T.);
#1029 = LINE('',#1030,#1031);
#1030 = CARTESIAN_POINT('',(151.4,24.530001,-0.25));
#1031 = VECTOR('',#1032,1.);
#1032 = DIRECTION('',(0.,0.,-1.));
#1033 = PLANE('',#1034);
#1034 = AXIS2_PLACEMENT_3D('',#1035,#1036,#1037);
#1035 = CARTESIAN_POINT('',(127.705,24.530001,-0.5));
#1036 = DIRECTION('',(-0.,1.,0.));
#1037 = DIRECTION('',(0.,0.,1.));
#1038 = ADVANCED_FACE('',(#1039),#1057,.F.);
#1039 = FACE_BOUND('',#1040,.F.);
#1040 = EDGE_LOOP('',(#1041,#1042,#1050,#1056));
#1041 = ORIENTED_EDGE('',*,*,#186,.F.);
#1042 = ORIENTED_EDGE('',*,*,#1043,.F.);
#1043 = EDGE_CURVE('',#1044,#179,#1046,.T.);
#1044 = VERTEX_POINT('',#1045);
#1045 = CARTESIAN_POINT('',(151.4,17.475,2.4));
#1046 = LINE('',#1047,#1048);
#1047 = CARTESIAN_POINT('',(151.4,17.475,-0.25));
#1048 = VECTOR('',#1049,1.);
#1049 = DIRECTION('',(0.,0.,-1.));
#1050 = ORIENTED_EDGE('',*,*,#1051,.T.);
#1051 = EDGE_CURVE('',#1044,#1021,#1052,.T.);
#1052 = LINE('',#1053,#1054);
#1053 = CARTESIAN_POINT('',(151.4,1.3,2.4));
#1054 = VECTOR('',#1055,1.);
#1055 = DIRECTION('',(0.,1.,0.));
#1056 = ORIENTED_EDGE('',*,*,#1028,.T.);
#1057 = PLANE('',#1058);
#1058 = AXIS2_PLACEMENT_3D('',#1059,#1060,#1061);
#1059 = CARTESIAN_POINT('',(151.4,1.3,0.));
#1060 = DIRECTION('',(-1.,0.,0.));
#1061 = DIRECTION('',(0.,1.,0.));
#1062 = ADVANCED_FACE('',(#1063),#1113,.F.);
#1063 = FACE_BOUND('',#1064,.F.);
#1064 = EDGE_LOOP('',(#1065,#1066,#1074,#1082,#1090,#1098,#1106,#1112));
#1065 = ORIENTED_EDGE('',*,*,#178,.T.);
#1066 = ORIENTED_EDGE('',*,*,#1067,.T.);
#1067 = EDGE_CURVE('',#171,#1068,#1070,.T.);
#1068 = VERTEX_POINT('',#1069);
#1069 = CARTESIAN_POINT('',(134.88,17.475,2.4));
#1070 = LINE('',#1071,#1072);
#1071 = CARTESIAN_POINT('',(134.88,17.475,-0.5));
#1072 = VECTOR('',#1073,1.);
#1073 = DIRECTION('',(0.,0.,1.));
#1074 = ORIENTED_EDGE('',*,*,#1075,.F.);
#1075 = EDGE_CURVE('',#1076,#1068,#1078,.T.);
#1076 = VERTEX_POINT('',#1077);
#1077 = CARTESIAN_POINT('',(146.95,17.475,2.4));
#1078 = LINE('',#1079,#1080);
#1079 = CARTESIAN_POINT('',(105.29,17.475,2.4));
#1080 = VECTOR('',#1081,1.);
#1081 = DIRECTION('',(-1.,-0.,0.));
#1082 = ORIENTED_EDGE('',*,*,#1083,.T.);
#1083 = EDGE_CURVE('',#1076,#1084,#1086,.T.);
#1084 = VERTEX_POINT('',#1085);
#1085 = CARTESIAN_POINT('',(146.95,17.475,5.6));
#1086 = LINE('',#1087,#1088);
#1087 = CARTESIAN_POINT('',(146.95,17.475,0.7));
#1088 = VECTOR('',#1089,1.);
#1089 = DIRECTION('',(0.,0.,1.));
#1090 = ORIENTED_EDGE('',*,*,#1091,.F.);
#1091 = EDGE_CURVE('',#1092,#1084,#1094,.T.);
#1092 = VERTEX_POINT('',#1093);
#1093 = CARTESIAN_POINT('',(148.75,17.475,5.6));
#1094 = LINE('',#1095,#1096);
#1095 = CARTESIAN_POINT('',(68.765,17.475,5.6));
#1096 = VECTOR('',#1097,1.);
#1097 = DIRECTION('',(-1.,-0.,0.));
#1098 = ORIENTED_EDGE('',*,*,#1099,.F.);
#1099 = EDGE_CURVE('',#1100,#1092,#1102,.T.);
#1100 = VERTEX_POINT('',#1101);
#1101 = CARTESIAN_POINT('',(148.75,17.475,2.4));
#1102 = LINE('',#1103,#1104);
#1103 = CARTESIAN_POINT('',(148.75,17.475,0.95));
#1104 = VECTOR('',#1105,1.);
#1105 = DIRECTION('',(0.,0.,1.));
#1106 = ORIENTED_EDGE('',*,*,#1107,.F.);
#1107 = EDGE_CURVE('',#1044,#1100,#1108,.T.);
#1108 = LINE('',#1109,#1110);
#1109 = CARTESIAN_POINT('',(105.29,17.475,2.4));
#1110 = VECTOR('',#1111,1.);
#1111 = DIRECTION('',(-1.,-0.,0.));
#1112 = ORIENTED_EDGE('',*,*,#1043,.T.);
#1113 = PLANE('',#1114);
#1114 = AXIS2_PLACEMENT_3D('',#1115,#1116,#1117);
#1115 = CARTESIAN_POINT('',(134.88,17.475,-0.5));
#1116 = DIRECTION('',(-0.,1.,0.));
#1117 = DIRECTION('',(0.,0.,1.));
#1118 = ADVANCED_FACE('',(#1119),#1137,.T.);
#1119 = FACE_BOUND('',#1120,.T.);
#1120 = EDGE_LOOP('',(#1121,#1129,#1130,#1131));
#1121 = ORIENTED_EDGE('',*,*,#1122,.F.);
#1122 = EDGE_CURVE('',#163,#1123,#1125,.T.);
#1123 = VERTEX_POINT('',#1124);
#1124 = CARTESIAN_POINT('',(134.88,4.9,2.4));
#1125 = LINE('',#1126,#1127);
#1126 = CARTESIAN_POINT('',(134.88,4.9,-0.5));
#1127 = VECTOR('',#1128,1.);
#1128 = DIRECTION('',(0.,0.,1.));
#1129 = ORIENTED_EDGE('',*,*,#170,.T.);
#1130 = ORIENTED_EDGE('',*,*,#1067,.T.);
#1131 = ORIENTED_EDGE('',*,*,#1132,.F.);
#1132 = EDGE_CURVE('',#1123,#1068,#1133,.T.);
#1133 = LINE('',#1134,#1135);
#1134 = CARTESIAN_POINT('',(134.88,14.82546,2.4));
#1135 = VECTOR('',#1136,1.);
#1136 = DIRECTION('',(-0.,1.,0.));
#1137 = PLANE('',#1138);
#1138 = AXIS2_PLACEMENT_3D('',#1139,#1140,#1141);
#1139 = CARTESIAN_POINT('',(134.88,4.9,-0.5));
#1140 = DIRECTION('',(1.,0.,-0.));
#1141 = DIRECTION('',(0.,0.,1.));
#1142 = ADVANCED_FACE('',(#1143),#1179,.T.);
#1143 = FACE_BOUND('',#1144,.T.);
#1144 = EDGE_LOOP('',(#1145,#1146,#1147,#1155,#1163,#1171,#1177,#1178));
#1145 = ORIENTED_EDGE('',*,*,#162,.T.);
#1146 = ORIENTED_EDGE('',*,*,#1122,.T.);
#1147 = ORIENTED_EDGE('',*,*,#1148,.F.);
#1148 = EDGE_CURVE('',#1149,#1123,#1151,.T.);
#1149 = VERTEX_POINT('',#1150);
#1150 = CARTESIAN_POINT('',(146.95,4.9,2.4));
#1151 = LINE('',#1152,#1153);
#1152 = CARTESIAN_POINT('',(105.29,4.9,2.4));
#1153 = VECTOR('',#1154,1.);
#1154 = DIRECTION('',(-1.,-0.,0.));
#1155 = ORIENTED_EDGE('',*,*,#1156,.T.);
#1156 = EDGE_CURVE('',#1149,#1157,#1159,.T.);
#1157 = VERTEX_POINT('',#1158);
#1158 = CARTESIAN_POINT('',(146.95,4.9,5.6));
#1159 = LINE('',#1160,#1161);
#1160 = CARTESIAN_POINT('',(146.95,4.9,0.7));
#1161 = VECTOR('',#1162,1.);
#1162 = DIRECTION('',(0.,0.,1.));
#1163 = ORIENTED_EDGE('',*,*,#1164,.F.);
#1164 = EDGE_CURVE('',#1165,#1157,#1167,.T.);
#1165 = VERTEX_POINT('',#1166);
#1166 = CARTESIAN_POINT('',(148.75,4.9,5.6));
#1167 = LINE('',#1168,#1169);
#1168 = CARTESIAN_POINT('',(68.765,4.9,5.6));
#1169 = VECTOR('',#1170,1.);
#1170 = DIRECTION('',(-1.,-0.,0.));
#1171 = ORIENTED_EDGE('',*,*,#1172,.F.);
#1172 = EDGE_CURVE('',#466,#1165,#1173,.T.);
#1173 = LINE('',#1174,#1175);
#1174 = CARTESIAN_POINT('',(148.75,4.9,0.95));
#1175 = VECTOR('',#1176,1.);
#1176 = DIRECTION('',(0.,0.,1.));
#1177 = ORIENTED_EDGE('',*,*,#465,.F.);
#1178 = ORIENTED_EDGE('',*,*,#523,.T.);
#1179 = PLANE('',#1180);
#1180 = AXIS2_PLACEMENT_3D('',#1181,#1182,#1183);
#1181 = CARTESIAN_POINT('',(134.88,4.9,-0.5));
#1182 = DIRECTION('',(-0.,1.,0.));
#1183 = DIRECTION('',(0.,0.,1.));
#1184 = ADVANCED_FACE('',(#1185),#1221,.T.);
#1185 = FACE_BOUND('',#1186,.T.);
#1186 = EDGE_LOOP('',(#1187,#1188,#1189,#1190,#1191,#1199,#1207,#1215));
#1187 = ORIENTED_EDGE('',*,*,#537,.F.);
#1188 = ORIENTED_EDGE('',*,*,#137,.T.);
#1189 = ORIENTED_EDGE('',*,*,#504,.T.);
#1190 = ORIENTED_EDGE('',*,*,#438,.F.);
#1191 = ORIENTED_EDGE('',*,*,#1192,.T.);
#1192 = EDGE_CURVE('',#439,#1193,#1195,.T.);
#1193 = VERTEX_POINT('',#1194);
#1194 = CARTESIAN_POINT('',(2.65,13.9125,5.6));
#1195 = LINE('',#1196,#1197);
#1196 = CARTESIAN_POINT('',(2.65,13.9125,0.95));
#1197 = VECTOR('',#1198,1.);
#1198 = DIRECTION('',(0.,0.,1.));
#1199 = ORIENTED_EDGE('',*,*,#1200,.F.);
#1200 = EDGE_CURVE('',#1201,#1193,#1203,.T.);
#1201 = VERTEX_POINT('',#1202);
#1202 = CARTESIAN_POINT('',(4.45,13.9125,5.6));
#1203 = LINE('',#1204,#1205);
#1204 = CARTESIAN_POINT('',(1.12375,13.9125,5.6));
#1205 = VECTOR('',#1206,1.);
#1206 = DIRECTION('',(-1.,-0.,0.));
#1207 = ORIENTED_EDGE('',*,*,#1208,.F.);
#1208 = EDGE_CURVE('',#1209,#1201,#1211,.T.);
#1209 = VERTEX_POINT('',#1210);
#1210 = CARTESIAN_POINT('',(4.45,13.9125,2.4));
#1211 = LINE('',#1212,#1213);
#1212 = CARTESIAN_POINT('',(4.45,13.9125,0.7));
#1213 = VECTOR('',#1214,1.);
#1214 = DIRECTION('',(0.,0.,1.));
#1215 = ORIENTED_EDGE('',*,*,#1216,.F.);
#1216 = EDGE_CURVE('',#538,#1209,#1217,.T.);
#1217 = LINE('',#1218,#1219);
#1218 = CARTESIAN_POINT('',(37.64875,13.9125,2.4));
#1219 = VECTOR('',#1220,1.);
#1220 = DIRECTION('',(-1.,-0.,0.));
#1221 = PLANE('',#1222);
#1222 = AXIS2_PLACEMENT_3D('',#1223,#1224,#1225);
#1223 = CARTESIAN_POINT('',(-0.4025,13.9125,-0.5));
#1224 = DIRECTION('',(-0.,1.,0.));
#1225 = DIRECTION('',(0.,0.,1.));
#1226 = ADVANCED_FACE('',(#1227),#1246,.F.);
#1227 = FACE_BOUND('',#1228,.F.);
#1228 = EDGE_LOOP('',(#1229,#1238,#1244,#1245));
#1229 = ORIENTED_EDGE('',*,*,#1230,.F.);
#1230 = EDGE_CURVE('',#1231,#1231,#1233,.T.);
#1231 = VERTEX_POINT('',#1232);
#1232 = CARTESIAN_POINT('',(63.62,24.75,2.4));
#1233 = CIRCLE('',#1234,1.2);
#1234 = AXIS2_PLACEMENT_3D('',#1235,#1236,#1237);
#1235 = CARTESIAN_POINT('',(62.42,24.75,2.4));
#1236 = DIRECTION('',(0.,0.,1.));
#1237 = DIRECTION('',(1.,0.,-0.));
#1238 = ORIENTED_EDGE('',*,*,#1239,.F.);
#1239 = EDGE_CURVE('',#301,#1231,#1240,.T.);
#1240 = LINE('',#1241,#1242);
#1241 = CARTESIAN_POINT('',(63.62,24.75,-0.5));
#1242 = VECTOR('',#1243,1.);
#1243 = DIRECTION('',(0.,0.,1.));
#1244 = ORIENTED_EDGE('',*,*,#300,.T.);
#1245 = ORIENTED_EDGE('',*,*,#1239,.T.);
#1246 = CYLINDRICAL_SURFACE('',#1247,1.2);
#1247 = AXIS2_PLACEMENT_3D('',#1248,#1249,#1250);
#1248 = CARTESIAN_POINT('',(62.42,24.75,-0.5));
#1249 = DIRECTION('',(0.,0.,1.));
#1250 = DIRECTION('',(1.,0.,-0.));
#1251 = ADVANCED_FACE('',(#1252),#1277,.F.);
#1252 = FACE_BOUND('',#1253,.F.);
#1253 = EDGE_LOOP('',(#1254,#1262,#1263,#1271));
#1254 = ORIENTED_EDGE('',*,*,#1255,.F.);
#1255 = EDGE_CURVE('',#312,#1256,#1258,.T.);
#1256 = VERTEX_POINT('',#1257);
#1257 = CARTESIAN_POINT('',(92.105,11.875,2.4));
#1258 = LINE('',#1259,#1260);
#1259 = CARTESIAN_POINT('',(92.105,11.875,-0.5));
#1260 = VECTOR('',#1261,1.);
#1261 = DIRECTION('',(0.,0.,1.));
#1262 = ORIENTED_EDGE('',*,*,#311,.T.);
#1263 = ORIENTED_EDGE('',*,*,#1264,.T.);
#1264 = EDGE_CURVE('',#314,#1265,#1267,.T.);
#1265 = VERTEX_POINT('',#1266);
#1266 = CARTESIAN_POINT('',(92.105,15.18,2.4));
#1267 = LINE('',#1268,#1269);
#1268 = CARTESIAN_POINT('',(92.105,15.18,-0.5));
#1269 = VECTOR('',#1270,1.);
#1270 = DIRECTION('',(0.,0.,1.));
#1271 = ORIENTED_EDGE('',*,*,#1272,.F.);
#1272 = EDGE_CURVE('',#1256,#1265,#1273,.T.);
#1273 = LINE('',#1274,#1275);
#1274 = CARTESIAN_POINT('',(92.105,18.31296,2.4));
#1275 = VECTOR('',#1276,1.);
#1276 = DIRECTION('',(-0.,1.,0.));
#1277 = PLANE('',#1278);
#1278 = AXIS2_PLACEMENT_3D('',#1279,#1280,#1281);
#1279 = CARTESIAN_POINT('',(92.105,11.875,-0.5));
#1280 = DIRECTION('',(1.,0.,-0.));
#1281 = DIRECTION('',(0.,0.,1.));
#1282 = ADVANCED_FACE('',(#1283),#1301,.T.);
#1283 = FACE_BOUND('',#1284,.T.);
#1284 = EDGE_LOOP('',(#1285,#1286,#1287,#1295));
#1285 = ORIENTED_EDGE('',*,*,#1255,.F.);
#1286 = ORIENTED_EDGE('',*,*,#321,.T.);
#1287 = ORIENTED_EDGE('',*,*,#1288,.T.);
#1288 = EDGE_CURVE('',#322,#1289,#1291,.T.);
#1289 = VERTEX_POINT('',#1290);
#1290 = CARTESIAN_POINT('',(74.215,11.875,2.4));
#1291 = LINE('',#1292,#1293);
#1292 = CARTESIAN_POINT('',(74.215,11.875,-0.5));
#1293 = VECTOR('',#1294,1.);
#1294 = DIRECTION('',(0.,0.,1.));
#1295 = ORIENTED_EDGE('',*,*,#1296,.F.);
#1296 = EDGE_CURVE('',#1256,#1289,#1297,.T.);
#1297 = LINE('',#1298,#1299);
#1298 = CARTESIAN_POINT('',(74.9575,11.875,2.4));
#1299 = VECTOR('',#1300,1.);
#1300 = DIRECTION('',(-1.,-0.,0.));
#1301 = PLANE('',#1302);
#1302 = AXIS2_PLACEMENT_3D('',#1303,#1304,#1305);
#1303 = CARTESIAN_POINT('',(74.215,11.875,-0.5));
#1304 = DIRECTION('',(-0.,1.,0.));
#1305 = DIRECTION('',(0.,0.,1.));
#1306 = ADVANCED_FACE('',(#1307),#1325,.T.);
#1307 = FACE_BOUND('',#1308,.T.);
#1308 = EDGE_LOOP('',(#1309,#1317,#1318,#1319));
#1309 = ORIENTED_EDGE('',*,*,#1310,.F.);
#1310 = EDGE_CURVE('',#362,#1311,#1313,.T.);
#1311 = VERTEX_POINT('',#1312);
#1312 = CARTESIAN_POINT('',(99.29,15.18,2.4));
#1313 = LINE('',#1314,#1315);
#1314 = CARTESIAN_POINT('',(99.29,15.18,-0.5));
#1315 = VECTOR('',#1316,1.);
#1316 = DIRECTION('',(0.,0.,1.));
#1317 = ORIENTED_EDGE('',*,*,#369,.T.);
#1318 = ORIENTED_EDGE('',*,*,#1264,.T.);
#1319 = ORIENTED_EDGE('',*,*,#1320,.F.);
#1320 = EDGE_CURVE('',#1311,#1265,#1321,.T.);
#1321 = LINE('',#1322,#1323);
#1322 = CARTESIAN_POINT('',(83.655,15.18,2.4));
#1323 = VECTOR('',#1324,1.);
#1324 = DIRECTION('',(-1.,-0.,0.));
#1325 = PLANE('',#1326);
#1326 = AXIS2_PLACEMENT_3D('',#1327,#1328,#1329);
#1327 = CARTESIAN_POINT('',(91.61,15.18,-0.5));
#1328 = DIRECTION('',(-0.,1.,0.));
#1329 = DIRECTION('',(0.,0.,1.));
#1330 = ADVANCED_FACE('',(#1331),#1349,.T.);
#1331 = FACE_BOUND('',#1332,.T.);
#1332 = EDGE_LOOP('',(#1333,#1334,#1335,#1343));
#1333 = ORIENTED_EDGE('',*,*,#1288,.F.);
#1334 = ORIENTED_EDGE('',*,*,#329,.T.);
#1335 = ORIENTED_EDGE('',*,*,#1336,.T.);
#1336 = EDGE_CURVE('',#330,#1337,#1339,.T.);
#1337 = VERTEX_POINT('',#1338);
#1338 = CARTESIAN_POINT('',(74.215,23.415,2.4));
#1339 = LINE('',#1340,#1341);
#1340 = CARTESIAN_POINT('',(74.215,23.415,-0.5));
#1341 = VECTOR('',#1342,1.);
#1342 = DIRECTION('',(0.,0.,1.));
#1343 = ORIENTED_EDGE('',*,*,#1344,.F.);
#1344 = EDGE_CURVE('',#1289,#1337,#1345,.T.);
#1345 = LINE('',#1346,#1347);
#1346 = CARTESIAN_POINT('',(74.215,18.31296,2.4));
#1347 = VECTOR('',#1348,1.);
#1348 = DIRECTION('',(-0.,1.,0.));
#1349 = PLANE('',#1350);
#1350 = AXIS2_PLACEMENT_3D('',#1351,#1352,#1353);
#1351 = CARTESIAN_POINT('',(74.215,11.875,-0.5));
#1352 = DIRECTION('',(1.,0.,-0.));
#1353 = DIRECTION('',(0.,0.,1.));
#1354 = ADVANCED_FACE('',(#1355),#1373,.F.);
#1355 = FACE_BOUND('',#1356,.F.);
#1356 = EDGE_LOOP('',(#1357,#1358,#1359,#1367));
#1357 = ORIENTED_EDGE('',*,*,#1310,.F.);
#1358 = ORIENTED_EDGE('',*,*,#361,.T.);
#1359 = ORIENTED_EDGE('',*,*,#1360,.T.);
#1360 = EDGE_CURVE('',#354,#1361,#1363,.T.);
#1361 = VERTEX_POINT('',#1362);
#1362 = CARTESIAN_POINT('',(99.29,20.32,2.4));
#1363 = LINE('',#1364,#1365);
#1364 = CARTESIAN_POINT('',(99.29,20.32,-0.5));
#1365 = VECTOR('',#1366,1.);
#1366 = DIRECTION('',(0.,0.,1.));
#1367 = ORIENTED_EDGE('',*,*,#1368,.F.);
#1368 = EDGE_CURVE('',#1311,#1361,#1369,.T.);
#1369 = LINE('',#1370,#1371);
#1370 = CARTESIAN_POINT('',(99.29,19.96546,2.4));
#1371 = VECTOR('',#1372,1.);
#1372 = DIRECTION('',(-0.,1.,0.));
#1373 = PLANE('',#1374);
#1374 = AXIS2_PLACEMENT_3D('',#1375,#1376,#1377);
#1375 = CARTESIAN_POINT('',(99.29,15.18,-0.5));
#1376 = DIRECTION('',(1.,0.,-0.));
#1377 = DIRECTION('',(0.,0.,1.));
#1378 = ADVANCED_FACE('',(#1379),#1397,.F.);
#1379 = FACE_BOUND('',#1380,.F.);
#1380 = EDGE_LOOP('',(#1381,#1389,#1390,#1391));
#1381 = ORIENTED_EDGE('',*,*,#1382,.F.);
#1382 = EDGE_CURVE('',#338,#1383,#1385,.T.);
#1383 = VERTEX_POINT('',#1384);
#1384 = CARTESIAN_POINT('',(92.105,23.415,2.4));
#1385 = LINE('',#1386,#1387);
#1386 = CARTESIAN_POINT('',(92.105,23.415,-0.5));
#1387 = VECTOR('',#1388,1.);
#1388 = DIRECTION('',(0.,0.,1.));
#1389 = ORIENTED_EDGE('',*,*,#337,.T.);
#1390 = ORIENTED_EDGE('',*,*,#1336,.T.);
#1391 = ORIENTED_EDGE('',*,*,#1392,.F.);
#1392 = EDGE_CURVE('',#1383,#1337,#1393,.T.);
#1393 = LINE('',#1394,#1395);
#1394 = CARTESIAN_POINT('',(74.9575,23.415,2.4));
#1395 = VECTOR('',#1396,1.);
#1396 = DIRECTION('',(-1.,-0.,0.));
#1397 = PLANE('',#1398);
#1398 = AXIS2_PLACEMENT_3D('',#1399,#1400,#1401);
#1399 = CARTESIAN_POINT('',(74.215,23.415,-0.5));
#1400 = DIRECTION('',(-0.,1.,0.));
#1401 = DIRECTION('',(0.,0.,1.));
#1402 = ADVANCED_FACE('',(#1403),#1421,.F.);
#1403 = FACE_BOUND('',#1404,.F.);
#1404 = EDGE_LOOP('',(#1405,#1406,#1407,#1415));
#1405 = ORIENTED_EDGE('',*,*,#1360,.F.);
#1406 = ORIENTED_EDGE('',*,*,#353,.T.);
#1407 = ORIENTED_EDGE('',*,*,#1408,.T.);
#1408 = EDGE_CURVE('',#346,#1409,#1411,.T.);
#1409 = VERTEX_POINT('',#1410);
#1410 = CARTESIAN_POINT('',(92.105,20.32,2.4));
#1411 = LINE('',#1412,#1413);
#1412 = CARTESIAN_POINT('',(92.105,20.32,-0.5));
#1413 = VECTOR('',#1414,1.);
#1414 = DIRECTION('',(0.,0.,1.));
#1415 = ORIENTED_EDGE('',*,*,#1416,.F.);
#1416 = EDGE_CURVE('',#1361,#1409,#1417,.T.);
#1417 = LINE('',#1418,#1419);
#1418 = CARTESIAN_POINT('',(83.655,20.32,2.4));
#1419 = VECTOR('',#1420,1.);
#1420 = DIRECTION('',(-1.,-0.,0.));
#1421 = PLANE('',#1422);
#1422 = AXIS2_PLACEMENT_3D('',#1423,#1424,#1425);
#1423 = CARTESIAN_POINT('',(91.61,20.32,-0.5));
#1424 = DIRECTION('',(-0.,1.,0.));
#1425 = DIRECTION('',(0.,0.,1.));
#1426 = ADVANCED_FACE('',(#1427),#1438,.F.);
#1427 = FACE_BOUND('',#1428,.F.);
#1428 = EDGE_LOOP('',(#1429,#1430,#1431,#1432));
#1429 = ORIENTED_EDGE('',*,*,#1408,.F.);
#1430 = ORIENTED_EDGE('',*,*,#345,.T.);
#1431 = ORIENTED_EDGE('',*,*,#1382,.T.);
#1432 = ORIENTED_EDGE('',*,*,#1433,.F.);
#1433 = EDGE_CURVE('',#1409,#1383,#1434,.T.);
#1434 = LINE('',#1435,#1436);
#1435 = CARTESIAN_POINT('',(92.105,18.31296,2.4));
#1436 = VECTOR('',#1437,1.);
#1437 = DIRECTION('',(-0.,1.,0.));
#1438 = PLANE('',#1439);
#1439 = AXIS2_PLACEMENT_3D('',#1440,#1441,#1442);
#1440 = CARTESIAN_POINT('',(92.105,11.875,-0.5));
#1441 = DIRECTION('',(1.,0.,-0.));
#1442 = DIRECTION('',(0.,0.,1.));
#1443 = ADVANCED_FACE('',(#1444),#1463,.F.);
#1444 = FACE_BOUND('',#1445,.F.);
#1445 = EDGE_LOOP('',(#1446,#1455,#1461,#1462));
#1446 = ORIENTED_EDGE('',*,*,#1447,.F.);
#1447 = EDGE_CURVE('',#1448,#1448,#1450,.T.);
#1448 = VERTEX_POINT('',#1449);
#1449 = CARTESIAN_POINT('',(34.68,32.25,2.4));
#1450 = CIRCLE('',#1451,1.2);
#1451 = AXIS2_PLACEMENT_3D('',#1452,#1453,#1454);
#1452 = CARTESIAN_POINT('',(33.48,32.25,2.4));
#1453 = DIRECTION('',(0.,0.,1.));
#1454 = DIRECTION('',(1.,0.,-0.));
#1455 = ORIENTED_EDGE('',*,*,#1456,.F.);
#1456 = EDGE_CURVE('',#378,#1448,#1457,.T.);
#1457 = LINE('',#1458,#1459);
#1458 = CARTESIAN_POINT('',(34.68,32.25,-0.5));
#1459 = VECTOR('',#1460,1.);
#1460 = DIRECTION('',(0.,0.,1.));
#1461 = ORIENTED_EDGE('',*,*,#377,.T.);
#1462 = ORIENTED_EDGE('',*,*,#1456,.T.);
#1463 = CYLINDRICAL_SURFACE('',#1464,1.2);
#1464 = AXIS2_PLACEMENT_3D('',#1465,#1466,#1467);
#1465 = CARTESIAN_POINT('',(33.48,32.25,-0.5));
#1466 = DIRECTION('',(0.,0.,1.));
#1467 = DIRECTION('',(1.,0.,-0.));
#1468 = ADVANCED_FACE('',(#1469),#1488,.F.);
#1469 = FACE_BOUND('',#1470,.F.);
#1470 = EDGE_LOOP('',(#1471,#1480,#1486,#1487));
#1471 = ORIENTED_EDGE('',*,*,#1472,.F.);
#1472 = EDGE_CURVE('',#1473,#1473,#1475,.T.);
#1473 = VERTEX_POINT('',#1474);
#1474 = CARTESIAN_POINT('',(34.68,34.75,2.4));
#1475 = CIRCLE('',#1476,1.2);
#1476 = AXIS2_PLACEMENT_3D('',#1477,#1478,#1479);
#1477 = CARTESIAN_POINT('',(33.48,34.75,2.4));
#1478 = DIRECTION('',(0.,0.,1.));
#1479 = DIRECTION('',(1.,0.,-0.));
#1480 = ORIENTED_EDGE('',*,*,#1481,.F.);
#1481 = EDGE_CURVE('',#389,#1473,#1482,.T.);
#1482 = LINE('',#1483,#1484);
#1483 = CARTESIAN_POINT('',(34.68,34.75,-0.5));
#1484 = VECTOR('',#1485,1.);
#1485 = DIRECTION('',(0.,0.,1.));
#1486 = ORIENTED_EDGE('',*,*,#388,.T.);
#1487 = ORIENTED_EDGE('',*,*,#1481,.T.);
#1488 = CYLINDRICAL_SURFACE('',#1489,1.2);
#1489 = AXIS2_PLACEMENT_3D('',#1490,#1491,#1492);
#1490 = CARTESIAN_POINT('',(33.48,34.75,-0.5));
#1491 = DIRECTION('',(0.,0.,1.));
#1492 = DIRECTION('',(1.,0.,-0.));
#1493 = ADVANCED_FACE('',(#1494),#1513,.F.);
#1494 = FACE_BOUND('',#1495,.F.);
#1495 = EDGE_LOOP('',(#1496,#1505,#1511,#1512));
#1496 = ORIENTED_EDGE('',*,*,#1497,.F.);
#1497 = EDGE_CURVE('',#1498,#1498,#1500,.T.);
#1498 = VERTEX_POINT('',#1499);
#1499 = CARTESIAN_POINT('',(59.25,30.35,2.4));
#1500 = CIRCLE('',#1501,2.5);
#1501 = AXIS2_PLACEMENT_3D('',#1502,#1503,#1504);
#1502 = CARTESIAN_POINT('',(56.75,30.35,2.4));
#1503 = DIRECTION('',(0.,0.,1.));
#1504 = DIRECTION('',(1.,0.,-0.));
#1505 = ORIENTED_EDGE('',*,*,#1506,.F.);
#1506 = EDGE_CURVE('',#400,#1498,#1507,.T.);
#1507 = LINE('',#1508,#1509);
#1508 = CARTESIAN_POINT('',(59.25,30.35,-0.5));
#1509 = VECTOR('',#1510,1.);
#1510 = DIRECTION('',(0.,0.,1.));
#1511 = ORIENTED_EDGE('',*,*,#399,.T.);
#1512 = ORIENTED_EDGE('',*,*,#1506,.T.);
#1513 = CYLINDRICAL_SURFACE('',#1514,2.5);
#1514 = AXIS2_PLACEMENT_3D('',#1515,#1516,#1517);
#1515 = CARTESIAN_POINT('',(56.75,30.35,-0.5));
#1516 = DIRECTION('',(0.,0.,1.));
#1517 = DIRECTION('',(1.,0.,-0.));
#1518 = ADVANCED_FACE('',(#1519),#1538,.F.);
#1519 = FACE_BOUND('',#1520,.F.);
#1520 = EDGE_LOOP('',(#1521,#1530,#1536,#1537));
#1521 = ORIENTED_EDGE('',*,*,#1522,.F.);
#1522 = EDGE_CURVE('',#1523,#1523,#1525,.T.);
#1523 = VERTEX_POINT('',#1524);
#1524 = CARTESIAN_POINT('',(59.25,36.15,2.4));
#1525 = CIRCLE('',#1526,2.5);
#1526 = AXIS2_PLACEMENT_3D('',#1527,#1528,#1529);
#1527 = CARTESIAN_POINT('',(56.75,36.15,2.4));
#1528 = DIRECTION('',(0.,0.,1.));
#1529 = DIRECTION('',(1.,0.,-0.));
#1530 = ORIENTED_EDGE('',*,*,#1531,.F.);
#1531 = EDGE_CURVE('',#411,#1523,#1532,.T.);
#1532 = LINE('',#1533,#1534);
#1533 = CARTESIAN_POINT('',(59.25,36.15,-0.5));
#1534 = VECTOR('',#1535,1.);
#1535 = DIRECTION('',(0.,0.,1.));
#1536 = ORIENTED_EDGE('',*,*,#410,.T.);
#1537 = ORIENTED_EDGE('',*,*,#1531,.T.);
#1538 = CYLINDRICAL_SURFACE('',#1539,2.5);
#1539 = AXIS2_PLACEMENT_3D('',#1540,#1541,#1542);
#1540 = CARTESIAN_POINT('',(56.75,36.15,-0.5));
#1541 = DIRECTION('',(0.,0.,1.));
#1542 = DIRECTION('',(1.,0.,-0.));
#1543 = ADVANCED_FACE('',(#1544),#1563,.F.);
#1544 = FACE_BOUND('',#1545,.F.);
#1545 = EDGE_LOOP('',(#1546,#1555,#1561,#1562));
#1546 = ORIENTED_EDGE('',*,*,#1547,.F.);
#1547 = EDGE_CURVE('',#1548,#1548,#1550,.T.);
#1548 = VERTEX_POINT('',#1549);
#1549 = CARTESIAN_POINT('',(59.375,41.95,2.4));
#1550 = CIRCLE('',#1551,2.5);
#1551 = AXIS2_PLACEMENT_3D('',#1552,#1553,#1554);
#1552 = CARTESIAN_POINT('',(56.875,41.95,2.4));
#1553 = DIRECTION('',(0.,0.,1.));
#1554 = DIRECTION('',(1.,0.,-0.));
#1555 = ORIENTED_EDGE('',*,*,#1556,.F.);
#1556 = EDGE_CURVE('',#422,#1548,#1557,.T.);
#1557 = LINE('',#1558,#1559);
#1558 = CARTESIAN_POINT('',(59.375,41.95,-0.5));
#1559 = VECTOR('',#1560,1.);
#1560 = DIRECTION('',(0.,0.,1.));
#1561 = ORIENTED_EDGE('',*,*,#421,.T.);
#1562 = ORIENTED_EDGE('',*,*,#1556,.T.);
#1563 = CYLINDRICAL_SURFACE('',#1564,2.5);
#1564 = AXIS2_PLACEMENT_3D('',#1565,#1566,#1567);
#1565 = CARTESIAN_POINT('',(56.875,41.95,-0.5));
#1566 = DIRECTION('',(0.,0.,1.));
#1567 = DIRECTION('',(1.,0.,-0.));
#1568 = ADVANCED_FACE('',(#1569),#1587,.F.);
#1569 = FACE_BOUND('',#1570,.F.);
#1570 = EDGE_LOOP('',(#1571,#1579,#1580,#1581));
#1571 = ORIENTED_EDGE('',*,*,#1572,.F.);
#1572 = EDGE_CURVE('',#482,#1573,#1575,.T.);
#1573 = VERTEX_POINT('',#1574);
#1574 = CARTESIAN_POINT('',(2.65,2.65,5.6));
#1575 = LINE('',#1576,#1577);
#1576 = CARTESIAN_POINT('',(2.65,2.65,2.4));
#1577 = VECTOR('',#1578,1.);
#1578 = DIRECTION('',(0.,0.,1.));
#1579 = ORIENTED_EDGE('',*,*,#489,.T.);
#1580 = ORIENTED_EDGE('',*,*,#1192,.T.);
#1581 = ORIENTED_EDGE('',*,*,#1582,.F.);
#1582 = EDGE_CURVE('',#1573,#1193,#1583,.T.);
#1583 = LINE('',#1584,#1585);
#1584 = CARTESIAN_POINT('',(2.65,2.65,5.6));
#1585 = VECTOR('',#1586,1.);
#1586 = DIRECTION('',(-0.,1.,0.));
#1587 = PLANE('',#1588);
#1588 = AXIS2_PLACEMENT_3D('',#1589,#1590,#1591);
#1589 = CARTESIAN_POINT('',(2.65,2.65,2.4));
#1590 = DIRECTION('',(1.,0.,-0.));
#1591 = DIRECTION('',(0.,0.,1.));
#1592 = ADVANCED_FACE('',(#1593),#1675,.F.);
#1593 = FACE_BOUND('',#1594,.F.);
#1594 = EDGE_LOOP('',(#1595,#1596,#1597,#1605,#1613,#1621,#1629,#1637,
    #1645,#1653,#1661,#1669));
#1595 = ORIENTED_EDGE('',*,*,#481,.F.);
#1596 = ORIENTED_EDGE('',*,*,#1572,.T.);
#1597 = ORIENTED_EDGE('',*,*,#1598,.T.);
#1598 = EDGE_CURVE('',#1573,#1599,#1601,.T.);
#1599 = VERTEX_POINT('',#1600);
#1600 = CARTESIAN_POINT('',(34.42,2.65,5.6));
#1601 = LINE('',#1602,#1603);
#1602 = CARTESIAN_POINT('',(2.65,2.65,5.6));
#1603 = VECTOR('',#1604,1.);
#1604 = DIRECTION('',(1.,0.,-0.));
#1605 = ORIENTED_EDGE('',*,*,#1606,.F.);
#1606 = EDGE_CURVE('',#1607,#1599,#1609,.T.);
#1607 = VERTEX_POINT('',#1608);
#1608 = CARTESIAN_POINT('',(34.42,2.65,3.1));
#1609 = LINE('',#1610,#1611);
#1610 = CARTESIAN_POINT('',(34.42,2.65,3.1));
#1611 = VECTOR('',#1612,1.);
#1612 = DIRECTION('',(0.,0.,1.));
#1613 = ORIENTED_EDGE('',*,*,#1614,.T.);
#1614 = EDGE_CURVE('',#1607,#1615,#1617,.T.);
#1615 = VERTEX_POINT('',#1616);
#1616 = CARTESIAN_POINT('',(56.42,2.65,3.1));
#1617 = LINE('',#1618,#1619);
#1618 = CARTESIAN_POINT('',(34.42,2.65,3.1));
#1619 = VECTOR('',#1620,1.);
#1620 = DIRECTION('',(1.,0.,0.));
#1621 = ORIENTED_EDGE('',*,*,#1622,.T.);
#1622 = EDGE_CURVE('',#1615,#1623,#1625,.T.);
#1623 = VERTEX_POINT('',#1624);
#1624 = CARTESIAN_POINT('',(56.42,2.65,5.6));
#1625 = LINE('',#1626,#1627);
#1626 = CARTESIAN_POINT('',(56.42,2.65,3.1));
#1627 = VECTOR('',#1628,1.);
#1628 = DIRECTION('',(0.,0.,1.));
#1629 = ORIENTED_EDGE('',*,*,#1630,.T.);
#1630 = EDGE_CURVE('',#1623,#1631,#1633,.T.);
#1631 = VERTEX_POINT('',#1632);
#1632 = CARTESIAN_POINT('',(94.98,2.65,5.6));
#1633 = LINE('',#1634,#1635);
#1634 = CARTESIAN_POINT('',(2.65,2.65,5.6));
#1635 = VECTOR('',#1636,1.);
#1636 = DIRECTION('',(1.,0.,-0.));
#1637 = ORIENTED_EDGE('',*,*,#1638,.F.);
#1638 = EDGE_CURVE('',#1639,#1631,#1641,.T.);
#1639 = VERTEX_POINT('',#1640);
#1640 = CARTESIAN_POINT('',(94.98,2.65,3.1));
#1641 = LINE('',#1642,#1643);
#1642 = CARTESIAN_POINT('',(94.98,2.65,3.1));
#1643 = VECTOR('',#1644,1.);
#1644 = DIRECTION('',(0.,0.,1.));
#1645 = ORIENTED_EDGE('',*,*,#1646,.T.);
#1646 = EDGE_CURVE('',#1639,#1647,#1649,.T.);
#1647 = VERTEX_POINT('',#1648);
#1648 = CARTESIAN_POINT('',(116.98,2.65,3.1));
#1649 = LINE('',#1650,#1651);
#1650 = CARTESIAN_POINT('',(94.98,2.65,3.1));
#1651 = VECTOR('',#1652,1.);
#1652 = DIRECTION('',(1.,0.,0.));
#1653 = ORIENTED_EDGE('',*,*,#1654,.T.);
#1654 = EDGE_CURVE('',#1647,#1655,#1657,.T.);
#1655 = VERTEX_POINT('',#1656);
#1656 = CARTESIAN_POINT('',(116.98,2.65,5.6));
#1657 = LINE('',#1658,#1659);
#1658 = CARTESIAN_POINT('',(116.98,2.65,3.1));
#1659 = VECTOR('',#1660,1.);
#1660 = DIRECTION('',(0.,0.,1.));
#1661 = ORIENTED_EDGE('',*,*,#1662,.T.);
#1662 = EDGE_CURVE('',#1655,#1663,#1665,.T.);
#1663 = VERTEX_POINT('',#1664);
#1664 = CARTESIAN_POINT('',(148.75,2.65,5.6));
#1665 = LINE('',#1666,#1667);
#1666 = CARTESIAN_POINT('',(2.65,2.65,5.6));
#1667 = VECTOR('',#1668,1.);
#1668 = DIRECTION('',(1.,0.,-0.));
#1669 = ORIENTED_EDGE('',*,*,#1670,.F.);
#1670 = EDGE_CURVE('',#474,#1663,#1671,.T.);
#1671 = LINE('',#1672,#1673);
#1672 = CARTESIAN_POINT('',(148.75,2.65,2.4));
#1673 = VECTOR('',#1674,1.);
#1674 = DIRECTION('',(0.,0.,1.));
#1675 = PLANE('',#1676);
#1676 = AXIS2_PLACEMENT_3D('',#1677,#1678,#1679);
#1677 = CARTESIAN_POINT('',(2.65,2.65,2.4));
#1678 = DIRECTION('',(-0.,1.,0.));
#1679 = DIRECTION('',(0.,0.,1.));
#1680 = ADVANCED_FACE('',(#1681),#1692,.T.);
#1681 = FACE_BOUND('',#1682,.T.);
#1682 = EDGE_LOOP('',(#1683,#1684,#1685,#1686));
#1683 = ORIENTED_EDGE('',*,*,#1670,.F.);
#1684 = ORIENTED_EDGE('',*,*,#473,.T.);
#1685 = ORIENTED_EDGE('',*,*,#1172,.T.);
#1686 = ORIENTED_EDGE('',*,*,#1687,.F.);
#1687 = EDGE_CURVE('',#1663,#1165,#1688,.T.);
#1688 = LINE('',#1689,#1690);
#1689 = CARTESIAN_POINT('',(148.75,2.65,5.6));
#1690 = VECTOR('',#1691,1.);
#1691 = DIRECTION('',(-0.,1.,0.));
#1692 = PLANE('',#1693);
#1693 = AXIS2_PLACEMENT_3D('',#1694,#1695,#1696);
#1694 = CARTESIAN_POINT('',(148.75,2.65,2.4));
#1695 = DIRECTION('',(1.,0.,-0.));
#1696 = DIRECTION('',(0.,0.,1.));
#1697 = ADVANCED_FACE('',(#1698,#1819,#1822,#1832,#1835,#1838,#1841,
    #1844),#1847,.T.);
#1698 = FACE_BOUND('',#1699,.T.);
#1699 = EDGE_LOOP('',(#1700,#1701,#1702,#1703,#1704,#1705,#1713,#1721,
    #1729,#1737,#1743,#1744,#1745,#1746,#1754,#1762,#1768,#1769,#1770,
    #1771,#1777,#1778,#1779,#1780,#1788,#1794,#1795,#1796,#1797,#1805,
    #1813));
#1700 = ORIENTED_EDGE('',*,*,#707,.T.);
#1701 = ORIENTED_EDGE('',*,*,#682,.T.);
#1702 = ORIENTED_EDGE('',*,*,#656,.T.);
#1703 = ORIENTED_EDGE('',*,*,#633,.T.);
#1704 = ORIENTED_EDGE('',*,*,#578,.F.);
#1705 = ORIENTED_EDGE('',*,*,#1706,.T.);
#1706 = EDGE_CURVE('',#579,#1707,#1709,.T.);
#1707 = VERTEX_POINT('',#1708);
#1708 = CARTESIAN_POINT('',(2.65,46.85184,2.4));
#1709 = LINE('',#1710,#1711);
#1710 = CARTESIAN_POINT('',(2.65,2.65,2.4));
#1711 = VECTOR('',#1712,1.);
#1712 = DIRECTION('',(-0.,1.,0.));
#1713 = ORIENTED_EDGE('',*,*,#1714,.T.);
#1714 = EDGE_CURVE('',#1707,#1715,#1717,.T.);
#1715 = VERTEX_POINT('',#1716);
#1716 = CARTESIAN_POINT('',(60.97,46.85184,2.4));
#1717 = LINE('',#1718,#1719);
#1718 = CARTESIAN_POINT('',(2.65,46.85184,2.4));
#1719 = VECTOR('',#1720,1.);
#1720 = DIRECTION('',(1.,0.,-0.));
#1721 = ORIENTED_EDGE('',*,*,#1722,.F.);
#1722 = EDGE_CURVE('',#1723,#1715,#1725,.T.);
#1723 = VERTEX_POINT('',#1724);
#1724 = CARTESIAN_POINT('',(60.97,45.05184,2.4));
#1725 = LINE('',#1726,#1727);
#1726 = CARTESIAN_POINT('',(60.97,23.75092,2.4));
#1727 = VECTOR('',#1728,1.);
#1728 = DIRECTION('',(-0.,1.,0.));
#1729 = ORIENTED_EDGE('',*,*,#1730,.T.);
#1730 = EDGE_CURVE('',#1723,#1731,#1733,.T.);
#1731 = VERTEX_POINT('',#1732);
#1732 = CARTESIAN_POINT('',(4.45,45.05184,2.4));
#1733 = LINE('',#1734,#1735);
#1734 = CARTESIAN_POINT('',(3.55,45.05184,2.4));
#1735 = VECTOR('',#1736,1.);
#1736 = DIRECTION('',(-1.,-0.,0.));
#1737 = ORIENTED_EDGE('',*,*,#1738,.F.);
#1738 = EDGE_CURVE('',#603,#1731,#1739,.T.);
#1739 = LINE('',#1740,#1741);
#1740 = CARTESIAN_POINT('',(4.45,3.55,2.4));
#1741 = VECTOR('',#1742,1.);
#1742 = DIRECTION('',(-0.,1.,0.));
#1743 = ORIENTED_EDGE('',*,*,#610,.F.);
#1744 = ORIENTED_EDGE('',*,*,#554,.F.);
#1745 = ORIENTED_EDGE('',*,*,#1216,.T.);
#1746 = ORIENTED_EDGE('',*,*,#1747,.F.);
#1747 = EDGE_CURVE('',#1748,#1209,#1750,.T.);
#1748 = VERTEX_POINT('',#1749);
#1749 = CARTESIAN_POINT('',(4.45,4.45,2.4));
#1750 = LINE('',#1751,#1752);
#1751 = CARTESIAN_POINT('',(4.45,3.55,2.4));
#1752 = VECTOR('',#1753,1.);
#1753 = DIRECTION('',(-0.,1.,0.));
#1754 = ORIENTED_EDGE('',*,*,#1755,.F.);
#1755 = EDGE_CURVE('',#1756,#1748,#1758,.T.);
#1756 = VERTEX_POINT('',#1757);
#1757 = CARTESIAN_POINT('',(146.95,4.45,2.4));
#1758 = LINE('',#1759,#1760);
#1759 = CARTESIAN_POINT('',(3.55,4.45,2.4));
#1760 = VECTOR('',#1761,1.);
#1761 = DIRECTION('',(-1.,-0.,0.));
#1762 = ORIENTED_EDGE('',*,*,#1763,.T.);
#1763 = EDGE_CURVE('',#1756,#1149,#1764,.T.);
#1764 = LINE('',#1765,#1766);
#1765 = CARTESIAN_POINT('',(146.95,3.55,2.4));
#1766 = VECTOR('',#1767,1.);
#1767 = DIRECTION('',(-0.,1.,0.));
#1768 = ORIENTED_EDGE('',*,*,#1148,.T.);
#1769 = ORIENTED_EDGE('',*,*,#1132,.T.);
#1770 = ORIENTED_EDGE('',*,*,#1075,.F.);
#1771 = ORIENTED_EDGE('',*,*,#1772,.T.);
#1772 = EDGE_CURVE('',#1076,#989,#1773,.T.);
#1773 = LINE('',#1774,#1775);
#1774 = CARTESIAN_POINT('',(146.95,3.55,2.4));
#1775 = VECTOR('',#1776,1.);
#1776 = DIRECTION('',(-0.,1.,0.));
#1777 = ORIENTED_EDGE('',*,*,#988,.T.);
#1778 = ORIENTED_EDGE('',*,*,#972,.T.);
#1779 = ORIENTED_EDGE('',*,*,#915,.F.);
#1780 = ORIENTED_EDGE('',*,*,#1781,.T.);
#1781 = EDGE_CURVE('',#916,#1782,#1784,.T.);
#1782 = VERTEX_POINT('',#1783);
#1783 = CARTESIAN_POINT('',(146.95,45.05184,2.4));
#1784 = LINE('',#1785,#1786);
#1785 = CARTESIAN_POINT('',(146.95,3.55,2.4));
#1786 = VECTOR('',#1787,1.);
#1787 = DIRECTION('',(-0.,1.,0.));
#1788 = ORIENTED_EDGE('',*,*,#1789,.T.);
#1789 = EDGE_CURVE('',#1782,#812,#1790,.T.);
#1790 = LINE('',#1791,#1792);
#1791 = CARTESIAN_POINT('',(3.55,45.05184,2.4));
#1792 = VECTOR('',#1793,1.);
#1793 = DIRECTION('',(-1.,-0.,0.));
#1794 = ORIENTED_EDGE('',*,*,#819,.F.);
#1795 = ORIENTED_EDGE('',*,*,#763,.T.);
#1796 = ORIENTED_EDGE('',*,*,#739,.T.);
#1797 = ORIENTED_EDGE('',*,*,#1798,.T.);
#1798 = EDGE_CURVE('',#732,#1799,#1801,.T.);
#1799 = VERTEX_POINT('',#1800);
#1800 = CARTESIAN_POINT('',(74.93,45.05184,2.4));
#1801 = LINE('',#1802,#1803);
#1802 = CARTESIAN_POINT('',(3.55,45.05184,2.4));
#1803 = VECTOR('',#1804,1.);
#1804 = DIRECTION('',(-1.,-0.,0.));
#1805 = ORIENTED_EDGE('',*,*,#1806,.T.);
#1806 = EDGE_CURVE('',#1799,#1807,#1809,.T.);
#1807 = VERTEX_POINT('',#1808);
#1808 = CARTESIAN_POINT('',(74.93,46.85184,2.4));
#1809 = LINE('',#1810,#1811);
#1810 = CARTESIAN_POINT('',(74.93,23.75092,2.4));
#1811 = VECTOR('',#1812,1.);
#1812 = DIRECTION('',(-0.,1.,0.));
#1813 = ORIENTED_EDGE('',*,*,#1814,.T.);
#1814 = EDGE_CURVE('',#1807,#708,#1815,.T.);
#1815 = LINE('',#1816,#1817);
#1816 = CARTESIAN_POINT('',(2.65,46.85184,2.4));
#1817 = VECTOR('',#1818,1.);
#1818 = DIRECTION('',(1.,0.,-0.));
#1819 = FACE_BOUND('',#1820,.T.);
#1820 = EDGE_LOOP('',(#1821));
#1821 = ORIENTED_EDGE('',*,*,#1230,.F.);
#1822 = FACE_BOUND('',#1823,.T.);
#1823 = EDGE_LOOP('',(#1824,#1825,#1826,#1827,#1828,#1829,#1830,#1831));
#1824 = ORIENTED_EDGE('',*,*,#1272,.F.);
#1825 = ORIENTED_EDGE('',*,*,#1296,.T.);
#1826 = ORIENTED_EDGE('',*,*,#1344,.T.);
#1827 = ORIENTED_EDGE('',*,*,#1392,.F.);
#1828 = ORIENTED_EDGE('',*,*,#1433,.F.);
#1829 = ORIENTED_EDGE('',*,*,#1416,.F.);
#1830 = ORIENTED_EDGE('',*,*,#1368,.F.);
#1831 = ORIENTED_EDGE('',*,*,#1320,.T.);
#1832 = FACE_BOUND('',#1833,.T.);
#1833 = EDGE_LOOP('',(#1834));
#1834 = ORIENTED_EDGE('',*,*,#1447,.F.);
#1835 = FACE_BOUND('',#1836,.T.);
#1836 = EDGE_LOOP('',(#1837));
#1837 = ORIENTED_EDGE('',*,*,#1472,.F.);
#1838 = FACE_BOUND('',#1839,.T.);
#1839 = EDGE_LOOP('',(#1840));
#1840 = ORIENTED_EDGE('',*,*,#1497,.F.);
#1841 = FACE_BOUND('',#1842,.T.);
#1842 = EDGE_LOOP('',(#1843));
#1843 = ORIENTED_EDGE('',*,*,#1522,.F.);
#1844 = FACE_BOUND('',#1845,.T.);
#1845 = EDGE_LOOP('',(#1846));
#1846 = ORIENTED_EDGE('',*,*,#1547,.F.);
#1847 = PLANE('',#1848);
#1848 = AXIS2_PLACEMENT_3D('',#1849,#1850,#1851);
#1849 = CARTESIAN_POINT('',(75.7,24.75092,2.4));
#1850 = DIRECTION('',(0.,0.,1.));
#1851 = DIRECTION('',(1.,0.,-0.));
#1852 = ADVANCED_FACE('',(#1853),#1871,.T.);
#1853 = FACE_BOUND('',#1854,.T.);
#1854 = EDGE_LOOP('',(#1855,#1856,#1857,#1865));
#1855 = ORIENTED_EDGE('',*,*,#602,.F.);
#1856 = ORIENTED_EDGE('',*,*,#1738,.T.);
#1857 = ORIENTED_EDGE('',*,*,#1858,.T.);
#1858 = EDGE_CURVE('',#1731,#1859,#1861,.T.);
#1859 = VERTEX_POINT('',#1860);
#1860 = CARTESIAN_POINT('',(4.45,45.05184,5.6));
#1861 = LINE('',#1862,#1863);
#1862 = CARTESIAN_POINT('',(4.45,45.05184,1.9));
#1863 = VECTOR('',#1864,1.);
#1864 = DIRECTION('',(0.,0.,1.));
#1865 = ORIENTED_EDGE('',*,*,#1866,.F.);
#1866 = EDGE_CURVE('',#595,#1859,#1867,.T.);
#1867 = LINE('',#1868,#1869);
#1868 = CARTESIAN_POINT('',(4.45,3.55,5.6));
#1869 = VECTOR('',#1870,1.);
#1870 = DIRECTION('',(-0.,1.,0.));
#1871 = PLANE('',#1872);
#1872 = AXIS2_PLACEMENT_3D('',#1873,#1874,#1875);
#1873 = CARTESIAN_POINT('',(4.45,4.45,1.9));
#1874 = DIRECTION('',(1.,0.,-0.));
#1875 = DIRECTION('',(0.,0.,1.));
#1876 = ADVANCED_FACE('',(#1877),#1927,.T.);
#1877 = FACE_BOUND('',#1878,.T.);
#1878 = EDGE_LOOP('',(#1879,#1889,#1895,#1896,#1897,#1905,#1913,#1921));
#1879 = ORIENTED_EDGE('',*,*,#1880,.F.);
#1880 = EDGE_CURVE('',#1881,#1883,#1885,.T.);
#1881 = VERTEX_POINT('',#1882);
#1882 = CARTESIAN_POINT('',(2.65,46.85184,5.6));
#1883 = VERTEX_POINT('',#1884);
#1884 = CARTESIAN_POINT('',(34.42,46.85184,5.6));
#1885 = LINE('',#1886,#1887);
#1886 = CARTESIAN_POINT('',(2.65,46.85184,5.6));
#1887 = VECTOR('',#1888,1.);
#1888 = DIRECTION('',(1.,0.,-0.));
#1889 = ORIENTED_EDGE('',*,*,#1890,.F.);
#1890 = EDGE_CURVE('',#587,#1881,#1891,.T.);
#1891 = LINE('',#1892,#1893);
#1892 = CARTESIAN_POINT('',(2.65,2.65,5.6));
#1893 = VECTOR('',#1894,1.);
#1894 = DIRECTION('',(-0.,1.,0.));
#1895 = ORIENTED_EDGE('',*,*,#594,.F.);
#1896 = ORIENTED_EDGE('',*,*,#1866,.T.);
#1897 = ORIENTED_EDGE('',*,*,#1898,.F.);
#1898 = EDGE_CURVE('',#1899,#1859,#1901,.T.);
#1899 = VERTEX_POINT('',#1900);
#1900 = CARTESIAN_POINT('',(60.97,45.05184,5.6));
#1901 = LINE('',#1902,#1903);
#1902 = CARTESIAN_POINT('',(3.55,45.05184,5.6));
#1903 = VECTOR('',#1904,1.);
#1904 = DIRECTION('',(-1.,-0.,0.));
#1905 = ORIENTED_EDGE('',*,*,#1906,.T.);
#1906 = EDGE_CURVE('',#1899,#1907,#1909,.T.);
#1907 = VERTEX_POINT('',#1908);
#1908 = CARTESIAN_POINT('',(60.97,46.85184,5.6));
#1909 = LINE('',#1910,#1911);
#1910 = CARTESIAN_POINT('',(60.97,23.75092,5.6));
#1911 = VECTOR('',#1912,1.);
#1912 = DIRECTION('',(-0.,1.,0.));
#1913 = ORIENTED_EDGE('',*,*,#1914,.F.);
#1914 = EDGE_CURVE('',#1915,#1907,#1917,.T.);
#1915 = VERTEX_POINT('',#1916);
#1916 = CARTESIAN_POINT('',(56.42,46.85184,5.6));
#1917 = LINE('',#1918,#1919);
#1918 = CARTESIAN_POINT('',(2.65,46.85184,5.6));
#1919 = VECTOR('',#1920,1.);
#1920 = DIRECTION('',(1.,0.,-0.));
#1921 = ORIENTED_EDGE('',*,*,#1922,.F.);
#1922 = EDGE_CURVE('',#1883,#1915,#1923,.T.);
#1923 = LINE('',#1924,#1925);
#1924 = CARTESIAN_POINT('',(2.65,46.85184,5.6));
#1925 = VECTOR('',#1926,1.);
#1926 = DIRECTION('',(1.,0.,-0.));
#1927 = PLANE('',#1928);
#1928 = AXIS2_PLACEMENT_3D('',#1929,#1930,#1931);
#1929 = CARTESIAN_POINT('',(2.65,2.65,5.6));
#1930 = DIRECTION('',(0.,0.,1.));
#1931 = DIRECTION('',(1.,0.,-0.));
#1932 = ADVANCED_FACE('',(#1933),#1944,.F.);
#1933 = FACE_BOUND('',#1934,.F.);
#1934 = EDGE_LOOP('',(#1935,#1936,#1937,#1943));
#1935 = ORIENTED_EDGE('',*,*,#586,.F.);
#1936 = ORIENTED_EDGE('',*,*,#1706,.T.);
#1937 = ORIENTED_EDGE('',*,*,#1938,.T.);
#1938 = EDGE_CURVE('',#1707,#1881,#1939,.T.);
#1939 = LINE('',#1940,#1941);
#1940 = CARTESIAN_POINT('',(2.65,46.85184,2.4));
#1941 = VECTOR('',#1942,1.);
#1942 = DIRECTION('',(0.,0.,1.));
#1943 = ORIENTED_EDGE('',*,*,#1890,.F.);
#1944 = PLANE('',#1945);
#1945 = AXIS2_PLACEMENT_3D('',#1946,#1947,#1948);
#1946 = CARTESIAN_POINT('',(2.65,2.65,2.4));
#1947 = DIRECTION('',(1.,0.,-0.));
#1948 = DIRECTION('',(0.,0.,1.));
#1949 = ADVANCED_FACE('',(#1950),#1968,.F.);
#1950 = FACE_BOUND('',#1951,.F.);
#1951 = EDGE_LOOP('',(#1952,#1953,#1954,#1962));
#1952 = ORIENTED_EDGE('',*,*,#731,.T.);
#1953 = ORIENTED_EDGE('',*,*,#1798,.T.);
#1954 = ORIENTED_EDGE('',*,*,#1955,.F.);
#1955 = EDGE_CURVE('',#1956,#1799,#1958,.T.);
#1956 = VERTEX_POINT('',#1957);
#1957 = CARTESIAN_POINT('',(74.93,45.05184,5.6));
#1958 = LINE('',#1959,#1960);
#1959 = CARTESIAN_POINT('',(74.93,45.05184,1.9));
#1960 = VECTOR('',#1961,1.);
#1961 = DIRECTION('',(-0.,0.,-1.));
#1962 = ORIENTED_EDGE('',*,*,#1963,.F.);
#1963 = EDGE_CURVE('',#724,#1956,#1964,.T.);
#1964 = LINE('',#1965,#1966);
#1965 = CARTESIAN_POINT('',(3.55,45.05184,5.6));
#1966 = VECTOR('',#1967,1.);
#1967 = DIRECTION('',(-1.,-0.,0.));
#1968 = PLANE('',#1969);
#1969 = AXIS2_PLACEMENT_3D('',#1970,#1971,#1972);
#1970 = CARTESIAN_POINT('',(4.45,45.05184,1.9));
#1971 = DIRECTION('',(-0.,1.,0.));
#1972 = DIRECTION('',(0.,0.,1.));
#1973 = ADVANCED_FACE('',(#1974),#1992,.T.);
#1974 = FACE_BOUND('',#1975,.T.);
#1975 = EDGE_LOOP('',(#1976,#1977,#1978,#1986));
#1976 = ORIENTED_EDGE('',*,*,#1963,.F.);
#1977 = ORIENTED_EDGE('',*,*,#723,.T.);
#1978 = ORIENTED_EDGE('',*,*,#1979,.F.);
#1979 = EDGE_CURVE('',#1980,#716,#1982,.T.);
#1980 = VERTEX_POINT('',#1981);
#1981 = CARTESIAN_POINT('',(74.93,46.85184,5.6));
#1982 = LINE('',#1983,#1984);
#1983 = CARTESIAN_POINT('',(2.65,46.85184,5.6));
#1984 = VECTOR('',#1985,1.);
#1985 = DIRECTION('',(1.,0.,-0.));
#1986 = ORIENTED_EDGE('',*,*,#1987,.F.);
#1987 = EDGE_CURVE('',#1956,#1980,#1988,.T.);
#1988 = LINE('',#1989,#1990);
#1989 = CARTESIAN_POINT('',(74.93,23.75092,5.6));
#1990 = VECTOR('',#1991,1.);
#1991 = DIRECTION('',(-0.,1.,0.));
#1992 = PLANE('',#1993);
#1993 = AXIS2_PLACEMENT_3D('',#1994,#1995,#1996);
#1994 = CARTESIAN_POINT('',(2.65,2.65,5.6));
#1995 = DIRECTION('',(0.,0.,1.));
#1996 = DIRECTION('',(1.,0.,-0.));
#1997 = ADVANCED_FACE('',(#1998),#2009,.T.);
#1998 = FACE_BOUND('',#1999,.T.);
#1999 = EDGE_LOOP('',(#2000,#2001,#2007,#2008));
#2000 = ORIENTED_EDGE('',*,*,#1814,.F.);
#2001 = ORIENTED_EDGE('',*,*,#2002,.F.);
#2002 = EDGE_CURVE('',#1980,#1807,#2003,.T.);
#2003 = LINE('',#2004,#2005);
#2004 = CARTESIAN_POINT('',(74.93,46.85184,2.15));
#2005 = VECTOR('',#2006,1.);
#2006 = DIRECTION('',(-0.,0.,-1.));
#2007 = ORIENTED_EDGE('',*,*,#1979,.T.);
#2008 = ORIENTED_EDGE('',*,*,#715,.T.);
#2009 = PLANE('',#2010);
#2010 = AXIS2_PLACEMENT_3D('',#2011,#2012,#2013);
#2011 = CARTESIAN_POINT('',(2.65,46.85184,2.4));
#2012 = DIRECTION('',(-0.,1.,0.));
#2013 = DIRECTION('',(0.,0.,1.));
#2014 = ADVANCED_FACE('',(#2015),#2033,.F.);
#2015 = FACE_BOUND('',#2016,.F.);
#2016 = EDGE_LOOP('',(#2017,#2025,#2026,#2027));
#2017 = ORIENTED_EDGE('',*,*,#2018,.F.);
#2018 = EDGE_CURVE('',#1782,#2019,#2021,.T.);
#2019 = VERTEX_POINT('',#2020);
#2020 = CARTESIAN_POINT('',(146.95,45.05184,5.6));
#2021 = LINE('',#2022,#2023);
#2022 = CARTESIAN_POINT('',(146.95,45.05184,1.9));
#2023 = VECTOR('',#2024,1.);
#2024 = DIRECTION('',(0.,0.,1.));
#2025 = ORIENTED_EDGE('',*,*,#1789,.T.);
#2026 = ORIENTED_EDGE('',*,*,#811,.F.);
#2027 = ORIENTED_EDGE('',*,*,#2028,.F.);
#2028 = EDGE_CURVE('',#2019,#804,#2029,.T.);
#2029 = LINE('',#2030,#2031);
#2030 = CARTESIAN_POINT('',(3.55,45.05184,5.6));
#2031 = VECTOR('',#2032,1.);
#2032 = DIRECTION('',(-1.,-0.,0.));
#2033 = PLANE('',#2034);
#2034 = AXIS2_PLACEMENT_3D('',#2035,#2036,#2037);
#2035 = CARTESIAN_POINT('',(4.45,45.05184,1.9));
#2036 = DIRECTION('',(-0.,1.,0.));
#2037 = DIRECTION('',(0.,0.,1.));
#2038 = ADVANCED_FACE('',(#2039),#2080,.T.);
#2039 = FACE_BOUND('',#2040,.T.);
#2040 = EDGE_LOOP('',(#2041,#2047,#2048,#2056,#2064,#2072,#2078,#2079));
#2041 = ORIENTED_EDGE('',*,*,#2042,.F.);
#2042 = EDGE_CURVE('',#924,#2019,#2043,.T.);
#2043 = LINE('',#2044,#2045);
#2044 = CARTESIAN_POINT('',(146.95,3.55,5.6));
#2045 = VECTOR('',#2046,1.);
#2046 = DIRECTION('',(-0.,1.,0.));
#2047 = ORIENTED_EDGE('',*,*,#931,.F.);
#2048 = ORIENTED_EDGE('',*,*,#2049,.T.);
#2049 = EDGE_CURVE('',#932,#2050,#2052,.T.);
#2050 = VERTEX_POINT('',#2051);
#2051 = CARTESIAN_POINT('',(148.75,46.85184,5.6));
#2052 = LINE('',#2053,#2054);
#2053 = CARTESIAN_POINT('',(148.75,2.65,5.6));
#2054 = VECTOR('',#2055,1.);
#2055 = DIRECTION('',(-0.,1.,0.));
#2056 = ORIENTED_EDGE('',*,*,#2057,.F.);
#2057 = EDGE_CURVE('',#2058,#2050,#2060,.T.);
#2058 = VERTEX_POINT('',#2059);
#2059 = CARTESIAN_POINT('',(116.98,46.85184,5.6));
#2060 = LINE('',#2061,#2062);
#2061 = CARTESIAN_POINT('',(2.65,46.85184,5.6));
#2062 = VECTOR('',#2063,1.);
#2063 = DIRECTION('',(1.,0.,-0.));
#2064 = ORIENTED_EDGE('',*,*,#2065,.F.);
#2065 = EDGE_CURVE('',#2066,#2058,#2068,.T.);
#2066 = VERTEX_POINT('',#2067);
#2067 = CARTESIAN_POINT('',(94.98,46.85184,5.6));
#2068 = LINE('',#2069,#2070);
#2069 = CARTESIAN_POINT('',(2.65,46.85184,5.6));
#2070 = VECTOR('',#2071,1.);
#2071 = DIRECTION('',(1.,0.,-0.));
#2072 = ORIENTED_EDGE('',*,*,#2073,.F.);
#2073 = EDGE_CURVE('',#796,#2066,#2074,.T.);
#2074 = LINE('',#2075,#2076);
#2075 = CARTESIAN_POINT('',(2.65,46.85184,5.6));
#2076 = VECTOR('',#2077,1.);
#2077 = DIRECTION('',(1.,0.,-0.));
#2078 = ORIENTED_EDGE('',*,*,#803,.F.);
#2079 = ORIENTED_EDGE('',*,*,#2028,.F.);
#2080 = PLANE('',#2081);
#2081 = AXIS2_PLACEMENT_3D('',#2082,#2083,#2084);
#2082 = CARTESIAN_POINT('',(2.65,2.65,5.6));
#2083 = DIRECTION('',(0.,0.,1.));
#2084 = DIRECTION('',(1.,0.,-0.));
#2085 = ADVANCED_FACE('',(#2086),#2127,.T.);
#2086 = FACE_BOUND('',#2087,.T.);
#2087 = EDGE_LOOP('',(#2088,#2096,#2097,#2098,#2106,#2114,#2120,#2121));
#2088 = ORIENTED_EDGE('',*,*,#2089,.F.);
#2089 = EDGE_CURVE('',#788,#2090,#2092,.T.);
#2090 = VERTEX_POINT('',#2091);
#2091 = CARTESIAN_POINT('',(148.75,46.85184,2.4));
#2092 = LINE('',#2093,#2094);
#2093 = CARTESIAN_POINT('',(2.65,46.85184,2.4));
#2094 = VECTOR('',#2095,1.);
#2095 = DIRECTION('',(1.,0.,-0.));
#2096 = ORIENTED_EDGE('',*,*,#795,.F.);
#2097 = ORIENTED_EDGE('',*,*,#2073,.T.);
#2098 = ORIENTED_EDGE('',*,*,#2099,.F.);
#2099 = EDGE_CURVE('',#2100,#2066,#2102,.T.);
#2100 = VERTEX_POINT('',#2101);
#2101 = CARTESIAN_POINT('',(94.98,46.85184,3.1));
#2102 = LINE('',#2103,#2104);
#2103 = CARTESIAN_POINT('',(94.98,46.85184,3.1));
#2104 = VECTOR('',#2105,1.);
#2105 = DIRECTION('',(0.,0.,1.));
#2106 = ORIENTED_EDGE('',*,*,#2107,.T.);
#2107 = EDGE_CURVE('',#2100,#2108,#2110,.T.);
#2108 = VERTEX_POINT('',#2109);
#2109 = CARTESIAN_POINT('',(116.98,46.85184,3.1));
#2110 = LINE('',#2111,#2112);
#2111 = CARTESIAN_POINT('',(94.98,46.85184,3.1));
#2112 = VECTOR('',#2113,1.);
#2113 = DIRECTION('',(1.,0.,0.));
#2114 = ORIENTED_EDGE('',*,*,#2115,.T.);
#2115 = EDGE_CURVE('',#2108,#2058,#2116,.T.);
#2116 = LINE('',#2117,#2118);
#2117 = CARTESIAN_POINT('',(116.98,46.85184,3.1));
#2118 = VECTOR('',#2119,1.);
#2119 = DIRECTION('',(0.,0.,1.));
#2120 = ORIENTED_EDGE('',*,*,#2057,.T.);
#2121 = ORIENTED_EDGE('',*,*,#2122,.F.);
#2122 = EDGE_CURVE('',#2090,#2050,#2123,.T.);
#2123 = LINE('',#2124,#2125);
#2124 = CARTESIAN_POINT('',(148.75,46.85184,2.4));
#2125 = VECTOR('',#2126,1.);
#2126 = DIRECTION('',(0.,0.,1.));
#2127 = PLANE('',#2128);
#2128 = AXIS2_PLACEMENT_3D('',#2129,#2130,#2131);
#2129 = CARTESIAN_POINT('',(2.65,46.85184,2.4));
#2130 = DIRECTION('',(-0.,1.,0.));
#2131 = DIRECTION('',(0.,0.,1.));
#2132 = ADVANCED_FACE('',(#2133),#2147,.T.);
#2133 = FACE_BOUND('',#2134,.T.);
#2134 = EDGE_LOOP('',(#2135,#2136,#2137,#2138,#2139,#2140,#2141));
#2135 = ORIENTED_EDGE('',*,*,#947,.F.);
#2136 = ORIENTED_EDGE('',*,*,#891,.T.);
#2137 = ORIENTED_EDGE('',*,*,#865,.T.);
#2138 = ORIENTED_EDGE('',*,*,#842,.T.);
#2139 = ORIENTED_EDGE('',*,*,#787,.F.);
#2140 = ORIENTED_EDGE('',*,*,#2089,.T.);
#2141 = ORIENTED_EDGE('',*,*,#2142,.F.);
#2142 = EDGE_CURVE('',#940,#2090,#2143,.T.);
#2143 = LINE('',#2144,#2145);
#2144 = CARTESIAN_POINT('',(148.75,2.65,2.4));
#2145 = VECTOR('',#2146,1.);
#2146 = DIRECTION('',(-0.,1.,0.));
#2147 = PLANE('',#2148);
#2148 = AXIS2_PLACEMENT_3D('',#2149,#2150,#2151);
#2149 = CARTESIAN_POINT('',(75.7,24.75092,2.4));
#2150 = DIRECTION('',(0.,0.,1.));
#2151 = DIRECTION('',(1.,0.,-0.));
#2152 = ADVANCED_FACE('',(#2153),#2159,.T.);
#2153 = FACE_BOUND('',#2154,.T.);
#2154 = EDGE_LOOP('',(#2155,#2156,#2157,#2158));
#2155 = ORIENTED_EDGE('',*,*,#939,.F.);
#2156 = ORIENTED_EDGE('',*,*,#2142,.T.);
#2157 = ORIENTED_EDGE('',*,*,#2122,.T.);
#2158 = ORIENTED_EDGE('',*,*,#2049,.F.);
#2159 = PLANE('',#2160);
#2160 = AXIS2_PLACEMENT_3D('',#2161,#2162,#2163);
#2161 = CARTESIAN_POINT('',(148.75,2.65,2.4));
#2162 = DIRECTION('',(1.,0.,-0.));
#2163 = DIRECTION('',(0.,0.,1.));
#2164 = ADVANCED_FACE('',(#2165),#2171,.F.);
#2165 = FACE_BOUND('',#2166,.F.);
#2166 = EDGE_LOOP('',(#2167,#2168,#2169,#2170));
#2167 = ORIENTED_EDGE('',*,*,#923,.F.);
#2168 = ORIENTED_EDGE('',*,*,#1781,.T.);
#2169 = ORIENTED_EDGE('',*,*,#2018,.T.);
#2170 = ORIENTED_EDGE('',*,*,#2042,.F.);
#2171 = PLANE('',#2172);
#2172 = AXIS2_PLACEMENT_3D('',#2173,#2174,#2175);
#2173 = CARTESIAN_POINT('',(146.95,4.45,1.9));
#2174 = DIRECTION('',(1.,0.,-0.));
#2175 = DIRECTION('',(0.,0.,1.));
#2176 = ADVANCED_FACE('',(#2177),#2188,.T.);
#2177 = FACE_BOUND('',#2178,.T.);
#2178 = EDGE_LOOP('',(#2179,#2185,#2186,#2187));
#2179 = ORIENTED_EDGE('',*,*,#2180,.F.);
#2180 = EDGE_CURVE('',#1100,#1013,#2181,.T.);
#2181 = LINE('',#2182,#2183);
#2182 = CARTESIAN_POINT('',(148.75,2.65,2.4));
#2183 = VECTOR('',#2184,1.);
#2184 = DIRECTION('',(-0.,1.,0.));
#2185 = ORIENTED_EDGE('',*,*,#1107,.F.);
#2186 = ORIENTED_EDGE('',*,*,#1051,.T.);
#2187 = ORIENTED_EDGE('',*,*,#1020,.T.);
#2188 = PLANE('',#2189);
#2189 = AXIS2_PLACEMENT_3D('',#2190,#2191,#2192);
#2190 = CARTESIAN_POINT('',(75.7,24.75092,2.4));
#2191 = DIRECTION('',(0.,0.,1.));
#2192 = DIRECTION('',(1.,0.,-0.));
#2193 = ADVANCED_FACE('',(#2194),#2205,.T.);
#2194 = FACE_BOUND('',#2195,.T.);
#2195 = EDGE_LOOP('',(#2196,#2197,#2198,#2199));
#2196 = ORIENTED_EDGE('',*,*,#1099,.F.);
#2197 = ORIENTED_EDGE('',*,*,#2180,.T.);
#2198 = ORIENTED_EDGE('',*,*,#1012,.T.);
#2199 = ORIENTED_EDGE('',*,*,#2200,.F.);
#2200 = EDGE_CURVE('',#1092,#1005,#2201,.T.);
#2201 = LINE('',#2202,#2203);
#2202 = CARTESIAN_POINT('',(148.75,2.65,5.6));
#2203 = VECTOR('',#2204,1.);
#2204 = DIRECTION('',(-0.,1.,0.));
#2205 = PLANE('',#2206);
#2206 = AXIS2_PLACEMENT_3D('',#2207,#2208,#2209);
#2207 = CARTESIAN_POINT('',(148.75,2.65,2.4));
#2208 = DIRECTION('',(1.,0.,-0.));
#2209 = DIRECTION('',(0.,0.,1.));
#2210 = ADVANCED_FACE('',(#2211),#2222,.T.);
#2211 = FACE_BOUND('',#2212,.T.);
#2212 = EDGE_LOOP('',(#2213,#2219,#2220,#2221));
#2213 = ORIENTED_EDGE('',*,*,#2214,.F.);
#2214 = EDGE_CURVE('',#1084,#997,#2215,.T.);
#2215 = LINE('',#2216,#2217);
#2216 = CARTESIAN_POINT('',(146.95,3.55,5.6));
#2217 = VECTOR('',#2218,1.);
#2218 = DIRECTION('',(-0.,1.,0.));
#2219 = ORIENTED_EDGE('',*,*,#1091,.F.);
#2220 = ORIENTED_EDGE('',*,*,#2200,.T.);
#2221 = ORIENTED_EDGE('',*,*,#1004,.T.);
#2222 = PLANE('',#2223);
#2223 = AXIS2_PLACEMENT_3D('',#2224,#2225,#2226);
#2224 = CARTESIAN_POINT('',(2.65,2.65,5.6));
#2225 = DIRECTION('',(0.,0.,1.));
#2226 = DIRECTION('',(1.,0.,-0.));
#2227 = ADVANCED_FACE('',(#2228),#2234,.F.);
#2228 = FACE_BOUND('',#2229,.F.);
#2229 = EDGE_LOOP('',(#2230,#2231,#2232,#2233));
#2230 = ORIENTED_EDGE('',*,*,#1083,.F.);
#2231 = ORIENTED_EDGE('',*,*,#1772,.T.);
#2232 = ORIENTED_EDGE('',*,*,#996,.T.);
#2233 = ORIENTED_EDGE('',*,*,#2214,.F.);
#2234 = PLANE('',#2235);
#2235 = AXIS2_PLACEMENT_3D('',#2236,#2237,#2238);
#2236 = CARTESIAN_POINT('',(146.95,4.45,1.9));
#2237 = DIRECTION('',(1.,0.,-0.));
#2238 = DIRECTION('',(0.,0.,1.));
#2239 = ADVANCED_FACE('',(#2240),#2283,.T.);
#2240 = FACE_BOUND('',#2241,.T.);
#2241 = EDGE_LOOP('',(#2242,#2252,#2258,#2259,#2260,#2261,#2267,#2268,
    #2274,#2275,#2276,#2277));
#2242 = ORIENTED_EDGE('',*,*,#2243,.T.);
#2243 = EDGE_CURVE('',#2244,#2246,#2248,.T.);
#2244 = VERTEX_POINT('',#2245);
#2245 = CARTESIAN_POINT('',(146.95,4.45,5.6));
#2246 = VERTEX_POINT('',#2247);
#2247 = CARTESIAN_POINT('',(4.45,4.45,5.6));
#2248 = LINE('',#2249,#2250);
#2249 = CARTESIAN_POINT('',(3.55,4.45,5.6));
#2250 = VECTOR('',#2251,1.);
#2251 = DIRECTION('',(-1.,-0.,0.));
#2252 = ORIENTED_EDGE('',*,*,#2253,.T.);
#2253 = EDGE_CURVE('',#2246,#1201,#2254,.T.);
#2254 = LINE('',#2255,#2256);
#2255 = CARTESIAN_POINT('',(4.45,3.55,5.6));
#2256 = VECTOR('',#2257,1.);
#2257 = DIRECTION('',(-0.,1.,0.));
#2258 = ORIENTED_EDGE('',*,*,#1200,.T.);
#2259 = ORIENTED_EDGE('',*,*,#1582,.F.);
#2260 = ORIENTED_EDGE('',*,*,#1598,.T.);
#2261 = ORIENTED_EDGE('',*,*,#2262,.T.);
#2262 = EDGE_CURVE('',#1599,#1623,#2263,.T.);
#2263 = LINE('',#2264,#2265);
#2264 = CARTESIAN_POINT('',(2.65,2.65,5.6));
#2265 = VECTOR('',#2266,1.);
#2266 = DIRECTION('',(1.,0.,-0.));
#2267 = ORIENTED_EDGE('',*,*,#1630,.T.);
#2268 = ORIENTED_EDGE('',*,*,#2269,.T.);
#2269 = EDGE_CURVE('',#1631,#1655,#2270,.T.);
#2270 = LINE('',#2271,#2272);
#2271 = CARTESIAN_POINT('',(2.65,2.65,5.6));
#2272 = VECTOR('',#2273,1.);
#2273 = DIRECTION('',(1.,0.,-0.));
#2274 = ORIENTED_EDGE('',*,*,#1662,.T.);
#2275 = ORIENTED_EDGE('',*,*,#1687,.T.);
#2276 = ORIENTED_EDGE('',*,*,#1164,.T.);
#2277 = ORIENTED_EDGE('',*,*,#2278,.F.);
#2278 = EDGE_CURVE('',#2244,#1157,#2279,.T.);
#2279 = LINE('',#2280,#2281);
#2280 = CARTESIAN_POINT('',(146.95,3.55,5.6));
#2281 = VECTOR('',#2282,1.);
#2282 = DIRECTION('',(-0.,1.,0.));
#2283 = PLANE('',#2284);
#2284 = AXIS2_PLACEMENT_3D('',#2285,#2286,#2287);
#2285 = CARTESIAN_POINT('',(2.65,2.65,5.6));
#2286 = DIRECTION('',(0.,0.,1.));
#2287 = DIRECTION('',(1.,0.,-0.));
#2288 = ADVANCED_FACE('',(#2289),#2300,.F.);
#2289 = FACE_BOUND('',#2290,.F.);
#2290 = EDGE_LOOP('',(#2291,#2297,#2298,#2299));
#2291 = ORIENTED_EDGE('',*,*,#2292,.F.);
#2292 = EDGE_CURVE('',#1756,#2244,#2293,.T.);
#2293 = LINE('',#2294,#2295);
#2294 = CARTESIAN_POINT('',(146.95,4.45,1.9));
#2295 = VECTOR('',#2296,1.);
#2296 = DIRECTION('',(0.,0.,1.));
#2297 = ORIENTED_EDGE('',*,*,#1763,.T.);
#2298 = ORIENTED_EDGE('',*,*,#1156,.T.);
#2299 = ORIENTED_EDGE('',*,*,#2278,.F.);
#2300 = PLANE('',#2301);
#2301 = AXIS2_PLACEMENT_3D('',#2302,#2303,#2304);
#2302 = CARTESIAN_POINT('',(146.95,4.45,1.9));
#2303 = DIRECTION('',(1.,0.,-0.));
#2304 = DIRECTION('',(0.,0.,1.));
#2305 = ADVANCED_FACE('',(#2306),#2317,.T.);
#2306 = FACE_BOUND('',#2307,.T.);
#2307 = EDGE_LOOP('',(#2308,#2314,#2315,#2316));
#2308 = ORIENTED_EDGE('',*,*,#2309,.F.);
#2309 = EDGE_CURVE('',#1748,#2246,#2310,.T.);
#2310 = LINE('',#2311,#2312);
#2311 = CARTESIAN_POINT('',(4.45,4.45,1.9));
#2312 = VECTOR('',#2313,1.);
#2313 = DIRECTION('',(0.,0.,1.));
#2314 = ORIENTED_EDGE('',*,*,#1747,.T.);
#2315 = ORIENTED_EDGE('',*,*,#1208,.T.);
#2316 = ORIENTED_EDGE('',*,*,#2253,.F.);
#2317 = PLANE('',#2318);
#2318 = AXIS2_PLACEMENT_3D('',#2319,#2320,#2321);
#2319 = CARTESIAN_POINT('',(4.45,4.45,1.9));
#2320 = DIRECTION('',(1.,0.,-0.));
#2321 = DIRECTION('',(0.,0.,1.));
#2322 = ADVANCED_FACE('',(#2323),#2340,.T.);
#2323 = FACE_BOUND('',#2324,.T.);
#2324 = EDGE_LOOP('',(#2325,#2326,#2334));
#2325 = ORIENTED_EDGE('',*,*,#1654,.T.);
#2326 = ORIENTED_EDGE('',*,*,#2327,.T.);
#2327 = EDGE_CURVE('',#1655,#2328,#2330,.T.);
#2328 = VERTEX_POINT('',#2329);
#2329 = CARTESIAN_POINT('',(116.98,3.75,4.35));
#2330 = LINE('',#2331,#2332);
#2331 = CARTESIAN_POINT('',(116.98,2.65,5.6));
#2332 = VECTOR('',#2333,1.);
#2333 = DIRECTION('',(0.,0.660627894892,-0.750713516923));
#2334 = ORIENTED_EDGE('',*,*,#2335,.T.);
#2335 = EDGE_CURVE('',#2328,#1647,#2336,.T.);
#2336 = LINE('',#2337,#2338);
#2337 = CARTESIAN_POINT('',(116.98,3.75,4.35));
#2338 = VECTOR('',#2339,1.);
#2339 = DIRECTION('',(0.,-0.660627894892,-0.750713516923));
#2340 = PLANE('',#2341);
#2341 = AXIS2_PLACEMENT_3D('',#2342,#2343,#2344);
#2342 = CARTESIAN_POINT('',(116.98,2.964157624696,4.35));
#2343 = DIRECTION('',(-1.,-0.,-0.));
#2344 = DIRECTION('',(0.,0.,-1.));
#2345 = ADVANCED_FACE('',(#2346),#2364,.F.);
#2346 = FACE_BOUND('',#2347,.F.);
#2347 = EDGE_LOOP('',(#2348,#2356,#2357,#2358));
#2348 = ORIENTED_EDGE('',*,*,#2349,.T.);
#2349 = EDGE_CURVE('',#2350,#2328,#2352,.T.);
#2350 = VERTEX_POINT('',#2351);
#2351 = CARTESIAN_POINT('',(94.98,3.75,4.35));
#2352 = LINE('',#2353,#2354);
#2353 = CARTESIAN_POINT('',(94.98,3.75,4.35));
#2354 = VECTOR('',#2355,1.);
#2355 = DIRECTION('',(1.,0.,0.));
#2356 = ORIENTED_EDGE('',*,*,#2335,.T.);
#2357 = ORIENTED_EDGE('',*,*,#1646,.F.);
#2358 = ORIENTED_EDGE('',*,*,#2359,.F.);
#2359 = EDGE_CURVE('',#2350,#1639,#2360,.T.);
#2360 = LINE('',#2361,#2362);
#2361 = CARTESIAN_POINT('',(94.98,3.75,4.35));
#2362 = VECTOR('',#2363,1.);
#2363 = DIRECTION('',(0.,-0.660627894892,-0.750713516923));
#2364 = PLANE('',#2365);
#2365 = AXIS2_PLACEMENT_3D('',#2366,#2367,#2368);
#2366 = CARTESIAN_POINT('',(94.98,3.75,4.35));
#2367 = DIRECTION('',(0.,0.750713516923,-0.660627894892));
#2368 = DIRECTION('',(0.,-0.660627894892,-0.750713516923));
#2369 = ADVANCED_FACE('',(#2370),#2380,.F.);
#2370 = FACE_BOUND('',#2371,.F.);
#2371 = EDGE_LOOP('',(#2372,#2373,#2379));
#2372 = ORIENTED_EDGE('',*,*,#1638,.T.);
#2373 = ORIENTED_EDGE('',*,*,#2374,.T.);
#2374 = EDGE_CURVE('',#1631,#2350,#2375,.T.);
#2375 = LINE('',#2376,#2377);
#2376 = CARTESIAN_POINT('',(94.98,2.65,5.6));
#2377 = VECTOR('',#2378,1.);
#2378 = DIRECTION('',(0.,0.660627894892,-0.750713516923));
#2379 = ORIENTED_EDGE('',*,*,#2359,.T.);
#2380 = PLANE('',#2381);
#2381 = AXIS2_PLACEMENT_3D('',#2382,#2383,#2384);
#2382 = CARTESIAN_POINT('',(94.98,2.964157624696,4.35));
#2383 = DIRECTION('',(-1.,-0.,-0.));
#2384 = DIRECTION('',(0.,0.,-1.));
#2385 = ADVANCED_FACE('',(#2386),#2403,.T.);
#2386 = FACE_BOUND('',#2387,.T.);
#2387 = EDGE_LOOP('',(#2388,#2389,#2397));
#2388 = ORIENTED_EDGE('',*,*,#1622,.T.);
#2389 = ORIENTED_EDGE('',*,*,#2390,.T.);
#2390 = EDGE_CURVE('',#1623,#2391,#2393,.T.);
#2391 = VERTEX_POINT('',#2392);
#2392 = CARTESIAN_POINT('',(56.42,3.75,4.35));
#2393 = LINE('',#2394,#2395);
#2394 = CARTESIAN_POINT('',(56.42,2.65,5.6));
#2395 = VECTOR('',#2396,1.);
#2396 = DIRECTION('',(0.,0.660627894892,-0.750713516923));
#2397 = ORIENTED_EDGE('',*,*,#2398,.T.);
#2398 = EDGE_CURVE('',#2391,#1615,#2399,.T.);
#2399 = LINE('',#2400,#2401);
#2400 = CARTESIAN_POINT('',(56.42,3.75,4.35));
#2401 = VECTOR('',#2402,1.);
#2402 = DIRECTION('',(0.,-0.660627894892,-0.750713516923));
#2403 = PLANE('',#2404);
#2404 = AXIS2_PLACEMENT_3D('',#2405,#2406,#2407);
#2405 = CARTESIAN_POINT('',(56.42,2.964157624696,4.35));
#2406 = DIRECTION('',(-1.,-0.,-0.));
#2407 = DIRECTION('',(0.,0.,-1.));
#2408 = ADVANCED_FACE('',(#2409),#2427,.F.);
#2409 = FACE_BOUND('',#2410,.F.);
#2410 = EDGE_LOOP('',(#2411,#2419,#2420,#2421));
#2411 = ORIENTED_EDGE('',*,*,#2412,.T.);
#2412 = EDGE_CURVE('',#2413,#2391,#2415,.T.);
#2413 = VERTEX_POINT('',#2414);
#2414 = CARTESIAN_POINT('',(34.42,3.75,4.35));
#2415 = LINE('',#2416,#2417);
#2416 = CARTESIAN_POINT('',(34.42,3.75,4.35));
#2417 = VECTOR('',#2418,1.);
#2418 = DIRECTION('',(1.,0.,0.));
#2419 = ORIENTED_EDGE('',*,*,#2398,.T.);
#2420 = ORIENTED_EDGE('',*,*,#1614,.F.);
#2421 = ORIENTED_EDGE('',*,*,#2422,.F.);
#2422 = EDGE_CURVE('',#2413,#1607,#2423,.T.);
#2423 = LINE('',#2424,#2425);
#2424 = CARTESIAN_POINT('',(34.42,3.75,4.35));
#2425 = VECTOR('',#2426,1.);
#2426 = DIRECTION('',(0.,-0.660627894892,-0.750713516923));
#2427 = PLANE('',#2428);
#2428 = AXIS2_PLACEMENT_3D('',#2429,#2430,#2431);
#2429 = CARTESIAN_POINT('',(34.42,3.75,4.35));
#2430 = DIRECTION('',(0.,0.750713516923,-0.660627894892));
#2431 = DIRECTION('',(0.,-0.660627894892,-0.750713516923));
#2432 = ADVANCED_FACE('',(#2433),#2443,.F.);
#2433 = FACE_BOUND('',#2434,.F.);
#2434 = EDGE_LOOP('',(#2435,#2436,#2442));
#2435 = ORIENTED_EDGE('',*,*,#1606,.T.);
#2436 = ORIENTED_EDGE('',*,*,#2437,.T.);
#2437 = EDGE_CURVE('',#1599,#2413,#2438,.T.);
#2438 = LINE('',#2439,#2440);
#2439 = CARTESIAN_POINT('',(34.42,2.65,5.6));
#2440 = VECTOR('',#2441,1.);
#2441 = DIRECTION('',(0.,0.660627894892,-0.750713516923));
#2442 = ORIENTED_EDGE('',*,*,#2422,.T.);
#2443 = PLANE('',#2444);
#2444 = AXIS2_PLACEMENT_3D('',#2445,#2446,#2447);
#2445 = CARTESIAN_POINT('',(34.42,2.964157624696,4.35));
#2446 = DIRECTION('',(-1.,-0.,-0.));
#2447 = DIRECTION('',(0.,0.,-1.));
#2448 = ADVANCED_FACE('',(#2449),#2455,.F.);
#2449 = FACE_BOUND('',#2450,.F.);
#2450 = EDGE_LOOP('',(#2451,#2452,#2453,#2454));
#2451 = ORIENTED_EDGE('',*,*,#1987,.F.);
#2452 = ORIENTED_EDGE('',*,*,#1955,.T.);
#2453 = ORIENTED_EDGE('',*,*,#1806,.T.);
#2454 = ORIENTED_EDGE('',*,*,#2002,.F.);
#2455 = PLANE('',#2456);
#2456 = AXIS2_PLACEMENT_3D('',#2457,#2458,#2459);
#2457 = CARTESIAN_POINT('',(74.93,44.85184,1.9));
#2458 = DIRECTION('',(1.,0.,-0.));
#2459 = DIRECTION('',(0.,0.,1.));
#2460 = ADVANCED_FACE('',(#2461),#2467,.T.);
#2461 = FACE_BOUND('',#2462,.T.);
#2462 = EDGE_LOOP('',(#2463,#2464,#2465,#2466));
#2463 = ORIENTED_EDGE('',*,*,#2292,.F.);
#2464 = ORIENTED_EDGE('',*,*,#1755,.T.);
#2465 = ORIENTED_EDGE('',*,*,#2309,.T.);
#2466 = ORIENTED_EDGE('',*,*,#2243,.F.);
#2467 = PLANE('',#2468);
#2468 = AXIS2_PLACEMENT_3D('',#2469,#2470,#2471);
#2469 = CARTESIAN_POINT('',(4.45,4.45,1.9));
#2470 = DIRECTION('',(-0.,1.,0.));
#2471 = DIRECTION('',(0.,0.,1.));
#2472 = ADVANCED_FACE('',(#2473),#2484,.F.);
#2473 = FACE_BOUND('',#2474,.F.);
#2474 = EDGE_LOOP('',(#2475,#2481,#2482,#2483));
#2475 = ORIENTED_EDGE('',*,*,#2476,.T.);
#2476 = EDGE_CURVE('',#1899,#1723,#2477,.T.);
#2477 = LINE('',#2478,#2479);
#2478 = CARTESIAN_POINT('',(60.97,45.05184,1.9));
#2479 = VECTOR('',#2480,1.);
#2480 = DIRECTION('',(-0.,0.,-1.));
#2481 = ORIENTED_EDGE('',*,*,#1730,.T.);
#2482 = ORIENTED_EDGE('',*,*,#1858,.T.);
#2483 = ORIENTED_EDGE('',*,*,#1898,.F.);
#2484 = PLANE('',#2485);
#2485 = AXIS2_PLACEMENT_3D('',#2486,#2487,#2488);
#2486 = CARTESIAN_POINT('',(4.45,45.05184,1.9));
#2487 = DIRECTION('',(-0.,1.,0.));
#2488 = DIRECTION('',(0.,0.,1.));
#2489 = ADVANCED_FACE('',(#2490),#2501,.T.);
#2490 = FACE_BOUND('',#2491,.T.);
#2491 = EDGE_LOOP('',(#2492,#2493,#2494,#2495));
#2492 = ORIENTED_EDGE('',*,*,#1906,.F.);
#2493 = ORIENTED_EDGE('',*,*,#2476,.T.);
#2494 = ORIENTED_EDGE('',*,*,#1722,.T.);
#2495 = ORIENTED_EDGE('',*,*,#2496,.F.);
#2496 = EDGE_CURVE('',#1907,#1715,#2497,.T.);
#2497 = LINE('',#2498,#2499);
#2498 = CARTESIAN_POINT('',(60.97,46.85184,2.15));
#2499 = VECTOR('',#2500,1.);
#2500 = DIRECTION('',(-0.,0.,-1.));
#2501 = PLANE('',#2502);
#2502 = AXIS2_PLACEMENT_3D('',#2503,#2504,#2505);
#2503 = CARTESIAN_POINT('',(60.97,44.85184,1.9));
#2504 = DIRECTION('',(1.,0.,-0.));
#2505 = DIRECTION('',(0.,0.,1.));
#2506 = ADVANCED_FACE('',(#2507),#2536,.T.);
#2507 = FACE_BOUND('',#2508,.T.);
#2508 = EDGE_LOOP('',(#2509,#2510,#2511,#2512,#2520,#2528,#2534,#2535));
#2509 = ORIENTED_EDGE('',*,*,#1714,.F.);
#2510 = ORIENTED_EDGE('',*,*,#1938,.T.);
#2511 = ORIENTED_EDGE('',*,*,#1880,.T.);
#2512 = ORIENTED_EDGE('',*,*,#2513,.F.);
#2513 = EDGE_CURVE('',#2514,#1883,#2516,.T.);
#2514 = VERTEX_POINT('',#2515);
#2515 = CARTESIAN_POINT('',(34.42,46.85184,3.1));
#2516 = LINE('',#2517,#2518);
#2517 = CARTESIAN_POINT('',(34.42,46.85184,3.1));
#2518 = VECTOR('',#2519,1.);
#2519 = DIRECTION('',(0.,0.,1.));
#2520 = ORIENTED_EDGE('',*,*,#2521,.T.);
#2521 = EDGE_CURVE('',#2514,#2522,#2524,.T.);
#2522 = VERTEX_POINT('',#2523);
#2523 = CARTESIAN_POINT('',(56.42,46.85184,3.1));
#2524 = LINE('',#2525,#2526);
#2525 = CARTESIAN_POINT('',(34.42,46.85184,3.1));
#2526 = VECTOR('',#2527,1.);
#2527 = DIRECTION('',(1.,0.,0.));
#2528 = ORIENTED_EDGE('',*,*,#2529,.T.);
#2529 = EDGE_CURVE('',#2522,#1915,#2530,.T.);
#2530 = LINE('',#2531,#2532);
#2531 = CARTESIAN_POINT('',(56.42,46.85184,3.1));
#2532 = VECTOR('',#2533,1.);
#2533 = DIRECTION('',(0.,0.,1.));
#2534 = ORIENTED_EDGE('',*,*,#1914,.T.);
#2535 = ORIENTED_EDGE('',*,*,#2496,.T.);
#2536 = PLANE('',#2537);
#2537 = AXIS2_PLACEMENT_3D('',#2538,#2539,#2540);
#2538 = CARTESIAN_POINT('',(2.65,46.85184,2.4));
#2539 = DIRECTION('',(-0.,1.,0.));
#2540 = DIRECTION('',(0.,0.,1.));
#2541 = ADVANCED_FACE('',(#2542),#2567,.T.);
#2542 = FACE_BOUND('',#2543,.T.);
#2543 = EDGE_LOOP('',(#2544,#2545,#2553,#2561));
#2544 = ORIENTED_EDGE('',*,*,#1922,.T.);
#2545 = ORIENTED_EDGE('',*,*,#2546,.T.);
#2546 = EDGE_CURVE('',#1915,#2547,#2549,.T.);
#2547 = VERTEX_POINT('',#2548);
#2548 = CARTESIAN_POINT('',(56.42,45.75184,4.35));
#2549 = LINE('',#2550,#2551);
#2550 = CARTESIAN_POINT('',(56.42,46.85184,5.6));
#2551 = VECTOR('',#2552,1.);
#2552 = DIRECTION('',(0.,-0.660627894892,-0.750713516923));
#2553 = ORIENTED_EDGE('',*,*,#2554,.F.);
#2554 = EDGE_CURVE('',#2555,#2547,#2557,.T.);
#2555 = VERTEX_POINT('',#2556);
#2556 = CARTESIAN_POINT('',(34.42,45.75184,4.35));
#2557 = LINE('',#2558,#2559);
#2558 = CARTESIAN_POINT('',(34.42,45.75184,4.35));
#2559 = VECTOR('',#2560,1.);
#2560 = DIRECTION('',(1.,0.,0.));
#2561 = ORIENTED_EDGE('',*,*,#2562,.F.);
#2562 = EDGE_CURVE('',#1883,#2555,#2563,.T.);
#2563 = LINE('',#2564,#2565);
#2564 = CARTESIAN_POINT('',(34.42,46.85184,5.6));
#2565 = VECTOR('',#2566,1.);
#2566 = DIRECTION('',(0.,-0.660627894892,-0.750713516923));
#2567 = PLANE('',#2568);
#2568 = AXIS2_PLACEMENT_3D('',#2569,#2570,#2571);
#2569 = CARTESIAN_POINT('',(34.42,46.85184,5.6));
#2570 = DIRECTION('',(0.,0.750713516923,-0.660627894892));
#2571 = DIRECTION('',(0.,-0.660627894892,-0.750713516923));
#2572 = ADVANCED_FACE('',(#2573),#2598,.T.);
#2573 = FACE_BOUND('',#2574,.T.);
#2574 = EDGE_LOOP('',(#2575,#2576,#2584,#2592));
#2575 = ORIENTED_EDGE('',*,*,#2065,.T.);
#2576 = ORIENTED_EDGE('',*,*,#2577,.T.);
#2577 = EDGE_CURVE('',#2058,#2578,#2580,.T.);
#2578 = VERTEX_POINT('',#2579);
#2579 = CARTESIAN_POINT('',(116.98,45.75184,4.35));
#2580 = LINE('',#2581,#2582);
#2581 = CARTESIAN_POINT('',(116.98,46.85184,5.6));
#2582 = VECTOR('',#2583,1.);
#2583 = DIRECTION('',(0.,-0.660627894892,-0.750713516923));
#2584 = ORIENTED_EDGE('',*,*,#2585,.F.);
#2585 = EDGE_CURVE('',#2586,#2578,#2588,.T.);
#2586 = VERTEX_POINT('',#2587);
#2587 = CARTESIAN_POINT('',(94.98,45.75184,4.35));
#2588 = LINE('',#2589,#2590);
#2589 = CARTESIAN_POINT('',(94.98,45.75184,4.35));
#2590 = VECTOR('',#2591,1.);
#2591 = DIRECTION('',(1.,0.,0.));
#2592 = ORIENTED_EDGE('',*,*,#2593,.F.);
#2593 = EDGE_CURVE('',#2066,#2586,#2594,.T.);
#2594 = LINE('',#2595,#2596);
#2595 = CARTESIAN_POINT('',(94.98,46.85184,5.6));
#2596 = VECTOR('',#2597,1.);
#2597 = DIRECTION('',(0.,-0.660627894892,-0.750713516923));
#2598 = PLANE('',#2599);
#2599 = AXIS2_PLACEMENT_3D('',#2600,#2601,#2602);
#2600 = CARTESIAN_POINT('',(94.98,46.85184,5.6));
#2601 = DIRECTION('',(0.,0.750713516923,-0.660627894892));
#2602 = DIRECTION('',(0.,-0.660627894892,-0.750713516923));
#2603 = ADVANCED_FACE('',(#2604),#2614,.F.);
#2604 = FACE_BOUND('',#2605,.F.);
#2605 = EDGE_LOOP('',(#2606,#2607,#2608));
#2606 = ORIENTED_EDGE('',*,*,#2115,.T.);
#2607 = ORIENTED_EDGE('',*,*,#2577,.T.);
#2608 = ORIENTED_EDGE('',*,*,#2609,.T.);
#2609 = EDGE_CURVE('',#2578,#2108,#2610,.T.);
#2610 = LINE('',#2611,#2612);
#2611 = CARTESIAN_POINT('',(116.98,45.75184,4.35));
#2612 = VECTOR('',#2613,1.);
#2613 = DIRECTION('',(0.,0.660627894892,-0.750713516923));
#2614 = PLANE('',#2615);
#2615 = AXIS2_PLACEMENT_3D('',#2616,#2617,#2618);
#2616 = CARTESIAN_POINT('',(116.98,46.537682375304,4.35));
#2617 = DIRECTION('',(1.,0.,0.));
#2618 = DIRECTION('',(-0.,0.,1.));
#2619 = ADVANCED_FACE('',(#2620),#2631,.T.);
#2620 = FACE_BOUND('',#2621,.T.);
#2621 = EDGE_LOOP('',(#2622,#2623,#2624,#2625));
#2622 = ORIENTED_EDGE('',*,*,#2585,.T.);
#2623 = ORIENTED_EDGE('',*,*,#2609,.T.);
#2624 = ORIENTED_EDGE('',*,*,#2107,.F.);
#2625 = ORIENTED_EDGE('',*,*,#2626,.F.);
#2626 = EDGE_CURVE('',#2586,#2100,#2627,.T.);
#2627 = LINE('',#2628,#2629);
#2628 = CARTESIAN_POINT('',(94.98,45.75184,4.35));
#2629 = VECTOR('',#2630,1.);
#2630 = DIRECTION('',(0.,0.660627894892,-0.750713516923));
#2631 = PLANE('',#2632);
#2632 = AXIS2_PLACEMENT_3D('',#2633,#2634,#2635);
#2633 = CARTESIAN_POINT('',(94.98,45.75184,4.35));
#2634 = DIRECTION('',(-0.,0.750713516923,0.660627894892));
#2635 = DIRECTION('',(0.,0.660627894892,-0.750713516923));
#2636 = ADVANCED_FACE('',(#2637),#2642,.T.);
#2637 = FACE_BOUND('',#2638,.T.);
#2638 = EDGE_LOOP('',(#2639,#2640,#2641));
#2639 = ORIENTED_EDGE('',*,*,#2099,.T.);
#2640 = ORIENTED_EDGE('',*,*,#2593,.T.);
#2641 = ORIENTED_EDGE('',*,*,#2626,.T.);
#2642 = PLANE('',#2643);
#2643 = AXIS2_PLACEMENT_3D('',#2644,#2645,#2646);
#2644 = CARTESIAN_POINT('',(94.98,46.537682375304,4.35));
#2645 = DIRECTION('',(1.,0.,0.));
#2646 = DIRECTION('',(-0.,0.,1.));
#2647 = ADVANCED_FACE('',(#2648),#2654,.F.);
#2648 = FACE_BOUND('',#2649,.F.);
#2649 = EDGE_LOOP('',(#2650,#2651,#2652,#2653));
#2650 = ORIENTED_EDGE('',*,*,#2269,.T.);
#2651 = ORIENTED_EDGE('',*,*,#2327,.T.);
#2652 = ORIENTED_EDGE('',*,*,#2349,.F.);
#2653 = ORIENTED_EDGE('',*,*,#2374,.F.);
#2654 = PLANE('',#2655);
#2655 = AXIS2_PLACEMENT_3D('',#2656,#2657,#2658);
#2656 = CARTESIAN_POINT('',(94.98,2.65,5.6));
#2657 = DIRECTION('',(-0.,0.750713516923,0.660627894892));
#2658 = DIRECTION('',(0.,0.660627894892,-0.750713516923));
#2659 = ADVANCED_FACE('',(#2660),#2666,.F.);
#2660 = FACE_BOUND('',#2661,.F.);
#2661 = EDGE_LOOP('',(#2662,#2663,#2664,#2665));
#2662 = ORIENTED_EDGE('',*,*,#2262,.T.);
#2663 = ORIENTED_EDGE('',*,*,#2390,.T.);
#2664 = ORIENTED_EDGE('',*,*,#2412,.F.);
#2665 = ORIENTED_EDGE('',*,*,#2437,.F.);
#2666 = PLANE('',#2667);
#2667 = AXIS2_PLACEMENT_3D('',#2668,#2669,#2670);
#2668 = CARTESIAN_POINT('',(34.42,2.65,5.6));
#2669 = DIRECTION('',(-0.,0.750713516923,0.660627894892));
#2670 = DIRECTION('',(0.,0.660627894892,-0.750713516923));
#2671 = ADVANCED_FACE('',(#2672),#2682,.F.);
#2672 = FACE_BOUND('',#2673,.F.);
#2673 = EDGE_LOOP('',(#2674,#2675,#2676));
#2674 = ORIENTED_EDGE('',*,*,#2529,.T.);
#2675 = ORIENTED_EDGE('',*,*,#2546,.T.);
#2676 = ORIENTED_EDGE('',*,*,#2677,.T.);
#2677 = EDGE_CURVE('',#2547,#2522,#2678,.T.);
#2678 = LINE('',#2679,#2680);
#2679 = CARTESIAN_POINT('',(56.42,45.75184,4.35));
#2680 = VECTOR('',#2681,1.);
#2681 = DIRECTION('',(0.,0.660627894892,-0.750713516923));
#2682 = PLANE('',#2683);
#2683 = AXIS2_PLACEMENT_3D('',#2684,#2685,#2686);
#2684 = CARTESIAN_POINT('',(56.42,46.537682375304,4.35));
#2685 = DIRECTION('',(1.,0.,0.));
#2686 = DIRECTION('',(-0.,0.,1.));
#2687 = ADVANCED_FACE('',(#2688),#2699,.T.);
#2688 = FACE_BOUND('',#2689,.T.);
#2689 = EDGE_LOOP('',(#2690,#2691,#2692,#2693));
#2690 = ORIENTED_EDGE('',*,*,#2554,.T.);
#2691 = ORIENTED_EDGE('',*,*,#2677,.T.);
#2692 = ORIENTED_EDGE('',*,*,#2521,.F.);
#2693 = ORIENTED_EDGE('',*,*,#2694,.F.);
#2694 = EDGE_CURVE('',#2555,#2514,#2695,.T.);
#2695 = LINE('',#2696,#2697);
#2696 = CARTESIAN_POINT('',(34.42,45.75184,4.35));
#2697 = VECTOR('',#2698,1.);
#2698 = DIRECTION('',(0.,0.660627894892,-0.750713516923));
#2699 = PLANE('',#2700);
#2700 = AXIS2_PLACEMENT_3D('',#2701,#2702,#2703);
#2701 = CARTESIAN_POINT('',(34.42,45.75184,4.35));
#2702 = DIRECTION('',(-0.,0.750713516923,0.660627894892));
#2703 = DIRECTION('',(0.,0.660627894892,-0.750713516923));
#2704 = ADVANCED_FACE('',(#2705),#2710,.T.);
#2705 = FACE_BOUND('',#2706,.T.);
#2706 = EDGE_LOOP('',(#2707,#2708,#2709));
#2707 = ORIENTED_EDGE('',*,*,#2513,.T.);
#2708 = ORIENTED_EDGE('',*,*,#2562,.T.);
#2709 = ORIENTED_EDGE('',*,*,#2694,.T.);
#2710 = PLANE('',#2711);
#2711 = AXIS2_PLACEMENT_3D('',#2712,#2713,#2714);
#2712 = CARTESIAN_POINT('',(34.42,46.537682375304,4.35));
#2713 = DIRECTION('',(1.,0.,0.));
#2714 = DIRECTION('',(-0.,0.,1.));
#2715 = ( GEOMETRIC_REPRESENTATION_CONTEXT(3) 
GLOBAL_UNCERTAINTY_ASSIGNED_CONTEXT((#2719)) 
GLOBAL_UNIT_ASSIGNED_CONTEXT((#2716,#2717,#2718)) REPRESENTATION_CONTEXT
('Context #1','3D Context with UNIT and UNCERTAINTY') );
#2716 = ( LENGTH_UNIT() NAMED_UNIT(*) SI_UNIT(.MILLI.,.METRE.) );
#2717 = ( NAMED_UNIT(*) PLANE_ANGLE_UNIT() SI_UNIT($,.RADIAN.) );
#2718 = ( NAMED_UNIT(*) SI_UNIT($,.STERADIAN.) SOLID_ANGLE_UNIT() );
#2719 = UNCERTAINTY_MEASURE_WITH_UNIT(LENGTH_MEASURE(1.E-07),#2716,
  'distance_accuracy_value','confusion accuracy');
#2720 = PRODUCT_RELATED_PRODUCT_CATEGORY('part',$,(#7));
ENDSEC;
END-ISO-10303-21;
