ISO-10303-21;
HEADER;
FILE_DESCRIPTION(('FreeCAD Model'),'2;1');
FILE_NAME('Open CASCADE Shape Model','2026-07-03T20:32:56',('FreeCAD'),(
    'FreeCAD'),'Open CASCADE STEP processor 7.9','FreeCAD','Unknown');
FILE_SCHEMA(('AUTOMOTIVE_DESIGN { 1 0 10303 214 1 1 1 1 }'));
ENDSEC;
DATA;
#1 = APPLICATION_PROTOCOL_DEFINITION('international standard',
  'automotive_design',2000,#2);
#2 = APPLICATION_CONTEXT(
  'core data for automotive mechanical design processes');
#3 = SHAPE_DEFINITION_REPRESENTATION(#4,#10);
#4 = PRODUCT_DEFINITION_SHAPE('','',#5);
#5 = PRODUCT_DEFINITION('design','',#6,#9);
#6 = PRODUCT_DEFINITION_FORMATION('','',#7);
#7 = PRODUCT('Open CASCADE STEP translator 7.9 1',
  'Open CASCADE STEP translator 7.9 1','',(#8));
#8 = PRODUCT_CONTEXT('',#2,'mechanical');
#9 = PRODUCT_DEFINITION_CONTEXT('part definition',#2,'design');
#10 = ADVANCED_BREP_SHAPE_REPRESENTATION('',(#11,#15),#3119);
#11 = AXIS2_PLACEMENT_3D('',#12,#13,#14);
#12 = CARTESIAN_POINT('',(0.,0.,0.));
#13 = DIRECTION('',(0.,0.,1.));
#14 = DIRECTION('',(1.,0.,-0.));
#15 = MANIFOLD_SOLID_BREP('',#16);
#16 = CLOSED_SHELL('',(#17,#89,#122,#155,#187,#211,#244,#269,#302,#335,
    #352,#369,#400,#530,#572,#642,#659,#676,#707,#864,#910,#956,#1047,
    #1103,#1191,#1224,#1249,#1308,#1482,#1499,#1524,#1549,#1589,#1676,
    #1720,#1867,#1892,#1917,#1942,#1954,#1971,#2022,#2214,#2239,#2264,
    #2297,#2314,#2331,#2343,#2367,#2391,#2408,#2432,#2465,#2489,#2522,
    #2546,#2579,#2638,#2671,#2713,#2730,#2747,#2756,#2765,#2789,#2813,
    #2830,#2842,#2877,#2886,#2911,#2928,#2946,#2963,#2980,#2992,#3010,
    #3028,#3053,#3065,#3083,#3094,#3103));
#17 = ADVANCED_FACE('',(#18),#84,.F.);
#18 = FACE_BOUND('',#19,.F.);
#19 = EDGE_LOOP('',(#20,#30,#38,#46,#54,#62,#70,#78));
#20 = ORIENTED_EDGE('',*,*,#21,.F.);
#21 = EDGE_CURVE('',#22,#24,#26,.T.);
#22 = VERTEX_POINT('',#23);
#23 = CARTESIAN_POINT('',(-2.22044604925E-16,1.3,1.3));
#24 = VERTEX_POINT('',#25);
#25 = CARTESIAN_POINT('',(-2.22044604925E-16,1.3,21.7));
#26 = LINE('',#27,#28);
#27 = CARTESIAN_POINT('',(-2.22044604925E-16,1.3,0.));
#28 = VECTOR('',#29,1.);
#29 = DIRECTION('',(0.,0.,1.));
#30 = ORIENTED_EDGE('',*,*,#31,.T.);
#31 = EDGE_CURVE('',#22,#32,#34,.T.);
#32 = VERTEX_POINT('',#33);
#33 = CARTESIAN_POINT('',(-2.22044604925E-16,48.20184,1.3));
#34 = LINE('',#35,#36);
#35 = CARTESIAN_POINT('',(-2.22044604925E-16,0.,1.3));
#36 = VECTOR('',#37,1.);
#37 = DIRECTION('',(-0.,1.,0.));
#38 = ORIENTED_EDGE('',*,*,#39,.T.);
#39 = EDGE_CURVE('',#32,#40,#42,.T.);
#40 = VERTEX_POINT('',#41);
#41 = CARTESIAN_POINT('',(-2.22044604925E-16,48.20184,21.7));
#42 = LINE('',#43,#44);
#43 = CARTESIAN_POINT('',(-2.22044604925E-16,48.20184,0.));
#44 = VECTOR('',#45,1.);
#45 = DIRECTION('',(0.,0.,1.));
#46 = ORIENTED_EDGE('',*,*,#47,.F.);
#47 = EDGE_CURVE('',#48,#40,#50,.T.);
#48 = VERTEX_POINT('',#49);
#49 = CARTESIAN_POINT('',(-2.22044604925E-16,30.8875,21.7));
#50 = LINE('',#51,#52);
#51 = CARTESIAN_POINT('',(-2.22044604925E-16,0.,21.7));
#52 = VECTOR('',#53,1.);
#53 = DIRECTION('',(-0.,1.,0.));
#54 = ORIENTED_EDGE('',*,*,#55,.F.);
#55 = EDGE_CURVE('',#56,#48,#58,.T.);
#56 = VERTEX_POINT('',#57);
#57 = CARTESIAN_POINT('',(0.,30.8875,2.2));
#58 = LINE('',#59,#60);
#59 = CARTESIAN_POINT('',(0.,30.8875,1.1));
#60 = VECTOR('',#61,1.);
#61 = DIRECTION('',(0.,0.,1.));
#62 = ORIENTED_EDGE('',*,*,#63,.T.);
#63 = EDGE_CURVE('',#56,#64,#66,.T.);
#64 = VERTEX_POINT('',#65);
#65 = CARTESIAN_POINT('',(0.,13.6125,2.2));
#66 = LINE('',#67,#68);
#67 = CARTESIAN_POINT('',(0.,6.80625,2.2));
#68 = VECTOR('',#69,1.);
#69 = DIRECTION('',(0.,-1.,0.));
#70 = ORIENTED_EDGE('',*,*,#71,.T.);
#71 = EDGE_CURVE('',#64,#72,#74,.T.);
#72 = VERTEX_POINT('',#73);
#73 = CARTESIAN_POINT('',(-2.22044604925E-16,13.6125,21.7));
#74 = LINE('',#75,#76);
#75 = CARTESIAN_POINT('',(0.,13.6125,1.1));
#76 = VECTOR('',#77,1.);
#77 = DIRECTION('',(0.,0.,1.));
#78 = ORIENTED_EDGE('',*,*,#79,.F.);
#79 = EDGE_CURVE('',#24,#72,#80,.T.);
#80 = LINE('',#81,#82);
#81 = CARTESIAN_POINT('',(-2.22044604925E-16,0.,21.7));
#82 = VECTOR('',#83,1.);
#83 = DIRECTION('',(-0.,1.,0.));
#84 = PLANE('',#85);
#85 = AXIS2_PLACEMENT_3D('',#86,#87,#88);
#86 = CARTESIAN_POINT('',(0.,0.,0.));
#87 = DIRECTION('',(1.,0.,-0.));
#88 = DIRECTION('',(0.,0.,1.));
#89 = ADVANCED_FACE('',(#90),#117,.T.);
#90 = FACE_BOUND('',#91,.T.);
#91 = EDGE_LOOP('',(#92,#93,#102,#110));
#92 = ORIENTED_EDGE('',*,*,#21,.F.);
#93 = ORIENTED_EDGE('',*,*,#94,.T.);
#94 = EDGE_CURVE('',#22,#95,#97,.T.);
#95 = VERTEX_POINT('',#96);
#96 = CARTESIAN_POINT('',(1.3,-2.22044604925E-16,1.3));
#97 = CIRCLE('',#98,1.3);
#98 = AXIS2_PLACEMENT_3D('',#99,#100,#101);
#99 = CARTESIAN_POINT('',(1.3,1.3,1.3));
#100 = DIRECTION('',(0.,0.,1.));
#101 = DIRECTION('',(-1.,0.,0.));
#102 = ORIENTED_EDGE('',*,*,#103,.T.);
#103 = EDGE_CURVE('',#95,#104,#106,.T.);
#104 = VERTEX_POINT('',#105);
#105 = CARTESIAN_POINT('',(1.3,-2.22044604925E-16,21.7));
#106 = LINE('',#107,#108);
#107 = CARTESIAN_POINT('',(1.3,-2.22044604925E-16,0.));
#108 = VECTOR('',#109,1.);
#109 = DIRECTION('',(0.,0.,1.));
#110 = ORIENTED_EDGE('',*,*,#111,.F.);
#111 = EDGE_CURVE('',#24,#104,#112,.T.);
#112 = CIRCLE('',#113,1.3);
#113 = AXIS2_PLACEMENT_3D('',#114,#115,#116);
#114 = CARTESIAN_POINT('',(1.3,1.3,21.7));
#115 = DIRECTION('',(0.,0.,1.));
#116 = DIRECTION('',(-1.,0.,0.));
#117 = CYLINDRICAL_SURFACE('',#118,1.3);
#118 = AXIS2_PLACEMENT_3D('',#119,#120,#121);
#119 = CARTESIAN_POINT('',(1.3,1.3,0.));
#120 = DIRECTION('',(0.,0.,1.));
#121 = DIRECTION('',(-1.,-0.,0.));
#122 = ADVANCED_FACE('',(#123),#150,.T.);
#123 = FACE_BOUND('',#124,.T.);
#124 = EDGE_LOOP('',(#125,#134,#142,#149));
#125 = ORIENTED_EDGE('',*,*,#126,.F.);
#126 = EDGE_CURVE('',#127,#24,#129,.T.);
#127 = VERTEX_POINT('',#128);
#128 = CARTESIAN_POINT('',(1.3,1.3,23.));
#129 = CIRCLE('',#130,1.3);
#130 = AXIS2_PLACEMENT_3D('',#131,#132,#133);
#131 = CARTESIAN_POINT('',(1.3,1.3,21.7));
#132 = DIRECTION('',(0.,-1.,0.));
#133 = DIRECTION('',(-1.,0.,0.));
#134 = ORIENTED_EDGE('',*,*,#135,.T.);
#135 = EDGE_CURVE('',#127,#136,#138,.T.);
#136 = VERTEX_POINT('',#137);
#137 = CARTESIAN_POINT('',(1.3,13.6125,23.));
#138 = LINE('',#139,#140);
#139 = CARTESIAN_POINT('',(1.3,0.,23.));
#140 = VECTOR('',#141,1.);
#141 = DIRECTION('',(-0.,1.,0.));
#142 = ORIENTED_EDGE('',*,*,#143,.F.);
#143 = EDGE_CURVE('',#72,#136,#144,.T.);
#144 = CIRCLE('',#145,1.3);
#145 = AXIS2_PLACEMENT_3D('',#146,#147,#148);
#146 = CARTESIAN_POINT('',(1.3,13.6125,21.7));
#147 = DIRECTION('',(-0.,1.,0.));
#148 = DIRECTION('',(-1.,-0.,0.));
#149 = ORIENTED_EDGE('',*,*,#79,.F.);
#150 = CYLINDRICAL_SURFACE('',#151,1.3);
#151 = AXIS2_PLACEMENT_3D('',#152,#153,#154);
#152 = CARTESIAN_POINT('',(1.3,0.,21.7));
#153 = DIRECTION('',(-0.,1.,0.));
#154 = DIRECTION('',(-1.,-0.,0.));
#155 = ADVANCED_FACE('',(#156),#182,.T.);
#156 = FACE_BOUND('',#157,.T.);
#157 = EDGE_LOOP('',(#158,#166,#167,#168,#176));
#158 = ORIENTED_EDGE('',*,*,#159,.F.);
#159 = EDGE_CURVE('',#64,#160,#162,.T.);
#160 = VERTEX_POINT('',#161);
#161 = CARTESIAN_POINT('',(2.4,13.6125,2.2));
#162 = LINE('',#163,#164);
#163 = CARTESIAN_POINT('',(-1.,13.6125,2.2));
#164 = VECTOR('',#165,1.);
#165 = DIRECTION('',(1.,0.,-0.));
#166 = ORIENTED_EDGE('',*,*,#71,.T.);
#167 = ORIENTED_EDGE('',*,*,#143,.T.);
#168 = ORIENTED_EDGE('',*,*,#169,.F.);
#169 = EDGE_CURVE('',#170,#136,#172,.T.);
#170 = VERTEX_POINT('',#171);
#171 = CARTESIAN_POINT('',(2.4,13.6125,23.));
#172 = LINE('',#173,#174);
#173 = CARTESIAN_POINT('',(37.377915736207,13.6125,23.));
#174 = VECTOR('',#175,1.);
#175 = DIRECTION('',(-1.,-0.,0.));
#176 = ORIENTED_EDGE('',*,*,#177,.F.);
#177 = EDGE_CURVE('',#160,#170,#178,.T.);
#178 = LINE('',#179,#180);
#179 = CARTESIAN_POINT('',(2.4,13.6125,2.1));
#180 = VECTOR('',#181,1.);
#181 = DIRECTION('',(0.,0.,1.));
#182 = PLANE('',#183);
#183 = AXIS2_PLACEMENT_3D('',#184,#185,#186);
#184 = CARTESIAN_POINT('',(-1.,13.6125,2.2));
#185 = DIRECTION('',(-0.,1.,0.));
#186 = DIRECTION('',(0.,0.,1.));
#187 = ADVANCED_FACE('',(#188),#206,.T.);
#188 = FACE_BOUND('',#189,.T.);
#189 = EDGE_LOOP('',(#190,#198,#199,#200));
#190 = ORIENTED_EDGE('',*,*,#191,.F.);
#191 = EDGE_CURVE('',#56,#192,#194,.T.);
#192 = VERTEX_POINT('',#193);
#193 = CARTESIAN_POINT('',(2.4,30.8875,2.2));
#194 = LINE('',#195,#196);
#195 = CARTESIAN_POINT('',(-1.,30.8875,2.2));
#196 = VECTOR('',#197,1.);
#197 = DIRECTION('',(1.,0.,-0.));
#198 = ORIENTED_EDGE('',*,*,#63,.T.);
#199 = ORIENTED_EDGE('',*,*,#159,.T.);
#200 = ORIENTED_EDGE('',*,*,#201,.F.);
#201 = EDGE_CURVE('',#192,#160,#202,.T.);
#202 = LINE('',#203,#204);
#203 = CARTESIAN_POINT('',(2.4,8.00625,2.2));
#204 = VECTOR('',#205,1.);
#205 = DIRECTION('',(0.,-1.,0.));
#206 = PLANE('',#207);
#207 = AXIS2_PLACEMENT_3D('',#208,#209,#210);
#208 = CARTESIAN_POINT('',(-1.,13.6125,2.2));
#209 = DIRECTION('',(0.,0.,1.));
#210 = DIRECTION('',(1.,0.,-0.));
#211 = ADVANCED_FACE('',(#212),#239,.F.);
#212 = FACE_BOUND('',#213,.F.);
#213 = EDGE_LOOP('',(#214,#215,#216,#225,#233));
#214 = ORIENTED_EDGE('',*,*,#191,.F.);
#215 = ORIENTED_EDGE('',*,*,#55,.T.);
#216 = ORIENTED_EDGE('',*,*,#217,.T.);
#217 = EDGE_CURVE('',#48,#218,#220,.T.);
#218 = VERTEX_POINT('',#219);
#219 = CARTESIAN_POINT('',(1.3,30.8875,23.));
#220 = CIRCLE('',#221,1.3);
#221 = AXIS2_PLACEMENT_3D('',#222,#223,#224);
#222 = CARTESIAN_POINT('',(1.3,30.8875,21.7));
#223 = DIRECTION('',(-0.,1.,0.));
#224 = DIRECTION('',(-1.,-0.,0.));
#225 = ORIENTED_EDGE('',*,*,#226,.F.);
#226 = EDGE_CURVE('',#227,#218,#229,.T.);
#227 = VERTEX_POINT('',#228);
#228 = CARTESIAN_POINT('',(2.4,30.8875,23.));
#229 = LINE('',#230,#231);
#230 = CARTESIAN_POINT('',(37.377915736207,30.8875,23.));
#231 = VECTOR('',#232,1.);
#232 = DIRECTION('',(-1.,-0.,0.));
#233 = ORIENTED_EDGE('',*,*,#234,.F.);
#234 = EDGE_CURVE('',#192,#227,#235,.T.);
#235 = LINE('',#236,#237);
#236 = CARTESIAN_POINT('',(2.4,30.8875,2.1));
#237 = VECTOR('',#238,1.);
#238 = DIRECTION('',(0.,0.,1.));
#239 = PLANE('',#240);
#240 = AXIS2_PLACEMENT_3D('',#241,#242,#243);
#241 = CARTESIAN_POINT('',(-1.,30.8875,2.2));
#242 = DIRECTION('',(-0.,1.,0.));
#243 = DIRECTION('',(0.,0.,1.));
#244 = ADVANCED_FACE('',(#245),#264,.T.);
#245 = FACE_BOUND('',#246,.T.);
#246 = EDGE_LOOP('',(#247,#248,#256,#263));
#247 = ORIENTED_EDGE('',*,*,#217,.T.);
#248 = ORIENTED_EDGE('',*,*,#249,.T.);
#249 = EDGE_CURVE('',#218,#250,#252,.T.);
#250 = VERTEX_POINT('',#251);
#251 = CARTESIAN_POINT('',(1.3,48.20184,23.));
#252 = LINE('',#253,#254);
#253 = CARTESIAN_POINT('',(1.3,0.,23.));
#254 = VECTOR('',#255,1.);
#255 = DIRECTION('',(-0.,1.,0.));
#256 = ORIENTED_EDGE('',*,*,#257,.F.);
#257 = EDGE_CURVE('',#40,#250,#258,.T.);
#258 = CIRCLE('',#259,1.3);
#259 = AXIS2_PLACEMENT_3D('',#260,#261,#262);
#260 = CARTESIAN_POINT('',(1.3,48.20184,21.7));
#261 = DIRECTION('',(-0.,1.,0.));
#262 = DIRECTION('',(-1.,-0.,0.));
#263 = ORIENTED_EDGE('',*,*,#47,.F.);
#264 = CYLINDRICAL_SURFACE('',#265,1.3);
#265 = AXIS2_PLACEMENT_3D('',#266,#267,#268);
#266 = CARTESIAN_POINT('',(1.3,0.,21.7));
#267 = DIRECTION('',(-0.,1.,0.));
#268 = DIRECTION('',(-1.,-0.,0.));
#269 = ADVANCED_FACE('',(#270),#297,.T.);
#270 = FACE_BOUND('',#271,.F.);
#271 = EDGE_LOOP('',(#272,#273,#282,#290));
#272 = ORIENTED_EDGE('',*,*,#39,.F.);
#273 = ORIENTED_EDGE('',*,*,#274,.T.);
#274 = EDGE_CURVE('',#32,#275,#277,.T.);
#275 = VERTEX_POINT('',#276);
#276 = CARTESIAN_POINT('',(1.3,49.50184,1.3));
#277 = CIRCLE('',#278,1.3);
#278 = AXIS2_PLACEMENT_3D('',#279,#280,#281);
#279 = CARTESIAN_POINT('',(1.3,48.20184,1.3));
#280 = DIRECTION('',(-0.,0.,-1.));
#281 = DIRECTION('',(-1.,0.,0.));
#282 = ORIENTED_EDGE('',*,*,#283,.T.);
#283 = EDGE_CURVE('',#275,#284,#286,.T.);
#284 = VERTEX_POINT('',#285);
#285 = CARTESIAN_POINT('',(1.3,49.50184,21.7));
#286 = LINE('',#287,#288);
#287 = CARTESIAN_POINT('',(1.3,49.50184,0.));
#288 = VECTOR('',#289,1.);
#289 = DIRECTION('',(0.,0.,1.));
#290 = ORIENTED_EDGE('',*,*,#291,.T.);
#291 = EDGE_CURVE('',#284,#40,#292,.T.);
#292 = CIRCLE('',#293,1.3);
#293 = AXIS2_PLACEMENT_3D('',#294,#295,#296);
#294 = CARTESIAN_POINT('',(1.3,48.20184,21.7));
#295 = DIRECTION('',(0.,0.,1.));
#296 = DIRECTION('',(-1.,-0.,0.));
#297 = CYLINDRICAL_SURFACE('',#298,1.3);
#298 = AXIS2_PLACEMENT_3D('',#299,#300,#301);
#299 = CARTESIAN_POINT('',(1.3,48.20184,0.));
#300 = DIRECTION('',(0.,0.,1.));
#301 = DIRECTION('',(-1.,-0.,0.));
#302 = ADVANCED_FACE('',(#303),#330,.T.);
#303 = FACE_BOUND('',#304,.F.);
#304 = EDGE_LOOP('',(#305,#314,#322,#329));
#305 = ORIENTED_EDGE('',*,*,#306,.F.);
#306 = EDGE_CURVE('',#307,#22,#309,.T.);
#307 = VERTEX_POINT('',#308);
#308 = CARTESIAN_POINT('',(1.3,1.3,0.));
#309 = CIRCLE('',#310,1.3);
#310 = AXIS2_PLACEMENT_3D('',#311,#312,#313);
#311 = CARTESIAN_POINT('',(1.3,1.3,1.3));
#312 = DIRECTION('',(0.,1.,-0.));
#313 = DIRECTION('',(-1.,0.,0.));
#314 = ORIENTED_EDGE('',*,*,#315,.T.);
#315 = EDGE_CURVE('',#307,#316,#318,.T.);
#316 = VERTEX_POINT('',#317);
#317 = CARTESIAN_POINT('',(1.3,48.20184,0.));
#318 = LINE('',#319,#320);
#319 = CARTESIAN_POINT('',(1.3,0.,-2.22044604925E-16));
#320 = VECTOR('',#321,1.);
#321 = DIRECTION('',(-0.,1.,0.));
#322 = ORIENTED_EDGE('',*,*,#323,.T.);
#323 = EDGE_CURVE('',#316,#32,#324,.T.);
#324 = CIRCLE('',#325,1.3);
#325 = AXIS2_PLACEMENT_3D('',#326,#327,#328);
#326 = CARTESIAN_POINT('',(1.3,48.20184,1.3));
#327 = DIRECTION('',(0.,1.,-0.));
#328 = DIRECTION('',(-1.,0.,0.));
#329 = ORIENTED_EDGE('',*,*,#31,.F.);
#330 = CYLINDRICAL_SURFACE('',#331,1.3);
#331 = AXIS2_PLACEMENT_3D('',#332,#333,#334);
#332 = CARTESIAN_POINT('',(1.3,0.,1.3));
#333 = DIRECTION('',(-0.,1.,0.));
#334 = DIRECTION('',(-1.,-0.,0.));
#335 = ADVANCED_FACE('',(#336),#347,.T.);
#336 = FACE_BOUND('',#337,.T.);
#337 = EDGE_LOOP('',(#338,#339,#346));
#338 = ORIENTED_EDGE('',*,*,#306,.F.);
#339 = ORIENTED_EDGE('',*,*,#340,.T.);
#340 = EDGE_CURVE('',#307,#95,#341,.T.);
#341 = CIRCLE('',#342,1.3);
#342 = AXIS2_PLACEMENT_3D('',#343,#344,#345);
#343 = CARTESIAN_POINT('',(1.3,1.3,1.3));
#344 = DIRECTION('',(-1.,6.123233995737E-17,0.));
#345 = DIRECTION('',(-6.123233995737E-17,-1.,0.));
#346 = ORIENTED_EDGE('',*,*,#94,.F.);
#347 = SPHERICAL_SURFACE('',#348,1.3);
#348 = AXIS2_PLACEMENT_3D('',#349,#350,#351);
#349 = CARTESIAN_POINT('',(1.3,1.3,1.3));
#350 = DIRECTION('',(0.,0.,1.));
#351 = DIRECTION('',(-1.,0.,0.));
#352 = ADVANCED_FACE('',(#353),#364,.T.);
#353 = FACE_BOUND('',#354,.F.);
#354 = EDGE_LOOP('',(#355,#356,#363));
#355 = ORIENTED_EDGE('',*,*,#126,.F.);
#356 = ORIENTED_EDGE('',*,*,#357,.T.);
#357 = EDGE_CURVE('',#127,#104,#358,.T.);
#358 = CIRCLE('',#359,1.3);
#359 = AXIS2_PLACEMENT_3D('',#360,#361,#362);
#360 = CARTESIAN_POINT('',(1.3,1.3,21.7));
#361 = DIRECTION('',(1.,-6.123233995737E-17,0.));
#362 = DIRECTION('',(-6.123233995737E-17,-1.,0.));
#363 = ORIENTED_EDGE('',*,*,#111,.F.);
#364 = SPHERICAL_SURFACE('',#365,1.3);
#365 = AXIS2_PLACEMENT_3D('',#366,#367,#368);
#366 = CARTESIAN_POINT('',(1.3,1.3,21.7));
#367 = DIRECTION('',(-0.,-0.,-1.));
#368 = DIRECTION('',(-1.,0.,0.));
#369 = ADVANCED_FACE('',(#370),#395,.F.);
#370 = FACE_BOUND('',#371,.F.);
#371 = EDGE_LOOP('',(#372,#380,#381,#389));
#372 = ORIENTED_EDGE('',*,*,#373,.F.);
#373 = EDGE_CURVE('',#95,#374,#376,.T.);
#374 = VERTEX_POINT('',#375);
#375 = CARTESIAN_POINT('',(9.301020514434,-2.22044604925E-16,1.3));
#376 = LINE('',#377,#378);
#377 = CARTESIAN_POINT('',(0.,-2.22044604925E-16,1.3));
#378 = VECTOR('',#379,1.);
#379 = DIRECTION('',(1.,0.,-0.));
#380 = ORIENTED_EDGE('',*,*,#103,.T.);
#381 = ORIENTED_EDGE('',*,*,#382,.T.);
#382 = EDGE_CURVE('',#104,#383,#385,.T.);
#383 = VERTEX_POINT('',#384);
#384 = CARTESIAN_POINT('',(9.301020514434,-2.22044604925E-16,21.7));
#385 = LINE('',#386,#387);
#386 = CARTESIAN_POINT('',(0.,-2.22044604925E-16,21.7));
#387 = VECTOR('',#388,1.);
#388 = DIRECTION('',(1.,0.,-0.));
#389 = ORIENTED_EDGE('',*,*,#390,.F.);
#390 = EDGE_CURVE('',#374,#383,#391,.T.);
#391 = LINE('',#392,#393);
#392 = CARTESIAN_POINT('',(9.301020514434,0.,0.));
#393 = VECTOR('',#394,1.);
#394 = DIRECTION('',(0.,0.,1.));
#395 = PLANE('',#396);
#396 = AXIS2_PLACEMENT_3D('',#397,#398,#399);
#397 = CARTESIAN_POINT('',(0.,0.,0.));
#398 = DIRECTION('',(-0.,1.,0.));
#399 = DIRECTION('',(0.,0.,1.));
#400 = ADVANCED_FACE('',(#401,#503,#514),#525,.T.);
#401 = FACE_BOUND('',#402,.T.);
#402 = EDGE_LOOP('',(#403,#404,#412,#421,#430,#438,#447,#456,#464,#472,
    #480,#488,#496,#502));
#403 = ORIENTED_EDGE('',*,*,#135,.F.);
#404 = ORIENTED_EDGE('',*,*,#405,.T.);
#405 = EDGE_CURVE('',#127,#406,#408,.T.);
#406 = VERTEX_POINT('',#407);
#407 = CARTESIAN_POINT('',(10.674379487239,1.3,23.));
#408 = LINE('',#409,#410);
#409 = CARTESIAN_POINT('',(0.,1.3,23.));
#410 = VECTOR('',#411,1.);
#411 = DIRECTION('',(1.,0.,-0.));
#412 = ORIENTED_EDGE('',*,*,#413,.T.);
#413 = EDGE_CURVE('',#406,#414,#416,.T.);
#414 = VERTEX_POINT('',#415);
#415 = CARTESIAN_POINT('',(20.4,-3.8,23.));
#416 = CIRCLE('',#417,6.2);
#417 = AXIS2_PLACEMENT_3D('',#418,#419,#420);
#418 = CARTESIAN_POINT('',(14.2,-3.8,23.));
#419 = DIRECTION('',(0.,0.,1.));
#420 = DIRECTION('',(1.,0.,-0.));
#421 = ORIENTED_EDGE('',*,*,#422,.T.);
#422 = EDGE_CURVE('',#414,#423,#425,.T.);
#423 = VERTEX_POINT('',#424);
#424 = CARTESIAN_POINT('',(17.725620512761,1.3,23.));
#425 = CIRCLE('',#426,6.2);
#426 = AXIS2_PLACEMENT_3D('',#427,#428,#429);
#427 = CARTESIAN_POINT('',(14.2,-3.8,23.));
#428 = DIRECTION('',(0.,0.,1.));
#429 = DIRECTION('',(1.,0.,-0.));
#430 = ORIENTED_EDGE('',*,*,#431,.T.);
#431 = EDGE_CURVE('',#423,#432,#434,.T.);
#432 = VERTEX_POINT('',#433);
#433 = CARTESIAN_POINT('',(133.67437948723,1.3,23.));
#434 = LINE('',#435,#436);
#435 = CARTESIAN_POINT('',(0.,1.3,23.));
#436 = VECTOR('',#437,1.);
#437 = DIRECTION('',(1.,0.,-0.));
#438 = ORIENTED_EDGE('',*,*,#439,.T.);
#439 = EDGE_CURVE('',#432,#440,#442,.T.);
#440 = VERTEX_POINT('',#441);
#441 = CARTESIAN_POINT('',(143.4,-3.8,23.));
#442 = CIRCLE('',#443,6.2);
#443 = AXIS2_PLACEMENT_3D('',#444,#445,#446);
#444 = CARTESIAN_POINT('',(137.2,-3.8,23.));
#445 = DIRECTION('',(0.,0.,1.));
#446 = DIRECTION('',(1.,0.,-0.));
#447 = ORIENTED_EDGE('',*,*,#448,.T.);
#448 = EDGE_CURVE('',#440,#449,#451,.T.);
#449 = VERTEX_POINT('',#450);
#450 = CARTESIAN_POINT('',(140.72562051276,1.3,23.));
#451 = CIRCLE('',#452,6.2);
#452 = AXIS2_PLACEMENT_3D('',#453,#454,#455);
#453 = CARTESIAN_POINT('',(137.2,-3.8,23.));
#454 = DIRECTION('',(0.,0.,1.));
#455 = DIRECTION('',(1.,0.,-0.));
#456 = ORIENTED_EDGE('',*,*,#457,.T.);
#457 = EDGE_CURVE('',#449,#458,#460,.T.);
#458 = VERTEX_POINT('',#459);
#459 = CARTESIAN_POINT('',(150.1,1.3,23.));
#460 = LINE('',#461,#462);
#461 = CARTESIAN_POINT('',(0.,1.3,23.));
#462 = VECTOR('',#463,1.);
#463 = DIRECTION('',(1.,0.,-0.));
#464 = ORIENTED_EDGE('',*,*,#465,.T.);
#465 = EDGE_CURVE('',#458,#466,#468,.T.);
#466 = VERTEX_POINT('',#467);
#467 = CARTESIAN_POINT('',(150.1,4.6,23.));
#468 = LINE('',#469,#470);
#469 = CARTESIAN_POINT('',(150.1,0.,23.));
#470 = VECTOR('',#471,1.);
#471 = DIRECTION('',(-0.,1.,0.));
#472 = ORIENTED_EDGE('',*,*,#473,.T.);
#473 = EDGE_CURVE('',#466,#474,#476,.T.);
#474 = VERTEX_POINT('',#475);
#475 = CARTESIAN_POINT('',(149.,4.6,23.));
#476 = LINE('',#477,#478);
#477 = CARTESIAN_POINT('',(112.1029157362,4.6,23.));
#478 = VECTOR('',#479,1.);
#479 = DIRECTION('',(-1.,-0.,0.));
#480 = ORIENTED_EDGE('',*,*,#481,.F.);
#481 = EDGE_CURVE('',#482,#474,#484,.T.);
#482 = VERTEX_POINT('',#483);
#483 = CARTESIAN_POINT('',(149.,2.4,23.));
#484 = LINE('',#485,#486);
#485 = CARTESIAN_POINT('',(149.,13.57546,23.));
#486 = VECTOR('',#487,1.);
#487 = DIRECTION('',(-0.,1.,0.));
#488 = ORIENTED_EDGE('',*,*,#489,.T.);
#489 = EDGE_CURVE('',#482,#490,#492,.T.);
#490 = VERTEX_POINT('',#491);
#491 = CARTESIAN_POINT('',(2.4,2.4,23.));
#492 = LINE('',#493,#494);
#493 = CARTESIAN_POINT('',(39.077915736207,2.4,23.));
#494 = VECTOR('',#495,1.);
#495 = DIRECTION('',(-1.,-0.,0.));
#496 = ORIENTED_EDGE('',*,*,#497,.T.);
#497 = EDGE_CURVE('',#490,#170,#498,.T.);
#498 = LINE('',#499,#500);
#499 = CARTESIAN_POINT('',(2.4,13.57546,23.));
#500 = VECTOR('',#501,1.);
#501 = DIRECTION('',(-0.,1.,0.));
#502 = ORIENTED_EDGE('',*,*,#169,.T.);
#503 = FACE_BOUND('',#504,.T.);
#504 = EDGE_LOOP('',(#505));
#505 = ORIENTED_EDGE('',*,*,#506,.F.);
#506 = EDGE_CURVE('',#507,#507,#509,.T.);
#507 = VERTEX_POINT('',#508);
#508 = CARTESIAN_POINT('',(16.,-3.8,23.));
#509 = CIRCLE('',#510,1.8);
#510 = AXIS2_PLACEMENT_3D('',#511,#512,#513);
#511 = CARTESIAN_POINT('',(14.2,-3.8,23.));
#512 = DIRECTION('',(0.,0.,1.));
#513 = DIRECTION('',(1.,0.,-0.));
#514 = FACE_BOUND('',#515,.T.);
#515 = EDGE_LOOP('',(#516));
#516 = ORIENTED_EDGE('',*,*,#517,.F.);
#517 = EDGE_CURVE('',#518,#518,#520,.T.);
#518 = VERTEX_POINT('',#519);
#519 = CARTESIAN_POINT('',(139.,-3.8,23.));
#520 = CIRCLE('',#521,1.8);
#521 = AXIS2_PLACEMENT_3D('',#522,#523,#524);
#522 = CARTESIAN_POINT('',(137.2,-3.8,23.));
#523 = DIRECTION('',(0.,0.,1.));
#524 = DIRECTION('',(1.,0.,-0.));
#525 = PLANE('',#526);
#526 = AXIS2_PLACEMENT_3D('',#527,#528,#529);
#527 = CARTESIAN_POINT('',(75.755831472414,24.75092,23.));
#528 = DIRECTION('',(0.,0.,1.));
#529 = DIRECTION('',(1.,0.,-0.));
#530 = ADVANCED_FACE('',(#531),#567,.T.);
#531 = FACE_BOUND('',#532,.T.);
#532 = EDGE_LOOP('',(#533,#541,#549,#557,#563,#564,#565,#566));
#533 = ORIENTED_EDGE('',*,*,#534,.F.);
#534 = EDGE_CURVE('',#535,#490,#537,.T.);
#535 = VERTEX_POINT('',#536);
#536 = CARTESIAN_POINT('',(2.4,2.4,2.));
#537 = LINE('',#538,#539);
#538 = CARTESIAN_POINT('',(2.4,2.4,2.));
#539 = VECTOR('',#540,1.);
#540 = DIRECTION('',(0.,0.,1.));
#541 = ORIENTED_EDGE('',*,*,#542,.T.);
#542 = EDGE_CURVE('',#535,#543,#545,.T.);
#543 = VERTEX_POINT('',#544);
#544 = CARTESIAN_POINT('',(2.4,47.10184,2.));
#545 = LINE('',#546,#547);
#546 = CARTESIAN_POINT('',(2.4,2.4,2.));
#547 = VECTOR('',#548,1.);
#548 = DIRECTION('',(-0.,1.,0.));
#549 = ORIENTED_EDGE('',*,*,#550,.T.);
#550 = EDGE_CURVE('',#543,#551,#553,.T.);
#551 = VERTEX_POINT('',#552);
#552 = CARTESIAN_POINT('',(2.4,47.10184,23.));
#553 = LINE('',#554,#555);
#554 = CARTESIAN_POINT('',(2.4,47.10184,2.));
#555 = VECTOR('',#556,1.);
#556 = DIRECTION('',(0.,0.,1.));
#557 = ORIENTED_EDGE('',*,*,#558,.F.);
#558 = EDGE_CURVE('',#227,#551,#559,.T.);
#559 = LINE('',#560,#561);
#560 = CARTESIAN_POINT('',(2.4,13.57546,23.));
#561 = VECTOR('',#562,1.);
#562 = DIRECTION('',(-0.,1.,0.));
#563 = ORIENTED_EDGE('',*,*,#234,.F.);
#564 = ORIENTED_EDGE('',*,*,#201,.T.);
#565 = ORIENTED_EDGE('',*,*,#177,.T.);
#566 = ORIENTED_EDGE('',*,*,#497,.F.);
#567 = PLANE('',#568);
#568 = AXIS2_PLACEMENT_3D('',#569,#570,#571);
#569 = CARTESIAN_POINT('',(2.4,2.4,2.));
#570 = DIRECTION('',(1.,0.,-0.));
#571 = DIRECTION('',(0.,0.,1.));
#572 = ADVANCED_FACE('',(#573,#626),#637,.T.);
#573 = FACE_BOUND('',#574,.T.);
#574 = EDGE_LOOP('',(#575,#583,#591,#599,#608,#617,#623,#624,#625));
#575 = ORIENTED_EDGE('',*,*,#576,.F.);
#576 = EDGE_CURVE('',#577,#551,#579,.T.);
#577 = VERTEX_POINT('',#578);
#578 = CARTESIAN_POINT('',(60.97,47.10184,23.));
#579 = LINE('',#580,#581);
#580 = CARTESIAN_POINT('',(39.077915736207,47.10184,23.));
#581 = VECTOR('',#582,1.);
#582 = DIRECTION('',(-1.,-0.,0.));
#583 = ORIENTED_EDGE('',*,*,#584,.T.);
#584 = EDGE_CURVE('',#577,#585,#587,.T.);
#585 = VERTEX_POINT('',#586);
#586 = CARTESIAN_POINT('',(60.97,48.20184,23.));
#587 = LINE('',#588,#589);
#588 = CARTESIAN_POINT('',(60.97,35.65138,23.));
#589 = VECTOR('',#590,1.);
#590 = DIRECTION('',(-0.,1.,0.));
#591 = ORIENTED_EDGE('',*,*,#592,.F.);
#592 = EDGE_CURVE('',#593,#585,#595,.T.);
#593 = VERTEX_POINT('',#594);
#594 = CARTESIAN_POINT('',(17.725620512761,48.20184,23.));
#595 = LINE('',#596,#597);
#596 = CARTESIAN_POINT('',(0.,48.20184,23.));
#597 = VECTOR('',#598,1.);
#598 = DIRECTION('',(1.,0.,-0.));
#599 = ORIENTED_EDGE('',*,*,#600,.T.);
#600 = EDGE_CURVE('',#593,#601,#603,.T.);
#601 = VERTEX_POINT('',#602);
#602 = CARTESIAN_POINT('',(20.4,53.30184,23.));
#603 = CIRCLE('',#604,6.2);
#604 = AXIS2_PLACEMENT_3D('',#605,#606,#607);
#605 = CARTESIAN_POINT('',(14.2,53.30184,23.));
#606 = DIRECTION('',(0.,0.,1.));
#607 = DIRECTION('',(1.,0.,-0.));
#608 = ORIENTED_EDGE('',*,*,#609,.T.);
#609 = EDGE_CURVE('',#601,#610,#612,.T.);
#610 = VERTEX_POINT('',#611);
#611 = CARTESIAN_POINT('',(10.674379487239,48.20184,23.));
#612 = CIRCLE('',#613,6.2);
#613 = AXIS2_PLACEMENT_3D('',#614,#615,#616);
#614 = CARTESIAN_POINT('',(14.2,53.30184,23.));
#615 = DIRECTION('',(0.,0.,1.));
#616 = DIRECTION('',(1.,0.,-0.));
#617 = ORIENTED_EDGE('',*,*,#618,.F.);
#618 = EDGE_CURVE('',#250,#610,#619,.T.);
#619 = LINE('',#620,#621);
#620 = CARTESIAN_POINT('',(0.,48.20184,23.));
#621 = VECTOR('',#622,1.);
#622 = DIRECTION('',(1.,0.,-0.));
#623 = ORIENTED_EDGE('',*,*,#249,.F.);
#624 = ORIENTED_EDGE('',*,*,#226,.F.);
#625 = ORIENTED_EDGE('',*,*,#558,.T.);
#626 = FACE_BOUND('',#627,.T.);
#627 = EDGE_LOOP('',(#628));
#628 = ORIENTED_EDGE('',*,*,#629,.F.);
#629 = EDGE_CURVE('',#630,#630,#632,.T.);
#630 = VERTEX_POINT('',#631);
#631 = CARTESIAN_POINT('',(16.,53.30184,23.));
#632 = CIRCLE('',#633,1.8);
#633 = AXIS2_PLACEMENT_3D('',#634,#635,#636);
#634 = CARTESIAN_POINT('',(14.2,53.30184,23.));
#635 = DIRECTION('',(0.,0.,1.));
#636 = DIRECTION('',(1.,0.,-0.));
#637 = PLANE('',#638);
#638 = AXIS2_PLACEMENT_3D('',#639,#640,#641);
#639 = CARTESIAN_POINT('',(75.755831472414,24.75092,23.));
#640 = DIRECTION('',(0.,0.,1.));
#641 = DIRECTION('',(1.,0.,-0.));
#642 = ADVANCED_FACE('',(#643),#654,.T.);
#643 = FACE_BOUND('',#644,.F.);
#644 = EDGE_LOOP('',(#645,#646,#653));
#645 = ORIENTED_EDGE('',*,*,#291,.F.);
#646 = ORIENTED_EDGE('',*,*,#647,.T.);
#647 = EDGE_CURVE('',#284,#250,#648,.T.);
#648 = CIRCLE('',#649,1.3);
#649 = AXIS2_PLACEMENT_3D('',#650,#651,#652);
#650 = CARTESIAN_POINT('',(1.3,48.20184,21.7));
#651 = DIRECTION('',(1.,0.,6.123233995737E-17));
#652 = DIRECTION('',(-6.123233995737E-17,-0.,1.));
#653 = ORIENTED_EDGE('',*,*,#257,.F.);
#654 = SPHERICAL_SURFACE('',#655,1.3);
#655 = AXIS2_PLACEMENT_3D('',#656,#657,#658);
#656 = CARTESIAN_POINT('',(1.3,48.20184,21.7));
#657 = DIRECTION('',(0.,-1.,-0.));
#658 = DIRECTION('',(-1.,-0.,0.));
#659 = ADVANCED_FACE('',(#660),#671,.T.);
#660 = FACE_BOUND('',#661,.F.);
#661 = EDGE_LOOP('',(#662,#663,#670));
#662 = ORIENTED_EDGE('',*,*,#323,.F.);
#663 = ORIENTED_EDGE('',*,*,#664,.T.);
#664 = EDGE_CURVE('',#316,#275,#665,.T.);
#665 = CIRCLE('',#666,1.3);
#666 = AXIS2_PLACEMENT_3D('',#667,#668,#669);
#667 = CARTESIAN_POINT('',(1.3,48.20184,1.3));
#668 = DIRECTION('',(1.,6.123233995737E-17,-0.));
#669 = DIRECTION('',(-6.123233995737E-17,1.,0.));
#670 = ORIENTED_EDGE('',*,*,#274,.F.);
#671 = SPHERICAL_SURFACE('',#672,1.3);
#672 = AXIS2_PLACEMENT_3D('',#673,#674,#675);
#673 = CARTESIAN_POINT('',(1.3,48.20184,1.3));
#674 = DIRECTION('',(0.,0.,1.));
#675 = DIRECTION('',(-1.,0.,0.));
#676 = ADVANCED_FACE('',(#677),#702,.T.);
#677 = FACE_BOUND('',#678,.T.);
#678 = EDGE_LOOP('',(#679,#687,#688,#696));
#679 = ORIENTED_EDGE('',*,*,#680,.F.);
#680 = EDGE_CURVE('',#275,#681,#683,.T.);
#681 = VERTEX_POINT('',#682);
#682 = CARTESIAN_POINT('',(9.301020514434,49.50184,1.3));
#683 = LINE('',#684,#685);
#684 = CARTESIAN_POINT('',(0.,49.50184,1.3));
#685 = VECTOR('',#686,1.);
#686 = DIRECTION('',(1.,0.,-0.));
#687 = ORIENTED_EDGE('',*,*,#283,.T.);
#688 = ORIENTED_EDGE('',*,*,#689,.T.);
#689 = EDGE_CURVE('',#284,#690,#692,.T.);
#690 = VERTEX_POINT('',#691);
#691 = CARTESIAN_POINT('',(9.301020514434,49.50184,21.7));
#692 = LINE('',#693,#694);
#693 = CARTESIAN_POINT('',(0.,49.50184,21.7));
#694 = VECTOR('',#695,1.);
#695 = DIRECTION('',(1.,0.,-0.));
#696 = ORIENTED_EDGE('',*,*,#697,.F.);
#697 = EDGE_CURVE('',#681,#690,#698,.T.);
#698 = LINE('',#699,#700);
#699 = CARTESIAN_POINT('',(9.301020514434,49.50184,0.));
#700 = VECTOR('',#701,1.);
#701 = DIRECTION('',(0.,0.,1.));
#702 = PLANE('',#703);
#703 = AXIS2_PLACEMENT_3D('',#704,#705,#706);
#704 = CARTESIAN_POINT('',(0.,49.50184,0.));
#705 = DIRECTION('',(-0.,1.,0.));
#706 = DIRECTION('',(0.,0.,1.));
#707 = ADVANCED_FACE('',(#708,#837,#848),#859,.T.);
#708 = FACE_BOUND('',#709,.T.);
#709 = EDGE_LOOP('',(#710,#711,#719,#728,#737,#745,#754,#763,#771,#779,
    #787,#796,#805,#813,#822,#831));
#710 = ORIENTED_EDGE('',*,*,#315,.T.);
#711 = ORIENTED_EDGE('',*,*,#712,.T.);
#712 = EDGE_CURVE('',#316,#713,#715,.T.);
#713 = VERTEX_POINT('',#714);
#714 = CARTESIAN_POINT('',(10.674379487239,48.20184,-1.110223024625E-16)
  );
#715 = LINE('',#716,#717);
#716 = CARTESIAN_POINT('',(0.,48.20184,-2.22044604925E-16));
#717 = VECTOR('',#718,1.);
#718 = DIRECTION('',(1.,0.,-0.));
#719 = ORIENTED_EDGE('',*,*,#720,.F.);
#720 = EDGE_CURVE('',#721,#713,#723,.T.);
#721 = VERTEX_POINT('',#722);
#722 = CARTESIAN_POINT('',(20.4,53.30184,0.));
#723 = CIRCLE('',#724,6.2);
#724 = AXIS2_PLACEMENT_3D('',#725,#726,#727);
#725 = CARTESIAN_POINT('',(14.2,53.30184,0.));
#726 = DIRECTION('',(0.,0.,1.));
#727 = DIRECTION('',(1.,0.,-0.));
#728 = ORIENTED_EDGE('',*,*,#729,.F.);
#729 = EDGE_CURVE('',#730,#721,#732,.T.);
#730 = VERTEX_POINT('',#731);
#731 = CARTESIAN_POINT('',(17.725620512761,48.20184,-1.110223024625E-16)
  );
#732 = CIRCLE('',#733,6.2);
#733 = AXIS2_PLACEMENT_3D('',#734,#735,#736);
#734 = CARTESIAN_POINT('',(14.2,53.30184,0.));
#735 = DIRECTION('',(0.,0.,1.));
#736 = DIRECTION('',(1.,0.,-0.));
#737 = ORIENTED_EDGE('',*,*,#738,.T.);
#738 = EDGE_CURVE('',#730,#739,#741,.T.);
#739 = VERTEX_POINT('',#740);
#740 = CARTESIAN_POINT('',(133.67437948723,48.20184,-1.110223024625E-16)
  );
#741 = LINE('',#742,#743);
#742 = CARTESIAN_POINT('',(0.,48.20184,-2.22044604925E-16));
#743 = VECTOR('',#744,1.);
#744 = DIRECTION('',(1.,0.,-0.));
#745 = ORIENTED_EDGE('',*,*,#746,.F.);
#746 = EDGE_CURVE('',#747,#739,#749,.T.);
#747 = VERTEX_POINT('',#748);
#748 = CARTESIAN_POINT('',(143.4,53.30184,0.));
#749 = CIRCLE('',#750,6.2);
#750 = AXIS2_PLACEMENT_3D('',#751,#752,#753);
#751 = CARTESIAN_POINT('',(137.2,53.30184,0.));
#752 = DIRECTION('',(0.,0.,1.));
#753 = DIRECTION('',(1.,0.,-0.));
#754 = ORIENTED_EDGE('',*,*,#755,.F.);
#755 = EDGE_CURVE('',#756,#747,#758,.T.);
#756 = VERTEX_POINT('',#757);
#757 = CARTESIAN_POINT('',(140.72562051276,48.20184,-1.110223024625E-16)
  );
#758 = CIRCLE('',#759,6.2);
#759 = AXIS2_PLACEMENT_3D('',#760,#761,#762);
#760 = CARTESIAN_POINT('',(137.2,53.30184,0.));
#761 = DIRECTION('',(0.,0.,1.));
#762 = DIRECTION('',(1.,0.,-0.));
#763 = ORIENTED_EDGE('',*,*,#764,.T.);
#764 = EDGE_CURVE('',#756,#765,#767,.T.);
#765 = VERTEX_POINT('',#766);
#766 = CARTESIAN_POINT('',(150.1,48.20184,0.));
#767 = LINE('',#768,#769);
#768 = CARTESIAN_POINT('',(0.,48.20184,-2.22044604925E-16));
#769 = VECTOR('',#770,1.);
#770 = DIRECTION('',(1.,0.,-0.));
#771 = ORIENTED_EDGE('',*,*,#772,.F.);
#772 = EDGE_CURVE('',#773,#765,#775,.T.);
#773 = VERTEX_POINT('',#774);
#774 = CARTESIAN_POINT('',(150.1,1.3,0.));
#775 = LINE('',#776,#777);
#776 = CARTESIAN_POINT('',(150.1,0.,-2.22044604925E-16));
#777 = VECTOR('',#778,1.);
#778 = DIRECTION('',(-0.,1.,0.));
#779 = ORIENTED_EDGE('',*,*,#780,.F.);
#780 = EDGE_CURVE('',#781,#773,#783,.T.);
#781 = VERTEX_POINT('',#782);
#782 = CARTESIAN_POINT('',(140.72562051276,1.3,-1.110223024625E-16));
#783 = LINE('',#784,#785);
#784 = CARTESIAN_POINT('',(0.,1.3,-2.22044604925E-16));
#785 = VECTOR('',#786,1.);
#786 = DIRECTION('',(1.,0.,-0.));
#787 = ORIENTED_EDGE('',*,*,#788,.F.);
#788 = EDGE_CURVE('',#789,#781,#791,.T.);
#789 = VERTEX_POINT('',#790);
#790 = CARTESIAN_POINT('',(143.4,-3.8,0.));
#791 = CIRCLE('',#792,6.2);
#792 = AXIS2_PLACEMENT_3D('',#793,#794,#795);
#793 = CARTESIAN_POINT('',(137.2,-3.8,0.));
#794 = DIRECTION('',(0.,0.,1.));
#795 = DIRECTION('',(1.,0.,-0.));
#796 = ORIENTED_EDGE('',*,*,#797,.F.);
#797 = EDGE_CURVE('',#798,#789,#800,.T.);
#798 = VERTEX_POINT('',#799);
#799 = CARTESIAN_POINT('',(133.67437948723,1.3,-1.110223024625E-16));
#800 = CIRCLE('',#801,6.2);
#801 = AXIS2_PLACEMENT_3D('',#802,#803,#804);
#802 = CARTESIAN_POINT('',(137.2,-3.8,0.));
#803 = DIRECTION('',(0.,0.,1.));
#804 = DIRECTION('',(1.,0.,-0.));
#805 = ORIENTED_EDGE('',*,*,#806,.F.);
#806 = EDGE_CURVE('',#807,#798,#809,.T.);
#807 = VERTEX_POINT('',#808);
#808 = CARTESIAN_POINT('',(17.725620512761,1.3,-1.110223024625E-16));
#809 = LINE('',#810,#811);
#810 = CARTESIAN_POINT('',(0.,1.3,-2.22044604925E-16));
#811 = VECTOR('',#812,1.);
#812 = DIRECTION('',(1.,0.,-0.));
#813 = ORIENTED_EDGE('',*,*,#814,.F.);
#814 = EDGE_CURVE('',#815,#807,#817,.T.);
#815 = VERTEX_POINT('',#816);
#816 = CARTESIAN_POINT('',(20.4,-3.8,0.));
#817 = CIRCLE('',#818,6.2);
#818 = AXIS2_PLACEMENT_3D('',#819,#820,#821);
#819 = CARTESIAN_POINT('',(14.2,-3.8,0.));
#820 = DIRECTION('',(0.,0.,1.));
#821 = DIRECTION('',(1.,0.,-0.));
#822 = ORIENTED_EDGE('',*,*,#823,.F.);
#823 = EDGE_CURVE('',#824,#815,#826,.T.);
#824 = VERTEX_POINT('',#825);
#825 = CARTESIAN_POINT('',(10.674379487239,1.3,-1.110223024625E-16));
#826 = CIRCLE('',#827,6.2);
#827 = AXIS2_PLACEMENT_3D('',#828,#829,#830);
#828 = CARTESIAN_POINT('',(14.2,-3.8,0.));
#829 = DIRECTION('',(0.,0.,1.));
#830 = DIRECTION('',(1.,0.,-0.));
#831 = ORIENTED_EDGE('',*,*,#832,.F.);
#832 = EDGE_CURVE('',#307,#824,#833,.T.);
#833 = LINE('',#834,#835);
#834 = CARTESIAN_POINT('',(0.,1.3,-2.22044604925E-16));
#835 = VECTOR('',#836,1.);
#836 = DIRECTION('',(1.,0.,-0.));
#837 = FACE_BOUND('',#838,.T.);
#838 = EDGE_LOOP('',(#839));
#839 = ORIENTED_EDGE('',*,*,#840,.T.);
#840 = EDGE_CURVE('',#841,#841,#843,.T.);
#841 = VERTEX_POINT('',#842);
#842 = CARTESIAN_POINT('',(103.65,24.75092,-1.665334536938E-16));
#843 = CIRCLE('',#844,1.7);
#844 = AXIS2_PLACEMENT_3D('',#845,#846,#847);
#845 = CARTESIAN_POINT('',(101.95,24.75092,-1.665334536938E-16));
#846 = DIRECTION('',(0.,0.,1.));
#847 = DIRECTION('',(1.,0.,-0.));
#848 = FACE_BOUND('',#849,.T.);
#849 = EDGE_LOOP('',(#850));
#850 = ORIENTED_EDGE('',*,*,#851,.T.);
#851 = EDGE_CURVE('',#852,#852,#854,.T.);
#852 = VERTEX_POINT('',#853);
#853 = CARTESIAN_POINT('',(51.15,24.75092,-1.665334536938E-16));
#854 = CIRCLE('',#855,1.7);
#855 = AXIS2_PLACEMENT_3D('',#856,#857,#858);
#856 = CARTESIAN_POINT('',(49.45,24.75092,-1.665334536938E-16));
#857 = DIRECTION('',(0.,0.,1.));
#858 = DIRECTION('',(1.,0.,-0.));
#859 = PLANE('',#860);
#860 = AXIS2_PLACEMENT_3D('',#861,#862,#863);
#861 = CARTESIAN_POINT('',(75.755831472414,24.75092,-1.67613402449E-16)
  );
#862 = DIRECTION('',(-0.,-0.,-1.));
#863 = DIRECTION('',(-1.,0.,0.));
#864 = ADVANCED_FACE('',(#865),#905,.T.);
#865 = FACE_BOUND('',#866,.T.);
#866 = EDGE_LOOP('',(#867,#868,#869,#904));
#867 = ORIENTED_EDGE('',*,*,#340,.F.);
#868 = ORIENTED_EDGE('',*,*,#832,.T.);
#869 = ORIENTED_EDGE('',*,*,#870,.T.);
#870 = EDGE_CURVE('',#824,#374,#871,.T.);
#871 = B_SPLINE_CURVE_WITH_KNOTS('',6,(#872,#873,#874,#875,#876,#877,
    #878,#879,#880,#881,#882,#883,#884,#885,#886,#887,#888,#889,#890,
    #891,#892,#893,#894,#895,#896,#897,#898,#899,#900,#901,#902,#903),
  .UNSPECIFIED.,.F.,.F.,(7,5,5,5,5,5,7),(0.,0.287318185913,
    0.410082245677,0.539026601018,0.674746890129,0.825833269925,1.),
  .UNSPECIFIED.);
#872 = CARTESIAN_POINT('',(10.674379487239,1.3,-2.22044604925E-16));
#873 = CARTESIAN_POINT('',(10.568129208985,1.226549380294,
    -2.345902309513E-16));
#874 = CARTESIAN_POINT('',(10.463257512994,1.150126088832,
    4.980034597034E-03));
#875 = CARTESIAN_POINT('',(10.360354594951,1.071074766614,
    1.569565695366E-02));
#876 = CARTESIAN_POINT('',(10.260010582466,0.989862098872,
    3.294168847658E-02));
#877 = CARTESIAN_POINT('',(10.162834014902,0.907118434644,
    5.75512076945E-02));
#878 = CARTESIAN_POINT('',(10.029578497037,0.78807648669,0.104424319217)
  );
#879 = CARTESIAN_POINT('',(9.990407055932,0.752340404048,0.119950622344)
  );
#880 = CARTESIAN_POINT('',(9.952041062996,0.716606181315,0.137022822907)
  );
#881 = CARTESIAN_POINT('',(9.914559199647,0.680979519871,0.155685097813)
  );
#882 = CARTESIAN_POINT('',(9.878033908747,0.645570811212,0.17597406174)
  );
#883 = CARTESIAN_POINT('',(9.805241581886,0.573653652443,0.220968232069)
  );
#884 = CARTESIAN_POINT('',(9.76908080348,0.537180022567,0.245843909268)
  );
#885 = CARTESIAN_POINT('',(9.734155411364,0.501236016759,0.272561196477)
  );
#886 = CARTESIAN_POINT('',(9.700557559563,0.4659852453,0.301117055589));
#887 = CARTESIAN_POINT('',(9.66836647764,0.431590177359,0.33148969892));
#888 = CARTESIAN_POINT('',(9.605318868281,0.363073992054,0.397476236757)
  );
#889 = CARTESIAN_POINT('',(9.574628688094,0.329070193726,0.433274052577)
  );
#890 = CARTESIAN_POINT('',(9.545667924697,0.296393628839,0.470970743819)
  );
#891 = CARTESIAN_POINT('',(9.518507279325,0.265232138894,0.510477673832)
  );
#892 = CARTESIAN_POINT('',(9.493201638904,0.235760202896,0.551678795115)
  );
#893 = CARTESIAN_POINT('',(9.443732544499,0.177379141874,0.642023339219)
  );
#894 = CARTESIAN_POINT('',(9.420028044659,0.148917676947,0.691528388065)
  );
#895 = CARTESIAN_POINT('',(9.398720266511,0.122946497465,0.742771086005)
  );
#896 = CARTESIAN_POINT('',(9.379835798043,9.963863877327E-02,
    0.795546789702));
#897 = CARTESIAN_POINT('',(9.363389067212,7.913653218549E-02,
    0.849622721192));
#898 = CARTESIAN_POINT('',(9.333241803578,4.126755957262E-02,
    0.968276105159));
#899 = CARTESIAN_POINT('',(9.320342894785,2.485588264054E-02,
    1.03320296313));
#900 = CARTESIAN_POINT('',(9.310678280498,1.245113846453E-02,
    1.099190669856));
#901 = CARTESIAN_POINT('',(9.304239366897,4.149615160695E-03,
    1.165893670218));
#902 = CARTESIAN_POINT('',(9.301020514434,1.221245327088E-15,
    1.232953165365));
#903 = CARTESIAN_POINT('',(9.301020514434,1.221245327088E-15,1.3));
#904 = ORIENTED_EDGE('',*,*,#373,.F.);
#905 = CYLINDRICAL_SURFACE('',#906,1.3);
#906 = AXIS2_PLACEMENT_3D('',#907,#908,#909);
#907 = CARTESIAN_POINT('',(0.,1.3,1.3));
#908 = DIRECTION('',(1.,0.,-0.));
#909 = DIRECTION('',(0.,-1.,0.));
#910 = ADVANCED_FACE('',(#911),#951,.T.);
#911 = FACE_BOUND('',#912,.F.);
#912 = EDGE_LOOP('',(#913,#914,#915,#950));
#913 = ORIENTED_EDGE('',*,*,#357,.F.);
#914 = ORIENTED_EDGE('',*,*,#405,.T.);
#915 = ORIENTED_EDGE('',*,*,#916,.T.);
#916 = EDGE_CURVE('',#406,#383,#917,.T.);
#917 = B_SPLINE_CURVE_WITH_KNOTS('',6,(#918,#919,#920,#921,#922,#923,
    #924,#925,#926,#927,#928,#929,#930,#931,#932,#933,#934,#935,#936,
    #937,#938,#939,#940,#941,#942,#943,#944,#945,#946,#947,#948,#949),
  .UNSPECIFIED.,.F.,.F.,(7,5,5,5,5,5,7),(0.,0.28731828361,0.410082351826
    ,0.539026683964,0.674746948654,0.825833301264,1.),.UNSPECIFIED.);
#918 = CARTESIAN_POINT('',(10.674379487239,1.3,23.));
#919 = CARTESIAN_POINT('',(10.568129209002,1.226549380306,23.));
#920 = CARTESIAN_POINT('',(10.463257512986,1.150126088828,
    22.995019965405));
#921 = CARTESIAN_POINT('',(10.360354594936,1.071074766601,
    22.984304343044));
#922 = CARTESIAN_POINT('',(10.260010582465,0.98986209887,22.96705831152)
  );
#923 = CARTESIAN_POINT('',(10.162834014915,0.907118434656,22.94244879231
    ));
#924 = CARTESIAN_POINT('',(10.02957850785,0.788076496349,22.895575684587
    ));
#925 = CARTESIAN_POINT('',(9.990407054138,0.752340401975,22.880049375713
    ));
#926 = CARTESIAN_POINT('',(9.952041053224,0.716606172131,22.862977172394
    ));
#927 = CARTESIAN_POINT('',(9.914559196268,0.680979517052,22.844314901569
    ));
#928 = CARTESIAN_POINT('',(9.878033917579,0.645570819938,22.824025943719
    ));
#929 = CARTESIAN_POINT('',(9.805241581886,0.573653652443,22.779031767931
    ));
#930 = CARTESIAN_POINT('',(9.76908080348,0.537180022567,22.754156090732)
  );
#931 = CARTESIAN_POINT('',(9.734155411364,0.501236016759,22.727438803523
    ));
#932 = CARTESIAN_POINT('',(9.700557559563,0.4659852453,22.698882944411)
  );
#933 = CARTESIAN_POINT('',(9.66836647764,0.431590177359,22.66851030108)
  );
#934 = CARTESIAN_POINT('',(9.605318868281,0.363073992054,22.602523763243
    ));
#935 = CARTESIAN_POINT('',(9.574628688094,0.329070193726,22.566725947423
    ));
#936 = CARTESIAN_POINT('',(9.545667924697,0.296393628839,22.529029256181
    ));
#937 = CARTESIAN_POINT('',(9.518507279325,0.265232138894,22.489522326168
    ));
#938 = CARTESIAN_POINT('',(9.493201638904,0.235760202896,22.448321204885
    ));
#939 = CARTESIAN_POINT('',(9.443732544499,0.177379141874,22.357976660781
    ));
#940 = CARTESIAN_POINT('',(9.420028044659,0.148917676947,22.308471611935
    ));
#941 = CARTESIAN_POINT('',(9.39872026651,0.122946497465,22.257228913995)
  );
#942 = CARTESIAN_POINT('',(9.379835798043,9.963863877323E-02,
    22.204453210298));
#943 = CARTESIAN_POINT('',(9.363389067212,7.913653218544E-02,
    22.150377278808));
#944 = CARTESIAN_POINT('',(9.333241803578,4.12675595726E-02,
    22.031723894841));
#945 = CARTESIAN_POINT('',(9.320342894785,2.485588264052E-02,
    21.966797036869));
#946 = CARTESIAN_POINT('',(9.310678280498,1.245113846453E-02,
    21.900809330144));
#947 = CARTESIAN_POINT('',(9.304239366897,4.149615160695E-03,
    21.834106329782));
#948 = CARTESIAN_POINT('',(9.301020514434,1.221245327088E-15,
    21.767046834635));
#949 = CARTESIAN_POINT('',(9.301020514434,1.221245327088E-15,21.7));
#950 = ORIENTED_EDGE('',*,*,#382,.F.);
#951 = CYLINDRICAL_SURFACE('',#952,1.3);
#952 = AXIS2_PLACEMENT_3D('',#953,#954,#955);
#953 = CARTESIAN_POINT('',(0.,1.3,21.7));
#954 = DIRECTION('',(1.,0.,-0.));
#955 = DIRECTION('',(0.,-1.,0.));
#956 = ADVANCED_FACE('',(#957),#1042,.T.);
#957 = FACE_BOUND('',#958,.T.);
#958 = EDGE_LOOP('',(#959,#960,#995,#1003,#1036,#1037,#1038,#1039,#1040,
    #1041));
#959 = ORIENTED_EDGE('',*,*,#814,.T.);
#960 = ORIENTED_EDGE('',*,*,#961,.F.);
#961 = EDGE_CURVE('',#962,#807,#964,.T.);
#962 = VERTEX_POINT('',#963);
#963 = CARTESIAN_POINT('',(19.098979485566,-2.22044604925E-16,1.3));
#964 = B_SPLINE_CURVE_WITH_KNOTS('',5,(#965,#966,#967,#968,#969,#970,
    #971,#972,#973,#974,#975,#976,#977,#978,#979,#980,#981,#982,#983,
    #984,#985,#986,#987,#988,#989,#990,#991,#992,#993,#994),
  .UNSPECIFIED.,.F.,.F.,(6,4,4,4,4,4,4,6),(0.,0.172651596242,
    0.32533485801,0.461028148891,0.513113322711,0.59019073887,
    0.717260100839,1.),.UNSPECIFIED.);
#965 = CARTESIAN_POINT('',(19.098979485566,7.771561172376E-16,1.3));
#966 = CARTESIAN_POINT('',(19.098979485566,7.771561172376E-16,
    1.220255360605));
#967 = CARTESIAN_POINT('',(19.09423621125,6.114821172926E-03,
    1.140486501318));
#968 = CARTESIAN_POINT('',(19.084746066843,1.835060351058E-02,
    1.061415744303));
#969 = CARTESIAN_POINT('',(19.070494030464,3.65638416916E-02,
    0.983735769348));
#970 = CARTESIAN_POINT('',(19.034632200074,8.163137129746E-02,
    0.841197013746));
#971 = CARTESIAN_POINT('',(19.014060918929,0.107246603888,0.775881737372
    ));
#972 = CARTESIAN_POINT('',(18.989758411717,0.137111058012,0.712681530196
    ));
#973 = CARTESIAN_POINT('',(18.961763397774,0.1708939773,0.652049195828)
  );
#974 = CARTESIAN_POINT('',(18.902074875451,0.241333848186,0.543062422436
    ));
#975 = CARTESIAN_POINT('',(18.871146407822,0.27724467009,0.494104814349)
  );
#976 = CARTESIAN_POINT('',(18.837457936347,0.315610101417,0.447758552608
    ));
#977 = CARTESIAN_POINT('',(18.801132744254,0.356062827748,0.404228343061
    ));
#978 = CARTESIAN_POINT('',(18.747460820709,0.414390046121,0.348054871639
    ));
#979 = CARTESIAN_POINT('',(18.73221108943,0.430818569834,0.33290650939)
  );
#980 = CARTESIAN_POINT('',(18.716608725177,0.447475106569,0.318197563735
    ));
#981 = CARTESIAN_POINT('',(18.700664266616,0.464337773223,0.30393263848)
  );
#982 = CARTESIAN_POINT('',(18.660304249704,0.506611482535,0.269665490175
    ));
#983 = CARTESIAN_POINT('',(18.635494857193,0.532242102846,0.250194752294
    ));
#984 = CARTESIAN_POINT('',(18.609997488568,0.558205762124,0.231710083885
    ));
#985 = CARTESIAN_POINT('',(18.583850168874,0.584435233522,0.214210539946
    ));
#986 = CARTESIAN_POINT('',(18.512979332238,0.654442055061,0.170444401636
    ));
#987 = CARTESIAN_POINT('',(18.467224578341,0.698549825267,0.145864518558
    ));
#988 = CARTESIAN_POINT('',(18.419973964331,0.742936003223,0.123881012031
    ));
#989 = CARTESIAN_POINT('',(18.371394663917,0.787362669973,0.104402789867
    ));
#990 = CARTESIAN_POINT('',(18.211044799787,0.930058253014,
    4.928761834624E-02));
#991 = CARTESIAN_POINT('',(18.094941537186,1.027459094227,
    2.314799227503E-02));
#992 = CARTESIAN_POINT('',(17.974590685357,1.122182231769,
    7.23656302033E-03));
#993 = CARTESIAN_POINT('',(17.851112047643,1.213247935381,
    -2.368621648595E-16));
#994 = CARTESIAN_POINT('',(17.725620512761,1.3,-2.22044604925E-16));
#995 = ORIENTED_EDGE('',*,*,#996,.T.);
#996 = EDGE_CURVE('',#962,#997,#999,.T.);
#997 = VERTEX_POINT('',#998);
#998 = CARTESIAN_POINT('',(19.098979485566,-2.22044604925E-16,21.7));
#999 = LINE('',#1000,#1001);
#1000 = CARTESIAN_POINT('',(19.098979485566,0.,0.));
#1001 = VECTOR('',#1002,1.);
#1002 = DIRECTION('',(0.,0.,1.));
#1003 = ORIENTED_EDGE('',*,*,#1004,.T.);
#1004 = EDGE_CURVE('',#997,#423,#1005,.T.);
#1005 = B_SPLINE_CURVE_WITH_KNOTS('',5,(#1006,#1007,#1008,#1009,#1010,
    #1011,#1012,#1013,#1014,#1015,#1016,#1017,#1018,#1019,#1020,#1021,
    #1022,#1023,#1024,#1025,#1026,#1027,#1028,#1029,#1030,#1031,#1032,
    #1033,#1034,#1035),.UNSPECIFIED.,.F.,.F.,(6,4,4,4,4,4,4,6),(0.,
    0.172651596289,0.3253348581,0.461028149018,0.513113322852,
    0.590190739032,0.717260101036,1.),.UNSPECIFIED.);
#1006 = CARTESIAN_POINT('',(19.098979485566,7.771561172376E-16,21.7));
#1007 = CARTESIAN_POINT('',(19.098979485566,7.771561172376E-16,
    21.779744639395));
#1008 = CARTESIAN_POINT('',(19.09423621125,6.114821172928E-03,
    21.859513498682));
#1009 = CARTESIAN_POINT('',(19.084746066843,1.835060351058E-02,
    21.938584255697));
#1010 = CARTESIAN_POINT('',(19.070494030464,3.656384169161E-02,
    22.016264230652));
#1011 = CARTESIAN_POINT('',(19.034632200074,8.163137129749E-02,
    22.158802986254));
#1012 = CARTESIAN_POINT('',(19.014060918929,0.107246603888,
    22.224118262628));
#1013 = CARTESIAN_POINT('',(18.989758411717,0.137111058012,
    22.287318469804));
#1014 = CARTESIAN_POINT('',(18.961763397774,0.170893977301,
    22.347950804172));
#1015 = CARTESIAN_POINT('',(18.902074875451,0.241333848186,
    22.456937577564));
#1016 = CARTESIAN_POINT('',(18.871146407822,0.27724467009,
    22.505895185651));
#1017 = CARTESIAN_POINT('',(18.837457936347,0.315610101417,
    22.552241447392));
#1018 = CARTESIAN_POINT('',(18.801132744254,0.356062827749,
    22.595771656939));
#1019 = CARTESIAN_POINT('',(18.747460820709,0.414390046122,
    22.651945128361));
#1020 = CARTESIAN_POINT('',(18.73221108943,0.430818569834,
    22.667093490611));
#1021 = CARTESIAN_POINT('',(18.716608725177,0.447475106569,
    22.681802436265));
#1022 = CARTESIAN_POINT('',(18.700664266616,0.464337773223,
    22.69606736152));
#1023 = CARTESIAN_POINT('',(18.660304249704,0.506611482535,
    22.730334509825));
#1024 = CARTESIAN_POINT('',(18.635494857193,0.532242102846,
    22.749805247706));
#1025 = CARTESIAN_POINT('',(18.609997488568,0.558205762125,
    22.768289916115));
#1026 = CARTESIAN_POINT('',(18.583850168874,0.584435233522,
    22.785789460054));
#1027 = CARTESIAN_POINT('',(18.512979332238,0.654442055061,
    22.829555598364));
#1028 = CARTESIAN_POINT('',(18.467224578341,0.698549825267,
    22.854135481442));
#1029 = CARTESIAN_POINT('',(18.41997396433,0.742936003223,
    22.876118987969));
#1030 = CARTESIAN_POINT('',(18.371394663916,0.787362669973,
    22.895597210133));
#1031 = CARTESIAN_POINT('',(18.211044799894,0.930058252919,
    22.950712381617));
#1032 = CARTESIAN_POINT('',(18.094941537118,1.027459094303,
    22.976852007774));
#1033 = CARTESIAN_POINT('',(17.974590685203,1.122182231866,
    22.992763436962));
#1034 = CARTESIAN_POINT('',(17.851112047792,1.213247935277,23.));
#1035 = CARTESIAN_POINT('',(17.725620512761,1.3,23.));
#1036 = ORIENTED_EDGE('',*,*,#422,.F.);
#1037 = ORIENTED_EDGE('',*,*,#413,.F.);
#1038 = ORIENTED_EDGE('',*,*,#916,.T.);
#1039 = ORIENTED_EDGE('',*,*,#390,.F.);
#1040 = ORIENTED_EDGE('',*,*,#870,.F.);
#1041 = ORIENTED_EDGE('',*,*,#823,.T.);
#1042 = CYLINDRICAL_SURFACE('',#1043,6.2);
#1043 = AXIS2_PLACEMENT_3D('',#1044,#1045,#1046);
#1044 = CARTESIAN_POINT('',(14.2,-3.8,0.));
#1045 = DIRECTION('',(0.,0.,1.));
#1046 = DIRECTION('',(1.,0.,-0.));
#1047 = ADVANCED_FACE('',(#1048),#1098,.T.);
#1048 = FACE_BOUND('',#1049,.T.);
#1049 = EDGE_LOOP('',(#1050,#1058,#1066,#1074,#1082,#1090,#1096,#1097));
#1050 = ORIENTED_EDGE('',*,*,#1051,.F.);
#1051 = EDGE_CURVE('',#1052,#482,#1054,.T.);
#1052 = VERTEX_POINT('',#1053);
#1053 = CARTESIAN_POINT('',(149.,2.4,2.));
#1054 = LINE('',#1055,#1056);
#1055 = CARTESIAN_POINT('',(149.,2.4,2.));
#1056 = VECTOR('',#1057,1.);
#1057 = DIRECTION('',(0.,0.,1.));
#1058 = ORIENTED_EDGE('',*,*,#1059,.F.);
#1059 = EDGE_CURVE('',#1060,#1052,#1062,.T.);
#1060 = VERTEX_POINT('',#1061);
#1061 = CARTESIAN_POINT('',(134.45,2.4,2.));
#1062 = LINE('',#1063,#1064);
#1063 = CARTESIAN_POINT('',(2.4,2.4,2.));
#1064 = VECTOR('',#1065,1.);
#1065 = DIRECTION('',(1.,0.,-0.));
#1066 = ORIENTED_EDGE('',*,*,#1067,.T.);
#1067 = EDGE_CURVE('',#1060,#1068,#1070,.T.);
#1068 = VERTEX_POINT('',#1069);
#1069 = CARTESIAN_POINT('',(134.45,2.4,4.8));
#1070 = LINE('',#1071,#1072);
#1071 = CARTESIAN_POINT('',(134.45,2.4,2.));
#1072 = VECTOR('',#1073,1.);
#1073 = DIRECTION('',(0.,0.,1.));
#1074 = ORIENTED_EDGE('',*,*,#1075,.F.);
#1075 = EDGE_CURVE('',#1076,#1068,#1078,.T.);
#1076 = VERTEX_POINT('',#1077);
#1077 = CARTESIAN_POINT('',(16.95,2.4,4.8));
#1078 = LINE('',#1079,#1080);
#1079 = CARTESIAN_POINT('',(16.95,2.4,4.8));
#1080 = VECTOR('',#1081,1.);
#1081 = DIRECTION('',(1.,0.,-0.));
#1082 = ORIENTED_EDGE('',*,*,#1083,.F.);
#1083 = EDGE_CURVE('',#1084,#1076,#1086,.T.);
#1084 = VERTEX_POINT('',#1085);
#1085 = CARTESIAN_POINT('',(16.95,2.4,2.));
#1086 = LINE('',#1087,#1088);
#1087 = CARTESIAN_POINT('',(16.95,2.4,2.));
#1088 = VECTOR('',#1089,1.);
#1089 = DIRECTION('',(0.,0.,1.));
#1090 = ORIENTED_EDGE('',*,*,#1091,.F.);
#1091 = EDGE_CURVE('',#535,#1084,#1092,.T.);
#1092 = LINE('',#1093,#1094);
#1093 = CARTESIAN_POINT('',(2.4,2.4,2.));
#1094 = VECTOR('',#1095,1.);
#1095 = DIRECTION('',(1.,0.,-0.));
#1096 = ORIENTED_EDGE('',*,*,#534,.T.);
#1097 = ORIENTED_EDGE('',*,*,#489,.F.);
#1098 = PLANE('',#1099);
#1099 = AXIS2_PLACEMENT_3D('',#1100,#1101,#1102);
#1100 = CARTESIAN_POINT('',(2.4,2.4,2.));
#1101 = DIRECTION('',(-0.,1.,0.));
#1102 = DIRECTION('',(0.,0.,1.));
#1103 = ADVANCED_FACE('',(#1104),#1186,.F.);
#1104 = FACE_BOUND('',#1105,.F.);
#1105 = EDGE_LOOP('',(#1106,#1107,#1115,#1123,#1131,#1139,#1147,#1155,
    #1163,#1171,#1179,#1185));
#1106 = ORIENTED_EDGE('',*,*,#1051,.F.);
#1107 = ORIENTED_EDGE('',*,*,#1108,.T.);
#1108 = EDGE_CURVE('',#1052,#1109,#1111,.T.);
#1109 = VERTEX_POINT('',#1110);
#1110 = CARTESIAN_POINT('',(149.,47.10184,2.));
#1111 = LINE('',#1112,#1113);
#1112 = CARTESIAN_POINT('',(149.,2.4,2.));
#1113 = VECTOR('',#1114,1.);
#1114 = DIRECTION('',(-0.,1.,0.));
#1115 = ORIENTED_EDGE('',*,*,#1116,.T.);
#1116 = EDGE_CURVE('',#1109,#1117,#1119,.T.);
#1117 = VERTEX_POINT('',#1118);
#1118 = CARTESIAN_POINT('',(149.,47.10184,23.));
#1119 = LINE('',#1120,#1121);
#1120 = CARTESIAN_POINT('',(149.,47.10184,2.));
#1121 = VECTOR('',#1122,1.);
#1122 = DIRECTION('',(0.,0.,1.));
#1123 = ORIENTED_EDGE('',*,*,#1124,.F.);
#1124 = EDGE_CURVE('',#1125,#1117,#1127,.T.);
#1125 = VERTEX_POINT('',#1126);
#1126 = CARTESIAN_POINT('',(149.,45.210001,23.));
#1127 = LINE('',#1128,#1129);
#1128 = CARTESIAN_POINT('',(149.,13.57546,23.));
#1129 = VECTOR('',#1130,1.);
#1130 = DIRECTION('',(-0.,1.,0.));
#1131 = ORIENTED_EDGE('',*,*,#1132,.F.);
#1132 = EDGE_CURVE('',#1133,#1125,#1135,.T.);
#1133 = VERTEX_POINT('',#1134);
#1134 = CARTESIAN_POINT('',(149.,45.210001,2.2));
#1135 = LINE('',#1136,#1137);
#1136 = CARTESIAN_POINT('',(149.,45.210001,2.1));
#1137 = VECTOR('',#1138,1.);
#1138 = DIRECTION('',(0.,0.,1.));
#1139 = ORIENTED_EDGE('',*,*,#1140,.T.);
#1140 = EDGE_CURVE('',#1133,#1141,#1143,.T.);
#1141 = VERTEX_POINT('',#1142);
#1142 = CARTESIAN_POINT('',(149.,24.230001,2.2));
#1143 = LINE('',#1144,#1145);
#1144 = CARTESIAN_POINT('',(149.,13.3150005,2.2));
#1145 = VECTOR('',#1146,1.);
#1146 = DIRECTION('',(0.,-1.,0.));
#1147 = ORIENTED_EDGE('',*,*,#1148,.T.);
#1148 = EDGE_CURVE('',#1141,#1149,#1151,.T.);
#1149 = VERTEX_POINT('',#1150);
#1150 = CARTESIAN_POINT('',(149.,24.230001,23.));
#1151 = LINE('',#1152,#1153);
#1152 = CARTESIAN_POINT('',(149.,24.230001,2.1));
#1153 = VECTOR('',#1154,1.);
#1154 = DIRECTION('',(0.,0.,1.));
#1155 = ORIENTED_EDGE('',*,*,#1156,.F.);
#1156 = EDGE_CURVE('',#1157,#1149,#1159,.T.);
#1157 = VERTEX_POINT('',#1158);
#1158 = CARTESIAN_POINT('',(149.,17.775,23.));
#1159 = LINE('',#1160,#1161);
#1160 = CARTESIAN_POINT('',(149.,13.57546,23.));
#1161 = VECTOR('',#1162,1.);
#1162 = DIRECTION('',(-0.,1.,0.));
#1163 = ORIENTED_EDGE('',*,*,#1164,.F.);
#1164 = EDGE_CURVE('',#1165,#1157,#1167,.T.);
#1165 = VERTEX_POINT('',#1166);
#1166 = CARTESIAN_POINT('',(149.,17.775,2.2));
#1167 = LINE('',#1168,#1169);
#1168 = CARTESIAN_POINT('',(149.,17.775,2.1));
#1169 = VECTOR('',#1170,1.);
#1170 = DIRECTION('',(0.,0.,1.));
#1171 = ORIENTED_EDGE('',*,*,#1172,.T.);
#1172 = EDGE_CURVE('',#1165,#1173,#1175,.T.);
#1173 = VERTEX_POINT('',#1174);
#1174 = CARTESIAN_POINT('',(149.,4.6,2.2));
#1175 = LINE('',#1176,#1177);
#1176 = CARTESIAN_POINT('',(149.,3.5,2.2));
#1177 = VECTOR('',#1178,1.);
#1178 = DIRECTION('',(0.,-1.,0.));
#1179 = ORIENTED_EDGE('',*,*,#1180,.T.);
#1180 = EDGE_CURVE('',#1173,#474,#1181,.T.);
#1181 = LINE('',#1182,#1183);
#1182 = CARTESIAN_POINT('',(149.,4.6,2.1));
#1183 = VECTOR('',#1184,1.);
#1184 = DIRECTION('',(0.,0.,1.));
#1185 = ORIENTED_EDGE('',*,*,#481,.F.);
#1186 = PLANE('',#1187);
#1187 = AXIS2_PLACEMENT_3D('',#1188,#1189,#1190);
#1188 = CARTESIAN_POINT('',(149.,2.4,2.));
#1189 = DIRECTION('',(1.,0.,-0.));
#1190 = DIRECTION('',(0.,0.,1.));
#1191 = ADVANCED_FACE('',(#1192),#1219,.T.);
#1192 = FACE_BOUND('',#1193,.T.);
#1193 = EDGE_LOOP('',(#1194,#1202,#1203,#1204,#1213));
#1194 = ORIENTED_EDGE('',*,*,#1195,.F.);
#1195 = EDGE_CURVE('',#1173,#1196,#1198,.T.);
#1196 = VERTEX_POINT('',#1197);
#1197 = CARTESIAN_POINT('',(151.4,4.6,2.2));
#1198 = LINE('',#1199,#1200);
#1199 = CARTESIAN_POINT('',(148.45,4.6,2.2));
#1200 = VECTOR('',#1201,1.);
#1201 = DIRECTION('',(1.,0.,-0.));
#1202 = ORIENTED_EDGE('',*,*,#1180,.T.);
#1203 = ORIENTED_EDGE('',*,*,#473,.F.);
#1204 = ORIENTED_EDGE('',*,*,#1205,.T.);
#1205 = EDGE_CURVE('',#466,#1206,#1208,.T.);
#1206 = VERTEX_POINT('',#1207);
#1207 = CARTESIAN_POINT('',(151.4,4.6,21.7));
#1208 = CIRCLE('',#1209,1.3);
#1209 = AXIS2_PLACEMENT_3D('',#1210,#1211,#1212);
#1210 = CARTESIAN_POINT('',(150.1,4.6,21.7));
#1211 = DIRECTION('',(0.,1.,0.));
#1212 = DIRECTION('',(1.,0.,-0.));
#1213 = ORIENTED_EDGE('',*,*,#1214,.F.);
#1214 = EDGE_CURVE('',#1196,#1206,#1215,.T.);
#1215 = LINE('',#1216,#1217);
#1216 = CARTESIAN_POINT('',(151.4,4.6,1.1));
#1217 = VECTOR('',#1218,1.);
#1218 = DIRECTION('',(0.,0.,1.));
#1219 = PLANE('',#1220);
#1220 = AXIS2_PLACEMENT_3D('',#1221,#1222,#1223);
#1221 = CARTESIAN_POINT('',(148.45,4.6,2.2));
#1222 = DIRECTION('',(-0.,1.,0.));
#1223 = DIRECTION('',(0.,0.,1.));
#1224 = ADVANCED_FACE('',(#1225),#1244,.T.);
#1225 = FACE_BOUND('',#1226,.F.);
#1226 = EDGE_LOOP('',(#1227,#1236,#1237,#1238));
#1227 = ORIENTED_EDGE('',*,*,#1228,.F.);
#1228 = EDGE_CURVE('',#458,#1229,#1231,.T.);
#1229 = VERTEX_POINT('',#1230);
#1230 = CARTESIAN_POINT('',(151.4,1.3,21.7));
#1231 = CIRCLE('',#1232,1.3);
#1232 = AXIS2_PLACEMENT_3D('',#1233,#1234,#1235);
#1233 = CARTESIAN_POINT('',(150.1,1.3,21.7));
#1234 = DIRECTION('',(-0.,1.,0.));
#1235 = DIRECTION('',(1.,0.,0.));
#1236 = ORIENTED_EDGE('',*,*,#465,.T.);
#1237 = ORIENTED_EDGE('',*,*,#1205,.T.);
#1238 = ORIENTED_EDGE('',*,*,#1239,.F.);
#1239 = EDGE_CURVE('',#1229,#1206,#1240,.T.);
#1240 = LINE('',#1241,#1242);
#1241 = CARTESIAN_POINT('',(151.4,0.,21.7));
#1242 = VECTOR('',#1243,1.);
#1243 = DIRECTION('',(-0.,1.,0.));
#1244 = CYLINDRICAL_SURFACE('',#1245,1.3);
#1245 = AXIS2_PLACEMENT_3D('',#1246,#1247,#1248);
#1246 = CARTESIAN_POINT('',(150.1,0.,21.7));
#1247 = DIRECTION('',(-0.,1.,0.));
#1248 = DIRECTION('',(1.,0.,-0.));
#1249 = ADVANCED_FACE('',(#1250),#1303,.T.);
#1250 = FACE_BOUND('',#1251,.F.);
#1251 = EDGE_LOOP('',(#1252,#1262,#1295,#1296));
#1252 = ORIENTED_EDGE('',*,*,#1253,.F.);
#1253 = EDGE_CURVE('',#1254,#1256,#1258,.T.);
#1254 = VERTEX_POINT('',#1255);
#1255 = CARTESIAN_POINT('',(142.09897948556,-2.22044604925E-16,21.7));
#1256 = VERTEX_POINT('',#1257);
#1257 = CARTESIAN_POINT('',(150.1,-2.22044604925E-16,21.7));
#1258 = LINE('',#1259,#1260);
#1259 = CARTESIAN_POINT('',(0.,-2.22044604925E-16,21.7));
#1260 = VECTOR('',#1261,1.);
#1261 = DIRECTION('',(1.,0.,-0.));
#1262 = ORIENTED_EDGE('',*,*,#1263,.T.);
#1263 = EDGE_CURVE('',#1254,#449,#1264,.T.);
#1264 = B_SPLINE_CURVE_WITH_KNOTS('',5,(#1265,#1266,#1267,#1268,#1269,
    #1270,#1271,#1272,#1273,#1274,#1275,#1276,#1277,#1278,#1279,#1280,
    #1281,#1282,#1283,#1284,#1285,#1286,#1287,#1288,#1289,#1290,#1291,
    #1292,#1293,#1294),.UNSPECIFIED.,.F.,.F.,(6,4,4,4,4,4,4,6),(0.,
    0.172651630326,0.325334922237,0.461028239906,0.513113424008,
    0.590190855384,0.717260207445,1.),.UNSPECIFIED.);
#1265 = CARTESIAN_POINT('',(142.09897948556,7.771561172376E-16,21.7));
#1266 = CARTESIAN_POINT('',(142.09897948556,7.771561172376E-16,
    21.779744639395));
#1267 = CARTESIAN_POINT('',(142.09423621125,6.114821172923E-03,
    21.859513498682));
#1268 = CARTESIAN_POINT('',(142.08474606684,1.83506035106E-02,
    21.938584255697));
#1269 = CARTESIAN_POINT('',(142.07049403046,3.65638416916E-02,
    22.016264230652));
#1270 = CARTESIAN_POINT('',(142.03463220007,8.163137129753E-02,
    22.158802986254));
#1271 = CARTESIAN_POINT('',(142.01406091892,0.107246603888,
    22.224118262627));
#1272 = CARTESIAN_POINT('',(141.98975841171,0.137111058012,
    22.287318469804));
#1273 = CARTESIAN_POINT('',(141.96176339777,0.170893977301,
    22.347950804172));
#1274 = CARTESIAN_POINT('',(141.90207487545,0.241333848186,
    22.456937577564));
#1275 = CARTESIAN_POINT('',(141.87114640782,0.27724467009,
    22.505895185651));
#1276 = CARTESIAN_POINT('',(141.83745793634,0.315610101417,
    22.552241447392));
#1277 = CARTESIAN_POINT('',(141.80113274425,0.356062827748,
    22.595771656939));
#1278 = CARTESIAN_POINT('',(141.7474608207,0.414390046122,
    22.651945128361));
#1279 = CARTESIAN_POINT('',(141.73221108943,0.430818569834,
    22.667093490611));
#1280 = CARTESIAN_POINT('',(141.71660872517,0.447475106569,
    22.681802436265));
#1281 = CARTESIAN_POINT('',(141.70066426661,0.464337773223,
    22.69606736152));
#1282 = CARTESIAN_POINT('',(141.6603042497,0.506611482535,
    22.730334509825));
#1283 = CARTESIAN_POINT('',(141.63549485719,0.532242102846,
    22.749805247706));
#1284 = CARTESIAN_POINT('',(141.60999748856,0.558205762125,
    22.768289916115));
#1285 = CARTESIAN_POINT('',(141.58385016887,0.584435233522,
    22.785789460054));
#1286 = CARTESIAN_POINT('',(141.51297934438,0.654442043061,
    22.829555590862));
#1287 = CARTESIAN_POINT('',(141.46722456648,0.698549836062,
    22.854135486169));
#1288 = CARTESIAN_POINT('',(141.4199739538,0.742936013423,22.8761189939)
  );
#1289 = CARTESIAN_POINT('',(141.37139467873,0.787362656784,
    22.895597205039));
#1290 = CARTESIAN_POINT('',(141.21104479989,0.930058252919,
    22.950712381617));
#1291 = CARTESIAN_POINT('',(141.09494153711,1.027459094303,
    22.976852007774));
#1292 = CARTESIAN_POINT('',(140.9745906852,1.122182231866,
    22.992763436962));
#1293 = CARTESIAN_POINT('',(140.85111204779,1.213247935277,23.));
#1294 = CARTESIAN_POINT('',(140.72562051276,1.3,23.));
#1295 = ORIENTED_EDGE('',*,*,#457,.T.);
#1296 = ORIENTED_EDGE('',*,*,#1297,.T.);
#1297 = EDGE_CURVE('',#458,#1256,#1298,.T.);
#1298 = CIRCLE('',#1299,1.3);
#1299 = AXIS2_PLACEMENT_3D('',#1300,#1301,#1302);
#1300 = CARTESIAN_POINT('',(150.1,1.3,21.7));
#1301 = DIRECTION('',(1.,6.123233995737E-17,0.));
#1302 = DIRECTION('',(6.123233995737E-17,-1.,0.));
#1303 = CYLINDRICAL_SURFACE('',#1304,1.3);
#1304 = AXIS2_PLACEMENT_3D('',#1305,#1306,#1307);
#1305 = CARTESIAN_POINT('',(0.,1.3,21.7));
#1306 = DIRECTION('',(1.,0.,-0.));
#1307 = DIRECTION('',(0.,-1.,0.));
#1308 = ADVANCED_FACE('',(#1309),#1477,.T.);
#1309 = FACE_BOUND('',#1310,.T.);
#1310 = EDGE_LOOP('',(#1311,#1312,#1369,#1377,#1432,#1433,#1434,#1469,
    #1475,#1476));
#1311 = ORIENTED_EDGE('',*,*,#439,.F.);
#1312 = ORIENTED_EDGE('',*,*,#1313,.T.);
#1313 = EDGE_CURVE('',#432,#1314,#1316,.T.);
#1314 = VERTEX_POINT('',#1315);
#1315 = CARTESIAN_POINT('',(132.30102051443,-2.22044604925E-16,21.7));
#1316 = B_SPLINE_CURVE_WITH_KNOTS('',6,(#1317,#1318,#1319,#1320,#1321,
    #1322,#1323,#1324,#1325,#1326,#1327,#1328,#1329,#1330,#1331,#1332,
    #1333,#1334,#1335,#1336,#1337,#1338,#1339,#1340,#1341,#1342,#1343,
    #1344,#1345,#1346,#1347,#1348,#1349,#1350,#1351,#1352,#1353,#1354,
    #1355,#1356,#1357,#1358,#1359,#1360,#1361,#1362,#1363,#1364,#1365,
    #1366,#1367,#1368),.UNSPECIFIED.,.F.,.F.,(7,5,5,5,5,5,5,5,5,5,7),(0.
    ,0.28732097886,0.41008619869,0.539031740418,0.674753278261,
    0.825841048169,0.988676611543,0.989994345699,0.991573633198,
    0.992934265434,1.),.UNSPECIFIED.);
#1317 = CARTESIAN_POINT('',(133.67437948723,1.3,23.));
#1318 = CARTESIAN_POINT('',(133.568129209,1.226549380306,23.));
#1319 = CARTESIAN_POINT('',(133.46325751298,1.150126088828,
    22.995019965405));
#1320 = CARTESIAN_POINT('',(133.36035459493,1.071074766601,
    22.984304343044));
#1321 = CARTESIAN_POINT('',(133.26001058246,0.98986209887,22.96705831152
    ));
#1322 = CARTESIAN_POINT('',(133.16283401491,0.907118434656,
    22.94244879231));
#1323 = CARTESIAN_POINT('',(133.02957850785,0.788076496349,
    22.895575684587));
#1324 = CARTESIAN_POINT('',(132.99040705413,0.752340401975,
    22.880049375713));
#1325 = CARTESIAN_POINT('',(132.95204105322,0.716606172131,
    22.862977172394));
#1326 = CARTESIAN_POINT('',(132.91455919626,0.680979517052,
    22.844314901569));
#1327 = CARTESIAN_POINT('',(132.87803391757,0.645570819938,
    22.824025943719));
#1328 = CARTESIAN_POINT('',(132.80524158188,0.573653652443,
    22.779031767931));
#1329 = CARTESIAN_POINT('',(132.76908080348,0.537180022567,
    22.754156090732));
#1330 = CARTESIAN_POINT('',(132.73415541136,0.501236016759,
    22.727438803523));
#1331 = CARTESIAN_POINT('',(132.70055755956,0.4659852453,22.698882944411
    ));
#1332 = CARTESIAN_POINT('',(132.66836647764,0.431590177359,
    22.66851030108));
#1333 = CARTESIAN_POINT('',(132.60531886828,0.363073992054,
    22.602523763243));
#1334 = CARTESIAN_POINT('',(132.57462868809,0.329070193726,
    22.566725947423));
#1335 = CARTESIAN_POINT('',(132.54566792469,0.296393628839,
    22.529029256181));
#1336 = CARTESIAN_POINT('',(132.51850727932,0.265232138894,
    22.489522326168));
#1337 = CARTESIAN_POINT('',(132.4932016389,0.235760202896,
    22.448321204885));
#1338 = CARTESIAN_POINT('',(132.44373254449,0.177379141874,
    22.357976660781));
#1339 = CARTESIAN_POINT('',(132.42002804465,0.148917676947,
    22.308471611935));
#1340 = CARTESIAN_POINT('',(132.39872026651,0.122946497465,
    22.257228913995));
#1341 = CARTESIAN_POINT('',(132.37983579804,9.963863877323E-02,
    22.204453210298));
#1342 = CARTESIAN_POINT('',(132.36338906721,7.913653218548E-02,
    22.150377278808));
#1343 = CARTESIAN_POINT('',(132.3342922127,4.25870131419E-02,
    22.035858087563));
#1344 = CARTESIAN_POINT('',(132.32203403918,2.700652820418E-02,
    21.97523596968));
#1345 = CARTESIAN_POINT('',(132.31260383997,1.492075726128E-02,
    21.91366500271));
#1346 = CARTESIAN_POINT('',(132.30599512603,6.411682331152E-03,
    21.851429243451));
#1347 = CARTESIAN_POINT('',(132.30220284552,1.524112877149E-03,
    21.78882374996));
#1348 = CARTESIAN_POINT('',(132.30121667582,2.528788206755E-04,
    21.725645239412));
#1349 = CARTESIAN_POINT('',(132.30120894364,2.429115067211E-04,
    21.725138071167));
#1350 = CARTESIAN_POINT('',(132.30120139572,2.331816641839E-04,
    21.724630897843));
#1351 = CARTESIAN_POINT('',(132.30119403205,2.23689296771E-04,
    21.724123719592));
#1352 = CARTESIAN_POINT('',(132.30118685265,2.144344080403E-04,
    21.723616536567));
#1353 = CARTESIAN_POINT('',(132.30117147389,1.946097551004E-04,
    21.722501491024));
#1354 = CARTESIAN_POINT('',(132.30116335495,1.841436213146E-04,
    21.72189362649));
#1355 = CARTESIAN_POINT('',(132.30115550067,1.740186059091E-04,
    21.721285755579));
#1356 = CARTESIAN_POINT('',(132.30114791104,1.642347144414E-04,
    21.720677878552));
#1357 = CARTESIAN_POINT('',(132.30114058608,1.547919521603E-04,
    21.720069995673));
#1358 = CARTESIAN_POINT('',(132.30112744297,1.378488330294E-04,
    21.71893838201));
#1359 = CARTESIAN_POINT('',(132.30112155662,1.302605540538E-04,
    21.718414652667));
#1360 = CARTESIAN_POINT('',(132.30111586671,1.22925490238E-04,
    21.717890919342));
#1361 = CARTESIAN_POINT('',(132.30111037325,1.158436445709E-04,
    21.717367182202));
#1362 = CARTESIAN_POINT('',(132.30110507624,1.090150198713E-04,
    21.716843441415));
#1363 = CARTESIAN_POINT('',(132.30107348849,6.829369935199E-05,
    21.713599904189));
#1364 = CARTESIAN_POINT('',(132.30105229883,4.097646837416E-05,
    21.710880017194));
#1365 = CARTESIAN_POINT('',(132.30103640662,2.048829690225E-05,
    21.708160059974));
#1366 = CARTESIAN_POINT('',(132.30102581183,6.829432650857E-06,
    21.705440056003));
#1367 = CARTESIAN_POINT('',(132.30102051443,1.221245327088E-15,
    21.702720028414));
#1368 = CARTESIAN_POINT('',(132.30102051443,1.221245327088E-15,21.7));
#1369 = ORIENTED_EDGE('',*,*,#1370,.F.);
#1370 = EDGE_CURVE('',#1371,#1314,#1373,.T.);
#1371 = VERTEX_POINT('',#1372);
#1372 = CARTESIAN_POINT('',(132.30102051443,-2.22044604925E-16,1.3));
#1373 = LINE('',#1374,#1375);
#1374 = CARTESIAN_POINT('',(132.30102051443,0.,0.));
#1375 = VECTOR('',#1376,1.);
#1376 = DIRECTION('',(0.,0.,1.));
#1377 = ORIENTED_EDGE('',*,*,#1378,.F.);
#1378 = EDGE_CURVE('',#798,#1371,#1379,.T.);
#1379 = B_SPLINE_CURVE_WITH_KNOTS('',6,(#1380,#1381,#1382,#1383,#1384,
    #1385,#1386,#1387,#1388,#1389,#1390,#1391,#1392,#1393,#1394,#1395,
    #1396,#1397,#1398,#1399,#1400,#1401,#1402,#1403,#1404,#1405,#1406,
    #1407,#1408,#1409,#1410,#1411,#1412,#1413,#1414,#1415,#1416,#1417,
    #1418,#1419,#1420,#1421,#1422,#1423,#1424,#1425,#1426,#1427,#1428,
    #1429,#1430,#1431),.UNSPECIFIED.,.F.,.F.,(7,5,5,5,5,5,5,5,5,5,7),(0.
    ,0.287320881188,0.410086092561,0.539031657485,0.674753219742,
    0.825841016829,0.988676609494,0.989994343887,0.99157363167,
    0.99345031991,1.),.UNSPECIFIED.);
#1380 = CARTESIAN_POINT('',(133.67437948723,1.3,-2.22044604925E-16));
#1381 = CARTESIAN_POINT('',(133.568129209,1.226549380306,
    -2.345902309492E-16));
#1382 = CARTESIAN_POINT('',(133.46325751298,1.150126088828,
    4.98003459536E-03));
#1383 = CARTESIAN_POINT('',(133.36035459493,1.071074766601,
    1.569565695584E-02));
#1384 = CARTESIAN_POINT('',(133.26001058246,0.98986209887,
    3.294168847963E-02));
#1385 = CARTESIAN_POINT('',(133.16283401491,0.907118434656,
    5.755120768989E-02));
#1386 = CARTESIAN_POINT('',(133.02957849703,0.78807648669,0.104424319217
    ));
#1387 = CARTESIAN_POINT('',(132.99040705593,0.752340404048,
    0.119950622344));
#1388 = CARTESIAN_POINT('',(132.95204106299,0.716606181315,
    0.137022822907));
#1389 = CARTESIAN_POINT('',(132.91455919964,0.680979519871,
    0.155685097813));
#1390 = CARTESIAN_POINT('',(132.87803390874,0.645570811212,0.17597406174
    ));
#1391 = CARTESIAN_POINT('',(132.80524158188,0.573653652443,
    0.220968232069));
#1392 = CARTESIAN_POINT('',(132.76908080348,0.537180022567,
    0.245843909268));
#1393 = CARTESIAN_POINT('',(132.73415541136,0.501236016759,
    0.272561196476));
#1394 = CARTESIAN_POINT('',(132.70055755956,0.4659852453,0.301117055589)
  );
#1395 = CARTESIAN_POINT('',(132.66836647764,0.431590177359,0.33148969892
    ));
#1396 = CARTESIAN_POINT('',(132.60531886828,0.363073992054,
    0.397476236757));
#1397 = CARTESIAN_POINT('',(132.57462868809,0.329070193726,
    0.433274052577));
#1398 = CARTESIAN_POINT('',(132.54566792469,0.296393628839,
    0.470970743819));
#1399 = CARTESIAN_POINT('',(132.51850727932,0.265232138894,
    0.510477673832));
#1400 = CARTESIAN_POINT('',(132.4932016389,0.235760202896,0.551678795115
    ));
#1401 = CARTESIAN_POINT('',(132.44373254449,0.177379141874,
    0.642023339219));
#1402 = CARTESIAN_POINT('',(132.42002804465,0.148917676947,
    0.691528388065));
#1403 = CARTESIAN_POINT('',(132.39872026651,0.122946497465,
    0.742771086005));
#1404 = CARTESIAN_POINT('',(132.37983579804,9.963863877326E-02,
    0.795546789702));
#1405 = CARTESIAN_POINT('',(132.36338906721,7.913653218549E-02,
    0.849622721192));
#1406 = CARTESIAN_POINT('',(132.3342922127,4.258701314194E-02,
    0.964141912437));
#1407 = CARTESIAN_POINT('',(132.32203403918,2.700652820421E-02,
    1.02476403032));
#1408 = CARTESIAN_POINT('',(132.31260383997,1.492075726131E-02,
    1.086334997289));
#1409 = CARTESIAN_POINT('',(132.30599512603,6.411682331171E-03,
    1.148570756548));
#1410 = CARTESIAN_POINT('',(132.30220284552,1.524112877163E-03,
    1.21117625004));
#1411 = CARTESIAN_POINT('',(132.30121667582,2.528788206793E-04,
    1.274354760587));
#1412 = CARTESIAN_POINT('',(132.30120894364,2.429115067246E-04,
    1.274861928833));
#1413 = CARTESIAN_POINT('',(132.30120139572,2.331816641869E-04,
    1.275369102157));
#1414 = CARTESIAN_POINT('',(132.30119403205,2.236892967737E-04,
    1.275876280408));
#1415 = CARTESIAN_POINT('',(132.30118685265,2.144344080426E-04,
    1.276383463433));
#1416 = CARTESIAN_POINT('',(132.30117147389,1.946097551028E-04,
    1.277498508975));
#1417 = CARTESIAN_POINT('',(132.30116335495,1.841436213174E-04,
    1.27810637351));
#1418 = CARTESIAN_POINT('',(132.30115550067,1.740186059124E-04,
    1.278714244421));
#1419 = CARTESIAN_POINT('',(132.30114791104,1.642347144452E-04,
    1.279322121448));
#1420 = CARTESIAN_POINT('',(132.30114058608,1.547919521647E-04,
    1.279930004327));
#1421 = CARTESIAN_POINT('',(132.30112513591,1.348747407421E-04,
    1.281260254584));
#1422 = CARTESIAN_POINT('',(132.30111711977,1.245408688259E-04,
    1.281982624265));
#1423 = CARTESIAN_POINT('',(132.30110947735,1.146887165511E-04,
    1.282705001402));
#1424 = CARTESIAN_POINT('',(132.30110220864,1.053182915913E-04,
    1.283427385555));
#1425 = CARTESIAN_POINT('',(132.30109531366,9.642960100415E-05,
    1.284149776284));
#1426 = CARTESIAN_POINT('',(132.301066033,5.868222569573E-05,
    1.28739335289));
#1427 = CARTESIAN_POINT('',(132.30104782554,3.520951938858E-05,
    1.289914607559));
#1428 = CARTESIAN_POINT('',(132.30103416998,1.760480620327E-05,
    1.292435918137));
#1429 = CARTESIAN_POINT('',(132.30102506628,5.86826907904E-06,
    1.294957265929));
#1430 = CARTESIAN_POINT('',(132.30102051443,1.221245327088E-15,
    1.297478632566));
#1431 = CARTESIAN_POINT('',(132.30102051443,1.221245327088E-15,1.3));
#1432 = ORIENTED_EDGE('',*,*,#797,.T.);
#1433 = ORIENTED_EDGE('',*,*,#788,.T.);
#1434 = ORIENTED_EDGE('',*,*,#1435,.F.);
#1435 = EDGE_CURVE('',#1436,#781,#1438,.T.);
#1436 = VERTEX_POINT('',#1437);
#1437 = CARTESIAN_POINT('',(142.09897948556,-2.22044604925E-16,1.3));
#1438 = B_SPLINE_CURVE_WITH_KNOTS('',5,(#1439,#1440,#1441,#1442,#1443,
    #1444,#1445,#1446,#1447,#1448,#1449,#1450,#1451,#1452,#1453,#1454,
    #1455,#1456,#1457,#1458,#1459,#1460,#1461,#1462,#1463,#1464,#1465,
    #1466,#1467,#1468),.UNSPECIFIED.,.F.,.F.,(6,4,4,4,4,4,4,6),(0.,
    0.172651630279,0.325334922148,0.46102823978,0.513113423868,
    0.590190855223,0.717260207249,1.),.UNSPECIFIED.);
#1439 = CARTESIAN_POINT('',(142.09897948556,7.771561172376E-16,1.3));
#1440 = CARTESIAN_POINT('',(142.09897948556,7.771561172376E-16,
    1.220255360605));
#1441 = CARTESIAN_POINT('',(142.09423621125,6.114821172937E-03,
    1.140486501318));
#1442 = CARTESIAN_POINT('',(142.08474606684,1.835060351055E-02,
    1.061415744304));
#1443 = CARTESIAN_POINT('',(142.07049403046,3.656384169162E-02,
    0.983735769348));
#1444 = CARTESIAN_POINT('',(142.03463220007,8.163137129747E-02,
    0.841197013746));
#1445 = CARTESIAN_POINT('',(142.01406091892,0.107246603888,
    0.775881737373));
#1446 = CARTESIAN_POINT('',(141.98975841171,0.137111058012,
    0.712681530196));
#1447 = CARTESIAN_POINT('',(141.96176339777,0.1708939773,0.652049195828)
  );
#1448 = CARTESIAN_POINT('',(141.90207487545,0.241333848186,
    0.543062422436));
#1449 = CARTESIAN_POINT('',(141.87114640782,0.27724467009,0.494104814349
    ));
#1450 = CARTESIAN_POINT('',(141.83745793634,0.315610101417,
    0.447758552608));
#1451 = CARTESIAN_POINT('',(141.80113274425,0.356062827748,
    0.404228343061));
#1452 = CARTESIAN_POINT('',(141.7474608207,0.414390046121,0.348054871639
    ));
#1453 = CARTESIAN_POINT('',(141.73221108943,0.430818569834,0.33290650939
    ));
#1454 = CARTESIAN_POINT('',(141.71660872517,0.447475106569,
    0.318197563735));
#1455 = CARTESIAN_POINT('',(141.70066426661,0.464337773223,0.30393263848
    ));
#1456 = CARTESIAN_POINT('',(141.6603042497,0.506611482535,0.269665490175
    ));
#1457 = CARTESIAN_POINT('',(141.63549485719,0.532242102846,
    0.250194752294));
#1458 = CARTESIAN_POINT('',(141.60999748856,0.558205762124,
    0.231710083885));
#1459 = CARTESIAN_POINT('',(141.58385016887,0.584435233522,
    0.214210539946));
#1460 = CARTESIAN_POINT('',(141.51297934438,0.65444204306,0.170444409138
    ));
#1461 = CARTESIAN_POINT('',(141.46722456648,0.698549836062,
    0.145864513831));
#1462 = CARTESIAN_POINT('',(141.4199739538,0.742936013423,0.1238810061)
  );
#1463 = CARTESIAN_POINT('',(141.37139467873,0.787362656783,
    0.104402794961));
#1464 = CARTESIAN_POINT('',(141.21104479978,0.930058253014,
    4.928761834625E-02));
#1465 = CARTESIAN_POINT('',(141.09494153718,1.027459094227,
    2.314799227503E-02));
#1466 = CARTESIAN_POINT('',(140.97459068535,1.122182231769,
    7.236563020334E-03));
#1467 = CARTESIAN_POINT('',(140.85111204764,1.213247935381,
    -2.368621648595E-16));
#1468 = CARTESIAN_POINT('',(140.72562051276,1.3,-2.22044604925E-16));
#1469 = ORIENTED_EDGE('',*,*,#1470,.T.);
#1470 = EDGE_CURVE('',#1436,#1254,#1471,.T.);
#1471 = LINE('',#1472,#1473);
#1472 = CARTESIAN_POINT('',(142.09897948556,0.,0.));
#1473 = VECTOR('',#1474,1.);
#1474 = DIRECTION('',(0.,0.,1.));
#1475 = ORIENTED_EDGE('',*,*,#1263,.T.);
#1476 = ORIENTED_EDGE('',*,*,#448,.F.);
#1477 = CYLINDRICAL_SURFACE('',#1478,6.2);
#1478 = AXIS2_PLACEMENT_3D('',#1479,#1480,#1481);
#1479 = CARTESIAN_POINT('',(137.2,-3.8,0.));
#1480 = DIRECTION('',(0.,0.,1.));
#1481 = DIRECTION('',(1.,0.,-0.));
#1482 = ADVANCED_FACE('',(#1483),#1494,.T.);
#1483 = FACE_BOUND('',#1484,.F.);
#1484 = EDGE_LOOP('',(#1485,#1491,#1492,#1493));
#1485 = ORIENTED_EDGE('',*,*,#1486,.F.);
#1486 = EDGE_CURVE('',#997,#1314,#1487,.T.);
#1487 = LINE('',#1488,#1489);
#1488 = CARTESIAN_POINT('',(0.,-2.22044604925E-16,21.7));
#1489 = VECTOR('',#1490,1.);
#1490 = DIRECTION('',(1.,0.,-0.));
#1491 = ORIENTED_EDGE('',*,*,#1004,.T.);
#1492 = ORIENTED_EDGE('',*,*,#431,.T.);
#1493 = ORIENTED_EDGE('',*,*,#1313,.T.);
#1494 = CYLINDRICAL_SURFACE('',#1495,1.3);
#1495 = AXIS2_PLACEMENT_3D('',#1496,#1497,#1498);
#1496 = CARTESIAN_POINT('',(0.,1.3,21.7));
#1497 = DIRECTION('',(1.,0.,-0.));
#1498 = DIRECTION('',(0.,-1.,0.));
#1499 = ADVANCED_FACE('',(#1500),#1519,.F.);
#1500 = FACE_BOUND('',#1501,.F.);
#1501 = EDGE_LOOP('',(#1502,#1503,#1511,#1518));
#1502 = ORIENTED_EDGE('',*,*,#506,.F.);
#1503 = ORIENTED_EDGE('',*,*,#1504,.F.);
#1504 = EDGE_CURVE('',#1505,#507,#1507,.T.);
#1505 = VERTEX_POINT('',#1506);
#1506 = CARTESIAN_POINT('',(16.,-3.8,17.));
#1507 = LINE('',#1508,#1509);
#1508 = CARTESIAN_POINT('',(16.,-3.8,17.));
#1509 = VECTOR('',#1510,1.);
#1510 = DIRECTION('',(0.,0.,1.));
#1511 = ORIENTED_EDGE('',*,*,#1512,.T.);
#1512 = EDGE_CURVE('',#1505,#1505,#1513,.T.);
#1513 = CIRCLE('',#1514,1.8);
#1514 = AXIS2_PLACEMENT_3D('',#1515,#1516,#1517);
#1515 = CARTESIAN_POINT('',(14.2,-3.8,17.));
#1516 = DIRECTION('',(0.,0.,1.));
#1517 = DIRECTION('',(1.,0.,-0.));
#1518 = ORIENTED_EDGE('',*,*,#1504,.T.);
#1519 = CYLINDRICAL_SURFACE('',#1520,1.8);
#1520 = AXIS2_PLACEMENT_3D('',#1521,#1522,#1523);
#1521 = CARTESIAN_POINT('',(14.2,-3.8,17.));
#1522 = DIRECTION('',(0.,0.,1.));
#1523 = DIRECTION('',(1.,0.,-0.));
#1524 = ADVANCED_FACE('',(#1525),#1544,.F.);
#1525 = FACE_BOUND('',#1526,.F.);
#1526 = EDGE_LOOP('',(#1527,#1528,#1536,#1543));
#1527 = ORIENTED_EDGE('',*,*,#517,.F.);
#1528 = ORIENTED_EDGE('',*,*,#1529,.F.);
#1529 = EDGE_CURVE('',#1530,#518,#1532,.T.);
#1530 = VERTEX_POINT('',#1531);
#1531 = CARTESIAN_POINT('',(139.,-3.8,17.));
#1532 = LINE('',#1533,#1534);
#1533 = CARTESIAN_POINT('',(139.,-3.8,17.));
#1534 = VECTOR('',#1535,1.);
#1535 = DIRECTION('',(0.,0.,1.));
#1536 = ORIENTED_EDGE('',*,*,#1537,.T.);
#1537 = EDGE_CURVE('',#1530,#1530,#1538,.T.);
#1538 = CIRCLE('',#1539,1.8);
#1539 = AXIS2_PLACEMENT_3D('',#1540,#1541,#1542);
#1540 = CARTESIAN_POINT('',(137.2,-3.8,17.));
#1541 = DIRECTION('',(0.,0.,1.));
#1542 = DIRECTION('',(1.,0.,-0.));
#1543 = ORIENTED_EDGE('',*,*,#1529,.T.);
#1544 = CYLINDRICAL_SURFACE('',#1545,1.8);
#1545 = AXIS2_PLACEMENT_3D('',#1546,#1547,#1548);
#1546 = CARTESIAN_POINT('',(137.2,-3.8,17.));
#1547 = DIRECTION('',(0.,0.,1.));
#1548 = DIRECTION('',(1.,0.,-0.));
#1549 = ADVANCED_FACE('',(#1550),#1584,.F.);
#1550 = FACE_BOUND('',#1551,.F.);
#1551 = EDGE_LOOP('',(#1552,#1553,#1561,#1569,#1577,#1583));
#1552 = ORIENTED_EDGE('',*,*,#576,.F.);
#1553 = ORIENTED_EDGE('',*,*,#1554,.T.);
#1554 = EDGE_CURVE('',#577,#1555,#1557,.T.);
#1555 = VERTEX_POINT('',#1556);
#1556 = CARTESIAN_POINT('',(60.97,47.10184,4.8));
#1557 = LINE('',#1558,#1559);
#1558 = CARTESIAN_POINT('',(60.97,47.10184,3.4));
#1559 = VECTOR('',#1560,1.);
#1560 = DIRECTION('',(-0.,0.,-1.));
#1561 = ORIENTED_EDGE('',*,*,#1562,.F.);
#1562 = EDGE_CURVE('',#1563,#1555,#1565,.T.);
#1563 = VERTEX_POINT('',#1564);
#1564 = CARTESIAN_POINT('',(16.95,47.10184,4.8));
#1565 = LINE('',#1566,#1567);
#1566 = CARTESIAN_POINT('',(16.95,47.10184,4.8));
#1567 = VECTOR('',#1568,1.);
#1568 = DIRECTION('',(1.,0.,-0.));
#1569 = ORIENTED_EDGE('',*,*,#1570,.F.);
#1570 = EDGE_CURVE('',#1571,#1563,#1573,.T.);
#1571 = VERTEX_POINT('',#1572);
#1572 = CARTESIAN_POINT('',(16.95,47.10184,2.));
#1573 = LINE('',#1574,#1575);
#1574 = CARTESIAN_POINT('',(16.95,47.10184,2.));
#1575 = VECTOR('',#1576,1.);
#1576 = DIRECTION('',(0.,0.,1.));
#1577 = ORIENTED_EDGE('',*,*,#1578,.F.);
#1578 = EDGE_CURVE('',#543,#1571,#1579,.T.);
#1579 = LINE('',#1580,#1581);
#1580 = CARTESIAN_POINT('',(2.4,47.10184,2.));
#1581 = VECTOR('',#1582,1.);
#1582 = DIRECTION('',(1.,0.,-0.));
#1583 = ORIENTED_EDGE('',*,*,#550,.T.);
#1584 = PLANE('',#1585);
#1585 = AXIS2_PLACEMENT_3D('',#1586,#1587,#1588);
#1586 = CARTESIAN_POINT('',(2.4,47.10184,2.));
#1587 = DIRECTION('',(-0.,1.,0.));
#1588 = DIRECTION('',(0.,0.,1.));
#1589 = ADVANCED_FACE('',(#1590,#1649,#1660),#1671,.T.);
#1590 = FACE_BOUND('',#1591,.T.);
#1591 = EDGE_LOOP('',(#1592,#1593,#1594,#1595,#1603,#1611,#1617,#1618,
    #1619,#1627,#1635,#1643));
#1592 = ORIENTED_EDGE('',*,*,#1578,.F.);
#1593 = ORIENTED_EDGE('',*,*,#542,.F.);
#1594 = ORIENTED_EDGE('',*,*,#1091,.T.);
#1595 = ORIENTED_EDGE('',*,*,#1596,.T.);
#1596 = EDGE_CURVE('',#1084,#1597,#1599,.T.);
#1597 = VERTEX_POINT('',#1598);
#1598 = CARTESIAN_POINT('',(16.95,4.35,2.));
#1599 = LINE('',#1600,#1601);
#1600 = CARTESIAN_POINT('',(16.95,2.4,2.));
#1601 = VECTOR('',#1602,1.);
#1602 = DIRECTION('',(-0.,1.,0.));
#1603 = ORIENTED_EDGE('',*,*,#1604,.T.);
#1604 = EDGE_CURVE('',#1597,#1605,#1607,.T.);
#1605 = VERTEX_POINT('',#1606);
#1606 = CARTESIAN_POINT('',(134.45,4.35,2.));
#1607 = LINE('',#1608,#1609);
#1608 = CARTESIAN_POINT('',(16.95,4.35,2.));
#1609 = VECTOR('',#1610,1.);
#1610 = DIRECTION('',(1.,0.,-0.));
#1611 = ORIENTED_EDGE('',*,*,#1612,.F.);
#1612 = EDGE_CURVE('',#1060,#1605,#1613,.T.);
#1613 = LINE('',#1614,#1615);
#1614 = CARTESIAN_POINT('',(134.45,2.4,2.));
#1615 = VECTOR('',#1616,1.);
#1616 = DIRECTION('',(-0.,1.,0.));
#1617 = ORIENTED_EDGE('',*,*,#1059,.T.);
#1618 = ORIENTED_EDGE('',*,*,#1108,.T.);
#1619 = ORIENTED_EDGE('',*,*,#1620,.F.);
#1620 = EDGE_CURVE('',#1621,#1109,#1623,.T.);
#1621 = VERTEX_POINT('',#1622);
#1622 = CARTESIAN_POINT('',(134.45,47.10184,2.));
#1623 = LINE('',#1624,#1625);
#1624 = CARTESIAN_POINT('',(2.4,47.10184,2.));
#1625 = VECTOR('',#1626,1.);
#1626 = DIRECTION('',(1.,0.,-0.));
#1627 = ORIENTED_EDGE('',*,*,#1628,.F.);
#1628 = EDGE_CURVE('',#1629,#1621,#1631,.T.);
#1629 = VERTEX_POINT('',#1630);
#1630 = CARTESIAN_POINT('',(134.45,45.15184,2.));
#1631 = LINE('',#1632,#1633);
#1632 = CARTESIAN_POINT('',(134.45,45.15184,2.));
#1633 = VECTOR('',#1634,1.);
#1634 = DIRECTION('',(-0.,1.,0.));
#1635 = ORIENTED_EDGE('',*,*,#1636,.F.);
#1636 = EDGE_CURVE('',#1637,#1629,#1639,.T.);
#1637 = VERTEX_POINT('',#1638);
#1638 = CARTESIAN_POINT('',(16.95,45.15184,2.));
#1639 = LINE('',#1640,#1641);
#1640 = CARTESIAN_POINT('',(16.95,45.15184,2.));
#1641 = VECTOR('',#1642,1.);
#1642 = DIRECTION('',(1.,0.,-0.));
#1643 = ORIENTED_EDGE('',*,*,#1644,.T.);
#1644 = EDGE_CURVE('',#1637,#1571,#1645,.T.);
#1645 = LINE('',#1646,#1647);
#1646 = CARTESIAN_POINT('',(16.95,45.15184,2.));
#1647 = VECTOR('',#1648,1.);
#1648 = DIRECTION('',(-0.,1.,0.));
#1649 = FACE_BOUND('',#1650,.T.);
#1650 = EDGE_LOOP('',(#1651));
#1651 = ORIENTED_EDGE('',*,*,#1652,.F.);
#1652 = EDGE_CURVE('',#1653,#1653,#1655,.T.);
#1653 = VERTEX_POINT('',#1654);
#1654 = CARTESIAN_POINT('',(51.15,24.75092,2.));
#1655 = CIRCLE('',#1656,1.7);
#1656 = AXIS2_PLACEMENT_3D('',#1657,#1658,#1659);
#1657 = CARTESIAN_POINT('',(49.45,24.75092,2.));
#1658 = DIRECTION('',(0.,0.,1.));
#1659 = DIRECTION('',(1.,0.,-0.));
#1660 = FACE_BOUND('',#1661,.T.);
#1661 = EDGE_LOOP('',(#1662));
#1662 = ORIENTED_EDGE('',*,*,#1663,.F.);
#1663 = EDGE_CURVE('',#1664,#1664,#1666,.T.);
#1664 = VERTEX_POINT('',#1665);
#1665 = CARTESIAN_POINT('',(103.65,24.75092,2.));
#1666 = CIRCLE('',#1667,1.7);
#1667 = AXIS2_PLACEMENT_3D('',#1668,#1669,#1670);
#1668 = CARTESIAN_POINT('',(101.95,24.75092,2.));
#1669 = DIRECTION('',(0.,0.,1.));
#1670 = DIRECTION('',(1.,0.,-0.));
#1671 = PLANE('',#1672);
#1672 = AXIS2_PLACEMENT_3D('',#1673,#1674,#1675);
#1673 = CARTESIAN_POINT('',(2.4,2.4,2.));
#1674 = DIRECTION('',(0.,0.,1.));
#1675 = DIRECTION('',(1.,0.,-0.));
#1676 = ADVANCED_FACE('',(#1677),#1715,.T.);
#1677 = FACE_BOUND('',#1678,.T.);
#1678 = EDGE_LOOP('',(#1679,#1680,#1681,#1682));
#1679 = ORIENTED_EDGE('',*,*,#689,.F.);
#1680 = ORIENTED_EDGE('',*,*,#647,.T.);
#1681 = ORIENTED_EDGE('',*,*,#618,.T.);
#1682 = ORIENTED_EDGE('',*,*,#1683,.F.);
#1683 = EDGE_CURVE('',#690,#610,#1684,.T.);
#1684 = B_SPLINE_CURVE_WITH_KNOTS('',5,(#1685,#1686,#1687,#1688,#1689,
    #1690,#1691,#1692,#1693,#1694,#1695,#1696,#1697,#1698,#1699,#1700,
    #1701,#1702,#1703,#1704,#1705,#1706,#1707,#1708,#1709,#1710,#1711,
    #1712,#1713,#1714),.UNSPECIFIED.,.F.,.F.,(6,4,4,4,4,4,4,6),(0.,
    0.172651630471,0.325334922349,0.461028239986,0.513113424074,
    0.590190855428,0.717260207443,1.),.UNSPECIFIED.);
#1685 = CARTESIAN_POINT('',(9.301020514434,49.50184,21.7));
#1686 = CARTESIAN_POINT('',(9.301020514434,49.50184,21.779744639493));
#1687 = CARTESIAN_POINT('',(9.305763788764,49.49572517881,
    21.859513498749));
#1688 = CARTESIAN_POINT('',(9.315253933156,49.483489396491,
    21.938584255625));
#1689 = CARTESIAN_POINT('',(9.329505969508,49.465276158343,
    22.016264230534));
#1690 = CARTESIAN_POINT('',(9.365367799914,49.420208628717,
    22.158802986214));
#1691 = CARTESIAN_POINT('',(9.385939081056,49.394593396129,
    22.224118262587));
#1692 = CARTESIAN_POINT('',(9.410241588267,49.364728942008,
    22.287318469764));
#1693 = CARTESIAN_POINT('',(9.438236602207,49.330946022722,
    22.347950804132));
#1694 = CARTESIAN_POINT('',(9.497925124524,49.260506151843,
    22.456937577524));
#1695 = CARTESIAN_POINT('',(9.52885359215,49.224595329941,22.50589518561
    ));
#1696 = CARTESIAN_POINT('',(9.562542063622,49.186229898618,
    22.552241447352));
#1697 = CARTESIAN_POINT('',(9.598867255711,49.145777172289,
    22.595771656899));
#1698 = CARTESIAN_POINT('',(9.652539179252,49.087449953921,
    22.651945128322));
#1699 = CARTESIAN_POINT('',(9.667788910529,49.07102143021,
    22.667093490571));
#1700 = CARTESIAN_POINT('',(9.68339127478,49.054364893477,
    22.681802436226));
#1701 = CARTESIAN_POINT('',(9.699335733339,49.037502226824,
    22.696067361481));
#1702 = CARTESIAN_POINT('',(9.739695750246,48.995228517516,
    22.730334509785));
#1703 = CARTESIAN_POINT('',(9.764505142754,48.969597897209,
    22.749805247666));
#1704 = CARTESIAN_POINT('',(9.790002511376,48.943634237933,
    22.768289916076));
#1705 = CARTESIAN_POINT('',(9.816149831066,48.917404766537,
    22.785789460015));
#1706 = CARTESIAN_POINT('',(9.887020655541,48.84739795701,
    22.829555590821));
#1707 = CARTESIAN_POINT('',(9.932775433438,48.803290164015,
    22.854135486128));
#1708 = CARTESIAN_POINT('',(9.980026046103,48.758903986662,
    22.876118993859));
#1709 = CARTESIAN_POINT('',(10.028605321161,48.714477343309,
    22.895597204999));
#1710 = CARTESIAN_POINT('',(10.188955200013,48.57178174716,
    22.950712381596));
#1711 = CARTESIAN_POINT('',(10.305058462809,48.474380905755,
    22.976852007765));
#1712 = CARTESIAN_POINT('',(10.425409314747,48.379657768171,
    22.992763436959));
#1713 = CARTESIAN_POINT('',(10.548887952182,48.28859206474,23.));
#1714 = CARTESIAN_POINT('',(10.674379487239,48.20184,23.));
#1715 = CYLINDRICAL_SURFACE('',#1716,1.3);
#1716 = AXIS2_PLACEMENT_3D('',#1717,#1718,#1719);
#1717 = CARTESIAN_POINT('',(0.,48.20184,21.7));
#1718 = DIRECTION('',(1.,0.,-0.));
#1719 = DIRECTION('',(0.,1.,0.));
#1720 = ADVANCED_FACE('',(#1721),#1862,.T.);
#1721 = FACE_BOUND('',#1722,.T.);
#1722 = EDGE_LOOP('',(#1723,#1724,#1771,#1779,#1824,#1825,#1826,#1859,
    #1860,#1861));
#1723 = ORIENTED_EDGE('',*,*,#600,.F.);
#1724 = ORIENTED_EDGE('',*,*,#1725,.T.);
#1725 = EDGE_CURVE('',#593,#1726,#1728,.T.);
#1726 = VERTEX_POINT('',#1727);
#1727 = CARTESIAN_POINT('',(19.098979485566,49.50184,21.7));
#1728 = B_SPLINE_CURVE_WITH_KNOTS('',6,(#1729,#1730,#1731,#1732,#1733,
    #1734,#1735,#1736,#1737,#1738,#1739,#1740,#1741,#1742,#1743,#1744,
    #1745,#1746,#1747,#1748,#1749,#1750,#1751,#1752,#1753,#1754,#1755,
    #1756,#1757,#1758,#1759,#1760,#1761,#1762,#1763,#1764,#1765,#1766,
    #1767,#1768,#1769,#1770),.UNSPECIFIED.,.F.,.F.,(7,5,5,5,5,5,5,5,7),(
    0.,0.287320872823,0.410086080639,0.539031641827,0.674753200153,
    0.825840992861,0.988855309394,0.990197034729,1.),.UNSPECIFIED.);
#1729 = CARTESIAN_POINT('',(17.725620512761,48.20184,23.));
#1730 = CARTESIAN_POINT('',(17.831870791015,48.275290619706,23.));
#1731 = CARTESIAN_POINT('',(17.936742487006,48.351713911168,
    22.995019965403));
#1732 = CARTESIAN_POINT('',(18.039645405049,48.430765233386,
    22.984304343046));
#1733 = CARTESIAN_POINT('',(18.139989417534,48.511977901128,
    22.967058311523));
#1734 = CARTESIAN_POINT('',(18.237165985098,48.594721565356,
    22.942448792306));
#1735 = CARTESIAN_POINT('',(18.370421502963,48.71376351331,
    22.895575680783));
#1736 = CARTESIAN_POINT('',(18.409592944068,48.749499595952,
    22.880049377656));
#1737 = CARTESIAN_POINT('',(18.447958937004,48.785233818685,
    22.862977177093));
#1738 = CARTESIAN_POINT('',(18.485440800353,48.820860480129,
    22.844314902187));
#1739 = CARTESIAN_POINT('',(18.521966091253,48.856269188788,
    22.82402593826));
#1740 = CARTESIAN_POINT('',(18.594758418114,48.928186347557,
    22.779031767931));
#1741 = CARTESIAN_POINT('',(18.63091919652,48.964659977433,
    22.754156090732));
#1742 = CARTESIAN_POINT('',(18.665844588636,49.000603983241,
    22.727438803523));
#1743 = CARTESIAN_POINT('',(18.699442440437,49.0358547547,
    22.698882944411));
#1744 = CARTESIAN_POINT('',(18.73163352236,49.070249822641,
    22.66851030108));
#1745 = CARTESIAN_POINT('',(18.794681131719,49.138766007946,
    22.602523763243));
#1746 = CARTESIAN_POINT('',(18.825371311906,49.172769806274,
    22.566725947423));
#1747 = CARTESIAN_POINT('',(18.854332075303,49.205446371161,
    22.529029256181));
#1748 = CARTESIAN_POINT('',(18.881492720675,49.236607861106,
    22.489522326168));
#1749 = CARTESIAN_POINT('',(18.906798361096,49.266079797104,
    22.448321204885));
#1750 = CARTESIAN_POINT('',(18.956267455501,49.324460858126,
    22.357976660781));
#1751 = CARTESIAN_POINT('',(18.979971955341,49.352922323053,
    22.308471611935));
#1752 = CARTESIAN_POINT('',(19.00127973349,49.378893502535,
    22.257228913995));
#1753 = CARTESIAN_POINT('',(19.020164201957,49.402201361227,
    22.204453210298));
#1754 = CARTESIAN_POINT('',(19.036610932788,49.422703467815,
    22.150377278808));
#1755 = CARTESIAN_POINT('',(19.065724353243,49.459273795897,
    22.035792887409));
#1756 = CARTESIAN_POINT('',(19.077992860997,49.474867663499,
    21.975102909671));
#1757 = CARTESIAN_POINT('',(19.087427192412,49.486959014147,
    21.913462310913));
#1758 = CARTESIAN_POINT('',(19.094033860127,49.495465638657,
    21.851156085079));
#1759 = CARTESIAN_POINT('',(19.09781792821,49.500342661458,
    21.788480264035));
#1760 = CARTESIAN_POINT('',(19.098789731803,49.501595381064,
    21.725223325862));
#1761 = CARTESIAN_POINT('',(19.098797474122,49.501605361482,
    21.724706920668));
#1762 = CARTESIAN_POINT('',(19.098805025413,49.501615095702,
    21.724190510296));
#1763 = CARTESIAN_POINT('',(19.098812385678,49.501624583718,
    21.723674094908));
#1764 = CARTESIAN_POINT('',(19.098819554916,49.501633825528,
    21.723157674665));
#1765 = CARTESIAN_POINT('',(19.098877517614,49.501708545125,
    21.718868125974));
#1766 = CARTESIAN_POINT('',(19.09891830493,49.501761126157,
    21.715094751359));
#1767 = CARTESIAN_POINT('',(19.098948895282,49.501800562848,
    21.711321188971));
#1768 = CARTESIAN_POINT('',(19.098969288805,49.501826854282,
    21.707547501496));
#1769 = CARTESIAN_POINT('',(19.098979485566,49.50184,21.703773751214));
#1770 = CARTESIAN_POINT('',(19.098979485566,49.50184,21.7));
#1771 = ORIENTED_EDGE('',*,*,#1772,.F.);
#1772 = EDGE_CURVE('',#1773,#1726,#1775,.T.);
#1773 = VERTEX_POINT('',#1774);
#1774 = CARTESIAN_POINT('',(19.098979485566,49.50184,1.3));
#1775 = LINE('',#1776,#1777);
#1776 = CARTESIAN_POINT('',(19.098979485566,49.50184,0.));
#1777 = VECTOR('',#1778,1.);
#1778 = DIRECTION('',(0.,0.,1.));
#1779 = ORIENTED_EDGE('',*,*,#1780,.F.);
#1780 = EDGE_CURVE('',#730,#1773,#1781,.T.);
#1781 = B_SPLINE_CURVE_WITH_KNOTS('',6,(#1782,#1783,#1784,#1785,#1786,
    #1787,#1788,#1789,#1790,#1791,#1792,#1793,#1794,#1795,#1796,#1797,
    #1798,#1799,#1800,#1801,#1802,#1803,#1804,#1805,#1806,#1807,#1808,
    #1809,#1810,#1811,#1812,#1813,#1814,#1815,#1816,#1817,#1818,#1819,
    #1820,#1821,#1822,#1823),.UNSPECIFIED.,.F.,.F.,(7,5,5,5,5,5,5,5,7),(
    0.,0.287320872824,0.410086080639,0.539031641828,0.674753200153,
    0.825840992862,0.988855309394,0.990197034729,1.),.UNSPECIFIED.);
#1782 = CARTESIAN_POINT('',(17.725620512761,48.20184,-2.22044604925E-16)
  );
#1783 = CARTESIAN_POINT('',(17.831870791015,48.275290619706,
    -2.22044604925E-16));
#1784 = CARTESIAN_POINT('',(17.936742487006,48.351713911168,
    4.980034597018E-03));
#1785 = CARTESIAN_POINT('',(18.039645405049,48.430765233386,
    1.569565695368E-02));
#1786 = CARTESIAN_POINT('',(18.139989417534,48.511977901128,
    3.294168847659E-02));
#1787 = CARTESIAN_POINT('',(18.237165985098,48.594721565356,
    5.755120769448E-02));
#1788 = CARTESIAN_POINT('',(18.370421502963,48.71376351331,
    0.104424319217));
#1789 = CARTESIAN_POINT('',(18.409592944068,48.749499595952,
    0.119950622344));
#1790 = CARTESIAN_POINT('',(18.447958937004,48.785233818685,
    0.137022822907));
#1791 = CARTESIAN_POINT('',(18.485440800353,48.820860480129,
    0.155685097813));
#1792 = CARTESIAN_POINT('',(18.521966091253,48.856269188788,
    0.17597406174));
#1793 = CARTESIAN_POINT('',(18.594758418114,48.928186347557,
    0.220968232069));
#1794 = CARTESIAN_POINT('',(18.63091919652,48.964659977433,
    0.245843909268));
#1795 = CARTESIAN_POINT('',(18.665844588636,49.000603983241,
    0.272561196477));
#1796 = CARTESIAN_POINT('',(18.699442440437,49.0358547547,0.301117055589
    ));
#1797 = CARTESIAN_POINT('',(18.73163352236,49.070249822641,0.33148969892
    ));
#1798 = CARTESIAN_POINT('',(18.794681131719,49.138766007946,
    0.397476236757));
#1799 = CARTESIAN_POINT('',(18.825371311906,49.172769806274,
    0.433274052577));
#1800 = CARTESIAN_POINT('',(18.854332075303,49.205446371161,
    0.470970743819));
#1801 = CARTESIAN_POINT('',(18.881492720675,49.236607861106,
    0.510477673832));
#1802 = CARTESIAN_POINT('',(18.906798361096,49.266079797104,
    0.551678795115));
#1803 = CARTESIAN_POINT('',(18.956267455501,49.324460858126,
    0.642023339219));
#1804 = CARTESIAN_POINT('',(18.979971955341,49.352922323053,
    0.691528388065));
#1805 = CARTESIAN_POINT('',(19.00127973349,49.378893502535,
    0.742771086005));
#1806 = CARTESIAN_POINT('',(19.020164201957,49.402201361227,
    0.795546789702));
#1807 = CARTESIAN_POINT('',(19.036610932788,49.422703467815,
    0.849622721192));
#1808 = CARTESIAN_POINT('',(19.065724353243,49.459273795897,
    0.964207112591));
#1809 = CARTESIAN_POINT('',(19.077992860997,49.474867663499,
    1.024897090329));
#1810 = CARTESIAN_POINT('',(19.087427192412,49.486959014147,
    1.086537689087));
#1811 = CARTESIAN_POINT('',(19.094033860127,49.495465638657,
    1.148843914921));
#1812 = CARTESIAN_POINT('',(19.09781792821,49.500342661458,
    1.211519735965));
#1813 = CARTESIAN_POINT('',(19.098789731803,49.501595381064,
    1.274776674138));
#1814 = CARTESIAN_POINT('',(19.098797474122,49.501605361482,
    1.275293079332));
#1815 = CARTESIAN_POINT('',(19.098805025413,49.501615095702,
    1.275809489704));
#1816 = CARTESIAN_POINT('',(19.098812385678,49.501624583718,
    1.276325905092));
#1817 = CARTESIAN_POINT('',(19.098819554916,49.501633825528,
    1.276842325335));
#1818 = CARTESIAN_POINT('',(19.098877517614,49.501708545125,
    1.281131874026));
#1819 = CARTESIAN_POINT('',(19.09891830493,49.501761126157,
    1.284905248641));
#1820 = CARTESIAN_POINT('',(19.098948895282,49.501800562848,
    1.288678811029));
#1821 = CARTESIAN_POINT('',(19.098969288805,49.501826854282,
    1.292452498504));
#1822 = CARTESIAN_POINT('',(19.098979485566,49.50184,1.296226248786));
#1823 = CARTESIAN_POINT('',(19.098979485566,49.50184,1.3));
#1824 = ORIENTED_EDGE('',*,*,#729,.T.);
#1825 = ORIENTED_EDGE('',*,*,#720,.T.);
#1826 = ORIENTED_EDGE('',*,*,#1827,.F.);
#1827 = EDGE_CURVE('',#681,#713,#1828,.T.);
#1828 = B_SPLINE_CURVE_WITH_KNOTS('',5,(#1829,#1830,#1831,#1832,#1833,
    #1834,#1835,#1836,#1837,#1838,#1839,#1840,#1841,#1842,#1843,#1844,
    #1845,#1846,#1847,#1848,#1849,#1850,#1851,#1852,#1853,#1854,#1855,
    #1856,#1857,#1858),.UNSPECIFIED.,.F.,.F.,(6,4,4,4,4,4,4,6),(0.,
    0.172651630424,0.32533492226,0.46102823986,0.513113423934,
    0.590190855267,0.717260207247,1.),.UNSPECIFIED.);
#1829 = CARTESIAN_POINT('',(9.301020514434,49.50184,1.3));
#1830 = CARTESIAN_POINT('',(9.301020514434,49.50184,1.220255360507));
#1831 = CARTESIAN_POINT('',(9.305763788764,49.49572517881,1.140486501251
    ));
#1832 = CARTESIAN_POINT('',(9.315253933156,49.483489396491,
    1.061415744375));
#1833 = CARTESIAN_POINT('',(9.329505969508,49.465276158343,
    0.983735769466));
#1834 = CARTESIAN_POINT('',(9.365367799914,49.420208628717,
    0.841197013786));
#1835 = CARTESIAN_POINT('',(9.385939081056,49.394593396129,
    0.775881737413));
#1836 = CARTESIAN_POINT('',(9.410241588267,49.364728942008,
    0.712681530236));
#1837 = CARTESIAN_POINT('',(9.438236602207,49.330946022722,
    0.652049195868));
#1838 = CARTESIAN_POINT('',(9.497925124524,49.260506151843,
    0.543062422476));
#1839 = CARTESIAN_POINT('',(9.52885359215,49.224595329941,0.49410481439)
  );
#1840 = CARTESIAN_POINT('',(9.562542063622,49.186229898618,
    0.447758552649));
#1841 = CARTESIAN_POINT('',(9.598867255711,49.14577717229,0.404228343101
    ));
#1842 = CARTESIAN_POINT('',(9.652539179252,49.087449953921,
    0.348054871678));
#1843 = CARTESIAN_POINT('',(9.667788910529,49.07102143021,0.332906509429
    ));
#1844 = CARTESIAN_POINT('',(9.68339127478,49.054364893477,0.318197563775
    ));
#1845 = CARTESIAN_POINT('',(9.699335733339,49.037502226824,
    0.303932638519));
#1846 = CARTESIAN_POINT('',(9.739695750246,48.995228517516,
    0.269665490215));
#1847 = CARTESIAN_POINT('',(9.764505142754,48.969597897209,
    0.250194752334));
#1848 = CARTESIAN_POINT('',(9.790002511376,48.943634237933,
    0.231710083925));
#1849 = CARTESIAN_POINT('',(9.816149831066,48.917404766538,
    0.214210539985));
#1850 = CARTESIAN_POINT('',(9.887020655541,48.84739795701,0.170444409179
    ));
#1851 = CARTESIAN_POINT('',(9.932775433438,48.803290164016,
    0.145864513872));
#1852 = CARTESIAN_POINT('',(9.980026046102,48.758903986662,
    0.123881006141));
#1853 = CARTESIAN_POINT('',(10.02860532116,48.714477343309,
    0.104402795001));
#1854 = CARTESIAN_POINT('',(10.188955200119,48.571781747065,
    4.928761836738E-02));
#1855 = CARTESIAN_POINT('',(10.305058462741,48.47438090583,
    2.314799228468E-02));
#1856 = CARTESIAN_POINT('',(10.425409314593,48.379657768267,
    7.236563023243E-03));
#1857 = CARTESIAN_POINT('',(10.548887952332,48.288592064637,
    -2.22044604925E-16));
#1858 = CARTESIAN_POINT('',(10.674379487239,48.20184,-2.22044604925E-16)
  );
#1859 = ORIENTED_EDGE('',*,*,#697,.T.);
#1860 = ORIENTED_EDGE('',*,*,#1683,.T.);
#1861 = ORIENTED_EDGE('',*,*,#609,.F.);
#1862 = CYLINDRICAL_SURFACE('',#1863,6.2);
#1863 = AXIS2_PLACEMENT_3D('',#1864,#1865,#1866);
#1864 = CARTESIAN_POINT('',(14.2,53.30184,0.));
#1865 = DIRECTION('',(0.,0.,1.));
#1866 = DIRECTION('',(1.,0.,-0.));
#1867 = ADVANCED_FACE('',(#1868),#1887,.T.);
#1868 = FACE_BOUND('',#1869,.T.);
#1869 = EDGE_LOOP('',(#1870,#1878,#1879,#1880));
#1870 = ORIENTED_EDGE('',*,*,#1871,.F.);
#1871 = EDGE_CURVE('',#1726,#1872,#1874,.T.);
#1872 = VERTEX_POINT('',#1873);
#1873 = CARTESIAN_POINT('',(60.97,49.50184,21.7));
#1874 = LINE('',#1875,#1876);
#1875 = CARTESIAN_POINT('',(0.,49.50184,21.7));
#1876 = VECTOR('',#1877,1.);
#1877 = DIRECTION('',(1.,0.,-0.));
#1878 = ORIENTED_EDGE('',*,*,#1725,.F.);
#1879 = ORIENTED_EDGE('',*,*,#592,.T.);
#1880 = ORIENTED_EDGE('',*,*,#1881,.F.);
#1881 = EDGE_CURVE('',#1872,#585,#1882,.T.);
#1882 = CIRCLE('',#1883,1.3);
#1883 = AXIS2_PLACEMENT_3D('',#1884,#1885,#1886);
#1884 = CARTESIAN_POINT('',(60.97,48.20184,21.7));
#1885 = DIRECTION('',(1.,0.,-0.));
#1886 = DIRECTION('',(0.,1.,0.));
#1887 = CYLINDRICAL_SURFACE('',#1888,1.3);
#1888 = AXIS2_PLACEMENT_3D('',#1889,#1890,#1891);
#1889 = CARTESIAN_POINT('',(0.,48.20184,21.7));
#1890 = DIRECTION('',(1.,0.,-0.));
#1891 = DIRECTION('',(0.,1.,0.));
#1892 = ADVANCED_FACE('',(#1893),#1912,.T.);
#1893 = FACE_BOUND('',#1894,.T.);
#1894 = EDGE_LOOP('',(#1895,#1896,#1904,#1910,#1911));
#1895 = ORIENTED_EDGE('',*,*,#1554,.T.);
#1896 = ORIENTED_EDGE('',*,*,#1897,.T.);
#1897 = EDGE_CURVE('',#1555,#1898,#1900,.T.);
#1898 = VERTEX_POINT('',#1899);
#1899 = CARTESIAN_POINT('',(60.97,49.50184,4.8));
#1900 = LINE('',#1901,#1902);
#1901 = CARTESIAN_POINT('',(60.97,46.55184,4.8));
#1902 = VECTOR('',#1903,1.);
#1903 = DIRECTION('',(-0.,1.,0.));
#1904 = ORIENTED_EDGE('',*,*,#1905,.F.);
#1905 = EDGE_CURVE('',#1872,#1898,#1906,.T.);
#1906 = LINE('',#1907,#1908);
#1907 = CARTESIAN_POINT('',(60.97,49.50184,2.4));
#1908 = VECTOR('',#1909,1.);
#1909 = DIRECTION('',(-0.,0.,-1.));
#1910 = ORIENTED_EDGE('',*,*,#1881,.T.);
#1911 = ORIENTED_EDGE('',*,*,#584,.F.);
#1912 = PLANE('',#1913);
#1913 = AXIS2_PLACEMENT_3D('',#1914,#1915,#1916);
#1914 = CARTESIAN_POINT('',(60.97,46.55184,4.8));
#1915 = DIRECTION('',(1.,0.,-0.));
#1916 = DIRECTION('',(0.,0.,1.));
#1917 = ADVANCED_FACE('',(#1918),#1937,.F.);
#1918 = FACE_BOUND('',#1919,.F.);
#1919 = EDGE_LOOP('',(#1920,#1921,#1929,#1936));
#1920 = ORIENTED_EDGE('',*,*,#629,.F.);
#1921 = ORIENTED_EDGE('',*,*,#1922,.F.);
#1922 = EDGE_CURVE('',#1923,#630,#1925,.T.);
#1923 = VERTEX_POINT('',#1924);
#1924 = CARTESIAN_POINT('',(16.,53.30184,17.));
#1925 = LINE('',#1926,#1927);
#1926 = CARTESIAN_POINT('',(16.,53.30184,17.));
#1927 = VECTOR('',#1928,1.);
#1928 = DIRECTION('',(0.,0.,1.));
#1929 = ORIENTED_EDGE('',*,*,#1930,.T.);
#1930 = EDGE_CURVE('',#1923,#1923,#1931,.T.);
#1931 = CIRCLE('',#1932,1.8);
#1932 = AXIS2_PLACEMENT_3D('',#1933,#1934,#1935);
#1933 = CARTESIAN_POINT('',(14.2,53.30184,17.));
#1934 = DIRECTION('',(0.,0.,1.));
#1935 = DIRECTION('',(1.,0.,-0.));
#1936 = ORIENTED_EDGE('',*,*,#1922,.T.);
#1937 = CYLINDRICAL_SURFACE('',#1938,1.8);
#1938 = AXIS2_PLACEMENT_3D('',#1939,#1940,#1941);
#1939 = CARTESIAN_POINT('',(14.2,53.30184,17.));
#1940 = DIRECTION('',(0.,0.,1.));
#1941 = DIRECTION('',(1.,0.,-0.));
#1942 = ADVANCED_FACE('',(#1943),#1949,.T.);
#1943 = FACE_BOUND('',#1944,.F.);
#1944 = EDGE_LOOP('',(#1945,#1946,#1947,#1948));
#1945 = ORIENTED_EDGE('',*,*,#664,.F.);
#1946 = ORIENTED_EDGE('',*,*,#712,.T.);
#1947 = ORIENTED_EDGE('',*,*,#1827,.F.);
#1948 = ORIENTED_EDGE('',*,*,#680,.F.);
#1949 = CYLINDRICAL_SURFACE('',#1950,1.3);
#1950 = AXIS2_PLACEMENT_3D('',#1951,#1952,#1953);
#1951 = CARTESIAN_POINT('',(0.,48.20184,1.3));
#1952 = DIRECTION('',(1.,0.,-0.));
#1953 = DIRECTION('',(0.,1.,0.));
#1954 = ADVANCED_FACE('',(#1955),#1966,.T.);
#1955 = FACE_BOUND('',#1956,.T.);
#1956 = EDGE_LOOP('',(#1957,#1963,#1964,#1965));
#1957 = ORIENTED_EDGE('',*,*,#1958,.F.);
#1958 = EDGE_CURVE('',#962,#1371,#1959,.T.);
#1959 = LINE('',#1960,#1961);
#1960 = CARTESIAN_POINT('',(0.,-2.22044604925E-16,1.3));
#1961 = VECTOR('',#1962,1.);
#1962 = DIRECTION('',(1.,0.,-0.));
#1963 = ORIENTED_EDGE('',*,*,#961,.T.);
#1964 = ORIENTED_EDGE('',*,*,#806,.T.);
#1965 = ORIENTED_EDGE('',*,*,#1378,.T.);
#1966 = CYLINDRICAL_SURFACE('',#1967,1.3);
#1967 = AXIS2_PLACEMENT_3D('',#1968,#1969,#1970);
#1968 = CARTESIAN_POINT('',(0.,1.3,1.3));
#1969 = DIRECTION('',(1.,0.,-0.));
#1970 = DIRECTION('',(0.,-1.,0.));
#1971 = ADVANCED_FACE('',(#1972),#2017,.T.);
#1972 = FACE_BOUND('',#1973,.F.);
#1973 = EDGE_LOOP('',(#1974,#1975,#1976,#2011));
#1974 = ORIENTED_EDGE('',*,*,#1780,.F.);
#1975 = ORIENTED_EDGE('',*,*,#738,.T.);
#1976 = ORIENTED_EDGE('',*,*,#1977,.F.);
#1977 = EDGE_CURVE('',#1978,#739,#1980,.T.);
#1978 = VERTEX_POINT('',#1979);
#1979 = CARTESIAN_POINT('',(132.30102051443,49.50184,1.3));
#1980 = B_SPLINE_CURVE_WITH_KNOTS('',5,(#1981,#1982,#1983,#1984,#1985,
    #1986,#1987,#1988,#1989,#1990,#1991,#1992,#1993,#1994,#1995,#1996,
    #1997,#1998,#1999,#2000,#2001,#2002,#2003,#2004,#2005,#2006,#2007,
    #2008,#2009,#2010),.UNSPECIFIED.,.F.,.F.,(6,4,4,4,4,4,4,6),(0.,
    0.172651630424,0.325334922259,0.461028239859,0.513113423933,
    0.590190855266,0.717260207247,1.),.UNSPECIFIED.);
#1981 = CARTESIAN_POINT('',(132.30102051443,49.50184,1.3));
#1982 = CARTESIAN_POINT('',(132.30102051443,49.50184,1.220255360507));
#1983 = CARTESIAN_POINT('',(132.30576378876,49.49572517881,
    1.140486501251));
#1984 = CARTESIAN_POINT('',(132.31525393315,49.483489396491,
    1.061415744375));
#1985 = CARTESIAN_POINT('',(132.3295059695,49.465276158343,
    0.983735769466));
#1986 = CARTESIAN_POINT('',(132.36536779991,49.420208628717,
    0.841197013786));
#1987 = CARTESIAN_POINT('',(132.38593908105,49.394593396129,
    0.775881737413));
#1988 = CARTESIAN_POINT('',(132.41024158826,49.364728942008,
    0.712681530236));
#1989 = CARTESIAN_POINT('',(132.4382366022,49.330946022722,
    0.652049195868));
#1990 = CARTESIAN_POINT('',(132.49792512452,49.260506151843,
    0.543062422476));
#1991 = CARTESIAN_POINT('',(132.52885359215,49.224595329941,
    0.49410481439));
#1992 = CARTESIAN_POINT('',(132.56254206362,49.186229898618,
    0.447758552649));
#1993 = CARTESIAN_POINT('',(132.59886725571,49.145777172289,
    0.404228343101));
#1994 = CARTESIAN_POINT('',(132.65253917925,49.087449953921,
    0.348054871678));
#1995 = CARTESIAN_POINT('',(132.66778891052,49.07102143021,
    0.332906509429));
#1996 = CARTESIAN_POINT('',(132.68339127478,49.054364893477,
    0.318197563775));
#1997 = CARTESIAN_POINT('',(132.69933573333,49.037502226824,
    0.303932638519));
#1998 = CARTESIAN_POINT('',(132.73969575024,48.995228517516,
    0.269665490215));
#1999 = CARTESIAN_POINT('',(132.76450514275,48.969597897209,
    0.250194752334));
#2000 = CARTESIAN_POINT('',(132.79000251137,48.943634237933,
    0.231710083925));
#2001 = CARTESIAN_POINT('',(132.81614983106,48.917404766538,
    0.214210539985));
#2002 = CARTESIAN_POINT('',(132.88702065554,48.84739795701,
    0.170444409179));
#2003 = CARTESIAN_POINT('',(132.93277543343,48.803290164016,
    0.145864513872));
#2004 = CARTESIAN_POINT('',(132.9800260461,48.758903986662,
    0.123881006141));
#2005 = CARTESIAN_POINT('',(133.02860532116,48.714477343309,
    0.104402795001));
#2006 = CARTESIAN_POINT('',(133.18895520011,48.571781747065,
    4.928761836737E-02));
#2007 = CARTESIAN_POINT('',(133.30505846274,48.47438090583,
    2.314799228469E-02));
#2008 = CARTESIAN_POINT('',(133.42540931459,48.379657768267,
    7.236563023236E-03));
#2009 = CARTESIAN_POINT('',(133.54888795233,48.288592064636,
    -2.22044604925E-16));
#2010 = CARTESIAN_POINT('',(133.67437948723,48.20184,-2.22044604925E-16)
  );
#2011 = ORIENTED_EDGE('',*,*,#2012,.F.);
#2012 = EDGE_CURVE('',#1773,#1978,#2013,.T.);
#2013 = LINE('',#2014,#2015);
#2014 = CARTESIAN_POINT('',(0.,49.50184,1.3));
#2015 = VECTOR('',#2016,1.);
#2016 = DIRECTION('',(1.,0.,-0.));
#2017 = CYLINDRICAL_SURFACE('',#2018,1.3);
#2018 = AXIS2_PLACEMENT_3D('',#2019,#2020,#2021);
#2019 = CARTESIAN_POINT('',(0.,48.20184,1.3));
#2020 = DIRECTION('',(1.,0.,-0.));
#2021 = DIRECTION('',(0.,1.,0.));
#2022 = ADVANCED_FACE('',(#2023),#2209,.T.);
#2023 = FACE_BOUND('',#2024,.T.);
#2024 = EDGE_LOOP('',(#2025,#2036,#2093,#2101,#2156,#2157,#2158,#2159,
    #2167,#2202));
#2025 = ORIENTED_EDGE('',*,*,#2026,.F.);
#2026 = EDGE_CURVE('',#2027,#2029,#2031,.T.);
#2027 = VERTEX_POINT('',#2028);
#2028 = CARTESIAN_POINT('',(140.72562051276,48.20184,23.));
#2029 = VERTEX_POINT('',#2030);
#2030 = CARTESIAN_POINT('',(143.4,53.30184,23.));
#2031 = CIRCLE('',#2032,6.2);
#2032 = AXIS2_PLACEMENT_3D('',#2033,#2034,#2035);
#2033 = CARTESIAN_POINT('',(137.2,53.30184,23.));
#2034 = DIRECTION('',(0.,0.,1.));
#2035 = DIRECTION('',(1.,0.,-0.));
#2036 = ORIENTED_EDGE('',*,*,#2037,.T.);
#2037 = EDGE_CURVE('',#2027,#2038,#2040,.T.);
#2038 = VERTEX_POINT('',#2039);
#2039 = CARTESIAN_POINT('',(142.09897948556,49.50184,21.7));
#2040 = B_SPLINE_CURVE_WITH_KNOTS('',6,(#2041,#2042,#2043,#2044,#2045,
    #2046,#2047,#2048,#2049,#2050,#2051,#2052,#2053,#2054,#2055,#2056,
    #2057,#2058,#2059,#2060,#2061,#2062,#2063,#2064,#2065,#2066,#2067,
    #2068,#2069,#2070,#2071,#2072,#2073,#2074,#2075,#2076,#2077,#2078,
    #2079,#2080,#2081,#2082,#2083,#2084,#2085,#2086,#2087,#2088,#2089,
    #2090,#2091,#2092),.UNSPECIFIED.,.F.,.F.,(7,5,5,5,5,5,5,5,5,5,7),(0.
    ,0.287320978856,0.410086198684,0.539031740411,0.674753278252,
    0.825841048158,0.98867661153,0.989994345685,0.991573633184,
    0.993527401083,1.),.UNSPECIFIED.);
#2041 = CARTESIAN_POINT('',(140.72562051276,48.20184,23.));
#2042 = CARTESIAN_POINT('',(140.83187079099,48.275290619694,23.));
#2043 = CARTESIAN_POINT('',(140.93674248701,48.351713911172,
    22.995019965405));
#2044 = CARTESIAN_POINT('',(141.03964540506,48.430765233399,
    22.984304343044));
#2045 = CARTESIAN_POINT('',(141.13998941753,48.51197790113,
    22.96705831152));
#2046 = CARTESIAN_POINT('',(141.23716598508,48.594721565344,
    22.94244879231));
#2047 = CARTESIAN_POINT('',(141.37042149215,48.713763503651,
    22.895575684587));
#2048 = CARTESIAN_POINT('',(141.40959294586,48.749499598025,
    22.880049375713));
#2049 = CARTESIAN_POINT('',(141.44795894677,48.785233827869,
    22.862977172394));
#2050 = CARTESIAN_POINT('',(141.48544080373,48.820860482948,
    22.844314901569));
#2051 = CARTESIAN_POINT('',(141.52196608242,48.856269180062,
    22.824025943719));
#2052 = CARTESIAN_POINT('',(141.59475841811,48.928186347557,
    22.779031767931));
#2053 = CARTESIAN_POINT('',(141.63091919652,48.964659977433,
    22.754156090732));
#2054 = CARTESIAN_POINT('',(141.66584458863,49.000603983241,
    22.727438803523));
#2055 = CARTESIAN_POINT('',(141.69944244043,49.0358547547,
    22.698882944411));
#2056 = CARTESIAN_POINT('',(141.73163352236,49.070249822641,
    22.66851030108));
#2057 = CARTESIAN_POINT('',(141.79468113171,49.138766007946,
    22.602523763243));
#2058 = CARTESIAN_POINT('',(141.8253713119,49.172769806274,
    22.566725947423));
#2059 = CARTESIAN_POINT('',(141.8543320753,49.205446371161,
    22.529029256181));
#2060 = CARTESIAN_POINT('',(141.88149272067,49.236607861106,
    22.489522326168));
#2061 = CARTESIAN_POINT('',(141.90679836109,49.266079797104,
    22.448321204885));
#2062 = CARTESIAN_POINT('',(141.9562674555,49.324460858126,
    22.357976660781));
#2063 = CARTESIAN_POINT('',(141.97997195534,49.352922323053,
    22.308471611935));
#2064 = CARTESIAN_POINT('',(142.00127973349,49.378893502535,
    22.257228913995));
#2065 = CARTESIAN_POINT('',(142.02016420195,49.402201361227,
    22.204453210298));
#2066 = CARTESIAN_POINT('',(142.03661093278,49.422703467815,
    22.150377278808));
#2067 = CARTESIAN_POINT('',(142.06570778729,49.459252986858,
    22.035858087563));
#2068 = CARTESIAN_POINT('',(142.07796596081,49.474833471796,
    21.97523596968));
#2069 = CARTESIAN_POINT('',(142.08739616002,49.486919242739,
    21.91366500271));
#2070 = CARTESIAN_POINT('',(142.09400487396,49.495428317669,
    21.851429243452));
#2071 = CARTESIAN_POINT('',(142.09779715447,49.500315887123,
    21.78882374996));
#2072 = CARTESIAN_POINT('',(142.09878332417,49.501587121179,
    21.725645239413));
#2073 = CARTESIAN_POINT('',(142.09879105635,49.501597088493,
    21.725138071167));
#2074 = CARTESIAN_POINT('',(142.09879860427,49.501606818336,
    21.724630897843));
#2075 = CARTESIAN_POINT('',(142.09880596794,49.501616310703,
    21.724123719592));
#2076 = CARTESIAN_POINT('',(142.09881314735,49.501625565592,
    21.723616536567));
#2077 = CARTESIAN_POINT('',(142.0988285261,49.501645390245,
    21.722501491024));
#2078 = CARTESIAN_POINT('',(142.09883664504,49.501655856379,
    21.72189362649));
#2079 = CARTESIAN_POINT('',(142.09884449932,49.501665981394,
    21.721285755579));
#2080 = CARTESIAN_POINT('',(142.09885208895,49.501675765286,
    21.720677878553));
#2081 = CARTESIAN_POINT('',(142.09885941391,49.501685208048,
    21.720069995673));
#2082 = CARTESIAN_POINT('',(142.09887520867,49.501705569481,
    21.718710076315));
#2083 = CARTESIAN_POINT('',(142.09888353807,49.501716307192,
    21.71795803687));
#2084 = CARTESIAN_POINT('',(142.09889146243,49.501726522799,
    21.717205989364));
#2085 = CARTESIAN_POINT('',(142.09889898173,49.501736216294,
    21.716453934293));
#2086 = CARTESIAN_POINT('',(142.098906096,49.50174538767,21.715701872153
    ));
#2087 = CARTESIAN_POINT('',(142.09893503206,49.501782690842,
    21.712458289921));
#2088 = CARTESIAN_POINT('',(142.09895281349,49.50180561433,
    21.709966704083));
#2089 = CARTESIAN_POINT('',(142.09896614953,49.50182280712,
    21.707475064291));
#2090 = CARTESIAN_POINT('',(142.09897504022,49.50183426904,
    21.704983388587));
#2091 = CARTESIAN_POINT('',(142.09897948556,49.50184,21.70249169469));
#2092 = CARTESIAN_POINT('',(142.09897948556,49.50184,21.7));
#2093 = ORIENTED_EDGE('',*,*,#2094,.F.);
#2094 = EDGE_CURVE('',#2095,#2038,#2097,.T.);
#2095 = VERTEX_POINT('',#2096);
#2096 = CARTESIAN_POINT('',(142.09897948556,49.50184,1.3));
#2097 = LINE('',#2098,#2099);
#2098 = CARTESIAN_POINT('',(142.09897948556,49.50184,0.));
#2099 = VECTOR('',#2100,1.);
#2100 = DIRECTION('',(0.,0.,1.));
#2101 = ORIENTED_EDGE('',*,*,#2102,.F.);
#2102 = EDGE_CURVE('',#756,#2095,#2103,.T.);
#2103 = B_SPLINE_CURVE_WITH_KNOTS('',6,(#2104,#2105,#2106,#2107,#2108,
    #2109,#2110,#2111,#2112,#2113,#2114,#2115,#2116,#2117,#2118,#2119,
    #2120,#2121,#2122,#2123,#2124,#2125,#2126,#2127,#2128,#2129,#2130,
    #2131,#2132,#2133,#2134,#2135,#2136,#2137,#2138,#2139,#2140,#2141,
    #2142,#2143,#2144,#2145,#2146,#2147,#2148,#2149,#2150,#2151,#2152,
    #2153,#2154,#2155),.UNSPECIFIED.,.F.,.F.,(7,5,5,5,5,5,5,5,5,5,7),(0.
    ,0.287320881158,0.410086092535,0.539031657464,0.674753219727,
    0.82584101682,0.988676609492,0.989994343885,0.991573631667,
    0.993527399918,1.),.UNSPECIFIED.);
#2104 = CARTESIAN_POINT('',(140.72562051276,48.20184,-2.22044604925E-16)
  );
#2105 = CARTESIAN_POINT('',(140.83187079101,48.275290619706,
    -2.22044604925E-16));
#2106 = CARTESIAN_POINT('',(140.936742487,48.351713911168,
    4.980034597023E-03));
#2107 = CARTESIAN_POINT('',(141.03964540504,48.430765233386,
    1.569565695366E-02));
#2108 = CARTESIAN_POINT('',(141.13998941753,48.511977901128,
    3.294168847663E-02));
#2109 = CARTESIAN_POINT('',(141.23716598509,48.594721565356,
    5.755120769446E-02));
#2110 = CARTESIAN_POINT('',(141.37042150296,48.71376351331,
    0.104424319217));
#2111 = CARTESIAN_POINT('',(141.40959294406,48.749499595952,
    0.119950622344));
#2112 = CARTESIAN_POINT('',(141.447958937,48.785233818684,0.137022822907
    ));
#2113 = CARTESIAN_POINT('',(141.48544080035,48.820860480129,
    0.155685097813));
#2114 = CARTESIAN_POINT('',(141.52196609125,48.856269188788,
    0.17597406174));
#2115 = CARTESIAN_POINT('',(141.59475841811,48.928186347557,
    0.220968232069));
#2116 = CARTESIAN_POINT('',(141.63091919652,48.964659977433,
    0.245843909268));
#2117 = CARTESIAN_POINT('',(141.66584458863,49.000603983241,
    0.272561196477));
#2118 = CARTESIAN_POINT('',(141.69944244043,49.0358547547,0.301117055589
    ));
#2119 = CARTESIAN_POINT('',(141.73163352236,49.070249822641,
    0.33148969892));
#2120 = CARTESIAN_POINT('',(141.79468113171,49.138766007946,
    0.397476236757));
#2121 = CARTESIAN_POINT('',(141.8253713119,49.172769806274,
    0.433274052577));
#2122 = CARTESIAN_POINT('',(141.8543320753,49.205446371161,
    0.470970743819));
#2123 = CARTESIAN_POINT('',(141.88149272067,49.236607861106,
    0.510477673832));
#2124 = CARTESIAN_POINT('',(141.90679836109,49.266079797104,
    0.551678795115));
#2125 = CARTESIAN_POINT('',(141.9562674555,49.324460858126,
    0.642023339219));
#2126 = CARTESIAN_POINT('',(141.97997195534,49.352922323053,
    0.691528388065));
#2127 = CARTESIAN_POINT('',(142.00127973349,49.378893502535,
    0.742771086005));
#2128 = CARTESIAN_POINT('',(142.02016420195,49.402201361227,
    0.795546789702));
#2129 = CARTESIAN_POINT('',(142.03661093278,49.422703467815,
    0.849622721192));
#2130 = CARTESIAN_POINT('',(142.06570778729,49.459252986858,
    0.964141912437));
#2131 = CARTESIAN_POINT('',(142.07796596081,49.474833471796,
    1.02476403032));
#2132 = CARTESIAN_POINT('',(142.08739616002,49.486919242739,
    1.086334997289));
#2133 = CARTESIAN_POINT('',(142.09400487396,49.495428317669,
    1.148570756548));
#2134 = CARTESIAN_POINT('',(142.09779715447,49.500315887123,
    1.21117625004));
#2135 = CARTESIAN_POINT('',(142.09878332417,49.501587121179,
    1.274354760587));
#2136 = CARTESIAN_POINT('',(142.09879105635,49.501597088493,
    1.274861928833));
#2137 = CARTESIAN_POINT('',(142.09879860427,49.501606818336,
    1.275369102157));
#2138 = CARTESIAN_POINT('',(142.09880596794,49.501616310703,
    1.275876280408));
#2139 = CARTESIAN_POINT('',(142.09881314735,49.501625565592,
    1.276383463433));
#2140 = CARTESIAN_POINT('',(142.0988285261,49.501645390245,
    1.277498508976));
#2141 = CARTESIAN_POINT('',(142.09883664504,49.501655856379,
    1.27810637351));
#2142 = CARTESIAN_POINT('',(142.09884449932,49.501665981394,
    1.278714244421));
#2143 = CARTESIAN_POINT('',(142.09885208895,49.501675765286,
    1.279322121447));
#2144 = CARTESIAN_POINT('',(142.09885941391,49.501685208048,
    1.279930004327));
#2145 = CARTESIAN_POINT('',(142.09887520867,49.501705569481,
    1.281289923685));
#2146 = CARTESIAN_POINT('',(142.09888353807,49.501716307192,
    1.28204196313));
#2147 = CARTESIAN_POINT('',(142.09889146243,49.501726522799,
    1.282794010636));
#2148 = CARTESIAN_POINT('',(142.09889898173,49.501736216294,
    1.283546065707));
#2149 = CARTESIAN_POINT('',(142.098906096,49.50174538767,1.284298127847)
  );
#2150 = CARTESIAN_POINT('',(142.09893503206,49.501782690842,
    1.287541710079));
#2151 = CARTESIAN_POINT('',(142.09895281349,49.50180561433,
    1.290033295917));
#2152 = CARTESIAN_POINT('',(142.09896614953,49.50182280712,
    1.292524935709));
#2153 = CARTESIAN_POINT('',(142.09897504022,49.50183426904,
    1.295016611413));
#2154 = CARTESIAN_POINT('',(142.09897948556,49.50184,1.29750830531));
#2155 = CARTESIAN_POINT('',(142.09897948556,49.50184,1.3));
#2156 = ORIENTED_EDGE('',*,*,#755,.T.);
#2157 = ORIENTED_EDGE('',*,*,#746,.T.);
#2158 = ORIENTED_EDGE('',*,*,#1977,.F.);
#2159 = ORIENTED_EDGE('',*,*,#2160,.T.);
#2160 = EDGE_CURVE('',#1978,#2161,#2163,.T.);
#2161 = VERTEX_POINT('',#2162);
#2162 = CARTESIAN_POINT('',(132.30102051443,49.50184,21.7));
#2163 = LINE('',#2164,#2165);
#2164 = CARTESIAN_POINT('',(132.30102051443,49.50184,0.));
#2165 = VECTOR('',#2166,1.);
#2166 = DIRECTION('',(0.,0.,1.));
#2167 = ORIENTED_EDGE('',*,*,#2168,.T.);
#2168 = EDGE_CURVE('',#2161,#2169,#2171,.T.);
#2169 = VERTEX_POINT('',#2170);
#2170 = CARTESIAN_POINT('',(133.67437948723,48.20184,23.));
#2171 = B_SPLINE_CURVE_WITH_KNOTS('',5,(#2172,#2173,#2174,#2175,#2176,
    #2177,#2178,#2179,#2180,#2181,#2182,#2183,#2184,#2185,#2186,#2187,
    #2188,#2189,#2190,#2191,#2192,#2193,#2194,#2195,#2196,#2197,#2198,
    #2199,#2200,#2201),.UNSPECIFIED.,.F.,.F.,(6,4,4,4,4,4,4,6),(0.,
    0.172651596434,0.325334858211,0.461028149097,0.513113322918,
    0.590190739076,0.717260101034,1.),.UNSPECIFIED.);
#2172 = CARTESIAN_POINT('',(132.30102051443,49.50184,21.7));
#2173 = CARTESIAN_POINT('',(132.30102051443,49.50184,21.779744639493));
#2174 = CARTESIAN_POINT('',(132.30576378876,49.49572517881,
    21.859513498749));
#2175 = CARTESIAN_POINT('',(132.31525393315,49.483489396491,
    21.938584255625));
#2176 = CARTESIAN_POINT('',(132.3295059695,49.465276158343,
    22.016264230534));
#2177 = CARTESIAN_POINT('',(132.36536779991,49.420208628717,
    22.158802986214));
#2178 = CARTESIAN_POINT('',(132.38593908105,49.394593396129,
    22.224118262587));
#2179 = CARTESIAN_POINT('',(132.41024158826,49.364728942008,
    22.287318469764));
#2180 = CARTESIAN_POINT('',(132.4382366022,49.330946022722,
    22.347950804132));
#2181 = CARTESIAN_POINT('',(132.49792512452,49.260506151843,
    22.456937577524));
#2182 = CARTESIAN_POINT('',(132.52885359215,49.224595329941,
    22.50589518561));
#2183 = CARTESIAN_POINT('',(132.56254206362,49.186229898618,
    22.552241447352));
#2184 = CARTESIAN_POINT('',(132.59886725571,49.145777172289,
    22.595771656899));
#2185 = CARTESIAN_POINT('',(132.65253917925,49.087449953921,
    22.651945128322));
#2186 = CARTESIAN_POINT('',(132.66778891052,49.07102143021,
    22.667093490571));
#2187 = CARTESIAN_POINT('',(132.68339127478,49.054364893477,
    22.681802436226));
#2188 = CARTESIAN_POINT('',(132.69933573333,49.037502226824,
    22.696067361481));
#2189 = CARTESIAN_POINT('',(132.73969575024,48.995228517516,
    22.730334509785));
#2190 = CARTESIAN_POINT('',(132.76450514275,48.969597897208,
    22.749805247666));
#2191 = CARTESIAN_POINT('',(132.79000251137,48.943634237933,
    22.768289916076));
#2192 = CARTESIAN_POINT('',(132.81614983106,48.917404766537,
    22.785789460015));
#2193 = CARTESIAN_POINT('',(132.88702066769,48.847397945009,
    22.829555598324));
#2194 = CARTESIAN_POINT('',(132.93277542157,48.803290174811,
    22.854135481401));
#2195 = CARTESIAN_POINT('',(132.98002603557,48.758903996862,
    22.876118987928));
#2196 = CARTESIAN_POINT('',(133.02860533598,48.714477330119,
    22.895597210093));
#2197 = CARTESIAN_POINT('',(133.18895520001,48.57178174716,
    22.950712381596));
#2198 = CARTESIAN_POINT('',(133.3050584628,48.474380905755,
    22.976852007765));
#2199 = CARTESIAN_POINT('',(133.42540931474,48.379657768171,
    22.992763436959));
#2200 = CARTESIAN_POINT('',(133.54888795218,48.28859206474,23.));
#2201 = CARTESIAN_POINT('',(133.67437948723,48.20184,23.));
#2202 = ORIENTED_EDGE('',*,*,#2203,.F.);
#2203 = EDGE_CURVE('',#2029,#2169,#2204,.T.);
#2204 = CIRCLE('',#2205,6.2);
#2205 = AXIS2_PLACEMENT_3D('',#2206,#2207,#2208);
#2206 = CARTESIAN_POINT('',(137.2,53.30184,23.));
#2207 = DIRECTION('',(0.,0.,1.));
#2208 = DIRECTION('',(1.,0.,-0.));
#2209 = CYLINDRICAL_SURFACE('',#2210,6.2);
#2210 = AXIS2_PLACEMENT_3D('',#2211,#2212,#2213);
#2211 = CARTESIAN_POINT('',(137.2,53.30184,0.));
#2212 = DIRECTION('',(0.,0.,1.));
#2213 = DIRECTION('',(1.,0.,-0.));
#2214 = ADVANCED_FACE('',(#2215),#2234,.T.);
#2215 = FACE_BOUND('',#2216,.T.);
#2216 = EDGE_LOOP('',(#2217,#2225,#2226,#2227));
#2217 = ORIENTED_EDGE('',*,*,#2218,.F.);
#2218 = EDGE_CURVE('',#1436,#2219,#2221,.T.);
#2219 = VERTEX_POINT('',#2220);
#2220 = CARTESIAN_POINT('',(150.1,-2.22044604925E-16,1.3));
#2221 = LINE('',#2222,#2223);
#2222 = CARTESIAN_POINT('',(0.,-2.22044604925E-16,1.3));
#2223 = VECTOR('',#2224,1.);
#2224 = DIRECTION('',(1.,0.,-0.));
#2225 = ORIENTED_EDGE('',*,*,#1435,.T.);
#2226 = ORIENTED_EDGE('',*,*,#780,.T.);
#2227 = ORIENTED_EDGE('',*,*,#2228,.T.);
#2228 = EDGE_CURVE('',#773,#2219,#2229,.T.);
#2229 = CIRCLE('',#2230,1.3);
#2230 = AXIS2_PLACEMENT_3D('',#2231,#2232,#2233);
#2231 = CARTESIAN_POINT('',(150.1,1.3,1.3));
#2232 = DIRECTION('',(-1.,-6.123233995737E-17,0.));
#2233 = DIRECTION('',(6.123233995737E-17,-1.,-0.));
#2234 = CYLINDRICAL_SURFACE('',#2235,1.3);
#2235 = AXIS2_PLACEMENT_3D('',#2236,#2237,#2238);
#2236 = CARTESIAN_POINT('',(0.,1.3,1.3));
#2237 = DIRECTION('',(1.,0.,-0.));
#2238 = DIRECTION('',(0.,-1.,0.));
#2239 = ADVANCED_FACE('',(#2240),#2259,.T.);
#2240 = FACE_BOUND('',#2241,.F.);
#2241 = EDGE_LOOP('',(#2242,#2243,#2244,#2253));
#2242 = ORIENTED_EDGE('',*,*,#2102,.F.);
#2243 = ORIENTED_EDGE('',*,*,#764,.T.);
#2244 = ORIENTED_EDGE('',*,*,#2245,.T.);
#2245 = EDGE_CURVE('',#765,#2246,#2248,.T.);
#2246 = VERTEX_POINT('',#2247);
#2247 = CARTESIAN_POINT('',(150.1,49.50184,1.3));
#2248 = CIRCLE('',#2249,1.3);
#2249 = AXIS2_PLACEMENT_3D('',#2250,#2251,#2252);
#2250 = CARTESIAN_POINT('',(150.1,48.20184,1.3));
#2251 = DIRECTION('',(1.,-6.123233995737E-17,0.));
#2252 = DIRECTION('',(6.123233995737E-17,1.,0.));
#2253 = ORIENTED_EDGE('',*,*,#2254,.F.);
#2254 = EDGE_CURVE('',#2095,#2246,#2255,.T.);
#2255 = LINE('',#2256,#2257);
#2256 = CARTESIAN_POINT('',(0.,49.50184,1.3));
#2257 = VECTOR('',#2258,1.);
#2258 = DIRECTION('',(1.,0.,-0.));
#2259 = CYLINDRICAL_SURFACE('',#2260,1.3);
#2260 = AXIS2_PLACEMENT_3D('',#2261,#2262,#2263);
#2261 = CARTESIAN_POINT('',(0.,48.20184,1.3));
#2262 = DIRECTION('',(1.,0.,-0.));
#2263 = DIRECTION('',(0.,1.,0.));
#2264 = ADVANCED_FACE('',(#2265),#2292,.T.);
#2265 = FACE_BOUND('',#2266,.T.);
#2266 = EDGE_LOOP('',(#2267,#2276,#2277,#2286));
#2267 = ORIENTED_EDGE('',*,*,#2268,.F.);
#2268 = EDGE_CURVE('',#773,#2269,#2271,.T.);
#2269 = VERTEX_POINT('',#2270);
#2270 = CARTESIAN_POINT('',(151.4,1.3,1.3));
#2271 = CIRCLE('',#2272,1.3);
#2272 = AXIS2_PLACEMENT_3D('',#2273,#2274,#2275);
#2273 = CARTESIAN_POINT('',(150.1,1.3,1.3));
#2274 = DIRECTION('',(0.,-1.,0.));
#2275 = DIRECTION('',(1.,0.,0.));
#2276 = ORIENTED_EDGE('',*,*,#772,.T.);
#2277 = ORIENTED_EDGE('',*,*,#2278,.T.);
#2278 = EDGE_CURVE('',#765,#2279,#2281,.T.);
#2279 = VERTEX_POINT('',#2280);
#2280 = CARTESIAN_POINT('',(151.4,48.20184,1.3));
#2281 = CIRCLE('',#2282,1.3);
#2282 = AXIS2_PLACEMENT_3D('',#2283,#2284,#2285);
#2283 = CARTESIAN_POINT('',(150.1,48.20184,1.3));
#2284 = DIRECTION('',(0.,-1.,0.));
#2285 = DIRECTION('',(1.,0.,0.));
#2286 = ORIENTED_EDGE('',*,*,#2287,.F.);
#2287 = EDGE_CURVE('',#2269,#2279,#2288,.T.);
#2288 = LINE('',#2289,#2290);
#2289 = CARTESIAN_POINT('',(151.4,0.,1.3));
#2290 = VECTOR('',#2291,1.);
#2291 = DIRECTION('',(-0.,1.,0.));
#2292 = CYLINDRICAL_SURFACE('',#2293,1.3);
#2293 = AXIS2_PLACEMENT_3D('',#2294,#2295,#2296);
#2294 = CARTESIAN_POINT('',(150.1,0.,1.3));
#2295 = DIRECTION('',(-0.,1.,0.));
#2296 = DIRECTION('',(1.,0.,-0.));
#2297 = ADVANCED_FACE('',(#2298),#2309,.F.);
#2298 = FACE_BOUND('',#2299,.F.);
#2299 = EDGE_LOOP('',(#2300,#2301,#2307,#2308));
#2300 = ORIENTED_EDGE('',*,*,#1663,.F.);
#2301 = ORIENTED_EDGE('',*,*,#2302,.F.);
#2302 = EDGE_CURVE('',#841,#1664,#2303,.T.);
#2303 = LINE('',#2304,#2305);
#2304 = CARTESIAN_POINT('',(103.65,24.75092,-0.5));
#2305 = VECTOR('',#2306,1.);
#2306 = DIRECTION('',(0.,0.,1.));
#2307 = ORIENTED_EDGE('',*,*,#840,.T.);
#2308 = ORIENTED_EDGE('',*,*,#2302,.T.);
#2309 = CYLINDRICAL_SURFACE('',#2310,1.7);
#2310 = AXIS2_PLACEMENT_3D('',#2311,#2312,#2313);
#2311 = CARTESIAN_POINT('',(101.95,24.75092,-0.5));
#2312 = DIRECTION('',(0.,0.,1.));
#2313 = DIRECTION('',(1.,0.,-0.));
#2314 = ADVANCED_FACE('',(#2315),#2326,.F.);
#2315 = FACE_BOUND('',#2316,.F.);
#2316 = EDGE_LOOP('',(#2317,#2318,#2324,#2325));
#2317 = ORIENTED_EDGE('',*,*,#1652,.F.);
#2318 = ORIENTED_EDGE('',*,*,#2319,.F.);
#2319 = EDGE_CURVE('',#852,#1653,#2320,.T.);
#2320 = LINE('',#2321,#2322);
#2321 = CARTESIAN_POINT('',(51.15,24.75092,-0.5));
#2322 = VECTOR('',#2323,1.);
#2323 = DIRECTION('',(0.,0.,1.));
#2324 = ORIENTED_EDGE('',*,*,#851,.T.);
#2325 = ORIENTED_EDGE('',*,*,#2319,.T.);
#2326 = CYLINDRICAL_SURFACE('',#2327,1.7);
#2327 = AXIS2_PLACEMENT_3D('',#2328,#2329,#2330);
#2328 = CARTESIAN_POINT('',(49.45,24.75092,-0.5));
#2329 = DIRECTION('',(0.,0.,1.));
#2330 = DIRECTION('',(1.,0.,-0.));
#2331 = ADVANCED_FACE('',(#2332),#2338,.F.);
#2332 = FACE_BOUND('',#2333,.F.);
#2333 = EDGE_LOOP('',(#2334,#2335,#2336,#2337));
#2334 = ORIENTED_EDGE('',*,*,#1958,.F.);
#2335 = ORIENTED_EDGE('',*,*,#996,.T.);
#2336 = ORIENTED_EDGE('',*,*,#1486,.T.);
#2337 = ORIENTED_EDGE('',*,*,#1370,.F.);
#2338 = PLANE('',#2339);
#2339 = AXIS2_PLACEMENT_3D('',#2340,#2341,#2342);
#2340 = CARTESIAN_POINT('',(0.,0.,0.));
#2341 = DIRECTION('',(-0.,1.,0.));
#2342 = DIRECTION('',(0.,0.,1.));
#2343 = ADVANCED_FACE('',(#2344),#2362,.F.);
#2344 = FACE_BOUND('',#2345,.F.);
#2345 = EDGE_LOOP('',(#2346,#2347,#2348,#2356));
#2346 = ORIENTED_EDGE('',*,*,#1083,.F.);
#2347 = ORIENTED_EDGE('',*,*,#1596,.T.);
#2348 = ORIENTED_EDGE('',*,*,#2349,.T.);
#2349 = EDGE_CURVE('',#1597,#2350,#2352,.T.);
#2350 = VERTEX_POINT('',#2351);
#2351 = CARTESIAN_POINT('',(16.95,4.35,4.8));
#2352 = LINE('',#2353,#2354);
#2353 = CARTESIAN_POINT('',(16.95,4.35,2.));
#2354 = VECTOR('',#2355,1.);
#2355 = DIRECTION('',(0.,0.,1.));
#2356 = ORIENTED_EDGE('',*,*,#2357,.F.);
#2357 = EDGE_CURVE('',#1076,#2350,#2358,.T.);
#2358 = LINE('',#2359,#2360);
#2359 = CARTESIAN_POINT('',(16.95,2.4,4.8));
#2360 = VECTOR('',#2361,1.);
#2361 = DIRECTION('',(-0.,1.,0.));
#2362 = PLANE('',#2363);
#2363 = AXIS2_PLACEMENT_3D('',#2364,#2365,#2366);
#2364 = CARTESIAN_POINT('',(16.95,2.4,2.));
#2365 = DIRECTION('',(1.,0.,-0.));
#2366 = DIRECTION('',(0.,0.,1.));
#2367 = ADVANCED_FACE('',(#2368),#2386,.T.);
#2368 = FACE_BOUND('',#2369,.T.);
#2369 = EDGE_LOOP('',(#2370,#2371,#2372,#2380));
#2370 = ORIENTED_EDGE('',*,*,#2357,.F.);
#2371 = ORIENTED_EDGE('',*,*,#1075,.T.);
#2372 = ORIENTED_EDGE('',*,*,#2373,.T.);
#2373 = EDGE_CURVE('',#1068,#2374,#2376,.T.);
#2374 = VERTEX_POINT('',#2375);
#2375 = CARTESIAN_POINT('',(134.45,4.35,4.8));
#2376 = LINE('',#2377,#2378);
#2377 = CARTESIAN_POINT('',(134.45,2.4,4.8));
#2378 = VECTOR('',#2379,1.);
#2379 = DIRECTION('',(-0.,1.,0.));
#2380 = ORIENTED_EDGE('',*,*,#2381,.F.);
#2381 = EDGE_CURVE('',#2350,#2374,#2382,.T.);
#2382 = LINE('',#2383,#2384);
#2383 = CARTESIAN_POINT('',(16.95,4.35,4.8));
#2384 = VECTOR('',#2385,1.);
#2385 = DIRECTION('',(1.,0.,-0.));
#2386 = PLANE('',#2387);
#2387 = AXIS2_PLACEMENT_3D('',#2388,#2389,#2390);
#2388 = CARTESIAN_POINT('',(16.95,2.4,4.8));
#2389 = DIRECTION('',(0.,0.,1.));
#2390 = DIRECTION('',(1.,0.,-0.));
#2391 = ADVANCED_FACE('',(#2392),#2403,.T.);
#2392 = FACE_BOUND('',#2393,.T.);
#2393 = EDGE_LOOP('',(#2394,#2395,#2396,#2402));
#2394 = ORIENTED_EDGE('',*,*,#1067,.F.);
#2395 = ORIENTED_EDGE('',*,*,#1612,.T.);
#2396 = ORIENTED_EDGE('',*,*,#2397,.T.);
#2397 = EDGE_CURVE('',#1605,#2374,#2398,.T.);
#2398 = LINE('',#2399,#2400);
#2399 = CARTESIAN_POINT('',(134.45,4.35,2.));
#2400 = VECTOR('',#2401,1.);
#2401 = DIRECTION('',(0.,0.,1.));
#2402 = ORIENTED_EDGE('',*,*,#2373,.F.);
#2403 = PLANE('',#2404);
#2404 = AXIS2_PLACEMENT_3D('',#2405,#2406,#2407);
#2405 = CARTESIAN_POINT('',(134.45,2.4,2.));
#2406 = DIRECTION('',(1.,0.,-0.));
#2407 = DIRECTION('',(0.,0.,1.));
#2408 = ADVANCED_FACE('',(#2409),#2427,.T.);
#2409 = FACE_BOUND('',#2410,.T.);
#2410 = EDGE_LOOP('',(#2411,#2419,#2420,#2421));
#2411 = ORIENTED_EDGE('',*,*,#2412,.F.);
#2412 = EDGE_CURVE('',#1165,#2413,#2415,.T.);
#2413 = VERTEX_POINT('',#2414);
#2414 = CARTESIAN_POINT('',(151.4,17.775,2.2));
#2415 = LINE('',#2416,#2417);
#2416 = CARTESIAN_POINT('',(148.45,17.775,2.2));
#2417 = VECTOR('',#2418,1.);
#2418 = DIRECTION('',(1.,0.,-0.));
#2419 = ORIENTED_EDGE('',*,*,#1172,.T.);
#2420 = ORIENTED_EDGE('',*,*,#1195,.T.);
#2421 = ORIENTED_EDGE('',*,*,#2422,.F.);
#2422 = EDGE_CURVE('',#2413,#1196,#2423,.T.);
#2423 = LINE('',#2424,#2425);
#2424 = CARTESIAN_POINT('',(151.4,2.3,2.2));
#2425 = VECTOR('',#2426,1.);
#2426 = DIRECTION('',(0.,-1.,0.));
#2427 = PLANE('',#2428);
#2428 = AXIS2_PLACEMENT_3D('',#2429,#2430,#2431);
#2429 = CARTESIAN_POINT('',(148.45,4.6,2.2));
#2430 = DIRECTION('',(0.,0.,1.));
#2431 = DIRECTION('',(1.,0.,-0.));
#2432 = ADVANCED_FACE('',(#2433),#2460,.F.);
#2433 = FACE_BOUND('',#2434,.F.);
#2434 = EDGE_LOOP('',(#2435,#2436,#2437,#2445,#2454));
#2435 = ORIENTED_EDGE('',*,*,#2412,.F.);
#2436 = ORIENTED_EDGE('',*,*,#1164,.T.);
#2437 = ORIENTED_EDGE('',*,*,#2438,.F.);
#2438 = EDGE_CURVE('',#2439,#1157,#2441,.T.);
#2439 = VERTEX_POINT('',#2440);
#2440 = CARTESIAN_POINT('',(150.1,17.775,23.));
#2441 = LINE('',#2442,#2443);
#2442 = CARTESIAN_POINT('',(112.1029157362,17.775,23.));
#2443 = VECTOR('',#2444,1.);
#2444 = DIRECTION('',(-1.,-0.,0.));
#2445 = ORIENTED_EDGE('',*,*,#2446,.T.);
#2446 = EDGE_CURVE('',#2439,#2447,#2449,.T.);
#2447 = VERTEX_POINT('',#2448);
#2448 = CARTESIAN_POINT('',(151.4,17.775,21.7));
#2449 = CIRCLE('',#2450,1.3);
#2450 = AXIS2_PLACEMENT_3D('',#2451,#2452,#2453);
#2451 = CARTESIAN_POINT('',(150.1,17.775,21.7));
#2452 = DIRECTION('',(0.,1.,0.));
#2453 = DIRECTION('',(1.,0.,-0.));
#2454 = ORIENTED_EDGE('',*,*,#2455,.F.);
#2455 = EDGE_CURVE('',#2413,#2447,#2456,.T.);
#2456 = LINE('',#2457,#2458);
#2457 = CARTESIAN_POINT('',(151.4,17.775,1.1));
#2458 = VECTOR('',#2459,1.);
#2459 = DIRECTION('',(0.,0.,1.));
#2460 = PLANE('',#2461);
#2461 = AXIS2_PLACEMENT_3D('',#2462,#2463,#2464);
#2462 = CARTESIAN_POINT('',(148.45,17.775,2.2));
#2463 = DIRECTION('',(-0.,1.,0.));
#2464 = DIRECTION('',(0.,0.,1.));
#2465 = ADVANCED_FACE('',(#2466),#2484,.T.);
#2466 = FACE_BOUND('',#2467,.T.);
#2467 = EDGE_LOOP('',(#2468,#2469,#2470,#2478));
#2468 = ORIENTED_EDGE('',*,*,#1156,.F.);
#2469 = ORIENTED_EDGE('',*,*,#2438,.F.);
#2470 = ORIENTED_EDGE('',*,*,#2471,.T.);
#2471 = EDGE_CURVE('',#2439,#2472,#2474,.T.);
#2472 = VERTEX_POINT('',#2473);
#2473 = CARTESIAN_POINT('',(150.1,24.230001,23.));
#2474 = LINE('',#2475,#2476);
#2475 = CARTESIAN_POINT('',(150.1,0.,23.));
#2476 = VECTOR('',#2477,1.);
#2477 = DIRECTION('',(-0.,1.,0.));
#2478 = ORIENTED_EDGE('',*,*,#2479,.T.);
#2479 = EDGE_CURVE('',#2472,#1149,#2480,.T.);
#2480 = LINE('',#2481,#2482);
#2481 = CARTESIAN_POINT('',(112.1029157362,24.230001,23.));
#2482 = VECTOR('',#2483,1.);
#2483 = DIRECTION('',(-1.,-0.,0.));
#2484 = PLANE('',#2485);
#2485 = AXIS2_PLACEMENT_3D('',#2486,#2487,#2488);
#2486 = CARTESIAN_POINT('',(75.755831472414,24.75092,23.));
#2487 = DIRECTION('',(0.,0.,1.));
#2488 = DIRECTION('',(1.,0.,-0.));
#2489 = ADVANCED_FACE('',(#2490),#2517,.T.);
#2490 = FACE_BOUND('',#2491,.T.);
#2491 = EDGE_LOOP('',(#2492,#2500,#2501,#2502,#2511));
#2492 = ORIENTED_EDGE('',*,*,#2493,.F.);
#2493 = EDGE_CURVE('',#1141,#2494,#2496,.T.);
#2494 = VERTEX_POINT('',#2495);
#2495 = CARTESIAN_POINT('',(151.4,24.230001,2.2));
#2496 = LINE('',#2497,#2498);
#2497 = CARTESIAN_POINT('',(148.45,24.230001,2.2));
#2498 = VECTOR('',#2499,1.);
#2499 = DIRECTION('',(1.,0.,-0.));
#2500 = ORIENTED_EDGE('',*,*,#1148,.T.);
#2501 = ORIENTED_EDGE('',*,*,#2479,.F.);
#2502 = ORIENTED_EDGE('',*,*,#2503,.T.);
#2503 = EDGE_CURVE('',#2472,#2504,#2506,.T.);
#2504 = VERTEX_POINT('',#2505);
#2505 = CARTESIAN_POINT('',(151.4,24.230001,21.7));
#2506 = CIRCLE('',#2507,1.3);
#2507 = AXIS2_PLACEMENT_3D('',#2508,#2509,#2510);
#2508 = CARTESIAN_POINT('',(150.1,24.230001,21.7));
#2509 = DIRECTION('',(0.,1.,0.));
#2510 = DIRECTION('',(1.,0.,-0.));
#2511 = ORIENTED_EDGE('',*,*,#2512,.F.);
#2512 = EDGE_CURVE('',#2494,#2504,#2513,.T.);
#2513 = LINE('',#2514,#2515);
#2514 = CARTESIAN_POINT('',(151.4,24.230001,1.1));
#2515 = VECTOR('',#2516,1.);
#2516 = DIRECTION('',(0.,0.,1.));
#2517 = PLANE('',#2518);
#2518 = AXIS2_PLACEMENT_3D('',#2519,#2520,#2521);
#2519 = CARTESIAN_POINT('',(148.45,24.230001,2.2));
#2520 = DIRECTION('',(-0.,1.,0.));
#2521 = DIRECTION('',(0.,0.,1.));
#2522 = ADVANCED_FACE('',(#2523),#2541,.T.);
#2523 = FACE_BOUND('',#2524,.T.);
#2524 = EDGE_LOOP('',(#2525,#2533,#2534,#2535));
#2525 = ORIENTED_EDGE('',*,*,#2526,.F.);
#2526 = EDGE_CURVE('',#1133,#2527,#2529,.T.);
#2527 = VERTEX_POINT('',#2528);
#2528 = CARTESIAN_POINT('',(151.4,45.210001,2.2));
#2529 = LINE('',#2530,#2531);
#2530 = CARTESIAN_POINT('',(148.45,45.210001,2.2));
#2531 = VECTOR('',#2532,1.);
#2532 = DIRECTION('',(1.,0.,-0.));
#2533 = ORIENTED_EDGE('',*,*,#1140,.T.);
#2534 = ORIENTED_EDGE('',*,*,#2493,.T.);
#2535 = ORIENTED_EDGE('',*,*,#2536,.F.);
#2536 = EDGE_CURVE('',#2527,#2494,#2537,.T.);
#2537 = LINE('',#2538,#2539);
#2538 = CARTESIAN_POINT('',(151.4,12.1150005,2.2));
#2539 = VECTOR('',#2540,1.);
#2540 = DIRECTION('',(0.,-1.,0.));
#2541 = PLANE('',#2542);
#2542 = AXIS2_PLACEMENT_3D('',#2543,#2544,#2545);
#2543 = CARTESIAN_POINT('',(148.45,24.230001,2.2));
#2544 = DIRECTION('',(0.,0.,1.));
#2545 = DIRECTION('',(1.,0.,-0.));
#2546 = ADVANCED_FACE('',(#2547),#2574,.F.);
#2547 = FACE_BOUND('',#2548,.F.);
#2548 = EDGE_LOOP('',(#2549,#2550,#2551,#2559,#2568));
#2549 = ORIENTED_EDGE('',*,*,#2526,.F.);
#2550 = ORIENTED_EDGE('',*,*,#1132,.T.);
#2551 = ORIENTED_EDGE('',*,*,#2552,.F.);
#2552 = EDGE_CURVE('',#2553,#1125,#2555,.T.);
#2553 = VERTEX_POINT('',#2554);
#2554 = CARTESIAN_POINT('',(150.1,45.210001,23.));
#2555 = LINE('',#2556,#2557);
#2556 = CARTESIAN_POINT('',(112.1029157362,45.210001,23.));
#2557 = VECTOR('',#2558,1.);
#2558 = DIRECTION('',(-1.,-0.,0.));
#2559 = ORIENTED_EDGE('',*,*,#2560,.T.);
#2560 = EDGE_CURVE('',#2553,#2561,#2563,.T.);
#2561 = VERTEX_POINT('',#2562);
#2562 = CARTESIAN_POINT('',(151.4,45.210001,21.7));
#2563 = CIRCLE('',#2564,1.3);
#2564 = AXIS2_PLACEMENT_3D('',#2565,#2566,#2567);
#2565 = CARTESIAN_POINT('',(150.1,45.210001,21.7));
#2566 = DIRECTION('',(0.,1.,0.));
#2567 = DIRECTION('',(1.,0.,-0.));
#2568 = ORIENTED_EDGE('',*,*,#2569,.F.);
#2569 = EDGE_CURVE('',#2527,#2561,#2570,.T.);
#2570 = LINE('',#2571,#2572);
#2571 = CARTESIAN_POINT('',(151.4,45.210001,1.1));
#2572 = VECTOR('',#2573,1.);
#2573 = DIRECTION('',(0.,0.,1.));
#2574 = PLANE('',#2575);
#2575 = AXIS2_PLACEMENT_3D('',#2576,#2577,#2578);
#2576 = CARTESIAN_POINT('',(148.45,45.210001,2.2));
#2577 = DIRECTION('',(-0.,1.,0.));
#2578 = DIRECTION('',(0.,0.,1.));
#2579 = ADVANCED_FACE('',(#2580,#2622),#2633,.T.);
#2580 = FACE_BOUND('',#2581,.T.);
#2581 = EDGE_LOOP('',(#2582,#2583,#2584,#2592,#2598,#2599,#2600,#2608,
    #2616));
#2582 = ORIENTED_EDGE('',*,*,#1124,.F.);
#2583 = ORIENTED_EDGE('',*,*,#2552,.F.);
#2584 = ORIENTED_EDGE('',*,*,#2585,.T.);
#2585 = EDGE_CURVE('',#2553,#2586,#2588,.T.);
#2586 = VERTEX_POINT('',#2587);
#2587 = CARTESIAN_POINT('',(150.1,48.20184,23.));
#2588 = LINE('',#2589,#2590);
#2589 = CARTESIAN_POINT('',(150.1,0.,23.));
#2590 = VECTOR('',#2591,1.);
#2591 = DIRECTION('',(-0.,1.,0.));
#2592 = ORIENTED_EDGE('',*,*,#2593,.F.);
#2593 = EDGE_CURVE('',#2027,#2586,#2594,.T.);
#2594 = LINE('',#2595,#2596);
#2595 = CARTESIAN_POINT('',(0.,48.20184,23.));
#2596 = VECTOR('',#2597,1.);
#2597 = DIRECTION('',(1.,0.,-0.));
#2598 = ORIENTED_EDGE('',*,*,#2026,.T.);
#2599 = ORIENTED_EDGE('',*,*,#2203,.T.);
#2600 = ORIENTED_EDGE('',*,*,#2601,.F.);
#2601 = EDGE_CURVE('',#2602,#2169,#2604,.T.);
#2602 = VERTEX_POINT('',#2603);
#2603 = CARTESIAN_POINT('',(74.93,48.20184,23.));
#2604 = LINE('',#2605,#2606);
#2605 = CARTESIAN_POINT('',(0.,48.20184,23.));
#2606 = VECTOR('',#2607,1.);
#2607 = DIRECTION('',(1.,0.,-0.));
#2608 = ORIENTED_EDGE('',*,*,#2609,.F.);
#2609 = EDGE_CURVE('',#2610,#2602,#2612,.T.);
#2610 = VERTEX_POINT('',#2611);
#2611 = CARTESIAN_POINT('',(74.93,47.10184,23.));
#2612 = LINE('',#2613,#2614);
#2613 = CARTESIAN_POINT('',(74.93,35.65138,23.));
#2614 = VECTOR('',#2615,1.);
#2615 = DIRECTION('',(-0.,1.,0.));
#2616 = ORIENTED_EDGE('',*,*,#2617,.F.);
#2617 = EDGE_CURVE('',#1117,#2610,#2618,.T.);
#2618 = LINE('',#2619,#2620);
#2619 = CARTESIAN_POINT('',(39.077915736207,47.10184,23.));
#2620 = VECTOR('',#2621,1.);
#2621 = DIRECTION('',(-1.,-0.,0.));
#2622 = FACE_BOUND('',#2623,.T.);
#2623 = EDGE_LOOP('',(#2624));
#2624 = ORIENTED_EDGE('',*,*,#2625,.F.);
#2625 = EDGE_CURVE('',#2626,#2626,#2628,.T.);
#2626 = VERTEX_POINT('',#2627);
#2627 = CARTESIAN_POINT('',(139.,53.30184,23.));
#2628 = CIRCLE('',#2629,1.8);
#2629 = AXIS2_PLACEMENT_3D('',#2630,#2631,#2632);
#2630 = CARTESIAN_POINT('',(137.2,53.30184,23.));
#2631 = DIRECTION('',(0.,0.,1.));
#2632 = DIRECTION('',(1.,0.,-0.));
#2633 = PLANE('',#2634);
#2634 = AXIS2_PLACEMENT_3D('',#2635,#2636,#2637);
#2635 = CARTESIAN_POINT('',(75.755831472414,24.75092,23.));
#2636 = DIRECTION('',(0.,0.,1.));
#2637 = DIRECTION('',(1.,0.,-0.));
#2638 = ADVANCED_FACE('',(#2639),#2666,.F.);
#2639 = FACE_BOUND('',#2640,.F.);
#2640 = EDGE_LOOP('',(#2641,#2642,#2643,#2651,#2659,#2665));
#2641 = ORIENTED_EDGE('',*,*,#1116,.F.);
#2642 = ORIENTED_EDGE('',*,*,#1620,.F.);
#2643 = ORIENTED_EDGE('',*,*,#2644,.T.);
#2644 = EDGE_CURVE('',#1621,#2645,#2647,.T.);
#2645 = VERTEX_POINT('',#2646);
#2646 = CARTESIAN_POINT('',(134.45,47.10184,4.8));
#2647 = LINE('',#2648,#2649);
#2648 = CARTESIAN_POINT('',(134.45,47.10184,2.));
#2649 = VECTOR('',#2650,1.);
#2650 = DIRECTION('',(0.,0.,1.));
#2651 = ORIENTED_EDGE('',*,*,#2652,.F.);
#2652 = EDGE_CURVE('',#2653,#2645,#2655,.T.);
#2653 = VERTEX_POINT('',#2654);
#2654 = CARTESIAN_POINT('',(74.93,47.10184,4.8));
#2655 = LINE('',#2656,#2657);
#2656 = CARTESIAN_POINT('',(16.95,47.10184,4.8));
#2657 = VECTOR('',#2658,1.);
#2658 = DIRECTION('',(1.,0.,-0.));
#2659 = ORIENTED_EDGE('',*,*,#2660,.F.);
#2660 = EDGE_CURVE('',#2610,#2653,#2661,.T.);
#2661 = LINE('',#2662,#2663);
#2662 = CARTESIAN_POINT('',(74.93,47.10184,3.4));
#2663 = VECTOR('',#2664,1.);
#2664 = DIRECTION('',(-0.,0.,-1.));
#2665 = ORIENTED_EDGE('',*,*,#2617,.F.);
#2666 = PLANE('',#2667);
#2667 = AXIS2_PLACEMENT_3D('',#2668,#2669,#2670);
#2668 = CARTESIAN_POINT('',(2.4,47.10184,2.));
#2669 = DIRECTION('',(-0.,1.,0.));
#2670 = DIRECTION('',(0.,0.,1.));
#2671 = ADVANCED_FACE('',(#2672),#2708,.T.);
#2672 = FACE_BOUND('',#2673,.T.);
#2673 = EDGE_LOOP('',(#2674,#2680,#2681,#2689,#2695,#2696,#2697,#2698,
    #2704,#2705,#2706,#2707));
#2674 = ORIENTED_EDGE('',*,*,#2675,.F.);
#2675 = EDGE_CURVE('',#2269,#1229,#2676,.T.);
#2676 = LINE('',#2677,#2678);
#2677 = CARTESIAN_POINT('',(151.4,1.3,0.));
#2678 = VECTOR('',#2679,1.);
#2679 = DIRECTION('',(0.,0.,1.));
#2680 = ORIENTED_EDGE('',*,*,#2287,.T.);
#2681 = ORIENTED_EDGE('',*,*,#2682,.T.);
#2682 = EDGE_CURVE('',#2279,#2683,#2685,.T.);
#2683 = VERTEX_POINT('',#2684);
#2684 = CARTESIAN_POINT('',(151.4,48.20184,21.7));
#2685 = LINE('',#2686,#2687);
#2686 = CARTESIAN_POINT('',(151.4,48.20184,0.));
#2687 = VECTOR('',#2688,1.);
#2688 = DIRECTION('',(0.,0.,1.));
#2689 = ORIENTED_EDGE('',*,*,#2690,.F.);
#2690 = EDGE_CURVE('',#2561,#2683,#2691,.T.);
#2691 = LINE('',#2692,#2693);
#2692 = CARTESIAN_POINT('',(151.4,0.,21.7));
#2693 = VECTOR('',#2694,1.);
#2694 = DIRECTION('',(-0.,1.,0.));
#2695 = ORIENTED_EDGE('',*,*,#2569,.F.);
#2696 = ORIENTED_EDGE('',*,*,#2536,.T.);
#2697 = ORIENTED_EDGE('',*,*,#2512,.T.);
#2698 = ORIENTED_EDGE('',*,*,#2699,.F.);
#2699 = EDGE_CURVE('',#2447,#2504,#2700,.T.);
#2700 = LINE('',#2701,#2702);
#2701 = CARTESIAN_POINT('',(151.4,0.,21.7));
#2702 = VECTOR('',#2703,1.);
#2703 = DIRECTION('',(-0.,1.,0.));
#2704 = ORIENTED_EDGE('',*,*,#2455,.F.);
#2705 = ORIENTED_EDGE('',*,*,#2422,.T.);
#2706 = ORIENTED_EDGE('',*,*,#1214,.T.);
#2707 = ORIENTED_EDGE('',*,*,#1239,.F.);
#2708 = PLANE('',#2709);
#2709 = AXIS2_PLACEMENT_3D('',#2710,#2711,#2712);
#2710 = CARTESIAN_POINT('',(151.4,0.,0.));
#2711 = DIRECTION('',(1.,0.,-0.));
#2712 = DIRECTION('',(0.,0.,1.));
#2713 = ADVANCED_FACE('',(#2714),#2725,.T.);
#2714 = FACE_BOUND('',#2715,.T.);
#2715 = EDGE_LOOP('',(#2716,#2717,#2718));
#2716 = ORIENTED_EDGE('',*,*,#1228,.F.);
#2717 = ORIENTED_EDGE('',*,*,#1297,.T.);
#2718 = ORIENTED_EDGE('',*,*,#2719,.F.);
#2719 = EDGE_CURVE('',#1229,#1256,#2720,.T.);
#2720 = CIRCLE('',#2721,1.3);
#2721 = AXIS2_PLACEMENT_3D('',#2722,#2723,#2724);
#2722 = CARTESIAN_POINT('',(150.1,1.3,21.7));
#2723 = DIRECTION('',(0.,0.,-1.));
#2724 = DIRECTION('',(1.,0.,0.));
#2725 = SPHERICAL_SURFACE('',#2726,1.3);
#2726 = AXIS2_PLACEMENT_3D('',#2727,#2728,#2729);
#2727 = CARTESIAN_POINT('',(150.1,1.3,21.7));
#2728 = DIRECTION('',(-0.,-0.,-1.));
#2729 = DIRECTION('',(1.,0.,0.));
#2730 = ADVANCED_FACE('',(#2731),#2742,.F.);
#2731 = FACE_BOUND('',#2732,.F.);
#2732 = EDGE_LOOP('',(#2733,#2734,#2735,#2736));
#2733 = ORIENTED_EDGE('',*,*,#2218,.F.);
#2734 = ORIENTED_EDGE('',*,*,#1470,.T.);
#2735 = ORIENTED_EDGE('',*,*,#1253,.T.);
#2736 = ORIENTED_EDGE('',*,*,#2737,.F.);
#2737 = EDGE_CURVE('',#2219,#1256,#2738,.T.);
#2738 = LINE('',#2739,#2740);
#2739 = CARTESIAN_POINT('',(150.1,-2.22044604925E-16,0.));
#2740 = VECTOR('',#2741,1.);
#2741 = DIRECTION('',(0.,0.,1.));
#2742 = PLANE('',#2743);
#2743 = AXIS2_PLACEMENT_3D('',#2744,#2745,#2746);
#2744 = CARTESIAN_POINT('',(0.,0.,0.));
#2745 = DIRECTION('',(-0.,1.,0.));
#2746 = DIRECTION('',(0.,0.,1.));
#2747 = ADVANCED_FACE('',(#2748),#2751,.T.);
#2748 = FACE_BOUND('',#2749,.F.);
#2749 = EDGE_LOOP('',(#2750));
#2750 = ORIENTED_EDGE('',*,*,#1512,.F.);
#2751 = PLANE('',#2752);
#2752 = AXIS2_PLACEMENT_3D('',#2753,#2754,#2755);
#2753 = CARTESIAN_POINT('',(14.2,-3.8,17.));
#2754 = DIRECTION('',(0.,0.,1.));
#2755 = DIRECTION('',(1.,0.,-0.));
#2756 = ADVANCED_FACE('',(#2757),#2760,.T.);
#2757 = FACE_BOUND('',#2758,.F.);
#2758 = EDGE_LOOP('',(#2759));
#2759 = ORIENTED_EDGE('',*,*,#1537,.F.);
#2760 = PLANE('',#2761);
#2761 = AXIS2_PLACEMENT_3D('',#2762,#2763,#2764);
#2762 = CARTESIAN_POINT('',(137.2,-3.8,17.));
#2763 = DIRECTION('',(0.,0.,1.));
#2764 = DIRECTION('',(1.,0.,-0.));
#2765 = ADVANCED_FACE('',(#2766),#2784,.F.);
#2766 = FACE_BOUND('',#2767,.F.);
#2767 = EDGE_LOOP('',(#2768,#2776,#2777,#2778));
#2768 = ORIENTED_EDGE('',*,*,#2769,.F.);
#2769 = EDGE_CURVE('',#1637,#2770,#2772,.T.);
#2770 = VERTEX_POINT('',#2771);
#2771 = CARTESIAN_POINT('',(16.95,45.15184,4.8));
#2772 = LINE('',#2773,#2774);
#2773 = CARTESIAN_POINT('',(16.95,45.15184,2.));
#2774 = VECTOR('',#2775,1.);
#2775 = DIRECTION('',(0.,0.,1.));
#2776 = ORIENTED_EDGE('',*,*,#1644,.T.);
#2777 = ORIENTED_EDGE('',*,*,#1570,.T.);
#2778 = ORIENTED_EDGE('',*,*,#2779,.F.);
#2779 = EDGE_CURVE('',#2770,#1563,#2780,.T.);
#2780 = LINE('',#2781,#2782);
#2781 = CARTESIAN_POINT('',(16.95,45.15184,4.8));
#2782 = VECTOR('',#2783,1.);
#2783 = DIRECTION('',(-0.,1.,0.));
#2784 = PLANE('',#2785);
#2785 = AXIS2_PLACEMENT_3D('',#2786,#2787,#2788);
#2786 = CARTESIAN_POINT('',(16.95,45.15184,2.));
#2787 = DIRECTION('',(1.,0.,-0.));
#2788 = DIRECTION('',(0.,0.,1.));
#2789 = ADVANCED_FACE('',(#2790),#2808,.F.);
#2790 = FACE_BOUND('',#2791,.F.);
#2791 = EDGE_LOOP('',(#2792,#2793,#2794,#2802));
#2792 = ORIENTED_EDGE('',*,*,#1636,.F.);
#2793 = ORIENTED_EDGE('',*,*,#2769,.T.);
#2794 = ORIENTED_EDGE('',*,*,#2795,.T.);
#2795 = EDGE_CURVE('',#2770,#2796,#2798,.T.);
#2796 = VERTEX_POINT('',#2797);
#2797 = CARTESIAN_POINT('',(134.45,45.15184,4.8));
#2798 = LINE('',#2799,#2800);
#2799 = CARTESIAN_POINT('',(16.95,45.15184,4.8));
#2800 = VECTOR('',#2801,1.);
#2801 = DIRECTION('',(1.,0.,-0.));
#2802 = ORIENTED_EDGE('',*,*,#2803,.F.);
#2803 = EDGE_CURVE('',#1629,#2796,#2804,.T.);
#2804 = LINE('',#2805,#2806);
#2805 = CARTESIAN_POINT('',(134.45,45.15184,2.));
#2806 = VECTOR('',#2807,1.);
#2807 = DIRECTION('',(0.,0.,1.));
#2808 = PLANE('',#2809);
#2809 = AXIS2_PLACEMENT_3D('',#2810,#2811,#2812);
#2810 = CARTESIAN_POINT('',(16.95,45.15184,2.));
#2811 = DIRECTION('',(-0.,1.,0.));
#2812 = DIRECTION('',(0.,0.,1.));
#2813 = ADVANCED_FACE('',(#2814),#2825,.T.);
#2814 = FACE_BOUND('',#2815,.T.);
#2815 = EDGE_LOOP('',(#2816,#2817,#2818,#2819));
#2816 = ORIENTED_EDGE('',*,*,#2803,.F.);
#2817 = ORIENTED_EDGE('',*,*,#1628,.T.);
#2818 = ORIENTED_EDGE('',*,*,#2644,.T.);
#2819 = ORIENTED_EDGE('',*,*,#2820,.F.);
#2820 = EDGE_CURVE('',#2796,#2645,#2821,.T.);
#2821 = LINE('',#2822,#2823);
#2822 = CARTESIAN_POINT('',(134.45,45.15184,4.8));
#2823 = VECTOR('',#2824,1.);
#2824 = DIRECTION('',(-0.,1.,0.));
#2825 = PLANE('',#2826);
#2826 = AXIS2_PLACEMENT_3D('',#2827,#2828,#2829);
#2827 = CARTESIAN_POINT('',(134.45,45.15184,2.));
#2828 = DIRECTION('',(1.,0.,-0.));
#2829 = DIRECTION('',(0.,0.,1.));
#2830 = ADVANCED_FACE('',(#2831),#2837,.T.);
#2831 = FACE_BOUND('',#2832,.T.);
#2832 = EDGE_LOOP('',(#2833,#2834,#2835,#2836));
#2833 = ORIENTED_EDGE('',*,*,#1604,.F.);
#2834 = ORIENTED_EDGE('',*,*,#2349,.T.);
#2835 = ORIENTED_EDGE('',*,*,#2381,.T.);
#2836 = ORIENTED_EDGE('',*,*,#2397,.F.);
#2837 = PLANE('',#2838);
#2838 = AXIS2_PLACEMENT_3D('',#2839,#2840,#2841);
#2839 = CARTESIAN_POINT('',(16.95,4.35,2.));
#2840 = DIRECTION('',(-0.,1.,0.));
#2841 = DIRECTION('',(0.,0.,1.));
#2842 = ADVANCED_FACE('',(#2843),#2872,.T.);
#2843 = FACE_BOUND('',#2844,.T.);
#2844 = EDGE_LOOP('',(#2845,#2846,#2847,#2848,#2849,#2857,#2865,#2871));
#2845 = ORIENTED_EDGE('',*,*,#2012,.F.);
#2846 = ORIENTED_EDGE('',*,*,#1772,.T.);
#2847 = ORIENTED_EDGE('',*,*,#1871,.T.);
#2848 = ORIENTED_EDGE('',*,*,#1905,.T.);
#2849 = ORIENTED_EDGE('',*,*,#2850,.T.);
#2850 = EDGE_CURVE('',#1898,#2851,#2853,.T.);
#2851 = VERTEX_POINT('',#2852);
#2852 = CARTESIAN_POINT('',(74.93,49.50184,4.8));
#2853 = LINE('',#2854,#2855);
#2854 = CARTESIAN_POINT('',(30.485,49.50184,4.8));
#2855 = VECTOR('',#2856,1.);
#2856 = DIRECTION('',(1.,0.,-0.));
#2857 = ORIENTED_EDGE('',*,*,#2858,.F.);
#2858 = EDGE_CURVE('',#2859,#2851,#2861,.T.);
#2859 = VERTEX_POINT('',#2860);
#2860 = CARTESIAN_POINT('',(74.93,49.50184,21.7));
#2861 = LINE('',#2862,#2863);
#2862 = CARTESIAN_POINT('',(74.93,49.50184,2.4));
#2863 = VECTOR('',#2864,1.);
#2864 = DIRECTION('',(-0.,0.,-1.));
#2865 = ORIENTED_EDGE('',*,*,#2866,.T.);
#2866 = EDGE_CURVE('',#2859,#2161,#2867,.T.);
#2867 = LINE('',#2868,#2869);
#2868 = CARTESIAN_POINT('',(0.,49.50184,21.7));
#2869 = VECTOR('',#2870,1.);
#2870 = DIRECTION('',(1.,0.,-0.));
#2871 = ORIENTED_EDGE('',*,*,#2160,.F.);
#2872 = PLANE('',#2873);
#2873 = AXIS2_PLACEMENT_3D('',#2874,#2875,#2876);
#2874 = CARTESIAN_POINT('',(0.,49.50184,0.));
#2875 = DIRECTION('',(-0.,1.,0.));
#2876 = DIRECTION('',(0.,0.,1.));
#2877 = ADVANCED_FACE('',(#2878),#2881,.T.);
#2878 = FACE_BOUND('',#2879,.F.);
#2879 = EDGE_LOOP('',(#2880));
#2880 = ORIENTED_EDGE('',*,*,#1930,.F.);
#2881 = PLANE('',#2882);
#2882 = AXIS2_PLACEMENT_3D('',#2883,#2884,#2885);
#2883 = CARTESIAN_POINT('',(14.2,53.30184,17.));
#2884 = DIRECTION('',(0.,0.,1.));
#2885 = DIRECTION('',(1.,0.,-0.));
#2886 = ADVANCED_FACE('',(#2887),#2906,.T.);
#2887 = FACE_BOUND('',#2888,.T.);
#2888 = EDGE_LOOP('',(#2889,#2897,#2898,#2899));
#2889 = ORIENTED_EDGE('',*,*,#2890,.F.);
#2890 = EDGE_CURVE('',#2038,#2891,#2893,.T.);
#2891 = VERTEX_POINT('',#2892);
#2892 = CARTESIAN_POINT('',(150.1,49.50184,21.7));
#2893 = LINE('',#2894,#2895);
#2894 = CARTESIAN_POINT('',(0.,49.50184,21.7));
#2895 = VECTOR('',#2896,1.);
#2896 = DIRECTION('',(1.,0.,-0.));
#2897 = ORIENTED_EDGE('',*,*,#2037,.F.);
#2898 = ORIENTED_EDGE('',*,*,#2593,.T.);
#2899 = ORIENTED_EDGE('',*,*,#2900,.F.);
#2900 = EDGE_CURVE('',#2891,#2586,#2901,.T.);
#2901 = CIRCLE('',#2902,1.3);
#2902 = AXIS2_PLACEMENT_3D('',#2903,#2904,#2905);
#2903 = CARTESIAN_POINT('',(150.1,48.20184,21.7));
#2904 = DIRECTION('',(1.,0.,-6.123233995737E-17));
#2905 = DIRECTION('',(6.123233995737E-17,0.,1.));
#2906 = CYLINDRICAL_SURFACE('',#2907,1.3);
#2907 = AXIS2_PLACEMENT_3D('',#2908,#2909,#2910);
#2908 = CARTESIAN_POINT('',(0.,48.20184,21.7));
#2909 = DIRECTION('',(1.,0.,-0.));
#2910 = DIRECTION('',(0.,1.,0.));
#2911 = ADVANCED_FACE('',(#2912),#2923,.T.);
#2912 = FACE_BOUND('',#2913,.T.);
#2913 = EDGE_LOOP('',(#2914,#2915,#2916,#2917));
#2914 = ORIENTED_EDGE('',*,*,#2254,.F.);
#2915 = ORIENTED_EDGE('',*,*,#2094,.T.);
#2916 = ORIENTED_EDGE('',*,*,#2890,.T.);
#2917 = ORIENTED_EDGE('',*,*,#2918,.F.);
#2918 = EDGE_CURVE('',#2246,#2891,#2919,.T.);
#2919 = LINE('',#2920,#2921);
#2920 = CARTESIAN_POINT('',(150.1,49.50184,0.));
#2921 = VECTOR('',#2922,1.);
#2922 = DIRECTION('',(0.,0.,1.));
#2923 = PLANE('',#2924);
#2924 = AXIS2_PLACEMENT_3D('',#2925,#2926,#2927);
#2925 = CARTESIAN_POINT('',(0.,49.50184,0.));
#2926 = DIRECTION('',(-0.,1.,0.));
#2927 = DIRECTION('',(0.,0.,1.));
#2928 = ADVANCED_FACE('',(#2929),#2941,.T.);
#2929 = FACE_BOUND('',#2930,.T.);
#2930 = EDGE_LOOP('',(#2931,#2932,#2939,#2940));
#2931 = ORIENTED_EDGE('',*,*,#2866,.F.);
#2932 = ORIENTED_EDGE('',*,*,#2933,.T.);
#2933 = EDGE_CURVE('',#2859,#2602,#2934,.T.);
#2934 = CIRCLE('',#2935,1.3);
#2935 = AXIS2_PLACEMENT_3D('',#2936,#2937,#2938);
#2936 = CARTESIAN_POINT('',(74.93,48.20184,21.7));
#2937 = DIRECTION('',(1.,0.,-0.));
#2938 = DIRECTION('',(0.,1.,0.));
#2939 = ORIENTED_EDGE('',*,*,#2601,.T.);
#2940 = ORIENTED_EDGE('',*,*,#2168,.F.);
#2941 = CYLINDRICAL_SURFACE('',#2942,1.3);
#2942 = AXIS2_PLACEMENT_3D('',#2943,#2944,#2945);
#2943 = CARTESIAN_POINT('',(0.,48.20184,21.7));
#2944 = DIRECTION('',(1.,0.,-0.));
#2945 = DIRECTION('',(0.,1.,0.));
#2946 = ADVANCED_FACE('',(#2947),#2958,.T.);
#2947 = FACE_BOUND('',#2948,.F.);
#2948 = EDGE_LOOP('',(#2949,#2950,#2951));
#2949 = ORIENTED_EDGE('',*,*,#2268,.F.);
#2950 = ORIENTED_EDGE('',*,*,#2228,.T.);
#2951 = ORIENTED_EDGE('',*,*,#2952,.F.);
#2952 = EDGE_CURVE('',#2269,#2219,#2953,.T.);
#2953 = CIRCLE('',#2954,1.3);
#2954 = AXIS2_PLACEMENT_3D('',#2955,#2956,#2957);
#2955 = CARTESIAN_POINT('',(150.1,1.3,1.3));
#2956 = DIRECTION('',(0.,-0.,-1.));
#2957 = DIRECTION('',(1.,0.,-0.));
#2958 = SPHERICAL_SURFACE('',#2959,1.3);
#2959 = AXIS2_PLACEMENT_3D('',#2960,#2961,#2962);
#2960 = CARTESIAN_POINT('',(150.1,1.3,1.3));
#2961 = DIRECTION('',(0.,0.,1.));
#2962 = DIRECTION('',(1.,0.,-0.));
#2963 = ADVANCED_FACE('',(#2964),#2975,.T.);
#2964 = FACE_BOUND('',#2965,.T.);
#2965 = EDGE_LOOP('',(#2966,#2967,#2968));
#2966 = ORIENTED_EDGE('',*,*,#2278,.F.);
#2967 = ORIENTED_EDGE('',*,*,#2245,.T.);
#2968 = ORIENTED_EDGE('',*,*,#2969,.F.);
#2969 = EDGE_CURVE('',#2279,#2246,#2970,.T.);
#2970 = CIRCLE('',#2971,1.3);
#2971 = AXIS2_PLACEMENT_3D('',#2972,#2973,#2974);
#2972 = CARTESIAN_POINT('',(150.1,48.20184,1.3));
#2973 = DIRECTION('',(0.,0.,1.));
#2974 = DIRECTION('',(1.,0.,-0.));
#2975 = SPHERICAL_SURFACE('',#2976,1.3);
#2976 = AXIS2_PLACEMENT_3D('',#2977,#2978,#2979);
#2977 = CARTESIAN_POINT('',(150.1,48.20184,1.3));
#2978 = DIRECTION('',(0.,0.,1.));
#2979 = DIRECTION('',(1.,0.,-0.));
#2980 = ADVANCED_FACE('',(#2981),#2987,.T.);
#2981 = FACE_BOUND('',#2982,.F.);
#2982 = EDGE_LOOP('',(#2983,#2984,#2985,#2986));
#2983 = ORIENTED_EDGE('',*,*,#2446,.F.);
#2984 = ORIENTED_EDGE('',*,*,#2471,.T.);
#2985 = ORIENTED_EDGE('',*,*,#2503,.T.);
#2986 = ORIENTED_EDGE('',*,*,#2699,.F.);
#2987 = CYLINDRICAL_SURFACE('',#2988,1.3);
#2988 = AXIS2_PLACEMENT_3D('',#2989,#2990,#2991);
#2989 = CARTESIAN_POINT('',(150.1,0.,21.7));
#2990 = DIRECTION('',(-0.,1.,0.));
#2991 = DIRECTION('',(1.,0.,-0.));
#2992 = ADVANCED_FACE('',(#2993),#3005,.T.);
#2993 = FACE_BOUND('',#2994,.F.);
#2994 = EDGE_LOOP('',(#2995,#2996,#2997,#3004));
#2995 = ORIENTED_EDGE('',*,*,#2560,.F.);
#2996 = ORIENTED_EDGE('',*,*,#2585,.T.);
#2997 = ORIENTED_EDGE('',*,*,#2998,.F.);
#2998 = EDGE_CURVE('',#2683,#2586,#2999,.T.);
#2999 = CIRCLE('',#3000,1.3);
#3000 = AXIS2_PLACEMENT_3D('',#3001,#3002,#3003);
#3001 = CARTESIAN_POINT('',(150.1,48.20184,21.7));
#3002 = DIRECTION('',(0.,-1.,-0.));
#3003 = DIRECTION('',(1.,0.,0.));
#3004 = ORIENTED_EDGE('',*,*,#2690,.F.);
#3005 = CYLINDRICAL_SURFACE('',#3006,1.3);
#3006 = AXIS2_PLACEMENT_3D('',#3007,#3008,#3009);
#3007 = CARTESIAN_POINT('',(150.1,0.,21.7));
#3008 = DIRECTION('',(-0.,1.,0.));
#3009 = DIRECTION('',(1.,0.,-0.));
#3010 = ADVANCED_FACE('',(#3011),#3023,.F.);
#3011 = FACE_BOUND('',#3012,.F.);
#3012 = EDGE_LOOP('',(#3013,#3014,#3020,#3021,#3022));
#3013 = ORIENTED_EDGE('',*,*,#2660,.T.);
#3014 = ORIENTED_EDGE('',*,*,#3015,.T.);
#3015 = EDGE_CURVE('',#2653,#2851,#3016,.T.);
#3016 = LINE('',#3017,#3018);
#3017 = CARTESIAN_POINT('',(74.93,46.55184,4.8));
#3018 = VECTOR('',#3019,1.);
#3019 = DIRECTION('',(-0.,1.,0.));
#3020 = ORIENTED_EDGE('',*,*,#2858,.F.);
#3021 = ORIENTED_EDGE('',*,*,#2933,.T.);
#3022 = ORIENTED_EDGE('',*,*,#2609,.F.);
#3023 = PLANE('',#3024);
#3024 = AXIS2_PLACEMENT_3D('',#3025,#3026,#3027);
#3025 = CARTESIAN_POINT('',(74.93,46.55184,4.8));
#3026 = DIRECTION('',(1.,0.,-0.));
#3027 = DIRECTION('',(0.,0.,1.));
#3028 = ADVANCED_FACE('',(#3029),#3048,.F.);
#3029 = FACE_BOUND('',#3030,.F.);
#3030 = EDGE_LOOP('',(#3031,#3032,#3040,#3047));
#3031 = ORIENTED_EDGE('',*,*,#2625,.F.);
#3032 = ORIENTED_EDGE('',*,*,#3033,.F.);
#3033 = EDGE_CURVE('',#3034,#2626,#3036,.T.);
#3034 = VERTEX_POINT('',#3035);
#3035 = CARTESIAN_POINT('',(139.,53.30184,17.));
#3036 = LINE('',#3037,#3038);
#3037 = CARTESIAN_POINT('',(139.,53.30184,17.));
#3038 = VECTOR('',#3039,1.);
#3039 = DIRECTION('',(0.,0.,1.));
#3040 = ORIENTED_EDGE('',*,*,#3041,.T.);
#3041 = EDGE_CURVE('',#3034,#3034,#3042,.T.);
#3042 = CIRCLE('',#3043,1.8);
#3043 = AXIS2_PLACEMENT_3D('',#3044,#3045,#3046);
#3044 = CARTESIAN_POINT('',(137.2,53.30184,17.));
#3045 = DIRECTION('',(0.,0.,1.));
#3046 = DIRECTION('',(1.,0.,-0.));
#3047 = ORIENTED_EDGE('',*,*,#3033,.T.);
#3048 = CYLINDRICAL_SURFACE('',#3049,1.8);
#3049 = AXIS2_PLACEMENT_3D('',#3050,#3051,#3052);
#3050 = CARTESIAN_POINT('',(137.2,53.30184,17.));
#3051 = DIRECTION('',(0.,0.,1.));
#3052 = DIRECTION('',(1.,0.,-0.));
#3053 = ADVANCED_FACE('',(#3054),#3060,.T.);
#3054 = FACE_BOUND('',#3055,.F.);
#3055 = EDGE_LOOP('',(#3056,#3057,#3058,#3059));
#3056 = ORIENTED_EDGE('',*,*,#2675,.F.);
#3057 = ORIENTED_EDGE('',*,*,#2952,.T.);
#3058 = ORIENTED_EDGE('',*,*,#2737,.T.);
#3059 = ORIENTED_EDGE('',*,*,#2719,.F.);
#3060 = CYLINDRICAL_SURFACE('',#3061,1.3);
#3061 = AXIS2_PLACEMENT_3D('',#3062,#3063,#3064);
#3062 = CARTESIAN_POINT('',(150.1,1.3,0.));
#3063 = DIRECTION('',(0.,0.,1.));
#3064 = DIRECTION('',(1.,0.,-0.));
#3065 = ADVANCED_FACE('',(#3066),#3078,.T.);
#3066 = FACE_BOUND('',#3067,.T.);
#3067 = EDGE_LOOP('',(#3068,#3069,#3070,#3071));
#3068 = ORIENTED_EDGE('',*,*,#2682,.F.);
#3069 = ORIENTED_EDGE('',*,*,#2969,.T.);
#3070 = ORIENTED_EDGE('',*,*,#2918,.T.);
#3071 = ORIENTED_EDGE('',*,*,#3072,.T.);
#3072 = EDGE_CURVE('',#2891,#2683,#3073,.T.);
#3073 = CIRCLE('',#3074,1.3);
#3074 = AXIS2_PLACEMENT_3D('',#3075,#3076,#3077);
#3075 = CARTESIAN_POINT('',(150.1,48.20184,21.7));
#3076 = DIRECTION('',(0.,0.,-1.));
#3077 = DIRECTION('',(1.,0.,0.));
#3078 = CYLINDRICAL_SURFACE('',#3079,1.3);
#3079 = AXIS2_PLACEMENT_3D('',#3080,#3081,#3082);
#3080 = CARTESIAN_POINT('',(150.1,48.20184,0.));
#3081 = DIRECTION('',(0.,0.,1.));
#3082 = DIRECTION('',(1.,0.,-0.));
#3083 = ADVANCED_FACE('',(#3084),#3089,.T.);
#3084 = FACE_BOUND('',#3085,.T.);
#3085 = EDGE_LOOP('',(#3086,#3087,#3088));
#3086 = ORIENTED_EDGE('',*,*,#3072,.F.);
#3087 = ORIENTED_EDGE('',*,*,#2900,.T.);
#3088 = ORIENTED_EDGE('',*,*,#2998,.F.);
#3089 = SPHERICAL_SURFACE('',#3090,1.3);
#3090 = AXIS2_PLACEMENT_3D('',#3091,#3092,#3093);
#3091 = CARTESIAN_POINT('',(150.1,48.20184,21.7));
#3092 = DIRECTION('',(0.,-1.,-0.));
#3093 = DIRECTION('',(1.,0.,0.));
#3094 = ADVANCED_FACE('',(#3095),#3098,.T.);
#3095 = FACE_BOUND('',#3096,.F.);
#3096 = EDGE_LOOP('',(#3097));
#3097 = ORIENTED_EDGE('',*,*,#3041,.F.);
#3098 = PLANE('',#3099);
#3099 = AXIS2_PLACEMENT_3D('',#3100,#3101,#3102);
#3100 = CARTESIAN_POINT('',(137.2,53.30184,17.));
#3101 = DIRECTION('',(0.,0.,1.));
#3102 = DIRECTION('',(1.,0.,-0.));
#3103 = ADVANCED_FACE('',(#3104),#3114,.T.);
#3104 = FACE_BOUND('',#3105,.T.);
#3105 = EDGE_LOOP('',(#3106,#3107,#3108,#3109,#3110,#3111,#3112,#3113));
#3106 = ORIENTED_EDGE('',*,*,#2779,.F.);
#3107 = ORIENTED_EDGE('',*,*,#2795,.T.);
#3108 = ORIENTED_EDGE('',*,*,#2820,.T.);
#3109 = ORIENTED_EDGE('',*,*,#2652,.F.);
#3110 = ORIENTED_EDGE('',*,*,#3015,.T.);
#3111 = ORIENTED_EDGE('',*,*,#2850,.F.);
#3112 = ORIENTED_EDGE('',*,*,#1897,.F.);
#3113 = ORIENTED_EDGE('',*,*,#1562,.F.);
#3114 = PLANE('',#3115);
#3115 = AXIS2_PLACEMENT_3D('',#3116,#3117,#3118);
#3116 = CARTESIAN_POINT('',(75.547353303242,46.307160065655,4.8));
#3117 = DIRECTION('',(0.,0.,1.));
#3118 = DIRECTION('',(1.,0.,-0.));
#3119 = ( GEOMETRIC_REPRESENTATION_CONTEXT(3) 
GLOBAL_UNCERTAINTY_ASSIGNED_CONTEXT((#3123)) 
GLOBAL_UNIT_ASSIGNED_CONTEXT((#3120,#3121,#3122)) REPRESENTATION_CONTEXT
('Context #1','3D Context with UNIT and UNCERTAINTY') );
#3120 = ( LENGTH_UNIT() NAMED_UNIT(*) SI_UNIT(.MILLI.,.METRE.) );
#3121 = ( NAMED_UNIT(*) PLANE_ANGLE_UNIT() SI_UNIT($,.RADIAN.) );
#3122 = ( NAMED_UNIT(*) SI_UNIT($,.STERADIAN.) SOLID_ANGLE_UNIT() );
#3123 = UNCERTAINTY_MEASURE_WITH_UNIT(LENGTH_MEASURE(1.E-07),#3120,
  'distance_accuracy_value','confusion accuracy');
#3124 = PRODUCT_RELATED_PRODUCT_CATEGORY('part',$,(#7));
ENDSEC;
END-ISO-10303-21;
