ISO-10303-21;
HEADER;
FILE_DESCRIPTION(('FreeCAD Model'),'2;1');
FILE_NAME('Open CASCADE Shape Model','2026-07-04T21:46:30',('FreeCAD'),(
    'FreeCAD'),'Open CASCADE STEP processor 7.9','FreeCAD','Unknown');
FILE_SCHEMA(('AUTOMOTIVE_DESIGN { 1 0 10303 214 1 1 1 1 }'));
ENDSEC;
DATA;
#1 = APPLICATION_PROTOCOL_DEFINITION('international standard',
  'automotive_design',2000,#2);
#2 = APPLICATION_CONTEXT(
  'core data for automotive mechanical design processes');
#3 = SHAPE_DEFINITION_REPRESENTATION(#4,#10);
#4 = PRODUCT_DEFINITION_SHAPE('','',#5);
#5 = PRODUCT_DEFINITION('design','',#6,#9);
#6 = PRODUCT_DEFINITION_FORMATION('','',#7);
#7 = PRODUCT('Open CASCADE STEP translator 7.9 15',
  'Open CASCADE STEP translator 7.9 15','',(#8));
#8 = PRODUCT_CONTEXT('',#2,'mechanical');
#9 = PRODUCT_DEFINITION_CONTEXT('part definition',#2,'design');
#10 = ADVANCED_BREP_SHAPE_REPRESENTATION('',(#11,#15),#5651);
#11 = AXIS2_PLACEMENT_3D('',#12,#13,#14);
#12 = CARTESIAN_POINT('',(0.,0.,0.));
#13 = DIRECTION('',(0.,0.,1.));
#14 = DIRECTION('',(1.,0.,-0.));
#15 = MANIFOLD_SOLID_BREP('',#16);
#16 = CLOSED_SHELL('',(#17,#57,#90,#123,#1118,#1183,#1200,#1217,#1248,
    #1290,#1346,#1370,#1395,#1419,#1475,#1499,#1548,#1604,#1628,#1652,
    #1708,#1764,#1788,#1812,#1868,#1902,#1926,#1950,#2006,#2062,#2086,
    #2110,#2128,#2159,#2183,#2207,#2231,#2255,#2272,#2303,#2327,#2351,
    #2375,#2399,#2416,#2447,#2471,#2495,#2519,#2543,#2560,#2591,#2615,
    #2639,#2663,#2687,#2704,#2729,#2760,#2784,#2808,#2832,#2856,#2873,
    #2904,#2928,#2952,#2976,#3000,#3024,#3048,#3065,#3096,#3120,#3144,
    #3168,#3192,#3209,#3241,#3265,#3289,#3314,#3339,#3363,#3387,#3405,
    #3436,#3460,#3484,#3508,#3532,#3549,#3580,#3604,#3628,#3652,#3676,
    #3693,#3724,#3748,#3772,#3796,#3820,#3837,#3869,#3893,#3917,#3942,
    #3967,#3991,#4015,#4033,#4064,#4088,#4112,#4136,#4160,#4177,#4208,
    #4232,#4256,#4280,#4304,#4321,#4345,#4433,#4450,#4679,#4703,#4745,
    #4769,#4816,#4840,#4860,#4895,#4907,#4924,#4948,#5041,#5058,#5070,
    #5087,#5104,#5121,#5133,#5156,#5168,#5180,#5207,#5224,#5241,#5276,
    #5299,#5323,#5339,#5362,#5386,#5402,#5419,#5436,#5453,#5465,#5477,
    #5489,#5501,#5532,#5548,#5565,#5576,#5607,#5623,#5640));
#17 = ADVANCED_FACE('',(#18),#52,.F.);
#18 = FACE_BOUND('',#19,.F.);
#19 = EDGE_LOOP('',(#20,#30,#38,#46));
#20 = ORIENTED_EDGE('',*,*,#21,.T.);
#21 = EDGE_CURVE('',#22,#24,#26,.T.);
#22 = VERTEX_POINT('',#23);
#23 = CARTESIAN_POINT('',(1.3,0.,0.));
#24 = VERTEX_POINT('',#25);
#25 = CARTESIAN_POINT('',(1.3,0.,2.4));
#26 = LINE('',#27,#28);
#27 = CARTESIAN_POINT('',(1.3,0.,0.));
#28 = VECTOR('',#29,1.);
#29 = DIRECTION('',(0.,0.,1.));
#30 = ORIENTED_EDGE('',*,*,#31,.T.);
#31 = EDGE_CURVE('',#24,#32,#34,.T.);
#32 = VERTEX_POINT('',#33);
#33 = CARTESIAN_POINT('',(150.1,6.661338147751E-15,2.4));
#34 = LINE('',#35,#36);
#35 = CARTESIAN_POINT('',(1.3,0.,2.4));
#36 = VECTOR('',#37,1.);
#37 = DIRECTION('',(1.,0.,0.));
#38 = ORIENTED_EDGE('',*,*,#39,.F.);
#39 = EDGE_CURVE('',#40,#32,#42,.T.);
#40 = VERTEX_POINT('',#41);
#41 = CARTESIAN_POINT('',(150.1,6.661338147751E-15,0.));
#42 = LINE('',#43,#44);
#43 = CARTESIAN_POINT('',(150.1,6.661338147751E-15,0.));
#44 = VECTOR('',#45,1.);
#45 = DIRECTION('',(0.,0.,1.));
#46 = ORIENTED_EDGE('',*,*,#47,.F.);
#47 = EDGE_CURVE('',#22,#40,#48,.T.);
#48 = LINE('',#49,#50);
#49 = CARTESIAN_POINT('',(1.3,0.,0.));
#50 = VECTOR('',#51,1.);
#51 = DIRECTION('',(1.,0.,0.));
#52 = PLANE('',#53);
#53 = AXIS2_PLACEMENT_3D('',#54,#55,#56);
#54 = CARTESIAN_POINT('',(1.3,0.,0.));
#55 = DIRECTION('',(0.,1.,0.));
#56 = DIRECTION('',(1.,0.,0.));
#57 = ADVANCED_FACE('',(#58),#85,.T.);
#58 = FACE_BOUND('',#59,.F.);
#59 = EDGE_LOOP('',(#60,#70,#77,#78));
#60 = ORIENTED_EDGE('',*,*,#61,.T.);
#61 = EDGE_CURVE('',#62,#64,#66,.T.);
#62 = VERTEX_POINT('',#63);
#63 = CARTESIAN_POINT('',(0.,1.3,0.));
#64 = VERTEX_POINT('',#65);
#65 = CARTESIAN_POINT('',(0.,1.3,2.4));
#66 = LINE('',#67,#68);
#67 = CARTESIAN_POINT('',(0.,1.3,0.));
#68 = VECTOR('',#69,1.);
#69 = DIRECTION('',(0.,0.,1.));
#70 = ORIENTED_EDGE('',*,*,#71,.T.);
#71 = EDGE_CURVE('',#64,#24,#72,.T.);
#72 = CIRCLE('',#73,1.3);
#73 = AXIS2_PLACEMENT_3D('',#74,#75,#76);
#74 = CARTESIAN_POINT('',(1.3,1.3,2.4));
#75 = DIRECTION('',(0.,0.,1.));
#76 = DIRECTION('',(-1.,-1.7080354225E-16,0.));
#77 = ORIENTED_EDGE('',*,*,#21,.F.);
#78 = ORIENTED_EDGE('',*,*,#79,.F.);
#79 = EDGE_CURVE('',#62,#22,#80,.T.);
#80 = CIRCLE('',#81,1.3);
#81 = AXIS2_PLACEMENT_3D('',#82,#83,#84);
#82 = CARTESIAN_POINT('',(1.3,1.3,0.));
#83 = DIRECTION('',(0.,0.,1.));
#84 = DIRECTION('',(-1.,-1.7080354225E-16,0.));
#85 = CYLINDRICAL_SURFACE('',#86,1.3);
#86 = AXIS2_PLACEMENT_3D('',#87,#88,#89);
#87 = CARTESIAN_POINT('',(1.3,1.3,0.));
#88 = DIRECTION('',(-0.,-0.,-1.));
#89 = DIRECTION('',(-1.,-1.7080354225E-16,0.));
#90 = ADVANCED_FACE('',(#91),#118,.T.);
#91 = FACE_BOUND('',#92,.F.);
#92 = EDGE_LOOP('',(#93,#94,#103,#111));
#93 = ORIENTED_EDGE('',*,*,#39,.T.);
#94 = ORIENTED_EDGE('',*,*,#95,.T.);
#95 = EDGE_CURVE('',#32,#96,#98,.T.);
#96 = VERTEX_POINT('',#97);
#97 = CARTESIAN_POINT('',(151.4,1.3,2.4));
#98 = CIRCLE('',#99,1.3);
#99 = AXIS2_PLACEMENT_3D('',#100,#101,#102);
#100 = CARTESIAN_POINT('',(150.1,1.3,2.4));
#101 = DIRECTION('',(0.,0.,1.));
#102 = DIRECTION('',(-2.1862853408E-14,-1.,0.));
#103 = ORIENTED_EDGE('',*,*,#104,.F.);
#104 = EDGE_CURVE('',#105,#96,#107,.T.);
#105 = VERTEX_POINT('',#106);
#106 = CARTESIAN_POINT('',(151.4,1.3,0.));
#107 = LINE('',#108,#109);
#108 = CARTESIAN_POINT('',(151.4,1.3,0.));
#109 = VECTOR('',#110,1.);
#110 = DIRECTION('',(0.,0.,1.));
#111 = ORIENTED_EDGE('',*,*,#112,.F.);
#112 = EDGE_CURVE('',#40,#105,#113,.T.);
#113 = CIRCLE('',#114,1.3);
#114 = AXIS2_PLACEMENT_3D('',#115,#116,#117);
#115 = CARTESIAN_POINT('',(150.1,1.3,0.));
#116 = DIRECTION('',(0.,0.,1.));
#117 = DIRECTION('',(-2.1862853408E-14,-1.,0.));
#118 = CYLINDRICAL_SURFACE('',#119,1.3);
#119 = AXIS2_PLACEMENT_3D('',#120,#121,#122);
#120 = CARTESIAN_POINT('',(150.1,1.3,0.));
#121 = DIRECTION('',(-0.,-0.,-1.));
#122 = DIRECTION('',(-2.1862853408E-14,-1.,0.));
#123 = ADVANCED_FACE('',(#124,#346,#396,#446,#496,#546,#557,#607,#673,
    #723,#793,#843,#893,#943,#1013,#1063),#1113,.F.);
#124 = FACE_BOUND('',#125,.F.);
#125 = EDGE_LOOP('',(#126,#136,#144,#150,#151,#152,#153,#161,#169,#177,
    #185,#193,#201,#209,#217,#225,#234,#242,#250,#258,#267,#275,#283,
    #291,#299,#307,#315,#323,#332,#340));
#126 = ORIENTED_EDGE('',*,*,#127,.F.);
#127 = EDGE_CURVE('',#128,#130,#132,.T.);
#128 = VERTEX_POINT('',#129);
#129 = CARTESIAN_POINT('',(20.3025,13.9125,0.));
#130 = VERTEX_POINT('',#131);
#131 = CARTESIAN_POINT('',(20.3025,30.5875,0.));
#132 = LINE('',#133,#134);
#133 = CARTESIAN_POINT('',(20.3025,19.33171,0.));
#134 = VECTOR('',#135,1.);
#135 = DIRECTION('',(-0.,1.,0.));
#136 = ORIENTED_EDGE('',*,*,#137,.T.);
#137 = EDGE_CURVE('',#128,#138,#140,.T.);
#138 = VERTEX_POINT('',#139);
#139 = CARTESIAN_POINT('',(0.,13.9125,0.));
#140 = LINE('',#141,#142);
#141 = CARTESIAN_POINT('',(37.64875,13.9125,0.));
#142 = VECTOR('',#143,1.);
#143 = DIRECTION('',(-1.,-0.,0.));
#144 = ORIENTED_EDGE('',*,*,#145,.T.);
#145 = EDGE_CURVE('',#138,#62,#146,.T.);
#146 = LINE('',#147,#148);
#147 = CARTESIAN_POINT('',(0.,48.20184,0.));
#148 = VECTOR('',#149,1.);
#149 = DIRECTION('',(0.,-1.,0.));
#150 = ORIENTED_EDGE('',*,*,#79,.T.);
#151 = ORIENTED_EDGE('',*,*,#47,.T.);
#152 = ORIENTED_EDGE('',*,*,#112,.T.);
#153 = ORIENTED_EDGE('',*,*,#154,.T.);
#154 = EDGE_CURVE('',#105,#155,#157,.T.);
#155 = VERTEX_POINT('',#156);
#156 = CARTESIAN_POINT('',(151.4,4.9,0.));
#157 = LINE('',#158,#159);
#158 = CARTESIAN_POINT('',(151.4,1.3,0.));
#159 = VECTOR('',#160,1.);
#160 = DIRECTION('',(0.,1.,0.));
#161 = ORIENTED_EDGE('',*,*,#162,.T.);
#162 = EDGE_CURVE('',#155,#163,#165,.T.);
#163 = VERTEX_POINT('',#164);
#164 = CARTESIAN_POINT('',(134.88,4.9,0.));
#165 = LINE('',#166,#167);
#166 = CARTESIAN_POINT('',(105.29,4.9,0.));
#167 = VECTOR('',#168,1.);
#168 = DIRECTION('',(-1.,-0.,0.));
#169 = ORIENTED_EDGE('',*,*,#170,.T.);
#170 = EDGE_CURVE('',#163,#171,#173,.T.);
#171 = VERTEX_POINT('',#172);
#172 = CARTESIAN_POINT('',(134.88,17.475,0.));
#173 = LINE('',#174,#175);
#174 = CARTESIAN_POINT('',(134.88,14.82546,0.));
#175 = VECTOR('',#176,1.);
#176 = DIRECTION('',(-0.,1.,0.));
#177 = ORIENTED_EDGE('',*,*,#178,.F.);
#178 = EDGE_CURVE('',#179,#171,#181,.T.);
#179 = VERTEX_POINT('',#180);
#180 = CARTESIAN_POINT('',(151.4,17.475,0.));
#181 = LINE('',#182,#183);
#182 = CARTESIAN_POINT('',(105.29,17.475,0.));
#183 = VECTOR('',#184,1.);
#184 = DIRECTION('',(-1.,-0.,0.));
#185 = ORIENTED_EDGE('',*,*,#186,.T.);
#186 = EDGE_CURVE('',#179,#187,#189,.T.);
#187 = VERTEX_POINT('',#188);
#188 = CARTESIAN_POINT('',(151.4,24.530001,0.));
#189 = LINE('',#190,#191);
#190 = CARTESIAN_POINT('',(151.4,1.3,0.));
#191 = VECTOR('',#192,1.);
#192 = DIRECTION('',(0.,1.,0.));
#193 = ORIENTED_EDGE('',*,*,#194,.T.);
#194 = EDGE_CURVE('',#187,#195,#197,.T.);
#195 = VERTEX_POINT('',#196);
#196 = CARTESIAN_POINT('',(127.705,24.530001,0.));
#197 = LINE('',#198,#199);
#198 = CARTESIAN_POINT('',(101.7025,24.530001,0.));
#199 = VECTOR('',#200,1.);
#200 = DIRECTION('',(-1.,-0.,0.));
#201 = ORIENTED_EDGE('',*,*,#202,.T.);
#202 = EDGE_CURVE('',#195,#203,#205,.T.);
#203 = VERTEX_POINT('',#204);
#204 = CARTESIAN_POINT('',(127.705,44.910001,0.));
#205 = LINE('',#206,#207);
#206 = CARTESIAN_POINT('',(127.705,24.6404605,0.));
#207 = VECTOR('',#208,1.);
#208 = DIRECTION('',(-0.,1.,0.));
#209 = ORIENTED_EDGE('',*,*,#210,.F.);
#210 = EDGE_CURVE('',#211,#203,#213,.T.);
#211 = VERTEX_POINT('',#212);
#212 = CARTESIAN_POINT('',(151.4,44.910001,0.));
#213 = LINE('',#214,#215);
#214 = CARTESIAN_POINT('',(101.7025,44.910001,0.));
#215 = VECTOR('',#216,1.);
#216 = DIRECTION('',(-1.,-0.,0.));
#217 = ORIENTED_EDGE('',*,*,#218,.T.);
#218 = EDGE_CURVE('',#211,#219,#221,.T.);
#219 = VERTEX_POINT('',#220);
#220 = CARTESIAN_POINT('',(151.4,48.20184,0.));
#221 = LINE('',#222,#223);
#222 = CARTESIAN_POINT('',(151.4,1.3,0.));
#223 = VECTOR('',#224,1.);
#224 = DIRECTION('',(0.,1.,0.));
#225 = ORIENTED_EDGE('',*,*,#226,.T.);
#226 = EDGE_CURVE('',#219,#227,#229,.T.);
#227 = VERTEX_POINT('',#228);
#228 = CARTESIAN_POINT('',(150.1,49.50184,0.));
#229 = CIRCLE('',#230,1.3);
#230 = AXIS2_PLACEMENT_3D('',#231,#232,#233);
#231 = CARTESIAN_POINT('',(150.1,48.20184,0.));
#232 = DIRECTION('',(0.,0.,1.));
#233 = DIRECTION('',(1.,0.,-0.));
#234 = ORIENTED_EDGE('',*,*,#235,.T.);
#235 = EDGE_CURVE('',#227,#236,#238,.T.);
#236 = VERTEX_POINT('',#237);
#237 = CARTESIAN_POINT('',(93.8125,49.50184,0.));
#238 = LINE('',#239,#240);
#239 = CARTESIAN_POINT('',(150.1,49.50184,0.));
#240 = VECTOR('',#241,1.);
#241 = DIRECTION('',(-1.,0.,0.));
#242 = ORIENTED_EDGE('',*,*,#243,.F.);
#243 = EDGE_CURVE('',#244,#236,#246,.T.);
#244 = VERTEX_POINT('',#245);
#245 = CARTESIAN_POINT('',(93.8125,41.85,0.));
#246 = LINE('',#247,#248);
#247 = CARTESIAN_POINT('',(93.8125,33.30046,0.));
#248 = VECTOR('',#249,1.);
#249 = DIRECTION('',(-0.,1.,0.));
#250 = ORIENTED_EDGE('',*,*,#251,.T.);
#251 = EDGE_CURVE('',#244,#252,#254,.T.);
#252 = VERTEX_POINT('',#253);
#253 = CARTESIAN_POINT('',(91.934998999199,41.85,0.));
#254 = LINE('',#255,#256);
#255 = CARTESIAN_POINT('',(79.75625,41.85,0.));
#256 = VECTOR('',#257,1.);
#257 = DIRECTION('',(-1.,-0.,0.));
#258 = ORIENTED_EDGE('',*,*,#259,.F.);
#259 = EDGE_CURVE('',#260,#252,#262,.T.);
#260 = VERTEX_POINT('',#261);
#261 = CARTESIAN_POINT('',(85.690001000801,41.85,0.));
#262 = CIRCLE('',#263,4.);
#263 = AXIS2_PLACEMENT_3D('',#264,#265,#266);
#264 = CARTESIAN_POINT('',(88.8125,44.35,0.));
#265 = DIRECTION('',(0.,0.,1.));
#266 = DIRECTION('',(1.,0.,-0.));
#267 = ORIENTED_EDGE('',*,*,#268,.T.);
#268 = EDGE_CURVE('',#260,#269,#271,.T.);
#269 = VERTEX_POINT('',#270);
#270 = CARTESIAN_POINT('',(83.8125,41.85,0.));
#271 = LINE('',#272,#273);
#272 = CARTESIAN_POINT('',(79.75625,41.85,0.));
#273 = VECTOR('',#274,1.);
#274 = DIRECTION('',(-1.,-0.,0.));
#275 = ORIENTED_EDGE('',*,*,#276,.T.);
#276 = EDGE_CURVE('',#269,#277,#279,.T.);
#277 = VERTEX_POINT('',#278);
#278 = CARTESIAN_POINT('',(83.8125,49.50184,0.));
#279 = LINE('',#280,#281);
#280 = CARTESIAN_POINT('',(83.8125,33.30046,0.));
#281 = VECTOR('',#282,1.);
#282 = DIRECTION('',(-0.,1.,0.));
#283 = ORIENTED_EDGE('',*,*,#284,.T.);
#284 = EDGE_CURVE('',#277,#285,#287,.T.);
#285 = VERTEX_POINT('',#286);
#286 = CARTESIAN_POINT('',(74.93,49.50184,0.));
#287 = LINE('',#288,#289);
#288 = CARTESIAN_POINT('',(150.1,49.50184,0.));
#289 = VECTOR('',#290,1.);
#290 = DIRECTION('',(-1.,0.,0.));
#291 = ORIENTED_EDGE('',*,*,#292,.F.);
#292 = EDGE_CURVE('',#293,#285,#295,.T.);
#293 = VERTEX_POINT('',#294);
#294 = CARTESIAN_POINT('',(74.93,42.85,0.));
#295 = LINE('',#296,#297);
#296 = CARTESIAN_POINT('',(74.93,33.80046,0.));
#297 = VECTOR('',#298,1.);
#298 = DIRECTION('',(-0.,1.,0.));
#299 = ORIENTED_EDGE('',*,*,#300,.T.);
#300 = EDGE_CURVE('',#293,#301,#303,.T.);
#301 = VERTEX_POINT('',#302);
#302 = CARTESIAN_POINT('',(60.97,42.85,0.));
#303 = LINE('',#304,#305);
#304 = CARTESIAN_POINT('',(68.335,42.85,0.));
#305 = VECTOR('',#306,1.);
#306 = DIRECTION('',(-1.,-0.,0.));
#307 = ORIENTED_EDGE('',*,*,#308,.T.);
#308 = EDGE_CURVE('',#301,#309,#311,.T.);
#309 = VERTEX_POINT('',#310);
#310 = CARTESIAN_POINT('',(60.97,49.50184,0.));
#311 = LINE('',#312,#313);
#312 = CARTESIAN_POINT('',(60.97,33.80046,0.));
#313 = VECTOR('',#314,1.);
#314 = DIRECTION('',(-0.,1.,0.));
#315 = ORIENTED_EDGE('',*,*,#316,.T.);
#316 = EDGE_CURVE('',#309,#317,#319,.T.);
#317 = VERTEX_POINT('',#318);
#318 = CARTESIAN_POINT('',(1.3,49.50184,0.));
#319 = LINE('',#320,#321);
#320 = CARTESIAN_POINT('',(150.1,49.50184,0.));
#321 = VECTOR('',#322,1.);
#322 = DIRECTION('',(-1.,0.,0.));
#323 = ORIENTED_EDGE('',*,*,#324,.T.);
#324 = EDGE_CURVE('',#317,#325,#327,.T.);
#325 = VERTEX_POINT('',#326);
#326 = CARTESIAN_POINT('',(7.771561172376E-16,48.20184,0.));
#327 = CIRCLE('',#328,1.3);
#328 = AXIS2_PLACEMENT_3D('',#329,#330,#331);
#329 = CARTESIAN_POINT('',(1.3,48.20184,0.));
#330 = DIRECTION('',(0.,0.,1.));
#331 = DIRECTION('',(5.636516894251E-15,1.,-0.));
#332 = ORIENTED_EDGE('',*,*,#333,.T.);
#333 = EDGE_CURVE('',#325,#334,#336,.T.);
#334 = VERTEX_POINT('',#335);
#335 = CARTESIAN_POINT('',(0.,30.5875,0.));
#336 = LINE('',#337,#338);
#337 = CARTESIAN_POINT('',(0.,48.20184,0.));
#338 = VECTOR('',#339,1.);
#339 = DIRECTION('',(0.,-1.,0.));
#340 = ORIENTED_EDGE('',*,*,#341,.F.);
#341 = EDGE_CURVE('',#130,#334,#342,.T.);
#342 = LINE('',#343,#344);
#343 = CARTESIAN_POINT('',(37.64875,30.5875,0.));
#344 = VECTOR('',#345,1.);
#345 = DIRECTION('',(-1.,-0.,0.));
#346 = FACE_BOUND('',#347,.F.);
#347 = EDGE_LOOP('',(#348,#358,#366,#374,#382,#390));
#348 = ORIENTED_EDGE('',*,*,#349,.T.);
#349 = EDGE_CURVE('',#350,#352,#354,.T.);
#350 = VERTEX_POINT('',#351);
#351 = CARTESIAN_POINT('',(45.85875,10.05092,0.));
#352 = VERTEX_POINT('',#353);
#353 = CARTESIAN_POINT('',(42.35875,6.55092,0.));
#354 = LINE('',#355,#356);
#355 = CARTESIAN_POINT('',(55.2440625,19.4362325,5.551115123126E-17));
#356 = VECTOR('',#357,1.);
#357 = DIRECTION('',(-0.707106781187,-0.707106781187,0.));
#358 = ORIENTED_EDGE('',*,*,#359,.T.);
#359 = EDGE_CURVE('',#352,#360,#362,.T.);
#360 = VERTEX_POINT('',#361);
#361 = CARTESIAN_POINT('',(27.0025,6.55092,0.));
#362 = LINE('',#363,#364);
#363 = CARTESIAN_POINT('',(51.35125,6.55092,0.));
#364 = VECTOR('',#365,1.);
#365 = DIRECTION('',(-1.,0.,0.));
#366 = ORIENTED_EDGE('',*,*,#367,.T.);
#367 = EDGE_CURVE('',#360,#368,#370,.T.);
#368 = VERTEX_POINT('',#369);
#369 = CARTESIAN_POINT('',(23.5025,10.05092,0.));
#370 = LINE('',#371,#372);
#371 = CARTESIAN_POINT('',(32.876875,0.676545,5.551115123126E-17));
#372 = VECTOR('',#373,1.);
#373 = DIRECTION('',(-0.707106781187,0.707106781187,0.));
#374 = ORIENTED_EDGE('',*,*,#375,.T.);
#375 = EDGE_CURVE('',#368,#376,#378,.T.);
#376 = VERTEX_POINT('',#377);
#377 = CARTESIAN_POINT('',(27.0025,13.55092,0.));
#378 = LINE('',#379,#380);
#379 = CARTESIAN_POINT('',(41.976875,28.525295,5.551115123126E-17));
#380 = VECTOR('',#381,1.);
#381 = DIRECTION('',(0.707106781187,0.707106781187,-0.));
#382 = ORIENTED_EDGE('',*,*,#383,.T.);
#383 = EDGE_CURVE('',#376,#384,#386,.T.);
#384 = VERTEX_POINT('',#385);
#385 = CARTESIAN_POINT('',(42.35875,13.55092,0.));
#386 = LINE('',#387,#388);
#387 = CARTESIAN_POINT('',(59.029375,13.55092,0.));
#388 = VECTOR('',#389,1.);
#389 = DIRECTION('',(1.,0.,-0.));
#390 = ORIENTED_EDGE('',*,*,#391,.T.);
#391 = EDGE_CURVE('',#384,#350,#392,.T.);
#392 = LINE('',#393,#394);
#393 = CARTESIAN_POINT('',(49.6440625,6.2656075,5.551115123126E-17));
#394 = VECTOR('',#395,1.);
#395 = DIRECTION('',(0.707106781187,-0.707106781187,0.));
#396 = FACE_BOUND('',#397,.F.);
#397 = EDGE_LOOP('',(#398,#408,#416,#424,#432,#440));
#398 = ORIENTED_EDGE('',*,*,#399,.T.);
#399 = EDGE_CURVE('',#400,#402,#404,.T.);
#400 = VERTEX_POINT('',#401);
#401 = CARTESIAN_POINT('',(71.015,10.05092,0.));
#402 = VERTEX_POINT('',#403);
#403 = CARTESIAN_POINT('',(67.515,6.55092,0.));
#404 = LINE('',#405,#406);
#405 = CARTESIAN_POINT('',(74.11125,13.14717,5.551115123126E-17));
#406 = VECTOR('',#407,1.);
#407 = DIRECTION('',(-0.707106781187,-0.707106781187,0.));
#408 = ORIENTED_EDGE('',*,*,#409,.T.);
#409 = EDGE_CURVE('',#402,#410,#412,.T.);
#410 = VERTEX_POINT('',#411);
#411 = CARTESIAN_POINT('',(52.15875,6.55092,0.));
#412 = LINE('',#413,#414);
#413 = CARTESIAN_POINT('',(63.929375,6.55092,0.));
#414 = VECTOR('',#415,1.);
#415 = DIRECTION('',(-1.,0.,0.));
#416 = ORIENTED_EDGE('',*,*,#417,.T.);
#417 = EDGE_CURVE('',#410,#418,#420,.T.);
#418 = VERTEX_POINT('',#419);
#419 = CARTESIAN_POINT('',(48.65875,10.05092,0.));
#420 = LINE('',#421,#422);
#421 = CARTESIAN_POINT('',(51.7440625,6.9656075,5.551115123126E-17));
#422 = VECTOR('',#423,1.);
#423 = DIRECTION('',(-0.707106781187,0.707106781187,0.));
#424 = ORIENTED_EDGE('',*,*,#425,.T.);
#425 = EDGE_CURVE('',#418,#426,#428,.T.);
#426 = VERTEX_POINT('',#427);
#427 = CARTESIAN_POINT('',(52.15875,13.55092,0.));
#428 = LINE('',#429,#430);
#429 = CARTESIAN_POINT('',(60.8440625,22.2362325,5.551115123126E-17));
#430 = VECTOR('',#431,1.);
#431 = DIRECTION('',(0.707106781187,0.707106781187,-0.));
#432 = ORIENTED_EDGE('',*,*,#433,.T.);
#433 = EDGE_CURVE('',#426,#434,#436,.T.);
#434 = VERTEX_POINT('',#435);
#435 = CARTESIAN_POINT('',(67.515,13.55092,0.));
#436 = LINE('',#437,#438);
#437 = CARTESIAN_POINT('',(71.6075,13.55092,0.));
#438 = VECTOR('',#439,1.);
#439 = DIRECTION('',(1.,0.,-0.));
#440 = ORIENTED_EDGE('',*,*,#441,.T.);
#441 = EDGE_CURVE('',#434,#400,#442,.T.);
#442 = LINE('',#443,#444);
#443 = CARTESIAN_POINT('',(68.51125,12.55467,5.551115123126E-17));
#444 = VECTOR('',#445,1.);
#445 = DIRECTION('',(0.707106781187,-0.707106781187,0.));
#446 = FACE_BOUND('',#447,.F.);
#447 = EDGE_LOOP('',(#448,#458,#466,#474,#482,#490));
#448 = ORIENTED_EDGE('',*,*,#449,.T.);
#449 = EDGE_CURVE('',#450,#452,#454,.T.);
#450 = VERTEX_POINT('',#451);
#451 = CARTESIAN_POINT('',(39.26125,19.85092,0.));
#452 = VERTEX_POINT('',#453);
#453 = CARTESIAN_POINT('',(35.76125,16.35092,0.));
#454 = LINE('',#455,#456);
#455 = CARTESIAN_POINT('',(47.8459375,28.4356075,5.551115123126E-17));
#456 = VECTOR('',#457,1.);
#457 = DIRECTION('',(-0.707106781187,-0.707106781187,0.));
#458 = ORIENTED_EDGE('',*,*,#459,.T.);
#459 = EDGE_CURVE('',#452,#460,#462,.T.);
#460 = VERTEX_POINT('',#461);
#461 = CARTESIAN_POINT('',(27.0025,16.35092,0.));
#462 = LINE('',#463,#464);
#463 = CARTESIAN_POINT('',(51.35125,16.35092,0.));
#464 = VECTOR('',#465,1.);
#465 = DIRECTION('',(-1.,0.,0.));
#466 = ORIENTED_EDGE('',*,*,#467,.T.);
#467 = EDGE_CURVE('',#460,#468,#470,.T.);
#468 = VERTEX_POINT('',#469);
#469 = CARTESIAN_POINT('',(23.5025,19.85092,0.));
#470 = LINE('',#471,#472);
#471 = CARTESIAN_POINT('',(35.326875,8.026545,5.551115123126E-17));
#472 = VECTOR('',#473,1.);
#473 = DIRECTION('',(-0.707106781187,0.707106781187,0.));
#474 = ORIENTED_EDGE('',*,*,#475,.T.);
#475 = EDGE_CURVE('',#468,#476,#478,.T.);
#476 = VERTEX_POINT('',#477);
#477 = CARTESIAN_POINT('',(27.0025,23.35092,0.));
#478 = LINE('',#479,#480);
#479 = CARTESIAN_POINT('',(39.526875,35.875295,5.551115123126E-17));
#480 = VECTOR('',#481,1.);
#481 = DIRECTION('',(0.707106781187,0.707106781187,-0.));
#482 = ORIENTED_EDGE('',*,*,#483,.T.);
#483 = EDGE_CURVE('',#476,#484,#486,.T.);
#484 = VERTEX_POINT('',#485);
#485 = CARTESIAN_POINT('',(35.76125,23.35092,0.));
#486 = LINE('',#487,#488);
#487 = CARTESIAN_POINT('',(55.730625,23.35092,0.));
#488 = VECTOR('',#489,1.);
#489 = DIRECTION('',(1.,0.,-0.));
#490 = ORIENTED_EDGE('',*,*,#491,.T.);
#491 = EDGE_CURVE('',#484,#450,#492,.T.);
#492 = LINE('',#493,#494);
#493 = CARTESIAN_POINT('',(47.1459375,11.9662325,5.551115123126E-17));
#494 = VECTOR('',#495,1.);
#495 = DIRECTION('',(0.707106781187,-0.707106781187,0.));
#496 = FACE_BOUND('',#497,.F.);
#497 = EDGE_LOOP('',(#498,#508,#516,#524,#532,#540));
#498 = ORIENTED_EDGE('',*,*,#499,.T.);
#499 = EDGE_CURVE('',#500,#502,#504,.T.);
#500 = VERTEX_POINT('',#501);
#501 = CARTESIAN_POINT('',(57.82,19.85092,0.));
#502 = VERTEX_POINT('',#503);
#503 = CARTESIAN_POINT('',(54.32,16.35092,0.));
#504 = LINE('',#505,#506);
#505 = CARTESIAN_POINT('',(61.765,23.79592,5.551115123126E-17));
#506 = VECTOR('',#507,1.);
#507 = DIRECTION('',(-0.707106781187,-0.707106781187,0.));
#508 = ORIENTED_EDGE('',*,*,#509,.T.);
#509 = EDGE_CURVE('',#502,#510,#512,.T.);
#510 = VERTEX_POINT('',#511);
#511 = CARTESIAN_POINT('',(45.56125,16.35092,0.));
#512 = LINE('',#513,#514);
#513 = CARTESIAN_POINT('',(60.630625,16.35092,0.));
#514 = VECTOR('',#515,1.);
#515 = DIRECTION('',(-1.,0.,0.));
#516 = ORIENTED_EDGE('',*,*,#517,.T.);
#517 = EDGE_CURVE('',#510,#518,#520,.T.);
#518 = VERTEX_POINT('',#519);
#519 = CARTESIAN_POINT('',(42.06125,19.85092,0.));
#520 = LINE('',#521,#522);
#521 = CARTESIAN_POINT('',(49.2459375,12.6662325,5.551115123126E-17));
#522 = VECTOR('',#523,1.);
#523 = DIRECTION('',(-0.707106781187,0.707106781187,0.));
#524 = ORIENTED_EDGE('',*,*,#525,.T.);
#525 = EDGE_CURVE('',#518,#526,#528,.T.);
#526 = VERTEX_POINT('',#527);
#527 = CARTESIAN_POINT('',(45.56125,23.35092,0.));
#528 = LINE('',#529,#530);
#529 = CARTESIAN_POINT('',(53.4459375,31.2356075,5.551115123126E-17));
#530 = VECTOR('',#531,1.);
#531 = DIRECTION('',(0.707106781187,0.707106781187,-0.));
#532 = ORIENTED_EDGE('',*,*,#533,.T.);
#533 = EDGE_CURVE('',#526,#534,#536,.T.);
#534 = VERTEX_POINT('',#535);
#535 = CARTESIAN_POINT('',(54.32,23.35092,0.));
#536 = LINE('',#537,#538);
#537 = CARTESIAN_POINT('',(65.01,23.35092,0.));
#538 = VECTOR('',#539,1.);
#539 = DIRECTION('',(1.,0.,-0.));
#540 = ORIENTED_EDGE('',*,*,#541,.T.);
#541 = EDGE_CURVE('',#534,#500,#542,.T.);
#542 = LINE('',#543,#544);
#543 = CARTESIAN_POINT('',(61.065,16.60592,5.551115123126E-17));
#544 = VECTOR('',#545,1.);
#545 = DIRECTION('',(0.707106781187,-0.707106781187,0.));
#546 = FACE_BOUND('',#547,.F.);
#547 = EDGE_LOOP('',(#548));
#548 = ORIENTED_EDGE('',*,*,#549,.F.);
#549 = EDGE_CURVE('',#550,#550,#552,.T.);
#550 = VERTEX_POINT('',#551);
#551 = CARTESIAN_POINT('',(63.82,24.75,0.));
#552 = CIRCLE('',#553,1.4);
#553 = AXIS2_PLACEMENT_3D('',#554,#555,#556);
#554 = CARTESIAN_POINT('',(62.42,24.75,0.));
#555 = DIRECTION('',(0.,0.,1.));
#556 = DIRECTION('',(1.,0.,-0.));
#557 = FACE_BOUND('',#558,.F.);
#558 = EDGE_LOOP('',(#559,#569,#577,#585,#593,#601));
#559 = ORIENTED_EDGE('',*,*,#560,.T.);
#560 = EDGE_CURVE('',#561,#563,#565,.T.);
#561 = VERTEX_POINT('',#562);
#562 = CARTESIAN_POINT('',(129.085,10.05092,0.));
#563 = VERTEX_POINT('',#564);
#564 = CARTESIAN_POINT('',(125.585,6.55092,0.));
#565 = LINE('',#566,#567);
#566 = CARTESIAN_POINT('',(117.66375,-1.37033,5.551115123126E-17));
#567 = VECTOR('',#568,1.);
#568 = DIRECTION('',(-0.707106781187,-0.707106781187,0.));
#569 = ORIENTED_EDGE('',*,*,#570,.T.);
#570 = EDGE_CURVE('',#563,#571,#573,.T.);
#571 = VERTEX_POINT('',#572);
#572 = CARTESIAN_POINT('',(108.585,6.55092,0.));
#573 = LINE('',#574,#575);
#574 = CARTESIAN_POINT('',(92.1425,6.55092,0.));
#575 = VECTOR('',#576,1.);
#576 = DIRECTION('',(-1.,0.,0.));
#577 = ORIENTED_EDGE('',*,*,#578,.T.);
#578 = EDGE_CURVE('',#571,#579,#581,.T.);
#579 = VERTEX_POINT('',#580);
#580 = CARTESIAN_POINT('',(105.085,10.05092,0.));
#581 = LINE('',#582,#583);
#582 = CARTESIAN_POINT('',(94.06375,21.07217,5.551115123126E-17));
#583 = VECTOR('',#584,1.);
#584 = DIRECTION('',(-0.707106781187,0.707106781187,0.));
#585 = ORIENTED_EDGE('',*,*,#586,.T.);
#586 = EDGE_CURVE('',#579,#587,#589,.T.);
#587 = VERTEX_POINT('',#588);
#588 = CARTESIAN_POINT('',(108.585,13.55092,0.));
#589 = LINE('',#590,#591);
#590 = CARTESIAN_POINT('',(103.16375,8.12967,5.551115123126E-17));
#591 = VECTOR('',#592,1.);
#592 = DIRECTION('',(0.707106781187,0.707106781187,-0.));
#593 = ORIENTED_EDGE('',*,*,#594,.T.);
#594 = EDGE_CURVE('',#587,#595,#597,.T.);
#595 = VERTEX_POINT('',#596);
#596 = CARTESIAN_POINT('',(125.585,13.55092,0.));
#597 = LINE('',#598,#599);
#598 = CARTESIAN_POINT('',(100.6425,13.55092,0.));
#599 = VECTOR('',#600,1.);
#600 = DIRECTION('',(1.,0.,-0.));
#601 = ORIENTED_EDGE('',*,*,#602,.T.);
#602 = EDGE_CURVE('',#595,#561,#603,.T.);
#603 = LINE('',#604,#605);
#604 = CARTESIAN_POINT('',(112.06375,27.07217,5.551115123126E-17));
#605 = VECTOR('',#606,1.);
#606 = DIRECTION('',(0.707106781187,-0.707106781187,0.));
#607 = FACE_BOUND('',#608,.F.);
#608 = EDGE_LOOP('',(#609,#619,#627,#635,#643,#651,#659,#667));
#609 = ORIENTED_EDGE('',*,*,#610,.F.);
#610 = EDGE_CURVE('',#611,#613,#615,.T.);
#611 = VERTEX_POINT('',#612);
#612 = CARTESIAN_POINT('',(92.105,11.875,0.));
#613 = VERTEX_POINT('',#614);
#614 = CARTESIAN_POINT('',(92.105,15.18,0.));
#615 = LINE('',#616,#617);
#616 = CARTESIAN_POINT('',(92.105,18.31296,0.));
#617 = VECTOR('',#618,1.);
#618 = DIRECTION('',(-0.,1.,0.));
#619 = ORIENTED_EDGE('',*,*,#620,.T.);
#620 = EDGE_CURVE('',#611,#621,#623,.T.);
#621 = VERTEX_POINT('',#622);
#622 = CARTESIAN_POINT('',(74.215,11.875,0.));
#623 = LINE('',#624,#625);
#624 = CARTESIAN_POINT('',(74.9575,11.875,0.));
#625 = VECTOR('',#626,1.);
#626 = DIRECTION('',(-1.,-0.,0.));
#627 = ORIENTED_EDGE('',*,*,#628,.T.);
#628 = EDGE_CURVE('',#621,#629,#631,.T.);
#629 = VERTEX_POINT('',#630);
#630 = CARTESIAN_POINT('',(74.215,23.415,0.));
#631 = LINE('',#632,#633);
#632 = CARTESIAN_POINT('',(74.215,18.31296,0.));
#633 = VECTOR('',#634,1.);
#634 = DIRECTION('',(-0.,1.,0.));
#635 = ORIENTED_EDGE('',*,*,#636,.F.);
#636 = EDGE_CURVE('',#637,#629,#639,.T.);
#637 = VERTEX_POINT('',#638);
#638 = CARTESIAN_POINT('',(92.105,23.415,0.));
#639 = LINE('',#640,#641);
#640 = CARTESIAN_POINT('',(74.9575,23.415,0.));
#641 = VECTOR('',#642,1.);
#642 = DIRECTION('',(-1.,-0.,0.));
#643 = ORIENTED_EDGE('',*,*,#644,.F.);
#644 = EDGE_CURVE('',#645,#637,#647,.T.);
#645 = VERTEX_POINT('',#646);
#646 = CARTESIAN_POINT('',(92.105,20.32,0.));
#647 = LINE('',#648,#649);
#648 = CARTESIAN_POINT('',(92.105,18.31296,0.));
#649 = VECTOR('',#650,1.);
#650 = DIRECTION('',(-0.,1.,0.));
#651 = ORIENTED_EDGE('',*,*,#652,.F.);
#652 = EDGE_CURVE('',#653,#645,#655,.T.);
#653 = VERTEX_POINT('',#654);
#654 = CARTESIAN_POINT('',(99.29,20.32,0.));
#655 = LINE('',#656,#657);
#656 = CARTESIAN_POINT('',(83.655,20.32,0.));
#657 = VECTOR('',#658,1.);
#658 = DIRECTION('',(-1.,-0.,0.));
#659 = ORIENTED_EDGE('',*,*,#660,.F.);
#660 = EDGE_CURVE('',#661,#653,#663,.T.);
#661 = VERTEX_POINT('',#662);
#662 = CARTESIAN_POINT('',(99.29,15.18,0.));
#663 = LINE('',#664,#665);
#664 = CARTESIAN_POINT('',(99.29,19.96546,0.));
#665 = VECTOR('',#666,1.);
#666 = DIRECTION('',(-0.,1.,0.));
#667 = ORIENTED_EDGE('',*,*,#668,.T.);
#668 = EDGE_CURVE('',#661,#613,#669,.T.);
#669 = LINE('',#670,#671);
#670 = CARTESIAN_POINT('',(83.655,15.18,0.));
#671 = VECTOR('',#672,1.);
#672 = DIRECTION('',(-1.,-0.,0.));
#673 = FACE_BOUND('',#674,.F.);
#674 = EDGE_LOOP('',(#675,#685,#693,#701,#709,#717));
#675 = ORIENTED_EDGE('',*,*,#676,.T.);
#676 = EDGE_CURVE('',#677,#679,#681,.T.);
#677 = VERTEX_POINT('',#678);
#678 = CARTESIAN_POINT('',(124.505,19.85092,0.));
#679 = VERTEX_POINT('',#680);
#680 = CARTESIAN_POINT('',(121.005,16.35092,0.));
#681 = LINE('',#682,#683);
#682 = CARTESIAN_POINT('',(111.77875,7.12467,5.551115123126E-17));
#683 = VECTOR('',#684,1.);
#684 = DIRECTION('',(-0.707106781187,-0.707106781187,0.));
#685 = ORIENTED_EDGE('',*,*,#686,.T.);
#686 = EDGE_CURVE('',#679,#687,#689,.T.);
#687 = VERTEX_POINT('',#688);
#688 = CARTESIAN_POINT('',(105.99,16.35092,0.));
#689 = LINE('',#690,#691);
#690 = CARTESIAN_POINT('',(90.845,16.35092,0.));
#691 = VECTOR('',#692,1.);
#692 = DIRECTION('',(-1.,0.,0.));
#693 = ORIENTED_EDGE('',*,*,#694,.T.);
#694 = EDGE_CURVE('',#687,#695,#697,.T.);
#695 = VERTEX_POINT('',#696);
#696 = CARTESIAN_POINT('',(102.49,19.85092,0.));
#697 = LINE('',#698,#699);
#698 = CARTESIAN_POINT('',(94.5675,27.77342,5.551115123126E-17));
#699 = VECTOR('',#700,1.);
#700 = DIRECTION('',(-0.707106781187,0.707106781187,0.));
#701 = ORIENTED_EDGE('',*,*,#702,.T.);
#702 = EDGE_CURVE('',#695,#703,#705,.T.);
#703 = VERTEX_POINT('',#704);
#704 = CARTESIAN_POINT('',(105.99,23.35092,0.));
#705 = LINE('',#706,#707);
#706 = CARTESIAN_POINT('',(98.7675,16.12842,5.551115123126E-17));
#707 = VECTOR('',#708,1.);
#708 = DIRECTION('',(0.707106781187,0.707106781187,-0.));
#709 = ORIENTED_EDGE('',*,*,#710,.T.);
#710 = EDGE_CURVE('',#703,#711,#713,.T.);
#711 = VERTEX_POINT('',#712);
#712 = CARTESIAN_POINT('',(121.005,23.35092,0.));
#713 = LINE('',#714,#715);
#714 = CARTESIAN_POINT('',(98.3525,23.35092,0.));
#715 = VECTOR('',#716,1.);
#716 = DIRECTION('',(1.,0.,-0.));
#717 = ORIENTED_EDGE('',*,*,#718,.T.);
#718 = EDGE_CURVE('',#711,#677,#719,.T.);
#719 = LINE('',#720,#721);
#720 = CARTESIAN_POINT('',(111.07875,33.27717,5.551115123126E-17));
#721 = VECTOR('',#722,1.);
#722 = DIRECTION('',(0.707106781187,-0.707106781187,0.));
#723 = FACE_BOUND('',#724,.F.);
#724 = EDGE_LOOP('',(#725,#736,#744,#753,#761,#770,#778,#787));
#725 = ORIENTED_EDGE('',*,*,#726,.T.);
#726 = EDGE_CURVE('',#727,#729,#731,.T.);
#727 = VERTEX_POINT('',#728);
#728 = CARTESIAN_POINT('',(34.68,31.85,0.));
#729 = VERTEX_POINT('',#730);
#730 = CARTESIAN_POINT('',(33.88,31.05,0.));
#731 = CIRCLE('',#732,0.8);
#732 = AXIS2_PLACEMENT_3D('',#733,#734,#735);
#733 = CARTESIAN_POINT('',(33.88,31.85,0.));
#734 = DIRECTION('',(0.,-0.,-1.));
#735 = DIRECTION('',(2.775557561563E-16,-1.,0.));
#736 = ORIENTED_EDGE('',*,*,#737,.T.);
#737 = EDGE_CURVE('',#729,#738,#740,.T.);
#738 = VERTEX_POINT('',#739);
#739 = CARTESIAN_POINT('',(33.08,31.05,0.));
#740 = LINE('',#741,#742);
#741 = CARTESIAN_POINT('',(54.39,31.05,0.));
#742 = VECTOR('',#743,1.);
#743 = DIRECTION('',(-1.,0.,0.));
#744 = ORIENTED_EDGE('',*,*,#745,.T.);
#745 = EDGE_CURVE('',#738,#746,#748,.T.);
#746 = VERTEX_POINT('',#747);
#747 = CARTESIAN_POINT('',(32.28,31.85,0.));
#748 = CIRCLE('',#749,0.8);
#749 = AXIS2_PLACEMENT_3D('',#750,#751,#752);
#750 = CARTESIAN_POINT('',(33.08,31.85,0.));
#751 = DIRECTION('',(-0.,0.,-1.));
#752 = DIRECTION('',(-1.,-2.775557561563E-16,0.));
#753 = ORIENTED_EDGE('',*,*,#754,.T.);
#754 = EDGE_CURVE('',#746,#755,#757,.T.);
#755 = VERTEX_POINT('',#756);
#756 = CARTESIAN_POINT('',(32.28,35.15,0.));
#757 = LINE('',#758,#759);
#758 = CARTESIAN_POINT('',(32.28,29.95046,0.));
#759 = VECTOR('',#760,1.);
#760 = DIRECTION('',(-0.,1.,0.));
#761 = ORIENTED_EDGE('',*,*,#762,.T.);
#762 = EDGE_CURVE('',#755,#763,#765,.T.);
#763 = VERTEX_POINT('',#764);
#764 = CARTESIAN_POINT('',(33.08,35.95,0.));
#765 = CIRCLE('',#766,0.8);
#766 = AXIS2_PLACEMENT_3D('',#767,#768,#769);
#767 = CARTESIAN_POINT('',(33.08,35.15,0.));
#768 = DIRECTION('',(-0.,0.,-1.));
#769 = DIRECTION('',(0.,1.,0.));
#770 = ORIENTED_EDGE('',*,*,#771,.T.);
#771 = EDGE_CURVE('',#763,#772,#774,.T.);
#772 = VERTEX_POINT('',#773);
#773 = CARTESIAN_POINT('',(33.88,35.95,0.));
#774 = LINE('',#775,#776);
#775 = CARTESIAN_POINT('',(54.79,35.95,0.));
#776 = VECTOR('',#777,1.);
#777 = DIRECTION('',(1.,0.,-0.));
#778 = ORIENTED_EDGE('',*,*,#779,.T.);
#779 = EDGE_CURVE('',#772,#780,#782,.T.);
#780 = VERTEX_POINT('',#781);
#781 = CARTESIAN_POINT('',(34.68,35.15,0.));
#782 = CIRCLE('',#783,0.8);
#783 = AXIS2_PLACEMENT_3D('',#784,#785,#786);
#784 = CARTESIAN_POINT('',(33.88,35.15,0.));
#785 = DIRECTION('',(0.,-0.,-1.));
#786 = DIRECTION('',(1.,0.,-0.));
#787 = ORIENTED_EDGE('',*,*,#788,.T.);
#788 = EDGE_CURVE('',#780,#727,#789,.T.);
#789 = LINE('',#790,#791);
#790 = CARTESIAN_POINT('',(34.68,28.30046,0.));
#791 = VECTOR('',#792,1.);
#792 = DIRECTION('',(0.,-1.,0.));
#793 = FACE_BOUND('',#794,.F.);
#794 = EDGE_LOOP('',(#795,#805,#813,#821,#829,#837));
#795 = ORIENTED_EDGE('',*,*,#796,.T.);
#796 = EDGE_CURVE('',#797,#799,#801,.T.);
#797 = VERTEX_POINT('',#798);
#798 = CARTESIAN_POINT('',(51.05,29.65092,0.));
#799 = VERTEX_POINT('',#800);
#800 = CARTESIAN_POINT('',(47.55,26.15092,0.));
#801 = LINE('',#802,#803);
#802 = CARTESIAN_POINT('',(54.2375,32.83842,5.551115123126E-17));
#803 = VECTOR('',#804,1.);
#804 = DIRECTION('',(-0.707106781187,-0.707106781187,0.));
#805 = ORIENTED_EDGE('',*,*,#806,.T.);
#806 = EDGE_CURVE('',#799,#807,#809,.T.);
#807 = VERTEX_POINT('',#808);
#808 = CARTESIAN_POINT('',(41.38,26.15092,0.));
#809 = LINE('',#810,#811);
#810 = CARTESIAN_POINT('',(58.54,26.15092,0.));
#811 = VECTOR('',#812,1.);
#812 = DIRECTION('',(-1.,0.,0.));
#813 = ORIENTED_EDGE('',*,*,#814,.T.);
#814 = EDGE_CURVE('',#807,#815,#817,.T.);
#815 = VERTEX_POINT('',#816);
#816 = CARTESIAN_POINT('',(37.88,29.65092,0.));
#817 = LINE('',#818,#819);
#818 = CARTESIAN_POINT('',(48.56,18.97092,5.551115123126E-17));
#819 = VECTOR('',#820,1.);
#820 = DIRECTION('',(-0.707106781187,0.707106781187,0.));
#821 = ORIENTED_EDGE('',*,*,#822,.T.);
#822 = EDGE_CURVE('',#815,#823,#825,.T.);
#823 = VERTEX_POINT('',#824);
#824 = CARTESIAN_POINT('',(41.38,33.15092,0.));
#825 = LINE('',#826,#827);
#826 = CARTESIAN_POINT('',(47.86,39.63092,5.551115123126E-17));
#827 = VECTOR('',#828,1.);
#828 = DIRECTION('',(0.707106781187,0.707106781187,-0.));
#829 = ORIENTED_EDGE('',*,*,#830,.T.);
#830 = EDGE_CURVE('',#823,#831,#833,.T.);
#831 = VERTEX_POINT('',#832);
#832 = CARTESIAN_POINT('',(47.55,33.15092,0.));
#833 = LINE('',#834,#835);
#834 = CARTESIAN_POINT('',(61.625,33.15092,0.));
#835 = VECTOR('',#836,1.);
#836 = DIRECTION('',(1.,0.,-0.));
#837 = ORIENTED_EDGE('',*,*,#838,.T.);
#838 = EDGE_CURVE('',#831,#797,#839,.T.);
#839 = LINE('',#840,#841);
#840 = CARTESIAN_POINT('',(58.4375,22.26342,5.551115123126E-17));
#841 = VECTOR('',#842,1.);
#842 = DIRECTION('',(0.707106781187,-0.707106781187,0.));
#843 = FACE_BOUND('',#844,.F.);
#844 = EDGE_LOOP('',(#845,#855,#863,#871,#879,#887));
#845 = ORIENTED_EDGE('',*,*,#846,.T.);
#846 = EDGE_CURVE('',#847,#849,#851,.T.);
#847 = VERTEX_POINT('',#848);
#848 = CARTESIAN_POINT('',(29.08,39.45092,0.));
#849 = VERTEX_POINT('',#850);
#850 = CARTESIAN_POINT('',(25.58,35.95092,0.));
#851 = LINE('',#852,#853);
#852 = CARTESIAN_POINT('',(35.31,45.68092,5.551115123126E-17));
#853 = VECTOR('',#854,1.);
#854 = DIRECTION('',(-0.707106781187,-0.707106781187,0.));
#855 = ORIENTED_EDGE('',*,*,#856,.T.);
#856 = EDGE_CURVE('',#849,#857,#859,.T.);
#857 = VERTEX_POINT('',#858);
#858 = CARTESIAN_POINT('',(9.7,35.95092,0.));
#859 = LINE('',#860,#861);
#860 = CARTESIAN_POINT('',(42.7,35.95092,0.));
#861 = VECTOR('',#862,1.);
#862 = DIRECTION('',(-1.,0.,0.));
#863 = ORIENTED_EDGE('',*,*,#864,.T.);
#864 = EDGE_CURVE('',#857,#865,#867,.T.);
#865 = VERTEX_POINT('',#866);
#866 = CARTESIAN_POINT('',(6.2,39.45092,0.));
#867 = LINE('',#868,#869);
#868 = CARTESIAN_POINT('',(27.25,18.40092,5.551115123126E-17));
#869 = VECTOR('',#870,1.);
#870 = DIRECTION('',(-0.707106781187,0.707106781187,0.));
#871 = ORIENTED_EDGE('',*,*,#872,.T.);
#872 = EDGE_CURVE('',#865,#873,#875,.T.);
#873 = VERTEX_POINT('',#874);
#874 = CARTESIAN_POINT('',(9.7,42.95092,0.));
#875 = LINE('',#876,#877);
#876 = CARTESIAN_POINT('',(21.65,54.90092,5.551115123126E-17));
#877 = VECTOR('',#878,1.);
#878 = DIRECTION('',(0.707106781187,0.707106781187,-0.));
#879 = ORIENTED_EDGE('',*,*,#880,.T.);
#880 = EDGE_CURVE('',#873,#881,#883,.T.);
#881 = VERTEX_POINT('',#882);
#882 = CARTESIAN_POINT('',(25.58,42.95092,0.));
#883 = LINE('',#884,#885);
#884 = CARTESIAN_POINT('',(50.64,42.95092,0.));
#885 = VECTOR('',#886,1.);
#886 = DIRECTION('',(1.,0.,-0.));
#887 = ORIENTED_EDGE('',*,*,#888,.T.);
#888 = EDGE_CURVE('',#881,#847,#889,.T.);
#889 = LINE('',#890,#891);
#890 = CARTESIAN_POINT('',(44.41,24.12092,5.551115123126E-17));
#891 = VECTOR('',#892,1.);
#892 = DIRECTION('',(0.707106781187,-0.707106781187,0.));
#893 = FACE_BOUND('',#894,.F.);
#894 = EDGE_LOOP('',(#895,#905,#913,#921,#929,#937));
#895 = ORIENTED_EDGE('',*,*,#896,.T.);
#896 = EDGE_CURVE('',#897,#899,#901,.T.);
#897 = VERTEX_POINT('',#898);
#898 = CARTESIAN_POINT('',(51.05,39.45092,0.));
#899 = VERTEX_POINT('',#900);
#900 = CARTESIAN_POINT('',(47.55,35.95092,0.));
#901 = LINE('',#902,#903);
#902 = CARTESIAN_POINT('',(51.7875,40.18842,5.551115123126E-17));
#903 = VECTOR('',#904,1.);
#904 = DIRECTION('',(-0.707106781187,-0.707106781187,0.));
#905 = ORIENTED_EDGE('',*,*,#906,.T.);
#906 = EDGE_CURVE('',#899,#907,#909,.T.);
#907 = VERTEX_POINT('',#908);
#908 = CARTESIAN_POINT('',(41.38,35.95092,0.));
#909 = LINE('',#910,#911);
#910 = CARTESIAN_POINT('',(58.54,35.95092,0.));
#911 = VECTOR('',#912,1.);
#912 = DIRECTION('',(-1.,0.,0.));
#913 = ORIENTED_EDGE('',*,*,#914,.T.);
#914 = EDGE_CURVE('',#907,#915,#917,.T.);
#915 = VERTEX_POINT('',#916);
#916 = CARTESIAN_POINT('',(37.88,39.45092,0.));
#917 = LINE('',#918,#919);
#918 = CARTESIAN_POINT('',(51.01,26.32092,5.551115123126E-17));
#919 = VECTOR('',#920,1.);
#920 = DIRECTION('',(-0.707106781187,0.707106781187,0.));
#921 = ORIENTED_EDGE('',*,*,#922,.T.);
#922 = EDGE_CURVE('',#915,#923,#925,.T.);
#923 = VERTEX_POINT('',#924);
#924 = CARTESIAN_POINT('',(41.38,42.95092,0.));
#925 = LINE('',#926,#927);
#926 = CARTESIAN_POINT('',(45.41,46.98092,5.551115123126E-17));
#927 = VECTOR('',#928,1.);
#928 = DIRECTION('',(0.707106781187,0.707106781187,-0.));
#929 = ORIENTED_EDGE('',*,*,#930,.T.);
#930 = EDGE_CURVE('',#923,#931,#933,.T.);
#931 = VERTEX_POINT('',#932);
#932 = CARTESIAN_POINT('',(47.55,42.95092,0.));
#933 = LINE('',#934,#935);
#934 = CARTESIAN_POINT('',(61.625,42.95092,0.));
#935 = VECTOR('',#936,1.);
#936 = DIRECTION('',(1.,0.,-0.));
#937 = ORIENTED_EDGE('',*,*,#938,.T.);
#938 = EDGE_CURVE('',#931,#897,#939,.T.);
#939 = LINE('',#940,#941);
#940 = CARTESIAN_POINT('',(60.8875,29.61342,5.551115123126E-17));
#941 = VECTOR('',#942,1.);
#942 = DIRECTION('',(0.707106781187,-0.707106781187,0.));
#943 = FACE_BOUND('',#944,.F.);
#944 = EDGE_LOOP('',(#945,#956,#964,#973,#981,#990,#998,#1007));
#945 = ORIENTED_EDGE('',*,*,#946,.T.);
#946 = EDGE_CURVE('',#947,#949,#951,.T.);
#947 = VERTEX_POINT('',#948);
#948 = CARTESIAN_POINT('',(59.375,28.65,0.));
#949 = VERTEX_POINT('',#950);
#950 = CARTESIAN_POINT('',(58.575,27.85,0.));
#951 = CIRCLE('',#952,0.8);
#952 = AXIS2_PLACEMENT_3D('',#953,#954,#955);
#953 = CARTESIAN_POINT('',(58.575,28.65,0.));
#954 = DIRECTION('',(-0.,-0.,-1.));
#955 = DIRECTION('',(0.,-1.,0.));
#956 = ORIENTED_EDGE('',*,*,#957,.T.);
#957 = EDGE_CURVE('',#949,#958,#960,.T.);
#958 = VERTEX_POINT('',#959);
#959 = CARTESIAN_POINT('',(55.05,27.85,0.));
#960 = LINE('',#961,#962);
#961 = CARTESIAN_POINT('',(65.375,27.85,0.));
#962 = VECTOR('',#963,1.);
#963 = DIRECTION('',(-1.,0.,0.));
#964 = ORIENTED_EDGE('',*,*,#965,.T.);
#965 = EDGE_CURVE('',#958,#966,#968,.T.);
#966 = VERTEX_POINT('',#967);
#967 = CARTESIAN_POINT('',(54.25,28.65,0.));
#968 = CIRCLE('',#969,0.8);
#969 = AXIS2_PLACEMENT_3D('',#970,#971,#972);
#970 = CARTESIAN_POINT('',(55.05,28.65,0.));
#971 = DIRECTION('',(-0.,0.,-1.));
#972 = DIRECTION('',(-1.,-2.775557561563E-16,0.));
#973 = ORIENTED_EDGE('',*,*,#974,.T.);
#974 = EDGE_CURVE('',#966,#975,#977,.T.);
#975 = VERTEX_POINT('',#976);
#976 = CARTESIAN_POINT('',(54.25,43.65,0.));
#977 = LINE('',#978,#979);
#978 = CARTESIAN_POINT('',(54.25,34.20046,0.));
#979 = VECTOR('',#980,1.);
#980 = DIRECTION('',(-0.,1.,0.));
#981 = ORIENTED_EDGE('',*,*,#982,.T.);
#982 = EDGE_CURVE('',#975,#983,#985,.T.);
#983 = VERTEX_POINT('',#984);
#984 = CARTESIAN_POINT('',(55.05,44.45,0.));
#985 = CIRCLE('',#986,0.8);
#986 = AXIS2_PLACEMENT_3D('',#987,#988,#989);
#987 = CARTESIAN_POINT('',(55.05,43.65,0.));
#988 = DIRECTION('',(-0.,0.,-1.));
#989 = DIRECTION('',(-3.191891195797E-15,1.,0.));
#990 = ORIENTED_EDGE('',*,*,#991,.T.);
#991 = EDGE_CURVE('',#983,#992,#994,.T.);
#992 = VERTEX_POINT('',#993);
#993 = CARTESIAN_POINT('',(58.575,44.45,0.));
#994 = LINE('',#995,#996);
#995 = CARTESIAN_POINT('',(67.1375,44.45,0.));
#996 = VECTOR('',#997,1.);
#997 = DIRECTION('',(1.,0.,-0.));
#998 = ORIENTED_EDGE('',*,*,#999,.T.);
#999 = EDGE_CURVE('',#992,#1000,#1002,.T.);
#1000 = VERTEX_POINT('',#1001);
#1001 = CARTESIAN_POINT('',(59.375,43.65,0.));
#1002 = CIRCLE('',#1003,0.8);
#1003 = AXIS2_PLACEMENT_3D('',#1004,#1005,#1006);
#1004 = CARTESIAN_POINT('',(58.575,43.65,0.));
#1005 = DIRECTION('',(0.,-0.,-1.));
#1006 = DIRECTION('',(1.,2.22044604925E-15,-0.));
#1007 = ORIENTED_EDGE('',*,*,#1008,.T.);
#1008 = EDGE_CURVE('',#1000,#947,#1009,.T.);
#1009 = LINE('',#1010,#1011);
#1010 = CARTESIAN_POINT('',(59.375,26.70046,0.));
#1011 = VECTOR('',#1012,1.);
#1012 = DIRECTION('',(0.,-1.,0.));
#1013 = FACE_BOUND('',#1014,.F.);
#1014 = EDGE_LOOP('',(#1015,#1025,#1033,#1041,#1049,#1057));
#1015 = ORIENTED_EDGE('',*,*,#1016,.T.);
#1016 = EDGE_CURVE('',#1017,#1019,#1021,.T.);
#1017 = VERTEX_POINT('',#1018);
#1018 = CARTESIAN_POINT('',(121.905,29.65092,0.));
#1019 = VERTEX_POINT('',#1020);
#1020 = CARTESIAN_POINT('',(118.405,26.15092,0.));
#1021 = LINE('',#1022,#1023);
#1022 = CARTESIAN_POINT('',(107.37875,15.12467,5.551115123126E-17));
#1023 = VECTOR('',#1024,1.);
#1024 = DIRECTION('',(-0.707106781187,-0.707106781187,0.));
#1025 = ORIENTED_EDGE('',*,*,#1026,.T.);
#1026 = EDGE_CURVE('',#1019,#1027,#1029,.T.);
#1027 = VERTEX_POINT('',#1028);
#1028 = CARTESIAN_POINT('',(101.405,26.15092,0.));
#1029 = LINE('',#1030,#1031);
#1030 = CARTESIAN_POINT('',(88.5525,26.15092,0.));
#1031 = VECTOR('',#1032,1.);
#1032 = DIRECTION('',(-1.,0.,0.));
#1033 = ORIENTED_EDGE('',*,*,#1034,.T.);
#1034 = EDGE_CURVE('',#1027,#1035,#1037,.T.);
#1035 = VERTEX_POINT('',#1036);
#1036 = CARTESIAN_POINT('',(97.905,29.65092,0.));
#1037 = LINE('',#1038,#1039);
#1038 = CARTESIAN_POINT('',(93.57875,33.97717,5.551115123126E-17));
#1039 = VECTOR('',#1040,1.);
#1040 = DIRECTION('',(-0.707106781187,0.707106781187,0.));
#1041 = ORIENTED_EDGE('',*,*,#1042,.T.);
#1042 = EDGE_CURVE('',#1035,#1043,#1045,.T.);
#1043 = VERTEX_POINT('',#1044);
#1044 = CARTESIAN_POINT('',(101.405,33.15092,0.));
#1045 = LINE('',#1046,#1047);
#1046 = CARTESIAN_POINT('',(92.87875,24.62467,5.551115123126E-17));
#1047 = VECTOR('',#1048,1.);
#1048 = DIRECTION('',(0.707106781187,0.707106781187,-0.));
#1049 = ORIENTED_EDGE('',*,*,#1050,.T.);
#1050 = EDGE_CURVE('',#1043,#1051,#1053,.T.);
#1051 = VERTEX_POINT('',#1052);
#1052 = CARTESIAN_POINT('',(118.405,33.15092,0.));
#1053 = LINE('',#1054,#1055);
#1054 = CARTESIAN_POINT('',(97.0525,33.15092,0.));
#1055 = VECTOR('',#1056,1.);
#1056 = DIRECTION('',(1.,0.,-0.));
#1057 = ORIENTED_EDGE('',*,*,#1058,.T.);
#1058 = EDGE_CURVE('',#1051,#1017,#1059,.T.);
#1059 = LINE('',#1060,#1061);
#1060 = CARTESIAN_POINT('',(111.57875,39.97717,5.551115123126E-17));
#1061 = VECTOR('',#1062,1.);
#1062 = DIRECTION('',(0.707106781187,-0.707106781187,0.));
#1063 = FACE_BOUND('',#1064,.F.);
#1064 = EDGE_LOOP('',(#1065,#1075,#1083,#1091,#1099,#1107));
#1065 = ORIENTED_EDGE('',*,*,#1066,.T.);
#1066 = EDGE_CURVE('',#1067,#1069,#1071,.T.);
#1067 = VERTEX_POINT('',#1068);
#1068 = CARTESIAN_POINT('',(123.65875,39.45092,0.));
#1069 = VERTEX_POINT('',#1070);
#1070 = CARTESIAN_POINT('',(120.15875,35.95092,0.));
#1071 = LINE('',#1072,#1073);
#1072 = CARTESIAN_POINT('',(106.2440625,22.0362325,5.551115123126E-17));
#1073 = VECTOR('',#1074,1.);
#1074 = DIRECTION('',(-0.707106781187,-0.707106781187,0.));
#1075 = ORIENTED_EDGE('',*,*,#1076,.T.);
#1076 = EDGE_CURVE('',#1069,#1077,#1079,.T.);
#1077 = VERTEX_POINT('',#1078);
#1078 = CARTESIAN_POINT('',(103.15875,35.95092,0.));
#1079 = LINE('',#1080,#1081);
#1080 = CARTESIAN_POINT('',(89.429375,35.95092,0.));
#1081 = VECTOR('',#1082,1.);
#1082 = DIRECTION('',(-1.,0.,0.));
#1083 = ORIENTED_EDGE('',*,*,#1084,.T.);
#1084 = EDGE_CURVE('',#1077,#1085,#1087,.T.);
#1085 = VERTEX_POINT('',#1086);
#1086 = CARTESIAN_POINT('',(99.65875,39.45092,0.));
#1087 = LINE('',#1088,#1089);
#1088 = CARTESIAN_POINT('',(97.3440625,41.7656075,5.551115123126E-17));
#1089 = VECTOR('',#1090,1.);
#1090 = DIRECTION('',(-0.707106781187,0.707106781187,0.));
#1091 = ORIENTED_EDGE('',*,*,#1092,.T.);
#1092 = EDGE_CURVE('',#1085,#1093,#1095,.T.);
#1093 = VERTEX_POINT('',#1094);
#1094 = CARTESIAN_POINT('',(103.15875,42.95092,0.));
#1095 = LINE('',#1096,#1097);
#1096 = CARTESIAN_POINT('',(91.7440625,31.5362325,5.551115123126E-17));
#1097 = VECTOR('',#1098,1.);
#1098 = DIRECTION('',(0.707106781187,0.707106781187,-0.));
#1099 = ORIENTED_EDGE('',*,*,#1100,.T.);
#1100 = EDGE_CURVE('',#1093,#1101,#1103,.T.);
#1101 = VERTEX_POINT('',#1102);
#1102 = CARTESIAN_POINT('',(120.15875,42.95092,0.));
#1103 = LINE('',#1104,#1105);
#1104 = CARTESIAN_POINT('',(97.929375,42.95092,0.));
#1105 = VECTOR('',#1106,1.);
#1106 = DIRECTION('',(1.,0.,-0.));
#1107 = ORIENTED_EDGE('',*,*,#1108,.T.);
#1108 = EDGE_CURVE('',#1101,#1067,#1109,.T.);
#1109 = LINE('',#1110,#1111);
#1110 = CARTESIAN_POINT('',(115.3440625,47.7656075,5.551115123126E-17));
#1111 = VECTOR('',#1112,1.);
#1112 = DIRECTION('',(0.707106781187,-0.707106781187,0.));
#1113 = PLANE('',#1114);
#1114 = AXIS2_PLACEMENT_3D('',#1115,#1116,#1117);
#1115 = CARTESIAN_POINT('',(75.7,24.75092,0.));
#1116 = DIRECTION('',(0.,0.,1.));
#1117 = DIRECTION('',(1.,0.,-0.));
#1118 = ADVANCED_FACE('',(#1119),#1178,.T.);
#1119 = FACE_BOUND('',#1120,.T.);
#1120 = EDGE_LOOP('',(#1121,#1131,#1139,#1145,#1146,#1147,#1148,#1156,
    #1164,#1172));
#1121 = ORIENTED_EDGE('',*,*,#1122,.T.);
#1122 = EDGE_CURVE('',#1123,#1125,#1127,.T.);
#1123 = VERTEX_POINT('',#1124);
#1124 = CARTESIAN_POINT('',(2.65,2.65,2.4));
#1125 = VERTEX_POINT('',#1126);
#1126 = CARTESIAN_POINT('',(2.65,13.9125,2.4));
#1127 = LINE('',#1128,#1129);
#1128 = CARTESIAN_POINT('',(2.65,2.65,2.4));
#1129 = VECTOR('',#1130,1.);
#1130 = DIRECTION('',(-0.,1.,0.));
#1131 = ORIENTED_EDGE('',*,*,#1132,.T.);
#1132 = EDGE_CURVE('',#1125,#1133,#1135,.T.);
#1133 = VERTEX_POINT('',#1134);
#1134 = CARTESIAN_POINT('',(0.,13.9125,2.4));
#1135 = LINE('',#1136,#1137);
#1136 = CARTESIAN_POINT('',(37.64875,13.9125,2.4));
#1137 = VECTOR('',#1138,1.);
#1138 = DIRECTION('',(-1.,-0.,0.));
#1139 = ORIENTED_EDGE('',*,*,#1140,.T.);
#1140 = EDGE_CURVE('',#1133,#64,#1141,.T.);
#1141 = LINE('',#1142,#1143);
#1142 = CARTESIAN_POINT('',(0.,48.20184,2.4));
#1143 = VECTOR('',#1144,1.);
#1144 = DIRECTION('',(0.,-1.,0.));
#1145 = ORIENTED_EDGE('',*,*,#71,.T.);
#1146 = ORIENTED_EDGE('',*,*,#31,.T.);
#1147 = ORIENTED_EDGE('',*,*,#95,.T.);
#1148 = ORIENTED_EDGE('',*,*,#1149,.T.);
#1149 = EDGE_CURVE('',#96,#1150,#1152,.T.);
#1150 = VERTEX_POINT('',#1151);
#1151 = CARTESIAN_POINT('',(151.4,4.9,2.4));
#1152 = LINE('',#1153,#1154);
#1153 = CARTESIAN_POINT('',(151.4,1.3,2.4));
#1154 = VECTOR('',#1155,1.);
#1155 = DIRECTION('',(0.,1.,0.));
#1156 = ORIENTED_EDGE('',*,*,#1157,.T.);
#1157 = EDGE_CURVE('',#1150,#1158,#1160,.T.);
#1158 = VERTEX_POINT('',#1159);
#1159 = CARTESIAN_POINT('',(148.75,4.9,2.4));
#1160 = LINE('',#1161,#1162);
#1161 = CARTESIAN_POINT('',(105.29,4.9,2.4));
#1162 = VECTOR('',#1163,1.);
#1163 = DIRECTION('',(-1.,-0.,0.));
#1164 = ORIENTED_EDGE('',*,*,#1165,.F.);
#1165 = EDGE_CURVE('',#1166,#1158,#1168,.T.);
#1166 = VERTEX_POINT('',#1167);
#1167 = CARTESIAN_POINT('',(148.75,2.65,2.4));
#1168 = LINE('',#1169,#1170);
#1169 = CARTESIAN_POINT('',(148.75,2.65,2.4));
#1170 = VECTOR('',#1171,1.);
#1171 = DIRECTION('',(-0.,1.,0.));
#1172 = ORIENTED_EDGE('',*,*,#1173,.F.);
#1173 = EDGE_CURVE('',#1123,#1166,#1174,.T.);
#1174 = LINE('',#1175,#1176);
#1175 = CARTESIAN_POINT('',(2.65,2.65,2.4));
#1176 = VECTOR('',#1177,1.);
#1177 = DIRECTION('',(1.,0.,-0.));
#1178 = PLANE('',#1179);
#1179 = AXIS2_PLACEMENT_3D('',#1180,#1181,#1182);
#1180 = CARTESIAN_POINT('',(75.7,24.75092,2.4));
#1181 = DIRECTION('',(0.,0.,1.));
#1182 = DIRECTION('',(1.,0.,-0.));
#1183 = ADVANCED_FACE('',(#1184),#1195,.F.);
#1184 = FACE_BOUND('',#1185,.F.);
#1185 = EDGE_LOOP('',(#1186,#1187,#1193,#1194));
#1186 = ORIENTED_EDGE('',*,*,#145,.F.);
#1187 = ORIENTED_EDGE('',*,*,#1188,.T.);
#1188 = EDGE_CURVE('',#138,#1133,#1189,.T.);
#1189 = LINE('',#1190,#1191);
#1190 = CARTESIAN_POINT('',(0.,13.9125,-0.25));
#1191 = VECTOR('',#1192,1.);
#1192 = DIRECTION('',(0.,0.,1.));
#1193 = ORIENTED_EDGE('',*,*,#1140,.T.);
#1194 = ORIENTED_EDGE('',*,*,#61,.F.);
#1195 = PLANE('',#1196);
#1196 = AXIS2_PLACEMENT_3D('',#1197,#1198,#1199);
#1197 = CARTESIAN_POINT('',(0.,48.20184,0.));
#1198 = DIRECTION('',(1.,0.,-0.));
#1199 = DIRECTION('',(0.,-1.,0.));
#1200 = ADVANCED_FACE('',(#1201),#1212,.F.);
#1201 = FACE_BOUND('',#1202,.F.);
#1202 = EDGE_LOOP('',(#1203,#1204,#1205,#1206));
#1203 = ORIENTED_EDGE('',*,*,#154,.F.);
#1204 = ORIENTED_EDGE('',*,*,#104,.T.);
#1205 = ORIENTED_EDGE('',*,*,#1149,.T.);
#1206 = ORIENTED_EDGE('',*,*,#1207,.T.);
#1207 = EDGE_CURVE('',#1150,#155,#1208,.T.);
#1208 = LINE('',#1209,#1210);
#1209 = CARTESIAN_POINT('',(151.4,4.9,-0.25));
#1210 = VECTOR('',#1211,1.);
#1211 = DIRECTION('',(0.,0.,-1.));
#1212 = PLANE('',#1213);
#1213 = AXIS2_PLACEMENT_3D('',#1214,#1215,#1216);
#1214 = CARTESIAN_POINT('',(151.4,1.3,0.));
#1215 = DIRECTION('',(-1.,0.,0.));
#1216 = DIRECTION('',(0.,1.,0.));
#1217 = ADVANCED_FACE('',(#1218),#1243,.F.);
#1218 = FACE_BOUND('',#1219,.F.);
#1219 = EDGE_LOOP('',(#1220,#1228,#1229,#1237));
#1220 = ORIENTED_EDGE('',*,*,#1221,.F.);
#1221 = EDGE_CURVE('',#128,#1222,#1224,.T.);
#1222 = VERTEX_POINT('',#1223);
#1223 = CARTESIAN_POINT('',(20.3025,13.9125,2.4));
#1224 = LINE('',#1225,#1226);
#1225 = CARTESIAN_POINT('',(20.3025,13.9125,-0.5));
#1226 = VECTOR('',#1227,1.);
#1227 = DIRECTION('',(0.,0.,1.));
#1228 = ORIENTED_EDGE('',*,*,#127,.T.);
#1229 = ORIENTED_EDGE('',*,*,#1230,.T.);
#1230 = EDGE_CURVE('',#130,#1231,#1233,.T.);
#1231 = VERTEX_POINT('',#1232);
#1232 = CARTESIAN_POINT('',(20.3025,30.5875,2.4));
#1233 = LINE('',#1234,#1235);
#1234 = CARTESIAN_POINT('',(20.3025,30.5875,-0.5));
#1235 = VECTOR('',#1236,1.);
#1236 = DIRECTION('',(0.,0.,1.));
#1237 = ORIENTED_EDGE('',*,*,#1238,.F.);
#1238 = EDGE_CURVE('',#1222,#1231,#1239,.T.);
#1239 = LINE('',#1240,#1241);
#1240 = CARTESIAN_POINT('',(20.3025,19.33171,2.4));
#1241 = VECTOR('',#1242,1.);
#1242 = DIRECTION('',(-0.,1.,0.));
#1243 = PLANE('',#1244);
#1244 = AXIS2_PLACEMENT_3D('',#1245,#1246,#1247);
#1245 = CARTESIAN_POINT('',(20.3025,13.9125,-0.5));
#1246 = DIRECTION('',(1.,0.,-0.));
#1247 = DIRECTION('',(0.,0.,1.));
#1248 = ADVANCED_FACE('',(#1249),#1285,.T.);
#1249 = FACE_BOUND('',#1250,.T.);
#1250 = EDGE_LOOP('',(#1251,#1252,#1253,#1254,#1255,#1263,#1271,#1279));
#1251 = ORIENTED_EDGE('',*,*,#1221,.F.);
#1252 = ORIENTED_EDGE('',*,*,#137,.T.);
#1253 = ORIENTED_EDGE('',*,*,#1188,.T.);
#1254 = ORIENTED_EDGE('',*,*,#1132,.F.);
#1255 = ORIENTED_EDGE('',*,*,#1256,.T.);
#1256 = EDGE_CURVE('',#1125,#1257,#1259,.T.);
#1257 = VERTEX_POINT('',#1258);
#1258 = CARTESIAN_POINT('',(2.65,13.9125,5.6));
#1259 = LINE('',#1260,#1261);
#1260 = CARTESIAN_POINT('',(2.65,13.9125,0.95));
#1261 = VECTOR('',#1262,1.);
#1262 = DIRECTION('',(0.,0.,1.));
#1263 = ORIENTED_EDGE('',*,*,#1264,.F.);
#1264 = EDGE_CURVE('',#1265,#1257,#1267,.T.);
#1265 = VERTEX_POINT('',#1266);
#1266 = CARTESIAN_POINT('',(4.45,13.9125,5.6));
#1267 = LINE('',#1268,#1269);
#1268 = CARTESIAN_POINT('',(1.12375,13.9125,5.6));
#1269 = VECTOR('',#1270,1.);
#1270 = DIRECTION('',(-1.,-0.,0.));
#1271 = ORIENTED_EDGE('',*,*,#1272,.F.);
#1272 = EDGE_CURVE('',#1273,#1265,#1275,.T.);
#1273 = VERTEX_POINT('',#1274);
#1274 = CARTESIAN_POINT('',(4.45,13.9125,2.4));
#1275 = LINE('',#1276,#1277);
#1276 = CARTESIAN_POINT('',(4.45,13.9125,0.7));
#1277 = VECTOR('',#1278,1.);
#1278 = DIRECTION('',(0.,0.,1.));
#1279 = ORIENTED_EDGE('',*,*,#1280,.F.);
#1280 = EDGE_CURVE('',#1222,#1273,#1281,.T.);
#1281 = LINE('',#1282,#1283);
#1282 = CARTESIAN_POINT('',(37.64875,13.9125,2.4));
#1283 = VECTOR('',#1284,1.);
#1284 = DIRECTION('',(-1.,-0.,0.));
#1285 = PLANE('',#1286);
#1286 = AXIS2_PLACEMENT_3D('',#1287,#1288,#1289);
#1287 = CARTESIAN_POINT('',(-0.4025,13.9125,-0.5));
#1288 = DIRECTION('',(-0.,1.,0.));
#1289 = DIRECTION('',(0.,0.,1.));
#1290 = ADVANCED_FACE('',(#1291),#1341,.F.);
#1291 = FACE_BOUND('',#1292,.F.);
#1292 = EDGE_LOOP('',(#1293,#1294,#1295,#1303,#1311,#1319,#1327,#1335));
#1293 = ORIENTED_EDGE('',*,*,#1230,.F.);
#1294 = ORIENTED_EDGE('',*,*,#341,.T.);
#1295 = ORIENTED_EDGE('',*,*,#1296,.T.);
#1296 = EDGE_CURVE('',#334,#1297,#1299,.T.);
#1297 = VERTEX_POINT('',#1298);
#1298 = CARTESIAN_POINT('',(0.,30.5875,2.4));
#1299 = LINE('',#1300,#1301);
#1300 = CARTESIAN_POINT('',(0.,30.5875,-0.25));
#1301 = VECTOR('',#1302,1.);
#1302 = DIRECTION('',(0.,0.,1.));
#1303 = ORIENTED_EDGE('',*,*,#1304,.F.);
#1304 = EDGE_CURVE('',#1305,#1297,#1307,.T.);
#1305 = VERTEX_POINT('',#1306);
#1306 = CARTESIAN_POINT('',(2.65,30.5875,2.4));
#1307 = LINE('',#1308,#1309);
#1308 = CARTESIAN_POINT('',(37.64875,30.5875,2.4));
#1309 = VECTOR('',#1310,1.);
#1310 = DIRECTION('',(-1.,-0.,0.));
#1311 = ORIENTED_EDGE('',*,*,#1312,.T.);
#1312 = EDGE_CURVE('',#1305,#1313,#1315,.T.);
#1313 = VERTEX_POINT('',#1314);
#1314 = CARTESIAN_POINT('',(2.65,30.5875,5.6));
#1315 = LINE('',#1316,#1317);
#1316 = CARTESIAN_POINT('',(2.65,30.5875,0.95));
#1317 = VECTOR('',#1318,1.);
#1318 = DIRECTION('',(0.,0.,1.));
#1319 = ORIENTED_EDGE('',*,*,#1320,.F.);
#1320 = EDGE_CURVE('',#1321,#1313,#1323,.T.);
#1321 = VERTEX_POINT('',#1322);
#1322 = CARTESIAN_POINT('',(4.45,30.5875,5.6));
#1323 = LINE('',#1324,#1325);
#1324 = CARTESIAN_POINT('',(1.12375,30.5875,5.6));
#1325 = VECTOR('',#1326,1.);
#1326 = DIRECTION('',(-1.,-0.,0.));
#1327 = ORIENTED_EDGE('',*,*,#1328,.F.);
#1328 = EDGE_CURVE('',#1329,#1321,#1331,.T.);
#1329 = VERTEX_POINT('',#1330);
#1330 = CARTESIAN_POINT('',(4.45,30.5875,2.4));
#1331 = LINE('',#1332,#1333);
#1332 = CARTESIAN_POINT('',(4.45,30.5875,0.7));
#1333 = VECTOR('',#1334,1.);
#1334 = DIRECTION('',(0.,0.,1.));
#1335 = ORIENTED_EDGE('',*,*,#1336,.F.);
#1336 = EDGE_CURVE('',#1231,#1329,#1337,.T.);
#1337 = LINE('',#1338,#1339);
#1338 = CARTESIAN_POINT('',(37.64875,30.5875,2.4));
#1339 = VECTOR('',#1340,1.);
#1340 = DIRECTION('',(-1.,-0.,0.));
#1341 = PLANE('',#1342);
#1342 = AXIS2_PLACEMENT_3D('',#1343,#1344,#1345);
#1343 = CARTESIAN_POINT('',(-0.4025,30.5875,-0.5));
#1344 = DIRECTION('',(-0.,1.,0.));
#1345 = DIRECTION('',(0.,0.,1.));
#1346 = ADVANCED_FACE('',(#1347),#1365,.F.);
#1347 = FACE_BOUND('',#1348,.F.);
#1348 = EDGE_LOOP('',(#1349,#1350,#1358,#1364));
#1349 = ORIENTED_EDGE('',*,*,#333,.F.);
#1350 = ORIENTED_EDGE('',*,*,#1351,.T.);
#1351 = EDGE_CURVE('',#325,#1352,#1354,.T.);
#1352 = VERTEX_POINT('',#1353);
#1353 = CARTESIAN_POINT('',(7.771561172376E-16,48.20184,2.4));
#1354 = LINE('',#1355,#1356);
#1355 = CARTESIAN_POINT('',(7.771561172376E-16,48.20184,0.));
#1356 = VECTOR('',#1357,1.);
#1357 = DIRECTION('',(0.,0.,1.));
#1358 = ORIENTED_EDGE('',*,*,#1359,.T.);
#1359 = EDGE_CURVE('',#1352,#1297,#1360,.T.);
#1360 = LINE('',#1361,#1362);
#1361 = CARTESIAN_POINT('',(0.,48.20184,2.4));
#1362 = VECTOR('',#1363,1.);
#1363 = DIRECTION('',(0.,-1.,0.));
#1364 = ORIENTED_EDGE('',*,*,#1296,.F.);
#1365 = PLANE('',#1366);
#1366 = AXIS2_PLACEMENT_3D('',#1367,#1368,#1369);
#1367 = CARTESIAN_POINT('',(0.,48.20184,0.));
#1368 = DIRECTION('',(1.,0.,-0.));
#1369 = DIRECTION('',(0.,-1.,0.));
#1370 = ADVANCED_FACE('',(#1371),#1390,.T.);
#1371 = FACE_BOUND('',#1372,.F.);
#1372 = EDGE_LOOP('',(#1373,#1381,#1388,#1389));
#1373 = ORIENTED_EDGE('',*,*,#1374,.T.);
#1374 = EDGE_CURVE('',#317,#1375,#1377,.T.);
#1375 = VERTEX_POINT('',#1376);
#1376 = CARTESIAN_POINT('',(1.3,49.50184,2.4));
#1377 = LINE('',#1378,#1379);
#1378 = CARTESIAN_POINT('',(1.3,49.50184,0.));
#1379 = VECTOR('',#1380,1.);
#1380 = DIRECTION('',(0.,0.,1.));
#1381 = ORIENTED_EDGE('',*,*,#1382,.T.);
#1382 = EDGE_CURVE('',#1375,#1352,#1383,.T.);
#1383 = CIRCLE('',#1384,1.3);
#1384 = AXIS2_PLACEMENT_3D('',#1385,#1386,#1387);
#1385 = CARTESIAN_POINT('',(1.3,48.20184,2.4));
#1386 = DIRECTION('',(0.,0.,1.));
#1387 = DIRECTION('',(5.636516894251E-15,1.,-0.));
#1388 = ORIENTED_EDGE('',*,*,#1351,.F.);
#1389 = ORIENTED_EDGE('',*,*,#324,.F.);
#1390 = CYLINDRICAL_SURFACE('',#1391,1.3);
#1391 = AXIS2_PLACEMENT_3D('',#1392,#1393,#1394);
#1392 = CARTESIAN_POINT('',(1.3,48.20184,0.));
#1393 = DIRECTION('',(-0.,-0.,-1.));
#1394 = DIRECTION('',(5.636516894251E-15,1.,-0.));
#1395 = ADVANCED_FACE('',(#1396),#1414,.F.);
#1396 = FACE_BOUND('',#1397,.F.);
#1397 = EDGE_LOOP('',(#1398,#1399,#1407,#1413));
#1398 = ORIENTED_EDGE('',*,*,#316,.F.);
#1399 = ORIENTED_EDGE('',*,*,#1400,.T.);
#1400 = EDGE_CURVE('',#309,#1401,#1403,.T.);
#1401 = VERTEX_POINT('',#1402);
#1402 = CARTESIAN_POINT('',(60.97,49.50184,2.4));
#1403 = LINE('',#1404,#1405);
#1404 = CARTESIAN_POINT('',(60.97,49.50184,-0.25));
#1405 = VECTOR('',#1406,1.);
#1406 = DIRECTION('',(0.,0.,1.));
#1407 = ORIENTED_EDGE('',*,*,#1408,.T.);
#1408 = EDGE_CURVE('',#1401,#1375,#1409,.T.);
#1409 = LINE('',#1410,#1411);
#1410 = CARTESIAN_POINT('',(150.1,49.50184,2.4));
#1411 = VECTOR('',#1412,1.);
#1412 = DIRECTION('',(-1.,0.,0.));
#1413 = ORIENTED_EDGE('',*,*,#1374,.F.);
#1414 = PLANE('',#1415);
#1415 = AXIS2_PLACEMENT_3D('',#1416,#1417,#1418);
#1416 = CARTESIAN_POINT('',(150.1,49.50184,0.));
#1417 = DIRECTION('',(0.,-1.,0.));
#1418 = DIRECTION('',(-1.,0.,0.));
#1419 = ADVANCED_FACE('',(#1420),#1470,.T.);
#1420 = FACE_BOUND('',#1421,.T.);
#1421 = EDGE_LOOP('',(#1422,#1430,#1431,#1432,#1440,#1448,#1456,#1464));
#1422 = ORIENTED_EDGE('',*,*,#1423,.F.);
#1423 = EDGE_CURVE('',#301,#1424,#1426,.T.);
#1424 = VERTEX_POINT('',#1425);
#1425 = CARTESIAN_POINT('',(60.97,42.85,2.4));
#1426 = LINE('',#1427,#1428);
#1427 = CARTESIAN_POINT('',(60.97,42.85,-0.5));
#1428 = VECTOR('',#1429,1.);
#1429 = DIRECTION('',(0.,0.,1.));
#1430 = ORIENTED_EDGE('',*,*,#308,.T.);
#1431 = ORIENTED_EDGE('',*,*,#1400,.T.);
#1432 = ORIENTED_EDGE('',*,*,#1433,.F.);
#1433 = EDGE_CURVE('',#1434,#1401,#1436,.T.);
#1434 = VERTEX_POINT('',#1435);
#1435 = CARTESIAN_POINT('',(60.97,46.85184,2.4));
#1436 = LINE('',#1437,#1438);
#1437 = CARTESIAN_POINT('',(60.97,33.80046,2.4));
#1438 = VECTOR('',#1439,1.);
#1439 = DIRECTION('',(-0.,1.,0.));
#1440 = ORIENTED_EDGE('',*,*,#1441,.F.);
#1441 = EDGE_CURVE('',#1442,#1434,#1444,.T.);
#1442 = VERTEX_POINT('',#1443);
#1443 = CARTESIAN_POINT('',(60.97,46.85184,5.6));
#1444 = LINE('',#1445,#1446);
#1445 = CARTESIAN_POINT('',(60.97,46.85184,2.15));
#1446 = VECTOR('',#1447,1.);
#1447 = DIRECTION('',(-0.,0.,-1.));
#1448 = ORIENTED_EDGE('',*,*,#1449,.F.);
#1449 = EDGE_CURVE('',#1450,#1442,#1452,.T.);
#1450 = VERTEX_POINT('',#1451);
#1451 = CARTESIAN_POINT('',(60.97,45.05184,5.6));
#1452 = LINE('',#1453,#1454);
#1453 = CARTESIAN_POINT('',(60.97,23.75092,5.6));
#1454 = VECTOR('',#1455,1.);
#1455 = DIRECTION('',(-0.,1.,0.));
#1456 = ORIENTED_EDGE('',*,*,#1457,.T.);
#1457 = EDGE_CURVE('',#1450,#1458,#1460,.T.);
#1458 = VERTEX_POINT('',#1459);
#1459 = CARTESIAN_POINT('',(60.97,45.05184,2.4));
#1460 = LINE('',#1461,#1462);
#1461 = CARTESIAN_POINT('',(60.97,45.05184,1.9));
#1462 = VECTOR('',#1463,1.);
#1463 = DIRECTION('',(-0.,0.,-1.));
#1464 = ORIENTED_EDGE('',*,*,#1465,.F.);
#1465 = EDGE_CURVE('',#1424,#1458,#1466,.T.);
#1466 = LINE('',#1467,#1468);
#1467 = CARTESIAN_POINT('',(60.97,33.80046,2.4));
#1468 = VECTOR('',#1469,1.);
#1469 = DIRECTION('',(-0.,1.,0.));
#1470 = PLANE('',#1471);
#1471 = AXIS2_PLACEMENT_3D('',#1472,#1473,#1474);
#1472 = CARTESIAN_POINT('',(60.97,46.11739360723,2.166385457205));
#1473 = DIRECTION('',(1.,0.,0.));
#1474 = DIRECTION('',(-0.,0.,1.));
#1475 = ADVANCED_FACE('',(#1476),#1494,.T.);
#1476 = FACE_BOUND('',#1477,.T.);
#1477 = EDGE_LOOP('',(#1478,#1486,#1487,#1488));
#1478 = ORIENTED_EDGE('',*,*,#1479,.F.);
#1479 = EDGE_CURVE('',#293,#1480,#1482,.T.);
#1480 = VERTEX_POINT('',#1481);
#1481 = CARTESIAN_POINT('',(74.93,42.85,2.4));
#1482 = LINE('',#1483,#1484);
#1483 = CARTESIAN_POINT('',(74.93,42.85,-0.5));
#1484 = VECTOR('',#1485,1.);
#1485 = DIRECTION('',(0.,0.,1.));
#1486 = ORIENTED_EDGE('',*,*,#300,.T.);
#1487 = ORIENTED_EDGE('',*,*,#1423,.T.);
#1488 = ORIENTED_EDGE('',*,*,#1489,.F.);
#1489 = EDGE_CURVE('',#1480,#1424,#1490,.T.);
#1490 = LINE('',#1491,#1492);
#1491 = CARTESIAN_POINT('',(68.335,42.85,2.4));
#1492 = VECTOR('',#1493,1.);
#1493 = DIRECTION('',(-1.,-0.,0.));
#1494 = PLANE('',#1495);
#1495 = AXIS2_PLACEMENT_3D('',#1496,#1497,#1498);
#1496 = CARTESIAN_POINT('',(60.97,42.85,-0.5));
#1497 = DIRECTION('',(-0.,1.,0.));
#1498 = DIRECTION('',(0.,0.,1.));
#1499 = ADVANCED_FACE('',(#1500),#1543,.T.);
#1500 = FACE_BOUND('',#1501,.T.);
#1501 = EDGE_LOOP('',(#1502,#1503,#1511,#1519,#1527,#1535,#1541,#1542));
#1502 = ORIENTED_EDGE('',*,*,#162,.T.);
#1503 = ORIENTED_EDGE('',*,*,#1504,.T.);
#1504 = EDGE_CURVE('',#163,#1505,#1507,.T.);
#1505 = VERTEX_POINT('',#1506);
#1506 = CARTESIAN_POINT('',(134.88,4.9,2.4));
#1507 = LINE('',#1508,#1509);
#1508 = CARTESIAN_POINT('',(134.88,4.9,-0.5));
#1509 = VECTOR('',#1510,1.);
#1510 = DIRECTION('',(0.,0.,1.));
#1511 = ORIENTED_EDGE('',*,*,#1512,.F.);
#1512 = EDGE_CURVE('',#1513,#1505,#1515,.T.);
#1513 = VERTEX_POINT('',#1514);
#1514 = CARTESIAN_POINT('',(146.95,4.9,2.4));
#1515 = LINE('',#1516,#1517);
#1516 = CARTESIAN_POINT('',(105.29,4.9,2.4));
#1517 = VECTOR('',#1518,1.);
#1518 = DIRECTION('',(-1.,-0.,0.));
#1519 = ORIENTED_EDGE('',*,*,#1520,.T.);
#1520 = EDGE_CURVE('',#1513,#1521,#1523,.T.);
#1521 = VERTEX_POINT('',#1522);
#1522 = CARTESIAN_POINT('',(146.95,4.9,5.6));
#1523 = LINE('',#1524,#1525);
#1524 = CARTESIAN_POINT('',(146.95,4.9,0.7));
#1525 = VECTOR('',#1526,1.);
#1526 = DIRECTION('',(0.,0.,1.));
#1527 = ORIENTED_EDGE('',*,*,#1528,.F.);
#1528 = EDGE_CURVE('',#1529,#1521,#1531,.T.);
#1529 = VERTEX_POINT('',#1530);
#1530 = CARTESIAN_POINT('',(148.75,4.9,5.6));
#1531 = LINE('',#1532,#1533);
#1532 = CARTESIAN_POINT('',(68.765,4.9,5.6));
#1533 = VECTOR('',#1534,1.);
#1534 = DIRECTION('',(-1.,-0.,0.));
#1535 = ORIENTED_EDGE('',*,*,#1536,.F.);
#1536 = EDGE_CURVE('',#1158,#1529,#1537,.T.);
#1537 = LINE('',#1538,#1539);
#1538 = CARTESIAN_POINT('',(148.75,4.9,0.95));
#1539 = VECTOR('',#1540,1.);
#1540 = DIRECTION('',(0.,0.,1.));
#1541 = ORIENTED_EDGE('',*,*,#1157,.F.);
#1542 = ORIENTED_EDGE('',*,*,#1207,.T.);
#1543 = PLANE('',#1544);
#1544 = AXIS2_PLACEMENT_3D('',#1545,#1546,#1547);
#1545 = CARTESIAN_POINT('',(134.88,4.9,-0.5));
#1546 = DIRECTION('',(-0.,1.,0.));
#1547 = DIRECTION('',(0.,0.,1.));
#1548 = ADVANCED_FACE('',(#1549),#1599,.T.);
#1549 = FACE_BOUND('',#1550,.T.);
#1550 = EDGE_LOOP('',(#1551,#1552,#1560,#1568,#1576,#1584,#1592,#1598));
#1551 = ORIENTED_EDGE('',*,*,#1479,.T.);
#1552 = ORIENTED_EDGE('',*,*,#1553,.T.);
#1553 = EDGE_CURVE('',#1480,#1554,#1556,.T.);
#1554 = VERTEX_POINT('',#1555);
#1555 = CARTESIAN_POINT('',(74.93,45.05184,2.4));
#1556 = LINE('',#1557,#1558);
#1557 = CARTESIAN_POINT('',(74.93,33.80046,2.4));
#1558 = VECTOR('',#1559,1.);
#1559 = DIRECTION('',(-0.,1.,0.));
#1560 = ORIENTED_EDGE('',*,*,#1561,.F.);
#1561 = EDGE_CURVE('',#1562,#1554,#1564,.T.);
#1562 = VERTEX_POINT('',#1563);
#1563 = CARTESIAN_POINT('',(74.93,45.05184,5.6));
#1564 = LINE('',#1565,#1566);
#1565 = CARTESIAN_POINT('',(74.93,45.05184,1.9));
#1566 = VECTOR('',#1567,1.);
#1567 = DIRECTION('',(-0.,0.,-1.));
#1568 = ORIENTED_EDGE('',*,*,#1569,.T.);
#1569 = EDGE_CURVE('',#1562,#1570,#1572,.T.);
#1570 = VERTEX_POINT('',#1571);
#1571 = CARTESIAN_POINT('',(74.93,46.85184,5.6));
#1572 = LINE('',#1573,#1574);
#1573 = CARTESIAN_POINT('',(74.93,23.75092,5.6));
#1574 = VECTOR('',#1575,1.);
#1575 = DIRECTION('',(-0.,1.,0.));
#1576 = ORIENTED_EDGE('',*,*,#1577,.T.);
#1577 = EDGE_CURVE('',#1570,#1578,#1580,.T.);
#1578 = VERTEX_POINT('',#1579);
#1579 = CARTESIAN_POINT('',(74.93,46.85184,2.4));
#1580 = LINE('',#1581,#1582);
#1581 = CARTESIAN_POINT('',(74.93,46.85184,2.15));
#1582 = VECTOR('',#1583,1.);
#1583 = DIRECTION('',(-0.,0.,-1.));
#1584 = ORIENTED_EDGE('',*,*,#1585,.T.);
#1585 = EDGE_CURVE('',#1578,#1586,#1588,.T.);
#1586 = VERTEX_POINT('',#1587);
#1587 = CARTESIAN_POINT('',(74.93,49.50184,2.4));
#1588 = LINE('',#1589,#1590);
#1589 = CARTESIAN_POINT('',(74.93,33.80046,2.4));
#1590 = VECTOR('',#1591,1.);
#1591 = DIRECTION('',(-0.,1.,0.));
#1592 = ORIENTED_EDGE('',*,*,#1593,.F.);
#1593 = EDGE_CURVE('',#285,#1586,#1594,.T.);
#1594 = LINE('',#1595,#1596);
#1595 = CARTESIAN_POINT('',(74.93,49.50184,-0.25));
#1596 = VECTOR('',#1597,1.);
#1597 = DIRECTION('',(0.,0.,1.));
#1598 = ORIENTED_EDGE('',*,*,#292,.F.);
#1599 = PLANE('',#1600);
#1600 = AXIS2_PLACEMENT_3D('',#1601,#1602,#1603);
#1601 = CARTESIAN_POINT('',(74.93,46.11739360723,2.166385457205));
#1602 = DIRECTION('',(-1.,-0.,-0.));
#1603 = DIRECTION('',(0.,0.,-1.));
#1604 = ADVANCED_FACE('',(#1605),#1623,.T.);
#1605 = FACE_BOUND('',#1606,.T.);
#1606 = EDGE_LOOP('',(#1607,#1608,#1609,#1617));
#1607 = ORIENTED_EDGE('',*,*,#1504,.F.);
#1608 = ORIENTED_EDGE('',*,*,#170,.T.);
#1609 = ORIENTED_EDGE('',*,*,#1610,.T.);
#1610 = EDGE_CURVE('',#171,#1611,#1613,.T.);
#1611 = VERTEX_POINT('',#1612);
#1612 = CARTESIAN_POINT('',(134.88,17.475,2.4));
#1613 = LINE('',#1614,#1615);
#1614 = CARTESIAN_POINT('',(134.88,17.475,-0.5));
#1615 = VECTOR('',#1616,1.);
#1616 = DIRECTION('',(0.,0.,1.));
#1617 = ORIENTED_EDGE('',*,*,#1618,.F.);
#1618 = EDGE_CURVE('',#1505,#1611,#1619,.T.);
#1619 = LINE('',#1620,#1621);
#1620 = CARTESIAN_POINT('',(134.88,14.82546,2.4));
#1621 = VECTOR('',#1622,1.);
#1622 = DIRECTION('',(-0.,1.,0.));
#1623 = PLANE('',#1624);
#1624 = AXIS2_PLACEMENT_3D('',#1625,#1626,#1627);
#1625 = CARTESIAN_POINT('',(134.88,4.9,-0.5));
#1626 = DIRECTION('',(1.,0.,-0.));
#1627 = DIRECTION('',(0.,0.,1.));
#1628 = ADVANCED_FACE('',(#1629),#1647,.F.);
#1629 = FACE_BOUND('',#1630,.F.);
#1630 = EDGE_LOOP('',(#1631,#1632,#1640,#1646));
#1631 = ORIENTED_EDGE('',*,*,#284,.F.);
#1632 = ORIENTED_EDGE('',*,*,#1633,.T.);
#1633 = EDGE_CURVE('',#277,#1634,#1636,.T.);
#1634 = VERTEX_POINT('',#1635);
#1635 = CARTESIAN_POINT('',(83.8125,49.50184,2.4));
#1636 = LINE('',#1637,#1638);
#1637 = CARTESIAN_POINT('',(83.8125,49.50184,-0.25));
#1638 = VECTOR('',#1639,1.);
#1639 = DIRECTION('',(0.,0.,1.));
#1640 = ORIENTED_EDGE('',*,*,#1641,.T.);
#1641 = EDGE_CURVE('',#1634,#1586,#1642,.T.);
#1642 = LINE('',#1643,#1644);
#1643 = CARTESIAN_POINT('',(150.1,49.50184,2.4));
#1644 = VECTOR('',#1645,1.);
#1645 = DIRECTION('',(-1.,0.,0.));
#1646 = ORIENTED_EDGE('',*,*,#1593,.F.);
#1647 = PLANE('',#1648);
#1648 = AXIS2_PLACEMENT_3D('',#1649,#1650,#1651);
#1649 = CARTESIAN_POINT('',(150.1,49.50184,0.));
#1650 = DIRECTION('',(0.,-1.,0.));
#1651 = DIRECTION('',(-1.,0.,0.));
#1652 = ADVANCED_FACE('',(#1653),#1703,.F.);
#1653 = FACE_BOUND('',#1654,.F.);
#1654 = EDGE_LOOP('',(#1655,#1656,#1657,#1665,#1673,#1681,#1689,#1697));
#1655 = ORIENTED_EDGE('',*,*,#178,.T.);
#1656 = ORIENTED_EDGE('',*,*,#1610,.T.);
#1657 = ORIENTED_EDGE('',*,*,#1658,.F.);
#1658 = EDGE_CURVE('',#1659,#1611,#1661,.T.);
#1659 = VERTEX_POINT('',#1660);
#1660 = CARTESIAN_POINT('',(146.95,17.475,2.4));
#1661 = LINE('',#1662,#1663);
#1662 = CARTESIAN_POINT('',(105.29,17.475,2.4));
#1663 = VECTOR('',#1664,1.);
#1664 = DIRECTION('',(-1.,-0.,0.));
#1665 = ORIENTED_EDGE('',*,*,#1666,.T.);
#1666 = EDGE_CURVE('',#1659,#1667,#1669,.T.);
#1667 = VERTEX_POINT('',#1668);
#1668 = CARTESIAN_POINT('',(146.95,17.475,5.6));
#1669 = LINE('',#1670,#1671);
#1670 = CARTESIAN_POINT('',(146.95,17.475,0.7));
#1671 = VECTOR('',#1672,1.);
#1672 = DIRECTION('',(0.,0.,1.));
#1673 = ORIENTED_EDGE('',*,*,#1674,.F.);
#1674 = EDGE_CURVE('',#1675,#1667,#1677,.T.);
#1675 = VERTEX_POINT('',#1676);
#1676 = CARTESIAN_POINT('',(148.75,17.475,5.6));
#1677 = LINE('',#1678,#1679);
#1678 = CARTESIAN_POINT('',(68.765,17.475,5.6));
#1679 = VECTOR('',#1680,1.);
#1680 = DIRECTION('',(-1.,-0.,0.));
#1681 = ORIENTED_EDGE('',*,*,#1682,.F.);
#1682 = EDGE_CURVE('',#1683,#1675,#1685,.T.);
#1683 = VERTEX_POINT('',#1684);
#1684 = CARTESIAN_POINT('',(148.75,17.475,2.4));
#1685 = LINE('',#1686,#1687);
#1686 = CARTESIAN_POINT('',(148.75,17.475,0.95));
#1687 = VECTOR('',#1688,1.);
#1688 = DIRECTION('',(0.,0.,1.));
#1689 = ORIENTED_EDGE('',*,*,#1690,.F.);
#1690 = EDGE_CURVE('',#1691,#1683,#1693,.T.);
#1691 = VERTEX_POINT('',#1692);
#1692 = CARTESIAN_POINT('',(151.4,17.475,2.4));
#1693 = LINE('',#1694,#1695);
#1694 = CARTESIAN_POINT('',(105.29,17.475,2.4));
#1695 = VECTOR('',#1696,1.);
#1696 = DIRECTION('',(-1.,-0.,0.));
#1697 = ORIENTED_EDGE('',*,*,#1698,.T.);
#1698 = EDGE_CURVE('',#1691,#179,#1699,.T.);
#1699 = LINE('',#1700,#1701);
#1700 = CARTESIAN_POINT('',(151.4,17.475,-0.25));
#1701 = VECTOR('',#1702,1.);
#1702 = DIRECTION('',(0.,0.,-1.));
#1703 = PLANE('',#1704);
#1704 = AXIS2_PLACEMENT_3D('',#1705,#1706,#1707);
#1705 = CARTESIAN_POINT('',(134.88,17.475,-0.5));
#1706 = DIRECTION('',(-0.,1.,0.));
#1707 = DIRECTION('',(0.,0.,1.));
#1708 = ADVANCED_FACE('',(#1709),#1759,.T.);
#1709 = FACE_BOUND('',#1710,.T.);
#1710 = EDGE_LOOP('',(#1711,#1719,#1720,#1721,#1729,#1737,#1745,#1753));
#1711 = ORIENTED_EDGE('',*,*,#1712,.F.);
#1712 = EDGE_CURVE('',#269,#1713,#1715,.T.);
#1713 = VERTEX_POINT('',#1714);
#1714 = CARTESIAN_POINT('',(83.8125,41.85,2.4));
#1715 = LINE('',#1716,#1717);
#1716 = CARTESIAN_POINT('',(83.8125,41.85,-0.5));
#1717 = VECTOR('',#1718,1.);
#1718 = DIRECTION('',(0.,0.,1.));
#1719 = ORIENTED_EDGE('',*,*,#276,.T.);
#1720 = ORIENTED_EDGE('',*,*,#1633,.T.);
#1721 = ORIENTED_EDGE('',*,*,#1722,.F.);
#1722 = EDGE_CURVE('',#1723,#1634,#1725,.T.);
#1723 = VERTEX_POINT('',#1724);
#1724 = CARTESIAN_POINT('',(83.8125,46.85184,2.4));
#1725 = LINE('',#1726,#1727);
#1726 = CARTESIAN_POINT('',(83.8125,33.30046,2.4));
#1727 = VECTOR('',#1728,1.);
#1728 = DIRECTION('',(-0.,1.,0.));
#1729 = ORIENTED_EDGE('',*,*,#1730,.F.);
#1730 = EDGE_CURVE('',#1731,#1723,#1733,.T.);
#1731 = VERTEX_POINT('',#1732);
#1732 = CARTESIAN_POINT('',(83.8125,46.85184,5.6));
#1733 = LINE('',#1734,#1735);
#1734 = CARTESIAN_POINT('',(83.8125,46.85184,0.95));
#1735 = VECTOR('',#1736,1.);
#1736 = DIRECTION('',(-0.,0.,-1.));
#1737 = ORIENTED_EDGE('',*,*,#1738,.F.);
#1738 = EDGE_CURVE('',#1739,#1731,#1741,.T.);
#1739 = VERTEX_POINT('',#1740);
#1740 = CARTESIAN_POINT('',(83.8125,40.35,5.6));
#1741 = LINE('',#1742,#1743);
#1742 = CARTESIAN_POINT('',(83.8125,22.25,5.6));
#1743 = VECTOR('',#1744,1.);
#1744 = DIRECTION('',(-0.,1.,0.));
#1745 = ORIENTED_EDGE('',*,*,#1746,.F.);
#1746 = EDGE_CURVE('',#1747,#1739,#1749,.T.);
#1747 = VERTEX_POINT('',#1748);
#1748 = CARTESIAN_POINT('',(83.8125,40.35,2.4));
#1749 = LINE('',#1750,#1751);
#1750 = CARTESIAN_POINT('',(83.8125,40.35,2.4));
#1751 = VECTOR('',#1752,1.);
#1752 = DIRECTION('',(0.,0.,1.));
#1753 = ORIENTED_EDGE('',*,*,#1754,.T.);
#1754 = EDGE_CURVE('',#1747,#1713,#1755,.T.);
#1755 = LINE('',#1756,#1757);
#1756 = CARTESIAN_POINT('',(83.8125,38.55,2.4));
#1757 = VECTOR('',#1758,1.);
#1758 = DIRECTION('',(-0.,1.,0.));
#1759 = PLANE('',#1760);
#1760 = AXIS2_PLACEMENT_3D('',#1761,#1762,#1763);
#1761 = CARTESIAN_POINT('',(83.8125,44.760516904522,2.634596904522));
#1762 = DIRECTION('',(1.,0.,0.));
#1763 = DIRECTION('',(-0.,0.,1.));
#1764 = ADVANCED_FACE('',(#1765),#1783,.F.);
#1765 = FACE_BOUND('',#1766,.F.);
#1766 = EDGE_LOOP('',(#1767,#1768,#1769,#1777));
#1767 = ORIENTED_EDGE('',*,*,#186,.F.);
#1768 = ORIENTED_EDGE('',*,*,#1698,.F.);
#1769 = ORIENTED_EDGE('',*,*,#1770,.T.);
#1770 = EDGE_CURVE('',#1691,#1771,#1773,.T.);
#1771 = VERTEX_POINT('',#1772);
#1772 = CARTESIAN_POINT('',(151.4,24.530001,2.4));
#1773 = LINE('',#1774,#1775);
#1774 = CARTESIAN_POINT('',(151.4,1.3,2.4));
#1775 = VECTOR('',#1776,1.);
#1776 = DIRECTION('',(0.,1.,0.));
#1777 = ORIENTED_EDGE('',*,*,#1778,.T.);
#1778 = EDGE_CURVE('',#1771,#187,#1779,.T.);
#1779 = LINE('',#1780,#1781);
#1780 = CARTESIAN_POINT('',(151.4,24.530001,-0.25));
#1781 = VECTOR('',#1782,1.);
#1782 = DIRECTION('',(0.,0.,-1.));
#1783 = PLANE('',#1784);
#1784 = AXIS2_PLACEMENT_3D('',#1785,#1786,#1787);
#1785 = CARTESIAN_POINT('',(151.4,1.3,0.));
#1786 = DIRECTION('',(-1.,0.,0.));
#1787 = DIRECTION('',(0.,1.,0.));
#1788 = ADVANCED_FACE('',(#1789),#1807,.T.);
#1789 = FACE_BOUND('',#1790,.T.);
#1790 = EDGE_LOOP('',(#1791,#1792,#1793,#1801));
#1791 = ORIENTED_EDGE('',*,*,#268,.T.);
#1792 = ORIENTED_EDGE('',*,*,#1712,.T.);
#1793 = ORIENTED_EDGE('',*,*,#1794,.F.);
#1794 = EDGE_CURVE('',#1795,#1713,#1797,.T.);
#1795 = VERTEX_POINT('',#1796);
#1796 = CARTESIAN_POINT('',(85.690001000801,41.85,2.4));
#1797 = LINE('',#1798,#1799);
#1798 = CARTESIAN_POINT('',(79.75625,41.85,2.4));
#1799 = VECTOR('',#1800,1.);
#1800 = DIRECTION('',(-1.,-0.,0.));
#1801 = ORIENTED_EDGE('',*,*,#1802,.F.);
#1802 = EDGE_CURVE('',#260,#1795,#1803,.T.);
#1803 = LINE('',#1804,#1805);
#1804 = CARTESIAN_POINT('',(85.690001000801,41.85,-0.5));
#1805 = VECTOR('',#1806,1.);
#1806 = DIRECTION('',(0.,0.,1.));
#1807 = PLANE('',#1808);
#1808 = AXIS2_PLACEMENT_3D('',#1809,#1810,#1811);
#1809 = CARTESIAN_POINT('',(83.8125,41.85,-0.5));
#1810 = DIRECTION('',(-0.,1.,0.));
#1811 = DIRECTION('',(0.,0.,1.));
#1812 = ADVANCED_FACE('',(#1813),#1863,.T.);
#1813 = FACE_BOUND('',#1814,.T.);
#1814 = EDGE_LOOP('',(#1815,#1816,#1824,#1832,#1840,#1848,#1856,#1862));
#1815 = ORIENTED_EDGE('',*,*,#194,.T.);
#1816 = ORIENTED_EDGE('',*,*,#1817,.T.);
#1817 = EDGE_CURVE('',#195,#1818,#1820,.T.);
#1818 = VERTEX_POINT('',#1819);
#1819 = CARTESIAN_POINT('',(127.705,24.530001,2.4));
#1820 = LINE('',#1821,#1822);
#1821 = CARTESIAN_POINT('',(127.705,24.530001,-0.5));
#1822 = VECTOR('',#1823,1.);
#1823 = DIRECTION('',(0.,0.,1.));
#1824 = ORIENTED_EDGE('',*,*,#1825,.F.);
#1825 = EDGE_CURVE('',#1826,#1818,#1828,.T.);
#1826 = VERTEX_POINT('',#1827);
#1827 = CARTESIAN_POINT('',(146.95,24.530001,2.4));
#1828 = LINE('',#1829,#1830);
#1829 = CARTESIAN_POINT('',(101.7025,24.530001,2.4));
#1830 = VECTOR('',#1831,1.);
#1831 = DIRECTION('',(-1.,-0.,0.));
#1832 = ORIENTED_EDGE('',*,*,#1833,.T.);
#1833 = EDGE_CURVE('',#1826,#1834,#1836,.T.);
#1834 = VERTEX_POINT('',#1835);
#1835 = CARTESIAN_POINT('',(146.95,24.530001,5.6));
#1836 = LINE('',#1837,#1838);
#1837 = CARTESIAN_POINT('',(146.95,24.530001,0.7));
#1838 = VECTOR('',#1839,1.);
#1839 = DIRECTION('',(0.,0.,1.));
#1840 = ORIENTED_EDGE('',*,*,#1841,.F.);
#1841 = EDGE_CURVE('',#1842,#1834,#1844,.T.);
#1842 = VERTEX_POINT('',#1843);
#1843 = CARTESIAN_POINT('',(148.75,24.530001,5.6));
#1844 = LINE('',#1845,#1846);
#1845 = CARTESIAN_POINT('',(65.1775,24.530001,5.6));
#1846 = VECTOR('',#1847,1.);
#1847 = DIRECTION('',(-1.,-0.,0.));
#1848 = ORIENTED_EDGE('',*,*,#1849,.F.);
#1849 = EDGE_CURVE('',#1850,#1842,#1852,.T.);
#1850 = VERTEX_POINT('',#1851);
#1851 = CARTESIAN_POINT('',(148.75,24.530001,2.4));
#1852 = LINE('',#1853,#1854);
#1853 = CARTESIAN_POINT('',(148.75,24.530001,0.95));
#1854 = VECTOR('',#1855,1.);
#1855 = DIRECTION('',(0.,0.,1.));
#1856 = ORIENTED_EDGE('',*,*,#1857,.F.);
#1857 = EDGE_CURVE('',#1771,#1850,#1858,.T.);
#1858 = LINE('',#1859,#1860);
#1859 = CARTESIAN_POINT('',(101.7025,24.530001,2.4));
#1860 = VECTOR('',#1861,1.);
#1861 = DIRECTION('',(-1.,-0.,0.));
#1862 = ORIENTED_EDGE('',*,*,#1778,.T.);
#1863 = PLANE('',#1864);
#1864 = AXIS2_PLACEMENT_3D('',#1865,#1866,#1867);
#1865 = CARTESIAN_POINT('',(127.705,24.530001,-0.5));
#1866 = DIRECTION('',(-0.,1.,0.));
#1867 = DIRECTION('',(0.,0.,1.));
#1868 = ADVANCED_FACE('',(#1869),#1897,.F.);
#1869 = FACE_BOUND('',#1870,.F.);
#1870 = EDGE_LOOP('',(#1871,#1879,#1888,#1895,#1896));
#1871 = ORIENTED_EDGE('',*,*,#1872,.T.);
#1872 = EDGE_CURVE('',#252,#1873,#1875,.T.);
#1873 = VERTEX_POINT('',#1874);
#1874 = CARTESIAN_POINT('',(91.934998999199,41.85,2.4));
#1875 = LINE('',#1876,#1877);
#1876 = CARTESIAN_POINT('',(91.934998999199,41.85,-0.5));
#1877 = VECTOR('',#1878,1.);
#1878 = DIRECTION('',(0.,0.,1.));
#1879 = ORIENTED_EDGE('',*,*,#1880,.F.);
#1880 = EDGE_CURVE('',#1881,#1873,#1883,.T.);
#1881 = VERTEX_POINT('',#1882);
#1882 = CARTESIAN_POINT('',(88.812499999999,40.35,2.4));
#1883 = CIRCLE('',#1884,4.);
#1884 = AXIS2_PLACEMENT_3D('',#1885,#1886,#1887);
#1885 = CARTESIAN_POINT('',(88.8125,44.35,2.4));
#1886 = DIRECTION('',(0.,0.,1.));
#1887 = DIRECTION('',(1.,0.,-0.));
#1888 = ORIENTED_EDGE('',*,*,#1889,.F.);
#1889 = EDGE_CURVE('',#1795,#1881,#1890,.T.);
#1890 = CIRCLE('',#1891,4.);
#1891 = AXIS2_PLACEMENT_3D('',#1892,#1893,#1894);
#1892 = CARTESIAN_POINT('',(88.8125,44.35,2.4));
#1893 = DIRECTION('',(0.,0.,1.));
#1894 = DIRECTION('',(1.,0.,-0.));
#1895 = ORIENTED_EDGE('',*,*,#1802,.F.);
#1896 = ORIENTED_EDGE('',*,*,#259,.T.);
#1897 = CYLINDRICAL_SURFACE('',#1898,4.);
#1898 = AXIS2_PLACEMENT_3D('',#1899,#1900,#1901);
#1899 = CARTESIAN_POINT('',(88.8125,44.35,-0.5));
#1900 = DIRECTION('',(0.,0.,1.));
#1901 = DIRECTION('',(1.,0.,-0.));
#1902 = ADVANCED_FACE('',(#1903),#1921,.T.);
#1903 = FACE_BOUND('',#1904,.T.);
#1904 = EDGE_LOOP('',(#1905,#1906,#1907,#1915));
#1905 = ORIENTED_EDGE('',*,*,#1817,.F.);
#1906 = ORIENTED_EDGE('',*,*,#202,.T.);
#1907 = ORIENTED_EDGE('',*,*,#1908,.T.);
#1908 = EDGE_CURVE('',#203,#1909,#1911,.T.);
#1909 = VERTEX_POINT('',#1910);
#1910 = CARTESIAN_POINT('',(127.705,44.910001,2.4));
#1911 = LINE('',#1912,#1913);
#1912 = CARTESIAN_POINT('',(127.705,44.910001,-0.5));
#1913 = VECTOR('',#1914,1.);
#1914 = DIRECTION('',(0.,0.,1.));
#1915 = ORIENTED_EDGE('',*,*,#1916,.F.);
#1916 = EDGE_CURVE('',#1818,#1909,#1917,.T.);
#1917 = LINE('',#1918,#1919);
#1918 = CARTESIAN_POINT('',(127.705,24.6404605,2.4));
#1919 = VECTOR('',#1920,1.);
#1920 = DIRECTION('',(-0.,1.,0.));
#1921 = PLANE('',#1922);
#1922 = AXIS2_PLACEMENT_3D('',#1923,#1924,#1925);
#1923 = CARTESIAN_POINT('',(127.705,24.530001,-0.5));
#1924 = DIRECTION('',(1.,0.,-0.));
#1925 = DIRECTION('',(0.,0.,1.));
#1926 = ADVANCED_FACE('',(#1927),#1945,.T.);
#1927 = FACE_BOUND('',#1928,.T.);
#1928 = EDGE_LOOP('',(#1929,#1937,#1938,#1939));
#1929 = ORIENTED_EDGE('',*,*,#1930,.F.);
#1930 = EDGE_CURVE('',#244,#1931,#1933,.T.);
#1931 = VERTEX_POINT('',#1932);
#1932 = CARTESIAN_POINT('',(93.8125,41.85,2.4));
#1933 = LINE('',#1934,#1935);
#1934 = CARTESIAN_POINT('',(93.8125,41.85,-0.5));
#1935 = VECTOR('',#1936,1.);
#1936 = DIRECTION('',(0.,0.,1.));
#1937 = ORIENTED_EDGE('',*,*,#251,.T.);
#1938 = ORIENTED_EDGE('',*,*,#1872,.T.);
#1939 = ORIENTED_EDGE('',*,*,#1940,.F.);
#1940 = EDGE_CURVE('',#1931,#1873,#1941,.T.);
#1941 = LINE('',#1942,#1943);
#1942 = CARTESIAN_POINT('',(79.75625,41.85,2.4));
#1943 = VECTOR('',#1944,1.);
#1944 = DIRECTION('',(-1.,-0.,0.));
#1945 = PLANE('',#1946);
#1946 = AXIS2_PLACEMENT_3D('',#1947,#1948,#1949);
#1947 = CARTESIAN_POINT('',(83.8125,41.85,-0.5));
#1948 = DIRECTION('',(-0.,1.,0.));
#1949 = DIRECTION('',(0.,0.,1.));
#1950 = ADVANCED_FACE('',(#1951),#2001,.F.);
#1951 = FACE_BOUND('',#1952,.F.);
#1952 = EDGE_LOOP('',(#1953,#1954,#1955,#1963,#1971,#1979,#1987,#1995));
#1953 = ORIENTED_EDGE('',*,*,#210,.T.);
#1954 = ORIENTED_EDGE('',*,*,#1908,.T.);
#1955 = ORIENTED_EDGE('',*,*,#1956,.F.);
#1956 = EDGE_CURVE('',#1957,#1909,#1959,.T.);
#1957 = VERTEX_POINT('',#1958);
#1958 = CARTESIAN_POINT('',(146.95,44.910001,2.4));
#1959 = LINE('',#1960,#1961);
#1960 = CARTESIAN_POINT('',(101.7025,44.910001,2.4));
#1961 = VECTOR('',#1962,1.);
#1962 = DIRECTION('',(-1.,-0.,0.));
#1963 = ORIENTED_EDGE('',*,*,#1964,.T.);
#1964 = EDGE_CURVE('',#1957,#1965,#1967,.T.);
#1965 = VERTEX_POINT('',#1966);
#1966 = CARTESIAN_POINT('',(146.95,44.910001,5.6));
#1967 = LINE('',#1968,#1969);
#1968 = CARTESIAN_POINT('',(146.95,44.910001,0.7));
#1969 = VECTOR('',#1970,1.);
#1970 = DIRECTION('',(0.,0.,1.));
#1971 = ORIENTED_EDGE('',*,*,#1972,.F.);
#1972 = EDGE_CURVE('',#1973,#1965,#1975,.T.);
#1973 = VERTEX_POINT('',#1974);
#1974 = CARTESIAN_POINT('',(148.75,44.910001,5.6));
#1975 = LINE('',#1976,#1977);
#1976 = CARTESIAN_POINT('',(65.1775,44.910001,5.6));
#1977 = VECTOR('',#1978,1.);
#1978 = DIRECTION('',(-1.,-0.,0.));
#1979 = ORIENTED_EDGE('',*,*,#1980,.F.);
#1980 = EDGE_CURVE('',#1981,#1973,#1983,.T.);
#1981 = VERTEX_POINT('',#1982);
#1982 = CARTESIAN_POINT('',(148.75,44.910001,2.4));
#1983 = LINE('',#1984,#1985);
#1984 = CARTESIAN_POINT('',(148.75,44.910001,0.95));
#1985 = VECTOR('',#1986,1.);
#1986 = DIRECTION('',(0.,0.,1.));
#1987 = ORIENTED_EDGE('',*,*,#1988,.F.);
#1988 = EDGE_CURVE('',#1989,#1981,#1991,.T.);
#1989 = VERTEX_POINT('',#1990);
#1990 = CARTESIAN_POINT('',(151.4,44.910001,2.4));
#1991 = LINE('',#1992,#1993);
#1992 = CARTESIAN_POINT('',(101.7025,44.910001,2.4));
#1993 = VECTOR('',#1994,1.);
#1994 = DIRECTION('',(-1.,-0.,0.));
#1995 = ORIENTED_EDGE('',*,*,#1996,.T.);
#1996 = EDGE_CURVE('',#1989,#211,#1997,.T.);
#1997 = LINE('',#1998,#1999);
#1998 = CARTESIAN_POINT('',(151.4,44.910001,-0.25));
#1999 = VECTOR('',#2000,1.);
#2000 = DIRECTION('',(0.,0.,-1.));
#2001 = PLANE('',#2002);
#2002 = AXIS2_PLACEMENT_3D('',#2003,#2004,#2005);
#2003 = CARTESIAN_POINT('',(127.705,44.910001,-0.5));
#2004 = DIRECTION('',(-0.,1.,0.));
#2005 = DIRECTION('',(0.,0.,1.));
#2006 = ADVANCED_FACE('',(#2007),#2057,.T.);
#2007 = FACE_BOUND('',#2008,.T.);
#2008 = EDGE_LOOP('',(#2009,#2010,#2018,#2026,#2034,#2042,#2050,#2056));
#2009 = ORIENTED_EDGE('',*,*,#1930,.T.);
#2010 = ORIENTED_EDGE('',*,*,#2011,.F.);
#2011 = EDGE_CURVE('',#2012,#1931,#2014,.T.);
#2012 = VERTEX_POINT('',#2013);
#2013 = CARTESIAN_POINT('',(93.8125,40.35,2.4));
#2014 = LINE('',#2015,#2016);
#2015 = CARTESIAN_POINT('',(93.8125,38.55,2.4));
#2016 = VECTOR('',#2017,1.);
#2017 = DIRECTION('',(-0.,1.,0.));
#2018 = ORIENTED_EDGE('',*,*,#2019,.T.);
#2019 = EDGE_CURVE('',#2012,#2020,#2022,.T.);
#2020 = VERTEX_POINT('',#2021);
#2021 = CARTESIAN_POINT('',(93.8125,40.35,5.6));
#2022 = LINE('',#2023,#2024);
#2023 = CARTESIAN_POINT('',(93.8125,40.35,2.4));
#2024 = VECTOR('',#2025,1.);
#2025 = DIRECTION('',(0.,0.,1.));
#2026 = ORIENTED_EDGE('',*,*,#2027,.T.);
#2027 = EDGE_CURVE('',#2020,#2028,#2030,.T.);
#2028 = VERTEX_POINT('',#2029);
#2029 = CARTESIAN_POINT('',(93.8125,46.85184,5.6));
#2030 = LINE('',#2031,#2032);
#2031 = CARTESIAN_POINT('',(93.8125,38.55,5.6));
#2032 = VECTOR('',#2033,1.);
#2033 = DIRECTION('',(-0.,1.,0.));
#2034 = ORIENTED_EDGE('',*,*,#2035,.T.);
#2035 = EDGE_CURVE('',#2028,#2036,#2038,.T.);
#2036 = VERTEX_POINT('',#2037);
#2037 = CARTESIAN_POINT('',(93.8125,46.85184,2.4));
#2038 = LINE('',#2039,#2040);
#2039 = CARTESIAN_POINT('',(93.8125,46.85184,0.95));
#2040 = VECTOR('',#2041,1.);
#2041 = DIRECTION('',(-0.,0.,-1.));
#2042 = ORIENTED_EDGE('',*,*,#2043,.T.);
#2043 = EDGE_CURVE('',#2036,#2044,#2046,.T.);
#2044 = VERTEX_POINT('',#2045);
#2045 = CARTESIAN_POINT('',(93.8125,49.50184,2.4));
#2046 = LINE('',#2047,#2048);
#2047 = CARTESIAN_POINT('',(93.8125,33.30046,2.4));
#2048 = VECTOR('',#2049,1.);
#2049 = DIRECTION('',(-0.,1.,0.));
#2050 = ORIENTED_EDGE('',*,*,#2051,.F.);
#2051 = EDGE_CURVE('',#236,#2044,#2052,.T.);
#2052 = LINE('',#2053,#2054);
#2053 = CARTESIAN_POINT('',(93.8125,49.50184,-0.25));
#2054 = VECTOR('',#2055,1.);
#2055 = DIRECTION('',(0.,0.,1.));
#2056 = ORIENTED_EDGE('',*,*,#243,.F.);
#2057 = PLANE('',#2058);
#2058 = AXIS2_PLACEMENT_3D('',#2059,#2060,#2061);
#2059 = CARTESIAN_POINT('',(93.8125,44.760516904522,2.634596904522));
#2060 = DIRECTION('',(-1.,-0.,-0.));
#2061 = DIRECTION('',(0.,0.,-1.));
#2062 = ADVANCED_FACE('',(#2063),#2081,.F.);
#2063 = FACE_BOUND('',#2064,.F.);
#2064 = EDGE_LOOP('',(#2065,#2066,#2067,#2075));
#2065 = ORIENTED_EDGE('',*,*,#218,.F.);
#2066 = ORIENTED_EDGE('',*,*,#1996,.F.);
#2067 = ORIENTED_EDGE('',*,*,#2068,.T.);
#2068 = EDGE_CURVE('',#1989,#2069,#2071,.T.);
#2069 = VERTEX_POINT('',#2070);
#2070 = CARTESIAN_POINT('',(151.4,48.20184,2.4));
#2071 = LINE('',#2072,#2073);
#2072 = CARTESIAN_POINT('',(151.4,1.3,2.4));
#2073 = VECTOR('',#2074,1.);
#2074 = DIRECTION('',(0.,1.,0.));
#2075 = ORIENTED_EDGE('',*,*,#2076,.F.);
#2076 = EDGE_CURVE('',#219,#2069,#2077,.T.);
#2077 = LINE('',#2078,#2079);
#2078 = CARTESIAN_POINT('',(151.4,48.20184,0.));
#2079 = VECTOR('',#2080,1.);
#2080 = DIRECTION('',(0.,0.,1.));
#2081 = PLANE('',#2082);
#2082 = AXIS2_PLACEMENT_3D('',#2083,#2084,#2085);
#2083 = CARTESIAN_POINT('',(151.4,1.3,0.));
#2084 = DIRECTION('',(-1.,0.,0.));
#2085 = DIRECTION('',(0.,1.,0.));
#2086 = ADVANCED_FACE('',(#2087),#2105,.F.);
#2087 = FACE_BOUND('',#2088,.F.);
#2088 = EDGE_LOOP('',(#2089,#2090,#2098,#2104));
#2089 = ORIENTED_EDGE('',*,*,#235,.F.);
#2090 = ORIENTED_EDGE('',*,*,#2091,.T.);
#2091 = EDGE_CURVE('',#227,#2092,#2094,.T.);
#2092 = VERTEX_POINT('',#2093);
#2093 = CARTESIAN_POINT('',(150.1,49.50184,2.4));
#2094 = LINE('',#2095,#2096);
#2095 = CARTESIAN_POINT('',(150.1,49.50184,0.));
#2096 = VECTOR('',#2097,1.);
#2097 = DIRECTION('',(0.,0.,1.));
#2098 = ORIENTED_EDGE('',*,*,#2099,.T.);
#2099 = EDGE_CURVE('',#2092,#2044,#2100,.T.);
#2100 = LINE('',#2101,#2102);
#2101 = CARTESIAN_POINT('',(150.1,49.50184,2.4));
#2102 = VECTOR('',#2103,1.);
#2103 = DIRECTION('',(-1.,0.,0.));
#2104 = ORIENTED_EDGE('',*,*,#2051,.F.);
#2105 = PLANE('',#2106);
#2106 = AXIS2_PLACEMENT_3D('',#2107,#2108,#2109);
#2107 = CARTESIAN_POINT('',(150.1,49.50184,0.));
#2108 = DIRECTION('',(0.,-1.,0.));
#2109 = DIRECTION('',(-1.,0.,0.));
#2110 = ADVANCED_FACE('',(#2111),#2123,.T.);
#2111 = FACE_BOUND('',#2112,.F.);
#2112 = EDGE_LOOP('',(#2113,#2114,#2121,#2122));
#2113 = ORIENTED_EDGE('',*,*,#2076,.T.);
#2114 = ORIENTED_EDGE('',*,*,#2115,.T.);
#2115 = EDGE_CURVE('',#2069,#2092,#2116,.T.);
#2116 = CIRCLE('',#2117,1.3);
#2117 = AXIS2_PLACEMENT_3D('',#2118,#2119,#2120);
#2118 = CARTESIAN_POINT('',(150.1,48.20184,2.4));
#2119 = DIRECTION('',(0.,0.,1.));
#2120 = DIRECTION('',(1.,0.,-0.));
#2121 = ORIENTED_EDGE('',*,*,#2091,.F.);
#2122 = ORIENTED_EDGE('',*,*,#226,.F.);
#2123 = CYLINDRICAL_SURFACE('',#2124,1.3);
#2124 = AXIS2_PLACEMENT_3D('',#2125,#2126,#2127);
#2125 = CARTESIAN_POINT('',(150.1,48.20184,0.));
#2126 = DIRECTION('',(-0.,-0.,-1.));
#2127 = DIRECTION('',(1.,0.,-0.));
#2128 = ADVANCED_FACE('',(#2129),#2154,.T.);
#2129 = FACE_BOUND('',#2130,.T.);
#2130 = EDGE_LOOP('',(#2131,#2132,#2140,#2148));
#2131 = ORIENTED_EDGE('',*,*,#349,.T.);
#2132 = ORIENTED_EDGE('',*,*,#2133,.T.);
#2133 = EDGE_CURVE('',#352,#2134,#2136,.T.);
#2134 = VERTEX_POINT('',#2135);
#2135 = CARTESIAN_POINT('',(42.35875,6.55092,2.4));
#2136 = LINE('',#2137,#2138);
#2137 = CARTESIAN_POINT('',(42.35875,6.55092,-0.5));
#2138 = VECTOR('',#2139,1.);
#2139 = DIRECTION('',(0.,0.,1.));
#2140 = ORIENTED_EDGE('',*,*,#2141,.F.);
#2141 = EDGE_CURVE('',#2142,#2134,#2144,.T.);
#2142 = VERTEX_POINT('',#2143);
#2143 = CARTESIAN_POINT('',(45.85875,10.05092,2.4));
#2144 = LINE('',#2145,#2146);
#2145 = CARTESIAN_POINT('',(55.2440625,19.4362325,2.4));
#2146 = VECTOR('',#2147,1.);
#2147 = DIRECTION('',(-0.707106781187,-0.707106781187,0.));
#2148 = ORIENTED_EDGE('',*,*,#2149,.F.);
#2149 = EDGE_CURVE('',#350,#2142,#2150,.T.);
#2150 = LINE('',#2151,#2152);
#2151 = CARTESIAN_POINT('',(45.85875,10.05092,-0.5));
#2152 = VECTOR('',#2153,1.);
#2153 = DIRECTION('',(0.,0.,1.));
#2154 = PLANE('',#2155);
#2155 = AXIS2_PLACEMENT_3D('',#2156,#2157,#2158);
#2156 = CARTESIAN_POINT('',(42.35875,6.55092,-0.5));
#2157 = DIRECTION('',(-0.707106781187,0.707106781187,0.));
#2158 = DIRECTION('',(0.707106781187,0.707106781187,0.));
#2159 = ADVANCED_FACE('',(#2160),#2178,.T.);
#2160 = FACE_BOUND('',#2161,.T.);
#2161 = EDGE_LOOP('',(#2162,#2163,#2164,#2172));
#2162 = ORIENTED_EDGE('',*,*,#391,.T.);
#2163 = ORIENTED_EDGE('',*,*,#2149,.T.);
#2164 = ORIENTED_EDGE('',*,*,#2165,.F.);
#2165 = EDGE_CURVE('',#2166,#2142,#2168,.T.);
#2166 = VERTEX_POINT('',#2167);
#2167 = CARTESIAN_POINT('',(42.35875,13.55092,2.4));
#2168 = LINE('',#2169,#2170);
#2169 = CARTESIAN_POINT('',(49.6440625,6.2656075,2.4));
#2170 = VECTOR('',#2171,1.);
#2171 = DIRECTION('',(0.707106781187,-0.707106781187,0.));
#2172 = ORIENTED_EDGE('',*,*,#2173,.F.);
#2173 = EDGE_CURVE('',#384,#2166,#2174,.T.);
#2174 = LINE('',#2175,#2176);
#2175 = CARTESIAN_POINT('',(42.35875,13.55092,-0.5));
#2176 = VECTOR('',#2177,1.);
#2177 = DIRECTION('',(0.,0.,1.));
#2178 = PLANE('',#2179);
#2179 = AXIS2_PLACEMENT_3D('',#2180,#2181,#2182);
#2180 = CARTESIAN_POINT('',(45.85875,10.05092,-0.5));
#2181 = DIRECTION('',(-0.707106781187,-0.707106781187,0.));
#2182 = DIRECTION('',(-0.707106781187,0.707106781187,0.));
#2183 = ADVANCED_FACE('',(#2184),#2202,.T.);
#2184 = FACE_BOUND('',#2185,.T.);
#2185 = EDGE_LOOP('',(#2186,#2187,#2195,#2201));
#2186 = ORIENTED_EDGE('',*,*,#359,.T.);
#2187 = ORIENTED_EDGE('',*,*,#2188,.T.);
#2188 = EDGE_CURVE('',#360,#2189,#2191,.T.);
#2189 = VERTEX_POINT('',#2190);
#2190 = CARTESIAN_POINT('',(27.0025,6.55092,2.4));
#2191 = LINE('',#2192,#2193);
#2192 = CARTESIAN_POINT('',(27.0025,6.55092,-0.5));
#2193 = VECTOR('',#2194,1.);
#2194 = DIRECTION('',(0.,0.,1.));
#2195 = ORIENTED_EDGE('',*,*,#2196,.F.);
#2196 = EDGE_CURVE('',#2134,#2189,#2197,.T.);
#2197 = LINE('',#2198,#2199);
#2198 = CARTESIAN_POINT('',(51.35125,6.55092,2.4));
#2199 = VECTOR('',#2200,1.);
#2200 = DIRECTION('',(-1.,0.,0.));
#2201 = ORIENTED_EDGE('',*,*,#2133,.F.);
#2202 = PLANE('',#2203);
#2203 = AXIS2_PLACEMENT_3D('',#2204,#2205,#2206);
#2204 = CARTESIAN_POINT('',(27.0025,6.55092,-0.5));
#2205 = DIRECTION('',(0.,1.,0.));
#2206 = DIRECTION('',(1.,0.,0.));
#2207 = ADVANCED_FACE('',(#2208),#2226,.T.);
#2208 = FACE_BOUND('',#2209,.T.);
#2209 = EDGE_LOOP('',(#2210,#2211,#2212,#2220));
#2210 = ORIENTED_EDGE('',*,*,#383,.T.);
#2211 = ORIENTED_EDGE('',*,*,#2173,.T.);
#2212 = ORIENTED_EDGE('',*,*,#2213,.F.);
#2213 = EDGE_CURVE('',#2214,#2166,#2216,.T.);
#2214 = VERTEX_POINT('',#2215);
#2215 = CARTESIAN_POINT('',(27.0025,13.55092,2.4));
#2216 = LINE('',#2217,#2218);
#2217 = CARTESIAN_POINT('',(59.029375,13.55092,2.4));
#2218 = VECTOR('',#2219,1.);
#2219 = DIRECTION('',(1.,0.,-0.));
#2220 = ORIENTED_EDGE('',*,*,#2221,.F.);
#2221 = EDGE_CURVE('',#376,#2214,#2222,.T.);
#2222 = LINE('',#2223,#2224);
#2223 = CARTESIAN_POINT('',(27.0025,13.55092,-0.5));
#2224 = VECTOR('',#2225,1.);
#2225 = DIRECTION('',(0.,0.,1.));
#2226 = PLANE('',#2227);
#2227 = AXIS2_PLACEMENT_3D('',#2228,#2229,#2230);
#2228 = CARTESIAN_POINT('',(42.35875,13.55092,-0.5));
#2229 = DIRECTION('',(0.,-1.,0.));
#2230 = DIRECTION('',(-1.,0.,0.));
#2231 = ADVANCED_FACE('',(#2232),#2250,.T.);
#2232 = FACE_BOUND('',#2233,.T.);
#2233 = EDGE_LOOP('',(#2234,#2235,#2243,#2249));
#2234 = ORIENTED_EDGE('',*,*,#367,.T.);
#2235 = ORIENTED_EDGE('',*,*,#2236,.T.);
#2236 = EDGE_CURVE('',#368,#2237,#2239,.T.);
#2237 = VERTEX_POINT('',#2238);
#2238 = CARTESIAN_POINT('',(23.5025,10.05092,2.4));
#2239 = LINE('',#2240,#2241);
#2240 = CARTESIAN_POINT('',(23.5025,10.05092,-0.5));
#2241 = VECTOR('',#2242,1.);
#2242 = DIRECTION('',(0.,0.,1.));
#2243 = ORIENTED_EDGE('',*,*,#2244,.F.);
#2244 = EDGE_CURVE('',#2189,#2237,#2245,.T.);
#2245 = LINE('',#2246,#2247);
#2246 = CARTESIAN_POINT('',(32.876875,0.676545,2.4));
#2247 = VECTOR('',#2248,1.);
#2248 = DIRECTION('',(-0.707106781187,0.707106781187,0.));
#2249 = ORIENTED_EDGE('',*,*,#2188,.F.);
#2250 = PLANE('',#2251);
#2251 = AXIS2_PLACEMENT_3D('',#2252,#2253,#2254);
#2252 = CARTESIAN_POINT('',(23.5025,10.05092,-0.5));
#2253 = DIRECTION('',(0.707106781187,0.707106781187,-0.));
#2254 = DIRECTION('',(0.707106781187,-0.707106781187,0.));
#2255 = ADVANCED_FACE('',(#2256),#2267,.T.);
#2256 = FACE_BOUND('',#2257,.T.);
#2257 = EDGE_LOOP('',(#2258,#2259,#2260,#2266));
#2258 = ORIENTED_EDGE('',*,*,#375,.T.);
#2259 = ORIENTED_EDGE('',*,*,#2221,.T.);
#2260 = ORIENTED_EDGE('',*,*,#2261,.F.);
#2261 = EDGE_CURVE('',#2237,#2214,#2262,.T.);
#2262 = LINE('',#2263,#2264);
#2263 = CARTESIAN_POINT('',(41.976875,28.525295,2.4));
#2264 = VECTOR('',#2265,1.);
#2265 = DIRECTION('',(0.707106781187,0.707106781187,-0.));
#2266 = ORIENTED_EDGE('',*,*,#2236,.F.);
#2267 = PLANE('',#2268);
#2268 = AXIS2_PLACEMENT_3D('',#2269,#2270,#2271);
#2269 = CARTESIAN_POINT('',(27.0025,13.55092,-0.5));
#2270 = DIRECTION('',(0.707106781187,-0.707106781187,0.));
#2271 = DIRECTION('',(-0.707106781187,-0.707106781187,0.));
#2272 = ADVANCED_FACE('',(#2273),#2298,.T.);
#2273 = FACE_BOUND('',#2274,.T.);
#2274 = EDGE_LOOP('',(#2275,#2276,#2284,#2292));
#2275 = ORIENTED_EDGE('',*,*,#399,.T.);
#2276 = ORIENTED_EDGE('',*,*,#2277,.T.);
#2277 = EDGE_CURVE('',#402,#2278,#2280,.T.);
#2278 = VERTEX_POINT('',#2279);
#2279 = CARTESIAN_POINT('',(67.515,6.55092,2.4));
#2280 = LINE('',#2281,#2282);
#2281 = CARTESIAN_POINT('',(67.515,6.55092,-0.5));
#2282 = VECTOR('',#2283,1.);
#2283 = DIRECTION('',(0.,0.,1.));
#2284 = ORIENTED_EDGE('',*,*,#2285,.F.);
#2285 = EDGE_CURVE('',#2286,#2278,#2288,.T.);
#2286 = VERTEX_POINT('',#2287);
#2287 = CARTESIAN_POINT('',(71.015,10.05092,2.4));
#2288 = LINE('',#2289,#2290);
#2289 = CARTESIAN_POINT('',(74.11125,13.14717,2.4));
#2290 = VECTOR('',#2291,1.);
#2291 = DIRECTION('',(-0.707106781187,-0.707106781187,0.));
#2292 = ORIENTED_EDGE('',*,*,#2293,.F.);
#2293 = EDGE_CURVE('',#400,#2286,#2294,.T.);
#2294 = LINE('',#2295,#2296);
#2295 = CARTESIAN_POINT('',(71.015,10.05092,-0.5));
#2296 = VECTOR('',#2297,1.);
#2297 = DIRECTION('',(0.,0.,1.));
#2298 = PLANE('',#2299);
#2299 = AXIS2_PLACEMENT_3D('',#2300,#2301,#2302);
#2300 = CARTESIAN_POINT('',(67.515,6.55092,-0.5));
#2301 = DIRECTION('',(-0.707106781187,0.707106781187,0.));
#2302 = DIRECTION('',(0.707106781187,0.707106781187,0.));
#2303 = ADVANCED_FACE('',(#2304),#2322,.T.);
#2304 = FACE_BOUND('',#2305,.T.);
#2305 = EDGE_LOOP('',(#2306,#2307,#2308,#2316));
#2306 = ORIENTED_EDGE('',*,*,#441,.T.);
#2307 = ORIENTED_EDGE('',*,*,#2293,.T.);
#2308 = ORIENTED_EDGE('',*,*,#2309,.F.);
#2309 = EDGE_CURVE('',#2310,#2286,#2312,.T.);
#2310 = VERTEX_POINT('',#2311);
#2311 = CARTESIAN_POINT('',(67.515,13.55092,2.4));
#2312 = LINE('',#2313,#2314);
#2313 = CARTESIAN_POINT('',(68.51125,12.55467,2.4));
#2314 = VECTOR('',#2315,1.);
#2315 = DIRECTION('',(0.707106781187,-0.707106781187,0.));
#2316 = ORIENTED_EDGE('',*,*,#2317,.F.);
#2317 = EDGE_CURVE('',#434,#2310,#2318,.T.);
#2318 = LINE('',#2319,#2320);
#2319 = CARTESIAN_POINT('',(67.515,13.55092,-0.5));
#2320 = VECTOR('',#2321,1.);
#2321 = DIRECTION('',(0.,0.,1.));
#2322 = PLANE('',#2323);
#2323 = AXIS2_PLACEMENT_3D('',#2324,#2325,#2326);
#2324 = CARTESIAN_POINT('',(71.015,10.05092,-0.5));
#2325 = DIRECTION('',(-0.707106781187,-0.707106781187,0.));
#2326 = DIRECTION('',(-0.707106781187,0.707106781187,0.));
#2327 = ADVANCED_FACE('',(#2328),#2346,.T.);
#2328 = FACE_BOUND('',#2329,.T.);
#2329 = EDGE_LOOP('',(#2330,#2331,#2339,#2345));
#2330 = ORIENTED_EDGE('',*,*,#409,.T.);
#2331 = ORIENTED_EDGE('',*,*,#2332,.T.);
#2332 = EDGE_CURVE('',#410,#2333,#2335,.T.);
#2333 = VERTEX_POINT('',#2334);
#2334 = CARTESIAN_POINT('',(52.15875,6.55092,2.4));
#2335 = LINE('',#2336,#2337);
#2336 = CARTESIAN_POINT('',(52.15875,6.55092,-0.5));
#2337 = VECTOR('',#2338,1.);
#2338 = DIRECTION('',(0.,0.,1.));
#2339 = ORIENTED_EDGE('',*,*,#2340,.F.);
#2340 = EDGE_CURVE('',#2278,#2333,#2341,.T.);
#2341 = LINE('',#2342,#2343);
#2342 = CARTESIAN_POINT('',(63.929375,6.55092,2.4));
#2343 = VECTOR('',#2344,1.);
#2344 = DIRECTION('',(-1.,0.,0.));
#2345 = ORIENTED_EDGE('',*,*,#2277,.F.);
#2346 = PLANE('',#2347);
#2347 = AXIS2_PLACEMENT_3D('',#2348,#2349,#2350);
#2348 = CARTESIAN_POINT('',(52.15875,6.55092,-0.5));
#2349 = DIRECTION('',(0.,1.,0.));
#2350 = DIRECTION('',(1.,0.,0.));
#2351 = ADVANCED_FACE('',(#2352),#2370,.T.);
#2352 = FACE_BOUND('',#2353,.T.);
#2353 = EDGE_LOOP('',(#2354,#2355,#2356,#2364));
#2354 = ORIENTED_EDGE('',*,*,#433,.T.);
#2355 = ORIENTED_EDGE('',*,*,#2317,.T.);
#2356 = ORIENTED_EDGE('',*,*,#2357,.F.);
#2357 = EDGE_CURVE('',#2358,#2310,#2360,.T.);
#2358 = VERTEX_POINT('',#2359);
#2359 = CARTESIAN_POINT('',(52.15875,13.55092,2.4));
#2360 = LINE('',#2361,#2362);
#2361 = CARTESIAN_POINT('',(71.6075,13.55092,2.4));
#2362 = VECTOR('',#2363,1.);
#2363 = DIRECTION('',(1.,0.,-0.));
#2364 = ORIENTED_EDGE('',*,*,#2365,.F.);
#2365 = EDGE_CURVE('',#426,#2358,#2366,.T.);
#2366 = LINE('',#2367,#2368);
#2367 = CARTESIAN_POINT('',(52.15875,13.55092,-0.5));
#2368 = VECTOR('',#2369,1.);
#2369 = DIRECTION('',(0.,0.,1.));
#2370 = PLANE('',#2371);
#2371 = AXIS2_PLACEMENT_3D('',#2372,#2373,#2374);
#2372 = CARTESIAN_POINT('',(67.515,13.55092,-0.5));
#2373 = DIRECTION('',(0.,-1.,0.));
#2374 = DIRECTION('',(-1.,0.,0.));
#2375 = ADVANCED_FACE('',(#2376),#2394,.T.);
#2376 = FACE_BOUND('',#2377,.T.);
#2377 = EDGE_LOOP('',(#2378,#2379,#2387,#2393));
#2378 = ORIENTED_EDGE('',*,*,#417,.T.);
#2379 = ORIENTED_EDGE('',*,*,#2380,.T.);
#2380 = EDGE_CURVE('',#418,#2381,#2383,.T.);
#2381 = VERTEX_POINT('',#2382);
#2382 = CARTESIAN_POINT('',(48.65875,10.05092,2.4));
#2383 = LINE('',#2384,#2385);
#2384 = CARTESIAN_POINT('',(48.65875,10.05092,-0.5));
#2385 = VECTOR('',#2386,1.);
#2386 = DIRECTION('',(0.,0.,1.));
#2387 = ORIENTED_EDGE('',*,*,#2388,.F.);
#2388 = EDGE_CURVE('',#2333,#2381,#2389,.T.);
#2389 = LINE('',#2390,#2391);
#2390 = CARTESIAN_POINT('',(51.7440625,6.9656075,2.4));
#2391 = VECTOR('',#2392,1.);
#2392 = DIRECTION('',(-0.707106781187,0.707106781187,0.));
#2393 = ORIENTED_EDGE('',*,*,#2332,.F.);
#2394 = PLANE('',#2395);
#2395 = AXIS2_PLACEMENT_3D('',#2396,#2397,#2398);
#2396 = CARTESIAN_POINT('',(48.65875,10.05092,-0.5));
#2397 = DIRECTION('',(0.707106781187,0.707106781187,-0.));
#2398 = DIRECTION('',(0.707106781187,-0.707106781187,0.));
#2399 = ADVANCED_FACE('',(#2400),#2411,.T.);
#2400 = FACE_BOUND('',#2401,.T.);
#2401 = EDGE_LOOP('',(#2402,#2403,#2404,#2410));
#2402 = ORIENTED_EDGE('',*,*,#425,.T.);
#2403 = ORIENTED_EDGE('',*,*,#2365,.T.);
#2404 = ORIENTED_EDGE('',*,*,#2405,.F.);
#2405 = EDGE_CURVE('',#2381,#2358,#2406,.T.);
#2406 = LINE('',#2407,#2408);
#2407 = CARTESIAN_POINT('',(60.8440625,22.2362325,2.4));
#2408 = VECTOR('',#2409,1.);
#2409 = DIRECTION('',(0.707106781187,0.707106781187,-0.));
#2410 = ORIENTED_EDGE('',*,*,#2380,.F.);
#2411 = PLANE('',#2412);
#2412 = AXIS2_PLACEMENT_3D('',#2413,#2414,#2415);
#2413 = CARTESIAN_POINT('',(52.15875,13.55092,-0.5));
#2414 = DIRECTION('',(0.707106781187,-0.707106781187,0.));
#2415 = DIRECTION('',(-0.707106781187,-0.707106781187,0.));
#2416 = ADVANCED_FACE('',(#2417),#2442,.T.);
#2417 = FACE_BOUND('',#2418,.T.);
#2418 = EDGE_LOOP('',(#2419,#2420,#2428,#2436));
#2419 = ORIENTED_EDGE('',*,*,#449,.T.);
#2420 = ORIENTED_EDGE('',*,*,#2421,.T.);
#2421 = EDGE_CURVE('',#452,#2422,#2424,.T.);
#2422 = VERTEX_POINT('',#2423);
#2423 = CARTESIAN_POINT('',(35.76125,16.35092,2.4));
#2424 = LINE('',#2425,#2426);
#2425 = CARTESIAN_POINT('',(35.76125,16.35092,-0.5));
#2426 = VECTOR('',#2427,1.);
#2427 = DIRECTION('',(0.,0.,1.));
#2428 = ORIENTED_EDGE('',*,*,#2429,.F.);
#2429 = EDGE_CURVE('',#2430,#2422,#2432,.T.);
#2430 = VERTEX_POINT('',#2431);
#2431 = CARTESIAN_POINT('',(39.26125,19.85092,2.4));
#2432 = LINE('',#2433,#2434);
#2433 = CARTESIAN_POINT('',(47.8459375,28.4356075,2.4));
#2434 = VECTOR('',#2435,1.);
#2435 = DIRECTION('',(-0.707106781187,-0.707106781187,0.));
#2436 = ORIENTED_EDGE('',*,*,#2437,.F.);
#2437 = EDGE_CURVE('',#450,#2430,#2438,.T.);
#2438 = LINE('',#2439,#2440);
#2439 = CARTESIAN_POINT('',(39.26125,19.85092,-0.5));
#2440 = VECTOR('',#2441,1.);
#2441 = DIRECTION('',(0.,0.,1.));
#2442 = PLANE('',#2443);
#2443 = AXIS2_PLACEMENT_3D('',#2444,#2445,#2446);
#2444 = CARTESIAN_POINT('',(35.76125,16.35092,-0.5));
#2445 = DIRECTION('',(-0.707106781187,0.707106781187,0.));
#2446 = DIRECTION('',(0.707106781187,0.707106781187,0.));
#2447 = ADVANCED_FACE('',(#2448),#2466,.T.);
#2448 = FACE_BOUND('',#2449,.T.);
#2449 = EDGE_LOOP('',(#2450,#2451,#2452,#2460));
#2450 = ORIENTED_EDGE('',*,*,#491,.T.);
#2451 = ORIENTED_EDGE('',*,*,#2437,.T.);
#2452 = ORIENTED_EDGE('',*,*,#2453,.F.);
#2453 = EDGE_CURVE('',#2454,#2430,#2456,.T.);
#2454 = VERTEX_POINT('',#2455);
#2455 = CARTESIAN_POINT('',(35.76125,23.35092,2.4));
#2456 = LINE('',#2457,#2458);
#2457 = CARTESIAN_POINT('',(47.1459375,11.9662325,2.4));
#2458 = VECTOR('',#2459,1.);
#2459 = DIRECTION('',(0.707106781187,-0.707106781187,0.));
#2460 = ORIENTED_EDGE('',*,*,#2461,.F.);
#2461 = EDGE_CURVE('',#484,#2454,#2462,.T.);
#2462 = LINE('',#2463,#2464);
#2463 = CARTESIAN_POINT('',(35.76125,23.35092,-0.5));
#2464 = VECTOR('',#2465,1.);
#2465 = DIRECTION('',(0.,0.,1.));
#2466 = PLANE('',#2467);
#2467 = AXIS2_PLACEMENT_3D('',#2468,#2469,#2470);
#2468 = CARTESIAN_POINT('',(39.26125,19.85092,-0.5));
#2469 = DIRECTION('',(-0.707106781187,-0.707106781187,0.));
#2470 = DIRECTION('',(-0.707106781187,0.707106781187,0.));
#2471 = ADVANCED_FACE('',(#2472),#2490,.T.);
#2472 = FACE_BOUND('',#2473,.T.);
#2473 = EDGE_LOOP('',(#2474,#2475,#2483,#2489));
#2474 = ORIENTED_EDGE('',*,*,#459,.T.);
#2475 = ORIENTED_EDGE('',*,*,#2476,.T.);
#2476 = EDGE_CURVE('',#460,#2477,#2479,.T.);
#2477 = VERTEX_POINT('',#2478);
#2478 = CARTESIAN_POINT('',(27.0025,16.35092,2.4));
#2479 = LINE('',#2480,#2481);
#2480 = CARTESIAN_POINT('',(27.0025,16.35092,-0.5));
#2481 = VECTOR('',#2482,1.);
#2482 = DIRECTION('',(0.,0.,1.));
#2483 = ORIENTED_EDGE('',*,*,#2484,.F.);
#2484 = EDGE_CURVE('',#2422,#2477,#2485,.T.);
#2485 = LINE('',#2486,#2487);
#2486 = CARTESIAN_POINT('',(51.35125,16.35092,2.4));
#2487 = VECTOR('',#2488,1.);
#2488 = DIRECTION('',(-1.,0.,0.));
#2489 = ORIENTED_EDGE('',*,*,#2421,.F.);
#2490 = PLANE('',#2491);
#2491 = AXIS2_PLACEMENT_3D('',#2492,#2493,#2494);
#2492 = CARTESIAN_POINT('',(27.0025,16.35092,-0.5));
#2493 = DIRECTION('',(0.,1.,0.));
#2494 = DIRECTION('',(1.,0.,0.));
#2495 = ADVANCED_FACE('',(#2496),#2514,.T.);
#2496 = FACE_BOUND('',#2497,.T.);
#2497 = EDGE_LOOP('',(#2498,#2499,#2500,#2508));
#2498 = ORIENTED_EDGE('',*,*,#483,.T.);
#2499 = ORIENTED_EDGE('',*,*,#2461,.T.);
#2500 = ORIENTED_EDGE('',*,*,#2501,.F.);
#2501 = EDGE_CURVE('',#2502,#2454,#2504,.T.);
#2502 = VERTEX_POINT('',#2503);
#2503 = CARTESIAN_POINT('',(27.0025,23.35092,2.4));
#2504 = LINE('',#2505,#2506);
#2505 = CARTESIAN_POINT('',(55.730625,23.35092,2.4));
#2506 = VECTOR('',#2507,1.);
#2507 = DIRECTION('',(1.,0.,-0.));
#2508 = ORIENTED_EDGE('',*,*,#2509,.F.);
#2509 = EDGE_CURVE('',#476,#2502,#2510,.T.);
#2510 = LINE('',#2511,#2512);
#2511 = CARTESIAN_POINT('',(27.0025,23.35092,-0.5));
#2512 = VECTOR('',#2513,1.);
#2513 = DIRECTION('',(0.,0.,1.));
#2514 = PLANE('',#2515);
#2515 = AXIS2_PLACEMENT_3D('',#2516,#2517,#2518);
#2516 = CARTESIAN_POINT('',(35.76125,23.35092,-0.5));
#2517 = DIRECTION('',(0.,-1.,0.));
#2518 = DIRECTION('',(-1.,0.,0.));
#2519 = ADVANCED_FACE('',(#2520),#2538,.T.);
#2520 = FACE_BOUND('',#2521,.T.);
#2521 = EDGE_LOOP('',(#2522,#2523,#2531,#2537));
#2522 = ORIENTED_EDGE('',*,*,#467,.T.);
#2523 = ORIENTED_EDGE('',*,*,#2524,.T.);
#2524 = EDGE_CURVE('',#468,#2525,#2527,.T.);
#2525 = VERTEX_POINT('',#2526);
#2526 = CARTESIAN_POINT('',(23.5025,19.85092,2.4));
#2527 = LINE('',#2528,#2529);
#2528 = CARTESIAN_POINT('',(23.5025,19.85092,-0.5));
#2529 = VECTOR('',#2530,1.);
#2530 = DIRECTION('',(0.,0.,1.));
#2531 = ORIENTED_EDGE('',*,*,#2532,.F.);
#2532 = EDGE_CURVE('',#2477,#2525,#2533,.T.);
#2533 = LINE('',#2534,#2535);
#2534 = CARTESIAN_POINT('',(35.326875,8.026545,2.4));
#2535 = VECTOR('',#2536,1.);
#2536 = DIRECTION('',(-0.707106781187,0.707106781187,0.));
#2537 = ORIENTED_EDGE('',*,*,#2476,.F.);
#2538 = PLANE('',#2539);
#2539 = AXIS2_PLACEMENT_3D('',#2540,#2541,#2542);
#2540 = CARTESIAN_POINT('',(23.5025,19.85092,-0.5));
#2541 = DIRECTION('',(0.707106781187,0.707106781187,-0.));
#2542 = DIRECTION('',(0.707106781187,-0.707106781187,0.));
#2543 = ADVANCED_FACE('',(#2544),#2555,.T.);
#2544 = FACE_BOUND('',#2545,.T.);
#2545 = EDGE_LOOP('',(#2546,#2547,#2548,#2554));
#2546 = ORIENTED_EDGE('',*,*,#475,.T.);
#2547 = ORIENTED_EDGE('',*,*,#2509,.T.);
#2548 = ORIENTED_EDGE('',*,*,#2549,.F.);
#2549 = EDGE_CURVE('',#2525,#2502,#2550,.T.);
#2550 = LINE('',#2551,#2552);
#2551 = CARTESIAN_POINT('',(39.526875,35.875295,2.4));
#2552 = VECTOR('',#2553,1.);
#2553 = DIRECTION('',(0.707106781187,0.707106781187,-0.));
#2554 = ORIENTED_EDGE('',*,*,#2524,.F.);
#2555 = PLANE('',#2556);
#2556 = AXIS2_PLACEMENT_3D('',#2557,#2558,#2559);
#2557 = CARTESIAN_POINT('',(27.0025,23.35092,-0.5));
#2558 = DIRECTION('',(0.707106781187,-0.707106781187,0.));
#2559 = DIRECTION('',(-0.707106781187,-0.707106781187,0.));
#2560 = ADVANCED_FACE('',(#2561),#2586,.T.);
#2561 = FACE_BOUND('',#2562,.T.);
#2562 = EDGE_LOOP('',(#2563,#2564,#2572,#2580));
#2563 = ORIENTED_EDGE('',*,*,#499,.T.);
#2564 = ORIENTED_EDGE('',*,*,#2565,.T.);
#2565 = EDGE_CURVE('',#502,#2566,#2568,.T.);
#2566 = VERTEX_POINT('',#2567);
#2567 = CARTESIAN_POINT('',(54.32,16.35092,2.4));
#2568 = LINE('',#2569,#2570);
#2569 = CARTESIAN_POINT('',(54.32,16.35092,-0.5));
#2570 = VECTOR('',#2571,1.);
#2571 = DIRECTION('',(0.,0.,1.));
#2572 = ORIENTED_EDGE('',*,*,#2573,.F.);
#2573 = EDGE_CURVE('',#2574,#2566,#2576,.T.);
#2574 = VERTEX_POINT('',#2575);
#2575 = CARTESIAN_POINT('',(57.82,19.85092,2.4));
#2576 = LINE('',#2577,#2578);
#2577 = CARTESIAN_POINT('',(61.765,23.79592,2.4));
#2578 = VECTOR('',#2579,1.);
#2579 = DIRECTION('',(-0.707106781187,-0.707106781187,0.));
#2580 = ORIENTED_EDGE('',*,*,#2581,.F.);
#2581 = EDGE_CURVE('',#500,#2574,#2582,.T.);
#2582 = LINE('',#2583,#2584);
#2583 = CARTESIAN_POINT('',(57.82,19.85092,-0.5));
#2584 = VECTOR('',#2585,1.);
#2585 = DIRECTION('',(0.,0.,1.));
#2586 = PLANE('',#2587);
#2587 = AXIS2_PLACEMENT_3D('',#2588,#2589,#2590);
#2588 = CARTESIAN_POINT('',(54.32,16.35092,-0.5));
#2589 = DIRECTION('',(-0.707106781187,0.707106781187,0.));
#2590 = DIRECTION('',(0.707106781187,0.707106781187,0.));
#2591 = ADVANCED_FACE('',(#2592),#2610,.T.);
#2592 = FACE_BOUND('',#2593,.T.);
#2593 = EDGE_LOOP('',(#2594,#2595,#2596,#2604));
#2594 = ORIENTED_EDGE('',*,*,#541,.T.);
#2595 = ORIENTED_EDGE('',*,*,#2581,.T.);
#2596 = ORIENTED_EDGE('',*,*,#2597,.F.);
#2597 = EDGE_CURVE('',#2598,#2574,#2600,.T.);
#2598 = VERTEX_POINT('',#2599);
#2599 = CARTESIAN_POINT('',(54.32,23.35092,2.4));
#2600 = LINE('',#2601,#2602);
#2601 = CARTESIAN_POINT('',(61.065,16.60592,2.4));
#2602 = VECTOR('',#2603,1.);
#2603 = DIRECTION('',(0.707106781187,-0.707106781187,0.));
#2604 = ORIENTED_EDGE('',*,*,#2605,.F.);
#2605 = EDGE_CURVE('',#534,#2598,#2606,.T.);
#2606 = LINE('',#2607,#2608);
#2607 = CARTESIAN_POINT('',(54.32,23.35092,-0.5));
#2608 = VECTOR('',#2609,1.);
#2609 = DIRECTION('',(0.,0.,1.));
#2610 = PLANE('',#2611);
#2611 = AXIS2_PLACEMENT_3D('',#2612,#2613,#2614);
#2612 = CARTESIAN_POINT('',(57.82,19.85092,-0.5));
#2613 = DIRECTION('',(-0.707106781187,-0.707106781187,0.));
#2614 = DIRECTION('',(-0.707106781187,0.707106781187,0.));
#2615 = ADVANCED_FACE('',(#2616),#2634,.T.);
#2616 = FACE_BOUND('',#2617,.T.);
#2617 = EDGE_LOOP('',(#2618,#2619,#2627,#2633));
#2618 = ORIENTED_EDGE('',*,*,#509,.T.);
#2619 = ORIENTED_EDGE('',*,*,#2620,.T.);
#2620 = EDGE_CURVE('',#510,#2621,#2623,.T.);
#2621 = VERTEX_POINT('',#2622);
#2622 = CARTESIAN_POINT('',(45.56125,16.35092,2.4));
#2623 = LINE('',#2624,#2625);
#2624 = CARTESIAN_POINT('',(45.56125,16.35092,-0.5));
#2625 = VECTOR('',#2626,1.);
#2626 = DIRECTION('',(0.,0.,1.));
#2627 = ORIENTED_EDGE('',*,*,#2628,.F.);
#2628 = EDGE_CURVE('',#2566,#2621,#2629,.T.);
#2629 = LINE('',#2630,#2631);
#2630 = CARTESIAN_POINT('',(60.630625,16.35092,2.4));
#2631 = VECTOR('',#2632,1.);
#2632 = DIRECTION('',(-1.,0.,0.));
#2633 = ORIENTED_EDGE('',*,*,#2565,.F.);
#2634 = PLANE('',#2635);
#2635 = AXIS2_PLACEMENT_3D('',#2636,#2637,#2638);
#2636 = CARTESIAN_POINT('',(45.56125,16.35092,-0.5));
#2637 = DIRECTION('',(0.,1.,0.));
#2638 = DIRECTION('',(1.,0.,0.));
#2639 = ADVANCED_FACE('',(#2640),#2658,.T.);
#2640 = FACE_BOUND('',#2641,.T.);
#2641 = EDGE_LOOP('',(#2642,#2643,#2644,#2652));
#2642 = ORIENTED_EDGE('',*,*,#533,.T.);
#2643 = ORIENTED_EDGE('',*,*,#2605,.T.);
#2644 = ORIENTED_EDGE('',*,*,#2645,.F.);
#2645 = EDGE_CURVE('',#2646,#2598,#2648,.T.);
#2646 = VERTEX_POINT('',#2647);
#2647 = CARTESIAN_POINT('',(45.56125,23.35092,2.4));
#2648 = LINE('',#2649,#2650);
#2649 = CARTESIAN_POINT('',(65.01,23.35092,2.4));
#2650 = VECTOR('',#2651,1.);
#2651 = DIRECTION('',(1.,0.,-0.));
#2652 = ORIENTED_EDGE('',*,*,#2653,.F.);
#2653 = EDGE_CURVE('',#526,#2646,#2654,.T.);
#2654 = LINE('',#2655,#2656);
#2655 = CARTESIAN_POINT('',(45.56125,23.35092,-0.5));
#2656 = VECTOR('',#2657,1.);
#2657 = DIRECTION('',(0.,0.,1.));
#2658 = PLANE('',#2659);
#2659 = AXIS2_PLACEMENT_3D('',#2660,#2661,#2662);
#2660 = CARTESIAN_POINT('',(54.32,23.35092,-0.5));
#2661 = DIRECTION('',(0.,-1.,0.));
#2662 = DIRECTION('',(-1.,0.,0.));
#2663 = ADVANCED_FACE('',(#2664),#2682,.T.);
#2664 = FACE_BOUND('',#2665,.T.);
#2665 = EDGE_LOOP('',(#2666,#2667,#2675,#2681));
#2666 = ORIENTED_EDGE('',*,*,#517,.T.);
#2667 = ORIENTED_EDGE('',*,*,#2668,.T.);
#2668 = EDGE_CURVE('',#518,#2669,#2671,.T.);
#2669 = VERTEX_POINT('',#2670);
#2670 = CARTESIAN_POINT('',(42.06125,19.85092,2.4));
#2671 = LINE('',#2672,#2673);
#2672 = CARTESIAN_POINT('',(42.06125,19.85092,-0.5));
#2673 = VECTOR('',#2674,1.);
#2674 = DIRECTION('',(0.,0.,1.));
#2675 = ORIENTED_EDGE('',*,*,#2676,.F.);
#2676 = EDGE_CURVE('',#2621,#2669,#2677,.T.);
#2677 = LINE('',#2678,#2679);
#2678 = CARTESIAN_POINT('',(49.2459375,12.6662325,2.4));
#2679 = VECTOR('',#2680,1.);
#2680 = DIRECTION('',(-0.707106781187,0.707106781187,0.));
#2681 = ORIENTED_EDGE('',*,*,#2620,.F.);
#2682 = PLANE('',#2683);
#2683 = AXIS2_PLACEMENT_3D('',#2684,#2685,#2686);
#2684 = CARTESIAN_POINT('',(42.06125,19.85092,-0.5));
#2685 = DIRECTION('',(0.707106781187,0.707106781187,-0.));
#2686 = DIRECTION('',(0.707106781187,-0.707106781187,0.));
#2687 = ADVANCED_FACE('',(#2688),#2699,.T.);
#2688 = FACE_BOUND('',#2689,.T.);
#2689 = EDGE_LOOP('',(#2690,#2691,#2692,#2698));
#2690 = ORIENTED_EDGE('',*,*,#525,.T.);
#2691 = ORIENTED_EDGE('',*,*,#2653,.T.);
#2692 = ORIENTED_EDGE('',*,*,#2693,.F.);
#2693 = EDGE_CURVE('',#2669,#2646,#2694,.T.);
#2694 = LINE('',#2695,#2696);
#2695 = CARTESIAN_POINT('',(53.4459375,31.2356075,2.4));
#2696 = VECTOR('',#2697,1.);
#2697 = DIRECTION('',(0.707106781187,0.707106781187,-0.));
#2698 = ORIENTED_EDGE('',*,*,#2668,.F.);
#2699 = PLANE('',#2700);
#2700 = AXIS2_PLACEMENT_3D('',#2701,#2702,#2703);
#2701 = CARTESIAN_POINT('',(45.56125,23.35092,-0.5));
#2702 = DIRECTION('',(0.707106781187,-0.707106781187,0.));
#2703 = DIRECTION('',(-0.707106781187,-0.707106781187,0.));
#2704 = ADVANCED_FACE('',(#2705),#2724,.F.);
#2705 = FACE_BOUND('',#2706,.F.);
#2706 = EDGE_LOOP('',(#2707,#2716,#2722,#2723));
#2707 = ORIENTED_EDGE('',*,*,#2708,.F.);
#2708 = EDGE_CURVE('',#2709,#2709,#2711,.T.);
#2709 = VERTEX_POINT('',#2710);
#2710 = CARTESIAN_POINT('',(63.82,24.75,2.4));
#2711 = CIRCLE('',#2712,1.4);
#2712 = AXIS2_PLACEMENT_3D('',#2713,#2714,#2715);
#2713 = CARTESIAN_POINT('',(62.42,24.75,2.4));
#2714 = DIRECTION('',(0.,0.,1.));
#2715 = DIRECTION('',(1.,0.,-0.));
#2716 = ORIENTED_EDGE('',*,*,#2717,.F.);
#2717 = EDGE_CURVE('',#550,#2709,#2718,.T.);
#2718 = LINE('',#2719,#2720);
#2719 = CARTESIAN_POINT('',(63.82,24.75,-0.5));
#2720 = VECTOR('',#2721,1.);
#2721 = DIRECTION('',(0.,0.,1.));
#2722 = ORIENTED_EDGE('',*,*,#549,.T.);
#2723 = ORIENTED_EDGE('',*,*,#2717,.T.);
#2724 = CYLINDRICAL_SURFACE('',#2725,1.4);
#2725 = AXIS2_PLACEMENT_3D('',#2726,#2727,#2728);
#2726 = CARTESIAN_POINT('',(62.42,24.75,-0.5));
#2727 = DIRECTION('',(0.,0.,1.));
#2728 = DIRECTION('',(1.,0.,-0.));
#2729 = ADVANCED_FACE('',(#2730),#2755,.T.);
#2730 = FACE_BOUND('',#2731,.T.);
#2731 = EDGE_LOOP('',(#2732,#2733,#2741,#2749));
#2732 = ORIENTED_EDGE('',*,*,#560,.T.);
#2733 = ORIENTED_EDGE('',*,*,#2734,.T.);
#2734 = EDGE_CURVE('',#563,#2735,#2737,.T.);
#2735 = VERTEX_POINT('',#2736);
#2736 = CARTESIAN_POINT('',(125.585,6.55092,2.4));
#2737 = LINE('',#2738,#2739);
#2738 = CARTESIAN_POINT('',(125.585,6.55092,-0.5));
#2739 = VECTOR('',#2740,1.);
#2740 = DIRECTION('',(0.,0.,1.));
#2741 = ORIENTED_EDGE('',*,*,#2742,.F.);
#2742 = EDGE_CURVE('',#2743,#2735,#2745,.T.);
#2743 = VERTEX_POINT('',#2744);
#2744 = CARTESIAN_POINT('',(129.085,10.05092,2.4));
#2745 = LINE('',#2746,#2747);
#2746 = CARTESIAN_POINT('',(117.66375,-1.37033,2.4));
#2747 = VECTOR('',#2748,1.);
#2748 = DIRECTION('',(-0.707106781187,-0.707106781187,0.));
#2749 = ORIENTED_EDGE('',*,*,#2750,.F.);
#2750 = EDGE_CURVE('',#561,#2743,#2751,.T.);
#2751 = LINE('',#2752,#2753);
#2752 = CARTESIAN_POINT('',(129.085,10.05092,-0.5));
#2753 = VECTOR('',#2754,1.);
#2754 = DIRECTION('',(0.,0.,1.));
#2755 = PLANE('',#2756);
#2756 = AXIS2_PLACEMENT_3D('',#2757,#2758,#2759);
#2757 = CARTESIAN_POINT('',(125.585,6.55092,-0.5));
#2758 = DIRECTION('',(-0.707106781187,0.707106781187,0.));
#2759 = DIRECTION('',(0.707106781187,0.707106781187,0.));
#2760 = ADVANCED_FACE('',(#2761),#2779,.T.);
#2761 = FACE_BOUND('',#2762,.T.);
#2762 = EDGE_LOOP('',(#2763,#2764,#2765,#2773));
#2763 = ORIENTED_EDGE('',*,*,#602,.T.);
#2764 = ORIENTED_EDGE('',*,*,#2750,.T.);
#2765 = ORIENTED_EDGE('',*,*,#2766,.F.);
#2766 = EDGE_CURVE('',#2767,#2743,#2769,.T.);
#2767 = VERTEX_POINT('',#2768);
#2768 = CARTESIAN_POINT('',(125.585,13.55092,2.4));
#2769 = LINE('',#2770,#2771);
#2770 = CARTESIAN_POINT('',(112.06375,27.07217,2.4));
#2771 = VECTOR('',#2772,1.);
#2772 = DIRECTION('',(0.707106781187,-0.707106781187,0.));
#2773 = ORIENTED_EDGE('',*,*,#2774,.F.);
#2774 = EDGE_CURVE('',#595,#2767,#2775,.T.);
#2775 = LINE('',#2776,#2777);
#2776 = CARTESIAN_POINT('',(125.585,13.55092,-0.5));
#2777 = VECTOR('',#2778,1.);
#2778 = DIRECTION('',(0.,0.,1.));
#2779 = PLANE('',#2780);
#2780 = AXIS2_PLACEMENT_3D('',#2781,#2782,#2783);
#2781 = CARTESIAN_POINT('',(129.085,10.05092,-0.5));
#2782 = DIRECTION('',(-0.707106781187,-0.707106781187,0.));
#2783 = DIRECTION('',(-0.707106781187,0.707106781187,0.));
#2784 = ADVANCED_FACE('',(#2785),#2803,.T.);
#2785 = FACE_BOUND('',#2786,.T.);
#2786 = EDGE_LOOP('',(#2787,#2788,#2796,#2802));
#2787 = ORIENTED_EDGE('',*,*,#570,.T.);
#2788 = ORIENTED_EDGE('',*,*,#2789,.T.);
#2789 = EDGE_CURVE('',#571,#2790,#2792,.T.);
#2790 = VERTEX_POINT('',#2791);
#2791 = CARTESIAN_POINT('',(108.585,6.55092,2.4));
#2792 = LINE('',#2793,#2794);
#2793 = CARTESIAN_POINT('',(108.585,6.55092,-0.5));
#2794 = VECTOR('',#2795,1.);
#2795 = DIRECTION('',(0.,0.,1.));
#2796 = ORIENTED_EDGE('',*,*,#2797,.F.);
#2797 = EDGE_CURVE('',#2735,#2790,#2798,.T.);
#2798 = LINE('',#2799,#2800);
#2799 = CARTESIAN_POINT('',(92.1425,6.55092,2.4));
#2800 = VECTOR('',#2801,1.);
#2801 = DIRECTION('',(-1.,0.,0.));
#2802 = ORIENTED_EDGE('',*,*,#2734,.F.);
#2803 = PLANE('',#2804);
#2804 = AXIS2_PLACEMENT_3D('',#2805,#2806,#2807);
#2805 = CARTESIAN_POINT('',(108.585,6.55092,-0.5));
#2806 = DIRECTION('',(0.,1.,0.));
#2807 = DIRECTION('',(1.,0.,0.));
#2808 = ADVANCED_FACE('',(#2809),#2827,.T.);
#2809 = FACE_BOUND('',#2810,.T.);
#2810 = EDGE_LOOP('',(#2811,#2812,#2813,#2821));
#2811 = ORIENTED_EDGE('',*,*,#594,.T.);
#2812 = ORIENTED_EDGE('',*,*,#2774,.T.);
#2813 = ORIENTED_EDGE('',*,*,#2814,.F.);
#2814 = EDGE_CURVE('',#2815,#2767,#2817,.T.);
#2815 = VERTEX_POINT('',#2816);
#2816 = CARTESIAN_POINT('',(108.585,13.55092,2.4));
#2817 = LINE('',#2818,#2819);
#2818 = CARTESIAN_POINT('',(100.6425,13.55092,2.4));
#2819 = VECTOR('',#2820,1.);
#2820 = DIRECTION('',(1.,0.,-0.));
#2821 = ORIENTED_EDGE('',*,*,#2822,.F.);
#2822 = EDGE_CURVE('',#587,#2815,#2823,.T.);
#2823 = LINE('',#2824,#2825);
#2824 = CARTESIAN_POINT('',(108.585,13.55092,-0.5));
#2825 = VECTOR('',#2826,1.);
#2826 = DIRECTION('',(0.,0.,1.));
#2827 = PLANE('',#2828);
#2828 = AXIS2_PLACEMENT_3D('',#2829,#2830,#2831);
#2829 = CARTESIAN_POINT('',(125.585,13.55092,-0.5));
#2830 = DIRECTION('',(0.,-1.,0.));
#2831 = DIRECTION('',(-1.,0.,0.));
#2832 = ADVANCED_FACE('',(#2833),#2851,.T.);
#2833 = FACE_BOUND('',#2834,.T.);
#2834 = EDGE_LOOP('',(#2835,#2836,#2844,#2850));
#2835 = ORIENTED_EDGE('',*,*,#578,.T.);
#2836 = ORIENTED_EDGE('',*,*,#2837,.T.);
#2837 = EDGE_CURVE('',#579,#2838,#2840,.T.);
#2838 = VERTEX_POINT('',#2839);
#2839 = CARTESIAN_POINT('',(105.085,10.05092,2.4));
#2840 = LINE('',#2841,#2842);
#2841 = CARTESIAN_POINT('',(105.085,10.05092,-0.5));
#2842 = VECTOR('',#2843,1.);
#2843 = DIRECTION('',(0.,0.,1.));
#2844 = ORIENTED_EDGE('',*,*,#2845,.F.);
#2845 = EDGE_CURVE('',#2790,#2838,#2846,.T.);
#2846 = LINE('',#2847,#2848);
#2847 = CARTESIAN_POINT('',(94.06375,21.07217,2.4));
#2848 = VECTOR('',#2849,1.);
#2849 = DIRECTION('',(-0.707106781187,0.707106781187,0.));
#2850 = ORIENTED_EDGE('',*,*,#2789,.F.);
#2851 = PLANE('',#2852);
#2852 = AXIS2_PLACEMENT_3D('',#2853,#2854,#2855);
#2853 = CARTESIAN_POINT('',(105.085,10.05092,-0.5));
#2854 = DIRECTION('',(0.707106781187,0.707106781187,-0.));
#2855 = DIRECTION('',(0.707106781187,-0.707106781187,0.));
#2856 = ADVANCED_FACE('',(#2857),#2868,.T.);
#2857 = FACE_BOUND('',#2858,.T.);
#2858 = EDGE_LOOP('',(#2859,#2860,#2861,#2867));
#2859 = ORIENTED_EDGE('',*,*,#586,.T.);
#2860 = ORIENTED_EDGE('',*,*,#2822,.T.);
#2861 = ORIENTED_EDGE('',*,*,#2862,.F.);
#2862 = EDGE_CURVE('',#2838,#2815,#2863,.T.);
#2863 = LINE('',#2864,#2865);
#2864 = CARTESIAN_POINT('',(103.16375,8.12967,2.4));
#2865 = VECTOR('',#2866,1.);
#2866 = DIRECTION('',(0.707106781187,0.707106781187,-0.));
#2867 = ORIENTED_EDGE('',*,*,#2837,.F.);
#2868 = PLANE('',#2869);
#2869 = AXIS2_PLACEMENT_3D('',#2870,#2871,#2872);
#2870 = CARTESIAN_POINT('',(108.585,13.55092,-0.5));
#2871 = DIRECTION('',(0.707106781187,-0.707106781187,0.));
#2872 = DIRECTION('',(-0.707106781187,-0.707106781187,0.));
#2873 = ADVANCED_FACE('',(#2874),#2899,.F.);
#2874 = FACE_BOUND('',#2875,.F.);
#2875 = EDGE_LOOP('',(#2876,#2884,#2885,#2893));
#2876 = ORIENTED_EDGE('',*,*,#2877,.F.);
#2877 = EDGE_CURVE('',#611,#2878,#2880,.T.);
#2878 = VERTEX_POINT('',#2879);
#2879 = CARTESIAN_POINT('',(92.105,11.875,2.4));
#2880 = LINE('',#2881,#2882);
#2881 = CARTESIAN_POINT('',(92.105,11.875,-0.5));
#2882 = VECTOR('',#2883,1.);
#2883 = DIRECTION('',(0.,0.,1.));
#2884 = ORIENTED_EDGE('',*,*,#610,.T.);
#2885 = ORIENTED_EDGE('',*,*,#2886,.T.);
#2886 = EDGE_CURVE('',#613,#2887,#2889,.T.);
#2887 = VERTEX_POINT('',#2888);
#2888 = CARTESIAN_POINT('',(92.105,15.18,2.4));
#2889 = LINE('',#2890,#2891);
#2890 = CARTESIAN_POINT('',(92.105,15.18,-0.5));
#2891 = VECTOR('',#2892,1.);
#2892 = DIRECTION('',(0.,0.,1.));
#2893 = ORIENTED_EDGE('',*,*,#2894,.F.);
#2894 = EDGE_CURVE('',#2878,#2887,#2895,.T.);
#2895 = LINE('',#2896,#2897);
#2896 = CARTESIAN_POINT('',(92.105,18.31296,2.4));
#2897 = VECTOR('',#2898,1.);
#2898 = DIRECTION('',(-0.,1.,0.));
#2899 = PLANE('',#2900);
#2900 = AXIS2_PLACEMENT_3D('',#2901,#2902,#2903);
#2901 = CARTESIAN_POINT('',(92.105,11.875,-0.5));
#2902 = DIRECTION('',(1.,0.,-0.));
#2903 = DIRECTION('',(0.,0.,1.));
#2904 = ADVANCED_FACE('',(#2905),#2923,.T.);
#2905 = FACE_BOUND('',#2906,.T.);
#2906 = EDGE_LOOP('',(#2907,#2908,#2909,#2917));
#2907 = ORIENTED_EDGE('',*,*,#2877,.F.);
#2908 = ORIENTED_EDGE('',*,*,#620,.T.);
#2909 = ORIENTED_EDGE('',*,*,#2910,.T.);
#2910 = EDGE_CURVE('',#621,#2911,#2913,.T.);
#2911 = VERTEX_POINT('',#2912);
#2912 = CARTESIAN_POINT('',(74.215,11.875,2.4));
#2913 = LINE('',#2914,#2915);
#2914 = CARTESIAN_POINT('',(74.215,11.875,-0.5));
#2915 = VECTOR('',#2916,1.);
#2916 = DIRECTION('',(0.,0.,1.));
#2917 = ORIENTED_EDGE('',*,*,#2918,.F.);
#2918 = EDGE_CURVE('',#2878,#2911,#2919,.T.);
#2919 = LINE('',#2920,#2921);
#2920 = CARTESIAN_POINT('',(74.9575,11.875,2.4));
#2921 = VECTOR('',#2922,1.);
#2922 = DIRECTION('',(-1.,-0.,0.));
#2923 = PLANE('',#2924);
#2924 = AXIS2_PLACEMENT_3D('',#2925,#2926,#2927);
#2925 = CARTESIAN_POINT('',(74.215,11.875,-0.5));
#2926 = DIRECTION('',(-0.,1.,0.));
#2927 = DIRECTION('',(0.,0.,1.));
#2928 = ADVANCED_FACE('',(#2929),#2947,.T.);
#2929 = FACE_BOUND('',#2930,.T.);
#2930 = EDGE_LOOP('',(#2931,#2939,#2940,#2941));
#2931 = ORIENTED_EDGE('',*,*,#2932,.F.);
#2932 = EDGE_CURVE('',#661,#2933,#2935,.T.);
#2933 = VERTEX_POINT('',#2934);
#2934 = CARTESIAN_POINT('',(99.29,15.18,2.4));
#2935 = LINE('',#2936,#2937);
#2936 = CARTESIAN_POINT('',(99.29,15.18,-0.5));
#2937 = VECTOR('',#2938,1.);
#2938 = DIRECTION('',(0.,0.,1.));
#2939 = ORIENTED_EDGE('',*,*,#668,.T.);
#2940 = ORIENTED_EDGE('',*,*,#2886,.T.);
#2941 = ORIENTED_EDGE('',*,*,#2942,.F.);
#2942 = EDGE_CURVE('',#2933,#2887,#2943,.T.);
#2943 = LINE('',#2944,#2945);
#2944 = CARTESIAN_POINT('',(83.655,15.18,2.4));
#2945 = VECTOR('',#2946,1.);
#2946 = DIRECTION('',(-1.,-0.,0.));
#2947 = PLANE('',#2948);
#2948 = AXIS2_PLACEMENT_3D('',#2949,#2950,#2951);
#2949 = CARTESIAN_POINT('',(91.61,15.18,-0.5));
#2950 = DIRECTION('',(-0.,1.,0.));
#2951 = DIRECTION('',(0.,0.,1.));
#2952 = ADVANCED_FACE('',(#2953),#2971,.T.);
#2953 = FACE_BOUND('',#2954,.T.);
#2954 = EDGE_LOOP('',(#2955,#2956,#2957,#2965));
#2955 = ORIENTED_EDGE('',*,*,#2910,.F.);
#2956 = ORIENTED_EDGE('',*,*,#628,.T.);
#2957 = ORIENTED_EDGE('',*,*,#2958,.T.);
#2958 = EDGE_CURVE('',#629,#2959,#2961,.T.);
#2959 = VERTEX_POINT('',#2960);
#2960 = CARTESIAN_POINT('',(74.215,23.415,2.4));
#2961 = LINE('',#2962,#2963);
#2962 = CARTESIAN_POINT('',(74.215,23.415,-0.5));
#2963 = VECTOR('',#2964,1.);
#2964 = DIRECTION('',(0.,0.,1.));
#2965 = ORIENTED_EDGE('',*,*,#2966,.F.);
#2966 = EDGE_CURVE('',#2911,#2959,#2967,.T.);
#2967 = LINE('',#2968,#2969);
#2968 = CARTESIAN_POINT('',(74.215,18.31296,2.4));
#2969 = VECTOR('',#2970,1.);
#2970 = DIRECTION('',(-0.,1.,0.));
#2971 = PLANE('',#2972);
#2972 = AXIS2_PLACEMENT_3D('',#2973,#2974,#2975);
#2973 = CARTESIAN_POINT('',(74.215,11.875,-0.5));
#2974 = DIRECTION('',(1.,0.,-0.));
#2975 = DIRECTION('',(0.,0.,1.));
#2976 = ADVANCED_FACE('',(#2977),#2995,.F.);
#2977 = FACE_BOUND('',#2978,.F.);
#2978 = EDGE_LOOP('',(#2979,#2980,#2981,#2989));
#2979 = ORIENTED_EDGE('',*,*,#2932,.F.);
#2980 = ORIENTED_EDGE('',*,*,#660,.T.);
#2981 = ORIENTED_EDGE('',*,*,#2982,.T.);
#2982 = EDGE_CURVE('',#653,#2983,#2985,.T.);
#2983 = VERTEX_POINT('',#2984);
#2984 = CARTESIAN_POINT('',(99.29,20.32,2.4));
#2985 = LINE('',#2986,#2987);
#2986 = CARTESIAN_POINT('',(99.29,20.32,-0.5));
#2987 = VECTOR('',#2988,1.);
#2988 = DIRECTION('',(0.,0.,1.));
#2989 = ORIENTED_EDGE('',*,*,#2990,.F.);
#2990 = EDGE_CURVE('',#2933,#2983,#2991,.T.);
#2991 = LINE('',#2992,#2993);
#2992 = CARTESIAN_POINT('',(99.29,19.96546,2.4));
#2993 = VECTOR('',#2994,1.);
#2994 = DIRECTION('',(-0.,1.,0.));
#2995 = PLANE('',#2996);
#2996 = AXIS2_PLACEMENT_3D('',#2997,#2998,#2999);
#2997 = CARTESIAN_POINT('',(99.29,15.18,-0.5));
#2998 = DIRECTION('',(1.,0.,-0.));
#2999 = DIRECTION('',(0.,0.,1.));
#3000 = ADVANCED_FACE('',(#3001),#3019,.F.);
#3001 = FACE_BOUND('',#3002,.F.);
#3002 = EDGE_LOOP('',(#3003,#3011,#3012,#3013));
#3003 = ORIENTED_EDGE('',*,*,#3004,.F.);
#3004 = EDGE_CURVE('',#637,#3005,#3007,.T.);
#3005 = VERTEX_POINT('',#3006);
#3006 = CARTESIAN_POINT('',(92.105,23.415,2.4));
#3007 = LINE('',#3008,#3009);
#3008 = CARTESIAN_POINT('',(92.105,23.415,-0.5));
#3009 = VECTOR('',#3010,1.);
#3010 = DIRECTION('',(0.,0.,1.));
#3011 = ORIENTED_EDGE('',*,*,#636,.T.);
#3012 = ORIENTED_EDGE('',*,*,#2958,.T.);
#3013 = ORIENTED_EDGE('',*,*,#3014,.F.);
#3014 = EDGE_CURVE('',#3005,#2959,#3015,.T.);
#3015 = LINE('',#3016,#3017);
#3016 = CARTESIAN_POINT('',(74.9575,23.415,2.4));
#3017 = VECTOR('',#3018,1.);
#3018 = DIRECTION('',(-1.,-0.,0.));
#3019 = PLANE('',#3020);
#3020 = AXIS2_PLACEMENT_3D('',#3021,#3022,#3023);
#3021 = CARTESIAN_POINT('',(74.215,23.415,-0.5));
#3022 = DIRECTION('',(-0.,1.,0.));
#3023 = DIRECTION('',(0.,0.,1.));
#3024 = ADVANCED_FACE('',(#3025),#3043,.F.);
#3025 = FACE_BOUND('',#3026,.F.);
#3026 = EDGE_LOOP('',(#3027,#3028,#3029,#3037));
#3027 = ORIENTED_EDGE('',*,*,#2982,.F.);
#3028 = ORIENTED_EDGE('',*,*,#652,.T.);
#3029 = ORIENTED_EDGE('',*,*,#3030,.T.);
#3030 = EDGE_CURVE('',#645,#3031,#3033,.T.);
#3031 = VERTEX_POINT('',#3032);
#3032 = CARTESIAN_POINT('',(92.105,20.32,2.4));
#3033 = LINE('',#3034,#3035);
#3034 = CARTESIAN_POINT('',(92.105,20.32,-0.5));
#3035 = VECTOR('',#3036,1.);
#3036 = DIRECTION('',(0.,0.,1.));
#3037 = ORIENTED_EDGE('',*,*,#3038,.F.);
#3038 = EDGE_CURVE('',#2983,#3031,#3039,.T.);
#3039 = LINE('',#3040,#3041);
#3040 = CARTESIAN_POINT('',(83.655,20.32,2.4));
#3041 = VECTOR('',#3042,1.);
#3042 = DIRECTION('',(-1.,-0.,0.));
#3043 = PLANE('',#3044);
#3044 = AXIS2_PLACEMENT_3D('',#3045,#3046,#3047);
#3045 = CARTESIAN_POINT('',(91.61,20.32,-0.5));
#3046 = DIRECTION('',(-0.,1.,0.));
#3047 = DIRECTION('',(0.,0.,1.));
#3048 = ADVANCED_FACE('',(#3049),#3060,.F.);
#3049 = FACE_BOUND('',#3050,.F.);
#3050 = EDGE_LOOP('',(#3051,#3052,#3053,#3054));
#3051 = ORIENTED_EDGE('',*,*,#3030,.F.);
#3052 = ORIENTED_EDGE('',*,*,#644,.T.);
#3053 = ORIENTED_EDGE('',*,*,#3004,.T.);
#3054 = ORIENTED_EDGE('',*,*,#3055,.F.);
#3055 = EDGE_CURVE('',#3031,#3005,#3056,.T.);
#3056 = LINE('',#3057,#3058);
#3057 = CARTESIAN_POINT('',(92.105,18.31296,2.4));
#3058 = VECTOR('',#3059,1.);
#3059 = DIRECTION('',(-0.,1.,0.));
#3060 = PLANE('',#3061);
#3061 = AXIS2_PLACEMENT_3D('',#3062,#3063,#3064);
#3062 = CARTESIAN_POINT('',(92.105,11.875,-0.5));
#3063 = DIRECTION('',(1.,0.,-0.));
#3064 = DIRECTION('',(0.,0.,1.));
#3065 = ADVANCED_FACE('',(#3066),#3091,.T.);
#3066 = FACE_BOUND('',#3067,.T.);
#3067 = EDGE_LOOP('',(#3068,#3069,#3077,#3085));
#3068 = ORIENTED_EDGE('',*,*,#676,.T.);
#3069 = ORIENTED_EDGE('',*,*,#3070,.T.);
#3070 = EDGE_CURVE('',#679,#3071,#3073,.T.);
#3071 = VERTEX_POINT('',#3072);
#3072 = CARTESIAN_POINT('',(121.005,16.35092,2.4));
#3073 = LINE('',#3074,#3075);
#3074 = CARTESIAN_POINT('',(121.005,16.35092,-0.5));
#3075 = VECTOR('',#3076,1.);
#3076 = DIRECTION('',(0.,0.,1.));
#3077 = ORIENTED_EDGE('',*,*,#3078,.F.);
#3078 = EDGE_CURVE('',#3079,#3071,#3081,.T.);
#3079 = VERTEX_POINT('',#3080);
#3080 = CARTESIAN_POINT('',(124.505,19.85092,2.4));
#3081 = LINE('',#3082,#3083);
#3082 = CARTESIAN_POINT('',(111.77875,7.12467,2.4));
#3083 = VECTOR('',#3084,1.);
#3084 = DIRECTION('',(-0.707106781187,-0.707106781187,0.));
#3085 = ORIENTED_EDGE('',*,*,#3086,.F.);
#3086 = EDGE_CURVE('',#677,#3079,#3087,.T.);
#3087 = LINE('',#3088,#3089);
#3088 = CARTESIAN_POINT('',(124.505,19.85092,-0.5));
#3089 = VECTOR('',#3090,1.);
#3090 = DIRECTION('',(0.,0.,1.));
#3091 = PLANE('',#3092);
#3092 = AXIS2_PLACEMENT_3D('',#3093,#3094,#3095);
#3093 = CARTESIAN_POINT('',(121.005,16.35092,-0.5));
#3094 = DIRECTION('',(-0.707106781187,0.707106781187,0.));
#3095 = DIRECTION('',(0.707106781187,0.707106781187,0.));
#3096 = ADVANCED_FACE('',(#3097),#3115,.T.);
#3097 = FACE_BOUND('',#3098,.T.);
#3098 = EDGE_LOOP('',(#3099,#3100,#3101,#3109));
#3099 = ORIENTED_EDGE('',*,*,#718,.T.);
#3100 = ORIENTED_EDGE('',*,*,#3086,.T.);
#3101 = ORIENTED_EDGE('',*,*,#3102,.F.);
#3102 = EDGE_CURVE('',#3103,#3079,#3105,.T.);
#3103 = VERTEX_POINT('',#3104);
#3104 = CARTESIAN_POINT('',(121.005,23.35092,2.4));
#3105 = LINE('',#3106,#3107);
#3106 = CARTESIAN_POINT('',(111.07875,33.27717,2.4));
#3107 = VECTOR('',#3108,1.);
#3108 = DIRECTION('',(0.707106781187,-0.707106781187,0.));
#3109 = ORIENTED_EDGE('',*,*,#3110,.F.);
#3110 = EDGE_CURVE('',#711,#3103,#3111,.T.);
#3111 = LINE('',#3112,#3113);
#3112 = CARTESIAN_POINT('',(121.005,23.35092,-0.5));
#3113 = VECTOR('',#3114,1.);
#3114 = DIRECTION('',(0.,0.,1.));
#3115 = PLANE('',#3116);
#3116 = AXIS2_PLACEMENT_3D('',#3117,#3118,#3119);
#3117 = CARTESIAN_POINT('',(124.505,19.85092,-0.5));
#3118 = DIRECTION('',(-0.707106781187,-0.707106781187,0.));
#3119 = DIRECTION('',(-0.707106781187,0.707106781187,0.));
#3120 = ADVANCED_FACE('',(#3121),#3139,.T.);
#3121 = FACE_BOUND('',#3122,.T.);
#3122 = EDGE_LOOP('',(#3123,#3124,#3132,#3138));
#3123 = ORIENTED_EDGE('',*,*,#686,.T.);
#3124 = ORIENTED_EDGE('',*,*,#3125,.T.);
#3125 = EDGE_CURVE('',#687,#3126,#3128,.T.);
#3126 = VERTEX_POINT('',#3127);
#3127 = CARTESIAN_POINT('',(105.99,16.35092,2.4));
#3128 = LINE('',#3129,#3130);
#3129 = CARTESIAN_POINT('',(105.99,16.35092,-0.5));
#3130 = VECTOR('',#3131,1.);
#3131 = DIRECTION('',(0.,0.,1.));
#3132 = ORIENTED_EDGE('',*,*,#3133,.F.);
#3133 = EDGE_CURVE('',#3071,#3126,#3134,.T.);
#3134 = LINE('',#3135,#3136);
#3135 = CARTESIAN_POINT('',(90.845,16.35092,2.4));
#3136 = VECTOR('',#3137,1.);
#3137 = DIRECTION('',(-1.,0.,0.));
#3138 = ORIENTED_EDGE('',*,*,#3070,.F.);
#3139 = PLANE('',#3140);
#3140 = AXIS2_PLACEMENT_3D('',#3141,#3142,#3143);
#3141 = CARTESIAN_POINT('',(105.99,16.35092,-0.5));
#3142 = DIRECTION('',(0.,1.,0.));
#3143 = DIRECTION('',(1.,0.,0.));
#3144 = ADVANCED_FACE('',(#3145),#3163,.T.);
#3145 = FACE_BOUND('',#3146,.T.);
#3146 = EDGE_LOOP('',(#3147,#3148,#3149,#3157));
#3147 = ORIENTED_EDGE('',*,*,#710,.T.);
#3148 = ORIENTED_EDGE('',*,*,#3110,.T.);
#3149 = ORIENTED_EDGE('',*,*,#3150,.F.);
#3150 = EDGE_CURVE('',#3151,#3103,#3153,.T.);
#3151 = VERTEX_POINT('',#3152);
#3152 = CARTESIAN_POINT('',(105.99,23.35092,2.4));
#3153 = LINE('',#3154,#3155);
#3154 = CARTESIAN_POINT('',(98.3525,23.35092,2.4));
#3155 = VECTOR('',#3156,1.);
#3156 = DIRECTION('',(1.,0.,-0.));
#3157 = ORIENTED_EDGE('',*,*,#3158,.F.);
#3158 = EDGE_CURVE('',#703,#3151,#3159,.T.);
#3159 = LINE('',#3160,#3161);
#3160 = CARTESIAN_POINT('',(105.99,23.35092,-0.5));
#3161 = VECTOR('',#3162,1.);
#3162 = DIRECTION('',(0.,0.,1.));
#3163 = PLANE('',#3164);
#3164 = AXIS2_PLACEMENT_3D('',#3165,#3166,#3167);
#3165 = CARTESIAN_POINT('',(121.005,23.35092,-0.5));
#3166 = DIRECTION('',(0.,-1.,0.));
#3167 = DIRECTION('',(-1.,0.,0.));
#3168 = ADVANCED_FACE('',(#3169),#3187,.T.);
#3169 = FACE_BOUND('',#3170,.T.);
#3170 = EDGE_LOOP('',(#3171,#3172,#3180,#3186));
#3171 = ORIENTED_EDGE('',*,*,#694,.T.);
#3172 = ORIENTED_EDGE('',*,*,#3173,.T.);
#3173 = EDGE_CURVE('',#695,#3174,#3176,.T.);
#3174 = VERTEX_POINT('',#3175);
#3175 = CARTESIAN_POINT('',(102.49,19.85092,2.4));
#3176 = LINE('',#3177,#3178);
#3177 = CARTESIAN_POINT('',(102.49,19.85092,-0.5));
#3178 = VECTOR('',#3179,1.);
#3179 = DIRECTION('',(0.,0.,1.));
#3180 = ORIENTED_EDGE('',*,*,#3181,.F.);
#3181 = EDGE_CURVE('',#3126,#3174,#3182,.T.);
#3182 = LINE('',#3183,#3184);
#3183 = CARTESIAN_POINT('',(94.5675,27.77342,2.4));
#3184 = VECTOR('',#3185,1.);
#3185 = DIRECTION('',(-0.707106781187,0.707106781187,0.));
#3186 = ORIENTED_EDGE('',*,*,#3125,.F.);
#3187 = PLANE('',#3188);
#3188 = AXIS2_PLACEMENT_3D('',#3189,#3190,#3191);
#3189 = CARTESIAN_POINT('',(102.49,19.85092,-0.5));
#3190 = DIRECTION('',(0.707106781187,0.707106781187,-0.));
#3191 = DIRECTION('',(0.707106781187,-0.707106781187,0.));
#3192 = ADVANCED_FACE('',(#3193),#3204,.T.);
#3193 = FACE_BOUND('',#3194,.T.);
#3194 = EDGE_LOOP('',(#3195,#3196,#3197,#3203));
#3195 = ORIENTED_EDGE('',*,*,#702,.T.);
#3196 = ORIENTED_EDGE('',*,*,#3158,.T.);
#3197 = ORIENTED_EDGE('',*,*,#3198,.F.);
#3198 = EDGE_CURVE('',#3174,#3151,#3199,.T.);
#3199 = LINE('',#3200,#3201);
#3200 = CARTESIAN_POINT('',(98.7675,16.12842,2.4));
#3201 = VECTOR('',#3202,1.);
#3202 = DIRECTION('',(0.707106781187,0.707106781187,-0.));
#3203 = ORIENTED_EDGE('',*,*,#3173,.F.);
#3204 = PLANE('',#3205);
#3205 = AXIS2_PLACEMENT_3D('',#3206,#3207,#3208);
#3206 = CARTESIAN_POINT('',(105.99,23.35092,-0.5));
#3207 = DIRECTION('',(0.707106781187,-0.707106781187,0.));
#3208 = DIRECTION('',(-0.707106781187,-0.707106781187,0.));
#3209 = ADVANCED_FACE('',(#3210),#3236,.F.);
#3210 = FACE_BOUND('',#3211,.T.);
#3211 = EDGE_LOOP('',(#3212,#3213,#3221,#3230));
#3212 = ORIENTED_EDGE('',*,*,#726,.T.);
#3213 = ORIENTED_EDGE('',*,*,#3214,.T.);
#3214 = EDGE_CURVE('',#729,#3215,#3217,.T.);
#3215 = VERTEX_POINT('',#3216);
#3216 = CARTESIAN_POINT('',(33.88,31.05,2.4));
#3217 = LINE('',#3218,#3219);
#3218 = CARTESIAN_POINT('',(33.88,31.05,-0.5));
#3219 = VECTOR('',#3220,1.);
#3220 = DIRECTION('',(0.,0.,1.));
#3221 = ORIENTED_EDGE('',*,*,#3222,.F.);
#3222 = EDGE_CURVE('',#3223,#3215,#3225,.T.);
#3223 = VERTEX_POINT('',#3224);
#3224 = CARTESIAN_POINT('',(34.68,31.85,2.4));
#3225 = CIRCLE('',#3226,0.8);
#3226 = AXIS2_PLACEMENT_3D('',#3227,#3228,#3229);
#3227 = CARTESIAN_POINT('',(33.88,31.85,2.4));
#3228 = DIRECTION('',(0.,-0.,-1.));
#3229 = DIRECTION('',(2.775557561563E-16,-1.,0.));
#3230 = ORIENTED_EDGE('',*,*,#3231,.F.);
#3231 = EDGE_CURVE('',#727,#3223,#3232,.T.);
#3232 = LINE('',#3233,#3234);
#3233 = CARTESIAN_POINT('',(34.68,31.85,-0.5));
#3234 = VECTOR('',#3235,1.);
#3235 = DIRECTION('',(0.,0.,1.));
#3236 = CYLINDRICAL_SURFACE('',#3237,0.8);
#3237 = AXIS2_PLACEMENT_3D('',#3238,#3239,#3240);
#3238 = CARTESIAN_POINT('',(33.88,31.85,-0.5));
#3239 = DIRECTION('',(-0.,-0.,-1.));
#3240 = DIRECTION('',(2.775557561563E-16,-1.,0.));
#3241 = ADVANCED_FACE('',(#3242),#3260,.T.);
#3242 = FACE_BOUND('',#3243,.T.);
#3243 = EDGE_LOOP('',(#3244,#3245,#3246,#3254));
#3244 = ORIENTED_EDGE('',*,*,#788,.T.);
#3245 = ORIENTED_EDGE('',*,*,#3231,.T.);
#3246 = ORIENTED_EDGE('',*,*,#3247,.F.);
#3247 = EDGE_CURVE('',#3248,#3223,#3250,.T.);
#3248 = VERTEX_POINT('',#3249);
#3249 = CARTESIAN_POINT('',(34.68,35.15,2.4));
#3250 = LINE('',#3251,#3252);
#3251 = CARTESIAN_POINT('',(34.68,28.30046,2.4));
#3252 = VECTOR('',#3253,1.);
#3253 = DIRECTION('',(0.,-1.,0.));
#3254 = ORIENTED_EDGE('',*,*,#3255,.F.);
#3255 = EDGE_CURVE('',#780,#3248,#3256,.T.);
#3256 = LINE('',#3257,#3258);
#3257 = CARTESIAN_POINT('',(34.68,35.15,-0.5));
#3258 = VECTOR('',#3259,1.);
#3259 = DIRECTION('',(0.,0.,1.));
#3260 = PLANE('',#3261);
#3261 = AXIS2_PLACEMENT_3D('',#3262,#3263,#3264);
#3262 = CARTESIAN_POINT('',(34.68,31.85,-0.5));
#3263 = DIRECTION('',(-1.,0.,0.));
#3264 = DIRECTION('',(0.,1.,0.));
#3265 = ADVANCED_FACE('',(#3266),#3284,.T.);
#3266 = FACE_BOUND('',#3267,.T.);
#3267 = EDGE_LOOP('',(#3268,#3269,#3277,#3283));
#3268 = ORIENTED_EDGE('',*,*,#737,.T.);
#3269 = ORIENTED_EDGE('',*,*,#3270,.T.);
#3270 = EDGE_CURVE('',#738,#3271,#3273,.T.);
#3271 = VERTEX_POINT('',#3272);
#3272 = CARTESIAN_POINT('',(33.08,31.05,2.4));
#3273 = LINE('',#3274,#3275);
#3274 = CARTESIAN_POINT('',(33.08,31.05,-0.5));
#3275 = VECTOR('',#3276,1.);
#3276 = DIRECTION('',(0.,0.,1.));
#3277 = ORIENTED_EDGE('',*,*,#3278,.F.);
#3278 = EDGE_CURVE('',#3215,#3271,#3279,.T.);
#3279 = LINE('',#3280,#3281);
#3280 = CARTESIAN_POINT('',(54.39,31.05,2.4));
#3281 = VECTOR('',#3282,1.);
#3282 = DIRECTION('',(-1.,0.,0.));
#3283 = ORIENTED_EDGE('',*,*,#3214,.F.);
#3284 = PLANE('',#3285);
#3285 = AXIS2_PLACEMENT_3D('',#3286,#3287,#3288);
#3286 = CARTESIAN_POINT('',(33.08,31.05,-0.5));
#3287 = DIRECTION('',(0.,1.,0.));
#3288 = DIRECTION('',(1.,0.,0.));
#3289 = ADVANCED_FACE('',(#3290),#3309,.F.);
#3290 = FACE_BOUND('',#3291,.T.);
#3291 = EDGE_LOOP('',(#3292,#3293,#3294,#3303));
#3292 = ORIENTED_EDGE('',*,*,#779,.T.);
#3293 = ORIENTED_EDGE('',*,*,#3255,.T.);
#3294 = ORIENTED_EDGE('',*,*,#3295,.F.);
#3295 = EDGE_CURVE('',#3296,#3248,#3298,.T.);
#3296 = VERTEX_POINT('',#3297);
#3297 = CARTESIAN_POINT('',(33.88,35.95,2.4));
#3298 = CIRCLE('',#3299,0.8);
#3299 = AXIS2_PLACEMENT_3D('',#3300,#3301,#3302);
#3300 = CARTESIAN_POINT('',(33.88,35.15,2.4));
#3301 = DIRECTION('',(0.,-0.,-1.));
#3302 = DIRECTION('',(1.,0.,-0.));
#3303 = ORIENTED_EDGE('',*,*,#3304,.F.);
#3304 = EDGE_CURVE('',#772,#3296,#3305,.T.);
#3305 = LINE('',#3306,#3307);
#3306 = CARTESIAN_POINT('',(33.88,35.95,-0.5));
#3307 = VECTOR('',#3308,1.);
#3308 = DIRECTION('',(0.,0.,1.));
#3309 = CYLINDRICAL_SURFACE('',#3310,0.8);
#3310 = AXIS2_PLACEMENT_3D('',#3311,#3312,#3313);
#3311 = CARTESIAN_POINT('',(33.88,35.15,-0.5));
#3312 = DIRECTION('',(-0.,-0.,-1.));
#3313 = DIRECTION('',(1.,0.,-0.));
#3314 = ADVANCED_FACE('',(#3315),#3334,.F.);
#3315 = FACE_BOUND('',#3316,.T.);
#3316 = EDGE_LOOP('',(#3317,#3318,#3326,#3333));
#3317 = ORIENTED_EDGE('',*,*,#745,.T.);
#3318 = ORIENTED_EDGE('',*,*,#3319,.T.);
#3319 = EDGE_CURVE('',#746,#3320,#3322,.T.);
#3320 = VERTEX_POINT('',#3321);
#3321 = CARTESIAN_POINT('',(32.28,31.85,2.4));
#3322 = LINE('',#3323,#3324);
#3323 = CARTESIAN_POINT('',(32.28,31.85,-0.5));
#3324 = VECTOR('',#3325,1.);
#3325 = DIRECTION('',(0.,0.,1.));
#3326 = ORIENTED_EDGE('',*,*,#3327,.F.);
#3327 = EDGE_CURVE('',#3271,#3320,#3328,.T.);
#3328 = CIRCLE('',#3329,0.8);
#3329 = AXIS2_PLACEMENT_3D('',#3330,#3331,#3332);
#3330 = CARTESIAN_POINT('',(33.08,31.85,2.4));
#3331 = DIRECTION('',(-0.,0.,-1.));
#3332 = DIRECTION('',(-1.,-2.775557561563E-16,0.));
#3333 = ORIENTED_EDGE('',*,*,#3270,.F.);
#3334 = CYLINDRICAL_SURFACE('',#3335,0.8);
#3335 = AXIS2_PLACEMENT_3D('',#3336,#3337,#3338);
#3336 = CARTESIAN_POINT('',(33.08,31.85,-0.5));
#3337 = DIRECTION('',(-0.,-0.,-1.));
#3338 = DIRECTION('',(-1.,-2.775557561563E-16,0.));
#3339 = ADVANCED_FACE('',(#3340),#3358,.T.);
#3340 = FACE_BOUND('',#3341,.T.);
#3341 = EDGE_LOOP('',(#3342,#3343,#3344,#3352));
#3342 = ORIENTED_EDGE('',*,*,#771,.T.);
#3343 = ORIENTED_EDGE('',*,*,#3304,.T.);
#3344 = ORIENTED_EDGE('',*,*,#3345,.F.);
#3345 = EDGE_CURVE('',#3346,#3296,#3348,.T.);
#3346 = VERTEX_POINT('',#3347);
#3347 = CARTESIAN_POINT('',(33.08,35.95,2.4));
#3348 = LINE('',#3349,#3350);
#3349 = CARTESIAN_POINT('',(54.79,35.95,2.4));
#3350 = VECTOR('',#3351,1.);
#3351 = DIRECTION('',(1.,0.,-0.));
#3352 = ORIENTED_EDGE('',*,*,#3353,.F.);
#3353 = EDGE_CURVE('',#763,#3346,#3354,.T.);
#3354 = LINE('',#3355,#3356);
#3355 = CARTESIAN_POINT('',(33.08,35.95,-0.5));
#3356 = VECTOR('',#3357,1.);
#3357 = DIRECTION('',(0.,0.,1.));
#3358 = PLANE('',#3359);
#3359 = AXIS2_PLACEMENT_3D('',#3360,#3361,#3362);
#3360 = CARTESIAN_POINT('',(33.88,35.95,-0.5));
#3361 = DIRECTION('',(0.,-1.,0.));
#3362 = DIRECTION('',(-1.,0.,0.));
#3363 = ADVANCED_FACE('',(#3364),#3382,.T.);
#3364 = FACE_BOUND('',#3365,.T.);
#3365 = EDGE_LOOP('',(#3366,#3367,#3375,#3381));
#3366 = ORIENTED_EDGE('',*,*,#754,.T.);
#3367 = ORIENTED_EDGE('',*,*,#3368,.T.);
#3368 = EDGE_CURVE('',#755,#3369,#3371,.T.);
#3369 = VERTEX_POINT('',#3370);
#3370 = CARTESIAN_POINT('',(32.28,35.15,2.4));
#3371 = LINE('',#3372,#3373);
#3372 = CARTESIAN_POINT('',(32.28,35.15,-0.5));
#3373 = VECTOR('',#3374,1.);
#3374 = DIRECTION('',(0.,0.,1.));
#3375 = ORIENTED_EDGE('',*,*,#3376,.F.);
#3376 = EDGE_CURVE('',#3320,#3369,#3377,.T.);
#3377 = LINE('',#3378,#3379);
#3378 = CARTESIAN_POINT('',(32.28,29.95046,2.4));
#3379 = VECTOR('',#3380,1.);
#3380 = DIRECTION('',(-0.,1.,0.));
#3381 = ORIENTED_EDGE('',*,*,#3319,.F.);
#3382 = PLANE('',#3383);
#3383 = AXIS2_PLACEMENT_3D('',#3384,#3385,#3386);
#3384 = CARTESIAN_POINT('',(32.28,35.15,-0.5));
#3385 = DIRECTION('',(1.,0.,-0.));
#3386 = DIRECTION('',(0.,-1.,0.));
#3387 = ADVANCED_FACE('',(#3388),#3400,.F.);
#3388 = FACE_BOUND('',#3389,.T.);
#3389 = EDGE_LOOP('',(#3390,#3391,#3392,#3399));
#3390 = ORIENTED_EDGE('',*,*,#762,.T.);
#3391 = ORIENTED_EDGE('',*,*,#3353,.T.);
#3392 = ORIENTED_EDGE('',*,*,#3393,.F.);
#3393 = EDGE_CURVE('',#3369,#3346,#3394,.T.);
#3394 = CIRCLE('',#3395,0.8);
#3395 = AXIS2_PLACEMENT_3D('',#3396,#3397,#3398);
#3396 = CARTESIAN_POINT('',(33.08,35.15,2.4));
#3397 = DIRECTION('',(-0.,0.,-1.));
#3398 = DIRECTION('',(0.,1.,0.));
#3399 = ORIENTED_EDGE('',*,*,#3368,.F.);
#3400 = CYLINDRICAL_SURFACE('',#3401,0.8);
#3401 = AXIS2_PLACEMENT_3D('',#3402,#3403,#3404);
#3402 = CARTESIAN_POINT('',(33.08,35.15,-0.5));
#3403 = DIRECTION('',(-0.,0.,-1.));
#3404 = DIRECTION('',(0.,1.,0.));
#3405 = ADVANCED_FACE('',(#3406),#3431,.T.);
#3406 = FACE_BOUND('',#3407,.T.);
#3407 = EDGE_LOOP('',(#3408,#3409,#3417,#3425));
#3408 = ORIENTED_EDGE('',*,*,#796,.T.);
#3409 = ORIENTED_EDGE('',*,*,#3410,.T.);
#3410 = EDGE_CURVE('',#799,#3411,#3413,.T.);
#3411 = VERTEX_POINT('',#3412);
#3412 = CARTESIAN_POINT('',(47.55,26.15092,2.4));
#3413 = LINE('',#3414,#3415);
#3414 = CARTESIAN_POINT('',(47.55,26.15092,-0.5));
#3415 = VECTOR('',#3416,1.);
#3416 = DIRECTION('',(0.,0.,1.));
#3417 = ORIENTED_EDGE('',*,*,#3418,.F.);
#3418 = EDGE_CURVE('',#3419,#3411,#3421,.T.);
#3419 = VERTEX_POINT('',#3420);
#3420 = CARTESIAN_POINT('',(51.05,29.65092,2.4));
#3421 = LINE('',#3422,#3423);
#3422 = CARTESIAN_POINT('',(54.2375,32.83842,2.4));
#3423 = VECTOR('',#3424,1.);
#3424 = DIRECTION('',(-0.707106781187,-0.707106781187,0.));
#3425 = ORIENTED_EDGE('',*,*,#3426,.F.);
#3426 = EDGE_CURVE('',#797,#3419,#3427,.T.);
#3427 = LINE('',#3428,#3429);
#3428 = CARTESIAN_POINT('',(51.05,29.65092,-0.5));
#3429 = VECTOR('',#3430,1.);
#3430 = DIRECTION('',(0.,0.,1.));
#3431 = PLANE('',#3432);
#3432 = AXIS2_PLACEMENT_3D('',#3433,#3434,#3435);
#3433 = CARTESIAN_POINT('',(47.55,26.15092,-0.5));
#3434 = DIRECTION('',(-0.707106781187,0.707106781187,0.));
#3435 = DIRECTION('',(0.707106781187,0.707106781187,0.));
#3436 = ADVANCED_FACE('',(#3437),#3455,.T.);
#3437 = FACE_BOUND('',#3438,.T.);
#3438 = EDGE_LOOP('',(#3439,#3440,#3441,#3449));
#3439 = ORIENTED_EDGE('',*,*,#838,.T.);
#3440 = ORIENTED_EDGE('',*,*,#3426,.T.);
#3441 = ORIENTED_EDGE('',*,*,#3442,.F.);
#3442 = EDGE_CURVE('',#3443,#3419,#3445,.T.);
#3443 = VERTEX_POINT('',#3444);
#3444 = CARTESIAN_POINT('',(47.55,33.15092,2.4));
#3445 = LINE('',#3446,#3447);
#3446 = CARTESIAN_POINT('',(58.4375,22.26342,2.4));
#3447 = VECTOR('',#3448,1.);
#3448 = DIRECTION('',(0.707106781187,-0.707106781187,0.));
#3449 = ORIENTED_EDGE('',*,*,#3450,.F.);
#3450 = EDGE_CURVE('',#831,#3443,#3451,.T.);
#3451 = LINE('',#3452,#3453);
#3452 = CARTESIAN_POINT('',(47.55,33.15092,-0.5));
#3453 = VECTOR('',#3454,1.);
#3454 = DIRECTION('',(0.,0.,1.));
#3455 = PLANE('',#3456);
#3456 = AXIS2_PLACEMENT_3D('',#3457,#3458,#3459);
#3457 = CARTESIAN_POINT('',(51.05,29.65092,-0.5));
#3458 = DIRECTION('',(-0.707106781187,-0.707106781187,0.));
#3459 = DIRECTION('',(-0.707106781187,0.707106781187,0.));
#3460 = ADVANCED_FACE('',(#3461),#3479,.T.);
#3461 = FACE_BOUND('',#3462,.T.);
#3462 = EDGE_LOOP('',(#3463,#3464,#3472,#3478));
#3463 = ORIENTED_EDGE('',*,*,#806,.T.);
#3464 = ORIENTED_EDGE('',*,*,#3465,.T.);
#3465 = EDGE_CURVE('',#807,#3466,#3468,.T.);
#3466 = VERTEX_POINT('',#3467);
#3467 = CARTESIAN_POINT('',(41.38,26.15092,2.4));
#3468 = LINE('',#3469,#3470);
#3469 = CARTESIAN_POINT('',(41.38,26.15092,-0.5));
#3470 = VECTOR('',#3471,1.);
#3471 = DIRECTION('',(0.,0.,1.));
#3472 = ORIENTED_EDGE('',*,*,#3473,.F.);
#3473 = EDGE_CURVE('',#3411,#3466,#3474,.T.);
#3474 = LINE('',#3475,#3476);
#3475 = CARTESIAN_POINT('',(58.54,26.15092,2.4));
#3476 = VECTOR('',#3477,1.);
#3477 = DIRECTION('',(-1.,0.,0.));
#3478 = ORIENTED_EDGE('',*,*,#3410,.F.);
#3479 = PLANE('',#3480);
#3480 = AXIS2_PLACEMENT_3D('',#3481,#3482,#3483);
#3481 = CARTESIAN_POINT('',(41.38,26.15092,-0.5));
#3482 = DIRECTION('',(0.,1.,0.));
#3483 = DIRECTION('',(1.,0.,0.));
#3484 = ADVANCED_FACE('',(#3485),#3503,.T.);
#3485 = FACE_BOUND('',#3486,.T.);
#3486 = EDGE_LOOP('',(#3487,#3488,#3489,#3497));
#3487 = ORIENTED_EDGE('',*,*,#830,.T.);
#3488 = ORIENTED_EDGE('',*,*,#3450,.T.);
#3489 = ORIENTED_EDGE('',*,*,#3490,.F.);
#3490 = EDGE_CURVE('',#3491,#3443,#3493,.T.);
#3491 = VERTEX_POINT('',#3492);
#3492 = CARTESIAN_POINT('',(41.38,33.15092,2.4));
#3493 = LINE('',#3494,#3495);
#3494 = CARTESIAN_POINT('',(61.625,33.15092,2.4));
#3495 = VECTOR('',#3496,1.);
#3496 = DIRECTION('',(1.,0.,-0.));
#3497 = ORIENTED_EDGE('',*,*,#3498,.F.);
#3498 = EDGE_CURVE('',#823,#3491,#3499,.T.);
#3499 = LINE('',#3500,#3501);
#3500 = CARTESIAN_POINT('',(41.38,33.15092,-0.5));
#3501 = VECTOR('',#3502,1.);
#3502 = DIRECTION('',(0.,0.,1.));
#3503 = PLANE('',#3504);
#3504 = AXIS2_PLACEMENT_3D('',#3505,#3506,#3507);
#3505 = CARTESIAN_POINT('',(47.55,33.15092,-0.5));
#3506 = DIRECTION('',(0.,-1.,0.));
#3507 = DIRECTION('',(-1.,0.,0.));
#3508 = ADVANCED_FACE('',(#3509),#3527,.T.);
#3509 = FACE_BOUND('',#3510,.T.);
#3510 = EDGE_LOOP('',(#3511,#3512,#3520,#3526));
#3511 = ORIENTED_EDGE('',*,*,#814,.T.);
#3512 = ORIENTED_EDGE('',*,*,#3513,.T.);
#3513 = EDGE_CURVE('',#815,#3514,#3516,.T.);
#3514 = VERTEX_POINT('',#3515);
#3515 = CARTESIAN_POINT('',(37.88,29.65092,2.4));
#3516 = LINE('',#3517,#3518);
#3517 = CARTESIAN_POINT('',(37.88,29.65092,-0.5));
#3518 = VECTOR('',#3519,1.);
#3519 = DIRECTION('',(0.,0.,1.));
#3520 = ORIENTED_EDGE('',*,*,#3521,.F.);
#3521 = EDGE_CURVE('',#3466,#3514,#3522,.T.);
#3522 = LINE('',#3523,#3524);
#3523 = CARTESIAN_POINT('',(48.56,18.97092,2.4));
#3524 = VECTOR('',#3525,1.);
#3525 = DIRECTION('',(-0.707106781187,0.707106781187,0.));
#3526 = ORIENTED_EDGE('',*,*,#3465,.F.);
#3527 = PLANE('',#3528);
#3528 = AXIS2_PLACEMENT_3D('',#3529,#3530,#3531);
#3529 = CARTESIAN_POINT('',(37.88,29.65092,-0.5));
#3530 = DIRECTION('',(0.707106781187,0.707106781187,-0.));
#3531 = DIRECTION('',(0.707106781187,-0.707106781187,0.));
#3532 = ADVANCED_FACE('',(#3533),#3544,.T.);
#3533 = FACE_BOUND('',#3534,.T.);
#3534 = EDGE_LOOP('',(#3535,#3536,#3537,#3543));
#3535 = ORIENTED_EDGE('',*,*,#822,.T.);
#3536 = ORIENTED_EDGE('',*,*,#3498,.T.);
#3537 = ORIENTED_EDGE('',*,*,#3538,.F.);
#3538 = EDGE_CURVE('',#3514,#3491,#3539,.T.);
#3539 = LINE('',#3540,#3541);
#3540 = CARTESIAN_POINT('',(47.86,39.63092,2.4));
#3541 = VECTOR('',#3542,1.);
#3542 = DIRECTION('',(0.707106781187,0.707106781187,-0.));
#3543 = ORIENTED_EDGE('',*,*,#3513,.F.);
#3544 = PLANE('',#3545);
#3545 = AXIS2_PLACEMENT_3D('',#3546,#3547,#3548);
#3546 = CARTESIAN_POINT('',(41.38,33.15092,-0.5));
#3547 = DIRECTION('',(0.707106781187,-0.707106781187,0.));
#3548 = DIRECTION('',(-0.707106781187,-0.707106781187,0.));
#3549 = ADVANCED_FACE('',(#3550),#3575,.T.);
#3550 = FACE_BOUND('',#3551,.T.);
#3551 = EDGE_LOOP('',(#3552,#3553,#3561,#3569));
#3552 = ORIENTED_EDGE('',*,*,#846,.T.);
#3553 = ORIENTED_EDGE('',*,*,#3554,.T.);
#3554 = EDGE_CURVE('',#849,#3555,#3557,.T.);
#3555 = VERTEX_POINT('',#3556);
#3556 = CARTESIAN_POINT('',(25.58,35.95092,2.4));
#3557 = LINE('',#3558,#3559);
#3558 = CARTESIAN_POINT('',(25.58,35.95092,-0.5));
#3559 = VECTOR('',#3560,1.);
#3560 = DIRECTION('',(0.,0.,1.));
#3561 = ORIENTED_EDGE('',*,*,#3562,.F.);
#3562 = EDGE_CURVE('',#3563,#3555,#3565,.T.);
#3563 = VERTEX_POINT('',#3564);
#3564 = CARTESIAN_POINT('',(29.08,39.45092,2.4));
#3565 = LINE('',#3566,#3567);
#3566 = CARTESIAN_POINT('',(35.31,45.68092,2.4));
#3567 = VECTOR('',#3568,1.);
#3568 = DIRECTION('',(-0.707106781187,-0.707106781187,0.));
#3569 = ORIENTED_EDGE('',*,*,#3570,.F.);
#3570 = EDGE_CURVE('',#847,#3563,#3571,.T.);
#3571 = LINE('',#3572,#3573);
#3572 = CARTESIAN_POINT('',(29.08,39.45092,-0.5));
#3573 = VECTOR('',#3574,1.);
#3574 = DIRECTION('',(0.,0.,1.));
#3575 = PLANE('',#3576);
#3576 = AXIS2_PLACEMENT_3D('',#3577,#3578,#3579);
#3577 = CARTESIAN_POINT('',(25.58,35.95092,-0.5));
#3578 = DIRECTION('',(-0.707106781187,0.707106781187,0.));
#3579 = DIRECTION('',(0.707106781187,0.707106781187,0.));
#3580 = ADVANCED_FACE('',(#3581),#3599,.T.);
#3581 = FACE_BOUND('',#3582,.T.);
#3582 = EDGE_LOOP('',(#3583,#3584,#3585,#3593));
#3583 = ORIENTED_EDGE('',*,*,#888,.T.);
#3584 = ORIENTED_EDGE('',*,*,#3570,.T.);
#3585 = ORIENTED_EDGE('',*,*,#3586,.F.);
#3586 = EDGE_CURVE('',#3587,#3563,#3589,.T.);
#3587 = VERTEX_POINT('',#3588);
#3588 = CARTESIAN_POINT('',(25.58,42.95092,2.4));
#3589 = LINE('',#3590,#3591);
#3590 = CARTESIAN_POINT('',(44.41,24.12092,2.4));
#3591 = VECTOR('',#3592,1.);
#3592 = DIRECTION('',(0.707106781187,-0.707106781187,0.));
#3593 = ORIENTED_EDGE('',*,*,#3594,.F.);
#3594 = EDGE_CURVE('',#881,#3587,#3595,.T.);
#3595 = LINE('',#3596,#3597);
#3596 = CARTESIAN_POINT('',(25.58,42.95092,-0.5));
#3597 = VECTOR('',#3598,1.);
#3598 = DIRECTION('',(0.,0.,1.));
#3599 = PLANE('',#3600);
#3600 = AXIS2_PLACEMENT_3D('',#3601,#3602,#3603);
#3601 = CARTESIAN_POINT('',(29.08,39.45092,-0.5));
#3602 = DIRECTION('',(-0.707106781187,-0.707106781187,0.));
#3603 = DIRECTION('',(-0.707106781187,0.707106781187,0.));
#3604 = ADVANCED_FACE('',(#3605),#3623,.T.);
#3605 = FACE_BOUND('',#3606,.T.);
#3606 = EDGE_LOOP('',(#3607,#3608,#3616,#3622));
#3607 = ORIENTED_EDGE('',*,*,#856,.T.);
#3608 = ORIENTED_EDGE('',*,*,#3609,.T.);
#3609 = EDGE_CURVE('',#857,#3610,#3612,.T.);
#3610 = VERTEX_POINT('',#3611);
#3611 = CARTESIAN_POINT('',(9.7,35.95092,2.4));
#3612 = LINE('',#3613,#3614);
#3613 = CARTESIAN_POINT('',(9.7,35.95092,-0.5));
#3614 = VECTOR('',#3615,1.);
#3615 = DIRECTION('',(0.,0.,1.));
#3616 = ORIENTED_EDGE('',*,*,#3617,.F.);
#3617 = EDGE_CURVE('',#3555,#3610,#3618,.T.);
#3618 = LINE('',#3619,#3620);
#3619 = CARTESIAN_POINT('',(42.7,35.95092,2.4));
#3620 = VECTOR('',#3621,1.);
#3621 = DIRECTION('',(-1.,0.,0.));
#3622 = ORIENTED_EDGE('',*,*,#3554,.F.);
#3623 = PLANE('',#3624);
#3624 = AXIS2_PLACEMENT_3D('',#3625,#3626,#3627);
#3625 = CARTESIAN_POINT('',(9.7,35.95092,-0.5));
#3626 = DIRECTION('',(0.,1.,0.));
#3627 = DIRECTION('',(1.,0.,0.));
#3628 = ADVANCED_FACE('',(#3629),#3647,.T.);
#3629 = FACE_BOUND('',#3630,.T.);
#3630 = EDGE_LOOP('',(#3631,#3632,#3633,#3641));
#3631 = ORIENTED_EDGE('',*,*,#880,.T.);
#3632 = ORIENTED_EDGE('',*,*,#3594,.T.);
#3633 = ORIENTED_EDGE('',*,*,#3634,.F.);
#3634 = EDGE_CURVE('',#3635,#3587,#3637,.T.);
#3635 = VERTEX_POINT('',#3636);
#3636 = CARTESIAN_POINT('',(9.7,42.95092,2.4));
#3637 = LINE('',#3638,#3639);
#3638 = CARTESIAN_POINT('',(50.64,42.95092,2.4));
#3639 = VECTOR('',#3640,1.);
#3640 = DIRECTION('',(1.,0.,-0.));
#3641 = ORIENTED_EDGE('',*,*,#3642,.F.);
#3642 = EDGE_CURVE('',#873,#3635,#3643,.T.);
#3643 = LINE('',#3644,#3645);
#3644 = CARTESIAN_POINT('',(9.7,42.95092,-0.5));
#3645 = VECTOR('',#3646,1.);
#3646 = DIRECTION('',(0.,0.,1.));
#3647 = PLANE('',#3648);
#3648 = AXIS2_PLACEMENT_3D('',#3649,#3650,#3651);
#3649 = CARTESIAN_POINT('',(25.58,42.95092,-0.5));
#3650 = DIRECTION('',(0.,-1.,0.));
#3651 = DIRECTION('',(-1.,0.,0.));
#3652 = ADVANCED_FACE('',(#3653),#3671,.T.);
#3653 = FACE_BOUND('',#3654,.T.);
#3654 = EDGE_LOOP('',(#3655,#3656,#3664,#3670));
#3655 = ORIENTED_EDGE('',*,*,#864,.T.);
#3656 = ORIENTED_EDGE('',*,*,#3657,.T.);
#3657 = EDGE_CURVE('',#865,#3658,#3660,.T.);
#3658 = VERTEX_POINT('',#3659);
#3659 = CARTESIAN_POINT('',(6.2,39.45092,2.4));
#3660 = LINE('',#3661,#3662);
#3661 = CARTESIAN_POINT('',(6.2,39.45092,-0.5));
#3662 = VECTOR('',#3663,1.);
#3663 = DIRECTION('',(0.,0.,1.));
#3664 = ORIENTED_EDGE('',*,*,#3665,.F.);
#3665 = EDGE_CURVE('',#3610,#3658,#3666,.T.);
#3666 = LINE('',#3667,#3668);
#3667 = CARTESIAN_POINT('',(27.25,18.40092,2.4));
#3668 = VECTOR('',#3669,1.);
#3669 = DIRECTION('',(-0.707106781187,0.707106781187,0.));
#3670 = ORIENTED_EDGE('',*,*,#3609,.F.);
#3671 = PLANE('',#3672);
#3672 = AXIS2_PLACEMENT_3D('',#3673,#3674,#3675);
#3673 = CARTESIAN_POINT('',(6.2,39.45092,-0.5));
#3674 = DIRECTION('',(0.707106781187,0.707106781187,-0.));
#3675 = DIRECTION('',(0.707106781187,-0.707106781187,0.));
#3676 = ADVANCED_FACE('',(#3677),#3688,.T.);
#3677 = FACE_BOUND('',#3678,.T.);
#3678 = EDGE_LOOP('',(#3679,#3680,#3681,#3687));
#3679 = ORIENTED_EDGE('',*,*,#872,.T.);
#3680 = ORIENTED_EDGE('',*,*,#3642,.T.);
#3681 = ORIENTED_EDGE('',*,*,#3682,.F.);
#3682 = EDGE_CURVE('',#3658,#3635,#3683,.T.);
#3683 = LINE('',#3684,#3685);
#3684 = CARTESIAN_POINT('',(21.65,54.90092,2.4));
#3685 = VECTOR('',#3686,1.);
#3686 = DIRECTION('',(0.707106781187,0.707106781187,-0.));
#3687 = ORIENTED_EDGE('',*,*,#3657,.F.);
#3688 = PLANE('',#3689);
#3689 = AXIS2_PLACEMENT_3D('',#3690,#3691,#3692);
#3690 = CARTESIAN_POINT('',(9.7,42.95092,-0.5));
#3691 = DIRECTION('',(0.707106781187,-0.707106781187,0.));
#3692 = DIRECTION('',(-0.707106781187,-0.707106781187,0.));
#3693 = ADVANCED_FACE('',(#3694),#3719,.T.);
#3694 = FACE_BOUND('',#3695,.T.);
#3695 = EDGE_LOOP('',(#3696,#3697,#3705,#3713));
#3696 = ORIENTED_EDGE('',*,*,#896,.T.);
#3697 = ORIENTED_EDGE('',*,*,#3698,.T.);
#3698 = EDGE_CURVE('',#899,#3699,#3701,.T.);
#3699 = VERTEX_POINT('',#3700);
#3700 = CARTESIAN_POINT('',(47.55,35.95092,2.4));
#3701 = LINE('',#3702,#3703);
#3702 = CARTESIAN_POINT('',(47.55,35.95092,-0.5));
#3703 = VECTOR('',#3704,1.);
#3704 = DIRECTION('',(0.,0.,1.));
#3705 = ORIENTED_EDGE('',*,*,#3706,.F.);
#3706 = EDGE_CURVE('',#3707,#3699,#3709,.T.);
#3707 = VERTEX_POINT('',#3708);
#3708 = CARTESIAN_POINT('',(51.05,39.45092,2.4));
#3709 = LINE('',#3710,#3711);
#3710 = CARTESIAN_POINT('',(51.7875,40.18842,2.4));
#3711 = VECTOR('',#3712,1.);
#3712 = DIRECTION('',(-0.707106781187,-0.707106781187,0.));
#3713 = ORIENTED_EDGE('',*,*,#3714,.F.);
#3714 = EDGE_CURVE('',#897,#3707,#3715,.T.);
#3715 = LINE('',#3716,#3717);
#3716 = CARTESIAN_POINT('',(51.05,39.45092,-0.5));
#3717 = VECTOR('',#3718,1.);
#3718 = DIRECTION('',(0.,0.,1.));
#3719 = PLANE('',#3720);
#3720 = AXIS2_PLACEMENT_3D('',#3721,#3722,#3723);
#3721 = CARTESIAN_POINT('',(47.55,35.95092,-0.5));
#3722 = DIRECTION('',(-0.707106781187,0.707106781187,0.));
#3723 = DIRECTION('',(0.707106781187,0.707106781187,0.));
#3724 = ADVANCED_FACE('',(#3725),#3743,.T.);
#3725 = FACE_BOUND('',#3726,.T.);
#3726 = EDGE_LOOP('',(#3727,#3728,#3729,#3737));
#3727 = ORIENTED_EDGE('',*,*,#938,.T.);
#3728 = ORIENTED_EDGE('',*,*,#3714,.T.);
#3729 = ORIENTED_EDGE('',*,*,#3730,.F.);
#3730 = EDGE_CURVE('',#3731,#3707,#3733,.T.);
#3731 = VERTEX_POINT('',#3732);
#3732 = CARTESIAN_POINT('',(47.55,42.95092,2.4));
#3733 = LINE('',#3734,#3735);
#3734 = CARTESIAN_POINT('',(60.8875,29.61342,2.4));
#3735 = VECTOR('',#3736,1.);
#3736 = DIRECTION('',(0.707106781187,-0.707106781187,0.));
#3737 = ORIENTED_EDGE('',*,*,#3738,.F.);
#3738 = EDGE_CURVE('',#931,#3731,#3739,.T.);
#3739 = LINE('',#3740,#3741);
#3740 = CARTESIAN_POINT('',(47.55,42.95092,-0.5));
#3741 = VECTOR('',#3742,1.);
#3742 = DIRECTION('',(0.,0.,1.));
#3743 = PLANE('',#3744);
#3744 = AXIS2_PLACEMENT_3D('',#3745,#3746,#3747);
#3745 = CARTESIAN_POINT('',(51.05,39.45092,-0.5));
#3746 = DIRECTION('',(-0.707106781187,-0.707106781187,0.));
#3747 = DIRECTION('',(-0.707106781187,0.707106781187,0.));
#3748 = ADVANCED_FACE('',(#3749),#3767,.T.);
#3749 = FACE_BOUND('',#3750,.T.);
#3750 = EDGE_LOOP('',(#3751,#3752,#3760,#3766));
#3751 = ORIENTED_EDGE('',*,*,#906,.T.);
#3752 = ORIENTED_EDGE('',*,*,#3753,.T.);
#3753 = EDGE_CURVE('',#907,#3754,#3756,.T.);
#3754 = VERTEX_POINT('',#3755);
#3755 = CARTESIAN_POINT('',(41.38,35.95092,2.4));
#3756 = LINE('',#3757,#3758);
#3757 = CARTESIAN_POINT('',(41.38,35.95092,-0.5));
#3758 = VECTOR('',#3759,1.);
#3759 = DIRECTION('',(0.,0.,1.));
#3760 = ORIENTED_EDGE('',*,*,#3761,.F.);
#3761 = EDGE_CURVE('',#3699,#3754,#3762,.T.);
#3762 = LINE('',#3763,#3764);
#3763 = CARTESIAN_POINT('',(58.54,35.95092,2.4));
#3764 = VECTOR('',#3765,1.);
#3765 = DIRECTION('',(-1.,0.,0.));
#3766 = ORIENTED_EDGE('',*,*,#3698,.F.);
#3767 = PLANE('',#3768);
#3768 = AXIS2_PLACEMENT_3D('',#3769,#3770,#3771);
#3769 = CARTESIAN_POINT('',(41.38,35.95092,-0.5));
#3770 = DIRECTION('',(0.,1.,0.));
#3771 = DIRECTION('',(1.,0.,0.));
#3772 = ADVANCED_FACE('',(#3773),#3791,.T.);
#3773 = FACE_BOUND('',#3774,.T.);
#3774 = EDGE_LOOP('',(#3775,#3776,#3777,#3785));
#3775 = ORIENTED_EDGE('',*,*,#930,.T.);
#3776 = ORIENTED_EDGE('',*,*,#3738,.T.);
#3777 = ORIENTED_EDGE('',*,*,#3778,.F.);
#3778 = EDGE_CURVE('',#3779,#3731,#3781,.T.);
#3779 = VERTEX_POINT('',#3780);
#3780 = CARTESIAN_POINT('',(41.38,42.95092,2.4));
#3781 = LINE('',#3782,#3783);
#3782 = CARTESIAN_POINT('',(61.625,42.95092,2.4));
#3783 = VECTOR('',#3784,1.);
#3784 = DIRECTION('',(1.,0.,-0.));
#3785 = ORIENTED_EDGE('',*,*,#3786,.F.);
#3786 = EDGE_CURVE('',#923,#3779,#3787,.T.);
#3787 = LINE('',#3788,#3789);
#3788 = CARTESIAN_POINT('',(41.38,42.95092,-0.5));
#3789 = VECTOR('',#3790,1.);
#3790 = DIRECTION('',(0.,0.,1.));
#3791 = PLANE('',#3792);
#3792 = AXIS2_PLACEMENT_3D('',#3793,#3794,#3795);
#3793 = CARTESIAN_POINT('',(47.55,42.95092,-0.5));
#3794 = DIRECTION('',(0.,-1.,0.));
#3795 = DIRECTION('',(-1.,0.,0.));
#3796 = ADVANCED_FACE('',(#3797),#3815,.T.);
#3797 = FACE_BOUND('',#3798,.T.);
#3798 = EDGE_LOOP('',(#3799,#3800,#3808,#3814));
#3799 = ORIENTED_EDGE('',*,*,#914,.T.);
#3800 = ORIENTED_EDGE('',*,*,#3801,.T.);
#3801 = EDGE_CURVE('',#915,#3802,#3804,.T.);
#3802 = VERTEX_POINT('',#3803);
#3803 = CARTESIAN_POINT('',(37.88,39.45092,2.4));
#3804 = LINE('',#3805,#3806);
#3805 = CARTESIAN_POINT('',(37.88,39.45092,-0.5));
#3806 = VECTOR('',#3807,1.);
#3807 = DIRECTION('',(0.,0.,1.));
#3808 = ORIENTED_EDGE('',*,*,#3809,.F.);
#3809 = EDGE_CURVE('',#3754,#3802,#3810,.T.);
#3810 = LINE('',#3811,#3812);
#3811 = CARTESIAN_POINT('',(51.01,26.32092,2.4));
#3812 = VECTOR('',#3813,1.);
#3813 = DIRECTION('',(-0.707106781187,0.707106781187,0.));
#3814 = ORIENTED_EDGE('',*,*,#3753,.F.);
#3815 = PLANE('',#3816);
#3816 = AXIS2_PLACEMENT_3D('',#3817,#3818,#3819);
#3817 = CARTESIAN_POINT('',(37.88,39.45092,-0.5));
#3818 = DIRECTION('',(0.707106781187,0.707106781187,-0.));
#3819 = DIRECTION('',(0.707106781187,-0.707106781187,0.));
#3820 = ADVANCED_FACE('',(#3821),#3832,.T.);
#3821 = FACE_BOUND('',#3822,.T.);
#3822 = EDGE_LOOP('',(#3823,#3824,#3825,#3831));
#3823 = ORIENTED_EDGE('',*,*,#922,.T.);
#3824 = ORIENTED_EDGE('',*,*,#3786,.T.);
#3825 = ORIENTED_EDGE('',*,*,#3826,.F.);
#3826 = EDGE_CURVE('',#3802,#3779,#3827,.T.);
#3827 = LINE('',#3828,#3829);
#3828 = CARTESIAN_POINT('',(45.41,46.98092,2.4));
#3829 = VECTOR('',#3830,1.);
#3830 = DIRECTION('',(0.707106781187,0.707106781187,-0.));
#3831 = ORIENTED_EDGE('',*,*,#3801,.F.);
#3832 = PLANE('',#3833);
#3833 = AXIS2_PLACEMENT_3D('',#3834,#3835,#3836);
#3834 = CARTESIAN_POINT('',(41.38,42.95092,-0.5));
#3835 = DIRECTION('',(0.707106781187,-0.707106781187,0.));
#3836 = DIRECTION('',(-0.707106781187,-0.707106781187,0.));
#3837 = ADVANCED_FACE('',(#3838),#3864,.F.);
#3838 = FACE_BOUND('',#3839,.T.);
#3839 = EDGE_LOOP('',(#3840,#3841,#3849,#3858));
#3840 = ORIENTED_EDGE('',*,*,#946,.T.);
#3841 = ORIENTED_EDGE('',*,*,#3842,.T.);
#3842 = EDGE_CURVE('',#949,#3843,#3845,.T.);
#3843 = VERTEX_POINT('',#3844);
#3844 = CARTESIAN_POINT('',(58.575,27.85,2.4));
#3845 = LINE('',#3846,#3847);
#3846 = CARTESIAN_POINT('',(58.575,27.85,-0.5));
#3847 = VECTOR('',#3848,1.);
#3848 = DIRECTION('',(0.,0.,1.));
#3849 = ORIENTED_EDGE('',*,*,#3850,.F.);
#3850 = EDGE_CURVE('',#3851,#3843,#3853,.T.);
#3851 = VERTEX_POINT('',#3852);
#3852 = CARTESIAN_POINT('',(59.375,28.65,2.4));
#3853 = CIRCLE('',#3854,0.8);
#3854 = AXIS2_PLACEMENT_3D('',#3855,#3856,#3857);
#3855 = CARTESIAN_POINT('',(58.575,28.65,2.4));
#3856 = DIRECTION('',(-0.,-0.,-1.));
#3857 = DIRECTION('',(0.,-1.,0.));
#3858 = ORIENTED_EDGE('',*,*,#3859,.F.);
#3859 = EDGE_CURVE('',#947,#3851,#3860,.T.);
#3860 = LINE('',#3861,#3862);
#3861 = CARTESIAN_POINT('',(59.375,28.65,-0.5));
#3862 = VECTOR('',#3863,1.);
#3863 = DIRECTION('',(0.,0.,1.));
#3864 = CYLINDRICAL_SURFACE('',#3865,0.8);
#3865 = AXIS2_PLACEMENT_3D('',#3866,#3867,#3868);
#3866 = CARTESIAN_POINT('',(58.575,28.65,-0.5));
#3867 = DIRECTION('',(-0.,-0.,-1.));
#3868 = DIRECTION('',(0.,-1.,0.));
#3869 = ADVANCED_FACE('',(#3870),#3888,.T.);
#3870 = FACE_BOUND('',#3871,.T.);
#3871 = EDGE_LOOP('',(#3872,#3873,#3874,#3882));
#3872 = ORIENTED_EDGE('',*,*,#1008,.T.);
#3873 = ORIENTED_EDGE('',*,*,#3859,.T.);
#3874 = ORIENTED_EDGE('',*,*,#3875,.F.);
#3875 = EDGE_CURVE('',#3876,#3851,#3878,.T.);
#3876 = VERTEX_POINT('',#3877);
#3877 = CARTESIAN_POINT('',(59.375,43.65,2.4));
#3878 = LINE('',#3879,#3880);
#3879 = CARTESIAN_POINT('',(59.375,26.70046,2.4));
#3880 = VECTOR('',#3881,1.);
#3881 = DIRECTION('',(0.,-1.,0.));
#3882 = ORIENTED_EDGE('',*,*,#3883,.F.);
#3883 = EDGE_CURVE('',#1000,#3876,#3884,.T.);
#3884 = LINE('',#3885,#3886);
#3885 = CARTESIAN_POINT('',(59.375,43.65,-0.5));
#3886 = VECTOR('',#3887,1.);
#3887 = DIRECTION('',(0.,0.,1.));
#3888 = PLANE('',#3889);
#3889 = AXIS2_PLACEMENT_3D('',#3890,#3891,#3892);
#3890 = CARTESIAN_POINT('',(59.375,28.65,-0.5));
#3891 = DIRECTION('',(-1.,0.,0.));
#3892 = DIRECTION('',(0.,1.,0.));
#3893 = ADVANCED_FACE('',(#3894),#3912,.T.);
#3894 = FACE_BOUND('',#3895,.T.);
#3895 = EDGE_LOOP('',(#3896,#3897,#3905,#3911));
#3896 = ORIENTED_EDGE('',*,*,#957,.T.);
#3897 = ORIENTED_EDGE('',*,*,#3898,.T.);
#3898 = EDGE_CURVE('',#958,#3899,#3901,.T.);
#3899 = VERTEX_POINT('',#3900);
#3900 = CARTESIAN_POINT('',(55.05,27.85,2.4));
#3901 = LINE('',#3902,#3903);
#3902 = CARTESIAN_POINT('',(55.05,27.85,-0.5));
#3903 = VECTOR('',#3904,1.);
#3904 = DIRECTION('',(0.,0.,1.));
#3905 = ORIENTED_EDGE('',*,*,#3906,.F.);
#3906 = EDGE_CURVE('',#3843,#3899,#3907,.T.);
#3907 = LINE('',#3908,#3909);
#3908 = CARTESIAN_POINT('',(65.375,27.85,2.4));
#3909 = VECTOR('',#3910,1.);
#3910 = DIRECTION('',(-1.,0.,0.));
#3911 = ORIENTED_EDGE('',*,*,#3842,.F.);
#3912 = PLANE('',#3913);
#3913 = AXIS2_PLACEMENT_3D('',#3914,#3915,#3916);
#3914 = CARTESIAN_POINT('',(55.05,27.85,-0.5));
#3915 = DIRECTION('',(0.,1.,0.));
#3916 = DIRECTION('',(1.,0.,0.));
#3917 = ADVANCED_FACE('',(#3918),#3937,.F.);
#3918 = FACE_BOUND('',#3919,.T.);
#3919 = EDGE_LOOP('',(#3920,#3921,#3922,#3931));
#3920 = ORIENTED_EDGE('',*,*,#999,.T.);
#3921 = ORIENTED_EDGE('',*,*,#3883,.T.);
#3922 = ORIENTED_EDGE('',*,*,#3923,.F.);
#3923 = EDGE_CURVE('',#3924,#3876,#3926,.T.);
#3924 = VERTEX_POINT('',#3925);
#3925 = CARTESIAN_POINT('',(58.575,44.45,2.4));
#3926 = CIRCLE('',#3927,0.8);
#3927 = AXIS2_PLACEMENT_3D('',#3928,#3929,#3930);
#3928 = CARTESIAN_POINT('',(58.575,43.65,2.4));
#3929 = DIRECTION('',(0.,-0.,-1.));
#3930 = DIRECTION('',(1.,2.22044604925E-15,-0.));
#3931 = ORIENTED_EDGE('',*,*,#3932,.F.);
#3932 = EDGE_CURVE('',#992,#3924,#3933,.T.);
#3933 = LINE('',#3934,#3935);
#3934 = CARTESIAN_POINT('',(58.575,44.45,-0.5));
#3935 = VECTOR('',#3936,1.);
#3936 = DIRECTION('',(0.,0.,1.));
#3937 = CYLINDRICAL_SURFACE('',#3938,0.8);
#3938 = AXIS2_PLACEMENT_3D('',#3939,#3940,#3941);
#3939 = CARTESIAN_POINT('',(58.575,43.65,-0.5));
#3940 = DIRECTION('',(-0.,-0.,-1.));
#3941 = DIRECTION('',(1.,2.22044604925E-15,-0.));
#3942 = ADVANCED_FACE('',(#3943),#3962,.F.);
#3943 = FACE_BOUND('',#3944,.T.);
#3944 = EDGE_LOOP('',(#3945,#3946,#3954,#3961));
#3945 = ORIENTED_EDGE('',*,*,#965,.T.);
#3946 = ORIENTED_EDGE('',*,*,#3947,.T.);
#3947 = EDGE_CURVE('',#966,#3948,#3950,.T.);
#3948 = VERTEX_POINT('',#3949);
#3949 = CARTESIAN_POINT('',(54.25,28.65,2.4));
#3950 = LINE('',#3951,#3952);
#3951 = CARTESIAN_POINT('',(54.25,28.65,-0.5));
#3952 = VECTOR('',#3953,1.);
#3953 = DIRECTION('',(0.,0.,1.));
#3954 = ORIENTED_EDGE('',*,*,#3955,.F.);
#3955 = EDGE_CURVE('',#3899,#3948,#3956,.T.);
#3956 = CIRCLE('',#3957,0.8);
#3957 = AXIS2_PLACEMENT_3D('',#3958,#3959,#3960);
#3958 = CARTESIAN_POINT('',(55.05,28.65,2.4));
#3959 = DIRECTION('',(-0.,0.,-1.));
#3960 = DIRECTION('',(-1.,-2.775557561563E-16,0.));
#3961 = ORIENTED_EDGE('',*,*,#3898,.F.);
#3962 = CYLINDRICAL_SURFACE('',#3963,0.8);
#3963 = AXIS2_PLACEMENT_3D('',#3964,#3965,#3966);
#3964 = CARTESIAN_POINT('',(55.05,28.65,-0.5));
#3965 = DIRECTION('',(-0.,-0.,-1.));
#3966 = DIRECTION('',(-1.,-2.775557561563E-16,0.));
#3967 = ADVANCED_FACE('',(#3968),#3986,.T.);
#3968 = FACE_BOUND('',#3969,.T.);
#3969 = EDGE_LOOP('',(#3970,#3971,#3972,#3980));
#3970 = ORIENTED_EDGE('',*,*,#991,.T.);
#3971 = ORIENTED_EDGE('',*,*,#3932,.T.);
#3972 = ORIENTED_EDGE('',*,*,#3973,.F.);
#3973 = EDGE_CURVE('',#3974,#3924,#3976,.T.);
#3974 = VERTEX_POINT('',#3975);
#3975 = CARTESIAN_POINT('',(55.05,44.45,2.4));
#3976 = LINE('',#3977,#3978);
#3977 = CARTESIAN_POINT('',(67.1375,44.45,2.4));
#3978 = VECTOR('',#3979,1.);
#3979 = DIRECTION('',(1.,0.,-0.));
#3980 = ORIENTED_EDGE('',*,*,#3981,.F.);
#3981 = EDGE_CURVE('',#983,#3974,#3982,.T.);
#3982 = LINE('',#3983,#3984);
#3983 = CARTESIAN_POINT('',(55.05,44.45,-0.5));
#3984 = VECTOR('',#3985,1.);
#3985 = DIRECTION('',(0.,0.,1.));
#3986 = PLANE('',#3987);
#3987 = AXIS2_PLACEMENT_3D('',#3988,#3989,#3990);
#3988 = CARTESIAN_POINT('',(58.575,44.45,-0.5));
#3989 = DIRECTION('',(0.,-1.,0.));
#3990 = DIRECTION('',(-1.,0.,0.));
#3991 = ADVANCED_FACE('',(#3992),#4010,.T.);
#3992 = FACE_BOUND('',#3993,.T.);
#3993 = EDGE_LOOP('',(#3994,#3995,#4003,#4009));
#3994 = ORIENTED_EDGE('',*,*,#974,.T.);
#3995 = ORIENTED_EDGE('',*,*,#3996,.T.);
#3996 = EDGE_CURVE('',#975,#3997,#3999,.T.);
#3997 = VERTEX_POINT('',#3998);
#3998 = CARTESIAN_POINT('',(54.25,43.65,2.4));
#3999 = LINE('',#4000,#4001);
#4000 = CARTESIAN_POINT('',(54.25,43.65,-0.5));
#4001 = VECTOR('',#4002,1.);
#4002 = DIRECTION('',(0.,0.,1.));
#4003 = ORIENTED_EDGE('',*,*,#4004,.F.);
#4004 = EDGE_CURVE('',#3948,#3997,#4005,.T.);
#4005 = LINE('',#4006,#4007);
#4006 = CARTESIAN_POINT('',(54.25,34.20046,2.4));
#4007 = VECTOR('',#4008,1.);
#4008 = DIRECTION('',(-0.,1.,0.));
#4009 = ORIENTED_EDGE('',*,*,#3947,.F.);
#4010 = PLANE('',#4011);
#4011 = AXIS2_PLACEMENT_3D('',#4012,#4013,#4014);
#4012 = CARTESIAN_POINT('',(54.25,43.65,-0.5));
#4013 = DIRECTION('',(1.,0.,-0.));
#4014 = DIRECTION('',(0.,-1.,0.));
#4015 = ADVANCED_FACE('',(#4016),#4028,.F.);
#4016 = FACE_BOUND('',#4017,.T.);
#4017 = EDGE_LOOP('',(#4018,#4019,#4020,#4027));
#4018 = ORIENTED_EDGE('',*,*,#982,.T.);
#4019 = ORIENTED_EDGE('',*,*,#3981,.T.);
#4020 = ORIENTED_EDGE('',*,*,#4021,.F.);
#4021 = EDGE_CURVE('',#3997,#3974,#4022,.T.);
#4022 = CIRCLE('',#4023,0.8);
#4023 = AXIS2_PLACEMENT_3D('',#4024,#4025,#4026);
#4024 = CARTESIAN_POINT('',(55.05,43.65,2.4));
#4025 = DIRECTION('',(-0.,0.,-1.));
#4026 = DIRECTION('',(-3.191891195797E-15,1.,0.));
#4027 = ORIENTED_EDGE('',*,*,#3996,.F.);
#4028 = CYLINDRICAL_SURFACE('',#4029,0.8);
#4029 = AXIS2_PLACEMENT_3D('',#4030,#4031,#4032);
#4030 = CARTESIAN_POINT('',(55.05,43.65,-0.5));
#4031 = DIRECTION('',(-0.,-0.,-1.));
#4032 = DIRECTION('',(-3.191891195797E-15,1.,0.));
#4033 = ADVANCED_FACE('',(#4034),#4059,.T.);
#4034 = FACE_BOUND('',#4035,.T.);
#4035 = EDGE_LOOP('',(#4036,#4037,#4045,#4053));
#4036 = ORIENTED_EDGE('',*,*,#1016,.T.);
#4037 = ORIENTED_EDGE('',*,*,#4038,.T.);
#4038 = EDGE_CURVE('',#1019,#4039,#4041,.T.);
#4039 = VERTEX_POINT('',#4040);
#4040 = CARTESIAN_POINT('',(118.405,26.15092,2.4));
#4041 = LINE('',#4042,#4043);
#4042 = CARTESIAN_POINT('',(118.405,26.15092,-0.5));
#4043 = VECTOR('',#4044,1.);
#4044 = DIRECTION('',(0.,0.,1.));
#4045 = ORIENTED_EDGE('',*,*,#4046,.F.);
#4046 = EDGE_CURVE('',#4047,#4039,#4049,.T.);
#4047 = VERTEX_POINT('',#4048);
#4048 = CARTESIAN_POINT('',(121.905,29.65092,2.4));
#4049 = LINE('',#4050,#4051);
#4050 = CARTESIAN_POINT('',(107.37875,15.12467,2.4));
#4051 = VECTOR('',#4052,1.);
#4052 = DIRECTION('',(-0.707106781187,-0.707106781187,0.));
#4053 = ORIENTED_EDGE('',*,*,#4054,.F.);
#4054 = EDGE_CURVE('',#1017,#4047,#4055,.T.);
#4055 = LINE('',#4056,#4057);
#4056 = CARTESIAN_POINT('',(121.905,29.65092,-0.5));
#4057 = VECTOR('',#4058,1.);
#4058 = DIRECTION('',(0.,0.,1.));
#4059 = PLANE('',#4060);
#4060 = AXIS2_PLACEMENT_3D('',#4061,#4062,#4063);
#4061 = CARTESIAN_POINT('',(118.405,26.15092,-0.5));
#4062 = DIRECTION('',(-0.707106781187,0.707106781187,0.));
#4063 = DIRECTION('',(0.707106781187,0.707106781187,0.));
#4064 = ADVANCED_FACE('',(#4065),#4083,.T.);
#4065 = FACE_BOUND('',#4066,.T.);
#4066 = EDGE_LOOP('',(#4067,#4068,#4069,#4077));
#4067 = ORIENTED_EDGE('',*,*,#1058,.T.);
#4068 = ORIENTED_EDGE('',*,*,#4054,.T.);
#4069 = ORIENTED_EDGE('',*,*,#4070,.F.);
#4070 = EDGE_CURVE('',#4071,#4047,#4073,.T.);
#4071 = VERTEX_POINT('',#4072);
#4072 = CARTESIAN_POINT('',(118.405,33.15092,2.4));
#4073 = LINE('',#4074,#4075);
#4074 = CARTESIAN_POINT('',(111.57875,39.97717,2.4));
#4075 = VECTOR('',#4076,1.);
#4076 = DIRECTION('',(0.707106781187,-0.707106781187,0.));
#4077 = ORIENTED_EDGE('',*,*,#4078,.F.);
#4078 = EDGE_CURVE('',#1051,#4071,#4079,.T.);
#4079 = LINE('',#4080,#4081);
#4080 = CARTESIAN_POINT('',(118.405,33.15092,-0.5));
#4081 = VECTOR('',#4082,1.);
#4082 = DIRECTION('',(0.,0.,1.));
#4083 = PLANE('',#4084);
#4084 = AXIS2_PLACEMENT_3D('',#4085,#4086,#4087);
#4085 = CARTESIAN_POINT('',(121.905,29.65092,-0.5));
#4086 = DIRECTION('',(-0.707106781187,-0.707106781187,0.));
#4087 = DIRECTION('',(-0.707106781187,0.707106781187,0.));
#4088 = ADVANCED_FACE('',(#4089),#4107,.T.);
#4089 = FACE_BOUND('',#4090,.T.);
#4090 = EDGE_LOOP('',(#4091,#4092,#4100,#4106));
#4091 = ORIENTED_EDGE('',*,*,#1026,.T.);
#4092 = ORIENTED_EDGE('',*,*,#4093,.T.);
#4093 = EDGE_CURVE('',#1027,#4094,#4096,.T.);
#4094 = VERTEX_POINT('',#4095);
#4095 = CARTESIAN_POINT('',(101.405,26.15092,2.4));
#4096 = LINE('',#4097,#4098);
#4097 = CARTESIAN_POINT('',(101.405,26.15092,-0.5));
#4098 = VECTOR('',#4099,1.);
#4099 = DIRECTION('',(0.,0.,1.));
#4100 = ORIENTED_EDGE('',*,*,#4101,.F.);
#4101 = EDGE_CURVE('',#4039,#4094,#4102,.T.);
#4102 = LINE('',#4103,#4104);
#4103 = CARTESIAN_POINT('',(88.5525,26.15092,2.4));
#4104 = VECTOR('',#4105,1.);
#4105 = DIRECTION('',(-1.,0.,0.));
#4106 = ORIENTED_EDGE('',*,*,#4038,.F.);
#4107 = PLANE('',#4108);
#4108 = AXIS2_PLACEMENT_3D('',#4109,#4110,#4111);
#4109 = CARTESIAN_POINT('',(101.405,26.15092,-0.5));
#4110 = DIRECTION('',(0.,1.,0.));
#4111 = DIRECTION('',(1.,0.,0.));
#4112 = ADVANCED_FACE('',(#4113),#4131,.T.);
#4113 = FACE_BOUND('',#4114,.T.);
#4114 = EDGE_LOOP('',(#4115,#4116,#4117,#4125));
#4115 = ORIENTED_EDGE('',*,*,#1050,.T.);
#4116 = ORIENTED_EDGE('',*,*,#4078,.T.);
#4117 = ORIENTED_EDGE('',*,*,#4118,.F.);
#4118 = EDGE_CURVE('',#4119,#4071,#4121,.T.);
#4119 = VERTEX_POINT('',#4120);
#4120 = CARTESIAN_POINT('',(101.405,33.15092,2.4));
#4121 = LINE('',#4122,#4123);
#4122 = CARTESIAN_POINT('',(97.0525,33.15092,2.4));
#4123 = VECTOR('',#4124,1.);
#4124 = DIRECTION('',(1.,0.,-0.));
#4125 = ORIENTED_EDGE('',*,*,#4126,.F.);
#4126 = EDGE_CURVE('',#1043,#4119,#4127,.T.);
#4127 = LINE('',#4128,#4129);
#4128 = CARTESIAN_POINT('',(101.405,33.15092,-0.5));
#4129 = VECTOR('',#4130,1.);
#4130 = DIRECTION('',(0.,0.,1.));
#4131 = PLANE('',#4132);
#4132 = AXIS2_PLACEMENT_3D('',#4133,#4134,#4135);
#4133 = CARTESIAN_POINT('',(118.405,33.15092,-0.5));
#4134 = DIRECTION('',(0.,-1.,0.));
#4135 = DIRECTION('',(-1.,0.,0.));
#4136 = ADVANCED_FACE('',(#4137),#4155,.T.);
#4137 = FACE_BOUND('',#4138,.T.);
#4138 = EDGE_LOOP('',(#4139,#4140,#4148,#4154));
#4139 = ORIENTED_EDGE('',*,*,#1034,.T.);
#4140 = ORIENTED_EDGE('',*,*,#4141,.T.);
#4141 = EDGE_CURVE('',#1035,#4142,#4144,.T.);
#4142 = VERTEX_POINT('',#4143);
#4143 = CARTESIAN_POINT('',(97.905,29.65092,2.4));
#4144 = LINE('',#4145,#4146);
#4145 = CARTESIAN_POINT('',(97.905,29.65092,-0.5));
#4146 = VECTOR('',#4147,1.);
#4147 = DIRECTION('',(0.,0.,1.));
#4148 = ORIENTED_EDGE('',*,*,#4149,.F.);
#4149 = EDGE_CURVE('',#4094,#4142,#4150,.T.);
#4150 = LINE('',#4151,#4152);
#4151 = CARTESIAN_POINT('',(93.57875,33.97717,2.4));
#4152 = VECTOR('',#4153,1.);
#4153 = DIRECTION('',(-0.707106781187,0.707106781187,0.));
#4154 = ORIENTED_EDGE('',*,*,#4093,.F.);
#4155 = PLANE('',#4156);
#4156 = AXIS2_PLACEMENT_3D('',#4157,#4158,#4159);
#4157 = CARTESIAN_POINT('',(97.905,29.65092,-0.5));
#4158 = DIRECTION('',(0.707106781187,0.707106781187,-0.));
#4159 = DIRECTION('',(0.707106781187,-0.707106781187,0.));
#4160 = ADVANCED_FACE('',(#4161),#4172,.T.);
#4161 = FACE_BOUND('',#4162,.T.);
#4162 = EDGE_LOOP('',(#4163,#4164,#4165,#4171));
#4163 = ORIENTED_EDGE('',*,*,#1042,.T.);
#4164 = ORIENTED_EDGE('',*,*,#4126,.T.);
#4165 = ORIENTED_EDGE('',*,*,#4166,.F.);
#4166 = EDGE_CURVE('',#4142,#4119,#4167,.T.);
#4167 = LINE('',#4168,#4169);
#4168 = CARTESIAN_POINT('',(92.87875,24.62467,2.4));
#4169 = VECTOR('',#4170,1.);
#4170 = DIRECTION('',(0.707106781187,0.707106781187,-0.));
#4171 = ORIENTED_EDGE('',*,*,#4141,.F.);
#4172 = PLANE('',#4173);
#4173 = AXIS2_PLACEMENT_3D('',#4174,#4175,#4176);
#4174 = CARTESIAN_POINT('',(101.405,33.15092,-0.5));
#4175 = DIRECTION('',(0.707106781187,-0.707106781187,0.));
#4176 = DIRECTION('',(-0.707106781187,-0.707106781187,0.));
#4177 = ADVANCED_FACE('',(#4178),#4203,.T.);
#4178 = FACE_BOUND('',#4179,.T.);
#4179 = EDGE_LOOP('',(#4180,#4181,#4189,#4197));
#4180 = ORIENTED_EDGE('',*,*,#1066,.T.);
#4181 = ORIENTED_EDGE('',*,*,#4182,.T.);
#4182 = EDGE_CURVE('',#1069,#4183,#4185,.T.);
#4183 = VERTEX_POINT('',#4184);
#4184 = CARTESIAN_POINT('',(120.15875,35.95092,2.4));
#4185 = LINE('',#4186,#4187);
#4186 = CARTESIAN_POINT('',(120.15875,35.95092,-0.5));
#4187 = VECTOR('',#4188,1.);
#4188 = DIRECTION('',(0.,0.,1.));
#4189 = ORIENTED_EDGE('',*,*,#4190,.F.);
#4190 = EDGE_CURVE('',#4191,#4183,#4193,.T.);
#4191 = VERTEX_POINT('',#4192);
#4192 = CARTESIAN_POINT('',(123.65875,39.45092,2.4));
#4193 = LINE('',#4194,#4195);
#4194 = CARTESIAN_POINT('',(106.2440625,22.0362325,2.4));
#4195 = VECTOR('',#4196,1.);
#4196 = DIRECTION('',(-0.707106781187,-0.707106781187,0.));
#4197 = ORIENTED_EDGE('',*,*,#4198,.F.);
#4198 = EDGE_CURVE('',#1067,#4191,#4199,.T.);
#4199 = LINE('',#4200,#4201);
#4200 = CARTESIAN_POINT('',(123.65875,39.45092,-0.5));
#4201 = VECTOR('',#4202,1.);
#4202 = DIRECTION('',(0.,0.,1.));
#4203 = PLANE('',#4204);
#4204 = AXIS2_PLACEMENT_3D('',#4205,#4206,#4207);
#4205 = CARTESIAN_POINT('',(120.15875,35.95092,-0.5));
#4206 = DIRECTION('',(-0.707106781187,0.707106781187,0.));
#4207 = DIRECTION('',(0.707106781187,0.707106781187,0.));
#4208 = ADVANCED_FACE('',(#4209),#4227,.T.);
#4209 = FACE_BOUND('',#4210,.T.);
#4210 = EDGE_LOOP('',(#4211,#4212,#4213,#4221));
#4211 = ORIENTED_EDGE('',*,*,#1108,.T.);
#4212 = ORIENTED_EDGE('',*,*,#4198,.T.);
#4213 = ORIENTED_EDGE('',*,*,#4214,.F.);
#4214 = EDGE_CURVE('',#4215,#4191,#4217,.T.);
#4215 = VERTEX_POINT('',#4216);
#4216 = CARTESIAN_POINT('',(120.15875,42.95092,2.4));
#4217 = LINE('',#4218,#4219);
#4218 = CARTESIAN_POINT('',(115.3440625,47.7656075,2.4));
#4219 = VECTOR('',#4220,1.);
#4220 = DIRECTION('',(0.707106781187,-0.707106781187,0.));
#4221 = ORIENTED_EDGE('',*,*,#4222,.F.);
#4222 = EDGE_CURVE('',#1101,#4215,#4223,.T.);
#4223 = LINE('',#4224,#4225);
#4224 = CARTESIAN_POINT('',(120.15875,42.95092,-0.5));
#4225 = VECTOR('',#4226,1.);
#4226 = DIRECTION('',(0.,0.,1.));
#4227 = PLANE('',#4228);
#4228 = AXIS2_PLACEMENT_3D('',#4229,#4230,#4231);
#4229 = CARTESIAN_POINT('',(123.65875,39.45092,-0.5));
#4230 = DIRECTION('',(-0.707106781187,-0.707106781187,0.));
#4231 = DIRECTION('',(-0.707106781187,0.707106781187,0.));
#4232 = ADVANCED_FACE('',(#4233),#4251,.T.);
#4233 = FACE_BOUND('',#4234,.T.);
#4234 = EDGE_LOOP('',(#4235,#4236,#4237,#4245));
#4235 = ORIENTED_EDGE('',*,*,#1100,.T.);
#4236 = ORIENTED_EDGE('',*,*,#4222,.T.);
#4237 = ORIENTED_EDGE('',*,*,#4238,.F.);
#4238 = EDGE_CURVE('',#4239,#4215,#4241,.T.);
#4239 = VERTEX_POINT('',#4240);
#4240 = CARTESIAN_POINT('',(103.15875,42.95092,2.4));
#4241 = LINE('',#4242,#4243);
#4242 = CARTESIAN_POINT('',(97.929375,42.95092,2.4));
#4243 = VECTOR('',#4244,1.);
#4244 = DIRECTION('',(1.,0.,-0.));
#4245 = ORIENTED_EDGE('',*,*,#4246,.F.);
#4246 = EDGE_CURVE('',#1093,#4239,#4247,.T.);
#4247 = LINE('',#4248,#4249);
#4248 = CARTESIAN_POINT('',(103.15875,42.95092,-0.5));
#4249 = VECTOR('',#4250,1.);
#4250 = DIRECTION('',(0.,0.,1.));
#4251 = PLANE('',#4252);
#4252 = AXIS2_PLACEMENT_3D('',#4253,#4254,#4255);
#4253 = CARTESIAN_POINT('',(120.15875,42.95092,-0.5));
#4254 = DIRECTION('',(0.,-1.,0.));
#4255 = DIRECTION('',(-1.,0.,0.));
#4256 = ADVANCED_FACE('',(#4257),#4275,.T.);
#4257 = FACE_BOUND('',#4258,.T.);
#4258 = EDGE_LOOP('',(#4259,#4260,#4261,#4269));
#4259 = ORIENTED_EDGE('',*,*,#1092,.T.);
#4260 = ORIENTED_EDGE('',*,*,#4246,.T.);
#4261 = ORIENTED_EDGE('',*,*,#4262,.F.);
#4262 = EDGE_CURVE('',#4263,#4239,#4265,.T.);
#4263 = VERTEX_POINT('',#4264);
#4264 = CARTESIAN_POINT('',(99.65875,39.45092,2.4));
#4265 = LINE('',#4266,#4267);
#4266 = CARTESIAN_POINT('',(91.7440625,31.5362325,2.4));
#4267 = VECTOR('',#4268,1.);
#4268 = DIRECTION('',(0.707106781187,0.707106781187,-0.));
#4269 = ORIENTED_EDGE('',*,*,#4270,.F.);
#4270 = EDGE_CURVE('',#1085,#4263,#4271,.T.);
#4271 = LINE('',#4272,#4273);
#4272 = CARTESIAN_POINT('',(99.65875,39.45092,-0.5));
#4273 = VECTOR('',#4274,1.);
#4274 = DIRECTION('',(0.,0.,1.));
#4275 = PLANE('',#4276);
#4276 = AXIS2_PLACEMENT_3D('',#4277,#4278,#4279);
#4277 = CARTESIAN_POINT('',(103.15875,42.95092,-0.5));
#4278 = DIRECTION('',(0.707106781187,-0.707106781187,0.));
#4279 = DIRECTION('',(-0.707106781187,-0.707106781187,0.));
#4280 = ADVANCED_FACE('',(#4281),#4299,.T.);
#4281 = FACE_BOUND('',#4282,.T.);
#4282 = EDGE_LOOP('',(#4283,#4284,#4285,#4293));
#4283 = ORIENTED_EDGE('',*,*,#1084,.T.);
#4284 = ORIENTED_EDGE('',*,*,#4270,.T.);
#4285 = ORIENTED_EDGE('',*,*,#4286,.F.);
#4286 = EDGE_CURVE('',#4287,#4263,#4289,.T.);
#4287 = VERTEX_POINT('',#4288);
#4288 = CARTESIAN_POINT('',(103.15875,35.95092,2.4));
#4289 = LINE('',#4290,#4291);
#4290 = CARTESIAN_POINT('',(97.3440625,41.7656075,2.4));
#4291 = VECTOR('',#4292,1.);
#4292 = DIRECTION('',(-0.707106781187,0.707106781187,0.));
#4293 = ORIENTED_EDGE('',*,*,#4294,.F.);
#4294 = EDGE_CURVE('',#1077,#4287,#4295,.T.);
#4295 = LINE('',#4296,#4297);
#4296 = CARTESIAN_POINT('',(103.15875,35.95092,-0.5));
#4297 = VECTOR('',#4298,1.);
#4298 = DIRECTION('',(0.,0.,1.));
#4299 = PLANE('',#4300);
#4300 = AXIS2_PLACEMENT_3D('',#4301,#4302,#4303);
#4301 = CARTESIAN_POINT('',(99.65875,39.45092,-0.5));
#4302 = DIRECTION('',(0.707106781187,0.707106781187,-0.));
#4303 = DIRECTION('',(0.707106781187,-0.707106781187,0.));
#4304 = ADVANCED_FACE('',(#4305),#4316,.T.);
#4305 = FACE_BOUND('',#4306,.T.);
#4306 = EDGE_LOOP('',(#4307,#4308,#4309,#4315));
#4307 = ORIENTED_EDGE('',*,*,#1076,.T.);
#4308 = ORIENTED_EDGE('',*,*,#4294,.T.);
#4309 = ORIENTED_EDGE('',*,*,#4310,.F.);
#4310 = EDGE_CURVE('',#4183,#4287,#4311,.T.);
#4311 = LINE('',#4312,#4313);
#4312 = CARTESIAN_POINT('',(89.429375,35.95092,2.4));
#4313 = VECTOR('',#4314,1.);
#4314 = DIRECTION('',(-1.,0.,0.));
#4315 = ORIENTED_EDGE('',*,*,#4182,.F.);
#4316 = PLANE('',#4317);
#4317 = AXIS2_PLACEMENT_3D('',#4318,#4319,#4320);
#4318 = CARTESIAN_POINT('',(103.15875,35.95092,-0.5));
#4319 = DIRECTION('',(0.,1.,0.));
#4320 = DIRECTION('',(1.,0.,0.));
#4321 = ADVANCED_FACE('',(#4322),#4340,.F.);
#4322 = FACE_BOUND('',#4323,.F.);
#4323 = EDGE_LOOP('',(#4324,#4332,#4333,#4334));
#4324 = ORIENTED_EDGE('',*,*,#4325,.F.);
#4325 = EDGE_CURVE('',#1123,#4326,#4328,.T.);
#4326 = VERTEX_POINT('',#4327);
#4327 = CARTESIAN_POINT('',(2.65,2.65,5.6));
#4328 = LINE('',#4329,#4330);
#4329 = CARTESIAN_POINT('',(2.65,2.65,2.4));
#4330 = VECTOR('',#4331,1.);
#4331 = DIRECTION('',(0.,0.,1.));
#4332 = ORIENTED_EDGE('',*,*,#1122,.T.);
#4333 = ORIENTED_EDGE('',*,*,#1256,.T.);
#4334 = ORIENTED_EDGE('',*,*,#4335,.F.);
#4335 = EDGE_CURVE('',#4326,#1257,#4336,.T.);
#4336 = LINE('',#4337,#4338);
#4337 = CARTESIAN_POINT('',(2.65,2.65,5.6));
#4338 = VECTOR('',#4339,1.);
#4339 = DIRECTION('',(-0.,1.,0.));
#4340 = PLANE('',#4341);
#4341 = AXIS2_PLACEMENT_3D('',#4342,#4343,#4344);
#4342 = CARTESIAN_POINT('',(2.65,2.65,2.4));
#4343 = DIRECTION('',(1.,0.,-0.));
#4344 = DIRECTION('',(0.,0.,1.));
#4345 = ADVANCED_FACE('',(#4346),#4428,.F.);
#4346 = FACE_BOUND('',#4347,.F.);
#4347 = EDGE_LOOP('',(#4348,#4349,#4350,#4358,#4366,#4374,#4382,#4390,
    #4398,#4406,#4414,#4422));
#4348 = ORIENTED_EDGE('',*,*,#1173,.F.);
#4349 = ORIENTED_EDGE('',*,*,#4325,.T.);
#4350 = ORIENTED_EDGE('',*,*,#4351,.T.);
#4351 = EDGE_CURVE('',#4326,#4352,#4354,.T.);
#4352 = VERTEX_POINT('',#4353);
#4353 = CARTESIAN_POINT('',(34.42,2.65,5.6));
#4354 = LINE('',#4355,#4356);
#4355 = CARTESIAN_POINT('',(2.65,2.65,5.6));
#4356 = VECTOR('',#4357,1.);
#4357 = DIRECTION('',(1.,0.,-0.));
#4358 = ORIENTED_EDGE('',*,*,#4359,.F.);
#4359 = EDGE_CURVE('',#4360,#4352,#4362,.T.);
#4360 = VERTEX_POINT('',#4361);
#4361 = CARTESIAN_POINT('',(34.42,2.65,3.1));
#4362 = LINE('',#4363,#4364);
#4363 = CARTESIAN_POINT('',(34.42,2.65,3.1));
#4364 = VECTOR('',#4365,1.);
#4365 = DIRECTION('',(0.,0.,1.));
#4366 = ORIENTED_EDGE('',*,*,#4367,.T.);
#4367 = EDGE_CURVE('',#4360,#4368,#4370,.T.);
#4368 = VERTEX_POINT('',#4369);
#4369 = CARTESIAN_POINT('',(56.42,2.65,3.1));
#4370 = LINE('',#4371,#4372);
#4371 = CARTESIAN_POINT('',(34.42,2.65,3.1));
#4372 = VECTOR('',#4373,1.);
#4373 = DIRECTION('',(1.,0.,0.));
#4374 = ORIENTED_EDGE('',*,*,#4375,.T.);
#4375 = EDGE_CURVE('',#4368,#4376,#4378,.T.);
#4376 = VERTEX_POINT('',#4377);
#4377 = CARTESIAN_POINT('',(56.42,2.65,5.6));
#4378 = LINE('',#4379,#4380);
#4379 = CARTESIAN_POINT('',(56.42,2.65,3.1));
#4380 = VECTOR('',#4381,1.);
#4381 = DIRECTION('',(0.,0.,1.));
#4382 = ORIENTED_EDGE('',*,*,#4383,.T.);
#4383 = EDGE_CURVE('',#4376,#4384,#4386,.T.);
#4384 = VERTEX_POINT('',#4385);
#4385 = CARTESIAN_POINT('',(94.98,2.65,5.6));
#4386 = LINE('',#4387,#4388);
#4387 = CARTESIAN_POINT('',(2.65,2.65,5.6));
#4388 = VECTOR('',#4389,1.);
#4389 = DIRECTION('',(1.,0.,-0.));
#4390 = ORIENTED_EDGE('',*,*,#4391,.F.);
#4391 = EDGE_CURVE('',#4392,#4384,#4394,.T.);
#4392 = VERTEX_POINT('',#4393);
#4393 = CARTESIAN_POINT('',(94.98,2.65,3.1));
#4394 = LINE('',#4395,#4396);
#4395 = CARTESIAN_POINT('',(94.98,2.65,3.1));
#4396 = VECTOR('',#4397,1.);
#4397 = DIRECTION('',(0.,0.,1.));
#4398 = ORIENTED_EDGE('',*,*,#4399,.T.);
#4399 = EDGE_CURVE('',#4392,#4400,#4402,.T.);
#4400 = VERTEX_POINT('',#4401);
#4401 = CARTESIAN_POINT('',(116.98,2.65,3.1));
#4402 = LINE('',#4403,#4404);
#4403 = CARTESIAN_POINT('',(94.98,2.65,3.1));
#4404 = VECTOR('',#4405,1.);
#4405 = DIRECTION('',(1.,0.,0.));
#4406 = ORIENTED_EDGE('',*,*,#4407,.T.);
#4407 = EDGE_CURVE('',#4400,#4408,#4410,.T.);
#4408 = VERTEX_POINT('',#4409);
#4409 = CARTESIAN_POINT('',(116.98,2.65,5.6));
#4410 = LINE('',#4411,#4412);
#4411 = CARTESIAN_POINT('',(116.98,2.65,3.1));
#4412 = VECTOR('',#4413,1.);
#4413 = DIRECTION('',(0.,0.,1.));
#4414 = ORIENTED_EDGE('',*,*,#4415,.T.);
#4415 = EDGE_CURVE('',#4408,#4416,#4418,.T.);
#4416 = VERTEX_POINT('',#4417);
#4417 = CARTESIAN_POINT('',(148.75,2.65,5.6));
#4418 = LINE('',#4419,#4420);
#4419 = CARTESIAN_POINT('',(2.65,2.65,5.6));
#4420 = VECTOR('',#4421,1.);
#4421 = DIRECTION('',(1.,0.,-0.));
#4422 = ORIENTED_EDGE('',*,*,#4423,.F.);
#4423 = EDGE_CURVE('',#1166,#4416,#4424,.T.);
#4424 = LINE('',#4425,#4426);
#4425 = CARTESIAN_POINT('',(148.75,2.65,2.4));
#4426 = VECTOR('',#4427,1.);
#4427 = DIRECTION('',(0.,0.,1.));
#4428 = PLANE('',#4429);
#4429 = AXIS2_PLACEMENT_3D('',#4430,#4431,#4432);
#4430 = CARTESIAN_POINT('',(2.65,2.65,2.4));
#4431 = DIRECTION('',(-0.,1.,0.));
#4432 = DIRECTION('',(0.,0.,1.));
#4433 = ADVANCED_FACE('',(#4434),#4445,.T.);
#4434 = FACE_BOUND('',#4435,.T.);
#4435 = EDGE_LOOP('',(#4436,#4437,#4438,#4439));
#4436 = ORIENTED_EDGE('',*,*,#4423,.F.);
#4437 = ORIENTED_EDGE('',*,*,#1165,.T.);
#4438 = ORIENTED_EDGE('',*,*,#1536,.T.);
#4439 = ORIENTED_EDGE('',*,*,#4440,.F.);
#4440 = EDGE_CURVE('',#4416,#1529,#4441,.T.);
#4441 = LINE('',#4442,#4443);
#4442 = CARTESIAN_POINT('',(148.75,2.65,5.6));
#4443 = VECTOR('',#4444,1.);
#4444 = DIRECTION('',(-0.,1.,0.));
#4445 = PLANE('',#4446);
#4446 = AXIS2_PLACEMENT_3D('',#4447,#4448,#4449);
#4447 = CARTESIAN_POINT('',(148.75,2.65,2.4));
#4448 = DIRECTION('',(1.,0.,-0.));
#4449 = DIRECTION('',(0.,0.,1.));
#4450 = ADVANCED_FACE('',(#4451,#4553,#4561,#4569,#4577,#4585,#4588,
    #4596,#4606,#4614,#4624,#4632,#4640,#4648,#4658,#4666),#4674,.T.);
#4451 = FACE_BOUND('',#4452,.T.);
#4452 = EDGE_LOOP('',(#4453,#4454,#4455,#4456,#4464,#4470,#4471,#4472,
    #4473,#4481,#4489,#4495,#4496,#4497,#4498,#4504,#4505,#4506,#4507,
    #4515,#4523,#4531,#4539,#4547));
#4453 = ORIENTED_EDGE('',*,*,#1553,.F.);
#4454 = ORIENTED_EDGE('',*,*,#1489,.T.);
#4455 = ORIENTED_EDGE('',*,*,#1465,.T.);
#4456 = ORIENTED_EDGE('',*,*,#4457,.T.);
#4457 = EDGE_CURVE('',#1458,#4458,#4460,.T.);
#4458 = VERTEX_POINT('',#4459);
#4459 = CARTESIAN_POINT('',(4.45,45.05184,2.4));
#4460 = LINE('',#4461,#4462);
#4461 = CARTESIAN_POINT('',(3.55,45.05184,2.4));
#4462 = VECTOR('',#4463,1.);
#4463 = DIRECTION('',(-1.,-0.,0.));
#4464 = ORIENTED_EDGE('',*,*,#4465,.F.);
#4465 = EDGE_CURVE('',#1329,#4458,#4466,.T.);
#4466 = LINE('',#4467,#4468);
#4467 = CARTESIAN_POINT('',(4.45,3.55,2.4));
#4468 = VECTOR('',#4469,1.);
#4469 = DIRECTION('',(-0.,1.,0.));
#4470 = ORIENTED_EDGE('',*,*,#1336,.F.);
#4471 = ORIENTED_EDGE('',*,*,#1238,.F.);
#4472 = ORIENTED_EDGE('',*,*,#1280,.T.);
#4473 = ORIENTED_EDGE('',*,*,#4474,.F.);
#4474 = EDGE_CURVE('',#4475,#1273,#4477,.T.);
#4475 = VERTEX_POINT('',#4476);
#4476 = CARTESIAN_POINT('',(4.45,4.45,2.4));
#4477 = LINE('',#4478,#4479);
#4478 = CARTESIAN_POINT('',(4.45,3.55,2.4));
#4479 = VECTOR('',#4480,1.);
#4480 = DIRECTION('',(-0.,1.,0.));
#4481 = ORIENTED_EDGE('',*,*,#4482,.F.);
#4482 = EDGE_CURVE('',#4483,#4475,#4485,.T.);
#4483 = VERTEX_POINT('',#4484);
#4484 = CARTESIAN_POINT('',(146.95,4.45,2.4));
#4485 = LINE('',#4486,#4487);
#4486 = CARTESIAN_POINT('',(3.55,4.45,2.4));
#4487 = VECTOR('',#4488,1.);
#4488 = DIRECTION('',(-1.,-0.,0.));
#4489 = ORIENTED_EDGE('',*,*,#4490,.T.);
#4490 = EDGE_CURVE('',#4483,#1513,#4491,.T.);
#4491 = LINE('',#4492,#4493);
#4492 = CARTESIAN_POINT('',(146.95,3.55,2.4));
#4493 = VECTOR('',#4494,1.);
#4494 = DIRECTION('',(-0.,1.,0.));
#4495 = ORIENTED_EDGE('',*,*,#1512,.T.);
#4496 = ORIENTED_EDGE('',*,*,#1618,.T.);
#4497 = ORIENTED_EDGE('',*,*,#1658,.F.);
#4498 = ORIENTED_EDGE('',*,*,#4499,.T.);
#4499 = EDGE_CURVE('',#1659,#1826,#4500,.T.);
#4500 = LINE('',#4501,#4502);
#4501 = CARTESIAN_POINT('',(146.95,3.55,2.4));
#4502 = VECTOR('',#4503,1.);
#4503 = DIRECTION('',(-0.,1.,0.));
#4504 = ORIENTED_EDGE('',*,*,#1825,.T.);
#4505 = ORIENTED_EDGE('',*,*,#1916,.T.);
#4506 = ORIENTED_EDGE('',*,*,#1956,.F.);
#4507 = ORIENTED_EDGE('',*,*,#4508,.T.);
#4508 = EDGE_CURVE('',#1957,#4509,#4511,.T.);
#4509 = VERTEX_POINT('',#4510);
#4510 = CARTESIAN_POINT('',(146.95,45.05184,2.4));
#4511 = LINE('',#4512,#4513);
#4512 = CARTESIAN_POINT('',(146.95,3.55,2.4));
#4513 = VECTOR('',#4514,1.);
#4514 = DIRECTION('',(-0.,1.,0.));
#4515 = ORIENTED_EDGE('',*,*,#4516,.T.);
#4516 = EDGE_CURVE('',#4509,#4517,#4519,.T.);
#4517 = VERTEX_POINT('',#4518);
#4518 = CARTESIAN_POINT('',(95.6125,45.05184,2.4));
#4519 = LINE('',#4520,#4521);
#4520 = CARTESIAN_POINT('',(3.55,45.05184,2.4));
#4521 = VECTOR('',#4522,1.);
#4522 = DIRECTION('',(-1.,-0.,0.));
#4523 = ORIENTED_EDGE('',*,*,#4524,.F.);
#4524 = EDGE_CURVE('',#4525,#4517,#4527,.T.);
#4525 = VERTEX_POINT('',#4526);
#4526 = CARTESIAN_POINT('',(95.6125,38.55,2.4));
#4527 = LINE('',#4528,#4529);
#4528 = CARTESIAN_POINT('',(95.6125,38.55,2.4));
#4529 = VECTOR('',#4530,1.);
#4530 = DIRECTION('',(-0.,1.,0.));
#4531 = ORIENTED_EDGE('',*,*,#4532,.F.);
#4532 = EDGE_CURVE('',#4533,#4525,#4535,.T.);
#4533 = VERTEX_POINT('',#4534);
#4534 = CARTESIAN_POINT('',(82.0125,38.55,2.4));
#4535 = LINE('',#4536,#4537);
#4536 = CARTESIAN_POINT('',(82.0125,38.55,2.4));
#4537 = VECTOR('',#4538,1.);
#4538 = DIRECTION('',(1.,0.,-0.));
#4539 = ORIENTED_EDGE('',*,*,#4540,.T.);
#4540 = EDGE_CURVE('',#4533,#4541,#4543,.T.);
#4541 = VERTEX_POINT('',#4542);
#4542 = CARTESIAN_POINT('',(82.0125,45.05184,2.4));
#4543 = LINE('',#4544,#4545);
#4544 = CARTESIAN_POINT('',(82.0125,38.55,2.4));
#4545 = VECTOR('',#4546,1.);
#4546 = DIRECTION('',(-0.,1.,0.));
#4547 = ORIENTED_EDGE('',*,*,#4548,.T.);
#4548 = EDGE_CURVE('',#4541,#1554,#4549,.T.);
#4549 = LINE('',#4550,#4551);
#4550 = CARTESIAN_POINT('',(3.55,45.05184,2.4));
#4551 = VECTOR('',#4552,1.);
#4552 = DIRECTION('',(-1.,-0.,0.));
#4553 = FACE_BOUND('',#4554,.T.);
#4554 = EDGE_LOOP('',(#4555,#4556,#4557,#4558,#4559,#4560));
#4555 = ORIENTED_EDGE('',*,*,#2141,.T.);
#4556 = ORIENTED_EDGE('',*,*,#2196,.T.);
#4557 = ORIENTED_EDGE('',*,*,#2244,.T.);
#4558 = ORIENTED_EDGE('',*,*,#2261,.T.);
#4559 = ORIENTED_EDGE('',*,*,#2213,.T.);
#4560 = ORIENTED_EDGE('',*,*,#2165,.T.);
#4561 = FACE_BOUND('',#4562,.T.);
#4562 = EDGE_LOOP('',(#4563,#4564,#4565,#4566,#4567,#4568));
#4563 = ORIENTED_EDGE('',*,*,#2285,.T.);
#4564 = ORIENTED_EDGE('',*,*,#2340,.T.);
#4565 = ORIENTED_EDGE('',*,*,#2388,.T.);
#4566 = ORIENTED_EDGE('',*,*,#2405,.T.);
#4567 = ORIENTED_EDGE('',*,*,#2357,.T.);
#4568 = ORIENTED_EDGE('',*,*,#2309,.T.);
#4569 = FACE_BOUND('',#4570,.T.);
#4570 = EDGE_LOOP('',(#4571,#4572,#4573,#4574,#4575,#4576));
#4571 = ORIENTED_EDGE('',*,*,#2429,.T.);
#4572 = ORIENTED_EDGE('',*,*,#2484,.T.);
#4573 = ORIENTED_EDGE('',*,*,#2532,.T.);
#4574 = ORIENTED_EDGE('',*,*,#2549,.T.);
#4575 = ORIENTED_EDGE('',*,*,#2501,.T.);
#4576 = ORIENTED_EDGE('',*,*,#2453,.T.);
#4577 = FACE_BOUND('',#4578,.T.);
#4578 = EDGE_LOOP('',(#4579,#4580,#4581,#4582,#4583,#4584));
#4579 = ORIENTED_EDGE('',*,*,#2573,.T.);
#4580 = ORIENTED_EDGE('',*,*,#2628,.T.);
#4581 = ORIENTED_EDGE('',*,*,#2676,.T.);
#4582 = ORIENTED_EDGE('',*,*,#2693,.T.);
#4583 = ORIENTED_EDGE('',*,*,#2645,.T.);
#4584 = ORIENTED_EDGE('',*,*,#2597,.T.);
#4585 = FACE_BOUND('',#4586,.T.);
#4586 = EDGE_LOOP('',(#4587));
#4587 = ORIENTED_EDGE('',*,*,#2708,.F.);
#4588 = FACE_BOUND('',#4589,.T.);
#4589 = EDGE_LOOP('',(#4590,#4591,#4592,#4593,#4594,#4595));
#4590 = ORIENTED_EDGE('',*,*,#2742,.T.);
#4591 = ORIENTED_EDGE('',*,*,#2797,.T.);
#4592 = ORIENTED_EDGE('',*,*,#2845,.T.);
#4593 = ORIENTED_EDGE('',*,*,#2862,.T.);
#4594 = ORIENTED_EDGE('',*,*,#2814,.T.);
#4595 = ORIENTED_EDGE('',*,*,#2766,.T.);
#4596 = FACE_BOUND('',#4597,.T.);
#4597 = EDGE_LOOP('',(#4598,#4599,#4600,#4601,#4602,#4603,#4604,#4605));
#4598 = ORIENTED_EDGE('',*,*,#2894,.F.);
#4599 = ORIENTED_EDGE('',*,*,#2918,.T.);
#4600 = ORIENTED_EDGE('',*,*,#2966,.T.);
#4601 = ORIENTED_EDGE('',*,*,#3014,.F.);
#4602 = ORIENTED_EDGE('',*,*,#3055,.F.);
#4603 = ORIENTED_EDGE('',*,*,#3038,.F.);
#4604 = ORIENTED_EDGE('',*,*,#2990,.F.);
#4605 = ORIENTED_EDGE('',*,*,#2942,.T.);
#4606 = FACE_BOUND('',#4607,.T.);
#4607 = EDGE_LOOP('',(#4608,#4609,#4610,#4611,#4612,#4613));
#4608 = ORIENTED_EDGE('',*,*,#3078,.T.);
#4609 = ORIENTED_EDGE('',*,*,#3133,.T.);
#4610 = ORIENTED_EDGE('',*,*,#3181,.T.);
#4611 = ORIENTED_EDGE('',*,*,#3198,.T.);
#4612 = ORIENTED_EDGE('',*,*,#3150,.T.);
#4613 = ORIENTED_EDGE('',*,*,#3102,.T.);
#4614 = FACE_BOUND('',#4615,.T.);
#4615 = EDGE_LOOP('',(#4616,#4617,#4618,#4619,#4620,#4621,#4622,#4623));
#4616 = ORIENTED_EDGE('',*,*,#3222,.T.);
#4617 = ORIENTED_EDGE('',*,*,#3278,.T.);
#4618 = ORIENTED_EDGE('',*,*,#3327,.T.);
#4619 = ORIENTED_EDGE('',*,*,#3376,.T.);
#4620 = ORIENTED_EDGE('',*,*,#3393,.T.);
#4621 = ORIENTED_EDGE('',*,*,#3345,.T.);
#4622 = ORIENTED_EDGE('',*,*,#3295,.T.);
#4623 = ORIENTED_EDGE('',*,*,#3247,.T.);
#4624 = FACE_BOUND('',#4625,.T.);
#4625 = EDGE_LOOP('',(#4626,#4627,#4628,#4629,#4630,#4631));
#4626 = ORIENTED_EDGE('',*,*,#3418,.T.);
#4627 = ORIENTED_EDGE('',*,*,#3473,.T.);
#4628 = ORIENTED_EDGE('',*,*,#3521,.T.);
#4629 = ORIENTED_EDGE('',*,*,#3538,.T.);
#4630 = ORIENTED_EDGE('',*,*,#3490,.T.);
#4631 = ORIENTED_EDGE('',*,*,#3442,.T.);
#4632 = FACE_BOUND('',#4633,.T.);
#4633 = EDGE_LOOP('',(#4634,#4635,#4636,#4637,#4638,#4639));
#4634 = ORIENTED_EDGE('',*,*,#3562,.T.);
#4635 = ORIENTED_EDGE('',*,*,#3617,.T.);
#4636 = ORIENTED_EDGE('',*,*,#3665,.T.);
#4637 = ORIENTED_EDGE('',*,*,#3682,.T.);
#4638 = ORIENTED_EDGE('',*,*,#3634,.T.);
#4639 = ORIENTED_EDGE('',*,*,#3586,.T.);
#4640 = FACE_BOUND('',#4641,.T.);
#4641 = EDGE_LOOP('',(#4642,#4643,#4644,#4645,#4646,#4647));
#4642 = ORIENTED_EDGE('',*,*,#3706,.T.);
#4643 = ORIENTED_EDGE('',*,*,#3761,.T.);
#4644 = ORIENTED_EDGE('',*,*,#3809,.T.);
#4645 = ORIENTED_EDGE('',*,*,#3826,.T.);
#4646 = ORIENTED_EDGE('',*,*,#3778,.T.);
#4647 = ORIENTED_EDGE('',*,*,#3730,.T.);
#4648 = FACE_BOUND('',#4649,.T.);
#4649 = EDGE_LOOP('',(#4650,#4651,#4652,#4653,#4654,#4655,#4656,#4657));
#4650 = ORIENTED_EDGE('',*,*,#3850,.T.);
#4651 = ORIENTED_EDGE('',*,*,#3906,.T.);
#4652 = ORIENTED_EDGE('',*,*,#3955,.T.);
#4653 = ORIENTED_EDGE('',*,*,#4004,.T.);
#4654 = ORIENTED_EDGE('',*,*,#4021,.T.);
#4655 = ORIENTED_EDGE('',*,*,#3973,.T.);
#4656 = ORIENTED_EDGE('',*,*,#3923,.T.);
#4657 = ORIENTED_EDGE('',*,*,#3875,.T.);
#4658 = FACE_BOUND('',#4659,.T.);
#4659 = EDGE_LOOP('',(#4660,#4661,#4662,#4663,#4664,#4665));
#4660 = ORIENTED_EDGE('',*,*,#4046,.T.);
#4661 = ORIENTED_EDGE('',*,*,#4101,.T.);
#4662 = ORIENTED_EDGE('',*,*,#4149,.T.);
#4663 = ORIENTED_EDGE('',*,*,#4166,.T.);
#4664 = ORIENTED_EDGE('',*,*,#4118,.T.);
#4665 = ORIENTED_EDGE('',*,*,#4070,.T.);
#4666 = FACE_BOUND('',#4667,.T.);
#4667 = EDGE_LOOP('',(#4668,#4669,#4670,#4671,#4672,#4673));
#4668 = ORIENTED_EDGE('',*,*,#4190,.T.);
#4669 = ORIENTED_EDGE('',*,*,#4310,.T.);
#4670 = ORIENTED_EDGE('',*,*,#4286,.T.);
#4671 = ORIENTED_EDGE('',*,*,#4262,.T.);
#4672 = ORIENTED_EDGE('',*,*,#4238,.T.);
#4673 = ORIENTED_EDGE('',*,*,#4214,.T.);
#4674 = PLANE('',#4675);
#4675 = AXIS2_PLACEMENT_3D('',#4676,#4677,#4678);
#4676 = CARTESIAN_POINT('',(75.7,24.75092,2.4));
#4677 = DIRECTION('',(0.,0.,1.));
#4678 = DIRECTION('',(1.,0.,-0.));
#4679 = ADVANCED_FACE('',(#4680),#4698,.T.);
#4680 = FACE_BOUND('',#4681,.T.);
#4681 = EDGE_LOOP('',(#4682,#4690,#4691,#4692));
#4682 = ORIENTED_EDGE('',*,*,#4683,.F.);
#4683 = EDGE_CURVE('',#4475,#4684,#4686,.T.);
#4684 = VERTEX_POINT('',#4685);
#4685 = CARTESIAN_POINT('',(4.45,4.45,5.6));
#4686 = LINE('',#4687,#4688);
#4687 = CARTESIAN_POINT('',(4.45,4.45,1.9));
#4688 = VECTOR('',#4689,1.);
#4689 = DIRECTION('',(0.,0.,1.));
#4690 = ORIENTED_EDGE('',*,*,#4474,.T.);
#4691 = ORIENTED_EDGE('',*,*,#1272,.T.);
#4692 = ORIENTED_EDGE('',*,*,#4693,.F.);
#4693 = EDGE_CURVE('',#4684,#1265,#4694,.T.);
#4694 = LINE('',#4695,#4696);
#4695 = CARTESIAN_POINT('',(4.45,3.55,5.6));
#4696 = VECTOR('',#4697,1.);
#4697 = DIRECTION('',(-0.,1.,0.));
#4698 = PLANE('',#4699);
#4699 = AXIS2_PLACEMENT_3D('',#4700,#4701,#4702);
#4700 = CARTESIAN_POINT('',(4.45,4.45,1.9));
#4701 = DIRECTION('',(1.,0.,-0.));
#4702 = DIRECTION('',(0.,0.,1.));
#4703 = ADVANCED_FACE('',(#4704),#4740,.T.);
#4704 = FACE_BOUND('',#4705,.T.);
#4705 = EDGE_LOOP('',(#4706,#4714,#4715,#4716,#4717,#4718,#4724,#4725,
    #4731,#4732,#4733,#4734));
#4706 = ORIENTED_EDGE('',*,*,#4707,.T.);
#4707 = EDGE_CURVE('',#4708,#4684,#4710,.T.);
#4708 = VERTEX_POINT('',#4709);
#4709 = CARTESIAN_POINT('',(146.95,4.45,5.6));
#4710 = LINE('',#4711,#4712);
#4711 = CARTESIAN_POINT('',(3.55,4.45,5.6));
#4712 = VECTOR('',#4713,1.);
#4713 = DIRECTION('',(-1.,-0.,0.));
#4714 = ORIENTED_EDGE('',*,*,#4693,.T.);
#4715 = ORIENTED_EDGE('',*,*,#1264,.T.);
#4716 = ORIENTED_EDGE('',*,*,#4335,.F.);
#4717 = ORIENTED_EDGE('',*,*,#4351,.T.);
#4718 = ORIENTED_EDGE('',*,*,#4719,.T.);
#4719 = EDGE_CURVE('',#4352,#4376,#4720,.T.);
#4720 = LINE('',#4721,#4722);
#4721 = CARTESIAN_POINT('',(2.65,2.65,5.6));
#4722 = VECTOR('',#4723,1.);
#4723 = DIRECTION('',(1.,0.,-0.));
#4724 = ORIENTED_EDGE('',*,*,#4383,.T.);
#4725 = ORIENTED_EDGE('',*,*,#4726,.T.);
#4726 = EDGE_CURVE('',#4384,#4408,#4727,.T.);
#4727 = LINE('',#4728,#4729);
#4728 = CARTESIAN_POINT('',(2.65,2.65,5.6));
#4729 = VECTOR('',#4730,1.);
#4730 = DIRECTION('',(1.,0.,-0.));
#4731 = ORIENTED_EDGE('',*,*,#4415,.T.);
#4732 = ORIENTED_EDGE('',*,*,#4440,.T.);
#4733 = ORIENTED_EDGE('',*,*,#1528,.T.);
#4734 = ORIENTED_EDGE('',*,*,#4735,.F.);
#4735 = EDGE_CURVE('',#4708,#1521,#4736,.T.);
#4736 = LINE('',#4737,#4738);
#4737 = CARTESIAN_POINT('',(146.95,3.55,5.6));
#4738 = VECTOR('',#4739,1.);
#4739 = DIRECTION('',(-0.,1.,0.));
#4740 = PLANE('',#4741);
#4741 = AXIS2_PLACEMENT_3D('',#4742,#4743,#4744);
#4742 = CARTESIAN_POINT('',(2.65,2.65,5.6));
#4743 = DIRECTION('',(0.,0.,1.));
#4744 = DIRECTION('',(1.,0.,-0.));
#4745 = ADVANCED_FACE('',(#4746),#4764,.T.);
#4746 = FACE_BOUND('',#4747,.T.);
#4747 = EDGE_LOOP('',(#4748,#4749,#4750,#4758));
#4748 = ORIENTED_EDGE('',*,*,#1328,.F.);
#4749 = ORIENTED_EDGE('',*,*,#4465,.T.);
#4750 = ORIENTED_EDGE('',*,*,#4751,.T.);
#4751 = EDGE_CURVE('',#4458,#4752,#4754,.T.);
#4752 = VERTEX_POINT('',#4753);
#4753 = CARTESIAN_POINT('',(4.45,45.05184,5.6));
#4754 = LINE('',#4755,#4756);
#4755 = CARTESIAN_POINT('',(4.45,45.05184,1.9));
#4756 = VECTOR('',#4757,1.);
#4757 = DIRECTION('',(0.,0.,1.));
#4758 = ORIENTED_EDGE('',*,*,#4759,.F.);
#4759 = EDGE_CURVE('',#1321,#4752,#4760,.T.);
#4760 = LINE('',#4761,#4762);
#4761 = CARTESIAN_POINT('',(4.45,3.55,5.6));
#4762 = VECTOR('',#4763,1.);
#4763 = DIRECTION('',(-0.,1.,0.));
#4764 = PLANE('',#4765);
#4765 = AXIS2_PLACEMENT_3D('',#4766,#4767,#4768);
#4766 = CARTESIAN_POINT('',(4.45,4.45,1.9));
#4767 = DIRECTION('',(1.,0.,-0.));
#4768 = DIRECTION('',(0.,0.,1.));
#4769 = ADVANCED_FACE('',(#4770),#4811,.T.);
#4770 = FACE_BOUND('',#4771,.T.);
#4771 = EDGE_LOOP('',(#4772,#4782,#4788,#4789,#4790,#4796,#4797,#4805));
#4772 = ORIENTED_EDGE('',*,*,#4773,.F.);
#4773 = EDGE_CURVE('',#4774,#4776,#4778,.T.);
#4774 = VERTEX_POINT('',#4775);
#4775 = CARTESIAN_POINT('',(2.65,46.85184,5.6));
#4776 = VERTEX_POINT('',#4777);
#4777 = CARTESIAN_POINT('',(34.42,46.85184,5.6));
#4778 = LINE('',#4779,#4780);
#4779 = CARTESIAN_POINT('',(2.65,46.85184,5.6));
#4780 = VECTOR('',#4781,1.);
#4781 = DIRECTION('',(1.,0.,-0.));
#4782 = ORIENTED_EDGE('',*,*,#4783,.F.);
#4783 = EDGE_CURVE('',#1313,#4774,#4784,.T.);
#4784 = LINE('',#4785,#4786);
#4785 = CARTESIAN_POINT('',(2.65,2.65,5.6));
#4786 = VECTOR('',#4787,1.);
#4787 = DIRECTION('',(-0.,1.,0.));
#4788 = ORIENTED_EDGE('',*,*,#1320,.F.);
#4789 = ORIENTED_EDGE('',*,*,#4759,.T.);
#4790 = ORIENTED_EDGE('',*,*,#4791,.F.);
#4791 = EDGE_CURVE('',#1450,#4752,#4792,.T.);
#4792 = LINE('',#4793,#4794);
#4793 = CARTESIAN_POINT('',(3.55,45.05184,5.6));
#4794 = VECTOR('',#4795,1.);
#4795 = DIRECTION('',(-1.,-0.,0.));
#4796 = ORIENTED_EDGE('',*,*,#1449,.T.);
#4797 = ORIENTED_EDGE('',*,*,#4798,.F.);
#4798 = EDGE_CURVE('',#4799,#1442,#4801,.T.);
#4799 = VERTEX_POINT('',#4800);
#4800 = CARTESIAN_POINT('',(56.42,46.85184,5.6));
#4801 = LINE('',#4802,#4803);
#4802 = CARTESIAN_POINT('',(2.65,46.85184,5.6));
#4803 = VECTOR('',#4804,1.);
#4804 = DIRECTION('',(1.,0.,-0.));
#4805 = ORIENTED_EDGE('',*,*,#4806,.F.);
#4806 = EDGE_CURVE('',#4776,#4799,#4807,.T.);
#4807 = LINE('',#4808,#4809);
#4808 = CARTESIAN_POINT('',(2.65,46.85184,5.6));
#4809 = VECTOR('',#4810,1.);
#4810 = DIRECTION('',(1.,0.,-0.));
#4811 = PLANE('',#4812);
#4812 = AXIS2_PLACEMENT_3D('',#4813,#4814,#4815);
#4813 = CARTESIAN_POINT('',(2.65,2.65,5.6));
#4814 = DIRECTION('',(0.,0.,1.));
#4815 = DIRECTION('',(1.,0.,-0.));
#4816 = ADVANCED_FACE('',(#4817),#4835,.F.);
#4817 = FACE_BOUND('',#4818,.F.);
#4818 = EDGE_LOOP('',(#4819,#4820,#4828,#4834));
#4819 = ORIENTED_EDGE('',*,*,#1312,.F.);
#4820 = ORIENTED_EDGE('',*,*,#4821,.T.);
#4821 = EDGE_CURVE('',#1305,#4822,#4824,.T.);
#4822 = VERTEX_POINT('',#4823);
#4823 = CARTESIAN_POINT('',(2.65,46.85184,2.4));
#4824 = LINE('',#4825,#4826);
#4825 = CARTESIAN_POINT('',(2.65,2.65,2.4));
#4826 = VECTOR('',#4827,1.);
#4827 = DIRECTION('',(-0.,1.,0.));
#4828 = ORIENTED_EDGE('',*,*,#4829,.T.);
#4829 = EDGE_CURVE('',#4822,#4774,#4830,.T.);
#4830 = LINE('',#4831,#4832);
#4831 = CARTESIAN_POINT('',(2.65,46.85184,2.4));
#4832 = VECTOR('',#4833,1.);
#4833 = DIRECTION('',(0.,0.,1.));
#4834 = ORIENTED_EDGE('',*,*,#4783,.F.);
#4835 = PLANE('',#4836);
#4836 = AXIS2_PLACEMENT_3D('',#4837,#4838,#4839);
#4837 = CARTESIAN_POINT('',(2.65,2.65,2.4));
#4838 = DIRECTION('',(1.,0.,-0.));
#4839 = DIRECTION('',(0.,0.,1.));
#4840 = ADVANCED_FACE('',(#4841),#4855,.T.);
#4841 = FACE_BOUND('',#4842,.T.);
#4842 = EDGE_LOOP('',(#4843,#4844,#4845,#4846,#4852,#4853,#4854));
#4843 = ORIENTED_EDGE('',*,*,#1359,.T.);
#4844 = ORIENTED_EDGE('',*,*,#1304,.F.);
#4845 = ORIENTED_EDGE('',*,*,#4821,.T.);
#4846 = ORIENTED_EDGE('',*,*,#4847,.T.);
#4847 = EDGE_CURVE('',#4822,#1434,#4848,.T.);
#4848 = LINE('',#4849,#4850);
#4849 = CARTESIAN_POINT('',(2.65,46.85184,2.4));
#4850 = VECTOR('',#4851,1.);
#4851 = DIRECTION('',(1.,0.,-0.));
#4852 = ORIENTED_EDGE('',*,*,#1433,.T.);
#4853 = ORIENTED_EDGE('',*,*,#1408,.T.);
#4854 = ORIENTED_EDGE('',*,*,#1382,.T.);
#4855 = PLANE('',#4856);
#4856 = AXIS2_PLACEMENT_3D('',#4857,#4858,#4859);
#4857 = CARTESIAN_POINT('',(75.7,24.75092,2.4));
#4858 = DIRECTION('',(0.,0.,1.));
#4859 = DIRECTION('',(1.,0.,-0.));
#4860 = ADVANCED_FACE('',(#4861),#4890,.T.);
#4861 = FACE_BOUND('',#4862,.T.);
#4862 = EDGE_LOOP('',(#4863,#4864,#4865,#4866,#4874,#4882,#4888,#4889));
#4863 = ORIENTED_EDGE('',*,*,#4847,.F.);
#4864 = ORIENTED_EDGE('',*,*,#4829,.T.);
#4865 = ORIENTED_EDGE('',*,*,#4773,.T.);
#4866 = ORIENTED_EDGE('',*,*,#4867,.F.);
#4867 = EDGE_CURVE('',#4868,#4776,#4870,.T.);
#4868 = VERTEX_POINT('',#4869);
#4869 = CARTESIAN_POINT('',(34.42,46.85184,3.1));
#4870 = LINE('',#4871,#4872);
#4871 = CARTESIAN_POINT('',(34.42,46.85184,3.1));
#4872 = VECTOR('',#4873,1.);
#4873 = DIRECTION('',(0.,0.,1.));
#4874 = ORIENTED_EDGE('',*,*,#4875,.T.);
#4875 = EDGE_CURVE('',#4868,#4876,#4878,.T.);
#4876 = VERTEX_POINT('',#4877);
#4877 = CARTESIAN_POINT('',(56.42,46.85184,3.1));
#4878 = LINE('',#4879,#4880);
#4879 = CARTESIAN_POINT('',(34.42,46.85184,3.1));
#4880 = VECTOR('',#4881,1.);
#4881 = DIRECTION('',(1.,0.,0.));
#4882 = ORIENTED_EDGE('',*,*,#4883,.T.);
#4883 = EDGE_CURVE('',#4876,#4799,#4884,.T.);
#4884 = LINE('',#4885,#4886);
#4885 = CARTESIAN_POINT('',(56.42,46.85184,3.1));
#4886 = VECTOR('',#4887,1.);
#4887 = DIRECTION('',(0.,0.,1.));
#4888 = ORIENTED_EDGE('',*,*,#4798,.T.);
#4889 = ORIENTED_EDGE('',*,*,#1441,.T.);
#4890 = PLANE('',#4891);
#4891 = AXIS2_PLACEMENT_3D('',#4892,#4893,#4894);
#4892 = CARTESIAN_POINT('',(2.65,46.85184,2.4));
#4893 = DIRECTION('',(-0.,1.,0.));
#4894 = DIRECTION('',(0.,0.,1.));
#4895 = ADVANCED_FACE('',(#4896),#4902,.F.);
#4896 = FACE_BOUND('',#4897,.F.);
#4897 = EDGE_LOOP('',(#4898,#4899,#4900,#4901));
#4898 = ORIENTED_EDGE('',*,*,#1457,.T.);
#4899 = ORIENTED_EDGE('',*,*,#4457,.T.);
#4900 = ORIENTED_EDGE('',*,*,#4751,.T.);
#4901 = ORIENTED_EDGE('',*,*,#4791,.F.);
#4902 = PLANE('',#4903);
#4903 = AXIS2_PLACEMENT_3D('',#4904,#4905,#4906);
#4904 = CARTESIAN_POINT('',(4.45,45.05184,1.9));
#4905 = DIRECTION('',(-0.,1.,0.));
#4906 = DIRECTION('',(0.,0.,1.));
#4907 = ADVANCED_FACE('',(#4908),#4919,.F.);
#4908 = FACE_BOUND('',#4909,.F.);
#4909 = EDGE_LOOP('',(#4910,#4916,#4917,#4918));
#4910 = ORIENTED_EDGE('',*,*,#4911,.F.);
#4911 = EDGE_CURVE('',#4483,#4708,#4912,.T.);
#4912 = LINE('',#4913,#4914);
#4913 = CARTESIAN_POINT('',(146.95,4.45,1.9));
#4914 = VECTOR('',#4915,1.);
#4915 = DIRECTION('',(0.,0.,1.));
#4916 = ORIENTED_EDGE('',*,*,#4490,.T.);
#4917 = ORIENTED_EDGE('',*,*,#1520,.T.);
#4918 = ORIENTED_EDGE('',*,*,#4735,.F.);
#4919 = PLANE('',#4920);
#4920 = AXIS2_PLACEMENT_3D('',#4921,#4922,#4923);
#4921 = CARTESIAN_POINT('',(146.95,4.45,1.9));
#4922 = DIRECTION('',(1.,0.,-0.));
#4923 = DIRECTION('',(0.,0.,1.));
#4924 = ADVANCED_FACE('',(#4925),#4943,.F.);
#4925 = FACE_BOUND('',#4926,.F.);
#4926 = EDGE_LOOP('',(#4927,#4935,#4941,#4942));
#4927 = ORIENTED_EDGE('',*,*,#4928,.F.);
#4928 = EDGE_CURVE('',#4929,#1562,#4931,.T.);
#4929 = VERTEX_POINT('',#4930);
#4930 = CARTESIAN_POINT('',(82.0125,45.05184,5.6));
#4931 = LINE('',#4932,#4933);
#4932 = CARTESIAN_POINT('',(3.55,45.05184,5.6));
#4933 = VECTOR('',#4934,1.);
#4934 = DIRECTION('',(-1.,-0.,0.));
#4935 = ORIENTED_EDGE('',*,*,#4936,.T.);
#4936 = EDGE_CURVE('',#4929,#4541,#4937,.T.);
#4937 = LINE('',#4938,#4939);
#4938 = CARTESIAN_POINT('',(82.0125,45.05184,2.15));
#4939 = VECTOR('',#4940,1.);
#4940 = DIRECTION('',(-0.,0.,-1.));
#4941 = ORIENTED_EDGE('',*,*,#4548,.T.);
#4942 = ORIENTED_EDGE('',*,*,#1561,.F.);
#4943 = PLANE('',#4944);
#4944 = AXIS2_PLACEMENT_3D('',#4945,#4946,#4947);
#4945 = CARTESIAN_POINT('',(4.45,45.05184,1.9));
#4946 = DIRECTION('',(-0.,1.,0.));
#4947 = DIRECTION('',(0.,0.,1.));
#4948 = ADVANCED_FACE('',(#4949),#5036,.T.);
#4949 = FACE_BOUND('',#4950,.T.);
#4950 = EDGE_LOOP('',(#4951,#4952,#4960,#4968,#4976,#4984,#4990,#4991,
    #4999,#5007,#5015,#5021,#5022,#5028,#5029,#5035));
#4951 = ORIENTED_EDGE('',*,*,#4928,.F.);
#4952 = ORIENTED_EDGE('',*,*,#4953,.F.);
#4953 = EDGE_CURVE('',#4954,#4929,#4956,.T.);
#4954 = VERTEX_POINT('',#4955);
#4955 = CARTESIAN_POINT('',(82.0125,38.55,5.6));
#4956 = LINE('',#4957,#4958);
#4957 = CARTESIAN_POINT('',(82.0125,38.55,5.6));
#4958 = VECTOR('',#4959,1.);
#4959 = DIRECTION('',(-0.,1.,0.));
#4960 = ORIENTED_EDGE('',*,*,#4961,.T.);
#4961 = EDGE_CURVE('',#4954,#4962,#4964,.T.);
#4962 = VERTEX_POINT('',#4963);
#4963 = CARTESIAN_POINT('',(95.6125,38.55,5.6));
#4964 = LINE('',#4965,#4966);
#4965 = CARTESIAN_POINT('',(93.8125,38.55,5.6));
#4966 = VECTOR('',#4967,1.);
#4967 = DIRECTION('',(1.,0.,-0.));
#4968 = ORIENTED_EDGE('',*,*,#4969,.T.);
#4969 = EDGE_CURVE('',#4962,#4970,#4972,.T.);
#4970 = VERTEX_POINT('',#4971);
#4971 = CARTESIAN_POINT('',(95.6125,45.05184,5.6));
#4972 = LINE('',#4973,#4974);
#4973 = CARTESIAN_POINT('',(95.6125,38.55,5.6));
#4974 = VECTOR('',#4975,1.);
#4975 = DIRECTION('',(-0.,1.,0.));
#4976 = ORIENTED_EDGE('',*,*,#4977,.F.);
#4977 = EDGE_CURVE('',#4978,#4970,#4980,.T.);
#4978 = VERTEX_POINT('',#4979);
#4979 = CARTESIAN_POINT('',(146.95,45.05184,5.6));
#4980 = LINE('',#4981,#4982);
#4981 = CARTESIAN_POINT('',(3.55,45.05184,5.6));
#4982 = VECTOR('',#4983,1.);
#4983 = DIRECTION('',(-1.,-0.,0.));
#4984 = ORIENTED_EDGE('',*,*,#4985,.F.);
#4985 = EDGE_CURVE('',#1965,#4978,#4986,.T.);
#4986 = LINE('',#4987,#4988);
#4987 = CARTESIAN_POINT('',(146.95,3.55,5.6));
#4988 = VECTOR('',#4989,1.);
#4989 = DIRECTION('',(-0.,1.,0.));
#4990 = ORIENTED_EDGE('',*,*,#1972,.F.);
#4991 = ORIENTED_EDGE('',*,*,#4992,.T.);
#4992 = EDGE_CURVE('',#1973,#4993,#4995,.T.);
#4993 = VERTEX_POINT('',#4994);
#4994 = CARTESIAN_POINT('',(148.75,46.85184,5.6));
#4995 = LINE('',#4996,#4997);
#4996 = CARTESIAN_POINT('',(148.75,2.65,5.6));
#4997 = VECTOR('',#4998,1.);
#4998 = DIRECTION('',(-0.,1.,0.));
#4999 = ORIENTED_EDGE('',*,*,#5000,.F.);
#5000 = EDGE_CURVE('',#5001,#4993,#5003,.T.);
#5001 = VERTEX_POINT('',#5002);
#5002 = CARTESIAN_POINT('',(116.98,46.85184,5.6));
#5003 = LINE('',#5004,#5005);
#5004 = CARTESIAN_POINT('',(2.65,46.85184,5.6));
#5005 = VECTOR('',#5006,1.);
#5006 = DIRECTION('',(1.,0.,-0.));
#5007 = ORIENTED_EDGE('',*,*,#5008,.F.);
#5008 = EDGE_CURVE('',#5009,#5001,#5011,.T.);
#5009 = VERTEX_POINT('',#5010);
#5010 = CARTESIAN_POINT('',(95.6125,46.85184,5.6));
#5011 = LINE('',#5012,#5013);
#5012 = CARTESIAN_POINT('',(2.65,46.85184,5.6));
#5013 = VECTOR('',#5014,1.);
#5014 = DIRECTION('',(1.,0.,-0.));
#5015 = ORIENTED_EDGE('',*,*,#5016,.F.);
#5016 = EDGE_CURVE('',#2028,#5009,#5017,.T.);
#5017 = LINE('',#5018,#5019);
#5018 = CARTESIAN_POINT('',(2.65,46.85184,5.6));
#5019 = VECTOR('',#5020,1.);
#5020 = DIRECTION('',(1.,0.,-0.));
#5021 = ORIENTED_EDGE('',*,*,#2027,.F.);
#5022 = ORIENTED_EDGE('',*,*,#5023,.F.);
#5023 = EDGE_CURVE('',#1739,#2020,#5024,.T.);
#5024 = LINE('',#5025,#5026);
#5025 = CARTESIAN_POINT('',(82.0125,40.35,5.6));
#5026 = VECTOR('',#5027,1.);
#5027 = DIRECTION('',(1.,0.,-0.));
#5028 = ORIENTED_EDGE('',*,*,#1738,.T.);
#5029 = ORIENTED_EDGE('',*,*,#5030,.F.);
#5030 = EDGE_CURVE('',#1570,#1731,#5031,.T.);
#5031 = LINE('',#5032,#5033);
#5032 = CARTESIAN_POINT('',(2.65,46.85184,5.6));
#5033 = VECTOR('',#5034,1.);
#5034 = DIRECTION('',(1.,0.,-0.));
#5035 = ORIENTED_EDGE('',*,*,#1569,.F.);
#5036 = PLANE('',#5037);
#5037 = AXIS2_PLACEMENT_3D('',#5038,#5039,#5040);
#5038 = CARTESIAN_POINT('',(108.52413340984,44.60828896712,5.6));
#5039 = DIRECTION('',(0.,0.,1.));
#5040 = DIRECTION('',(1.,0.,-0.));
#5041 = ADVANCED_FACE('',(#5042),#5053,.T.);
#5042 = FACE_BOUND('',#5043,.T.);
#5043 = EDGE_LOOP('',(#5044,#5050,#5051,#5052));
#5044 = ORIENTED_EDGE('',*,*,#5045,.F.);
#5045 = EDGE_CURVE('',#1578,#1723,#5046,.T.);
#5046 = LINE('',#5047,#5048);
#5047 = CARTESIAN_POINT('',(2.65,46.85184,2.4));
#5048 = VECTOR('',#5049,1.);
#5049 = DIRECTION('',(1.,0.,-0.));
#5050 = ORIENTED_EDGE('',*,*,#1577,.F.);
#5051 = ORIENTED_EDGE('',*,*,#5030,.T.);
#5052 = ORIENTED_EDGE('',*,*,#1730,.T.);
#5053 = PLANE('',#5054);
#5054 = AXIS2_PLACEMENT_3D('',#5055,#5056,#5057);
#5055 = CARTESIAN_POINT('',(2.65,46.85184,2.4));
#5056 = DIRECTION('',(-0.,1.,0.));
#5057 = DIRECTION('',(0.,0.,1.));
#5058 = ADVANCED_FACE('',(#5059),#5065,.T.);
#5059 = FACE_BOUND('',#5060,.T.);
#5060 = EDGE_LOOP('',(#5061,#5062,#5063,#5064));
#5061 = ORIENTED_EDGE('',*,*,#1722,.T.);
#5062 = ORIENTED_EDGE('',*,*,#1641,.T.);
#5063 = ORIENTED_EDGE('',*,*,#1585,.F.);
#5064 = ORIENTED_EDGE('',*,*,#5045,.T.);
#5065 = PLANE('',#5066);
#5066 = AXIS2_PLACEMENT_3D('',#5067,#5068,#5069);
#5067 = CARTESIAN_POINT('',(75.7,24.75092,2.4));
#5068 = DIRECTION('',(0.,0.,1.));
#5069 = DIRECTION('',(1.,0.,-0.));
#5070 = ADVANCED_FACE('',(#5071),#5082,.T.);
#5071 = FACE_BOUND('',#5072,.T.);
#5072 = EDGE_LOOP('',(#5073,#5079,#5080,#5081));
#5073 = ORIENTED_EDGE('',*,*,#5074,.F.);
#5074 = EDGE_CURVE('',#1683,#1850,#5075,.T.);
#5075 = LINE('',#5076,#5077);
#5076 = CARTESIAN_POINT('',(148.75,2.65,2.4));
#5077 = VECTOR('',#5078,1.);
#5078 = DIRECTION('',(-0.,1.,0.));
#5079 = ORIENTED_EDGE('',*,*,#1690,.F.);
#5080 = ORIENTED_EDGE('',*,*,#1770,.T.);
#5081 = ORIENTED_EDGE('',*,*,#1857,.T.);
#5082 = PLANE('',#5083);
#5083 = AXIS2_PLACEMENT_3D('',#5084,#5085,#5086);
#5084 = CARTESIAN_POINT('',(75.7,24.75092,2.4));
#5085 = DIRECTION('',(0.,0.,1.));
#5086 = DIRECTION('',(1.,0.,-0.));
#5087 = ADVANCED_FACE('',(#5088),#5099,.T.);
#5088 = FACE_BOUND('',#5089,.T.);
#5089 = EDGE_LOOP('',(#5090,#5091,#5092,#5093));
#5090 = ORIENTED_EDGE('',*,*,#1682,.F.);
#5091 = ORIENTED_EDGE('',*,*,#5074,.T.);
#5092 = ORIENTED_EDGE('',*,*,#1849,.T.);
#5093 = ORIENTED_EDGE('',*,*,#5094,.F.);
#5094 = EDGE_CURVE('',#1675,#1842,#5095,.T.);
#5095 = LINE('',#5096,#5097);
#5096 = CARTESIAN_POINT('',(148.75,2.65,5.6));
#5097 = VECTOR('',#5098,1.);
#5098 = DIRECTION('',(-0.,1.,0.));
#5099 = PLANE('',#5100);
#5100 = AXIS2_PLACEMENT_3D('',#5101,#5102,#5103);
#5101 = CARTESIAN_POINT('',(148.75,2.65,2.4));
#5102 = DIRECTION('',(1.,0.,-0.));
#5103 = DIRECTION('',(0.,0.,1.));
#5104 = ADVANCED_FACE('',(#5105),#5116,.T.);
#5105 = FACE_BOUND('',#5106,.T.);
#5106 = EDGE_LOOP('',(#5107,#5113,#5114,#5115));
#5107 = ORIENTED_EDGE('',*,*,#5108,.F.);
#5108 = EDGE_CURVE('',#1667,#1834,#5109,.T.);
#5109 = LINE('',#5110,#5111);
#5110 = CARTESIAN_POINT('',(146.95,3.55,5.6));
#5111 = VECTOR('',#5112,1.);
#5112 = DIRECTION('',(-0.,1.,0.));
#5113 = ORIENTED_EDGE('',*,*,#1674,.F.);
#5114 = ORIENTED_EDGE('',*,*,#5094,.T.);
#5115 = ORIENTED_EDGE('',*,*,#1841,.T.);
#5116 = PLANE('',#5117);
#5117 = AXIS2_PLACEMENT_3D('',#5118,#5119,#5120);
#5118 = CARTESIAN_POINT('',(2.65,2.65,5.6));
#5119 = DIRECTION('',(0.,0.,1.));
#5120 = DIRECTION('',(1.,0.,-0.));
#5121 = ADVANCED_FACE('',(#5122),#5128,.F.);
#5122 = FACE_BOUND('',#5123,.F.);
#5123 = EDGE_LOOP('',(#5124,#5125,#5126,#5127));
#5124 = ORIENTED_EDGE('',*,*,#1666,.F.);
#5125 = ORIENTED_EDGE('',*,*,#4499,.T.);
#5126 = ORIENTED_EDGE('',*,*,#1833,.T.);
#5127 = ORIENTED_EDGE('',*,*,#5108,.F.);
#5128 = PLANE('',#5129);
#5129 = AXIS2_PLACEMENT_3D('',#5130,#5131,#5132);
#5130 = CARTESIAN_POINT('',(146.95,4.45,1.9));
#5131 = DIRECTION('',(1.,0.,-0.));
#5132 = DIRECTION('',(0.,0.,1.));
#5133 = ADVANCED_FACE('',(#5134),#5151,.T.);
#5134 = FACE_BOUND('',#5135,.T.);
#5135 = EDGE_LOOP('',(#5136,#5142,#5143,#5144,#5145));
#5136 = ORIENTED_EDGE('',*,*,#5137,.F.);
#5137 = EDGE_CURVE('',#1747,#1881,#5138,.T.);
#5138 = LINE('',#5139,#5140);
#5139 = CARTESIAN_POINT('',(82.0125,40.35,2.4));
#5140 = VECTOR('',#5141,1.);
#5141 = DIRECTION('',(1.,0.,-0.));
#5142 = ORIENTED_EDGE('',*,*,#1746,.T.);
#5143 = ORIENTED_EDGE('',*,*,#5023,.T.);
#5144 = ORIENTED_EDGE('',*,*,#2019,.F.);
#5145 = ORIENTED_EDGE('',*,*,#5146,.F.);
#5146 = EDGE_CURVE('',#1881,#2012,#5147,.T.);
#5147 = LINE('',#5148,#5149);
#5148 = CARTESIAN_POINT('',(82.0125,40.35,2.4));
#5149 = VECTOR('',#5150,1.);
#5150 = DIRECTION('',(1.,0.,-0.));
#5151 = PLANE('',#5152);
#5152 = AXIS2_PLACEMENT_3D('',#5153,#5154,#5155);
#5153 = CARTESIAN_POINT('',(82.0125,40.35,2.4));
#5154 = DIRECTION('',(-0.,1.,0.));
#5155 = DIRECTION('',(0.,0.,1.));
#5156 = ADVANCED_FACE('',(#5157),#5163,.T.);
#5157 = FACE_BOUND('',#5158,.T.);
#5158 = EDGE_LOOP('',(#5159,#5160,#5161,#5162));
#5159 = ORIENTED_EDGE('',*,*,#1794,.T.);
#5160 = ORIENTED_EDGE('',*,*,#1754,.F.);
#5161 = ORIENTED_EDGE('',*,*,#5137,.T.);
#5162 = ORIENTED_EDGE('',*,*,#1889,.F.);
#5163 = PLANE('',#5164);
#5164 = AXIS2_PLACEMENT_3D('',#5165,#5166,#5167);
#5165 = CARTESIAN_POINT('',(75.7,24.75092,2.4));
#5166 = DIRECTION('',(0.,0.,1.));
#5167 = DIRECTION('',(1.,0.,-0.));
#5168 = ADVANCED_FACE('',(#5169),#5175,.T.);
#5169 = FACE_BOUND('',#5170,.T.);
#5170 = EDGE_LOOP('',(#5171,#5172,#5173,#5174));
#5171 = ORIENTED_EDGE('',*,*,#1880,.F.);
#5172 = ORIENTED_EDGE('',*,*,#5146,.T.);
#5173 = ORIENTED_EDGE('',*,*,#2011,.T.);
#5174 = ORIENTED_EDGE('',*,*,#1940,.T.);
#5175 = PLANE('',#5176);
#5176 = AXIS2_PLACEMENT_3D('',#5177,#5178,#5179);
#5177 = CARTESIAN_POINT('',(75.7,24.75092,2.4));
#5178 = DIRECTION('',(0.,0.,1.));
#5179 = DIRECTION('',(1.,0.,-0.));
#5180 = ADVANCED_FACE('',(#5181),#5202,.T.);
#5181 = FACE_BOUND('',#5182,.T.);
#5182 = EDGE_LOOP('',(#5183,#5191,#5192,#5193,#5194,#5195,#5196));
#5183 = ORIENTED_EDGE('',*,*,#5184,.F.);
#5184 = EDGE_CURVE('',#1981,#5185,#5187,.T.);
#5185 = VERTEX_POINT('',#5186);
#5186 = CARTESIAN_POINT('',(148.75,46.85184,2.4));
#5187 = LINE('',#5188,#5189);
#5188 = CARTESIAN_POINT('',(148.75,2.65,2.4));
#5189 = VECTOR('',#5190,1.);
#5190 = DIRECTION('',(-0.,1.,0.));
#5191 = ORIENTED_EDGE('',*,*,#1988,.F.);
#5192 = ORIENTED_EDGE('',*,*,#2068,.T.);
#5193 = ORIENTED_EDGE('',*,*,#2115,.T.);
#5194 = ORIENTED_EDGE('',*,*,#2099,.T.);
#5195 = ORIENTED_EDGE('',*,*,#2043,.F.);
#5196 = ORIENTED_EDGE('',*,*,#5197,.T.);
#5197 = EDGE_CURVE('',#2036,#5185,#5198,.T.);
#5198 = LINE('',#5199,#5200);
#5199 = CARTESIAN_POINT('',(2.65,46.85184,2.4));
#5200 = VECTOR('',#5201,1.);
#5201 = DIRECTION('',(1.,0.,-0.));
#5202 = PLANE('',#5203);
#5203 = AXIS2_PLACEMENT_3D('',#5204,#5205,#5206);
#5204 = CARTESIAN_POINT('',(75.7,24.75092,2.4));
#5205 = DIRECTION('',(0.,0.,1.));
#5206 = DIRECTION('',(1.,0.,-0.));
#5207 = ADVANCED_FACE('',(#5208),#5219,.T.);
#5208 = FACE_BOUND('',#5209,.T.);
#5209 = EDGE_LOOP('',(#5210,#5211,#5212,#5218));
#5210 = ORIENTED_EDGE('',*,*,#1980,.F.);
#5211 = ORIENTED_EDGE('',*,*,#5184,.T.);
#5212 = ORIENTED_EDGE('',*,*,#5213,.T.);
#5213 = EDGE_CURVE('',#5185,#4993,#5214,.T.);
#5214 = LINE('',#5215,#5216);
#5215 = CARTESIAN_POINT('',(148.75,46.85184,2.4));
#5216 = VECTOR('',#5217,1.);
#5217 = DIRECTION('',(0.,0.,1.));
#5218 = ORIENTED_EDGE('',*,*,#4992,.F.);
#5219 = PLANE('',#5220);
#5220 = AXIS2_PLACEMENT_3D('',#5221,#5222,#5223);
#5221 = CARTESIAN_POINT('',(148.75,2.65,2.4));
#5222 = DIRECTION('',(1.,0.,-0.));
#5223 = DIRECTION('',(0.,0.,1.));
#5224 = ADVANCED_FACE('',(#5225),#5236,.F.);
#5225 = FACE_BOUND('',#5226,.F.);
#5226 = EDGE_LOOP('',(#5227,#5228,#5229,#5235));
#5227 = ORIENTED_EDGE('',*,*,#1964,.F.);
#5228 = ORIENTED_EDGE('',*,*,#4508,.T.);
#5229 = ORIENTED_EDGE('',*,*,#5230,.T.);
#5230 = EDGE_CURVE('',#4509,#4978,#5231,.T.);
#5231 = LINE('',#5232,#5233);
#5232 = CARTESIAN_POINT('',(146.95,45.05184,1.9));
#5233 = VECTOR('',#5234,1.);
#5234 = DIRECTION('',(0.,0.,1.));
#5235 = ORIENTED_EDGE('',*,*,#4985,.F.);
#5236 = PLANE('',#5237);
#5237 = AXIS2_PLACEMENT_3D('',#5238,#5239,#5240);
#5238 = CARTESIAN_POINT('',(146.95,4.45,1.9));
#5239 = DIRECTION('',(1.,0.,-0.));
#5240 = DIRECTION('',(0.,0.,1.));
#5241 = ADVANCED_FACE('',(#5242),#5271,.T.);
#5242 = FACE_BOUND('',#5243,.T.);
#5243 = EDGE_LOOP('',(#5244,#5245,#5246,#5247,#5255,#5263,#5269,#5270));
#5244 = ORIENTED_EDGE('',*,*,#5197,.F.);
#5245 = ORIENTED_EDGE('',*,*,#2035,.F.);
#5246 = ORIENTED_EDGE('',*,*,#5016,.T.);
#5247 = ORIENTED_EDGE('',*,*,#5248,.F.);
#5248 = EDGE_CURVE('',#5249,#5009,#5251,.T.);
#5249 = VERTEX_POINT('',#5250);
#5250 = CARTESIAN_POINT('',(95.6125,46.85184,3.1));
#5251 = LINE('',#5252,#5253);
#5252 = CARTESIAN_POINT('',(95.6125,46.85184,2.4));
#5253 = VECTOR('',#5254,1.);
#5254 = DIRECTION('',(0.,0.,1.));
#5255 = ORIENTED_EDGE('',*,*,#5256,.T.);
#5256 = EDGE_CURVE('',#5249,#5257,#5259,.T.);
#5257 = VERTEX_POINT('',#5258);
#5258 = CARTESIAN_POINT('',(116.98,46.85184,3.1));
#5259 = LINE('',#5260,#5261);
#5260 = CARTESIAN_POINT('',(94.98,46.85184,3.1));
#5261 = VECTOR('',#5262,1.);
#5262 = DIRECTION('',(1.,0.,0.));
#5263 = ORIENTED_EDGE('',*,*,#5264,.T.);
#5264 = EDGE_CURVE('',#5257,#5001,#5265,.T.);
#5265 = LINE('',#5266,#5267);
#5266 = CARTESIAN_POINT('',(116.98,46.85184,3.1));
#5267 = VECTOR('',#5268,1.);
#5268 = DIRECTION('',(0.,0.,1.));
#5269 = ORIENTED_EDGE('',*,*,#5000,.T.);
#5270 = ORIENTED_EDGE('',*,*,#5213,.F.);
#5271 = PLANE('',#5272);
#5272 = AXIS2_PLACEMENT_3D('',#5273,#5274,#5275);
#5273 = CARTESIAN_POINT('',(120.66343923933,46.85184,3.573953823954));
#5274 = DIRECTION('',(0.,1.,0.));
#5275 = DIRECTION('',(0.,-0.,1.));
#5276 = ADVANCED_FACE('',(#5277),#5294,.T.);
#5277 = FACE_BOUND('',#5278,.T.);
#5278 = EDGE_LOOP('',(#5279,#5280,#5288));
#5279 = ORIENTED_EDGE('',*,*,#4407,.T.);
#5280 = ORIENTED_EDGE('',*,*,#5281,.T.);
#5281 = EDGE_CURVE('',#4408,#5282,#5284,.T.);
#5282 = VERTEX_POINT('',#5283);
#5283 = CARTESIAN_POINT('',(116.98,3.75,4.35));
#5284 = LINE('',#5285,#5286);
#5285 = CARTESIAN_POINT('',(116.98,2.65,5.6));
#5286 = VECTOR('',#5287,1.);
#5287 = DIRECTION('',(0.,0.660627894892,-0.750713516923));
#5288 = ORIENTED_EDGE('',*,*,#5289,.T.);
#5289 = EDGE_CURVE('',#5282,#4400,#5290,.T.);
#5290 = LINE('',#5291,#5292);
#5291 = CARTESIAN_POINT('',(116.98,3.75,4.35));
#5292 = VECTOR('',#5293,1.);
#5293 = DIRECTION('',(0.,-0.660627894892,-0.750713516923));
#5294 = PLANE('',#5295);
#5295 = AXIS2_PLACEMENT_3D('',#5296,#5297,#5298);
#5296 = CARTESIAN_POINT('',(116.98,2.964157624696,4.35));
#5297 = DIRECTION('',(-1.,-0.,-0.));
#5298 = DIRECTION('',(0.,0.,-1.));
#5299 = ADVANCED_FACE('',(#5300),#5318,.F.);
#5300 = FACE_BOUND('',#5301,.F.);
#5301 = EDGE_LOOP('',(#5302,#5310,#5311,#5312));
#5302 = ORIENTED_EDGE('',*,*,#5303,.T.);
#5303 = EDGE_CURVE('',#5304,#5282,#5306,.T.);
#5304 = VERTEX_POINT('',#5305);
#5305 = CARTESIAN_POINT('',(94.98,3.75,4.35));
#5306 = LINE('',#5307,#5308);
#5307 = CARTESIAN_POINT('',(94.98,3.75,4.35));
#5308 = VECTOR('',#5309,1.);
#5309 = DIRECTION('',(1.,0.,0.));
#5310 = ORIENTED_EDGE('',*,*,#5289,.T.);
#5311 = ORIENTED_EDGE('',*,*,#4399,.F.);
#5312 = ORIENTED_EDGE('',*,*,#5313,.F.);
#5313 = EDGE_CURVE('',#5304,#4392,#5314,.T.);
#5314 = LINE('',#5315,#5316);
#5315 = CARTESIAN_POINT('',(94.98,3.75,4.35));
#5316 = VECTOR('',#5317,1.);
#5317 = DIRECTION('',(0.,-0.660627894892,-0.750713516923));
#5318 = PLANE('',#5319);
#5319 = AXIS2_PLACEMENT_3D('',#5320,#5321,#5322);
#5320 = CARTESIAN_POINT('',(94.98,3.75,4.35));
#5321 = DIRECTION('',(0.,0.750713516923,-0.660627894892));
#5322 = DIRECTION('',(0.,-0.660627894892,-0.750713516923));
#5323 = ADVANCED_FACE('',(#5324),#5334,.F.);
#5324 = FACE_BOUND('',#5325,.F.);
#5325 = EDGE_LOOP('',(#5326,#5327,#5333));
#5326 = ORIENTED_EDGE('',*,*,#4391,.T.);
#5327 = ORIENTED_EDGE('',*,*,#5328,.T.);
#5328 = EDGE_CURVE('',#4384,#5304,#5329,.T.);
#5329 = LINE('',#5330,#5331);
#5330 = CARTESIAN_POINT('',(94.98,2.65,5.6));
#5331 = VECTOR('',#5332,1.);
#5332 = DIRECTION('',(0.,0.660627894892,-0.750713516923));
#5333 = ORIENTED_EDGE('',*,*,#5313,.T.);
#5334 = PLANE('',#5335);
#5335 = AXIS2_PLACEMENT_3D('',#5336,#5337,#5338);
#5336 = CARTESIAN_POINT('',(94.98,2.964157624696,4.35));
#5337 = DIRECTION('',(-1.,-0.,-0.));
#5338 = DIRECTION('',(0.,0.,-1.));
#5339 = ADVANCED_FACE('',(#5340),#5357,.T.);
#5340 = FACE_BOUND('',#5341,.T.);
#5341 = EDGE_LOOP('',(#5342,#5343,#5351));
#5342 = ORIENTED_EDGE('',*,*,#4375,.T.);
#5343 = ORIENTED_EDGE('',*,*,#5344,.T.);
#5344 = EDGE_CURVE('',#4376,#5345,#5347,.T.);
#5345 = VERTEX_POINT('',#5346);
#5346 = CARTESIAN_POINT('',(56.42,3.75,4.35));
#5347 = LINE('',#5348,#5349);
#5348 = CARTESIAN_POINT('',(56.42,2.65,5.6));
#5349 = VECTOR('',#5350,1.);
#5350 = DIRECTION('',(0.,0.660627894892,-0.750713516923));
#5351 = ORIENTED_EDGE('',*,*,#5352,.T.);
#5352 = EDGE_CURVE('',#5345,#4368,#5353,.T.);
#5353 = LINE('',#5354,#5355);
#5354 = CARTESIAN_POINT('',(56.42,3.75,4.35));
#5355 = VECTOR('',#5356,1.);
#5356 = DIRECTION('',(0.,-0.660627894892,-0.750713516923));
#5357 = PLANE('',#5358);
#5358 = AXIS2_PLACEMENT_3D('',#5359,#5360,#5361);
#5359 = CARTESIAN_POINT('',(56.42,2.964157624696,4.35));
#5360 = DIRECTION('',(-1.,-0.,-0.));
#5361 = DIRECTION('',(0.,0.,-1.));
#5362 = ADVANCED_FACE('',(#5363),#5381,.F.);
#5363 = FACE_BOUND('',#5364,.F.);
#5364 = EDGE_LOOP('',(#5365,#5373,#5374,#5375));
#5365 = ORIENTED_EDGE('',*,*,#5366,.T.);
#5366 = EDGE_CURVE('',#5367,#5345,#5369,.T.);
#5367 = VERTEX_POINT('',#5368);
#5368 = CARTESIAN_POINT('',(34.42,3.75,4.35));
#5369 = LINE('',#5370,#5371);
#5370 = CARTESIAN_POINT('',(34.42,3.75,4.35));
#5371 = VECTOR('',#5372,1.);
#5372 = DIRECTION('',(1.,0.,0.));
#5373 = ORIENTED_EDGE('',*,*,#5352,.T.);
#5374 = ORIENTED_EDGE('',*,*,#4367,.F.);
#5375 = ORIENTED_EDGE('',*,*,#5376,.F.);
#5376 = EDGE_CURVE('',#5367,#4360,#5377,.T.);
#5377 = LINE('',#5378,#5379);
#5378 = CARTESIAN_POINT('',(34.42,3.75,4.35));
#5379 = VECTOR('',#5380,1.);
#5380 = DIRECTION('',(0.,-0.660627894892,-0.750713516923));
#5381 = PLANE('',#5382);
#5382 = AXIS2_PLACEMENT_3D('',#5383,#5384,#5385);
#5383 = CARTESIAN_POINT('',(34.42,3.75,4.35));
#5384 = DIRECTION('',(0.,0.750713516923,-0.660627894892));
#5385 = DIRECTION('',(0.,-0.660627894892,-0.750713516923));
#5386 = ADVANCED_FACE('',(#5387),#5397,.F.);
#5387 = FACE_BOUND('',#5388,.F.);
#5388 = EDGE_LOOP('',(#5389,#5390,#5396));
#5389 = ORIENTED_EDGE('',*,*,#4359,.T.);
#5390 = ORIENTED_EDGE('',*,*,#5391,.T.);
#5391 = EDGE_CURVE('',#4352,#5367,#5392,.T.);
#5392 = LINE('',#5393,#5394);
#5393 = CARTESIAN_POINT('',(34.42,2.65,5.6));
#5394 = VECTOR('',#5395,1.);
#5395 = DIRECTION('',(0.,0.660627894892,-0.750713516923));
#5396 = ORIENTED_EDGE('',*,*,#5376,.T.);
#5397 = PLANE('',#5398);
#5398 = AXIS2_PLACEMENT_3D('',#5399,#5400,#5401);
#5399 = CARTESIAN_POINT('',(34.42,2.964157624696,4.35));
#5400 = DIRECTION('',(-1.,-0.,-0.));
#5401 = DIRECTION('',(0.,0.,-1.));
#5402 = ADVANCED_FACE('',(#5403),#5414,.F.);
#5403 = FACE_BOUND('',#5404,.F.);
#5404 = EDGE_LOOP('',(#5405,#5411,#5412,#5413));
#5405 = ORIENTED_EDGE('',*,*,#5406,.F.);
#5406 = EDGE_CURVE('',#4533,#4954,#5407,.T.);
#5407 = LINE('',#5408,#5409);
#5408 = CARTESIAN_POINT('',(82.0125,38.55,2.4));
#5409 = VECTOR('',#5410,1.);
#5410 = DIRECTION('',(0.,0.,1.));
#5411 = ORIENTED_EDGE('',*,*,#4540,.T.);
#5412 = ORIENTED_EDGE('',*,*,#4936,.F.);
#5413 = ORIENTED_EDGE('',*,*,#4953,.F.);
#5414 = PLANE('',#5415);
#5415 = AXIS2_PLACEMENT_3D('',#5416,#5417,#5418);
#5416 = CARTESIAN_POINT('',(82.0125,38.55,2.4));
#5417 = DIRECTION('',(1.,0.,-0.));
#5418 = DIRECTION('',(0.,0.,1.));
#5419 = ADVANCED_FACE('',(#5420),#5431,.T.);
#5420 = FACE_BOUND('',#5421,.T.);
#5421 = EDGE_LOOP('',(#5422,#5423,#5429,#5430));
#5422 = ORIENTED_EDGE('',*,*,#4532,.T.);
#5423 = ORIENTED_EDGE('',*,*,#5424,.T.);
#5424 = EDGE_CURVE('',#4525,#4962,#5425,.T.);
#5425 = LINE('',#5426,#5427);
#5426 = CARTESIAN_POINT('',(95.6125,38.55,2.4));
#5427 = VECTOR('',#5428,1.);
#5428 = DIRECTION('',(0.,0.,1.));
#5429 = ORIENTED_EDGE('',*,*,#4961,.F.);
#5430 = ORIENTED_EDGE('',*,*,#5406,.F.);
#5431 = PLANE('',#5432);
#5432 = AXIS2_PLACEMENT_3D('',#5433,#5434,#5435);
#5433 = CARTESIAN_POINT('',(88.8125,38.55,4.));
#5434 = DIRECTION('',(-0.,-1.,-0.));
#5435 = DIRECTION('',(0.,0.,-1.));
#5436 = ADVANCED_FACE('',(#5437),#5448,.T.);
#5437 = FACE_BOUND('',#5438,.T.);
#5438 = EDGE_LOOP('',(#5439,#5440,#5441,#5447));
#5439 = ORIENTED_EDGE('',*,*,#5424,.F.);
#5440 = ORIENTED_EDGE('',*,*,#4524,.T.);
#5441 = ORIENTED_EDGE('',*,*,#5442,.F.);
#5442 = EDGE_CURVE('',#4970,#4517,#5443,.T.);
#5443 = LINE('',#5444,#5445);
#5444 = CARTESIAN_POINT('',(95.6125,45.05184,2.15));
#5445 = VECTOR('',#5446,1.);
#5446 = DIRECTION('',(-0.,0.,-1.));
#5447 = ORIENTED_EDGE('',*,*,#4969,.F.);
#5448 = PLANE('',#5449);
#5449 = AXIS2_PLACEMENT_3D('',#5450,#5451,#5452);
#5450 = CARTESIAN_POINT('',(95.6125,38.55,2.4));
#5451 = DIRECTION('',(1.,0.,-0.));
#5452 = DIRECTION('',(0.,0.,1.));
#5453 = ADVANCED_FACE('',(#5454),#5460,.F.);
#5454 = FACE_BOUND('',#5455,.F.);
#5455 = EDGE_LOOP('',(#5456,#5457,#5458,#5459));
#5456 = ORIENTED_EDGE('',*,*,#5230,.F.);
#5457 = ORIENTED_EDGE('',*,*,#4516,.T.);
#5458 = ORIENTED_EDGE('',*,*,#5442,.F.);
#5459 = ORIENTED_EDGE('',*,*,#4977,.F.);
#5460 = PLANE('',#5461);
#5461 = AXIS2_PLACEMENT_3D('',#5462,#5463,#5464);
#5462 = CARTESIAN_POINT('',(4.45,45.05184,1.9));
#5463 = DIRECTION('',(-0.,1.,0.));
#5464 = DIRECTION('',(0.,0.,1.));
#5465 = ADVANCED_FACE('',(#5466),#5472,.T.);
#5466 = FACE_BOUND('',#5467,.T.);
#5467 = EDGE_LOOP('',(#5468,#5469,#5470,#5471));
#5468 = ORIENTED_EDGE('',*,*,#4911,.F.);
#5469 = ORIENTED_EDGE('',*,*,#4482,.T.);
#5470 = ORIENTED_EDGE('',*,*,#4683,.T.);
#5471 = ORIENTED_EDGE('',*,*,#4707,.F.);
#5472 = PLANE('',#5473);
#5473 = AXIS2_PLACEMENT_3D('',#5474,#5475,#5476);
#5474 = CARTESIAN_POINT('',(4.45,4.45,1.9));
#5475 = DIRECTION('',(-0.,1.,0.));
#5476 = DIRECTION('',(0.,0.,1.));
#5477 = ADVANCED_FACE('',(#5478),#5484,.F.);
#5478 = FACE_BOUND('',#5479,.F.);
#5479 = EDGE_LOOP('',(#5480,#5481,#5482,#5483));
#5480 = ORIENTED_EDGE('',*,*,#4726,.T.);
#5481 = ORIENTED_EDGE('',*,*,#5281,.T.);
#5482 = ORIENTED_EDGE('',*,*,#5303,.F.);
#5483 = ORIENTED_EDGE('',*,*,#5328,.F.);
#5484 = PLANE('',#5485);
#5485 = AXIS2_PLACEMENT_3D('',#5486,#5487,#5488);
#5486 = CARTESIAN_POINT('',(94.98,2.65,5.6));
#5487 = DIRECTION('',(-0.,0.750713516923,0.660627894892));
#5488 = DIRECTION('',(0.,0.660627894892,-0.750713516923));
#5489 = ADVANCED_FACE('',(#5490),#5496,.F.);
#5490 = FACE_BOUND('',#5491,.F.);
#5491 = EDGE_LOOP('',(#5492,#5493,#5494,#5495));
#5492 = ORIENTED_EDGE('',*,*,#4719,.T.);
#5493 = ORIENTED_EDGE('',*,*,#5344,.T.);
#5494 = ORIENTED_EDGE('',*,*,#5366,.F.);
#5495 = ORIENTED_EDGE('',*,*,#5391,.F.);
#5496 = PLANE('',#5497);
#5497 = AXIS2_PLACEMENT_3D('',#5498,#5499,#5500);
#5498 = CARTESIAN_POINT('',(34.42,2.65,5.6));
#5499 = DIRECTION('',(-0.,0.750713516923,0.660627894892));
#5500 = DIRECTION('',(0.,0.660627894892,-0.750713516923));
#5501 = ADVANCED_FACE('',(#5502),#5527,.T.);
#5502 = FACE_BOUND('',#5503,.T.);
#5503 = EDGE_LOOP('',(#5504,#5505,#5513,#5521));
#5504 = ORIENTED_EDGE('',*,*,#4806,.T.);
#5505 = ORIENTED_EDGE('',*,*,#5506,.T.);
#5506 = EDGE_CURVE('',#4799,#5507,#5509,.T.);
#5507 = VERTEX_POINT('',#5508);
#5508 = CARTESIAN_POINT('',(56.42,45.75184,4.35));
#5509 = LINE('',#5510,#5511);
#5510 = CARTESIAN_POINT('',(56.42,46.85184,5.6));
#5511 = VECTOR('',#5512,1.);
#5512 = DIRECTION('',(0.,-0.660627894892,-0.750713516923));
#5513 = ORIENTED_EDGE('',*,*,#5514,.F.);
#5514 = EDGE_CURVE('',#5515,#5507,#5517,.T.);
#5515 = VERTEX_POINT('',#5516);
#5516 = CARTESIAN_POINT('',(34.42,45.75184,4.35));
#5517 = LINE('',#5518,#5519);
#5518 = CARTESIAN_POINT('',(34.42,45.75184,4.35));
#5519 = VECTOR('',#5520,1.);
#5520 = DIRECTION('',(1.,0.,0.));
#5521 = ORIENTED_EDGE('',*,*,#5522,.F.);
#5522 = EDGE_CURVE('',#4776,#5515,#5523,.T.);
#5523 = LINE('',#5524,#5525);
#5524 = CARTESIAN_POINT('',(34.42,46.85184,5.6));
#5525 = VECTOR('',#5526,1.);
#5526 = DIRECTION('',(0.,-0.660627894892,-0.750713516923));
#5527 = PLANE('',#5528);
#5528 = AXIS2_PLACEMENT_3D('',#5529,#5530,#5531);
#5529 = CARTESIAN_POINT('',(34.42,46.85184,5.6));
#5530 = DIRECTION('',(0.,0.750713516923,-0.660627894892));
#5531 = DIRECTION('',(0.,-0.660627894892,-0.750713516923));
#5532 = ADVANCED_FACE('',(#5533),#5543,.F.);
#5533 = FACE_BOUND('',#5534,.F.);
#5534 = EDGE_LOOP('',(#5535,#5536,#5537));
#5535 = ORIENTED_EDGE('',*,*,#4883,.T.);
#5536 = ORIENTED_EDGE('',*,*,#5506,.T.);
#5537 = ORIENTED_EDGE('',*,*,#5538,.T.);
#5538 = EDGE_CURVE('',#5507,#4876,#5539,.T.);
#5539 = LINE('',#5540,#5541);
#5540 = CARTESIAN_POINT('',(56.42,45.75184,4.35));
#5541 = VECTOR('',#5542,1.);
#5542 = DIRECTION('',(0.,0.660627894892,-0.750713516923));
#5543 = PLANE('',#5544);
#5544 = AXIS2_PLACEMENT_3D('',#5545,#5546,#5547);
#5545 = CARTESIAN_POINT('',(56.42,46.537682375304,4.35));
#5546 = DIRECTION('',(1.,0.,0.));
#5547 = DIRECTION('',(-0.,0.,1.));
#5548 = ADVANCED_FACE('',(#5549),#5560,.T.);
#5549 = FACE_BOUND('',#5550,.T.);
#5550 = EDGE_LOOP('',(#5551,#5552,#5553,#5554));
#5551 = ORIENTED_EDGE('',*,*,#5514,.T.);
#5552 = ORIENTED_EDGE('',*,*,#5538,.T.);
#5553 = ORIENTED_EDGE('',*,*,#4875,.F.);
#5554 = ORIENTED_EDGE('',*,*,#5555,.F.);
#5555 = EDGE_CURVE('',#5515,#4868,#5556,.T.);
#5556 = LINE('',#5557,#5558);
#5557 = CARTESIAN_POINT('',(34.42,45.75184,4.35));
#5558 = VECTOR('',#5559,1.);
#5559 = DIRECTION('',(0.,0.660627894892,-0.750713516923));
#5560 = PLANE('',#5561);
#5561 = AXIS2_PLACEMENT_3D('',#5562,#5563,#5564);
#5562 = CARTESIAN_POINT('',(34.42,45.75184,4.35));
#5563 = DIRECTION('',(-0.,0.750713516923,0.660627894892));
#5564 = DIRECTION('',(0.,0.660627894892,-0.750713516923));
#5565 = ADVANCED_FACE('',(#5566),#5571,.T.);
#5566 = FACE_BOUND('',#5567,.T.);
#5567 = EDGE_LOOP('',(#5568,#5569,#5570));
#5568 = ORIENTED_EDGE('',*,*,#4867,.T.);
#5569 = ORIENTED_EDGE('',*,*,#5522,.T.);
#5570 = ORIENTED_EDGE('',*,*,#5555,.T.);
#5571 = PLANE('',#5572);
#5572 = AXIS2_PLACEMENT_3D('',#5573,#5574,#5575);
#5573 = CARTESIAN_POINT('',(34.42,46.537682375304,4.35));
#5574 = DIRECTION('',(1.,0.,0.));
#5575 = DIRECTION('',(-0.,0.,1.));
#5576 = ADVANCED_FACE('',(#5577),#5602,.T.);
#5577 = FACE_BOUND('',#5578,.T.);
#5578 = EDGE_LOOP('',(#5579,#5587,#5588,#5596));
#5579 = ORIENTED_EDGE('',*,*,#5580,.F.);
#5580 = EDGE_CURVE('',#5009,#5581,#5583,.T.);
#5581 = VERTEX_POINT('',#5582);
#5582 = CARTESIAN_POINT('',(95.6125,45.75184,4.35));
#5583 = LINE('',#5584,#5585);
#5584 = CARTESIAN_POINT('',(95.6125,44.246749576195,2.639669972949));
#5585 = VECTOR('',#5586,1.);
#5586 = DIRECTION('',(0.,-0.660627894892,-0.750713516923));
#5587 = ORIENTED_EDGE('',*,*,#5008,.T.);
#5588 = ORIENTED_EDGE('',*,*,#5589,.T.);
#5589 = EDGE_CURVE('',#5001,#5590,#5592,.T.);
#5590 = VERTEX_POINT('',#5591);
#5591 = CARTESIAN_POINT('',(116.98,45.75184,4.35));
#5592 = LINE('',#5593,#5594);
#5593 = CARTESIAN_POINT('',(116.98,46.85184,5.6));
#5594 = VECTOR('',#5595,1.);
#5595 = DIRECTION('',(0.,-0.660627894892,-0.750713516923));
#5596 = ORIENTED_EDGE('',*,*,#5597,.F.);
#5597 = EDGE_CURVE('',#5581,#5590,#5598,.T.);
#5598 = LINE('',#5599,#5600);
#5599 = CARTESIAN_POINT('',(94.98,45.75184,4.35));
#5600 = VECTOR('',#5601,1.);
#5601 = DIRECTION('',(1.,0.,0.));
#5602 = PLANE('',#5603);
#5603 = AXIS2_PLACEMENT_3D('',#5604,#5605,#5606);
#5604 = CARTESIAN_POINT('',(94.98,46.85184,5.6));
#5605 = DIRECTION('',(0.,0.750713516923,-0.660627894892));
#5606 = DIRECTION('',(0.,-0.660627894892,-0.750713516923));
#5607 = ADVANCED_FACE('',(#5608),#5618,.T.);
#5608 = FACE_BOUND('',#5609,.T.);
#5609 = EDGE_LOOP('',(#5610,#5611,#5612));
#5610 = ORIENTED_EDGE('',*,*,#5248,.T.);
#5611 = ORIENTED_EDGE('',*,*,#5580,.T.);
#5612 = ORIENTED_EDGE('',*,*,#5613,.T.);
#5613 = EDGE_CURVE('',#5581,#5249,#5614,.T.);
#5614 = LINE('',#5615,#5616);
#5615 = CARTESIAN_POINT('',(95.6125,44.663837042381,5.586366997295));
#5616 = VECTOR('',#5617,1.);
#5617 = DIRECTION('',(-0.,0.660627894892,-0.750713516923));
#5618 = PLANE('',#5619);
#5619 = AXIS2_PLACEMENT_3D('',#5620,#5621,#5622);
#5620 = CARTESIAN_POINT('',(95.6125,38.55,2.4));
#5621 = DIRECTION('',(1.,0.,-0.));
#5622 = DIRECTION('',(0.,0.,1.));
#5623 = ADVANCED_FACE('',(#5624),#5635,.T.);
#5624 = FACE_BOUND('',#5625,.T.);
#5625 = EDGE_LOOP('',(#5626,#5627,#5628,#5634));
#5626 = ORIENTED_EDGE('',*,*,#5613,.F.);
#5627 = ORIENTED_EDGE('',*,*,#5597,.T.);
#5628 = ORIENTED_EDGE('',*,*,#5629,.T.);
#5629 = EDGE_CURVE('',#5590,#5257,#5630,.T.);
#5630 = LINE('',#5631,#5632);
#5631 = CARTESIAN_POINT('',(116.98,45.75184,4.35));
#5632 = VECTOR('',#5633,1.);
#5633 = DIRECTION('',(0.,0.660627894892,-0.750713516923));
#5634 = ORIENTED_EDGE('',*,*,#5256,.F.);
#5635 = PLANE('',#5636);
#5636 = AXIS2_PLACEMENT_3D('',#5637,#5638,#5639);
#5637 = CARTESIAN_POINT('',(94.98,45.75184,4.35));
#5638 = DIRECTION('',(-0.,0.750713516923,0.660627894892));
#5639 = DIRECTION('',(0.,0.660627894892,-0.750713516923));
#5640 = ADVANCED_FACE('',(#5641),#5646,.F.);
#5641 = FACE_BOUND('',#5642,.F.);
#5642 = EDGE_LOOP('',(#5643,#5644,#5645));
#5643 = ORIENTED_EDGE('',*,*,#5264,.T.);
#5644 = ORIENTED_EDGE('',*,*,#5589,.T.);
#5645 = ORIENTED_EDGE('',*,*,#5629,.T.);
#5646 = PLANE('',#5647);
#5647 = AXIS2_PLACEMENT_3D('',#5648,#5649,#5650);
#5648 = CARTESIAN_POINT('',(116.98,46.537682375304,4.35));
#5649 = DIRECTION('',(1.,0.,0.));
#5650 = DIRECTION('',(-0.,0.,1.));
#5651 = ( GEOMETRIC_REPRESENTATION_CONTEXT(3) 
GLOBAL_UNCERTAINTY_ASSIGNED_CONTEXT((#5655)) 
GLOBAL_UNIT_ASSIGNED_CONTEXT((#5652,#5653,#5654)) REPRESENTATION_CONTEXT
('Context #1','3D Context with UNIT and UNCERTAINTY') );
#5652 = ( LENGTH_UNIT() NAMED_UNIT(*) SI_UNIT(.MILLI.,.METRE.) );
#5653 = ( NAMED_UNIT(*) PLANE_ANGLE_UNIT() SI_UNIT($,.RADIAN.) );
#5654 = ( NAMED_UNIT(*) SI_UNIT($,.STERADIAN.) SOLID_ANGLE_UNIT() );
#5655 = UNCERTAINTY_MEASURE_WITH_UNIT(LENGTH_MEASURE(2.E-07),#5652,
  'distance_accuracy_value','confusion accuracy');
#5656 = PRODUCT_RELATED_PRODUCT_CATEGORY('part',$,(#7));
ENDSEC;
END-ISO-10303-21;
