#VRML V2.0 utf8
# 3D model generated by easyeda2kicad.py (https://github.com/uPesy/easyeda2kicad.py)

Shape{
    appearance Appearance {
        material  Material 	{
            diffuseColor 0.20784313725490197 0.20784313725490197 0.20784313725490197
            specularColor 0.01568627450980392 0.01568627450980392 0.01568627450980392
            ambientIntensity 0.298
            transparency 0.0
            shininess 0.5
        }
    }
    geometry IndexedFaceSet {
        ccw TRUE
        solid FALSE
        coord DEF co Coordinate {
            point [
                2.9961 0.935 0.0787, 2.9961 1.7146 0.0787, 2.9961 1.7146 3.5433, 2.9961 -0.9311 0.0787, 2.9961 -0.6437 0.0787, 2.9961 -0.6437 2.7559, 2.9961 -1.7106 3.3663, 2.9961 -1.7106 3.2556, 2.9961 -1.7106 3.2236, 2.9961 0.6476 0.0787, 2.9961 0.6476 2.7559, 2.9961 -1.7106 3.5433, 2.9961 -1.7106 3.0396, 2.9961 -1.7106 0.0787, 2.9961 -1.5531 0.0787, 2.9961 -1.7106 3.0827, -2.9961 -1.7106 0.0787, -2.9961 -1.5531 0.0787, -1.7047 -1.5531 0.0787, -0.1024 0.002 0.0787, -0.1024 0.376 0.0787, 0.1024 0.376 0.0787, 2.4409 1.7146 0.0787, 2.7185 1.7146 0.0787, 2.7185 0.935 0.0787, 2.7185 0.6476 0.0787, 1.7047 0.935 0.0787, 2.5433 0.6476 0.0787, 1.7047 0.002 0.0787, 2.2861 1.3412 0.0787, 2.2835 1.3209 0.0787, 2.294 1.3602 0.0787, 1.7047 1.7146 0.0787, 2.4304 1.2815 0.0787, 2.4383 1.3005 0.0787, 2.4409 1.3209 0.0787, 2.4383 1.3412 0.0787, 2.4304 1.3602 0.0787, 2.4179 1.3765 0.0787, 2.2835 1.7146 0.0787, 2.2861 1.3005 0.0787, 2.294 1.2815 0.0787, 2.3065 1.2652 0.0787, 2.2861 1.7349 0.0787, 2.294 1.7539 0.0787, 2.3418 1.7906 0.0787, 2.3622 1.7933 0.0787, 2.3228 1.7828 0.0787, 2.3826 1.7906 0.0787, 2.4016 1.7828 0.0787, 2.4179 1.7702 0.0787, 2.4304 1.7539 0.0787, 2.3065 1.7702 0.0787, 2.4383 1.7349 0.0787, 2.3826 1.2448 0.0787, 2.4016 1.2527 0.0787, 2.4179 1.2652 0.0787, 2.4016 1.3891 0.0787, 2.3826 1.3969 0.0787, 2.3622 1.3996 0.0787, 2.3418 1.3969 0.0787, 2.3228 1.3891 0.0787, 2.3065 1.3765 0.0787, 2.3228 1.2527 0.0787, 2.3418 1.2448 0.0787, 2.3622 1.2421 0.0787, 0.1024 0.935 0.0787, 0.1024 1.7146 0.0787, 0.0557 1.3765 0.0787, 0.0394 1.3891 0.0787, -0.0682 1.2815 0.0787, -0.1024 0.935 0.0787, -0.0761 1.3005 0.0787, -0.0787 1.3209 0.0787, -0.0557 1.2652 0.0787, -0.0394 1.2527 0.0787, -0.0204 1.2448 0.0787, 0.0 1.2421 0.0787, 0.0204 1.2448 0.0787, -0.1024 1.7146 0.0787, -0.0394 1.3891 0.0787, -0.0557 1.3765 0.0787, 0.0394 1.2527 0.0787, 0.0557 1.2652 0.0787, 0.0682 1.2815 0.0787, 0.0682 1.3602 0.0787, 0.0204 1.3969 0.0787, 0.0 1.3996 0.0787, -0.0204 1.3969 0.0787, -0.0682 1.3602 0.0787, -0.0761 1.3412 0.0787, 0.0761 1.3005 0.0787, 0.0787 1.3209 0.0787, 0.0761 1.3412 0.0787, -0.5 0.935 0.0787, -0.5 1.7146 0.0787, -1.7047 0.935 0.0787, -1.7047 1.7146 0.0787, -2.2835 1.3209 0.0787, -2.2861 1.3412 0.0787, -2.4383 1.7349 0.0787, -2.4304 1.7539 0.0787, -2.2835 1.7146 0.0787, -2.9961 0.935 0.0787, -2.4409 1.3209 0.0787, -2.4383 1.3005 0.0787, -2.4383 1.3412 0.0787, -2.9961 1.7146 0.0787, -2.4304 1.3602 0.0787, -2.4409 1.7146 0.0787, -2.3228 1.2527 0.0787, -2.3065 1.2652 0.0787, -2.4304 1.2815 0.0787, -2.4179 1.2652 0.0787, -2.4016 1.2527 0.0787, -2.294 1.2815 0.0787, -2.2861 1.3005 0.0787, -2.3826 1.7906 0.0787, -2.3622 1.7933 0.0787, -2.4016 1.7828 0.0787, -2.3418 1.7906 0.0787, -2.3228 1.7828 0.0787, -2.3065 1.7702 0.0787, -2.294 1.7539 0.0787, -2.4179 1.7702 0.0787, -2.2861 1.7349 0.0787, -2.3418 1.3969 0.0787, -2.3622 1.3996 0.0787, -2.294 1.3602 0.0787, -2.3065 1.3765 0.0787, -2.3228 1.3891 0.0787, -2.3826 1.3969 0.0787, -2.4016 1.3891 0.0787, -2.4179 1.3765 0.0787, -2.3826 1.2448 0.0787, -2.3622 1.2421 0.0787, -2.3418 1.2448 0.0787, -2.9961 0.6476 0.0787, -2.5433 0.6476 0.0787, -2.5433 0.002 0.0787, -1.7047 0.002 0.0787, -2.5433 -0.6437 0.0787, -1.7047 -0.9311 0.0787, -2.9961 -0.6437 0.0787, -2.9961 -0.9311 0.0787, 2.7185 -0.6437 0.0787, 2.7185 -0.9311 0.0787, 2.5433 -0.6437 0.0787, 1.7047 -0.9311 0.0787, 2.5433 0.002 0.0787, 1.126 -0.372 0.0787, 0.874 -0.372 0.0787, 0.1024 0.002 0.0787, 0.874 -0.624 0.0787, 1.126 -0.624 0.0787, 0.126 -0.624 0.0787, 0.1024 -0.9311 0.0787, 0.1024 -0.624 0.0787, -0.1024 -0.9311 0.0787, -0.1024 -0.624 0.0787, 0.874 0.628 0.0787, 1.126 0.628 0.0787, 1.126 0.376 0.0787, 0.874 0.376 0.0787, -0.126 -0.624 0.0787, -0.5 -0.9311 0.0787, -0.126 -0.372 0.0787, -0.5 0.002 0.0787, -0.1024 -0.372 0.0787, 0.126 0.376 0.0787, -0.126 0.376 0.0787, -0.126 0.628 0.0787, -0.1024 0.628 0.0787, 0.126 0.628 0.0787, 0.1024 0.628 0.0787, -0.874 0.376 0.0787, -1.126 0.376 0.0787, -1.126 0.628 0.0787, -0.874 0.628 0.0787, -0.874 -0.624 0.0787, -1.126 -0.624 0.0787, -1.126 -0.372 0.0787, -0.874 -0.372 0.0787, -2.4409 -1.3169 0.0787, -2.4383 -1.3373 0.0787, -2.4383 -1.2965 0.0787, -2.4304 -1.2776 0.0787, -2.2835 -1.3169 0.0787, -2.2861 -1.2965 0.0787, -2.294 -1.2776 0.0787, -2.3065 -1.2613 0.0787, -2.3228 -1.3851 0.0787, -2.3065 -1.3726 0.0787, -2.4304 -1.3563 0.0787, -2.4179 -1.3726 0.0787, -2.4016 -1.3851 0.0787, -2.294 -1.3563 0.0787, -2.2861 -1.3373 0.0787, -2.3826 -1.2409 0.0787, -2.4016 -1.2487 0.0787, -2.4179 -1.2613 0.0787, -2.3228 -1.2487 0.0787, -2.3418 -1.2409 0.0787, -2.3622 -1.2382 0.0787, -2.3826 -1.393 0.0787, -2.3622 -1.3957 0.0787, -2.3418 -1.393 0.0787, -0.5 -1.5531 0.0787, -0.1024 -1.5531 0.0787, 0.0557 -1.2613 0.0787, 0.0394 -1.2487 0.0787, -0.0682 -1.3563 0.0787, -0.0557 -1.3726 0.0787, -0.0394 -1.3851 0.0787, -0.0204 -1.393 0.0787, 0.1024 -1.5531 0.0787, 0.0 -1.3957 0.0787, 0.0204 -1.393 0.0787, 0.0394 -1.3851 0.0787, 0.0557 -1.3726 0.0787, 0.0682 -1.3563 0.0787, 0.0682 -1.2776 0.0787, 0.0204 -1.2409 0.0787, 0.0 -1.2382 0.0787, -0.0204 -1.2409 0.0787, -0.0394 -1.2487 0.0787, -0.0557 -1.2613 0.0787, -0.0682 -1.2776 0.0787, -0.0761 -1.2965 0.0787, -0.0787 -1.3169 0.0787, -0.0761 -1.3373 0.0787, 0.0761 -1.3373 0.0787, 0.0787 -1.3169 0.0787, 0.0761 -1.2965 0.0787, 1.7047 -1.5531 0.0787, 0.126 -0.372 0.0787, 0.1024 -0.372 0.0787, 2.4383 -1.2965 0.0787, 2.4409 -1.3169 0.0787, 2.7185 -1.5531 0.0787, 2.3228 -1.2487 0.0787, 2.3065 -1.2613 0.0787, 2.4016 -1.3851 0.0787, 2.4179 -1.3726 0.0787, 2.4304 -1.2776 0.0787, 2.4179 -1.2613 0.0787, 2.4016 -1.2487 0.0787, 2.294 -1.2776 0.0787, 2.2861 -1.2965 0.0787, 2.2835 -1.3169 0.0787, 2.2861 -1.3373 0.0787, 2.294 -1.3563 0.0787, 2.3065 -1.3726 0.0787, 2.3228 -1.3851 0.0787, 2.4304 -1.3563 0.0787, 2.4383 -1.3373 0.0787, 2.3826 -1.2409 0.0787, 2.3622 -1.2382 0.0787, 2.3418 -1.2409 0.0787, 2.3418 -1.393 0.0787, 2.3622 -1.3957 0.0787, 2.3826 -1.393 0.0787, 0.1024 -1.7106 0.0787, -0.1024 -1.7106 0.0787, -0.5 -1.7106 0.0787, -0.6345 -1.7106 0.0787, -1.7047 -1.7106 0.0787, 2.7185 -1.7106 0.0787, 2.681 -1.7106 0.0787, 2.6466 -1.7106 0.0787, 2.6048 -1.7106 0.0787, 2.5446 -1.7106 0.0787, 2.5192 -1.7106 0.0787, 2.4694 -1.7106 0.0787, 2.3772 -1.7106 0.0787, 2.3707 -1.7106 0.0787, 2.2658 -1.7106 0.0787, 1.7047 -1.7106 0.0787, 2.5433 1.2953 0.9843, 2.5433 0.6476 0.9843, 2.5433 1.2953 3.3071, 2.5433 0.6476 2.7559, 2.5433 -1.2913 3.3071, 2.5433 -0.6437 2.7559, 2.5433 -0.6437 0.9843, 2.5433 -0.9577 0.9843, 2.5433 -1.2913 0.9843, 2.2658 -1.7106 3.0827, 2.2658 -1.7106 3.0396, 2.3707 -1.7106 3.0396, 2.2658 -1.7106 3.2556, 2.2658 -1.7106 3.2236, 2.3707 -1.7106 3.2236, 2.4898 -1.7106 3.3529, 2.4898 -1.7106 3.318, 2.5192 -1.7106 3.318, 2.6262 -1.7106 3.1801, 2.6262 -1.7106 3.1452, 2.6466 -1.7106 3.1452, 2.6046 -1.7106 3.3631, 2.6048 -1.7106 3.363, 2.6048 -1.7106 3.3663, 2.4725 -1.7106 3.0831, 2.4694 -1.7106 3.0842, 2.4694 -1.7106 3.0827, 2.4957 -1.7106 3.0831, 2.4926 -1.7106 3.0827, 2.5192 -1.7106 3.0827, -0.8858 -1.7106 0.8268, -0.8858 -1.7106 3.0396, 2.4125 -1.7106 3.3654, 2.4205 -1.7106 3.3663, 2.3772 -1.7106 3.3663, 2.721 -1.7106 3.2863, 2.681 -1.7106 3.2863, 2.7321 -1.7106 3.2565, 2.681 -1.7106 3.2556, 2.7477 -1.7106 3.2565, 2.7062 -1.7106 3.3654, 2.681 -1.7106 3.3663, 2.6756 -1.7106 3.2863, 2.6652 -1.7106 3.2565, 2.6466 -1.7106 3.2556, 2.6496 -1.7106 3.2565, 2.6466 -1.7106 3.3663, 2.681 -1.7106 3.3389, 2.6911 -1.7106 3.3654, 2.4694 -1.7106 3.3663, 2.439 -1.7106 3.3663, 2.4438 -1.7106 3.3659, 2.4539 -1.7106 3.3628, 2.4539 -1.7106 3.3481, 2.4694 -1.7106 3.2556, 2.4539 -1.7106 3.2745, 2.4539 -1.7106 3.261, 2.452 -1.7106 3.2601, 2.4404 -1.7106 3.2562, 2.4334 -1.7106 3.2556, 2.4514 -1.7106 3.3494, 2.4402 -1.7106 3.3533, 2.432 -1.7106 3.2675, 2.4441 -1.7106 3.27, 2.3871 -1.7106 3.3085, 2.3871 -1.7106 3.3097, 2.4282 -1.7106 3.3546, 2.4242 -1.7106 3.3544, 2.4147 -1.7106 3.3526, 2.3966 -1.7106 3.3403, 2.3917 -1.7106 3.3324, 2.3884 -1.7106 3.3224, 2.3889 -1.7106 3.2952, 2.3923 -1.7106 3.2863, 2.3978 -1.7106 3.2787, 2.4073 -1.7106 3.2714, 2.4152 -1.7106 3.2684, 2.4258 -1.7106 3.2672, 2.4061 -1.7106 3.3487, 2.3985 -1.7106 3.3425, 2.4002 -1.7106 3.2763, 2.4281 -1.7106 3.3673, 2.3772 -1.7106 3.5433, 2.4694 -1.7106 3.5433, 2.4298 -1.7106 3.3673, 2.4011 -1.7106 3.361, 2.381 -1.7106 3.3422, 2.3881 -1.7106 3.3512, 2.3905 -1.7106 3.3536, 2.3772 -1.7106 3.2842, 2.3744 -1.7106 3.2914, 2.3707 -1.7106 3.2556, 2.3723 -1.7106 3.3089, 2.3727 -1.7106 3.3164, 2.3707 -1.7106 3.3663, 2.3755 -1.7106 3.3303, 2.3772 -1.7106 3.3341, 2.3945 -1.7106 3.2626, 2.3863 -1.7106 3.2695, 2.3772 -1.7106 3.2556, 2.3853 -1.7106 3.2706, 2.3788 -1.7106 3.2799, 2.4237 -1.7106 3.2546, 2.4164 -1.7106 3.255, 2.3772 -1.7106 3.2236, 2.414 -1.7106 3.2556, 2.4047 -1.7106 3.2576, 2.5833 -1.7106 3.1615, 2.5974 -1.7106 3.1615, 2.6048 -1.7106 3.2236, 2.5583 -1.7106 3.103, 2.56 -1.7106 3.0966, 2.5604 -1.7106 3.0966, 2.5446 -1.7106 3.2236, 2.5446 -1.7106 3.1425, 2.562 -1.7106 3.1029, 2.561 -1.7106 3.0992, 2.5227 -1.7106 3.1615, 2.5192 -1.7106 3.2236, 2.5446 -1.7106 3.1059, 2.538 -1.7106 3.1615, 2.5446 -1.7106 3.0827, 2.5528 -1.7106 3.0827, 2.5533 -1.7106 3.0838, 2.5446 -1.7106 3.0648, 2.5446 -1.7106 3.0648, 2.5473 -1.7106 3.0697, 2.5192 -1.7106 3.0396, 2.5256 -1.7106 3.0481, 2.5256 -1.7106 3.0603, 2.5333 -1.7106 3.0587, 2.5366 -1.7106 3.0591, 2.5446 -1.7106 3.0494, 2.5399 -1.7106 3.0476, 2.5446 -1.7106 3.0396, 2.5344 -1.7106 3.047, 2.5313 -1.7106 3.0471, 2.5396 -1.7106 3.0602, 2.5421 -1.7106 3.0619, 2.5621 -1.7106 3.0719, 2.5559 -1.7106 3.0599, 2.6048 -1.7106 3.0396, 2.5664 -1.7106 3.0827, 2.551 -1.7106 3.0539, 2.55 -1.7106 3.053, 2.5453 -1.7106 3.0497, -2.9961 -1.7106 3.0396, -2.9961 -1.7106 3.0827, -0.8858 -1.7106 3.0827, -2.9961 -1.7106 3.2236, -0.8858 -1.7106 3.2236, -2.9961 -1.7106 3.2556, -0.8858 -1.7106 3.2556, -2.9961 -1.7106 3.3663, -0.8858 -1.7106 3.3663, -2.9961 -1.7106 3.5433, -0.8858 -1.7106 3.5433, -0.6345 -1.7106 0.8268, 1.9139 -1.7106 3.0345, 1.8951 -1.7106 3.0322, 0.8858 -1.7106 0.8268, 1.8922 -1.7106 3.0322, 1.8739 -1.7106 3.035, 0.8858 -1.7106 3.0396, 1.8631 -1.7106 3.0396, 0.8858 -1.7106 3.0827, 1.856 -1.7106 3.0425, 1.8408 -1.7106 3.054, 1.7837 -1.7106 3.1014, 1.7595 -1.7106 3.122, 1.8117 -1.7106 3.0878, 1.8293 -1.7106 3.0682, 1.8225 -1.7106 3.0827, 1.8215 -1.7106 3.0848, 1.7419 -1.7106 3.1472, 1.7308 -1.7106 3.1761, 0.8858 -1.7106 3.2236, 1.727 -1.7106 3.2064, 1.7272 -1.7106 3.2138, 1.729 -1.7106 3.2236, 0.8858 -1.7106 3.2556, 1.822 -1.7106 3.3281, 1.8525 -1.7106 3.3319, 1.9044 -1.7106 3.3645, 1.7324 -1.7106 3.243, 1.738 -1.7106 3.2556, 0.8858 -1.7106 3.3663, 1.7448 -1.7106 3.2708, 1.7634 -1.7106 3.2947, 1.8862 -1.7106 3.3489, 1.8614 -1.7106 3.3314, 1.8703 -1.7106 3.3304, 1.7686 -1.7106 3.2997, 1.7933 -1.7106 3.317, 2.0294 -1.7106 3.3913, 2.0683 -1.7106 3.3775, 2.2658 -1.7106 3.5433, 1.9075 -1.7106 3.3663, 0.8858 -1.7106 3.5433, 1.9233 -1.7106 3.3762, 1.959 -1.7106 3.3899, 1.9973 -1.7106 3.3947, 2.5111 -1.7106 3.1177, 2.5136 -1.7106 3.1139, 2.5119 -1.7106 3.1465, 2.5133 -1.7106 3.095, 2.5108 -1.7106 3.0914, 2.5151 -1.7106 3.1099, 2.5156 -1.7106 3.1048, 2.515 -1.7106 3.0993, 2.4755 -1.7106 3.1592, 2.4828 -1.7106 3.162, 2.4694 -1.7106 3.2236, 2.4935 -1.7106 3.1632, 2.5119 -1.7106 3.1598, 2.5019 -1.7106 3.1626, 2.5069 -1.7106 3.088, 2.5031 -1.7106 3.0857, 2.4921 -1.7106 3.1522, 2.4881 -1.7106 3.1519, 2.4772 -1.7106 3.1417, 2.4845 -1.7106 3.1509, 2.4814 -1.7106 3.1493, 2.4774 -1.7106 3.1399, 2.4779 -1.7106 3.1378, 2.4789 -1.7106 3.1359, 2.4802 -1.7106 3.1344, 2.485 -1.7106 3.1314, 2.5019 -1.7106 3.1509, 2.4935 -1.7106 3.1278, 2.5096 -1.7106 3.1479, 2.4988 -1.7106 3.1256, 2.5078 -1.7106 3.1206, 2.4793 -1.7106 3.1474, 2.4782 -1.7106 3.1457, 2.4775 -1.7106 3.1439, 2.3873 -1.7106 3.1204, 2.3897 -1.7106 3.1427, 2.3844 -1.7106 3.116, 2.3828 -1.7106 3.111, 2.4679 -1.7106 3.1534, 2.4694 -1.7106 3.1548, 2.4719 -1.7106 3.1571, 2.4631 -1.7106 3.1005, 2.4446 -1.7106 3.1337, 2.4631 -1.7106 3.0864, 2.4446 -1.7106 3.0837, 2.4242 -1.7106 3.0878, 2.4193 -1.7106 3.0846, 2.431 -1.7106 3.0837, 2.4142 -1.7106 3.0827, 2.3914 -1.7106 3.1241, 2.397 -1.7106 3.1271, 2.3987 -1.7106 3.1485, 2.4079 -1.7106 3.1299, 2.4198 -1.7106 3.1517, 2.4152 -1.7106 3.1522, 2.4073 -1.7106 3.1514, 2.3772 -1.7106 3.0396, 2.3988 -1.7106 3.0827, 2.3772 -1.7106 3.0827, 2.3986 -1.7106 3.0828, 2.3934 -1.7106 3.0847, 2.3888 -1.7106 3.0879, 2.3872 -1.7106 3.0895, 2.3844 -1.7106 3.0937, 2.4044 -1.7106 3.162, 2.394 -1.7106 3.1584, 2.3897 -1.7106 3.156, 2.431 -1.7106 3.0957, 2.4306 -1.7106 3.0957, 2.4285 -1.7106 3.0924, 2.3828 -1.7106 3.0983, 2.3821 -1.7106 3.1045, 2.4434 -1.7106 3.1449, 2.4638 -1.7106 3.1352, 2.4637 -1.7106 3.1453, 2.4653 -1.7106 3.1497, 2.4383 -1.7106 3.1551, 2.4165 -1.7106 3.1632, 2.4251 -1.7106 3.1624, 2.4307 -1.7106 3.1606, 2.431 -1.7106 3.1331, 2.4305 -1.7106 3.1391, 2.4291 -1.7106 3.144, 2.4275 -1.7106 3.1468, 2.4411 -1.7106 3.1508, 2.4632 -1.7106 3.1405, 2.4352 -1.7106 3.158, 2.4254 -1.7106 3.149, 2.423 -1.7106 3.1506, 2.4694 -1.7106 3.0969, 2.4694 -1.7106 3.1257, 2.4676 -1.7106 3.0976, 2.4693 -1.7106 3.1258, 2.4671 -1.7106 3.1282, 2.4653 -1.7106 3.131, 2.4761 -1.7106 3.0942, 2.4838 -1.7106 3.1179, 2.4757 -1.7106 3.1216, 2.4855 -1.7106 3.093, 2.4861 -1.7106 3.093, 2.4928 -1.7106 3.1141, 2.4931 -1.7106 3.0937, 2.5016 -1.7106 3.1035, 2.5015 -1.7106 3.1052, 2.4967 -1.7106 3.095, 2.4979 -1.7106 3.0958, 2.4995 -1.7106 3.0972, 2.5007 -1.7106 3.0989, 2.5014 -1.7106 3.1009, 2.5009 -1.7106 3.1073, 2.4998 -1.7106 3.1091, 2.4981 -1.7106 3.1109, 2.4755 -1.7106 3.0827, 2.4694 -1.7106 3.0396, 2.4842 -1.7106 3.0818, 2.5284 -1.7106 3.0593, 2.4138 -1.7106 3.0826, 2.4068 -1.7106 3.0818, 2.1713 -1.7106 3.2805, 2.1924 -1.7106 3.2627, 2.2658 -1.7106 3.3663, 2.0849 -1.7106 3.3663, 2.1027 -1.7106 3.3544, 2.1284 -1.7106 3.3246, 2.1445 -1.7106 3.2932, 2.1483 -1.7106 3.2919, 1.9677 -1.7106 3.0827, 1.9676 -1.7106 3.0823, 1.9584 -1.7106 3.0651, 1.9466 -1.7106 3.0519, 1.9312 -1.7106 3.0411, 1.9272 -1.7106 3.0396, 2.2176 -1.7106 3.217, 2.2212 -1.7106 3.1917, 2.0666 -1.7106 3.1284, 2.0719 -1.7106 3.1305, 2.081 -1.7106 3.1747, 2.1925 -1.7106 3.1181, 2.1715 -1.7106 3.1003, 1.9532 -1.7106 3.1615, 2.057 -1.7106 3.2157, 1.9396 -1.7106 3.1739, 1.9232 -1.7106 3.1827, 2.0618 -1.7106 3.1251, 2.2079 -1.7106 3.1396, 2.1728 -1.7106 3.1978, 2.1691 -1.7106 3.2127, 2.1632 -1.7106 3.2236, 1.7777 -1.7106 3.2236, 2.2177 -1.7106 3.1641, 2.0779 -1.7106 3.1313, 2.0787 -1.7106 3.1312, 2.081 -1.7106 3.1307, 1.7823 -1.7106 3.177, 1.7915 -1.7106 3.1614, 1.8308 -1.7106 3.1533, 1.8054 -1.7106 3.1471, 1.8223 -1.7106 3.1367, 1.8595 -1.7106 3.179, 1.8436 -1.7106 3.168, 1.7758 -1.7106 3.208, 1.7768 -1.7106 3.1959, 1.8766 -1.7106 3.1856, 1.8951 -1.7106 3.1878, 1.9045 -1.7106 3.1873, 2.0539 -1.7106 3.1073, 2.0541 -1.7106 3.1103, 1.9726 -1.7106 3.1174, 2.0556 -1.7106 3.1162, 2.0586 -1.7106 3.1215, 2.1574 -1.7106 3.15, 2.166 -1.7106 3.162, 2.1713 -1.7106 3.1758, 2.1732 -1.7106 3.1909, 2.072 -1.7106 3.084, 2.0669 -1.7106 3.086, 2.0618 -1.7106 3.0896, 2.06 -1.7106 3.0914, 2.0567 -1.7106 3.0963, 2.0546 -1.7106 3.1015, 1.9721 -1.7106 3.1014, 1.9726 -1.7106 3.1096, 2.1479 -1.7106 3.0887, 2.1221 -1.7106 3.0833, 2.0764 -1.7106 3.0833, 2.0826 -1.7106 3.1305, 2.1174 -1.7106 3.1305, 2.1314 -1.7106 3.1332, 2.145 -1.7106 3.1396, 2.1565 -1.7106 3.1489, 2.1066 -1.7106 3.2514, 1.7848 -1.7106 3.244, 1.7781 -1.7106 3.2268, 2.1128 -1.7106 3.2514, 2.1619 -1.7106 3.2261, 2.1531 -1.7106 3.2359, 2.141 -1.7106 3.2443, 2.1275 -1.7106 3.2495, 2.0898 -1.7106 3.298, 2.0723 -1.7106 3.3188, 1.8943 -1.7106 3.2738, 2.0705 -1.7106 3.3205, 2.0487 -1.7106 3.3356, 1.9062 -1.7106 3.2983, 1.7928 -1.7106 3.2556, 1.8889 -1.7106 3.2768, 2.1056 -1.7106 3.2556, 2.1018 -1.7106 3.273, 1.8716 -1.7106 3.2832, 1.8533 -1.7106 3.2854, 1.8451 -1.7106 3.285, 1.9236 -1.7106 3.3191, 2.0244 -1.7106 3.3449, 1.9443 -1.7106 3.3342, 1.9981 -1.7106 3.3482, 1.9696 -1.7106 3.3445, 1.826 -1.7106 3.2805, 1.8087 -1.7106 3.2713, 1.7955 -1.7106 3.2595, 2.1975 -1.7106 3.2556, 2.2082 -1.7106 3.2407, 2.215 -1.7106 3.2236, 2.6311 -1.7106 3.3472, 2.6378 -1.7106 3.3376, 2.6402 -1.7106 3.2914, 2.6346 -1.7106 3.2803, 2.6272 -1.7106 3.351, 2.6048 -1.7106 3.2593, 2.6048 -1.7106 3.2556, 2.6156 -1.7106 3.2635, 2.6272 -1.7106 3.2717, 2.6175 -1.7106 3.3579, 2.6418 -1.7106 3.3272, 2.6436 -1.7106 3.3123, 2.6431 -1.7106 3.304, 2.5446 -1.7106 3.3663, 2.586 -1.7106 3.3654, 2.5882 -1.7106 3.3654, 2.6032 -1.7106 3.2587, 2.5849 -1.7106 3.2565, 2.5446 -1.7106 3.2556, 2.5549 -1.7106 3.2565, 2.5549 -1.7106 3.3654, 2.6262 -1.7106 3.0961, 2.6466 -1.7106 3.0961, 2.6262 -1.7106 3.1327, 2.6466 -1.7106 3.1327, 2.6683 -1.7106 3.1926, 2.6683 -1.7106 3.1801, 2.681 -1.7106 3.2236, 2.6707 -1.7106 3.0961, 2.681 -1.7106 3.0827, 2.6707 -1.7106 3.0837, 2.6466 -1.7106 3.0827, 2.6652 -1.7106 3.1327, 2.6652 -1.7106 3.1452, 2.6466 -1.7106 3.1801, 2.6466 -1.7106 3.0837, 2.6121 -1.7106 3.0837, 2.6048 -1.7106 3.0827, 2.6121 -1.7106 3.1926, 2.6466 -1.7106 3.1926, 2.6466 -1.7106 3.2236, 2.4898 -1.7106 3.2689, 2.5192 -1.7106 3.2689, 2.4898 -1.7106 3.3056, 2.5192 -1.7106 3.3056, 2.5192 -1.7106 3.3663, 2.5318 -1.7106 3.3654, 2.5192 -1.7106 3.3654, 2.5287 -1.7106 3.3056, 2.5343 -1.7106 3.2689, 2.5287 -1.7106 3.318, 2.5318 -1.7106 3.3529, 2.5192 -1.7106 3.3529, 2.5343 -1.7106 3.2565, 2.5192 -1.7106 3.2556, 2.5192 -1.7106 3.2565, 2.4757 -1.7106 3.2565, 2.4757 -1.7106 3.3654, 2.3679 -1.7106 3.2689, 2.3679 -1.7106 3.2565, 2.3104 -1.7106 3.2565, 2.3245 -1.7106 3.3654, 2.3245 -1.7106 3.2689, 2.3104 -1.7106 3.3654, 2.3707 -1.7106 3.0827, 2.369 -1.7106 3.0837, 2.3104 -1.7106 3.0837, 2.369 -1.7106 3.0961, 2.3665 -1.7106 3.1801, 2.3245 -1.7106 3.1327, 2.3245 -1.7106 3.0961, 2.3635 -1.7106 3.1327, 2.3635 -1.7106 3.1452, 2.3245 -1.7106 3.1452, 2.3245 -1.7106 3.1801, 2.3104 -1.7106 3.1926, 2.3665 -1.7106 3.1926, 2.3707 -1.7106 3.5433, 2.5192 -1.7106 3.5433, 2.5446 -1.7106 3.5433, 2.6048 -1.7106 3.5433, 2.6466 -1.7106 3.5433, 2.681 -1.7106 3.5433, 2.8574 -1.7106 3.1135, 2.8121 -1.7106 3.1135, 2.8685 -1.7106 3.0837, 2.8016 -1.7106 3.0837, 2.8426 -1.7106 3.1926, 2.8841 -1.7106 3.0837, 2.7861 -1.7106 3.0837, 2.8276 -1.7106 3.1926, 2.7521 -1.7106 3.0907, 2.7636 -1.7106 3.0989, 2.771 -1.7106 3.1075, 2.7396 -1.7106 3.0859, 2.7213 -1.7106 3.0837, 2.6913 -1.7106 3.0837, 2.6913 -1.7106 3.1926, 2.7224 -1.7106 3.1926, 2.7636 -1.7106 3.1782, 2.7675 -1.7106 3.1743, 2.7742 -1.7106 3.1648, 2.7782 -1.7106 3.1544, 2.78 -1.7106 3.1395, 2.7795 -1.7106 3.1312, 2.7766 -1.7106 3.1186, 2.7246 -1.7106 3.1926, 2.741 -1.7106 3.1903, 2.7539 -1.7106 3.185, 2.6466 -1.7106 3.0396, 2.681 -1.7106 3.0396, 2.4409 1.7146 3.5433, 2.2835 1.7146 3.5433, -2.2835 1.7146 3.5433, -2.4304 1.2815 0.0, -2.4383 1.3005 0.0, -2.3622 1.3209 0.0, -2.4409 1.3209 0.0, -2.4383 1.3412 0.0, -2.3826 1.2448 0.0, -2.4016 1.2527 0.0, -2.4179 1.2652 0.0, -2.3228 1.2527 0.0, -2.3418 1.2448 0.0, -2.3622 1.2421 0.0, -2.2861 1.3005 0.0, -2.294 1.2815 0.0, -2.3065 1.2652 0.0, -2.294 1.3602 0.0, -2.2861 1.3412 0.0, -2.2835 1.3209 0.0, -2.3418 1.3969 0.0, -2.3228 1.3891 0.0, -2.3065 1.3765 0.0, -2.4016 1.3891 0.0, -2.3826 1.3969 0.0, -2.3622 1.3996 0.0, -2.4304 1.3602 0.0, -2.4179 1.3765 0.0
            ]
        }
        coordIndex [
            0,1,2,-1,3,4,5,-1,6,7,5,-1,5,7,8,-1,9,0,10,-1,10,0,2,-1,10,2,5,-1,5,2,11,-1,5,11,6,-1,12,13,14,-1,14,3,12,-1,12,3,5,-1,12,5,15,-1,15,5,8,-1,16,17,18,-1,19,20,21,-1,22,23,24,-1,24,23,1,-1,0,9,25,-1,1,0,24,-1,24,0,25,-1,24,25,26,-1,26,25,27,-1,26,27,28,-1,29,30,26,-1,31,29,32,-1,33,34,24,-1,24,34,35,-1,24,35,36,-1,37,38,39,-1,30,40,26,-1,26,40,41,-1,26,41,42,-1,36,37,24,-1,24,37,39,-1,24,39,22,-1,22,39,43,-1,22,43,44,-1,45,46,47,-1,47,46,48,-1,48,49,47,-1,47,49,50,-1,47,50,51,-1,44,52,22,-1,22,52,47,-1,22,47,53,-1,53,47,51,-1,54,55,24,-1,24,55,56,-1,24,56,33,-1,38,57,39,-1,39,57,58,-1,39,58,59,-1,59,60,39,-1,39,60,61,-1,39,61,32,-1,32,61,62,-1,32,62,31,-1,42,63,26,-1,26,63,64,-1,26,64,24,-1,24,64,65,-1,24,65,54,-1,29,26,32,-1,32,26,66,-1,32,66,67,-1,68,69,67,-1,70,71,72,-1,72,71,73,-1,70,74,71,-1,71,74,75,-1,71,75,76,-1,66,77,78,-1,79,80,81,-1,78,82,66,-1,66,82,83,-1,66,83,84,-1,68,67,85,-1,69,86,67,-1,67,86,87,-1,67,87,79,-1,79,87,88,-1,79,88,80,-1,81,89,79,-1,79,89,90,-1,79,90,73,-1,84,91,66,-1,66,91,92,-1,66,92,67,-1,67,92,93,-1,67,93,85,-1,73,71,79,-1,79,71,94,-1,79,94,95,-1,95,94,96,-1,95,96,97,-1,98,99,96,-1,100,101,102,-1,103,104,105,-1,104,103,106,-1,106,103,107,-1,106,107,108,-1,97,96,102,-1,102,96,109,-1,102,109,100,-1,110,111,96,-1,105,112,103,-1,103,112,113,-1,103,113,114,-1,111,115,96,-1,96,115,116,-1,96,116,98,-1,117,118,119,-1,119,118,120,-1,120,121,119,-1,119,121,122,-1,119,122,123,-1,101,124,102,-1,102,124,119,-1,102,119,125,-1,125,119,123,-1,126,127,109,-1,99,128,96,-1,96,128,129,-1,96,129,109,-1,109,129,130,-1,109,130,126,-1,127,131,109,-1,109,131,132,-1,109,132,107,-1,107,132,133,-1,107,133,108,-1,114,134,103,-1,103,134,135,-1,103,135,96,-1,96,135,136,-1,96,136,110,-1,137,103,138,-1,138,103,96,-1,138,96,139,-1,139,96,140,-1,139,140,141,-1,141,140,142,-1,141,142,143,-1,143,142,144,-1,145,146,147,-1,147,146,148,-1,147,148,149,-1,150,151,152,-1,153,154,148,-1,148,154,28,-1,148,28,149,-1,149,28,27,-1,155,156,157,-1,157,156,158,-1,157,158,159,-1,160,66,161,-1,161,66,26,-1,161,26,162,-1,162,26,28,-1,162,28,163,-1,159,158,164,-1,164,158,165,-1,164,165,166,-1,166,165,167,-1,166,167,168,-1,168,167,19,-1,168,19,152,-1,152,19,21,-1,152,21,169,-1,20,19,170,-1,170,19,167,-1,170,167,171,-1,171,167,94,-1,171,94,172,-1,172,94,71,-1,172,71,66,-1,66,71,76,-1,66,76,77,-1,154,150,28,-1,28,150,152,-1,28,152,163,-1,163,152,169,-1,163,169,160,-1,160,169,173,-1,160,173,66,-1,66,173,174,-1,66,174,172,-1,175,167,176,-1,176,167,140,-1,176,140,177,-1,177,140,96,-1,177,96,178,-1,178,96,94,-1,178,94,175,-1,175,94,167,-1,179,165,180,-1,180,165,142,-1,180,142,181,-1,181,142,140,-1,181,140,182,-1,182,140,167,-1,182,167,179,-1,179,167,165,-1,17,183,184,-1,183,17,185,-1,185,17,144,-1,185,144,186,-1,187,188,142,-1,142,188,189,-1,142,189,190,-1,191,192,18,-1,184,193,17,-1,17,193,194,-1,17,194,195,-1,192,196,18,-1,18,196,197,-1,18,197,187,-1,198,199,144,-1,144,199,200,-1,144,200,186,-1,190,201,142,-1,142,201,202,-1,142,202,144,-1,144,202,203,-1,144,203,198,-1,195,204,17,-1,17,204,205,-1,17,205,18,-1,18,205,206,-1,18,206,191,-1,187,142,18,-1,18,142,165,-1,18,165,207,-1,207,165,158,-1,207,158,208,-1,209,210,156,-1,208,211,212,-1,212,213,208,-1,208,213,214,-1,208,214,215,-1,215,214,216,-1,215,216,217,-1,217,218,215,-1,215,218,219,-1,215,219,220,-1,209,156,221,-1,210,222,156,-1,156,222,223,-1,156,223,158,-1,158,223,224,-1,224,225,158,-1,158,225,226,-1,158,226,227,-1,227,228,158,-1,158,228,229,-1,158,229,208,-1,208,229,230,-1,208,230,211,-1,220,231,215,-1,215,231,232,-1,215,232,156,-1,156,232,233,-1,156,233,221,-1,234,215,148,-1,148,215,156,-1,148,156,153,-1,153,156,155,-1,153,155,151,-1,151,155,235,-1,151,235,152,-1,152,235,236,-1,152,236,168,-1,237,146,238,-1,238,146,239,-1,240,241,148,-1,242,243,239,-1,237,244,146,-1,146,244,245,-1,146,245,246,-1,241,247,148,-1,148,247,248,-1,148,248,234,-1,234,248,249,-1,234,249,250,-1,250,251,234,-1,234,251,252,-1,234,252,253,-1,243,254,239,-1,239,254,255,-1,239,255,238,-1,246,256,146,-1,146,256,257,-1,146,257,148,-1,148,257,258,-1,148,258,240,-1,253,259,234,-1,234,259,260,-1,234,260,239,-1,239,260,261,-1,239,261,242,-1,234,262,215,-1,215,262,263,-1,215,263,208,-1,208,263,264,-1,208,264,207,-1,207,264,265,-1,207,265,18,-1,18,265,266,-1,18,266,16,-1,239,267,268,-1,268,269,239,-1,239,269,270,-1,239,270,271,-1,271,272,239,-1,239,272,273,-1,239,273,274,-1,274,275,239,-1,239,275,276,-1,239,276,234,-1,234,276,277,-1,234,277,262,-1,145,4,146,-1,146,4,3,-1,146,3,239,-1,239,3,14,-1,239,14,267,-1,267,14,13,-1,278,279,280,-1,280,279,281,-1,280,281,282,-1,282,281,283,-1,283,284,282,-1,282,284,285,-1,282,285,286,-1,287,288,289,-1,290,291,292,-1,293,294,295,-1,296,297,298,-1,299,300,301,-1,302,303,304,-1,305,306,307,-1,266,308,309,-1,310,311,312,-1,313,314,315,-1,315,314,316,-1,315,316,317,-1,7,6,318,-1,318,6,319,-1,314,320,316,-1,316,320,321,-1,316,321,322,-1,322,321,323,-1,322,323,324,-1,324,323,325,-1,324,325,319,-1,319,325,326,-1,319,326,318,-1,327,328,329,-1,329,330,327,-1,327,330,331,-1,327,331,332,-1,333,334,332,-1,334,335,332,-1,332,335,336,-1,332,336,337,-1,332,331,333,-1,333,331,338,-1,333,338,339,-1,340,341,342,-1,342,341,333,-1,342,333,343,-1,339,344,333,-1,333,344,345,-1,333,345,346,-1,347,348,333,-1,333,348,349,-1,333,349,343,-1,350,351,352,-1,353,354,342,-1,342,354,355,-1,342,355,340,-1,346,356,333,-1,333,356,357,-1,333,357,347,-1,350,352,342,-1,342,352,358,-1,342,358,353,-1,311,359,360,-1,360,359,361,-1,361,359,362,-1,361,362,328,-1,310,312,363,-1,364,365,312,-1,312,365,366,-1,312,366,363,-1,367,368,369,-1,370,371,372,-1,372,371,373,-1,372,373,312,-1,312,373,374,-1,312,374,364,-1,375,376,377,-1,377,376,378,-1,377,378,379,-1,380,381,382,-1,382,381,383,-1,382,383,377,-1,377,383,384,-1,377,384,375,-1,385,386,387,-1,388,389,390,-1,387,391,385,-1,385,391,392,-1,385,392,393,-1,393,392,388,-1,393,388,394,-1,394,388,390,-1,395,396,307,-1,395,307,397,-1,396,395,391,-1,391,395,398,-1,391,398,392,-1,307,399,397,-1,397,399,400,-1,397,400,401,-1,402,403,399,-1,399,403,404,-1,399,404,400,-1,405,406,407,-1,399,408,409,-1,410,411,412,-1,412,411,413,-1,412,413,405,-1,405,413,414,-1,405,414,406,-1,409,415,399,-1,399,415,416,-1,399,416,402,-1,417,418,419,-1,417,419,420,-1,418,421,419,-1,419,421,422,-1,419,422,412,-1,412,422,423,-1,412,423,410,-1,16,266,424,-1,424,266,309,-1,424,309,425,-1,425,309,426,-1,425,426,427,-1,427,426,428,-1,427,428,429,-1,429,428,430,-1,429,430,431,-1,431,430,432,-1,431,432,433,-1,433,432,434,-1,308,266,435,-1,435,266,265,-1,435,265,264,-1,276,436,437,-1,277,438,262,-1,262,438,435,-1,262,435,263,-1,263,435,264,-1,276,437,277,-1,277,437,439,-1,277,439,438,-1,438,439,440,-1,438,440,441,-1,441,440,442,-1,441,442,443,-1,443,442,444,-1,443,444,445,-1,446,447,443,-1,446,443,448,-1,445,449,443,-1,443,449,450,-1,443,450,448,-1,448,450,451,-1,447,452,443,-1,443,452,453,-1,443,453,454,-1,454,453,455,-1,455,456,454,-1,454,456,457,-1,454,457,458,-1,459,460,461,-1,457,462,458,-1,458,462,463,-1,458,463,464,-1,464,463,465,-1,464,465,466,-1,461,460,467,-1,467,460,468,-1,467,468,469,-1,466,470,464,-1,464,470,471,-1,464,471,459,-1,472,473,474,-1,459,461,464,-1,464,461,475,-1,464,475,476,-1,475,477,476,-1,476,477,478,-1,476,478,474,-1,474,478,479,-1,474,479,472,-1,480,481,482,-1,307,483,484,-1,485,486,307,-1,307,486,487,-1,307,487,483,-1,488,489,490,-1,490,489,491,-1,490,491,396,-1,481,485,482,-1,482,485,307,-1,482,307,492,-1,492,307,396,-1,492,396,493,-1,493,396,491,-1,484,494,307,-1,307,494,495,-1,307,495,305,-1,496,497,498,-1,498,497,499,-1,498,499,500,-1,498,501,496,-1,496,501,502,-1,496,502,503,-1,503,504,496,-1,496,504,505,-1,496,505,506,-1,506,505,507,-1,506,507,508,-1,508,507,509,-1,508,509,482,-1,482,509,510,-1,482,510,480,-1,511,512,500,-1,500,512,513,-1,500,513,498,-1,514,515,516,-1,516,515,517,-1,518,519,490,-1,490,519,520,-1,490,520,488,-1,521,522,523,-1,523,522,524,-1,523,524,303,-1,525,526,527,-1,527,526,528,-1,527,528,524,-1,514,529,515,-1,515,529,530,-1,515,530,531,-1,531,530,532,-1,533,534,532,-1,532,534,535,-1,532,535,531,-1,536,537,538,-1,538,537,539,-1,538,539,540,-1,540,541,538,-1,538,541,542,-1,538,542,543,-1,544,382,545,-1,545,382,546,-1,547,548,527,-1,527,548,549,-1,527,549,525,-1,543,550,538,-1,538,550,551,-1,538,551,382,-1,382,551,517,-1,382,517,546,-1,546,517,515,-1,552,522,553,-1,554,555,556,-1,544,557,382,-1,382,557,558,-1,382,558,559,-1,560,561,532,-1,532,561,562,-1,532,562,563,-1,556,564,554,-1,554,564,552,-1,554,552,565,-1,565,552,553,-1,337,380,490,-1,490,380,382,-1,490,382,518,-1,518,382,559,-1,518,559,555,-1,555,559,566,-1,555,566,556,-1,563,567,532,-1,532,567,568,-1,532,568,533,-1,569,570,571,-1,571,570,572,-1,571,572,521,-1,521,572,573,-1,521,573,522,-1,522,573,574,-1,522,574,553,-1,575,576,569,-1,569,576,577,-1,569,577,570,-1,575,578,576,-1,576,578,579,-1,576,579,580,-1,580,579,581,-1,580,582,583,-1,581,584,580,-1,580,584,585,-1,580,585,586,-1,586,587,580,-1,580,587,588,-1,580,588,582,-1,583,589,580,-1,580,589,590,-1,580,590,591,-1,302,304,592,-1,592,304,593,-1,592,593,594,-1,594,593,306,-1,306,593,405,-1,306,405,307,-1,307,405,407,-1,307,407,399,-1,399,407,595,-1,399,595,408,-1,303,524,304,-1,304,524,528,-1,304,528,593,-1,593,528,596,-1,593,596,536,-1,536,596,597,-1,536,597,537,-1,598,599,600,-1,600,599,290,-1,601,602,600,-1,600,602,603,-1,603,604,600,-1,600,604,605,-1,600,605,598,-1,287,606,288,-1,288,606,607,-1,288,607,608,-1,608,609,288,-1,288,609,610,-1,288,610,611,-1,612,613,291,-1,614,615,616,-1,617,618,287,-1,619,620,621,-1,621,620,622,-1,614,616,623,-1,617,287,624,-1,625,626,620,-1,620,626,627,-1,620,627,628,-1,291,613,287,-1,287,613,629,-1,287,629,624,-1,615,630,616,-1,616,630,631,-1,616,631,632,-1,633,634,635,-1,635,634,636,-1,635,636,637,-1,638,628,639,-1,639,628,640,-1,639,640,635,-1,635,640,641,-1,635,641,633,-1,638,642,628,-1,628,642,643,-1,628,643,620,-1,620,643,644,-1,620,644,622,-1,645,646,647,-1,647,646,648,-1,647,648,616,-1,616,648,649,-1,616,649,623,-1,650,651,616,-1,616,651,652,-1,616,652,620,-1,620,652,653,-1,620,653,625,-1,654,655,606,-1,606,655,656,-1,606,656,657,-1,657,658,606,-1,606,658,659,-1,606,659,660,-1,660,659,645,-1,660,645,661,-1,661,645,647,-1,618,662,287,-1,287,662,663,-1,287,663,606,-1,606,663,664,-1,606,664,654,-1,632,665,616,-1,616,665,666,-1,616,666,667,-1,667,668,616,-1,616,668,669,-1,616,669,650,-1,670,671,672,-1,672,628,670,-1,670,628,627,-1,670,627,673,-1,673,627,674,-1,674,675,673,-1,673,675,676,-1,673,676,677,-1,678,679,680,-1,679,681,680,-1,680,681,682,-1,680,682,683,-1,684,680,685,-1,671,670,684,-1,684,670,686,-1,684,686,680,-1,680,686,687,-1,680,687,678,-1,685,688,684,-1,684,688,689,-1,684,689,690,-1,683,682,691,-1,691,682,692,-1,691,692,693,-1,693,692,694,-1,693,694,695,-1,696,697,690,-1,690,697,698,-1,690,698,684,-1,599,699,290,-1,290,699,700,-1,290,700,291,-1,291,700,701,-1,291,701,612,-1,702,703,324,-1,322,704,705,-1,702,324,706,-1,707,708,709,-1,709,708,322,-1,709,322,710,-1,710,322,705,-1,301,300,324,-1,324,300,711,-1,324,711,706,-1,703,712,324,-1,324,712,713,-1,324,713,322,-1,322,713,714,-1,322,714,704,-1,715,716,301,-1,301,716,717,-1,301,717,299,-1,707,718,708,-1,708,718,719,-1,708,719,720,-1,720,719,721,-1,720,721,715,-1,715,721,722,-1,715,722,716,-1,723,724,725,-1,725,724,726,-1,727,728,729,-1,729,728,730,-1,729,730,731,-1,731,730,732,-1,731,732,733,-1,726,724,734,-1,734,724,730,-1,734,730,735,-1,735,730,728,-1,735,728,298,-1,298,728,736,-1,298,736,296,-1,732,737,733,-1,733,737,738,-1,733,738,739,-1,739,738,740,-1,727,729,741,-1,741,729,742,-1,741,742,740,-1,740,742,387,-1,740,387,739,-1,739,387,386,-1,739,386,420,-1,743,744,745,-1,745,744,746,-1,715,747,748,-1,748,747,749,-1,746,744,750,-1,750,744,751,-1,750,751,752,-1,752,751,753,-1,752,753,295,-1,295,753,754,-1,295,754,293,-1,748,753,715,-1,715,753,751,-1,715,751,720,-1,720,751,755,-1,720,755,756,-1,756,755,757,-1,756,757,758,-1,749,747,759,-1,759,747,327,-1,759,327,758,-1,758,327,332,-1,758,332,756,-1,760,761,369,-1,369,761,762,-1,763,372,600,-1,368,370,369,-1,369,370,372,-1,369,372,760,-1,760,372,763,-1,760,763,764,-1,292,369,290,-1,290,369,762,-1,290,762,600,-1,600,762,765,-1,600,765,763,-1,766,767,768,-1,767,766,769,-1,769,766,292,-1,769,292,770,-1,771,772,773,-1,773,772,769,-1,773,769,774,-1,774,769,770,-1,774,770,775,-1,775,770,776,-1,289,766,287,-1,287,766,768,-1,287,768,291,-1,291,768,777,-1,291,777,292,-1,292,777,778,-1,292,778,770,-1,311,360,312,-1,312,360,779,-1,312,779,372,-1,372,779,474,-1,372,474,600,-1,600,474,473,-1,600,473,601,-1,289,536,766,-1,766,536,538,-1,766,538,292,-1,292,538,382,-1,292,382,369,-1,369,382,377,-1,369,377,367,-1,367,377,379,-1,337,490,332,-1,332,490,396,-1,332,396,756,-1,756,396,391,-1,756,391,720,-1,720,391,387,-1,720,387,708,-1,708,387,742,-1,708,742,322,-1,322,742,729,-1,322,729,316,-1,328,327,361,-1,361,327,747,-1,361,747,780,-1,780,747,715,-1,780,715,781,-1,781,715,301,-1,781,301,782,-1,782,301,324,-1,782,324,783,-1,783,324,319,-1,783,319,784,-1,784,319,6,-1,784,6,11,-1,785,786,787,-1,787,786,788,-1,15,8,789,-1,789,790,15,-1,15,790,787,-1,15,787,731,-1,731,787,788,-1,731,788,791,-1,318,317,7,-1,7,317,316,-1,7,316,8,-1,8,316,729,-1,8,729,789,-1,789,729,792,-1,793,791,794,-1,794,791,795,-1,793,796,791,-1,791,796,797,-1,791,797,731,-1,731,797,798,-1,731,798,729,-1,729,798,799,-1,729,799,800,-1,801,802,792,-1,792,802,803,-1,792,803,804,-1,804,805,792,-1,792,805,806,-1,792,806,791,-1,791,806,807,-1,791,807,795,-1,800,808,729,-1,729,808,809,-1,729,809,792,-1,792,809,810,-1,792,810,801,-1,420,419,739,-1,739,419,811,-1,739,811,733,-1,733,811,812,-1,733,812,731,-1,731,812,12,-1,731,12,15,-1,13,12,267,-1,267,12,812,-1,267,812,268,-1,268,812,811,-1,268,811,269,-1,269,811,419,-1,269,419,270,-1,270,419,412,-1,270,412,271,-1,271,412,405,-1,271,405,272,-1,272,405,593,-1,272,593,273,-1,273,593,536,-1,273,536,274,-1,274,536,289,-1,274,289,275,-1,275,289,288,-1,275,288,276,-1,276,288,611,-1,276,611,436,-1,22,813,23,-1,23,813,2,-1,23,2,1,-1,39,32,814,-1,814,32,67,-1,814,67,815,-1,815,67,79,-1,79,95,815,-1,815,95,97,-1,815,97,102,-1,816,817,818,-1,818,817,819,-1,818,819,820,-1,821,822,818,-1,818,822,823,-1,818,823,816,-1,824,825,818,-1,818,825,826,-1,818,826,821,-1,827,828,818,-1,818,828,829,-1,818,829,824,-1,830,831,818,-1,818,831,832,-1,818,832,827,-1,833,834,818,-1,818,834,835,-1,818,835,830,-1,836,837,818,-1,818,837,838,-1,818,838,833,-1,820,839,818,-1,818,839,840,-1,818,840,836,-1,98,831,99,-1,99,831,830,-1,99,830,128,-1,128,830,835,-1,128,835,129,-1,129,835,834,-1,129,834,130,-1,130,834,833,-1,130,833,126,-1,126,833,838,-1,126,838,127,-1,127,838,837,-1,127,837,131,-1,131,837,836,-1,131,836,132,-1,132,836,840,-1,132,840,133,-1,133,840,839,-1,133,839,108,-1,108,839,820,-1,108,820,106,-1,106,820,819,-1,106,819,104,-1,104,819,817,-1,104,817,105,-1,105,817,816,-1,105,816,112,-1,112,816,823,-1,112,823,113,-1,113,823,822,-1,113,822,114,-1,114,822,821,-1,114,821,134,-1,134,821,826,-1,134,826,135,-1,135,826,825,-1,135,825,136,-1,136,825,824,-1,136,824,110,-1,110,824,829,-1,110,829,111,-1,111,829,828,-1,111,828,115,-1,115,828,827,-1,115,827,116,-1,116,827,832,-1,116,832,98,-1,98,832,831,-1,
        ]
    }
}
Shape{
    appearance Appearance {
        material  Material 	{
            diffuseColor 0.8274509803921568 0.6666666666666666 0.12941176470588237
            specularColor 0.8274509803921568 0.6666666666666666 0.12941176470588237
            ambientIntensity 0.6535
            transparency 0.0
            shininess 0.5
        }
    }
    geometry IndexedFaceSet {
        ccw TRUE
        solid FALSE
        coord DEF co Coordinate {
            point [
                0.9331 -0.4311 -1.2598, 0.874 -0.372 -1.0976, 1.0669 -0.4311 -1.2598, 1.126 -0.372 -1.0976, 0.874 -0.624 -1.0976, 0.9331 -0.565 -1.2598, 1.0669 -0.565 -1.2598, 1.126 -0.624 -1.0976, 1.126 -0.372 0.0787, 1.126 -0.624 0.0787, 0.874 -0.624 0.0787, 0.874 -0.372 0.0787, -0.0669 -0.4311 -1.2598, -0.126 -0.372 -1.0976, 0.0669 -0.4311 -1.2598, 0.126 -0.372 -1.0976, -0.126 -0.624 -1.0976, -0.0669 -0.565 -1.2598, 0.0669 -0.565 -1.2598, 0.126 -0.624 -1.0976, 0.126 -0.372 0.0787, 0.126 -0.624 0.0787, -0.126 -0.624 0.0787, -0.1024 -0.624 0.0787, 0.1024 -0.624 0.0787, -0.126 -0.372 0.0787, 0.1024 -0.372 0.0787, -0.1024 -0.372 0.0787, -1.0669 -0.4311 -1.2598, -1.126 -0.372 -1.0976, -0.9331 -0.4311 -1.2598, -0.874 -0.372 -1.0976, -1.126 -0.624 -1.0976, -1.0669 -0.565 -1.2598, -0.9331 -0.565 -1.2598, -0.874 -0.624 -1.0976, -0.874 -0.372 0.0787, -0.874 -0.624 0.0787, -1.126 -0.624 0.0787, -1.126 -0.372 0.0787, 0.9331 0.5689 -1.2598, 0.874 0.628 -1.0976, 1.0669 0.5689 -1.2598, 1.126 0.628 -1.0976, 0.874 0.376 -1.0976, 0.9331 0.435 -1.2598, 1.0669 0.435 -1.2598, 1.126 0.376 -1.0976, 1.126 0.628 0.0787, 1.126 0.376 0.0787, 0.874 0.376 0.0787, 0.874 0.628 0.0787, 1.126 -0.624 2.5937, 1.0669 -0.565 2.7559, 0.874 -0.624 2.5937, 0.9331 -0.565 2.7559, 1.0669 -0.4311 2.7559, 1.126 -0.372 2.5937, 0.874 -0.372 2.5937, 0.9331 -0.4311 2.7559, 1.126 -0.372 0.9843, 0.874 -0.372 0.9843, 0.874 -0.624 0.9843, 1.126 -0.624 0.9843, 0.126 -0.624 2.5937, 0.0669 -0.565 2.7559, -0.126 -0.624 2.5937, -0.0669 -0.565 2.7559, 0.0669 -0.4311 2.7559, 0.126 -0.372 2.5937, -0.126 -0.372 2.5937, -0.0669 -0.4311 2.7559, 0.126 -0.372 0.9843, -0.126 -0.372 0.9843, -0.126 -0.624 0.9843, 0.126 -0.624 0.9843, -0.874 -0.624 2.5937, -0.9331 -0.565 2.7559, -1.126 -0.624 2.5937, -1.0669 -0.565 2.7559, -0.9331 -0.4311 2.7559, -0.874 -0.372 2.5937, -1.126 -0.372 2.5937, -1.0669 -0.4311 2.7559, -0.874 -0.372 0.9843, -1.126 -0.372 0.9843, -1.126 -0.624 0.9843, -0.874 -0.624 0.9843, 1.126 0.376 2.5937, 1.0669 0.435 2.7559, 0.874 0.376 2.5937, 0.9331 0.435 2.7559, 1.0669 0.5689 2.7559, 1.126 0.628 2.5937, 0.874 0.628 2.5937, 0.9331 0.5689 2.7559, 1.126 0.628 0.9843, 0.874 0.628 0.9843, 0.874 0.376 0.9843, 0.874 0.502 0.9843, 1.126 0.376 0.9843, 1.126 0.502 0.9843
            ]
        }
        coordIndex [
            0,1,2,-1,2,1,3,-1,1,0,4,-1,4,0,5,-1,6,7,5,-1,5,7,4,-1,2,3,6,-1,6,3,7,-1,2,6,0,-1,0,6,5,-1,3,8,7,-1,7,8,9,-1,7,9,4,-1,4,9,10,-1,4,10,1,-1,1,10,11,-1,1,11,3,-1,3,11,8,-1,12,13,14,-1,14,13,15,-1,13,12,16,-1,16,12,17,-1,18,19,17,-1,17,19,16,-1,14,15,18,-1,18,15,19,-1,14,18,12,-1,12,18,17,-1,15,20,19,-1,19,20,21,-1,22,16,23,-1,23,16,19,-1,23,19,24,-1,24,19,21,-1,16,22,13,-1,13,22,25,-1,20,15,26,-1,26,15,13,-1,26,13,27,-1,27,13,25,-1,28,29,30,-1,30,29,31,-1,29,28,32,-1,32,28,33,-1,34,35,33,-1,33,35,32,-1,30,31,34,-1,34,31,35,-1,30,34,28,-1,28,34,33,-1,31,36,35,-1,35,36,37,-1,35,37,32,-1,32,37,38,-1,32,38,29,-1,29,38,39,-1,29,39,31,-1,31,39,36,-1,40,41,42,-1,42,41,43,-1,41,40,44,-1,44,40,45,-1,46,47,45,-1,45,47,44,-1,42,43,46,-1,46,43,47,-1,42,46,40,-1,40,46,45,-1,43,48,47,-1,47,48,49,-1,47,49,44,-1,44,49,50,-1,44,50,41,-1,41,50,51,-1,41,51,43,-1,43,51,48,-1,52,53,54,-1,54,53,55,-1,53,52,56,-1,56,52,57,-1,58,59,57,-1,57,59,56,-1,54,55,58,-1,58,55,59,-1,57,60,58,-1,58,60,61,-1,58,61,54,-1,54,61,62,-1,54,62,52,-1,52,62,63,-1,52,63,57,-1,57,63,60,-1,53,56,55,-1,55,56,59,-1,64,65,66,-1,66,65,67,-1,65,64,68,-1,68,64,69,-1,70,71,69,-1,69,71,68,-1,66,67,70,-1,70,67,71,-1,69,72,70,-1,70,72,73,-1,70,73,66,-1,66,73,74,-1,66,74,64,-1,64,74,75,-1,64,75,69,-1,69,75,72,-1,65,68,67,-1,67,68,71,-1,76,77,78,-1,78,77,79,-1,77,76,80,-1,80,76,81,-1,82,83,81,-1,81,83,80,-1,78,79,82,-1,82,79,83,-1,81,84,82,-1,82,84,85,-1,82,85,78,-1,78,85,86,-1,78,86,76,-1,76,86,87,-1,76,87,81,-1,81,87,84,-1,77,80,79,-1,79,80,83,-1,88,89,90,-1,90,89,91,-1,89,88,92,-1,92,88,93,-1,94,95,93,-1,93,95,92,-1,90,91,94,-1,94,91,95,-1,93,96,94,-1,94,96,97,-1,98,90,99,-1,99,90,94,-1,99,94,97,-1,90,98,88,-1,88,98,100,-1,96,93,101,-1,101,93,88,-1,101,88,100,-1,89,92,91,-1,91,92,95,-1,
        ]
    }
}
Shape{
    appearance Appearance {
        material  Material 	{
            diffuseColor 0.20784313725490197 0.20784313725490197 0.20784313725490197
            specularColor 0.01568627450980392 0.01568627450980392 0.01568627450980392
            ambientIntensity 0.298
            transparency 0.0
            shininess 0.5
        }
    }
    geometry IndexedFaceSet {
        ccw TRUE
        solid FALSE
        coord DEF co Coordinate {
            point [
                0.8858 -1.2913 3.3071, 2.5433 -1.2913 3.3071, 0.8858 -1.2913 0.9843, 2.5433 -1.2913 0.9843, 2.7795 -1.5276 3.5433, 0.8858 -1.5276 3.5433, -2.4409 1.7146 0.0787, -2.9961 1.7146 0.0787, -2.4409 1.7146 3.5433, -2.9961 1.7146 3.5433, -2.9961 0.935 0.0787, -2.9961 0.6476 0.0787, -2.9961 0.6476 2.7559, -2.9961 -0.6437 2.7559, -2.9961 -1.7106 3.5433, -2.9961 -1.5531 0.0787, -2.9961 -0.9311 0.0787, -2.9961 -0.6437 0.0787, -2.9961 -1.7106 0.0787, -2.9961 -1.7106 3.0396, -2.9961 -1.7106 3.0827, -2.9961 -1.7106 3.2236, -2.9961 -1.7106 3.2556, -2.9961 -1.7106 3.3663, 2.4383 1.7349 3.5433, 2.4304 1.7539 3.5433, 2.2835 1.7146 3.5433, -2.2835 1.7146 3.5433, -2.7795 1.5315 3.5433, 0.8858 -1.7106 3.5433, 2.2658 -1.7106 3.5433, 2.3707 -1.7106 3.5433, 2.4409 1.7146 3.5433, 2.7795 1.5315 3.5433, -2.2861 1.7349 3.5433, -2.294 1.7539 3.5433, -0.8858 -1.7106 3.5433, -0.8858 -1.5276 3.5433, -2.7795 -1.5276 3.5433, 2.3772 -1.7106 3.5433, 2.4694 -1.7106 3.5433, 2.5192 -1.7106 3.5433, 2.3826 1.7906 3.5433, 2.3622 1.7933 3.5433, 2.4016 1.7828 3.5433, 2.3418 1.7906 3.5433, 2.3228 1.7828 3.5433, 2.3065 1.7702 3.5433, 2.294 1.7539 3.5433, 2.4179 1.7702 3.5433, 2.2861 1.7349 3.5433, -2.3418 1.7906 3.5433, -2.3622 1.7933 3.5433, -2.3228 1.7828 3.5433, -2.3826 1.7906 3.5433, -2.4016 1.7828 3.5433, -2.4179 1.7702 3.5433, -2.4304 1.7539 3.5433, -2.3065 1.7702 3.5433, -2.4383 1.7349 3.5433, 2.5446 -1.7106 3.5433, 2.6048 -1.7106 3.5433, 2.6466 -1.7106 3.5433, 2.681 -1.7106 3.5433, 2.9961 -1.7106 3.5433, 2.9961 1.7146 3.5433, -2.5433 -1.2913 0.9843, -2.5433 -1.2913 3.3071, -1.8346 -1.2913 0.9843, -0.8858 -1.2913 3.3071, -0.8858 -1.2913 0.9843, -2.5433 -0.9577 0.9843, -2.5433 -0.6437 0.9843, -2.5433 -0.6437 2.7559, -2.5433 1.2953 3.3071, -2.5433 0.6476 2.7559, -2.5433 1.2953 0.9843, -2.5433 0.6476 0.9843, -1.8346 1.2953 0.9843, -0.5 1.2953 0.9843, 2.5433 1.2953 3.3071, 0.5 1.2953 0.9843, 2.5433 1.2953 0.9843, -1.8346 0.002 0.9843, -1.8346 0.502 0.9843, -2.5433 0.502 0.9843, 1.126 -0.624 0.9843, 0.8858 -0.8051 0.9843, 0.8858 -0.9577 0.9843, 1.126 0.502 0.9843, 1.126 0.376 0.9843, 2.5433 0.002 0.9843, 2.5433 0.502 0.9843, 2.5433 0.6476 0.9843, 1.126 0.628 0.9843, 0.874 0.628 0.9843, 0.874 0.502 0.9843, 0.5 0.502 0.9843, 0.874 0.376 0.9843, 0.5 0.002 0.9843, 0.5 -0.8051 0.9843, 0.874 -0.624 0.9843, 0.874 -0.372 0.9843, 1.126 -0.372 0.9843, -0.126 -0.372 0.9843, -0.5 0.002 0.9843, -0.126 -0.624 0.9843, -0.5 -0.8051 0.9843, 0.126 -0.624 0.9843, 0.126 -0.372 0.9843, -1.126 -0.624 0.9843, -0.8858 -0.8051 0.9843, -0.874 -0.624 0.9843, -0.874 -0.372 0.9843, -1.126 -0.372 0.9843, -1.8346 -0.9577 0.9843, -0.8858 -0.9577 0.9843, 2.5433 -0.9577 0.9843, 2.5433 -0.6437 0.9843, -1.126 0.502 0.9843, -1.126 0.628 0.9843, -0.874 0.628 0.9843, -0.5 0.502 0.9843, -0.874 0.502 0.9843, -0.874 0.376 0.9843, -1.126 0.376 0.9843, -0.126 0.376 0.9843, 0.126 0.376 0.9843, 0.126 0.502 0.9843, 0.126 0.628 0.9843, -0.126 0.628 0.9843, -0.126 0.502 0.9843, -2.5433 0.002 0.9843, 0.8858 -1.7106 0.8268, 0.8858 -0.8051 0.8268, 0.8858 -1.7106 3.0396, 0.8858 -1.7106 3.0827, 0.8858 -1.7106 3.2236, 0.8858 -1.7106 3.3663, 0.8858 -1.7106 3.2556, -0.8858 -1.7106 3.3663, -0.8858 -1.7106 3.2556, -0.8858 -1.7106 3.2236, -0.8858 -1.7106 3.0827, -0.8858 -1.7106 3.0396, -0.8858 -1.7106 0.8268, -0.8858 -0.8051 0.8268, -0.6345 -1.7106 0.8268
            ]
        }
        coordIndex [
            0,1,2,-1,2,1,3,-1,4,1,5,-1,5,1,0,-1,6,7,8,-1,8,7,9,-1,10,11,12,-1,10,12,7,-1,13,14,12,-1,12,14,9,-1,12,9,7,-1,15,14,16,-1,16,14,13,-1,16,13,17,-1,18,19,15,-1,15,19,20,-1,15,20,21,-1,21,22,15,-1,15,22,23,-1,15,23,14,-1,24,25,26,-1,26,27,28,-1,5,29,4,-1,4,29,30,-1,4,30,31,-1,24,26,32,-1,32,26,28,-1,32,28,33,-1,34,35,8,-1,36,37,14,-1,14,37,38,-1,14,38,9,-1,9,38,28,-1,9,28,8,-1,8,28,27,-1,8,27,34,-1,31,39,4,-1,4,39,40,-1,4,40,41,-1,42,43,44,-1,44,43,45,-1,45,46,44,-1,44,46,47,-1,44,47,48,-1,25,49,26,-1,26,49,44,-1,26,44,50,-1,50,44,48,-1,51,52,53,-1,53,52,54,-1,54,55,53,-1,53,55,56,-1,53,56,57,-1,35,58,8,-1,8,58,53,-1,8,53,59,-1,59,53,57,-1,41,60,4,-1,4,60,61,-1,4,61,62,-1,62,63,4,-1,4,63,64,-1,4,64,33,-1,33,64,65,-1,33,65,32,-1,66,67,68,-1,68,67,69,-1,68,69,70,-1,71,72,73,-1,66,71,67,-1,67,71,73,-1,67,73,74,-1,74,73,75,-1,74,75,76,-1,76,75,77,-1,76,78,74,-1,74,78,79,-1,74,79,80,-1,80,79,81,-1,80,81,82,-1,83,84,85,-1,85,84,77,-1,86,87,88,-1,89,90,91,-1,91,92,89,-1,89,92,93,-1,89,93,94,-1,94,93,82,-1,94,82,95,-1,95,82,81,-1,95,81,96,-1,96,81,97,-1,96,97,98,-1,98,97,99,-1,87,86,100,-1,100,86,101,-1,100,101,99,-1,99,101,102,-1,99,102,103,-1,104,105,106,-1,106,105,107,-1,106,107,108,-1,108,107,100,-1,108,100,109,-1,109,100,99,-1,109,99,104,-1,104,99,105,-1,110,111,112,-1,112,111,107,-1,112,107,113,-1,113,107,105,-1,113,105,114,-1,114,105,83,-1,114,83,110,-1,110,83,115,-1,110,115,111,-1,68,70,115,-1,115,70,116,-1,115,116,111,-1,2,3,88,-1,88,3,117,-1,88,117,86,-1,86,117,118,-1,86,118,103,-1,103,118,91,-1,103,91,99,-1,99,91,90,-1,99,90,98,-1,119,120,78,-1,78,120,79,-1,79,120,121,-1,79,121,122,-1,122,121,123,-1,122,123,105,-1,105,123,124,-1,105,124,83,-1,83,124,125,-1,83,125,84,-1,126,105,127,-1,127,105,99,-1,127,99,128,-1,128,99,97,-1,128,97,129,-1,129,97,81,-1,129,81,130,-1,130,81,79,-1,130,79,131,-1,131,79,122,-1,131,122,126,-1,126,122,105,-1,76,77,78,-1,78,77,84,-1,78,84,119,-1,119,84,125,-1,85,132,83,-1,83,132,72,-1,83,72,115,-1,115,72,71,-1,115,71,68,-1,68,71,66,-1,33,80,4,-1,4,80,1,-1,28,74,33,-1,33,74,80,-1,67,38,69,-1,69,38,37,-1,38,67,28,-1,28,67,74,-1,0,2,133,-1,133,2,134,-1,134,2,88,-1,134,88,87,-1,133,135,0,-1,0,135,136,-1,0,136,137,-1,29,5,138,-1,138,5,0,-1,138,0,139,-1,139,0,137,-1,69,37,36,-1,36,140,69,-1,69,140,141,-1,69,141,142,-1,142,143,69,-1,69,143,144,-1,69,144,70,-1,70,144,145,-1,70,145,116,-1,116,145,146,-1,116,146,111,-1,134,87,100,-1,134,100,146,-1,146,100,107,-1,146,107,111,-1,133,134,147,-1,147,134,146,-1,147,146,145,-1,
        ]
    }
}
Shape{
    appearance Appearance {
        material  Material 	{
            diffuseColor 0.8274509803921568 0.6666666666666666 0.12941176470588237
            specularColor 0.8274509803921568 0.6666666666666666 0.12941176470588237
            ambientIntensity 0.6535
            transparency 0.0
            shininess 0.5
        }
    }
    geometry IndexedFaceSet {
        ccw TRUE
        solid FALSE
        coord DEF co Coordinate {
            point [
                -0.9331 0.435 2.7559, -0.9331 0.5689 2.7559, -1.0669 0.435 2.7559, -1.0669 0.5689 2.7559, -0.874 0.628 0.9843, -0.874 0.628 2.5937, -0.874 0.502 0.9843, -0.874 0.376 2.5937, -0.874 0.376 0.9843, -1.126 0.376 2.5937, -1.126 0.376 0.9843, -1.126 0.502 0.9843, -1.126 0.628 2.5937, -1.126 0.628 0.9843, -1.126 0.628 -1.0976, -1.126 0.628 0.0787, -0.874 0.628 -1.0976, -0.874 0.628 0.0787, -1.126 0.376 -1.0976, -1.126 0.376 0.0787, -0.874 0.376 -1.0976, -0.874 0.376 0.0787, -0.9331 0.5689 -1.2598, -0.9331 0.435 -1.2598, -1.0669 0.5689 -1.2598, -1.0669 0.435 -1.2598, 0.0669 0.435 2.7559, 0.0669 0.5689 2.7559, -0.0669 0.435 2.7559, -0.0669 0.5689 2.7559, 0.126 0.628 0.9843, 0.126 0.628 2.5937, 0.126 0.502 0.9843, 0.126 0.376 2.5937, 0.126 0.376 0.9843, -0.126 0.376 2.5937, -0.126 0.376 0.9843, -0.126 0.502 0.9843, -0.126 0.628 2.5937, -0.126 0.628 0.9843, 0.126 0.628 0.0787, 0.126 0.628 -1.0976, 0.1024 0.628 0.0787, -0.126 0.628 -1.0976, -0.1024 0.628 0.0787, -0.126 0.628 0.0787, -0.126 0.376 -1.0976, -0.126 0.376 0.0787, -0.1024 0.376 0.0787, 0.126 0.376 -1.0976, 0.1024 0.376 0.0787, 0.126 0.376 0.0787, 0.0669 0.5689 -1.2598, 0.0669 0.435 -1.2598, -0.0669 0.5689 -1.2598, -0.0669 0.435 -1.2598
            ]
        }
        coordIndex [
            0,1,2,-1,2,1,3,-1,4,5,6,-1,6,5,7,-1,6,7,8,-1,9,10,7,-1,7,10,8,-1,10,9,11,-1,11,9,12,-1,11,12,13,-1,5,4,12,-1,12,4,13,-1,14,15,16,-1,16,15,17,-1,18,19,14,-1,14,19,15,-1,20,21,18,-1,18,21,19,-1,16,17,20,-1,20,17,21,-1,22,23,24,-1,24,23,25,-1,23,20,25,-1,25,20,18,-1,22,16,23,-1,23,16,20,-1,14,24,18,-1,18,24,25,-1,24,14,22,-1,22,14,16,-1,12,3,5,-1,5,3,1,-1,9,2,12,-1,12,2,3,-1,0,7,1,-1,1,7,5,-1,7,0,9,-1,9,0,2,-1,26,27,28,-1,28,27,29,-1,30,31,32,-1,32,31,33,-1,32,33,34,-1,35,36,33,-1,33,36,34,-1,36,35,37,-1,37,35,38,-1,37,38,39,-1,31,30,38,-1,38,30,39,-1,35,28,38,-1,38,28,29,-1,38,29,31,-1,31,29,27,-1,26,33,27,-1,27,33,31,-1,33,26,35,-1,35,26,28,-1,40,41,42,-1,42,41,43,-1,42,43,44,-1,44,43,45,-1,46,47,43,-1,43,47,45,-1,47,46,48,-1,48,46,49,-1,48,49,50,-1,50,49,51,-1,41,40,49,-1,49,40,51,-1,52,53,54,-1,54,53,55,-1,52,41,53,-1,53,41,49,-1,53,49,55,-1,55,49,46,-1,43,54,46,-1,46,54,55,-1,54,43,52,-1,52,43,41,-1,
        ]
    }
}
Shape{
    appearance Appearance {
        material  Material 	{
            diffuseColor 0.20784313725490197 0.20784313725490197 0.20784313725490197
            specularColor 0.01568627450980392 0.01568627450980392 0.01568627450980392
            ambientIntensity 0.298
            transparency 0.0
            shininess 0.5
        }
    }
    geometry IndexedFaceSet {
        ccw TRUE
        solid FALSE
        coord DEF co Coordinate {
            point [
                2.4409 1.3209 0.0787, 2.4383 1.3412 0.0, 2.4383 1.3412 0.0787, 2.4304 1.3602 0.0, 2.4304 1.3602 0.0787, 2.4179 1.3765 0.0, 2.4179 1.3765 0.0787, 2.4016 1.3891 0.0, 2.4016 1.3891 0.0787, 2.3826 1.3969 0.0, 2.3826 1.3969 0.0787, 2.3622 1.3996 0.0, 2.3622 1.3996 0.0787, 2.3418 1.3969 0.0, 2.3418 1.3969 0.0787, 2.3228 1.3891 0.0, 2.3228 1.3891 0.0787, 2.3065 1.3765 0.0, 2.3065 1.3765 0.0787, 2.294 1.3602 0.0, 2.294 1.3602 0.0787, 2.2861 1.3412 0.0, 2.2861 1.3412 0.0787, 2.2835 1.3209 0.0, 2.2835 1.3209 0.0787, 2.2861 1.3005 0.0, 2.2861 1.3005 0.0787, 2.294 1.2815 0.0, 2.294 1.2815 0.0787, 2.3065 1.2652 0.0, 2.3065 1.2652 0.0787, 2.3228 1.2527 0.0, 2.3228 1.2527 0.0787, 2.3418 1.2448 0.0, 2.3418 1.2448 0.0787, 2.3622 1.2421 0.0, 2.3622 1.2421 0.0787, 2.3826 1.2448 0.0, 2.3826 1.2448 0.0787, 2.4016 1.2527 0.0, 2.4016 1.2527 0.0787, 2.4179 1.2652 0.0, 2.4179 1.2652 0.0787, 2.4304 1.2815 0.0, 2.4304 1.2815 0.0787, 2.4383 1.3005 0.0, 2.4383 1.3005 0.0787, 2.4409 1.3209 0.0, 2.3622 1.3209 0.0, 0.0787 1.3209 0.0787, 0.0761 1.3412 0.0, 0.0761 1.3412 0.0787, 0.0682 1.3602 0.0, 0.0682 1.3602 0.0787, 0.0557 1.3765 0.0, 0.0557 1.3765 0.0787, 0.0394 1.3891 0.0, 0.0394 1.3891 0.0787, 0.0204 1.3969 0.0, 0.0204 1.3969 0.0787, 0.0 1.3996 0.0, 0.0 1.3996 0.0787, -0.0204 1.3969 0.0, -0.0204 1.3969 0.0787, -0.0394 1.3891 0.0, -0.0394 1.3891 0.0787, -0.0557 1.3765 0.0, -0.0557 1.3765 0.0787, -0.0682 1.3602 0.0, -0.0682 1.3602 0.0787, -0.0761 1.3412 0.0, -0.0761 1.3412 0.0787, -0.0787 1.3209 0.0, -0.0787 1.3209 0.0787, -0.0761 1.3005 0.0, -0.0761 1.3005 0.0787, -0.0682 1.2815 0.0, -0.0682 1.2815 0.0787, -0.0557 1.2652 0.0, -0.0557 1.2652 0.0787, -0.0394 1.2527 0.0, -0.0394 1.2527 0.0787, -0.0204 1.2448 0.0, -0.0204 1.2448 0.0787, 0.0 1.2421 0.0, 0.0 1.2421 0.0787, 0.0204 1.2448 0.0, 0.0204 1.2448 0.0787, 0.0394 1.2527 0.0, 0.0394 1.2527 0.0787, 0.0557 1.2652 0.0, 0.0557 1.2652 0.0787, 0.0682 1.2815 0.0, 0.0682 1.2815 0.0787, 0.0761 1.3005 0.0, 0.0761 1.3005 0.0787, 0.0787 1.3209 0.0, 0.0 1.3209 0.0, 2.4409 -1.3169 0.0787, 2.4383 -1.2965 0.0, 2.4383 -1.2965 0.0787, 2.4304 -1.2776 0.0, 2.4304 -1.2776 0.0787, 2.4179 -1.2613 0.0, 2.4179 -1.2613 0.0787, 2.4016 -1.2487 0.0, 2.4016 -1.2487 0.0787, 2.3826 -1.2409 0.0, 2.3826 -1.2409 0.0787, 2.3622 -1.2382 0.0, 2.3622 -1.2382 0.0787, 2.3418 -1.2409 0.0, 2.3418 -1.2409 0.0787, 2.3228 -1.2487 0.0, 2.3228 -1.2487 0.0787, 2.3065 -1.2613 0.0, 2.3065 -1.2613 0.0787, 2.294 -1.2776 0.0, 2.294 -1.2776 0.0787, 2.2861 -1.2965 0.0, 2.2861 -1.2965 0.0787, 2.2835 -1.3169 0.0, 2.2835 -1.3169 0.0787, 2.2861 -1.3373 0.0, 2.2861 -1.3373 0.0787, 2.294 -1.3563 0.0, 2.294 -1.3563 0.0787, 2.3065 -1.3726 0.0, 2.3065 -1.3726 0.0787, 2.3228 -1.3851 0.0, 2.3228 -1.3851 0.0787, 2.3418 -1.393 0.0, 2.3418 -1.393 0.0787, 2.3622 -1.3957 0.0, 2.3622 -1.3957 0.0787, 2.3826 -1.393 0.0, 2.3826 -1.393 0.0787, 2.4016 -1.3851 0.0, 2.4016 -1.3851 0.0787, 2.4179 -1.3726 0.0, 2.4179 -1.3726 0.0787, 2.4304 -1.3563 0.0, 2.4304 -1.3563 0.0787, 2.4383 -1.3373 0.0, 2.4383 -1.3373 0.0787, 2.4409 -1.3169 0.0, 2.3622 -1.3169 0.0, 0.0787 -1.3169 0.0787, 0.0761 -1.2965 0.0, 0.0761 -1.2965 0.0787, 0.0682 -1.2776 0.0, 0.0682 -1.2776 0.0787, 0.0557 -1.2613 0.0, 0.0557 -1.2613 0.0787, 0.0394 -1.2487 0.0, 0.0394 -1.2487 0.0787, 0.0204 -1.2409 0.0, 0.0204 -1.2409 0.0787, 0.0 -1.2382 0.0, 0.0 -1.2382 0.0787, -0.0204 -1.2409 0.0, -0.0204 -1.2409 0.0787, -0.0394 -1.2487 0.0, -0.0394 -1.2487 0.0787, -0.0557 -1.2613 0.0, -0.0557 -1.2613 0.0787, -0.0682 -1.2776 0.0, -0.0682 -1.2776 0.0787, -0.0761 -1.2965 0.0, -0.0761 -1.2965 0.0787, -0.0787 -1.3169 0.0, -0.0787 -1.3169 0.0787, -0.0761 -1.3373 0.0, -0.0761 -1.3373 0.0787, -0.0682 -1.3563 0.0, -0.0682 -1.3563 0.0787, -0.0557 -1.3726 0.0, -0.0557 -1.3726 0.0787, -0.0394 -1.3851 0.0, -0.0394 -1.3851 0.0787, -0.0204 -1.393 0.0, -0.0204 -1.393 0.0787, 0.0 -1.3957 0.0, 0.0 -1.3957 0.0787, 0.0204 -1.393 0.0, 0.0204 -1.393 0.0787, 0.0394 -1.3851 0.0, 0.0394 -1.3851 0.0787, 0.0557 -1.3726 0.0, 0.0557 -1.3726 0.0787, 0.0682 -1.3563 0.0, 0.0682 -1.3563 0.0787, 0.0761 -1.3373 0.0, 0.0761 -1.3373 0.0787, 0.0787 -1.3169 0.0, 0.0 -1.3169 0.0, -2.2835 -1.3169 0.0787, -2.2861 -1.2965 0.0, -2.2861 -1.2965 0.0787, -2.294 -1.2776 0.0, -2.294 -1.2776 0.0787, -2.3065 -1.2613 0.0, -2.3065 -1.2613 0.0787, -2.3228 -1.2487 0.0, -2.3228 -1.2487 0.0787, -2.3418 -1.2409 0.0, -2.3418 -1.2409 0.0787, -2.3622 -1.2382 0.0, -2.3622 -1.2382 0.0787, -2.3826 -1.2409 0.0, -2.3826 -1.2409 0.0787, -2.4016 -1.2487 0.0, -2.4016 -1.2487 0.0787, -2.4179 -1.2613 0.0, -2.4179 -1.2613 0.0787, -2.4304 -1.2776 0.0, -2.4304 -1.2776 0.0787, -2.4383 -1.2965 0.0, -2.4383 -1.2965 0.0787, -2.4409 -1.3169 0.0, -2.4409 -1.3169 0.0787, -2.4383 -1.3373 0.0, -2.4383 -1.3373 0.0787, -2.4304 -1.3563 0.0, -2.4304 -1.3563 0.0787, -2.4179 -1.3726 0.0, -2.4179 -1.3726 0.0787, -2.4016 -1.3851 0.0, -2.4016 -1.3851 0.0787, -2.3826 -1.393 0.0, -2.3826 -1.393 0.0787, -2.3622 -1.3957 0.0, -2.3622 -1.3957 0.0787, -2.3418 -1.393 0.0, -2.3418 -1.393 0.0787, -2.3228 -1.3851 0.0, -2.3228 -1.3851 0.0787, -2.3065 -1.3726 0.0, -2.3065 -1.3726 0.0787, -2.294 -1.3563 0.0, -2.294 -1.3563 0.0787, -2.2861 -1.3373 0.0, -2.2861 -1.3373 0.0787, -2.2835 -1.3169 0.0, -2.3622 -1.3169 0.0, -2.4409 1.7146 0.0787, -2.4409 1.7146 3.5433, -2.4383 1.7349 3.5433, -2.4383 1.7349 0.0787, -2.4304 1.7539 3.5433, -2.4304 1.7539 0.0787, -2.4179 1.7702 3.5433, -2.4179 1.7702 0.0787, -2.4016 1.7828 3.5433, -2.4016 1.7828 0.0787, -2.3826 1.7906 3.5433, -2.3826 1.7906 0.0787, -2.3622 1.7933 3.5433, -2.3622 1.7933 0.0787, -2.3418 1.7906 3.5433, -2.3418 1.7906 0.0787, -2.3228 1.7828 3.5433, -2.3228 1.7828 0.0787, -2.3065 1.7702 3.5433, -2.3065 1.7702 0.0787, -2.294 1.7539 3.5433, -2.294 1.7539 0.0787, -2.2861 1.7349 3.5433, -2.2861 1.7349 0.0787, -2.2835 1.7146 3.5433, -2.2835 1.7146 0.0787, 2.2835 1.7146 0.0787, 2.2835 1.7146 3.5433, 2.2861 1.7349 3.5433, 2.2861 1.7349 0.0787, 2.294 1.7539 3.5433, 2.294 1.7539 0.0787, 2.3065 1.7702 3.5433, 2.3065 1.7702 0.0787, 2.3228 1.7828 3.5433, 2.3228 1.7828 0.0787, 2.3418 1.7906 3.5433, 2.3418 1.7906 0.0787, 2.3622 1.7933 3.5433, 2.3622 1.7933 0.0787, 2.3826 1.7906 3.5433, 2.3826 1.7906 0.0787, 2.4016 1.7828 3.5433, 2.4016 1.7828 0.0787, 2.4179 1.7702 3.5433, 2.4179 1.7702 0.0787, 2.4304 1.7539 3.5433, 2.4304 1.7539 0.0787, 2.4383 1.7349 3.5433, 2.4383 1.7349 0.0787, 2.4409 1.7146 3.5433, 2.4409 1.7146 0.0787
            ]
        }
        coordIndex [
            0,1,2,-1,2,1,3,-1,2,3,4,-1,4,3,5,-1,4,5,6,-1,6,5,7,-1,6,7,8,-1,8,7,9,-1,8,9,10,-1,10,9,11,-1,10,11,12,-1,12,11,13,-1,12,13,14,-1,14,13,15,-1,14,15,16,-1,16,15,17,-1,16,17,18,-1,18,17,19,-1,18,19,20,-1,20,19,21,-1,20,21,22,-1,22,21,23,-1,22,23,24,-1,24,23,25,-1,24,25,26,-1,26,25,27,-1,26,27,28,-1,28,27,29,-1,28,29,30,-1,30,29,31,-1,30,31,32,-1,32,31,33,-1,32,33,34,-1,34,33,35,-1,34,35,36,-1,36,35,37,-1,36,37,38,-1,38,37,39,-1,38,39,40,-1,40,39,41,-1,40,41,42,-1,42,41,43,-1,42,43,44,-1,44,43,45,-1,44,45,46,-1,46,45,47,-1,46,47,0,-1,0,47,1,-1,27,25,48,-1,48,25,23,-1,48,23,21,-1,33,31,48,-1,48,31,29,-1,48,29,27,-1,39,37,48,-1,48,37,35,-1,48,35,33,-1,45,43,48,-1,48,43,41,-1,48,41,39,-1,3,1,48,-1,48,1,47,-1,48,47,45,-1,9,7,48,-1,48,7,5,-1,48,5,3,-1,15,13,48,-1,48,13,11,-1,48,11,9,-1,21,19,48,-1,48,19,17,-1,48,17,15,-1,49,50,51,-1,51,50,52,-1,51,52,53,-1,53,52,54,-1,53,54,55,-1,55,54,56,-1,55,56,57,-1,57,56,58,-1,57,58,59,-1,59,58,60,-1,59,60,61,-1,61,60,62,-1,61,62,63,-1,63,62,64,-1,63,64,65,-1,65,64,66,-1,65,66,67,-1,67,66,68,-1,67,68,69,-1,69,68,70,-1,69,70,71,-1,71,70,72,-1,71,72,73,-1,73,72,74,-1,73,74,75,-1,75,74,76,-1,75,76,77,-1,77,76,78,-1,77,78,79,-1,79,78,80,-1,79,80,81,-1,81,80,82,-1,81,82,83,-1,83,82,84,-1,83,84,85,-1,85,84,86,-1,85,86,87,-1,87,86,88,-1,87,88,89,-1,89,88,90,-1,89,90,91,-1,91,90,92,-1,91,92,93,-1,93,92,94,-1,93,94,95,-1,95,94,96,-1,95,96,49,-1,49,96,50,-1,76,74,97,-1,97,74,72,-1,97,72,70,-1,82,80,97,-1,97,80,78,-1,97,78,76,-1,88,86,97,-1,97,86,84,-1,97,84,82,-1,94,92,97,-1,97,92,90,-1,97,90,88,-1,52,50,97,-1,97,50,96,-1,97,96,94,-1,58,56,97,-1,97,56,54,-1,97,54,52,-1,64,62,97,-1,97,62,60,-1,97,60,58,-1,70,68,97,-1,97,68,66,-1,97,66,64,-1,98,99,100,-1,100,99,101,-1,100,101,102,-1,102,101,103,-1,102,103,104,-1,104,103,105,-1,104,105,106,-1,106,105,107,-1,106,107,108,-1,108,107,109,-1,108,109,110,-1,110,109,111,-1,110,111,112,-1,112,111,113,-1,112,113,114,-1,114,113,115,-1,114,115,116,-1,116,115,117,-1,116,117,118,-1,118,117,119,-1,118,119,120,-1,120,119,121,-1,120,121,122,-1,122,121,123,-1,122,123,124,-1,124,123,125,-1,124,125,126,-1,126,125,127,-1,126,127,128,-1,128,127,129,-1,128,129,130,-1,130,129,131,-1,130,131,132,-1,132,131,133,-1,132,133,134,-1,134,133,135,-1,134,135,136,-1,136,135,137,-1,136,137,138,-1,138,137,139,-1,138,139,140,-1,140,139,141,-1,140,141,142,-1,142,141,143,-1,142,143,144,-1,144,143,145,-1,144,145,98,-1,98,145,99,-1,125,123,146,-1,146,123,121,-1,146,121,119,-1,131,129,146,-1,146,129,127,-1,146,127,125,-1,137,135,146,-1,146,135,133,-1,146,133,131,-1,143,141,146,-1,146,141,139,-1,146,139,137,-1,101,99,146,-1,146,99,145,-1,146,145,143,-1,107,105,146,-1,146,105,103,-1,146,103,101,-1,113,111,146,-1,146,111,109,-1,146,109,107,-1,119,117,146,-1,146,117,115,-1,146,115,113,-1,147,148,149,-1,149,148,150,-1,149,150,151,-1,151,150,152,-1,151,152,153,-1,153,152,154,-1,153,154,155,-1,155,154,156,-1,155,156,157,-1,157,156,158,-1,157,158,159,-1,159,158,160,-1,159,160,161,-1,161,160,162,-1,161,162,163,-1,163,162,164,-1,163,164,165,-1,165,164,166,-1,165,166,167,-1,167,166,168,-1,167,168,169,-1,169,168,170,-1,169,170,171,-1,171,170,172,-1,171,172,173,-1,173,172,174,-1,173,174,175,-1,175,174,176,-1,175,176,177,-1,177,176,178,-1,177,178,179,-1,179,178,180,-1,179,180,181,-1,181,180,182,-1,181,182,183,-1,183,182,184,-1,183,184,185,-1,185,184,186,-1,185,186,187,-1,187,186,188,-1,187,188,189,-1,189,188,190,-1,189,190,191,-1,191,190,192,-1,191,192,193,-1,193,192,194,-1,193,194,147,-1,147,194,148,-1,174,172,195,-1,195,172,170,-1,195,170,168,-1,180,178,195,-1,195,178,176,-1,195,176,174,-1,186,184,195,-1,195,184,182,-1,195,182,180,-1,192,190,195,-1,195,190,188,-1,195,188,186,-1,150,148,195,-1,195,148,194,-1,195,194,192,-1,156,154,195,-1,195,154,152,-1,195,152,150,-1,162,160,195,-1,195,160,158,-1,195,158,156,-1,168,166,195,-1,195,166,164,-1,195,164,162,-1,196,197,198,-1,198,197,199,-1,198,199,200,-1,200,199,201,-1,200,201,202,-1,202,201,203,-1,202,203,204,-1,204,203,205,-1,204,205,206,-1,206,205,207,-1,206,207,208,-1,208,207,209,-1,208,209,210,-1,210,209,211,-1,210,211,212,-1,212,211,213,-1,212,213,214,-1,214,213,215,-1,214,215,216,-1,216,215,217,-1,216,217,218,-1,218,217,219,-1,218,219,220,-1,220,219,221,-1,220,221,222,-1,222,221,223,-1,222,223,224,-1,224,223,225,-1,224,225,226,-1,226,225,227,-1,226,227,228,-1,228,227,229,-1,228,229,230,-1,230,229,231,-1,230,231,232,-1,232,231,233,-1,232,233,234,-1,234,233,235,-1,234,235,236,-1,236,235,237,-1,236,237,238,-1,238,237,239,-1,238,239,240,-1,240,239,241,-1,240,241,242,-1,242,241,243,-1,242,243,196,-1,196,243,197,-1,223,221,244,-1,244,221,219,-1,244,219,217,-1,229,227,244,-1,244,227,225,-1,244,225,223,-1,235,233,244,-1,244,233,231,-1,244,231,229,-1,241,239,244,-1,244,239,237,-1,244,237,235,-1,199,197,244,-1,244,197,243,-1,244,243,241,-1,205,203,244,-1,244,203,201,-1,244,201,199,-1,211,209,244,-1,244,209,207,-1,244,207,205,-1,217,215,244,-1,244,215,213,-1,244,213,211,-1,245,246,247,-1,245,247,248,-1,248,247,249,-1,248,249,250,-1,250,249,251,-1,250,251,252,-1,252,251,253,-1,252,253,254,-1,254,253,255,-1,254,255,256,-1,256,255,257,-1,256,257,258,-1,258,257,259,-1,258,259,260,-1,260,259,261,-1,260,261,262,-1,262,261,263,-1,262,263,264,-1,264,263,265,-1,264,265,266,-1,266,265,267,-1,266,267,268,-1,268,267,269,-1,268,269,270,-1,271,272,273,-1,271,273,274,-1,274,273,275,-1,274,275,276,-1,276,275,277,-1,276,277,278,-1,278,277,279,-1,278,279,280,-1,280,279,281,-1,280,281,282,-1,282,281,283,-1,282,283,284,-1,284,283,285,-1,284,285,286,-1,286,285,287,-1,286,287,288,-1,288,287,289,-1,288,289,290,-1,290,289,291,-1,290,291,292,-1,292,291,293,-1,292,293,294,-1,294,293,295,-1,294,295,296,-1,
        ]
    }
}
Shape{
    appearance Appearance {
        material  Material 	{
            diffuseColor 1.0 1.0 1.0
            specularColor 0.8784313725490196 0.8784313725490196 0.8784313725490196
            ambientIntensity 1.0
            transparency 0.0
            shininess 0.5
        }
    }
    geometry IndexedFaceSet {
        ccw TRUE
        solid FALSE
        coord DEF co Coordinate {
            point [
                2.7357 -1.7146 3.1786, 2.7246 -1.7146 3.1926, 2.7218 -1.7146 3.1801, 2.7224 -1.7146 3.1926, 2.7054 -1.7146 3.1801, 2.6913 -1.7146 3.1926, 2.7054 -1.7146 3.0961, 2.6913 -1.7146 3.0837, 2.7212 -1.7146 3.0961, 2.7213 -1.7146 3.0837, 2.734 -1.7146 3.0973, 2.7396 -1.7146 3.0859, 2.7436 -1.7146 3.1005, 2.7521 -1.7146 3.0907, 2.751 -1.7146 3.1051, 2.7636 -1.7146 3.0989, 2.7536 -1.7146 3.1074, 2.7593 -1.7146 3.1146, 2.771 -1.7146 3.1075, 2.7629 -1.7146 3.1228, 2.7766 -1.7146 3.1186, 2.7649 -1.7146 3.1329, 2.7795 -1.7146 3.1312, 2.7652 -1.7146 3.1391, 2.78 -1.7146 3.1395, 2.764 -1.7146 3.1513, 2.7782 -1.7146 3.1544, 2.7611 -1.7146 3.1596, 2.7742 -1.7146 3.1648, 2.757 -1.7146 3.166, 2.7675 -1.7146 3.1743, 2.7533 -1.7146 3.1698, 2.7636 -1.7146 3.1782, 2.7452 -1.7146 3.1752, 2.7539 -1.7146 3.185, 2.741 -1.7146 3.1903, 2.7636 -1.7106 3.0989, 2.771 -1.7106 3.1075, 2.7766 -1.7106 3.1186, 2.7795 -1.7106 3.1312, 2.78 -1.7106 3.1395, 2.7782 -1.7106 3.1544, 2.7742 -1.7106 3.1648, 2.7675 -1.7106 3.1743, 2.7636 -1.7106 3.1782, 2.7539 -1.7106 3.185, 2.741 -1.7106 3.1903, 2.7246 -1.7106 3.1926, 2.7224 -1.7106 3.1926, 2.6913 -1.7106 3.1926, 2.6913 -1.7106 3.0837, 2.7213 -1.7106 3.0837, 2.7396 -1.7106 3.0859, 2.7521 -1.7106 3.0907, 2.7533 -1.7106 3.1698, 2.757 -1.7106 3.166, 2.7611 -1.7106 3.1596, 2.764 -1.7106 3.1513, 2.7652 -1.7106 3.1391, 2.7218 -1.7106 3.1801, 2.7357 -1.7106 3.1786, 2.7452 -1.7106 3.1752, 2.7054 -1.7106 3.1801, 2.7054 -1.7106 3.0961, 2.7212 -1.7106 3.0961, 2.7536 -1.7106 3.1074, 2.751 -1.7106 3.1051, 2.7436 -1.7106 3.1005, 2.734 -1.7106 3.0973, 2.7649 -1.7106 3.1329, 2.7629 -1.7106 3.1228, 2.7593 -1.7106 3.1146
            ]
        }
        coordIndex [
            0,1,2,-1,2,1,3,-1,2,3,4,-1,4,3,5,-1,4,5,6,-1,6,5,7,-1,6,7,8,-1,8,7,9,-1,8,9,10,-1,10,9,11,-1,10,11,12,-1,12,11,13,-1,12,13,14,-1,14,13,15,-1,14,15,16,-1,16,15,17,-1,17,15,18,-1,17,18,19,-1,19,18,20,-1,19,20,21,-1,21,20,22,-1,21,22,23,-1,23,22,24,-1,23,24,25,-1,25,24,26,-1,25,26,27,-1,27,26,28,-1,27,28,29,-1,29,28,30,-1,29,30,31,-1,31,30,32,-1,31,32,33,-1,33,32,34,-1,33,34,0,-1,0,34,35,-1,0,35,1,-1,15,36,37,-1,15,37,18,-1,18,37,38,-1,18,38,20,-1,20,38,39,-1,20,39,22,-1,22,39,40,-1,22,40,24,-1,24,40,41,-1,24,41,26,-1,26,41,42,-1,26,42,28,-1,28,42,43,-1,28,43,30,-1,30,43,44,-1,30,44,32,-1,32,44,45,-1,32,45,34,-1,34,45,46,-1,34,46,35,-1,35,46,47,-1,35,47,1,-1,1,47,48,-1,1,48,3,-1,5,3,49,-1,49,3,48,-1,7,5,50,-1,50,5,49,-1,9,7,51,-1,51,7,50,-1,9,51,52,-1,9,52,11,-1,11,52,53,-1,11,53,13,-1,13,53,36,-1,13,36,15,-1,31,54,55,-1,31,55,29,-1,29,55,56,-1,29,56,27,-1,27,56,57,-1,27,57,25,-1,25,57,58,-1,25,58,23,-1,2,59,60,-1,2,60,0,-1,0,60,61,-1,0,61,33,-1,33,61,54,-1,33,54,31,-1,2,4,59,-1,59,4,62,-1,4,6,62,-1,62,6,63,-1,6,8,63,-1,63,8,64,-1,16,65,66,-1,16,66,14,-1,14,66,67,-1,14,67,12,-1,12,67,68,-1,12,68,10,-1,10,68,64,-1,10,64,8,-1,23,58,69,-1,23,69,21,-1,21,69,70,-1,21,70,19,-1,19,70,71,-1,19,71,17,-1,17,71,65,-1,17,65,16,-1,
        ]
    }
}
Shape{
    appearance Appearance {
        material  Material 	{
            diffuseColor 0.20784313725490197 0.20784313725490197 0.20784313725490197
            specularColor 0.01568627450980392 0.01568627450980392 0.01568627450980392
            ambientIntensity 0.298
            transparency 0.0
            shininess 0.5
        }
    }
    geometry IndexedFaceSet {
        ccw TRUE
        solid FALSE
        coord DEF co Coordinate {
            point [
                2.7054 -1.7106 3.1801, 2.7054 -1.7106 3.0961, 2.7218 -1.7106 3.1801, 2.7212 -1.7106 3.0961, 2.734 -1.7106 3.0973, 2.7436 -1.7106 3.1005, 2.751 -1.7106 3.1051, 2.7536 -1.7106 3.1074, 2.7593 -1.7106 3.1146, 2.7629 -1.7106 3.1228, 2.7649 -1.7106 3.1329, 2.7652 -1.7106 3.1391, 2.764 -1.7106 3.1513, 2.7611 -1.7106 3.1596, 2.757 -1.7106 3.166, 2.7533 -1.7106 3.1698, 2.7357 -1.7106 3.1786, 2.7452 -1.7106 3.1752
            ]
        }
        coordIndex [
            0,1,2,-1,2,1,3,-1,2,3,4,-1,4,5,2,-1,2,5,6,-1,2,6,7,-1,7,8,2,-1,2,8,9,-1,2,9,10,-1,10,11,2,-1,2,11,12,-1,2,12,13,-1,13,14,2,-1,2,14,15,-1,2,15,16,-1,16,15,17,-1,
        ]
    }
}
Shape{
    appearance Appearance {
        material  Material 	{
            diffuseColor 1.0 1.0 1.0
            specularColor 0.8784313725490196 0.8784313725490196 0.8784313725490196
            ambientIntensity 1.0
            transparency 0.0
            shininess 0.5
        }
    }
    geometry IndexedFaceSet {
        ccw TRUE
        solid FALSE
        coord DEF co Coordinate {
            point [
                2.562 -1.7146 3.1029, 2.562 -1.7106 3.1029, 2.561 -1.7106 3.0992, 2.561 -1.7146 3.0992, 2.5604 -1.7106 3.0966, 2.5604 -1.7146 3.0966, 2.56 -1.7146 3.0966, 2.56 -1.7106 3.0966, 2.5583 -1.7146 3.103, 2.5583 -1.7106 3.103, 2.538 -1.7106 3.1615, 2.538 -1.7146 3.1615, 2.5446 -1.7106 3.1425, 2.5227 -1.7146 3.1615, 2.5227 -1.7106 3.1615, 2.5533 -1.7106 3.0838, 2.5533 -1.7146 3.0838, 2.5446 -1.7106 3.1059, 2.5473 -1.7106 3.0697, 2.5473 -1.7146 3.0697, 2.5528 -1.7106 3.0827, 2.5446 -1.7106 3.0648, 2.5446 -1.7146 3.0648, 2.5446 -1.7106 3.0648, 2.5421 -1.7146 3.0619, 2.5421 -1.7106 3.0619, 2.5396 -1.7106 3.0602, 2.5396 -1.7146 3.0602, 2.5366 -1.7106 3.0591, 2.5366 -1.7146 3.0591, 2.5333 -1.7106 3.0587, 2.5333 -1.7146 3.0587, 2.5284 -1.7106 3.0593, 2.5284 -1.7146 3.0593, 2.5256 -1.7106 3.0603, 2.5256 -1.7146 3.0603, 2.5256 -1.7146 3.0481, 2.5256 -1.7106 3.0481, 2.5313 -1.7106 3.0471, 2.5313 -1.7146 3.0471, 2.5344 -1.7106 3.047, 2.5344 -1.7146 3.047, 2.5399 -1.7106 3.0476, 2.5399 -1.7146 3.0476, 2.5446 -1.7106 3.0494, 2.5453 -1.7146 3.0497, 2.5453 -1.7106 3.0497, 2.55 -1.7106 3.053, 2.55 -1.7146 3.053, 2.551 -1.7106 3.0539, 2.551 -1.7146 3.0539, 2.5559 -1.7106 3.0599, 2.5559 -1.7146 3.0599, 2.5621 -1.7106 3.0719, 2.5621 -1.7146 3.0719, 2.5974 -1.7106 3.1615, 2.5974 -1.7146 3.1615, 2.5664 -1.7106 3.0827, 2.5833 -1.7146 3.1615, 2.5833 -1.7106 3.1615, 2.4842 -1.7146 3.0818, 2.4842 -1.7106 3.0818, 2.4957 -1.7146 3.0831, 2.4926 -1.7106 3.0827, 2.4957 -1.7106 3.0831, 2.5031 -1.7106 3.0857, 2.5031 -1.7146 3.0857, 2.5069 -1.7106 3.088, 2.5069 -1.7146 3.088, 2.5108 -1.7106 3.0914, 2.5108 -1.7146 3.0914, 2.5133 -1.7106 3.095, 2.5133 -1.7146 3.095, 2.515 -1.7106 3.0993, 2.515 -1.7146 3.0993, 2.5156 -1.7106 3.1048, 2.5156 -1.7146 3.1048, 2.5151 -1.7106 3.1099, 2.5151 -1.7146 3.1099, 2.5136 -1.7106 3.1139, 2.5136 -1.7146 3.1139, 2.5111 -1.7106 3.1177, 2.5111 -1.7146 3.1177, 2.5078 -1.7106 3.1206, 2.5078 -1.7146 3.1206, 2.4988 -1.7106 3.1256, 2.4988 -1.7146 3.1256, 2.4935 -1.7106 3.1278, 2.4935 -1.7146 3.1278, 2.485 -1.7106 3.1314, 2.485 -1.7146 3.1314, 2.4802 -1.7106 3.1344, 2.4802 -1.7146 3.1344, 2.4789 -1.7106 3.1359, 2.4789 -1.7146 3.1359, 2.4779 -1.7106 3.1378, 2.4779 -1.7146 3.1378, 2.4774 -1.7106 3.1399, 2.4774 -1.7146 3.1399, 2.4772 -1.7106 3.1417, 2.4772 -1.7146 3.1417, 2.4775 -1.7106 3.1439, 2.4775 -1.7146 3.1439, 2.4782 -1.7106 3.1457, 2.4782 -1.7146 3.1457, 2.4793 -1.7106 3.1474, 2.4793 -1.7146 3.1474, 2.4814 -1.7106 3.1493, 2.4814 -1.7146 3.1493, 2.4845 -1.7106 3.1509, 2.4845 -1.7146 3.1509, 2.4881 -1.7106 3.1519, 2.4881 -1.7146 3.1519, 2.4921 -1.7106 3.1522, 2.4921 -1.7146 3.1522, 2.5019 -1.7106 3.1509, 2.5019 -1.7146 3.1509, 2.5096 -1.7106 3.1479, 2.5096 -1.7146 3.1479, 2.5119 -1.7106 3.1465, 2.5119 -1.7146 3.1465, 2.5119 -1.7146 3.1598, 2.5119 -1.7106 3.1598, 2.5019 -1.7106 3.1626, 2.5019 -1.7146 3.1626, 2.4935 -1.7106 3.1632, 2.4935 -1.7146 3.1632, 2.4828 -1.7106 3.162, 2.4828 -1.7146 3.162, 2.4755 -1.7106 3.1592, 2.4755 -1.7146 3.1592, 2.4719 -1.7106 3.1571, 2.4719 -1.7146 3.1571, 2.4694 -1.7106 3.1548, 2.4679 -1.7146 3.1534, 2.4679 -1.7106 3.1534, 2.4653 -1.7106 3.1497, 2.4653 -1.7146 3.1497, 2.4637 -1.7106 3.1453, 2.4637 -1.7146 3.1453, 2.4632 -1.7106 3.1405, 2.4632 -1.7146 3.1405, 2.4638 -1.7106 3.1352, 2.4638 -1.7146 3.1352, 2.4653 -1.7106 3.131, 2.4653 -1.7146 3.131, 2.4671 -1.7106 3.1282, 2.4671 -1.7146 3.1282, 2.4838 -1.7106 3.1179, 2.4838 -1.7146 3.1179, 2.4757 -1.7146 3.1216, 2.4693 -1.7106 3.1258, 2.4693 -1.7146 3.1258, 2.4694 -1.7106 3.1257, 2.4757 -1.7106 3.1216, 2.4928 -1.7106 3.1141, 2.4928 -1.7146 3.1141, 2.4981 -1.7106 3.1109, 2.4981 -1.7146 3.1109, 2.4998 -1.7106 3.1091, 2.4998 -1.7146 3.1091, 2.5009 -1.7106 3.1073, 2.5009 -1.7146 3.1073, 2.5015 -1.7106 3.1052, 2.5015 -1.7146 3.1052, 2.5016 -1.7106 3.1035, 2.5016 -1.7146 3.1035, 2.5014 -1.7106 3.1009, 2.5014 -1.7146 3.1009, 2.5007 -1.7106 3.0989, 2.5007 -1.7146 3.0989, 2.4995 -1.7106 3.0972, 2.4995 -1.7146 3.0972, 2.4979 -1.7106 3.0958, 2.4979 -1.7146 3.0958, 2.4967 -1.7106 3.095, 2.4967 -1.7146 3.095, 2.4931 -1.7106 3.0937, 2.4931 -1.7146 3.0937, 2.4861 -1.7106 3.093, 2.4861 -1.7146 3.093, 2.4855 -1.7106 3.093, 2.4855 -1.7146 3.093, 2.4631 -1.7106 3.1005, 2.4631 -1.7146 3.1005, 2.4676 -1.7146 3.0976, 2.4761 -1.7106 3.0942, 2.4761 -1.7146 3.0942, 2.4694 -1.7106 3.0969, 2.4676 -1.7106 3.0976, 2.4631 -1.7146 3.0864, 2.4631 -1.7106 3.0864, 2.4725 -1.7146 3.0831, 2.4694 -1.7106 3.0842, 2.4755 -1.7106 3.0827, 2.4725 -1.7106 3.0831, 2.4306 -1.7146 3.0957, 2.431 -1.7146 3.0957, 2.4301 -1.7146 3.1082, 2.4309 -1.7146 3.1143, 2.4446 -1.7146 3.1337, 2.431 -1.7146 3.1152, 2.431 -1.7146 3.1227, 2.431 -1.7146 3.0837, 2.4446 -1.7146 3.0837, 2.397 -1.7146 3.1271, 2.4014 -1.7146 3.1169, 2.4047 -1.7146 3.1184, 2.4281 -1.7146 3.1034, 2.4251 -1.7146 3.0994, 2.4285 -1.7146 3.0924, 2.4234 -1.7146 3.0977, 2.4242 -1.7146 3.0878, 2.4195 -1.7146 3.0951, 2.4193 -1.7146 3.0846, 2.4154 -1.7146 3.0936, 2.4138 -1.7146 3.0826, 2.4103 -1.7146 3.093, 2.4068 -1.7146 3.0818, 2.4057 -1.7146 3.0935, 2.3986 -1.7146 3.0828, 2.4026 -1.7146 3.0947, 2.3934 -1.7146 3.0847, 2.3999 -1.7146 3.0965, 2.3888 -1.7146 3.0879, 2.3987 -1.7146 3.0977, 2.4079 -1.7146 3.1299, 2.4127 -1.7146 3.1202, 2.431 -1.7146 3.1331, 2.3897 -1.7146 3.156, 2.3897 -1.7146 3.1427, 2.394 -1.7146 3.1584, 2.3987 -1.7146 3.1485, 2.4044 -1.7146 3.162, 2.4073 -1.7146 3.1514, 2.4165 -1.7146 3.1632, 2.4152 -1.7146 3.1522, 2.4251 -1.7146 3.1624, 2.4198 -1.7146 3.1517, 2.4307 -1.7146 3.1606, 2.423 -1.7146 3.1506, 2.4352 -1.7146 3.158, 2.4254 -1.7146 3.149, 2.4383 -1.7146 3.1551, 2.4275 -1.7146 3.1468, 2.4411 -1.7146 3.1508, 2.4291 -1.7146 3.144, 2.4434 -1.7146 3.1449, 2.4305 -1.7146 3.1391, 2.3995 -1.7146 3.1155, 2.3914 -1.7146 3.1241, 2.3979 -1.7146 3.1134, 2.3873 -1.7146 3.1204, 2.3967 -1.7146 3.1109, 2.3844 -1.7146 3.116, 2.396 -1.7146 3.1078, 2.3828 -1.7146 3.111, 2.3959 -1.7146 3.1056, 2.3821 -1.7146 3.1045, 2.3963 -1.7146 3.1025, 2.3828 -1.7146 3.0983, 2.3972 -1.7146 3.1, 2.3844 -1.7146 3.0937, 2.3872 -1.7146 3.0895, 2.4152 -1.7106 3.1522, 2.4198 -1.7106 3.1517, 2.423 -1.7106 3.1506, 2.4254 -1.7106 3.149, 2.4275 -1.7106 3.1468, 2.4291 -1.7106 3.144, 2.4305 -1.7106 3.1391, 2.431 -1.7106 3.1331, 2.4079 -1.7106 3.1299, 2.397 -1.7106 3.1271, 2.3914 -1.7106 3.1241, 2.3873 -1.7106 3.1204, 2.3844 -1.7106 3.116, 2.3828 -1.7106 3.111, 2.3821 -1.7106 3.1045, 2.3828 -1.7106 3.0983, 2.3844 -1.7106 3.0937, 2.3872 -1.7106 3.0895, 2.3888 -1.7106 3.0879, 2.4068 -1.7106 3.0818, 2.3988 -1.7106 3.0827, 2.3986 -1.7106 3.0828, 2.3934 -1.7106 3.0847, 2.4138 -1.7106 3.0826, 2.4142 -1.7106 3.0827, 2.4193 -1.7106 3.0846, 2.4242 -1.7106 3.0878, 2.4285 -1.7106 3.0924, 2.4306 -1.7106 3.0957, 2.431 -1.7106 3.0957, 2.431 -1.7106 3.0837, 2.4446 -1.7106 3.0837, 2.4446 -1.7106 3.1337, 2.4434 -1.7106 3.1449, 2.4411 -1.7106 3.1508, 2.4383 -1.7106 3.1551, 2.4352 -1.7106 3.158, 2.4307 -1.7106 3.1606, 2.4251 -1.7106 3.1624, 2.4165 -1.7106 3.1632, 2.4044 -1.7106 3.162, 2.394 -1.7106 3.1584, 2.3897 -1.7106 3.156, 2.3897 -1.7106 3.1427, 2.3987 -1.7106 3.1485, 2.4073 -1.7106 3.1514, 2.4251 -1.7106 3.0994, 2.4234 -1.7106 3.0977, 2.4195 -1.7106 3.0951, 2.4154 -1.7106 3.0936, 2.4103 -1.7106 3.093, 2.431 -1.7106 3.1152, 2.4309 -1.7106 3.1143, 2.4301 -1.7106 3.1082, 2.4281 -1.7106 3.1034, 2.431 -1.7106 3.1227, 2.4127 -1.7106 3.1202, 2.3995 -1.7106 3.1155, 2.4014 -1.7106 3.1169, 2.4047 -1.7106 3.1184, 2.3959 -1.7106 3.1056, 2.396 -1.7106 3.1078, 2.3967 -1.7106 3.1109, 2.3979 -1.7106 3.1134, 2.3999 -1.7106 3.0965, 2.3987 -1.7106 3.0977, 2.3972 -1.7106 3.1, 2.3963 -1.7106 3.1025, 2.4057 -1.7106 3.0935, 2.4026 -1.7106 3.0947
            ]
        }
        coordIndex [
            0,1,2,-1,0,2,3,-1,3,2,4,-1,3,4,5,-1,6,5,7,-1,7,5,4,-1,8,6,9,-1,9,6,7,-1,10,11,12,-1,12,11,8,-1,12,8,9,-1,13,11,14,-1,14,11,10,-1,15,16,17,-1,17,16,13,-1,17,13,14,-1,18,19,20,-1,20,19,16,-1,20,16,15,-1,19,18,21,-1,19,21,22,-1,22,21,23,-1,22,23,24,-1,23,25,24,-1,24,25,26,-1,24,26,27,-1,27,26,28,-1,27,28,29,-1,29,28,30,-1,29,30,31,-1,31,30,32,-1,31,32,33,-1,33,32,34,-1,33,34,35,-1,36,35,37,-1,37,35,34,-1,36,37,38,-1,36,38,39,-1,39,38,40,-1,39,40,41,-1,41,40,42,-1,41,42,43,-1,43,42,44,-1,43,44,45,-1,44,46,45,-1,45,46,47,-1,45,47,48,-1,48,47,49,-1,48,49,50,-1,50,49,51,-1,50,51,52,-1,52,51,53,-1,52,53,54,-1,55,56,57,-1,57,56,54,-1,57,54,53,-1,58,56,59,-1,59,56,55,-1,0,58,1,-1,1,58,59,-1,3,5,54,-1,56,58,54,-1,54,58,0,-1,54,0,3,-1,11,13,8,-1,8,13,16,-1,8,16,6,-1,52,22,50,-1,50,22,24,-1,35,36,33,-1,33,36,39,-1,33,39,31,-1,31,39,41,-1,31,41,29,-1,29,41,43,-1,29,43,27,-1,27,43,45,-1,27,45,24,-1,24,45,48,-1,24,48,50,-1,5,6,54,-1,54,6,16,-1,54,16,52,-1,52,16,19,-1,52,19,22,-1,60,61,62,-1,62,61,63,-1,63,64,62,-1,62,64,65,-1,62,65,66,-1,66,65,67,-1,66,67,68,-1,68,67,69,-1,68,69,70,-1,70,69,71,-1,70,71,72,-1,72,71,73,-1,72,73,74,-1,74,73,75,-1,74,75,76,-1,76,75,77,-1,76,77,78,-1,78,77,79,-1,78,79,80,-1,80,79,81,-1,80,81,82,-1,82,81,83,-1,82,83,84,-1,84,83,85,-1,84,85,86,-1,86,85,87,-1,86,87,88,-1,88,87,89,-1,88,89,90,-1,90,89,91,-1,90,91,92,-1,92,91,93,-1,92,93,94,-1,94,93,95,-1,94,95,96,-1,96,95,97,-1,96,97,98,-1,98,97,99,-1,98,99,100,-1,100,99,101,-1,100,101,102,-1,102,101,103,-1,102,103,104,-1,104,103,105,-1,104,105,106,-1,106,105,107,-1,106,107,108,-1,108,107,109,-1,108,109,110,-1,110,109,111,-1,110,111,112,-1,112,111,113,-1,112,113,114,-1,114,113,115,-1,114,115,116,-1,116,115,117,-1,116,117,118,-1,118,117,119,-1,118,119,120,-1,121,120,122,-1,122,120,119,-1,121,122,123,-1,121,123,124,-1,124,123,125,-1,124,125,126,-1,126,125,127,-1,126,127,128,-1,128,127,129,-1,128,129,130,-1,130,129,131,-1,130,131,132,-1,131,133,132,-1,132,133,134,-1,133,135,134,-1,134,135,136,-1,134,136,137,-1,137,136,138,-1,137,138,139,-1,139,138,140,-1,139,140,141,-1,141,140,142,-1,141,142,143,-1,143,142,144,-1,143,144,145,-1,145,144,146,-1,145,146,147,-1,148,149,150,-1,147,146,151,-1,147,151,152,-1,152,151,153,-1,152,153,150,-1,150,153,154,-1,150,154,148,-1,149,148,155,-1,149,155,156,-1,156,155,157,-1,156,157,158,-1,158,157,159,-1,158,159,160,-1,160,159,161,-1,160,161,162,-1,162,161,163,-1,162,163,164,-1,164,163,165,-1,164,165,166,-1,166,165,167,-1,166,167,168,-1,168,167,169,-1,168,169,170,-1,170,169,171,-1,170,171,172,-1,172,171,173,-1,172,173,174,-1,174,173,175,-1,174,175,176,-1,176,175,177,-1,176,177,178,-1,178,177,179,-1,178,179,180,-1,180,179,181,-1,180,181,182,-1,183,184,185,-1,182,181,186,-1,182,186,187,-1,187,186,188,-1,187,188,185,-1,185,188,189,-1,185,189,183,-1,190,184,191,-1,191,184,183,-1,190,191,192,-1,192,191,193,-1,61,60,194,-1,194,60,192,-1,194,192,195,-1,195,192,193,-1,106,108,130,-1,130,108,128,-1,156,88,149,-1,149,88,90,-1,60,182,192,-1,192,182,187,-1,192,187,190,-1,190,187,185,-1,190,185,184,-1,108,110,128,-1,128,110,112,-1,128,112,126,-1,126,112,114,-1,126,114,124,-1,124,114,116,-1,124,116,121,-1,121,116,118,-1,121,118,120,-1,66,68,172,-1,172,68,70,-1,172,70,170,-1,170,70,72,-1,170,72,168,-1,168,72,74,-1,168,74,166,-1,166,74,76,-1,166,76,164,-1,164,76,78,-1,164,78,162,-1,162,78,80,-1,162,80,160,-1,160,80,82,-1,160,82,158,-1,158,82,84,-1,158,84,156,-1,156,84,86,-1,156,86,88,-1,172,174,66,-1,66,174,176,-1,66,176,62,-1,62,176,178,-1,62,178,60,-1,60,178,180,-1,60,180,182,-1,130,132,106,-1,106,132,134,-1,106,134,104,-1,104,134,137,-1,104,137,102,-1,102,137,139,-1,102,139,100,-1,100,139,141,-1,100,141,98,-1,98,141,143,-1,98,143,96,-1,96,143,145,-1,96,145,94,-1,94,145,147,-1,94,147,92,-1,92,147,152,-1,92,152,90,-1,90,152,150,-1,90,150,149,-1,196,197,198,-1,199,200,201,-1,201,200,202,-1,203,204,197,-1,197,204,200,-1,197,200,198,-1,198,200,199,-1,205,206,207,-1,198,208,196,-1,196,208,209,-1,196,209,210,-1,210,209,211,-1,210,211,212,-1,212,211,213,-1,212,213,214,-1,214,213,215,-1,214,215,216,-1,216,215,217,-1,216,217,218,-1,218,217,219,-1,218,219,220,-1,220,219,221,-1,220,221,222,-1,222,221,223,-1,222,223,224,-1,224,223,225,-1,205,207,226,-1,226,207,227,-1,226,227,228,-1,229,230,231,-1,231,230,232,-1,231,232,233,-1,233,232,234,-1,233,234,235,-1,235,234,236,-1,235,236,237,-1,237,236,238,-1,237,238,239,-1,239,238,240,-1,239,240,241,-1,241,240,242,-1,241,242,243,-1,243,242,244,-1,243,244,245,-1,245,244,246,-1,245,246,247,-1,247,246,248,-1,247,248,200,-1,200,248,228,-1,200,228,202,-1,202,228,227,-1,206,205,249,-1,249,205,250,-1,249,250,251,-1,251,250,252,-1,251,252,253,-1,253,252,254,-1,253,254,255,-1,255,254,256,-1,255,256,257,-1,257,256,258,-1,257,258,259,-1,259,258,260,-1,259,260,261,-1,261,260,262,-1,261,262,225,-1,225,262,263,-1,225,263,224,-1,236,264,265,-1,236,265,238,-1,238,265,266,-1,238,266,240,-1,240,266,267,-1,240,267,242,-1,242,267,268,-1,242,268,244,-1,244,268,269,-1,244,269,246,-1,246,269,270,-1,246,270,248,-1,248,270,271,-1,248,271,228,-1,226,228,272,-1,272,228,271,-1,226,272,273,-1,226,273,205,-1,205,273,274,-1,205,274,250,-1,250,274,275,-1,250,275,252,-1,252,275,276,-1,252,276,254,-1,254,276,277,-1,254,277,256,-1,256,277,278,-1,256,278,258,-1,258,278,279,-1,258,279,260,-1,260,279,280,-1,260,280,262,-1,262,280,281,-1,262,281,263,-1,263,281,282,-1,263,282,224,-1,283,218,284,-1,284,218,220,-1,284,220,285,-1,285,220,222,-1,285,222,286,-1,286,222,224,-1,286,224,282,-1,218,283,287,-1,218,287,216,-1,216,287,288,-1,216,288,214,-1,288,289,214,-1,214,289,290,-1,214,290,212,-1,212,290,291,-1,212,291,210,-1,210,291,292,-1,210,292,196,-1,197,196,293,-1,293,196,292,-1,203,197,294,-1,294,197,293,-1,204,203,295,-1,295,203,294,-1,200,204,296,-1,296,204,295,-1,200,296,297,-1,200,297,247,-1,247,297,298,-1,247,298,245,-1,245,298,299,-1,245,299,243,-1,243,299,300,-1,243,300,241,-1,241,300,301,-1,241,301,239,-1,239,301,302,-1,239,302,237,-1,237,302,303,-1,237,303,235,-1,235,303,304,-1,235,304,233,-1,233,304,305,-1,233,305,231,-1,231,305,306,-1,231,306,229,-1,230,229,307,-1,307,229,306,-1,230,307,308,-1,230,308,232,-1,232,308,309,-1,232,309,234,-1,234,309,264,-1,234,264,236,-1,209,310,311,-1,209,311,211,-1,211,311,312,-1,211,312,213,-1,213,312,313,-1,213,313,215,-1,215,313,314,-1,215,314,217,-1,201,315,316,-1,201,316,199,-1,199,316,317,-1,199,317,198,-1,198,317,318,-1,198,318,208,-1,208,318,310,-1,208,310,209,-1,201,202,315,-1,315,202,319,-1,202,227,319,-1,319,227,320,-1,249,321,322,-1,249,322,206,-1,206,322,323,-1,206,323,207,-1,207,323,320,-1,207,320,227,-1,257,324,325,-1,257,325,255,-1,255,325,326,-1,255,326,253,-1,253,326,327,-1,253,327,251,-1,251,327,321,-1,251,321,249,-1,223,328,329,-1,223,329,225,-1,225,329,330,-1,225,330,261,-1,261,330,331,-1,261,331,259,-1,259,331,324,-1,259,324,257,-1,217,314,332,-1,217,332,219,-1,219,332,333,-1,219,333,221,-1,221,333,328,-1,221,328,223,-1,
        ]
    }
}
Shape{
    appearance Appearance {
        material  Material 	{
            diffuseColor 0.20784313725490197 0.20784313725490197 0.20784313725490197
            specularColor 0.01568627450980392 0.01568627450980392 0.01568627450980392
            ambientIntensity 0.298
            transparency 0.0
            shininess 0.5
        }
    }
    geometry IndexedFaceSet {
        ccw TRUE
        solid FALSE
        coord DEF co Coordinate {
            point [
                2.431 -1.7106 3.1227, 2.4127 -1.7106 3.1202, 2.431 -1.7106 3.1152, 2.4047 -1.7106 3.1184, 2.4014 -1.7106 3.1169, 2.3995 -1.7106 3.1155, 2.4309 -1.7106 3.1143, 2.4301 -1.7106 3.1082, 2.3979 -1.7106 3.1134, 2.4281 -1.7106 3.1034, 2.3987 -1.7106 3.0977, 2.3999 -1.7106 3.0965, 2.4234 -1.7106 3.0977, 2.3972 -1.7106 3.1, 2.4195 -1.7106 3.0951, 2.4154 -1.7106 3.0936, 2.4103 -1.7106 3.093, 2.3967 -1.7106 3.1109, 2.396 -1.7106 3.1078, 2.4251 -1.7106 3.0994, 2.3959 -1.7106 3.1056, 2.3963 -1.7106 3.1025, 2.4026 -1.7106 3.0947, 2.4057 -1.7106 3.0935
            ]
        }
        coordIndex [
            0,1,2,-1,2,1,3,-1,3,4,2,-1,2,4,5,-1,2,5,6,-1,6,5,7,-1,7,5,8,-1,7,8,9,-1,10,11,12,-1,10,12,13,-1,14,12,15,-1,15,12,16,-1,8,17,9,-1,9,17,18,-1,9,18,19,-1,19,18,20,-1,19,20,12,-1,12,20,21,-1,12,21,13,-1,11,22,12,-1,12,22,23,-1,12,23,16,-1,
        ]
    }
}
Shape{
    appearance Appearance {
        material  Material 	{
            diffuseColor 1.0 1.0 1.0
            specularColor 0.8784313725490196 0.8784313725490196 0.8784313725490196
            ambientIntensity 1.0
            transparency 0.0
            shininess 0.5
        }
    }
    geometry IndexedFaceSet {
        ccw TRUE
        solid FALSE
        coord DEF co Coordinate {
            point [
                1.8087 -1.7146 3.2713, 1.826 -1.7146 3.2805, 1.822 -1.7146 3.3281, 1.9584 -1.7146 3.0651, 1.9676 -1.7146 3.0823, 1.9721 -1.7146 3.1014, 1.8703 -1.7146 3.3304, 1.8943 -1.7146 3.2738, 1.9062 -1.7146 3.2983, 1.8656 -1.7146 3.0993, 1.8642 -1.7146 3.1066, 1.8223 -1.7146 3.1367, 1.8215 -1.7146 3.0848, 1.8117 -1.7146 3.0878, 1.8054 -1.7146 3.1471, 1.8525 -1.7146 3.3319, 2.081 -1.7146 3.1747, 2.057 -1.7146 3.2157, 1.9726 -1.7146 3.1174, 1.9532 -1.7146 3.1615, 1.9726 -1.7146 3.1096, 1.9312 -1.7146 3.0411, 1.9466 -1.7146 3.0519, 1.8687 -1.7146 3.0928, 1.8408 -1.7146 3.054, 1.8293 -1.7146 3.0682, 2.1066 -1.7146 3.2514, 2.1128 -1.7146 3.2514, 2.1445 -1.7146 3.2932, 2.1275 -1.7146 3.2495, 2.1483 -1.7146 3.2919, 2.141 -1.7146 3.2443, 2.1713 -1.7146 3.2805, 2.1924 -1.7146 3.2627, 1.8862 -1.7146 3.3489, 1.9236 -1.7146 3.3191, 1.9044 -1.7146 3.3645, 1.9443 -1.7146 3.3342, 1.9233 -1.7146 3.3762, 1.8451 -1.7146 3.285, 1.8533 -1.7146 3.2854, 1.8614 -1.7146 3.3314, 1.8716 -1.7146 3.2832, 1.8889 -1.7146 3.2768, 1.9189 -1.7146 3.0913, 1.9147 -1.7146 3.0865, 1.9088 -1.7146 3.0823, 1.9139 -1.7146 3.0345, 1.9021 -1.7146 3.0796, 1.8951 -1.7146 3.0322, 1.8943 -1.7146 3.0786, 1.8922 -1.7146 3.0322, 1.893 -1.7146 3.0787, 1.8739 -1.7146 3.035, 1.8861 -1.7146 3.0798, 1.856 -1.7146 3.0425, 1.8791 -1.7146 3.0828, 1.8731 -1.7146 3.0873, 1.9226 -1.7146 3.1196, 1.9243 -1.7146 3.1125, 1.9243 -1.7146 3.1054, 1.9225 -1.7146 3.0979, 2.1925 -1.7146 3.1181, 2.1565 -1.7146 3.1489, 2.1715 -1.7146 3.1003, 2.145 -1.7146 3.1396, 2.1479 -1.7146 3.0887, 2.1314 -1.7146 3.1332, 2.1221 -1.7146 3.0833, 2.1174 -1.7146 3.1305, 2.0764 -1.7146 3.0833, 2.0826 -1.7146 3.1305, 2.072 -1.7146 3.084, 1.8646 -1.7146 3.1142, 1.8669 -1.7146 3.1215, 1.8308 -1.7146 3.1533, 1.8709 -1.7146 3.1279, 1.8436 -1.7146 3.168, 1.8739 -1.7146 3.1311, 1.8595 -1.7146 3.179, 1.88 -1.7146 3.1354, 1.8766 -1.7146 3.1856, 1.8868 -1.7146 3.1381, 1.8951 -1.7146 3.1878, 1.8943 -1.7146 3.139, 1.9045 -1.7146 3.1873, 1.9008 -1.7146 3.1383, 1.9232 -1.7146 3.1827, 1.908 -1.7146 3.1358, 1.9396 -1.7146 3.1739, 1.9142 -1.7146 3.1316, 1.9192 -1.7146 3.126, 2.1531 -1.7146 3.2359, 2.1619 -1.7146 3.2261, 2.2082 -1.7146 3.2407, 2.1691 -1.7146 3.2127, 2.2176 -1.7146 3.217, 2.1728 -1.7146 3.1978, 2.2212 -1.7146 3.1917, 2.1732 -1.7146 3.1909, 2.2177 -1.7146 3.1641, 2.1713 -1.7146 3.1758, 2.2079 -1.7146 3.1396, 2.166 -1.7146 3.162, 2.1574 -1.7146 3.15, 2.1027 -1.7146 3.3544, 2.0723 -1.7146 3.3188, 2.1284 -1.7146 3.3246, 2.0898 -1.7146 3.298, 2.1018 -1.7146 3.273, 1.7781 -1.7146 3.2268, 1.7272 -1.7146 3.2138, 1.7758 -1.7146 3.208, 1.727 -1.7146 3.2064, 1.7768 -1.7146 3.1959, 1.7308 -1.7146 3.1761, 1.7823 -1.7146 3.177, 1.7419 -1.7146 3.1472, 1.7915 -1.7146 3.1614, 1.7595 -1.7146 3.122, 1.7837 -1.7146 3.1014, 1.959 -1.7146 3.3899, 1.9696 -1.7146 3.3445, 1.9973 -1.7146 3.3947, 1.9981 -1.7146 3.3482, 2.0294 -1.7146 3.3913, 2.0244 -1.7146 3.3449, 2.0683 -1.7146 3.3775, 2.0487 -1.7146 3.3356, 2.0705 -1.7146 3.3205, 1.7933 -1.7146 3.317, 1.7686 -1.7146 3.2997, 1.7955 -1.7146 3.2595, 1.7634 -1.7146 3.2947, 1.7848 -1.7146 3.244, 1.7448 -1.7146 3.2708, 1.7324 -1.7146 3.243, 2.0787 -1.7146 3.1312, 2.06 -1.7146 3.0914, 2.0618 -1.7146 3.0896, 2.081 -1.7146 3.1307, 2.0669 -1.7146 3.086, 2.0539 -1.7146 3.1073, 2.0546 -1.7146 3.1015, 2.0567 -1.7146 3.0963, 2.0719 -1.7146 3.1305, 2.0666 -1.7146 3.1284, 2.0541 -1.7146 3.1103, 2.0618 -1.7146 3.1251, 2.0586 -1.7146 3.1215, 2.0556 -1.7146 3.1162, 2.0779 -1.7146 3.1313, 2.1975 -1.7106 3.2556, 2.2082 -1.7106 3.2407, 2.215 -1.7106 3.2236, 2.2176 -1.7106 3.217, 2.2212 -1.7106 3.1917, 2.1924 -1.7106 3.2627, 2.1713 -1.7106 3.2805, 2.1483 -1.7106 3.2919, 2.1445 -1.7106 3.2932, 2.1284 -1.7106 3.3246, 2.1027 -1.7106 3.3544, 2.0849 -1.7106 3.3663, 2.0683 -1.7106 3.3775, 2.0294 -1.7106 3.3913, 1.9973 -1.7106 3.3947, 1.959 -1.7106 3.3899, 1.9233 -1.7106 3.3762, 1.9075 -1.7106 3.3663, 1.9044 -1.7106 3.3645, 1.8862 -1.7106 3.3489, 1.8703 -1.7106 3.3304, 1.8614 -1.7106 3.3314, 1.8525 -1.7106 3.3319, 1.822 -1.7106 3.3281, 1.7933 -1.7106 3.317, 1.7686 -1.7106 3.2997, 1.7634 -1.7106 3.2947, 1.729 -1.7106 3.2236, 1.7324 -1.7106 3.243, 1.738 -1.7106 3.2556, 1.7448 -1.7106 3.2708, 1.7272 -1.7106 3.2138, 1.727 -1.7106 3.2064, 1.7308 -1.7106 3.1761, 1.7419 -1.7106 3.1472, 1.7595 -1.7106 3.122, 1.7837 -1.7106 3.1014, 1.8117 -1.7106 3.0878, 1.8215 -1.7106 3.0848, 1.8225 -1.7106 3.0827, 1.8293 -1.7106 3.0682, 1.8408 -1.7106 3.054, 1.856 -1.7106 3.0425, 1.8631 -1.7106 3.0396, 1.8739 -1.7106 3.035, 1.8922 -1.7106 3.0322, 1.8951 -1.7106 3.0322, 1.9726 -1.7106 3.1096, 1.9139 -1.7106 3.0345, 1.9272 -1.7106 3.0396, 1.9312 -1.7106 3.0411, 1.9466 -1.7106 3.0519, 1.9584 -1.7106 3.0651, 1.9676 -1.7106 3.0823, 1.9677 -1.7106 3.0827, 1.9721 -1.7106 3.1014, 1.9726 -1.7106 3.1174, 2.081 -1.7106 3.1747, 2.057 -1.7106 3.2157, 1.9532 -1.7106 3.1615, 1.9396 -1.7106 3.1739, 1.9232 -1.7106 3.1827, 1.9045 -1.7106 3.1873, 1.8951 -1.7106 3.1878, 1.8766 -1.7106 3.1856, 1.8595 -1.7106 3.179, 1.8436 -1.7106 3.168, 1.8308 -1.7106 3.1533, 1.8223 -1.7106 3.1367, 1.8054 -1.7106 3.1471, 1.7915 -1.7106 3.1614, 1.7823 -1.7106 3.177, 1.7768 -1.7106 3.1959, 1.7758 -1.7106 3.208, 1.7777 -1.7106 3.2236, 1.7781 -1.7106 3.2268, 1.7848 -1.7106 3.244, 1.7928 -1.7106 3.2556, 1.7955 -1.7106 3.2595, 1.8087 -1.7106 3.2713, 1.826 -1.7106 3.2805, 1.8451 -1.7106 3.285, 1.8533 -1.7106 3.2854, 1.8716 -1.7106 3.2832, 1.8889 -1.7106 3.2768, 1.8943 -1.7106 3.2738, 1.9062 -1.7106 3.2983, 1.9236 -1.7106 3.3191, 1.9443 -1.7106 3.3342, 1.9696 -1.7106 3.3445, 1.9981 -1.7106 3.3482, 2.0244 -1.7106 3.3449, 2.0487 -1.7106 3.3356, 2.0705 -1.7106 3.3205, 2.0723 -1.7106 3.3188, 2.0898 -1.7106 3.298, 2.1018 -1.7106 3.273, 2.1056 -1.7106 3.2556, 2.1066 -1.7106 3.2514, 2.1128 -1.7106 3.2514, 2.1275 -1.7106 3.2495, 2.141 -1.7106 3.2443, 2.1531 -1.7106 3.2359, 2.1619 -1.7106 3.2261, 2.1632 -1.7106 3.2236, 2.1691 -1.7106 3.2127, 2.1728 -1.7106 3.1978, 2.1732 -1.7106 3.1909, 2.1713 -1.7106 3.1758, 2.166 -1.7106 3.162, 2.1574 -1.7106 3.15, 2.1565 -1.7106 3.1489, 2.145 -1.7106 3.1396, 2.1314 -1.7106 3.1332, 2.1174 -1.7106 3.1305, 2.0826 -1.7106 3.1305, 2.081 -1.7106 3.1307, 2.0787 -1.7106 3.1312, 2.0779 -1.7106 3.1313, 2.0719 -1.7106 3.1305, 2.0666 -1.7106 3.1284, 2.0618 -1.7106 3.1251, 2.0586 -1.7106 3.1215, 2.0556 -1.7106 3.1162, 2.0541 -1.7106 3.1103, 2.0539 -1.7106 3.1073, 2.0546 -1.7106 3.1015, 2.0567 -1.7106 3.0963, 2.06 -1.7106 3.0914, 2.0618 -1.7106 3.0896, 2.0669 -1.7106 3.086, 2.072 -1.7106 3.084, 2.0764 -1.7106 3.0833, 2.1221 -1.7106 3.0833, 2.1479 -1.7106 3.0887, 2.1715 -1.7106 3.1003, 2.1925 -1.7106 3.1181, 2.2079 -1.7106 3.1396, 2.2177 -1.7106 3.1641, 1.8943 -1.7106 3.139, 1.9008 -1.7106 3.1383, 1.908 -1.7106 3.1358, 1.9142 -1.7106 3.1316, 1.9192 -1.7106 3.126, 1.9226 -1.7106 3.1196, 1.9243 -1.7106 3.1125, 1.9243 -1.7106 3.1054, 1.9225 -1.7106 3.0979, 1.9189 -1.7106 3.0913, 1.9147 -1.7106 3.0865, 1.9088 -1.7106 3.0823, 1.9021 -1.7106 3.0796, 1.8943 -1.7106 3.0786, 1.893 -1.7106 3.0787, 1.8861 -1.7106 3.0798, 1.8791 -1.7106 3.0828, 1.8731 -1.7106 3.0873, 1.8687 -1.7106 3.0928, 1.8656 -1.7106 3.0993, 1.8642 -1.7106 3.1066, 1.8646 -1.7106 3.1142, 1.8669 -1.7106 3.1215, 1.8709 -1.7106 3.1279, 1.8739 -1.7106 3.1311, 1.88 -1.7106 3.1354, 1.8868 -1.7106 3.1381
            ]
        }
        coordIndex [
            0,1,2,-1,3,4,5,-1,6,7,8,-1,9,10,11,-1,12,11,13,-1,13,11,14,-1,2,1,15,-1,16,17,18,-1,18,17,19,-1,18,19,20,-1,20,19,21,-1,20,21,5,-1,5,21,22,-1,5,22,3,-1,23,9,24,-1,24,9,11,-1,24,11,25,-1,25,11,12,-1,26,27,28,-1,28,27,29,-1,28,29,30,-1,30,29,31,-1,30,31,32,-1,32,31,33,-1,6,8,34,-1,34,8,35,-1,34,35,36,-1,36,35,37,-1,36,37,38,-1,1,39,15,-1,15,39,40,-1,15,40,41,-1,41,40,42,-1,41,42,6,-1,6,42,43,-1,6,43,7,-1,44,45,21,-1,21,45,46,-1,21,46,47,-1,47,46,48,-1,47,48,49,-1,49,48,50,-1,49,50,51,-1,51,50,52,-1,51,52,53,-1,53,52,54,-1,53,54,55,-1,55,54,56,-1,55,56,24,-1,24,56,57,-1,24,57,23,-1,58,59,19,-1,19,59,60,-1,19,60,21,-1,21,60,61,-1,21,61,44,-1,62,63,64,-1,64,63,65,-1,64,65,66,-1,66,65,67,-1,66,67,68,-1,68,67,69,-1,68,69,70,-1,70,69,71,-1,70,71,72,-1,10,73,11,-1,11,73,74,-1,11,74,75,-1,75,74,76,-1,75,76,77,-1,77,76,78,-1,77,78,79,-1,79,78,80,-1,79,80,81,-1,81,80,82,-1,81,82,83,-1,83,82,84,-1,83,84,85,-1,85,84,86,-1,85,86,87,-1,87,86,88,-1,87,88,89,-1,89,88,90,-1,89,90,19,-1,19,90,91,-1,19,91,58,-1,31,92,33,-1,33,92,93,-1,33,93,94,-1,94,93,95,-1,94,95,96,-1,96,95,97,-1,96,97,98,-1,98,97,99,-1,98,99,100,-1,100,99,101,-1,100,101,102,-1,102,101,103,-1,102,103,62,-1,62,103,104,-1,62,104,63,-1,105,106,107,-1,107,106,108,-1,107,108,28,-1,28,108,109,-1,28,109,26,-1,110,111,112,-1,112,111,113,-1,112,113,114,-1,114,113,115,-1,114,115,116,-1,116,115,117,-1,116,117,118,-1,118,117,119,-1,118,119,14,-1,14,119,120,-1,14,120,13,-1,38,37,121,-1,121,37,122,-1,121,122,123,-1,123,122,124,-1,123,124,125,-1,125,124,126,-1,125,126,127,-1,127,126,128,-1,127,128,105,-1,105,128,129,-1,105,129,106,-1,2,130,0,-1,0,130,131,-1,0,131,132,-1,132,131,133,-1,132,133,134,-1,134,133,135,-1,134,135,110,-1,110,135,136,-1,110,136,111,-1,137,138,139,-1,71,140,72,-1,72,140,137,-1,72,137,141,-1,141,137,139,-1,142,143,137,-1,137,143,144,-1,137,144,138,-1,145,146,147,-1,146,148,147,-1,147,148,149,-1,147,149,150,-1,142,137,147,-1,147,137,151,-1,147,151,145,-1,152,33,153,-1,153,33,94,-1,153,94,154,-1,154,94,96,-1,154,96,155,-1,155,96,98,-1,155,98,156,-1,152,157,33,-1,33,157,158,-1,33,158,32,-1,32,158,159,-1,32,159,30,-1,30,159,160,-1,30,160,28,-1,28,160,161,-1,28,161,107,-1,107,161,162,-1,107,162,105,-1,127,105,163,-1,163,105,162,-1,163,164,127,-1,127,164,165,-1,127,165,125,-1,125,165,166,-1,125,166,123,-1,123,166,167,-1,123,167,121,-1,121,167,168,-1,121,168,38,-1,38,168,36,-1,36,168,169,-1,36,169,170,-1,36,170,171,-1,36,171,34,-1,34,171,172,-1,34,172,6,-1,6,172,173,-1,6,173,41,-1,41,173,174,-1,41,174,15,-1,15,174,175,-1,15,175,2,-1,2,175,176,-1,2,176,130,-1,130,176,177,-1,130,177,131,-1,131,177,178,-1,131,178,133,-1,179,111,180,-1,180,111,136,-1,180,136,181,-1,181,136,135,-1,181,135,182,-1,182,135,133,-1,182,133,178,-1,179,183,111,-1,111,183,184,-1,111,184,113,-1,113,184,185,-1,113,185,115,-1,115,185,186,-1,115,186,117,-1,117,186,187,-1,117,187,119,-1,119,187,188,-1,119,188,120,-1,120,188,189,-1,120,189,13,-1,13,189,190,-1,13,190,12,-1,12,190,191,-1,12,191,25,-1,191,192,25,-1,25,192,193,-1,25,193,24,-1,24,193,194,-1,24,194,55,-1,55,194,195,-1,55,195,53,-1,195,196,53,-1,53,196,197,-1,53,197,51,-1,51,197,198,-1,51,198,49,-1,199,20,5,-1,49,198,200,-1,201,21,200,-1,200,21,47,-1,200,47,49,-1,201,202,21,-1,21,202,203,-1,21,203,22,-1,22,203,204,-1,22,204,3,-1,3,204,205,-1,3,205,4,-1,4,205,206,-1,4,206,5,-1,5,206,207,-1,5,207,199,-1,18,20,208,-1,208,20,199,-1,16,18,209,-1,209,18,208,-1,17,16,210,-1,210,16,209,-1,19,17,211,-1,211,17,210,-1,19,211,212,-1,19,212,89,-1,89,212,213,-1,89,213,87,-1,87,213,214,-1,87,214,85,-1,85,214,215,-1,85,215,83,-1,83,215,216,-1,83,216,81,-1,81,216,217,-1,81,217,79,-1,79,217,218,-1,79,218,77,-1,77,218,219,-1,77,219,75,-1,75,219,220,-1,75,220,11,-1,11,220,221,-1,11,221,14,-1,14,221,222,-1,14,222,118,-1,118,222,223,-1,118,223,116,-1,116,223,224,-1,116,224,114,-1,114,224,225,-1,114,225,112,-1,110,112,225,-1,225,226,110,-1,110,226,227,-1,110,227,228,-1,229,132,228,-1,228,132,134,-1,228,134,110,-1,229,230,132,-1,132,230,231,-1,132,231,0,-1,0,231,232,-1,0,232,1,-1,1,232,233,-1,1,233,39,-1,39,233,234,-1,39,234,40,-1,40,234,235,-1,40,235,42,-1,42,235,236,-1,42,236,43,-1,43,236,237,-1,43,237,7,-1,7,237,238,-1,7,238,8,-1,8,238,239,-1,8,239,35,-1,35,239,240,-1,35,240,37,-1,37,240,241,-1,37,241,122,-1,122,241,242,-1,122,242,124,-1,124,242,243,-1,124,243,126,-1,126,243,244,-1,126,244,128,-1,128,244,245,-1,128,245,129,-1,129,245,246,-1,129,246,106,-1,106,246,247,-1,106,247,108,-1,108,247,248,-1,108,248,109,-1,109,248,26,-1,26,248,249,-1,26,249,250,-1,27,26,251,-1,251,26,250,-1,27,251,252,-1,27,252,29,-1,29,252,253,-1,29,253,31,-1,31,253,254,-1,31,254,92,-1,92,254,255,-1,92,255,93,-1,93,255,256,-1,93,256,95,-1,256,257,95,-1,95,257,258,-1,95,258,97,-1,97,258,259,-1,97,259,99,-1,99,259,260,-1,99,260,101,-1,101,260,261,-1,101,261,103,-1,103,261,262,-1,103,262,104,-1,104,262,263,-1,104,263,63,-1,63,263,264,-1,63,264,65,-1,65,264,265,-1,65,265,67,-1,67,265,266,-1,67,266,69,-1,71,69,267,-1,267,69,266,-1,71,267,268,-1,71,268,140,-1,140,268,269,-1,140,269,137,-1,137,269,270,-1,137,270,151,-1,151,270,271,-1,151,271,145,-1,145,271,272,-1,145,272,146,-1,146,272,273,-1,146,273,148,-1,148,273,274,-1,148,274,149,-1,149,274,275,-1,149,275,150,-1,150,275,276,-1,150,276,147,-1,147,276,277,-1,147,277,142,-1,142,277,278,-1,142,278,143,-1,143,278,279,-1,143,279,144,-1,144,279,280,-1,144,280,138,-1,138,280,281,-1,138,281,139,-1,139,281,282,-1,139,282,141,-1,141,282,283,-1,141,283,72,-1,72,283,284,-1,72,284,70,-1,68,70,285,-1,285,70,284,-1,68,285,286,-1,68,286,66,-1,66,286,287,-1,66,287,64,-1,64,287,288,-1,64,288,62,-1,62,288,289,-1,62,289,102,-1,102,289,290,-1,102,290,100,-1,100,290,156,-1,100,156,98,-1,84,291,292,-1,84,292,86,-1,86,292,293,-1,86,293,88,-1,88,293,294,-1,88,294,90,-1,90,294,295,-1,90,295,91,-1,91,295,296,-1,91,296,58,-1,58,296,297,-1,58,297,59,-1,59,297,298,-1,59,298,60,-1,60,298,299,-1,60,299,61,-1,61,299,300,-1,61,300,44,-1,44,300,301,-1,44,301,45,-1,45,301,302,-1,45,302,46,-1,46,302,303,-1,46,303,48,-1,48,303,304,-1,48,304,50,-1,50,304,305,-1,50,305,52,-1,52,305,306,-1,52,306,54,-1,54,306,307,-1,54,307,56,-1,56,307,308,-1,56,308,57,-1,57,308,309,-1,57,309,23,-1,23,309,310,-1,23,310,9,-1,9,310,311,-1,9,311,10,-1,10,311,312,-1,10,312,73,-1,73,312,313,-1,73,313,74,-1,74,313,314,-1,74,314,76,-1,76,314,315,-1,76,315,78,-1,78,315,316,-1,78,316,80,-1,80,316,317,-1,80,317,82,-1,82,317,291,-1,82,291,84,-1,
        ]
    }
}
Shape{
    appearance Appearance {
        material  Material 	{
            diffuseColor 0.20784313725490197 0.20784313725490197 0.20784313725490197
            specularColor 0.01568627450980392 0.01568627450980392 0.01568627450980392
            ambientIntensity 0.298
            transparency 0.0
            shininess 0.5
        }
    }
    geometry IndexedFaceSet {
        ccw TRUE
        solid FALSE
        coord DEF co Coordinate {
            point [
                1.893 -1.7106 3.0787, 1.8739 -1.7106 3.1311, 1.8709 -1.7106 3.1279, 1.9021 -1.7106 3.0796, 1.9088 -1.7106 3.0823, 1.9008 -1.7106 3.1383, 1.8943 -1.7106 3.139, 1.8868 -1.7106 3.1381, 1.88 -1.7106 3.1354, 1.8656 -1.7106 3.0993, 1.8687 -1.7106 3.0928, 1.8731 -1.7106 3.0873, 1.8943 -1.7106 3.0786, 1.8669 -1.7106 3.1215, 1.8646 -1.7106 3.1142, 1.8642 -1.7106 3.1066, 1.8791 -1.7106 3.0828, 1.8861 -1.7106 3.0798, 1.9147 -1.7106 3.0865, 1.9189 -1.7106 3.0913, 1.9225 -1.7106 3.0979, 1.9243 -1.7106 3.1054, 1.9243 -1.7106 3.1125, 1.9226 -1.7106 3.1196, 1.9192 -1.7106 3.126, 1.9142 -1.7106 3.1316, 1.908 -1.7106 3.1358
            ]
        }
        coordIndex [
            0,1,2,-1,3,4,5,-1,6,7,0,-1,0,7,8,-1,0,8,1,-1,9,10,2,-1,2,10,11,-1,6,0,5,-1,5,0,12,-1,5,12,3,-1,13,14,2,-1,2,14,15,-1,2,15,9,-1,11,16,2,-1,2,16,17,-1,2,17,0,-1,4,18,5,-1,5,18,19,-1,5,19,20,-1,20,21,5,-1,5,21,22,-1,5,22,23,-1,23,24,5,-1,5,24,25,-1,5,25,26,-1,
        ]
    }
}
Shape{
    appearance Appearance {
        material  Material 	{
            diffuseColor 1.0 1.0 1.0
            specularColor 0.8784313725490196 0.8784313725490196 0.8784313725490196
            ambientIntensity 1.0
            transparency 0.0
            shininess 0.5
        }
    }
    geometry IndexedFaceSet {
        ccw TRUE
        solid FALSE
        coord DEF co Coordinate {
            point [
                2.5993 -1.7146 3.3514, 2.5882 -1.7146 3.3654, 2.5854 -1.7146 3.3529, 2.586 -1.7146 3.3654, 2.569 -1.7146 3.3529, 2.5549 -1.7146 3.3654, 2.569 -1.7146 3.2689, 2.5549 -1.7146 3.2565, 2.5848 -1.7146 3.2689, 2.5849 -1.7146 3.2565, 2.5976 -1.7146 3.2702, 2.6032 -1.7146 3.2587, 2.6072 -1.7146 3.2733, 2.6156 -1.7146 3.2635, 2.6145 -1.7146 3.2779, 2.6272 -1.7146 3.2717, 2.6172 -1.7146 3.2803, 2.6228 -1.7146 3.2874, 2.6346 -1.7146 3.2803, 2.6265 -1.7146 3.2956, 2.6402 -1.7146 3.2914, 2.6285 -1.7146 3.3058, 2.6431 -1.7146 3.304, 2.6288 -1.7146 3.312, 2.6436 -1.7146 3.3123, 2.6275 -1.7146 3.3241, 2.6418 -1.7146 3.3272, 2.6247 -1.7146 3.3325, 2.6378 -1.7146 3.3376, 2.6206 -1.7146 3.3388, 2.6311 -1.7146 3.3472, 2.6168 -1.7146 3.3426, 2.6272 -1.7146 3.351, 2.6088 -1.7146 3.348, 2.6175 -1.7146 3.3579, 2.6046 -1.7146 3.3631, 2.6272 -1.7106 3.2717, 2.6346 -1.7106 3.2803, 2.6402 -1.7106 3.2914, 2.6431 -1.7106 3.304, 2.6436 -1.7106 3.3123, 2.6418 -1.7106 3.3272, 2.6378 -1.7106 3.3376, 2.6311 -1.7106 3.3472, 2.6272 -1.7106 3.351, 2.6175 -1.7106 3.3579, 2.6048 -1.7106 3.363, 2.6046 -1.7106 3.3631, 2.5882 -1.7106 3.3654, 2.586 -1.7106 3.3654, 2.5549 -1.7106 3.3654, 2.5549 -1.7106 3.2565, 2.5849 -1.7106 3.2565, 2.6032 -1.7106 3.2587, 2.6048 -1.7106 3.2593, 2.6156 -1.7106 3.2635, 2.6168 -1.7106 3.3426, 2.6206 -1.7106 3.3388, 2.6247 -1.7106 3.3325, 2.6275 -1.7106 3.3241, 2.6288 -1.7106 3.312, 2.5854 -1.7106 3.3529, 2.5993 -1.7106 3.3514, 2.6088 -1.7106 3.348, 2.569 -1.7106 3.3529, 2.569 -1.7106 3.2689, 2.5848 -1.7106 3.2689, 2.6172 -1.7106 3.2803, 2.6145 -1.7106 3.2779, 2.6072 -1.7106 3.2733, 2.5976 -1.7106 3.2702, 2.6285 -1.7106 3.3058, 2.6265 -1.7106 3.2956, 2.6228 -1.7106 3.2874
            ]
        }
        coordIndex [
            0,1,2,-1,2,1,3,-1,2,3,4,-1,4,3,5,-1,4,5,6,-1,6,5,7,-1,6,7,8,-1,8,7,9,-1,8,9,10,-1,10,9,11,-1,10,11,12,-1,12,11,13,-1,12,13,14,-1,14,13,15,-1,14,15,16,-1,16,15,17,-1,17,15,18,-1,17,18,19,-1,19,18,20,-1,19,20,21,-1,21,20,22,-1,21,22,23,-1,23,22,24,-1,23,24,25,-1,25,24,26,-1,25,26,27,-1,27,26,28,-1,27,28,29,-1,29,28,30,-1,29,30,31,-1,31,30,32,-1,31,32,33,-1,33,32,34,-1,33,34,0,-1,0,34,35,-1,0,35,1,-1,15,36,37,-1,15,37,18,-1,18,37,38,-1,18,38,20,-1,20,38,39,-1,20,39,22,-1,22,39,40,-1,22,40,24,-1,24,40,41,-1,24,41,26,-1,26,41,42,-1,26,42,28,-1,28,42,43,-1,28,43,30,-1,30,43,44,-1,30,44,32,-1,32,44,45,-1,32,45,34,-1,34,45,46,-1,34,46,35,-1,46,47,35,-1,35,47,48,-1,35,48,1,-1,1,48,49,-1,1,49,3,-1,5,3,50,-1,50,3,49,-1,7,5,51,-1,51,5,50,-1,9,7,52,-1,52,7,51,-1,36,15,13,-1,9,52,53,-1,9,53,11,-1,11,53,54,-1,11,54,13,-1,13,54,55,-1,13,55,36,-1,31,56,57,-1,31,57,29,-1,29,57,58,-1,29,58,27,-1,27,58,59,-1,27,59,25,-1,25,59,60,-1,25,60,23,-1,2,61,62,-1,2,62,0,-1,0,62,63,-1,0,63,33,-1,33,63,56,-1,33,56,31,-1,2,4,61,-1,61,4,64,-1,4,6,64,-1,64,6,65,-1,6,8,65,-1,65,8,66,-1,16,67,68,-1,16,68,14,-1,14,68,69,-1,14,69,12,-1,12,69,70,-1,12,70,10,-1,10,70,66,-1,10,66,8,-1,23,60,71,-1,23,71,21,-1,21,71,72,-1,21,72,19,-1,19,72,73,-1,19,73,17,-1,17,73,67,-1,17,67,16,-1,
        ]
    }
}
Shape{
    appearance Appearance {
        material  Material 	{
            diffuseColor 0.20784313725490197 0.20784313725490197 0.20784313725490197
            specularColor 0.01568627450980392 0.01568627450980392 0.01568627450980392
            ambientIntensity 0.298
            transparency 0.0
            shininess 0.5
        }
    }
    geometry IndexedFaceSet {
        ccw TRUE
        solid FALSE
        coord DEF co Coordinate {
            point [
                2.569 -1.7106 3.3529, 2.569 -1.7106 3.2689, 2.5854 -1.7106 3.3529, 2.5848 -1.7106 3.2689, 2.5976 -1.7106 3.2702, 2.6072 -1.7106 3.2733, 2.6145 -1.7106 3.2779, 2.6172 -1.7106 3.2803, 2.6228 -1.7106 3.2874, 2.6265 -1.7106 3.2956, 2.6285 -1.7106 3.3058, 2.6288 -1.7106 3.312, 2.6275 -1.7106 3.3241, 2.6247 -1.7106 3.3325, 2.6206 -1.7106 3.3388, 2.6168 -1.7106 3.3426, 2.5993 -1.7106 3.3514, 2.6088 -1.7106 3.348
            ]
        }
        coordIndex [
            0,1,2,-1,2,1,3,-1,2,3,4,-1,4,5,2,-1,2,5,6,-1,2,6,7,-1,7,8,2,-1,2,8,9,-1,2,9,10,-1,10,11,2,-1,2,11,12,-1,2,12,13,-1,13,14,2,-1,2,14,15,-1,2,15,16,-1,16,15,17,-1,
        ]
    }
}
Shape{
    appearance Appearance {
        material  Material 	{
            diffuseColor 1.0 1.0 1.0
            specularColor 0.8784313725490196 0.8784313725490196 0.8784313725490196
            ambientIntensity 1.0
            transparency 0.0
            shininess 0.5
        }
    }
    geometry IndexedFaceSet {
        ccw TRUE
        solid FALSE
        coord DEF co Coordinate {
            point [
                2.4258 -1.7146 3.2672, 2.4258 -1.7106 3.2672, 2.4152 -1.7106 3.2684, 2.4152 -1.7146 3.2684, 2.4073 -1.7106 3.2714, 2.4073 -1.7146 3.2714, 2.4002 -1.7106 3.2763, 2.4002 -1.7146 3.2763, 2.3978 -1.7106 3.2787, 2.3978 -1.7146 3.2787, 2.3923 -1.7106 3.2863, 2.3923 -1.7146 3.2863, 2.3889 -1.7106 3.2952, 2.3889 -1.7146 3.2952, 2.3871 -1.7106 3.3085, 2.3871 -1.7146 3.3085, 2.3871 -1.7106 3.3097, 2.3871 -1.7146 3.3097, 2.3884 -1.7106 3.3224, 2.3884 -1.7146 3.3224, 2.3917 -1.7106 3.3324, 2.3917 -1.7146 3.3324, 2.3966 -1.7106 3.3403, 2.3966 -1.7146 3.3403, 2.3985 -1.7106 3.3425, 2.3985 -1.7146 3.3425, 2.4061 -1.7106 3.3487, 2.4061 -1.7146 3.3487, 2.4147 -1.7106 3.3526, 2.4147 -1.7146 3.3526, 2.4242 -1.7106 3.3544, 2.4242 -1.7146 3.3544, 2.4282 -1.7106 3.3546, 2.4282 -1.7146 3.3546, 2.4402 -1.7106 3.3533, 2.4402 -1.7146 3.3533, 2.4514 -1.7106 3.3494, 2.4514 -1.7146 3.3494, 2.4539 -1.7106 3.3481, 2.4539 -1.7146 3.3481, 2.4539 -1.7146 3.3628, 2.4539 -1.7106 3.3628, 2.4281 -1.7106 3.3673, 2.4281 -1.7146 3.3673, 2.4298 -1.7146 3.3673, 2.4438 -1.7106 3.3659, 2.4438 -1.7146 3.3659, 2.439 -1.7106 3.3663, 2.4298 -1.7106 3.3673, 2.4205 -1.7106 3.3663, 2.4125 -1.7146 3.3654, 2.4125 -1.7106 3.3654, 2.4011 -1.7106 3.361, 2.4011 -1.7146 3.361, 2.3905 -1.7106 3.3536, 2.3905 -1.7146 3.3536, 2.3881 -1.7106 3.3512, 2.3881 -1.7146 3.3512, 2.381 -1.7106 3.3422, 2.3772 -1.7106 3.3341, 2.3755 -1.7146 3.3303, 2.381 -1.7146 3.3422, 2.3755 -1.7106 3.3303, 2.3727 -1.7106 3.3164, 2.3727 -1.7146 3.3164, 2.3723 -1.7106 3.3089, 2.3723 -1.7146 3.3089, 2.3744 -1.7106 3.2914, 2.3772 -1.7106 3.2842, 2.3788 -1.7146 3.2799, 2.3744 -1.7146 3.2914, 2.3788 -1.7106 3.2799, 2.3853 -1.7106 3.2706, 2.3853 -1.7146 3.2706, 2.3863 -1.7106 3.2695, 2.3863 -1.7146 3.2695, 2.4047 -1.7106 3.2576, 2.3945 -1.7146 3.2626, 2.3945 -1.7106 3.2626, 2.414 -1.7106 3.2556, 2.4164 -1.7146 3.255, 2.4047 -1.7146 3.2576, 2.4164 -1.7106 3.255, 2.4237 -1.7106 3.2546, 2.4237 -1.7146 3.2546, 2.4404 -1.7146 3.2562, 2.4334 -1.7106 3.2556, 2.4404 -1.7106 3.2562, 2.452 -1.7106 3.2601, 2.452 -1.7146 3.2601, 2.4539 -1.7106 3.261, 2.4539 -1.7146 3.261, 2.4539 -1.7146 3.2745, 2.4539 -1.7106 3.2745, 2.4441 -1.7106 3.27, 2.4441 -1.7146 3.27, 2.432 -1.7106 3.2675, 2.432 -1.7146 3.2675, 2.8165 -1.7146 3.1258, 2.8121 -1.7146 3.1135, 2.8531 -1.7146 3.1258, 2.8574 -1.7146 3.1135, 2.8328 -1.7146 3.171, 2.8276 -1.7146 3.1926, 2.7861 -1.7146 3.0837, 2.8016 -1.7146 3.0837, 2.8338 -1.7146 3.1743, 2.8346 -1.7146 3.1787, 2.8426 -1.7146 3.1926, 2.8349 -1.7146 3.1787, 2.8358 -1.7146 3.1741, 2.8366 -1.7146 3.171, 2.8841 -1.7146 3.0837, 2.8685 -1.7146 3.0837, 2.8276 -1.7106 3.1926, 2.8426 -1.7106 3.1926, 2.7861 -1.7106 3.0837, 2.8016 -1.7106 3.0837, 2.8121 -1.7106 3.1135, 2.8574 -1.7106 3.1135, 2.8685 -1.7106 3.0837, 2.8841 -1.7106 3.0837, 2.8328 -1.7106 3.171, 2.8338 -1.7106 3.1743, 2.8346 -1.7106 3.1787, 2.8165 -1.7106 3.1258, 2.8531 -1.7106 3.1258, 2.8366 -1.7106 3.171, 2.8349 -1.7106 3.1787, 2.8358 -1.7106 3.1741
            ]
        }
        coordIndex [
            0,1,2,-1,0,2,3,-1,3,2,4,-1,3,4,5,-1,5,4,6,-1,5,6,7,-1,7,6,8,-1,7,8,9,-1,9,8,10,-1,9,10,11,-1,11,10,12,-1,11,12,13,-1,13,12,14,-1,13,14,15,-1,15,14,16,-1,15,16,17,-1,17,16,18,-1,17,18,19,-1,19,18,20,-1,19,20,21,-1,21,20,22,-1,21,22,23,-1,23,22,24,-1,23,24,25,-1,25,24,26,-1,25,26,27,-1,27,26,28,-1,27,28,29,-1,29,28,30,-1,29,30,31,-1,31,30,32,-1,31,32,33,-1,33,32,34,-1,33,34,35,-1,35,34,36,-1,35,36,37,-1,37,36,38,-1,37,38,39,-1,40,39,41,-1,41,39,38,-1,42,43,44,-1,40,41,45,-1,40,45,46,-1,46,45,47,-1,46,47,44,-1,44,47,48,-1,44,48,42,-1,43,42,49,-1,43,49,50,-1,49,51,50,-1,50,51,52,-1,50,52,53,-1,53,52,54,-1,53,54,55,-1,55,54,56,-1,55,56,57,-1,57,56,58,-1,59,60,58,-1,58,60,61,-1,58,61,57,-1,59,62,60,-1,60,62,63,-1,60,63,64,-1,64,63,65,-1,64,65,66,-1,66,65,67,-1,68,69,67,-1,67,69,70,-1,67,70,66,-1,68,71,69,-1,69,71,72,-1,69,72,73,-1,73,72,74,-1,73,74,75,-1,76,77,78,-1,78,77,75,-1,78,75,74,-1,79,80,76,-1,76,80,81,-1,76,81,77,-1,79,82,80,-1,80,82,83,-1,80,83,84,-1,84,83,85,-1,85,83,86,-1,86,87,85,-1,85,87,88,-1,85,88,89,-1,89,88,90,-1,89,90,91,-1,92,91,93,-1,93,91,90,-1,92,93,94,-1,92,94,95,-1,95,94,96,-1,95,96,97,-1,97,96,1,-1,97,1,0,-1,37,39,40,-1,27,29,50,-1,11,13,70,-1,19,21,61,-1,50,29,43,-1,37,40,35,-1,70,13,66,-1,61,21,57,-1,29,31,43,-1,43,31,33,-1,43,33,44,-1,44,33,35,-1,44,35,46,-1,46,35,40,-1,50,53,27,-1,27,53,55,-1,27,55,25,-1,25,55,57,-1,25,57,23,-1,23,57,21,-1,70,69,11,-1,11,69,73,-1,11,73,9,-1,9,73,75,-1,9,75,7,-1,7,75,77,-1,7,77,5,-1,5,77,81,-1,5,81,3,-1,3,81,80,-1,3,80,0,-1,0,80,84,-1,0,84,97,-1,97,84,85,-1,97,85,95,-1,95,85,89,-1,95,89,92,-1,92,89,91,-1,13,15,66,-1,66,15,17,-1,66,17,64,-1,64,17,19,-1,64,19,60,-1,60,19,61,-1,98,99,100,-1,100,99,101,-1,102,103,98,-1,98,103,104,-1,98,104,99,-1,99,104,105,-1,102,106,103,-1,103,106,107,-1,103,107,108,-1,108,107,109,-1,108,109,110,-1,110,111,108,-1,108,111,100,-1,108,100,112,-1,112,100,101,-1,112,101,113,-1,103,108,114,-1,114,108,115,-1,104,103,116,-1,116,103,114,-1,105,104,117,-1,117,104,116,-1,99,105,118,-1,118,105,117,-1,101,99,119,-1,119,99,118,-1,113,101,120,-1,120,101,119,-1,112,113,121,-1,121,113,120,-1,108,112,115,-1,115,112,121,-1,102,122,123,-1,102,123,106,-1,106,123,124,-1,106,124,107,-1,102,98,122,-1,122,98,125,-1,98,100,125,-1,125,100,126,-1,100,111,126,-1,126,111,127,-1,109,128,129,-1,109,129,110,-1,110,129,127,-1,110,127,111,-1,109,107,128,-1,128,107,124,-1,
        ]
    }
}
Shape{
    appearance Appearance {
        material  Material 	{
            diffuseColor 0.20784313725490197 0.20784313725490197 0.20784313725490197
            specularColor 0.01568627450980392 0.01568627450980392 0.01568627450980392
            ambientIntensity 0.298
            transparency 0.0
            shininess 0.5
        }
    }
    geometry IndexedFaceSet {
        ccw TRUE
        solid FALSE
        coord DEF co Coordinate {
            point [
                2.8349 -1.7106 3.1787, 2.8346 -1.7106 3.1787, 2.8358 -1.7106 3.1741, 2.8338 -1.7106 3.1743, 2.8366 -1.7106 3.171, 2.8328 -1.7106 3.171, 2.8531 -1.7106 3.1258, 2.8165 -1.7106 3.1258
            ]
        }
        coordIndex [
            0,1,2,-1,2,1,3,-1,2,3,4,-1,4,3,5,-1,4,5,6,-1,6,5,7,-1,
        ]
    }
}
Shape{
    appearance Appearance {
        material  Material 	{
            diffuseColor 1.0 1.0 1.0
            specularColor 0.8784313725490196 0.8784313725490196 0.8784313725490196
            ambientIntensity 1.0
            transparency 0.0
            shininess 0.5
        }
    }
    geometry IndexedFaceSet {
        ccw TRUE
        solid FALSE
        coord DEF co Coordinate {
            point [
                2.6262 -1.7106 3.0961, 2.6262 -1.7146 3.0961, 2.6466 -1.7106 3.0961, 2.6707 -1.7146 3.0961, 2.6707 -1.7106 3.0961, 2.6262 -1.7146 3.1327, 2.6262 -1.7106 3.1327, 2.6652 -1.7106 3.1327, 2.6652 -1.7146 3.1327, 2.6466 -1.7106 3.1327, 2.6652 -1.7146 3.1452, 2.6652 -1.7106 3.1452, 2.6262 -1.7106 3.1452, 2.6262 -1.7146 3.1452, 2.6466 -1.7106 3.1452, 2.6262 -1.7146 3.1801, 2.6262 -1.7106 3.1801, 2.6683 -1.7106 3.1801, 2.6683 -1.7146 3.1801, 2.6466 -1.7106 3.1801, 2.6683 -1.7146 3.1926, 2.6683 -1.7106 3.1926, 2.6121 -1.7106 3.1926, 2.6121 -1.7146 3.1926, 2.6466 -1.7106 3.1926, 2.6121 -1.7146 3.0837, 2.6121 -1.7106 3.0837, 2.6707 -1.7106 3.0837, 2.6707 -1.7146 3.0837, 2.6466 -1.7106 3.0837, 2.3245 -1.7146 3.0961, 2.369 -1.7146 3.0961, 2.3245 -1.7106 3.0961, 2.369 -1.7106 3.0961, 2.3245 -1.7146 3.1327, 2.3245 -1.7106 3.1327, 2.3635 -1.7146 3.1327, 2.3635 -1.7106 3.1327, 2.3635 -1.7146 3.1452, 2.3635 -1.7106 3.1452, 2.3245 -1.7146 3.1452, 2.3245 -1.7106 3.1452, 2.3245 -1.7146 3.1801, 2.3245 -1.7106 3.1801, 2.3665 -1.7146 3.1801, 2.3665 -1.7106 3.1801, 2.3665 -1.7146 3.1926, 2.3665 -1.7106 3.1926, 2.3104 -1.7146 3.1926, 2.3104 -1.7106 3.1926, 2.3104 -1.7146 3.0837, 2.3104 -1.7106 3.0837, 2.369 -1.7146 3.0837, 2.369 -1.7106 3.0837, 2.6801 -1.7146 3.2986, 2.6756 -1.7146 3.2863, 2.7167 -1.7146 3.2986, 2.721 -1.7146 3.2863, 2.6964 -1.7146 3.3439, 2.6911 -1.7146 3.3654, 2.6496 -1.7146 3.2565, 2.6652 -1.7146 3.2565, 2.6973 -1.7146 3.3471, 2.6982 -1.7146 3.3515, 2.7062 -1.7146 3.3654, 2.6985 -1.7146 3.3515, 2.6994 -1.7146 3.3469, 2.7002 -1.7146 3.3439, 2.7477 -1.7146 3.2565, 2.7321 -1.7146 3.2565, 2.6911 -1.7106 3.3654, 2.7062 -1.7106 3.3654, 2.6496 -1.7106 3.2565, 2.681 -1.7106 3.3389, 2.6652 -1.7106 3.2565, 2.6756 -1.7106 3.2863, 2.721 -1.7106 3.2863, 2.681 -1.7106 3.2863, 2.7321 -1.7106 3.2565, 2.7477 -1.7106 3.2565, 2.6964 -1.7106 3.3439, 2.6973 -1.7106 3.3471, 2.6982 -1.7106 3.3515, 2.6801 -1.7106 3.2986, 2.7167 -1.7106 3.2986, 2.7002 -1.7106 3.3439, 2.6985 -1.7106 3.3515, 2.6994 -1.7106 3.3469
            ]
        }
        coordIndex [
            0,1,2,-1,2,1,3,-1,2,3,4,-1,5,1,6,-1,6,1,0,-1,7,8,9,-1,9,8,5,-1,9,5,6,-1,10,8,11,-1,11,8,7,-1,12,13,14,-1,14,13,10,-1,14,10,11,-1,15,13,16,-1,16,13,12,-1,17,18,19,-1,19,18,15,-1,19,15,16,-1,20,18,21,-1,21,18,17,-1,22,23,24,-1,24,23,20,-1,24,20,21,-1,25,23,26,-1,26,23,22,-1,27,28,29,-1,29,28,25,-1,29,25,26,-1,3,28,4,-1,4,28,27,-1,25,28,3,-1,3,1,25,-1,25,1,5,-1,25,5,23,-1,18,20,15,-1,15,20,23,-1,15,23,13,-1,13,23,5,-1,13,5,10,-1,10,5,8,-1,30,31,32,-1,32,31,33,-1,34,30,35,-1,35,30,32,-1,36,34,37,-1,37,34,35,-1,38,36,39,-1,39,36,37,-1,40,38,41,-1,41,38,39,-1,42,40,43,-1,43,40,41,-1,44,42,45,-1,45,42,43,-1,46,44,47,-1,47,44,45,-1,48,46,49,-1,49,46,47,-1,50,48,51,-1,51,48,49,-1,52,50,53,-1,53,50,51,-1,31,52,33,-1,33,52,53,-1,50,52,31,-1,31,30,50,-1,50,30,34,-1,50,34,48,-1,44,46,42,-1,42,46,48,-1,42,48,40,-1,40,48,34,-1,40,34,38,-1,38,34,36,-1,54,55,56,-1,56,55,57,-1,58,59,54,-1,54,59,60,-1,54,60,55,-1,55,60,61,-1,58,62,59,-1,59,62,63,-1,59,63,64,-1,64,63,65,-1,64,65,66,-1,66,67,64,-1,64,67,56,-1,64,56,68,-1,68,56,57,-1,68,57,69,-1,59,64,70,-1,70,64,71,-1,72,60,73,-1,73,60,59,-1,73,59,70,-1,61,60,74,-1,74,60,72,-1,55,61,75,-1,75,61,74,-1,76,57,77,-1,77,57,55,-1,77,55,75,-1,69,57,78,-1,78,57,76,-1,68,69,79,-1,79,69,78,-1,64,68,71,-1,71,68,79,-1,58,80,81,-1,58,81,62,-1,62,81,82,-1,62,82,63,-1,58,54,80,-1,80,54,83,-1,54,56,83,-1,83,56,84,-1,56,67,84,-1,84,67,85,-1,65,86,87,-1,65,87,66,-1,66,87,85,-1,66,85,67,-1,65,63,86,-1,86,63,82,-1,
        ]
    }
}
Shape{
    appearance Appearance {
        material  Material 	{
            diffuseColor 0.20784313725490197 0.20784313725490197 0.20784313725490197
            specularColor 0.01568627450980392 0.01568627450980392 0.01568627450980392
            ambientIntensity 0.298
            transparency 0.0
            shininess 0.5
        }
    }
    geometry IndexedFaceSet {
        ccw TRUE
        solid FALSE
        coord DEF co Coordinate {
            point [
                2.6985 -1.7106 3.3515, 2.6982 -1.7106 3.3515, 2.6994 -1.7106 3.3469, 2.6973 -1.7106 3.3471, 2.7002 -1.7106 3.3439, 2.6964 -1.7106 3.3439, 2.7167 -1.7106 3.2986, 2.6801 -1.7106 3.2986
            ]
        }
        coordIndex [
            0,1,2,-1,2,1,3,-1,2,3,4,-1,4,3,5,-1,4,5,6,-1,6,5,7,-1,
        ]
    }
}
Shape{
    appearance Appearance {
        material  Material 	{
            diffuseColor 1.0 1.0 1.0
            specularColor 0.8784313725490196 0.8784313725490196 0.8784313725490196
            ambientIntensity 1.0
            transparency 0.0
            shininess 0.5
        }
    }
    geometry IndexedFaceSet {
        ccw TRUE
        solid FALSE
        coord DEF co Coordinate {
            point [
                2.4898 -1.7106 3.2689, 2.4898 -1.7146 3.2689, 2.5192 -1.7106 3.2689, 2.5343 -1.7146 3.2689, 2.5343 -1.7106 3.2689, 2.4898 -1.7146 3.3056, 2.4898 -1.7106 3.3056, 2.5287 -1.7146 3.3056, 2.5192 -1.7106 3.3056, 2.5287 -1.7106 3.3056, 2.5287 -1.7146 3.318, 2.5287 -1.7106 3.318, 2.4898 -1.7106 3.318, 2.4898 -1.7146 3.318, 2.5192 -1.7106 3.318, 2.4898 -1.7146 3.3529, 2.4898 -1.7106 3.3529, 2.5318 -1.7106 3.3529, 2.5318 -1.7146 3.3529, 2.5192 -1.7106 3.3529, 2.5318 -1.7146 3.3654, 2.5318 -1.7106 3.3654, 2.4757 -1.7106 3.3654, 2.4757 -1.7146 3.3654, 2.5192 -1.7106 3.3654, 2.4757 -1.7146 3.2565, 2.4757 -1.7106 3.2565, 2.5343 -1.7106 3.2565, 2.5343 -1.7146 3.2565, 2.5192 -1.7106 3.2565, 2.3245 -1.7146 3.2689, 2.3679 -1.7146 3.2689, 2.3245 -1.7106 3.2689, 2.3679 -1.7106 3.2689, 2.3245 -1.7146 3.3654, 2.3245 -1.7106 3.3654, 2.3104 -1.7146 3.3654, 2.3104 -1.7106 3.3654, 2.3104 -1.7146 3.2565, 2.3104 -1.7106 3.2565, 2.3679 -1.7146 3.2565, 2.3679 -1.7106 3.2565
            ]
        }
        coordIndex [
            0,1,2,-1,2,1,3,-1,2,3,4,-1,5,1,6,-1,6,1,0,-1,5,6,7,-1,7,6,8,-1,7,8,9,-1,10,7,11,-1,11,7,9,-1,12,13,14,-1,14,13,10,-1,14,10,11,-1,15,13,16,-1,16,13,12,-1,17,18,19,-1,19,18,15,-1,19,15,16,-1,20,18,21,-1,21,18,17,-1,22,23,24,-1,24,23,20,-1,24,20,21,-1,25,23,26,-1,26,23,22,-1,27,28,29,-1,29,28,25,-1,29,25,26,-1,3,28,4,-1,4,28,27,-1,25,28,3,-1,3,1,25,-1,25,1,5,-1,25,5,23,-1,18,20,15,-1,15,20,23,-1,15,23,13,-1,13,23,5,-1,13,5,10,-1,10,5,7,-1,30,31,32,-1,32,31,33,-1,34,30,35,-1,35,30,32,-1,36,34,37,-1,37,34,35,-1,38,36,39,-1,39,36,37,-1,40,38,41,-1,41,38,39,-1,31,40,33,-1,33,40,41,-1,34,36,30,-1,30,36,38,-1,30,38,31,-1,31,38,40,-1,
        ]
    }
}
Shape{
    appearance Appearance {
        material  Material 	{
            diffuseColor 0.20784313725490197 0.20784313725490197 0.20784313725490197
            specularColor 0.01568627450980392 0.01568627450980392 0.01568627450980392
            ambientIntensity 0.298
            transparency 0.0
            shininess 0.5
        }
    }
    geometry IndexedFaceSet {
        ccw TRUE
        solid FALSE
        coord DEF co Coordinate {
            point [
                -2.5433 0.6476 2.7559, -2.9961 0.6476 2.7559, -2.5433 0.6476 0.9843, -2.9961 0.6476 0.0787, -2.5433 0.6476 0.0787, -2.5433 -0.6437 2.7559, -2.9961 -0.6437 2.7559, -2.9961 -0.6437 0.0787, -2.5433 -0.6437 0.9843, -2.5433 -0.6437 0.0787, -2.5433 0.002 0.0787, -2.5433 0.502 0.9843, -2.5433 0.002 0.9843, 2.9961 -0.6437 2.7559, 2.9961 -0.6437 0.0787, 2.5433 -0.6437 2.7559, 2.7185 -0.6437 0.0787, 2.5433 -0.6437 0.9843, 2.5433 -0.6437 0.0787, 2.5433 0.6476 2.7559, 2.9961 0.6476 2.7559, 2.9961 0.6476 0.0787, 2.5433 0.6476 0.9843, 2.7185 0.6476 0.0787, 2.5433 0.6476 0.0787, 2.5433 0.002 0.9843, 2.5433 0.002 0.0787, 2.5433 0.502 0.9843
            ]
        }
        coordIndex [
            0,1,2,-1,2,1,3,-1,2,3,4,-1,0,5,1,-1,1,5,6,-1,6,5,7,-1,7,5,8,-1,7,8,9,-1,10,9,8,-1,2,4,11,-1,11,4,10,-1,11,10,12,-1,12,10,8,-1,13,14,15,-1,15,14,16,-1,15,16,17,-1,17,16,18,-1,15,19,13,-1,13,19,20,-1,20,19,21,-1,21,19,22,-1,21,22,23,-1,23,22,24,-1,17,18,25,-1,25,18,26,-1,25,26,27,-1,27,26,24,-1,27,24,22,-1,
        ]
    }
}