#VRML V2.0 utf8
# 3D model generated by easyeda2kicad.py (https://github.com/uPesy/easyeda2kicad.py)

Shape{
    appearance Appearance {
        material  Material 	{
            diffuseColor 0.2235294117647059 0.2235294117647059 0.2235294117647059
            specularColor 0.11372549019607843 0.11372549019607843 0.11372549019607843
            ambientIntensity 0.2235
            transparency 0.0
            shininess 0.5
        }
    }
    geometry IndexedFaceSet {
        ccw TRUE
        solid FALSE
        coord DEF co Coordinate {
            point [
                0.9646 -0.4359 0.374, 0.9646 -0.4002 0.374, 0.9538 -0.4002 0.4247, 0.9507 -0.3576 0.4392, 0.9507 -0.3588 0.4391, 0.9507 -0.3497 0.4391, 0.9646 -0.7485 0.374, 0.9646 -0.6838 0.374, 0.9538 -0.6838 0.4247, 0.9438 -0.299 0.4715, 0.9498 -0.2981 0.4435, 0.9408 -0.2946 0.486, 0.9507 -0.2946 0.4391, 0.9507 -0.2981 0.4394, 0.9507 -0.3063 0.4391, 0.9472 -0.3133 0.4557, 0.9498 -0.3133 0.4435, 0.9472 -0.3063 0.4557, 0.9498 -0.3063 0.4435, 0.9472 -0.3 0.4557, 0.9463 -0.3 0.4599, 0.9463 -0.3063 0.4599, 0.9438 -0.3063 0.4715, 0.9463 -0.3133 0.4599, 0.9438 -0.3133 0.4715, 0.9507 -0.3063 0.4394, 0.9507 -0.3181 0.4394, 0.9507 -0.3206 0.4391, 0.943 -0.3181 0.4757, 0.9363 -0.281 0.5068, 0.9363 -0.2946 0.5068, 0.9384 -0.2772 0.4969, 0.9384 -0.272 0.4969, 0.9408 0.7247 0.486, 0.9307 0.7146 0.5335, 0.9307 -0.2861 0.5332, 0.9307 -0.2946 0.5335, 0.9307 -0.2912 0.5332, 0.9326 -0.2946 0.5244, 0.9507 0.7346 0.4391, 0.9507 -0.2809 0.4394, 0.9507 -0.2911 0.4394, 0.943 -0.2911 0.4757, 0.943 -0.2397 0.4757, 0.943 -0.2448 0.4757, 0.9482 -0.262 0.4512, 0.949 -0.2639 0.4475, 0.9507 -0.2589 0.4394, 0.9496 -0.2665 0.4445, 0.9502 -0.2705 0.4417, 0.9443 -0.2649 0.4692, 0.945 -0.2627 0.4659, 0.944 -0.2665 0.4709, 0.9458 -0.2614 0.4624, 0.9467 -0.2609 0.458, 0.9473 -0.2611 0.4554, 0.9505 -0.2747 0.4401, 0.9507 -0.2536 0.4394, 0.943 -0.2806 0.4757, 0.9431 -0.2744 0.4749, 0.9435 -0.27 0.4732, 0.9538 -0.7377 0.4247, 0.9507 -0.6838 0.4391, 0.9507 -0.7346 0.4391, 0.9408 -0.6838 0.486, 0.9408 -0.7247 0.486, 0.9307 -0.6838 0.5335, 0.9307 -0.7146 0.5335, 0.93 -0.5524 0.5368, 0.929 -0.5403 0.5413, 0.9169 -0.6311 0.5983, 0.9281 -0.712 0.5458, 0.9242 -0.6838 0.564, 0.9169 -0.4359 0.5983, 0.9287 -0.5273 0.5429, 0.9289 -0.5164 0.5418, 0.9307 -0.3666 0.5335, 0.9307 -0.3769 0.5335, 0.9307 -0.3755 0.5334, 0.9309 -0.3719 0.5323, 0.932 -0.3719 0.5274, 0.9408 -0.3666 0.486, 0.9377 -0.3795 0.5006, 0.9375 -0.3754 0.5014, 0.9347 -0.3946 0.5143, 0.9372 -0.3719 0.5029, 0.9347 -0.3946 0.5146, 0.9384 -0.3885 0.4972, 0.938 -0.392 0.4989, 0.9408 -0.398 0.486, 0.9375 -0.3949 0.5013, 0.9325 -0.3913 0.5249, 0.933 -0.393 0.5223, 0.9337 -0.3942 0.519, 0.9381 -0.3719 0.4984, 0.9382 -0.3725 0.4981, 0.9374 -0.3953 0.5016, 0.9368 -0.3975 0.5047, 0.9365 -0.398 0.5061, 0.9319 -0.3726 0.5278, 0.9316 -0.3764 0.5291, 0.937 -0.3903 0.5036, 0.9374 -0.3879 0.5019, 0.9315 -0.3806 0.5296, 0.9315 -0.3823 0.5295, 0.9317 -0.3855 0.5288, 0.9369 -0.391 0.5043, 0.9357 -0.3941 0.5099, 0.9363 -0.3929 0.5069, 0.9376 -0.3852 0.5009, 0.9377 -0.3815 0.5005, 0.9385 -0.3765 0.4968, 0.9386 -0.3822 0.4963, 0.9385 -0.3845 0.4964, 0.9319 -0.3884 0.5275, 0.9324 -0.3907 0.5255, 0.9306 -0.3803 0.5338, 0.9169 -0.3666 0.5983, 0.9306 -0.3807 0.5338, 0.9169 -0.398 0.5983, 0.9307 -0.3838 0.5335, 0.9307 -0.398 0.5335, 0.931 -0.3893 0.532, 0.9307 -0.3853 0.5333, 0.9324 -0.3968 0.5253, 0.9317 -0.3943 0.5285, 0.9315 -0.393 0.5297, 0.9307 -0.4002 0.5335, 0.9333 -0.3986 0.5213, 0.933 -0.398 0.5227, 0.936 -0.399 0.5085, 0.9408 -0.4002 0.486, 0.9347 -0.3997 0.5144, 0.9342 -0.3996 0.5167, 0.9307 -0.3497 0.5335, 0.9307 -0.3454 0.5332, 0.9307 -0.3411 0.5335, 0.9316 -0.3454 0.529, 0.9408 -0.3411 0.486, 0.935 -0.3464 0.5133, 0.9341 -0.3464 0.5174, 0.9341 -0.3497 0.5174, 0.9316 -0.3497 0.529, 0.9341 -0.3597 0.5174, 0.9316 -0.3597 0.529, 0.935 -0.3597 0.5133, 0.9376 -0.3597 0.5011, 0.935 -0.3497 0.5133, 0.9376 -0.3497 0.5011, 0.9376 -0.3446 0.5011, 0.9384 -0.3446 0.4969, 0.9408 -0.3497 0.486, 0.9384 -0.3497 0.4969, 0.9384 -0.3645 0.4969, 0.9307 -0.3645 0.5332, 0.9307 -0.3497 0.5332, 0.9384 -0.3274 0.4969, 0.9384 -0.3376 0.4969, 0.9307 -0.327 0.5332, 0.9307 -0.3206 0.5335, 0.9307 -0.3376 0.5332, 0.9359 -0.3085 0.5087, 0.9367 -0.3104 0.505, 0.9408 -0.3063 0.486, 0.9318 -0.313 0.5284, 0.9321 -0.3113 0.5267, 0.9307 -0.3063 0.5335, 0.935 -0.3075 0.5129, 0.9374 -0.313 0.502, 0.9379 -0.3169 0.4992, 0.9408 -0.3206 0.486, 0.9382 -0.3206 0.4979, 0.9383 -0.3211 0.4976, 0.9309 -0.3208 0.5324, 0.9309 -0.3206 0.5324, 0.9313 -0.3164 0.5307, 0.9328 -0.3091 0.5235, 0.9336 -0.3078 0.5199, 0.9345 -0.3074 0.5155, 0.9384 -0.3053 0.4969, 0.9384 -0.3 0.4969, 0.9363 -0.2965 0.5068, 0.9506 -0.3837 0.4397, 0.9507 -0.3854 0.4391, 0.9507 -0.3797 0.4394, 0.9459 -0.3835 0.462, 0.9458 -0.3851 0.4622, 0.9474 -0.3876 0.4548, 0.9504 -0.382 0.4408, 0.9481 -0.3946 0.4516, 0.9478 -0.3933 0.4528, 0.9465 -0.3938 0.4591, 0.9476 -0.3914 0.4538, 0.9461 -0.3905 0.461, 0.9459 -0.3876 0.462, 0.9506 -0.3925 0.4398, 0.9504 -0.3941 0.4408, 0.9507 -0.398 0.4391, 0.9503 -0.3946 0.4413, 0.95 -0.3956 0.4427, 0.9498 -0.3797 0.4434, 0.9498 -0.3798 0.4434, 0.95 -0.3806 0.4423, 0.9487 -0.3961 0.4484, 0.9492 -0.3963 0.4463, 0.9496 -0.3961 0.4443, 0.9454 -0.3924 0.4642, 0.9456 -0.3938 0.4635, 0.9484 -0.3956 0.4501, 0.9475 -0.3674 0.4542, 0.9473 -0.368 0.4552, 0.9471 -0.3751 0.4561, 0.947 -0.3686 0.4565, 0.9463 -0.3755 0.4599, 0.9467 -0.3688 0.4583, 0.9472 -0.3797 0.4559, 0.9467 -0.3799 0.4579, 0.9464 -0.3804 0.4595, 0.9462 -0.3809 0.4604, 0.9451 -0.3889 0.4654, 0.945 -0.3846 0.4659, 0.9451 -0.3814 0.4655, 0.9477 -0.3667 0.4534, 0.9495 -0.3688 0.445, 0.9477 -0.3666 0.4534, 0.9497 -0.367 0.4439, 0.9497 -0.3666 0.4438, 0.9452 -0.3795 0.4649, 0.9454 -0.3781 0.464, 0.9457 -0.3672 0.4626, 0.946 -0.3816 0.4612, 0.9459 -0.3824 0.4617, 0.9463 -0.3686 0.4599, 0.946 -0.368 0.4614, 0.9459 -0.3763 0.4618, 0.9456 -0.3773 0.4632, 0.9507 -0.3856 0.439, 0.9538 -0.3666 0.4247, 0.9538 -0.398 0.4247, 0.9508 -0.388 0.4388, 0.9507 -0.3906 0.4391, 0.9507 -0.3907 0.4391, 0.9505 -0.3688 0.4403, 0.9507 -0.3751 0.4394, 0.9506 -0.3666 0.4396, 0.9507 -0.3666 0.4391, 0.9507 -0.3655 0.4392, 0.9507 -0.3647 0.4391, 0.9508 -0.3616 0.4388, 0.9538 -0.3497 0.4247, 0.9453 -0.3522 0.4647, 0.9462 -0.3522 0.4603, 0.9455 -0.3658 0.4638, 0.9453 -0.3647 0.4645, 0.9456 -0.3666 0.4631, 0.9496 -0.3511 0.4446, 0.9499 -0.3517 0.4432, 0.9501 -0.3526 0.442, 0.9451 -0.3622 0.4654, 0.945 -0.3584 0.4659, 0.9451 -0.3557 0.4657, 0.9483 -0.3525 0.4507, 0.9485 -0.3516 0.4495, 0.9488 -0.3511 0.4481, 0.9492 -0.3509 0.4464, 0.9504 -0.3539 0.4408, 0.9505 -0.3551 0.4401, 0.9458 -0.3589 0.4622, 0.9458 -0.3603 0.4621, 0.9466 -0.364 0.4587, 0.9459 -0.3615 0.4618, 0.946 -0.3626 0.4612, 0.9467 -0.3639 0.4581, 0.9468 -0.3637 0.4574, 0.947 -0.3634 0.4568, 0.9471 -0.363 0.4563, 0.9473 -0.3613 0.4553, 0.9459 -0.3558 0.4619, 0.9475 -0.3584 0.4541, 0.9461 -0.3532 0.4609, 0.9477 -0.3566 0.4534, 0.9481 -0.3536 0.4517, 0.9462 -0.3633 0.4606, 0.9463 -0.3637 0.4601, 0.9464 -0.3639 0.4594, 0.9499 -0.3641 0.4428, 0.9482 -0.3617 0.4508, 0.948 -0.3645 0.452, 0.95 -0.3611 0.4425, 0.95 -0.3609 0.4425, 0.9485 -0.3587 0.4495, 0.95 -0.3586 0.4428, 0.9493 -0.3557 0.446, 0.9491 -0.3557 0.4466, 0.9499 -0.3574 0.4432, 0.9498 -0.3569 0.4434, 0.9497 -0.3564 0.4439, 0.9496 -0.356 0.4445, 0.9495 -0.3558 0.4451, 0.949 -0.3559 0.4473, 0.9489 -0.3563 0.4479, 0.9487 -0.3569 0.4485, 0.9452 -0.3279 0.4653, 0.9452 -0.3231 0.4653, 0.943 -0.3063 0.4757, 0.943 -0.299 0.4757, 0.9493 -0.3364 0.4458, 0.9498 -0.3358 0.4437, 0.9498 -0.3357 0.4437, 0.9465 -0.3411 0.459, 0.9493 -0.3351 0.4458, 0.9496 -0.3355 0.4446, 0.9491 -0.3411 0.4468, 0.9452 -0.3485 0.4653, 0.9452 -0.3433 0.4653, 0.9507 -0.3383 0.4391, 0.9507 -0.3381 0.4395, 0.952 -0.3411 0.4331, 0.952 -0.341 0.4331, 0.9507 -0.3411 0.4391, 0.9517 -0.3401 0.4347, 0.9523 -0.3475 0.4316, 0.9532 -0.3475 0.4276, 0.9524 -0.3466 0.4313, 0.9524 -0.3449 0.4311, 0.9524 -0.3438 0.4312, 0.9531 -0.3411 0.428, 0.9532 -0.3427 0.4274, 0.9538 -0.3411 0.4247, 0.9533 -0.3445 0.4272, 0.9533 -0.3456 0.4272, 0.9523 -0.3428 0.4316, 0.9522 -0.3419 0.4322, 0.9515 -0.3351 0.4355, 0.9524 -0.3372 0.4315, 0.9538 -0.3206 0.4247, 0.9507 -0.3336 0.4391, 0.9528 -0.3389 0.4295, 0.9528 -0.3392 0.4292, 0.9531 -0.3408 0.4281, 0.9299 -0.5032 0.5372, 0.9307 -0.4975 0.5335, 0.9307 -0.4359 0.5335, 0.9315 -0.4914 0.5295, 0.9336 -0.4827 0.5196, 0.9408 -0.4532 0.486, 0.9408 -0.4359 0.486, 0.9396 -0.4555 0.4917, 0.938 -0.4609 0.499, 0.9367 -0.4681 0.5049, 0.9358 -0.4772 0.5091, 0.9359 -0.4759 0.5087, 0.9307 -0.5578 0.5335, 0.9308 -0.5589 0.5329, 0.9374 -0.6132 0.5017, 0.9357 -0.6068 0.5097, 0.9334 -0.5869 0.5208, 0.9331 -0.5765 0.522, 0.9319 -0.5651 0.5277, 0.9331 -0.5735 0.5219, 0.9332 -0.5705 0.5215, 0.9354 -0.6051 0.5113, 0.9342 -0.5967 0.5171, 0.9494 -0.6 0.4453, 0.948 -0.6082 0.4522, 0.9504 -0.5904 0.4408, 0.9462 -0.6142 0.4606, 0.9441 -0.618 0.4701, 0.942 -0.6192 0.4803, 0.9415 -0.6192 0.4827, 0.9408 -0.6186 0.486, 0.9394 -0.6174 0.4924, 0.9506 -0.5871 0.4398, 0.9507 -0.5867 0.4391, 0.9518 -0.5844 0.4342, 0.9528 -0.5805 0.4295, 0.9536 -0.5753 0.4257, 0.9538 -0.4359 0.4247, 0.9538 -0.5511 0.4247, 0.9541 -0.5693 0.4232, 0.9538 -0.5729 0.4247, 0.9541 -0.5556 0.423, 0.9543 -0.562 0.4223, 0.9543 -0.563 0.4223, 0.9507 -0.4359 0.4391, 0.9507 -0.5374 0.4391, 0.9508 -0.5374 0.4389, 0.952 -0.5405 0.4332, 0.9529 -0.5445 0.4288, 0.9537 -0.5498 0.4252, 0.9475 -0.5037 0.4543, 0.9474 -0.5019 0.455, 0.9442 -0.4988 0.4697, 0.9482 -0.4608 0.4509, 0.9495 -0.468 0.4449, 0.9452 -0.5423 0.4653, 0.9413 -0.507 0.4834, 0.9443 -0.5469 0.4694, 0.9437 -0.5525 0.4723, 0.9477 -0.5053 0.4532, 0.9467 -0.4556 0.458, 0.9426 -0.4676 0.4776, 0.9415 -0.4689 0.4825, 0.9408 -0.4708 0.486, 0.9408 -0.602 0.486, 0.9412 -0.4523 0.4838, 0.943 -0.4511 0.4754, 0.945 -0.4523 0.4662, 0.9473 -0.4998 0.4553, 0.9473 -0.4996 0.4552, 0.9473 -0.4988 0.4551, 0.9441 -0.6004 0.4705, 0.9452 -0.5973 0.4653, 0.9457 -0.5839 0.4626, 0.9462 -0.5926 0.4605, 0.9469 -0.5868 0.4571, 0.9439 -0.5742 0.4711, 0.9447 -0.5796 0.4675, 0.9419 -0.6026 0.4808, 0.9427 -0.6023 0.4768, 0.9435 -0.5684 0.4733, 0.9433 -0.562 0.4741, 0.9433 -0.5589 0.4739, 0.949 -0.508 0.4473, 0.9488 -0.5079 0.4483, 0.9483 -0.5357 0.4506, 0.9484 -0.5074 0.4502, 0.948 -0.5064 0.452, 0.946 -0.4728 0.4615, 0.9451 -0.4699 0.4655, 0.9441 -0.4681 0.4701, 0.9431 -0.4674 0.4751, 0.9506 -0.5019 0.4395, 0.9505 -0.5036 0.4402, 0.9503 -0.5053 0.4414, 0.9501 -0.5059 0.442, 0.9498 -0.5071 0.4436, 0.9494 -0.5078 0.4453, 0.9494 -0.5358 0.4453, 0.9488 -0.5357 0.448, 0.9503 -0.476 0.4411, 0.9507 -0.4848 0.4393, 0.9507 -0.5004 0.4393, 0.9474 -0.4983 0.455, 0.9474 -0.4864 0.455, 0.9472 -0.4816 0.4559, 0.9467 -0.477 0.458, 0.946 -0.4731 0.4611, 0.9355 -0.4958 0.5107, 0.934 -0.5018 0.5177, 0.9372 -0.5623 0.5027, 0.9339 -0.5024 0.5182, 0.9328 -0.5098 0.5233, 0.9355 -0.5583 0.5109, 0.937 -0.5641 0.5037, 0.9366 -0.57 0.5058, 0.9389 -0.4837 0.4948, 0.9388 -0.488 0.4952, 0.9388 -0.4901 0.4952, 0.9373 -0.4917 0.5024, 0.9406 -0.4714 0.4869, 0.9398 -0.4749 0.4906, 0.9392 -0.4791 0.4932, 0.9367 -0.5856 0.5049, 0.9374 -0.5914 0.5018, 0.9364 -0.5791 0.5064, 0.9382 -0.5959 0.4979, 0.9393 -0.5996 0.4928, 0.934 -0.5524 0.5178, 0.9322 -0.518 0.5264, 0.9329 -0.5453 0.5228, 0.932 -0.527 0.5274, 0.9322 -0.5367 0.5262, 0.9364 -0.5763 0.5066, 0.9405 -0.6018 0.487, 0.9538 0.7377 0.4247, 0.9538 -0.2946 0.4247, 0.9538 -0.3063 0.4247, 0.9169 0.7008 0.5983, 0.9169 -0.2946 0.5983, 0.9169 -0.3063 0.5983, 0.9169 -0.3206 0.5983, 0.9169 -0.3411 0.5983, 0.9169 -0.3497 0.5983, 0.9646 0.7485 0.374, 0.9646 -0.2946 0.374, 0.9646 -0.3063 0.374, 0.9646 -0.3206 0.374, 0.9646 -0.3411 0.374, 0.9646 -0.3497 0.374, 0.9646 -0.3666 0.374, 0.9646 -0.398 0.374, 0.9507 -0.4002 0.4391, 0.9507 -0.4207 0.4394, 0.943 -0.4207 0.4757, 0.943 -0.4016 0.4757, 0.9438 -0.4016 0.4715, 0.9472 -0.4159 0.4557, 0.9498 -0.4159 0.4435, 0.9472 -0.4027 0.4557, 0.9498 -0.4008 0.4435, 0.9463 -0.4027 0.4599, 0.9438 -0.4159 0.4715, 0.9463 -0.4159 0.4599, 0.9507 -0.4008 0.4394, 0.9307 -0.4159 0.5332, 0.9376 -0.4159 0.5011, 0.9376 -0.4012 0.5011, 0.9384 -0.4012 0.4969, 0.9384 -0.4207 0.4969, 0.9307 -0.4207 0.5332, 0.9169 -0.4002 0.5983, 0.9051 0.689 0.6537, 0.9051 -0.2946 0.6537, 0.9051 -0.3063 0.6537, 0.9051 -0.3206 0.6537, 0.9051 -0.3411 0.6537, 0.9051 -0.3497 0.6537, 0.9051 -0.3666 0.6537, 0.9051 -0.398 0.6537, 0.9051 -0.4002 0.6537, 0.9051 -0.4359 0.6537, 0.9051 -0.5458 0.6537, 0.9486 -0.25 0.4493, 0.9486 -0.2346 0.4493, 0.9507 -0.2308 0.4394, 0.9507 -0.2255 0.4394, -0.9453 0.7677 0.374, -0.8307 0.7677 0.374, -0.8307 0.7593 0.3346, -0.8825 0.705 0.0787, -0.6693 0.7593 0.3346, 0.8825 0.705 0.0787, -0.1693 0.7593 0.3346, -0.1693 0.7677 0.374, 0.1693 0.7677 0.374, 0.1693 0.7593 0.3346, 0.3307 0.7593 0.3346, -0.3307 0.7593 0.3346, -0.3307 0.7677 0.374, -0.6693 0.7677 0.374, 0.8307 0.7677 0.374, 0.9453 0.7677 0.374, 0.8307 0.7593 0.3346, 0.6693 0.7593 0.3346, 0.6693 0.7677 0.374, 0.3307 0.7677 0.374, -0.8307 0.7593 0.4134, -0.8859 0.7083 0.6537, -0.6693 0.7593 0.4134, -0.3307 0.7593 0.4134, 0.8307 0.7593 0.4134, 0.6693 0.7593 0.4134, 0.3307 0.7593 0.4134, 0.8859 0.7083 0.6537, 0.1693 0.7593 0.4134, -0.1693 0.7593 0.4134, 0.9453 -0.7677 0.374, 0.8307 -0.7677 0.374, 0.8307 -0.7593 0.3346, 0.6693 -0.7677 0.374, 0.3307 -0.7677 0.374, 0.6693 -0.7593 0.3346, 0.3307 -0.7593 0.3346, 0.8825 -0.705 0.0787, -0.8825 -0.705 0.0787, 0.1693 -0.7593 0.3346, 0.1693 -0.7677 0.374, -0.1693 -0.7677 0.374, -0.1693 -0.7593 0.3346, -0.3307 -0.7593 0.3346, -0.8307 -0.7677 0.374, -0.9453 -0.7677 0.374, -0.8307 -0.7593 0.3346, -0.6693 -0.7593 0.3346, -0.6693 -0.7677 0.374, -0.3307 -0.7677 0.374, -0.9088 -0.7312 0.5458, -0.8307 -0.7593 0.4134, -0.6693 -0.7593 0.4134, 0.9088 -0.7312 0.5458, -0.1693 -0.7593 0.4134, 0.1693 -0.7593 0.4134, 0.3307 -0.7593 0.4134, -0.3307 -0.7593 0.4134, 0.8307 -0.7593 0.4134, 0.6693 -0.7593 0.4134, 0.9018 -0.6857 0.0787, 0.9018 0.6857 0.0787, -0.9018 0.6857 0.0787, -0.9018 -0.6857 0.0787, -0.9646 0.7485 0.374, -0.9646 -0.7485 0.374, 0.9012 -0.6907 0.0787, 0.89 -0.7035 0.0787, 0.8876 -0.7043 0.0787, 0.9004 -0.6931 0.0787, 0.8993 -0.6954 0.0787, 0.8922 -0.7024 0.0787, 0.8876 0.7043 0.0787, 0.9004 0.6931 0.0787, 0.9012 0.6907 0.0787, 0.89 0.7035 0.0787, 0.8922 0.7024 0.0787, 0.8993 0.6954 0.0787, -0.8993 -0.6954 0.0787, -0.9004 -0.6931 0.0787, -0.8922 -0.7024 0.0787, -0.89 -0.7035 0.0787, -0.8876 -0.7043 0.0787, -0.9012 -0.6907 0.0787, -0.9012 0.6907 0.0787, -0.89 0.7035 0.0787, -0.8876 0.7043 0.0787, 0.8943 -0.701 0.0787, 0.8979 -0.6975 0.0787, 0.8962 -0.6994 0.0787, 0.8979 0.6975 0.0787, 0.8943 0.701 0.0787, 0.8962 0.6994 0.0787, -0.8979 -0.6975 0.0787, -0.8943 -0.701 0.0787, -0.8962 -0.6994 0.0787, -0.9004 0.6931 0.0787, -0.8993 0.6954 0.0787, -0.8922 0.7024 0.0787, -0.8979 0.6975 0.0787, -0.8943 0.701 0.0787, -0.8962 0.6994 0.0787, -0.9051 0.689 0.6537, -0.9051 -0.5458 0.6537, -0.9281 -0.712 0.5458, -0.8859 -0.5458 0.6693, -0.7247 -0.4376 0.6693, -0.7463 -0.4286 0.6693, -0.7648 -0.4144 0.6693, -0.7791 -0.3959 0.6693, -0.788 -0.3743 0.6693, -0.6383 -0.4144 0.6693, 0.8859 -0.5458 0.6693, -0.624 -0.3959 0.6693, -0.6151 -0.3743 0.6693, -0.6568 -0.4286 0.6693, -0.6784 -0.4376 0.6693, -0.7015 -0.4406 0.6693, -0.6383 -0.2878 0.6693, -0.624 -0.3064 0.6693, 0.8859 0.689 0.6693, -0.6151 -0.3279 0.6693, -0.612 -0.3511 0.6693, -0.791 -0.3511 0.6693, -0.788 -0.3279 0.6693, -0.8859 0.689 0.6693, -0.7791 -0.3064 0.6693, -0.7648 -0.2878 0.6693, -0.7463 -0.2736 0.6693, -0.7247 -0.2647 0.6693, -0.7015 -0.2616 0.6693, -0.6784 -0.2647 0.6693, -0.6568 -0.2736 0.6693
            ]
        }
        coordIndex [
            0,1,2,-1,3,4,5,-1,6,7,8,-1,9,10,11,-1,11,10,12,-1,12,10,13,-1,12,13,14,-1,15,16,17,-1,17,16,18,-1,17,18,19,-1,19,18,10,-1,19,10,20,-1,20,10,9,-1,20,9,21,-1,21,9,22,-1,21,22,23,-1,23,22,24,-1,13,25,14,-1,14,25,26,-1,14,26,27,-1,27,26,28,-1,29,30,31,-1,31,30,11,-1,31,11,32,-1,33,34,35,-1,35,34,36,-1,35,36,37,-1,37,36,38,-1,39,40,12,-1,12,40,41,-1,12,41,11,-1,11,41,42,-1,39,33,43,-1,35,32,33,-1,33,32,11,-1,33,11,43,-1,43,11,44,-1,45,46,47,-1,47,46,48,-1,47,48,49,-1,50,51,44,-1,50,44,52,-1,51,53,44,-1,44,53,54,-1,44,54,47,-1,47,54,55,-1,47,55,45,-1,49,56,47,-1,47,56,40,-1,47,40,57,-1,42,58,11,-1,11,58,59,-1,11,59,44,-1,44,59,60,-1,44,60,52,-1,6,8,61,-1,61,8,62,-1,61,62,63,-1,63,62,64,-1,63,64,65,-1,65,64,66,-1,65,66,67,-1,68,69,70,-1,71,67,72,-1,72,67,66,-1,72,66,70,-1,70,69,73,-1,73,69,74,-1,73,74,75,-1,76,77,78,-1,78,79,76,-1,76,79,80,-1,76,80,81,-1,82,83,84,-1,84,83,85,-1,84,85,86,-1,87,88,89,-1,89,88,90,-1,91,92,85,-1,85,92,93,-1,85,93,86,-1,85,94,81,-1,81,94,95,-1,90,96,89,-1,89,96,97,-1,89,97,98,-1,81,80,85,-1,85,80,99,-1,85,99,100,-1,84,101,102,-1,100,103,85,-1,85,103,104,-1,85,104,105,-1,101,84,106,-1,106,84,107,-1,106,107,108,-1,102,109,84,-1,84,109,110,-1,84,110,82,-1,95,111,81,-1,81,111,112,-1,81,112,89,-1,89,112,113,-1,89,113,87,-1,105,114,85,-1,85,114,115,-1,85,115,91,-1,116,117,118,-1,118,117,119,-1,118,119,120,-1,121,122,123,-1,124,125,121,-1,121,125,126,-1,121,126,122,-1,127,128,121,-1,121,128,129,-1,121,129,124,-1,98,130,131,-1,131,130,132,-1,131,132,127,-1,127,132,133,-1,127,133,128,-1,134,135,136,-1,136,135,137,-1,136,137,138,-1,139,138,140,-1,140,138,137,-1,140,137,141,-1,141,137,142,-1,141,142,143,-1,143,142,144,-1,145,146,147,-1,147,146,148,-1,147,148,139,-1,139,148,149,-1,139,149,138,-1,138,149,150,-1,138,150,151,-1,151,150,152,-1,151,152,81,-1,81,152,153,-1,81,153,76,-1,76,153,154,-1,76,154,134,-1,134,154,155,-1,134,155,135,-1,156,157,138,-1,158,159,136,-1,138,157,136,-1,136,157,160,-1,136,160,158,-1,161,162,163,-1,164,165,166,-1,161,163,167,-1,162,168,163,-1,163,168,169,-1,163,169,170,-1,170,169,171,-1,170,171,172,-1,158,173,159,-1,159,173,174,-1,159,174,166,-1,166,174,175,-1,166,175,164,-1,165,176,166,-1,166,176,177,-1,166,177,178,-1,179,163,180,-1,180,163,11,-1,180,11,181,-1,181,11,30,-1,38,36,179,-1,179,36,166,-1,179,166,163,-1,163,166,178,-1,163,178,167,-1,182,183,184,-1,185,186,187,-1,182,184,188,-1,189,190,191,-1,191,190,192,-1,191,192,193,-1,193,192,187,-1,193,187,194,-1,194,187,186,-1,195,196,197,-1,197,196,198,-1,197,198,199,-1,200,201,184,-1,184,201,202,-1,184,202,188,-1,203,89,204,-1,204,89,197,-1,204,197,205,-1,205,197,199,-1,206,89,207,-1,207,89,203,-1,207,203,191,-1,191,203,208,-1,191,208,189,-1,209,210,211,-1,211,210,212,-1,211,212,213,-1,213,212,214,-1,215,216,187,-1,187,216,217,-1,187,217,218,-1,206,219,89,-1,89,219,220,-1,89,220,221,-1,222,223,224,-1,224,223,225,-1,224,225,226,-1,227,228,229,-1,218,230,187,-1,187,230,231,-1,187,231,185,-1,214,232,213,-1,213,232,233,-1,213,233,234,-1,234,233,229,-1,234,229,235,-1,235,229,228,-1,183,236,237,-1,237,236,238,-1,236,239,238,-1,238,239,240,-1,238,240,197,-1,197,240,241,-1,197,241,195,-1,222,209,223,-1,223,209,211,-1,223,211,242,-1,242,211,243,-1,242,243,244,-1,244,243,245,-1,244,245,246,-1,246,245,247,-1,248,247,237,-1,237,247,245,-1,237,245,183,-1,183,245,243,-1,183,243,184,-1,248,237,4,-1,4,237,249,-1,4,249,5,-1,250,251,5,-1,252,253,81,-1,221,227,89,-1,89,227,229,-1,89,229,81,-1,81,229,254,-1,81,254,252,-1,255,256,5,-1,5,256,257,-1,253,258,81,-1,81,258,259,-1,81,259,151,-1,151,259,260,-1,151,260,250,-1,261,262,251,-1,251,262,263,-1,251,263,5,-1,5,263,264,-1,5,264,255,-1,257,265,5,-1,5,265,266,-1,5,266,3,-1,267,268,269,-1,269,268,270,-1,269,270,271,-1,269,272,267,-1,267,272,273,-1,267,273,274,-1,274,275,267,-1,267,275,276,-1,267,276,277,-1,277,276,278,-1,277,278,279,-1,279,278,280,-1,279,280,251,-1,251,280,281,-1,251,281,261,-1,282,283,271,-1,271,283,284,-1,271,284,269,-1,285,286,226,-1,226,286,287,-1,226,287,224,-1,285,288,286,-1,286,288,289,-1,286,289,290,-1,290,289,291,-1,290,292,293,-1,291,294,290,-1,290,294,295,-1,290,295,296,-1,296,297,290,-1,290,297,298,-1,290,298,292,-1,293,299,290,-1,290,299,300,-1,290,300,301,-1,302,303,170,-1,303,27,170,-1,170,27,28,-1,170,28,163,-1,163,28,304,-1,163,304,11,-1,11,304,305,-1,11,305,9,-1,306,307,308,-1,172,156,170,-1,170,156,138,-1,170,138,302,-1,302,138,309,-1,302,309,310,-1,310,309,306,-1,310,306,311,-1,311,306,308,-1,312,313,5,-1,250,5,151,-1,151,5,313,-1,151,313,138,-1,138,313,314,-1,138,314,309,-1,315,316,312,-1,317,318,319,-1,319,318,320,-1,319,320,315,-1,315,312,319,-1,319,312,5,-1,319,5,321,-1,321,5,249,-1,321,249,322,-1,321,323,319,-1,319,323,324,-1,319,324,325,-1,326,327,328,-1,328,327,329,-1,328,329,249,-1,249,329,330,-1,249,330,322,-1,325,331,319,-1,319,331,332,-1,319,332,317,-1,333,334,335,-1,333,335,336,-1,334,337,335,-1,335,337,338,-1,335,338,328,-1,328,338,339,-1,328,339,326,-1,340,341,342,-1,342,341,343,-1,342,343,344,-1,345,346,347,-1,347,346,342,-1,347,342,348,-1,348,342,349,-1,344,350,342,-1,342,350,351,-1,342,351,349,-1,68,70,352,-1,352,70,66,-1,352,66,353,-1,66,354,355,-1,66,356,353,-1,353,356,357,-1,353,357,358,-1,358,357,359,-1,358,359,360,-1,355,361,66,-1,66,361,362,-1,66,362,356,-1,363,364,62,-1,363,62,365,-1,364,366,62,-1,62,366,367,-1,62,367,64,-1,64,367,368,-1,368,369,64,-1,64,369,370,-1,64,370,66,-1,66,370,371,-1,66,371,354,-1,372,365,373,-1,373,365,62,-1,373,62,374,-1,374,62,8,-1,374,8,375,-1,375,8,376,-1,0,377,378,-1,7,379,8,-1,8,379,380,-1,8,380,376,-1,378,381,0,-1,0,381,382,-1,0,382,7,-1,7,382,383,-1,7,383,379,-1,384,385,377,-1,377,385,386,-1,377,386,387,-1,387,388,377,-1,377,388,389,-1,377,389,378,-1,390,391,392,-1,393,394,384,-1,395,396,397,-1,397,396,398,-1,390,392,399,-1,393,384,400,-1,401,402,396,-1,396,402,403,-1,396,403,404,-1,345,405,346,-1,346,405,406,-1,346,406,384,-1,384,406,407,-1,384,407,400,-1,391,408,392,-1,392,408,409,-1,392,409,410,-1,411,412,413,-1,413,412,414,-1,413,414,415,-1,416,404,417,-1,417,404,418,-1,417,418,413,-1,413,418,419,-1,413,419,411,-1,416,420,404,-1,404,420,421,-1,404,421,396,-1,396,421,422,-1,396,422,398,-1,423,424,425,-1,425,424,426,-1,425,426,392,-1,392,426,427,-1,392,427,399,-1,428,429,392,-1,392,429,430,-1,392,430,396,-1,396,430,431,-1,396,431,401,-1,432,433,385,-1,385,433,434,-1,385,434,435,-1,435,436,385,-1,385,436,437,-1,385,437,438,-1,438,437,423,-1,438,423,439,-1,439,423,425,-1,394,440,384,-1,384,440,441,-1,384,441,385,-1,385,441,442,-1,385,442,432,-1,410,443,392,-1,392,443,444,-1,392,444,445,-1,445,446,392,-1,392,446,447,-1,392,447,428,-1,448,449,450,-1,449,451,450,-1,450,451,452,-1,450,452,453,-1,403,450,404,-1,404,450,454,-1,404,454,455,-1,456,457,403,-1,403,457,458,-1,403,458,450,-1,450,458,459,-1,450,459,448,-1,460,461,403,-1,403,461,462,-1,403,462,456,-1,463,464,465,-1,465,464,466,-1,465,466,467,-1,453,452,468,-1,468,452,469,-1,468,469,470,-1,470,469,471,-1,470,471,472,-1,455,473,404,-1,404,473,465,-1,404,465,474,-1,474,465,467,-1,475,39,476,-1,476,39,12,-1,476,12,477,-1,477,12,14,-1,477,14,335,-1,335,14,27,-1,335,27,336,-1,336,27,303,-1,34,478,36,-1,36,478,479,-1,36,479,166,-1,166,479,480,-1,166,480,159,-1,159,480,481,-1,159,481,136,-1,136,481,482,-1,136,482,134,-1,134,482,483,-1,134,483,76,-1,76,483,117,-1,76,117,77,-1,77,117,116,-1,484,475,485,-1,485,475,476,-1,485,476,486,-1,486,476,477,-1,486,477,487,-1,487,477,335,-1,487,335,488,-1,488,335,328,-1,488,328,489,-1,489,328,249,-1,489,249,490,-1,490,249,237,-1,490,237,491,-1,491,237,238,-1,98,131,89,-1,89,131,492,-1,89,492,197,-1,197,492,2,-1,197,2,238,-1,238,2,1,-1,238,1,491,-1,0,2,377,-1,377,2,492,-1,377,492,384,-1,384,492,493,-1,384,493,346,-1,346,493,494,-1,346,494,131,-1,131,494,495,-1,131,495,496,-1,497,498,499,-1,499,498,500,-1,499,500,501,-1,502,503,496,-1,496,503,501,-1,496,501,131,-1,131,501,500,-1,131,500,492,-1,492,500,504,-1,492,504,493,-1,505,127,342,-1,505,506,127,-1,127,506,507,-1,127,507,131,-1,131,507,508,-1,131,508,346,-1,346,508,509,-1,346,509,342,-1,342,509,510,-1,342,510,505,-1,123,120,121,-1,121,120,119,-1,121,119,127,-1,127,119,511,-1,127,511,342,-1,342,511,73,-1,342,73,340,-1,340,73,75,-1,478,512,479,-1,479,512,513,-1,479,513,480,-1,480,513,514,-1,480,514,481,-1,481,514,515,-1,481,515,482,-1,482,515,516,-1,482,516,483,-1,483,516,517,-1,483,517,117,-1,117,517,518,-1,117,518,119,-1,119,518,519,-1,119,519,511,-1,511,519,520,-1,511,520,73,-1,73,520,521,-1,73,521,70,-1,70,521,522,-1,523,57,524,-1,524,57,40,-1,524,40,525,-1,525,40,39,-1,525,39,526,-1,526,39,43,-1,527,528,529,-1,527,529,530,-1,530,529,531,-1,530,531,532,-1,533,534,535,-1,536,537,532,-1,535,536,533,-1,533,536,532,-1,533,532,538,-1,538,532,531,-1,538,531,539,-1,539,531,540,-1,541,542,543,-1,543,542,532,-1,543,532,544,-1,544,532,537,-1,544,537,545,-1,545,537,546,-1,528,527,547,-1,547,527,548,-1,547,548,549,-1,550,539,540,-1,542,541,551,-1,545,546,552,-1,552,546,553,-1,542,551,554,-1,554,551,552,-1,554,552,548,-1,548,552,553,-1,548,553,555,-1,540,549,550,-1,550,549,548,-1,550,548,556,-1,556,548,555,-1,556,555,534,-1,534,555,535,-1,557,558,559,-1,560,561,562,-1,562,561,563,-1,557,559,564,-1,564,559,562,-1,564,562,565,-1,565,562,563,-1,565,563,566,-1,567,568,566,-1,566,568,569,-1,566,569,565,-1,565,569,570,-1,571,572,573,-1,573,572,565,-1,573,565,574,-1,574,565,570,-1,574,570,575,-1,575,570,576,-1,577,572,571,-1,571,578,577,-1,577,578,579,-1,577,579,580,-1,581,568,567,-1,582,583,580,-1,567,582,581,-1,581,582,580,-1,581,580,584,-1,584,580,579,-1,584,579,576,-1,576,579,575,-1,558,557,585,-1,585,557,580,-1,585,580,586,-1,586,580,583,-1,586,583,560,-1,560,583,561,-1,587,588,6,-1,6,588,484,-1,589,590,591,-1,591,590,592,-1,590,564,565,-1,587,564,588,-1,588,564,532,-1,532,564,530,-1,530,564,590,-1,530,590,589,-1,593,594,587,-1,587,594,595,-1,587,595,564,-1,593,596,594,-1,594,596,597,-1,594,597,598,-1,599,600,532,-1,532,600,601,-1,532,601,588,-1,599,602,600,-1,600,602,603,-1,600,603,604,-1,605,606,607,-1,607,606,608,-1,565,609,590,-1,590,609,608,-1,590,608,610,-1,610,608,606,-1,611,612,589,-1,589,612,613,-1,589,613,530,-1,598,597,614,-1,614,597,615,-1,614,615,616,-1,604,603,617,-1,617,603,618,-1,617,618,619,-1,605,607,620,-1,620,607,621,-1,620,621,622,-1,611,623,612,-1,612,623,624,-1,612,624,625,-1,625,624,626,-1,625,626,627,-1,627,626,628,-1,629,591,630,-1,630,591,592,-1,630,592,631,-1,632,633,634,-1,634,635,632,-1,632,635,636,-1,632,636,637,-1,638,639,640,-1,640,639,641,-1,638,642,639,-1,639,642,643,-1,639,643,632,-1,632,643,644,-1,632,644,633,-1,645,646,647,-1,647,646,648,-1,647,648,639,-1,639,648,649,-1,639,649,641,-1,637,650,632,-1,632,650,651,-1,632,651,652,-1,652,651,653,-1,653,654,652,-1,652,654,655,-1,652,655,656,-1,656,657,652,-1,652,657,658,-1,652,658,647,-1,647,658,659,-1,647,659,645,-1,
        ]
    }
}
Shape{
    appearance Appearance {
        material  Material 	{
            diffuseColor 0.0 0.0 0.0
            specularColor 0.0 0.0 0.0
            ambientIntensity 0.0
            transparency 0.0
            shininess 0.5
        }
    }
    geometry IndexedFaceSet {
        ccw TRUE
        solid FALSE
        coord DEF co Coordinate {
            point [
                -0.612 -0.3511 0.6689, -0.612 -0.3511 0.6693, -0.6151 -0.3279 0.6689, -0.6151 -0.3279 0.6693, -0.624 -0.3064 0.6689, -0.624 -0.3064 0.6693, -0.6383 -0.2878 0.6689, -0.6383 -0.2878 0.6693, -0.6568 -0.2736 0.6689, -0.6568 -0.2736 0.6693, -0.6784 -0.2647 0.6689, -0.6784 -0.2647 0.6693, -0.7015 -0.2616 0.6689, -0.7015 -0.2616 0.6693, -0.7247 -0.2647 0.6689, -0.7247 -0.2647 0.6693, -0.7463 -0.2736 0.6689, -0.7463 -0.2736 0.6693, -0.7648 -0.2878 0.6689, -0.7648 -0.2878 0.6693, -0.7791 -0.3064 0.6689, -0.7791 -0.3064 0.6693, -0.788 -0.3279 0.6689, -0.788 -0.3279 0.6693, -0.791 -0.3511 0.6689, -0.791 -0.3511 0.6693, -0.788 -0.3743 0.6689, -0.788 -0.3743 0.6693, -0.7791 -0.3959 0.6689, -0.7791 -0.3959 0.6693, -0.7648 -0.4144 0.6689, -0.7648 -0.4144 0.6693, -0.7463 -0.4286 0.6689, -0.7463 -0.4286 0.6693, -0.7247 -0.4376 0.6689, -0.7247 -0.4376 0.6693, -0.7015 -0.4406 0.6689, -0.7015 -0.4406 0.6693, -0.6784 -0.4376 0.6689, -0.6784 -0.4376 0.6693, -0.6568 -0.4286 0.6689, -0.6568 -0.4286 0.6693, -0.6383 -0.4144 0.6689, -0.6383 -0.4144 0.6693, -0.624 -0.3959 0.6689, -0.624 -0.3959 0.6693, -0.6151 -0.3743 0.6689, -0.6151 -0.3743 0.6693, -0.7015 -0.3511 0.6689
            ]
        }
        coordIndex [
            0,1,2,-1,2,1,3,-1,2,3,4,-1,4,3,5,-1,4,5,6,-1,6,5,7,-1,6,7,8,-1,8,7,9,-1,8,9,10,-1,10,9,11,-1,10,11,12,-1,12,11,13,-1,12,13,14,-1,14,13,15,-1,14,15,16,-1,16,15,17,-1,16,17,18,-1,18,17,19,-1,18,19,20,-1,20,19,21,-1,20,21,22,-1,22,21,23,-1,22,23,24,-1,24,23,25,-1,24,25,26,-1,26,25,27,-1,26,27,28,-1,28,27,29,-1,28,29,30,-1,30,29,31,-1,30,31,32,-1,32,31,33,-1,32,33,34,-1,34,33,35,-1,34,35,36,-1,36,35,37,-1,36,37,38,-1,38,37,39,-1,38,39,40,-1,40,39,41,-1,40,41,42,-1,42,41,43,-1,42,43,44,-1,44,43,45,-1,44,45,46,-1,46,45,47,-1,46,47,0,-1,0,47,1,-1,44,46,48,-1,48,46,0,-1,48,0,2,-1,38,40,48,-1,48,40,42,-1,48,42,44,-1,32,34,48,-1,48,34,36,-1,48,36,38,-1,26,28,48,-1,48,28,30,-1,48,30,32,-1,20,22,48,-1,48,22,24,-1,48,24,26,-1,14,16,48,-1,48,16,18,-1,48,18,20,-1,8,10,48,-1,48,10,12,-1,48,12,14,-1,2,4,48,-1,48,4,6,-1,48,6,8,-1,
        ]
    }
}
Shape{
    appearance Appearance {
        material  Material 	{
            diffuseColor 0.2235294117647059 0.2235294117647059 0.2235294117647059
            specularColor 0.11372549019607843 0.11372549019607843 0.11372549019607843
            ambientIntensity 0.2235
            transparency 0.0
            shininess 0.5
        }
    }
    geometry IndexedFaceSet {
        ccw TRUE
        solid FALSE
        coord DEF co Coordinate {
            point [
                -0.8859 -0.5565 0.6661, -0.9088 -0.7227 0.5582, 0.8859 -0.5565 0.6661, 0.9088 -0.7227 0.5582
            ]
        }
        coordIndex [
            0,1,2,-1,2,1,3,-1,
        ]
    }
}
Shape{
    appearance Appearance {
        material  Material 	{
            diffuseColor 1.0 1.0 1.0
            specularColor 0.5019607843137255 0.5019607843137255 0.5019607843137255
            ambientIntensity 1.0
            transparency 0.0
            shininess 0.5
        }
    }
    geometry IndexedFaceSet {
        ccw TRUE
        solid FALSE
        coord DEF co Coordinate {
            point [
                0.1693 -0.7593 0.4134, 0.1693 -0.7939 0.4134, 0.3307 -0.7593 0.4134, 0.3307 -0.7939 0.4134, 0.3307 -1.1811 0.0787, 0.3307 -0.9487 0.0787, 0.1693 -1.1811 0.0787, 0.1693 -0.9487 0.0787, 0.3307 -1.1811 0.0, 0.1693 -1.1811 0.0, 0.3307 -0.9487 0.0, 0.1693 -0.9487 0.0, 0.1693 -0.926 0.0027, 0.3307 -0.926 0.0027, 0.1693 -0.9046 0.0105, 0.3307 -0.9046 0.0105, 0.1693 -0.8855 0.023, 0.3307 -0.8855 0.023, 0.1693 -0.8698 0.0396, 0.3307 -0.8698 0.0396, 0.1693 -0.8584 0.0594, 0.3307 -0.8584 0.0594, 0.1693 -0.8518 0.0813, 0.3307 -0.8518 0.0813, 0.3307 -0.8094 0.3216, 0.1693 -0.8094 0.3216, 0.3307 -0.8084 0.3251, 0.1693 -0.8084 0.3251, 0.3307 -0.8066 0.3283, 0.1693 -0.8066 0.3283, 0.3307 -0.804 0.331, 0.1693 -0.804 0.331, 0.3307 -0.801 0.333, 0.1693 -0.801 0.333, 0.3307 -0.7976 0.3342, 0.1693 -0.7976 0.3342, 0.3307 -0.7939 0.3346, 0.1693 -0.7939 0.3346, 0.3307 -0.7593 0.3346, 0.1693 -0.7593 0.3346, 0.1693 -0.8157 0.4108, 0.3307 -0.8157 0.4108, 0.1693 -0.8363 0.4033, 0.3307 -0.8363 0.4033, 0.1693 -0.8547 0.3913, 0.3307 -0.8547 0.3913, 0.1693 -0.8697 0.3753, 0.3307 -0.8697 0.3753, 0.1693 -0.8807 0.3563, 0.3307 -0.8807 0.3563, 0.1693 -0.887 0.3353, 0.3307 -0.887 0.3353, 0.3307 -0.9293 0.095, 0.1693 -0.9293 0.095, 0.3307 -0.9307 0.0906, 0.1693 -0.9307 0.0906, 0.3307 -0.9329 0.0867, 0.1693 -0.9329 0.0867, 0.3307 -0.9361 0.0833, 0.1693 -0.9361 0.0833, 0.3307 -0.9399 0.0808, 0.1693 -0.9399 0.0808, 0.3307 -0.9442 0.0793, 0.1693 -0.9442 0.0793, 0.3307 -0.7677 0.374, 0.1693 -0.7677 0.374, 0.8307 -1.1811 0.0787, 0.8307 -0.9487 0.0787, 0.6693 -1.1811 0.0787, 0.6693 -0.9487 0.0787, 0.8307 -1.1811 0.0, 0.6693 -1.1811 0.0, 0.8307 -0.9487 0.0, 0.6693 -0.9487 0.0, 0.6693 -0.926 0.0027, 0.8307 -0.926 0.0027, 0.6693 -0.9046 0.0105, 0.8307 -0.9046 0.0105, 0.6693 -0.8855 0.023, 0.8307 -0.8855 0.023, 0.6693 -0.8698 0.0396, 0.8307 -0.8698 0.0396, 0.6693 -0.8584 0.0594, 0.8307 -0.8584 0.0594, 0.6693 -0.8518 0.0813, 0.8307 -0.8518 0.0813, 0.8307 -0.8094 0.3216, 0.6693 -0.8094 0.3216, 0.8307 -0.8084 0.3251, 0.6693 -0.8084 0.3251, 0.8307 -0.8066 0.3283, 0.6693 -0.8066 0.3283, 0.8307 -0.804 0.331, 0.6693 -0.804 0.331, 0.8307 -0.801 0.333, 0.6693 -0.801 0.333, 0.8307 -0.7976 0.3342, 0.6693 -0.7976 0.3342, 0.8307 -0.7939 0.3346, 0.6693 -0.7939 0.3346, 0.8307 -0.7593 0.3346, 0.6693 -0.7593 0.3346, 0.6693 -0.7593 0.4134, 0.6693 -0.7939 0.4134, 0.8307 -0.7593 0.4134, 0.8307 -0.7939 0.4134, 0.6693 -0.8157 0.4108, 0.8307 -0.8157 0.4108, 0.6693 -0.8363 0.4033, 0.8307 -0.8363 0.4033, 0.6693 -0.8547 0.3913, 0.8307 -0.8547 0.3913, 0.6693 -0.8697 0.3753, 0.8307 -0.8697 0.3753, 0.6693 -0.8807 0.3563, 0.8307 -0.8807 0.3563, 0.6693 -0.887 0.3353, 0.8307 -0.887 0.3353, 0.8307 -0.9293 0.095, 0.6693 -0.9293 0.095, 0.8307 -0.7677 0.374, 0.8307 -0.9442 0.0793, 0.8307 -0.9399 0.0808, 0.8307 -0.9361 0.0833, 0.8307 -0.9329 0.0867, 0.8307 -0.9307 0.0906, 0.6693 -0.9307 0.0906, 0.6693 -0.9329 0.0867, 0.6693 -0.9361 0.0833, 0.6693 -0.9399 0.0808, 0.6693 -0.9442 0.0793, 0.6693 -0.7677 0.374, -0.1693 -1.1811 0.0787, -0.1693 -0.9487 0.0787, -0.3307 -1.1811 0.0787, -0.3307 -0.9487 0.0787, -0.1693 -1.1811 0.0, -0.3307 -1.1811 0.0, -0.1693 -0.9487 0.0, -0.3307 -0.9487 0.0, -0.3307 -0.926 0.0027, -0.1693 -0.926 0.0027, -0.3307 -0.9046 0.0105, -0.1693 -0.9046 0.0105, -0.3307 -0.8855 0.023, -0.1693 -0.8855 0.023, -0.3307 -0.8698 0.0396, -0.1693 -0.8698 0.0396, -0.3307 -0.8584 0.0594, -0.1693 -0.8584 0.0594, -0.3307 -0.8518 0.0813, -0.1693 -0.8518 0.0813, -0.1693 -0.8094 0.3216, -0.3307 -0.8094 0.3216, -0.1693 -0.8084 0.3251, -0.3307 -0.8084 0.3251, -0.1693 -0.8066 0.3283, -0.3307 -0.8066 0.3283, -0.1693 -0.804 0.331, -0.3307 -0.804 0.331, -0.1693 -0.801 0.333, -0.3307 -0.801 0.333, -0.1693 -0.7976 0.3342, -0.3307 -0.7976 0.3342, -0.1693 -0.7939 0.3346, -0.3307 -0.7939 0.3346, -0.1693 -0.7593 0.3346, -0.3307 -0.7593 0.3346, -0.3307 -0.7593 0.4134, -0.3307 -0.7939 0.4134, -0.1693 -0.7593 0.4134, -0.1693 -0.7939 0.4134, -0.3307 -0.8157 0.4108, -0.1693 -0.8157 0.4108, -0.3307 -0.8363 0.4033, -0.1693 -0.8363 0.4033, -0.3307 -0.8547 0.3913, -0.1693 -0.8547 0.3913, -0.3307 -0.8697 0.3753, -0.1693 -0.8697 0.3753, -0.3307 -0.8807 0.3563, -0.1693 -0.8807 0.3563, -0.3307 -0.887 0.3353, -0.1693 -0.887 0.3353, -0.1693 -0.9293 0.095, -0.3307 -0.9293 0.095, -0.1693 -0.7677 0.374, -0.1693 -0.9442 0.0793, -0.1693 -0.9399 0.0808, -0.1693 -0.9361 0.0833, -0.1693 -0.9329 0.0867, -0.1693 -0.9307 0.0906, -0.3307 -0.9307 0.0906, -0.3307 -0.9329 0.0867, -0.3307 -0.9361 0.0833, -0.3307 -0.9399 0.0808, -0.3307 -0.9442 0.0793, -0.3307 -0.7677 0.374, -0.6693 -1.1811 0.0787, -0.6693 -0.9487 0.0787, -0.8307 -1.1811 0.0787, -0.8307 -0.9487 0.0787, -0.6693 -1.1811 0.0, -0.8307 -1.1811 0.0, -0.6693 -0.9487 0.0, -0.8307 -0.9487 0.0, -0.8307 -0.926 0.0027, -0.6693 -0.926 0.0027, -0.8307 -0.9046 0.0105, -0.6693 -0.9046 0.0105, -0.8307 -0.8855 0.023, -0.6693 -0.8855 0.023, -0.8307 -0.8698 0.0396, -0.6693 -0.8698 0.0396, -0.8307 -0.8584 0.0594, -0.6693 -0.8584 0.0594, -0.8307 -0.8518 0.0813, -0.6693 -0.8518 0.0813, -0.6693 -0.8094 0.3216, -0.8307 -0.8094 0.3216, -0.6693 -0.8084 0.3251, -0.8307 -0.8084 0.3251, -0.6693 -0.8066 0.3283, -0.8307 -0.8066 0.3283, -0.6693 -0.804 0.331, -0.8307 -0.804 0.331, -0.6693 -0.801 0.333, -0.8307 -0.801 0.333, -0.6693 -0.7976 0.3342, -0.8307 -0.7976 0.3342, -0.6693 -0.7939 0.3346, -0.8307 -0.7939 0.3346, -0.6693 -0.7593 0.3346, -0.8307 -0.7593 0.3346, -0.8307 -0.7593 0.4134, -0.8307 -0.7939 0.4134, -0.6693 -0.7593 0.4134, -0.6693 -0.7939 0.4134, -0.8307 -0.8157 0.4108, -0.6693 -0.8157 0.4108, -0.8307 -0.8363 0.4033, -0.6693 -0.8363 0.4033, -0.8307 -0.8547 0.3913, -0.6693 -0.8547 0.3913, -0.8307 -0.8697 0.3753, -0.6693 -0.8697 0.3753, -0.8307 -0.8807 0.3563, -0.6693 -0.8807 0.3563, -0.8307 -0.887 0.3353, -0.6693 -0.887 0.3353, -0.6693 -0.9293 0.095, -0.8307 -0.9293 0.095, -0.6693 -0.7677 0.374, -0.6693 -0.9442 0.0793, -0.6693 -0.9399 0.0808, -0.6693 -0.9361 0.0833, -0.6693 -0.9329 0.0867, -0.6693 -0.9307 0.0906, -0.8307 -0.9307 0.0906, -0.8307 -0.9329 0.0867, -0.8307 -0.9361 0.0833, -0.8307 -0.9399 0.0808, -0.8307 -0.9442 0.0793, -0.8307 -0.7677 0.374, 0.3307 0.9487 0.0787, 0.3307 1.1811 0.0787, 0.1693 0.9487 0.0787, 0.1693 1.1811 0.0787, 0.3307 1.1811 0.0, 0.1693 1.1811 0.0, 0.3307 0.9487 0.0, 0.1693 0.9487 0.0, 0.3307 0.8518 0.0813, 0.1693 0.8518 0.0813, 0.1693 0.8584 0.0594, 0.3307 0.8584 0.0594, 0.1693 0.8698 0.0396, 0.3307 0.8698 0.0396, 0.1693 0.8855 0.023, 0.3307 0.8855 0.023, 0.1693 0.9046 0.0105, 0.3307 0.9046 0.0105, 0.1693 0.926 0.0027, 0.3307 0.926 0.0027, 0.3307 0.8094 0.3216, 0.1693 0.8094 0.3216, 0.3307 0.7939 0.3346, 0.1693 0.7939 0.3346, 0.3307 0.7976 0.3342, 0.1693 0.7976 0.3342, 0.3307 0.801 0.333, 0.1693 0.801 0.333, 0.3307 0.804 0.331, 0.1693 0.804 0.331, 0.3307 0.8066 0.3283, 0.1693 0.8066 0.3283, 0.3307 0.8084 0.3251, 0.1693 0.8084 0.3251, 0.3307 0.7593 0.3346, 0.1693 0.7593 0.3346, 0.1693 0.7939 0.4134, 0.1693 0.7593 0.4134, 0.3307 0.7939 0.4134, 0.3307 0.7593 0.4134, 0.3307 0.887 0.3353, 0.1693 0.887 0.3353, 0.1693 0.8807 0.3563, 0.3307 0.8807 0.3563, 0.1693 0.8697 0.3753, 0.3307 0.8697 0.3753, 0.1693 0.8547 0.3913, 0.3307 0.8547 0.3913, 0.1693 0.8363 0.4033, 0.3307 0.8363 0.4033, 0.1693 0.8157 0.4108, 0.3307 0.8157 0.4108, 0.3307 0.9293 0.095, 0.1693 0.9293 0.095, 0.3307 0.7677 0.374, 0.3307 0.9442 0.0793, 0.3307 0.9399 0.0808, 0.3307 0.9361 0.0833, 0.3307 0.9329 0.0867, 0.3307 0.9307 0.0906, 0.1693 0.9442 0.0793, 0.1693 0.9399 0.0808, 0.1693 0.9361 0.0833, 0.1693 0.9329 0.0867, 0.1693 0.9307 0.0906, 0.1693 0.7677 0.374, 0.8307 0.9487 0.0787, 0.8307 1.1811 0.0787, 0.6693 0.9487 0.0787, 0.6693 1.1811 0.0787, 0.8307 1.1811 0.0, 0.6693 1.1811 0.0, 0.8307 0.9487 0.0, 0.6693 0.9487 0.0, 0.8307 0.8518 0.0813, 0.6693 0.8518 0.0813, 0.6693 0.8584 0.0594, 0.8307 0.8584 0.0594, 0.6693 0.8698 0.0396, 0.8307 0.8698 0.0396, 0.6693 0.8855 0.023, 0.8307 0.8855 0.023, 0.6693 0.9046 0.0105, 0.8307 0.9046 0.0105, 0.6693 0.926 0.0027, 0.8307 0.926 0.0027, 0.8307 0.8094 0.3216, 0.6693 0.8094 0.3216, 0.8307 0.7939 0.3346, 0.6693 0.7939 0.3346, 0.8307 0.7976 0.3342, 0.6693 0.7976 0.3342, 0.8307 0.801 0.333, 0.6693 0.801 0.333, 0.8307 0.804 0.331, 0.6693 0.804 0.331, 0.8307 0.8066 0.3283, 0.6693 0.8066 0.3283, 0.8307 0.8084 0.3251, 0.6693 0.8084 0.3251, 0.8307 0.7593 0.3346, 0.6693 0.7593 0.3346, 0.6693 0.7939 0.4134, 0.6693 0.7593 0.4134, 0.8307 0.7939 0.4134, 0.8307 0.7593 0.4134, 0.8307 0.887 0.3353, 0.6693 0.887 0.3353, 0.6693 0.8807 0.3563, 0.8307 0.8807 0.3563, 0.6693 0.8697 0.3753, 0.8307 0.8697 0.3753, 0.6693 0.8547 0.3913, 0.8307 0.8547 0.3913, 0.6693 0.8363 0.4033, 0.8307 0.8363 0.4033, 0.6693 0.8157 0.4108, 0.8307 0.8157 0.4108, 0.8307 0.9293 0.095, 0.6693 0.9293 0.095, 0.8307 0.7677 0.374, 0.8307 0.9442 0.0793, 0.8307 0.9399 0.0808, 0.8307 0.9361 0.0833, 0.8307 0.9329 0.0867, 0.8307 0.9307 0.0906, 0.6693 0.9442 0.0793, 0.6693 0.9399 0.0808, 0.6693 0.9361 0.0833, 0.6693 0.9329 0.0867, 0.6693 0.9307 0.0906, 0.6693 0.7677 0.374, -0.1693 0.9487 0.0787, -0.1693 1.1811 0.0787, -0.3307 0.9487 0.0787, -0.3307 1.1811 0.0787, -0.1693 1.1811 0.0, -0.3307 1.1811 0.0, -0.1693 0.9487 0.0, -0.3307 0.9487 0.0, -0.1693 0.8518 0.0813, -0.3307 0.8518 0.0813, -0.3307 0.8584 0.0594, -0.1693 0.8584 0.0594, -0.3307 0.8698 0.0396, -0.1693 0.8698 0.0396, -0.3307 0.8855 0.023, -0.1693 0.8855 0.023, -0.3307 0.9046 0.0105, -0.1693 0.9046 0.0105, -0.3307 0.926 0.0027, -0.1693 0.926 0.0027, -0.1693 0.8094 0.3216, -0.3307 0.8094 0.3216, -0.1693 0.7939 0.3346, -0.3307 0.7939 0.3346, -0.1693 0.7976 0.3342, -0.3307 0.7976 0.3342, -0.1693 0.801 0.333, -0.3307 0.801 0.333, -0.1693 0.804 0.331, -0.3307 0.804 0.331, -0.1693 0.8066 0.3283, -0.3307 0.8066 0.3283, -0.1693 0.8084 0.3251, -0.3307 0.8084 0.3251, -0.1693 0.7593 0.3346, -0.3307 0.7593 0.3346, -0.3307 0.7939 0.4134, -0.3307 0.7593 0.4134, -0.1693 0.7939 0.4134, -0.1693 0.7593 0.4134, -0.1693 0.887 0.3353, -0.3307 0.887 0.3353, -0.3307 0.8807 0.3563, -0.1693 0.8807 0.3563, -0.3307 0.8697 0.3753, -0.1693 0.8697 0.3753, -0.3307 0.8547 0.3913, -0.1693 0.8547 0.3913, -0.3307 0.8363 0.4033, -0.1693 0.8363 0.4033, -0.3307 0.8157 0.4108, -0.1693 0.8157 0.4108, -0.1693 0.9293 0.095, -0.3307 0.9293 0.095, -0.1693 0.7677 0.374, -0.1693 0.9442 0.0793, -0.1693 0.9399 0.0808, -0.1693 0.9361 0.0833, -0.1693 0.9329 0.0867, -0.1693 0.9307 0.0906, -0.3307 0.9442 0.0793, -0.3307 0.9399 0.0808, -0.3307 0.9361 0.0833, -0.3307 0.9329 0.0867, -0.3307 0.9307 0.0906, -0.3307 0.7677 0.374, -0.6693 0.9487 0.0787, -0.6693 1.1811 0.0787, -0.8307 0.9487 0.0787, -0.8307 1.1811 0.0787, -0.6693 1.1811 0.0, -0.8307 1.1811 0.0, -0.6693 0.9487 0.0, -0.8307 0.9487 0.0, -0.6693 0.8518 0.0813, -0.8307 0.8518 0.0813, -0.8307 0.8584 0.0594, -0.6693 0.8584 0.0594, -0.8307 0.8698 0.0396, -0.6693 0.8698 0.0396, -0.8307 0.8855 0.023, -0.6693 0.8855 0.023, -0.8307 0.9046 0.0105, -0.6693 0.9046 0.0105, -0.8307 0.926 0.0027, -0.6693 0.926 0.0027, -0.6693 0.8094 0.3216, -0.8307 0.8094 0.3216, -0.6693 0.7939 0.3346, -0.8307 0.7939 0.3346, -0.6693 0.7976 0.3342, -0.8307 0.7976 0.3342, -0.6693 0.801 0.333, -0.8307 0.801 0.333, -0.6693 0.804 0.331, -0.8307 0.804 0.331, -0.6693 0.8066 0.3283, -0.8307 0.8066 0.3283, -0.6693 0.8084 0.3251, -0.8307 0.8084 0.3251, -0.6693 0.7593 0.3346, -0.8307 0.7593 0.3346, -0.8307 0.7939 0.4134, -0.8307 0.7593 0.4134, -0.6693 0.7939 0.4134, -0.6693 0.7593 0.4134, -0.6693 0.887 0.3353, -0.8307 0.887 0.3353, -0.8307 0.8807 0.3563, -0.6693 0.8807 0.3563, -0.8307 0.8697 0.3753, -0.6693 0.8697 0.3753, -0.8307 0.8547 0.3913, -0.6693 0.8547 0.3913, -0.8307 0.8363 0.4033, -0.6693 0.8363 0.4033, -0.8307 0.8157 0.4108, -0.6693 0.8157 0.4108, -0.6693 0.9293 0.095, -0.8307 0.9293 0.095, -0.6693 0.7677 0.374, -0.6693 0.9442 0.0793, -0.6693 0.9399 0.0808, -0.6693 0.9361 0.0833, -0.6693 0.9329 0.0867, -0.6693 0.9307 0.0906, -0.8307 0.9442 0.0793, -0.8307 0.9399 0.0808, -0.8307 0.9361 0.0833, -0.8307 0.9329 0.0867, -0.8307 0.9307 0.0906, -0.8307 0.7677 0.374
            ]
        }
        coordIndex [
            0,1,2,-1,2,1,3,-1,4,5,6,-1,6,5,7,-1,8,4,9,-1,9,4,6,-1,10,8,11,-1,11,8,9,-1,10,11,12,-1,10,12,13,-1,13,12,14,-1,13,14,15,-1,15,14,16,-1,15,16,17,-1,17,16,18,-1,17,18,19,-1,19,18,20,-1,19,20,21,-1,21,20,22,-1,21,22,23,-1,24,23,25,-1,25,23,22,-1,24,25,26,-1,26,25,27,-1,26,27,28,-1,28,27,29,-1,28,29,30,-1,30,29,31,-1,30,31,32,-1,32,31,33,-1,32,33,34,-1,34,33,35,-1,34,35,36,-1,36,35,37,-1,38,36,39,-1,39,36,37,-1,3,1,40,-1,3,40,41,-1,41,40,42,-1,41,42,43,-1,43,42,44,-1,43,44,45,-1,45,44,46,-1,45,46,47,-1,47,46,48,-1,47,48,49,-1,49,48,50,-1,49,50,51,-1,52,51,53,-1,53,51,50,-1,52,53,54,-1,54,53,55,-1,54,55,56,-1,56,55,57,-1,56,57,58,-1,58,57,59,-1,58,59,60,-1,60,59,61,-1,60,61,62,-1,62,61,63,-1,62,63,5,-1,5,63,7,-1,2,3,64,-1,64,3,41,-1,41,43,64,-1,64,43,45,-1,64,45,47,-1,30,32,47,-1,47,32,34,-1,47,34,64,-1,64,34,36,-1,64,36,38,-1,4,8,5,-1,5,8,10,-1,5,10,62,-1,62,10,13,-1,62,13,60,-1,60,13,15,-1,60,15,58,-1,58,15,17,-1,58,17,56,-1,56,17,19,-1,56,19,54,-1,54,19,21,-1,54,21,52,-1,52,21,23,-1,52,23,51,-1,51,23,24,-1,51,24,49,-1,49,24,26,-1,49,26,47,-1,47,26,28,-1,47,28,30,-1,42,65,44,-1,44,65,46,-1,42,40,65,-1,65,40,1,-1,65,1,0,-1,46,35,33,-1,35,46,37,-1,37,46,65,-1,37,65,39,-1,9,6,11,-1,11,6,7,-1,11,7,12,-1,12,7,63,-1,12,63,14,-1,14,63,61,-1,14,61,16,-1,16,61,59,-1,16,59,18,-1,18,59,57,-1,18,57,20,-1,20,57,55,-1,20,55,22,-1,22,55,53,-1,22,53,25,-1,25,53,50,-1,25,50,27,-1,27,50,48,-1,27,48,29,-1,29,48,46,-1,29,46,31,-1,31,46,33,-1,66,67,68,-1,68,67,69,-1,70,66,71,-1,71,66,68,-1,72,70,73,-1,73,70,71,-1,72,73,74,-1,72,74,75,-1,75,74,76,-1,75,76,77,-1,77,76,78,-1,77,78,79,-1,79,78,80,-1,79,80,81,-1,81,80,82,-1,81,82,83,-1,83,82,84,-1,83,84,85,-1,86,85,87,-1,87,85,84,-1,86,87,88,-1,88,87,89,-1,88,89,90,-1,90,89,91,-1,90,91,92,-1,92,91,93,-1,92,93,94,-1,94,93,95,-1,94,95,96,-1,96,95,97,-1,96,97,98,-1,98,97,99,-1,100,98,101,-1,101,98,99,-1,102,103,104,-1,104,103,105,-1,105,103,106,-1,105,106,107,-1,107,106,108,-1,107,108,109,-1,109,108,110,-1,109,110,111,-1,111,110,112,-1,111,112,113,-1,113,112,114,-1,113,114,115,-1,115,114,116,-1,115,116,117,-1,118,117,119,-1,119,117,116,-1,104,105,120,-1,120,105,107,-1,107,109,120,-1,120,109,111,-1,120,111,113,-1,92,94,113,-1,113,94,96,-1,113,96,120,-1,120,96,98,-1,120,98,100,-1,66,70,67,-1,67,70,72,-1,67,72,121,-1,121,72,75,-1,121,75,122,-1,122,75,77,-1,122,77,123,-1,123,77,79,-1,123,79,124,-1,124,79,81,-1,124,81,125,-1,125,81,83,-1,125,83,118,-1,118,83,85,-1,118,85,117,-1,117,85,86,-1,117,86,115,-1,115,86,88,-1,115,88,113,-1,113,88,90,-1,113,90,92,-1,118,119,125,-1,125,119,126,-1,125,126,124,-1,124,126,127,-1,124,127,123,-1,123,127,128,-1,123,128,122,-1,122,128,129,-1,122,129,121,-1,121,129,130,-1,121,130,67,-1,67,130,69,-1,108,131,110,-1,110,131,112,-1,108,106,131,-1,131,106,103,-1,131,103,102,-1,112,97,95,-1,97,112,99,-1,99,112,131,-1,99,131,101,-1,71,68,73,-1,73,68,69,-1,73,69,74,-1,74,69,130,-1,74,130,76,-1,76,130,129,-1,76,129,78,-1,78,129,128,-1,78,128,80,-1,80,128,127,-1,80,127,82,-1,82,127,126,-1,82,126,84,-1,84,126,119,-1,84,119,87,-1,87,119,116,-1,87,116,89,-1,89,116,114,-1,89,114,91,-1,91,114,112,-1,91,112,93,-1,93,112,95,-1,132,133,134,-1,134,133,135,-1,136,132,137,-1,137,132,134,-1,138,136,139,-1,139,136,137,-1,138,139,140,-1,138,140,141,-1,141,140,142,-1,141,142,143,-1,143,142,144,-1,143,144,145,-1,145,144,146,-1,145,146,147,-1,147,146,148,-1,147,148,149,-1,149,148,150,-1,149,150,151,-1,152,151,153,-1,153,151,150,-1,152,153,154,-1,154,153,155,-1,154,155,156,-1,156,155,157,-1,156,157,158,-1,158,157,159,-1,158,159,160,-1,160,159,161,-1,160,161,162,-1,162,161,163,-1,162,163,164,-1,164,163,165,-1,166,164,167,-1,167,164,165,-1,168,169,170,-1,170,169,171,-1,171,169,172,-1,171,172,173,-1,173,172,174,-1,173,174,175,-1,175,174,176,-1,175,176,177,-1,177,176,178,-1,177,178,179,-1,179,178,180,-1,179,180,181,-1,181,180,182,-1,181,182,183,-1,184,183,185,-1,185,183,182,-1,170,171,186,-1,186,171,173,-1,173,175,186,-1,186,175,177,-1,186,177,179,-1,158,160,179,-1,179,160,162,-1,179,162,186,-1,186,162,164,-1,186,164,166,-1,132,136,133,-1,133,136,138,-1,133,138,187,-1,187,138,141,-1,187,141,188,-1,188,141,143,-1,188,143,189,-1,189,143,145,-1,189,145,190,-1,190,145,147,-1,190,147,191,-1,191,147,149,-1,191,149,184,-1,184,149,151,-1,184,151,183,-1,183,151,152,-1,183,152,181,-1,181,152,154,-1,181,154,179,-1,179,154,156,-1,179,156,158,-1,184,185,191,-1,191,185,192,-1,191,192,190,-1,190,192,193,-1,190,193,189,-1,189,193,194,-1,189,194,188,-1,188,194,195,-1,188,195,187,-1,187,195,196,-1,187,196,133,-1,133,196,135,-1,174,197,176,-1,176,197,178,-1,174,172,197,-1,197,172,169,-1,197,169,168,-1,178,163,161,-1,163,178,165,-1,165,178,197,-1,165,197,167,-1,137,134,139,-1,139,134,135,-1,139,135,140,-1,140,135,196,-1,140,196,142,-1,142,196,195,-1,142,195,144,-1,144,195,194,-1,144,194,146,-1,146,194,193,-1,146,193,148,-1,148,193,192,-1,148,192,150,-1,150,192,185,-1,150,185,153,-1,153,185,182,-1,153,182,155,-1,155,182,180,-1,155,180,157,-1,157,180,178,-1,157,178,159,-1,159,178,161,-1,198,199,200,-1,200,199,201,-1,202,198,203,-1,203,198,200,-1,204,202,205,-1,205,202,203,-1,204,205,206,-1,204,206,207,-1,207,206,208,-1,207,208,209,-1,209,208,210,-1,209,210,211,-1,211,210,212,-1,211,212,213,-1,213,212,214,-1,213,214,215,-1,215,214,216,-1,215,216,217,-1,218,217,219,-1,219,217,216,-1,218,219,220,-1,220,219,221,-1,220,221,222,-1,222,221,223,-1,222,223,224,-1,224,223,225,-1,224,225,226,-1,226,225,227,-1,226,227,228,-1,228,227,229,-1,228,229,230,-1,230,229,231,-1,232,230,233,-1,233,230,231,-1,234,235,236,-1,236,235,237,-1,237,235,238,-1,237,238,239,-1,239,238,240,-1,239,240,241,-1,241,240,242,-1,241,242,243,-1,243,242,244,-1,243,244,245,-1,245,244,246,-1,245,246,247,-1,247,246,248,-1,247,248,249,-1,250,249,251,-1,251,249,248,-1,236,237,252,-1,252,237,239,-1,239,241,252,-1,252,241,243,-1,252,243,245,-1,224,226,245,-1,245,226,228,-1,245,228,252,-1,252,228,230,-1,252,230,232,-1,198,202,199,-1,199,202,204,-1,199,204,253,-1,253,204,207,-1,253,207,254,-1,254,207,209,-1,254,209,255,-1,255,209,211,-1,255,211,256,-1,256,211,213,-1,256,213,257,-1,257,213,215,-1,257,215,250,-1,250,215,217,-1,250,217,249,-1,249,217,218,-1,249,218,247,-1,247,218,220,-1,247,220,245,-1,245,220,222,-1,245,222,224,-1,250,251,257,-1,257,251,258,-1,257,258,256,-1,256,258,259,-1,256,259,255,-1,255,259,260,-1,255,260,254,-1,254,260,261,-1,254,261,253,-1,253,261,262,-1,253,262,199,-1,199,262,201,-1,240,263,242,-1,242,263,244,-1,240,238,263,-1,263,238,235,-1,263,235,234,-1,244,229,227,-1,229,244,231,-1,231,244,263,-1,231,263,233,-1,203,200,205,-1,205,200,201,-1,205,201,206,-1,206,201,262,-1,206,262,208,-1,208,262,261,-1,208,261,210,-1,210,261,260,-1,210,260,212,-1,212,260,259,-1,212,259,214,-1,214,259,258,-1,214,258,216,-1,216,258,251,-1,216,251,219,-1,219,251,248,-1,219,248,221,-1,221,248,246,-1,221,246,223,-1,223,246,244,-1,223,244,225,-1,225,244,227,-1,264,265,266,-1,266,265,267,-1,265,268,267,-1,267,268,269,-1,268,270,269,-1,269,270,271,-1,272,273,274,-1,272,274,275,-1,275,274,276,-1,275,276,277,-1,277,276,278,-1,277,278,279,-1,279,278,280,-1,279,280,281,-1,281,280,282,-1,281,282,283,-1,283,282,271,-1,283,271,270,-1,272,284,273,-1,273,284,285,-1,286,287,288,-1,288,287,289,-1,288,289,290,-1,290,289,291,-1,290,291,292,-1,292,291,293,-1,292,293,294,-1,294,293,295,-1,294,295,296,-1,296,295,297,-1,296,297,284,-1,284,297,285,-1,286,298,287,-1,287,298,299,-1,300,301,302,-1,302,301,303,-1,304,305,306,-1,304,306,307,-1,307,306,308,-1,307,308,309,-1,309,308,310,-1,309,310,311,-1,311,310,312,-1,311,312,313,-1,313,312,314,-1,313,314,315,-1,315,314,300,-1,315,300,302,-1,304,316,305,-1,305,316,317,-1,309,311,318,-1,318,311,313,-1,309,288,290,-1,313,315,318,-1,318,315,302,-1,318,302,303,-1,288,309,286,-1,286,309,318,-1,286,318,298,-1,268,265,270,-1,270,265,264,-1,270,264,283,-1,283,264,319,-1,283,319,281,-1,281,319,320,-1,281,320,279,-1,279,320,321,-1,279,321,277,-1,277,321,322,-1,277,322,275,-1,275,322,323,-1,275,323,272,-1,272,323,316,-1,272,316,284,-1,284,316,304,-1,284,304,296,-1,296,304,307,-1,296,307,294,-1,294,307,309,-1,294,309,292,-1,292,309,290,-1,264,266,319,-1,319,266,324,-1,319,324,320,-1,320,324,325,-1,320,325,321,-1,321,325,326,-1,321,326,322,-1,322,326,327,-1,322,327,323,-1,323,327,328,-1,323,328,316,-1,316,328,317,-1,310,308,329,-1,329,301,300,-1,293,291,308,-1,308,291,289,-1,308,289,329,-1,329,289,287,-1,329,287,299,-1,300,314,329,-1,329,314,312,-1,329,312,310,-1,267,269,266,-1,266,269,271,-1,266,271,324,-1,324,271,282,-1,324,282,325,-1,325,282,280,-1,325,280,326,-1,326,280,278,-1,326,278,327,-1,327,278,276,-1,327,276,328,-1,328,276,274,-1,328,274,317,-1,317,274,273,-1,317,273,305,-1,305,273,285,-1,305,285,306,-1,306,285,297,-1,306,297,308,-1,308,297,295,-1,308,295,293,-1,330,331,332,-1,332,331,333,-1,331,334,333,-1,333,334,335,-1,334,336,335,-1,335,336,337,-1,338,339,340,-1,338,340,341,-1,341,340,342,-1,341,342,343,-1,343,342,344,-1,343,344,345,-1,345,344,346,-1,345,346,347,-1,347,346,348,-1,347,348,349,-1,349,348,337,-1,349,337,336,-1,338,350,339,-1,339,350,351,-1,352,353,354,-1,354,353,355,-1,354,355,356,-1,356,355,357,-1,356,357,358,-1,358,357,359,-1,358,359,360,-1,360,359,361,-1,360,361,362,-1,362,361,363,-1,362,363,350,-1,350,363,351,-1,352,364,353,-1,353,364,365,-1,366,367,368,-1,368,367,369,-1,370,371,372,-1,370,372,373,-1,373,372,374,-1,373,374,375,-1,375,374,376,-1,375,376,377,-1,377,376,378,-1,377,378,379,-1,379,378,380,-1,379,380,381,-1,381,380,366,-1,381,366,368,-1,370,382,371,-1,371,382,383,-1,375,377,384,-1,384,377,379,-1,375,354,356,-1,379,381,384,-1,384,381,368,-1,384,368,369,-1,354,375,352,-1,352,375,384,-1,352,384,364,-1,334,331,336,-1,336,331,330,-1,336,330,349,-1,349,330,385,-1,349,385,347,-1,347,385,386,-1,347,386,345,-1,345,386,387,-1,345,387,343,-1,343,387,388,-1,343,388,341,-1,341,388,389,-1,341,389,338,-1,338,389,382,-1,338,382,350,-1,350,382,370,-1,350,370,362,-1,362,370,373,-1,362,373,360,-1,360,373,375,-1,360,375,358,-1,358,375,356,-1,330,332,385,-1,385,332,390,-1,385,390,386,-1,386,390,391,-1,386,391,387,-1,387,391,392,-1,387,392,388,-1,388,392,393,-1,388,393,389,-1,389,393,394,-1,389,394,382,-1,382,394,383,-1,376,374,395,-1,395,367,366,-1,359,357,374,-1,374,357,355,-1,374,355,395,-1,395,355,353,-1,395,353,365,-1,366,380,395,-1,395,380,378,-1,395,378,376,-1,333,335,332,-1,332,335,337,-1,332,337,390,-1,390,337,348,-1,390,348,391,-1,391,348,346,-1,391,346,392,-1,392,346,344,-1,392,344,393,-1,393,344,342,-1,393,342,394,-1,394,342,340,-1,394,340,383,-1,383,340,339,-1,383,339,371,-1,371,339,351,-1,371,351,372,-1,372,351,363,-1,372,363,374,-1,374,363,361,-1,374,361,359,-1,396,397,398,-1,398,397,399,-1,397,400,399,-1,399,400,401,-1,400,402,401,-1,401,402,403,-1,404,405,406,-1,404,406,407,-1,407,406,408,-1,407,408,409,-1,409,408,410,-1,409,410,411,-1,411,410,412,-1,411,412,413,-1,413,412,414,-1,413,414,415,-1,415,414,403,-1,415,403,402,-1,404,416,405,-1,405,416,417,-1,418,419,420,-1,420,419,421,-1,420,421,422,-1,422,421,423,-1,422,423,424,-1,424,423,425,-1,424,425,426,-1,426,425,427,-1,426,427,428,-1,428,427,429,-1,428,429,416,-1,416,429,417,-1,418,430,419,-1,419,430,431,-1,432,433,434,-1,434,433,435,-1,436,437,438,-1,436,438,439,-1,439,438,440,-1,439,440,441,-1,441,440,442,-1,441,442,443,-1,443,442,444,-1,443,444,445,-1,445,444,446,-1,445,446,447,-1,447,446,432,-1,447,432,434,-1,436,448,437,-1,437,448,449,-1,441,443,450,-1,450,443,445,-1,441,420,422,-1,445,447,450,-1,450,447,434,-1,450,434,435,-1,420,441,418,-1,418,441,450,-1,418,450,430,-1,400,397,402,-1,402,397,396,-1,402,396,415,-1,415,396,451,-1,415,451,413,-1,413,451,452,-1,413,452,411,-1,411,452,453,-1,411,453,409,-1,409,453,454,-1,409,454,407,-1,407,454,455,-1,407,455,404,-1,404,455,448,-1,404,448,416,-1,416,448,436,-1,416,436,428,-1,428,436,439,-1,428,439,426,-1,426,439,441,-1,426,441,424,-1,424,441,422,-1,396,398,451,-1,451,398,456,-1,451,456,452,-1,452,456,457,-1,452,457,453,-1,453,457,458,-1,453,458,454,-1,454,458,459,-1,454,459,455,-1,455,459,460,-1,455,460,448,-1,448,460,449,-1,442,440,461,-1,461,433,432,-1,425,423,440,-1,440,423,421,-1,440,421,461,-1,461,421,419,-1,461,419,431,-1,432,446,461,-1,461,446,444,-1,461,444,442,-1,399,401,398,-1,398,401,403,-1,398,403,456,-1,456,403,414,-1,456,414,457,-1,457,414,412,-1,457,412,458,-1,458,412,410,-1,458,410,459,-1,459,410,408,-1,459,408,460,-1,460,408,406,-1,460,406,449,-1,449,406,405,-1,449,405,437,-1,437,405,417,-1,437,417,438,-1,438,417,429,-1,438,429,440,-1,440,429,427,-1,440,427,425,-1,462,463,464,-1,464,463,465,-1,463,466,465,-1,465,466,467,-1,466,468,467,-1,467,468,469,-1,470,471,472,-1,470,472,473,-1,473,472,474,-1,473,474,475,-1,475,474,476,-1,475,476,477,-1,477,476,478,-1,477,478,479,-1,479,478,480,-1,479,480,481,-1,481,480,469,-1,481,469,468,-1,470,482,471,-1,471,482,483,-1,484,485,486,-1,486,485,487,-1,486,487,488,-1,488,487,489,-1,488,489,490,-1,490,489,491,-1,490,491,492,-1,492,491,493,-1,492,493,494,-1,494,493,495,-1,494,495,482,-1,482,495,483,-1,484,496,485,-1,485,496,497,-1,498,499,500,-1,500,499,501,-1,502,503,504,-1,502,504,505,-1,505,504,506,-1,505,506,507,-1,507,506,508,-1,507,508,509,-1,509,508,510,-1,509,510,511,-1,511,510,512,-1,511,512,513,-1,513,512,498,-1,513,498,500,-1,502,514,503,-1,503,514,515,-1,507,509,516,-1,516,509,511,-1,507,486,488,-1,511,513,516,-1,516,513,500,-1,516,500,501,-1,486,507,484,-1,484,507,516,-1,484,516,496,-1,466,463,468,-1,468,463,462,-1,468,462,481,-1,481,462,517,-1,481,517,479,-1,479,517,518,-1,479,518,477,-1,477,518,519,-1,477,519,475,-1,475,519,520,-1,475,520,473,-1,473,520,521,-1,473,521,470,-1,470,521,514,-1,470,514,482,-1,482,514,502,-1,482,502,494,-1,494,502,505,-1,494,505,492,-1,492,505,507,-1,492,507,490,-1,490,507,488,-1,462,464,517,-1,517,464,522,-1,517,522,518,-1,518,522,523,-1,518,523,519,-1,519,523,524,-1,519,524,520,-1,520,524,525,-1,520,525,521,-1,521,525,526,-1,521,526,514,-1,514,526,515,-1,508,506,527,-1,527,499,498,-1,491,489,506,-1,506,489,487,-1,506,487,527,-1,527,487,485,-1,527,485,497,-1,498,512,527,-1,527,512,510,-1,527,510,508,-1,465,467,464,-1,464,467,469,-1,464,469,522,-1,522,469,480,-1,522,480,523,-1,523,480,478,-1,523,478,524,-1,524,478,476,-1,524,476,525,-1,525,476,474,-1,525,474,526,-1,526,474,472,-1,526,472,515,-1,515,472,471,-1,515,471,503,-1,503,471,483,-1,503,483,504,-1,504,483,495,-1,504,495,506,-1,506,495,493,-1,506,493,491,-1,
        ]
    }
}
Shape{
    appearance Appearance {
        material  Material 	{
            diffuseColor 0.2235294117647059 0.2235294117647059 0.2235294117647059
            specularColor 0.11372549019607843 0.11372549019607843 0.11372549019607843
            ambientIntensity 0.2235
            transparency 0.0
            shininess 0.5
        }
    }
    geometry IndexedFaceSet {
        ccw TRUE
        solid FALSE
        coord DEF co Coordinate {
            point [
                -0.9646 -0.7485 0.374, -0.9018 -0.6857 0.0787, -0.9012 -0.6907 0.0787, -0.9639 -0.7535 0.374, -0.9004 -0.6931 0.0787, -0.9631 -0.7559 0.374, -0.8993 -0.6954 0.0787, -0.962 -0.7582 0.374, -0.8979 -0.6975 0.0787, -0.9606 -0.7602 0.374, -0.8962 -0.6994 0.0787, -0.959 -0.7621 0.374, -0.9571 -0.7638 0.374, -0.8943 -0.701 0.0787, -0.955 -0.7652 0.374, -0.8922 -0.7024 0.0787, -0.9527 -0.7663 0.374, -0.89 -0.7035 0.0787, -0.9503 -0.7671 0.374, -0.8876 -0.7043 0.0787, -0.8825 -0.705 0.0787, -0.9453 -0.7677 0.374, -0.9453 0.7677 0.374, -0.8825 0.705 0.0787, -0.8876 0.7043 0.0787, -0.9503 0.7671 0.374, -0.89 0.7035 0.0787, -0.9527 0.7663 0.374, -0.8922 0.7024 0.0787, -0.955 0.7652 0.374, -0.8943 0.701 0.0787, -0.9571 0.7638 0.374, -0.8962 0.6994 0.0787, -0.959 0.7621 0.374, -0.9606 0.7602 0.374, -0.8979 0.6975 0.0787, -0.962 0.7582 0.374, -0.8993 0.6954 0.0787, -0.9631 0.7559 0.374, -0.9004 0.6931 0.0787, -0.9639 0.7535 0.374, -0.9012 0.6907 0.0787, -0.9018 0.6857 0.0787, -0.9646 0.7485 0.374, 0.9646 0.7485 0.374, 0.9018 0.6857 0.0787, 0.9012 0.6907 0.0787, 0.9639 0.7535 0.374, 0.9004 0.6931 0.0787, 0.9631 0.7559 0.374, 0.8993 0.6954 0.0787, 0.962 0.7582 0.374, 0.8979 0.6975 0.0787, 0.9606 0.7602 0.374, 0.8962 0.6994 0.0787, 0.959 0.7621 0.374, 0.9571 0.7638 0.374, 0.8943 0.701 0.0787, 0.955 0.7652 0.374, 0.8922 0.7024 0.0787, 0.9527 0.7663 0.374, 0.89 0.7035 0.0787, 0.9503 0.7671 0.374, 0.8876 0.7043 0.0787, 0.8825 0.705 0.0787, 0.9453 0.7677 0.374, 0.9453 -0.7677 0.374, 0.8825 -0.705 0.0787, 0.8876 -0.7043 0.0787, 0.9503 -0.7671 0.374, 0.89 -0.7035 0.0787, 0.9527 -0.7663 0.374, 0.8922 -0.7024 0.0787, 0.955 -0.7652 0.374, 0.8943 -0.701 0.0787, 0.9571 -0.7638 0.374, 0.8962 -0.6994 0.0787, 0.959 -0.7621 0.374, 0.9606 -0.7602 0.374, 0.8979 -0.6975 0.0787, 0.962 -0.7582 0.374, 0.8993 -0.6954 0.0787, 0.9631 -0.7559 0.374, 0.9004 -0.6931 0.0787, 0.9639 -0.7535 0.374, 0.9012 -0.6907 0.0787, 0.9018 -0.6857 0.0787, 0.9646 -0.7485 0.374, -0.9088 -0.7312 0.5458, -0.9131 -0.7305 0.5465, -0.9137 -0.7304 0.5466, -0.917 -0.7289 0.547, -0.9182 -0.7284 0.5472, -0.9205 -0.7265 0.5473, -0.9221 -0.7253 0.5474, -0.9235 -0.7235 0.5473, -0.9252 -0.7213 0.5472, -0.9258 -0.72 0.547, -0.9272 -0.7168 0.5466, -0.9274 -0.716 0.5465, -0.9281 -0.712 0.5458, -0.9051 0.689 0.6537, -0.9043 0.6939 0.6546, -0.9043 0.6939 0.6546, -0.9023 0.6984 0.6551, -0.9022 0.6985 0.6551, -0.8992 0.7023 0.6553, -0.8953 0.7054 0.6551, -0.8953 0.7054 0.6551, -0.8908 0.7074 0.6546, -0.8907 0.7074 0.6546, -0.8859 0.7083 0.6537, 0.8859 0.7083 0.6537, 0.8859 0.7069 0.6578, -0.8859 0.7069 0.6578, 0.8859 0.7068 0.6579, -0.8859 0.7068 0.6579, 0.8859 0.7046 0.6616, -0.8859 0.7046 0.6616, 0.8859 0.7045 0.6617, -0.8859 0.7045 0.6617, 0.8859 0.7015 0.6649, -0.8859 0.7015 0.6649, 0.8859 0.7014 0.6649, -0.8859 0.7014 0.6649, 0.8859 0.6977 0.6673, -0.8859 0.6977 0.6673, 0.8859 0.6976 0.6673, -0.8859 0.6976 0.6673, 0.8859 0.6935 0.6688, -0.8859 0.6935 0.6688, 0.8859 0.6934 0.6688, -0.8859 0.6934 0.6688, -0.8859 0.689 0.6693, 0.8859 0.689 0.6693, 0.8901 0.7075 0.6544, 0.8907 0.7074 0.6546, 0.894 0.706 0.6549, 0.8953 0.7054 0.6551, 0.8975 0.7036 0.6552, 0.8992 0.7023 0.6553, 0.9005 0.7007 0.6552, 0.9023 0.6984 0.6551, 0.9028 0.6972 0.6549, 0.9043 0.6939 0.6546, 0.9044 0.6932 0.6544, 0.9051 0.689 0.6537, 0.9281 -0.712 0.5458, 0.9274 -0.716 0.5465, 0.9272 -0.7168 0.5466, 0.9258 -0.72 0.547, 0.9252 -0.7213 0.5472, 0.9235 -0.7235 0.5473, 0.9221 -0.7253 0.5474, 0.9205 -0.7265 0.5473, 0.9182 -0.7284 0.5472, 0.917 -0.7289 0.547, 0.9137 -0.7304 0.5466, 0.9131 -0.7305 0.5465, 0.9088 -0.7312 0.5458, -0.9088 -0.73 0.5494, 0.9088 -0.73 0.5494, -0.9088 -0.7294 0.5506, 0.9088 -0.7294 0.5506, -0.9088 -0.7281 0.5529, 0.9088 -0.7281 0.5529, -0.9088 -0.7265 0.5548, 0.9088 -0.7265 0.5548, -0.9088 -0.7256 0.5559, 0.9088 -0.7256 0.5559, -0.9088 -0.7227 0.5582, 0.9088 -0.7227 0.5582, -0.9199 -0.7196 0.5559, -0.9195 -0.7204 0.5559, -0.9191 -0.72 0.5562, -0.9241 -0.7171 0.5529, -0.9234 -0.7189 0.5529, -0.9223 -0.7183 0.5543, -0.9267 -0.7145 0.5494, -0.9265 -0.7158 0.5494, -0.9257 -0.7156 0.5509, -0.9268 -0.7145 0.5494, -0.9245 -0.7168 0.5525, -0.9252 -0.7197 0.5494, -0.9214 -0.7189 0.5551, -0.9215 -0.722 0.5529, -0.9176 -0.7207 0.557, -0.9174 -0.7226 0.5559, -0.9162 -0.7211 0.5573, -0.9148 -0.7242 0.5559, -0.9133 -0.7219 0.558, -0.9119 -0.7253 0.5559, -0.9112 -0.7223 0.5581, -0.9129 -0.7296 0.5494, -0.9167 -0.7282 0.5494, -0.9201 -0.7261 0.5494, -0.923 -0.7232 0.5494, -0.9124 -0.7277 0.5529, -0.919 -0.7246 0.5529, -0.9159 -0.7265 0.5529, -0.9014 0.689 0.6617, -0.8983 0.689 0.6649, -0.8979 0.6922 0.6649, -0.8942 0.6913 0.6673, -0.8902 0.6902 0.6688, -0.8897 0.6912 0.6688, -0.8881 0.6929 0.6688, -0.889 0.6922 0.6688, -0.887 0.6933 0.6688, -0.8903 0.689 0.6688, -0.9032 0.6936 0.6578, -0.9014 0.698 0.6578, -0.8985 0.7017 0.6578, -0.8948 0.7045 0.6578, -0.8905 0.7063 0.6578, -0.8982 0.689 0.6649, -0.8945 0.689 0.6673, -0.8945 0.689 0.6673, -0.8903 0.689 0.6688, -0.8934 0.6934 0.6673, -0.892 0.6951 0.6673, -0.8902 0.6965 0.6673, -0.8881 0.6974 0.6673, -0.8966 0.6952 0.6649, -0.8947 0.6978 0.6649, -0.8921 0.6998 0.6649, -0.8891 0.701 0.6649, -0.9037 0.689 0.6579, -0.9014 0.689 0.6616, -0.9009 0.693 0.6616, -0.8994 0.6968 0.6616, -0.8969 0.7 0.6616, -0.8937 0.7025 0.6616, -0.8899 0.7041 0.6616, -0.9038 0.689 0.6578, 0.8893 0.7042 0.6616, 0.8886 0.7012 0.6649, 0.8878 0.6975 0.6673, 0.8869 0.6934 0.6688, 0.8878 0.693 0.6688, 0.8899 0.6909 0.6688, 0.8893 0.6918 0.6688, 0.8902 0.69 0.6688, 0.8898 0.7065 0.6578, 0.8936 0.7051 0.6578, 0.897 0.703 0.6578, 0.8999 0.7002 0.6578, 0.902 0.6968 0.6578, 0.9033 0.693 0.6578, 0.9038 0.689 0.6578, 0.8903 0.689 0.6688, 0.8913 0.6958 0.6673, 0.8926 0.6944 0.6673, 0.8937 0.6928 0.6673, 0.8943 0.6909 0.6673, 0.8896 0.6968 0.6673, 0.8886 0.6925 0.6688, 0.8903 0.689 0.6688, 0.8945 0.689 0.6673, 0.8945 0.689 0.6673, 0.8982 0.689 0.6649, 0.8913 0.7002 0.6649, 0.8936 0.6987 0.6649, 0.8956 0.6968 0.6649, 0.8971 0.6944 0.6649, 0.898 0.6918 0.6649, 0.8926 0.703 0.6616, 0.8956 0.7012 0.6616, 0.898 0.6987 0.6616, 0.8999 0.6958 0.6616, 0.9011 0.6925 0.6616, 0.8983 0.689 0.6649, 0.9014 0.689 0.6617, 0.9014 0.689 0.6616, 0.9037 0.689 0.6579, 0.9214 -0.7189 0.5551, 0.9199 -0.7196 0.5559, 0.9195 -0.7204 0.5559, 0.9174 -0.7226 0.5559, 0.9133 -0.7219 0.558, 0.9148 -0.7242 0.5559, 0.9112 -0.7223 0.5581, 0.9119 -0.7253 0.5559, 0.9191 -0.72 0.5562, 0.9176 -0.7207 0.557, 0.9162 -0.7211 0.5573, 0.9245 -0.7168 0.5525, 0.9241 -0.7171 0.5529, 0.9234 -0.7189 0.5529, 0.9223 -0.7183 0.5543, 0.9215 -0.722 0.5529, 0.9268 -0.7145 0.5494, 0.9267 -0.7145 0.5494, 0.9265 -0.7158 0.5494, 0.9257 -0.7156 0.5509, 0.9252 -0.7197 0.5494, 0.923 -0.7232 0.5494, 0.9201 -0.7261 0.5494, 0.9167 -0.7282 0.5494, 0.9129 -0.7296 0.5494, 0.919 -0.7246 0.5529, 0.9159 -0.7265 0.5529, 0.9124 -0.7277 0.5529, -0.9051 -0.5458 0.6537, -0.8948 -0.5545 0.6649, -0.8961 -0.5538 0.6642, -0.8984 -0.5528 0.663, -0.8993 -0.5522 0.6623, -0.9001 -0.5516 0.6616, -0.9015 -0.5507 0.6605, -0.9026 -0.5495 0.659, -0.9035 -0.5487 0.6578, -0.9038 -0.5483 0.6573, -0.8859 -0.5565 0.6661, -0.8882 -0.5561 0.666, -0.8904 -0.5558 0.666, -0.8933 -0.5549 0.6653, -0.8946 -0.5545 0.6649, -0.9038 -0.5458 0.6578, -0.9037 -0.5458 0.6579, -0.9014 -0.5458 0.6616, -0.9014 -0.5458 0.6617, -0.8983 -0.5458 0.6649, -0.8982 -0.5458 0.6649, -0.8945 -0.5458 0.6673, -0.8945 -0.5458 0.6673, -0.8903 -0.5458 0.6688, -0.8903 -0.5458 0.6688, -0.8859 -0.5458 0.6693, 0.9051 -0.5458 0.6537, 0.9038 -0.5458 0.6578, 0.9037 -0.5458 0.6579, 0.9014 -0.5458 0.6616, 0.9014 -0.5458 0.6617, 0.8983 -0.5458 0.6649, 0.8982 -0.5458 0.6649, 0.8945 -0.5458 0.6673, 0.8945 -0.5458 0.6673, 0.8903 -0.5458 0.6688, 0.8903 -0.5458 0.6688, 0.8859 -0.5458 0.6693, 0.9038 -0.5483 0.6573, 0.9015 -0.5507 0.6605, 0.9021 -0.5501 0.6597, 0.9035 -0.5487 0.6578, 0.8982 -0.5529 0.6632, 0.8984 -0.5528 0.663, 0.9001 -0.5516 0.6616, 0.8948 -0.5545 0.6649, 0.8946 -0.5545 0.6649, 0.8946 -0.5545 0.6649, 0.8915 -0.5554 0.6657, 0.8904 -0.5558 0.666, 0.8886 -0.5561 0.666, 0.8859 -0.5565 0.6661, -0.8859 -0.5531 0.6678, -0.8859 -0.5502 0.6688, -0.8869 -0.5501 0.6688, -0.8893 -0.5486 0.6688, -0.8886 -0.5493 0.6688, -0.8899 -0.5477 0.6688, -0.8902 -0.5468 0.6688, -0.8878 -0.5498 0.6688, -0.8913 -0.5526 0.6673, -0.8896 -0.5536 0.6673, -0.8878 -0.5542 0.6673, -0.8926 -0.5512 0.6673, -0.9011 -0.5492 0.6616, -0.898 -0.5486 0.6649, -0.8971 -0.5512 0.6649, -0.8956 -0.5535 0.6649, -0.8859 -0.5495 0.6689, -0.8859 -0.5545 0.6673, -0.8937 -0.5495 0.6673, -0.8943 -0.5477 0.6673, 0.8881 -0.5496 0.6688, 0.889 -0.5489 0.6688, 0.887 -0.5501 0.6688, 0.8934 -0.5501 0.6673, 0.8897 -0.548 0.6688, 0.9009 -0.5498 0.6616, 0.8979 -0.549 0.6649, 0.8966 -0.552 0.6649, 0.892 -0.5519 0.6673, 0.8902 -0.5533 0.6673, 0.8881 -0.5542 0.6673, 0.8859 -0.5545 0.6673, 0.8902 -0.5469 0.6688, 0.8942 -0.548 0.6673, 0.8859 -0.5495 0.6689, 0.8859 -0.5502 0.6688, 0.8859 -0.5531 0.6678
            ]
        }
        coordIndex [
            0,1,2,-1,0,2,3,-1,3,2,4,-1,3,4,5,-1,5,4,6,-1,5,6,7,-1,7,6,8,-1,7,8,9,-1,9,8,10,-1,9,10,11,-1,11,10,12,-1,12,10,13,-1,12,13,14,-1,14,13,15,-1,14,15,16,-1,16,15,17,-1,16,17,18,-1,17,19,18,-1,18,19,20,-1,18,20,21,-1,22,23,24,-1,22,24,25,-1,25,24,26,-1,25,26,27,-1,27,26,28,-1,27,28,29,-1,29,28,30,-1,29,30,31,-1,31,30,32,-1,31,32,33,-1,33,32,34,-1,34,32,35,-1,34,35,36,-1,36,35,37,-1,36,37,38,-1,38,37,39,-1,38,39,40,-1,39,41,40,-1,40,41,42,-1,40,42,43,-1,44,45,46,-1,44,46,47,-1,47,46,48,-1,47,48,49,-1,49,48,50,-1,49,50,51,-1,51,50,52,-1,51,52,53,-1,53,52,54,-1,53,54,55,-1,55,54,56,-1,56,54,57,-1,56,57,58,-1,58,57,59,-1,58,59,60,-1,60,59,61,-1,60,61,62,-1,61,63,62,-1,62,63,64,-1,62,64,65,-1,66,67,68,-1,66,68,69,-1,69,68,70,-1,69,70,71,-1,71,70,72,-1,71,72,73,-1,73,72,74,-1,73,74,75,-1,75,74,76,-1,75,76,77,-1,77,76,78,-1,78,76,79,-1,78,79,80,-1,80,79,81,-1,80,81,82,-1,82,81,83,-1,82,83,84,-1,83,85,84,-1,84,85,86,-1,84,86,87,-1,21,88,89,-1,21,89,18,-1,18,89,90,-1,18,90,16,-1,16,90,91,-1,16,91,14,-1,14,91,92,-1,14,92,12,-1,12,92,93,-1,12,93,11,-1,11,93,94,-1,11,94,9,-1,9,94,95,-1,9,95,7,-1,7,95,96,-1,7,96,5,-1,5,96,97,-1,5,97,3,-1,3,97,98,-1,3,98,0,-1,0,98,99,-1,0,99,100,-1,101,102,43,-1,43,102,40,-1,40,102,38,-1,38,102,103,-1,38,103,36,-1,36,103,104,-1,36,104,34,-1,34,104,105,-1,34,105,33,-1,33,105,106,-1,33,106,31,-1,31,106,107,-1,31,107,29,-1,29,107,108,-1,29,108,27,-1,27,108,109,-1,27,109,25,-1,109,110,25,-1,25,110,111,-1,25,111,22,-1,112,111,113,-1,113,111,114,-1,113,114,115,-1,115,114,116,-1,115,116,117,-1,117,116,118,-1,117,118,119,-1,119,118,120,-1,119,120,121,-1,121,120,122,-1,121,122,123,-1,123,122,124,-1,123,124,125,-1,125,124,126,-1,125,126,127,-1,127,126,128,-1,127,128,129,-1,129,128,130,-1,129,130,131,-1,130,132,131,-1,131,132,133,-1,131,133,134,-1,65,112,135,-1,65,135,62,-1,62,135,136,-1,62,136,60,-1,60,136,137,-1,60,137,58,-1,58,137,138,-1,58,138,56,-1,56,138,139,-1,56,139,55,-1,55,139,140,-1,55,140,53,-1,53,140,141,-1,53,141,51,-1,51,141,142,-1,51,142,49,-1,49,142,143,-1,49,143,47,-1,47,143,144,-1,47,144,44,-1,44,144,145,-1,44,145,146,-1,87,147,148,-1,87,148,84,-1,84,148,149,-1,84,149,82,-1,82,149,150,-1,82,150,80,-1,80,150,151,-1,80,151,78,-1,78,151,152,-1,78,152,77,-1,77,152,153,-1,77,153,75,-1,75,153,154,-1,75,154,73,-1,73,154,155,-1,73,155,71,-1,71,155,156,-1,71,156,69,-1,69,156,157,-1,69,157,66,-1,66,157,158,-1,66,158,159,-1,88,159,160,-1,160,159,161,-1,160,161,162,-1,162,161,163,-1,162,163,164,-1,164,163,165,-1,164,165,166,-1,166,165,167,-1,166,167,168,-1,168,167,169,-1,168,169,170,-1,170,169,171,-1,172,173,174,-1,175,176,177,-1,178,179,180,-1,181,100,99,-1,180,179,182,-1,182,179,183,-1,182,183,175,-1,177,176,184,-1,184,176,185,-1,184,185,172,-1,174,173,186,-1,186,173,187,-1,186,187,188,-1,188,187,189,-1,188,189,190,-1,190,189,191,-1,190,191,192,-1,192,191,168,-1,192,168,170,-1,89,193,90,-1,90,193,194,-1,94,93,195,-1,195,93,92,-1,195,92,194,-1,194,92,91,-1,194,91,90,-1,94,195,95,-1,95,195,196,-1,95,196,96,-1,96,196,183,-1,96,183,97,-1,97,183,98,-1,98,183,179,-1,98,179,99,-1,99,179,178,-1,99,178,181,-1,197,164,166,-1,172,185,173,-1,173,185,198,-1,173,198,187,-1,187,198,199,-1,187,199,189,-1,189,199,197,-1,189,197,191,-1,191,197,166,-1,191,166,168,-1,89,88,193,-1,193,88,160,-1,193,160,162,-1,175,183,176,-1,176,183,196,-1,176,196,185,-1,185,196,195,-1,185,195,198,-1,198,195,194,-1,198,194,199,-1,199,194,193,-1,199,193,197,-1,197,193,162,-1,197,162,164,-1,200,201,202,-1,203,204,205,-1,133,206,207,-1,208,206,133,-1,205,204,133,-1,209,133,204,-1,210,103,102,-1,103,210,104,-1,104,210,211,-1,104,211,105,-1,105,211,212,-1,105,212,106,-1,106,212,213,-1,106,213,107,-1,107,213,108,-1,108,213,214,-1,108,214,109,-1,109,214,110,-1,110,214,114,-1,110,114,111,-1,132,208,133,-1,215,216,203,-1,203,216,217,-1,203,217,204,-1,204,217,218,-1,204,218,209,-1,219,207,220,-1,220,207,206,-1,220,206,221,-1,221,206,208,-1,221,208,222,-1,132,130,208,-1,208,130,128,-1,208,128,222,-1,222,128,126,-1,222,126,124,-1,202,219,223,-1,223,219,220,-1,223,220,224,-1,224,220,221,-1,224,221,225,-1,225,221,222,-1,225,222,226,-1,226,222,124,-1,227,228,229,-1,229,228,200,-1,200,202,229,-1,229,202,223,-1,229,223,230,-1,230,223,224,-1,230,224,231,-1,231,224,225,-1,231,225,232,-1,232,225,226,-1,232,226,233,-1,201,215,202,-1,202,215,203,-1,202,203,219,-1,219,203,205,-1,219,205,207,-1,207,205,133,-1,227,210,234,-1,234,210,102,-1,234,102,101,-1,124,122,226,-1,226,122,120,-1,226,120,233,-1,233,120,118,-1,233,118,116,-1,227,229,210,-1,210,229,230,-1,210,230,211,-1,211,230,231,-1,211,231,212,-1,212,231,232,-1,212,232,213,-1,213,232,233,-1,213,233,214,-1,214,233,116,-1,214,116,114,-1,115,117,235,-1,119,121,236,-1,237,238,239,-1,134,240,241,-1,242,240,134,-1,239,238,134,-1,131,134,238,-1,135,243,136,-1,136,243,244,-1,140,139,245,-1,245,139,138,-1,245,138,244,-1,244,138,137,-1,244,137,136,-1,140,245,141,-1,141,245,246,-1,141,246,142,-1,142,246,247,-1,142,247,143,-1,143,247,144,-1,144,247,248,-1,144,248,145,-1,145,248,249,-1,145,249,146,-1,250,242,134,-1,123,125,237,-1,237,125,127,-1,237,127,238,-1,238,127,129,-1,238,129,131,-1,251,241,252,-1,252,241,240,-1,252,240,253,-1,253,240,242,-1,253,242,254,-1,121,123,236,-1,236,123,237,-1,236,237,255,-1,255,237,239,-1,255,239,256,-1,256,239,134,-1,250,257,242,-1,242,257,258,-1,242,258,254,-1,254,258,259,-1,254,259,260,-1,261,251,262,-1,262,251,252,-1,262,252,263,-1,263,252,253,-1,263,253,264,-1,264,253,254,-1,264,254,265,-1,265,254,260,-1,235,261,266,-1,266,261,262,-1,266,262,267,-1,267,262,263,-1,267,263,268,-1,268,263,264,-1,268,264,269,-1,269,264,265,-1,269,265,270,-1,117,119,235,-1,235,119,236,-1,235,236,261,-1,261,236,255,-1,261,255,251,-1,251,255,256,-1,251,256,241,-1,241,256,134,-1,135,112,243,-1,243,112,113,-1,243,113,115,-1,260,271,265,-1,265,271,272,-1,265,272,270,-1,270,272,273,-1,270,273,274,-1,115,235,243,-1,243,235,266,-1,243,266,244,-1,244,266,267,-1,244,267,245,-1,245,267,268,-1,245,268,246,-1,246,268,269,-1,246,269,247,-1,247,269,270,-1,247,270,248,-1,248,270,274,-1,248,274,249,-1,275,276,277,-1,278,279,280,-1,280,279,281,-1,280,281,282,-1,282,281,171,-1,276,283,277,-1,277,283,284,-1,277,284,278,-1,278,284,285,-1,278,285,279,-1,286,287,288,-1,288,287,289,-1,288,289,290,-1,290,289,275,-1,291,292,293,-1,293,292,294,-1,293,294,295,-1,295,294,286,-1,147,291,148,-1,148,291,293,-1,148,293,149,-1,149,293,295,-1,149,295,150,-1,150,295,151,-1,151,295,296,-1,151,296,152,-1,152,296,153,-1,153,296,297,-1,153,297,154,-1,154,297,155,-1,155,297,298,-1,155,298,156,-1,156,298,157,-1,157,298,299,-1,157,299,158,-1,158,299,161,-1,158,161,159,-1,275,277,290,-1,290,277,278,-1,290,278,300,-1,300,278,280,-1,300,280,301,-1,301,280,282,-1,301,282,302,-1,171,169,282,-1,282,169,167,-1,282,167,302,-1,302,167,165,-1,302,165,163,-1,286,288,295,-1,295,288,290,-1,295,290,296,-1,296,290,300,-1,296,300,297,-1,297,300,301,-1,297,301,298,-1,298,301,302,-1,298,302,299,-1,299,302,163,-1,299,163,161,-1,303,100,181,-1,304,305,184,-1,184,305,306,-1,184,306,177,-1,177,306,307,-1,177,307,175,-1,175,307,308,-1,175,308,182,-1,182,308,309,-1,182,309,180,-1,180,309,310,-1,180,310,178,-1,178,310,311,-1,178,311,181,-1,181,311,312,-1,181,312,303,-1,170,313,192,-1,192,313,314,-1,192,314,190,-1,190,314,315,-1,190,315,188,-1,188,315,316,-1,188,316,186,-1,186,316,317,-1,186,317,174,-1,174,317,304,-1,174,304,172,-1,172,304,184,-1,101,303,234,-1,234,303,318,-1,234,318,227,-1,227,318,319,-1,227,319,228,-1,228,319,320,-1,228,320,200,-1,200,320,321,-1,200,321,201,-1,201,321,322,-1,201,322,215,-1,215,322,323,-1,215,323,216,-1,216,323,324,-1,216,324,217,-1,217,324,325,-1,217,325,218,-1,218,325,326,-1,218,326,209,-1,326,327,209,-1,209,327,328,-1,209,328,133,-1,329,146,330,-1,330,146,249,-1,330,249,331,-1,331,249,274,-1,331,274,332,-1,332,274,273,-1,332,273,333,-1,333,273,272,-1,333,272,334,-1,334,272,271,-1,334,271,335,-1,335,271,260,-1,335,260,336,-1,336,260,259,-1,336,259,337,-1,337,259,258,-1,337,258,338,-1,338,258,257,-1,338,257,339,-1,257,250,339,-1,339,250,134,-1,339,134,340,-1,292,291,341,-1,341,291,147,-1,341,147,329,-1,342,286,343,-1,343,286,294,-1,292,341,294,-1,294,341,344,-1,294,344,343,-1,345,284,283,-1,345,283,346,-1,283,276,346,-1,346,276,275,-1,346,275,347,-1,347,275,289,-1,347,289,342,-1,342,289,287,-1,342,287,286,-1,345,348,284,-1,284,348,349,-1,284,349,285,-1,285,349,350,-1,285,350,279,-1,350,351,279,-1,279,351,352,-1,279,352,281,-1,281,352,353,-1,281,353,171,-1,171,353,354,-1,355,356,357,-1,328,358,359,-1,360,358,328,-1,361,360,328,-1,328,362,357,-1,363,315,364,-1,364,315,314,-1,364,314,365,-1,366,317,363,-1,363,317,316,-1,363,316,315,-1,310,309,367,-1,367,309,308,-1,367,308,368,-1,368,308,307,-1,368,307,369,-1,369,307,306,-1,369,306,370,-1,370,306,305,-1,370,305,304,-1,320,319,311,-1,311,319,318,-1,311,318,312,-1,312,318,303,-1,356,371,357,-1,357,371,328,-1,359,362,328,-1,327,361,328,-1,314,313,365,-1,365,313,372,-1,365,372,355,-1,355,357,365,-1,365,357,362,-1,365,362,364,-1,364,362,359,-1,364,359,363,-1,363,359,358,-1,363,358,366,-1,366,358,360,-1,366,360,373,-1,373,360,361,-1,373,361,374,-1,327,326,361,-1,361,326,325,-1,361,325,374,-1,374,325,324,-1,374,324,323,-1,323,368,374,-1,374,368,369,-1,374,369,373,-1,373,369,370,-1,373,370,366,-1,366,370,304,-1,366,304,317,-1,311,310,320,-1,320,310,367,-1,320,367,321,-1,321,367,368,-1,321,368,322,-1,322,368,323,-1,340,375,376,-1,377,375,340,-1,378,379,376,-1,376,379,340,-1,343,380,342,-1,342,380,347,-1,347,380,346,-1,346,380,381,-1,346,381,345,-1,348,382,349,-1,349,382,378,-1,349,378,350,-1,378,383,350,-1,350,383,384,-1,350,384,351,-1,351,384,352,-1,352,384,385,-1,352,385,353,-1,353,385,386,-1,353,386,354,-1,387,338,339,-1,338,387,337,-1,337,387,388,-1,337,388,336,-1,340,389,377,-1,377,389,390,-1,377,390,391,-1,378,376,383,-1,383,376,375,-1,383,375,384,-1,384,375,377,-1,384,377,385,-1,385,377,391,-1,385,391,386,-1,336,388,335,-1,335,388,381,-1,335,381,334,-1,348,345,382,-1,382,345,381,-1,382,381,378,-1,378,381,388,-1,378,388,379,-1,379,388,387,-1,379,387,340,-1,339,340,387,-1,334,381,333,-1,333,381,380,-1,333,380,332,-1,332,380,343,-1,332,343,331,-1,331,343,344,-1,331,344,330,-1,330,344,341,-1,330,341,329,-1,340,328,371,-1,313,354,372,-1,372,354,386,-1,372,386,355,-1,355,386,391,-1,355,391,356,-1,356,391,390,-1,356,390,371,-1,371,390,389,-1,371,389,340,-1,
        ]
    }
}
Shape{
    appearance Appearance {
        material  Material 	{
            diffuseColor 1.0 1.0 1.0
            specularColor 0.5019607843137255 0.5019607843137255 0.5019607843137255
            ambientIntensity 1.0
            transparency 0.0
            shininess 0.5
        }
    }
    geometry IndexedFaceSet {
        ccw TRUE
        solid FALSE
        coord DEF co Coordinate {
            point [
                0.9414 -0.4012 0.5019, 0.9423 -0.4012 0.4977, 0.9376 -0.4012 0.5011, 0.9384 -0.4012 0.4969, 0.9414 -0.4159 0.5019, 0.9376 -0.4159 0.5011, 0.9346 -0.4159 0.534, 0.9307 -0.4159 0.5332, 0.9346 -0.4207 0.534, 0.9307 -0.4207 0.5332, 0.9423 -0.4207 0.4977, 0.9384 -0.4207 0.4969, 0.9424 -0.3822 0.4971, 0.9386 -0.3822 0.4963, 0.9385 -0.3765 0.4968, 0.9423 -0.3765 0.4977, 0.9382 -0.3725 0.4981, 0.942 -0.3725 0.4989, 0.9381 -0.3719 0.4984, 0.942 -0.3719 0.4992, 0.941 -0.3719 0.5037, 0.9372 -0.3719 0.5029, 0.9375 -0.3754 0.5014, 0.9414 -0.3754 0.5022, 0.9377 -0.3795 0.5006, 0.9415 -0.3795 0.5014, 0.9377 -0.3815 0.5005, 0.9415 -0.3815 0.5013, 0.9376 -0.3852 0.5009, 0.9414 -0.3852 0.5017, 0.9374 -0.3879 0.5019, 0.9412 -0.3879 0.5027, 0.937 -0.3903 0.5036, 0.9409 -0.3903 0.5044, 0.9369 -0.391 0.5043, 0.9407 -0.391 0.5051, 0.9363 -0.3929 0.5069, 0.9402 -0.3929 0.5077, 0.9357 -0.3941 0.5099, 0.9395 -0.3941 0.5107, 0.9347 -0.3946 0.5143, 0.9386 -0.3946 0.5151, 0.9347 -0.3946 0.5146, 0.9385 -0.3946 0.5155, 0.9337 -0.3942 0.519, 0.9376 -0.3942 0.5198, 0.933 -0.393 0.5223, 0.9369 -0.393 0.5231, 0.9325 -0.3913 0.5249, 0.9363 -0.3913 0.5257, 0.9324 -0.3907 0.5255, 0.9362 -0.3907 0.5264, 0.9319 -0.3884 0.5275, 0.9358 -0.3884 0.5283, 0.9317 -0.3855 0.5288, 0.9355 -0.3855 0.5297, 0.9315 -0.3823 0.5295, 0.9354 -0.3823 0.5303, 0.9315 -0.3806 0.5296, 0.9354 -0.3806 0.5304, 0.9316 -0.3764 0.5291, 0.9355 -0.3764 0.5299, 0.9319 -0.3726 0.5278, 0.9357 -0.3726 0.5286, 0.932 -0.3719 0.5274, 0.9358 -0.3719 0.5282, 0.9348 -0.3719 0.5331, 0.9309 -0.3719 0.5323, 0.9306 -0.3807 0.5338, 0.9345 -0.3807 0.5346, 0.9345 -0.3803 0.5346, 0.9307 -0.3755 0.5334, 0.9345 -0.3755 0.5342, 0.9307 -0.3769 0.5335, 0.9306 -0.3803 0.5338, 0.9307 -0.3838 0.5335, 0.9346 -0.3853 0.5342, 0.9307 -0.3853 0.5333, 0.931 -0.3893 0.532, 0.9348 -0.3893 0.5328, 0.9315 -0.393 0.5297, 0.9353 -0.393 0.5305, 0.9317 -0.3943 0.5285, 0.9356 -0.3943 0.5293, 0.9324 -0.3968 0.5253, 0.9363 -0.3968 0.5261, 0.933 -0.398 0.5227, 0.9371 -0.3986 0.5222, 0.9333 -0.3986 0.5213, 0.9342 -0.3996 0.5167, 0.9381 -0.3996 0.5175, 0.9347 -0.3997 0.5144, 0.9386 -0.3997 0.5152, 0.936 -0.399 0.5085, 0.9398 -0.399 0.5094, 0.9365 -0.398 0.5061, 0.9406 -0.3975 0.5056, 0.9368 -0.3975 0.5047, 0.9374 -0.3953 0.5016, 0.9413 -0.3953 0.5025, 0.9375 -0.3949 0.5013, 0.9414 -0.3949 0.5021, 0.938 -0.392 0.4989, 0.9419 -0.392 0.4997, 0.9384 -0.3885 0.4972, 0.9422 -0.3885 0.4981, 0.9385 -0.3845 0.4964, 0.9424 -0.3845 0.4972, 0.9414 -0.3446 0.5019, 0.9423 -0.3446 0.4977, 0.9376 -0.3446 0.5011, 0.9384 -0.3446 0.4969, 0.9376 -0.3597 0.5011, 0.9414 -0.3597 0.5019, 0.9376 -0.3497 0.5011, 0.9388 -0.3597 0.5141, 0.935 -0.3597 0.5133, 0.9388 -0.3464 0.5141, 0.935 -0.3497 0.5133, 0.935 -0.3464 0.5133, 0.9379 -0.3464 0.5182, 0.9341 -0.3464 0.5174, 0.9341 -0.3597 0.5174, 0.9379 -0.3597 0.5182, 0.9341 -0.3497 0.5174, 0.9355 -0.3597 0.5298, 0.9316 -0.3597 0.529, 0.9355 -0.3454 0.5298, 0.9316 -0.3497 0.529, 0.9316 -0.3454 0.529, 0.9346 -0.3454 0.534, 0.9307 -0.3454 0.5332, 0.9307 -0.3645 0.5332, 0.9346 -0.3645 0.534, 0.9307 -0.3497 0.5332, 0.9423 -0.3645 0.4977, 0.9384 -0.3645 0.4969, 0.9384 -0.3497 0.4969, 0.9401 -0.3144 0.508, 0.9406 -0.3164 0.5057, 0.9412 -0.313 0.5028, 0.9408 -0.3172 0.505, 0.9418 -0.3169 0.5001, 0.9411 -0.3196 0.5034, 0.9421 -0.3211 0.4985, 0.9413 -0.3229 0.5023, 0.9423 -0.3274 0.4977, 0.9414 -0.3274 0.5019, 0.9423 -0.3376 0.4977, 0.9414 -0.3328 0.5019, 0.9346 -0.3376 0.534, 0.9355 -0.3328 0.5298, 0.9346 -0.327 0.534, 0.9355 -0.3272 0.5298, 0.9347 -0.3208 0.5333, 0.9356 -0.3226 0.5294, 0.9351 -0.3164 0.5316, 0.9358 -0.3193 0.5282, 0.9356 -0.313 0.5292, 0.9362 -0.3165 0.5264, 0.936 -0.3113 0.5275, 0.9365 -0.3153 0.5252, 0.9367 -0.3091 0.5243, 0.9369 -0.3139 0.5231, 0.9374 -0.3078 0.5207, 0.9375 -0.3129 0.5204, 0.9383 -0.3074 0.5163, 0.9384 -0.3124 0.5162, 0.9389 -0.3075 0.5137, 0.9388 -0.3125 0.5141, 0.9398 -0.3085 0.5095, 0.9395 -0.3132 0.5108, 0.9406 -0.3104 0.5058, 0.9384 -0.3274 0.4969, 0.9384 -0.3376 0.4969, 0.9374 -0.313 0.502, 0.9383 -0.3211 0.4976, 0.9382 -0.3206 0.4979, 0.9379 -0.3169 0.4992, 0.9367 -0.3104 0.505, 0.9359 -0.3085 0.5087, 0.935 -0.3075 0.5129, 0.9345 -0.3074 0.5155, 0.9336 -0.3078 0.5199, 0.9328 -0.3091 0.5235, 0.9321 -0.3113 0.5267, 0.9318 -0.313 0.5284, 0.9307 -0.327 0.5332, 0.9313 -0.3164 0.5307, 0.9309 -0.3206 0.5324, 0.9309 -0.3208 0.5324, 0.9307 -0.3376 0.5332, 0.9316 -0.3272 0.529, 0.9316 -0.3328 0.529, 0.9376 -0.3328 0.5011, 0.9376 -0.3274 0.5011, 0.9368 -0.3164 0.5048, 0.9369 -0.3172 0.5041, 0.9372 -0.3196 0.5026, 0.9375 -0.3229 0.5015, 0.9345 -0.3124 0.5154, 0.935 -0.3125 0.5133, 0.9357 -0.3132 0.5099, 0.9363 -0.3144 0.5072, 0.9323 -0.3165 0.5256, 0.9326 -0.3153 0.5244, 0.933 -0.3139 0.5223, 0.9336 -0.3129 0.5196, 0.9317 -0.3226 0.5285, 0.932 -0.3193 0.5274
            ]
        }
        coordIndex [
            0,1,2,-1,2,1,3,-1,4,0,5,-1,5,0,2,-1,6,4,7,-1,7,4,5,-1,8,6,9,-1,9,6,7,-1,10,8,11,-1,11,8,9,-1,1,10,3,-1,3,10,11,-1,6,8,4,-1,4,8,10,-1,4,10,0,-1,0,10,1,-1,12,13,14,-1,12,14,15,-1,15,14,16,-1,15,16,17,-1,17,16,18,-1,17,18,19,-1,20,19,21,-1,21,19,18,-1,20,21,22,-1,20,22,23,-1,23,22,24,-1,23,24,25,-1,25,24,26,-1,25,26,27,-1,27,26,28,-1,27,28,29,-1,29,28,30,-1,29,30,31,-1,31,30,32,-1,31,32,33,-1,33,32,34,-1,33,34,35,-1,35,34,36,-1,35,36,37,-1,37,36,38,-1,37,38,39,-1,39,38,40,-1,39,40,41,-1,41,40,42,-1,41,42,43,-1,43,42,44,-1,43,44,45,-1,45,44,46,-1,45,46,47,-1,47,46,48,-1,47,48,49,-1,49,48,50,-1,49,50,51,-1,51,50,52,-1,51,52,53,-1,53,52,54,-1,53,54,55,-1,55,54,56,-1,55,56,57,-1,57,56,58,-1,57,58,59,-1,59,58,60,-1,59,60,61,-1,61,60,62,-1,61,62,63,-1,63,62,64,-1,63,64,65,-1,66,65,67,-1,67,65,64,-1,68,69,70,-1,66,67,71,-1,66,71,72,-1,72,71,73,-1,72,73,70,-1,70,73,74,-1,70,74,68,-1,68,75,69,-1,69,75,76,-1,75,77,76,-1,76,77,78,-1,76,78,79,-1,79,78,80,-1,79,80,81,-1,81,80,82,-1,81,82,83,-1,83,82,84,-1,83,84,85,-1,85,84,86,-1,85,86,87,-1,86,88,87,-1,87,88,89,-1,87,89,90,-1,90,89,91,-1,90,91,92,-1,92,91,93,-1,92,93,94,-1,94,93,95,-1,94,95,96,-1,95,97,96,-1,96,97,98,-1,96,98,99,-1,99,98,100,-1,99,100,101,-1,101,100,102,-1,101,102,103,-1,103,102,104,-1,103,104,105,-1,105,104,106,-1,105,106,107,-1,107,106,13,-1,107,13,12,-1,63,65,66,-1,53,55,76,-1,45,47,85,-1,76,55,69,-1,63,66,61,-1,19,20,17,-1,17,20,23,-1,17,23,15,-1,15,23,25,-1,15,25,12,-1,12,25,27,-1,12,27,107,-1,107,27,29,-1,107,29,105,-1,105,29,31,-1,105,31,103,-1,103,31,33,-1,103,33,101,-1,101,33,35,-1,101,35,99,-1,99,35,37,-1,99,37,96,-1,96,37,94,-1,94,37,39,-1,94,39,92,-1,85,47,83,-1,55,57,69,-1,69,57,59,-1,69,59,70,-1,70,59,61,-1,70,61,72,-1,72,61,66,-1,76,79,53,-1,53,79,81,-1,53,81,51,-1,51,81,83,-1,51,83,49,-1,49,83,47,-1,39,41,92,-1,92,41,43,-1,92,43,90,-1,90,43,45,-1,90,45,87,-1,87,45,85,-1,108,109,110,-1,110,109,111,-1,112,113,114,-1,114,113,108,-1,114,108,110,-1,115,113,116,-1,116,113,112,-1,115,116,117,-1,117,116,118,-1,117,118,119,-1,120,117,121,-1,121,117,119,-1,122,123,124,-1,124,123,120,-1,124,120,121,-1,125,123,126,-1,126,123,122,-1,125,126,127,-1,127,126,128,-1,127,128,129,-1,130,127,131,-1,131,127,129,-1,132,133,134,-1,134,133,130,-1,134,130,131,-1,135,133,136,-1,136,133,132,-1,135,136,109,-1,109,136,137,-1,109,137,111,-1,135,109,108,-1,108,113,135,-1,135,113,115,-1,135,115,133,-1,127,130,125,-1,125,130,133,-1,125,133,123,-1,123,133,115,-1,123,115,120,-1,120,115,117,-1,138,139,140,-1,140,139,141,-1,140,141,142,-1,142,141,143,-1,142,143,144,-1,144,143,145,-1,144,145,146,-1,146,145,147,-1,146,147,148,-1,148,147,149,-1,148,149,150,-1,150,149,151,-1,150,151,152,-1,152,151,153,-1,152,153,154,-1,154,153,155,-1,154,155,156,-1,156,155,157,-1,156,157,158,-1,158,157,159,-1,158,159,160,-1,160,159,161,-1,160,161,162,-1,162,161,163,-1,162,163,164,-1,164,163,165,-1,164,165,166,-1,166,165,167,-1,166,167,168,-1,168,167,169,-1,168,169,170,-1,170,169,171,-1,170,171,172,-1,172,171,138,-1,172,138,140,-1,146,148,173,-1,173,148,174,-1,175,140,142,-1,146,173,176,-1,146,176,144,-1,144,176,177,-1,144,177,142,-1,142,177,178,-1,142,178,175,-1,140,175,179,-1,140,179,172,-1,172,179,180,-1,172,180,170,-1,170,180,181,-1,170,181,168,-1,168,181,182,-1,168,182,166,-1,166,182,183,-1,166,183,164,-1,164,183,184,-1,164,184,162,-1,162,184,185,-1,162,185,160,-1,160,185,186,-1,160,186,158,-1,187,152,154,-1,158,186,188,-1,158,188,156,-1,156,188,189,-1,156,189,154,-1,154,189,190,-1,154,190,187,-1,150,152,191,-1,191,152,187,-1,148,150,174,-1,174,150,191,-1,153,151,192,-1,192,151,193,-1,151,149,193,-1,193,149,194,-1,149,147,194,-1,194,147,195,-1,139,196,197,-1,139,197,141,-1,141,197,198,-1,141,198,143,-1,143,198,199,-1,143,199,145,-1,145,199,195,-1,145,195,147,-1,167,200,201,-1,167,201,169,-1,169,201,202,-1,169,202,171,-1,171,202,203,-1,171,203,138,-1,138,203,196,-1,138,196,139,-1,159,204,205,-1,159,205,161,-1,161,205,206,-1,161,206,163,-1,163,206,207,-1,163,207,165,-1,165,207,200,-1,165,200,167,-1,153,192,208,-1,153,208,155,-1,155,208,209,-1,155,209,157,-1,157,209,204,-1,157,204,159,-1,
        ]
    }
}
Shape{
    appearance Appearance {
        material  Material 	{
            diffuseColor 0.2235294117647059 0.2235294117647059 0.2235294117647059
            specularColor 0.11372549019607843 0.11372549019607843 0.11372549019607843
            ambientIntensity 0.2235
            transparency 0.0
            shininess 0.5
        }
    }
    geometry IndexedFaceSet {
        ccw TRUE
        solid FALSE
        coord DEF co Coordinate {
            point [
                0.9316 -0.3328 0.529, 0.9376 -0.3328 0.5011, 0.9316 -0.3272 0.529, 0.9376 -0.3274 0.5011, 0.9375 -0.3229 0.5015, 0.9372 -0.3196 0.5026, 0.9369 -0.3172 0.5041, 0.9368 -0.3164 0.5048, 0.9363 -0.3144 0.5072, 0.9357 -0.3132 0.5099, 0.935 -0.3125 0.5133, 0.9345 -0.3124 0.5154, 0.9336 -0.3129 0.5196, 0.933 -0.3139 0.5223, 0.9326 -0.3153 0.5244, 0.9323 -0.3165 0.5256, 0.9317 -0.3226 0.5285, 0.932 -0.3193 0.5274
            ]
        }
        coordIndex [
            0,1,2,-1,2,1,3,-1,2,3,4,-1,4,5,2,-1,2,5,6,-1,2,6,7,-1,7,8,2,-1,2,8,9,-1,2,9,10,-1,10,11,2,-1,2,11,12,-1,2,12,13,-1,13,14,2,-1,2,14,15,-1,2,15,16,-1,16,15,17,-1,
        ]
    }
}
Shape{
    appearance Appearance {
        material  Material 	{
            diffuseColor 1.0 1.0 1.0
            specularColor 0.5019607843137255 0.5019607843137255 0.5019607843137255
            ambientIntensity 1.0
            transparency 0.0
            shininess 0.5
        }
    }
    geometry IndexedFaceSet {
        ccw TRUE
        solid FALSE
        coord DEF co Coordinate {
            point [
                0.9393 -0.2949 0.5118, 0.9402 -0.2965 0.5077, 0.9393 -0.2825 0.5118, 0.9402 -0.281 0.5077, 0.9361 -0.2894 0.5268, 0.9346 -0.2912 0.534, 0.9423 -0.3053 0.4977, 0.9423 -0.3 0.4977, 0.9359 -0.2891 0.5279, 0.9356 -0.2888 0.5294, 0.9346 -0.2861 0.534, 0.9356 -0.2887 0.5294, 0.9359 -0.2884 0.5278, 0.9361 -0.2881 0.5268, 0.9423 -0.272 0.4977, 0.9423 -0.2772 0.4977, 0.9307 -0.2861 0.5332, 0.9384 -0.272 0.4969, 0.9307 -0.2912 0.5332, 0.9384 -0.3053 0.4969, 0.9326 -0.2946 0.5244, 0.9384 -0.3 0.4969, 0.9363 -0.2965 0.5068, 0.9363 -0.281 0.5068, 0.9363 -0.2946 0.5068, 0.9384 -0.2772 0.4969, 0.9355 -0.2949 0.5109, 0.9355 -0.2825 0.5109, 0.9323 -0.2881 0.526, 0.9317 -0.2887 0.5285, 0.932 -0.2884 0.527, 0.9317 -0.2888 0.5285, 0.9323 -0.2894 0.526, 0.932 -0.2891 0.5271
            ]
        }
        coordIndex [
            0,1,2,-1,2,1,3,-1,4,5,0,-1,0,5,6,-1,0,6,1,-1,1,6,7,-1,4,8,5,-1,5,8,9,-1,5,9,10,-1,10,9,11,-1,10,11,12,-1,12,13,10,-1,10,13,2,-1,10,2,14,-1,14,2,3,-1,14,3,15,-1,10,14,16,-1,16,14,17,-1,5,10,18,-1,18,10,16,-1,19,6,20,-1,20,6,5,-1,20,5,18,-1,7,6,21,-1,21,6,19,-1,1,7,22,-1,22,7,21,-1,23,3,24,-1,24,3,1,-1,24,1,22,-1,15,3,25,-1,25,3,23,-1,14,15,17,-1,17,15,25,-1,0,2,26,-1,26,2,27,-1,2,13,27,-1,27,13,28,-1,11,29,30,-1,11,30,12,-1,12,30,28,-1,12,28,13,-1,11,9,29,-1,29,9,31,-1,4,32,33,-1,4,33,8,-1,8,33,31,-1,8,31,9,-1,4,0,32,-1,32,0,26,-1,
        ]
    }
}
Shape{
    appearance Appearance {
        material  Material 	{
            diffuseColor 0.2235294117647059 0.2235294117647059 0.2235294117647059
            specularColor 0.11372549019607843 0.11372549019607843 0.11372549019607843
            ambientIntensity 0.2235
            transparency 0.0
            shininess 0.5
        }
    }
    geometry IndexedFaceSet {
        ccw TRUE
        solid FALSE
        coord DEF co Coordinate {
            point [
                0.9317 -0.2887 0.5285, 0.9317 -0.2888 0.5285, 0.932 -0.2884 0.527, 0.932 -0.2891 0.5271, 0.9323 -0.2881 0.526, 0.9323 -0.2894 0.526, 0.9355 -0.2825 0.5109, 0.9355 -0.2949 0.5109
            ]
        }
        coordIndex [
            0,1,2,-1,2,1,3,-1,2,3,4,-1,4,3,5,-1,4,5,6,-1,6,5,7,-1,
        ]
    }
}
Shape{
    appearance Appearance {
        material  Material 	{
            diffuseColor 1.0 1.0 1.0
            specularColor 0.5019607843137255 0.5019607843137255 0.5019607843137255
            ambientIntensity 1.0
            transparency 0.0
            shininess 0.5
        }
    }
    geometry IndexedFaceSet {
        ccw TRUE
        solid FALSE
        coord DEF co Coordinate {
            point [
                0.9536 -0.4008 0.4444, 0.9545 -0.4008 0.4402, 0.9498 -0.4008 0.4435, 0.9507 -0.4008 0.4394, 0.9536 -0.4159 0.4444, 0.9498 -0.4159 0.4435, 0.951 -0.4159 0.4565, 0.9472 -0.4159 0.4557, 0.951 -0.4027 0.4565, 0.9472 -0.4027 0.4557, 0.9502 -0.4027 0.4607, 0.9463 -0.4027 0.4599, 0.9502 -0.4159 0.4607, 0.9463 -0.4159 0.4599, 0.9477 -0.4159 0.4723, 0.9438 -0.4159 0.4715, 0.9477 -0.4016 0.4723, 0.9438 -0.4016 0.4715, 0.9468 -0.4016 0.4765, 0.943 -0.4016 0.4757, 0.9468 -0.4207 0.4765, 0.943 -0.4207 0.4757, 0.9545 -0.4207 0.4402, 0.9507 -0.4207 0.4394, 0.9537 -0.3798 0.4442, 0.9537 -0.3797 0.4442, 0.9528 -0.38 0.4484, 0.9524 -0.3797 0.4504, 0.951 -0.3751 0.4569, 0.9523 -0.3797 0.4507, 0.9518 -0.3797 0.4532, 0.9545 -0.3797 0.4402, 0.9545 -0.3751 0.4402, 0.949 -0.3814 0.4664, 0.9498 -0.3824 0.4625, 0.9491 -0.3795 0.4657, 0.9499 -0.3816 0.462, 0.9515 -0.3914 0.4546, 0.9522 -0.3897 0.4513, 0.9521 -0.3886 0.4518, 0.9531 -0.3807 0.4468, 0.9534 -0.3817 0.4454, 0.9539 -0.3806 0.4431, 0.9535 -0.3823 0.4449, 0.9542 -0.382 0.4416, 0.9537 -0.3836 0.444, 0.9545 -0.3837 0.4405, 0.9538 -0.385 0.4435, 0.9546 -0.3856 0.4399, 0.9539 -0.3867 0.4433, 0.9547 -0.388 0.4396, 0.9538 -0.3883 0.4435, 0.9546 -0.3907 0.4399, 0.9537 -0.3894 0.4439, 0.9544 -0.3925 0.4406, 0.9536 -0.3903 0.4445, 0.9542 -0.3941 0.4416, 0.9535 -0.3907 0.4449, 0.9494 -0.3938 0.4643, 0.9503 -0.3938 0.4599, 0.9492 -0.3924 0.465, 0.9499 -0.3905 0.4619, 0.949 -0.3889 0.4663, 0.9497 -0.3876 0.4628, 0.9489 -0.3846 0.4667, 0.9497 -0.3851 0.463, 0.9497 -0.3835 0.4629, 0.9512 -0.3876 0.4556, 0.9519 -0.3859 0.4524, 0.951 -0.3797 0.4567, 0.9506 -0.3799 0.4587, 0.9502 -0.3755 0.4607, 0.9503 -0.3804 0.4603, 0.9497 -0.3763 0.4627, 0.9501 -0.3809 0.4612, 0.9495 -0.3773 0.4641, 0.9493 -0.3781 0.4648, 0.9523 -0.3904 0.4508, 0.9517 -0.3933 0.4536, 0.9524 -0.391 0.4501, 0.9519 -0.3946 0.4524, 0.9526 -0.3914 0.4493, 0.9522 -0.3956 0.4509, 0.9528 -0.3916 0.4482, 0.9526 -0.3961 0.4492, 0.953 -0.3916 0.4475, 0.953 -0.3963 0.4472, 0.9532 -0.3915 0.4465, 0.9535 -0.3961 0.4451, 0.9534 -0.3912 0.4457, 0.9538 -0.3956 0.4436, 0.9541 -0.3946 0.4422, 0.945 -0.3846 0.4659, 0.9451 -0.3889 0.4654, 0.9454 -0.3924 0.4642, 0.9456 -0.3938 0.4635, 0.9465 -0.3938 0.4591, 0.9461 -0.3905 0.461, 0.9459 -0.3876 0.462, 0.9458 -0.3851 0.4622, 0.9459 -0.3835 0.462, 0.9459 -0.3824 0.4617, 0.946 -0.3816 0.4612, 0.9462 -0.3809 0.4604, 0.9464 -0.3804 0.4595, 0.9467 -0.3799 0.4579, 0.9472 -0.3797 0.4559, 0.9474 -0.3876 0.4548, 0.9476 -0.3914 0.4538, 0.9478 -0.3933 0.4528, 0.9481 -0.3946 0.4516, 0.9484 -0.3956 0.4501, 0.9487 -0.3961 0.4484, 0.9492 -0.3963 0.4463, 0.9496 -0.3961 0.4443, 0.95 -0.3956 0.4427, 0.9503 -0.3946 0.4413, 0.9504 -0.3941 0.4408, 0.9508 -0.388 0.4388, 0.9507 -0.3906 0.4391, 0.9507 -0.3907 0.4391, 0.9506 -0.3925 0.4398, 0.9507 -0.3856 0.439, 0.9507 -0.3854 0.4391, 0.9506 -0.3837 0.4397, 0.9504 -0.382 0.4408, 0.95 -0.3806 0.4423, 0.9498 -0.3798 0.4434, 0.9498 -0.3797 0.4434, 0.9507 -0.3797 0.4394, 0.9507 -0.3751 0.4394, 0.9471 -0.3751 0.4561, 0.9463 -0.3755 0.4599, 0.9459 -0.3763 0.4618, 0.9456 -0.3773 0.4632, 0.9454 -0.3781 0.464, 0.9452 -0.3795 0.4649, 0.9451 -0.3814 0.4655, 0.9484 -0.3904 0.45, 0.9483 -0.3897 0.4505, 0.9482 -0.3886 0.451, 0.9481 -0.3859 0.4516, 0.9491 -0.3916 0.4467, 0.949 -0.3916 0.4474, 0.9487 -0.3914 0.4485, 0.9486 -0.391 0.4493, 0.9498 -0.3903 0.4437, 0.9497 -0.3907 0.4441, 0.9495 -0.3912 0.4448, 0.9493 -0.3915 0.4457, 0.95 -0.3867 0.4425, 0.95 -0.3883 0.4427, 0.9499 -0.3894 0.4431, 0.9496 -0.3817 0.4446, 0.9497 -0.3823 0.4441, 0.9499 -0.3836 0.4432, 0.95 -0.385 0.4427, 0.9484 -0.3797 0.4499, 0.9485 -0.3797 0.4496, 0.9489 -0.38 0.4476, 0.9493 -0.3807 0.446, 0.9479 -0.3797 0.4524
            ]
        }
        coordIndex [
            0,1,2,-1,2,1,3,-1,4,0,5,-1,5,0,2,-1,6,4,7,-1,7,4,5,-1,8,6,9,-1,9,6,7,-1,10,8,11,-1,11,8,9,-1,12,10,13,-1,13,10,11,-1,14,12,15,-1,15,12,13,-1,16,14,17,-1,17,14,15,-1,18,16,19,-1,19,16,17,-1,20,18,21,-1,21,18,19,-1,22,20,23,-1,23,20,21,-1,1,22,3,-1,3,22,23,-1,16,18,14,-1,14,18,20,-1,14,20,12,-1,1,0,22,-1,22,0,4,-1,22,4,6,-1,8,10,6,-1,6,10,12,-1,6,12,22,-1,22,12,20,-1,24,25,26,-1,27,28,29,-1,29,28,30,-1,31,32,25,-1,25,32,28,-1,25,28,26,-1,26,28,27,-1,33,34,35,-1,35,34,36,-1,37,38,39,-1,26,40,24,-1,24,40,41,-1,24,41,42,-1,42,41,43,-1,42,43,44,-1,44,43,45,-1,44,45,46,-1,46,45,47,-1,46,47,48,-1,48,47,49,-1,48,49,50,-1,50,49,51,-1,50,51,52,-1,52,51,53,-1,52,53,54,-1,54,53,55,-1,54,55,56,-1,56,55,57,-1,58,59,60,-1,60,59,61,-1,60,61,62,-1,62,61,63,-1,62,63,64,-1,64,63,65,-1,64,65,33,-1,33,65,66,-1,33,66,34,-1,37,39,67,-1,67,39,68,-1,67,68,69,-1,68,30,69,-1,69,30,28,-1,69,28,70,-1,70,28,71,-1,70,71,72,-1,72,71,73,-1,72,73,74,-1,74,73,75,-1,74,75,36,-1,36,75,76,-1,36,76,35,-1,38,37,77,-1,77,37,78,-1,77,78,79,-1,79,78,80,-1,79,80,81,-1,81,80,82,-1,81,82,83,-1,83,82,84,-1,83,84,85,-1,85,84,86,-1,85,86,87,-1,87,86,88,-1,87,88,89,-1,89,88,90,-1,89,90,57,-1,57,90,91,-1,57,91,56,-1,64,92,93,-1,64,93,62,-1,62,93,94,-1,62,94,60,-1,60,94,95,-1,60,95,58,-1,59,58,96,-1,96,58,95,-1,59,96,97,-1,59,97,61,-1,61,97,98,-1,61,98,63,-1,63,98,99,-1,63,99,65,-1,65,99,100,-1,65,100,66,-1,66,100,101,-1,66,101,34,-1,34,101,102,-1,34,102,36,-1,36,102,103,-1,36,103,74,-1,74,103,104,-1,74,104,72,-1,72,104,105,-1,72,105,70,-1,70,105,106,-1,70,106,69,-1,67,69,107,-1,107,69,106,-1,67,107,108,-1,67,108,37,-1,37,108,109,-1,37,109,78,-1,78,109,110,-1,78,110,80,-1,80,110,111,-1,80,111,82,-1,82,111,112,-1,82,112,84,-1,84,112,113,-1,84,113,86,-1,86,113,114,-1,86,114,88,-1,88,114,115,-1,88,115,90,-1,90,115,116,-1,90,116,91,-1,91,116,117,-1,91,117,56,-1,118,50,119,-1,119,50,52,-1,119,52,120,-1,120,52,54,-1,120,54,121,-1,121,54,56,-1,121,56,117,-1,50,118,122,-1,50,122,48,-1,48,122,123,-1,48,123,46,-1,123,124,46,-1,46,124,125,-1,46,125,44,-1,44,125,126,-1,44,126,42,-1,42,126,127,-1,42,127,24,-1,25,24,128,-1,128,24,127,-1,31,25,129,-1,129,25,128,-1,32,31,130,-1,130,31,129,-1,28,32,131,-1,131,32,130,-1,28,131,132,-1,28,132,71,-1,71,132,133,-1,71,133,73,-1,73,133,134,-1,73,134,75,-1,75,134,135,-1,75,135,76,-1,76,135,136,-1,76,136,35,-1,35,136,137,-1,35,137,33,-1,33,137,92,-1,33,92,64,-1,77,138,139,-1,77,139,38,-1,38,139,140,-1,38,140,39,-1,39,140,141,-1,39,141,68,-1,85,142,143,-1,85,143,83,-1,83,143,144,-1,83,144,81,-1,81,144,145,-1,81,145,79,-1,79,145,138,-1,79,138,77,-1,55,146,147,-1,55,147,57,-1,57,147,148,-1,57,148,89,-1,89,148,149,-1,89,149,87,-1,87,149,142,-1,87,142,85,-1,49,150,151,-1,49,151,51,-1,51,151,152,-1,51,152,53,-1,53,152,146,-1,53,146,55,-1,41,153,154,-1,41,154,43,-1,43,154,155,-1,43,155,45,-1,45,155,156,-1,45,156,47,-1,47,156,150,-1,47,150,49,-1,29,157,158,-1,29,158,27,-1,27,158,159,-1,27,159,26,-1,26,159,160,-1,26,160,40,-1,40,160,153,-1,40,153,41,-1,29,30,157,-1,157,30,161,-1,30,68,161,-1,161,68,141,-1,
        ]
    }
}
Shape{
    appearance Appearance {
        material  Material 	{
            diffuseColor 0.2235294117647059 0.2235294117647059 0.2235294117647059
            specularColor 0.11372549019607843 0.11372549019607843 0.11372549019607843
            ambientIntensity 0.2235
            transparency 0.0
            shininess 0.5
        }
    }
    geometry IndexedFaceSet {
        ccw TRUE
        solid FALSE
        coord DEF co Coordinate {
            point [
                0.9479 -0.3797 0.4524, 0.9481 -0.3859 0.4516, 0.9484 -0.3797 0.4499, 0.9482 -0.3886 0.451, 0.9483 -0.3897 0.4505, 0.9484 -0.3904 0.45, 0.9485 -0.3797 0.4496, 0.9489 -0.38 0.4476, 0.9486 -0.391 0.4493, 0.9493 -0.3807 0.446, 0.9497 -0.3907 0.4441, 0.9498 -0.3903 0.4437, 0.9497 -0.3823 0.4441, 0.9495 -0.3912 0.4448, 0.9499 -0.3836 0.4432, 0.95 -0.385 0.4427, 0.95 -0.3867 0.4425, 0.9487 -0.3914 0.4485, 0.949 -0.3916 0.4474, 0.9496 -0.3817 0.4446, 0.9491 -0.3916 0.4467, 0.9493 -0.3915 0.4457, 0.9499 -0.3894 0.4431, 0.95 -0.3883 0.4427
            ]
        }
        coordIndex [
            0,1,2,-1,2,1,3,-1,3,4,2,-1,2,4,5,-1,2,5,6,-1,6,5,7,-1,7,5,8,-1,7,8,9,-1,10,11,12,-1,10,12,13,-1,14,12,15,-1,15,12,16,-1,8,17,9,-1,9,17,18,-1,9,18,19,-1,19,18,20,-1,19,20,12,-1,12,20,21,-1,12,21,13,-1,11,22,12,-1,12,22,23,-1,12,23,16,-1,
        ]
    }
}
Shape{
    appearance Appearance {
        material  Material 	{
            diffuseColor 1.0 1.0 1.0
            specularColor 0.5019607843137255 0.5019607843137255 0.5019607843137255
            ambientIntensity 1.0
            transparency 0.0
            shininess 0.5
        }
    }
    geometry IndexedFaceSet {
        ccw TRUE
        solid FALSE
        coord DEF co Coordinate {
            point [
                0.9495 -0.3688 0.445, 0.9533 -0.3688 0.4458, 0.9536 -0.367 0.4447, 0.9539 -0.3611 0.4433, 0.95 -0.3611 0.4425, 0.9499 -0.3641 0.4428, 0.9538 -0.3641 0.4436, 0.9497 -0.3666 0.4438, 0.9497 -0.367 0.4439, 0.9543 -0.3688 0.4411, 0.9505 -0.3688 0.4403, 0.9506 -0.3666 0.4396, 0.9546 -0.3655 0.44, 0.9508 -0.3616 0.4388, 0.9547 -0.3616 0.4396, 0.9507 -0.3647 0.4391, 0.9507 -0.3655 0.4392, 0.9507 -0.3588 0.4391, 0.9546 -0.3576 0.4401, 0.9507 -0.3576 0.4392, 0.9505 -0.3551 0.4401, 0.9544 -0.3551 0.441, 0.9504 -0.3539 0.4408, 0.9542 -0.3539 0.4417, 0.9501 -0.3526 0.442, 0.954 -0.3526 0.4428, 0.9499 -0.3517 0.4432, 0.9537 -0.3517 0.444, 0.9496 -0.3511 0.4446, 0.9534 -0.3511 0.4454, 0.9492 -0.3509 0.4464, 0.953 -0.3509 0.4473, 0.9488 -0.3511 0.4481, 0.9527 -0.3511 0.449, 0.9485 -0.3516 0.4495, 0.9524 -0.3516 0.4503, 0.9483 -0.3525 0.4507, 0.9521 -0.3525 0.4515, 0.9481 -0.3536 0.4517, 0.9519 -0.3536 0.4525, 0.9477 -0.3566 0.4534, 0.9516 -0.3566 0.4542, 0.9475 -0.3584 0.4541, 0.9514 -0.3584 0.4549, 0.9473 -0.3613 0.4553, 0.9511 -0.3613 0.4561, 0.9471 -0.363 0.4563, 0.9509 -0.363 0.4571, 0.947 -0.3634 0.4568, 0.9508 -0.3634 0.4576, 0.9468 -0.3637 0.4574, 0.9507 -0.3637 0.4582, 0.9467 -0.3639 0.4581, 0.9505 -0.3639 0.4589, 0.9466 -0.364 0.4587, 0.9504 -0.364 0.4595, 0.9464 -0.3639 0.4594, 0.9503 -0.3639 0.4603, 0.9463 -0.3637 0.4601, 0.9501 -0.3637 0.4609, 0.9462 -0.3633 0.4606, 0.95 -0.3633 0.4614, 0.946 -0.3626 0.4612, 0.9499 -0.3626 0.4621, 0.9459 -0.3615 0.4618, 0.9498 -0.3615 0.4626, 0.9458 -0.3603 0.4621, 0.9497 -0.3603 0.4629, 0.9458 -0.3589 0.4622, 0.9497 -0.3589 0.463, 0.9459 -0.3558 0.4619, 0.9497 -0.3558 0.4627, 0.9461 -0.3532 0.4609, 0.9499 -0.3532 0.4617, 0.9462 -0.3522 0.4603, 0.9501 -0.3522 0.4611, 0.9491 -0.3522 0.4656, 0.9453 -0.3522 0.4647, 0.9451 -0.3557 0.4657, 0.9489 -0.3557 0.4665, 0.945 -0.3584 0.4659, 0.9489 -0.3584 0.4667, 0.9451 -0.3622 0.4654, 0.949 -0.3622 0.4663, 0.9453 -0.3647 0.4645, 0.9492 -0.3647 0.4653, 0.9455 -0.3658 0.4638, 0.9493 -0.3658 0.4646, 0.9456 -0.3666 0.4631, 0.9496 -0.3672 0.4634, 0.9457 -0.3672 0.4626, 0.946 -0.368 0.4614, 0.9498 -0.368 0.4622, 0.9463 -0.3686 0.4599, 0.9502 -0.3686 0.4607, 0.9467 -0.3688 0.4583, 0.9505 -0.3688 0.4591, 0.947 -0.3686 0.4565, 0.9509 -0.3686 0.4574, 0.9473 -0.368 0.4552, 0.9512 -0.368 0.456, 0.9475 -0.3674 0.4542, 0.9514 -0.3674 0.455, 0.9482 -0.3617 0.4508, 0.9521 -0.3617 0.4516, 0.9518 -0.3645 0.4528, 0.9477 -0.3667 0.4534, 0.9515 -0.3667 0.4543, 0.9477 -0.3666 0.4534, 0.948 -0.3645 0.452, 0.9485 -0.3587 0.4495, 0.9524 -0.3587 0.4504, 0.9487 -0.3569 0.4485, 0.9526 -0.3569 0.4493, 0.9489 -0.3563 0.4479, 0.9527 -0.3563 0.4487, 0.949 -0.3559 0.4473, 0.9528 -0.3559 0.4481, 0.9491 -0.3557 0.4466, 0.953 -0.3557 0.4474, 0.9493 -0.3557 0.446, 0.9531 -0.3557 0.4468, 0.9495 -0.3558 0.4451, 0.9533 -0.3558 0.4459, 0.9496 -0.356 0.4445, 0.9534 -0.356 0.4453, 0.9497 -0.3564 0.4439, 0.9536 -0.3564 0.4447, 0.9498 -0.3569 0.4434, 0.9537 -0.3569 0.4443, 0.9499 -0.3574 0.4432, 0.9537 -0.3574 0.444, 0.95 -0.3586 0.4428, 0.9538 -0.3586 0.4436, 0.95 -0.3609 0.4425, 0.9539 -0.3609 0.4433, 0.949 -0.3279 0.4661, 0.949 -0.3231 0.4661, 0.9452 -0.3279 0.4653, 0.9452 -0.3231 0.4653, 0.9532 -0.3351 0.4466, 0.9493 -0.3351 0.4458, 0.9496 -0.3355 0.4446, 0.9534 -0.3355 0.4454, 0.9498 -0.3357 0.4437, 0.9536 -0.3357 0.4445, 0.9536 -0.3358 0.4445, 0.9498 -0.3358 0.4437, 0.9532 -0.3364 0.4466, 0.9493 -0.3364 0.4458, 0.949 -0.3433 0.4661, 0.9465 -0.3411 0.459, 0.9452 -0.3433 0.4653, 0.949 -0.3485 0.4661, 0.9452 -0.3485 0.4653, 0.9545 -0.3381 0.4403, 0.9491 -0.3411 0.4468, 0.9507 -0.3381 0.4395, 0.9517 -0.3401 0.4347, 0.9555 -0.3401 0.4356, 0.9507 -0.3383 0.4391, 0.952 -0.341 0.4331, 0.9559 -0.341 0.4339, 0.952 -0.3411 0.4331, 0.9561 -0.3419 0.433, 0.9522 -0.3419 0.4322, 0.9523 -0.3428 0.4316, 0.9562 -0.3428 0.4324, 0.9524 -0.3438 0.4312, 0.9563 -0.3438 0.432, 0.9524 -0.3449 0.4311, 0.9563 -0.3449 0.4319, 0.9524 -0.3466 0.4313, 0.9562 -0.3466 0.4321, 0.9523 -0.3475 0.4316, 0.9562 -0.3475 0.4324, 0.957 -0.3475 0.4284, 0.9532 -0.3475 0.4276, 0.9533 -0.3456 0.4272, 0.9571 -0.3456 0.4281, 0.9533 -0.3445 0.4272, 0.9571 -0.3445 0.428, 0.9532 -0.3427 0.4274, 0.9571 -0.3427 0.4282, 0.9531 -0.3411 0.428, 0.9569 -0.3408 0.4289, 0.9531 -0.3408 0.4281, 0.9528 -0.3392 0.4292, 0.9567 -0.3392 0.43, 0.9528 -0.3389 0.4295, 0.9566 -0.3389 0.4303, 0.9524 -0.3372 0.4315, 0.9562 -0.3372 0.4323, 0.9515 -0.3351 0.4355, 0.9554 -0.3351 0.4363, 0.9507 -0.3336 0.4391, 0.9536 -0.2981 0.4444, 0.9545 -0.2981 0.4402, 0.9498 -0.2981 0.4435, 0.9507 -0.2981 0.4394, 0.9536 -0.3133 0.4444, 0.9498 -0.3063 0.4435, 0.9498 -0.3133 0.4435, 0.951 -0.3133 0.4565, 0.9472 -0.3133 0.4557, 0.951 -0.3 0.4565, 0.9472 -0.3063 0.4557, 0.9472 -0.3 0.4557, 0.9502 -0.3 0.4607, 0.9463 -0.3 0.4599, 0.9463 -0.3133 0.4599, 0.9502 -0.3133 0.4607, 0.9463 -0.3063 0.4599, 0.9477 -0.3133 0.4723, 0.9438 -0.3133 0.4715, 0.9438 -0.299 0.4715, 0.9477 -0.299 0.4723, 0.9438 -0.3063 0.4715, 0.9468 -0.299 0.4765, 0.943 -0.299 0.4757, 0.943 -0.3181 0.4757, 0.9468 -0.3181 0.4765, 0.943 -0.3063 0.4757, 0.9545 -0.3181 0.4402, 0.9507 -0.3181 0.4394, 0.9507 -0.3063 0.4394, 0.9523 -0.268 0.4505, 0.9528 -0.2699 0.4481, 0.9534 -0.2665 0.4453, 0.953 -0.2707 0.4474, 0.954 -0.2705 0.4425, 0.9533 -0.2732 0.4459, 0.9544 -0.2747 0.4409, 0.9535 -0.2764 0.4448, 0.9545 -0.2809 0.4402, 0.9536 -0.281 0.4444, 0.9545 -0.2911 0.4402, 0.9536 -0.2863 0.4444, 0.9468 -0.2911 0.4765, 0.9477 -0.2863 0.4723, 0.9468 -0.2806 0.4765, 0.9477 -0.2807 0.4723, 0.947 -0.2744 0.4757, 0.9478 -0.2761 0.4718, 0.9473 -0.27 0.474, 0.948 -0.2729 0.4707, 0.9478 -0.2665 0.4717, 0.9484 -0.27 0.4689, 0.9482 -0.2649 0.47, 0.9487 -0.2688 0.4677, 0.9489 -0.2627 0.4667, 0.9491 -0.2674 0.4656, 0.9496 -0.2614 0.4632, 0.9497 -0.2664 0.4629, 0.9506 -0.2609 0.4588, 0.9506 -0.266 0.4587, 0.9511 -0.2611 0.4562, 0.951 -0.2661 0.4566, 0.952 -0.262 0.452, 0.9518 -0.2668 0.4532, 0.9528 -0.2639 0.4483, 0.9507 -0.2809 0.4394, 0.9507 -0.2911 0.4394, 0.9505 -0.2747 0.4401, 0.9502 -0.2705 0.4417, 0.9496 -0.2665 0.4445, 0.949 -0.2639 0.4475, 0.9482 -0.262 0.4512, 0.9473 -0.2611 0.4554, 0.9467 -0.2609 0.458, 0.9458 -0.2614 0.4624, 0.945 -0.2627 0.4659, 0.9443 -0.2649 0.4692, 0.944 -0.2665 0.4709, 0.9435 -0.27 0.4732, 0.9431 -0.2744 0.4749, 0.943 -0.2806 0.4757, 0.943 -0.2911 0.4757, 0.9438 -0.2807 0.4715, 0.9438 -0.2863 0.4715, 0.9498 -0.2863 0.4435, 0.9498 -0.281 0.4435, 0.949 -0.2699 0.4473, 0.9491 -0.2707 0.4466, 0.9495 -0.2732 0.4451, 0.9497 -0.2764 0.444, 0.9467 -0.266 0.4579, 0.9472 -0.2661 0.4558, 0.9479 -0.2668 0.4524, 0.9485 -0.268 0.4497, 0.9446 -0.27 0.4681, 0.9448 -0.2688 0.4669, 0.9453 -0.2674 0.4648, 0.9459 -0.2664 0.4621, 0.9439 -0.2761 0.471, 0.9442 -0.2729 0.4699
            ]
        }
        coordIndex [
            0,1,2,-1,3,4,5,-1,3,5,6,-1,6,5,7,-1,6,7,2,-1,2,7,8,-1,2,8,0,-1,9,1,10,-1,10,1,0,-1,10,11,9,-1,9,11,12,-1,13,14,15,-1,15,14,12,-1,15,12,16,-1,16,12,11,-1,13,17,14,-1,14,17,18,-1,17,19,18,-1,18,19,20,-1,18,20,21,-1,21,20,22,-1,21,22,23,-1,23,22,24,-1,23,24,25,-1,25,24,26,-1,25,26,27,-1,27,26,28,-1,27,28,29,-1,29,28,30,-1,29,30,31,-1,31,30,32,-1,31,32,33,-1,33,32,34,-1,33,34,35,-1,35,34,36,-1,35,36,37,-1,37,36,38,-1,37,38,39,-1,39,38,40,-1,39,40,41,-1,41,40,42,-1,41,42,43,-1,43,42,44,-1,43,44,45,-1,45,44,46,-1,45,46,47,-1,47,46,48,-1,47,48,49,-1,49,48,50,-1,49,50,51,-1,51,50,52,-1,51,52,53,-1,53,52,54,-1,53,54,55,-1,55,54,56,-1,55,56,57,-1,57,56,58,-1,57,58,59,-1,59,58,60,-1,59,60,61,-1,61,60,62,-1,61,62,63,-1,63,62,64,-1,63,64,65,-1,65,64,66,-1,65,66,67,-1,67,66,68,-1,67,68,69,-1,69,68,70,-1,69,70,71,-1,71,70,72,-1,71,72,73,-1,73,72,74,-1,73,74,75,-1,76,75,77,-1,77,75,74,-1,76,77,78,-1,76,78,79,-1,79,78,80,-1,79,80,81,-1,81,80,82,-1,81,82,83,-1,83,82,84,-1,83,84,85,-1,85,84,86,-1,85,86,87,-1,86,88,87,-1,87,88,89,-1,88,90,89,-1,89,90,91,-1,89,91,92,-1,92,91,93,-1,92,93,94,-1,94,93,95,-1,94,95,96,-1,96,95,97,-1,96,97,98,-1,98,97,99,-1,98,99,100,-1,100,99,101,-1,100,101,102,-1,103,104,105,-1,102,101,106,-1,102,106,107,-1,107,106,108,-1,107,108,105,-1,105,108,109,-1,105,109,103,-1,104,103,110,-1,104,110,111,-1,111,110,112,-1,111,112,113,-1,113,112,114,-1,113,114,115,-1,115,114,116,-1,115,116,117,-1,117,116,118,-1,117,118,119,-1,119,118,120,-1,119,120,121,-1,121,120,122,-1,121,122,123,-1,123,122,124,-1,123,124,125,-1,125,124,126,-1,125,126,127,-1,127,126,128,-1,127,128,129,-1,129,128,130,-1,129,130,131,-1,131,130,132,-1,131,132,133,-1,133,132,134,-1,133,134,135,-1,135,134,4,-1,135,4,3,-1,61,63,85,-1,85,63,83,-1,111,43,104,-1,104,43,45,-1,21,23,127,-1,127,23,25,-1,127,25,125,-1,125,25,27,-1,125,27,123,-1,123,27,29,-1,123,29,121,-1,121,29,31,-1,121,31,119,-1,119,31,33,-1,119,33,117,-1,117,33,35,-1,117,35,115,-1,115,35,37,-1,115,37,113,-1,113,37,39,-1,113,39,111,-1,111,39,41,-1,111,41,43,-1,14,3,12,-1,12,3,6,-1,12,6,9,-1,9,6,2,-1,9,2,1,-1,63,65,83,-1,83,65,67,-1,83,67,81,-1,81,67,69,-1,81,69,79,-1,79,69,71,-1,79,71,76,-1,76,71,73,-1,76,73,75,-1,127,129,21,-1,21,129,131,-1,21,131,18,-1,18,131,133,-1,18,133,14,-1,14,133,135,-1,14,135,3,-1,85,87,61,-1,61,87,89,-1,61,89,59,-1,59,89,92,-1,59,92,57,-1,57,92,94,-1,57,94,55,-1,55,94,96,-1,55,96,53,-1,53,96,98,-1,53,98,51,-1,51,98,100,-1,51,100,49,-1,49,100,102,-1,49,102,47,-1,47,102,107,-1,47,107,45,-1,45,107,105,-1,45,105,104,-1,136,137,138,-1,138,137,139,-1,140,136,141,-1,141,136,138,-1,140,141,142,-1,140,142,143,-1,143,142,144,-1,143,144,145,-1,146,145,147,-1,147,145,144,-1,148,146,149,-1,149,146,147,-1,148,149,150,-1,150,149,151,-1,150,151,152,-1,153,150,154,-1,154,150,152,-1,153,154,155,-1,155,154,156,-1,155,156,157,-1,158,159,160,-1,160,159,155,-1,160,155,157,-1,159,158,161,-1,159,161,162,-1,162,161,163,-1,162,163,164,-1,163,165,164,-1,164,165,166,-1,164,166,167,-1,167,166,168,-1,167,168,169,-1,169,168,170,-1,169,170,171,-1,171,170,172,-1,171,172,173,-1,173,172,174,-1,173,174,175,-1,176,175,177,-1,177,175,174,-1,176,177,178,-1,176,178,179,-1,179,178,180,-1,179,180,181,-1,181,180,182,-1,181,182,183,-1,183,182,184,-1,183,184,185,-1,184,186,185,-1,185,186,187,-1,185,187,188,-1,188,187,189,-1,188,189,190,-1,190,189,191,-1,190,191,192,-1,192,191,193,-1,192,193,194,-1,139,137,195,-1,195,137,194,-1,195,194,193,-1,143,145,194,-1,137,136,194,-1,194,136,140,-1,194,140,143,-1,150,153,148,-1,148,153,155,-1,148,155,146,-1,192,162,190,-1,190,162,164,-1,175,176,173,-1,173,176,179,-1,173,179,171,-1,171,179,181,-1,171,181,169,-1,169,181,183,-1,169,183,167,-1,167,183,185,-1,167,185,164,-1,164,185,188,-1,164,188,190,-1,145,146,194,-1,194,146,155,-1,194,155,192,-1,192,155,159,-1,192,159,162,-1,196,197,198,-1,198,197,199,-1,196,198,200,-1,200,198,201,-1,200,201,202,-1,203,200,204,-1,204,200,202,-1,203,204,205,-1,205,204,206,-1,205,206,207,-1,208,205,209,-1,209,205,207,-1,210,211,212,-1,212,211,208,-1,212,208,209,-1,213,211,214,-1,214,211,210,-1,215,216,217,-1,217,216,213,-1,217,213,214,-1,218,216,219,-1,219,216,215,-1,220,221,222,-1,222,221,218,-1,222,218,219,-1,223,221,224,-1,224,221,220,-1,223,224,197,-1,197,224,225,-1,197,225,199,-1,223,197,196,-1,196,200,223,-1,223,200,203,-1,223,203,221,-1,216,218,213,-1,213,218,221,-1,213,221,211,-1,211,221,203,-1,211,203,208,-1,208,203,205,-1,226,227,228,-1,228,227,229,-1,228,229,230,-1,230,229,231,-1,230,231,232,-1,232,231,233,-1,232,233,234,-1,234,233,235,-1,234,235,236,-1,236,235,237,-1,236,237,238,-1,238,237,239,-1,238,239,240,-1,240,239,241,-1,240,241,242,-1,242,241,243,-1,242,243,244,-1,244,243,245,-1,244,245,246,-1,246,245,247,-1,246,247,248,-1,248,247,249,-1,248,249,250,-1,250,249,251,-1,250,251,252,-1,252,251,253,-1,252,253,254,-1,254,253,255,-1,254,255,256,-1,256,255,257,-1,256,257,258,-1,258,257,259,-1,258,259,260,-1,260,259,226,-1,260,226,228,-1,234,236,261,-1,261,236,262,-1,234,261,263,-1,234,263,232,-1,232,263,264,-1,232,264,230,-1,230,264,265,-1,230,265,228,-1,228,265,266,-1,228,266,260,-1,260,266,267,-1,260,267,258,-1,258,267,268,-1,258,268,256,-1,256,268,269,-1,256,269,254,-1,254,269,270,-1,254,270,252,-1,252,270,271,-1,252,271,250,-1,250,271,272,-1,250,272,248,-1,248,272,273,-1,248,273,246,-1,246,273,274,-1,246,274,244,-1,244,274,275,-1,244,275,242,-1,242,275,276,-1,242,276,240,-1,238,240,277,-1,277,240,276,-1,236,238,262,-1,262,238,277,-1,241,239,278,-1,278,239,279,-1,239,237,279,-1,279,237,280,-1,237,235,280,-1,280,235,281,-1,227,282,283,-1,227,283,229,-1,229,283,284,-1,229,284,231,-1,231,284,285,-1,231,285,233,-1,233,285,281,-1,233,281,235,-1,255,286,287,-1,255,287,257,-1,257,287,288,-1,257,288,259,-1,259,288,289,-1,259,289,226,-1,226,289,282,-1,226,282,227,-1,247,290,291,-1,247,291,249,-1,249,291,292,-1,249,292,251,-1,251,292,293,-1,251,293,253,-1,253,293,286,-1,253,286,255,-1,241,278,294,-1,241,294,243,-1,243,294,295,-1,243,295,245,-1,245,295,290,-1,245,290,247,-1,
        ]
    }
}
Shape{
    appearance Appearance {
        material  Material 	{
            diffuseColor 0.2235294117647059 0.2235294117647059 0.2235294117647059
            specularColor 0.11372549019607843 0.11372549019607843 0.11372549019607843
            ambientIntensity 0.2235
            transparency 0.0
            shininess 0.5
        }
    }
    geometry IndexedFaceSet {
        ccw TRUE
        solid FALSE
        coord DEF co Coordinate {
            point [
                0.9438 -0.2863 0.4715, 0.9498 -0.2863 0.4435, 0.9438 -0.2807 0.4715, 0.9498 -0.281 0.4435, 0.9497 -0.2764 0.444, 0.9495 -0.2732 0.4451, 0.9491 -0.2707 0.4466, 0.949 -0.2699 0.4473, 0.9485 -0.268 0.4497, 0.9479 -0.2668 0.4524, 0.9472 -0.2661 0.4558, 0.9467 -0.266 0.4579, 0.9459 -0.2664 0.4621, 0.9453 -0.2674 0.4648, 0.9448 -0.2688 0.4669, 0.9446 -0.27 0.4681, 0.9439 -0.2761 0.471, 0.9442 -0.2729 0.4699
            ]
        }
        coordIndex [
            0,1,2,-1,2,1,3,-1,2,3,4,-1,4,5,2,-1,2,5,6,-1,2,6,7,-1,7,8,2,-1,2,8,9,-1,2,9,10,-1,10,11,2,-1,2,11,12,-1,2,12,13,-1,13,14,2,-1,2,14,15,-1,2,15,16,-1,16,15,17,-1,
        ]
    }
}
Shape{
    appearance Appearance {
        material  Material 	{
            diffuseColor 1.0 1.0 1.0
            specularColor 0.5019607843137255 0.5019607843137255 0.5019607843137255
            ambientIntensity 1.0
            transparency 0.0
            shininess 0.5
        }
    }
    geometry IndexedFaceSet {
        ccw TRUE
        solid FALSE
        coord DEF co Coordinate {
            point [
                0.9515 -0.2485 0.4542, 0.9524 -0.25 0.4501, 0.9515 -0.2361 0.4542, 0.9524 -0.2346 0.4501, 0.9483 -0.243 0.4693, 0.9468 -0.2448 0.4765, 0.9545 -0.2589 0.4402, 0.9545 -0.2536 0.4402, 0.9481 -0.2427 0.4704, 0.9478 -0.2424 0.4718, 0.9468 -0.2397 0.4765, 0.9478 -0.2423 0.4718, 0.9481 -0.242 0.4703, 0.9483 -0.2417 0.4693, 0.9545 -0.2255 0.4402, 0.9545 -0.2308 0.4402, 0.943 -0.2397 0.4757, 0.9507 -0.2255 0.4394, 0.943 -0.2448 0.4757, 0.9507 -0.2589 0.4394, 0.9507 -0.2536 0.4394, 0.9486 -0.25 0.4493, 0.9486 -0.2346 0.4493, 0.9507 -0.2308 0.4394, 0.9477 -0.2485 0.4534, 0.9477 -0.2361 0.4534, 0.9445 -0.2417 0.4685, 0.9439 -0.2423 0.471, 0.9443 -0.242 0.4695, 0.9439 -0.2424 0.471, 0.9445 -0.243 0.4685, 0.9443 -0.2427 0.4696
            ]
        }
        coordIndex [
            0,1,2,-1,2,1,3,-1,4,5,0,-1,0,5,6,-1,0,6,1,-1,1,6,7,-1,4,8,5,-1,5,8,9,-1,5,9,10,-1,10,9,11,-1,10,11,12,-1,12,13,10,-1,10,13,2,-1,10,2,14,-1,14,2,3,-1,14,3,15,-1,10,14,16,-1,16,14,17,-1,5,10,18,-1,18,10,16,-1,6,5,19,-1,19,5,18,-1,7,6,20,-1,20,6,19,-1,1,7,21,-1,21,7,20,-1,3,1,22,-1,22,1,21,-1,15,3,23,-1,23,3,22,-1,14,15,17,-1,17,15,23,-1,0,2,24,-1,24,2,25,-1,2,13,25,-1,25,13,26,-1,11,27,28,-1,11,28,12,-1,12,28,26,-1,12,26,13,-1,11,9,27,-1,27,9,29,-1,4,30,31,-1,4,31,8,-1,8,31,29,-1,8,29,9,-1,4,0,30,-1,30,0,24,-1,
        ]
    }
}
Shape{
    appearance Appearance {
        material  Material 	{
            diffuseColor 0.2235294117647059 0.2235294117647059 0.2235294117647059
            specularColor 0.11372549019607843 0.11372549019607843 0.11372549019607843
            ambientIntensity 0.2235
            transparency 0.0
            shininess 0.5
        }
    }
    geometry IndexedFaceSet {
        ccw TRUE
        solid FALSE
        coord DEF co Coordinate {
            point [
                0.9439 -0.2423 0.471, 0.9439 -0.2424 0.471, 0.9443 -0.242 0.4695, 0.9443 -0.2427 0.4696, 0.9445 -0.2417 0.4685, 0.9445 -0.243 0.4685, 0.9477 -0.2361 0.4534, 0.9477 -0.2485 0.4534
            ]
        }
        coordIndex [
            0,1,2,-1,2,1,3,-1,2,3,4,-1,4,3,5,-1,4,5,6,-1,6,5,7,-1,
        ]
    }
}
Shape{
    appearance Appearance {
        material  Material 	{
            diffuseColor 1.0 1.0 1.0
            specularColor 0.5019607843137255 0.5019607843137255 0.5019607843137255
            ambientIntensity 1.0
            transparency 0.0
            shininess 0.5
        }
    }
    geometry IndexedFaceSet {
        ccw TRUE
        solid FALSE
        coord DEF co Coordinate {
            point [
                0.9412 -0.5914 0.5026, 0.9406 -0.5856 0.5057, 0.9372 -0.5869 0.5216, 0.9558 -0.5405 0.434, 0.9546 -0.5374 0.4398, 0.9533 -0.5358 0.4461, 0.9371 -0.5705 0.5223, 0.9411 -0.5623 0.5035, 0.9393 -0.5583 0.5117, 0.9534 -0.5721 0.4454, 0.9529 -0.5726 0.4479, 0.9508 -0.5868 0.4579, 0.9544 -0.5871 0.4406, 0.9542 -0.5904 0.4416, 0.95 -0.5926 0.4613, 0.937 -0.5765 0.5228, 0.9481 -0.4988 0.4705, 0.9452 -0.507 0.4842, 0.9521 -0.5357 0.4514, 0.949 -0.5423 0.4661, 0.9527 -0.5357 0.4489, 0.9575 -0.5498 0.4261, 0.9568 -0.5445 0.4296, 0.9539 -0.571 0.4433, 0.9566 -0.5805 0.4303, 0.9556 -0.5844 0.4351, 0.9358 -0.5651 0.5285, 0.9379 -0.5524 0.5186, 0.9347 -0.5589 0.5337, 0.9368 -0.5453 0.5236, 0.9338 -0.5524 0.5376, 0.9403 -0.5791 0.5072, 0.9402 -0.5763 0.5074, 0.937 -0.5735 0.5227, 0.9404 -0.57 0.5066, 0.9409 -0.5641 0.5045, 0.954 -0.554 0.4428, 0.9543 -0.5554 0.4412, 0.9546 -0.5574 0.4398, 0.958 -0.5556 0.4238, 0.9548 -0.5597 0.4389, 0.9582 -0.562 0.4231, 0.9549 -0.5623 0.4385, 0.9582 -0.563 0.4231, 0.9549 -0.5628 0.4386, 0.958 -0.5693 0.424, 0.9548 -0.5651 0.4389, 0.9574 -0.5753 0.4265, 0.9546 -0.5675 0.4399, 0.9543 -0.5695 0.4414, 0.952 -0.5527 0.4522, 0.9525 -0.5521 0.4498, 0.953 -0.5521 0.4474, 0.9535 -0.5527 0.445, 0.9521 -0.4608 0.4517, 0.9499 -0.4731 0.462, 0.9533 -0.468 0.4458, 0.9506 -0.477 0.4588, 0.9542 -0.476 0.4419, 0.951 -0.4816 0.4567, 0.9545 -0.4848 0.4401, 0.9512 -0.4864 0.4558, 0.9545 -0.5004 0.4401, 0.9512 -0.4983 0.4558, 0.9545 -0.5019 0.4403, 0.9524 -0.5724 0.4504, 0.9518 -0.5717 0.4528, 0.9496 -0.5839 0.4634, 0.9514 -0.5703 0.4549, 0.9486 -0.5796 0.4683, 0.9512 -0.5692 0.456, 0.9478 -0.5742 0.4719, 0.9509 -0.5672 0.4574, 0.9473 -0.5684 0.4741, 0.9507 -0.5649 0.4583, 0.9471 -0.562 0.4749, 0.9506 -0.5623 0.4587, 0.9472 -0.5589 0.4747, 0.9507 -0.5601 0.4584, 0.9475 -0.5525 0.4732, 0.9508 -0.5577 0.4576, 0.9481 -0.5469 0.4702, 0.9511 -0.5555 0.4562, 0.9515 -0.5538 0.4543, 0.9427 -0.4901 0.496, 0.9427 -0.488 0.496, 0.9397 -0.4772 0.51, 0.9427 -0.4837 0.4956, 0.9398 -0.4759 0.5095, 0.9431 -0.4791 0.494, 0.9406 -0.4681 0.5057, 0.9436 -0.4749 0.4914, 0.9419 -0.4609 0.4998, 0.9444 -0.4714 0.4878, 0.9434 -0.4555 0.4925, 0.9454 -0.4689 0.4833, 0.9451 -0.4523 0.4846, 0.9464 -0.4676 0.4784, 0.9469 -0.4511 0.4762, 0.9469 -0.4674 0.4759, 0.9488 -0.4523 0.467, 0.948 -0.4681 0.4709, 0.9506 -0.4556 0.4588, 0.949 -0.4699 0.4663, 0.9498 -0.4728 0.4623, 0.9354 -0.4914 0.5303, 0.9379 -0.5018 0.5185, 0.9375 -0.4827 0.5204, 0.9394 -0.4958 0.5116, 0.9411 -0.4917 0.5033, 0.9444 -0.6018 0.4879, 0.9453 -0.6192 0.4835, 0.9457 -0.6026 0.4816, 0.9458 -0.6192 0.4811, 0.9466 -0.6023 0.4776, 0.948 -0.618 0.471, 0.9479 -0.6004 0.4713, 0.95 -0.6142 0.4614, 0.949 -0.5973 0.4661, 0.9518 -0.6082 0.453, 0.9533 -0.6 0.4461, 0.9329 -0.5403 0.5422, 0.9361 -0.5367 0.527, 0.9325 -0.5273 0.5437, 0.9358 -0.527 0.5283, 0.9328 -0.5164 0.5426, 0.936 -0.518 0.5272, 0.9337 -0.5032 0.5381, 0.9367 -0.5098 0.5241, 0.9378 -0.5024 0.519, 0.938 -0.5967 0.5179, 0.9392 -0.6051 0.5121, 0.9421 -0.5959 0.4987, 0.9396 -0.6068 0.5105, 0.9432 -0.5996 0.4936, 0.9413 -0.6132 0.5025, 0.9433 -0.6174 0.4932, 0.9512 -0.4996 0.4561, 0.954 -0.5059 0.4428, 0.9541 -0.5053 0.4422, 0.9512 -0.4988 0.4559, 0.9544 -0.5036 0.441, 0.9528 -0.508 0.4481, 0.9533 -0.5078 0.4462, 0.9536 -0.5071 0.4444, 0.9512 -0.5019 0.4558, 0.9514 -0.5037 0.4551, 0.9526 -0.5079 0.4491, 0.9516 -0.5053 0.454, 0.9518 -0.5064 0.4528, 0.9522 -0.5074 0.4511, 0.9511 -0.4998 0.4561, 0.943 -0.4511 0.4754, 0.9412 -0.4523 0.4838, 0.9408 -0.4532 0.486, 0.9396 -0.4555 0.4917, 0.938 -0.4609 0.499, 0.9367 -0.4681 0.5049, 0.9359 -0.4759 0.5087, 0.9358 -0.4772 0.5091, 0.9336 -0.4827 0.5196, 0.9315 -0.4914 0.5295, 0.9307 -0.4975 0.5335, 0.9299 -0.5032 0.5372, 0.9289 -0.5164 0.5418, 0.9287 -0.5273 0.5429, 0.9308 -0.5589 0.5329, 0.9307 -0.5578 0.5335, 0.93 -0.5524 0.5368, 0.929 -0.5403 0.5413, 0.9319 -0.5651 0.5277, 0.9332 -0.5705 0.5215, 0.9331 -0.5735 0.5219, 0.9331 -0.5765 0.522, 0.9334 -0.5869 0.5208, 0.9342 -0.5967 0.5171, 0.9354 -0.6051 0.5113, 0.9357 -0.6068 0.5097, 0.9394 -0.6174 0.4924, 0.9374 -0.6132 0.5017, 0.9408 -0.6186 0.486, 0.9415 -0.6192 0.4827, 0.942 -0.6192 0.4803, 0.9441 -0.618 0.4701, 0.9462 -0.6142 0.4606, 0.948 -0.6082 0.4522, 0.9494 -0.6 0.4453, 0.9504 -0.5904 0.4408, 0.9506 -0.5871 0.4398, 0.9507 -0.5867 0.4391, 0.9518 -0.5844 0.4342, 0.9528 -0.5805 0.4295, 0.9536 -0.5753 0.4257, 0.9538 -0.5729 0.4247, 0.9541 -0.5693 0.4232, 0.9543 -0.563 0.4223, 0.9543 -0.562 0.4223, 0.9488 -0.5357 0.448, 0.9541 -0.5556 0.423, 0.9538 -0.5511 0.4247, 0.9537 -0.5498 0.4252, 0.9529 -0.5445 0.4288, 0.952 -0.5405 0.4332, 0.9508 -0.5374 0.4389, 0.9507 -0.5374 0.4391, 0.9494 -0.5358 0.4453, 0.9483 -0.5357 0.4506, 0.9442 -0.4988 0.4697, 0.9413 -0.507 0.4834, 0.9452 -0.5423 0.4653, 0.9443 -0.5469 0.4694, 0.9437 -0.5525 0.4723, 0.9433 -0.5589 0.4739, 0.9433 -0.562 0.4741, 0.9435 -0.5684 0.4733, 0.9439 -0.5742 0.4711, 0.9447 -0.5796 0.4675, 0.9457 -0.5839 0.4626, 0.9469 -0.5868 0.4571, 0.9462 -0.5926 0.4605, 0.9452 -0.5973 0.4653, 0.9441 -0.6004 0.4705, 0.9427 -0.6023 0.4768, 0.9419 -0.6026 0.4808, 0.9408 -0.602 0.486, 0.9405 -0.6018 0.487, 0.9393 -0.5996 0.4928, 0.9382 -0.5959 0.4979, 0.9374 -0.5914 0.5018, 0.9367 -0.5856 0.5049, 0.9364 -0.5791 0.5064, 0.9364 -0.5763 0.5066, 0.9366 -0.57 0.5058, 0.937 -0.5641 0.5037, 0.9372 -0.5623 0.5027, 0.9355 -0.5583 0.5109, 0.934 -0.5524 0.5178, 0.9329 -0.5453 0.5228, 0.9322 -0.5367 0.5262, 0.932 -0.527 0.5274, 0.9322 -0.518 0.5264, 0.9328 -0.5098 0.5233, 0.9339 -0.5024 0.5182, 0.934 -0.5018 0.5177, 0.9355 -0.4958 0.5107, 0.9373 -0.4917 0.5024, 0.9388 -0.4901 0.4952, 0.9388 -0.488 0.4952, 0.9389 -0.4837 0.4948, 0.9392 -0.4791 0.4932, 0.9398 -0.4749 0.4906, 0.9406 -0.4714 0.4869, 0.9408 -0.4708 0.486, 0.9415 -0.4689 0.4825, 0.9426 -0.4676 0.4776, 0.9431 -0.4674 0.4751, 0.9441 -0.4681 0.4701, 0.9451 -0.4699 0.4655, 0.946 -0.4728 0.4615, 0.946 -0.4731 0.4611, 0.9467 -0.477 0.458, 0.9472 -0.4816 0.4559, 0.9474 -0.4864 0.455, 0.9474 -0.4983 0.455, 0.9473 -0.4988 0.4551, 0.9473 -0.4996 0.4552, 0.9473 -0.4998 0.4553, 0.9474 -0.5019 0.455, 0.9475 -0.5037 0.4543, 0.9477 -0.5053 0.4532, 0.948 -0.5064 0.452, 0.9484 -0.5074 0.4502, 0.9488 -0.5079 0.4483, 0.949 -0.508 0.4473, 0.9494 -0.5078 0.4453, 0.9498 -0.5071 0.4436, 0.9501 -0.5059 0.442, 0.9503 -0.5053 0.4414, 0.9505 -0.5036 0.4402, 0.9506 -0.5019 0.4395, 0.9507 -0.5004 0.4393, 0.9507 -0.4848 0.4393, 0.9503 -0.476 0.4411, 0.9495 -0.468 0.4449, 0.9482 -0.4608 0.4509, 0.9467 -0.4556 0.458, 0.945 -0.4523 0.4662, 0.9468 -0.5623 0.4578, 0.9468 -0.5601 0.4576, 0.947 -0.5577 0.4567, 0.9473 -0.5555 0.4553, 0.9477 -0.5538 0.4535, 0.9481 -0.5527 0.4514, 0.9486 -0.5521 0.449, 0.9491 -0.5521 0.4466, 0.9497 -0.5527 0.4442, 0.9501 -0.554 0.4419, 0.9505 -0.5554 0.4404, 0.9508 -0.5574 0.439, 0.951 -0.5597 0.4381, 0.951 -0.5623 0.4377, 0.951 -0.5628 0.4377, 0.9509 -0.5651 0.4381, 0.9507 -0.5675 0.4391, 0.9504 -0.5695 0.4406, 0.95 -0.571 0.4425, 0.9496 -0.5721 0.4446, 0.949 -0.5726 0.447, 0.9485 -0.5724 0.4496, 0.948 -0.5717 0.452, 0.9475 -0.5703 0.4541, 0.9473 -0.5692 0.4552, 0.947 -0.5672 0.4566, 0.9468 -0.5649 0.4575
            ]
        }
        coordIndex [
            0,1,2,-1,3,4,5,-1,6,7,8,-1,9,10,11,-1,12,11,13,-1,13,11,14,-1,2,1,15,-1,16,17,18,-1,18,17,19,-1,18,19,20,-1,20,19,21,-1,20,21,5,-1,5,21,22,-1,5,22,3,-1,23,9,24,-1,24,9,11,-1,24,11,25,-1,25,11,12,-1,6,8,26,-1,26,8,27,-1,26,27,28,-1,28,27,29,-1,28,29,30,-1,1,31,15,-1,15,31,32,-1,15,32,33,-1,33,32,34,-1,33,34,6,-1,6,34,35,-1,6,35,7,-1,36,37,21,-1,21,37,38,-1,21,38,39,-1,39,38,40,-1,39,40,41,-1,41,40,42,-1,41,42,43,-1,43,42,44,-1,43,44,45,-1,45,44,46,-1,45,46,47,-1,47,46,48,-1,47,48,24,-1,24,48,49,-1,24,49,23,-1,50,51,19,-1,19,51,52,-1,19,52,21,-1,21,52,53,-1,21,53,36,-1,54,55,56,-1,56,55,57,-1,56,57,58,-1,58,57,59,-1,58,59,60,-1,60,59,61,-1,60,61,62,-1,62,61,63,-1,62,63,64,-1,10,65,11,-1,11,65,66,-1,11,66,67,-1,67,66,68,-1,67,68,69,-1,69,68,70,-1,69,70,71,-1,71,70,72,-1,71,72,73,-1,73,72,74,-1,73,74,75,-1,75,74,76,-1,75,76,77,-1,77,76,78,-1,77,78,79,-1,79,78,80,-1,79,80,81,-1,81,80,82,-1,81,82,19,-1,19,82,83,-1,19,83,50,-1,84,85,86,-1,86,85,87,-1,86,87,88,-1,88,87,89,-1,88,89,90,-1,90,89,91,-1,90,91,92,-1,92,91,93,-1,92,93,94,-1,94,93,95,-1,94,95,96,-1,96,95,97,-1,96,97,98,-1,98,97,99,-1,98,99,100,-1,100,99,101,-1,100,101,102,-1,102,101,103,-1,102,103,54,-1,54,103,104,-1,54,104,55,-1,105,106,107,-1,107,106,108,-1,107,108,86,-1,86,108,109,-1,86,109,84,-1,110,111,112,-1,112,111,113,-1,112,113,114,-1,114,113,115,-1,114,115,116,-1,116,115,117,-1,116,117,118,-1,118,117,119,-1,118,119,14,-1,14,119,120,-1,14,120,13,-1,30,29,121,-1,121,29,122,-1,121,122,123,-1,123,122,124,-1,123,124,125,-1,125,124,126,-1,125,126,127,-1,127,126,128,-1,127,128,105,-1,105,128,129,-1,105,129,106,-1,2,130,0,-1,0,130,131,-1,0,131,132,-1,132,131,133,-1,132,133,134,-1,134,133,135,-1,134,135,110,-1,110,135,136,-1,110,136,111,-1,137,138,139,-1,63,140,64,-1,64,140,137,-1,64,137,141,-1,141,137,139,-1,142,143,137,-1,137,143,144,-1,137,144,138,-1,145,146,147,-1,146,148,147,-1,147,148,149,-1,147,149,150,-1,142,137,147,-1,147,137,151,-1,147,151,145,-1,98,152,153,-1,98,153,96,-1,96,153,154,-1,96,154,94,-1,154,155,94,-1,94,155,156,-1,94,156,92,-1,92,156,157,-1,92,157,90,-1,90,157,158,-1,90,158,88,-1,88,158,159,-1,88,159,86,-1,86,159,160,-1,86,160,107,-1,107,160,161,-1,107,161,105,-1,105,161,127,-1,127,161,162,-1,162,163,127,-1,127,163,164,-1,127,164,125,-1,125,164,165,-1,125,165,123,-1,166,28,167,-1,167,28,30,-1,167,30,168,-1,168,30,121,-1,168,121,169,-1,169,121,123,-1,169,123,165,-1,28,166,170,-1,28,170,26,-1,26,170,171,-1,26,171,6,-1,6,171,172,-1,6,172,33,-1,33,172,173,-1,33,173,15,-1,15,173,174,-1,15,174,2,-1,2,174,175,-1,2,175,130,-1,130,175,176,-1,130,176,131,-1,131,176,177,-1,131,177,133,-1,178,135,179,-1,179,135,133,-1,179,133,177,-1,180,111,178,-1,178,111,136,-1,178,136,135,-1,180,181,111,-1,111,181,182,-1,111,182,113,-1,113,182,183,-1,113,183,115,-1,115,183,184,-1,115,184,117,-1,117,184,185,-1,117,185,119,-1,119,185,186,-1,119,186,120,-1,120,186,187,-1,120,187,13,-1,13,187,188,-1,13,188,12,-1,12,188,189,-1,12,189,25,-1,189,190,25,-1,25,190,191,-1,25,191,24,-1,24,191,192,-1,24,192,47,-1,47,192,193,-1,47,193,45,-1,193,194,45,-1,45,194,195,-1,45,195,43,-1,43,195,196,-1,43,196,41,-1,197,20,5,-1,41,196,198,-1,41,198,39,-1,39,198,199,-1,39,199,21,-1,199,200,21,-1,21,200,201,-1,21,201,22,-1,22,201,202,-1,22,202,3,-1,3,202,203,-1,3,203,4,-1,4,203,204,-1,4,204,5,-1,5,204,205,-1,5,205,197,-1,18,20,206,-1,206,20,197,-1,16,18,207,-1,207,18,206,-1,17,16,208,-1,208,16,207,-1,19,17,209,-1,209,17,208,-1,19,209,210,-1,19,210,81,-1,81,210,211,-1,81,211,79,-1,79,211,212,-1,79,212,77,-1,77,212,213,-1,77,213,75,-1,75,213,214,-1,75,214,73,-1,73,214,215,-1,73,215,71,-1,71,215,216,-1,71,216,69,-1,69,216,217,-1,69,217,67,-1,67,217,218,-1,67,218,11,-1,11,218,219,-1,11,219,14,-1,14,219,220,-1,14,220,118,-1,118,220,221,-1,118,221,116,-1,116,221,222,-1,116,222,114,-1,114,222,223,-1,114,223,112,-1,223,224,112,-1,112,224,110,-1,224,225,110,-1,110,225,226,-1,110,226,134,-1,134,226,227,-1,134,227,132,-1,132,227,228,-1,132,228,0,-1,0,228,229,-1,0,229,1,-1,1,229,230,-1,1,230,31,-1,31,230,231,-1,31,231,32,-1,32,231,232,-1,32,232,34,-1,34,232,233,-1,34,233,35,-1,35,233,234,-1,35,234,7,-1,7,234,235,-1,7,235,8,-1,8,235,236,-1,8,236,27,-1,27,236,237,-1,27,237,29,-1,29,237,238,-1,29,238,122,-1,122,238,239,-1,122,239,124,-1,124,239,240,-1,124,240,126,-1,126,240,241,-1,126,241,128,-1,128,241,242,-1,128,242,129,-1,129,242,243,-1,129,243,106,-1,106,243,244,-1,106,244,108,-1,108,244,245,-1,108,245,109,-1,109,245,246,-1,109,246,84,-1,85,84,247,-1,247,84,246,-1,85,247,248,-1,85,248,87,-1,87,248,249,-1,87,249,89,-1,89,249,250,-1,89,250,91,-1,91,250,251,-1,91,251,93,-1,93,251,252,-1,93,252,95,-1,252,253,95,-1,95,253,254,-1,95,254,97,-1,97,254,255,-1,97,255,99,-1,99,255,256,-1,99,256,101,-1,101,256,257,-1,101,257,103,-1,103,257,258,-1,103,258,104,-1,104,258,259,-1,104,259,55,-1,55,259,260,-1,55,260,57,-1,57,260,261,-1,57,261,59,-1,59,261,262,-1,59,262,61,-1,63,61,263,-1,263,61,262,-1,63,263,264,-1,63,264,140,-1,140,264,265,-1,140,265,137,-1,137,265,266,-1,137,266,151,-1,151,266,267,-1,151,267,145,-1,145,267,268,-1,145,268,146,-1,146,268,269,-1,146,269,148,-1,148,269,270,-1,148,270,149,-1,149,270,271,-1,149,271,150,-1,150,271,272,-1,150,272,147,-1,147,272,273,-1,147,273,142,-1,142,273,274,-1,142,274,143,-1,143,274,275,-1,143,275,144,-1,144,275,276,-1,144,276,138,-1,138,276,277,-1,138,277,139,-1,139,277,278,-1,139,278,141,-1,141,278,279,-1,141,279,64,-1,64,279,280,-1,64,280,62,-1,60,62,281,-1,281,62,280,-1,60,281,282,-1,60,282,58,-1,58,282,283,-1,58,283,56,-1,56,283,284,-1,56,284,54,-1,54,284,285,-1,54,285,102,-1,102,285,286,-1,102,286,100,-1,100,286,152,-1,100,152,98,-1,76,287,288,-1,76,288,78,-1,78,288,289,-1,78,289,80,-1,80,289,290,-1,80,290,82,-1,82,290,291,-1,82,291,83,-1,83,291,292,-1,83,292,50,-1,50,292,293,-1,50,293,51,-1,51,293,294,-1,51,294,52,-1,52,294,295,-1,52,295,53,-1,53,295,296,-1,53,296,36,-1,36,296,297,-1,36,297,37,-1,37,297,298,-1,37,298,38,-1,38,298,299,-1,38,299,40,-1,40,299,300,-1,40,300,42,-1,42,300,301,-1,42,301,44,-1,44,301,302,-1,44,302,46,-1,46,302,303,-1,46,303,48,-1,48,303,304,-1,48,304,49,-1,49,304,305,-1,49,305,23,-1,23,305,306,-1,23,306,9,-1,9,306,307,-1,9,307,10,-1,10,307,308,-1,10,308,65,-1,65,308,309,-1,65,309,66,-1,66,309,310,-1,66,310,68,-1,68,310,311,-1,68,311,70,-1,70,311,312,-1,70,312,72,-1,72,312,313,-1,72,313,74,-1,74,313,287,-1,74,287,76,-1,
        ]
    }
}
Shape{
    appearance Appearance {
        material  Material 	{
            diffuseColor 0.2235294117647059 0.2235294117647059 0.2235294117647059
            specularColor 0.11372549019607843 0.11372549019607843 0.11372549019607843
            ambientIntensity 0.2235
            transparency 0.0
            shininess 0.5
        }
    }
    geometry IndexedFaceSet {
        ccw TRUE
        solid FALSE
        coord DEF co Coordinate {
            point [
                0.951 -0.5628 0.4377, 0.9473 -0.5692 0.4552, 0.9475 -0.5703 0.4541, 0.951 -0.5597 0.4381, 0.9508 -0.5574 0.439, 0.9468 -0.5601 0.4576, 0.9468 -0.5623 0.4578, 0.9468 -0.5649 0.4575, 0.947 -0.5672 0.4566, 0.9496 -0.5721 0.4446, 0.95 -0.571 0.4425, 0.9504 -0.5695 0.4406, 0.951 -0.5623 0.4377, 0.948 -0.5717 0.452, 0.9485 -0.5724 0.4496, 0.949 -0.5726 0.447, 0.9507 -0.5675 0.4391, 0.9509 -0.5651 0.4381, 0.9505 -0.5554 0.4404, 0.9501 -0.554 0.4419, 0.9497 -0.5527 0.4442, 0.9491 -0.5521 0.4466, 0.9486 -0.5521 0.449, 0.9481 -0.5527 0.4514, 0.9477 -0.5538 0.4535, 0.9473 -0.5555 0.4553, 0.947 -0.5577 0.4567
            ]
        }
        coordIndex [
            0,1,2,-1,3,4,5,-1,6,7,0,-1,0,7,8,-1,0,8,1,-1,9,10,2,-1,2,10,11,-1,6,0,5,-1,5,0,12,-1,5,12,3,-1,13,14,2,-1,2,14,15,-1,2,15,9,-1,11,16,2,-1,2,16,17,-1,2,17,0,-1,4,18,5,-1,5,18,19,-1,5,19,20,-1,20,21,5,-1,5,21,22,-1,5,22,23,-1,23,24,5,-1,5,24,25,-1,5,25,26,-1,
        ]
    }
}